cmd,soc,soh,tau_s,cycles,iters,stack,kf,ks,r_eff,i_star,us
REFF,0.207,0.834,2.0,939,0,560,1.0554839372634888,1.014271855354309,0.031395722180604935,0.0,3.756
TRIM,0.207,0.834,2.0,1634,0,560,1.0554839372634888,1.014271855354309,0.0,0.0,6.536
SOLVE,0.207,0.834,2.0,10496,17,560,1.0554839372634888,1.014271855354309,0.0,-47.5654296875,41.984
FULL,0.207,0.834,2.0,12013,17,560,1.0554839372634888,1.014271855354309,0.0,-47.5654296875,48.052
FEAT,0.207,0.834,2.0,3728,0,560,1.0554839372634888,1.014271855354309,0.0,0.0,14.912
FEAT_A8,0.207,0.834,2.0,1614,0,560,1.0554839372634888,1.014271855354309,0.0,0.0,6.456
EKF,0.207,0.834,2.0,1861,0,560,1.0554839372634888,1.014271855354309,0.0,0.11262790858745575,7.444
EKF_P,0.207,0.834,2.0,1201,0,560,1.0554839372634888,1.014271855354309,0.0,0.11355383694171906,4.804
REFF,0.3917,0.9116,10.0,833,0,560,1.1383410692214966,1.0397295951843262,0.01792849414050579,0.0,3.332
TRIM,0.3917,0.9116,10.0,1643,0,560,1.1383410692214966,1.0397295951843262,0.0,0.0,6.572
SOLVE,0.3917,0.9116,10.0,11607,18,560,1.1383410692214966,1.0397295951843262,0.0,-78.15303802490234,46.428
FULL,0.3917,0.9116,10.0,13222,18,560,1.1383410692214966,1.0397295951843262,0.0,-78.15303802490234,52.888
FEAT,0.3917,0.9116,10.0,3286,0,560,1.1383410692214966,1.0397295951843262,0.0,0.0,13.144
FEAT_A8,0.3917,0.9116,10.0,1470,0,560,1.1383410692214966,1.0397295951843262,0.0,0.0,5.88
EKF,0.3917,0.9116,10.0,1767,0,560,1.1383410692214966,1.0397295951843262,0.0,0.19709940254688263,7.068
EKF_P,0.3917,0.9116,10.0,1214,0,560,1.1383410692214966,1.0397295951843262,0.0,0.19802533090114594,4.856
REFF,0.2888,0.9489,2.0,733,0,560,1.005947470664978,0.9989384412765503,0.011721876449882984,0.0,2.932
TRIM,0.2888,0.9489,2.0,1624,0,560,1.005947470664978,0.9989384412765503,0.0,0.0,6.496
SOLVE,0.2888,0.9489,2.0,10359,17,560,1.005947470664978,0.9989384412765503,0.0,-71.02320861816406,41.436
FULL,0.2888,0.9489,2.0,11956,17,560,1.005947470664978,0.9989384412765503,0.0,-71.02320861816406,47.824
FEAT,0.2888,0.9489,2.0,3281,0,560,1.005947470664978,0.9989384412765503,0.0,0.0,13.124
FEAT_A8,0.2888,0.9489,2.0,1477,0,560,1.005947470664978,0.9989384412765503,0.0,0.0,5.908
EKF,0.2888,0.9489,2.0,1743,0,560,1.005947470664978,0.9989384412765503,0.0,0.17739905416965485,6.972
EKF_P,0.2888,0.9489,2.0,1189,0,560,1.005947470664978,0.9989384412765503,0.0,0.17832498252391815,4.756
REFF,0.5008,0.8624,2.0,733,0,560,0.886957585811615,0.9593002200126648,0.013379596173763275,0.0,2.932
TRIM,0.5008,0.8624,2.0,1651,0,560,0.886957585811615,0.9593002200126648,0.0,0.0,6.604
SOLVE,0.5008,0.8624,2.0,11177,18,560,0.886957585811615,0.9593002200126648,0.0,-108.39376831054688,44.708
FULL,0.5008,0.8624,2.0,12807,18,560,0.886957585811615,0.9593002200126648,0.0,-108.39376831054688,51.228
FEAT,0.5008,0.8624,2.0,3287,0,560,0.886957585811615,0.9593002200126648,0.0,0.0,13.148
FEAT_A8,0.5008,0.8624,2.0,1477,0,560,0.886957585811615,0.9593002200126648,0.0,0.0,5.908
EKF,0.5008,0.8624,2.0,1765,0,560,0.886957585811615,0.9593002200126648,0.0,0.2160341888666153,7.06
EKF_P,0.5008,0.8624,2.0,1214,0,560,0.886957585811615,0.9593002200126648,0.0,0.2169601172208786,4.856
REFF,0.743,0.821,10.0,781,0,560,1.137021780014038,1.0393202304840088,0.027201086282730103,0.0,3.124
TRIM,0.743,0.821,10.0,1649,0,560,1.137021780014038,1.0393202304840088,0.0,0.0,6.596
SOLVE,0.743,0.821,10.0,11410,17,560,1.137021780014038,1.0393202304840088,0.0,-41.06083679199219,45.64
FULL,0.743,0.821,10.0,13039,17,560,1.137021780014038,1.0393202304840088,0.0,-41.06083679199219,52.156
FEAT,0.743,0.821,10.0,3291,0,560,1.137021780014038,1.0393202304840088,0.0,0.0,13.164
FEAT_A8,0.743,0.821,10.0,1483,0,560,1.137021780014038,1.0393202304840088,0.0,0.0,5.932
EKF,0.743,0.821,10.0,1758,0,560,1.137021780014038,1.0393202304840088,0.0,0.20274323225021362,7.032
EKF_P,0.743,0.821,10.0,1214,0,560,1.137021780014038,1.0393202304840088,0.0,0.20366916060447693,4.856
REFF,0.8169,0.8675,10.0,775,0,560,1.0388286113739014,1.0091490745544434,0.022742193192243576,0.0,3.1
TRIM,0.8169,0.8675,10.0,1621,0,560,1.0388286113739014,1.0091490745544434,0.0,0.0,6.484
SOLVE,0.8169,0.8675,10.0,11023,17,560,1.0388286113739014,1.0091490745544434,0.0,-51.77079772949219,44.092
FULL,0.8169,0.8675,10.0,12617,17,560,1.0388286113739014,1.0091490745544434,0.0,-51.77079772949219,50.468
FEAT,0.8169,0.8675,10.0,3303,0,560,1.0388286113739014,1.0091490745544434,0.0,0.0,13.212
FEAT_A8,0.8169,0.8675,10.0,1477,0,560,1.0388286113739014,1.0091490745544434,0.0,0.0,5.908
EKF,0.8169,0.8675,10.0,1739,0,560,1.0388286113739014,1.0091490745544434,0.0,0.19821467995643616,6.956
EKF_P,0.8169,0.8675,10.0,1195,0,560,1.0388286113739014,1.0091490745544434,0.0,0.19914060831069946,4.78
REFF,0.8964,0.8227,2.0,733,0,560,0.9629023671150208,0.9852324724197388,0.022963954135775566,0.0,2.932
TRIM,0.8964,0.8227,2.0,1629,0,560,0.9629023671150208,0.9852324724197388,0.0,0.0,6.516
SOLVE,0.8964,0.8227,2.0,10406,17,560,0.9629023671150208,0.9852324724197388,0.0,-48.33266830444336,41.624
FULL,0.8964,0.8227,2.0,12008,17,560,0.9629023671150208,0.9852324724197388,0.0,-48.33266830444336,48.032
FEAT,0.8964,0.8227,2.0,3291,0,560,0.9629023671150208,0.9852324724197388,0.0,0.0,13.164
FEAT_A8,0.8964,0.8227,2.0,1496,0,560,0.9629023671150208,0.9852324724197388,0.0,0.0,5.984
EKF,0.8964,0.8227,2.0,1739,0,560,0.9629023671150208,0.9852324724197388,0.0,0.18389888107776642,6.956
EKF_P,0.8964,0.8227,2.0,1195,0,560,0.9629023671150208,0.9852324724197388,0.0,0.18482480943202972,4.78
REFF,0.7686,0.9036,10.0,775,0,560,1.222535252571106,1.0666513442993164,0.021161101758480072,0.0,3.1
TRIM,0.7686,0.9036,10.0,1650,0,560,1.222535252571106,1.0666513442993164,0.0,0.0,6.6
SOLVE,0.7686,0.9036,10.0,11606,18,560,1.222535252571106,1.0666513442993164,0.0,-72.76315307617188,46.424
FULL,0.7686,0.9036,10.0,13222,18,560,1.222535252571106,1.0666513442993164,0.0,-72.76315307617188,52.888
FEAT,0.7686,0.9036,10.0,3289,0,560,1.222535252571106,1.0666513442993164,0.0,0.0,13.156
FEAT_A8,0.7686,0.9036,10.0,1483,0,560,1.222535252571106,1.0666513442993164,0.0,0.0,5.932
EKF,0.7686,0.9036,10.0,1765,0,560,1.222535252571106,1.0666513442993164,0.0,0.19310693442821503,7.06
EKF_P,0.7686,0.9036,10.0,1214,0,560,1.222535252571106,1.0666513442993164,0.0,0.19403286278247833,4.856
REFF,0.848,0.9221,10.0,799,0,560,1.2251601219177246,1.067525863647461,0.020854691043496132,0.0,3.196
TRIM,0.848,0.9221,10.0,1643,0,560,1.2251601219177246,1.067525863647461,0.0,0.0,6.572
SOLVE,0.848,0.9221,10.0,11608,17,560,1.2251601219177246,1.067525863647461,0.0,-70.94046783447266,46.432
FULL,0.848,0.9221,10.0,13224,17,560,1.2251601219177246,1.067525863647461,0.0,-70.94046783447266,52.896
FEAT,0.848,0.9221,10.0,3336,0,560,1.2251601219177246,1.067525863647461,0.0,0.0,13.344
FEAT_A8,0.848,0.9221,10.0,1513,0,560,1.2251601219177246,1.067525863647461,0.0,0.0,6.052
EKF,0.848,0.9221,10.0,1794,0,560,1.2251601219177246,1.067525863647461,0.0,0.20044589042663574,7.176
EKF_P,0.848,0.9221,10.0,1244,0,560,1.2251601219177246,1.067525863647461,0.0,0.20137181878089905,4.976
REFF,0.2989,0.9041,2.0,733,0,560,0.9747788310050964,0.9890647530555725,0.01361616887152195,0.0,2.932
TRIM,0.2989,0.9041,2.0,1629,0,560,0.9747788310050964,0.9890647530555725,0.0,0.0,6.516
SOLVE,0.2989,0.9041,2.0,10970,18,560,0.9747788310050964,0.9890647530555725,0.0,-91.48917388916016,43.88
FULL,0.2989,0.9041,2.0,12554,18,560,0.9747788310050964,0.9890647530555725,0.0,-91.48917388916016,50.216
FEAT,0.2989,0.9041,2.0,3297,0,560,0.9747788310050964,0.9890647530555725,0.0,0.0,13.188
FEAT_A8,0.2989,0.9041,2.0,1477,0,560,0.9747788310050964,0.9890647530555725,0.0,0.0,5.908
EKF,0.2989,0.9041,2.0,1739,0,560,0.9747788310050964,0.9890647530555725,0.0,0.20453132688999176,6.956
EKF_P,0.2989,0.9041,2.0,1195,0,560,0.9747788310050964,0.9890647530555725,0.0,0.20545725524425507,4.78
REFF,0.3169,0.841,10.0,805,0,560,1.0480427742004395,1.0119858980178833,0.026892421767115593,0.0,3.22
TRIM,0.3169,0.841,10.0,1627,0,560,1.0480427742004395,1.0119858980178833,0.0,0.0,6.508
SOLVE,0.3169,0.841,10.0,11012,17,560,1.0480427742004395,1.0119858980178833,0.0,-47.88086700439453,44.048
FULL,0.3169,0.841,10.0,12607,17,560,1.0480427742004395,1.0119858980178833,0.0,-47.88086700439453,50.428
FEAT,0.3169,0.841,10.0,3326,0,560,1.0480427742004395,1.0119858980178833,0.0,0.0,13.304
FEAT_A8,0.3169,0.841,10.0,1507,0,560,1.0480427742004395,1.0119858980178833,0.0,0.0,6.028
EKF,0.3169,0.841,10.0,1788,0,560,1.0480427742004395,1.0119858980178833,0.0,0.2158275693655014,7.152
EKF_P,0.3169,0.841,10.0,1231,0,560,1.0480427742004395,1.0119858980178833,0.0,0.2167534977197647,4.924
REFF,0.6048,0.7946,10.0,780,0,560,1.1567636728286743,1.0454751253128052,0.02998269349336624,0.0,3.12
TRIM,0.6048,0.7946,10.0,1643,0,560,1.1567636728286743,1.0454751253128052,0.0,0.0,6.572
SOLVE,0.6048,0.7946,10.0,11252,17,560,1.1567636728286743,1.0454751253128052,0.0,-42.00897979736328,45.008
FULL,0.6048,0.7946,10.0,12881,17,560,1.1567636728286743,1.0454751253128052,0.0,-42.00897979736328,51.524
FEAT,0.6048,0.7946,10.0,3346,0,560,1.1567636728286743,1.0454751253128052,0.0,0.0,13.384
FEAT_A8,0.6048,0.7946,10.0,1539,0,560,1.1567636728286743,1.0454751253128052,0.0,0.0,6.156
EKF,0.6048,0.7946,10.0,1777,0,560,1.1567636728286743,1.0454751253128052,0.0,0.2154937982559204,7.108
EKF_P,0.6048,0.7946,10.0,1214,0,560,1.1567636728286743,1.0454751253128052,0.0,0.21641972661018372,4.856
REFF,0.5664,0.7705,2.0,757,0,560,0.9751728177070618,0.9891911149024963,0.02579573169350624,0.0,3.028
TRIM,0.5664,0.7705,2.0,1629,0,560,0.9751728177070618,0.9891911149024963,0.0,0.0,6.516
SOLVE,0.5664,0.7705,2.0,10800,17,560,0.9751728177070618,0.9891911149024963,0.0,-64.56304168701172,43.2
FULL,0.5664,0.7705,2.0,12390,17,560,0.9751728177070618,0.9891911149024963,0.0,-64.56304168701172,49.56
FEAT,0.5664,0.7705,2.0,3346,0,560,0.9751728177070618,0.9891911149024963,0.0,0.0,13.384
FEAT_A8,0.5664,0.7705,2.0,1530,0,560,0.9751728177070618,0.9891911149024963,0.0,0.0,6.12
EKF,0.5664,0.7705,2.0,1811,0,560,0.9751728177070618,0.9891911149024963,0.0,0.23858685791492462,7.244
EKF_P,0.5664,0.7705,2.0,1229,0,560,0.9751728177070618,0.9891911149024963,0.0,0.23951278626918793,4.916
REFF,0.2045,0.9277,10.0,799,0,560,1.0989580154418945,1.0275921821594238,0.022599447518587112,0.0,3.196
TRIM,0.2045,0.9277,10.0,1661,0,560,1.0989580154418945,1.0275921821594238,0.0,0.0,6.644
SOLVE,0.2045,0.9277,10.0,11180,17,560,1.0989580154418945,1.0275921821594238,0.0,-65.22146606445312,44.72
FULL,0.2045,0.9277,10.0,12833,17,560,1.0989580154418945,1.0275921821594238,0.0,-65.22146606445312,51.332
FEAT,0.2045,0.9277,10.0,3321,0,560,1.0989580154418945,1.0275921821594238,0.0,0.0,13.284
FEAT_A8,0.2045,0.9277,10.0,1519,0,560,1.0989580154418945,1.0275921821594238,0.0,0.0,6.076
EKF,0.2045,0.9277,10.0,1807,0,560,1.0989580154418945,1.0275921821594238,0.0,0.24305211007595062,7.228
EKF_P,0.2045,0.9277,10.0,1238,0,560,1.0989580154418945,1.0275921821594238,0.0,0.24397803843021393,4.952
REFF,0.6129,0.8235,2.0,738,0,560,1.1004935503005981,1.028063178062439,0.02061443217098713,0.0,2.952
TRIM,0.6129,0.8235,2.0,1643,0,560,1.1004935503005981,1.028063178062439,0.0,0.0,6.572
SOLVE,0.6129,0.8235,2.0,10403,17,560,1.1004935503005981,1.028063178062439,0.0,-49.14875411987305,41.612
FULL,0.6129,0.8235,2.0,12039,17,560,1.1004935503005981,1.028063178062439,0.0,-49.14875411987305,48.156
FEAT,0.6129,0.8235,2.0,3329,0,560,1.1004935503005981,1.028063178062439,0.0,0.0,13.316
FEAT_A8,0.6129,0.8235,2.0,1513,0,560,1.1004935503005981,1.028063178062439,0.0,0.0,6.052
EKF,0.6129,0.8235,2.0,1777,0,560,1.1004935503005981,1.028063178062439,0.0,0.23879975080490112,7.108
EKF_P,0.6129,0.8235,2.0,1208,0,560,1.1004935503005981,1.028063178062439,0.0,0.23972567915916443,4.832
REFF,0.3366,0.8829,10.0,799,0,560,0.9772225618362427,0.9898478984832764,0.019172579050064087,0.0,3.196
TRIM,0.3366,0.8829,10.0,1641,0,560,0.9772225618362427,0.9898478984832764,0.0,0.0,6.564
SOLVE,0.3366,0.8829,10.0,10994,17,560,0.9772225618362427,0.9898478984832764,0.0,-59.77314376831055,43.976
FULL,0.3366,0.8829,10.0,12621,17,560,0.9772225618362427,0.9898478984832764,0.0,-59.77314376831055,50.484
FEAT,0.3366,0.8829,10.0,3316,0,560,0.9772225618362427,0.9898478984832764,0.0,0.0,13.264
FEAT_A8,0.3366,0.8829,10.0,1507,0,560,0.9772225618362427,0.9898478984832764,0.0,0.0,6.028
EKF,0.3366,0.8829,10.0,1802,0,560,0.9772225618362427,0.9898478984832764,0.0,0.23997509479522705,7.208
EKF_P,0.3366,0.8829,10.0,1219,0,560,0.9772225618362427,0.9898478984832764,0.0,0.24090102314949036,4.876
REFF,0.8737,0.7666,10.0,799,0,560,1.0388286113739014,1.0091490745544434,0.03853239491581917,0.0,3.196
TRIM,0.8737,0.7666,10.0,1621,0,560,1.0388286113739014,1.0091490745544434,0.0,0.0,6.484
SOLVE,0.8737,0.7666,10.0,11773,17,560,1.0388286113739014,1.0091490745544434,0.0,-36.50701904296875,47.092
FULL,0.8737,0.7666,10.0,13380,17,560,1.0388286113739014,1.0091490745544434,0.0,-36.50701904296875,53.52
FEAT,0.8737,0.7666,10.0,3336,0,560,1.0388286113739014,1.0091490745544434,0.0,0.0,13.344
FEAT_A8,0.8737,0.7666,10.0,1513,0,560,1.0388286113739014,1.0091490745544434,0.0,0.0,6.052
EKF,0.8737,0.7666,10.0,1792,0,560,1.0388286113739014,1.0091490745544434,0.0,0.23697935044765472,7.168
EKF_P,0.8737,0.7666,10.0,1229,0,560,1.0388286113739014,1.0091490745544434,0.0,0.23790527880191803,4.916
REFF,0.3241,0.8393,10.0,781,0,560,0.991068422794342,0.994254469871521,0.025964902713894844,0.0,3.124
TRIM,0.3241,0.8393,10.0,1633,0,560,0.991068422794342,0.994254469871521,0.0,0.0,6.532
SOLVE,0.3241,0.8393,10.0,9878,15,560,0.991068422794342,0.994254469871521,0.0,-30.702390670776367,39.512
FULL,0.3241,0.8393,10.0,11472,15,560,0.991068422794342,0.994254469871521,0.0,-30.702390670776367,45.888
FEAT,0.3241,0.8393,10.0,3321,0,560,0.991068422794342,0.994254469871521,0.0,0.0,13.284
FEAT_A8,0.3241,0.8393,10.0,1483,0,560,0.991068422794342,0.994254469871521,0.0,0.0,5.932
EKF,0.3241,0.8393,10.0,1739,0,560,0.991068422794342,0.994254469871521,0.0,0.23393160104751587,6.956
EKF_P,0.3241,0.8393,10.0,1189,0,560,0.991068422794342,0.994254469871521,0.0,0.23485752940177917,4.756
REFF,0.7081,0.7702,10.0,809,0,560,1.0225428342819214,1.004111886024475,0.03293611854314804,0.0,3.236
TRIM,0.7081,0.7702,10.0,1627,0,560,1.0225428342819214,1.004111886024475,0.0,0.0,6.508
SOLVE,0.7081,0.7702,10.0,11413,17,560,1.0225428342819214,1.004111886024475,0.0,-37.39678192138672,45.652
FULL,0.7081,0.7702,10.0,13038,17,560,1.0225428342819214,1.004111886024475,0.0,-37.39678192138672,52.152
FEAT,0.7081,0.7702,10.0,3351,0,560,1.0225428342819214,1.004111886024475,0.0,0.0,13.404
FEAT_A8,0.7081,0.7702,10.0,1532,0,560,1.0225428342819214,1.004111886024475,0.0,0.0,6.128
EKF,0.7081,0.7702,10.0,1786,0,560,1.0225428342819214,1.004111886024475,0.0,0.22979508340358734,7.144
EKF_P,0.7081,0.7702,10.0,1229,0,560,1.0225428342819214,1.004111886024475,0.0,0.23072101175785065,4.916
REFF,0.5306,0.9599,10.0,787,0,560,0.9654304385185242,0.9860520362854004,0.013436137698590755,0.0,3.148
TRIM,0.5306,0.9599,10.0,1629,0,560,0.9654304385185242,0.9860520362854004,0.0,0.0,6.516
SOLVE,0.5306,0.9599,10.0,12077,18,560,0.9654304385185242,0.9860520362854004,0.0,-98.21626281738281,48.308
FULL,0.5306,0.9599,10.0,13679,18,560,0.9654304385185242,0.9860520362854004,0.0,-98.21626281738281,54.716
FEAT,0.5306,0.9599,10.0,3304,0,560,0.9654304385185242,0.9860520362854004,0.0,0.0,13.216
FEAT_A8,0.5306,0.9599,10.0,1485,0,560,0.9654304385185242,0.9860520362854004,0.0,0.0,5.94
EKF,0.5306,0.9599,10.0,1747,0,560,0.9654304385185242,0.9860520362854004,0.0,0.23211495578289032,6.988
EKF_P,0.5306,0.9599,10.0,1189,0,560,0.9654304385185242,0.9860520362854004,0.0,0.23304088413715363,4.756
REFF,0.8407,0.7793,2.0,757,0,560,1.0269804000854492,1.0054879188537598,0.024513253942131996,0.0,3.028
TRIM,0.8407,0.7793,2.0,1621,0,560,1.0269804000854492,1.0054879188537598,0.0,0.0,6.484
SOLVE,0.8407,0.7793,2.0,10839,17,560,1.0269804000854492,1.0054879188537598,0.0,-40.502559661865234,43.356
FULL,0.8407,0.7793,2.0,12433,17,560,1.0269804000854492,1.0054879188537598,0.0,-40.502559661865234,49.732
FEAT,0.8407,0.7793,2.0,3346,0,560,1.0269804000854492,1.0054879188537598,0.0,0.0,13.384
FEAT_A8,0.8407,0.7793,2.0,1519,0,560,1.0269804000854492,1.0054879188537598,0.0,0.0,6.076
EKF,0.8407,0.7793,2.0,1779,0,560,1.0269804000854492,1.0054879188537598,0.0,0.22386813163757324,7.116
EKF_P,0.8407,0.7793,2.0,1229,0,560,1.0269804000854492,1.0054879188537598,0.0,0.22479405999183655,4.916
REFF,0.8082,0.8958,2.0,757,0,560,1.0200086832046509,1.0033248662948608,0.015255991369485855,0.0,3.028
TRIM,0.8082,0.8958,2.0,1628,0,560,1.0200086832046509,1.0033248662948608,0.0,0.0,6.512
SOLVE,0.8082,0.8958,2.0,11007,18,560,1.0200086832046509,1.0033248662948608,0.0,-77.23485565185547,44.028
FULL,0.8082,0.8958,2.0,12583,18,560,1.0200086832046509,1.0033248662948608,0.0,-77.23485565185547,50.332
FEAT,0.8082,0.8958,2.0,3356,0,560,1.0200086832046509,1.0033248662948608,0.0,0.0,13.424
FEAT_A8,0.8082,0.8958,2.0,1507,0,560,1.0200086832046509,1.0033248662948608,0.0,0.0,6.028
EKF,0.8082,0.8958,2.0,1775,0,560,1.0200086832046509,1.0033248662948608,0.0,0.22481460869312286,7.1
EKF_P,0.8082,0.8958,2.0,1219,0,560,1.0200086832046509,1.0033248662948608,0.0,0.22574053704738617,4.876
REFF,0.3145,0.905,2.0,733,0,560,1.1583340167999268,1.045967698097229,0.015456246212124825,0.0,2.932
TRIM,0.3145,0.905,2.0,1657,0,560,1.1583340167999268,1.045967698097229,0.0,0.0,6.628
SOLVE,0.3145,0.905,2.0,10365,17,560,1.1583340167999268,1.045967698097229,0.0,-65.3104476928711,41.46
FULL,0.3145,0.905,2.0,11995,17,560,1.1583340167999268,1.045967698097229,0.0,-65.3104476928711,47.98
FEAT,0.3145,0.905,2.0,3309,0,560,1.1583340167999268,1.045967698097229,0.0,0.0,13.236
FEAT_A8,0.3145,0.905,2.0,1483,0,560,1.1583340167999268,1.045967698097229,0.0,0.0,5.932
EKF,0.3145,0.905,2.0,1758,0,560,1.1583340167999268,1.045967698097229,0.0,0.22469748556613922,7.032
EKF_P,0.3145,0.905,2.0,1208,0,560,1.1583340167999268,1.045967698097229,0.0,0.22562341392040253,4.832
REFF,0.5222,0.8667,10.0,797,0,560,1.02499520778656,1.0048726797103882,0.01939101703464985,0.0,3.188
TRIM,0.5222,0.8667,10.0,1621,0,560,1.02499520778656,1.0048726797103882,0.0,0.0,6.484
SOLVE,0.5222,0.8667,10.0,11557,17,560,1.02499520778656,1.0048726797103882,0.0,-70.2057113647461,46.228
FULL,0.5222,0.8667,10.0,13157,17,560,1.02499520778656,1.0048726797103882,0.0,-70.2057113647461,52.628
FEAT,0.5222,0.8667,10.0,3315,0,560,1.02499520778656,1.0048726797103882,0.0,0.0,13.26
FEAT_A8,0.5222,0.8667,10.0,1494,0,560,1.02499520778656,1.0048726797103882,0.0,0.0,5.976
EKF,0.5222,0.8667,10.0,1751,0,560,1.02499520778656,1.0048726797103882,0.0,0.22735783457756042,7.004
EKF_P,0.5222,0.8667,10.0,1189,0,560,1.02499520778656,1.0048726797103882,0.0,0.22828376293182373,4.756
REFF,0.2649,0.8831,10.0,799,0,560,1.0400176048278809,1.0095155239105225,0.022727519273757935,0.0,3.196
TRIM,0.2649,0.8831,10.0,1626,0,560,1.0400176048278809,1.0095155239105225,0.0,0.0,6.504
SOLVE,0.2649,0.8831,10.0,10418,16,560,1.0400176048278809,1.0095155239105225,0.0,-35.10076141357422,41.672
FULL,0.2649,0.8831,10.0,12024,16,560,1.0400176048278809,1.0095155239105225,0.0,-35.10076141357422,48.096
FEAT,0.2649,0.8831,10.0,3334,0,560,1.0400176048278809,1.0095155239105225,0.0,0.0,13.336
FEAT_A8,0.2649,0.8831,10.0,1519,0,560,1.0400176048278809,1.0095155239105225,0.0,0.0,6.076
EKF,0.2649,0.8831,10.0,1763,0,560,1.0400176048278809,1.0095155239105225,0.0,0.22627656161785126,7.052
EKF_P,0.2649,0.8831,10.0,1219,0,560,1.0400176048278809,1.0095155239105225,0.0,0.22720248997211456,4.876
REFF,0.5422,0.9774,10.0,812,0,560,1.0554839372634888,1.014271855354309,0.014410821720957756,0.0,3.248
TRIM,0.5422,0.9774,10.0,1621,0,560,1.0554839372634888,1.014271855354309,0.0,0.0,6.484
SOLVE,0.5422,0.9774,10.0,11688,17,560,1.0554839372634888,1.014271855354309,0.0,-66.88668060302734,46.752
FULL,0.5422,0.9774,10.0,13269,17,560,1.0554839372634888,1.014271855354309,0.0,-66.88668060302734,53.076
FEAT,0.5422,0.9774,10.0,3349,0,560,1.0554839372634888,1.014271855354309,0.0,0.0,13.396
FEAT_A8,0.5422,0.9774,10.0,1525,0,560,1.0554839372634888,1.014271855354309,0.0,0.0,6.1
EKF,0.5422,0.9774,10.0,1790,0,560,1.0554839372634888,1.014271855354309,0.0,0.2251519113779068,7.16
EKF_P,0.5422,0.9774,10.0,1213,0,560,1.0554839372634888,1.014271855354309,0.0,0.2260778397321701,4.852
REFF,0.8741,0.9342,10.0,799,0,560,1.282388687133789,1.0874180793762207,0.01968204975128174,0.0,3.196
TRIM,0.8741,0.9342,10.0,1671,0,560,1.282388687133789,1.0874180793762207,0.0,0.0,6.684
SOLVE,0.8741,0.9342,10.0,11380,17,560,1.282388687133789,1.0874180793762207,0.0,-60.33596420288086,45.52
FULL,0.8741,0.9342,10.0,13037,17,560,1.282388687133789,1.0874180793762207,0.0,-60.33596420288086,52.148
FEAT,0.8741,0.9342,10.0,3330,0,560,1.282388687133789,1.0874180793762207,0.0,0.0,13.32
FEAT_A8,0.8741,0.9342,10.0,1500,0,560,1.282388687133789,1.0874180793762207,0.0,0.0,6.0
EKF,0.8741,0.9342,10.0,1803,0,560,1.282388687133789,1.0874180793762207,0.0,0.22595661878585815,7.212
EKF_P,0.8741,0.9342,10.0,1259,0,560,1.282388687133789,1.0874180793762207,0.0,0.22688254714012146,5.036
REFF,0.622,0.9007,10.0,775,0,560,1.1862175464630127,1.0548051595687866,0.02011554315686226,0.0,3.1
TRIM,0.622,0.9007,10.0,1643,0,560,1.1862175464630127,1.0548051595687866,0.0,0.0,6.572
SOLVE,0.622,0.9007,10.0,11598,18,560,1.1862175464630127,1.0548051595687866,0.0,-73.42039489746094,46.392
FULL,0.622,0.9007,10.0,13215,18,560,1.1862175464630127,1.0548051595687866,0.0,-73.42039489746094,52.86
FEAT,0.622,0.9007,10.0,3310,0,560,1.1862175464630127,1.0548051595687866,0.0,0.0,13.24
FEAT_A8,0.622,0.9007,10.0,1499,0,560,1.1862175464630127,1.0548051595687866,0.0,0.0,5.996
EKF,0.622,0.9007,10.0,1763,0,560,1.1862175464630127,1.0548051595687866,0.0,0.22978925704956055,7.052
EKF_P,0.622,0.9007,10.0,1208,0,560,1.1862175464630127,1.0548051595687866,0.0,0.23071518540382385,4.832
REFF,0.2457,0.942,10.0,775,0,560,1.0002093315124512,0.997137725353241,0.015363016165792942,0.0,3.1
TRIM,0.2457,0.942,10.0,1624,0,560,1.0002093315124512,0.997137725353241,0.0,0.0,6.496
SOLVE,0.2457,0.942,10.0,10970,17,560,1.0002093315124512,0.997137725353241,0.0,-59.90928649902344,43.88
FULL,0.2457,0.942,10.0,12574,17,560,1.0002093315124512,0.997137725353241,0.0,-59.90928649902344,50.296
FEAT,0.2457,0.942,10.0,3294,0,560,1.0002093315124512,0.997137725353241,0.0,0.0,13.176
FEAT_A8,0.2457,0.942,10.0,1483,0,560,1.0002093315124512,0.997137725353241,0.0,0.0,5.932
EKF,0.2457,0.942,10.0,1733,0,560,1.0002093315124512,0.997137725353241,0.0,0.2297496795654297,6.932
EKF_P,0.2457,0.942,10.0,1189,0,560,1.0002093315124512,0.997137725353241,0.0,0.230675607919693,4.756
REFF,0.8958,0.9297,2.0,757,0,560,1.0121896266937256,1.0008900165557861,0.01333455927670002,0.0,3.028
TRIM,0.8958,0.9297,2.0,1621,0,560,1.0121896266937256,1.0008900165557861,0.0,0.0,6.484
SOLVE,0.8958,0.9297,2.0,10956,18,560,1.0121896266937256,1.0008900165557861,0.0,-87.2142105102539,43.824
FULL,0.8958,0.9297,2.0,12563,18,560,1.0121896266937256,1.0008900165557861,0.0,-87.2142105102539,50.252
FEAT,0.8958,0.9297,2.0,3316,0,560,1.0121896266937256,1.0008900165557861,0.0,0.0,13.264
FEAT_A8,0.8958,0.9297,2.0,1511,0,560,1.0121896266937256,1.0008900165557861,0.0,0.0,6.044
EKF,0.8958,0.9297,2.0,1775,0,560,1.0121896266937256,1.0008900165557861,0.0,0.23041075468063354,7.1
EKF_P,0.8958,0.9297,2.0,1219,0,560,1.0121896266937256,1.0008900165557861,0.0,0.23133668303489685,4.876
REFF,0.4958,0.9518,10.0,775,0,560,1.0077688694000244,0.9995086193084717,0.01410471647977829,0.0,3.1
TRIM,0.4958,0.9518,10.0,1624,0,560,1.0077688694000244,0.9995086193084717,0.0,0.0,6.496
SOLVE,0.4958,0.9518,10.0,11188,17,560,1.0077688694000244,0.9995086193084717,0.0,-63.33073806762695,44.752
FULL,0.4958,0.9518,10.0,12791,17,560,1.0077688694000244,0.9995086193084717,0.0,-63.33073806762695,51.164
FEAT,0.4958,0.9518,10.0,3294,0,560,1.0077688694000244,0.9995086193084717,0.0,0.0,13.176
FEAT_A8,0.4958,0.9518,10.0,1483,0,560,1.0077688694000244,0.9995086193084717,0.0,0.0,5.932
EKF,0.4958,0.9518,10.0,1746,0,560,1.0077688694000244,0.9995086193084717,0.0,0.22813008725643158,6.984
EKF_P,0.4958,0.9518,10.0,1189,0,560,1.0077688694000244,0.9995086193084717,0.0,0.22905601561069489,4.756
REFF,0.7524,0.9338,10.0,799,0,560,1.1161071062088013,1.0328595638275146,0.017863819375634193,0.0,3.196
TRIM,0.7524,0.9338,10.0,1643,0,560,1.1161071062088013,1.0328595638275146,0.0,0.0,6.572
SOLVE,0.7524,0.9338,10.0,11377,17,560,1.1161071062088013,1.0328595638275146,0.0,-62.101539611816406,45.508
FULL,0.7524,0.9338,10.0,12981,17,560,1.1161071062088013,1.0328595638275146,0.0,-62.101539611816406,51.924
FEAT,0.7524,0.9338,10.0,3323,0,560,1.1161071062088013,1.0328595638275146,0.0,0.0,13.292
FEAT_A8,0.7524,0.9338,10.0,1507,0,560,1.1161071062088013,1.0328595638275146,0.0,0.0,6.028
EKF,0.7524,0.9338,10.0,1794,0,560,1.1161071062088013,1.0328595638275146,0.0,0.22749443352222443,7.176
EKF_P,0.7524,0.9338,10.0,1238,0,560,1.1161071062088013,1.0328595638275146,0.0,0.22842036187648773,4.952
REFF,0.7576,0.8018,10.0,812,0,560,1.0133785009384155,1.0012608766555786,0.02539447881281376,0.0,3.248
TRIM,0.7576,0.8018,10.0,1627,0,560,1.0133785009384155,1.0012608766555786,0.0,0.0,6.508
SOLVE,0.7576,0.8018,10.0,11857,17,560,1.0133785009384155,1.0012608766555786,0.0,-45.03063201904297,47.428
FULL,0.7576,0.8018,10.0,13451,17,560,1.0133785009384155,1.0012608766555786,0.0,-45.03063201904297,53.804
FEAT,0.7576,0.8018,10.0,3349,0,560,1.0133785009384155,1.0012608766555786,0.0,0.0,13.396
FEAT_A8,0.7576,0.8018,10.0,1519,0,560,1.0133785009384155,1.0012608766555786,0.0,0.0,6.076
EKF,0.7576,0.8018,10.0,1775,0,560,1.0133785009384155,1.0012608766555786,0.0,0.22470703721046448,7.1
EKF_P,0.7576,0.8018,10.0,1225,0,560,1.0133785009384155,1.0012608766555786,0.0,0.22563296556472778,4.9
REFF,0.579,0.7759,2.0,757,0,560,0.9747788310050964,0.9890647530555725,0.024052714928984642,0.0,3.028
TRIM,0.579,0.7759,2.0,1629,0,560,0.9747788310050964,0.9890647530555725,0.0,0.0,6.516
SOLVE,0.579,0.7759,2.0,10860,17,560,0.9747788310050964,0.9890647530555725,0.0,-51.018882751464844,43.44
FULL,0.579,0.7759,2.0,12450,17,560,0.9747788310050964,0.9890647530555725,0.0,-51.018882751464844,49.8
FEAT,0.579,0.7759,2.0,3371,0,560,0.9747788310050964,0.9890647530555725,0.0,0.0,13.484
FEAT_A8,0.579,0.7759,2.0,1530,0,560,0.9747788310050964,0.9890647530555725,0.0,0.0,6.12
EKF,0.579,0.7759,2.0,1804,0,560,0.9747788310050964,0.9890647530555725,0.0,0.22070664167404175,7.216
EKF_P,0.579,0.7759,2.0,1229,0,560,0.9747788310050964,0.9890647530555725,0.0,0.22163257002830505,4.916
REFF,0.2002,0.9212,2.0,757,0,560,1.0457459688186646,1.0112794637680054,0.016007602214813232,0.0,3.028
TRIM,0.2002,0.9212,2.0,1639,0,560,1.0457459688186646,1.0112794637680054,0.0,0.0,6.556
SOLVE,0.2002,0.9212,2.0,10969,18,560,1.0457459688186646,1.0112794637680054,0.0,-94.06852722167969,43.876
FULL,0.2002,0.9212,2.0,12600,18,560,1.0457459688186646,1.0112794637680054,0.0,-94.06852722167969,50.4
FEAT,0.2002,0.9212,2.0,3321,0,560,1.0457459688186646,1.0112794637680054,0.0,0.0,13.284
FEAT_A8,0.2002,0.9212,2.0,1519,0,560,1.0457459688186646,1.0112794637680054,0.0,0.0,6.076
EKF,0.2002,0.9212,2.0,1775,0,560,1.0457459688186646,1.0112794637680054,0.0,0.22406113147735596,7.1
EKF_P,0.2002,0.9212,2.0,1219,0,560,1.0457459688186646,1.0112794637680054,0.0,0.22498705983161926,4.876
REFF,0.6927,0.9389,2.0,764,0,560,1.061405062675476,1.0160882472991943,0.01274100597947836,0.0,3.056
TRIM,0.6927,0.9389,2.0,1621,0,560,1.061405062675476,1.0160882472991943,0.0,0.0,6.484
SOLVE,0.6927,0.9389,2.0,11388,18,560,1.061405062675476,1.0160882472991943,0.0,-114.92025756835938,45.552
FULL,0.6927,0.9389,2.0,12989,18,560,1.061405062675476,1.0160882472991943,0.0,-114.92025756835938,51.956
FEAT,0.6927,0.9389,2.0,3363,0,560,1.061405062675476,1.0160882472991943,0.0,0.0,13.452
FEAT_A8,0.6927,0.9389,2.0,1520,0,560,1.061405062675476,1.0160882472991943,0.0,0.0,6.08
EKF,0.6927,0.9389,2.0,1787,0,560,1.061405062675476,1.0160882472991943,0.0,0.2282775491476059,7.148
EKF_P,0.6927,0.9389,2.0,1219,0,560,1.061405062675476,1.0160882472991943,0.0,0.2292034775018692,4.876
REFF,0.7907,0.8475,10.0,812,0,560,1.0379459857940674,1.0088768005371094,0.024067550897598267,0.0,3.248
TRIM,0.7907,0.8475,10.0,1633,0,560,1.0379459857940674,1.0088768005371094,0.0,0.0,6.532
SOLVE,0.7907,0.8475,10.0,11213,17,560,1.0379459857940674,1.0088768005371094,0.0,-67.78474426269531,44.852
FULL,0.7907,0.8475,10.0,12820,17,560,1.0379459857940674,1.0088768005371094,0.0,-67.78474426269531,51.28
FEAT,0.7907,0.8475,10.0,3346,0,560,1.0379459857940674,1.0088768005371094,0.0,0.0,13.384
FEAT_A8,0.7907,0.8475,10.0,1513,0,560,1.0379459857940674,1.0088768005371094,0.0,0.0,6.052
EKF,0.7907,0.8475,10.0,1775,0,560,1.0379459857940674,1.0088768005371094,0.0,0.23253430426120758,7.1
EKF_P,0.7907,0.8475,10.0,1219,0,560,1.0379459857940674,1.0088768005371094,0.0,0.2334602326154709,4.876
REFF,0.5526,0.9233,10.0,825,0,560,1.2346949577331543,1.0707268714904785,0.01824660785496235,0.0,3.3
TRIM,0.5526,0.9233,10.0,1643,0,560,1.2346949577331543,1.0707268714904785,0.0,0.0,6.572
SOLVE,0.5526,0.9233,10.0,12540,18,560,1.2346949577331543,1.0707268714904785,0.0,-78.25847625732422,50.16
FULL,0.5526,0.9233,10.0,14143,18,560,1.2346949577331543,1.0707268714904785,0.0,-78.25847625732422,56.572
FEAT,0.5526,0.9233,10.0,3372,0,560,1.2346949577331543,1.0707268714904785,0.0,0.0,13.488
FEAT_A8,0.5526,0.9233,10.0,1526,0,560,1.2346949577331543,1.0707268714904785,0.0,0.0,6.104
EKF,0.5526,0.9233,10.0,1805,0,560,1.2346949577331543,1.0707268714904785,0.0,0.23632393777370453,7.22
EKF_P,0.5526,0.9233,10.0,1238,0,560,1.2346949577331543,1.0707268714904785,0.0,0.23724986612796783,4.952
REFF,0.5333,0.9487,10.0,783,0,560,1.1454315185546875,1.0419341325759888,0.015776941552758217,0.0,3.132
TRIM,0.5333,0.9487,10.0,1643,0,560,1.1454315185546875,1.0419341325759888,0.0,0.0,6.572
SOLVE,0.5333,0.9487,10.0,12077,18,560,1.1454315185546875,1.0419341325759888,0.0,-80.99605560302734,48.308
FULL,0.5333,0.9487,10.0,13693,18,560,1.1454315185546875,1.0419341325759888,0.0,-80.99605560302734,54.772
FEAT,0.5333,0.9487,10.0,3312,0,560,1.1454315185546875,1.0419341325759888,0.0,0.0,13.248
FEAT_A8,0.5333,0.9487,10.0,1485,0,560,1.1454315185546875,1.0419341325759888,0.0,0.0,5.94
EKF,0.5333,0.9487,10.0,1766,0,560,1.1454315185546875,1.0419341325759888,0.0,0.23838280141353607,7.064
EKF_P,0.5333,0.9487,10.0,1208,0,560,1.1454315185546875,1.0419341325759888,0.0,0.23930872976779938,4.832
REFF,0.7374,0.8813,2.0,771,0,560,1.12519371509552,1.0356602668762207,0.016622545197606087,0.0,3.084
TRIM,0.7374,0.8813,2.0,1643,0,560,1.12519371509552,1.0356602668762207,0.0,0.0,6.572
SOLVE,0.7374,0.8813,2.0,11049,17,560,1.12519371509552,1.0356602668762207,0.0,-55.62998962402344,44.196
FULL,0.7374,0.8813,2.0,12666,17,560,1.12519371509552,1.0356602668762207,0.0,-55.62998962402344,50.664
FEAT,0.7374,0.8813,2.0,3352,0,560,1.12519371509552,1.0356602668762207,0.0,0.0,13.408
FEAT_A8,0.7374,0.8813,2.0,1533,0,560,1.12519371509552,1.0356602668762207,0.0,0.0,6.132
EKF,0.7374,0.8813,2.0,1800,0,560,1.12519371509552,1.0356602668762207,0.0,0.2355477660894394,7.2
EKF_P,0.7374,0.8813,2.0,1238,0,560,1.12519371509552,1.0356602668762207,0.0,0.2364736944437027,4.952
REFF,0.474,0.767,2.0,757,0,560,0.9956570267677307,0.995704174041748,0.027853133156895638,0.0,3.028
TRIM,0.474,0.767,2.0,1627,0,560,0.9956570267677307,0.995704174041748,0.0,0.0,6.508
SOLVE,0.474,0.767,2.0,10410,17,560,0.9956570267677307,0.995704174041748,0.0,-50.94282531738281,41.64
FULL,0.474,0.767,2.0,12023,17,560,0.9956570267677307,0.995704174041748,0.0,-50.94282531738281,48.092
FEAT,0.474,0.767,2.0,3346,0,560,0.9956570267677307,0.995704174041748,0.0,0.0,13.384
FEAT_A8,0.474,0.767,2.0,1494,0,560,0.9956570267677307,0.995704174041748,0.0,0.0,5.976
EKF,0.474,0.767,2.0,1779,0,560,0.9956570267677307,0.995704174041748,0.0,0.23119129240512848,7.116
EKF_P,0.474,0.767,2.0,1229,0,560,0.9956570267677307,0.995704174041748,0.0,0.23211722075939178,4.916
REFF,0.4966,0.8848,2.0,757,0,560,0.8907937407493591,0.9606877565383911,0.012820747680962086,0.0,3.028
TRIM,0.4966,0.8848,2.0,1651,0,560,0.8907937407493591,0.9606877565383911,0.0,0.0,6.604
SOLVE,0.4966,0.8848,2.0,10792,17,560,0.8907937407493591,0.9606877565383911,0.0,-71.10926055908203,43.168
FULL,0.4966,0.8848,2.0,12416,17,560,0.8907937407493591,0.9606877565383911,0.0,-71.10926055908203,49.664
FEAT,0.4966,0.8848,2.0,3338,0,560,0.8907937407493591,0.9606877565383911,0.0,0.0,13.352
FEAT_A8,0.4966,0.8848,2.0,1507,0,560,0.8907937407493591,0.9606877565383911,0.0,0.0,6.028
EKF,0.4966,0.8848,2.0,1807,0,560,0.8907937407493591,0.9606877565383911,0.0,0.22978922724723816,7.228
EKF_P,0.4966,0.8848,2.0,1238,0,560,0.8907937407493591,0.9606877565383911,0.0,0.23071515560150146,4.952
REFF,0.8536,0.9073,10.0,775,0,560,0.9949477314949036,0.9954804182052612,0.01915000006556511,0.0,3.1
TRIM,0.8536,0.9073,10.0,1627,0,560,0.9949477314949036,0.9954804182052612,0.0,0.0,6.508
SOLVE,0.8536,0.9073,10.0,11820,18,560,0.9949477314949036,0.9954804182052612,0.0,-77.9574203491211,47.28
FULL,0.8536,0.9073,10.0,13426,18,560,0.9949477314949036,0.9954804182052612,0.0,-77.9574203491211,53.704
FEAT,0.8536,0.9073,10.0,3298,0,560,0.9949477314949036,0.9954804182052612,0.0,0.0,13.192
FEAT_A8,0.8536,0.9073,10.0,1470,0,560,0.9949477314949036,0.9954804182052612,0.0,0.0,5.88
EKF,0.8536,0.9073,10.0,1739,0,560,0.9949477314949036,0.9954804182052612,0.0,0.2326670140028,6.956
EKF_P,0.8536,0.9073,10.0,1189,0,560,0.9949477314949036,0.9954804182052612,0.0,0.2335929423570633,4.756
REFF,0.6083,0.7593,10.0,781,0,560,0.9773651957511902,0.9898936152458191,0.03374302014708519,0.0,3.124
TRIM,0.6083,0.7593,10.0,1627,0,560,0.9773651957511902,0.9898936152458191,0.0,0.0,6.508
SOLVE,0.6083,0.7593,10.0,11233,17,560,0.9773651957511902,0.9898936152458191,0.0,-42.94721603393555,44.932
FULL,0.6083,0.7593,10.0,12833,17,560,0.9773651957511902,0.9898936152458191,0.0,-42.94721603393555,51.332
FEAT,0.6083,0.7593,10.0,3328,0,560,0.9773651957511902,0.9898936152458191,0.0,0.0,13.312
FEAT_A8,0.6083,0.7593,10.0,1514,0,560,0.9773651957511902,0.9898936152458191,0.0,0.0,6.056
EKF,0.6083,0.7593,10.0,1755,0,560,0.9773651957511902,0.9898936152458191,0.0,0.23731161653995514,7.02
EKF_P,0.6083,0.7593,10.0,1193,0,560,0.9773651957511902,0.9898936152458191,0.0,0.23823754489421844,4.772
REFF,0.5983,0.94,2.0,757,0,560,1.0275356769561768,1.005659818649292,0.011919817887246609,0.0,3.028
TRIM,0.5983,0.94,2.0,1621,0,560,1.0275356769561768,1.005659818649292,0.0,0.0,6.484
SOLVE,0.5983,0.94,2.0,10962,18,560,1.0275356769561768,1.005659818649292,0.0,-99.20639038085938,43.848
FULL,0.5983,0.94,2.0,12563,18,560,1.0275356769561768,1.005659818649292,0.0,-99.20639038085938,50.252
FEAT,0.5983,0.94,2.0,3376,0,560,1.0275356769561768,1.005659818649292,0.0,0.0,13.504
FEAT_A8,0.5983,0.94,2.0,1545,0,560,1.0275356769561768,1.005659818649292,0.0,0.0,6.18
EKF,0.5983,0.94,2.0,1787,0,560,1.0275356769561768,1.005659818649292,0.0,0.2384895533323288,7.148
EKF_P,0.5983,0.94,2.0,1219,0,560,1.0275356769561768,1.005659818649292,0.0,0.2394154816865921,4.876
REFF,0.8979,0.8306,10.0,782,0,560,1.0032649040222168,0.9980974197387695,0.027489660307765007,0.0,3.128
TRIM,0.8979,0.8306,10.0,1624,0,560,1.0032649040222168,0.9980974197387695,0.0,0.0,6.496
SOLVE,0.8979,0.8306,10.0,11018,17,560,1.0032649040222168,0.9980974197387695,0.0,-40.443870544433594,44.072
FULL,0.8979,0.8306,10.0,12621,17,560,1.0032649040222168,0.9980974197387695,0.0,-40.443870544433594,50.484
FEAT,0.8979,0.8306,10.0,3303,0,560,1.0032649040222168,0.9980974197387695,0.0,0.0,13.212
FEAT_A8,0.8979,0.8306,10.0,1490,0,560,1.0032649040222168,0.9980974197387695,0.0,0.0,5.96
EKF,0.8979,0.8306,10.0,1739,0,560,1.0032649040222168,0.9980974197387695,0.0,0.236780047416687,6.956
EKF_P,0.8979,0.8306,10.0,1189,0,560,1.0032649040222168,0.9980974197387695,0.0,0.23770597577095032,4.756
REFF,0.4742,0.9232,10.0,799,0,560,1.1257569789886475,1.0358341932296753,0.016953419893980026,0.0,3.196
TRIM,0.4742,0.9232,10.0,1643,0,560,1.1257569789886475,1.0358341932296753,0.0,0.0,6.572
SOLVE,0.4742,0.9232,10.0,11001,17,560,1.1257569789886475,1.0358341932296753,0.0,-65.6209487915039,44.004
FULL,0.4742,0.9232,10.0,12610,17,560,1.1257569789886475,1.0358341932296753,0.0,-65.6209487915039,50.44
FEAT,0.4742,0.9232,10.0,3332,0,560,1.1257569789886475,1.0358341932296753,0.0,0.0,13.328
FEAT_A8,0.4742,0.9232,10.0,1500,0,560,1.1257569789886475,1.0358341932296753,0.0,0.0,6.0
EKF,0.4742,0.9232,10.0,1794,0,560,1.1257569789886475,1.0358341932296753,0.0,0.23744317889213562,7.176
EKF_P,0.4742,0.9232,10.0,1238,0,560,1.1257569789886475,1.0358341932296753,0.0,0.23836910724639893,4.952
REFF,0.2892,0.917,10.0,775,0,560,1.0130647420883179,1.0011630058288574,0.017713308334350586,0.0,3.1
TRIM,0.2892,0.917,10.0,1621,0,560,1.0130647420883179,1.0011630058288574,0.0,0.0,6.484
SOLVE,0.2892,0.917,10.0,10970,17,560,1.0130647420883179,1.0011630058288574,0.0,-51.795352935791016,43.88
FULL,0.2892,0.917,10.0,12571,17,560,1.0130647420883179,1.0011630058288574,0.0,-51.795352935791016,50.284
FEAT,0.2892,0.917,10.0,3297,0,560,1.0130647420883179,1.0011630058288574,0.0,0.0,13.188
FEAT_A8,0.2892,0.917,10.0,1477,0,560,1.0130647420883179,1.0011630058288574,0.0,0.0,5.908
EKF,0.2892,0.917,10.0,1739,0,560,1.0130647420883179,1.0011630058288574,0.0,0.2372005134820938,6.956
EKF_P,0.2892,0.917,10.0,1189,0,560,1.0130647420883179,1.0011630058288574,0.0,0.23812644183635712,4.756
REFF,0.3334,0.9485,2.0,733,0,560,1.0231237411499023,1.0042922496795654,0.011349901556968689,0.0,2.932
TRIM,0.3334,0.9485,2.0,1628,0,560,1.0231237411499023,1.0042922496795654,0.0,0.0,6.512
SOLVE,0.3334,0.9485,2.0,10932,18,560,1.0231237411499023,1.0042922496795654,0.0,-100.6489028930664,43.728
FULL,0.3334,0.9485,2.0,12553,18,560,1.0231237411499023,1.0042922496795654,0.0,-100.6489028930664,50.212
FEAT,0.3334,0.9485,2.0,3291,0,560,1.0231237411499023,1.0042922496795654,0.0,0.0,13.164
FEAT_A8,0.3334,0.9485,2.0,1483,0,560,1.0231237411499023,1.0042922496795654,0.0,0.0,5.932
EKF,0.3334,0.9485,2.0,1745,0,560,1.0231237411499023,1.0042922496795654,0.0,0.23850536346435547,6.98
EKF_P,0.3334,0.9485,2.0,1189,0,560,1.0231237411499023,1.0042922496795654,0.0,0.23943129181861877,4.756
REFF,0.8292,0.7698,2.0,764,0,560,0.982517421245575,0.9915390610694885,0.0232869740575552,0.0,3.056
TRIM,0.8292,0.7698,2.0,1627,0,560,0.982517421245575,0.9915390610694885,0.0,0.0,6.508
SOLVE,0.8292,0.7698,2.0,10792,17,560,0.982517421245575,0.9915390610694885,0.0,-60.91258239746094,43.168
FULL,0.8292,0.7698,2.0,12392,17,560,0.982517421245575,0.9915390610694885,0.0,-60.91258239746094,49.568
FEAT,0.8292,0.7698,2.0,3346,0,560,0.982517421245575,0.9915390610694885,0.0,0.0,13.384
FEAT_A8,0.8292,0.7698,2.0,1525,0,560,0.982517421245575,0.9915390610694885,0.0,0.0,6.1
EKF,0.8292,0.7698,2.0,1785,0,560,0.982517421245575,0.9915390610694885,0.0,0.23978152871131897,7.14
EKF_P,0.8292,0.7698,2.0,1229,0,560,0.982517421245575,0.9915390610694885,0.0,0.24070745706558228,4.916
REFF,0.4296,0.7903,2.0,733,0,560,0.9767631888389587,0.9897008538246155,0.02177211083471775,0.0,2.932
TRIM,0.4296,0.7903,2.0,1627,0,560,0.9767631888389587,0.9897008538246155,0.0,0.0,6.508
SOLVE,0.4296,0.7903,2.0,10352,17,560,0.9767631888389587,0.9897008538246155,0.0,-63.1628303527832,41.408
FULL,0.4296,0.7903,2.0,11952,17,560,0.9767631888389587,0.9897008538246155,0.0,-63.1628303527832,47.808
FEAT,0.4296,0.7903,2.0,3309,0,560,0.9767631888389587,0.9897008538246155,0.0,0.0,13.236
FEAT_A8,0.4296,0.7903,2.0,1470,0,560,0.9767631888389587,0.9897008538246155,0.0,0.0,5.88
EKF,0.4296,0.7903,2.0,1753,0,560,0.9767631888389587,0.9897008538246155,0.0,0.24092349410057068,7.012
EKF_P,0.4296,0.7903,2.0,1195,0,560,0.9767631888389587,0.9897008538246155,0.0,0.24184942245483398,4.78
REFF,0.4309,0.967,2.0,757,0,560,1.0103025436401367,1.0003007650375366,0.010475489310920238,0.0,3.028
TRIM,0.4309,0.967,2.0,1621,0,560,1.0103025436401367,1.0003007650375366,0.0,0.0,6.484
SOLVE,0.4309,0.967,2.0,10963,18,560,1.0103025436401367,1.0003007650375366,0.0,-88.15747833251953,43.852
FULL,0.4309,0.967,2.0,12563,18,560,1.0103025436401367,1.0003007650375366,0.0,-88.15747833251953,50.252
FEAT,0.4309,0.967,2.0,3320,0,560,1.0103025436401367,1.0003007650375366,0.0,0.0,13.28
FEAT_A8,0.4309,0.967,2.0,1494,0,560,1.0103025436401367,1.0003007650375366,0.0,0.0,5.976
EKF,0.4309,0.967,2.0,1788,0,560,1.0103025436401367,1.0003007650375366,0.0,0.24050429463386536,7.152
EKF_P,0.4309,0.967,2.0,1213,0,560,1.0103025436401367,1.0003007650375366,0.0,0.24143022298812866,4.852
REFF,0.5585,0.7555,10.0,787,0,560,1.0225428342819214,1.004111886024475,0.03770507872104645,0.0,3.148
TRIM,0.5585,0.7555,10.0,1621,0,560,1.0225428342819214,1.004111886024475,0.0,0.0,6.484
SOLVE,0.5585,0.7555,10.0,14481,20,560,1.0225428342819214,1.004111886024475,0.0,-28.333791732788086,57.924
FULL,0.5585,0.7555,10.0,16081,20,560,1.0225428342819214,1.004111886024475,0.0,-28.333791732788086,64.324
FEAT,0.5585,0.7555,10.0,3339,0,560,1.0225428342819214,1.004111886024475,0.0,0.0,13.356
FEAT_A8,0.5585,0.7555,10.0,1517,0,560,1.0225428342819214,1.004111886024475,0.0,0.0,6.068
EKF,0.5585,0.7555,10.0,1754,0,560,1.0225428342819214,1.004111886024475,0.0,0.2303110659122467,7.016
EKF_P,0.5585,0.7555,10.0,1193,0,560,1.0225428342819214,1.004111886024475,0.0,0.23123699426651,4.772
REFF,0.7525,0.8781,10.0,775,0,560,0.9840067028999329,0.9920133352279663,0.01934821531176567,0.0,3.1
TRIM,0.7525,0.8781,10.0,1632,0,560,0.9840067028999329,0.9920133352279663,0.0,0.0,6.528
SOLVE,0.7525,0.8781,10.0,11075,17,560,0.9840067028999329,0.9920133352279663,0.0,-54.7940559387207,44.3
FULL,0.7525,0.8781,10.0,12687,17,560,0.9840067028999329,0.9920133352279663,0.0,-54.7940559387207,50.748
FEAT,0.7525,0.8781,10.0,3285,0,560,0.9840067028999329,0.9920133352279663,0.0,0.0,13.14
FEAT_A8,0.7525,0.8781,10.0,1483,0,560,0.9840067028999329,0.9920133352279663,0.0,0.0,5.932
EKF,0.7525,0.8781,10.0,1739,0,560,0.9840067028999329,0.9920133352279663,0.0,0.2301461398601532,6.956
EKF_P,0.7525,0.8781,10.0,1189,0,560,0.9840067028999329,0.9920133352279663,0.0,0.2310720682144165,4.756
REFF,0.5904,0.7528,2.0,733,0,560,1.1200389862060547,1.0340704917907715,0.0342453308403492,0.0,2.932
TRIM,0.5904,0.7528,2.0,1643,0,560,1.1200389862060547,1.0340704917907715,0.0,0.0,6.572
SOLVE,0.5904,0.7528,2.0,10601,17,560,1.1200389862060547,1.0340704917907715,0.0,-44.857975006103516,42.404
FULL,0.5904,0.7528,2.0,12217,17,560,1.1200389862060547,1.0340704917907715,0.0,-44.857975006103516,48.868
FEAT,0.5904,0.7528,2.0,3303,0,560,1.1200389862060547,1.0340704917907715,0.0,0.0,13.212
FEAT_A8,0.5904,0.7528,2.0,1486,0,560,1.1200389862060547,1.0340704917907715,0.0,0.0,5.944
EKF,0.5904,0.7528,2.0,1773,0,560,1.1200389862060547,1.0340704917907715,0.0,0.2346811592578888,7.092
EKF_P,0.5904,0.7528,2.0,1212,0,560,1.1200389862060547,1.0340704917907715,0.0,0.2356070876121521,4.848
REFF,0.6522,0.8906,10.0,808,0,560,1.085748314857483,1.0235447883605957,0.01866605319082737,0.0,3.232
TRIM,0.6522,0.8906,10.0,1643,0,560,1.085748314857483,1.0235447883605957,0.0,0.0,6.572
SOLVE,0.6522,0.8906,10.0,10990,17,560,1.085748314857483,1.0235447883605957,0.0,-48.79938507080078,43.96
FULL,0.6522,0.8906,10.0,12638,17,560,1.085748314857483,1.0235447883605957,0.0,-48.79938507080078,50.552
FEAT,0.6522,0.8906,10.0,3348,0,560,1.085748314857483,1.0235447883605957,0.0,0.0,13.392
FEAT_A8,0.6522,0.8906,10.0,1539,0,560,1.085748314857483,1.0235447883605957,0.0,0.0,6.156
EKF,0.6522,0.8906,10.0,1820,0,560,1.085748314857483,1.0235447883605957,0.0,0.2340971827507019,7.28
EKF_P,0.6522,0.8906,10.0,1238,0,560,1.085748314857483,1.0235447883605957,0.0,0.2350231111049652,4.952
REFF,0.3725,0.8821,10.0,802,0,560,1.005947470664978,0.9989384412765503,0.01904507726430893,0.0,3.208
TRIM,0.3725,0.8821,10.0,1636,0,560,1.005947470664978,0.9989384412765503,0.0,0.0,6.544
SOLVE,0.3725,0.8821,10.0,11015,17,560,1.005947470664978,0.9989384412765503,0.0,-55.2738037109375,44.06
FULL,0.3725,0.8821,10.0,12630,17,560,1.005947470664978,0.9989384412765503,0.0,-55.2738037109375,50.52
FEAT,0.3725,0.8821,10.0,3324,0,560,1.005947470664978,0.9989384412765503,0.0,0.0,13.296
FEAT_A8,0.3725,0.8821,10.0,1507,0,560,1.005947470664978,0.9989384412765503,0.0,0.0,6.028
EKF,0.3725,0.8821,10.0,1783,0,560,1.005947470664978,0.9989384412765503,0.0,0.23471087217330933,7.132
EKF_P,0.3725,0.8821,10.0,1219,0,560,1.005947470664978,0.9989384412765503,0.0,0.23563680052757263,4.876
REFF,0.8466,0.785,10.0,775,0,560,0.9992990493774414,0.9968514442443848,0.029867274686694145,0.0,3.1
TRIM,0.8466,0.785,10.0,1627,0,560,0.9992990493774414,0.9968514442443848,0.0,0.0,6.508
SOLVE,0.8466,0.785,10.0,11249,17,560,0.9992990493774414,0.9968514442443848,0.0,-45.94438171386719,44.996
FULL,0.8466,0.785,10.0,12841,17,560,0.9992990493774414,0.9968514442443848,0.0,-45.94438171386719,51.364
FEAT,0.8466,0.785,10.0,3301,0,560,0.9992990493774414,0.9968514442443848,0.0,0.0,13.204
FEAT_A8,0.8466,0.785,10.0,1483,0,560,0.9992990493774414,0.9968514442443848,0.0,0.0,5.932
EKF,0.8466,0.785,10.0,1739,0,560,0.9992990493774414,0.9968514442443848,0.0,0.23468850553035736,6.956
EKF_P,0.8466,0.785,10.0,1195,0,560,0.9992990493774414,0.9968514442443848,0.0,0.23561443388462067,4.78
REFF,0.6874,0.7814,2.0,739,0,560,0.9945565462112427,0.9953569173812866,0.022553062066435814,0.0,2.956
TRIM,0.6874,0.7814,2.0,1627,0,560,0.9945565462112427,0.9953569173812866,0.0,0.0,6.508
SOLVE,0.6874,0.7814,2.0,10642,17,560,0.9945565462112427,0.9953569173812866,0.0,-50.15673828125,42.568
FULL,0.6874,0.7814,2.0,12254,17,560,0.9945565462112427,0.9953569173812866,0.0,-50.15673828125,49.016
FEAT,0.6874,0.7814,2.0,3293,0,560,0.9945565462112427,0.9953569173812866,0.0,0.0,13.172
FEAT_A8,0.6874,0.7814,2.0,1489,0,560,0.9945565462112427,0.9953569173812866,0.0,0.0,5.956
EKF,0.6874,0.7814,2.0,1739,0,560,0.9945565462112427,0.9953569173812866,0.0,0.2308601588010788,6.956
EKF_P,0.6874,0.7814,2.0,1195,0,560,0.9945565462112427,0.9953569173812866,0.0,0.2317860871553421,4.78
REFF,0.8308,0.8286,10.0,775,0,560,1.0955642461776733,1.0265518426895142,0.028218086808919907,0.0,3.1
TRIM,0.8308,0.8286,10.0,1643,0,560,1.0955642461776733,1.0265518426895142,0.0,0.0,6.572
SOLVE,0.8308,0.8286,10.0,11218,17,560,1.0955642461776733,1.0265518426895142,0.0,-40.3837890625,44.872
FULL,0.8308,0.8286,10.0,12840,17,560,1.0955642461776733,1.0265518426895142,0.0,-40.3837890625,51.36
FEAT,0.8308,0.8286,10.0,3276,0,560,1.0955642461776733,1.0265518426895142,0.0,0.0,13.104
FEAT_A8,0.8308,0.8286,10.0,1477,0,560,1.0955642461776733,1.0265518426895142,0.0,0.0,5.908
EKF,0.8308,0.8286,10.0,1758,0,560,1.0955642461776733,1.0265518426895142,0.0,0.22952133417129517,7.032
EKF_P,0.8308,0.8286,10.0,1208,0,560,1.0955642461776733,1.0265518426895142,0.0,0.23044726252555847,4.832
REFF,0.7753,0.8845,10.0,799,0,560,0.9705122113227844,0.9876931309700012,0.019091952592134476,0.0,3.196
TRIM,0.7753,0.8845,10.0,1641,0,560,0.9705122113227844,0.9876931309700012,0.0,0.0,6.564
SOLVE,0.7753,0.8845,10.0,11012,17,560,0.9705122113227844,0.9876931309700012,0.0,-65.07872772216797,44.048
FULL,0.7753,0.8845,10.0,12615,17,560,0.9705122113227844,0.9876931309700012,0.0,-65.07872772216797,50.46
FEAT,0.7753,0.8845,10.0,3329,0,560,0.9705122113227844,0.9876931309700012,0.0,0.0,13.316
FEAT_A8,0.7753,0.8845,10.0,1513,0,560,0.9705122113227844,0.9876931309700012,0.0,0.0,6.052
EKF,0.7753,0.8845,10.0,1775,0,560,0.9705122113227844,0.9876931309700012,0.0,0.23038513958454132,7.1
EKF_P,0.7753,0.8845,10.0,1219,0,560,0.9705122113227844,0.9876931309700012,0.0,0.23131106793880463,4.876
REFF,0.2509,0.7541,2.0,737,0,560,1.0555113554000854,1.0142802000045776,0.041244011372327805,0.0,2.948
TRIM,0.2509,0.7541,2.0,1626,0,560,1.0555113554000854,1.0142802000045776,0.0,0.0,6.504
SOLVE,0.2509,0.7541,2.0,10994,18,560,1.0555113554000854,1.0142802000045776,0.0,-54.00678634643555,43.976
FULL,0.2509,0.7541,2.0,12619,18,560,1.0555113554000854,1.0142802000045776,0.0,-54.00678634643555,50.476
FEAT,0.2509,0.7541,2.0,3303,0,560,1.0555113554000854,1.0142802000045776,0.0,0.0,13.212
FEAT_A8,0.2509,0.7541,2.0,1487,0,560,1.0555113554000854,1.0142802000045776,0.0,0.0,5.948
EKF,0.2509,0.7541,2.0,1743,0,560,1.0555113554000854,1.0142802000045776,0.0,0.23172640800476074,6.972
EKF_P,0.2509,0.7541,2.0,1193,0,560,1.0555113554000854,1.0142802000045776,0.0,0.23265233635902405,4.772
REFF,0.3338,0.9744,10.0,799,0,560,1.1110644340515137,1.0313085317611694,0.014744076877832413,0.0,3.196
TRIM,0.3338,0.9744,10.0,1664,0,560,1.1110644340515137,1.0313085317611694,0.0,0.0,6.656
SOLVE,0.3338,0.9744,10.0,10981,17,560,1.1110644340515137,1.0313085317611694,0.0,-60.36764144897461,43.924
FULL,0.3338,0.9744,10.0,12650,17,560,1.1110644340515137,1.0313085317611694,0.0,-60.36764144897461,50.6
FEAT,0.3338,0.9744,10.0,3315,0,560,1.1110644340515137,1.0313085317611694,0.0,0.0,13.26
FEAT_A8,0.3338,0.9744,10.0,1533,0,560,1.1110644340515137,1.0313085317611694,0.0,0.0,6.132
EKF,0.3338,0.9744,10.0,1798,0,560,1.1110644340515137,1.0313085317611694,0.0,0.23129138350486755,7.192
EKF_P,0.3338,0.9744,10.0,1238,0,560,1.1110644340515137,1.0313085317611694,0.0,0.23221731185913086,4.952
REFF,0.4763,0.8034,2.0,771,0,560,1.008413553237915,0.9997103214263916,0.020170938223600388,0.0,3.084
TRIM,0.4763,0.8034,2.0,1624,0,560,1.008413553237915,0.9997103214263916,0.0,0.0,6.496
SOLVE,0.4763,0.8034,2.0,10363,17,560,1.008413553237915,0.9997103214263916,0.0,-68.82112121582031,41.452
FULL,0.4763,0.8034,2.0,11973,17,560,1.008413553237915,0.9997103214263916,0.0,-68.82112121582031,47.892
FEAT,0.4763,0.8034,2.0,3323,0,560,1.008413553237915,0.9997103214263916,0.0,0.0,13.292
FEAT_A8,0.4763,0.8034,2.0,1500,0,560,1.008413553237915,0.9997103214263916,0.0,0.0,6.0
EKF,0.4763,0.8034,2.0,1775,0,560,1.008413553237915,0.9997103214263916,0.0,0.23348398506641388,7.1
EKF_P,0.4763,0.8034,2.0,1225,0,560,1.008413553237915,0.9997103214263916,0.0,0.23440991342067719,4.9
REFF,0.6506,0.9169,2.0,739,0,560,0.9627489447593689,0.9851827025413513,0.01209175679832697,0.0,2.956
TRIM,0.6506,0.9169,2.0,1629,0,560,0.9627489447593689,0.9851827025413513,0.0,0.0,6.516
SOLVE,0.6506,0.9169,2.0,10345,17,560,0.9627489447593689,0.9851827025413513,0.0,-73.98146057128906,41.38
FULL,0.6506,0.9169,2.0,11967,17,560,0.9627489447593689,0.9851827025413513,0.0,-73.98146057128906,47.868
FEAT,0.6506,0.9169,2.0,3310,0,560,0.9627489447593689,0.9851827025413513,0.0,0.0,13.24
FEAT_A8,0.6506,0.9169,2.0,1507,0,560,0.9627489447593689,0.9851827025413513,0.0,0.0,6.028
EKF,0.6506,0.9169,2.0,1745,0,560,0.9627489447593689,0.9851827025413513,0.0,0.2325231283903122,6.98
EKF_P,0.6506,0.9169,2.0,1189,0,560,0.9627489447593689,0.9851827025413513,0.0,0.2334490567445755,4.756
REFF,0.5639,0.8481,2.0,794,0,560,0.9806785583496094,0.9909526109695435,0.015572989359498024,0.0,3.176
TRIM,0.5639,0.8481,2.0,1627,0,560,0.9806785583496094,0.9909526109695435,0.0,0.0,6.508
SOLVE,0.5639,0.8481,2.0,11791,17,560,0.9806785583496094,0.9909526109695435,0.0,-55.83889389038086,47.164
FULL,0.5639,0.8481,2.0,13380,17,560,0.9806785583496094,0.9909526109695435,0.0,-55.83889389038086,53.52
FEAT,0.5639,0.8481,2.0,3370,0,560,0.9806785583496094,0.9909526109695435,0.0,0.0,13.48
FEAT_A8,0.5639,0.8481,2.0,1548,0,560,0.9806785583496094,0.9909526109695435,0.0,0.0,6.192
EKF,0.5639,0.8481,2.0,1797,0,560,0.9806785583496094,0.9909526109695435,0.0,0.23093827068805695,7.188
EKF_P,0.5639,0.8481,2.0,1219,0,560,0.9806785583496094,0.9909526109695435,0.0,0.23186419904232025,4.876
REFF,0.3358,0.9674,2.0,757,0,560,1.3594759702682495,1.1179553270339966,0.013988504186272621,0.0,3.028
TRIM,0.3358,0.9674,2.0,1719,0,560,1.3594759702682495,1.1179553270339966,0.0,0.0,6.876
SOLVE,0.3358,0.9674,2.0,10363,17,560,1.3594759702682495,1.1179553270339966,0.0,-64.32584381103516,41.452
FULL,0.3358,0.9674,2.0,12093,17,560,1.3594759702682495,1.1179553270339966,0.0,-64.32584381103516,48.372
FEAT,0.3358,0.9674,2.0,3336,0,560,1.3594759702682495,1.1179553270339966,0.0,0.0,13.344
FEAT_A8,0.3358,0.9674,2.0,1539,0,560,1.3594759702682495,1.1179553270339966,0.0,0.0,6.156
EKF,0.3358,0.9674,2.0,1816,0,560,1.3594759702682495,1.1179553270339966,0.0,0.23035453259944916,7.264
EKF_P,0.3358,0.9674,2.0,1266,0,560,1.3594759702682495,1.1179553270339966,0.0,0.23128046095371246,5.064
REFF,0.7755,0.84,10.0,795,0,560,1.0802185535430908,1.0218515396118164,0.02528330869972706,0.0,3.18
TRIM,0.7755,0.84,10.0,1627,0,560,1.0802185535430908,1.0218515396118164,0.0,0.0,6.508
SOLVE,0.7755,0.84,10.0,11224,17,560,1.0802185535430908,1.0218515396118164,0.0,-50.289180755615234,44.896
FULL,0.7755,0.84,10.0,12831,17,560,1.0802185535430908,1.0218515396118164,0.0,-50.289180755615234,51.324
FEAT,0.7755,0.84,10.0,3294,0,560,1.0802185535430908,1.0218515396118164,0.0,0.0,13.176
FEAT_A8,0.7755,0.84,10.0,1483,0,560,1.0802185535430908,1.0218515396118164,0.0,0.0,5.932
EKF,0.7755,0.84,10.0,1739,0,560,1.0802185535430908,1.0218515396118164,0.0,0.23083321750164032,6.956
EKF_P,0.7755,0.84,10.0,1189,0,560,1.0802185535430908,1.0218515396118164,0.0,0.23175914585590363,4.756
REFF,0.7768,0.9066,10.0,775,0,560,1.0109411478042603,1.000500202178955,0.01826273463666439,0.0,3.1
TRIM,0.7768,0.9066,10.0,1628,0,560,1.0109411478042603,1.000500202178955,0.0,0.0,6.512
SOLVE,0.7768,0.9066,10.0,11599,18,560,1.0109411478042603,1.000500202178955,0.0,-80.65741729736328,46.396
FULL,0.7768,0.9066,10.0,13200,18,560,1.0109411478042603,1.000500202178955,0.0,-80.65741729736328,52.8
FEAT,0.7768,0.9066,10.0,3284,0,560,1.0109411478042603,1.000500202178955,0.0,0.0,13.136
FEAT_A8,0.7768,0.9066,10.0,1477,0,560,1.0109411478042603,1.000500202178955,0.0,0.0,5.908
EKF,0.7768,0.9066,10.0,1739,0,560,1.0109411478042603,1.000500202178955,0.0,0.23373568058013916,6.956
EKF_P,0.7768,0.9066,10.0,1189,0,560,1.0109411478042603,1.000500202178955,0.0,0.23466160893440247,4.756
REFF,0.6839,0.96,10.0,782,0,560,0.9864829182624817,0.9928006529808044,0.014918207190930843,0.0,3.128
TRIM,0.6839,0.96,10.0,1627,0,560,0.9864829182624817,0.9928006529808044,0.0,0.0,6.508
SOLVE,0.6839,0.96,10.0,11814,18,560,0.9864829182624817,0.9928006529808044,0.0,-97.86799621582031,47.256
FULL,0.6839,0.96,10.0,13427,18,560,0.9864829182624817,0.9928006529808044,0.0,-97.86799621582031,53.708
FEAT,0.6839,0.96,10.0,3291,0,560,0.9864829182624817,0.9928006529808044,0.0,0.0,13.164
FEAT_A8,0.6839,0.96,10.0,1476,0,560,0.9864829182624817,0.9928006529808044,0.0,0.0,5.904
EKF,0.6839,0.96,10.0,1745,0,560,0.9864829182624817,0.9928006529808044,0.0,0.23644694685935974,6.98
EKF_P,0.6839,0.96,10.0,1189,0,560,0.9864829182624817,0.9928006529808044,0.0,0.23737287521362305,4.756
REFF,0.3253,0.9221,10.0,806,0,560,1.030561089515686,1.0065960884094238,0.016674082726240158,0.0,3.224
TRIM,0.3253,0.9221,10.0,1621,0,560,1.030561089515686,1.0065960884094238,0.0,0.0,6.484
SOLVE,0.3253,0.9221,10.0,11000,17,560,1.030561089515686,1.0065960884094238,0.0,-49.60723114013672,44.0
FULL,0.3253,0.9221,10.0,12588,17,560,1.030561089515686,1.0065960884094238,0.0,-49.60723114013672,50.352
FEAT,0.3253,0.9221,10.0,3316,0,560,1.030561089515686,1.0065960884094238,0.0,0.0,13.264
FEAT_A8,0.3253,0.9221,10.0,1500,0,560,1.030561089515686,1.0065960884094238,0.0,0.0,6.0
EKF,0.3253,0.9221,10.0,1792,0,560,1.030561089515686,1.0065960884094238,0.0,0.23461800813674927,7.168
EKF_P,0.3253,0.9221,10.0,1219,0,560,1.030561089515686,1.0065960884094238,0.0,0.23554393649101257,4.876
REFF,0.4777,0.7965,2.0,733,0,560,0.9751250743865967,0.9891757965087891,0.020583342760801315,0.0,2.932
TRIM,0.4777,0.7965,2.0,1629,0,560,0.9751250743865967,0.9891757965087891,0.0,0.0,6.516
SOLVE,0.4777,0.7965,2.0,11177,18,560,0.9751250743865967,0.9891757965087891,0.0,-75.58720397949219,44.708
FULL,0.4777,0.7965,2.0,12785,18,560,0.9751250743865967,0.9891757965087891,0.0,-75.58720397949219,51.14
FEAT,0.4777,0.7965,2.0,3294,0,560,0.9751250743865967,0.9891757965087891,0.0,0.0,13.176
FEAT_A8,0.4777,0.7965,2.0,1483,0,560,0.9751250743865967,0.9891757965087891,0.0,0.0,5.932
EKF,0.4777,0.7965,2.0,1746,0,560,0.9751250743865967,0.9891757965087891,0.0,0.23967477679252625,6.984
EKF_P,0.4777,0.7965,2.0,1195,0,560,0.9751250743865967,0.9891757965087891,0.0,0.24060070514678955,4.78
REFF,0.2663,0.7511,10.0,779,0,560,0.9743074178695679,0.9889134764671326,0.06607817858457565,0.0,3.116
TRIM,0.2663,0.7511,10.0,1634,0,560,0.9743074178695679,0.9889134764671326,0.0,0.0,6.536
SOLVE,0.2663,0.7511,10.0,16121,24,560,0.9743074178695679,0.9889134764671326,0.0,-30.24514389038086,64.484
FULL,0.2663,0.7511,10.0,17754,24,560,0.9743074178695679,0.9889134764671326,0.0,-30.24514389038086,71.016
FEAT,0.2663,0.7511,10.0,3278,0,560,0.9743074178695679,0.9889134764671326,0.0,0.0,13.112
FEAT_A8,0.2663,0.7511,10.0,1487,0,560,0.9743074178695679,0.9889134764671326,0.0,0.0,5.948
EKF,0.2663,0.7511,10.0,1743,0,560,0.9743074178695679,0.9889134764671326,0.0,0.23244746029376984,6.972
EKF_P,0.2663,0.7511,10.0,1193,0,560,0.9743074178695679,0.9889134764671326,0.0,0.23337338864803314,4.772
REFF,0.3853,0.9411,10.0,775,0,560,0.9992976188659668,0.9968509674072266,0.014414841309189796,0.0,3.1
TRIM,0.3853,0.9411,10.0,1634,0,560,0.9992976188659668,0.9968509674072266,0.0,0.0,6.536
SOLVE,0.3853,0.9411,10.0,10957,17,560,0.9992976188659668,0.9968509674072266,0.0,-64.87075805664062,43.828
FULL,0.3853,0.9411,10.0,12584,17,560,0.9992976188659668,0.9968509674072266,0.0,-64.87075805664062,50.336
FEAT,0.3853,0.9411,10.0,3279,0,560,0.9992976188659668,0.9968509674072266,0.0,0.0,13.116
FEAT_A8,0.3853,0.9411,10.0,1483,0,560,0.9992976188659668,0.9968509674072266,0.0,0.0,5.932
EKF,0.3853,0.9411,10.0,1739,0,560,0.9992976188659668,0.9968509674072266,0.0,0.23174795508384705,6.956
EKF_P,0.3853,0.9411,10.0,1189,0,560,0.9992976188659668,0.9968509674072266,0.0,0.23267388343811035,4.756
REFF,0.6105,0.9704,10.0,820,0,560,1.0650479793548584,1.017204999923706,0.015321034006774426,0.0,3.28
TRIM,0.6105,0.9704,10.0,1621,0,560,1.0650479793548584,1.017204999923706,0.0,0.0,6.484
SOLVE,0.6105,0.9704,10.0,11637,18,560,1.0650479793548584,1.017204999923706,0.0,-88.78865814208984,46.548
FULL,0.6105,0.9704,10.0,13244,18,560,1.0650479793548584,1.017204999923706,0.0,-88.78865814208984,52.976
FEAT,0.6105,0.9704,10.0,3355,0,560,1.0650479793548584,1.017204999923706,0.0,0.0,13.42
FEAT_A8,0.6105,0.9704,10.0,1533,0,560,1.0650479793548584,1.017204999923706,0.0,0.0,6.132
EKF,0.6105,0.9704,10.0,1787,0,560,1.0650479793548584,1.017204999923706,0.0,0.2337842583656311,7.148
EKF_P,0.6105,0.9704,10.0,1213,0,560,1.0650479793548584,1.017204999923706,0.0,0.2347101867198944,4.852
REFF,0.6022,0.9762,10.0,813,0,560,1.0743767023086548,1.0200626850128174,0.015260064043104649,0.0,3.252
TRIM,0.6022,0.9762,10.0,1621,0,560,1.0743767023086548,1.0200626850128174,0.0,0.0,6.484
SOLVE,0.6022,0.9762,10.0,11637,18,560,1.0743767023086548,1.0200626850128174,0.0,-94.38703918457031,46.548
FULL,0.6022,0.9762,10.0,13244,18,560,1.0743767023086548,1.0200626850128174,0.0,-94.38703918457031,52.976
FEAT,0.6022,0.9762,10.0,3373,0,560,1.0743767023086548,1.0200626850128174,0.0,0.0,13.492
FEAT_A8,0.6022,0.9762,10.0,1533,0,560,1.0743767023086548,1.0200626850128174,0.0,0.0,6.132
EKF,0.6022,0.9762,10.0,1787,0,560,1.0743767023086548,1.0200626850128174,0.0,0.23646126687526703,7.148
EKF_P,0.6022,0.9762,10.0,1213,0,560,1.0743767023086548,1.0200626850128174,0.0,0.23738719522953033,4.852
REFF,0.7448,0.9544,2.0,733,0,560,0.965832531452179,0.9861822128295898,0.011632055975496769,0.0,2.932
TRIM,0.7448,0.9544,2.0,1629,0,560,0.965832531452179,0.9861822128295898,0.0,0.0,6.516
SOLVE,0.7448,0.9544,2.0,11159,18,560,0.965832531452179,0.9861822128295898,0.0,-107.05647277832031,44.636
FULL,0.7448,0.9544,2.0,12761,18,560,0.965832531452179,0.9861822128295898,0.0,-107.05647277832031,51.044
FEAT,0.7448,0.9544,2.0,3294,0,560,0.965832531452179,0.9861822128295898,0.0,0.0,13.176
FEAT_A8,0.7448,0.9544,2.0,1477,0,560,0.965832531452179,0.9861822128295898,0.0,0.0,5.908
EKF,0.7448,0.9544,2.0,1739,0,560,0.965832531452179,0.9861822128295898,0.0,0.23807236552238464,6.956
EKF_P,0.7448,0.9544,2.0,1189,0,560,0.965832531452179,0.9861822128295898,0.0,0.23899829387664795,4.756
REFF,0.5698,0.8021,2.0,757,0,560,1.0833724737167358,1.0228172540664673,0.020060289651155472,0.0,3.028
TRIM,0.5698,0.8021,2.0,1621,0,560,1.0833724737167358,1.0228172540664673,0.0,0.0,6.484
SOLVE,0.5698,0.8021,2.0,10618,17,560,1.0833724737167358,1.0228172540664673,0.0,-69.07086944580078,42.472
FULL,0.5698,0.8021,2.0,12206,17,560,1.0833724737167358,1.0228172540664673,0.0,-69.07086944580078,48.824
FEAT,0.5698,0.8021,2.0,3358,0,560,1.0833724737167358,1.0228172540664673,0.0,0.0,13.432
FEAT_A8,0.5698,0.8021,2.0,1525,0,560,1.0833724737167358,1.0228172540664673,0.0,0.0,6.1
EKF,0.5698,0.8021,2.0,1800,0,560,1.0833724737167358,1.0228172540664673,0.0,0.24083232879638672,7.2
EKF_P,0.5698,0.8021,2.0,1225,0,560,1.0833724737167358,1.0228172540664673,0.0,0.24175825715065002,4.9
REFF,0.3191,0.8828,2.0,757,0,560,1.0655744075775146,1.0173662900924683,0.01601065881550312,0.0,3.028
TRIM,0.3191,0.8828,2.0,1621,0,560,1.0655744075775146,1.0173662900924683,0.0,0.0,6.484
SOLVE,0.3191,0.8828,2.0,10388,17,560,1.0655744075775146,1.0173662900924683,0.0,-72.80323028564453,41.552
FULL,0.3191,0.8828,2.0,11970,17,560,1.0655744075775146,1.0173662900924683,0.0,-72.80323028564453,47.88
FEAT,0.3191,0.8828,2.0,3326,0,560,1.0655744075775146,1.0173662900924683,0.0,0.0,13.304
FEAT_A8,0.3191,0.8828,2.0,1494,0,560,1.0655744075775146,1.0173662900924683,0.0,0.0,5.976
EKF,0.3191,0.8828,2.0,1801,0,560,1.0655744075775146,1.0173662900924683,0.0,0.24170486629009247,7.204
EKF_P,0.3191,0.8828,2.0,1219,0,560,1.0655744075775146,1.0173662900924683,0.0,0.24263079464435577,4.876
REFF,0.7323,0.7753,10.0,830,0,560,0.9754442572593689,0.9892781972885132,0.030434947460889816,0.0,3.32
TRIM,0.7323,0.7753,10.0,1629,0,560,0.9754442572593689,0.9892781972885132,0.0,0.0,6.516
SOLVE,0.7323,0.7753,10.0,11820,17,560,0.9754442572593689,0.9892781972885132,0.0,-45.623992919921875,47.28
FULL,0.7323,0.7753,10.0,13423,17,560,0.9754442572593689,0.9892781972885132,0.0,-45.623992919921875,53.692
FEAT,0.7323,0.7753,10.0,3349,0,560,0.9754442572593689,0.9892781972885132,0.0,0.0,13.396
FEAT_A8,0.7323,0.7753,10.0,1519,0,560,0.9754442572593689,0.9892781972885132,0.0,0.0,6.076
EKF,0.7323,0.7753,10.0,1785,0,560,0.9754442572593689,0.9892781972885132,0.0,0.24041339755058289,7.14
EKF_P,0.7323,0.7753,10.0,1229,0,560,0.9754442572593689,0.9892781972885132,0.0,0.2413393259048462,4.916
REFF,0.4898,0.8913,2.0,757,0,560,1.0218993425369263,1.0039122104644775,0.014103914611041546,0.0,3.028
TRIM,0.4898,0.8913,2.0,1621,0,560,1.0218993425369263,1.0039122104644775,0.0,0.0,6.484
SOLVE,0.4898,0.8913,2.0,11411,18,560,1.0218993425369263,1.0039122104644775,0.0,-89.54637908935547,45.644
FULL,0.4898,0.8913,2.0,13005,18,560,1.0218993425369263,1.0039122104644775,0.0,-89.54637908935547,52.02
FEAT,0.4898,0.8913,2.0,3347,0,560,1.0218993425369263,1.0039122104644775,0.0,0.0,13.388
FEAT_A8,0.4898,0.8913,2.0,1507,0,560,1.0218993425369263,1.0039122104644775,0.0,0.0,6.028
EKF,0.4898,0.8913,2.0,1794,0,560,1.0218993425369263,1.0039122104644775,0.0,0.24224111437797546,7.176
EKF_P,0.4898,0.8913,2.0,1219,0,560,1.0218993425369263,1.0039122104644775,0.0,0.24316704273223877,4.876
REFF,0.713,0.8696,10.0,786,0,560,1.0331926345825195,1.0074095726013184,0.019962718710303307,0.0,3.144
TRIM,0.713,0.8696,10.0,1621,0,560,1.0331926345825195,1.0074095726013184,0.0,0.0,6.484
SOLVE,0.713,0.8696,10.0,11268,17,560,1.0331926345825195,1.0074095726013184,0.0,-58.80140686035156,45.072
FULL,0.713,0.8696,10.0,12869,17,560,1.0331926345825195,1.0074095726013184,0.0,-58.80140686035156,51.476
FEAT,0.713,0.8696,10.0,3311,0,560,1.0331926345825195,1.0074095726013184,0.0,0.0,13.244
FEAT_A8,0.713,0.8696,10.0,1490,0,560,1.0331926345825195,1.0074095726013184,0.0,0.0,5.96
EKF,0.713,0.8696,10.0,1739,0,560,1.0331926345825195,1.0074095726013184,0.0,0.2425660640001297,6.956
EKF_P,0.713,0.8696,10.0,1189,0,560,1.0331926345825195,1.0074095726013184,0.0,0.243491992354393,4.756
REFF,0.4007,0.8027,10.0,799,0,560,0.9436177611351013,0.9789056777954102,0.025753101333975792,0.0,3.196
TRIM,0.4007,0.8027,10.0,1635,0,560,0.9436177611351013,0.9789056777954102,0.0,0.0,6.54
SOLVE,0.4007,0.8027,10.0,11001,17,560,0.9436177611351013,0.9789056777954102,0.0,-48.30972671508789,44.004
FULL,0.4007,0.8027,10.0,12608,17,560,0.9436177611351013,0.9789056777954102,0.0,-48.30972671508789,50.432
FEAT,0.4007,0.8027,10.0,3333,0,560,0.9436177611351013,0.9789056777954102,0.0,0.0,13.332
FEAT_A8,0.4007,0.8027,10.0,1494,0,560,0.9436177611351013,0.9789056777954102,0.0,0.0,5.976
EKF,0.4007,0.8027,10.0,1799,0,560,0.9436177611351013,0.9789056777954102,0.0,0.24417845904827118,7.196
EKF_P,0.4007,0.8027,10.0,1225,0,560,0.9436177611351013,0.9789056777954102,0.0,0.24510438740253448,4.9
REFF,0.3368,0.9735,10.0,799,0,560,1.0159651041030884,1.002066969871521,0.013754568994045258,0.0,3.196
TRIM,0.3368,0.9735,10.0,1641,0,560,1.0159651041030884,1.002066969871521,0.0,0.0,6.564
SOLVE,0.3368,0.9735,10.0,11617,18,560,1.0159651041030884,1.002066969871521,0.0,-90.19510650634766,46.468
FULL,0.3368,0.9735,10.0,13244,18,560,1.0159651041030884,1.002066969871521,0.0,-90.19510650634766,52.976
FEAT,0.3368,0.9735,10.0,3326,0,560,1.0159651041030884,1.002066969871521,0.0,0.0,13.304
FEAT_A8,0.3368,0.9735,10.0,1527,0,560,1.0159651041030884,1.002066969871521,0.0,0.0,6.108
EKF,0.3368,0.9735,10.0,1798,0,560,1.0159651041030884,1.002066969871521,0.0,0.24579572677612305,7.192
EKF_P,0.3368,0.9735,10.0,1219,0,560,1.0159651041030884,1.002066969871521,0.0,0.24672165513038635,4.876
REFF,0.5719,0.9435,10.0,789,0,560,1.3594759702682495,1.1179553270339966,0.01867060735821724,0.0,3.156
TRIM,0.5719,0.9435,10.0,1693,0,560,1.3594759702682495,1.1179553270339966,0.0,0.0,6.772
SOLVE,0.5719,0.9435,10.0,11069,17,560,1.3594759702682495,1.1179553270339966,0.0,-62.15642166137695,44.276
FULL,0.5719,0.9435,10.0,12741,17,560,1.3594759702682495,1.1179553270339966,0.0,-62.15642166137695,50.964
FEAT,0.5719,0.9435,10.0,3311,0,560,1.3594759702682495,1.1179553270339966,0.0,0.0,13.244
FEAT_A8,0.5719,0.9435,10.0,1483,0,560,1.3594759702682495,1.1179553270339966,0.0,0.0,5.932
EKF,0.5719,0.9435,10.0,1794,0,560,1.3594759702682495,1.1179553270339966,0.0,0.24634814262390137,7.176
EKF_P,0.5719,0.9435,10.0,1236,0,560,1.3594759702682495,1.1179553270339966,0.0,0.24727407097816467,4.944
REFF,0.3808,0.7859,2.0,733,0,560,0.9752248525619507,0.9892078042030334,0.024208514019846916,0.0,2.932
TRIM,0.3808,0.7859,2.0,1633,0,560,0.9752248525619507,0.9892078042030334,0.0,0.0,6.532
SOLVE,0.3808,0.7859,2.0,10346,17,560,0.9752248525619507,0.9892078042030334,0.0,-63.06924819946289,41.384
FULL,0.3808,0.7859,2.0,11958,17,560,0.9752248525619507,0.9892078042030334,0.0,-63.06924819946289,47.832
FEAT,0.3808,0.7859,2.0,3297,0,560,0.9752248525619507,0.9892078042030334,0.0,0.0,13.188
FEAT_A8,0.3808,0.7859,2.0,1470,0,560,0.9752248525619507,0.9892078042030334,0.0,0.0,5.88
EKF,0.3808,0.7859,2.0,1752,0,560,0.9752248525619507,0.9892078042030334,0.0,0.2472703754901886,7.008
EKF_P,0.3808,0.7859,2.0,1195,0,560,0.9752248525619507,0.9892078042030334,0.0,0.2481963038444519,4.78
REFF,0.7909,0.9059,2.0,733,0,560,0.9984921813011169,0.9965975284576416,0.013977802358567715,0.0,2.932
TRIM,0.7909,0.9059,2.0,1640,0,560,0.9984921813011169,0.9965975284576416,0.0,0.0,6.56
SOLVE,0.7909,0.9059,2.0,10945,18,560,0.9984921813011169,0.9965975284576416,0.0,-77.30032348632812,43.78
FULL,0.7909,0.9059,2.0,12552,18,560,0.9984921813011169,0.9965975284576416,0.0,-77.30032348632812,50.208
FEAT,0.7909,0.9059,2.0,3288,0,560,0.9984921813011169,0.9965975284576416,0.0,0.0,13.152
FEAT_A8,0.7909,0.9059,2.0,1477,0,560,0.9984921813011169,0.9965975284576416,0.0,0.0,5.908
EKF,0.7909,0.9059,2.0,1746,0,560,0.9984921813011169,0.9965975284576416,0.0,0.2468908727169037,6.984
EKF_P,0.7909,0.9059,2.0,1189,0,560,0.9984921813011169,0.9965975284576416,0.0,0.247816801071167,4.756
REFF,0.5944,0.9654,10.0,813,0,560,1.0629054307937622,1.0165482759475708,0.015152540989220142,0.0,3.252
TRIM,0.5944,0.9654,10.0,1621,0,560,1.0629054307937622,1.0165482759475708,0.0,0.0,6.484
SOLVE,0.5944,0.9654,10.0,11637,18,560,1.0629054307937622,1.0165482759475708,0.0,-74.82494354248047,46.548
FULL,0.5944,0.9654,10.0,13244,18,560,1.0629054307937622,1.0165482759475708,0.0,-74.82494354248047,52.976
FEAT,0.5944,0.9654,10.0,3370,0,560,1.0629054307937622,1.0165482759475708,0.0,0.0,13.48
FEAT_A8,0.5944,0.9654,10.0,1533,0,560,1.0629054307937622,1.0165482759475708,0.0,0.0,6.132
EKF,0.5944,0.9654,10.0,1800,0,560,1.0629054307937622,1.0165482759475708,0.0,0.24675218760967255,7.2
EKF_P,0.5944,0.9654,10.0,1219,0,560,1.0629054307937622,1.0165482759475708,0.0,0.24767811596393585,4.876
REFF,0.3153,0.9517,2.0,733,0,560,1.0653094053268433,1.0172851085662842,0.012021707370877266,0.0,2.932
TRIM,0.3153,0.9517,2.0,1621,0,560,1.0653094053268433,1.0172851085662842,0.0,0.0,6.484
SOLVE,0.3153,0.9517,2.0,10939,18,560,1.0653094053268433,1.0172851085662842,0.0,-111.54364013671875,43.756
FULL,0.3153,0.9517,2.0,12539,18,560,1.0653094053268433,1.0172851085662842,0.0,-111.54364013671875,50.156
FEAT,0.3153,0.9517,2.0,3290,0,560,1.0653094053268433,1.0172851085662842,0.0,0.0,13.16
FEAT_A8,0.3153,0.9517,2.0,1476,0,560,1.0653094053268433,1.0172851085662842,0.0,0.0,5.904
EKF,0.3153,0.9517,2.0,1756,0,560,1.0653094053268433,1.0172851085662842,0.0,0.24997185170650482,7.024
EKF_P,0.3153,0.9517,2.0,1189,0,560,1.0653094053268433,1.0172851085662842,0.0,0.25089776515960693,4.756
REFF,0.3388,0.8963,2.0,757,0,560,1.0002093315124512,0.997137725353241,0.013554899953305721,0.0,3.028
TRIM,0.3388,0.8963,2.0,1636,0,560,1.0002093315124512,0.997137725353241,0.0,0.0,6.544
SOLVE,0.3388,0.8963,2.0,10969,18,560,1.0002093315124512,0.997137725353241,0.0,-96.04664611816406,43.876
FULL,0.3388,0.8963,2.0,12591,18,560,1.0002093315124512,0.997137725353241,0.0,-96.04664611816406,50.364
FEAT,0.3388,0.8963,2.0,3326,0,560,1.0002093315124512,0.997137725353241,0.0,0.0,13.304
FEAT_A8,0.3388,0.8963,2.0,1513,0,560,1.0002093315124512,0.997137725353241,0.0,0.0,6.052
EKF,0.3388,0.8963,2.0,1789,0,560,1.0002093315124512,0.997137725353241,0.0,0.2525207996368408,7.156
EKF_P,0.3388,0.8963,2.0,1219,0,560,1.0002093315124512,0.997137725353241,0.0,0.2534467279911041,4.876
REFF,0.6247,0.7941,10.0,799,0,560,0.9905407428741455,0.9940873980522156,0.027353636920452118,0.0,3.196
TRIM,0.6247,0.7941,10.0,1627,0,560,0.9905407428741455,0.9940873980522156,0.0,0.0,6.508
SOLVE,0.6247,0.7941,10.0,10478,16,560,0.9905407428741455,0.9940873980522156,0.0,-36.36948776245117,41.912
FULL,0.6247,0.7941,10.0,12104,16,560,0.9905407428741455,0.9940873980522156,0.0,-36.36948776245117,48.416
FEAT,0.6247,0.7941,10.0,3353,0,560,0.9905407428741455,0.9940873980522156,0.0,0.0,13.412
FEAT_A8,0.6247,0.7941,10.0,1532,0,560,0.9905407428741455,0.9940873980522156,0.0,0.0,6.128
EKF,0.6247,0.7941,10.0,1751,0,560,0.9905407428741455,0.9940873980522156,0.0,0.24618595838546753,7.004
EKF_P,0.6247,0.7941,10.0,1195,0,560,0.9905407428741455,0.9940873980522156,0.0,0.24711188673973083,4.78
REFF,0.7709,0.7999,10.0,780,0,560,1.219865083694458,1.0657645463943481,0.02982044778764248,0.0,3.12
TRIM,0.7709,0.7999,10.0,1643,0,560,1.219865083694458,1.0657645463943481,0.0,0.0,6.572
SOLVE,0.7709,0.7999,10.0,10685,16,560,1.219865083694458,1.0657645463943481,0.0,-31.86914825439453,42.74
FULL,0.7709,0.7999,10.0,12301,16,560,1.219865083694458,1.0657645463943481,0.0,-31.86914825439453,49.204
FEAT,0.7709,0.7999,10.0,3291,0,560,1.219865083694458,1.0657645463943481,0.0,0.0,13.164
FEAT_A8,0.7709,0.7999,10.0,1477,0,560,1.219865083694458,1.0657645463943481,0.0,0.0,5.908
EKF,0.7709,0.7999,10.0,1765,0,560,1.219865083694458,1.0657645463943481,0.0,0.2398705929517746,7.06
EKF_P,0.7709,0.7999,10.0,1214,0,560,1.219865083694458,1.0657645463943481,0.0,0.2407965213060379,4.856
REFF,0.5857,0.7941,10.0,775,0,560,1.318827748298645,1.1011689901351929,0.032707907259464264,0.0,3.1
TRIM,0.5857,0.7941,10.0,1671,0,560,1.318827748298645,1.1011689901351929,0.0,0.0,6.684
SOLVE,0.5857,0.7941,10.0,12858,18,560,1.318827748298645,1.1011689901351929,0.0,-28.665794372558594,51.432
FULL,0.5857,0.7941,10.0,14502,18,560,1.318827748298645,1.1011689901351929,0.0,-28.665794372558594,58.008
FEAT,0.5857,0.7941,10.0,3324,0,560,1.318827748298645,1.1011689901351929,0.0,0.0,13.296
FEAT_A8,0.5857,0.7941,10.0,1490,0,560,1.318827748298645,1.1011689901351929,0.0,0.0,5.96
EKF,0.5857,0.7941,10.0,1788,0,560,1.318827748298645,1.1011689901351929,0.0,0.23027275502681732,7.152
EKF_P,0.5857,0.7941,10.0,1223,0,560,1.318827748298645,1.1011689901351929,0.0,0.23119868338108063,4.892
REFF,0.7749,0.8416,10.0,805,0,560,0.9773651957511902,0.9898936152458191,0.023162342607975006,0.0,3.22
TRIM,0.7749,0.8416,10.0,1639,0,560,0.9773651957511902,0.9898936152458191,0.0,0.0,6.556
SOLVE,0.7749,0.8416,10.0,11260,17,560,0.9773651957511902,0.9898936152458191,0.0,-49.578433990478516,45.04
FULL,0.7749,0.8416,10.0,12873,17,560,0.9773651957511902,0.9898936152458191,0.0,-49.578433990478516,51.492
FEAT,0.7749,0.8416,10.0,3339,0,560,0.9773651957511902,0.9898936152458191,0.0,0.0,13.356
FEAT_A8,0.7749,0.8416,10.0,1513,0,560,0.9773651957511902,0.9898936152458191,0.0,0.0,6.052
EKF,0.7749,0.8416,10.0,1775,0,560,0.9773651957511902,0.9898936152458191,0.0,0.2285062074661255,7.1
EKF_P,0.7749,0.8416,10.0,1219,0,560,0.9773651957511902,0.9898936152458191,0.0,0.2294321358203888,4.876
REFF,0.394,0.833,10.0,775,0,560,1.0331926345825195,1.0074095726013184,0.024241086095571518,0.0,3.1
TRIM,0.394,0.833,10.0,1621,0,560,1.0331926345825195,1.0074095726013184,0.0,0.0,6.484
SOLVE,0.394,0.833,10.0,10971,17,560,1.0331926345825195,1.0074095726013184,0.0,-49.95875549316406,43.884
FULL,0.394,0.833,10.0,12570,17,560,1.0331926345825195,1.0074095726013184,0.0,-49.95875549316406,50.28
FEAT,0.394,0.833,10.0,3303,0,560,1.0331926345825195,1.0074095726013184,0.0,0.0,13.212
FEAT_A8,0.394,0.833,10.0,1470,0,560,1.0331926345825195,1.0074095726013184,0.0,0.0,5.88
EKF,0.394,0.833,10.0,1749,0,560,1.0331926345825195,1.0074095726013184,0.0,0.22906772792339325,6.996
EKF_P,0.394,0.833,10.0,1189,0,560,1.0331926345825195,1.0074095726013184,0.0,0.22999365627765656,4.756
REFF,0.4487,0.8966,10.0,799,0,560,1.0895090103149414,1.0246965885162354,0.01758638396859169,0.0,3.196
TRIM,0.4487,0.8966,10.0,1643,0,560,1.0895090103149414,1.0246965885162354,0.0,0.0,6.572
SOLVE,0.4487,0.8966,10.0,10994,17,560,1.0895090103149414,1.0246965885162354,0.0,-71.3031005859375,43.976
FULL,0.4487,0.8966,10.0,12610,17,560,1.0895090103149414,1.0246965885162354,0.0,-71.3031005859375,50.44
FEAT,0.4487,0.8966,10.0,3326,0,560,1.0895090103149414,1.0246965885162354,0.0,0.0,13.304
FEAT_A8,0.4487,0.8966,10.0,1494,0,560,1.0895090103149414,1.0246965885162354,0.0,0.0,5.976
EKF,0.4487,0.8966,10.0,1794,0,560,1.0895090103149414,1.0246965885162354,0.0,0.23100081086158752,7.176
EKF_P,0.4487,0.8966,10.0,1238,0,560,1.0895090103149414,1.0246965885162354,0.0,0.23192673921585083,4.952
REFF,0.5908,0.8391,2.0,733,0,560,1.0063427686691284,0.9990622401237488,0.01734299212694168,0.0,2.932
TRIM,0.5908,0.8391,2.0,1624,0,560,1.0063427686691284,0.9990622401237488,0.0,0.0,6.496
SOLVE,0.5908,0.8391,2.0,10944,18,560,1.0063427686691284,0.9990622401237488,0.0,-73.48095703125,43.776
FULL,0.5908,0.8391,2.0,12547,18,560,1.0063427686691284,0.9990622401237488,0.0,-73.48095703125,50.188
FEAT,0.5908,0.8391,2.0,3309,0,560,1.0063427686691284,0.9990622401237488,0.0,0.0,13.236
FEAT_A8,0.5908,0.8391,2.0,1481,0,560,1.0063427686691284,0.9990622401237488,0.0,0.0,5.924
EKF,0.5908,0.8391,2.0,1750,0,560,1.0063427686691284,0.9990622401237488,0.0,0.23210781812667847,7.0
EKF_P,0.5908,0.8391,2.0,1189,0,560,1.0063427686691284,0.9990622401237488,0.0,0.23303374648094177,4.756
REFF,0.4382,0.8197,10.0,799,0,560,1.0428012609481812,1.0103731155395508,0.026174284517765045,0.0,3.196
TRIM,0.4382,0.8197,10.0,1621,0,560,1.0428012609481812,1.0103731155395508,0.0,0.0,6.484
SOLVE,0.4382,0.8197,10.0,11028,17,560,1.0428012609481812,1.0103731155395508,0.0,-47.43992614746094,44.112
FULL,0.4382,0.8197,10.0,12635,17,560,1.0428012609481812,1.0103731155395508,0.0,-47.43992614746094,50.54
FEAT,0.4382,0.8197,10.0,3326,0,560,1.0428012609481812,1.0103731155395508,0.0,0.0,13.304
FEAT_A8,0.4382,0.8197,10.0,1494,0,560,1.0428012609481812,1.0103731155395508,0.0,0.0,5.976
EKF,0.4382,0.8197,10.0,1788,0,560,1.0428012609481812,1.0103731155395508,0.0,0.23178035020828247,7.152
EKF_P,0.4382,0.8197,10.0,1225,0,560,1.0428012609481812,1.0103731155395508,0.0,0.23270627856254578,4.9
REFF,0.6286,0.8905,2.0,768,0,560,1.0210638046264648,1.0036526918411255,0.01440382655709982,0.0,3.072
TRIM,0.6286,0.8905,2.0,1621,0,560,1.0210638046264648,1.0036526918411255,0.0,0.0,6.484
SOLVE,0.6286,0.8905,2.0,10967,18,560,1.0210638046264648,1.0036526918411255,0.0,-75.7386703491211,43.868
FULL,0.6286,0.8905,2.0,12587,18,560,1.0210638046264648,1.0036526918411255,0.0,-75.7386703491211,50.348
FEAT,0.6286,0.8905,2.0,3387,0,560,1.0210638046264648,1.0036526918411255,0.0,0.0,13.548
FEAT_A8,0.6286,0.8905,2.0,1567,0,560,1.0210638046264648,1.0036526918411255,0.0,0.0,6.268
EKF,0.6286,0.8905,2.0,1788,0,560,1.0210638046264648,1.0036526918411255,0.0,0.23119740188121796,7.152
EKF_P,0.6286,0.8905,2.0,1219,0,560,1.0210638046264648,1.0036526918411255,0.0,0.23212333023548126,4.876
REFF,0.89,0.8484,10.0,802,0,560,0.9818107485771179,0.9913138151168823,0.02413010410964489,0.0,3.208
TRIM,0.89,0.8484,10.0,1627,0,560,0.9818107485771179,0.9913138151168823,0.0,0.0,6.508
SOLVE,0.89,0.8484,10.0,11204,17,560,0.9818107485771179,0.9913138151168823,0.0,-64.36344909667969,44.816
FULL,0.89,0.8484,10.0,12810,17,560,0.9818107485771179,0.9913138151168823,0.0,-64.36344909667969,51.24
FEAT,0.89,0.8484,10.0,3340,0,560,0.9818107485771179,0.9913138151168823,0.0,0.0,13.36
FEAT_A8,0.89,0.8484,10.0,1527,0,560,0.9818107485771179,0.9913138151168823,0.0,0.0,6.108
EKF,0.89,0.8484,10.0,1775,0,560,0.9818107485771179,0.9913138151168823,0.0,0.234445720911026,7.1
EKF_P,0.89,0.8484,10.0,1219,0,560,0.9818107485771179,0.9913138151168823,0.0,0.2353716492652893,4.876
REFF,0.2569,0.9513,2.0,733,0,560,1.1110644340515137,1.0313085317611694,0.012596409767866135,0.0,2.932
TRIM,0.2569,0.9513,2.0,1643,0,560,1.1110644340515137,1.0313085317611694,0.0,0.0,6.572
SOLVE,0.2569,0.9513,2.0,10959,18,560,1.1110644340515137,1.0313085317611694,0.0,-107.7831039428711,43.836
FULL,0.2569,0.9513,2.0,12568,18,560,1.1110644340515137,1.0313085317611694,0.0,-107.7831039428711,50.272
FEAT,0.2569,0.9513,2.0,3316,0,560,1.1110644340515137,1.0313085317611694,0.0,0.0,13.264
FEAT_A8,0.2569,0.9513,2.0,1489,0,560,1.1110644340515137,1.0313085317611694,0.0,0.0,5.956
EKF,0.2569,0.9513,2.0,1752,0,560,1.1110644340515137,1.0313085317611694,0.0,0.23852196335792542,7.008
EKF_P,0.2569,0.9513,2.0,1208,0,560,1.1110644340515137,1.0313085317611694,0.0,0.23944789171218872,4.832
REFF,0.2085,0.8611,2.0,733,0,560,1.0507875680923462,1.0128295421600342,0.023798957467079163,0.0,2.932
TRIM,0.2085,0.8611,2.0,1634,0,560,1.0507875680923462,1.0128295421600342,0.0,0.0,6.536
SOLVE,0.2085,0.8611,2.0,10386,17,560,1.0507875680923462,1.0128295421600342,0.0,-54.24380874633789,41.544
FULL,0.2085,0.8611,2.0,12019,17,560,1.0507875680923462,1.0128295421600342,0.0,-54.24380874633789,48.076
FEAT,0.2085,0.8611,2.0,3290,0,560,1.0507875680923462,1.0128295421600342,0.0,0.0,13.16
FEAT_A8,0.2085,0.8611,2.0,1483,0,560,1.0507875680923462,1.0128295421600342,0.0,0.0,5.932
EKF,0.2085,0.8611,2.0,1739,0,560,1.0507875680923462,1.0128295421600342,0.0,0.23592618107795715,6.956
EKF_P,0.2085,0.8611,2.0,1189,0,560,1.0507875680923462,1.0128295421600342,0.0,0.23685210943222046,4.756
REFF,0.8801,0.9565,2.0,733,0,560,1.0895090103149414,1.0246965885162354,0.01259938906878233,0.0,2.932
TRIM,0.8801,0.9565,2.0,1643,0,560,1.0895090103149414,1.0246965885162354,0.0,0.0,6.572
SOLVE,0.8801,0.9565,2.0,11134,18,560,1.0895090103149414,1.0246965885162354,0.0,-114.044189453125,44.536
FULL,0.8801,0.9565,2.0,12763,18,560,1.0895090103149414,1.0246965885162354,0.0,-114.044189453125,51.052
FEAT,0.8801,0.9565,2.0,3298,0,560,1.0895090103149414,1.0246965885162354,0.0,0.0,13.192
FEAT_A8,0.8801,0.9565,2.0,1483,0,560,1.0895090103149414,1.0246965885162354,0.0,0.0,5.932
EKF,0.8801,0.9565,2.0,1758,0,560,1.0895090103149414,1.0246965885162354,0.0,0.24021928012371063,7.032
EKF_P,0.8801,0.9565,2.0,1208,0,560,1.0895090103149414,1.0246965885162354,0.0,0.24114520847797394,4.832
REFF,0.5606,0.9415,10.0,783,0,560,1.004939317703247,0.9986225366592407,0.014555645175278187,0.0,3.132
TRIM,0.5606,0.9415,10.0,1624,0,560,1.004939317703247,0.9986225366592407,0.0,0.0,6.496
SOLVE,0.5606,0.9415,10.0,11956,18,560,1.004939317703247,0.9986225366592407,0.0,-86.81757354736328,47.824
FULL,0.5606,0.9415,10.0,13548,18,560,1.004939317703247,0.9986225366592407,0.0,-86.81757354736328,54.192
FEAT,0.5606,0.9415,10.0,3305,0,560,1.004939317703247,0.9986225366592407,0.0,0.0,13.22
FEAT_A8,0.5606,0.9415,10.0,1484,0,560,1.004939317703247,0.9986225366592407,0.0,0.0,5.936
EKF,0.5606,0.9415,10.0,1747,0,560,1.004939317703247,0.9986225366592407,0.0,0.24184799194335938,6.988
EKF_P,0.5606,0.9415,10.0,1189,0,560,1.004939317703247,0.9986225366592407,0.0,0.24277392029762268,4.756
REFF,0.374,0.9649,2.0,757,0,560,1.1109867095947266,1.0312846899032593,0.011444772593677044,0.0,3.028
TRIM,0.374,0.9649,2.0,1657,0,560,1.1109867095947266,1.0312846899032593,0.0,0.0,6.628
SOLVE,0.374,0.9649,2.0,10956,18,560,1.1109867095947266,1.0312846899032593,0.0,-93.26966857910156,43.824
FULL,0.374,0.9649,2.0,12612,18,560,1.1109867095947266,1.0312846899032593,0.0,-93.26966857910156,50.448
FEAT,0.374,0.9649,2.0,3326,0,560,1.1109867095947266,1.0312846899032593,0.0,0.0,13.304
FEAT_A8,0.374,0.9649,2.0,1513,0,560,1.1109867095947266,1.0312846899032593,0.0,0.0,6.052
EKF,0.374,0.9649,2.0,1807,0,560,1.1109867095947266,1.0312846899032593,0.0,0.24159039556980133,7.228
EKF_P,0.374,0.9649,2.0,1238,0,560,1.1109867095947266,1.0312846899032593,0.0,0.24251632392406464,4.952
REFF,0.5507,0.7922,10.0,801,0,560,0.9930168390274048,0.994870662689209,0.02627645805478096,0.0,3.204
TRIM,0.5507,0.7922,10.0,1627,0,560,0.9930168390274048,0.994870662689209,0.0,0.0,6.508
SOLVE,0.5507,0.7922,10.0,11414,17,560,0.9930168390274048,0.994870662689209,0.0,-41.03763198852539,45.656
FULL,0.5507,0.7922,10.0,13020,17,560,0.9930168390274048,0.994870662689209,0.0,-41.03763198852539,52.08
FEAT,0.5507,0.7922,10.0,3321,0,560,0.9930168390274048,0.994870662689209,0.0,0.0,13.284
FEAT_A8,0.5507,0.7922,10.0,1494,0,560,0.9930168390274048,0.994870662689209,0.0,0.0,5.976
EKF,0.5507,0.7922,10.0,1758,0,560,0.9930168390274048,0.994870662689209,0.0,0.23463505506515503,7.032
EKF_P,0.5507,0.7922,10.0,1195,0,560,0.9930168390274048,0.994870662689209,0.0,0.23556098341941833,4.78
REFF,0.6021,0.7829,10.0,780,0,560,0.9751728177070618,0.9891911149024963,0.02842033840715885,0.0,3.12
TRIM,0.6021,0.7829,10.0,1629,0,560,0.9751728177070618,0.9891911149024963,0.0,0.0,6.516
SOLVE,0.6021,0.7829,10.0,10668,16,560,0.9751728177070618,0.9891911149024963,0.0,-32.62392807006836,42.672
FULL,0.6021,0.7829,10.0,12283,16,560,0.9751728177070618,0.9891911149024963,0.0,-32.62392807006836,49.132
FEAT,0.6021,0.7829,10.0,3346,0,560,0.9751728177070618,0.9891911149024963,0.0,0.0,13.384
FEAT_A8,0.6021,0.7829,10.0,1539,0,560,0.9751728177070618,0.9891911149024963,0.0,0.0,6.156
EKF,0.6021,0.7829,10.0,1751,0,560,0.9751728177070618,0.9891911149024963,0.0,0.2189636379480362,7.004
EKF_P,0.6021,0.7829,10.0,1195,0,560,0.9751728177070618,0.9891911149024963,0.0,0.2198895663022995,4.78
REFF,0.7335,0.8913,2.0,771,0,560,1.0147550106048584,1.0016900300979614,0.014429761096835136,0.0,3.084
TRIM,0.7335,0.8913,2.0,1621,0,560,1.0147550106048584,1.0016900300979614,0.0,0.0,6.484
SOLVE,0.7335,0.8913,2.0,11684,18,560,1.0147550106048584,1.0016900300979614,0.0,-73.81726837158203,46.736
FULL,0.7335,0.8913,2.0,13279,18,560,1.0147550106048584,1.0016900300979614,0.0,-73.81726837158203,53.116
FEAT,0.7335,0.8913,2.0,3346,0,560,1.0147550106048584,1.0016900300979614,0.0,0.0,13.384
FEAT_A8,0.7335,0.8913,2.0,1533,0,560,1.0147550106048584,1.0016900300979614,0.0,0.0,6.132
EKF,0.7335,0.8913,2.0,1775,0,560,1.0147550106048584,1.0016900300979614,0.0,0.21803997457027435,7.1
EKF_P,0.7335,0.8913,2.0,1219,0,560,1.0147550106048584,1.0016900300979614,0.0,0.21896590292453766,4.876
REFF,0.7021,0.8614,10.0,782,0,560,1.331831693649292,1.1063491106033325,0.02492264285683632,0.0,3.128
TRIM,0.7021,0.8614,10.0,1693,0,560,1.331831693649292,1.1063491106033325,0.0,0.0,6.772
SOLVE,0.7021,0.8614,10.0,11172,17,560,1.331831693649292,1.1063491106033325,0.0,-60.351688385009766,44.688
FULL,0.7021,0.8614,10.0,12857,17,560,1.331831693649292,1.1063491106033325,0.0,-60.351688385009766,51.428
FEAT,0.7021,0.8614,10.0,3331,0,560,1.331831693649292,1.1063491106033325,0.0,0.0,13.324
FEAT_A8,0.7021,0.8614,10.0,1498,0,560,1.331831693649292,1.1063491106033325,0.0,0.0,5.992
EKF,0.7021,0.8614,10.0,1787,0,560,1.331831693649292,1.1063491106033325,0.0,0.22284989058971405,7.148
EKF_P,0.7021,0.8614,10.0,1230,0,560,1.331831693649292,1.1063491106033325,0.0,0.22377581894397736,4.92
REFF,0.7814,0.8097,10.0,805,0,560,1.1110644340515137,1.0313085317611694,0.028042428195476532,0.0,3.22
TRIM,0.7814,0.8097,10.0,1649,0,560,1.1110644340515137,1.0313085317611694,0.0,0.0,6.596
SOLVE,0.7814,0.8097,10.0,10807,16,560,1.1110644340515137,1.0313085317611694,0.0,-36.95357131958008,43.228
FULL,0.7814,0.8097,10.0,12423,16,560,1.1110644340515137,1.0313085317611694,0.0,-36.95357131958008,49.692
FEAT,0.7814,0.8097,10.0,3347,0,560,1.1110644340515137,1.0313085317611694,0.0,0.0,13.388
FEAT_A8,0.7814,0.8097,10.0,1507,0,560,1.1110644340515137,1.0313085317611694,0.0,0.0,6.028
EKF,0.7814,0.8097,10.0,1794,0,560,1.1110644340515137,1.0313085317611694,0.0,0.21569819748401642,7.176
EKF_P,0.7814,0.8097,10.0,1250,0,560,1.1110644340515137,1.0313085317611694,0.0,0.21662412583827972,5.0
REFF,0.3395,0.8494,2.0,763,0,560,1.1489417552947998,1.0430285930633545,0.021307451650500298,0.0,3.052
TRIM,0.3395,0.8494,2.0,1655,0,560,1.1489417552947998,1.0430285930633545,0.0,0.0,6.62
SOLVE,0.3395,0.8494,2.0,10382,17,560,1.1489417552947998,1.0430285930633545,0.0,-57.00938415527344,41.528
FULL,0.3395,0.8494,2.0,12023,17,560,1.1489417552947998,1.0430285930633545,0.0,-57.00938415527344,48.092
FEAT,0.3395,0.8494,2.0,3339,0,560,1.1489417552947998,1.0430285930633545,0.0,0.0,13.356
FEAT_A8,0.3395,0.8494,2.0,1513,0,560,1.1489417552947998,1.0430285930633545,0.0,0.0,6.052
EKF,0.3395,0.8494,2.0,1808,0,560,1.1489417552947998,1.0430285930633545,0.0,0.21580953896045685,7.232
EKF_P,0.3395,0.8494,2.0,1250,0,560,1.1489417552947998,1.0430285930633545,0.0,0.21673546731472015,5.0
REFF,0.746,0.9497,2.0,733,0,560,0.9504485130310059,0.9811627268791199,0.011578388512134552,0.0,2.932
TRIM,0.746,0.9497,2.0,1629,0,560,0.9504485130310059,0.9811627268791199,0.0,0.0,6.516
SOLVE,0.746,0.9497,2.0,11159,18,560,0.9504485130310059,0.9811627268791199,0.0,-90.22572326660156,44.636
FULL,0.746,0.9497,2.0,12761,18,560,0.9504485130310059,0.9811627268791199,0.0,-90.22572326660156,51.044
FEAT,0.746,0.9497,2.0,3298,0,560,0.9504485130310059,0.9811627268791199,0.0,0.0,13.192
FEAT_A8,0.746,0.9497,2.0,1477,0,560,0.9504485130310059,0.9811627268791199,0.0,0.0,5.908
EKF,0.746,0.9497,2.0,1739,0,560,0.9504485130310059,0.9811627268791199,0.0,0.21487721800804138,6.956
EKF_P,0.746,0.9497,2.0,1195,0,560,0.9504485130310059,0.9811627268791199,0.0,0.2158031463623047,4.78
REFF,0.5556,0.8867,10.0,833,0,560,1.2450512647628784,1.074249505996704,0.021427327767014503,0.0,3.332
TRIM,0.5556,0.8867,10.0,1643,0,560,1.2450512647628784,1.074249505996704,0.0,0.0,6.572
SOLVE,0.5556,0.8867,10.0,12128,17,560,1.2450512647628784,1.074249505996704,0.0,-61.57124328613281,48.512
FULL,0.5556,0.8867,10.0,13732,17,560,1.2450512647628784,1.074249505996704,0.0,-61.57124328613281,54.928
FEAT,0.5556,0.8867,10.0,3388,0,560,1.2450512647628784,1.074249505996704,0.0,0.0,13.552
FEAT_A8,0.5556,0.8867,10.0,1549,0,560,1.2450512647628784,1.074249505996704,0.0,0.0,6.196
EKF,0.5556,0.8867,10.0,1828,0,560,1.2450512647628784,1.074249505996704,0.0,0.21739022433757782,7.312
EKF_P,0.5556,0.8867,10.0,1250,0,560,1.2450512647628784,1.074249505996704,0.0,0.21831615269184113,5.0
REFF,0.3966,0.9181,2.0,733,0,560,0.9834602475166321,0.9918394088745117,0.012037130072712898,0.0,2.932
TRIM,0.3966,0.9181,2.0,1627,0,560,0.9834602475166321,0.9918394088745117,0.0,0.0,6.508
SOLVE,0.3966,0.9181,2.0,10953,18,560,0.9834602475166321,0.9918394088745117,0.0,-96.54674530029297,43.812
FULL,0.3966,0.9181,2.0,12552,18,560,0.9834602475166321,0.9918394088745117,0.0,-96.54674530029297,50.208
FEAT,0.3966,0.9181,2.0,3298,0,560,0.9834602475166321,0.9918394088745117,0.0,0.0,13.192
FEAT_A8,0.3966,0.9181,2.0,1470,0,560,0.9834602475166321,0.9918394088745117,0.0,0.0,5.88
EKF,0.3966,0.9181,2.0,1742,0,560,0.9834602475166321,0.9918394088745117,0.0,0.21860826015472412,6.968
EKF_P,0.3966,0.9181,2.0,1189,0,560,0.9834602475166321,0.9918394088745117,0.0,0.21953418850898743,4.756
REFF,0.83,0.853,2.0,757,0,560,0.9943329095840454,0.9952863454818726,0.018346518278121948,0.0,3.028
TRIM,0.83,0.853,2.0,1627,0,560,0.9943329095840454,0.9952863454818726,0.0,0.0,6.508
SOLVE,0.83,0.853,2.0,10596,17,560,0.9943329095840454,0.9952863454818726,0.0,-64.23812103271484,42.384
FULL,0.83,0.853,2.0,12189,17,560,0.9943329095840454,0.9952863454818726,0.0,-64.23812103271484,48.756
FEAT,0.83,0.853,2.0,3329,0,560,0.9943329095840454,0.9952863454818726,0.0,0.0,13.316
FEAT_A8,0.83,0.853,2.0,1507,0,560,0.9943329095840454,0.9952863454818726,0.0,0.0,6.028
EKF,0.83,0.853,2.0,1775,0,560,0.9943329095840454,0.9952863454818726,0.0,0.21791104972362518,7.1
EKF_P,0.83,0.853,2.0,1219,0,560,0.9943329095840454,0.9952863454818726,0.0,0.2188369780778885,4.876
REFF,0.362,0.8997,2.0,757,0,560,1.2180132865905762,1.0651510953903198,0.015474545769393444,0.0,3.028
TRIM,0.362,0.8997,2.0,1655,0,560,1.2180132865905762,1.0651510953903198,0.0,0.0,6.62
SOLVE,0.362,0.8997,2.0,10409,17,560,1.2180132865905762,1.0651510953903198,0.0,-63.19419479370117,41.636
FULL,0.362,0.8997,2.0,12031,17,560,1.2180132865905762,1.0651510953903198,0.0,-63.19419479370117,48.124
FEAT,0.362,0.8997,2.0,3335,0,560,1.2180132865905762,1.0651510953903198,0.0,0.0,13.34
FEAT_A8,0.362,0.8997,2.0,1507,0,560,1.2180132865905762,1.0651510953903198,0.0,0.0,6.028
EKF,0.362,0.8997,2.0,1802,0,560,1.2180132865905762,1.0651510953903198,0.0,0.21628159284591675,7.208
EKF_P,0.362,0.8997,2.0,1238,0,560,1.2180132865905762,1.0651510953903198,0.0,0.21720752120018005,4.952
REFF,0.8036,0.8122,10.0,799,0,560,1.309798002243042,1.0976629257202148,0.03286547586321831,0.0,3.196
TRIM,0.8036,0.8122,10.0,1671,0,560,1.309798002243042,1.0976629257202148,0.0,0.0,6.684
SOLVE,0.8036,0.8122,10.0,11067,17,560,1.309798002243042,1.0976629257202148,0.0,-43.164031982421875,44.268
FULL,0.8036,0.8122,10.0,12685,17,560,1.309798002243042,1.0976629257202148,0.0,-43.164031982421875,50.74
FEAT,0.8036,0.8122,10.0,3342,0,560,1.309798002243042,1.0976629257202148,0.0,0.0,13.368
FEAT_A8,0.8036,0.8122,10.0,1501,0,560,1.309798002243042,1.0976629257202148,0.0,0.0,6.004
EKF,0.8036,0.8122,10.0,1803,0,560,1.309798002243042,1.0976629257202148,0.0,0.21785959601402283,7.212
EKF_P,0.8036,0.8122,10.0,1253,0,560,1.309798002243042,1.0976629257202148,0.0,0.21878552436828613,5.012
REFF,0.6399,0.9559,10.0,782,0,560,1.0097475051879883,1.0001273155212402,0.015070491470396519,0.0,3.128
TRIM,0.6399,0.9559,10.0,1627,0,560,1.0097475051879883,1.0001273155212402,0.0,0.0,6.508
SOLVE,0.6399,0.9559,10.0,10971,17,560,1.0097475051879883,1.0001273155212402,0.0,-66.106201171875,43.884
FULL,0.6399,0.9559,10.0,12590,17,560,1.0097475051879883,1.0001273155212402,0.0,-66.106201171875,50.36
FEAT,0.6399,0.9559,10.0,3330,0,560,1.0097475051879883,1.0001273155212402,0.0,0.0,13.32
FEAT_A8,0.6399,0.9559,10.0,1507,0,560,1.0097475051879883,1.0001273155212402,0.0,0.0,6.028
EKF,0.6399,0.9559,10.0,1743,0,560,1.0097475051879883,1.0001273155212402,0.0,0.2156762331724167,6.972
EKF_P,0.6399,0.9559,10.0,1195,0,560,1.0097475051879883,1.0001273155212402,0.0,0.21660216152668,4.78
REFF,0.3049,0.778,10.0,813,0,560,1.2009536027908325,1.0595589876174927,0.049182917922735214,0.0,3.252
TRIM,0.3049,0.778,10.0,1649,0,560,1.2009536027908325,1.0595589876174927,0.0,0.0,6.596
SOLVE,0.3049,0.778,10.0,13086,19,560,1.2009536027908325,1.0595589876174927,0.0,-18.9872989654541,52.344
FULL,0.3049,0.778,10.0,14702,19,560,1.2009536027908325,1.0595589876174927,0.0,-18.9872989654541,58.808
FEAT,0.3049,0.778,10.0,3336,0,560,1.2009536027908325,1.0595589876174927,0.0,0.0,13.344
FEAT_A8,0.3049,0.778,10.0,1507,0,560,1.2009536027908325,1.0595589876174927,0.0,0.0,6.028
EKF,0.3049,0.778,10.0,1804,0,560,1.2009536027908325,1.0595589876174927,0.0,0.19803792238235474,7.216
EKF_P,0.3049,0.778,10.0,1244,0,560,1.2009536027908325,1.0595589876174927,0.0,0.19896385073661804,4.976
REFF,0.316,0.9356,10.0,799,0,560,1.1209219694137573,1.034342646598816,0.017245018854737282,0.0,3.196
TRIM,0.316,0.9356,10.0,1664,0,560,1.1209219694137573,1.034342646598816,0.0,0.0,6.656
SOLVE,0.316,0.9356,10.0,10371,16,560,1.1209219694137573,1.034342646598816,0.0,-45.651329040527344,41.484
FULL,0.316,0.9356,10.0,12021,16,560,1.1209219694137573,1.034342646598816,0.0,-45.651329040527344,48.084
FEAT,0.316,0.9356,10.0,3329,0,560,1.1209219694137573,1.034342646598816,0.0,0.0,13.316
FEAT_A8,0.316,0.9356,10.0,1519,0,560,1.1209219694137573,1.034342646598816,0.0,0.0,6.076
EKF,0.316,0.9356,10.0,1798,0,560,1.1209219694137573,1.034342646598816,0.0,0.1957281231880188,7.192
EKF_P,0.316,0.9356,10.0,1244,0,560,1.1209219694137573,1.034342646598816,0.0,0.1966540515422821,4.976
REFF,0.4622,0.8588,2.0,757,0,560,1.0925289392471313,1.025621771812439,0.017063723877072334,0.0,3.028
TRIM,0.4622,0.8588,2.0,1643,0,560,1.0925289392471313,1.025621771812439,0.0,0.0,6.572
SOLVE,0.4622,0.8588,2.0,10363,17,560,1.0925289392471313,1.025621771812439,0.0,-57.9349365234375,41.452
FULL,0.4622,0.8588,2.0,11992,17,560,1.0925289392471313,1.025621771812439,0.0,-57.9349365234375,47.968
FEAT,0.4622,0.8588,2.0,3316,0,560,1.0925289392471313,1.025621771812439,0.0,0.0,13.264
FEAT_A8,0.4622,0.8588,2.0,1500,0,560,1.0925289392471313,1.025621771812439,0.0,0.0,6.0
EKF,0.4622,0.8588,2.0,1794,0,560,1.0925289392471313,1.025621771812439,0.0,0.19374161958694458,7.176
EKF_P,0.4622,0.8588,2.0,1250,0,560,1.0925289392471313,1.025621771812439,0.0,0.19466754794120789,5.0
REFF,0.356,0.8148,2.0,769,0,560,0.9773651957511902,0.9898936152458191,0.020932406187057495,0.0,3.076
TRIM,0.356,0.8148,2.0,1639,0,560,0.9773651957511902,0.9898936152458191,0.0,0.0,6.556
SOLVE,0.356,0.8148,2.0,10981,18,560,0.9773651957511902,0.9898936152458191,0.0,-72.82958984375,43.924
FULL,0.356,0.8148,2.0,12606,18,560,0.9773651957511902,0.9898936152458191,0.0,-72.82958984375,50.424
FEAT,0.356,0.8148,2.0,3323,0,560,0.9773651957511902,0.9898936152458191,0.0,0.0,13.292
FEAT_A8,0.356,0.8148,2.0,1520,0,560,0.9773651957511902,0.9898936152458191,0.0,0.0,6.08
EKF,0.356,0.8148,2.0,1788,0,560,0.9773651957511902,0.9898936152458191,0.0,0.20264357328414917,7.152
EKF_P,0.356,0.8148,2.0,1231,0,560,0.9773651957511902,0.9898936152458191,0.0,0.20356950163841248,4.924
REFF,0.492,0.8387,10.0,775,0,560,0.9922077655792236,0.9946148991584778,0.022121459245681763,0.0,3.1
TRIM,0.492,0.8387,10.0,1627,0,560,0.9922077655792236,0.9946148991584778,0.0,0.0,6.508
SOLVE,0.492,0.8387,10.0,11188,17,560,0.9922077655792236,0.9946148991584778,0.0,-57.76084899902344,44.752
FULL,0.492,0.8387,10.0,12794,17,560,0.9922077655792236,0.9946148991584778,0.0,-57.76084899902344,51.176
FEAT,0.492,0.8387,10.0,3281,0,560,0.9922077655792236,0.9946148991584778,0.0,0.0,13.124
FEAT_A8,0.492,0.8387,10.0,1477,0,560,0.9922077655792236,0.9946148991584778,0.0,0.0,5.908
EKF,0.492,0.8387,10.0,1746,0,560,0.9922077655792236,0.9946148991584778,0.0,0.20380358397960663,6.984
EKF_P,0.492,0.8387,10.0,1195,0,560,0.9922077655792236,0.9946148991584778,0.0,0.20472951233386993,4.78
REFF,0.6622,0.7695,10.0,804,0,560,0.9877668619155884,0.9932082295417786,0.029518548399209976,0.0,3.216
TRIM,0.6622,0.7695,10.0,1633,0,560,0.9877668619155884,0.9932082295417786,0.0,0.0,6.532
SOLVE,0.6622,0.7695,10.0,11051,17,560,0.9877668619155884,0.9932082295417786,0.0,-43.51884078979492,44.204
FULL,0.6622,0.7695,10.0,12695,17,560,0.9877668619155884,0.9932082295417786,0.0,-43.51884078979492,50.78
FEAT,0.6622,0.7695,10.0,3335,0,560,0.9877668619155884,0.9932082295417786,0.0,0.0,13.34
FEAT_A8,0.6622,0.7695,10.0,1532,0,560,0.9877668619155884,0.9932082295417786,0.0,0.0,6.128
EKF,0.6622,0.7695,10.0,1794,0,560,0.9877668619155884,0.9932082295417786,0.0,0.20765824615955353,7.176
EKF_P,0.6622,0.7695,10.0,1218,0,560,0.9877668619155884,0.9932082295417786,0.0,0.20858417451381683,4.872
REFF,0.7151,0.933,10.0,818,0,560,1.3594759702682495,1.1179553270339966,0.02060096338391304,0.0,3.272
TRIM,0.7151,0.933,10.0,1693,0,560,1.3594759702682495,1.1179553270339966,0.0,0.0,6.772
SOLVE,0.7151,0.933,10.0,11763,17,560,1.3594759702682495,1.1179553270339966,0.0,-62.3713493347168,47.052
FULL,0.7151,0.933,10.0,13430,17,560,1.3594759702682495,1.1179553270339966,0.0,-62.3713493347168,53.72
FEAT,0.7151,0.933,10.0,3349,0,560,1.3594759702682495,1.1179553270339966,0.0,0.0,13.396
FEAT_A8,0.7151,0.933,10.0,1520,0,560,1.3594759702682495,1.1179553270339966,0.0,0.0,6.08
EKF,0.7151,0.933,10.0,1816,0,560,1.3594759702682495,1.1179553270339966,0.0,0.2092287242412567,7.264
EKF_P,0.7151,0.933,10.0,1266,0,560,1.3594759702682495,1.1179553270339966,0.0,0.21015465259552002,5.064
REFF,0.2586,0.8243,2.0,733,0,560,1.1845972537994385,1.0542863607406616,0.0301132183521986,0.0,2.932
TRIM,0.2586,0.8243,2.0,1650,0,560,1.1845972537994385,1.0542863607406616,0.0,0.0,6.6
SOLVE,0.2586,0.8243,2.0,10932,18,560,1.1845972537994385,1.0542863607406616,0.0,-66.19795989990234,43.728
FULL,0.2586,0.8243,2.0,12575,18,560,1.1845972537994385,1.0542863607406616,0.0,-66.19795989990234,50.3
FEAT,0.2586,0.8243,2.0,3306,0,560,1.1845972537994385,1.0542863607406616,0.0,0.0,13.224
FEAT_A8,0.2586,0.8243,2.0,1483,0,560,1.1845972537994385,1.0542863607406616,0.0,0.0,5.932
EKF,0.2586,0.8243,2.0,1758,0,560,1.1845972537994385,1.0542863607406616,0.0,0.2150121033191681,7.032
EKF_P,0.2586,0.8243,2.0,1214,0,560,1.1845972537994385,1.0542863607406616,0.0,0.2159380316734314,4.856
REFF,0.5308,0.956,2.0,741,0,560,1.0650479793548584,1.017204999923706,0.011414074338972569,0.0,2.964
TRIM,0.5308,0.956,2.0,1621,0,560,1.0650479793548584,1.017204999923706,0.0,0.0,6.484
SOLVE,0.5308,0.956,2.0,11423,18,560,1.0650479793548584,1.017204999923706,0.0,-96.0910873413086,45.692
FULL,0.5308,0.956,2.0,13017,18,560,1.0650479793548584,1.017204999923706,0.0,-96.0910873413086,52.068
FEAT,0.5308,0.956,2.0,3295,0,560,1.0650479793548584,1.017204999923706,0.0,0.0,13.18
FEAT_A8,0.5308,0.956,2.0,1485,0,560,1.0650479793548584,1.017204999923706,0.0,0.0,5.94
EKF,0.5308,0.956,2.0,1754,0,560,1.0650479793548584,1.017204999923706,0.0,0.2157277911901474,7.016
EKF_P,0.5308,0.956,2.0,1189,0,560,1.0650479793548584,1.017204999923706,0.0,0.2166537195444107,4.756
REFF,0.5396,0.913,10.0,799,0,560,1.030561089515686,1.0065960884094238,0.01646774634718895,0.0,3.196
TRIM,0.5396,0.913,10.0,1621,0,560,1.030561089515686,1.0065960884094238,0.0,0.0,6.484
SOLVE,0.5396,0.913,10.0,11522,17,560,1.030561089515686,1.0065960884094238,0.0,-63.82868576049805,46.088
FULL,0.5396,0.913,10.0,13116,17,560,1.030561089515686,1.0065960884094238,0.0,-63.82868576049805,52.464
FEAT,0.5396,0.913,10.0,3305,0,560,1.030561089515686,1.0065960884094238,0.0,0.0,13.22
FEAT_A8,0.5396,0.913,10.0,1495,0,560,1.030561089515686,1.0065960884094238,0.0,0.0,5.98
EKF,0.5396,0.913,10.0,1748,0,560,1.030561089515686,1.0065960884094238,0.0,0.21549579501152039,6.992
EKF_P,0.5396,0.913,10.0,1195,0,560,1.030561089515686,1.0065960884094238,0.0,0.2164217233657837,4.78
REFF,0.8229,0.8111,2.0,757,0,560,1.0352399349212646,1.0080418586730957,0.021983105689287186,0.0,3.028
TRIM,0.8229,0.8111,2.0,1621,0,560,1.0352399349212646,1.0080418586730957,0.0,0.0,6.484
SOLVE,0.8229,0.8111,2.0,10435,17,560,1.0352399349212646,1.0080418586730957,0.0,-42.44457244873047,41.74
FULL,0.8229,0.8111,2.0,12017,17,560,1.0352399349212646,1.0080418586730957,0.0,-42.44457244873047,48.068
FEAT,0.8229,0.8111,2.0,3324,0,560,1.0352399349212646,1.0080418586730957,0.0,0.0,13.296
FEAT_A8,0.8229,0.8111,2.0,1501,0,560,1.0352399349212646,1.0080418586730957,0.0,0.0,6.004
EKF,0.8229,0.8111,2.0,1775,0,560,1.0352399349212646,1.0080418586730957,0.0,0.20623841881752014,7.1
EKF_P,0.8229,0.8111,2.0,1231,0,560,1.0352399349212646,1.0080418586730957,0.0,0.20716434717178345,4.924
REFF,0.6736,0.9011,10.0,779,0,560,1.0190337896347046,1.0030218362808228,0.017428023740649223,0.0,3.116
TRIM,0.6736,0.9011,10.0,1621,0,560,1.0190337896347046,1.0030218362808228,0.0,0.0,6.484
SOLVE,0.6736,0.9011,10.0,11590,18,560,1.0190337896347046,1.0030218362808228,0.0,-76.5727767944336,46.36
FULL,0.6736,0.9011,10.0,13204,18,560,1.0190337896347046,1.0030218362808228,0.0,-76.5727767944336,52.816
FEAT,0.6736,0.9011,10.0,3305,0,560,1.0190337896347046,1.0030218362808228,0.0,0.0,13.22
FEAT_A8,0.6736,0.9011,10.0,1495,0,560,1.0190337896347046,1.0030218362808228,0.0,0.0,5.98
EKF,0.6736,0.9011,10.0,1751,0,560,1.0190337896347046,1.0030218362808228,0.0,0.2084646075963974,7.004
EKF_P,0.6736,0.9011,10.0,1195,0,560,1.0190337896347046,1.0030218362808228,0.0,0.2093905359506607,4.78
REFF,0.6104,0.7765,10.0,810,0,560,1.0002093315124512,0.997137725353241,0.030153026804327965,0.0,3.24
TRIM,0.6104,0.7765,10.0,1624,0,560,1.0002093315124512,0.997137725353241,0.0,0.0,6.496
SOLVE,0.6104,0.7765,10.0,11475,17,560,1.0002093315124512,0.997137725353241,0.0,-45.83932876586914,45.9
FULL,0.6104,0.7765,10.0,13085,17,560,1.0002093315124512,0.997137725353241,0.0,-45.83932876586914,52.34
FEAT,0.6104,0.7765,10.0,3382,0,560,1.0002093315124512,0.997137725353241,0.0,0.0,13.528
FEAT_A8,0.6104,0.7765,10.0,1579,0,560,1.0002093315124512,0.997137725353241,0.0,0.0,6.316
EKF,0.6104,0.7765,10.0,1799,0,560,1.0002093315124512,0.997137725353241,0.0,0.2126586139202118,7.196
EKF_P,0.6104,0.7765,10.0,1218,0,560,1.0002093315124512,0.997137725353241,0.0,0.2135845422744751,4.872
REFF,0.328,0.8468,2.0,763,0,560,0.9529665112495422,0.9819901585578918,0.018321625888347626,0.0,3.052
TRIM,0.328,0.8468,2.0,1635,0,560,0.9529665112495422,0.9819901585578918,0.0,0.0,6.54
SOLVE,0.328,0.8468,2.0,10394,17,560,0.9529665112495422,0.9819901585578918,0.0,-61.508216857910156,41.576
FULL,0.328,0.8468,2.0,11997,17,560,0.9529665112495422,0.9819901585578918,0.0,-61.508216857910156,47.988
FEAT,0.328,0.8468,2.0,3328,0,560,0.9529665112495422,0.9819901585578918,0.0,0.0,13.312
FEAT_A8,0.328,0.8468,2.0,1507,0,560,0.9529665112495422,0.9819901585578918,0.0,0.0,6.028
EKF,0.328,0.8468,2.0,1794,0,560,0.9529665112495422,0.9819901585578918,0.0,0.2124740481376648,7.176
EKF_P,0.328,0.8468,2.0,1231,0,560,0.9529665112495422,0.9819901585578918,0.0,0.2133999764919281,4.924
REFF,0.2833,0.8482,10.0,799,0,560,0.891777515411377,0.9610419273376465,0.02547314018011093,0.0,3.196
TRIM,0.2833,0.8482,10.0,1677,0,560,0.891777515411377,0.9610419273376465,0.0,0.0,6.708
SOLVE,0.2833,0.8482,10.0,10994,17,560,0.891777515411377,0.9610419273376465,0.0,-47.32842254638672,43.976
FULL,0.2833,0.8482,10.0,12669,17,560,0.891777515411377,0.9610419273376465,0.0,-47.32842254638672,50.676
FEAT,0.2833,0.8482,10.0,3310,0,560,0.891777515411377,0.9610419273376465,0.0,0.0,13.24
FEAT_A8,0.2833,0.8482,10.0,1519,0,560,0.891777515411377,0.9610419273376465,0.0,0.0,6.076
EKF,0.2833,0.8482,10.0,1800,0,560,0.891777515411377,0.9610419273376465,0.0,0.2139662355184555,7.2
EKF_P,0.2833,0.8482,10.0,1250,0,560,0.891777515411377,0.9610419273376465,0.0,0.2148921638727188,5.0
REFF,0.6959,0.8031,2.0,774,0,560,0.9992990493774414,0.9968514442443848,0.01955188810825348,0.0,3.096
TRIM,0.6959,0.8031,2.0,1627,0,560,0.9992990493774414,0.9968514442443848,0.0,0.0,6.508
SOLVE,0.6959,0.8031,2.0,10796,17,560,0.9992990493774414,0.9968514442443848,0.0,-50.304744720458984,43.184
FULL,0.6959,0.8031,2.0,12421,17,560,0.9992990493774414,0.9968514442443848,0.0,-50.304744720458984,49.684
FEAT,0.6959,0.8031,2.0,3339,0,560,0.9992990493774414,0.9968514442443848,0.0,0.0,13.356
FEAT_A8,0.6959,0.8031,2.0,1548,0,560,0.9992990493774414,0.9968514442443848,0.0,0.0,6.192
EKF,0.6959,0.8031,2.0,1782,0,560,0.9992990493774414,0.9968514442443848,0.0,0.2068895548582077,7.128
EKF_P,0.6959,0.8031,2.0,1231,0,560,0.9992990493774414,0.9968514442443848,0.0,0.207815483212471,4.924
REFF,0.7242,0.9038,2.0,740,0,560,1.031247854232788,1.0068085193634033,0.013860335573554039,0.0,2.96
TRIM,0.7242,0.9038,2.0,1621,0,560,1.031247854232788,1.0068085193634033,0.0,0.0,6.484
SOLVE,0.7242,0.9038,2.0,11347,18,560,1.031247854232788,1.0068085193634033,0.0,-81.03903198242188,45.388
FULL,0.7242,0.9038,2.0,12948,18,560,1.031247854232788,1.0068085193634033,0.0,-81.03903198242188,51.792
FEAT,0.7242,0.9038,2.0,3287,0,560,1.031247854232788,1.0068085193634033,0.0,0.0,13.148
FEAT_A8,0.7242,0.9038,2.0,1490,0,560,1.031247854232788,1.0068085193634033,0.0,0.0,5.96
EKF,0.7242,0.9038,2.0,1739,0,560,1.031247854232788,1.0068085193634033,0.0,0.20779983699321747,6.956
EKF_P,0.7242,0.9038,2.0,1195,0,560,1.031247854232788,1.0068085193634033,0.0,0.20872576534748077,4.78
REFF,0.6646,0.9225,2.0,770,0,560,0.9867591857910156,0.9928883910179138,0.012211386114358902,0.0,3.08
TRIM,0.6646,0.9225,2.0,1627,0,560,0.9867591857910156,0.9928883910179138,0.0,0.0,6.508
SOLVE,0.6646,0.9225,2.0,10969,18,560,0.9867591857910156,0.9928883910179138,0.0,-77.62366485595703,43.876
FULL,0.6646,0.9225,2.0,12595,18,560,0.9867591857910156,0.9928883910179138,0.0,-77.62366485595703,50.38
FEAT,0.6646,0.9225,2.0,3351,0,560,0.9867591857910156,0.9928883910179138,0.0,0.0,13.404
FEAT_A8,0.6646,0.9225,2.0,1542,0,560,0.9867591857910156,0.9928883910179138,0.0,0.0,6.168
EKF,0.6646,0.9225,2.0,1797,0,560,0.9867591857910156,0.9928883910179138,0.0,0.20723308622837067,7.188
EKF_P,0.6646,0.9225,2.0,1225,0,560,0.9867591857910156,0.9928883910179138,0.0,0.20815901458263397,4.9
REFF,0.6825,0.8318,10.0,781,0,560,1.0109806060791016,1.0005125999450684,0.021893324330449104,0.0,3.124
TRIM,0.6825,0.8318,10.0,1626,0,560,1.0109806060791016,1.0005125999450684,0.0,0.0,6.504
SOLVE,0.6825,0.8318,10.0,11171,17,560,1.0109806060791016,1.0005125999450684,0.0,-65.69114685058594,44.684
FULL,0.6825,0.8318,10.0,12789,17,560,1.0109806060791016,1.0005125999450684,0.0,-65.69114685058594,51.156
FEAT,0.6825,0.8318,10.0,3303,0,560,1.0109806060791016,1.0005125999450684,0.0,0.0,13.212
FEAT_A8,0.6825,0.8318,10.0,1506,0,560,1.0109806060791016,1.0005125999450684,0.0,0.0,6.024
EKF,0.6825,0.8318,10.0,1746,0,560,1.0109806060791016,1.0005125999450684,0.0,0.2120804488658905,6.984
EKF_P,0.6825,0.8318,10.0,1195,0,560,1.0109806060791016,1.0005125999450684,0.0,0.2130063772201538,4.78
REFF,0.3916,0.9657,10.0,799,0,560,1.0002093315124512,0.997137725353241,0.013362996280193329,0.0,3.196
TRIM,0.3916,0.9657,10.0,1624,0,560,1.0002093315124512,0.997137725353241,0.0,0.0,6.496
SOLVE,0.3916,0.9657,10.0,10981,17,560,1.0002093315124512,0.997137725353241,0.0,-63.35281753540039,43.924
FULL,0.3916,0.9657,10.0,12591,17,560,1.0002093315124512,0.997137725353241,0.0,-63.35281753540039,50.364
FEAT,0.3916,0.9657,10.0,3310,0,560,1.0002093315124512,0.997137725353241,0.0,0.0,13.24
FEAT_A8,0.3916,0.9657,10.0,1501,0,560,1.0002093315124512,0.997137725353241,0.0,0.0,6.004
EKF,0.3916,0.9657,10.0,1788,0,560,1.0002093315124512,0.997137725353241,0.0,0.21058091521263123,7.152
EKF_P,0.3916,0.9657,10.0,1213,0,560,1.0002093315124512,0.997137725353241,0.0,0.21150684356689453,4.852
REFF,0.3294,0.8056,2.0,769,0,560,1.0125473737716675,1.0010015964508057,0.023215200752019882,0.0,3.076
TRIM,0.3294,0.8056,2.0,1633,0,560,1.0125473737716675,1.0010015964508057,0.0,0.0,6.532
SOLVE,0.3294,0.8056,2.0,10400,17,560,1.0125473737716675,1.0010015964508057,0.0,-62.697750091552734,41.6
FULL,0.3294,0.8056,2.0,12007,17,560,1.0125473737716675,1.0010015964508057,0.0,-62.697750091552734,48.028
FEAT,0.3294,0.8056,2.0,3342,0,560,1.0125473737716675,1.0010015964508057,0.0,0.0,13.368
FEAT_A8,0.3294,0.8056,2.0,1520,0,560,1.0125473737716675,1.0010015964508057,0.0,0.0,6.08
EKF,0.3294,0.8056,2.0,1775,0,560,1.0125473737716675,1.0010015964508057,0.0,0.2136499583721161,7.1
EKF_P,0.3294,0.8056,2.0,1231,0,560,1.0125473737716675,1.0010015964508057,0.0,0.2145758867263794,4.924
REFF,0.5251,0.8012,10.0,824,0,560,1.1175532341003418,1.0333048105239868,0.026930268853902817,0.0,3.296
TRIM,0.5251,0.8012,10.0,1643,0,560,1.1175532341003418,1.0333048105239868,0.0,0.0,6.572
SOLVE,0.5251,0.8012,10.0,12278,17,560,1.1175532341003418,1.0333048105239868,0.0,-50.63148498535156,49.112
FULL,0.5251,0.8012,10.0,13894,17,560,1.1175532341003418,1.0333048105239868,0.0,-50.63148498535156,55.576
FEAT,0.5251,0.8012,10.0,3359,0,560,1.1175532341003418,1.0333048105239868,0.0,0.0,13.436
FEAT_A8,0.5251,0.8012,10.0,1544,0,560,1.1175532341003418,1.0333048105239868,0.0,0.0,6.176
EKF,0.5251,0.8012,10.0,1819,0,560,1.1175532341003418,1.0333048105239868,0.0,0.21629582345485687,7.276
EKF_P,0.5251,0.8012,10.0,1250,0,560,1.1175532341003418,1.0333048105239868,0.0,0.21722175180912018,5.0
REFF,0.282,0.8069,10.0,799,0,560,1.2006959915161133,1.059475302696228,0.04559633880853653,0.0,3.196
TRIM,0.282,0.8069,10.0,1664,0,560,1.2006959915161133,1.059475302696228,0.0,0.0,6.656
SOLVE,0.282,0.8069,10.0,11141,17,560,1.2006959915161133,1.059475302696228,0.0,-35.57401657104492,44.564
FULL,0.282,0.8069,10.0,12791,17,560,1.2006959915161133,1.059475302696228,0.0,-35.57401657104492,51.164
FEAT,0.282,0.8069,10.0,3316,0,560,1.2006959915161133,1.059475302696228,0.0,0.0,13.264
FEAT_A8,0.282,0.8069,10.0,1513,0,560,1.2006959915161133,1.059475302696228,0.0,0.0,6.052
EKF,0.282,0.8069,10.0,1794,0,560,1.2006959915161133,1.059475302696228,0.0,0.21927250921726227,7.176
EKF_P,0.282,0.8069,10.0,1244,0,560,1.2006959915161133,1.059475302696228,0.0,0.22019843757152557,4.976
REFF,0.8138,0.8884,2.0,757,0,560,0.9811431169509888,0.9911008477210999,0.015293962322175503,0.0,3.028
TRIM,0.8138,0.8884,2.0,1634,0,560,0.9811431169509888,0.9911008477210999,0.0,0.0,6.536
SOLVE,0.8138,0.8884,2.0,10994,18,560,0.9811431169509888,0.9911008477210999,0.0,-90.15107727050781,43.976
FULL,0.8138,0.8884,2.0,12589,18,560,0.9811431169509888,0.9911008477210999,0.0,-90.15107727050781,50.356
FEAT,0.8138,0.8884,2.0,3327,0,560,0.9811431169509888,0.9911008477210999,0.0,0.0,13.308
FEAT_A8,0.8138,0.8884,2.0,1507,0,560,0.9811431169509888,0.9911008477210999,0.0,0.0,6.028
EKF,0.8138,0.8884,2.0,1775,0,560,0.9811431169509888,0.9911008477210999,0.0,0.2217428833246231,7.1
EKF_P,0.8138,0.8884,2.0,1219,0,560,0.9811431169509888,0.9911008477210999,0.0,0.2226688116788864,4.876
REFF,0.3312,0.8227,10.0,781,0,560,1.1200389862060547,1.0340704917907715,0.031729742884635925,0.0,3.124
TRIM,0.3312,0.8227,10.0,1656,0,560,1.1200389862060547,1.0340704917907715,0.0,0.0,6.624
SOLVE,0.3312,0.8227,10.0,10454,16,560,1.1200389862060547,1.0340704917907715,0.0,-32.62196350097656,41.816
FULL,0.3312,0.8227,10.0,12083,16,560,1.1200389862060547,1.0340704917907715,0.0,-32.62196350097656,48.332
FEAT,0.3312,0.8227,10.0,3305,0,560,1.1200389862060547,1.0340704917907715,0.0,0.0,13.22
FEAT_A8,0.3312,0.8227,10.0,1489,0,560,1.1200389862060547,1.0340704917907715,0.0,0.0,5.956
EKF,0.3312,0.8227,10.0,1758,0,560,1.1200389862060547,1.0340704917907715,0.0,0.22080914676189423,7.032
EKF_P,0.3312,0.8227,10.0,1208,0,560,1.1200389862060547,1.0340704917907715,0.0,0.22173507511615753,4.832
REFF,0.5307,0.9392,2.0,782,0,560,1.0388286113739014,1.0091490745544434,0.011609487235546112,0.0,3.128
TRIM,0.5307,0.9392,2.0,1621,0,560,1.0388286113739014,1.0091490745544434,0.0,0.0,6.484
SOLVE,0.5307,0.9392,2.0,12048,18,560,1.0388286113739014,1.0091490745544434,0.0,-79.52843475341797,48.192
FULL,0.5307,0.9392,2.0,13629,18,560,1.0388286113739014,1.0091490745544434,0.0,-79.52843475341797,54.516
FEAT,0.5307,0.9392,2.0,3354,0,560,1.0388286113739014,1.0091490745544434,0.0,0.0,13.416
FEAT_A8,0.5307,0.9392,2.0,1531,0,560,1.0388286113739014,1.0091490745544434,0.0,0.0,6.124
EKF,0.5307,0.9392,2.0,1795,0,560,1.0388286113739014,1.0091490745544434,0.0,0.2200462818145752,7.18
EKF_P,0.5307,0.9392,2.0,1219,0,560,1.0388286113739014,1.0091490745544434,0.0,0.2209722101688385,4.876
REFF,0.796,0.9545,2.0,733,0,560,1.1532955169677734,1.0443888902664185,0.013626625761389732,0.0,2.932
TRIM,0.796,0.9545,2.0,1643,0,560,1.1532955169677734,1.0443888902664185,0.0,0.0,6.572
SOLVE,0.796,0.9545,2.0,10352,17,560,1.1532955169677734,1.0443888902664185,0.0,-64.7544174194336,41.408
FULL,0.796,0.9545,2.0,11968,17,560,1.1532955169677734,1.0443888902664185,0.0,-64.7544174194336,47.872
FEAT,0.796,0.9545,2.0,3292,0,560,1.1532955169677734,1.0443888902664185,0.0,0.0,13.168
FEAT_A8,0.796,0.9545,2.0,1477,0,560,1.1532955169677734,1.0443888902664185,0.0,0.0,5.908
EKF,0.796,0.9545,2.0,1758,0,560,1.1532955169677734,1.0443888902664185,0.0,0.21876870095729828,7.032
EKF_P,0.796,0.9545,2.0,1208,0,560,1.1532955169677734,1.0443888902664185,0.0,0.21969462931156158,4.832
REFF,0.4049,0.8422,2.0,757,0,560,0.9980131983757019,0.9964467287063599,0.018105342984199524,0.0,3.028
TRIM,0.4049,0.8422,2.0,1627,0,560,0.9980131983757019,0.9964467287063599,0.0,0.0,6.508
SOLVE,0.4049,0.8422,2.0,10983,18,560,0.9980131983757019,0.9964467287063599,0.0,-83.59315490722656,43.932
FULL,0.4049,0.8422,2.0,12582,18,560,0.9980131983757019,0.9964467287063599,0.0,-83.59315490722656,50.328
FEAT,0.4049,0.8422,2.0,3321,0,560,0.9980131983757019,0.9964467287063599,0.0,0.0,13.284
FEAT_A8,0.4049,0.8422,2.0,1494,0,560,0.9980131983757019,0.9964467287063599,0.0,0.0,5.976
EKF,0.4049,0.8422,2.0,1790,0,560,0.9980131983757019,0.9964467287063599,0.0,0.22266817092895508,7.16
EKF_P,0.4049,0.8422,2.0,1219,0,560,0.9980131983757019,0.9964467287063599,0.0,0.22359409928321838,4.876
REFF,0.25,0.9297,10.0,799,0,560,1.0163984298706055,1.0022019147872925,0.016862202435731888,0.0,3.196
TRIM,0.25,0.9297,10.0,1621,0,560,1.0163984298706055,1.0022019147872925,0.0,0.0,6.484
SOLVE,0.25,0.9297,10.0,11020,17,560,1.0163984298706055,1.0022019147872925,0.0,-58.916664123535156,44.08
FULL,0.25,0.9297,10.0,12601,17,560,1.0163984298706055,1.0022019147872925,0.0,-58.916664123535156,50.404
FEAT,0.25,0.9297,10.0,3343,0,560,1.0163984298706055,1.0022019147872925,0.0,0.0,13.372
FEAT_A8,0.25,0.9297,10.0,1519,0,560,1.0163984298706055,1.0022019147872925,0.0,0.0,6.076
EKF,0.25,0.9297,10.0,1763,0,560,1.0163984298706055,1.0022019147872925,0.0,0.2234352082014084,7.052
EKF_P,0.25,0.9297,10.0,1219,0,560,1.0163984298706055,1.0022019147872925,0.0,0.2243611365556717,4.876
REFF,0.4563,0.8376,2.0,733,0,560,1.1248904466629028,1.0355666875839233,0.020479897037148476,0.0,2.932
TRIM,0.4563,0.8376,2.0,1643,0,560,1.1248904466629028,1.0355666875839233,0.0,0.0,6.572
SOLVE,0.4563,0.8376,2.0,10339,17,560,1.1248904466629028,1.0355666875839233,0.0,-50.89023971557617,41.356
FULL,0.4563,0.8376,2.0,11968,17,560,1.1248904466629028,1.0355666875839233,0.0,-50.89023971557617,47.872
FEAT,0.4563,0.8376,2.0,3287,0,560,1.1248904466629028,1.0355666875839233,0.0,0.0,13.148
FEAT_A8,0.4563,0.8376,2.0,1470,0,560,1.1248904466629028,1.0355666875839233,0.0,0.0,5.88
EKF,0.4563,0.8376,2.0,1758,0,560,1.1248904466629028,1.0355666875839233,0.0,0.22176210582256317,7.032
EKF_P,0.4563,0.8376,2.0,1208,0,560,1.1248904466629028,1.0355666875839233,0.0,0.22268803417682648,4.832
REFF,0.4061,0.8466,2.0,757,0,560,1.0002093315124512,0.997137725353241,0.01759875752031803,0.0,3.028
TRIM,0.4061,0.8466,2.0,1624,0,560,1.0002093315124512,0.997137725353241,0.0,0.0,6.496
SOLVE,0.4061,0.8466,2.0,10983,18,560,1.0002093315124512,0.997137725353241,0.0,-85.10961151123047,43.932
FULL,0.4061,0.8466,2.0,12579,18,560,1.0002093315124512,0.997137725353241,0.0,-85.10961151123047,50.316
FEAT,0.4061,0.8466,2.0,3316,0,560,1.0002093315124512,0.997137725353241,0.0,0.0,13.264
FEAT_A8,0.4061,0.8466,2.0,1494,0,560,1.0002093315124512,0.997137725353241,0.0,0.0,5.976
EKF,0.4061,0.8466,2.0,1790,0,560,1.0002093315124512,0.997137725353241,0.0,0.2257089465856552,7.16
EKF_P,0.4061,0.8466,2.0,1219,0,560,1.0002093315124512,0.997137725353241,0.0,0.22663487493991852,4.876
REFF,0.8651,0.757,2.0,733,0,560,0.972184419631958,0.988231360912323,0.03035358525812626,0.0,2.932
TRIM,0.8651,0.757,2.0,1629,0,560,0.972184419631958,0.988231360912323,0.0,0.0,6.516
SOLVE,0.8651,0.757,2.0,10744,17,560,0.972184419631958,0.988231360912323,0.0,-34.956356048583984,42.976
FULL,0.8651,0.757,2.0,12345,17,560,0.972184419631958,0.988231360912323,0.0,-34.956356048583984,49.38
FEAT,0.8651,0.757,2.0,3287,0,560,0.972184419631958,0.988231360912323,0.0,0.0,13.148
FEAT_A8,0.8651,0.757,2.0,1477,0,560,0.972184419631958,0.988231360912323,0.0,0.0,5.908
EKF,0.8651,0.757,2.0,1743,0,560,0.972184419631958,0.988231360912323,0.0,0.2123269885778427,6.972
EKF_P,0.8651,0.757,2.0,1189,0,560,0.972184419631958,0.988231360912323,0.0,0.21325291693210602,4.756
REFF,0.2195,0.9032,2.0,733,0,560,1.0109411478042603,1.000500202178955,0.016447000205516815,0.0,2.932
TRIM,0.2195,0.9032,2.0,1627,0,560,1.0109411478042603,1.000500202178955,0.0,0.0,6.508
SOLVE,0.2195,0.9032,2.0,10951,18,560,1.0109411478042603,1.000500202178955,0.0,-67.62979125976562,43.804
FULL,0.2195,0.9032,2.0,12552,18,560,1.0109411478042603,1.000500202178955,0.0,-67.62979125976562,50.208
FEAT,0.2195,0.9032,2.0,3293,0,560,1.0109411478042603,1.000500202178955,0.0,0.0,13.172
FEAT_A8,0.2195,0.9032,2.0,1483,0,560,1.0109411478042603,1.000500202178955,0.0,0.0,5.932
EKF,0.2195,0.9032,2.0,1746,0,560,1.0109411478042603,1.000500202178955,0.0,0.21222330629825592,6.984
EKF_P,0.2195,0.9032,2.0,1195,0,560,1.0109411478042603,1.000500202178955,0.0,0.21314923465251923,4.78
REFF,0.7568,0.8263,10.0,781,0,560,0.9881154298782349,0.9933187961578369,0.024278296157717705,0.0,3.124
TRIM,0.7568,0.8263,10.0,1633,0,560,0.9881154298782349,0.9933187961578369,0.0,0.0,6.532
SOLVE,0.7568,0.8263,10.0,11410,17,560,0.9881154298782349,0.9933187961578369,0.0,-45.7442512512207,45.64
FULL,0.7568,0.8263,10.0,13023,17,560,0.9881154298782349,0.9933187961578369,0.0,-45.7442512512207,52.092
FEAT,0.7568,0.8263,10.0,3288,0,560,0.9881154298782349,0.9933187961578369,0.0,0.0,13.152
FEAT_A8,0.7568,0.8263,10.0,1483,0,560,0.9881154298782349,0.9933187961578369,0.0,0.0,5.932
EKF,0.7568,0.8263,10.0,1739,0,560,0.9881154298782349,0.9933187961578369,0.0,0.20933356881141663,6.956
EKF_P,0.7568,0.8263,10.0,1195,0,560,0.9881154298782349,0.9933187961578369,0.0,0.21025949716567993,4.78
REFF,0.7078,0.8595,10.0,812,0,560,1.123663306236267,1.0351879596710205,0.02187882363796234,0.0,3.248
TRIM,0.7078,0.8595,10.0,1648,0,560,1.123663306236267,1.0351879596710205,0.0,0.0,6.592
SOLVE,0.7078,0.8595,10.0,11467,17,560,1.123663306236267,1.0351879596710205,0.0,-43.74333190917969,45.868
FULL,0.7078,0.8595,10.0,13113,17,560,1.123663306236267,1.0351879596710205,0.0,-43.74333190917969,52.452
FEAT,0.7078,0.8595,10.0,3354,0,560,1.123663306236267,1.0351879596710205,0.0,0.0,13.416
FEAT_A8,0.7078,0.8595,10.0,1556,0,560,1.123663306236267,1.0351879596710205,0.0,0.0,6.224
EKF,0.7078,0.8595,10.0,1813,0,560,1.123663306236267,1.0351879596710205,0.0,0.20782017707824707,7.252
EKF_P,0.7078,0.8595,10.0,1250,0,560,1.123663306236267,1.0351879596710205,0.0,0.20874610543251038,5.0
REFF,0.716,0.9479,2.0,733,0,560,1.0322566032409668,1.0071203708648682,0.012380651198327541,0.0,2.932
TRIM,0.716,0.9479,2.0,1621,0,560,1.0322566032409668,1.0071203708648682,0.0,0.0,6.484
SOLVE,0.716,0.9479,2.0,11357,18,560,1.0322566032409668,1.0071203708648682,0.0,-113.9412841796875,45.428
FULL,0.716,0.9479,2.0,12951,18,560,1.0322566032409668,1.0071203708648682,0.0,-113.9412841796875,51.804
FEAT,0.716,0.9479,2.0,3275,0,560,1.0322566032409668,1.0071203708648682,0.0,0.0,13.1
FEAT_A8,0.716,0.9479,2.0,1477,0,560,1.0322566032409668,1.0071203708648682,0.0,0.0,5.908
EKF,0.716,0.9479,2.0,1739,0,560,1.0322566032409668,1.0071203708648682,0.0,0.2111479490995407,6.956
EKF_P,0.716,0.9479,2.0,1189,0,560,1.0322566032409668,1.0071203708648682,0.0,0.21207387745380402,4.756
REFF,0.5571,0.7853,2.0,745,0,560,1.0179122686386108,1.0026730298995972,0.022517332807183266,0.0,2.98
TRIM,0.5571,0.7853,2.0,1621,0,560,1.0179122686386108,1.0026730298995972,0.0,0.0,6.484
SOLVE,0.5571,0.7853,2.0,10796,17,560,1.0179122686386108,1.0026730298995972,0.0,-47.24882125854492,43.184
FULL,0.5571,0.7853,2.0,12396,17,560,1.0179122686386108,1.0026730298995972,0.0,-47.24882125854492,49.584
FEAT,0.5571,0.7853,2.0,3305,0,560,1.0179122686386108,1.0026730298995972,0.0,0.0,13.22
FEAT_A8,0.5571,0.7853,2.0,1494,0,560,1.0179122686386108,1.0026730298995972,0.0,0.0,5.976
EKF,0.5571,0.7853,2.0,1751,0,560,1.0179122686386108,1.0026730298995972,0.0,0.20161563158035278,7.004
EKF_P,0.5571,0.7853,2.0,1195,0,560,1.0179122686386108,1.0026730298995972,0.0,0.2025415599346161,4.78
REFF,0.7963,0.8995,2.0,757,0,560,1.031440019607544,1.0068678855895996,0.014827676117420197,0.0,3.028
TRIM,0.7963,0.8995,2.0,1633,0,560,1.031440019607544,1.0068678855895996,0.0,0.0,6.532
SOLVE,0.7963,0.8995,2.0,10388,17,560,1.031440019607544,1.0068678855895996,0.0,-69.13489532470703,41.552
FULL,0.7963,0.8995,2.0,11989,17,560,1.031440019607544,1.0068678855895996,0.0,-69.13489532470703,47.956
FEAT,0.7963,0.8995,2.0,3321,0,560,1.031440019607544,1.0068678855895996,0.0,0.0,13.284
FEAT_A8,0.7963,0.8995,2.0,1513,0,560,1.031440019607544,1.0068678855895996,0.0,0.0,6.052
EKF,0.7963,0.8995,2.0,1775,0,560,1.031440019607544,1.0068678855895996,0.0,0.20207694172859192,7.1
EKF_P,0.7963,0.8995,2.0,1231,0,560,1.031440019607544,1.0068678855895996,0.0,0.20300287008285522,4.924
REFF,0.7292,0.8502,2.0,770,0,560,1.0989580154418945,1.0275921821594238,0.018004031851887703,0.0,3.08
TRIM,0.7292,0.8502,2.0,1643,0,560,1.0989580154418945,1.0275921821594238,0.0,0.0,6.572
SOLVE,0.7292,0.8502,2.0,11700,18,560,1.0989580154418945,1.0275921821594238,0.0,-83.90036010742188,46.8
FULL,0.7292,0.8502,2.0,13317,18,560,1.0989580154418945,1.0275921821594238,0.0,-83.90036010742188,53.268
FEAT,0.7292,0.8502,2.0,3347,0,560,1.0989580154418945,1.0275921821594238,0.0,0.0,13.388
FEAT_A8,0.7292,0.8502,2.0,1532,0,560,1.0989580154418945,1.0275921821594238,0.0,0.0,6.128
EKF,0.7292,0.8502,2.0,1794,0,560,1.0989580154418945,1.0275921821594238,0.0,0.20626501739025116,7.176
EKF_P,0.7292,0.8502,2.0,1250,0,560,1.0989580154418945,1.0275921821594238,0.0,0.20719094574451447,5.0
REFF,0.786,0.7533,2.0,733,0,560,1.234666347503662,1.070717215538025,0.02963262051343918,0.0,2.932
TRIM,0.786,0.7533,2.0,1643,0,560,1.234666347503662,1.070717215538025,0.0,0.0,6.572
SOLVE,0.786,0.7533,2.0,10616,17,560,1.234666347503662,1.070717215538025,0.0,-48.53784942626953,42.464
FULL,0.786,0.7533,2.0,12232,17,560,1.234666347503662,1.070717215538025,0.0,-48.53784942626953,48.928
FEAT,0.786,0.7533,2.0,3287,0,560,1.234666347503662,1.070717215538025,0.0,0.0,13.148
FEAT_A8,0.786,0.7533,2.0,1470,0,560,1.234666347503662,1.070717215538025,0.0,0.0,5.88
EKF,0.786,0.7533,2.0,1758,0,560,1.234666347503662,1.070717215538025,0.0,0.20866334438323975,7.032
EKF_P,0.786,0.7533,2.0,1201,0,560,1.234666347503662,1.070717215538025,0.0,0.20958927273750305,4.804
REFF,0.4789,0.8648,10.0,782,0,560,1.0555113554000854,1.0142802000045776,0.020077383145689964,0.0,3.128
TRIM,0.4789,0.8648,10.0,1621,0,560,1.0555113554000854,1.0142802000045776,0.0,0.0,6.484
SOLVE,0.4789,0.8648,10.0,11188,17,560,1.0555113554000854,1.0142802000045776,0.0,-48.99562072753906,44.752
FULL,0.4789,0.8648,10.0,12788,17,560,1.0555113554000854,1.0142802000045776,0.0,-48.99562072753906,51.152
FEAT,0.4789,0.8648,10.0,3293,0,560,1.0555113554000854,1.0142802000045776,0.0,0.0,13.172
FEAT_A8,0.4789,0.8648,10.0,1477,0,560,1.0555113554000854,1.0142802000045776,0.0,0.0,5.908
EKF,0.4789,0.8648,10.0,1746,0,560,1.0555113554000854,1.0142802000045776,0.0,0.20764893293380737,6.984
EKF_P,0.4789,0.8648,10.0,1195,0,560,1.0555113554000854,1.0142802000045776,0.0,0.20857486128807068,4.78
REFF,0.3398,0.8792,10.0,775,0,560,1.0833724737167358,1.0228172540664673,0.021282052621245384,0.0,3.1
TRIM,0.3398,0.8792,10.0,1627,0,560,1.0833724737167358,1.0228172540664673,0.0,0.0,6.508
SOLVE,0.3398,0.8792,10.0,10964,17,560,1.0833724737167358,1.0228172540664673,0.0,-54.06393814086914,43.856
FULL,0.3398,0.8792,10.0,12577,17,560,1.0833724737167358,1.0228172540664673,0.0,-54.06393814086914,50.308
FEAT,0.3398,0.8792,10.0,3274,0,560,1.0833724737167358,1.0228172540664673,0.0,0.0,13.096
FEAT_A8,0.3398,0.8792,10.0,1477,0,560,1.0833724737167358,1.0228172540664673,0.0,0.0,5.908
EKF,0.3398,0.8792,10.0,1746,0,560,1.0833724737167358,1.0228172540664673,0.0,0.2092115432024002,6.984
EKF_P,0.3398,0.8792,10.0,1195,0,560,1.0833724737167358,1.0228172540664673,0.0,0.2101374715566635,4.78
REFF,0.8009,0.8573,10.0,799,0,560,0.9922077655792236,0.9946148991584778,0.022500446066260338,0.0,3.196
TRIM,0.8009,0.8573,10.0,1627,0,560,0.9922077655792236,0.9946148991584778,0.0,0.0,6.508
SOLVE,0.8009,0.8573,10.0,11012,17,560,0.9922077655792236,0.9946148991584778,0.0,-67.61475372314453,44.048
FULL,0.8009,0.8573,10.0,12600,17,560,0.9922077655792236,0.9946148991584778,0.0,-67.61475372314453,50.4
FEAT,0.8009,0.8573,10.0,3316,0,560,0.9922077655792236,0.9946148991584778,0.0,0.0,13.264
FEAT_A8,0.8009,0.8573,10.0,1500,0,560,0.9922077655792236,0.9946148991584778,0.0,0.0,6.0
EKF,0.8009,0.8573,10.0,1775,0,560,0.9922077655792236,0.9946148991584778,0.0,0.21236079931259155,7.1
EKF_P,0.8009,0.8573,10.0,1231,0,560,0.9922077655792236,0.9946148991584778,0.0,0.21328672766685486,4.924
REFF,0.8694,0.9148,10.0,775,0,560,1.040439486503601,1.0096455812454224,0.018654847517609596,0.0,3.1
TRIM,0.8694,0.9148,10.0,1621,0,560,1.040439486503601,1.0096455812454224,0.0,0.0,6.484
SOLVE,0.8694,0.9148,10.0,11812,18,560,1.040439486503601,1.0096455812454224,0.0,-81.46653747558594,47.248
FULL,0.8694,0.9148,10.0,13413,18,560,1.040439486503601,1.0096455812454224,0.0,-81.46653747558594,53.652
FEAT,0.8694,0.9148,10.0,3280,0,560,1.040439486503601,1.0096455812454224,0.0,0.0,13.12
FEAT_A8,0.8694,0.9148,10.0,1470,0,560,1.040439486503601,1.0096455812454224,0.0,0.0,5.88
EKF,0.8694,0.9148,10.0,1746,0,560,1.040439486503601,1.0096455812454224,0.0,0.21579726040363312,6.984
EKF_P,0.8694,0.9148,10.0,1195,0,560,1.040439486503601,1.0096455812454224,0.0,0.21672318875789642,4.78
REFF,0.8597,0.9345,2.0,757,0,560,1.003096103668213,0.9980444312095642,0.012881726957857609,0.0,3.028
TRIM,0.8597,0.9345,2.0,1624,0,560,1.003096103668213,0.9980444312095642,0.0,0.0,6.496
SOLVE,0.8597,0.9345,2.0,10762,17,560,1.003096103668213,0.9980444312095642,0.0,-72.03990173339844,43.048
FULL,0.8597,0.9345,2.0,12372,17,560,1.003096103668213,0.9980444312095642,0.0,-72.03990173339844,49.488
FEAT,0.8597,0.9345,2.0,3310,0,560,1.003096103668213,0.9980444312095642,0.0,0.0,13.24
FEAT_A8,0.8597,0.9345,2.0,1500,0,560,1.003096103668213,0.9980444312095642,0.0,0.0,6.0
EKF,0.8597,0.9345,2.0,1775,0,560,1.003096103668213,0.9980444312095642,0.0,0.21442316472530365,7.1
EKF_P,0.8597,0.9345,2.0,1231,0,560,1.003096103668213,0.9980444312095642,0.0,0.21534909307956696,4.924
REFF,0.6314,0.8124,2.0,767,0,560,0.9829014539718628,0.9916614294052124,0.019742541015148163,0.0,3.068
TRIM,0.6314,0.8124,2.0,1627,0,560,0.9829014539718628,0.9916614294052124,0.0,0.0,6.508
SOLVE,0.6314,0.8124,2.0,10385,17,560,0.9829014539718628,0.9916614294052124,0.0,-58.78469467163086,41.54
FULL,0.6314,0.8124,2.0,11999,17,560,0.9829014539718628,0.9916614294052124,0.0,-58.78469467163086,47.996
FEAT,0.6314,0.8124,2.0,3401,0,560,0.9829014539718628,0.9916614294052124,0.0,0.0,13.604
FEAT_A8,0.6314,0.8124,2.0,1585,0,560,0.9829014539718628,0.9916614294052124,0.0,0.0,6.34
EKF,0.6314,0.8124,2.0,1789,0,560,0.9829014539718628,0.9916614294052124,0.0,0.2113420069217682,7.156
EKF_P,0.6314,0.8124,2.0,1231,0,560,0.9829014539718628,0.9916614294052124,0.0,0.2122679352760315,4.924
REFF,0.3217,0.9253,10.0,809,0,560,1.3382813930511475,1.108980655670166,0.02047562785446644,0.0,3.236
TRIM,0.3217,0.9253,10.0,1714,0,560,1.3382813930511475,1.108980655670166,0.0,0.0,6.856
SOLVE,0.3217,0.9253,10.0,11000,17,560,1.3382813930511475,1.108980655670166,0.0,-62.55611038208008,44.0
FULL,0.3217,0.9253,10.0,12700,17,560,1.3382813930511475,1.108980655670166,0.0,-62.55611038208008,50.8
FEAT,0.3217,0.9253,10.0,3323,0,560,1.3382813930511475,1.108980655670166,0.0,0.0,13.292
FEAT_A8,0.3217,0.9253,10.0,1519,0,560,1.3382813930511475,1.108980655670166,0.0,0.0,6.076
EKF,0.3217,0.9253,10.0,1833,0,560,1.3382813930511475,1.108980655670166,0.0,0.21459725499153137,7.332
EKF_P,0.3217,0.9253,10.0,1266,0,560,1.3382813930511475,1.108980655670166,0.0,0.21552318334579468,5.064
REFF,0.5618,0.8409,2.0,794,0,560,1.1181548833847046,1.0334900617599487,0.01800495572388172,0.0,3.176
TRIM,0.5618,0.8409,2.0,1643,0,560,1.1181548833847046,1.0334900617599487,0.0,0.0,6.572
SOLVE,0.5618,0.8409,2.0,12470,18,560,1.1181548833847046,1.0334900617599487,0.0,-74.8370132446289,49.88
FULL,0.5618,0.8409,2.0,14075,18,560,1.1181548833847046,1.0334900617599487,0.0,-74.8370132446289,56.3
FEAT,0.5618,0.8409,2.0,3382,0,560,1.1181548833847046,1.0334900617599487,0.0,0.0,13.528
FEAT_A8,0.5618,0.8409,2.0,1554,0,560,1.1181548833847046,1.0334900617599487,0.0,0.0,6.216
EKF,0.5618,0.8409,2.0,1822,0,560,1.1181548833847046,1.0334900617599487,0.0,0.21743270754814148,7.288
EKF_P,0.5618,0.8409,2.0,1250,0,560,1.1181548833847046,1.0334900617599487,0.0,0.21835863590240479,5.0
REFF,0.5255,0.9181,2.0,772,0,560,0.9623526334762573,0.9850540161132812,0.011883782222867012,0.0,3.088
TRIM,0.5255,0.9181,2.0,1629,0,560,0.9623526334762573,0.9850540161132812,0.0,0.0,6.516
SOLVE,0.5255,0.9181,2.0,11941,18,560,0.9623526334762573,0.9850540161132812,0.0,-98.8760757446289,47.764
FULL,0.5255,0.9181,2.0,13543,18,560,0.9623526334762573,0.9850540161132812,0.0,-98.8760757446289,54.172
FEAT,0.5255,0.9181,2.0,3310,0,560,0.9623526334762573,0.9850540161132812,0.0,0.0,13.24
FEAT_A8,0.5255,0.9181,2.0,1493,0,560,0.9623526334762573,0.9850540161132812,0.0,0.0,5.972
EKF,0.5255,0.9181,2.0,1750,0,560,0.9623526334762573,0.9850540161132812,0.0,0.2187696099281311,7.0
EKF_P,0.5255,0.9181,2.0,1189,0,560,0.9623526334762573,0.9850540161132812,0.0,0.2196955382823944,4.756
REFF,0.4937,0.9772,10.0,812,0,560,1.1257569789886475,1.0358341932296753,0.014707974158227444,0.0,3.248
TRIM,0.4937,0.9772,10.0,1643,0,560,1.1257569789886475,1.0358341932296753,0.0,0.0,6.572
SOLVE,0.4937,0.9772,10.0,11648,17,560,1.1257569789886475,1.0358341932296753,0.0,-74.43496704101562,46.592
FULL,0.4937,0.9772,10.0,13264,17,560,1.1257569789886475,1.0358341932296753,0.0,-74.43496704101562,53.056
FEAT,0.4937,0.9772,10.0,3344,0,560,1.1257569789886475,1.0358341932296753,0.0,0.0,13.376
FEAT_A8,0.4937,0.9772,10.0,1521,0,560,1.1257569789886475,1.0358341932296753,0.0,0.0,6.084
EKF,0.4937,0.9772,10.0,1808,0,560,1.1257569789886475,1.0358341932296753,0.0,0.21906092762947083,7.232
EKF_P,0.4937,0.9772,10.0,1238,0,560,1.1257569789886475,1.0358341932296753,0.0,0.21998685598373413,4.952
REFF,0.3279,0.9299,2.0,757,0,560,1.0191309452056885,1.0030521154403687,0.012251472100615501,0.0,3.028
TRIM,0.3279,0.9299,2.0,1621,0,560,1.0191309452056885,1.0030521154403687,0.0,0.0,6.484
SOLVE,0.3279,0.9299,2.0,10975,18,560,1.0191309452056885,1.0030521154403687,0.0,-79.06947326660156,43.9
FULL,0.3279,0.9299,2.0,12563,18,560,1.0191309452056885,1.0030521154403687,0.0,-79.06947326660156,50.252
FEAT,0.3279,0.9299,2.0,3323,0,560,1.0191309452056885,1.0030521154403687,0.0,0.0,13.292
FEAT_A8,0.3279,0.9299,2.0,1500,0,560,1.0191309452056885,1.0030521154403687,0.0,0.0,6.0
EKF,0.3279,0.9299,2.0,1792,0,560,1.0191309452056885,1.0030521154403687,0.0,0.218305304646492,7.168
EKF_P,0.3279,0.9299,2.0,1219,0,560,1.0191309452056885,1.0030521154403687,0.0,0.2192312330007553,4.876
REFF,0.6522,0.7959,10.0,780,0,560,1.3165748119354248,1.1002875566482544,0.03363461792469025,0.0,3.12
TRIM,0.6522,0.7959,10.0,1671,0,560,1.3165748119354248,1.1002875566482544,0.0,0.0,6.684
SOLVE,0.6522,0.7959,10.0,12594,18,560,1.3165748119354248,1.1002875566482544,0.0,-27.177732467651367,50.376
FULL,0.6522,0.7959,10.0,14264,18,560,1.3165748119354248,1.1002875566482544,0.0,-27.177732467651367,57.056
FEAT,0.6522,0.7959,10.0,3294,0,560,1.3165748119354248,1.1002875566482544,0.0,0.0,13.176
FEAT_A8,0.6522,0.7959,10.0,1490,0,560,1.3165748119354248,1.1002875566482544,0.0,0.0,5.96
EKF,0.6522,0.7959,10.0,1774,0,560,1.3165748119354248,1.1002875566482544,0.0,0.20816229283809662,7.096
EKF_P,0.6522,0.7959,10.0,1223,0,560,1.3165748119354248,1.1002875566482544,0.0,0.20908822119235992,4.892
REFF,0.8909,0.938,2.0,757,0,560,0.9727328419685364,0.9884076714515686,0.012261527590453625,0.0,3.028
TRIM,0.8909,0.938,2.0,1629,0,560,0.9727328419685364,0.9884076714515686,0.0,0.0,6.516
SOLVE,0.8909,0.938,2.0,10956,18,560,0.9727328419685364,0.9884076714515686,0.0,-75.44791412353516,43.824
FULL,0.8909,0.938,2.0,12571,18,560,0.9727328419685364,0.9884076714515686,0.0,-75.44791412353516,50.284
FEAT,0.8909,0.938,2.0,3323,0,560,0.9727328419685364,0.9884076714515686,0.0,0.0,13.292
FEAT_A8,0.8909,0.938,2.0,1511,0,560,0.9727328419685364,0.9884076714515686,0.0,0.0,6.044
EKF,0.8909,0.938,2.0,1775,0,560,0.9727328419685364,0.9884076714515686,0.0,0.2064162939786911,7.1
EKF_P,0.8909,0.938,2.0,1225,0,560,0.9727328419685364,0.9884076714515686,0.0,0.2073422223329544,4.9
REFF,0.3807,0.8069,10.0,804,0,560,1.0930863618850708,1.0257924795150757,0.028883615508675575,0.0,3.216
TRIM,0.3807,0.8069,10.0,1649,0,560,1.0930863618850708,1.0257924795150757,0.0,0.0,6.596
SOLVE,0.3807,0.8069,10.0,11048,17,560,1.0930863618850708,1.0257924795150757,0.0,-44.57826232910156,44.192
FULL,0.3807,0.8069,10.0,12669,17,560,1.0930863618850708,1.0257924795150757,0.0,-44.57826232910156,50.676
FEAT,0.3807,0.8069,10.0,3316,0,560,1.0930863618850708,1.0257924795150757,0.0,0.0,13.264
FEAT_A8,0.3807,0.8069,10.0,1500,0,560,1.0930863618850708,1.0257924795150757,0.0,0.0,6.0
EKF,0.3807,0.8069,10.0,1811,0,560,1.0930863618850708,1.0257924795150757,0.0,0.21150147914886475,7.244
EKF_P,0.3807,0.8069,10.0,1250,0,560,1.0930863618850708,1.0257924795150757,0.0,0.21242740750312805,5.0
REFF,0.7302,0.9446,10.0,782,0,560,1.006457805633545,0.9990982413291931,0.016001006588339806,0.0,3.128
TRIM,0.7302,0.9446,10.0,1630,0,560,1.006457805633545,0.9990982413291931,0.0,0.0,6.52
SOLVE,0.7302,0.9446,10.0,11371,17,560,1.006457805633545,0.9990982413291931,0.0,-62.307960510253906,45.484
FULL,0.7302,0.9446,10.0,12968,17,560,1.006457805633545,0.9990982413291931,0.0,-62.307960510253906,51.872
FEAT,0.7302,0.9446,10.0,3275,0,560,1.006457805633545,0.9990982413291931,0.0,0.0,13.1
FEAT_A8,0.7302,0.9446,10.0,1477,0,560,1.006457805633545,0.9990982413291931,0.0,0.0,5.908
EKF,0.7302,0.9446,10.0,1746,0,560,1.006457805633545,0.9990982413291931,0.0,0.21024015545845032,6.984
EKF_P,0.7302,0.9446,10.0,1189,0,560,1.006457805633545,0.9990982413291931,0.0,0.21116608381271362,4.756
REFF,0.5289,0.825,10.0,807,0,560,1.0163984298706055,1.0022019147872925,0.022749552503228188,0.0,3.228
TRIM,0.5289,0.825,10.0,1621,0,560,1.0163984298706055,1.0022019147872925,0.0,0.0,6.484
SOLVE,0.5289,0.825,10.0,11624,17,560,1.0163984298706055,1.0022019147872925,0.0,-59.17561340332031,46.496
FULL,0.5289,0.825,10.0,13225,17,560,1.0163984298706055,1.0022019147872925,0.0,-59.17561340332031,52.9
FEAT,0.5289,0.825,10.0,3308,0,560,1.0163984298706055,1.0022019147872925,0.0,0.0,13.232
FEAT_A8,0.5289,0.825,10.0,1498,0,560,1.0163984298706055,1.0022019147872925,0.0,0.0,5.992
EKF,0.5289,0.825,10.0,1752,0,560,1.0163984298706055,1.0022019147872925,0.0,0.21318185329437256,7.008
EKF_P,0.5289,0.825,10.0,1195,0,560,1.0163984298706055,1.0022019147872925,0.0,0.21410778164863586,4.78
REFF,0.7916,0.8242,2.0,739,0,560,0.9871649742126465,0.9930171966552734,0.020383983850479126,0.0,2.956
TRIM,0.7916,0.8242,2.0,1633,0,560,0.9871649742126465,0.9930171966552734,0.0,0.0,6.532
SOLVE,0.7916,0.8242,2.0,10606,17,560,0.9871649742126465,0.9930171966552734,0.0,-51.95820617675781,42.424
FULL,0.7916,0.8242,2.0,12219,17,560,0.9871649742126465,0.9930171966552734,0.0,-51.95820617675781,48.876
FEAT,0.7916,0.8242,2.0,3274,0,560,0.9871649742126465,0.9930171966552734,0.0,0.0,13.096
FEAT_A8,0.7916,0.8242,2.0,1477,0,560,0.9871649742126465,0.9930171966552734,0.0,0.0,5.908
EKF,0.7916,0.8242,2.0,1739,0,560,0.9871649742126465,0.9930171966552734,0.0,0.20802001655101776,6.956
EKF_P,0.7916,0.8242,2.0,1195,0,560,0.9871649742126465,0.9930171966552734,0.0,0.20894594490528107,4.78
REFF,0.8434,0.8167,10.0,799,0,560,1.2076714038848877,1.0617488622665405,0.03193369507789612,0.0,3.196
TRIM,0.8434,0.8167,10.0,1643,0,560,1.2076714038848877,1.0617488622665405,0.0,0.0,6.572
SOLVE,0.8434,0.8167,10.0,11440,17,560,1.2076714038848877,1.0617488622665405,0.0,-48.72263717651367,45.76
FULL,0.8434,0.8167,10.0,13056,17,560,1.2076714038848877,1.0617488622665405,0.0,-48.72263717651367,52.224
FEAT,0.8434,0.8167,10.0,3340,0,560,1.2076714038848877,1.0617488622665405,0.0,0.0,13.36
FEAT_A8,0.8434,0.8167,10.0,1513,0,560,1.2076714038848877,1.0617488622665405,0.0,0.0,6.052
EKF,0.8434,0.8167,10.0,1794,0,560,1.2076714038848877,1.0617488622665405,0.0,0.21267886459827423,7.176
EKF_P,0.8434,0.8167,10.0,1250,0,560,1.2076714038848877,1.0617488622665405,0.0,0.21360479295253754,5.0
REFF,0.2628,0.9599,10.0,775,0,560,0.9788409471511841,0.9903656840324402,0.014150002971291542,0.0,3.1
TRIM,0.2628,0.9599,10.0,1627,0,560,0.9788409471511841,0.9903656840324402,0.0,0.0,6.508
SOLVE,0.2628,0.9599,10.0,11611,18,560,0.9788409471511841,0.9903656840324402,0.0,-84.27279663085938,46.444
FULL,0.2628,0.9599,10.0,13206,18,560,0.9788409471511841,0.9903656840324402,0.0,-84.27279663085938,52.824
FEAT,0.2628,0.9599,10.0,3308,0,560,0.9788409471511841,0.9903656840324402,0.0,0.0,13.232
FEAT_A8,0.2628,0.9599,10.0,1483,0,560,0.9788409471511841,0.9903656840324402,0.0,0.0,5.932
EKF,0.2628,0.9599,10.0,1746,0,560,0.9788409471511841,0.9903656840324402,0.0,0.215301513671875,6.984
EKF_P,0.2628,0.9599,10.0,1189,0,560,0.9788409471511841,0.9903656840324402,0.0,0.2162274420261383,4.756
REFF,0.407,0.887,2.0,757,0,560,1.1408958435058594,1.0405230522155762,0.01553273480385542,0.0,3.028
TRIM,0.407,0.887,2.0,1643,0,560,1.1408958435058594,1.0405230522155762,0.0,0.0,6.572
SOLVE,0.407,0.887,2.0,10397,17,560,1.1408958435058594,1.0405230522155762,0.0,-67.28390502929688,41.588
FULL,0.407,0.887,2.0,12006,17,560,1.1408958435058594,1.0405230522155762,0.0,-67.28390502929688,48.024
FEAT,0.407,0.887,2.0,3328,0,560,1.1408958435058594,1.0405230522155762,0.0,0.0,13.312
FEAT_A8,0.407,0.887,2.0,1494,0,560,1.1408958435058594,1.0405230522155762,0.0,0.0,5.976
EKF,0.407,0.887,2.0,1802,0,560,1.1408958435058594,1.0405230522155762,0.0,0.21538493037223816,7.208
EKF_P,0.407,0.887,2.0,1250,0,560,1.1408958435058594,1.0405230522155762,0.0,0.21631085872650146,5.0
REFF,0.7154,0.8862,10.0,813,0,560,1.0319607257843018,1.0070289373397827,0.018976446241140366,0.0,3.252
TRIM,0.7154,0.8862,10.0,1621,0,560,1.0319607257843018,1.0070289373397827,0.0,0.0,6.484
SOLVE,0.7154,0.8862,10.0,11681,17,560,1.0319607257843018,1.0070289373397827,0.0,-53.91848373413086,46.724
FULL,0.7154,0.8862,10.0,13262,17,560,1.0319607257843018,1.0070289373397827,0.0,-53.91848373413086,53.048
FEAT,0.7154,0.8862,10.0,3356,0,560,1.0319607257843018,1.0070289373397827,0.0,0.0,13.424
FEAT_A8,0.7154,0.8862,10.0,1533,0,560,1.0319607257843018,1.0070289373397827,0.0,0.0,6.132
EKF,0.7154,0.8862,10.0,1775,0,560,1.0319607257843018,1.0070289373397827,0.0,0.214483842253685,7.1
EKF_P,0.7154,0.8862,10.0,1231,0,560,1.0319607257843018,1.0070289373397827,0.0,0.2154097706079483,4.924
REFF,0.2098,0.7757,10.0,799,0,560,1.0517545938491821,1.0131266117095947,0.07135702669620514,0.0,3.196
TRIM,0.2098,0.7757,10.0,1641,0,560,1.0517545938491821,1.0131266117095947,0.0,0.0,6.564
SOLVE,0.2098,0.7757,10.0,16449,24,560,1.0517545938491821,1.0131266117095947,0.0,-14.817699432373047,65.796
FULL,0.2098,0.7757,10.0,18063,24,560,1.0517545938491821,1.0131266117095947,0.0,-14.817699432373047,72.252
FEAT,0.2098,0.7757,10.0,3354,0,560,1.0517545938491821,1.0131266117095947,0.0,0.0,13.416
FEAT_A8,0.2098,0.7757,10.0,1519,0,560,1.0517545938491821,1.0131266117095947,0.0,0.0,6.076
EKF,0.2098,0.7757,10.0,1762,0,560,1.0517545938491821,1.0131266117095947,0.0,0.20366531610488892,7.048
EKF_P,0.2098,0.7757,10.0,1218,0,560,1.0517545938491821,1.0131266117095947,0.0,0.20459124445915222,4.872
REFF,0.4476,0.7527,10.0,782,0,560,0.9781938791275024,0.99015873670578,0.044879429042339325,0.0,3.128
TRIM,0.4476,0.7527,10.0,1627,0,560,0.9781938791275024,0.99015873670578,0.0,0.0,6.508
SOLVE,0.4476,0.7527,10.0,11065,17,560,0.9781938791275024,0.99015873670578,0.0,-39.193687438964844,44.26
FULL,0.4476,0.7527,10.0,12671,17,560,0.9781938791275024,0.99015873670578,0.0,-39.193687438964844,50.684
FEAT,0.4476,0.7527,10.0,3299,0,560,0.9781938791275024,0.99015873670578,0.0,0.0,13.196
FEAT_A8,0.4476,0.7527,10.0,1477,0,560,0.9781938791275024,0.99015873670578,0.0,0.0,5.908
EKF,0.4476,0.7527,10.0,1746,0,560,0.9781938791275024,0.99015873670578,0.0,0.20679977536201477,6.984
EKF_P,0.4476,0.7527,10.0,1182,0,560,0.9781938791275024,0.99015873670578,0.0,0.20772570371627808,4.728
REFF,0.3894,0.8364,2.0,733,0,560,1.030561089515686,1.0065960884094238,0.019125785678625107,0.0,2.932
TRIM,0.3894,0.8364,2.0,1621,0,560,1.030561089515686,1.0065960884094238,0.0,0.0,6.484
SOLVE,0.3894,0.8364,2.0,10946,18,560,1.030561089515686,1.0065960884094238,0.0,-78.1356430053711,43.784
FULL,0.3894,0.8364,2.0,12545,18,560,1.030561089515686,1.0065960884094238,0.0,-78.1356430053711,50.18
FEAT,0.3894,0.8364,2.0,3305,0,560,1.030561089515686,1.0065960884094238,0.0,0.0,13.22
FEAT_A8,0.3894,0.8364,2.0,1470,0,560,1.030561089515686,1.0065960884094238,0.0,0.0,5.88
EKF,0.3894,0.8364,2.0,1750,0,560,1.030561089515686,1.0065960884094238,0.0,0.21147865056991577,7.0
EKF_P,0.3894,0.8364,2.0,1195,0,560,1.030561089515686,1.0065960884094238,0.0,0.21240457892417908,4.78
REFF,0.4463,0.8492,2.0,757,0,560,1.006579041481018,0.999136209487915,0.017251325771212578,0.0,3.028
TRIM,0.4463,0.8492,2.0,1624,0,560,1.006579041481018,0.999136209487915,0.0,0.0,6.496
SOLVE,0.4463,0.8492,2.0,10370,17,560,1.006579041481018,0.999136209487915,0.0,-61.733863830566406,41.48
FULL,0.4463,0.8492,2.0,11973,17,560,1.006579041481018,0.999136209487915,0.0,-61.733863830566406,47.892
FEAT,0.4463,0.8492,2.0,3327,0,560,1.006579041481018,0.999136209487915,0.0,0.0,13.308
FEAT_A8,0.4463,0.8492,2.0,1494,0,560,1.006579041481018,0.999136209487915,0.0,0.0,5.976
EKF,0.4463,0.8492,2.0,1787,0,560,1.006579041481018,0.999136209487915,0.0,0.2100505381822586,7.148
EKF_P,0.4463,0.8492,2.0,1231,0,560,1.006579041481018,0.999136209487915,0.0,0.2109764665365219,4.924
REFF,0.4554,0.7692,10.0,799,0,560,1.0838314294815063,1.0229578018188477,0.039365872740745544,0.0,3.196
TRIM,0.4554,0.7692,10.0,1621,0,560,1.0838314294815063,1.0229578018188477,0.0,0.0,6.484
SOLVE,0.4554,0.7692,10.0,11075,17,560,1.0838314294815063,1.0229578018188477,0.0,-36.05574035644531,44.3
FULL,0.4554,0.7692,10.0,12682,17,560,1.0838314294815063,1.0229578018188477,0.0,-36.05574035644531,50.728
FEAT,0.4554,0.7692,10.0,3320,0,560,1.0838314294815063,1.0229578018188477,0.0,0.0,13.28
FEAT_A8,0.4554,0.7692,10.0,1494,0,560,1.0838314294815063,1.0229578018188477,0.0,0.0,5.976
EKF,0.4554,0.7692,10.0,1775,0,560,1.0838314294815063,1.0229578018188477,0.0,0.21399591863155365,7.1
EKF_P,0.4554,0.7692,10.0,1218,0,560,1.0838314294815063,1.0229578018188477,0.0,0.21492184698581696,4.872
REFF,0.7016,0.8356,10.0,781,0,560,1.0529522895812988,1.013494610786438,0.02227059379220009,0.0,3.124
TRIM,0.7016,0.8356,10.0,1626,0,560,1.0529522895812988,1.013494610786438,0.0,0.0,6.504
SOLVE,0.7016,0.8356,10.0,11231,17,560,1.0529522895812988,1.013494610786438,0.0,-44.29995346069336,44.924
FULL,0.7016,0.8356,10.0,12849,17,560,1.0529522895812988,1.013494610786438,0.0,-44.29995346069336,51.396
FEAT,0.7016,0.8356,10.0,3319,0,560,1.0529522895812988,1.013494610786438,0.0,0.0,13.276
FEAT_A8,0.7016,0.8356,10.0,1506,0,560,1.0529522895812988,1.013494610786438,0.0,0.0,6.024
EKF,0.7016,0.8356,10.0,1746,0,560,1.0529522895812988,1.013494610786438,0.0,0.21131901443004608,6.984
EKF_P,0.7016,0.8356,10.0,1195,0,560,1.0529522895812988,1.013494610786438,0.0,0.2122449427843094,4.78
REFF,0.5073,0.9789,2.0,783,0,560,1.2422884702682495,1.0733047723770142,0.01269122026860714,0.0,3.132
TRIM,0.5073,0.9789,2.0,1643,0,560,1.2422884702682495,1.0733047723770142,0.0,0.0,6.572
SOLVE,0.5073,0.9789,2.0,12084,18,560,1.2422884702682495,1.0733047723770142,0.0,-105.51272583007812,48.336
FULL,0.5073,0.9789,2.0,13687,18,560,1.2422884702682495,1.0733047723770142,0.0,-105.51272583007812,54.748
FEAT,0.5073,0.9789,2.0,3360,0,560,1.2422884702682495,1.0733047723770142,0.0,0.0,13.44
FEAT_A8,0.5073,0.9789,2.0,1540,0,560,1.2422884702682495,1.0733047723770142,0.0,0.0,6.16
EKF,0.5073,0.9789,2.0,1830,0,560,1.2422884702682495,1.0733047723770142,0.0,0.21432307362556458,7.32
EKF_P,0.5073,0.9789,2.0,1232,0,560,1.2422884702682495,1.0733047723770142,0.0,0.21524900197982788,4.928
REFF,0.6346,0.7946,2.0,738,0,560,1.153710126876831,1.0445187091827393,0.0244938712567091,0.0,2.952
TRIM,0.6346,0.7946,2.0,1643,0,560,1.153710126876831,1.0445187091827393,0.0,0.0,6.572
SOLVE,0.6346,0.7946,2.0,10344,17,560,1.153710126876831,1.0445187091827393,0.0,-55.98110580444336,41.376
FULL,0.6346,0.7946,2.0,11980,17,560,1.153710126876831,1.0445187091827393,0.0,-55.98110580444336,47.92
FEAT,0.6346,0.7946,2.0,3358,0,560,1.153710126876831,1.0445187091827393,0.0,0.0,13.432
FEAT_A8,0.6346,0.7946,2.0,1532,0,560,1.153710126876831,1.0445187091827393,0.0,0.0,6.128
EKF,0.6346,0.7946,2.0,1770,0,560,1.153710126876831,1.0445187091827393,0.0,0.21541497111320496,7.08
EKF_P,0.6346,0.7946,2.0,1214,0,560,1.153710126876831,1.0445187091827393,0.0,0.21634089946746826,4.856
REFF,0.2528,0.8373,10.0,780,0,560,1.3357758522033691,1.1079531908035278,0.0456734299659729,0.0,3.12
TRIM,0.2528,0.8373,10.0,1700,0,560,1.3357758522033691,1.1079531908035278,0.0,0.0,6.8
SOLVE,0.2528,0.8373,10.0,13173,20,560,1.3357758522033691,1.1079531908035278,0.0,-30.68604278564453,52.692
FULL,0.2528,0.8373,10.0,14866,20,560,1.3357758522033691,1.1079531908035278,0.0,-30.68604278564453,59.464
FEAT,0.2528,0.8373,10.0,3303,0,560,1.3357758522033691,1.1079531908035278,0.0,0.0,13.212
FEAT_A8,0.2528,0.8373,10.0,1483,0,560,1.3357758522033691,1.1079531908035278,0.0,0.0,5.932
EKF,0.2528,0.8373,10.0,1774,0,560,1.3357758522033691,1.1079531908035278,0.0,0.21425224840641022,7.096
EKF_P,0.2528,0.8373,10.0,1236,0,560,1.3357758522033691,1.1079531908035278,0.0,0.21517817676067352,4.944
REFF,0.5993,0.9002,2.0,733,0,560,0.9960682392120361,0.9958338737487793,0.013851962983608246,0.0,2.932
TRIM,0.5993,0.9002,2.0,1627,0,560,0.9960682392120361,0.9958338737487793,0.0,0.0,6.508
SOLVE,0.5993,0.9002,2.0,10339,17,560,0.9960682392120361,0.9958338737487793,0.0,-70.04264068603516,41.356
FULL,0.5993,0.9002,2.0,11952,17,560,0.9960682392120361,0.9958338737487793,0.0,-70.04264068603516,47.808
FEAT,0.5993,0.9002,2.0,3326,0,560,0.9960682392120361,0.9958338737487793,0.0,0.0,13.304
FEAT_A8,0.5993,0.9002,2.0,1493,0,560,0.9960682392120361,0.9958338737487793,0.0,0.0,5.972
EKF,0.5993,0.9002,2.0,1751,0,560,0.9960682392120361,0.9958338737487793,0.0,0.21359476447105408,7.004
EKF_P,0.5993,0.9002,2.0,1195,0,560,0.9960682392120361,0.9958338737487793,0.0,0.21452069282531738,4.78
REFF,0.8945,0.7536,2.0,733,0,560,1.0142806768417358,1.0015422105789185,0.03481707349419594,0.0,2.932
TRIM,0.8945,0.7536,2.0,1621,0,560,1.0142806768417358,1.0015422105789185,0.0,0.0,6.484
SOLVE,0.8945,0.7536,2.0,10538,17,560,1.0142806768417358,1.0015422105789185,0.0,-38.31925964355469,42.152
FULL,0.8945,0.7536,2.0,12145,17,560,1.0142806768417358,1.0015422105789185,0.0,-38.31925964355469,48.58
FEAT,0.8945,0.7536,2.0,3291,0,560,1.0142806768417358,1.0015422105789185,0.0,0.0,13.164
FEAT_A8,0.8945,0.7536,2.0,1483,0,560,1.0142806768417358,1.0015422105789185,0.0,0.0,5.932
EKF,0.8945,0.7536,2.0,1739,0,560,1.0142806768417358,1.0015422105789185,0.0,0.21387368440628052,6.956
EKF_P,0.8945,0.7536,2.0,1182,0,560,1.0142806768417358,1.0015422105789185,0.0,0.21479961276054382,4.728
REFF,0.434,0.8433,2.0,757,0,560,1.0022543668746948,0.9977802634239197,0.017885182052850723,0.0,3.028
TRIM,0.434,0.8433,2.0,1624,0,560,1.0022543668746948,0.9977802634239197,0.0,0.0,6.496
SOLVE,0.434,0.8433,2.0,10956,18,560,1.0022543668746948,0.9977802634239197,0.0,-81.0068588256836,43.824
FULL,0.434,0.8433,2.0,12566,18,560,1.0022543668746948,0.9977802634239197,0.0,-81.0068588256836,50.264
FEAT,0.434,0.8433,2.0,3339,0,560,1.0022543668746948,0.9977802634239197,0.0,0.0,13.356
FEAT_A8,0.434,0.8433,2.0,1500,0,560,1.0022543668746948,0.9977802634239197,0.0,0.0,6.0
EKF,0.434,0.8433,2.0,1787,0,560,1.0022543668746948,0.9977802634239197,0.0,0.21717047691345215,7.148
EKF_P,0.434,0.8433,2.0,1231,0,560,1.0022543668746948,0.9977802634239197,0.0,0.21809640526771545,4.924
REFF,0.8182,0.8824,2.0,757,0,560,1.1114718914031982,1.0314338207244873,0.017642173916101456,0.0,3.028
TRIM,0.8182,0.8824,2.0,1650,0,560,1.1114718914031982,1.0314338207244873,0.0,0.0,6.6
SOLVE,0.8182,0.8824,2.0,10401,17,560,1.1114718914031982,1.0314338207244873,0.0,-64.8947982788086,41.604
FULL,0.8182,0.8824,2.0,12012,17,560,1.1114718914031982,1.0314338207244873,0.0,-64.8947982788086,48.048
FEAT,0.8182,0.8824,2.0,3344,0,560,1.1114718914031982,1.0314338207244873,0.0,0.0,13.376
FEAT_A8,0.8182,0.8824,2.0,1507,0,560,1.1114718914031982,1.0314338207244873,0.0,0.0,6.028
EKF,0.8182,0.8824,2.0,1794,0,560,1.1114718914031982,1.0314338207244873,0.0,0.2176036536693573,7.176
EKF_P,0.8182,0.8824,2.0,1238,0,560,1.1114718914031982,1.0314338207244873,0.0,0.2185295820236206,4.952
REFF,0.3766,0.9394,10.0,799,0,560,0.9829014539718628,0.9916614294052124,0.014297380112111568,0.0,3.196
TRIM,0.3766,0.9394,10.0,1640,0,560,0.9829014539718628,0.9916614294052124,0.0,0.0,6.56
SOLVE,0.3766,0.9394,10.0,11644,18,560,0.9829014539718628,0.9916614294052124,0.0,-85.75981903076172,46.576
FULL,0.3766,0.9394,10.0,13256,18,560,0.9829014539718628,0.9916614294052124,0.0,-85.75981903076172,53.024
FEAT,0.3766,0.9394,10.0,3345,0,560,0.9829014539718628,0.9916614294052124,0.0,0.0,13.38
FEAT_A8,0.3766,0.9394,10.0,1513,0,560,0.9829014539718628,0.9916614294052124,0.0,0.0,6.052
EKF,0.3766,0.9394,10.0,1778,0,560,0.9829014539718628,0.9916614294052124,0.0,0.21943052113056183,7.112
EKF_P,0.3766,0.9394,10.0,1219,0,560,0.9829014539718628,0.9916614294052124,0.0,0.22035644948482513,4.876
REFF,0.291,0.7788,2.0,764,0,560,0.9906647205352783,0.9941266775131226,0.030562905594706535,0.0,3.056
TRIM,0.291,0.7788,2.0,1639,0,560,0.9906647205352783,0.9941266775131226,0.0,0.0,6.556
SOLVE,0.291,0.7788,2.0,10982,18,560,0.9906647205352783,0.9941266775131226,0.0,-66.61288452148438,43.928
FULL,0.291,0.7788,2.0,12594,18,560,0.9906647205352783,0.9941266775131226,0.0,-66.61288452148438,50.376
FEAT,0.291,0.7788,2.0,3333,0,560,0.9906647205352783,0.9941266775131226,0.0,0.0,13.332
FEAT_A8,0.291,0.7788,2.0,1507,0,560,0.9906647205352783,0.9941266775131226,0.0,0.0,6.028
EKF,0.291,0.7788,2.0,1779,0,560,0.9906647205352783,0.9941266775131226,0.0,0.22470365464687347,7.116
EKF_P,0.291,0.7788,2.0,1229,0,560,0.9906647205352783,0.9941266775131226,0.0,0.22562958300113678,4.916
REFF,0.4824,0.9387,2.0,757,0,560,1.0654016733169556,1.0173134803771973,0.011931723915040493,0.0,3.028
TRIM,0.4824,0.9387,2.0,1621,0,560,1.0654016733169556,1.0173134803771973,0.0,0.0,6.484
SOLVE,0.4824,0.9387,2.0,11411,18,560,1.0654016733169556,1.0173134803771973,0.0,-114.05186462402344,45.644
FULL,0.4824,0.9387,2.0,13005,18,560,1.0654016733169556,1.0173134803771973,0.0,-114.05186462402344,52.02
FEAT,0.4824,0.9387,2.0,3338,0,560,1.0654016733169556,1.0173134803771973,0.0,0.0,13.352
FEAT_A8,0.4824,0.9387,2.0,1507,0,560,1.0654016733169556,1.0173134803771973,0.0,0.0,6.028
EKF,0.4824,0.9387,2.0,1788,0,560,1.0654016733169556,1.0173134803771973,0.0,0.2279059886932373,7.152
EKF_P,0.4824,0.9387,2.0,1219,0,560,1.0654016733169556,1.0173134803771973,0.0,0.2288319170475006,4.876
REFF,0.2228,0.7915,2.0,733,0,560,1.282388687133789,1.0874180793762207,0.044963885098695755,0.0,2.932
TRIM,0.2228,0.7915,2.0,1690,0,560,1.282388687133789,1.0874180793762207,0.0,0.0,6.76
SOLVE,0.2228,0.7915,2.0,10986,18,560,1.282388687133789,1.0874180793762207,0.0,-54.376094818115234,43.944
FULL,0.2228,0.7915,2.0,12668,18,560,1.282388687133789,1.0874180793762207,0.0,-54.376094818115234,50.672
FEAT,0.2228,0.7915,2.0,3297,0,560,1.282388687133789,1.0874180793762207,0.0,0.0,13.188
FEAT_A8,0.2228,0.7915,2.0,1483,0,560,1.282388687133789,1.0874180793762207,0.0,0.0,5.932
EKF,0.2228,0.7915,2.0,1767,0,560,1.282388687133789,1.0874180793762207,0.0,0.23007845878601074,7.068
EKF_P,0.2228,0.7915,2.0,1223,0,560,1.282388687133789,1.0874180793762207,0.0,0.23100438714027405,4.892
REFF,0.2108,0.8798,10.0,775,0,560,1.0231237411499023,1.0042922496795654,0.031116848811507225,0.0,3.1
TRIM,0.2108,0.8798,10.0,1634,0,560,1.0231237411499023,1.0042922496795654,0.0,0.0,6.536
SOLVE,0.2108,0.8798,10.0,11727,18,560,1.0231237411499023,1.0042922496795654,0.0,-34.807376861572266,46.908
FULL,0.2108,0.8798,10.0,13360,18,560,1.0231237411499023,1.0042922496795654,0.0,-34.807376861572266,53.44
FEAT,0.2108,0.8798,10.0,3297,0,560,1.0231237411499023,1.0042922496795654,0.0,0.0,13.188
FEAT_A8,0.2108,0.8798,10.0,1483,0,560,1.0231237411499023,1.0042922496795654,0.0,0.0,5.932
EKF,0.2108,0.8798,10.0,1739,0,560,1.0231237411499023,1.0042922496795654,0.0,0.22880715131759644,6.956
EKF_P,0.2108,0.8798,10.0,1189,0,560,1.0231237411499023,1.0042922496795654,0.0,0.22973307967185974,4.756
REFF,0.5356,0.8763,10.0,816,0,560,0.9855633974075317,0.9925084710121155,0.01830577664077282,0.0,3.264
TRIM,0.5356,0.8763,10.0,1627,0,560,0.9855633974075317,0.9925084710121155,0.0,0.0,6.508
SOLVE,0.5356,0.8763,10.0,11939,17,560,0.9855633974075317,0.9925084710121155,0.0,-57.07952117919922,47.756
FULL,0.5356,0.8763,10.0,13539,17,560,0.9855633974075317,0.9925084710121155,0.0,-57.07952117919922,54.156
FEAT,0.5356,0.8763,10.0,3320,0,560,0.9855633974075317,0.9925084710121155,0.0,0.0,13.28
FEAT_A8,0.5356,0.8763,10.0,1499,0,560,0.9855633974075317,0.9925084710121155,0.0,0.0,5.996
EKF,0.5356,0.8763,10.0,1750,0,560,0.9855633974075317,0.9925084710121155,0.0,0.22814114391803741,7.0
EKF_P,0.5356,0.8763,10.0,1189,0,560,0.9855633974075317,0.9925084710121155,0.0,0.22906707227230072,4.756
REFF,0.5196,0.7605,2.0,780,0,560,0.8848335146903992,0.9585274457931519,0.023668793961405754,0.0,3.12
TRIM,0.5196,0.7605,2.0,1651,0,560,0.8848335146903992,0.9585274457931519,0.0,0.0,6.604
SOLVE,0.5196,0.7605,2.0,11829,17,560,0.8848335146903992,0.9585274457931519,0.0,-65.32160949707031,47.316
FULL,0.5196,0.7605,2.0,13447,17,560,0.8848335146903992,0.9585274457931519,0.0,-65.32160949707031,53.788
FEAT,0.5196,0.7605,2.0,3374,0,560,0.8848335146903992,0.9585274457931519,0.0,0.0,13.496
FEAT_A8,0.5196,0.7605,2.0,1541,0,560,0.8848335146903992,0.9585274457931519,0.0,0.0,6.164
EKF,0.5196,0.7605,2.0,1815,0,560,0.8848335146903992,0.9585274457931519,0.0,0.235430508852005,7.26
EKF_P,0.5196,0.7605,2.0,1248,0,560,0.8848335146903992,0.9585274457931519,0.0,0.2363564372062683,4.992
REFF,0.7269,0.864,10.0,782,0,560,0.9902847409248352,0.994006335735321,0.01985892467200756,0.0,3.128
TRIM,0.7269,0.864,10.0,1627,0,560,0.9902847409248352,0.994006335735321,0.0,0.0,6.508
SOLVE,0.7269,0.864,10.0,11268,17,560,0.9902847409248352,0.994006335735321,0.0,-72.27320098876953,45.072
FULL,0.7269,0.864,10.0,12875,17,560,0.9902847409248352,0.994006335735321,0.0,-72.27320098876953,51.5
FEAT,0.7269,0.864,10.0,3302,0,560,0.9902847409248352,0.994006335735321,0.0,0.0,13.208
FEAT_A8,0.7269,0.864,10.0,1490,0,560,0.9902847409248352,0.994006335735321,0.0,0.0,5.96
EKF,0.7269,0.864,10.0,1739,0,560,0.9902847409248352,0.994006335735321,0.0,0.2378845065832138,6.956
EKF_P,0.7269,0.864,10.0,1189,0,560,0.9902847409248352,0.994006335735321,0.0,0.2388104349374771,4.756
REFF,0.2027,0.9032,10.0,775,0,560,1.1150398254394531,1.0325311422348022,0.031414858996868134,0.0,3.1
TRIM,0.2027,0.9032,10.0,1654,0,560,1.1150398254394531,1.0325311422348022,0.0,0.0,6.616
SOLVE,0.2027,0.9032,10.0,11640,18,560,1.1150398254394531,1.0325311422348022,0.0,-56.15581130981445,46.56
FULL,0.2027,0.9032,10.0,13286,18,560,1.1150398254394531,1.0325311422348022,0.0,-56.15581130981445,53.144
FEAT,0.2027,0.9032,10.0,3297,0,560,1.1150398254394531,1.0325311422348022,0.0,0.0,13.188
FEAT_A8,0.2027,0.9032,10.0,1483,0,560,1.1150398254394531,1.0325311422348022,0.0,0.0,5.932
EKF,0.2027,0.9032,10.0,1758,0,560,1.1150398254394531,1.0325311422348022,0.0,0.24008747935295105,7.032
EKF_P,0.2027,0.9032,10.0,1208,0,560,1.1150398254394531,1.0325311422348022,0.0,0.24101340770721436,4.832
REFF,0.7996,0.75,2.0,733,0,560,0.9946847558021545,0.9953973889350891,0.02310016192495823,0.0,2.932
TRIM,0.7996,0.75,2.0,1627,0,560,0.9946847558021545,0.9953973889350891,0.0,0.0,6.508
SOLVE,0.7996,0.75,2.0,10352,17,560,0.9946847558021545,0.9953973889350891,0.0,-58.45981979370117,41.408
FULL,0.7996,0.75,2.0,11952,17,560,0.9946847558021545,0.9953973889350891,0.0,-58.45981979370117,47.808
FEAT,0.7996,0.75,2.0,3298,0,560,0.9946847558021545,0.9953973889350891,0.0,0.0,13.192
FEAT_A8,0.7996,0.75,2.0,1477,0,560,0.9946847558021545,0.9953973889350891,0.0,0.0,5.908
EKF,0.7996,0.75,2.0,1743,0,560,0.9946847558021545,0.9953973889350891,0.0,0.2403993010520935,6.972
EKF_P,0.7996,0.75,2.0,1193,0,560,0.9946847558021545,0.9953973889350891,0.0,0.2413252294063568,4.772
REFF,0.4107,0.8946,2.0,757,0,560,0.9747888445854187,0.9890679717063904,0.012969456613063812,0.0,3.028
TRIM,0.4107,0.8946,2.0,1627,0,560,0.9747888445854187,0.9890679717063904,0.0,0.0,6.508
SOLVE,0.4107,0.8946,2.0,10397,17,560,0.9747888445854187,0.9890679717063904,0.0,-75.13323974609375,41.588
FULL,0.4107,0.8946,2.0,11990,17,560,0.9747888445854187,0.9890679717063904,0.0,-75.13323974609375,47.96
FEAT,0.4107,0.8946,2.0,3332,0,560,0.9747888445854187,0.9890679717063904,0.0,0.0,13.328
FEAT_A8,0.4107,0.8946,2.0,1494,0,560,0.9747888445854187,0.9890679717063904,0.0,0.0,5.976
EKF,0.4107,0.8946,2.0,1789,0,560,0.9747888445854187,0.9890679717063904,0.0,0.24023939669132233,7.156
EKF_P,0.4107,0.8946,2.0,1219,0,560,0.9747888445854187,0.9890679717063904,0.0,0.24116532504558563,4.876
REFF,0.6383,0.8643,2.0,739,0,560,0.9781938791275024,0.99015873670578,0.015134532004594803,0.0,2.956
TRIM,0.6383,0.8643,2.0,1627,0,560,0.9781938791275024,0.99015873670578,0.0,0.0,6.508
SOLVE,0.6383,0.8643,2.0,10359,17,560,0.9781938791275024,0.99015873670578,0.0,-64.528564453125,41.436
FULL,0.6383,0.8643,2.0,11965,17,560,0.9781938791275024,0.99015873670578,0.0,-64.528564453125,47.86
FEAT,0.6383,0.8643,2.0,3328,0,560,0.9781938791275024,0.99015873670578,0.0,0.0,13.312
FEAT_A8,0.6383,0.8643,2.0,1506,0,560,0.9781938791275024,0.99015873670578,0.0,0.0,6.024
EKF,0.6383,0.8643,2.0,1746,0,560,0.9781938791275024,0.99015873670578,0.0,0.23964357376098633,6.984
EKF_P,0.6383,0.8643,2.0,1189,0,560,0.9781938791275024,0.99015873670578,0.0,0.24056950211524963,4.756
REFF,0.8203,0.9529,2.0,733,0,560,1.199070692062378,1.0589478015899658,0.014120601117610931,0.0,2.932
TRIM,0.8203,0.9529,2.0,1643,0,560,1.199070692062378,1.0589478015899658,0.0,0.0,6.572
SOLVE,0.8203,0.9529,2.0,11182,18,560,1.199070692062378,1.0589478015899658,0.0,-83.62035369873047,44.728
FULL,0.8203,0.9529,2.0,12798,18,560,1.199070692062378,1.0589478015899658,0.0,-83.62035369873047,51.192
FEAT,0.8203,0.9529,2.0,3303,0,560,1.199070692062378,1.0589478015899658,0.0,0.0,13.212
FEAT_A8,0.8203,0.9529,2.0,1483,0,560,1.199070692062378,1.0589478015899658,0.0,0.0,5.932
EKF,0.8203,0.9529,2.0,1765,0,560,1.199070692062378,1.0589478015899658,0.0,0.24083028733730316,7.06
EKF_P,0.8203,0.9529,2.0,1208,0,560,1.199070692062378,1.0589478015899658,0.0,0.24175621569156647,4.832
REFF,0.516,0.9343,10.0,827,0,560,1.0570554733276367,1.0147541761398315,0.015678146854043007,0.0,3.308
TRIM,0.516,0.9343,10.0,1621,0,560,1.0570554733276367,1.0147541761398315,0.0,0.0,6.484
SOLVE,0.516,0.9343,10.0,12708,18,560,1.0570554733276367,1.0147541761398315,0.0,-87.52751922607422,50.832
FULL,0.516,0.9343,10.0,14283,18,560,1.0570554733276367,1.0147541761398315,0.0,-87.52751922607422,57.132
FEAT,0.516,0.9343,10.0,3376,0,560,1.0570554733276367,1.0147541761398315,0.0,0.0,13.504
FEAT_A8,0.516,0.9343,10.0,1531,0,560,1.0570554733276367,1.0147541761398315,0.0,0.0,6.124
EKF,0.516,0.9343,10.0,1808,0,560,1.0570554733276367,1.0147541761398315,0.0,0.24345144629478455,7.232
EKF_P,0.516,0.9343,10.0,1219,0,560,1.0570554733276367,1.0147541761398315,0.0,0.24437737464904785,4.876
REFF,0.7349,0.8059,10.0,818,0,560,0.9852597713470459,0.9924119710922241,0.024301966652274132,0.0,3.272
TRIM,0.7349,0.8059,10.0,1627,0,560,0.9852597713470459,0.9924119710922241,0.0,0.0,6.508
SOLVE,0.7349,0.8059,10.0,11208,16,560,0.9852597713470459,0.9924119710922241,0.0,-37.52107620239258,44.832
FULL,0.7349,0.8059,10.0,12809,16,560,0.9852597713470459,0.9924119710922241,0.0,-37.52107620239258,51.236
FEAT,0.7349,0.8059,10.0,3357,0,560,0.9852597713470459,0.9924119710922241,0.0,0.0,13.428
FEAT_A8,0.7349,0.8059,10.0,1531,0,560,0.9852597713470459,0.9924119710922241,0.0,0.0,6.124
EKF,0.7349,0.8059,10.0,1782,0,560,0.9852597713470459,0.9924119710922241,0.0,0.2389189451932907,7.128
EKF_P,0.7349,0.8059,10.0,1225,0,560,0.9852597713470459,0.9924119710922241,0.0,0.23984487354755402,4.9
REFF,0.4879,0.9557,10.0,775,0,560,1.0107370615005493,1.000436544418335,0.013911587186157703,0.0,3.1
TRIM,0.4879,0.9557,10.0,1621,0,560,1.0107370615005493,1.000436544418335,0.0,0.0,6.484
SOLVE,0.4879,0.9557,10.0,11831,18,560,1.0107370615005493,1.000436544418335,0.0,-98.88390350341797,47.324
FULL,0.4879,0.9557,10.0,13431,18,560,1.0107370615005493,1.000436544418335,0.0,-98.88390350341797,53.724
FEAT,0.4879,0.9557,10.0,3309,0,560,1.0107370615005493,1.000436544418335,0.0,0.0,13.236
FEAT_A8,0.4879,0.9557,10.0,1477,0,560,1.0107370615005493,1.000436544418335,0.0,0.0,5.908
EKF,0.4879,0.9557,10.0,1753,0,560,1.0107370615005493,1.000436544418335,0.0,0.2417096644639969,7.012
EKF_P,0.4879,0.9557,10.0,1189,0,560,1.0107370615005493,1.000436544418335,0.0,0.2426355928182602,4.756
REFF,0.5736,0.8368,10.0,775,0,560,1.1436877250671387,1.0413912534713745,0.024220408871769905,0.0,3.1
TRIM,0.5736,0.8368,10.0,1643,0,560,1.1436877250671387,1.0413912534713745,0.0,0.0,6.572
SOLVE,0.5736,0.8368,10.0,10969,17,560,1.1436877250671387,1.0413912534713745,0.0,-55.55357360839844,43.876
FULL,0.5736,0.8368,10.0,12591,17,560,1.1436877250671387,1.0413912534713745,0.0,-55.55357360839844,50.364
FEAT,0.5736,0.8368,10.0,3301,0,560,1.1436877250671387,1.0413912534713745,0.0,0.0,13.204
FEAT_A8,0.5736,0.8368,10.0,1481,0,560,1.1436877250671387,1.0413912534713745,0.0,0.0,5.924
EKF,0.5736,0.8368,10.0,1769,0,560,1.1436877250671387,1.0413912534713745,0.0,0.2435535490512848,7.076
EKF_P,0.5736,0.8368,10.0,1208,0,560,1.1436877250671387,1.0413912534713745,0.0,0.2444794774055481,4.832
REFF,0.6776,0.9438,10.0,775,0,560,0.9945565462112427,0.9953569173812866,0.015377288684248924,0.0,3.1
TRIM,0.6776,0.9438,10.0,1633,0,560,0.9945565462112427,0.9953569173812866,0.0,0.0,6.532
SOLVE,0.6776,0.9438,10.0,11586,18,560,0.9945565462112427,0.9953569173812866,0.0,-83.30721282958984,46.344
FULL,0.6776,0.9438,10.0,13212,18,560,0.9945565462112427,0.9953569173812866,0.0,-83.30721282958984,52.848
FEAT,0.6776,0.9438,10.0,3306,0,560,0.9945565462112427,0.9953569173812866,0.0,0.0,13.224
FEAT_A8,0.6776,0.9438,10.0,1493,0,560,0.9945565462112427,0.9953569173812866,0.0,0.0,5.972
EKF,0.6776,0.9438,10.0,1756,0,560,0.9945565462112427,0.9953569173812866,0.0,0.24477078020572662,7.024
EKF_P,0.6776,0.9438,10.0,1189,0,560,0.9945565462112427,0.9953569173812866,0.0,0.24569670855998993,4.756
REFF,0.5612,0.8689,10.0,816,0,560,1.0052995681762695,0.9987354278564453,0.019338782876729965,0.0,3.264
TRIM,0.5612,0.8689,10.0,1624,0,560,1.0052995681762695,0.9987354278564453,0.0,0.0,6.496
SOLVE,0.5612,0.8689,10.0,12628,18,560,1.0052995681762695,0.9987354278564453,0.0,-74.7615966796875,50.512
FULL,0.5612,0.8689,10.0,14225,18,560,1.0052995681762695,0.9987354278564453,0.0,-74.7615966796875,56.9
FEAT,0.5612,0.8689,10.0,3319,0,560,1.0052995681762695,0.9987354278564453,0.0,0.0,13.276
FEAT_A8,0.5612,0.8689,10.0,1499,0,560,1.0052995681762695,0.9987354278564453,0.0,0.0,5.996
EKF,0.5612,0.8689,10.0,1750,0,560,1.0052995681762695,0.9987354278564453,0.0,0.24785372614860535,7.0
EKF_P,0.5612,0.8689,10.0,1189,0,560,1.0052995681762695,0.9987354278564453,0.0,0.24877965450286865,4.756
REFF,0.7893,0.8661,2.0,733,0,560,1.1181548833847046,1.0334900617599487,0.018390968441963196,0.0,2.932
TRIM,0.7893,0.8661,2.0,1648,0,560,1.1181548833847046,1.0334900617599487,0.0,0.0,6.592
SOLVE,0.7893,0.8661,2.0,10352,17,560,1.1181548833847046,1.0334900617599487,0.0,-50.959434509277344,41.408
FULL,0.7893,0.8661,2.0,11980,17,560,1.1181548833847046,1.0334900617599487,0.0,-50.959434509277344,47.92
FEAT,0.7893,0.8661,2.0,3297,0,560,1.1181548833847046,1.0334900617599487,0.0,0.0,13.188
FEAT_A8,0.7893,0.8661,2.0,1483,0,560,1.1181548833847046,1.0334900617599487,0.0,0.0,5.932
EKF,0.7893,0.8661,2.0,1758,0,560,1.1181548833847046,1.0334900617599487,0.0,0.2454293668270111,7.032
EKF_P,0.7893,0.8661,2.0,1208,0,560,1.1181548833847046,1.0334900617599487,0.0,0.24635529518127441,4.832
REFF,0.5143,0.817,2.0,782,0,560,1.0185316801071167,1.0028656721115112,0.018967870622873306,0.0,3.128
TRIM,0.5143,0.817,2.0,1621,0,560,1.0185316801071167,1.0028656721115112,0.0,0.0,6.484
SOLVE,0.5143,0.817,2.0,11660,17,560,1.0185316801071167,1.0028656721115112,0.0,-64.6155776977539,46.64
FULL,0.5143,0.817,2.0,13254,17,560,1.0185316801071167,1.0028656721115112,0.0,-64.6155776977539,53.016
FEAT,0.5143,0.817,2.0,3382,0,560,1.0185316801071167,1.0028656721115112,0.0,0.0,13.528
FEAT_A8,0.5143,0.817,2.0,1544,0,560,1.0185316801071167,1.0028656721115112,0.0,0.0,6.176
EKF,0.5143,0.817,2.0,1807,0,560,1.0185316801071167,1.0028656721115112,0.0,0.24551483988761902,7.228
EKF_P,0.5143,0.817,2.0,1225,0,560,1.0185316801071167,1.0028656721115112,0.0,0.24644076824188232,4.9
REFF,0.3256,0.8593,10.0,805,0,560,1.0082436800003052,0.9996572136878967,0.023309262469410896,0.0,3.22
TRIM,0.3256,0.8593,10.0,1630,0,560,1.0082436800003052,0.9996572136878967,0.0,0.0,6.52
SOLVE,0.3256,0.8593,10.0,11012,17,560,1.0082436800003052,0.9996572136878967,0.0,-48.86466979980469,44.048
FULL,0.3256,0.8593,10.0,12610,17,560,1.0082436800003052,0.9996572136878967,0.0,-48.86466979980469,50.44
FEAT,0.3256,0.8593,10.0,3332,0,560,1.0082436800003052,0.9996572136878967,0.0,0.0,13.328
FEAT_A8,0.3256,0.8593,10.0,1507,0,560,1.0082436800003052,0.9996572136878967,0.0,0.0,6.028
EKF,0.3256,0.8593,10.0,1788,0,560,1.0082436800003052,0.9996572136878967,0.0,0.2464742362499237,7.152
EKF_P,0.3256,0.8593,10.0,1219,0,560,1.0082436800003052,0.9996572136878967,0.0,0.247400164604187,4.876
REFF,0.7389,0.9664,2.0,761,0,560,1.0807113647460938,1.0220024585723877,0.012543298304080963,0.0,3.044
TRIM,0.7389,0.9664,2.0,1621,0,560,1.0807113647460938,1.0220024585723877,0.0,0.0,6.484
SOLVE,0.7389,0.9664,2.0,11363,18,560,1.0807113647460938,1.0220024585723877,0.0,-95.23125457763672,45.452
FULL,0.7389,0.9664,2.0,12945,18,560,1.0807113647460938,1.0220024585723877,0.0,-95.23125457763672,51.78
FEAT,0.7389,0.9664,2.0,3334,0,560,1.0807113647460938,1.0220024585723877,0.0,0.0,13.336
FEAT_A8,0.7389,0.9664,2.0,1501,0,560,1.0807113647460938,1.0220024585723877,0.0,0.0,6.004
EKF,0.7389,0.9664,2.0,1788,0,560,1.0807113647460938,1.0220024585723877,0.0,0.24738410115242004,7.152
EKF_P,0.7389,0.9664,2.0,1219,0,560,1.0807113647460938,1.0220024585723877,0.0,0.24831002950668335,4.876
REFF,0.4356,0.9258,10.0,799,0,560,1.1862175464630127,1.0548051595687866,0.017209045588970184,0.0,3.196
TRIM,0.4356,0.9258,10.0,1643,0,560,1.1862175464630127,1.0548051595687866,0.0,0.0,6.572
SOLVE,0.4356,0.9258,10.0,10994,17,560,1.1862175464630127,1.0548051595687866,0.0,-75.33269500732422,43.976
FULL,0.4356,0.9258,10.0,12610,17,560,1.1862175464630127,1.0548051595687866,0.0,-75.33269500732422,50.44
FEAT,0.4356,0.9258,10.0,3327,0,560,1.1862175464630127,1.0548051595687866,0.0,0.0,13.308
FEAT_A8,0.4356,0.9258,10.0,1494,0,560,1.1862175464630127,1.0548051595687866,0.0,0.0,5.976
EKF,0.4356,0.9258,10.0,1807,0,560,1.1862175464630127,1.0548051595687866,0.0,0.24976931512355804,7.228
EKF_P,0.4356,0.9258,10.0,1238,0,560,1.1862175464630127,1.0548051595687866,0.0,0.25069522857666016,4.952
REFF,0.5859,0.79,10.0,775,0,560,1.0004175901412964,0.9972031712532043,0.027256837114691734,0.0,3.1
TRIM,0.5859,0.79,10.0,1624,0,560,1.0004175901412964,0.9972031712532043,0.0,0.0,6.496
SOLVE,0.5859,0.79,10.0,11255,17,560,1.0004175901412964,0.9972031712532043,0.0,-42.743709564208984,45.02
FULL,0.5859,0.79,10.0,12852,17,560,1.0004175901412964,0.9972031712532043,0.0,-42.743709564208984,51.408
FEAT,0.5859,0.79,10.0,3317,0,560,1.0004175901412964,0.9972031712532043,0.0,0.0,13.268
FEAT_A8,0.5859,0.79,10.0,1490,0,560,1.0004175901412964,0.9972031712532043,0.0,0.0,5.96
EKF,0.5859,0.79,10.0,1753,0,560,1.0004175901412964,0.9972031712532043,0.0,0.2465110868215561,7.012
EKF_P,0.5859,0.79,10.0,1195,0,560,1.0004175901412964,0.9972031712532043,0.0,0.2474370151758194,4.78
REFF,0.8768,0.8983,2.0,757,0,560,1.0185731649398804,1.0028786659240723,0.015790702775120735,0.0,3.028
TRIM,0.8768,0.8983,2.0,1621,0,560,1.0185731649398804,1.0028786659240723,0.0,0.0,6.484
SOLVE,0.8768,0.8983,2.0,11398,18,560,1.0185731649398804,1.0028786659240723,0.0,-93.17191314697266,45.592
FULL,0.8768,0.8983,2.0,13005,18,560,1.0185731649398804,1.0028786659240723,0.0,-93.17191314697266,52.02
FEAT,0.8768,0.8983,2.0,3320,0,560,1.0185731649398804,1.0028786659240723,0.0,0.0,13.28
FEAT_A8,0.8768,0.8983,2.0,1501,0,560,1.0185731649398804,1.0028786659240723,0.0,0.0,6.004
EKF,0.8768,0.8983,2.0,1781,0,560,1.0185731649398804,1.0028786659240723,0.0,0.24995434284210205,7.124
EKF_P,0.8768,0.8983,2.0,1219,0,560,1.0185731649398804,1.0028786659240723,0.0,0.25088027119636536,4.876
REFF,0.4073,0.8487,10.0,799,0,560,1.0284521579742432,1.0059436559677124,0.022510912269353867,0.0,3.196
TRIM,0.4073,0.8487,10.0,1621,0,560,1.0284521579742432,1.0059436559677124,0.0,0.0,6.484
SOLVE,0.4073,0.8487,10.0,11021,17,560,1.0284521579742432,1.0059436559677124,0.0,-53.98012161254883,44.084
FULL,0.4073,0.8487,10.0,12601,17,560,1.0284521579742432,1.0059436559677124,0.0,-53.98012161254883,50.404
FEAT,0.4073,0.8487,10.0,3334,0,560,1.0284521579742432,1.0059436559677124,0.0,0.0,13.336
FEAT_A8,0.4073,0.8487,10.0,1494,0,560,1.0284521579742432,1.0059436559677124,0.0,0.0,5.976
EKF,0.4073,0.8487,10.0,1790,0,560,1.0284521579742432,1.0059436559677124,0.0,0.25055983662605286,7.16
EKF_P,0.4073,0.8487,10.0,1219,0,560,1.0284521579742432,1.0059436559677124,0.0,0.25148576498031616,4.876
REFF,0.5195,0.8878,2.0,792,0,560,1.1040068864822388,1.0291409492492676,0.015328692272305489,0.0,3.168
TRIM,0.5195,0.8878,2.0,1643,0,560,1.1040068864822388,1.0291409492492676,0.0,0.0,6.572
SOLVE,0.5195,0.8878,2.0,11911,17,560,1.1040068864822388,1.0291409492492676,0.0,-55.4506950378418,47.644
FULL,0.5195,0.8878,2.0,13501,17,560,1.1040068864822388,1.0291409492492676,0.0,-55.4506950378418,54.004
FEAT,0.5195,0.8878,2.0,3379,0,560,1.1040068864822388,1.0291409492492676,0.0,0.0,13.516
FEAT_A8,0.5195,0.8878,2.0,1540,0,560,1.1040068864822388,1.0291409492492676,0.0,0.0,6.16
EKF,0.5195,0.8878,2.0,1817,0,560,1.1040068864822388,1.0291409492492676,0.0,0.24708153307437897,7.268
EKF_P,0.5195,0.8878,2.0,1238,0,560,1.1040068864822388,1.0291409492492676,0.0,0.24800746142864227,4.952
REFF,0.4379,0.7501,2.0,740,0,560,1.0015312433242798,0.9975531697273254,0.0351816825568676,0.0,2.96
TRIM,0.4379,0.7501,2.0,1624,0,560,1.0015312433242798,0.9975531697273254,0.0,0.0,6.496
SOLVE,0.4379,0.7501,2.0,10400,17,560,1.0015312433242798,0.9975531697273254,0.0,-45.3692512512207,41.6
FULL,0.4379,0.7501,2.0,12003,17,560,1.0015312433242798,0.9975531697273254,0.0,-45.3692512512207,48.012
FEAT,0.4379,0.7501,2.0,3305,0,560,1.0015312433242798,0.9975531697273254,0.0,0.0,13.22
FEAT_A8,0.4379,0.7501,2.0,1477,0,560,1.0015312433242798,0.9975531697273254,0.0,0.0,5.908
EKF,0.4379,0.7501,2.0,1750,0,560,1.0015312433242798,0.9975531697273254,0.0,0.2421741485595703,7.0
EKF_P,0.4379,0.7501,2.0,1199,0,560,1.0015312433242798,0.9975531697273254,0.0,0.24310007691383362,4.796
REFF,0.2651,0.8057,10.0,799,0,560,1.0012286901474,0.9974581003189087,0.04495954141020775,0.0,3.196
TRIM,0.2651,0.8057,10.0,1644,0,560,1.0012286901474,0.9974581003189087,0.0,0.0,6.576
SOLVE,0.2651,0.8057,10.0,11711,18,560,1.0012286901474,0.9974581003189087,0.0,-40.02971267700195,46.844
FULL,0.2651,0.8057,10.0,13353,18,560,1.0012286901474,0.9974581003189087,0.0,-40.02971267700195,53.412
FEAT,0.2651,0.8057,10.0,3331,0,560,1.0012286901474,0.9974581003189087,0.0,0.0,13.324
FEAT_A8,0.2651,0.8057,10.0,1519,0,560,1.0012286901474,0.9974581003189087,0.0,0.0,6.076
EKF,0.2651,0.8057,10.0,1776,0,560,1.0012286901474,0.9974581003189087,0.0,0.2449769526720047,7.104
EKF_P,0.2651,0.8057,10.0,1225,0,560,1.0012286901474,0.9974581003189087,0.0,0.245902881026268,4.9
REFF,0.7882,0.8392,2.0,739,0,560,1.1200389862060547,1.0340704917907715,0.02124684490263462,0.0,2.956
TRIM,0.7882,0.8392,2.0,1649,0,560,1.1200389862060547,1.0340704917907715,0.0,0.0,6.596
SOLVE,0.7882,0.8392,2.0,11165,18,560,1.1200389862060547,1.0340704917907715,0.0,-70.3783187866211,44.66
FULL,0.7882,0.8392,2.0,12794,18,560,1.1200389862060547,1.0340704917907715,0.0,-70.3783187866211,51.176
FEAT,0.7882,0.8392,2.0,3290,0,560,1.1200389862060547,1.0340704917907715,0.0,0.0,13.16
FEAT_A8,0.7882,0.8392,2.0,1477,0,560,1.1200389862060547,1.0340704917907715,0.0,0.0,5.908
EKF,0.7882,0.8392,2.0,1758,0,560,1.1200389862060547,1.0340704917907715,0.0,0.24743422865867615,7.032
EKF_P,0.7882,0.8392,2.0,1208,0,560,1.1200389862060547,1.0340704917907715,0.0,0.24836015701293945,4.832
REFF,0.6943,0.8755,2.0,740,0,560,0.9627489447593689,0.9851827025413513,0.014143415726721287,0.0,2.96
TRIM,0.6943,0.8755,2.0,1629,0,560,0.9627489447593689,0.9851827025413513,0.0,0.0,6.516
SOLVE,0.6943,0.8755,2.0,11160,18,560,0.9627489447593689,0.9851827025413513,0.0,-80.29867553710938,44.64
FULL,0.6943,0.8755,2.0,12781,18,560,0.9627489447593689,0.9851827025413513,0.0,-80.29867553710938,51.124
FEAT,0.6943,0.8755,2.0,3305,0,560,0.9627489447593689,0.9851827025413513,0.0,0.0,13.22
FEAT_A8,0.6943,0.8755,2.0,1498,0,560,0.9627489447593689,0.9851827025413513,0.0,0.0,5.992
EKF,0.6943,0.8755,2.0,1746,0,560,0.9627489447593689,0.9851827025413513,0.0,0.2472495585680008,6.984
EKF_P,0.6943,0.8755,2.0,1189,0,560,0.9627489447593689,0.9851827025413513,0.0,0.2481754869222641,4.756
REFF,0.6595,0.7531,2.0,739,0,560,1.326454997062683,1.1041877269744873,0.031407441943883896,0.0,2.956
TRIM,0.6595,0.7531,2.0,1671,0,560,1.326454997062683,1.1041877269744873,0.0,0.0,6.684
SOLVE,0.6595,0.7531,2.0,9932,16,560,1.326454997062683,1.1041877269744873,0.0,-32.2484016418457,39.728
FULL,0.6595,0.7531,2.0,11596,16,560,1.326454997062683,1.1041877269744873,0.0,-32.2484016418457,46.384
FEAT,0.6595,0.7531,2.0,3322,0,560,1.326454997062683,1.1041877269744873,0.0,0.0,13.288
FEAT_A8,0.6595,0.7531,2.0,1495,0,560,1.326454997062683,1.1041877269744873,0.0,0.0,5.98
EKF,0.6595,0.7531,2.0,1783,0,560,1.326454997062683,1.1041877269744873,0.0,0.23506160080432892,7.132
EKF_P,0.6595,0.7531,2.0,1227,0,560,1.326454997062683,1.1041877269744873,0.0,0.23598752915859222,4.908
REFF,0.6764,0.9124,2.0,739,0,560,1.0352399349212646,1.0080418586730957,0.013198824599385262,0.0,2.956
TRIM,0.6764,0.9124,2.0,1621,0,560,1.0352399349212646,1.0080418586730957,0.0,0.0,6.484
SOLVE,0.6764,0.9124,2.0,10938,18,560,1.0352399349212646,1.0080418586730957,0.0,-96.7037582397461,43.752
FULL,0.6764,0.9124,2.0,12552,18,560,1.0352399349212646,1.0080418586730957,0.0,-96.7037582397461,50.208
FEAT,0.6764,0.9124,2.0,3320,0,560,1.0352399349212646,1.0080418586730957,0.0,0.0,13.28
FEAT_A8,0.6764,0.9124,2.0,1495,0,560,1.0352399349212646,1.0080418586730957,0.0,0.0,5.98
EKF,0.6764,0.9124,2.0,1751,0,560,1.0352399349212646,1.0080418586730957,0.0,0.23685403168201447,7.004
EKF_P,0.6764,0.9124,2.0,1189,0,560,1.0352399349212646,1.0080418586730957,0.0,0.23777996003627777,4.756
REFF,0.7373,0.7683,10.0,816,0,560,1.0489271879196167,1.0122578144073486,0.034703318029642105,0.0,3.264
TRIM,0.7373,0.7683,10.0,1621,0,560,1.0489271879196167,1.0122578144073486,0.0,0.0,6.484
SOLVE,0.7373,0.7683,10.0,12100,17,560,1.0489271879196167,1.0122578144073486,0.0,-30.02291488647461,48.4
FULL,0.7373,0.7683,10.0,13695,17,560,1.0489271879196167,1.0122578144073486,0.0,-30.02291488647461,54.78
FEAT,0.7373,0.7683,10.0,3342,0,560,1.0489271879196167,1.0122578144073486,0.0,0.0,13.368
FEAT_A8,0.7373,0.7683,10.0,1519,0,560,1.0489271879196167,1.0122578144073486,0.0,0.0,6.076
EKF,0.7373,0.7683,10.0,1779,0,560,1.0489271879196167,1.0122578144073486,0.0,0.22053708136081696,7.116
EKF_P,0.7373,0.7683,10.0,1229,0,560,1.0489271879196167,1.0122578144073486,0.0,0.22146300971508026,4.916
REFF,0.4498,0.8807,10.0,803,0,560,1.0592797994613647,1.0154365301132202,0.018173081800341606,0.0,3.212
TRIM,0.4498,0.8807,10.0,1621,0,560,1.0592797994613647,1.0154365301132202,0.0,0.0,6.484
SOLVE,0.4498,0.8807,10.0,10987,17,560,1.0592797994613647,1.0154365301132202,0.0,-63.656307220458984,43.948
FULL,0.4498,0.8807,10.0,12588,17,560,1.0592797994613647,1.0154365301132202,0.0,-63.656307220458984,50.352
FEAT,0.4498,0.8807,10.0,3334,0,560,1.0592797994613647,1.0154365301132202,0.0,0.0,13.336
FEAT_A8,0.4498,0.8807,10.0,1494,0,560,1.0592797994613647,1.0154365301132202,0.0,0.0,5.976
EKF,0.4498,0.8807,10.0,1775,0,560,1.0592797994613647,1.0154365301132202,0.0,0.22142165899276733,7.1
EKF_P,0.4498,0.8807,10.0,1219,0,560,1.0592797994613647,1.0154365301132202,0.0,0.22234758734703064,4.876
REFF,0.6387,0.7677,10.0,815,0,560,0.9992976188659668,0.9968509674072266,0.030004553496837616,0.0,3.26
TRIM,0.6387,0.7677,10.0,1627,0,560,0.9992976188659668,0.9968509674072266,0.0,0.0,6.508
SOLVE,0.6387,0.7677,10.0,11085,17,560,0.9992976188659668,0.9968509674072266,0.0,-46.96152114868164,44.34
FULL,0.6387,0.7677,10.0,12723,17,560,0.9992976188659668,0.9968509674072266,0.0,-46.96152114868164,50.892
FEAT,0.6387,0.7677,10.0,3395,0,560,0.9992976188659668,0.9968509674072266,0.0,0.0,13.58
FEAT_A8,0.6387,0.7677,10.0,1568,0,560,0.9992976188659668,0.9968509674072266,0.0,0.0,6.272
EKF,0.6387,0.7677,10.0,1803,0,560,0.9992976188659668,0.9968509674072266,0.0,0.22668224573135376,7.212
EKF_P,0.6387,0.7677,10.0,1229,0,560,0.9992976188659668,0.9968509674072266,0.0,0.22760817408561707,4.916
REFF,0.677,0.8425,2.0,762,0,560,1.0070093870162964,0.9992709755897522,0.016315268352627754,0.0,3.048
TRIM,0.677,0.8425,2.0,1624,0,560,1.0070093870162964,0.9992709755897522,0.0,0.0,6.496
SOLVE,0.677,0.8425,2.0,10368,17,560,1.0070093870162964,0.9992709755897522,0.0,-71.97753143310547,41.472
FULL,0.677,0.8425,2.0,11991,17,560,1.0070093870162964,0.9992709755897522,0.0,-71.97753143310547,47.964
FEAT,0.677,0.8425,2.0,3363,0,560,1.0070093870162964,0.9992709755897522,0.0,0.0,13.452
FEAT_A8,0.677,0.8425,2.0,1544,0,560,1.0070093870162964,0.9992709755897522,0.0,0.0,6.176
EKF,0.677,0.8425,2.0,1802,0,560,1.0070093870162964,0.9992709755897522,0.0,0.2273302674293518,7.208
EKF_P,0.677,0.8425,2.0,1219,0,560,1.0070093870162964,0.9992709755897522,0.0,0.2282561957836151,4.876
REFF,0.6702,0.8353,2.0,738,0,560,1.009691834449768,1.0001099109649658,0.01725601591169834,0.0,2.952
TRIM,0.6702,0.8353,2.0,1621,0,560,1.009691834449768,1.0001099109649658,0.0,0.0,6.484
SOLVE,0.6702,0.8353,2.0,10344,17,560,1.009691834449768,1.0001099109649658,0.0,-52.06350326538086,41.376
FULL,0.6702,0.8353,2.0,11958,17,560,1.009691834449768,1.0001099109649658,0.0,-52.06350326538086,47.832
FEAT,0.6702,0.8353,2.0,3321,0,560,1.009691834449768,1.0001099109649658,0.0,0.0,13.284
FEAT_A8,0.6702,0.8353,2.0,1501,0,560,1.009691834449768,1.0001099109649658,0.0,0.0,6.004
EKF,0.6702,0.8353,2.0,1753,0,560,1.009691834449768,1.0001099109649658,0.0,0.22492174804210663,7.012
EKF_P,0.6702,0.8353,2.0,1189,0,560,1.009691834449768,1.0001099109649658,0.0,0.22584767639636993,4.756
REFF,0.5659,0.9207,10.0,812,0,560,1.0843130350112915,1.023105263710022,0.01664377562701702,0.0,3.248
TRIM,0.5659,0.9207,10.0,1643,0,560,1.0843130350112915,1.023105263710022,0.0,0.0,6.572
SOLVE,0.5659,0.9207,10.0,11257,17,560,1.0843130350112915,1.023105263710022,0.0,-71.83541107177734,45.028
FULL,0.5659,0.9207,10.0,12873,17,560,1.0843130350112915,1.023105263710022,0.0,-71.83541107177734,51.492
FEAT,0.5659,0.9207,10.0,3346,0,560,1.0843130350112915,1.023105263710022,0.0,0.0,13.384
FEAT_A8,0.5659,0.9207,10.0,1514,0,560,1.0843130350112915,1.023105263710022,0.0,0.0,6.056
EKF,0.5659,0.9207,10.0,1810,0,560,1.0843130350112915,1.023105263710022,0.0,0.2260691523551941,7.24
EKF_P,0.5659,0.9207,10.0,1238,0,560,1.0843130350112915,1.023105263710022,0.0,0.2269950807094574,4.952
REFF,0.7738,0.8799,2.0,733,0,560,1.2458471059799194,1.0745222568511963,0.018630338832736015,0.0,2.932
TRIM,0.7738,0.8799,2.0,1648,0,560,1.2458471059799194,1.0745222568511963,0.0,0.0,6.592
SOLVE,0.7738,0.8799,2.0,10352,17,560,1.2458471059799194,1.0745222568511963,0.0,-50.3254280090332,41.408
FULL,0.7738,0.8799,2.0,11980,17,560,1.2458471059799194,1.0745222568511963,0.0,-50.3254280090332,47.92
FEAT,0.7738,0.8799,2.0,3303,0,560,1.2458471059799194,1.0745222568511963,0.0,0.0,13.212
FEAT_A8,0.7738,0.8799,2.0,1483,0,560,1.2458471059799194,1.0745222568511963,0.0,0.0,5.932
EKF,0.7738,0.8799,2.0,1758,0,560,1.2458471059799194,1.0745222568511963,0.0,0.2249118536710739,7.032
EKF_P,0.7738,0.8799,2.0,1208,0,560,1.2458471059799194,1.0745222568511963,0.0,0.22583778202533722,4.832
REFF,0.3209,0.9394,10.0,799,0,560,0.9923572540283203,0.9946621656417847,0.01528736762702465,0.0,3.196
TRIM,0.3209,0.9394,10.0,1627,0,560,0.9923572540283203,0.9946621656417847,0.0,0.0,6.508
SOLVE,0.3209,0.9394,10.0,11000,17,560,0.9923572540283203,0.9946621656417847,0.0,-76.58830261230469,44.0
FULL,0.3209,0.9394,10.0,12594,17,560,0.9923572540283203,0.9946621656417847,0.0,-76.58830261230469,50.376
FEAT,0.3209,0.9394,10.0,3333,0,560,0.9923572540283203,0.9946621656417847,0.0,0.0,13.332
FEAT_A8,0.3209,0.9394,10.0,1500,0,560,0.9923572540283203,0.9946621656417847,0.0,0.0,6.0
EKF,0.3209,0.9394,10.0,1792,0,560,0.9923572540283203,0.9946621656417847,0.0,0.22693125903606415,7.168
EKF_P,0.3209,0.9394,10.0,1219,0,560,0.9923572540283203,0.9946621656417847,0.0,0.22785718739032745,4.876
REFF,0.8579,0.8947,10.0,799,0,560,1.0035903453826904,0.9981995224952698,0.02049827016890049,0.0,3.196
TRIM,0.8579,0.8947,10.0,1624,0,560,1.0035903453826904,0.9981995224952698,0.0,0.0,6.496
SOLVE,0.8579,0.8947,10.0,11397,17,560,1.0035903453826904,0.9981995224952698,0.0,-53.11159896850586,45.588
FULL,0.8579,0.8947,10.0,13007,17,560,1.0035903453826904,0.9981995224952698,0.0,-53.11159896850586,52.028
FEAT,0.8579,0.8947,10.0,3333,0,560,1.0035903453826904,0.9981995224952698,0.0,0.0,13.332
FEAT_A8,0.8579,0.8947,10.0,1507,0,560,1.0035903453826904,0.9981995224952698,0.0,0.0,6.028
EKF,0.8579,0.8947,10.0,1775,0,560,1.0035903453826904,0.9981995224952698,0.0,0.2261745184659958,7.1
EKF_P,0.8579,0.8947,10.0,1219,0,560,1.0035903453826904,0.9981995224952698,0.0,0.2271004468202591,4.876
REFF,0.7402,0.9137,10.0,775,0,560,1.326454997062683,1.1041877269744873,0.021374536678195,0.0,3.1
TRIM,0.7402,0.9137,10.0,1671,0,560,1.326454997062683,1.1041877269744873,0.0,0.0,6.684
SOLVE,0.7402,0.9137,10.0,11168,17,560,1.326454997062683,1.1041877269744873,0.0,-52.23492431640625,44.672
FULL,0.7402,0.9137,10.0,12799,17,560,1.326454997062683,1.1041877269744873,0.0,-52.23492431640625,51.196
FEAT,0.7402,0.9137,10.0,3310,0,560,1.326454997062683,1.1041877269744873,0.0,0.0,13.24
FEAT_A8,0.7402,0.9137,10.0,1477,0,560,1.326454997062683,1.1041877269744873,0.0,0.0,5.908
EKF,0.7402,0.9137,10.0,1767,0,560,1.326454997062683,1.1041877269744873,0.0,0.22606375813484192,7.068
EKF_P,0.7402,0.9137,10.0,1223,0,560,1.326454997062683,1.1041877269744873,0.0,0.22698968648910522,4.892
REFF,0.6587,0.9651,2.0,769,0,560,1.0480427742004395,1.0119858980178833,0.01206950843334198,0.0,3.076
TRIM,0.6587,0.9651,2.0,1621,0,560,1.0480427742004395,1.0119858980178833,0.0,0.0,6.484
SOLVE,0.6587,0.9651,2.0,10974,18,560,1.0480427742004395,1.0119858980178833,0.0,-106.56046295166016,43.896
FULL,0.6587,0.9651,2.0,12588,18,560,1.0480427742004395,1.0119858980178833,0.0,-106.56046295166016,50.352
FEAT,0.6587,0.9651,2.0,3371,0,560,1.0480427742004395,1.0119858980178833,0.0,0.0,13.484
FEAT_A8,0.6587,0.9651,2.0,1539,0,560,1.0480427742004395,1.0119858980178833,0.0,0.0,6.156
EKF,0.6587,0.9651,2.0,1789,0,560,1.0480427742004395,1.0119858980178833,0.0,0.2280987948179245,7.156
EKF_P,0.6587,0.9651,2.0,1213,0,560,1.0480427742004395,1.0119858980178833,0.0,0.2290247231721878,4.852
REFF,0.8375,0.9404,2.0,733,0,560,1.0754483938217163,1.0203908681869507,0.01324076484888792,0.0,2.932
TRIM,0.8375,0.9404,2.0,1621,0,560,1.0754483938217163,1.0203908681869507,0.0,0.0,6.484
SOLVE,0.8375,0.9404,2.0,11362,18,560,1.0754483938217163,1.0203908681869507,0.0,-104.24226379394531,45.448
FULL,0.8375,0.9404,2.0,12962,18,560,1.0754483938217163,1.0203908681869507,0.0,-104.24226379394531,51.848
FEAT,0.8375,0.9404,2.0,3304,0,560,1.0754483938217163,1.0203908681869507,0.0,0.0,13.216
FEAT_A8,0.8375,0.9404,2.0,1477,0,560,1.0754483938217163,1.0203908681869507,0.0,0.0,5.908
EKF,0.8375,0.9404,2.0,1739,0,560,1.0754483938217163,1.0203908681869507,0.0,0.23132531344890594,6.956
EKF_P,0.8375,0.9404,2.0,1189,0,560,1.0754483938217163,1.0203908681869507,0.0,0.23225124180316925,4.756
REFF,0.2748,0.8169,10.0,806,0,560,1.1526798009872437,1.044196367263794,0.04240494966506958,0.0,3.224
TRIM,0.2748,0.8169,10.0,1664,0,560,1.1526798009872437,1.044196367263794,0.0,0.0,6.656
SOLVE,0.2748,0.8169,10.0,11105,17,560,1.1526798009872437,1.044196367263794,0.0,-38.36725616455078,44.42
FULL,0.2748,0.8169,10.0,12744,17,560,1.1526798009872437,1.044196367263794,0.0,-38.36725616455078,50.976
FEAT,0.2748,0.8169,10.0,3333,0,560,1.1526798009872437,1.044196367263794,0.0,0.0,13.332
FEAT_A8,0.2748,0.8169,10.0,1513,0,560,1.1526798009872437,1.044196367263794,0.0,0.0,6.052
EKF,0.2748,0.8169,10.0,1794,0,560,1.1526798009872437,1.044196367263794,0.0,0.23435045778751373,7.176
EKF_P,0.2748,0.8169,10.0,1244,0,560,1.1526798009872437,1.044196367263794,0.0,0.23527638614177704,4.976
REFF,0.2516,0.9072,2.0,733,0,560,1.0843130350112915,1.023105263710022,0.015678534284234047,0.0,2.932
TRIM,0.2516,0.9072,2.0,1643,0,560,1.0843130350112915,1.023105263710022,0.0,0.0,6.572
SOLVE,0.2516,0.9072,2.0,10945,18,560,1.0843130350112915,1.023105263710022,0.0,-83.32788848876953,43.78
FULL,0.2516,0.9072,2.0,12568,18,560,1.0843130350112915,1.023105263710022,0.0,-83.32788848876953,50.272
FEAT,0.2516,0.9072,2.0,3297,0,560,1.0843130350112915,1.023105263710022,0.0,0.0,13.188
FEAT_A8,0.2516,0.9072,2.0,1483,0,560,1.0843130350112915,1.023105263710022,0.0,0.0,5.932
EKF,0.2516,0.9072,2.0,1752,0,560,1.0843130350112915,1.023105263710022,0.0,0.23712776601314545,7.008
EKF_P,0.2516,0.9072,2.0,1208,0,560,1.0843130350112915,1.023105263710022,0.0,0.23805369436740875,4.832
REFF,0.6492,0.8293,10.0,785,0,560,1.0097475051879883,1.0001273155212402,0.0235403124243021,0.0,3.14
TRIM,0.6492,0.8293,10.0,1621,0,560,1.0097475051879883,1.0001273155212402,0.0,0.0,6.484
SOLVE,0.6492,0.8293,10.0,10967,17,560,1.0097475051879883,1.0001273155212402,0.0,-54.520389556884766,43.868
FULL,0.6492,0.8293,10.0,12587,17,560,1.0097475051879883,1.0001273155212402,0.0,-54.520389556884766,50.348
FEAT,0.6492,0.8293,10.0,3346,0,560,1.0097475051879883,1.0001273155212402,0.0,0.0,13.384
FEAT_A8,0.6492,0.8293,10.0,1532,0,560,1.0097475051879883,1.0001273155212402,0.0,0.0,6.128
EKF,0.6492,0.8293,10.0,1746,0,560,1.0097475051879883,1.0001273155212402,0.0,0.23743292689323425,6.984
EKF_P,0.6492,0.8293,10.0,1189,0,560,1.0097475051879883,1.0001273155212402,0.0,0.23835885524749756,4.756
REFF,0.5939,0.9471,2.0,733,0,560,1.1109867095947266,1.0312846899032593,0.012670467607676983,0.0,2.932
TRIM,0.5939,0.9471,2.0,1643,0,560,1.1109867095947266,1.0312846899032593,0.0,0.0,6.572
SOLVE,0.5939,0.9471,2.0,10346,17,560,1.1109867095947266,1.0312846899032593,0.0,-70.58251190185547,41.384
FULL,0.5939,0.9471,2.0,11968,17,560,1.1109867095947266,1.0312846899032593,0.0,-70.58251190185547,47.872
FEAT,0.5939,0.9471,2.0,3317,0,560,1.1109867095947266,1.0312846899032593,0.0,0.0,13.268
FEAT_A8,0.5939,0.9471,2.0,1497,0,560,1.1109867095947266,1.0312846899032593,0.0,0.0,5.988
EKF,0.5939,0.9471,2.0,1765,0,560,1.1109867095947266,1.0312846899032593,0.0,0.23502089083194733,7.06
EKF_P,0.5939,0.9471,2.0,1208,0,560,1.1109867095947266,1.0312846899032593,0.0,0.23594681918621063,4.832
REFF,0.4683,0.7879,10.0,787,0,560,1.0560240745544434,1.0144376754760742,0.03146616369485855,0.0,3.148
TRIM,0.4683,0.7879,10.0,1621,0,560,1.0560240745544434,1.0144376754760742,0.0,0.0,6.484
SOLVE,0.4683,0.7879,10.0,10375,16,560,1.0560240745544434,1.0144376754760742,0.0,-37.79730987548828,41.5
FULL,0.4683,0.7879,10.0,11982,16,560,1.0560240745544434,1.0144376754760742,0.0,-37.79730987548828,47.928
FEAT,0.4683,0.7879,10.0,3290,0,560,1.0560240745544434,1.0144376754760742,0.0,0.0,13.16
FEAT_A8,0.4683,0.7879,10.0,1470,0,560,1.0560240745544434,1.0144376754760742,0.0,0.0,5.88
EKF,0.4683,0.7879,10.0,1739,0,560,1.0560240745544434,1.0144376754760742,0.0,0.2300633192062378,6.956
EKF_P,0.4683,0.7879,10.0,1195,0,560,1.0560240745544434,1.0144376754760742,0.0,0.2309892475605011,4.78
REFF,0.7794,0.8641,2.0,733,0,560,1.0202327966690063,1.0033944845199585,0.01693599298596382,0.0,2.932
TRIM,0.7794,0.8641,2.0,1626,0,560,1.0202327966690063,1.0033944845199585,0.0,0.0,6.504
SOLVE,0.7794,0.8641,2.0,10352,17,560,1.0202327966690063,1.0033944845199585,0.0,-69.07154083251953,41.408
FULL,0.7794,0.8641,2.0,11958,17,560,1.0202327966690063,1.0033944845199585,0.0,-69.07154083251953,47.832
FEAT,0.7794,0.8641,2.0,3290,0,560,1.0202327966690063,1.0033944845199585,0.0,0.0,13.16
FEAT_A8,0.7794,0.8641,2.0,1483,0,560,1.0202327966690063,1.0033944845199585,0.0,0.0,5.932
EKF,0.7794,0.8641,2.0,1739,0,560,1.0202327966690063,1.0033944845199585,0.0,0.2301722764968872,6.956
EKF_P,0.7794,0.8641,2.0,1189,0,560,1.0202327966690063,1.0033944845199585,0.0,0.2310982048511505,4.756
REFF,0.6213,0.9455,10.0,782,0,560,1.2405295372009277,1.0727052688598633,0.017795605584979057,0.0,3.128
TRIM,0.6213,0.9455,10.0,1643,0,560,1.2405295372009277,1.0727052688598633,0.0,0.0,6.572
SOLVE,0.6213,0.9455,10.0,10971,17,560,1.2405295372009277,1.0727052688598633,0.0,-59.79570007324219,43.884
FULL,0.6213,0.9455,10.0,12600,17,560,1.2405295372009277,1.0727052688598633,0.0,-59.79570007324219,50.4
FEAT,0.6213,0.9455,10.0,3324,0,560,1.2405295372009277,1.0727052688598633,0.0,0.0,13.296
FEAT_A8,0.6213,0.9455,10.0,1497,0,560,1.2405295372009277,1.0727052688598633,0.0,0.0,5.988
EKF,0.6213,0.9455,10.0,1765,0,560,1.2405295372009277,1.0727052688598633,0.0,0.22931914031505585,7.06
EKF_P,0.6213,0.9455,10.0,1208,0,560,1.2405295372009277,1.0727052688598633,0.0,0.23024506866931915,4.832
REFF,0.2346,0.8113,2.0,757,0,560,1.0457459688186646,1.0112794637680054,0.031352534890174866,0.0,3.028
TRIM,0.2346,0.8113,2.0,1646,0,560,1.0457459688186646,1.0112794637680054,0.0,0.0,6.584
SOLVE,0.2346,0.8113,2.0,11057,18,560,1.0457459688186646,1.0112794637680054,0.0,-45.0848274230957,44.228
FULL,0.2346,0.8113,2.0,12701,18,560,1.0457459688186646,1.0112794637680054,0.0,-45.0848274230957,50.804
FEAT,0.2346,0.8113,2.0,3332,0,560,1.0457459688186646,1.0112794637680054,0.0,0.0,13.328
FEAT_A8,0.2346,0.8113,2.0,1519,0,560,1.0457459688186646,1.0112794637680054,0.0,0.0,6.076
EKF,0.2346,0.8113,2.0,1769,0,560,1.0457459688186646,1.0112794637680054,0.0,0.2221837192773819,7.076
EKF_P,0.2346,0.8113,2.0,1225,0,560,1.0457459688186646,1.0112794637680054,0.0,0.2231096476316452,4.9
REFF,0.2291,0.8771,10.0,782,0,560,1.2733464241027832,1.0841540098190308,0.03285541757941246,0.0,3.128
TRIM,0.2291,0.8771,10.0,1678,0,560,1.2733464241027832,1.0841540098190308,0.0,0.0,6.712
SOLVE,0.2291,0.8771,10.0,13950,21,560,1.2733464241027832,1.0841540098190308,0.0,-29.2315673828125,55.8
FULL,0.2291,0.8771,10.0,15614,21,560,1.2733464241027832,1.0841540098190308,0.0,-29.2315673828125,62.456
FEAT,0.2291,0.8771,10.0,3310,0,560,1.2733464241027832,1.0841540098190308,0.0,0.0,13.24
FEAT_A8,0.2291,0.8771,10.0,1483,0,560,1.2733464241027832,1.0841540098190308,0.0,0.0,5.932
EKF,0.2291,0.8771,10.0,1761,0,560,1.2733464241027832,1.0841540098190308,0.0,0.22041583061218262,7.044
EKF_P,0.2291,0.8771,10.0,1217,0,560,1.2733464241027832,1.0841540098190308,0.0,0.22134175896644592,4.868
REFF,0.8417,0.7842,2.0,733,0,560,1.143134355545044,1.0412191152572632,0.0264616459608078,0.0,2.932
TRIM,0.8417,0.7842,2.0,1643,0,560,1.143134355545044,1.0412191152572632,0.0,0.0,6.572
SOLVE,0.8417,0.7842,2.0,10617,17,560,1.143134355545044,1.0412191152572632,0.0,-37.872528076171875,42.468
FULL,0.8417,0.7842,2.0,12239,17,560,1.143134355545044,1.0412191152572632,0.0,-37.872528076171875,48.956
FEAT,0.8417,0.7842,2.0,3317,0,560,1.143134355545044,1.0412191152572632,0.0,0.0,13.268
FEAT_A8,0.8417,0.7842,2.0,1483,0,560,1.143134355545044,1.0412191152572632,0.0,0.0,5.932
EKF,0.8417,0.7842,2.0,1758,0,560,1.143134355545044,1.0412191152572632,0.0,0.20970772206783295,7.032
EKF_P,0.8417,0.7842,2.0,1214,0,560,1.143134355545044,1.0412191152572632,0.0,0.21063365042209625,4.856
REFF,0.8795,0.9034,2.0,733,0,560,1.0160773992538452,1.0021018981933594,0.015344476327300072,0.0,2.932
TRIM,0.8795,0.9034,2.0,1621,0,560,1.0160773992538452,1.0021018981933594,0.0,0.0,6.484
SOLVE,0.8795,0.9034,2.0,11159,18,560,1.0160773992538452,1.0021018981933594,0.0,-87.68275451660156,44.636
FULL,0.8795,0.9034,2.0,12759,18,560,1.0160773992538452,1.0021018981933594,0.0,-87.68275451660156,51.036
FEAT,0.8795,0.9034,2.0,3297,0,560,1.0160773992538452,1.0021018981933594,0.0,0.0,13.188
FEAT_A8,0.8795,0.9034,2.0,1470,0,560,1.0160773992538452,1.0021018981933594,0.0,0.0,5.88
EKF,0.8795,0.9034,2.0,1746,0,560,1.0160773992538452,1.0021018981933594,0.0,0.21221870183944702,6.984
EKF_P,0.8795,0.9034,2.0,1195,0,560,1.0160773992538452,1.0021018981933594,0.0,0.21314463019371033,4.78
REFF,0.2493,0.9436,10.0,775,0,560,0.8068274259567261,0.9271798729896545,0.012981241568922997,0.0,3.1
TRIM,0.2493,0.9436,10.0,1651,0,560,0.8068274259567261,0.9271798729896545,0.0,0.0,6.604
SOLVE,0.2493,0.9436,10.0,10976,17,560,0.8068274259567261,0.9271798729896545,0.0,-72.01631164550781,43.904
FULL,0.2493,0.9436,10.0,12601,17,560,0.8068274259567261,0.9271798729896545,0.0,-72.01631164550781,50.404
FEAT,0.2493,0.9436,10.0,3297,0,560,0.8068274259567261,0.9271798729896545,0.0,0.0,13.188
FEAT_A8,0.2493,0.9436,10.0,1483,0,560,0.8068274259567261,0.9271798729896545,0.0,0.0,5.932
EKF,0.2493,0.9436,10.0,1765,0,560,0.8068274259567261,0.9271798729896545,0.0,0.2124306708574295,7.06
EKF_P,0.2493,0.9436,10.0,1208,0,560,0.8068274259567261,0.9271798729896545,0.0,0.2133565992116928,4.832
REFF,0.4747,0.7811,2.0,733,0,560,1.0200086832046509,1.0033248662948608,0.0259245578199625,0.0,2.932
TRIM,0.4747,0.7811,2.0,1621,0,560,1.0200086832046509,1.0033248662948608,0.0,0.0,6.484
SOLVE,0.4747,0.7811,2.0,10386,17,560,1.0200086832046509,1.0033248662948608,0.0,-42.252445220947266,41.544
FULL,0.4747,0.7811,2.0,11993,17,560,1.0200086832046509,1.0033248662948608,0.0,-42.252445220947266,47.972
FEAT,0.4747,0.7811,2.0,3296,0,560,1.0200086832046509,1.0033248662948608,0.0,0.0,13.184
FEAT_A8,0.4747,0.7811,2.0,1470,0,560,1.0200086832046509,1.0033248662948608,0.0,0.0,5.88
EKF,0.4747,0.7811,2.0,1739,0,560,1.0200086832046509,1.0033248662948608,0.0,0.19637605547904968,6.956
EKF_P,0.4747,0.7811,2.0,1195,0,560,1.0200086832046509,1.0033248662948608,0.0,0.197301983833313,4.78
REFF,0.5981,0.8693,10.0,782,0,560,0.9767631888389587,0.9897008538246155,0.01990903913974762,0.0,3.128
TRIM,0.5981,0.8693,10.0,1627,0,560,0.9767631888389587,0.9897008538246155,0.0,0.0,6.508
SOLVE,0.5981,0.8693,10.0,10964,17,560,0.9767631888389587,0.9897008538246155,0.0,-64.87154388427734,43.856
FULL,0.5981,0.8693,10.0,12584,17,560,0.9767631888389587,0.9897008538246155,0.0,-64.87154388427734,50.336
FEAT,0.5981,0.8693,10.0,3338,0,560,0.9767631888389587,0.9897008538246155,0.0,0.0,13.352
FEAT_A8,0.5981,0.8693,10.0,1531,0,560,0.9767631888389587,0.9897008538246155,0.0,0.0,6.124
EKF,0.5981,0.8693,10.0,1745,0,560,0.9767631888389587,0.9897008538246155,0.0,0.19811159372329712,6.98
EKF_P,0.5981,0.8693,10.0,1195,0,560,0.9767631888389587,0.9897008538246155,0.0,0.19903752207756042,4.78
REFF,0.8144,0.866,10.0,775,0,560,1.1114718914031982,1.0314338207244873,0.02404431439936161,0.0,3.1
TRIM,0.8144,0.866,10.0,1643,0,560,1.1114718914031982,1.0314338207244873,0.0,0.0,6.572
SOLVE,0.8144,0.866,10.0,11023,17,560,1.1114718914031982,1.0314338207244873,0.0,-49.82780838012695,44.092
FULL,0.8144,0.866,10.0,12639,17,560,1.1114718914031982,1.0314338207244873,0.0,-49.82780838012695,50.556
FEAT,0.8144,0.866,10.0,3290,0,560,1.1114718914031982,1.0314338207244873,0.0,0.0,13.16
FEAT_A8,0.8144,0.866,10.0,1477,0,560,1.1114718914031982,1.0314338207244873,0.0,0.0,5.908
EKF,0.8144,0.866,10.0,1758,0,560,1.1114718914031982,1.0314338207244873,0.0,0.19829939305782318,7.032
EKF_P,0.8144,0.866,10.0,1214,0,560,1.1114718914031982,1.0314338207244873,0.0,0.1992253214120865,4.856
REFF,0.4148,0.879,2.0,733,0,560,1.031247854232788,1.0068085193634033,0.014544310048222542,0.0,2.932
TRIM,0.4148,0.879,2.0,1621,0,560,1.031247854232788,1.0068085193634033,0.0,0.0,6.484
SOLVE,0.4148,0.879,2.0,10952,18,560,1.031247854232788,1.0068085193634033,0.0,-91.09538269042969,43.808
FULL,0.4148,0.879,2.0,12546,18,560,1.031247854232788,1.0068085193634033,0.0,-91.09538269042969,50.184
FEAT,0.4148,0.879,2.0,3290,0,560,1.031247854232788,1.0068085193634033,0.0,0.0,13.16
FEAT_A8,0.4148,0.879,2.0,1470,0,560,1.031247854232788,1.0068085193634033,0.0,0.0,5.88
EKF,0.4148,0.879,2.0,1744,0,560,1.031247854232788,1.0068085193634033,0.0,0.20104649662971497,6.976
EKF_P,0.4148,0.879,2.0,1195,0,560,1.031247854232788,1.0068085193634033,0.0,0.20197242498397827,4.78
REFF,0.5088,0.7594,10.0,787,0,560,1.1526798009872437,1.044196367263794,0.037824876606464386,0.0,3.148
TRIM,0.5088,0.7594,10.0,1643,0,560,1.1526798009872437,1.044196367263794,0.0,0.0,6.572
SOLVE,0.5088,0.7594,10.0,16447,23,560,1.1526798009872437,1.044196367263794,0.0,-27.984907150268555,65.788
FULL,0.5088,0.7594,10.0,18062,23,560,1.1526798009872437,1.044196367263794,0.0,-27.984907150268555,72.248
FEAT,0.5088,0.7594,10.0,3306,0,560,1.1526798009872437,1.044196367263794,0.0,0.0,13.224
FEAT_A8,0.5088,0.7594,10.0,1492,0,560,1.1526798009872437,1.044196367263794,0.0,0.0,5.968
EKF,0.5088,0.7594,10.0,1763,0,560,1.1526798009872437,1.044196367263794,0.0,0.20314837992191315,7.052
EKF_P,0.5088,0.7594,10.0,1201,0,560,1.1526798009872437,1.044196367263794,0.0,0.20407430827617645,4.804
REFF,0.4333,0.9074,2.0,733,0,560,0.9968594312667847,0.9960832595825195,0.012374760583043098,0.0,2.932
TRIM,0.4333,0.9074,2.0,1627,0,560,0.9968594312667847,0.9960832595825195,0.0,0.0,6.508
SOLVE,0.4333,0.9074,2.0,10939,18,560,0.9968594312667847,0.9960832595825195,0.0,-94.69315338134766,43.756
FULL,0.4333,0.9074,2.0,12545,18,560,0.9968594312667847,0.9960832595825195,0.0,-94.69315338134766,50.18
FEAT,0.4333,0.9074,2.0,3296,0,560,0.9968594312667847,0.9960832595825195,0.0,0.0,13.184
FEAT_A8,0.4333,0.9074,2.0,1470,0,560,0.9968594312667847,0.9960832595825195,0.0,0.0,5.88
EKF,0.4333,0.9074,2.0,1739,0,560,0.9968594312667847,0.9960832595825195,0.0,0.2047748565673828,6.956
EKF_P,0.4333,0.9074,2.0,1195,0,560,0.9968594312667847,0.9960832595825195,0.0,0.20570078492164612,4.78
REFF,0.6635,0.8546,2.0,762,0,560,0.9809556007385254,0.9910410046577454,0.015508298762142658,0.0,3.048
TRIM,0.6635,0.8546,2.0,1627,0,560,0.9809556007385254,0.9910410046577454,0.0,0.0,6.508
SOLVE,0.6635,0.8546,2.0,10368,17,560,0.9809556007385254,0.9910410046577454,0.0,-60.028011322021484,41.472
FULL,0.6635,0.8546,2.0,11994,17,560,0.9809556007385254,0.9910410046577454,0.0,-60.028011322021484,47.976
FEAT,0.6635,0.8546,2.0,3358,0,560,0.9809556007385254,0.9910410046577454,0.0,0.0,13.432
FEAT_A8,0.6635,0.8546,2.0,1544,0,560,0.9809556007385254,0.9910410046577454,0.0,0.0,6.176
EKF,0.6635,0.8546,2.0,1802,0,560,0.9809556007385254,0.9910410046577454,0.0,0.2015104740858078,7.208
EKF_P,0.6635,0.8546,2.0,1231,0,560,0.9809556007385254,0.9910410046577454,0.0,0.2024364024400711,4.924
REFF,0.5577,0.8643,2.0,774,0,560,0.9731196761131287,0.9885320067405701,0.014535699039697647,0.0,3.096
TRIM,0.5577,0.8643,2.0,1629,0,560,0.9731196761131287,0.9885320067405701,0.0,0.0,6.516
SOLVE,0.5577,0.8643,2.0,11321,17,560,0.9731196761131287,0.9885320067405701,0.0,-68.04639434814453,45.284
FULL,0.5577,0.8643,2.0,12923,17,560,0.9731196761131287,0.9885320067405701,0.0,-68.04639434814453,51.692
FEAT,0.5577,0.8643,2.0,3313,0,560,0.9731196761131287,0.9885320067405701,0.0,0.0,13.252
FEAT_A8,0.5577,0.8643,2.0,1499,0,560,0.9731196761131287,0.9885320067405701,0.0,0.0,5.996
EKF,0.5577,0.8643,2.0,1750,0,560,0.9731196761131287,0.9885320067405701,0.0,0.20014998316764832,7.0
EKF_P,0.5577,0.8643,2.0,1195,0,560,0.9731196761131287,0.9885320067405701,0.0,0.20107591152191162,4.78
REFF,0.7777,0.8497,10.0,813,0,560,0.9880279302597046,0.9932910799980164,0.02260284498333931,0.0,3.252
TRIM,0.7777,0.8497,10.0,1639,0,560,0.9880279302597046,0.9932910799980164,0.0,0.0,6.556
SOLVE,0.7777,0.8497,10.0,11213,17,560,0.9880279302597046,0.9932910799980164,0.0,-67.51478576660156,44.852
FULL,0.7777,0.8497,10.0,12826,17,560,0.9880279302597046,0.9932910799980164,0.0,-67.51478576660156,51.304
FEAT,0.7777,0.8497,10.0,3326,0,560,0.9880279302597046,0.9932910799980164,0.0,0.0,13.304
FEAT_A8,0.7777,0.8497,10.0,1513,0,560,0.9880279302597046,0.9932910799980164,0.0,0.0,6.052
EKF,0.7777,0.8497,10.0,1775,0,560,0.9880279302597046,0.9932910799980164,0.0,0.20409904420375824,7.1
EKF_P,0.7777,0.8497,10.0,1231,0,560,0.9880279302597046,0.9932910799980164,0.0,0.20502497255802155,4.924
REFF,0.8594,0.7757,2.0,757,0,560,1.0273563861846924,1.0056042671203613,0.027632709592580795,0.0,3.028
TRIM,0.8594,0.7757,2.0,1621,0,560,1.0273563861846924,1.0056042671203613,0.0,0.0,6.484
SOLVE,0.8594,0.7757,2.0,11061,17,560,1.0273563861846924,1.0056042671203613,0.0,-55.83027267456055,44.244
FULL,0.8594,0.7757,2.0,12668,17,560,1.0273563861846924,1.0056042671203613,0.0,-55.83027267456055,50.672
FEAT,0.8594,0.7757,2.0,3338,0,560,1.0273563861846924,1.0056042671203613,0.0,0.0,13.352
FEAT_A8,0.8594,0.7757,2.0,1513,0,560,1.0273563861846924,1.0056042671203613,0.0,0.0,6.052
EKF,0.8594,0.7757,2.0,1775,0,560,1.0273563861846924,1.0056042671203613,0.0,0.21282009780406952,7.1
EKF_P,0.8594,0.7757,2.0,1218,0,560,1.0273563861846924,1.0056042671203613,0.0,0.21374602615833282,4.872
REFF,0.2141,0.8044,2.0,757,0,560,1.0289679765701294,1.006103277206421,0.034512754529714584,0.0,3.028
TRIM,0.2141,0.8044,2.0,1647,0,560,1.0289679765701294,1.006103277206421,0.0,0.0,6.588
SOLVE,0.2141,0.8044,2.0,11029,18,560,1.0289679765701294,1.006103277206421,0.0,-75.8508071899414,44.116
FULL,0.2141,0.8044,2.0,12661,18,560,1.0289679765701294,1.006103277206421,0.0,-75.8508071899414,50.644
FEAT,0.2141,0.8044,2.0,3344,0,560,1.0289679765701294,1.006103277206421,0.0,0.0,13.376
FEAT_A8,0.2141,0.8044,2.0,1519,0,560,1.0289679765701294,1.006103277206421,0.0,0.0,6.076
EKF,0.2141,0.8044,2.0,1775,0,560,1.0289679765701294,1.006103277206421,0.0,0.2172185778617859,7.1
EKF_P,0.2141,0.8044,2.0,1231,0,560,1.0289679765701294,1.006103277206421,0.0,0.2181445062160492,4.924
REFF,0.8527,0.9638,2.0,757,0,560,1.0937824249267578,1.026005744934082,0.0125026386231184,0.0,3.028
TRIM,0.8527,0.9638,2.0,1643,0,560,1.0937824249267578,1.026005744934082,0.0,0.0,6.572
SOLVE,0.8527,0.9638,2.0,11801,18,560,1.0937824249267578,1.026005744934082,0.0,-106.98243713378906,47.204
FULL,0.8527,0.9638,2.0,13417,18,560,1.0937824249267578,1.026005744934082,0.0,-106.98243713378906,53.668
FEAT,0.8527,0.9638,2.0,3340,0,560,1.0937824249267578,1.026005744934082,0.0,0.0,13.36
FEAT_A8,0.8527,0.9638,2.0,1507,0,560,1.0937824249267578,1.026005744934082,0.0,0.0,6.028
EKF,0.8527,0.9638,2.0,1794,0,560,1.0937824249267578,1.026005744934082,0.0,0.21967454254627228,7.176
EKF_P,0.8527,0.9638,2.0,1238,0,560,1.0937824249267578,1.026005744934082,0.0,0.22060047090053558,4.952
REFF,0.4773,0.9474,10.0,775,0,560,0.9914918541908264,0.9943884611129761,0.014007643796503544,0.0,3.1
TRIM,0.4773,0.9474,10.0,1627,0,560,0.9914918541908264,0.9943884611129761,0.0,0.0,6.508
SOLVE,0.4773,0.9474,10.0,11617,18,560,0.9914918541908264,0.9943884611129761,0.0,-80.0504379272461,46.468
FULL,0.4773,0.9474,10.0,13199,18,560,0.9914918541908264,0.9943884611129761,0.0,-80.0504379272461,52.796
FEAT,0.4773,0.9474,10.0,3311,0,560,0.9914918541908264,0.9943884611129761,0.0,0.0,13.244
FEAT_A8,0.4773,0.9474,10.0,1470,0,560,0.9914918541908264,0.9943884611129761,0.0,0.0,5.88
EKF,0.4773,0.9474,10.0,1739,0,560,0.9914918541908264,0.9943884611129761,0.0,0.22054612636566162,6.956
EKF_P,0.4773,0.9474,10.0,1189,0,560,0.9914918541908264,0.9943884611129761,0.0,0.22147205471992493,4.756
REFF,0.7964,0.9377,2.0,757,0,560,0.9672545790672302,0.986642062664032,0.01211429014801979,0.0,3.028
TRIM,0.7964,0.9377,2.0,1636,0,560,0.9672545790672302,0.986642062664032,0.0,0.0,6.544
SOLVE,0.7964,0.9377,2.0,10981,18,560,0.9672545790672302,0.986642062664032,0.0,-76.12830352783203,43.924
FULL,0.7964,0.9377,2.0,12578,18,560,0.9672545790672302,0.986642062664032,0.0,-76.12830352783203,50.312
FEAT,0.7964,0.9377,2.0,3335,0,560,0.9672545790672302,0.986642062664032,0.0,0.0,13.34
FEAT_A8,0.7964,0.9377,2.0,1507,0,560,0.9672545790672302,0.986642062664032,0.0,0.0,6.028
EKF,0.7964,0.9377,2.0,1775,0,560,0.9672545790672302,0.986642062664032,0.0,0.2196774184703827,7.1
EKF_P,0.7964,0.9377,2.0,1219,0,560,0.9672545790672302,0.986642062664032,0.0,0.220603346824646,4.876
REFF,0.8066,0.8694,10.0,775,0,560,1.1154545545578003,1.0326586961746216,0.02355632558465004,0.0,3.1
TRIM,0.8066,0.8694,10.0,1643,0,560,1.1154545545578003,1.0326586961746216,0.0,0.0,6.572
SOLVE,0.8066,0.8694,10.0,10976,17,560,1.1154545545578003,1.0326586961746216,0.0,-61.302276611328125,43.904
FULL,0.8066,0.8694,10.0,12592,17,560,1.1154545545578003,1.0326586961746216,0.0,-61.302276611328125,50.368
FEAT,0.8066,0.8694,10.0,3313,0,560,1.1154545545578003,1.0326586961746216,0.0,0.0,13.252
FEAT_A8,0.8066,0.8694,10.0,1477,0,560,1.1154545545578003,1.0326586961746216,0.0,0.0,5.908
EKF,0.8066,0.8694,10.0,1758,0,560,1.1154545545578003,1.0326586961746216,0.0,0.2219885289669037,7.032
EKF_P,0.8066,0.8694,10.0,1208,0,560,1.1154545545578003,1.0326586961746216,0.0,0.222914457321167,4.832
REFF,0.3508,0.9451,2.0,733,0,560,0.9688109755516052,0.9871446490287781,0.010750114917755127,0.0,2.932
TRIM,0.3508,0.9451,2.0,1636,0,560,0.9688109755516052,0.9871446490287781,0.0,0.0,6.544
SOLVE,0.3508,0.9451,2.0,10938,18,560,0.9688109755516052,0.9871446490287781,0.0,-108.58903503417969,43.752
FULL,0.3508,0.9451,2.0,12561,18,560,0.9688109755516052,0.9871446490287781,0.0,-108.58903503417969,50.244
FEAT,0.3508,0.9451,2.0,3297,0,560,0.9688109755516052,0.9871446490287781,0.0,0.0,13.188
FEAT_A8,0.3508,0.9451,2.0,1483,0,560,0.9688109755516052,0.9871446490287781,0.0,0.0,5.932
EKF,0.3508,0.9451,2.0,1745,0,560,0.9688109755516052,0.9871446490287781,0.0,0.22355984151363373,6.98
EKF_P,0.3508,0.9451,2.0,1189,0,560,0.9688109755516052,0.9871446490287781,0.0,0.22448576986789703,4.756
REFF,0.3034,0.8342,10.0,788,0,560,1.1250159740447998,1.0356054306030273,0.030387671664357185,0.0,3.152
TRIM,0.3034,0.8342,10.0,1656,0,560,1.1250159740447998,1.0356054306030273,0.0,0.0,6.624
SOLVE,0.3034,0.8342,10.0,10394,16,560,1.1250159740447998,1.0356054306030273,0.0,-43.169944763183594,41.576
FULL,0.3034,0.8342,10.0,12036,16,560,1.1250159740447998,1.0356054306030273,0.0,-43.169944763183594,48.144
FEAT,0.3034,0.8342,10.0,3296,0,560,1.1250159740447998,1.0356054306030273,0.0,0.0,13.184
FEAT_A8,0.3034,0.8342,10.0,1495,0,560,1.1250159740447998,1.0356054306030273,0.0,0.0,5.98
EKF,0.3034,0.8342,10.0,1758,0,560,1.1250159740447998,1.0356054306030273,0.0,0.22677405178546906,7.032
EKF_P,0.3034,0.8342,10.0,1208,0,560,1.1250159740447998,1.0356054306030273,0.0,0.22769998013973236,4.832
REFF,0.4358,0.8284,2.0,733,0,560,0.971661388874054,0.9880630970001221,0.01867179572582245,0.0,2.932
TRIM,0.4358,0.8284,2.0,1629,0,560,0.971661388874054,0.9880630970001221,0.0,0.0,6.516
SOLVE,0.4358,0.8284,2.0,10932,18,560,0.971661388874054,0.9880630970001221,0.0,-76.9959945678711,43.728
FULL,0.4358,0.8284,2.0,12547,18,560,0.971661388874054,0.9880630970001221,0.0,-76.9959945678711,50.188
FEAT,0.4358,0.8284,2.0,3290,0,560,0.971661388874054,0.9880630970001221,0.0,0.0,13.16
FEAT_A8,0.4358,0.8284,2.0,1470,0,560,0.971661388874054,0.9880630970001221,0.0,0.0,5.88
EKF,0.4358,0.8284,2.0,1745,0,560,0.971661388874054,0.9880630970001221,0.0,0.2298296093940735,6.98
EKF_P,0.4358,0.8284,2.0,1189,0,560,0.971661388874054,0.9880630970001221,0.0,0.2307555377483368,4.756
REFF,0.518,0.9681,10.0,825,0,560,1.2618050575256348,1.0800604820251465,0.016385963186621666,0.0,3.3
TRIM,0.518,0.9681,10.0,1671,0,560,1.2618050575256348,1.0800604820251465,0.0,0.0,6.684
SOLVE,0.518,0.9681,10.0,12045,17,560,1.2618050575256348,1.0800604820251465,0.0,-62.91165542602539,48.18
FULL,0.518,0.9681,10.0,13676,17,560,1.2618050575256348,1.0800604820251465,0.0,-62.91165542602539,54.704
FEAT,0.518,0.9681,10.0,3379,0,560,1.2618050575256348,1.0800604820251465,0.0,0.0,13.516
FEAT_A8,0.518,0.9681,10.0,1540,0,560,1.2618050575256348,1.0800604820251465,0.0,0.0,6.16
EKF,0.518,0.9681,10.0,1826,0,560,1.2618050575256348,1.0800604820251465,0.0,0.22947344183921814,7.304
EKF_P,0.518,0.9681,10.0,1253,0,560,1.2618050575256348,1.0800604820251465,0.0,0.23039937019348145,5.012
REFF,0.4,0.9266,10.0,799,0,560,1.2346949577331543,1.0707268714904785,0.018041515722870827,0.0,3.196
TRIM,0.4,0.9266,10.0,1643,0,560,1.2346949577331543,1.0707268714904785,0.0,0.0,6.572
SOLVE,0.4,0.9266,10.0,11049,17,560,1.2346949577331543,1.0707268714904785,0.0,-46.190452575683594,44.196
FULL,0.4,0.9266,10.0,12664,17,560,1.2346949577331543,1.0707268714904785,0.0,-46.190452575683594,50.656
FEAT,0.4,0.9266,10.0,3340,0,560,1.2346949577331543,1.0707268714904785,0.0,0.0,13.36
FEAT_A8,0.4,0.9266,10.0,1500,0,560,1.2346949577331543,1.0707268714904785,0.0,0.0,6.0
EKF,0.4,0.9266,10.0,1797,0,560,1.2346949577331543,1.0707268714904785,0.0,0.22693763673305511,7.188
EKF_P,0.4,0.9266,10.0,1238,0,560,1.2346949577331543,1.0707268714904785,0.0,0.22786356508731842,4.952
REFF,0.2909,0.8096,2.0,757,0,560,1.0363157987594604,1.0083739757537842,0.02585724927484989,0.0,3.028
TRIM,0.2909,0.8096,2.0,1635,0,560,1.0363157987594604,1.0083739757537842,0.0,0.0,6.54
SOLVE,0.2909,0.8096,2.0,10982,18,560,1.0363157987594604,1.0083739757537842,0.0,-65.47329711914062,43.928
FULL,0.2909,0.8096,2.0,12590,18,560,1.0363157987594604,1.0083739757537842,0.0,-65.47329711914062,50.36
FEAT,0.2909,0.8096,2.0,3333,0,560,1.0363157987594604,1.0083739757537842,0.0,0.0,13.332
FEAT_A8,0.2909,0.8096,2.0,1507,0,560,1.0363157987594604,1.0083739757537842,0.0,0.0,6.028
EKF,0.2909,0.8096,2.0,1775,0,560,1.0363157987594604,1.0083739757537842,0.0,0.23101913928985596,7.1
EKF_P,0.2909,0.8096,2.0,1225,0,560,1.0363157987594604,1.0083739757537842,0.0,0.23194506764411926,4.9
REFF,0.5385,0.7746,2.0,780,0,560,0.8855364322662354,0.9587835669517517,0.02194306254386902,0.0,3.12
TRIM,0.5385,0.7746,2.0,1651,0,560,0.8855364322662354,0.9587835669517517,0.0,0.0,6.604
SOLVE,0.5385,0.7746,2.0,11158,17,560,0.8855364322662354,0.9587835669517517,0.0,-59.61341857910156,44.632
FULL,0.5385,0.7746,2.0,12783,17,560,0.8855364322662354,0.9587835669517517,0.0,-59.61341857910156,51.132
FEAT,0.5385,0.7746,2.0,3373,0,560,0.8855364322662354,0.9587835669517517,0.0,0.0,13.492
FEAT_A8,0.5385,0.7746,2.0,1541,0,560,0.8855364322662354,0.9587835669517517,0.0,0.0,6.164
EKF,0.5385,0.7746,2.0,1821,0,560,0.8855364322662354,0.9587835669517517,0.0,0.2288624346256256,7.284
EKF_P,0.5385,0.7746,2.0,1248,0,560,0.8855364322662354,0.9587835669517517,0.0,0.22978836297988892,4.992
REFF,0.2672,0.7826,10.0,775,0,560,0.9738965630531311,0.9887815713882446,0.057721011340618134,0.0,3.1
TRIM,0.2672,0.7826,10.0,1642,0,560,0.9738965630531311,0.9887815713882446,0.0,0.0,6.568
SOLVE,0.2672,0.7826,10.0,12363,19,560,0.9738965630531311,0.9887815713882446,0.0,-38.98647689819336,49.452
FULL,0.2672,0.7826,10.0,13997,19,560,0.9738965630531311,0.9887815713882446,0.0,-38.98647689819336,55.988
FEAT,0.2672,0.7826,10.0,3289,0,560,0.9738965630531311,0.9887815713882446,0.0,0.0,13.156
FEAT_A8,0.2672,0.7826,10.0,1483,0,560,0.9738965630531311,0.9887815713882446,0.0,0.0,5.932
EKF,0.2672,0.7826,10.0,1739,0,560,0.9738965630531311,0.9887815713882446,0.0,0.2312362641096115,6.956
EKF_P,0.2672,0.7826,10.0,1195,0,560,0.9738965630531311,0.9887815713882446,0.0,0.23216219246387482,4.78
REFF,0.2429,0.8884,2.0,757,0,560,1.1154545545578003,1.0326586961746216,0.018470633774995804,0.0,3.028
TRIM,0.2429,0.8884,2.0,1656,0,560,1.1154545545578003,1.0326586961746216,0.0,0.0,6.624
SOLVE,0.2429,0.8884,2.0,10382,17,560,1.1154545545578003,1.0326586961746216,0.0,-51.20033264160156,41.528
FULL,0.2429,0.8884,2.0,12018,17,560,1.1154545545578003,1.0326586961746216,0.0,-51.20033264160156,48.072
FEAT,0.2429,0.8884,2.0,3334,0,560,1.1154545545578003,1.0326586961746216,0.0,0.0,13.336
FEAT_A8,0.2429,0.8884,2.0,1519,0,560,1.1154545545578003,1.0326586961746216,0.0,0.0,6.076
EKF,0.2429,0.8884,2.0,1782,0,560,1.1154545545578003,1.0326586961746216,0.0,0.22986984252929688,7.128
EKF_P,0.2429,0.8884,2.0,1238,0,560,1.1154545545578003,1.0326586961746216,0.0,0.23079577088356018,4.952
REFF,0.237,0.941,2.0,733,0,560,1.3357758522033691,1.1079531908035278,0.015530349686741829,0.0,2.932
TRIM,0.237,0.941,2.0,1706,0,560,1.3357758522033691,1.1079531908035278,0.0,0.0,6.824
SOLVE,0.237,0.941,2.0,10352,17,560,1.3357758522033691,1.1079531908035278,0.0,-66.88785552978516,41.408
FULL,0.237,0.941,2.0,12044,17,560,1.3357758522033691,1.1079531908035278,0.0,-66.88785552978516,48.176
FEAT,0.237,0.941,2.0,3304,0,560,1.3357758522033691,1.1079531908035278,0.0,0.0,13.216
FEAT_A8,0.237,0.941,2.0,1483,0,560,1.3357758522033691,1.1079531908035278,0.0,0.0,5.932
EKF,0.237,0.941,2.0,1780,0,560,1.3357758522033691,1.1079531908035278,0.0,0.23005717992782593,7.12
EKF_P,0.237,0.941,2.0,1236,0,560,1.3357758522033691,1.1079531908035278,0.0,0.23098310828208923,4.944
REFF,0.7208,0.7962,10.0,788,0,560,1.0319607257843018,1.0070289373397827,0.026169318705797195,0.0,3.152
TRIM,0.7208,0.7962,10.0,1621,0,560,1.0319607257843018,1.0070289373397827,0.0,0.0,6.484
SOLVE,0.7208,0.7962,10.0,10806,16,560,1.0319607257843018,1.0070289373397827,0.0,-36.33806610107422,43.224
FULL,0.7208,0.7962,10.0,12407,16,560,1.0319607257843018,1.0070289373397827,0.0,-36.33806610107422,49.628
FEAT,0.7208,0.7962,10.0,3308,0,560,1.0319607257843018,1.0070289373397827,0.0,0.0,13.232
FEAT_A8,0.7208,0.7962,10.0,1489,0,560,1.0319607257843018,1.0070289373397827,0.0,0.0,5.956
EKF,0.7208,0.7962,10.0,1739,0,560,1.0319607257843018,1.0070289373397827,0.0,0.2229318469762802,6.956
EKF_P,0.7208,0.7962,10.0,1195,0,560,1.0319607257843018,1.0070289373397827,0.0,0.22385777533054352,4.78
REFF,0.32,0.8638,2.0,733,0,560,0.9811431169509888,0.9911008477210999,0.016987908631563187,0.0,2.932
TRIM,0.32,0.8638,2.0,1627,0,560,0.9811431169509888,0.9911008477210999,0.0,0.0,6.508
SOLVE,0.32,0.8638,2.0,10352,17,560,0.9811431169509888,0.9911008477210999,0.0,-63.81538009643555,41.408
FULL,0.32,0.8638,2.0,11952,17,560,0.9811431169509888,0.9911008477210999,0.0,-63.81538009643555,47.808
FEAT,0.32,0.8638,2.0,3289,0,560,0.9811431169509888,0.9911008477210999,0.0,0.0,13.156
FEAT_A8,0.32,0.8638,2.0,1470,0,560,0.9811431169509888,0.9911008477210999,0.0,0.0,5.88
EKF,0.32,0.8638,2.0,1752,0,560,0.9811431169509888,0.9911008477210999,0.0,0.22280965745449066,7.008
EKF_P,0.32,0.8638,2.0,1189,0,560,0.9811431169509888,0.9911008477210999,0.0,0.22373558580875397,4.756
REFF,0.5285,0.8776,10.0,797,0,560,1.0290374755859375,1.00612473487854,0.018956126645207405,0.0,3.188
TRIM,0.5285,0.8776,10.0,1621,0,560,1.0290374755859375,1.00612473487854,0.0,0.0,6.484
SOLVE,0.5285,0.8776,10.0,11557,17,560,1.0290374755859375,1.00612473487854,0.0,-58.24637222290039,46.228
FULL,0.5285,0.8776,10.0,13157,17,560,1.0290374755859375,1.00612473487854,0.0,-58.24637222290039,52.628
FEAT,0.5285,0.8776,10.0,3315,0,560,1.0290374755859375,1.00612473487854,0.0,0.0,13.26
FEAT_A8,0.5285,0.8776,10.0,1494,0,560,1.0290374755859375,1.00612473487854,0.0,0.0,5.976
EKF,0.5285,0.8776,10.0,1751,0,560,1.0290374755859375,1.00612473487854,0.0,0.2228144109249115,7.004
EKF_P,0.5285,0.8776,10.0,1189,0,560,1.0290374755859375,1.00612473487854,0.0,0.2237403392791748,4.756
REFF,0.7284,0.9085,10.0,782,0,560,1.3185921907424927,1.101076602935791,0.0215239729732275,0.0,3.128
TRIM,0.7284,0.9085,10.0,1671,0,560,1.3185921907424927,1.101076602935791,0.0,0.0,6.684
SOLVE,0.7284,0.9085,10.0,11348,17,560,1.3185921907424927,1.101076602935791,0.0,-62.62593078613281,45.392
FULL,0.7284,0.9085,10.0,12999,17,560,1.3185921907424927,1.101076602935791,0.0,-62.62593078613281,51.996
FEAT,0.7284,0.9085,10.0,3317,0,560,1.3185921907424927,1.101076602935791,0.0,0.0,13.268
FEAT_A8,0.7284,0.9085,10.0,1490,0,560,1.3185921907424927,1.101076602935791,0.0,0.0,5.96
EKF,0.7284,0.9085,10.0,1767,0,560,1.3185921907424927,1.101076602935791,0.0,0.22490987181663513,7.068
EKF_P,0.7284,0.9085,10.0,1223,0,560,1.3185921907424927,1.101076602935791,0.0,0.22583580017089844,4.892
REFF,0.479,0.7774,10.0,799,0,560,0.9885338544845581,0.9934515357017517,0.03347279503941536,0.0,3.196
TRIM,0.479,0.7774,10.0,1627,0,560,0.9885338544845581,0.9934515357017517,0.0,0.0,6.508
SOLVE,0.479,0.7774,10.0,11355,17,560,0.9885338544845581,0.9934515357017517,0.0,-47.53749084472656,45.42
FULL,0.479,0.7774,10.0,12955,17,560,0.9885338544845581,0.9934515357017517,0.0,-47.53749084472656,51.82
FEAT,0.479,0.7774,10.0,3346,0,560,0.9885338544845581,0.9934515357017517,0.0,0.0,13.384
FEAT_A8,0.479,0.7774,10.0,1501,0,560,0.9885338544845581,0.9934515357017517,0.0,0.0,6.004
EKF,0.479,0.7774,10.0,1786,0,560,0.9885338544845581,0.9934515357017517,0.0,0.22874946892261505,7.144
EKF_P,0.479,0.7774,10.0,1229,0,560,0.9885338544845581,0.9934515357017517,0.0,0.22967539727687836,4.916
REFF,0.4419,0.9091,2.0,733,0,560,1.3155006170272827,1.099868893623352,0.015749139711260796,0.0,2.932
TRIM,0.4419,0.9091,2.0,1671,0,560,1.3155006170272827,1.099868893623352,0.0,0.0,6.684
SOLVE,0.4419,0.9091,2.0,10939,18,560,1.3155006170272827,1.099868893623352,0.0,-89.41205596923828,43.756
FULL,0.4419,0.9091,2.0,12589,18,560,1.3155006170272827,1.099868893623352,0.0,-89.41205596923828,50.356
FEAT,0.4419,0.9091,2.0,3302,0,560,1.3155006170272827,1.099868893623352,0.0,0.0,13.208
FEAT_A8,0.4419,0.9091,2.0,1470,0,560,1.3155006170272827,1.099868893623352,0.0,0.0,5.88
EKF,0.4419,0.9091,2.0,1767,0,560,1.3155006170272827,1.099868893623352,0.0,0.2326641082763672,7.068
EKF_P,0.4419,0.9091,2.0,1223,0,560,1.3155006170272827,1.099868893623352,0.0,0.2335900366306305,4.892
REFF,0.8347,0.7531,10.0,775,0,560,1.006457805633545,0.9990982413291931,0.03305121883749962,0.0,3.1
TRIM,0.8347,0.7531,10.0,1624,0,560,1.006457805633545,0.9990982413291931,0.0,0.0,6.496
SOLVE,0.8347,0.7531,10.0,11218,17,560,1.006457805633545,0.9990982413291931,0.0,-41.40122604370117,44.872
FULL,0.8347,0.7531,10.0,12821,17,560,1.006457805633545,0.9990982413291931,0.0,-41.40122604370117,51.284
FEAT,0.8347,0.7531,10.0,3304,0,560,1.006457805633545,0.9990982413291931,0.0,0.0,13.216
FEAT_A8,0.8347,0.7531,10.0,1483,0,560,1.006457805633545,0.9990982413291931,0.0,0.0,5.932
EKF,0.8347,0.7531,10.0,1743,0,560,1.006457805633545,0.9990982413291931,0.0,0.233162060379982,6.972
EKF_P,0.8347,0.7531,10.0,1193,0,560,1.006457805633545,0.9990982413291931,0.0,0.2340879887342453,4.772
REFF,0.2681,0.9507,10.0,775,0,560,1.0379459857940674,1.0088768005371094,0.015391981229186058,0.0,3.1
TRIM,0.2681,0.9507,10.0,1621,0,560,1.0379459857940674,1.0088768005371094,0.0,0.0,6.484
SOLVE,0.2681,0.9507,10.0,11605,18,560,1.0379459857940674,1.0088768005371094,0.0,-84.36388397216797,46.42
FULL,0.2681,0.9507,10.0,13200,18,560,1.0379459857940674,1.0088768005371094,0.0,-84.36388397216797,52.8
FEAT,0.2681,0.9507,10.0,3309,0,560,1.0379459857940674,1.0088768005371094,0.0,0.0,13.236
FEAT_A8,0.2681,0.9507,10.0,1483,0,560,1.0379459857940674,1.0088768005371094,0.0,0.0,5.932
EKF,0.2681,0.9507,10.0,1733,0,560,1.0379459857940674,1.0088768005371094,0.0,0.2362823635339737,6.932
EKF_P,0.2681,0.9507,10.0,1189,0,560,1.0379459857940674,1.0088768005371094,0.0,0.237208291888237,4.756
REFF,0.2933,0.9415,2.0,733,0,560,1.0186758041381836,1.0029104948043823,0.012256912887096405,0.0,2.932
TRIM,0.2933,0.9415,2.0,1621,0,560,1.0186758041381836,1.0029104948043823,0.0,0.0,6.484
SOLVE,0.2933,0.9415,2.0,10945,18,560,1.0186758041381836,1.0029104948043823,0.0,-98.93910217285156,43.78
FULL,0.2933,0.9415,2.0,12546,18,560,1.0186758041381836,1.0029104948043823,0.0,-98.93910217285156,50.184
FEAT,0.2933,0.9415,2.0,3297,0,560,1.0186758041381836,1.0029104948043823,0.0,0.0,13.188
FEAT_A8,0.2933,0.9415,2.0,1477,0,560,1.0186758041381836,1.0029104948043823,0.0,0.0,5.908
EKF,0.2933,0.9415,2.0,1743,0,560,1.0186758041381836,1.0029104948043823,0.0,0.23810957372188568,6.972
EKF_P,0.2933,0.9415,2.0,1189,0,560,1.0186758041381836,1.0029104948043823,0.0,0.239035502076149,4.756
REFF,0.8872,0.924,2.0,757,0,560,1.034255027770996,1.0077377557754517,0.014082638546824455,0.0,3.028
TRIM,0.8872,0.924,2.0,1621,0,560,1.034255027770996,1.0077377557754517,0.0,0.0,6.484
SOLVE,0.8872,0.924,2.0,10956,18,560,1.034255027770996,1.0077377557754517,0.0,-88.31556701660156,43.824
FULL,0.8872,0.924,2.0,12563,18,560,1.034255027770996,1.0077377557754517,0.0,-88.31556701660156,50.252
FEAT,0.8872,0.924,2.0,3333,0,560,1.034255027770996,1.0077377557754517,0.0,0.0,13.332
FEAT_A8,0.8872,0.924,2.0,1517,0,560,1.034255027770996,1.0077377557754517,0.0,0.0,6.068
EKF,0.8872,0.924,2.0,1775,0,560,1.034255027770996,1.0077377557754517,0.0,0.23942720890045166,7.1
EKF_P,0.8872,0.924,2.0,1219,0,560,1.034255027770996,1.0077377557754517,0.0,0.24035313725471497,4.876
REFF,0.2069,0.9303,10.0,799,0,560,1.1206268072128296,1.0342516899108887,0.02149968408048153,0.0,3.196
TRIM,0.2069,0.9303,10.0,1661,0,560,1.1206268072128296,1.0342516899108887,0.0,0.0,6.644
SOLVE,0.2069,0.9303,10.0,11180,17,560,1.1206268072128296,1.0342516899108887,0.0,-48.48981857299805,44.72
FULL,0.2069,0.9303,10.0,12833,17,560,1.1206268072128296,1.0342516899108887,0.0,-48.48981857299805,51.332
FEAT,0.2069,0.9303,10.0,3346,0,560,1.1206268072128296,1.0342516899108887,0.0,0.0,13.384
FEAT_A8,0.2069,0.9303,10.0,1525,0,560,1.1206268072128296,1.0342516899108887,0.0,0.0,6.1
EKF,0.2069,0.9303,10.0,1807,0,560,1.1206268072128296,1.0342516899108887,0.0,0.23953022062778473,7.228
EKF_P,0.2069,0.9303,10.0,1238,0,560,1.1206268072128296,1.0342516899108887,0.0,0.24045614898204803,4.952
REFF,0.2747,0.8758,10.0,775,0,560,1.0200086832046509,1.0033248662948608,0.02269766852259636,0.0,3.1
TRIM,0.2747,0.8758,10.0,1626,0,560,1.0200086832046509,1.0033248662948608,0.0,0.0,6.504
SOLVE,0.2747,0.8758,10.0,10382,16,560,1.0200086832046509,1.0033248662948608,0.0,-39.29499053955078,41.528
FULL,0.2747,0.8758,10.0,11994,16,560,1.0200086832046509,1.0033248662948608,0.0,-39.29499053955078,47.976
FEAT,0.2747,0.8758,10.0,3303,0,560,1.0200086832046509,1.0033248662948608,0.0,0.0,13.212
FEAT_A8,0.2747,0.8758,10.0,1477,0,560,1.0200086832046509,1.0033248662948608,0.0,0.0,5.908
EKF,0.2747,0.8758,10.0,1745,0,560,1.0200086832046509,1.0033248662948608,0.0,0.2394336760044098,6.98
EKF_P,0.2747,0.8758,10.0,1189,0,560,1.0200086832046509,1.0033248662948608,0.0,0.2403596043586731,4.756
REFF,0.2117,0.7879,10.0,775,0,560,1.0109411478042603,1.000500202178955,0.06695028394460678,0.0,3.1
TRIM,0.2117,0.7879,10.0,1641,0,560,1.0109411478042603,1.000500202178955,0.0,0.0,6.564
SOLVE,0.2117,0.7879,10.0,14438,22,560,1.0109411478042603,1.000500202178955,0.0,-37.50395202636719,57.752
FULL,0.2117,0.7879,10.0,16071,22,560,1.0109411478042603,1.000500202178955,0.0,-37.50395202636719,64.284
FEAT,0.2117,0.7879,10.0,3291,0,560,1.0109411478042603,1.000500202178955,0.0,0.0,13.164
FEAT_A8,0.2117,0.7879,10.0,1483,0,560,1.0109411478042603,1.000500202178955,0.0,0.0,5.932
EKF,0.2117,0.7879,10.0,1746,0,560,1.0109411478042603,1.000500202178955,0.0,0.23790878057479858,6.984
EKF_P,0.2117,0.7879,10.0,1195,0,560,1.0109411478042603,1.000500202178955,0.0,0.2388347089290619,4.78
REFF,0.6269,0.7689,10.0,815,0,560,1.1845972537994385,1.0542863607406616,0.034647222608327866,0.0,3.26
TRIM,0.6269,0.7689,10.0,1643,0,560,1.1845972537994385,1.0542863607406616,0.0,0.0,6.572
SOLVE,0.6269,0.7689,10.0,10456,16,560,1.1845972537994385,1.0542863607406616,0.0,-38.54425048828125,41.824
FULL,0.6269,0.7689,10.0,12110,16,560,1.1845972537994385,1.0542863607406616,0.0,-38.54425048828125,48.44
FEAT,0.6269,0.7689,10.0,3381,0,560,1.1845972537994385,1.0542863607406616,0.0,0.0,13.524
FEAT_A8,0.6269,0.7689,10.0,1568,0,560,1.1845972537994385,1.0542863607406616,0.0,0.0,6.272
EKF,0.6269,0.7689,10.0,1822,0,560,1.1845972537994385,1.0542863607406616,0.0,0.23657432198524475,7.288
EKF_P,0.6269,0.7689,10.0,1248,0,560,1.1845972537994385,1.0542863607406616,0.0,0.23750025033950806,4.992
REFF,0.4007,0.8699,10.0,780,0,560,1.1114718914031982,1.0314338207244873,0.02119789458811283,0.0,3.12
TRIM,0.4007,0.8699,10.0,1643,0,560,1.1114718914031982,1.0314338207244873,0.0,0.0,6.572
SOLVE,0.4007,0.8699,10.0,10971,17,560,1.1114718914031982,1.0314338207244873,0.0,-65.68843841552734,43.884
FULL,0.4007,0.8699,10.0,12593,17,560,1.1114718914031982,1.0314338207244873,0.0,-65.68843841552734,50.372
FEAT,0.4007,0.8699,10.0,3289,0,560,1.1114718914031982,1.0314338207244873,0.0,0.0,13.156
FEAT_A8,0.4007,0.8699,10.0,1470,0,560,1.1114718914031982,1.0314338207244873,0.0,0.0,5.88
EKF,0.4007,0.8699,10.0,1763,0,560,1.1114718914031982,1.0314338207244873,0.0,0.23941625654697418,7.052
EKF_P,0.4007,0.8699,10.0,1208,0,560,1.1114718914031982,1.0314338207244873,0.0,0.2403421849012375,4.832
REFF,0.6921,0.7975,10.0,781,0,560,1.0840702056884766,1.0230308771133423,0.027820097282528877,0.0,3.124
TRIM,0.6921,0.7975,10.0,1643,0,560,1.0840702056884766,1.0230308771133423,0.0,0.0,6.572
SOLVE,0.6921,0.7975,10.0,11194,17,560,1.0840702056884766,1.0230308771133423,0.0,-56.028324127197266,44.776
FULL,0.6921,0.7975,10.0,12822,17,560,1.0840702056884766,1.0230308771133423,0.0,-56.028324127197266,51.288
FEAT,0.6921,0.7975,10.0,3297,0,560,1.0840702056884766,1.0230308771133423,0.0,0.0,13.188
FEAT_A8,0.6921,0.7975,10.0,1489,0,560,1.0840702056884766,1.0230308771133423,0.0,0.0,5.956
EKF,0.6921,0.7975,10.0,1765,0,560,1.0840702056884766,1.0230308771133423,0.0,0.24371705949306488,7.06
EKF_P,0.6921,0.7975,10.0,1214,0,560,1.0840702056884766,1.0230308771133423,0.0,0.24464298784732819,4.856
REFF,0.7769,0.8541,2.0,763,0,560,0.9883949756622314,0.9934074878692627,0.01732594706118107,0.0,3.052
TRIM,0.7769,0.8541,2.0,1639,0,560,0.9883949756622314,0.9934074878692627,0.0,0.0,6.556
SOLVE,0.7769,0.8541,2.0,11201,18,560,0.9883949756622314,0.9934074878692627,0.0,-82.685546875,44.804
FULL,0.7769,0.8541,2.0,12814,18,560,0.9883949756622314,0.9934074878692627,0.0,-82.685546875,51.256
FEAT,0.7769,0.8541,2.0,3326,0,560,0.9883949756622314,0.9934074878692627,0.0,0.0,13.304
FEAT_A8,0.7769,0.8541,2.0,1513,0,560,0.9883949756622314,0.9934074878692627,0.0,0.0,6.052
EKF,0.7769,0.8541,2.0,1775,0,560,0.9883949756622314,0.9934074878692627,0.0,0.24590915441513062,7.1
EKF_P,0.7769,0.8541,2.0,1219,0,560,0.9883949756622314,0.9934074878692627,0.0,0.24683508276939392,4.876
REFF,0.8446,0.9576,10.0,775,0,560,0.9731196761131287,0.9885320067405701,0.014745274558663368,0.0,3.1
TRIM,0.8446,0.9576,10.0,1629,0,560,0.9731196761131287,0.9885320067405701,0.0,0.0,6.516
SOLVE,0.8446,0.9576,10.0,12016,18,560,0.9731196761131287,0.9885320067405701,0.0,-95.50049591064453,48.064
FULL,0.8446,0.9576,10.0,13624,18,560,0.9731196761131287,0.9885320067405701,0.0,-95.50049591064453,54.496
FEAT,0.8446,0.9576,10.0,3310,0,560,0.9731196761131287,0.9885320067405701,0.0,0.0,13.24
FEAT_A8,0.8446,0.9576,10.0,1477,0,560,0.9731196761131287,0.9885320067405701,0.0,0.0,5.908
EKF,0.8446,0.9576,10.0,1746,0,560,0.9731196761131287,0.9885320067405701,0.0,0.24821992218494415,6.984
EKF_P,0.8446,0.9576,10.0,1189,0,560,0.9731196761131287,0.9885320067405701,0.0,0.24914585053920746,4.756
REFF,0.8388,0.7853,2.0,733,0,560,0.9906647205352783,0.9941266775131226,0.02275403030216694,0.0,2.932
TRIM,0.8388,0.7853,2.0,1627,0,560,0.9906647205352783,0.9941266775131226,0.0,0.0,6.508
SOLVE,0.8388,0.7853,2.0,10628,17,560,0.9906647205352783,0.9941266775131226,0.0,-48.854007720947266,42.512
FULL,0.8388,0.7853,2.0,12223,17,560,0.9906647205352783,0.9941266775131226,0.0,-48.854007720947266,48.892
FEAT,0.8388,0.7853,2.0,3309,0,560,0.9906647205352783,0.9941266775131226,0.0,0.0,13.236
FEAT_A8,0.8388,0.7853,2.0,1483,0,560,0.9906647205352783,0.9941266775131226,0.0,0.0,5.932
EKF,0.8388,0.7853,2.0,1746,0,560,0.9906647205352783,0.9941266775131226,0.0,0.24398337304592133,6.984
EKF_P,0.8388,0.7853,2.0,1195,0,560,0.9906647205352783,0.9941266775131226,0.0,0.24490930140018463,4.78
REFF,0.6524,0.9221,10.0,803,0,560,0.9742518067359924,0.9888955950737,0.015609635971486568,0.0,3.212
TRIM,0.6524,0.9221,10.0,1633,0,560,0.9742518067359924,0.9888955950737,0.0,0.0,6.532
SOLVE,0.6524,0.9221,10.0,10992,17,560,0.9742518067359924,0.9888955950737,0.0,-58.38885498046875,43.968
FULL,0.6524,0.9221,10.0,12617,17,560,0.9742518067359924,0.9888955950737,0.0,-58.38885498046875,50.468
FEAT,0.6524,0.9221,10.0,3368,0,560,0.9742518067359924,0.9888955950737,0.0,0.0,13.472
FEAT_A8,0.6524,0.9221,10.0,1542,0,560,0.9742518067359924,0.9888955950737,0.0,0.0,6.168
EKF,0.6524,0.9221,10.0,1810,0,560,0.9742518067359924,0.9888955950737,0.0,0.2420046180486679,7.24
EKF_P,0.6524,0.9221,10.0,1219,0,560,0.9742518067359924,0.9888955950737,0.0,0.2429305464029312,4.876
REFF,0.4583,0.9449,2.0,733,0,560,0.994604766368866,0.9953721761703491,0.010803326964378357,0.0,2.932
TRIM,0.4583,0.9449,2.0,1627,0,560,0.994604766368866,0.9953721761703491,0.0,0.0,6.508
SOLVE,0.4583,0.9449,2.0,10346,17,560,0.994604766368866,0.9953721761703491,0.0,-74.75277709960938,41.384
FULL,0.4583,0.9449,2.0,11952,17,560,0.994604766368866,0.9953721761703491,0.0,-74.75277709960938,47.808
FEAT,0.4583,0.9449,2.0,3297,0,560,0.994604766368866,0.9953721761703491,0.0,0.0,13.188
FEAT_A8,0.4583,0.9449,2.0,1470,0,560,0.994604766368866,0.9953721761703491,0.0,0.0,5.88
EKF,0.4583,0.9449,2.0,1746,0,560,0.994604766368866,0.9953721761703491,0.0,0.23979119956493378,6.984
EKF_P,0.4583,0.9449,2.0,1189,0,560,0.994604766368866,0.9953721761703491,0.0,0.24071712791919708,4.756
REFF,0.823,0.827,2.0,733,0,560,0.982517421245575,0.9915390610694885,0.020546112209558487,0.0,2.932
TRIM,0.823,0.827,2.0,1627,0,560,0.982517421245575,0.9915390610694885,0.0,0.0,6.508
SOLVE,0.823,0.827,2.0,10352,17,560,0.982517421245575,0.9915390610694885,0.0,-66.7029037475586,41.408
FULL,0.823,0.827,2.0,11952,17,560,0.982517421245575,0.9915390610694885,0.0,-66.7029037475586,47.808
FEAT,0.823,0.827,2.0,3290,0,560,0.982517421245575,0.9915390610694885,0.0,0.0,13.16
FEAT_A8,0.823,0.827,2.0,1470,0,560,0.982517421245575,0.9915390610694885,0.0,0.0,5.88
EKF,0.823,0.827,2.0,1739,0,560,0.982517421245575,0.9915390610694885,0.0,0.24077759683132172,6.956
EKF_P,0.823,0.827,2.0,1189,0,560,0.982517421245575,0.9915390610694885,0.0,0.24170352518558502,4.756
REFF,0.2431,0.8754,10.0,775,0,560,1.0166062116622925,1.0022666454315186,0.025852948427200317,0.0,3.1
TRIM,0.2431,0.8754,10.0,1628,0,560,1.0166062116622925,1.0022666454315186,0.0,0.0,6.512
SOLVE,0.2431,0.8754,10.0,10429,16,560,1.0166062116622925,1.0022666454315186,0.0,-35.319610595703125,41.716
FULL,0.2431,0.8754,10.0,12043,16,560,1.0166062116622925,1.0022666454315186,0.0,-35.319610595703125,48.172
FEAT,0.2431,0.8754,10.0,3297,0,560,1.0166062116622925,1.0022666454315186,0.0,0.0,13.188
FEAT_A8,0.2431,0.8754,10.0,1483,0,560,1.0166062116622925,1.0022666454315186,0.0,0.0,5.932
EKF,0.2431,0.8754,10.0,1733,0,560,1.0166062116622925,1.0022666454315186,0.0,0.2394992858171463,6.932
EKF_P,0.2431,0.8754,10.0,1189,0,560,1.0166062116622925,1.0022666454315186,0.0,0.2404252141714096,4.756
REFF,0.6916,0.9381,10.0,813,0,560,1.0151042938232422,1.0017988681793213,0.015920033678412437,0.0,3.252
TRIM,0.6916,0.9381,10.0,1621,0,560,1.0151042938232422,1.0017988681793213,0.0,0.0,6.484
SOLVE,0.6916,0.9381,10.0,11395,17,560,1.0151042938232422,1.0017988681793213,0.0,-66.83184051513672,45.58
FULL,0.6916,0.9381,10.0,13002,17,560,1.0151042938232422,1.0017988681793213,0.0,-66.83184051513672,52.008
FEAT,0.6916,0.9381,10.0,3346,0,560,1.0151042938232422,1.0017988681793213,0.0,0.0,13.384
FEAT_A8,0.6916,0.9381,10.0,1520,0,560,1.0151042938232422,1.0017988681793213,0.0,0.0,6.08
EKF,0.6916,0.9381,10.0,1800,0,560,1.0151042938232422,1.0017988681793213,0.0,0.238441601395607,7.2
EKF_P,0.6916,0.9381,10.0,1219,0,560,1.0151042938232422,1.0017988681793213,0.0,0.2393675297498703,4.876
REFF,0.3242,0.8604,10.0,782,0,560,1.138211727142334,1.0396894216537476,0.02542746439576149,0.0,3.128
TRIM,0.3242,0.8604,10.0,1650,0,560,1.138211727142334,1.0396894216537476,0.0,0.0,6.6
SOLVE,0.3242,0.8604,10.0,10388,16,560,1.138211727142334,1.0396894216537476,0.0,-34.43899917602539,41.552
FULL,0.3242,0.8604,10.0,12018,16,560,1.138211727142334,1.0396894216537476,0.0,-34.43899917602539,48.072
FEAT,0.3242,0.8604,10.0,3297,0,560,1.138211727142334,1.0396894216537476,0.0,0.0,13.188
FEAT_A8,0.3242,0.8604,10.0,1477,0,560,1.138211727142334,1.0396894216537476,0.0,0.0,5.908
EKF,0.3242,0.8604,10.0,1765,0,560,1.138211727142334,1.0396894216537476,0.0,0.2364070862531662,7.06
EKF_P,0.3242,0.8604,10.0,1208,0,560,1.138211727142334,1.0396894216537476,0.0,0.2373330146074295,4.832
