protocol,cycle,SOH,CAP_Ah,SOC,soc_group,direction,rate_rank,I_A,CRate_rated,tau_s,tau_actual_s,V_pre_V,V_tau_V,R_mOhm,file
BOOST,5,0.99876,2.99189,1.0,0,discharge,0,-2.993,0.998,10.0,9.9,4.18,4.1302,16.6377,05-03-21_20.24_BOOST_protocol_HPPC_IN21700_30T_cycle_#5.mat
BOOST,5,0.99876,2.99189,0.9999,0,discharge,1,-11.968,3.989,10.0,9.9,4.1789,3.9924,15.5832,05-03-21_20.24_BOOST_protocol_HPPC_IN21700_30T_cycle_#5.mat
BOOST,5,0.99876,2.99189,0.9998,1,discharge,0,-23.931,7.977,10.0,9.9,4.1797,3.8287,14.6672,05-03-21_20.24_BOOST_protocol_HPPC_IN21700_30T_cycle_#5.mat
BOOST,5,0.99876,2.99189,0.9997,2,discharge,0,-34.396,11.465,10.0,9.9,4.1797,3.7029,13.8621,05-03-21_20.24_BOOST_protocol_HPPC_IN21700_30T_cycle_#5.mat
BOOST,5,0.99876,2.99189,0.95,4,discharge,0,-2.992,0.997,10.0,9.9,4.1036,4.06,14.5741,05-03-21_20.24_BOOST_protocol_HPPC_IN21700_30T_cycle_#5.mat
BOOST,5,0.99876,2.99189,0.9499,4,discharge,1,-11.967,3.989,10.0,9.9,4.1036,3.9378,13.8548,05-03-21_20.24_BOOST_protocol_HPPC_IN21700_30T_cycle_#5.mat
BOOST,5,0.99876,2.99189,0.9498,4,discharge,2,-23.931,7.977,10.0,9.9,4.1037,3.792,13.0249,05-03-21_20.24_BOOST_protocol_HPPC_IN21700_30T_cycle_#5.mat
BOOST,5,0.99876,2.99189,0.9497,5,discharge,0,-34.4,11.467,10.0,9.9,4.1041,3.6704,12.6076,05-03-21_20.24_BOOST_protocol_HPPC_IN21700_30T_cycle_#5.mat
BOOST,5,0.99876,2.99189,0.9001,7,discharge,0,-2.993,0.998,10.0,9.9,4.0824,4.0395,14.3315,05-03-21_20.24_BOOST_protocol_HPPC_IN21700_30T_cycle_#5.mat
BOOST,5,0.99876,2.99189,0.9001,7,discharge,1,-11.968,3.989,10.0,9.9,4.0823,3.9195,13.6029,05-03-21_20.24_BOOST_protocol_HPPC_IN21700_30T_cycle_#5.mat
BOOST,5,0.99876,2.99189,0.9,7,discharge,2,-23.932,7.977,10.0,9.9,4.0818,3.7745,12.8405,05-03-21_20.24_BOOST_protocol_HPPC_IN21700_30T_cycle_#5.mat
BOOST,5,0.99876,2.99189,0.8999,8,discharge,0,-34.4,11.467,10.0,9.9,4.0828,3.6502,12.5756,05-03-21_20.24_BOOST_protocol_HPPC_IN21700_30T_cycle_#5.mat
BOOST,5,0.99876,2.99189,0.8004,10,discharge,0,-2.994,0.998,10.0,9.9,4.0257,3.9779,15.9674,05-03-21_20.24_BOOST_protocol_HPPC_IN21700_30T_cycle_#5.mat
BOOST,5,0.99876,2.99189,0.8004,10,discharge,1,-11.967,3.989,10.0,9.9,4.0265,3.8459,15.0915,05-03-21_20.24_BOOST_protocol_HPPC_IN21700_30T_cycle_#5.mat
BOOST,5,0.99876,2.99189,0.8003,10,discharge,2,-23.93,7.977,10.0,9.9,4.0269,3.6928,13.9616,05-03-21_20.24_BOOST_protocol_HPPC_IN21700_30T_cycle_#5.mat
BOOST,5,0.99876,2.99189,0.8002,10,discharge,3,-34.4,11.467,10.0,9.9,4.0271,3.5657,13.4128,05-03-21_20.24_BOOST_protocol_HPPC_IN21700_30T_cycle_#5.mat
BOOST,5,0.99876,2.99189,0.7007,12,discharge,0,-2.994,0.998,10.0,9.9,3.9211,3.8709,16.7691,05-03-21_20.24_BOOST_protocol_HPPC_IN21700_30T_cycle_#5.mat
BOOST,5,0.99876,2.99189,0.7007,12,discharge,1,-11.967,3.989,10.0,9.9,3.9211,3.7428,14.8993,05-03-21_20.24_BOOST_protocol_HPPC_IN21700_30T_cycle_#5.mat
BOOST,5,0.99876,2.99189,0.7006,13,discharge,0,-23.931,7.977,10.0,9.9,3.9214,3.598,13.5139,05-03-21_20.24_BOOST_protocol_HPPC_IN21700_30T_cycle_#5.mat
BOOST,5,0.99876,2.99189,0.7005,14,discharge,0,-34.399,11.466,10.0,9.9,3.9219,3.4768,12.9393,05-03-21_20.24_BOOST_protocol_HPPC_IN21700_30T_cycle_#5.mat
BOOST,5,0.99876,2.99189,0.601,16,discharge,0,-2.995,0.998,10.0,9.9,3.851,3.799,17.3605,05-03-21_20.24_BOOST_protocol_HPPC_IN21700_30T_cycle_#5.mat
BOOST,5,0.99876,2.99189,0.601,16,discharge,1,-11.965,3.988,10.0,9.9,3.8513,3.6705,15.1107,05-03-21_20.24_BOOST_protocol_HPPC_IN21700_30T_cycle_#5.mat
BOOST,5,0.99876,2.99189,0.6008,16,discharge,2,-23.932,7.977,10.0,9.9,3.8519,3.5228,13.7515,05-03-21_20.24_BOOST_protocol_HPPC_IN21700_30T_cycle_#5.mat
BOOST,5,0.99876,2.99189,0.6008,16,discharge,3,-34.4,11.467,10.0,9.9,3.8525,3.3984,13.2006,05-03-21_20.24_BOOST_protocol_HPPC_IN21700_30T_cycle_#5.mat
BOOST,5,0.99876,2.99189,0.5013,18,discharge,0,-2.993,0.998,10.0,9.9,3.7273,3.6853,14.0318,05-03-21_20.24_BOOST_protocol_HPPC_IN21700_30T_cycle_#5.mat
BOOST,5,0.99876,2.99189,0.5012,18,discharge,1,-11.967,3.989,10.0,9.9,3.7266,3.5661,13.4119,05-03-21_20.24_BOOST_protocol_HPPC_IN21700_30T_cycle_#5.mat
BOOST,5,0.99876,2.99189,0.5012,18,discharge,2,-23.932,7.977,10.0,9.9,3.7275,3.4155,13.0369,05-03-21_20.24_BOOST_protocol_HPPC_IN21700_30T_cycle_#5.mat
BOOST,5,0.99876,2.99189,0.5011,19,discharge,0,-34.398,11.466,10.0,9.9,3.7274,3.2887,12.7536,05-03-21_20.24_BOOST_protocol_HPPC_IN21700_30T_cycle_#5.mat
BOOST,5,0.99876,2.99189,0.4016,21,discharge,0,-2.993,0.998,10.0,9.9,3.6473,3.6068,13.5302,05-03-21_20.24_BOOST_protocol_HPPC_IN21700_30T_cycle_#5.mat
BOOST,5,0.99876,2.99189,0.4015,21,discharge,1,-11.968,3.989,10.0,9.9,3.6474,3.4873,13.3773,05-03-21_20.24_BOOST_protocol_HPPC_IN21700_30T_cycle_#5.mat
BOOST,5,0.99876,2.99189,0.4014,21,discharge,2,-23.931,7.977,10.0,9.9,3.6475,3.3372,12.9664,05-03-21_20.24_BOOST_protocol_HPPC_IN21700_30T_cycle_#5.mat
BOOST,5,0.99876,2.99189,0.4014,22,discharge,0,-34.399,11.466,10.0,9.9,3.6478,3.2112,12.6922,05-03-21_20.24_BOOST_protocol_HPPC_IN21700_30T_cycle_#5.mat
BOOST,5,0.99876,2.99189,0.3019,24,discharge,0,-2.995,0.998,10.0,9.9,3.5889,3.5482,13.5873,05-03-21_20.24_BOOST_protocol_HPPC_IN21700_30T_cycle_#5.mat
BOOST,5,0.99876,2.99189,0.3018,24,discharge,1,-11.968,3.989,10.0,9.9,3.5889,3.4281,13.4358,05-03-21_20.24_BOOST_protocol_HPPC_IN21700_30T_cycle_#5.mat
BOOST,5,0.99876,2.99189,0.3017,24,discharge,2,-23.932,7.977,10.0,9.9,3.5885,3.2757,13.0704,05-03-21_20.24_BOOST_protocol_HPPC_IN21700_30T_cycle_#5.mat
BOOST,5,0.99876,2.99189,0.3017,25,discharge,0,-34.399,11.466,10.0,9.9,3.5885,3.1473,12.826,05-03-21_20.24_BOOST_protocol_HPPC_IN21700_30T_cycle_#5.mat
BOOST,5,0.99876,2.99189,0.2022,27,discharge,0,-2.992,0.997,10.0,9.9,3.5039,3.4607,14.4395,05-03-21_20.24_BOOST_protocol_HPPC_IN21700_30T_cycle_#5.mat
BOOST,5,0.99876,2.99189,0.2021,27,discharge,1,-11.967,3.989,10.0,9.9,3.5042,3.337,13.9718,05-03-21_20.24_BOOST_protocol_HPPC_IN21700_30T_cycle_#5.mat
BOOST,5,0.99876,2.99189,0.202,27,discharge,2,-23.933,7.978,10.0,9.9,3.5073,3.1735,13.9473,05-03-21_20.24_BOOST_protocol_HPPC_IN21700_30T_cycle_#5.mat
BOOST,5,0.99876,2.99189,0.2019,27,discharge,3,-34.399,11.466,10.0,9.9,3.5074,3.0323,13.8114,05-03-21_20.24_BOOST_protocol_HPPC_IN21700_30T_cycle_#5.mat
BOOST,5,0.99876,2.99189,0.1523,29,discharge,0,-2.994,0.998,10.0,9.9,3.4449,3.3993,15.2315,05-03-21_20.24_BOOST_protocol_HPPC_IN21700_30T_cycle_#5.mat
BOOST,5,0.99876,2.99189,0.1523,29,discharge,1,-11.967,3.989,10.0,9.9,3.4455,3.2709,14.5901,05-03-21_20.24_BOOST_protocol_HPPC_IN21700_30T_cycle_#5.mat
BOOST,5,0.99876,2.99189,0.1522,29,discharge,2,-23.931,7.977,10.0,9.9,3.4468,3.0978,14.5836,05-03-21_20.24_BOOST_protocol_HPPC_IN21700_30T_cycle_#5.mat
BOOST,5,0.99876,2.99189,0.1521,29,discharge,3,-34.4,11.467,10.0,9.9,3.4462,2.9239,15.1831,05-03-21_20.24_BOOST_protocol_HPPC_IN21700_30T_cycle_#5.mat
BOOST,5,0.99876,2.99189,0.1025,30,discharge,0,-2.996,0.999,10.0,9.9,3.3999,3.3502,16.5899,05-03-21_20.24_BOOST_protocol_HPPC_IN21700_30T_cycle_#5.mat
BOOST,5,0.99876,2.99189,0.1024,30,discharge,1,-11.967,3.989,10.0,9.9,3.3997,3.191,17.4396,05-03-21_20.24_BOOST_protocol_HPPC_IN21700_30T_cycle_#5.mat
BOOST,5,0.99876,2.99189,0.1023,30,discharge,2,-23.93,7.977,10.0,9.9,3.4011,2.8593,22.641,05-03-21_20.24_BOOST_protocol_HPPC_IN21700_30T_cycle_#5.mat
BOOST,5,0.99876,2.99189,0.1022,30,discharge,3,-34.4,11.467,10.0,9.9,3.4005,2.4983,26.2267,05-03-21_20.24_BOOST_protocol_HPPC_IN21700_30T_cycle_#5.mat
BOOST,5,0.99876,2.99189,0.0526,31,discharge,0,-2.994,0.998,10.0,9.9,3.3463,3.2728,24.5483,05-03-21_20.24_BOOST_protocol_HPPC_IN21700_30T_cycle_#5.mat
BOOST,5,0.99876,2.99189,0.0526,31,discharge,1,-11.965,3.988,10.0,9.9,3.3479,2.8684,40.0752,05-03-21_20.24_BOOST_protocol_HPPC_IN21700_30T_cycle_#5.mat
BOOST,5,0.99876,2.99189,0.0524,31,discharge,2,-23.355,7.785,10.0,9.9,3.3518,2.4995,36.4933,05-03-21_20.24_BOOST_protocol_HPPC_IN21700_30T_cycle_#5.mat
BOOST,5,0.99876,2.99189,0.0523,31,discharge,3,-19.45,6.483,10.0,9.9,3.3502,2.4998,43.7224,05-03-21_20.24_BOOST_protocol_HPPC_IN21700_30T_cycle_#5.mat
BOOST,40,0.99259,2.97342,1.0,0,discharge,0,-2.98,0.993,10.0,9.9,4.1808,4.1306,16.8473,05-10-21_04.52_BOOST_protocol_HPPC_IN21700_30T_cycle_#40.mat
BOOST,40,0.99259,2.97342,0.9999,0,discharge,1,-11.914,3.971,10.0,9.9,4.1806,3.9938,15.679,05-10-21_04.52_BOOST_protocol_HPPC_IN21700_30T_cycle_#40.mat
BOOST,40,0.99259,2.97342,0.9997,0,discharge,2,-23.824,7.941,10.0,9.9,4.1797,3.8341,14.5064,05-10-21_04.52_BOOST_protocol_HPPC_IN21700_30T_cycle_#40.mat
BOOST,40,0.99259,2.97342,0.9991,0,discharge,3,-34.245,11.415,10.0,9.9,4.179,3.7102,13.6896,05-10-21_04.52_BOOST_protocol_HPPC_IN21700_30T_cycle_#40.mat
BOOST,40,0.99259,2.97342,0.9494,1,discharge,0,-2.979,0.993,10.0,9.9,4.1033,4.0612,14.1308,05-10-21_04.52_BOOST_protocol_HPPC_IN21700_30T_cycle_#40.mat
BOOST,40,0.99259,2.97342,0.9493,1,discharge,1,-11.911,3.97,10.0,9.9,4.1034,3.9432,13.4498,05-10-21_04.52_BOOST_protocol_HPPC_IN21700_30T_cycle_#40.mat
BOOST,40,0.99259,2.97342,0.9492,1,discharge,2,-23.824,7.941,10.0,9.9,4.1033,3.8008,12.6973,05-10-21_04.52_BOOST_protocol_HPPC_IN21700_30T_cycle_#40.mat
BOOST,40,0.99259,2.97342,0.9492,1,discharge,3,-34.244,11.415,10.0,9.9,4.1038,3.6812,12.3408,05-10-21_04.52_BOOST_protocol_HPPC_IN21700_30T_cycle_#40.mat
BOOST,40,0.99259,2.97342,0.8998,2,discharge,0,-2.981,0.994,10.0,9.9,4.0825,4.0418,13.6513,05-10-21_04.52_BOOST_protocol_HPPC_IN21700_30T_cycle_#40.mat
BOOST,40,0.99259,2.97342,0.8997,2,discharge,1,-11.913,3.971,10.0,9.9,4.0826,3.9265,13.1033,05-10-21_04.52_BOOST_protocol_HPPC_IN21700_30T_cycle_#40.mat
BOOST,40,0.99259,2.97342,0.8996,2,discharge,2,-23.825,7.942,10.0,9.9,4.0826,3.7854,12.4743,05-10-21_04.52_BOOST_protocol_HPPC_IN21700_30T_cycle_#40.mat
BOOST,40,0.99259,2.97342,0.8995,2,discharge,3,-34.244,11.415,10.0,9.9,4.0831,3.6637,12.2474,05-10-21_04.52_BOOST_protocol_HPPC_IN21700_30T_cycle_#40.mat
BOOST,40,0.99259,2.97342,0.8006,3,discharge,0,-2.982,0.994,10.0,9.9,4.027,3.9797,15.8624,05-10-21_04.52_BOOST_protocol_HPPC_IN21700_30T_cycle_#40.mat
BOOST,40,0.99259,2.97342,0.8005,3,discharge,1,-11.912,3.971,10.0,9.9,4.0272,3.8488,14.9765,05-10-21_04.52_BOOST_protocol_HPPC_IN21700_30T_cycle_#40.mat
BOOST,40,0.99259,2.97342,0.8004,3,discharge,2,-23.824,7.941,10.0,9.9,4.0275,3.6972,13.8642,05-10-21_04.52_BOOST_protocol_HPPC_IN21700_30T_cycle_#40.mat
BOOST,40,0.99259,2.97342,0.8003,3,discharge,3,-34.245,11.415,10.0,9.9,4.0276,3.5709,13.3363,05-10-21_04.52_BOOST_protocol_HPPC_IN21700_30T_cycle_#40.mat
BOOST,40,0.99259,2.97342,0.7013,4,discharge,0,-2.98,0.993,10.0,9.9,3.9202,3.8729,15.8735,05-10-21_04.52_BOOST_protocol_HPPC_IN21700_30T_cycle_#40.mat
BOOST,40,0.99259,2.97342,0.7012,4,discharge,1,-11.913,3.971,10.0,9.9,3.921,3.7474,14.5723,05-10-21_04.52_BOOST_protocol_HPPC_IN21700_30T_cycle_#40.mat
BOOST,40,0.99259,2.97342,0.7011,4,discharge,2,-23.823,7.941,10.0,9.9,3.9213,3.607,13.1931,05-10-21_04.52_BOOST_protocol_HPPC_IN21700_30T_cycle_#40.mat
BOOST,40,0.99259,2.97342,0.701,4,discharge,3,-34.246,11.415,10.0,9.9,3.9216,3.4879,12.6643,05-10-21_04.52_BOOST_protocol_HPPC_IN21700_30T_cycle_#40.mat
BOOST,40,0.99259,2.97342,0.602,5,discharge,0,-2.98,0.993,10.0,9.9,3.8496,3.7995,16.8126,05-10-21_04.52_BOOST_protocol_HPPC_IN21700_30T_cycle_#40.mat
BOOST,40,0.99259,2.97342,0.602,5,discharge,1,-11.912,3.971,10.0,9.9,3.8491,3.674,14.6995,05-10-21_04.52_BOOST_protocol_HPPC_IN21700_30T_cycle_#40.mat
BOOST,40,0.99259,2.97342,0.6019,5,discharge,2,-23.824,7.941,10.0,9.9,3.8501,3.5305,13.415,05-10-21_04.52_BOOST_protocol_HPPC_IN21700_30T_cycle_#40.mat
BOOST,40,0.99259,2.97342,0.6018,5,discharge,3,-34.244,11.415,10.0,9.9,3.8505,3.409,12.8928,05-10-21_04.52_BOOST_protocol_HPPC_IN21700_30T_cycle_#40.mat
BOOST,40,0.99259,2.97342,0.5027,6,discharge,0,-2.98,0.993,10.0,9.9,3.728,3.6873,13.6591,05-10-21_04.52_BOOST_protocol_HPPC_IN21700_30T_cycle_#40.mat
BOOST,40,0.99259,2.97342,0.5027,6,discharge,1,-11.912,3.971,10.0,9.9,3.728,3.5721,13.0876,05-10-21_04.52_BOOST_protocol_HPPC_IN21700_30T_cycle_#40.mat
BOOST,40,0.99259,2.97342,0.5026,6,discharge,2,-23.822,7.941,10.0,9.9,3.7283,3.4263,12.6774,05-10-21_04.52_BOOST_protocol_HPPC_IN21700_30T_cycle_#40.mat
BOOST,40,0.99259,2.97342,0.5025,6,discharge,3,-34.243,11.414,10.0,9.9,3.7283,3.302,12.4493,05-10-21_04.52_BOOST_protocol_HPPC_IN21700_30T_cycle_#40.mat
BOOST,40,0.99259,2.97342,0.4035,7,discharge,0,-2.98,0.993,10.0,9.9,3.6477,3.6085,13.1544,05-10-21_04.52_BOOST_protocol_HPPC_IN21700_30T_cycle_#40.mat
BOOST,40,0.99259,2.97342,0.4034,7,discharge,1,-11.912,3.971,10.0,9.9,3.6478,3.494,12.9113,05-10-21_04.52_BOOST_protocol_HPPC_IN21700_30T_cycle_#40.mat
BOOST,40,0.99259,2.97342,0.4033,7,discharge,2,-23.824,7.941,10.0,9.9,3.6482,3.349,12.5588,05-10-21_04.52_BOOST_protocol_HPPC_IN21700_30T_cycle_#40.mat
BOOST,40,0.99259,2.97342,0.4032,7,discharge,3,-34.246,11.415,10.0,9.9,3.6482,3.2254,12.346,05-10-21_04.52_BOOST_protocol_HPPC_IN21700_30T_cycle_#40.mat
BOOST,40,0.99259,2.97342,0.3042,8,discharge,0,-2.98,0.993,10.0,9.9,3.5881,3.5483,13.3566,05-10-21_04.52_BOOST_protocol_HPPC_IN21700_30T_cycle_#40.mat
BOOST,40,0.99259,2.97342,0.3041,8,discharge,1,-11.914,3.971,10.0,9.9,3.5881,3.4303,13.2449,05-10-21_04.52_BOOST_protocol_HPPC_IN21700_30T_cycle_#40.mat
BOOST,40,0.99259,2.97342,0.304,8,discharge,2,-23.824,7.941,10.0,9.9,3.5878,3.2798,12.9281,05-10-21_04.52_BOOST_protocol_HPPC_IN21700_30T_cycle_#40.mat
BOOST,40,0.99259,2.97342,0.304,8,discharge,3,-34.245,11.415,10.0,9.9,3.5877,3.1512,12.7464,05-10-21_04.52_BOOST_protocol_HPPC_IN21700_30T_cycle_#40.mat
BOOST,40,0.99259,2.97342,0.2049,9,discharge,0,-2.98,0.993,10.0,9.9,3.5006,3.4585,14.128,05-10-21_04.52_BOOST_protocol_HPPC_IN21700_30T_cycle_#40.mat
BOOST,40,0.99259,2.97342,0.2049,9,discharge,1,-11.914,3.971,10.0,9.9,3.501,3.338,13.6814,05-10-21_04.52_BOOST_protocol_HPPC_IN21700_30T_cycle_#40.mat
BOOST,40,0.99259,2.97342,0.2048,9,discharge,2,-23.821,7.94,10.0,9.91,3.5042,3.1774,13.719,05-10-21_04.52_BOOST_protocol_HPPC_IN21700_30T_cycle_#40.mat
BOOST,40,0.99259,2.97342,0.2047,9,discharge,3,-34.244,11.415,10.0,9.91,3.5043,3.0365,13.6608,05-10-21_04.52_BOOST_protocol_HPPC_IN21700_30T_cycle_#40.mat
BOOST,40,0.99259,2.97342,0.1553,10,discharge,0,-2.982,0.994,10.0,9.9,3.4412,3.3967,14.9249,05-10-21_04.52_BOOST_protocol_HPPC_IN21700_30T_cycle_#40.mat
BOOST,40,0.99259,2.97342,0.1552,10,discharge,1,-11.911,3.97,10.0,9.9,3.4417,3.2717,14.2725,05-10-21_04.52_BOOST_protocol_HPPC_IN21700_30T_cycle_#40.mat
BOOST,40,0.99259,2.97342,0.1551,10,discharge,2,-23.826,7.942,10.0,9.9,3.4431,3.0964,14.5513,05-10-21_04.52_BOOST_protocol_HPPC_IN21700_30T_cycle_#40.mat
BOOST,40,0.99259,2.97342,0.155,10,discharge,3,-34.245,11.415,10.0,9.9,3.4416,2.9149,15.3803,05-10-21_04.52_BOOST_protocol_HPPC_IN21700_30T_cycle_#40.mat
BOOST,40,0.99259,2.97342,0.1057,11,discharge,0,-2.982,0.994,10.0,9.9,3.3993,3.3493,16.7678,05-10-21_04.52_BOOST_protocol_HPPC_IN21700_30T_cycle_#40.mat
BOOST,40,0.99259,2.97342,0.1056,11,discharge,1,-11.914,3.971,10.0,9.9,3.3997,3.1869,17.8613,05-10-21_04.52_BOOST_protocol_HPPC_IN21700_30T_cycle_#40.mat
BOOST,40,0.99259,2.97342,0.1055,11,discharge,2,-23.825,7.942,10.0,9.9,3.4015,2.8368,23.702,05-10-21_04.52_BOOST_protocol_HPPC_IN21700_30T_cycle_#40.mat
BOOST,40,0.99259,2.97342,0.1054,11,discharge,3,-34.244,11.415,10.0,9.9,3.4004,2.4985,26.3375,05-10-21_04.52_BOOST_protocol_HPPC_IN21700_30T_cycle_#40.mat
BOOST,40,0.99259,2.97342,0.056,12,discharge,0,-2.982,0.994,10.0,9.9,3.3359,3.2624,24.6495,05-10-21_04.52_BOOST_protocol_HPPC_IN21700_30T_cycle_#40.mat
BOOST,40,0.99259,2.97342,0.056,12,discharge,1,-11.913,3.971,10.0,9.9,3.3387,2.855,40.6027,05-10-21_04.52_BOOST_protocol_HPPC_IN21700_30T_cycle_#40.mat
BOOST,40,0.99259,2.97342,0.0559,12,discharge,2,-23.289,7.763,10.0,9.9,3.3415,2.4995,36.1544,05-10-21_04.52_BOOST_protocol_HPPC_IN21700_30T_cycle_#40.mat
BOOST,40,0.99259,2.97342,0.0558,12,discharge,3,-19.805,6.602,10.0,9.9,3.341,2.4996,42.4842,05-10-21_04.52_BOOST_protocol_HPPC_IN21700_30T_cycle_#40.mat
BOOST,76,0.99032,2.96662,1.0,0,discharge,0,-2.972,0.991,10.0,9.9,4.1795,4.1282,17.2628,05-17-21_17.23_BOOST_protocol_HPPC_IN21700_30T_cycle_#76.mat
BOOST,76,0.99032,2.96662,0.9999,0,discharge,1,-11.877,3.959,10.0,9.9,4.1791,3.9901,15.9131,05-17-21_17.23_BOOST_protocol_HPPC_IN21700_30T_cycle_#76.mat
BOOST,76,0.99032,2.96662,0.9998,0,discharge,2,-23.753,7.918,10.0,9.9,4.1791,3.8313,14.6424,05-17-21_17.23_BOOST_protocol_HPPC_IN21700_30T_cycle_#76.mat
BOOST,76,0.99032,2.96662,0.9992,0,discharge,3,-34.142,11.381,10.0,9.9,4.1778,3.7074,13.7778,05-17-21_17.23_BOOST_protocol_HPPC_IN21700_30T_cycle_#76.mat
BOOST,76,0.99032,2.96662,0.9496,1,discharge,0,-2.97,0.99,10.0,9.9,4.103,4.0607,14.2419,05-17-21_17.23_BOOST_protocol_HPPC_IN21700_30T_cycle_#76.mat
BOOST,76,0.99032,2.96662,0.9495,1,discharge,1,-11.875,3.958,10.0,9.9,4.1031,3.9423,13.5411,05-17-21_17.23_BOOST_protocol_HPPC_IN21700_30T_cycle_#76.mat
BOOST,76,0.99032,2.96662,0.9494,1,discharge,2,-23.754,7.918,10.0,9.91,4.1031,3.7988,12.8105,05-17-21_17.23_BOOST_protocol_HPPC_IN21700_30T_cycle_#76.mat
BOOST,76,0.99032,2.96662,0.9493,1,discharge,3,-34.142,11.381,10.0,9.9,4.1036,3.6776,12.4773,05-17-21_17.23_BOOST_protocol_HPPC_IN21700_30T_cycle_#76.mat
BOOST,76,0.99032,2.96662,0.9001,2,discharge,0,-2.97,0.99,10.0,9.9,4.0825,4.0419,13.671,05-17-21_17.23_BOOST_protocol_HPPC_IN21700_30T_cycle_#76.mat
BOOST,76,0.99032,2.96662,0.9,2,discharge,1,-11.877,3.959,10.0,9.9,4.0819,3.9259,13.1346,05-17-21_17.23_BOOST_protocol_HPPC_IN21700_30T_cycle_#76.mat
BOOST,76,0.99032,2.96662,0.8999,2,discharge,2,-23.755,7.918,10.0,9.9,4.0828,3.7828,12.6289,05-17-21_17.23_BOOST_protocol_HPPC_IN21700_30T_cycle_#76.mat
BOOST,76,0.99032,2.96662,0.8998,2,discharge,3,-34.144,11.381,10.0,9.9,4.0831,3.6596,12.4034,05-17-21_17.23_BOOST_protocol_HPPC_IN21700_30T_cycle_#76.mat
BOOST,76,0.99032,2.96662,0.8012,3,discharge,0,-2.97,0.99,10.0,9.9,4.0269,3.9806,15.5908,05-17-21_17.23_BOOST_protocol_HPPC_IN21700_30T_cycle_#76.mat
BOOST,76,0.99032,2.96662,0.8011,3,discharge,1,-11.877,3.959,10.0,9.9,4.027,3.8508,14.8354,05-17-21_17.23_BOOST_protocol_HPPC_IN21700_30T_cycle_#76.mat
BOOST,76,0.99032,2.96662,0.801,3,discharge,2,-23.752,7.917,10.0,9.9,4.0264,3.701,13.6999,05-17-21_17.23_BOOST_protocol_HPPC_IN21700_30T_cycle_#76.mat
BOOST,76,0.99032,2.96662,0.8009,3,discharge,3,-34.143,11.381,10.0,9.9,4.0274,3.5761,13.2179,05-17-21_17.23_BOOST_protocol_HPPC_IN21700_30T_cycle_#76.mat
BOOST,76,0.99032,2.96662,0.7022,4,discharge,0,-2.97,0.99,10.0,9.9,3.921,3.8731,16.1296,05-17-21_17.23_BOOST_protocol_HPPC_IN21700_30T_cycle_#76.mat
BOOST,76,0.99032,2.96662,0.7021,4,discharge,1,-11.877,3.959,10.0,9.9,3.921,3.7472,14.6333,05-17-21_17.23_BOOST_protocol_HPPC_IN21700_30T_cycle_#76.mat
BOOST,76,0.99032,2.96662,0.702,4,discharge,2,-23.754,7.918,10.0,9.9,3.9214,3.6067,13.2483,05-17-21_17.23_BOOST_protocol_HPPC_IN21700_30T_cycle_#76.mat
BOOST,76,0.99032,2.96662,0.7019,4,discharge,3,-34.143,11.381,10.0,9.9,3.9217,3.4874,12.72,05-17-21_17.23_BOOST_protocol_HPPC_IN21700_30T_cycle_#76.mat
BOOST,76,0.99032,2.96662,0.6032,5,discharge,0,-2.97,0.99,10.0,9.9,3.8482,3.7981,16.8704,05-17-21_17.23_BOOST_protocol_HPPC_IN21700_30T_cycle_#76.mat
BOOST,76,0.99032,2.96662,0.6032,5,discharge,1,-11.877,3.959,10.0,9.9,3.8483,3.6733,14.7344,05-17-21_17.23_BOOST_protocol_HPPC_IN21700_30T_cycle_#76.mat
BOOST,76,0.99032,2.96662,0.6031,5,discharge,2,-23.754,7.918,10.0,9.9,3.8483,3.5302,13.3914,05-17-21_17.23_BOOST_protocol_HPPC_IN21700_30T_cycle_#76.mat
BOOST,76,0.99032,2.96662,0.603,5,discharge,3,-34.144,11.381,10.0,9.9,3.8487,3.408,12.9071,05-17-21_17.23_BOOST_protocol_HPPC_IN21700_30T_cycle_#76.mat
BOOST,76,0.99032,2.96662,0.5042,6,discharge,0,-2.972,0.991,10.0,9.9,3.7272,3.6866,13.6627,05-17-21_17.23_BOOST_protocol_HPPC_IN21700_30T_cycle_#76.mat
BOOST,76,0.99032,2.96662,0.5042,6,discharge,1,-11.877,3.959,10.0,9.9,3.7273,3.5715,13.1178,05-17-21_17.23_BOOST_protocol_HPPC_IN21700_30T_cycle_#76.mat
BOOST,76,0.99032,2.96662,0.5041,6,discharge,2,-23.753,7.918,10.0,9.9,3.7267,3.4254,12.6847,05-17-21_17.23_BOOST_protocol_HPPC_IN21700_30T_cycle_#76.mat
BOOST,76,0.99032,2.96662,0.504,6,discharge,3,-34.142,11.381,10.0,9.9,3.7274,3.3003,12.5095,05-17-21_17.23_BOOST_protocol_HPPC_IN21700_30T_cycle_#76.mat
BOOST,76,0.99032,2.96662,0.4053,7,discharge,0,-2.97,0.99,10.0,9.9,3.6472,3.6082,13.1326,05-17-21_17.23_BOOST_protocol_HPPC_IN21700_30T_cycle_#76.mat
BOOST,76,0.99032,2.96662,0.4052,7,discharge,1,-11.877,3.959,10.0,9.9,3.6473,3.4932,12.9747,05-17-21_17.23_BOOST_protocol_HPPC_IN21700_30T_cycle_#76.mat
BOOST,76,0.99032,2.96662,0.4051,7,discharge,2,-23.755,7.918,10.0,9.9,3.6467,3.3479,12.5784,05-17-21_17.23_BOOST_protocol_HPPC_IN21700_30T_cycle_#76.mat
BOOST,76,0.99032,2.96662,0.405,7,discharge,3,-34.144,11.381,10.0,9.9,3.6478,3.2235,12.4268,05-17-21_17.23_BOOST_protocol_HPPC_IN21700_30T_cycle_#76.mat
BOOST,76,0.99032,2.96662,0.3063,8,discharge,0,-2.97,0.99,10.0,9.9,3.5877,3.5484,13.2337,05-17-21_17.23_BOOST_protocol_HPPC_IN21700_30T_cycle_#76.mat
BOOST,76,0.99032,2.96662,0.3063,8,discharge,1,-11.877,3.959,10.0,9.9,3.5877,3.4315,13.1515,05-17-21_17.23_BOOST_protocol_HPPC_IN21700_30T_cycle_#76.mat
BOOST,76,0.99032,2.96662,0.3062,8,discharge,2,-23.755,7.918,10.0,9.9,3.5873,3.2799,12.9404,05-17-21_17.23_BOOST_protocol_HPPC_IN21700_30T_cycle_#76.mat
BOOST,76,0.99032,2.96662,0.3061,8,discharge,3,-34.144,11.381,10.0,9.9,3.5872,3.1498,12.8104,05-17-21_17.23_BOOST_protocol_HPPC_IN21700_30T_cycle_#76.mat
BOOST,76,0.99032,2.96662,0.2073,9,discharge,0,-2.971,0.99,10.0,9.9,3.4996,3.4575,14.1679,05-17-21_17.23_BOOST_protocol_HPPC_IN21700_30T_cycle_#76.mat
BOOST,76,0.99032,2.96662,0.2073,9,discharge,1,-11.877,3.959,10.0,9.9,3.5002,3.3361,13.8166,05-17-21_17.23_BOOST_protocol_HPPC_IN21700_30T_cycle_#76.mat
BOOST,76,0.99032,2.96662,0.2072,9,discharge,2,-23.751,7.917,10.0,9.9,3.5026,3.1741,13.831,05-17-21_17.23_BOOST_protocol_HPPC_IN21700_30T_cycle_#76.mat
BOOST,76,0.99032,2.96662,0.2071,9,discharge,3,-34.143,11.381,10.0,9.9,3.5035,3.0304,13.8564,05-17-21_17.23_BOOST_protocol_HPPC_IN21700_30T_cycle_#76.mat
BOOST,76,0.99032,2.96662,0.1579,10,discharge,0,-2.97,0.99,10.0,9.9,3.439,3.3947,14.9153,05-17-21_17.23_BOOST_protocol_HPPC_IN21700_30T_cycle_#76.mat
BOOST,76,0.99032,2.96662,0.1578,10,discharge,1,-11.879,3.96,10.0,9.9,3.4387,3.2691,14.2773,05-17-21_17.23_BOOST_protocol_HPPC_IN21700_30T_cycle_#76.mat
BOOST,76,0.99032,2.96662,0.1577,10,discharge,2,-23.754,7.918,10.0,9.9,3.4407,3.0877,14.8607,05-17-21_17.23_BOOST_protocol_HPPC_IN21700_30T_cycle_#76.mat
BOOST,76,0.99032,2.96662,0.1576,10,discharge,3,-34.142,11.381,10.0,9.9,3.4401,2.8932,16.0184,05-17-21_17.23_BOOST_protocol_HPPC_IN21700_30T_cycle_#76.mat
BOOST,76,0.99032,2.96662,0.1084,11,discharge,0,-2.97,0.99,10.0,9.9,3.3989,3.3481,17.105,05-17-21_17.23_BOOST_protocol_HPPC_IN21700_30T_cycle_#76.mat
BOOST,76,0.99032,2.96662,0.1083,11,discharge,1,-11.879,3.96,10.0,9.9,3.3995,3.1786,18.5958,05-17-21_17.23_BOOST_protocol_HPPC_IN21700_30T_cycle_#76.mat
BOOST,76,0.99032,2.96662,0.1082,11,discharge,2,-23.753,7.918,10.0,9.9,3.4013,2.7879,25.8241,05-17-21_17.23_BOOST_protocol_HPPC_IN21700_30T_cycle_#76.mat
BOOST,76,0.99032,2.96662,0.1081,11,discharge,3,-34.143,11.381,10.0,9.9,3.4,2.4989,26.3919,05-17-21_17.23_BOOST_protocol_HPPC_IN21700_30T_cycle_#76.mat
BOOST,76,0.99032,2.96662,0.0589,12,discharge,0,-2.972,0.991,10.0,9.9,3.3334,3.2556,26.1759,05-17-21_17.23_BOOST_protocol_HPPC_IN21700_30T_cycle_#76.mat
BOOST,76,0.99032,2.96662,0.0588,12,discharge,1,-11.879,3.96,10.0,9.9,3.3353,2.7963,45.3742,05-17-21_17.23_BOOST_protocol_HPPC_IN21700_30T_cycle_#76.mat
BOOST,76,0.99032,2.96662,0.0588,12,discharge,2,-21.807,7.269,10.0,9.9,3.338,2.4997,38.4409,05-17-21_17.23_BOOST_protocol_HPPC_IN21700_30T_cycle_#76.mat
BOOST,76,0.99032,2.96662,0.0586,12,discharge,3,-18.191,6.064,10.0,9.91,3.3375,2.4996,46.0612,05-17-21_17.23_BOOST_protocol_HPPC_IN21700_30T_cycle_#76.mat
BOOST,112,0.97994,2.93552,1.0,0,discharge,0,-2.937,0.979,10.0,9.9,4.1778,4.1258,17.7082,05-23-21_02.56_BOOST_protocol_HPPC_IN21700_30T_cycle_#112.mat
BOOST,112,0.97994,2.93552,0.9999,0,discharge,1,-11.743,3.914,10.0,9.9,4.1774,3.9871,16.2054,05-23-21_02.56_BOOST_protocol_HPPC_IN21700_30T_cycle_#112.mat
BOOST,112,0.97994,2.93552,0.9998,0,discharge,2,-23.483,7.828,10.0,9.9,4.1774,3.8296,14.8107,05-23-21_02.56_BOOST_protocol_HPPC_IN21700_30T_cycle_#112.mat
BOOST,112,0.97994,2.93552,0.9994,0,discharge,3,-33.753,11.251,10.0,9.9,4.1766,3.706,13.9425,05-23-21_02.56_BOOST_protocol_HPPC_IN21700_30T_cycle_#112.mat
BOOST,112,0.97994,2.93552,0.9503,1,discharge,0,-2.937,0.979,10.0,9.9,4.103,4.0607,14.4029,05-23-21_02.56_BOOST_protocol_HPPC_IN21700_30T_cycle_#112.mat
BOOST,112,0.97994,2.93552,0.9503,1,discharge,1,-11.743,3.914,10.0,9.9,4.1031,3.9424,13.6847,05-23-21_02.56_BOOST_protocol_HPPC_IN21700_30T_cycle_#112.mat
BOOST,112,0.97994,2.93552,0.9502,1,discharge,2,-23.483,7.828,10.0,9.9,4.1032,3.7992,12.9455,05-23-21_02.56_BOOST_protocol_HPPC_IN21700_30T_cycle_#112.mat
BOOST,112,0.97994,2.93552,0.9501,1,discharge,3,-33.757,11.252,10.0,9.9,4.1034,3.678,12.6018,05-23-21_02.56_BOOST_protocol_HPPC_IN21700_30T_cycle_#112.mat
BOOST,112,0.97994,2.93552,0.9014,2,discharge,0,-2.936,0.979,10.0,9.9,4.0828,4.0424,13.7602,05-23-21_02.56_BOOST_protocol_HPPC_IN21700_30T_cycle_#112.mat
BOOST,112,0.97994,2.93552,0.9014,2,discharge,1,-11.744,3.915,10.0,9.9,4.083,3.9274,13.2493,05-23-21_02.56_BOOST_protocol_HPPC_IN21700_30T_cycle_#112.mat
BOOST,112,0.97994,2.93552,0.9013,2,discharge,2,-23.481,7.827,10.0,9.9,4.083,3.7847,12.7039,05-23-21_02.56_BOOST_protocol_HPPC_IN21700_30T_cycle_#112.mat
BOOST,112,0.97994,2.93552,0.9012,2,discharge,3,-33.756,11.252,10.0,9.9,4.0825,3.6619,12.46,05-23-21_02.56_BOOST_protocol_HPPC_IN21700_30T_cycle_#112.mat
BOOST,112,0.97994,2.93552,0.8036,3,discharge,0,-2.936,0.979,10.0,9.9,4.0286,3.9826,15.6676,05-23-21_02.56_BOOST_protocol_HPPC_IN21700_30T_cycle_#112.mat
BOOST,112,0.97994,2.93552,0.8035,3,discharge,1,-11.744,3.915,10.0,9.9,4.0288,3.851,15.1396,05-23-21_02.56_BOOST_protocol_HPPC_IN21700_30T_cycle_#112.mat
BOOST,112,0.97994,2.93552,0.8034,3,discharge,2,-23.484,7.828,10.0,9.9,4.0288,3.6984,14.0692,05-23-21_02.56_BOOST_protocol_HPPC_IN21700_30T_cycle_#112.mat
BOOST,112,0.97994,2.93552,0.8033,3,discharge,3,-33.755,11.252,10.0,9.9,4.0292,3.572,13.5447,05-23-21_02.56_BOOST_protocol_HPPC_IN21700_30T_cycle_#112.mat
BOOST,112,0.97994,2.93552,0.7057,4,discharge,0,-2.936,0.979,10.0,9.9,3.9226,3.8753,16.1093,05-23-21_02.56_BOOST_protocol_HPPC_IN21700_30T_cycle_#112.mat
BOOST,112,0.97994,2.93552,0.7057,4,discharge,1,-11.744,3.915,10.0,9.9,3.9227,3.7499,14.7139,05-23-21_02.56_BOOST_protocol_HPPC_IN21700_30T_cycle_#112.mat
BOOST,112,0.97994,2.93552,0.7056,4,discharge,2,-23.482,7.827,10.0,9.9,3.923,3.6098,13.3379,05-23-21_02.56_BOOST_protocol_HPPC_IN21700_30T_cycle_#112.mat
BOOST,112,0.97994,2.93552,0.7055,4,discharge,3,-33.757,11.252,10.0,9.9,3.9234,3.4907,12.8181,05-23-21_02.56_BOOST_protocol_HPPC_IN21700_30T_cycle_#112.mat
BOOST,112,0.97994,2.93552,0.6079,5,discharge,0,-2.936,0.979,10.0,9.9,3.85,3.8008,16.7558,05-23-21_02.56_BOOST_protocol_HPPC_IN21700_30T_cycle_#112.mat
BOOST,112,0.97994,2.93552,0.6078,5,discharge,1,-11.744,3.915,10.0,9.9,3.85,3.6762,14.799,05-23-21_02.56_BOOST_protocol_HPPC_IN21700_30T_cycle_#112.mat
BOOST,112,0.97994,2.93552,0.6077,5,discharge,2,-23.483,7.828,10.0,9.9,3.8495,3.5337,13.448,05-23-21_02.56_BOOST_protocol_HPPC_IN21700_30T_cycle_#112.mat
BOOST,112,0.97994,2.93552,0.6076,5,discharge,3,-33.756,11.252,10.0,9.9,3.8503,3.4118,12.9903,05-23-21_02.56_BOOST_protocol_HPPC_IN21700_30T_cycle_#112.mat
BOOST,112,0.97994,2.93552,0.51,6,discharge,0,-2.939,0.98,10.0,9.9,3.7313,3.691,13.714,05-23-21_02.56_BOOST_protocol_HPPC_IN21700_30T_cycle_#112.mat
BOOST,112,0.97994,2.93552,0.51,6,discharge,1,-11.743,3.914,10.0,9.9,3.7313,3.5767,13.1653,05-23-21_02.56_BOOST_protocol_HPPC_IN21700_30T_cycle_#112.mat
BOOST,112,0.97994,2.93552,0.5099,6,discharge,2,-23.484,7.828,10.0,9.9,3.7315,3.4313,12.7832,05-23-21_02.56_BOOST_protocol_HPPC_IN21700_30T_cycle_#112.mat
BOOST,112,0.97994,2.93552,0.5098,6,discharge,3,-33.756,11.252,10.0,9.9,3.7316,3.3071,12.5755,05-23-21_02.56_BOOST_protocol_HPPC_IN21700_30T_cycle_#112.mat
BOOST,112,0.97994,2.93552,0.4122,7,discharge,0,-2.937,0.979,10.0,9.9,3.6503,3.6116,13.179,05-23-21_02.56_BOOST_protocol_HPPC_IN21700_30T_cycle_#112.mat
BOOST,112,0.97994,2.93552,0.4121,7,discharge,1,-11.745,3.915,10.0,9.9,3.6504,3.4977,13.0013,05-23-21_02.56_BOOST_protocol_HPPC_IN21700_30T_cycle_#112.mat
BOOST,112,0.97994,2.93552,0.412,7,discharge,2,-23.483,7.828,10.0,9.9,3.6507,3.3535,12.656,05-23-21_02.56_BOOST_protocol_HPPC_IN21700_30T_cycle_#112.mat
BOOST,112,0.97994,2.93552,0.4119,7,discharge,3,-33.757,11.252,10.0,9.9,3.6509,3.2296,12.4804,05-23-21_02.56_BOOST_protocol_HPPC_IN21700_30T_cycle_#112.mat
BOOST,112,0.97994,2.93552,0.3143,8,discharge,0,-2.937,0.979,10.0,9.9,3.5905,3.5511,13.4169,05-23-21_02.56_BOOST_protocol_HPPC_IN21700_30T_cycle_#112.mat
BOOST,112,0.97994,2.93552,0.3143,8,discharge,1,-11.745,3.915,10.0,9.9,3.5907,3.4341,13.3333,05-23-21_02.56_BOOST_protocol_HPPC_IN21700_30T_cycle_#112.mat
BOOST,112,0.97994,2.93552,0.3142,8,discharge,2,-23.483,7.828,10.0,9.9,3.5905,3.2839,13.0563,05-23-21_02.56_BOOST_protocol_HPPC_IN21700_30T_cycle_#112.mat
BOOST,112,0.97994,2.93552,0.3141,8,discharge,3,-33.756,11.252,10.0,9.9,3.5904,3.1547,12.9073,05-23-21_02.56_BOOST_protocol_HPPC_IN21700_30T_cycle_#112.mat
BOOST,112,0.97994,2.93552,0.2165,9,discharge,0,-2.937,0.979,10.0,9.9,3.5044,3.4625,14.2677,05-23-21_02.56_BOOST_protocol_HPPC_IN21700_30T_cycle_#112.mat
BOOST,112,0.97994,2.93552,0.2164,9,discharge,1,-11.745,3.915,10.0,9.9,3.5048,3.3424,13.8272,05-23-21_02.56_BOOST_protocol_HPPC_IN21700_30T_cycle_#112.mat
BOOST,112,0.97994,2.93552,0.2163,9,discharge,2,-23.484,7.828,10.0,9.9,3.508,3.1806,13.9414,05-23-21_02.56_BOOST_protocol_HPPC_IN21700_30T_cycle_#112.mat
BOOST,112,0.97994,2.93552,0.2162,9,discharge,3,-33.759,11.253,10.0,9.9,3.5085,3.0368,13.9726,05-23-21_02.56_BOOST_protocol_HPPC_IN21700_30T_cycle_#112.mat
BOOST,112,0.97994,2.93552,0.1675,10,discharge,0,-2.937,0.979,10.0,9.9,3.4467,3.4023,15.119,05-23-21_02.56_BOOST_protocol_HPPC_IN21700_30T_cycle_#112.mat
BOOST,112,0.97994,2.93552,0.1675,10,discharge,1,-11.743,3.914,10.0,9.9,3.4472,3.2758,14.5959,05-23-21_02.56_BOOST_protocol_HPPC_IN21700_30T_cycle_#112.mat
BOOST,112,0.97994,2.93552,0.1674,10,discharge,2,-23.482,7.827,10.0,9.9,3.4486,3.0956,15.0328,05-23-21_02.56_BOOST_protocol_HPPC_IN21700_30T_cycle_#112.mat
BOOST,112,0.97994,2.93552,0.1673,10,discharge,3,-33.758,11.253,10.0,9.9,3.4479,2.9052,16.0762,05-23-21_02.56_BOOST_protocol_HPPC_IN21700_30T_cycle_#112.mat
BOOST,112,0.97994,2.93552,0.1186,11,discharge,0,-2.936,0.979,10.0,9.9,3.4037,3.3544,16.7893,05-23-21_02.56_BOOST_protocol_HPPC_IN21700_30T_cycle_#112.mat
BOOST,112,0.97994,2.93552,0.1186,11,discharge,1,-11.743,3.914,10.0,9.9,3.4041,3.1922,18.0448,05-23-21_02.56_BOOST_protocol_HPPC_IN21700_30T_cycle_#112.mat
BOOST,112,0.97994,2.93552,0.1184,11,discharge,2,-23.485,7.828,10.0,9.9,3.4053,2.8471,23.7684,05-23-21_02.56_BOOST_protocol_HPPC_IN21700_30T_cycle_#112.mat
BOOST,112,0.97994,2.93552,0.1184,11,discharge,3,-33.757,11.252,10.0,9.9,3.4048,2.4984,26.8507,05-23-21_02.56_BOOST_protocol_HPPC_IN21700_30T_cycle_#112.mat
BOOST,112,0.97994,2.93552,0.0697,12,discharge,0,-2.936,0.979,10.0,9.9,3.3476,3.2746,24.8604,05-23-21_02.56_BOOST_protocol_HPPC_IN21700_30T_cycle_#112.mat
BOOST,112,0.97994,2.93552,0.0696,12,discharge,1,-11.745,3.915,10.0,9.9,3.3498,2.8783,40.1447,05-23-21_02.56_BOOST_protocol_HPPC_IN21700_30T_cycle_#112.mat
BOOST,112,0.97994,2.93552,0.0695,12,discharge,2,-23.479,7.826,10.0,9.9,3.3534,2.4996,36.3644,05-23-21_02.56_BOOST_protocol_HPPC_IN21700_30T_cycle_#112.mat
BOOST,112,0.97994,2.93552,0.0695,12,discharge,3,-20.415,6.805,10.0,9.9,3.3523,2.4997,41.7634,05-23-21_02.56_BOOST_protocol_HPPC_IN21700_30T_cycle_#112.mat
BOOST,150,0.97312,2.91508,1.0,0,discharge,0,-2.918,0.973,10.0,9.9,4.1754,4.1223,18.1999,05-31-21_19.48_BOOST_protocol_HPPC_IN21700_30T_cycle_#150.mat
BOOST,150,0.97312,2.91508,0.9999,0,discharge,1,-11.662,3.887,10.0,9.9,4.1749,3.9821,16.5323,05-31-21_19.48_BOOST_protocol_HPPC_IN21700_30T_cycle_#150.mat
BOOST,150,0.97312,2.91508,0.9998,0,discharge,2,-23.32,7.773,10.0,9.9,4.1739,3.8251,14.9571,05-31-21_19.48_BOOST_protocol_HPPC_IN21700_30T_cycle_#150.mat
BOOST,150,0.97312,2.91508,0.9997,0,discharge,3,-33.521,11.174,10.0,9.9,4.174,3.7013,14.1016,05-31-21_19.48_BOOST_protocol_HPPC_IN21700_30T_cycle_#150.mat
BOOST,150,0.97312,2.91508,0.9511,1,discharge,0,-2.918,0.973,10.0,9.9,4.1027,4.06,14.6348,05-31-21_19.48_BOOST_protocol_HPPC_IN21700_30T_cycle_#150.mat
BOOST,150,0.97312,2.91508,0.951,1,discharge,1,-11.66,3.887,10.0,9.9,4.1019,3.9414,13.765,05-31-21_19.48_BOOST_protocol_HPPC_IN21700_30T_cycle_#150.mat
BOOST,150,0.97312,2.91508,0.9509,1,discharge,2,-23.318,7.773,10.0,9.9,4.1029,3.7971,13.1143,05-31-21_19.48_BOOST_protocol_HPPC_IN21700_30T_cycle_#150.mat
BOOST,150,0.97312,2.91508,0.9508,1,discharge,3,-33.521,11.174,10.0,9.91,4.1031,3.6751,12.7681,05-31-21_19.48_BOOST_protocol_HPPC_IN21700_30T_cycle_#150.mat
BOOST,150,0.97312,2.91508,0.9025,2,discharge,0,-2.916,0.972,10.0,9.9,4.0828,4.0427,13.7536,05-31-21_19.48_BOOST_protocol_HPPC_IN21700_30T_cycle_#150.mat
BOOST,150,0.97312,2.91508,0.9025,2,discharge,1,-11.662,3.887,10.0,9.9,4.082,3.9267,13.3168,05-31-21_19.48_BOOST_protocol_HPPC_IN21700_30T_cycle_#150.mat
BOOST,150,0.97312,2.91508,0.9024,2,discharge,2,-23.319,7.773,10.0,9.9,4.0828,3.779,13.028,05-31-21_19.48_BOOST_protocol_HPPC_IN21700_30T_cycle_#150.mat
BOOST,150,0.97312,2.91508,0.9023,2,discharge,3,-33.52,11.173,10.0,9.9,4.0831,3.6523,12.852,05-31-21_19.48_BOOST_protocol_HPPC_IN21700_30T_cycle_#150.mat
BOOST,150,0.97312,2.91508,0.8054,3,discharge,0,-2.916,0.972,10.0,9.9,4.0286,3.9816,16.1185,05-31-21_19.48_BOOST_protocol_HPPC_IN21700_30T_cycle_#150.mat
BOOST,150,0.97312,2.91508,0.8053,3,discharge,1,-11.659,3.886,10.0,9.9,4.0286,3.8496,15.3529,05-31-21_19.48_BOOST_protocol_HPPC_IN21700_30T_cycle_#150.mat
BOOST,150,0.97312,2.91508,0.8052,3,discharge,2,-23.321,7.774,10.0,9.9,4.0289,3.6964,14.2575,05-31-21_19.48_BOOST_protocol_HPPC_IN21700_30T_cycle_#150.mat
BOOST,150,0.97312,2.91508,0.8051,3,discharge,3,-33.522,11.174,10.0,9.9,4.029,3.5697,13.7014,05-31-21_19.48_BOOST_protocol_HPPC_IN21700_30T_cycle_#150.mat
BOOST,150,0.97312,2.91508,0.7082,4,discharge,0,-2.918,0.973,10.0,9.91,3.9228,3.8757,16.1406,05-31-21_19.48_BOOST_protocol_HPPC_IN21700_30T_cycle_#150.mat
BOOST,150,0.97312,2.91508,0.7082,4,discharge,1,-11.663,3.888,10.0,9.9,3.9231,3.7498,14.859,05-31-21_19.48_BOOST_protocol_HPPC_IN21700_30T_cycle_#150.mat
BOOST,150,0.97312,2.91508,0.7081,4,discharge,2,-23.321,7.774,10.0,9.9,3.9232,3.6094,13.4557,05-31-21_19.48_BOOST_protocol_HPPC_IN21700_30T_cycle_#150.mat
BOOST,150,0.97312,2.91508,0.708,4,discharge,3,-33.518,11.173,10.0,9.9,3.9236,3.4904,12.9244,05-31-21_19.48_BOOST_protocol_HPPC_IN21700_30T_cycle_#150.mat
BOOST,150,0.97312,2.91508,0.6111,5,discharge,0,-2.918,0.973,10.0,9.9,3.8499,3.801,16.7569,05-31-21_19.48_BOOST_protocol_HPPC_IN21700_30T_cycle_#150.mat
BOOST,150,0.97312,2.91508,0.611,5,discharge,1,-11.658,3.886,10.0,9.9,3.8496,3.6776,14.7538,05-31-21_19.48_BOOST_protocol_HPPC_IN21700_30T_cycle_#150.mat
BOOST,150,0.97312,2.91508,0.6109,5,discharge,2,-23.318,7.773,10.0,9.9,3.8495,3.536,13.4445,05-31-21_19.48_BOOST_protocol_HPPC_IN21700_30T_cycle_#150.mat
BOOST,150,0.97312,2.91508,0.6108,5,discharge,3,-33.522,11.174,10.0,9.9,3.8496,3.4152,12.9587,05-31-21_19.48_BOOST_protocol_HPPC_IN21700_30T_cycle_#150.mat
BOOST,150,0.97312,2.91508,0.5139,6,discharge,0,-2.916,0.972,10.0,9.9,3.7314,3.6917,13.6145,05-31-21_19.48_BOOST_protocol_HPPC_IN21700_30T_cycle_#150.mat
BOOST,150,0.97312,2.91508,0.5138,6,discharge,1,-11.661,3.887,10.0,9.9,3.7316,3.5765,13.3007,05-31-21_19.48_BOOST_protocol_HPPC_IN21700_30T_cycle_#150.mat
BOOST,150,0.97312,2.91508,0.5138,6,discharge,2,-23.321,7.774,10.0,9.9,3.7325,3.4299,12.9754,05-31-21_19.48_BOOST_protocol_HPPC_IN21700_30T_cycle_#150.mat
BOOST,150,0.97312,2.91508,0.5137,6,discharge,3,-33.522,11.174,10.0,9.9,3.7325,3.3042,12.7767,05-31-21_19.48_BOOST_protocol_HPPC_IN21700_30T_cycle_#150.mat
BOOST,150,0.97312,2.91508,0.4167,7,discharge,0,-2.918,0.973,10.0,9.9,3.651,3.6117,13.4681,05-31-21_19.48_BOOST_protocol_HPPC_IN21700_30T_cycle_#150.mat
BOOST,150,0.97312,2.91508,0.4167,7,discharge,1,-11.659,3.886,10.0,9.9,3.6511,3.4967,13.243,05-31-21_19.48_BOOST_protocol_HPPC_IN21700_30T_cycle_#150.mat
BOOST,150,0.97312,2.91508,0.4166,7,discharge,2,-23.32,7.773,10.0,9.9,3.6513,3.3501,12.916,05-31-21_19.48_BOOST_protocol_HPPC_IN21700_30T_cycle_#150.mat
BOOST,150,0.97312,2.91508,0.4165,7,discharge,3,-33.522,11.174,10.0,9.9,3.6515,3.2243,12.7439,05-31-21_19.48_BOOST_protocol_HPPC_IN21700_30T_cycle_#150.mat
BOOST,150,0.97312,2.91508,0.3196,8,discharge,0,-2.916,0.972,10.0,9.9,3.5915,3.5519,13.5816,05-31-21_19.48_BOOST_protocol_HPPC_IN21700_30T_cycle_#150.mat
BOOST,150,0.97312,2.91508,0.3195,8,discharge,1,-11.66,3.887,10.0,9.9,3.5915,3.435,13.422,05-31-21_19.48_BOOST_protocol_HPPC_IN21700_30T_cycle_#150.mat
BOOST,150,0.97312,2.91508,0.3194,8,discharge,2,-23.32,7.773,10.0,9.9,3.5912,3.2849,13.1346,05-31-21_19.48_BOOST_protocol_HPPC_IN21700_30T_cycle_#150.mat
BOOST,150,0.97312,2.91508,0.3193,8,discharge,3,-33.521,11.174,10.0,9.9,3.5913,3.1557,12.9948,05-31-21_19.48_BOOST_protocol_HPPC_IN21700_30T_cycle_#150.mat
BOOST,150,0.97312,2.91508,0.2224,9,discharge,0,-2.918,0.973,10.0,9.9,3.5061,3.4644,14.2906,05-31-21_19.48_BOOST_protocol_HPPC_IN21700_30T_cycle_#150.mat
BOOST,150,0.97312,2.91508,0.2223,9,discharge,1,-11.66,3.887,10.0,9.9,3.5065,3.3455,13.8079,05-31-21_19.48_BOOST_protocol_HPPC_IN21700_30T_cycle_#150.mat
BOOST,150,0.97312,2.91508,0.2223,9,discharge,2,-23.319,7.773,10.0,9.9,3.5096,3.1834,13.9886,05-31-21_19.48_BOOST_protocol_HPPC_IN21700_30T_cycle_#150.mat
BOOST,150,0.97312,2.91508,0.2222,9,discharge,3,-33.521,11.174,10.0,9.9,3.5105,3.0331,14.2418,05-31-21_19.48_BOOST_protocol_HPPC_IN21700_30T_cycle_#150.mat
BOOST,150,0.97312,2.91508,0.1738,10,discharge,0,-2.916,0.972,10.0,9.9,3.4488,3.4043,15.2606,05-31-21_19.48_BOOST_protocol_HPPC_IN21700_30T_cycle_#150.mat
BOOST,150,0.97312,2.91508,0.1738,10,discharge,1,-11.66,3.887,10.0,9.9,3.4494,3.2755,14.9142,05-31-21_19.48_BOOST_protocol_HPPC_IN21700_30T_cycle_#150.mat
BOOST,150,0.97312,2.91508,0.1737,10,discharge,2,-23.321,7.774,10.0,9.9,3.4511,3.0901,15.4796,05-31-21_19.48_BOOST_protocol_HPPC_IN21700_30T_cycle_#150.mat
BOOST,150,0.97312,2.91508,0.1736,10,discharge,3,-33.521,11.174,10.0,9.9,3.4502,2.8913,16.6731,05-31-21_19.48_BOOST_protocol_HPPC_IN21700_30T_cycle_#150.mat
BOOST,150,0.97312,2.91508,0.1252,11,discharge,0,-2.916,0.972,10.0,9.9,3.4055,3.3555,17.1462,05-31-21_19.48_BOOST_protocol_HPPC_IN21700_30T_cycle_#150.mat
BOOST,150,0.97312,2.91508,0.1252,11,discharge,1,-11.662,3.887,10.0,9.9,3.406,3.1893,18.5817,05-31-21_19.48_BOOST_protocol_HPPC_IN21700_30T_cycle_#150.mat
BOOST,150,0.97312,2.91508,0.1251,11,discharge,2,-23.32,7.773,10.0,9.9,3.4077,2.8329,24.6484,05-31-21_19.48_BOOST_protocol_HPPC_IN21700_30T_cycle_#150.mat
BOOST,150,0.97312,2.91508,0.125,11,discharge,3,-33.521,11.174,10.0,9.9,3.4066,2.4986,27.0875,05-31-21_19.48_BOOST_protocol_HPPC_IN21700_30T_cycle_#150.mat
BOOST,150,0.97312,2.91508,0.0767,12,discharge,0,-2.918,0.973,10.0,9.9,3.3513,3.2767,25.5637,05-31-21_19.48_BOOST_protocol_HPPC_IN21700_30T_cycle_#150.mat
BOOST,150,0.97312,2.91508,0.0766,12,discharge,1,-11.662,3.887,10.0,9.9,3.3531,2.8637,41.9654,05-31-21_19.48_BOOST_protocol_HPPC_IN21700_30T_cycle_#150.mat
BOOST,150,0.97312,2.91508,0.0765,12,discharge,2,-23.198,7.733,10.0,9.9,3.3566,2.4995,36.9472,05-31-21_19.48_BOOST_protocol_HPPC_IN21700_30T_cycle_#150.mat
BOOST,150,0.97312,2.91508,0.0764,12,discharge,3,-20.093,6.698,10.0,9.9,3.3556,2.4996,42.6019,05-31-21_19.48_BOOST_protocol_HPPC_IN21700_30T_cycle_#150.mat
BOOST,187,0.96527,2.89156,1.0,0,discharge,0,-2.893,0.964,10.0,9.9,4.1737,4.1196,18.7035,06-07-21_01.36_BOOST_protocol_HPPC_IN21700_30T_cycle_#187.mat
BOOST,187,0.96527,2.89156,0.9999,0,discharge,1,-11.563,3.854,10.0,9.9,4.1724,3.9776,16.8468,06-07-21_01.36_BOOST_protocol_HPPC_IN21700_30T_cycle_#187.mat
BOOST,187,0.96527,2.89156,0.9998,0,discharge,2,-23.123,7.708,10.0,9.9,4.173,3.8199,15.2705,06-07-21_01.36_BOOST_protocol_HPPC_IN21700_30T_cycle_#187.mat
BOOST,187,0.96527,2.89156,0.9997,0,discharge,3,-33.239,11.08,10.0,9.9,4.173,3.6951,14.3777,06-07-21_01.36_BOOST_protocol_HPPC_IN21700_30T_cycle_#187.mat
BOOST,187,0.96527,2.89156,0.9516,1,discharge,0,-2.892,0.964,10.0,9.9,4.1021,4.0586,15.0394,06-07-21_01.36_BOOST_protocol_HPPC_IN21700_30T_cycle_#187.mat
BOOST,187,0.96527,2.89156,0.9515,1,discharge,1,-11.564,3.855,10.0,9.9,4.1021,3.9383,14.1646,06-07-21_01.36_BOOST_protocol_HPPC_IN21700_30T_cycle_#187.mat
BOOST,187,0.96527,2.89156,0.9514,1,discharge,2,-23.124,7.708,10.0,9.9,4.1022,3.7917,13.4276,06-07-21_01.36_BOOST_protocol_HPPC_IN21700_30T_cycle_#187.mat
BOOST,187,0.96527,2.89156,0.9513,1,discharge,3,-33.24,11.08,10.0,9.9,4.1026,3.6684,13.0626,06-07-21_01.36_BOOST_protocol_HPPC_IN21700_30T_cycle_#187.mat
BOOST,187,0.96527,2.89156,0.9034,2,discharge,0,-2.891,0.964,10.0,9.9,4.0826,4.0414,14.2526,06-07-21_01.36_BOOST_protocol_HPPC_IN21700_30T_cycle_#187.mat
BOOST,187,0.96527,2.89156,0.9034,2,discharge,1,-11.563,3.854,10.0,9.9,4.0826,3.9235,13.7594,06-07-21_01.36_BOOST_protocol_HPPC_IN21700_30T_cycle_#187.mat
BOOST,187,0.96527,2.89156,0.9032,2,discharge,2,-23.121,7.707,10.0,9.9,4.0827,3.7768,13.2304,06-07-21_01.36_BOOST_protocol_HPPC_IN21700_30T_cycle_#187.mat
BOOST,187,0.96527,2.89156,0.9032,2,discharge,3,-33.238,11.079,10.0,9.9,4.0829,3.6505,13.0092,06-07-21_01.36_BOOST_protocol_HPPC_IN21700_30T_cycle_#187.mat
BOOST,187,0.96527,2.89156,0.8071,3,discharge,0,-2.893,0.964,10.0,9.9,4.0288,3.9831,15.7978,06-07-21_01.36_BOOST_protocol_HPPC_IN21700_30T_cycle_#187.mat
BOOST,187,0.96527,2.89156,0.807,3,discharge,1,-11.563,3.854,10.0,9.9,4.0289,3.8516,15.3334,06-07-21_01.36_BOOST_protocol_HPPC_IN21700_30T_cycle_#187.mat
BOOST,187,0.96527,2.89156,0.8069,3,discharge,2,-23.122,7.707,10.0,9.9,4.03,3.6989,14.3197,06-07-21_01.36_BOOST_protocol_HPPC_IN21700_30T_cycle_#187.mat
BOOST,187,0.96527,2.89156,0.8068,3,discharge,3,-33.239,11.08,10.0,9.9,4.0302,3.5733,13.7459,06-07-21_01.36_BOOST_protocol_HPPC_IN21700_30T_cycle_#187.mat
BOOST,187,0.96527,2.89156,0.7107,4,discharge,0,-2.892,0.964,10.0,9.9,3.923,3.8764,16.1112,06-07-21_01.36_BOOST_protocol_HPPC_IN21700_30T_cycle_#187.mat
BOOST,187,0.96527,2.89156,0.7107,4,discharge,1,-11.562,3.854,10.0,9.9,3.9239,3.7499,15.0493,06-07-21_01.36_BOOST_protocol_HPPC_IN21700_30T_cycle_#187.mat
BOOST,187,0.96527,2.89156,0.7106,4,discharge,2,-23.124,7.708,10.0,9.9,3.924,3.6083,13.6525,06-07-21_01.36_BOOST_protocol_HPPC_IN21700_30T_cycle_#187.mat
BOOST,187,0.96527,2.89156,0.7105,4,discharge,3,-33.239,11.08,10.0,9.9,3.9246,3.4877,13.1442,06-07-21_01.36_BOOST_protocol_HPPC_IN21700_30T_cycle_#187.mat
BOOST,187,0.96527,2.89156,0.6144,5,discharge,0,-2.893,0.964,10.0,9.9,3.8499,3.8012,16.8361,06-07-21_01.36_BOOST_protocol_HPPC_IN21700_30T_cycle_#187.mat
BOOST,187,0.96527,2.89156,0.6143,5,discharge,1,-11.562,3.854,10.0,9.9,3.8499,3.6769,14.9628,06-07-21_01.36_BOOST_protocol_HPPC_IN21700_30T_cycle_#187.mat
BOOST,187,0.96527,2.89156,0.6143,5,discharge,2,-23.121,7.707,10.0,9.9,3.8496,3.5329,13.6975,06-07-21_01.36_BOOST_protocol_HPPC_IN21700_30T_cycle_#187.mat
BOOST,187,0.96527,2.89156,0.6141,5,discharge,3,-33.236,11.079,10.0,9.9,3.8497,3.4102,13.2236,06-07-21_01.36_BOOST_protocol_HPPC_IN21700_30T_cycle_#187.mat
BOOST,187,0.96527,2.89156,0.518,6,discharge,0,-2.893,0.964,10.0,9.9,3.7355,3.6949,14.0358,06-07-21_01.36_BOOST_protocol_HPPC_IN21700_30T_cycle_#187.mat
BOOST,187,0.96527,2.89156,0.518,6,discharge,1,-11.564,3.855,10.0,9.9,3.7347,3.5801,13.3691,06-07-21_01.36_BOOST_protocol_HPPC_IN21700_30T_cycle_#187.mat
BOOST,187,0.96527,2.89156,0.5179,6,discharge,2,-23.123,7.708,10.0,9.9,3.7356,3.4333,13.0736,06-07-21_01.36_BOOST_protocol_HPPC_IN21700_30T_cycle_#187.mat
BOOST,187,0.96527,2.89156,0.5178,6,discharge,3,-33.238,11.079,10.0,9.9,3.7356,3.3071,12.8919,06-07-21_01.36_BOOST_protocol_HPPC_IN21700_30T_cycle_#187.mat
BOOST,187,0.96527,2.89156,0.4217,7,discharge,0,-2.89,0.963,10.0,9.9,3.6534,3.6145,13.4579,06-07-21_01.36_BOOST_protocol_HPPC_IN21700_30T_cycle_#187.mat
BOOST,187,0.96527,2.89156,0.4216,7,discharge,1,-11.564,3.855,10.0,9.9,3.6534,3.5008,13.1961,06-07-21_01.36_BOOST_protocol_HPPC_IN21700_30T_cycle_#187.mat
BOOST,187,0.96527,2.89156,0.4216,7,discharge,2,-23.125,7.708,10.0,9.9,3.6539,3.3562,12.8735,06-07-21_01.36_BOOST_protocol_HPPC_IN21700_30T_cycle_#187.mat
BOOST,187,0.96527,2.89156,0.4215,7,discharge,3,-33.238,11.079,10.0,9.9,3.654,3.2319,12.6993,06-07-21_01.36_BOOST_protocol_HPPC_IN21700_30T_cycle_#187.mat
BOOST,187,0.96527,2.89156,0.3254,8,discharge,0,-2.893,0.964,10.0,9.9,3.593,3.5532,13.7597,06-07-21_01.36_BOOST_protocol_HPPC_IN21700_30T_cycle_#187.mat
BOOST,187,0.96527,2.89156,0.3253,8,discharge,1,-11.564,3.855,10.0,9.9,3.5931,3.4355,13.6285,06-07-21_01.36_BOOST_protocol_HPPC_IN21700_30T_cycle_#187.mat
BOOST,187,0.96527,2.89156,0.3252,8,discharge,2,-23.122,7.707,10.0,9.9,3.593,3.2839,13.3682,06-07-21_01.36_BOOST_protocol_HPPC_IN21700_30T_cycle_#187.mat
BOOST,187,0.96527,2.89156,0.3251,8,discharge,3,-33.239,11.08,10.0,9.9,3.593,3.153,13.2375,06-07-21_01.36_BOOST_protocol_HPPC_IN21700_30T_cycle_#187.mat
BOOST,187,0.96527,2.89156,0.229,9,discharge,0,-2.893,0.964,10.0,9.9,3.5088,3.4663,14.6911,06-07-21_01.36_BOOST_protocol_HPPC_IN21700_30T_cycle_#187.mat
BOOST,187,0.96527,2.89156,0.229,9,discharge,1,-11.564,3.855,10.0,9.9,3.5092,3.3448,14.2165,06-07-21_01.36_BOOST_protocol_HPPC_IN21700_30T_cycle_#187.mat
BOOST,187,0.96527,2.89156,0.2289,9,discharge,2,-23.123,7.708,10.0,9.9,3.5121,3.1799,14.3666,06-07-21_01.36_BOOST_protocol_HPPC_IN21700_30T_cycle_#187.mat
BOOST,187,0.96527,2.89156,0.2288,9,discharge,3,-33.237,11.079,10.0,9.9,3.5132,3.0313,14.4989,06-07-21_01.36_BOOST_protocol_HPPC_IN21700_30T_cycle_#187.mat
BOOST,187,0.96527,2.89156,0.1808,10,discharge,0,-2.891,0.964,10.0,9.9,3.4537,3.4088,15.5326,06-07-21_01.36_BOOST_protocol_HPPC_IN21700_30T_cycle_#187.mat
BOOST,187,0.96527,2.89156,0.1808,10,discharge,1,-11.564,3.855,10.0,9.9,3.4541,3.2791,15.1332,06-07-21_01.36_BOOST_protocol_HPPC_IN21700_30T_cycle_#187.mat
BOOST,187,0.96527,2.89156,0.1807,10,discharge,2,-23.123,7.708,10.0,9.9,3.4557,3.092,15.7289,06-07-21_01.36_BOOST_protocol_HPPC_IN21700_30T_cycle_#187.mat
BOOST,187,0.96527,2.89156,0.1806,10,discharge,3,-33.237,11.079,10.0,9.9,3.4551,2.8938,16.8878,06-07-21_01.36_BOOST_protocol_HPPC_IN21700_30T_cycle_#187.mat
BOOST,187,0.96527,2.89156,0.1327,11,discharge,0,-2.893,0.964,10.0,9.9,3.4084,3.3591,17.0423,06-07-21_01.36_BOOST_protocol_HPPC_IN21700_30T_cycle_#187.mat
BOOST,187,0.96527,2.89156,0.1326,11,discharge,1,-11.564,3.855,10.0,9.9,3.4089,3.1972,18.3076,06-07-21_01.36_BOOST_protocol_HPPC_IN21700_30T_cycle_#187.mat
BOOST,187,0.96527,2.89156,0.1325,11,discharge,2,-23.123,7.708,10.0,9.91,3.4108,2.8524,24.1491,06-07-21_01.36_BOOST_protocol_HPPC_IN21700_30T_cycle_#187.mat
BOOST,187,0.96527,2.89156,0.1324,11,discharge,3,-33.237,11.079,10.0,9.9,3.409,2.4986,27.3912,06-07-21_01.36_BOOST_protocol_HPPC_IN21700_30T_cycle_#187.mat
BOOST,187,0.96527,2.89156,0.0845,12,discharge,0,-2.893,0.964,10.0,9.9,3.3561,3.281,25.961,06-07-21_01.36_BOOST_protocol_HPPC_IN21700_30T_cycle_#187.mat
BOOST,187,0.96527,2.89156,0.0844,12,discharge,1,-11.561,3.854,10.0,9.9,3.3577,2.881,41.2335,06-07-21_01.36_BOOST_protocol_HPPC_IN21700_30T_cycle_#187.mat
BOOST,187,0.96527,2.89156,0.0843,12,discharge,2,-23.123,7.708,10.0,9.9,3.3604,2.4996,37.227,06-07-21_01.36_BOOST_protocol_HPPC_IN21700_30T_cycle_#187.mat
BOOST,187,0.96527,2.89156,0.0842,12,discharge,3,-20.786,6.929,10.0,9.91,3.3602,2.4996,41.4029,06-07-21_01.36_BOOST_protocol_HPPC_IN21700_30T_cycle_#187.mat
BOOST,225,0.96037,2.87689,1.0,0,discharge,0,-2.878,0.959,10.0,9.9,4.1714,4.117,18.9007,06-14-21_21.54_BOOST_protocol_HPPC_IN21700_30T_cycle_#225.mat
BOOST,225,0.96037,2.87689,0.9999,0,discharge,1,-11.51,3.837,10.0,9.9,4.1709,3.9759,16.9418,06-14-21_21.54_BOOST_protocol_HPPC_IN21700_30T_cycle_#225.mat
BOOST,225,0.96037,2.87689,0.9998,0,discharge,2,-23.014,7.671,10.0,9.9,4.1707,3.82,15.2386,06-14-21_21.54_BOOST_protocol_HPPC_IN21700_30T_cycle_#225.mat
BOOST,225,0.96037,2.87689,0.9997,0,discharge,3,-33.08,11.027,10.0,9.9,4.1706,3.6959,14.3501,06-14-21_21.54_BOOST_protocol_HPPC_IN21700_30T_cycle_#225.mat
BOOST,225,0.96037,2.87689,0.9521,1,discharge,0,-2.878,0.959,10.0,9.9,4.1018,4.0574,15.4252,06-14-21_21.54_BOOST_protocol_HPPC_IN21700_30T_cycle_#225.mat
BOOST,225,0.96037,2.87689,0.952,1,discharge,1,-11.509,3.836,10.0,9.9,4.1019,3.9352,14.4843,06-14-21_21.54_BOOST_protocol_HPPC_IN21700_30T_cycle_#225.mat
BOOST,225,0.96037,2.87689,0.9519,1,discharge,2,-23.013,7.671,10.0,9.9,4.1019,3.7865,13.7053,06-14-21_21.54_BOOST_protocol_HPPC_IN21700_30T_cycle_#225.mat
BOOST,225,0.96037,2.87689,0.9518,1,discharge,3,-33.081,11.027,10.0,9.9,4.1023,3.661,13.34,06-14-21_21.54_BOOST_protocol_HPPC_IN21700_30T_cycle_#225.mat
BOOST,225,0.96037,2.87689,0.9041,2,discharge,0,-2.878,0.959,10.0,9.9,4.0816,4.0407,14.2088,06-14-21_21.54_BOOST_protocol_HPPC_IN21700_30T_cycle_#225.mat
BOOST,225,0.96037,2.87689,0.9041,2,discharge,1,-11.508,3.836,10.0,9.91,4.0825,3.9208,14.0511,06-14-21_21.54_BOOST_protocol_HPPC_IN21700_30T_cycle_#225.mat
BOOST,225,0.96037,2.87689,0.9039,2,discharge,2,-23.012,7.671,10.0,9.9,4.0827,3.771,13.5451,06-14-21_21.54_BOOST_protocol_HPPC_IN21700_30T_cycle_#225.mat
BOOST,225,0.96037,2.87689,0.9039,2,discharge,3,-33.079,11.026,10.0,9.9,4.0829,3.6424,13.3166,06-14-21_21.54_BOOST_protocol_HPPC_IN21700_30T_cycle_#225.mat
BOOST,225,0.96037,2.87689,0.8083,3,discharge,0,-2.878,0.959,10.0,9.9,4.0289,3.9814,16.5017,06-14-21_21.54_BOOST_protocol_HPPC_IN21700_30T_cycle_#225.mat
BOOST,225,0.96037,2.87689,0.8082,3,discharge,1,-11.507,3.836,10.0,9.9,4.0292,3.847,15.8338,06-14-21_21.54_BOOST_protocol_HPPC_IN21700_30T_cycle_#225.mat
BOOST,225,0.96037,2.87689,0.8081,3,discharge,2,-23.014,7.671,10.0,9.9,4.0294,3.6912,14.6954,06-14-21_21.54_BOOST_protocol_HPPC_IN21700_30T_cycle_#225.mat
BOOST,225,0.96037,2.87689,0.808,3,discharge,3,-33.08,11.027,10.0,9.9,4.0298,3.5632,14.1052,06-14-21_21.54_BOOST_protocol_HPPC_IN21700_30T_cycle_#225.mat
BOOST,225,0.96037,2.87689,0.7124,4,discharge,0,-2.878,0.959,10.0,9.9,3.924,3.8766,16.4675,06-14-21_21.54_BOOST_protocol_HPPC_IN21700_30T_cycle_#225.mat
BOOST,225,0.96037,2.87689,0.7123,4,discharge,1,-11.509,3.836,10.0,9.9,3.924,3.7489,15.2142,06-14-21_21.54_BOOST_protocol_HPPC_IN21700_30T_cycle_#225.mat
BOOST,225,0.96037,2.87689,0.7122,4,discharge,2,-23.011,7.67,10.0,9.9,3.9242,3.6062,13.8195,06-14-21_21.54_BOOST_protocol_HPPC_IN21700_30T_cycle_#225.mat
BOOST,225,0.96037,2.87689,0.7121,4,discharge,3,-33.079,11.026,10.0,9.9,3.9247,3.4848,13.2985,06-14-21_21.54_BOOST_protocol_HPPC_IN21700_30T_cycle_#225.mat
BOOST,225,0.96037,2.87689,0.6165,5,discharge,0,-2.878,0.959,10.0,9.9,3.8474,3.7992,16.746,06-14-21_21.54_BOOST_protocol_HPPC_IN21700_30T_cycle_#225.mat
BOOST,225,0.96037,2.87689,0.6164,5,discharge,1,-11.51,3.837,10.0,9.9,3.8472,3.6756,14.9088,06-14-21_21.54_BOOST_protocol_HPPC_IN21700_30T_cycle_#225.mat
BOOST,225,0.96037,2.87689,0.6163,5,discharge,2,-23.014,7.671,10.0,9.9,3.8466,3.5312,13.7047,06-14-21_21.54_BOOST_protocol_HPPC_IN21700_30T_cycle_#225.mat
BOOST,225,0.96037,2.87689,0.6163,5,discharge,3,-33.079,11.026,10.0,9.9,3.8465,3.4078,13.2622,06-14-21_21.54_BOOST_protocol_HPPC_IN21700_30T_cycle_#225.mat
BOOST,225,0.96037,2.87689,0.5206,6,discharge,0,-2.876,0.959,10.0,9.9,3.7356,3.6949,14.1496,06-14-21_21.54_BOOST_protocol_HPPC_IN21700_30T_cycle_#225.mat
BOOST,225,0.96037,2.87689,0.5206,6,discharge,1,-11.508,3.836,10.0,9.9,3.7355,3.5793,13.5732,06-14-21_21.54_BOOST_protocol_HPPC_IN21700_30T_cycle_#225.mat
BOOST,225,0.96037,2.87689,0.5204,6,discharge,2,-23.014,7.671,10.0,9.9,3.7357,3.4325,13.1746,06-14-21_21.54_BOOST_protocol_HPPC_IN21700_30T_cycle_#225.mat
BOOST,225,0.96037,2.87689,0.5204,6,discharge,3,-33.081,11.027,10.0,9.9,3.7358,3.3067,12.9712,06-14-21_21.54_BOOST_protocol_HPPC_IN21700_30T_cycle_#225.mat
BOOST,225,0.96037,2.87689,0.4247,7,discharge,0,-2.88,0.96,10.0,9.9,3.6535,3.6145,13.5398,06-14-21_21.54_BOOST_protocol_HPPC_IN21700_30T_cycle_#225.mat
BOOST,225,0.96037,2.87689,0.4246,7,discharge,1,-11.508,3.836,10.0,9.9,3.6537,3.4993,13.4168,06-14-21_21.54_BOOST_protocol_HPPC_IN21700_30T_cycle_#225.mat
BOOST,225,0.96037,2.87689,0.4245,7,discharge,2,-23.015,7.672,10.0,9.9,3.654,3.3531,13.0741,06-14-21_21.54_BOOST_protocol_HPPC_IN21700_30T_cycle_#225.mat
BOOST,225,0.96037,2.87689,0.4245,7,discharge,3,-33.079,11.026,10.0,9.9,3.6535,3.2271,12.8904,06-14-21_21.54_BOOST_protocol_HPPC_IN21700_30T_cycle_#225.mat
BOOST,225,0.96037,2.87689,0.3288,8,discharge,0,-2.879,0.96,10.0,9.9,3.5931,3.5529,13.9651,06-14-21_21.54_BOOST_protocol_HPPC_IN21700_30T_cycle_#225.mat
BOOST,225,0.96037,2.87689,0.3288,8,discharge,1,-11.508,3.836,10.0,9.9,3.5924,3.4342,13.747,06-14-21_21.54_BOOST_protocol_HPPC_IN21700_30T_cycle_#225.mat
BOOST,225,0.96037,2.87689,0.3286,8,discharge,2,-23.013,7.671,10.0,9.9,3.593,3.2807,13.5706,06-14-21_21.54_BOOST_protocol_HPPC_IN21700_30T_cycle_#225.mat
BOOST,225,0.96037,2.87689,0.3286,8,discharge,3,-33.079,11.026,10.0,9.9,3.5931,3.1485,13.4406,06-14-21_21.54_BOOST_protocol_HPPC_IN21700_30T_cycle_#225.mat
BOOST,225,0.96037,2.87689,0.2329,9,discharge,0,-2.881,0.96,10.0,9.9,3.5093,3.4662,14.9622,06-14-21_21.54_BOOST_protocol_HPPC_IN21700_30T_cycle_#225.mat
BOOST,225,0.96037,2.87689,0.2329,9,discharge,1,-11.508,3.836,10.0,9.9,3.5098,3.3423,14.5551,06-14-21_21.54_BOOST_protocol_HPPC_IN21700_30T_cycle_#225.mat
BOOST,225,0.96037,2.87689,0.2328,9,discharge,2,-23.012,7.671,10.0,9.9,3.5127,3.1743,14.7054,06-14-21_21.54_BOOST_protocol_HPPC_IN21700_30T_cycle_#225.mat
BOOST,225,0.96037,2.87689,0.2327,9,discharge,3,-33.079,11.026,10.0,9.9,3.5136,3.0214,14.8795,06-14-21_21.54_BOOST_protocol_HPPC_IN21700_30T_cycle_#225.mat
BOOST,225,0.96037,2.87689,0.185,10,discharge,0,-2.879,0.96,10.0,9.9,3.4535,3.4081,15.7705,06-14-21_21.54_BOOST_protocol_HPPC_IN21700_30T_cycle_#225.mat
BOOST,225,0.96037,2.87689,0.1849,10,discharge,1,-11.51,3.837,10.0,9.9,3.4539,3.2751,15.5343,06-14-21_21.54_BOOST_protocol_HPPC_IN21700_30T_cycle_#225.mat
BOOST,225,0.96037,2.87689,0.1848,10,discharge,2,-23.013,7.671,10.0,9.9,3.4558,3.0787,16.3864,06-14-21_21.54_BOOST_protocol_HPPC_IN21700_30T_cycle_#225.mat
BOOST,225,0.96037,2.87689,0.1848,10,discharge,3,-33.079,11.026,10.0,9.9,3.4551,2.8663,17.7998,06-14-21_21.54_BOOST_protocol_HPPC_IN21700_30T_cycle_#225.mat
BOOST,225,0.96037,2.87689,0.137,11,discharge,0,-2.879,0.96,10.0,9.91,3.4095,3.3582,17.8205,06-14-21_21.54_BOOST_protocol_HPPC_IN21700_30T_cycle_#225.mat
BOOST,225,0.96037,2.87689,0.137,11,discharge,1,-11.508,3.836,10.0,9.9,3.4093,3.1859,19.4126,06-14-21_21.54_BOOST_protocol_HPPC_IN21700_30T_cycle_#225.mat
BOOST,225,0.96037,2.87689,0.1369,11,discharge,2,-23.013,7.671,10.0,9.9,3.4118,2.8209,25.6768,06-14-21_21.54_BOOST_protocol_HPPC_IN21700_30T_cycle_#225.mat
BOOST,225,0.96037,2.87689,0.1368,11,discharge,3,-33.08,11.027,10.0,9.9,3.4107,2.4986,27.5726,06-14-21_21.54_BOOST_protocol_HPPC_IN21700_30T_cycle_#225.mat
BOOST,225,0.96037,2.87689,0.0891,12,discharge,0,-2.877,0.959,10.0,9.9,3.3557,3.2802,26.2426,06-14-21_21.54_BOOST_protocol_HPPC_IN21700_30T_cycle_#225.mat
BOOST,225,0.96037,2.87689,0.089,12,discharge,1,-11.51,3.837,10.0,9.9,3.3577,2.8762,41.8332,06-14-21_21.54_BOOST_protocol_HPPC_IN21700_30T_cycle_#225.mat
BOOST,225,0.96037,2.87689,0.0889,12,discharge,2,-23.012,7.671,10.0,9.9,3.3607,2.4996,37.4196,06-14-21_21.54_BOOST_protocol_HPPC_IN21700_30T_cycle_#225.mat
BOOST,225,0.96037,2.87689,0.0888,12,discharge,3,-20.783,6.928,10.0,9.9,3.3592,2.4997,41.3559,06-14-21_21.54_BOOST_protocol_HPPC_IN21700_30T_cycle_#225.mat
BOOST,262,0.95475,2.86005,1.0,0,discharge,0,-2.861,0.954,10.0,9.9,4.1684,4.1116,19.8567,06-22-21_02.28_BOOST_protocol_HPPC_IN21700_30T_cycle_#262.mat
BOOST,262,0.95475,2.86005,0.9999,0,discharge,1,-11.442,3.814,10.0,9.9,4.1676,3.9667,17.5581,06-22-21_02.28_BOOST_protocol_HPPC_IN21700_30T_cycle_#262.mat
BOOST,262,0.95475,2.86005,0.9998,0,discharge,2,-22.88,7.627,10.0,9.9,4.1673,3.8081,15.6993,06-22-21_02.28_BOOST_protocol_HPPC_IN21700_30T_cycle_#262.mat
BOOST,262,0.95475,2.86005,0.9997,0,discharge,3,-32.887,10.962,10.0,9.9,4.1671,3.6815,14.7657,06-22-21_02.28_BOOST_protocol_HPPC_IN21700_30T_cycle_#262.mat
BOOST,262,0.95475,2.86005,0.9523,1,discharge,0,-2.861,0.954,10.0,9.9,4.1007,4.0559,15.6616,06-22-21_02.28_BOOST_protocol_HPPC_IN21700_30T_cycle_#262.mat
BOOST,262,0.95475,2.86005,0.9523,1,discharge,1,-11.442,3.814,10.0,9.9,4.101,3.9324,14.7352,06-22-21_02.28_BOOST_protocol_HPPC_IN21700_30T_cycle_#262.mat
BOOST,262,0.95475,2.86005,0.9522,1,discharge,2,-22.88,7.627,10.0,9.9,4.101,3.7816,13.9598,06-22-21_02.28_BOOST_protocol_HPPC_IN21700_30T_cycle_#262.mat
BOOST,262,0.95475,2.86005,0.9521,1,discharge,3,-32.887,10.962,10.0,9.9,4.1014,3.6548,13.5798,06-22-21_02.28_BOOST_protocol_HPPC_IN21700_30T_cycle_#262.mat
BOOST,262,0.95475,2.86005,0.9047,2,discharge,0,-2.86,0.953,10.0,9.9,4.0822,4.04,14.7532,06-22-21_02.28_BOOST_protocol_HPPC_IN21700_30T_cycle_#262.mat
BOOST,262,0.95475,2.86005,0.9046,2,discharge,1,-11.44,3.813,10.0,9.9,4.0823,3.9186,14.3094,06-22-21_02.28_BOOST_protocol_HPPC_IN21700_30T_cycle_#262.mat
BOOST,262,0.95475,2.86005,0.9045,2,discharge,2,-22.878,7.626,10.0,9.9,4.0824,3.7664,13.8124,06-22-21_02.28_BOOST_protocol_HPPC_IN21700_30T_cycle_#262.mat
BOOST,262,0.95475,2.86005,0.9044,2,discharge,3,-32.885,10.962,10.0,9.9,4.0828,3.6371,13.5533,06-22-21_02.28_BOOST_protocol_HPPC_IN21700_30T_cycle_#262.mat
BOOST,262,0.95475,2.86005,0.8094,3,discharge,0,-2.86,0.953,10.0,9.9,4.0267,3.9801,16.292,06-22-21_02.28_BOOST_protocol_HPPC_IN21700_30T_cycle_#262.mat
BOOST,262,0.95475,2.86005,0.8093,3,discharge,1,-11.442,3.814,10.0,9.9,4.0278,3.8451,15.9675,06-22-21_02.28_BOOST_protocol_HPPC_IN21700_30T_cycle_#262.mat
BOOST,262,0.95475,2.86005,0.8092,3,discharge,2,-22.879,7.626,10.0,9.9,4.0273,3.6892,14.7777,06-22-21_02.28_BOOST_protocol_HPPC_IN21700_30T_cycle_#262.mat
BOOST,262,0.95475,2.86005,0.8091,3,discharge,3,-32.885,10.962,10.0,9.9,4.0283,3.5614,14.198,06-22-21_02.28_BOOST_protocol_HPPC_IN21700_30T_cycle_#262.mat
BOOST,262,0.95475,2.86005,0.7141,4,discharge,0,-2.86,0.953,10.0,9.9,3.9232,3.8763,16.3963,06-22-21_02.28_BOOST_protocol_HPPC_IN21700_30T_cycle_#262.mat
BOOST,262,0.95475,2.86005,0.714,4,discharge,1,-11.442,3.814,10.0,9.9,3.9235,3.7491,15.2421,06-22-21_02.28_BOOST_protocol_HPPC_IN21700_30T_cycle_#262.mat
BOOST,262,0.95475,2.86005,0.7139,4,discharge,2,-22.88,7.627,10.0,9.9,3.9237,3.6066,13.8593,06-22-21_02.28_BOOST_protocol_HPPC_IN21700_30T_cycle_#262.mat
BOOST,262,0.95475,2.86005,0.7138,4,discharge,3,-32.886,10.962,10.0,9.9,3.9241,3.4858,13.3279,06-22-21_02.28_BOOST_protocol_HPPC_IN21700_30T_cycle_#262.mat
BOOST,262,0.95475,2.86005,0.6187,5,discharge,0,-2.862,0.954,10.0,9.9,3.8454,3.7967,17.0149,06-22-21_02.28_BOOST_protocol_HPPC_IN21700_30T_cycle_#262.mat
BOOST,262,0.95475,2.86005,0.6187,5,discharge,1,-11.441,3.814,10.0,9.9,3.845,3.672,15.1211,06-22-21_02.28_BOOST_protocol_HPPC_IN21700_30T_cycle_#262.mat
BOOST,262,0.95475,2.86005,0.6186,5,discharge,2,-22.879,7.626,10.0,9.91,3.8444,3.525,13.9604,06-22-21_02.28_BOOST_protocol_HPPC_IN21700_30T_cycle_#262.mat
BOOST,262,0.95475,2.86005,0.6185,5,discharge,3,-32.886,10.962,10.0,9.9,3.8441,3.3993,13.5255,06-22-21_02.28_BOOST_protocol_HPPC_IN21700_30T_cycle_#262.mat
BOOST,262,0.95475,2.86005,0.5234,6,discharge,0,-2.86,0.953,10.0,9.9,3.7343,3.6936,14.2293,06-22-21_02.28_BOOST_protocol_HPPC_IN21700_30T_cycle_#262.mat
BOOST,262,0.95475,2.86005,0.5233,6,discharge,1,-11.442,3.814,10.0,9.9,3.735,3.5754,13.9486,06-22-21_02.28_BOOST_protocol_HPPC_IN21700_30T_cycle_#262.mat
BOOST,262,0.95475,2.86005,0.5233,6,discharge,2,-22.879,7.626,10.0,9.9,3.7346,3.4257,13.5015,06-22-21_02.28_BOOST_protocol_HPPC_IN21700_30T_cycle_#262.mat
BOOST,262,0.95475,2.86005,0.5232,6,discharge,3,-32.886,10.962,10.0,9.9,3.7353,3.2972,13.3218,06-22-21_02.28_BOOST_protocol_HPPC_IN21700_30T_cycle_#262.mat
BOOST,262,0.95475,2.86005,0.4281,7,discharge,0,-2.86,0.953,10.0,9.9,3.6533,3.6134,13.9491,06-22-21_02.28_BOOST_protocol_HPPC_IN21700_30T_cycle_#262.mat
BOOST,262,0.95475,2.86005,0.428,7,discharge,1,-11.442,3.814,10.0,9.9,3.6534,3.4957,13.7826,06-22-21_02.28_BOOST_protocol_HPPC_IN21700_30T_cycle_#262.mat
BOOST,262,0.95475,2.86005,0.4279,7,discharge,2,-22.879,7.626,10.0,9.9,3.6537,3.3458,13.4578,06-22-21_02.28_BOOST_protocol_HPPC_IN21700_30T_cycle_#262.mat
BOOST,262,0.95475,2.86005,0.4279,7,discharge,3,-32.887,10.962,10.0,9.9,3.6539,3.2172,13.2788,06-22-21_02.28_BOOST_protocol_HPPC_IN21700_30T_cycle_#262.mat
BOOST,262,0.95475,2.86005,0.3327,8,discharge,0,-2.861,0.954,10.0,9.9,3.5927,3.5523,14.1234,06-22-21_02.28_BOOST_protocol_HPPC_IN21700_30T_cycle_#262.mat
BOOST,262,0.95475,2.86005,0.3327,8,discharge,1,-11.441,3.814,10.0,9.9,3.5929,3.4328,13.9935,06-22-21_02.28_BOOST_protocol_HPPC_IN21700_30T_cycle_#262.mat
BOOST,262,0.95475,2.86005,0.3326,8,discharge,2,-22.88,7.627,10.0,9.9,3.5928,3.2787,13.7281,06-22-21_02.28_BOOST_protocol_HPPC_IN21700_30T_cycle_#262.mat
BOOST,262,0.95475,2.86005,0.3325,8,discharge,3,-32.885,10.962,10.0,9.9,3.5929,3.146,13.5898,06-22-21_02.28_BOOST_protocol_HPPC_IN21700_30T_cycle_#262.mat
BOOST,262,0.95475,2.86005,0.2374,9,discharge,0,-2.861,0.954,10.0,9.9,3.5091,3.4661,15.0318,06-22-21_02.28_BOOST_protocol_HPPC_IN21700_30T_cycle_#262.mat
BOOST,262,0.95475,2.86005,0.2374,9,discharge,1,-11.441,3.814,10.0,9.9,3.5094,3.3416,14.6666,06-22-21_02.28_BOOST_protocol_HPPC_IN21700_30T_cycle_#262.mat
BOOST,262,0.95475,2.86005,0.2372,9,discharge,2,-22.878,7.626,10.0,9.9,3.5122,3.1727,14.8396,06-22-21_02.28_BOOST_protocol_HPPC_IN21700_30T_cycle_#262.mat
BOOST,262,0.95475,2.86005,0.2372,9,discharge,3,-32.887,10.962,10.0,9.9,3.5135,3.0176,15.0789,06-22-21_02.28_BOOST_protocol_HPPC_IN21700_30T_cycle_#262.mat
BOOST,262,0.95475,2.86005,0.1897,10,discharge,0,-2.86,0.953,10.0,9.9,3.4534,3.4073,16.1166,06-22-21_02.28_BOOST_protocol_HPPC_IN21700_30T_cycle_#262.mat
BOOST,262,0.95475,2.86005,0.1897,10,discharge,1,-11.44,3.813,10.0,9.9,3.4533,3.2707,15.9615,06-22-21_02.28_BOOST_protocol_HPPC_IN21700_30T_cycle_#262.mat
BOOST,262,0.95475,2.86005,0.1896,10,discharge,2,-22.88,7.627,10.0,9.9,3.4556,3.063,17.1591,06-22-21_02.28_BOOST_protocol_HPPC_IN21700_30T_cycle_#262.mat
BOOST,262,0.95475,2.86005,0.1895,10,discharge,3,-32.886,10.962,10.0,9.9,3.4551,2.8352,18.85,06-22-21_02.28_BOOST_protocol_HPPC_IN21700_30T_cycle_#262.mat
BOOST,262,0.95475,2.86005,0.1421,11,discharge,0,-2.86,0.953,10.0,9.9,3.4098,3.3568,18.5295,06-22-21_02.28_BOOST_protocol_HPPC_IN21700_30T_cycle_#262.mat
BOOST,262,0.95475,2.86005,0.142,11,discharge,1,-11.442,3.814,10.0,9.9,3.4103,3.1728,20.7569,06-22-21_02.28_BOOST_protocol_HPPC_IN21700_30T_cycle_#262.mat
BOOST,262,0.95475,2.86005,0.1419,11,discharge,2,-22.88,7.627,10.0,9.9,3.4122,2.7763,27.7928,06-22-21_02.28_BOOST_protocol_HPPC_IN21700_30T_cycle_#262.mat
BOOST,262,0.95475,2.86005,0.1418,11,discharge,3,-32.887,10.962,10.0,9.9,3.4113,2.4989,27.7435,06-22-21_02.28_BOOST_protocol_HPPC_IN21700_30T_cycle_#262.mat
BOOST,262,0.95475,2.86005,0.0944,12,discharge,0,-2.86,0.953,10.0,9.9,3.3548,3.2745,28.074,06-22-21_02.28_BOOST_protocol_HPPC_IN21700_30T_cycle_#262.mat
BOOST,262,0.95475,2.86005,0.0943,12,discharge,1,-11.442,3.814,10.0,9.9,3.3566,2.8288,46.1283,06-22-21_02.28_BOOST_protocol_HPPC_IN21700_30T_cycle_#262.mat
BOOST,262,0.95475,2.86005,0.0943,12,discharge,2,-22.281,7.427,10.0,9.9,3.3598,2.4995,38.6114,06-22-21_02.28_BOOST_protocol_HPPC_IN21700_30T_cycle_#262.mat
BOOST,262,0.95475,2.86005,0.0942,12,discharge,3,-19.357,6.452,10.0,9.9,3.3589,2.4997,44.387,06-22-21_02.28_BOOST_protocol_HPPC_IN21700_30T_cycle_#262.mat
BOOST,300,0.94965,2.84478,1.0,0,discharge,0,-2.848,0.949,10.0,9.9,4.1664,4.1096,19.9452,06-30-21_22.07_BOOST_protocol_HPPC_IN21700_30T_cycle_#300.mat
BOOST,300,0.94965,2.84478,0.9999,0,discharge,1,-11.376,3.792,10.0,9.9,4.1656,3.9653,17.6072,06-30-21_22.07_BOOST_protocol_HPPC_IN21700_30T_cycle_#300.mat
BOOST,300,0.94965,2.84478,0.9998,0,discharge,2,-22.756,7.585,10.0,9.9,4.1652,3.8083,15.6838,06-30-21_22.07_BOOST_protocol_HPPC_IN21700_30T_cycle_#300.mat
BOOST,300,0.94965,2.84478,0.9997,0,discharge,3,-32.709,10.903,10.0,9.9,4.1652,3.6828,14.7482,06-30-21_22.07_BOOST_protocol_HPPC_IN21700_30T_cycle_#300.mat
BOOST,300,0.94965,2.84478,0.9526,1,discharge,0,-2.846,0.949,10.0,9.9,4.1001,4.0545,16.0225,06-30-21_22.07_BOOST_protocol_HPPC_IN21700_30T_cycle_#300.mat
BOOST,300,0.94965,2.84478,0.9525,1,discharge,1,-11.379,3.793,10.0,9.9,4.0995,3.9291,14.975,06-30-21_22.07_BOOST_protocol_HPPC_IN21700_30T_cycle_#300.mat
BOOST,300,0.94965,2.84478,0.9524,1,discharge,2,-22.756,7.585,10.0,9.9,4.1003,3.7767,14.2204,06-30-21_22.07_BOOST_protocol_HPPC_IN21700_30T_cycle_#300.mat
BOOST,300,0.94965,2.84478,0.9523,1,discharge,3,-32.707,10.902,10.0,9.9,4.101,3.6487,13.8288,06-30-21_22.07_BOOST_protocol_HPPC_IN21700_30T_cycle_#300.mat
BOOST,300,0.94965,2.84478,0.9052,2,discharge,0,-2.845,0.949,10.0,9.91,4.082,4.0392,15.0413,06-30-21_22.07_BOOST_protocol_HPPC_IN21700_30T_cycle_#300.mat
BOOST,300,0.94965,2.84478,0.9051,2,discharge,1,-11.378,3.793,10.0,9.9,4.0822,3.917,14.5192,06-30-21_22.07_BOOST_protocol_HPPC_IN21700_30T_cycle_#300.mat
BOOST,300,0.94965,2.84478,0.905,2,discharge,2,-22.754,7.585,10.0,9.9,4.0822,3.7642,13.9756,06-30-21_22.07_BOOST_protocol_HPPC_IN21700_30T_cycle_#300.mat
BOOST,300,0.94965,2.84478,0.9049,2,discharge,3,-32.709,10.903,10.0,9.9,4.0828,3.6345,13.7057,06-30-21_22.07_BOOST_protocol_HPPC_IN21700_30T_cycle_#300.mat
BOOST,300,0.94965,2.84478,0.8104,3,discharge,0,-2.846,0.949,10.0,9.9,4.0272,3.9788,17.0081,06-30-21_22.07_BOOST_protocol_HPPC_IN21700_30T_cycle_#300.mat
BOOST,300,0.94965,2.84478,0.8103,3,discharge,1,-11.379,3.793,10.0,9.9,4.0274,3.8411,16.3723,06-30-21_22.07_BOOST_protocol_HPPC_IN21700_30T_cycle_#300.mat
BOOST,300,0.94965,2.84478,0.8102,3,discharge,2,-22.755,7.585,10.0,9.9,4.0277,3.6822,15.1835,06-30-21_22.07_BOOST_protocol_HPPC_IN21700_30T_cycle_#300.mat
BOOST,300,0.94965,2.84478,0.8102,3,discharge,3,-32.71,10.903,10.0,9.9,4.028,3.5523,14.543,06-30-21_22.07_BOOST_protocol_HPPC_IN21700_30T_cycle_#300.mat
BOOST,300,0.94965,2.84478,0.7156,4,discharge,0,-2.844,0.948,10.0,9.9,3.9225,3.8758,16.4217,06-30-21_22.07_BOOST_protocol_HPPC_IN21700_30T_cycle_#300.mat
BOOST,300,0.94965,2.84478,0.7155,4,discharge,1,-11.38,3.793,10.0,9.9,3.9227,3.7464,15.4921,06-30-21_22.07_BOOST_protocol_HPPC_IN21700_30T_cycle_#300.mat
BOOST,300,0.94965,2.84478,0.7154,4,discharge,2,-22.753,7.584,10.0,9.9,3.9238,3.6016,14.1608,06-30-21_22.07_BOOST_protocol_HPPC_IN21700_30T_cycle_#300.mat
BOOST,300,0.94965,2.84478,0.7154,4,discharge,3,-32.709,10.903,10.0,9.9,3.9241,3.4794,13.5956,06-30-21_22.07_BOOST_protocol_HPPC_IN21700_30T_cycle_#300.mat
BOOST,300,0.94965,2.84478,0.6208,5,discharge,0,-2.846,0.949,10.0,9.9,3.8448,3.7972,16.7264,06-30-21_22.07_BOOST_protocol_HPPC_IN21700_30T_cycle_#300.mat
BOOST,300,0.94965,2.84478,0.6207,5,discharge,1,-11.379,3.793,10.0,9.9,3.8451,3.6715,15.2562,06-30-21_22.07_BOOST_protocol_HPPC_IN21700_30T_cycle_#300.mat
BOOST,300,0.94965,2.84478,0.6206,5,discharge,2,-22.755,7.585,10.0,9.9,3.8444,3.5232,14.1156,06-30-21_22.07_BOOST_protocol_HPPC_IN21700_30T_cycle_#300.mat
BOOST,300,0.94965,2.84478,0.6206,5,discharge,3,-32.71,10.903,10.0,9.9,3.8443,3.3963,13.6961,06-30-21_22.07_BOOST_protocol_HPPC_IN21700_30T_cycle_#300.mat
BOOST,300,0.94965,2.84478,0.526,6,discharge,0,-2.846,0.949,10.0,9.9,3.7363,3.6944,14.7232,06-30-21_22.07_BOOST_protocol_HPPC_IN21700_30T_cycle_#300.mat
BOOST,300,0.94965,2.84478,0.5259,6,discharge,1,-11.376,3.792,10.0,9.9,3.7363,3.5757,14.1174,06-30-21_22.07_BOOST_protocol_HPPC_IN21700_30T_cycle_#300.mat
BOOST,300,0.94965,2.84478,0.5258,6,discharge,2,-22.755,7.585,10.0,9.9,3.7358,3.4253,13.6454,06-30-21_22.07_BOOST_protocol_HPPC_IN21700_30T_cycle_#300.mat
BOOST,300,0.94965,2.84478,0.5257,6,discharge,3,-32.709,10.903,10.0,9.9,3.7366,3.2967,13.4489,06-30-21_22.07_BOOST_protocol_HPPC_IN21700_30T_cycle_#300.mat
BOOST,300,0.94965,2.84478,0.4312,7,discharge,0,-2.846,0.949,10.0,9.9,3.6545,3.6148,13.9509,06-30-21_22.07_BOOST_protocol_HPPC_IN21700_30T_cycle_#300.mat
BOOST,300,0.94965,2.84478,0.4311,7,discharge,1,-11.38,3.793,10.0,9.9,3.6546,3.498,13.761,06-30-21_22.07_BOOST_protocol_HPPC_IN21700_30T_cycle_#300.mat
BOOST,300,0.94965,2.84478,0.431,7,discharge,2,-22.756,7.585,10.0,9.9,3.6548,3.3484,13.4646,06-30-21_22.07_BOOST_protocol_HPPC_IN21700_30T_cycle_#300.mat
BOOST,300,0.94965,2.84478,0.431,7,discharge,3,-32.706,10.902,10.0,9.9,3.655,3.2156,13.4348,06-30-21_22.07_BOOST_protocol_HPPC_IN21700_30T_cycle_#300.mat
BOOST,300,0.94965,2.84478,0.3363,8,discharge,0,-2.846,0.949,10.0,9.9,3.5938,3.553,14.3379,06-30-21_22.07_BOOST_protocol_HPPC_IN21700_30T_cycle_#300.mat
BOOST,300,0.94965,2.84478,0.3363,8,discharge,1,-11.378,3.793,10.0,9.9,3.5939,3.4318,14.2468,06-30-21_22.07_BOOST_protocol_HPPC_IN21700_30T_cycle_#300.mat
BOOST,300,0.94965,2.84478,0.3362,8,discharge,2,-22.755,7.585,10.0,9.9,3.5939,3.2755,13.9925,06-30-21_22.07_BOOST_protocol_HPPC_IN21700_30T_cycle_#300.mat
BOOST,300,0.94965,2.84478,0.3361,8,discharge,3,-32.707,10.902,10.0,9.9,3.5932,3.141,13.8258,06-30-21_22.07_BOOST_protocol_HPPC_IN21700_30T_cycle_#300.mat
BOOST,300,0.94965,2.84478,0.2415,9,discharge,0,-2.844,0.948,10.0,9.9,3.5113,3.4678,15.2975,06-30-21_22.07_BOOST_protocol_HPPC_IN21700_30T_cycle_#300.mat
BOOST,300,0.94965,2.84478,0.2415,9,discharge,1,-11.378,3.793,10.0,9.9,3.5115,3.3415,14.9411,06-30-21_22.07_BOOST_protocol_HPPC_IN21700_30T_cycle_#300.mat
BOOST,300,0.94965,2.84478,0.2414,9,discharge,2,-22.755,7.585,10.0,9.9,3.5142,3.1704,15.1088,06-30-21_22.07_BOOST_protocol_HPPC_IN21700_30T_cycle_#300.mat
BOOST,300,0.94965,2.84478,0.2413,9,discharge,3,-32.708,10.903,10.0,9.9,3.5154,3.0131,15.3571,06-30-21_22.07_BOOST_protocol_HPPC_IN21700_30T_cycle_#300.mat
BOOST,300,0.94965,2.84478,0.1941,10,discharge,0,-2.847,0.949,10.0,9.9,3.4562,3.4092,16.5109,06-30-21_22.07_BOOST_protocol_HPPC_IN21700_30T_cycle_#300.mat
BOOST,300,0.94965,2.84478,0.1941,10,discharge,1,-11.378,3.793,10.0,9.9,3.4568,3.2699,16.4264,06-30-21_22.07_BOOST_protocol_HPPC_IN21700_30T_cycle_#300.mat
BOOST,300,0.94965,2.84478,0.194,10,discharge,2,-22.753,7.584,10.0,9.9,3.4584,3.0579,17.6021,06-30-21_22.07_BOOST_protocol_HPPC_IN21700_30T_cycle_#300.mat
BOOST,300,0.94965,2.84478,0.1939,10,discharge,3,-32.71,10.903,10.0,9.9,3.458,2.8262,19.3152,06-30-21_22.07_BOOST_protocol_HPPC_IN21700_30T_cycle_#300.mat
BOOST,300,0.94965,2.84478,0.1467,11,discharge,0,-2.845,0.948,10.0,9.9,3.412,3.3591,18.5953,06-30-21_22.07_BOOST_protocol_HPPC_IN21700_30T_cycle_#300.mat
BOOST,300,0.94965,2.84478,0.1467,11,discharge,1,-11.38,3.793,10.0,9.9,3.4126,3.1748,20.8963,06-30-21_22.07_BOOST_protocol_HPPC_IN21700_30T_cycle_#300.mat
BOOST,300,0.94965,2.84478,0.1466,11,discharge,2,-22.757,7.586,10.0,9.9,3.4145,2.7873,27.5608,06-30-21_22.07_BOOST_protocol_HPPC_IN21700_30T_cycle_#300.mat
BOOST,300,0.94965,2.84478,0.1465,11,discharge,3,-32.708,10.903,10.0,9.9,3.4133,2.4989,27.9565,06-30-21_22.07_BOOST_protocol_HPPC_IN21700_30T_cycle_#300.mat
BOOST,300,0.94965,2.84478,0.0993,12,discharge,0,-2.846,0.949,10.0,9.91,3.3598,3.2791,28.3546,06-30-21_22.07_BOOST_protocol_HPPC_IN21700_30T_cycle_#300.mat
BOOST,300,0.94965,2.84478,0.0993,12,discharge,1,-11.379,3.793,10.0,9.9,3.3613,2.8336,46.3749,06-30-21_22.07_BOOST_protocol_HPPC_IN21700_30T_cycle_#300.mat
BOOST,300,0.94965,2.84478,0.0992,12,discharge,2,-22.288,7.429,10.0,9.9,3.3646,2.4995,38.8146,06-30-21_22.07_BOOST_protocol_HPPC_IN21700_30T_cycle_#300.mat
BOOST,300,0.94965,2.84478,0.0991,12,discharge,3,-19.506,6.502,10.0,9.91,3.3637,2.4996,44.2992,06-30-21_22.07_BOOST_protocol_HPPC_IN21700_30T_cycle_#300.mat
BOOST,337,0.94484,2.83036,1.0,0,discharge,0,-2.832,0.944,10.0,9.9,4.1645,4.1061,20.6215,07-05-21_21.19_BOOST_protocol_HPPC_IN21700_30T_cycle_#337.mat
BOOST,337,0.94484,2.83036,0.9999,0,discharge,1,-11.324,3.775,10.0,9.9,4.1636,3.9589,18.0767,07-05-21_21.19_BOOST_protocol_HPPC_IN21700_30T_cycle_#337.mat
BOOST,337,0.94484,2.83036,0.9998,0,discharge,2,-22.646,7.549,10.0,9.9,4.1632,3.7998,16.047,07-05-21_21.19_BOOST_protocol_HPPC_IN21700_30T_cycle_#337.mat
BOOST,337,0.94484,2.83036,0.9997,0,discharge,3,-32.553,10.851,10.0,9.9,4.1623,3.6727,15.0401,07-05-21_21.19_BOOST_protocol_HPPC_IN21700_30T_cycle_#337.mat
BOOST,337,0.94484,2.83036,0.9528,1,discharge,0,-2.832,0.944,10.0,9.9,4.0997,4.0544,15.9958,07-05-21_21.19_BOOST_protocol_HPPC_IN21700_30T_cycle_#337.mat
BOOST,337,0.94484,2.83036,0.9527,1,discharge,1,-11.324,3.775,10.0,9.9,4.1,3.9291,15.0918,07-05-21_21.19_BOOST_protocol_HPPC_IN21700_30T_cycle_#337.mat
BOOST,337,0.94484,2.83036,0.9527,1,discharge,2,-22.645,7.548,10.0,9.9,4.1001,3.7734,14.427,07-05-21_21.19_BOOST_protocol_HPPC_IN21700_30T_cycle_#337.mat
BOOST,337,0.94484,2.83036,0.9526,1,discharge,3,-32.552,10.851,10.0,9.9,4.1003,3.6423,14.0698,07-05-21_21.19_BOOST_protocol_HPPC_IN21700_30T_cycle_#337.mat
BOOST,337,0.94484,2.83036,0.9057,2,discharge,0,-2.832,0.944,10.0,9.9,4.0815,4.0381,15.3243,07-05-21_21.19_BOOST_protocol_HPPC_IN21700_30T_cycle_#337.mat
BOOST,337,0.94484,2.83036,0.9056,2,discharge,1,-11.322,3.774,10.0,9.9,4.082,3.9133,14.9002,07-05-21_21.19_BOOST_protocol_HPPC_IN21700_30T_cycle_#337.mat
BOOST,337,0.94484,2.83036,0.9055,2,discharge,2,-22.644,7.548,10.0,9.9,4.082,3.7568,14.3614,07-05-21_21.19_BOOST_protocol_HPPC_IN21700_30T_cycle_#337.mat
BOOST,337,0.94484,2.83036,0.9054,2,discharge,3,-32.551,10.85,10.0,9.9,4.0818,3.6244,14.0518,07-05-21_21.19_BOOST_protocol_HPPC_IN21700_30T_cycle_#337.mat
BOOST,337,0.94484,2.83036,0.8113,3,discharge,0,-2.832,0.944,10.0,9.9,4.0265,3.9779,17.161,07-05-21_21.19_BOOST_protocol_HPPC_IN21700_30T_cycle_#337.mat
BOOST,337,0.94484,2.83036,0.8112,3,discharge,1,-11.324,3.775,10.0,9.9,4.0266,3.8407,16.4165,07-05-21_21.19_BOOST_protocol_HPPC_IN21700_30T_cycle_#337.mat
BOOST,337,0.94484,2.83036,0.8111,3,discharge,2,-22.646,7.549,10.0,9.9,4.027,3.6829,15.1947,07-05-21_21.19_BOOST_protocol_HPPC_IN21700_30T_cycle_#337.mat
BOOST,337,0.94484,2.83036,0.8111,3,discharge,3,-32.551,10.85,10.0,9.9,4.0274,3.5547,14.5218,07-05-21_21.19_BOOST_protocol_HPPC_IN21700_30T_cycle_#337.mat
BOOST,337,0.94484,2.83036,0.717,4,discharge,0,-2.832,0.944,10.0,9.9,3.923,3.8749,16.9827,07-05-21_21.19_BOOST_protocol_HPPC_IN21700_30T_cycle_#337.mat
BOOST,337,0.94484,2.83036,0.7169,4,discharge,1,-11.323,3.774,10.0,9.9,3.9223,3.7441,15.7379,07-05-21_21.19_BOOST_protocol_HPPC_IN21700_30T_cycle_#337.mat
BOOST,337,0.94484,2.83036,0.7168,4,discharge,2,-22.644,7.548,10.0,9.9,3.9234,3.597,14.4144,07-05-21_21.19_BOOST_protocol_HPPC_IN21700_30T_cycle_#337.mat
BOOST,337,0.94484,2.83036,0.7167,4,discharge,3,-32.553,10.851,10.0,9.9,3.9238,3.4724,13.8666,07-05-21_21.19_BOOST_protocol_HPPC_IN21700_30T_cycle_#337.mat
BOOST,337,0.94484,2.83036,0.6226,5,discharge,0,-2.832,0.944,10.0,9.9,3.8447,3.7964,17.0545,07-05-21_21.19_BOOST_protocol_HPPC_IN21700_30T_cycle_#337.mat
BOOST,337,0.94484,2.83036,0.6226,5,discharge,1,-11.322,3.774,10.0,9.9,3.8444,3.6712,15.2977,07-05-21_21.19_BOOST_protocol_HPPC_IN21700_30T_cycle_#337.mat
BOOST,337,0.94484,2.83036,0.6225,5,discharge,2,-22.642,7.547,10.0,9.9,3.8435,3.5234,14.1374,07-05-21_21.19_BOOST_protocol_HPPC_IN21700_30T_cycle_#337.mat
BOOST,337,0.94484,2.83036,0.6224,5,discharge,3,-32.553,10.851,10.0,9.9,3.8433,3.3972,13.7038,07-05-21_21.19_BOOST_protocol_HPPC_IN21700_30T_cycle_#337.mat
BOOST,337,0.94484,2.83036,0.5283,6,discharge,0,-2.832,0.944,10.0,9.9,3.737,3.6953,14.7225,07-05-21_21.19_BOOST_protocol_HPPC_IN21700_30T_cycle_#337.mat
BOOST,337,0.94484,2.83036,0.5282,6,discharge,1,-11.325,3.775,10.0,9.9,3.737,3.576,14.2163,07-05-21_21.19_BOOST_protocol_HPPC_IN21700_30T_cycle_#337.mat
BOOST,337,0.94484,2.83036,0.5281,6,discharge,2,-22.645,7.548,10.0,9.9,3.737,3.4231,13.8618,07-05-21_21.19_BOOST_protocol_HPPC_IN21700_30T_cycle_#337.mat
BOOST,337,0.94484,2.83036,0.528,6,discharge,3,-32.551,10.85,10.0,9.9,3.737,3.2914,13.6893,07-05-21_21.19_BOOST_protocol_HPPC_IN21700_30T_cycle_#337.mat
BOOST,337,0.94484,2.83036,0.4339,7,discharge,0,-2.832,0.944,10.0,9.9,3.6546,3.6138,14.4047,07-05-21_21.19_BOOST_protocol_HPPC_IN21700_30T_cycle_#337.mat
BOOST,337,0.94484,2.83036,0.4339,7,discharge,1,-11.324,3.775,10.0,9.9,3.6547,3.4945,14.1469,07-05-21_21.19_BOOST_protocol_HPPC_IN21700_30T_cycle_#337.mat
BOOST,337,0.94484,2.83036,0.4338,7,discharge,2,-22.642,7.547,10.0,9.9,3.6548,3.3425,13.793,07-05-21_21.19_BOOST_protocol_HPPC_IN21700_30T_cycle_#337.mat
BOOST,337,0.94484,2.83036,0.4337,7,discharge,3,-32.553,10.851,10.0,9.9,3.6552,3.212,13.6147,07-05-21_21.19_BOOST_protocol_HPPC_IN21700_30T_cycle_#337.mat
BOOST,337,0.94484,2.83036,0.3396,8,discharge,0,-2.83,0.943,10.0,9.9,3.5939,3.5532,14.3796,07-05-21_21.19_BOOST_protocol_HPPC_IN21700_30T_cycle_#337.mat
BOOST,337,0.94484,2.83036,0.3395,8,discharge,1,-11.322,3.774,10.0,9.9,3.594,3.433,14.2201,07-05-21_21.19_BOOST_protocol_HPPC_IN21700_30T_cycle_#337.mat
BOOST,337,0.94484,2.83036,0.3394,8,discharge,2,-22.644,7.548,10.0,9.9,3.594,3.2777,13.9684,07-05-21_21.19_BOOST_protocol_HPPC_IN21700_30T_cycle_#337.mat
BOOST,337,0.94484,2.83036,0.3393,8,discharge,3,-32.552,10.851,10.0,9.9,3.5941,3.1402,13.9438,07-05-21_21.19_BOOST_protocol_HPPC_IN21700_30T_cycle_#337.mat
BOOST,337,0.94484,2.83036,0.2452,9,discharge,0,-2.832,0.944,10.0,9.9,3.5115,3.4669,15.7469,07-05-21_21.19_BOOST_protocol_HPPC_IN21700_30T_cycle_#337.mat
BOOST,337,0.94484,2.83036,0.2451,9,discharge,1,-11.322,3.774,10.0,9.9,3.5118,3.337,15.439,07-05-21_21.19_BOOST_protocol_HPPC_IN21700_30T_cycle_#337.mat
BOOST,337,0.94484,2.83036,0.2451,9,discharge,2,-22.644,7.548,10.0,9.9,3.5143,3.1597,15.6598,07-05-21_21.19_BOOST_protocol_HPPC_IN21700_30T_cycle_#337.mat
BOOST,337,0.94484,2.83036,0.245,9,discharge,3,-32.551,10.85,10.0,9.9,3.5156,2.9943,16.0149,07-05-21_21.19_BOOST_protocol_HPPC_IN21700_30T_cycle_#337.mat
BOOST,337,0.94484,2.83036,0.198,10,discharge,0,-2.832,0.944,10.0,9.9,3.457,3.4099,16.629,07-05-21_21.19_BOOST_protocol_HPPC_IN21700_30T_cycle_#337.mat
BOOST,337,0.94484,2.83036,0.198,10,discharge,1,-11.324,3.775,10.0,9.9,3.4575,3.2704,16.5224,07-05-21_21.19_BOOST_protocol_HPPC_IN21700_30T_cycle_#337.mat
BOOST,337,0.94484,2.83036,0.1979,10,discharge,2,-22.646,7.549,10.0,9.9,3.4591,3.0574,17.7382,07-05-21_21.19_BOOST_protocol_HPPC_IN21700_30T_cycle_#337.mat
BOOST,337,0.94484,2.83036,0.1978,10,discharge,3,-32.553,10.851,10.0,9.9,3.4588,2.8265,19.4237,07-05-21_21.19_BOOST_protocol_HPPC_IN21700_30T_cycle_#337.mat
BOOST,337,0.94484,2.83036,0.1509,11,discharge,0,-2.832,0.944,10.0,9.9,3.4127,3.3581,19.2769,07-05-21_21.19_BOOST_protocol_HPPC_IN21700_30T_cycle_#337.mat
BOOST,337,0.94484,2.83036,0.1508,11,discharge,1,-11.323,3.774,10.0,9.9,3.4127,3.1645,21.92,07-05-21_21.19_BOOST_protocol_HPPC_IN21700_30T_cycle_#337.mat
BOOST,337,0.94484,2.83036,0.1507,11,discharge,2,-22.646,7.549,10.0,9.9,3.4151,2.7536,29.2105,07-05-21_21.19_BOOST_protocol_HPPC_IN21700_30T_cycle_#337.mat
BOOST,337,0.94484,2.83036,0.1506,11,discharge,3,-32.553,10.851,10.0,9.9,3.4143,2.4989,28.1203,07-05-21_21.19_BOOST_protocol_HPPC_IN21700_30T_cycle_#337.mat
BOOST,337,0.94484,2.83036,0.1037,12,discharge,0,-2.832,0.944,10.0,9.9,3.3587,3.2775,28.6683,07-05-21_21.19_BOOST_protocol_HPPC_IN21700_30T_cycle_#337.mat
BOOST,337,0.94484,2.83036,0.1036,12,discharge,1,-11.324,3.775,10.0,9.9,3.3609,2.8336,46.5648,07-05-21_21.19_BOOST_protocol_HPPC_IN21700_30T_cycle_#337.mat
BOOST,337,0.94484,2.83036,0.1035,12,discharge,2,-22.336,7.445,10.0,9.9,3.3635,2.4996,38.6775,07-05-21_21.19_BOOST_protocol_HPPC_IN21700_30T_cycle_#337.mat
BOOST,337,0.94484,2.83036,0.1034,12,discharge,3,-19.83,6.61,10.0,9.9,3.3633,2.4996,43.5552,07-05-21_21.19_BOOST_protocol_HPPC_IN21700_30T_cycle_#337.mat
BOOST,375,0.93983,2.81536,1.0,0,discharge,0,-2.818,0.939,10.0,9.9,4.1629,4.1035,21.075,07-12-21_15.46_BOOST_protocol_HPPC_IN21700_30T_cycle_#375.mat
BOOST,375,0.93983,2.81536,0.9999,0,discharge,1,-11.264,3.755,10.0,9.9,4.1619,3.9555,18.3239,07-12-21_15.46_BOOST_protocol_HPPC_IN21700_30T_cycle_#375.mat
BOOST,375,0.93983,2.81536,0.9998,0,discharge,2,-22.526,7.509,10.0,9.9,4.1614,3.7957,16.2346,07-12-21_15.46_BOOST_protocol_HPPC_IN21700_30T_cycle_#375.mat
BOOST,375,0.93983,2.81536,0.9997,0,discharge,3,-32.38,10.793,10.0,9.9,4.1612,3.6677,15.2409,07-12-21_15.46_BOOST_protocol_HPPC_IN21700_30T_cycle_#375.mat
BOOST,375,0.93983,2.81536,0.9531,1,discharge,0,-2.818,0.939,10.0,9.9,4.0983,4.0527,16.1817,07-12-21_15.46_BOOST_protocol_HPPC_IN21700_30T_cycle_#375.mat
BOOST,375,0.93983,2.81536,0.953,1,discharge,1,-11.265,3.755,10.0,9.9,4.0993,3.924,15.5615,07-12-21_15.46_BOOST_protocol_HPPC_IN21700_30T_cycle_#375.mat
BOOST,375,0.93983,2.81536,0.9529,1,discharge,2,-22.529,7.51,10.0,9.9,4.0992,3.767,14.7454,07-12-21_15.46_BOOST_protocol_HPPC_IN21700_30T_cycle_#375.mat
BOOST,375,0.93983,2.81536,0.9528,1,discharge,3,-32.38,10.793,10.0,9.9,4.0999,3.6358,14.3329,07-12-21_15.46_BOOST_protocol_HPPC_IN21700_30T_cycle_#375.mat
BOOST,375,0.93983,2.81536,0.9062,2,discharge,0,-2.818,0.939,10.0,9.9,4.0815,4.0371,15.7547,07-12-21_15.46_BOOST_protocol_HPPC_IN21700_30T_cycle_#375.mat
BOOST,375,0.93983,2.81536,0.9061,2,discharge,1,-11.265,3.755,10.0,9.9,4.0817,3.9101,15.233,07-12-21_15.46_BOOST_protocol_HPPC_IN21700_30T_cycle_#375.mat
BOOST,375,0.93983,2.81536,0.906,2,discharge,2,-22.524,7.508,10.0,9.9,4.0819,3.7514,14.6732,07-12-21_15.46_BOOST_protocol_HPPC_IN21700_30T_cycle_#375.mat
BOOST,375,0.93983,2.81536,0.9059,2,discharge,3,-32.378,10.793,10.0,9.9,4.0813,3.6176,14.3215,07-12-21_15.46_BOOST_protocol_HPPC_IN21700_30T_cycle_#375.mat
BOOST,375,0.93983,2.81536,0.8123,3,discharge,0,-2.818,0.939,10.0,9.9,4.0253,3.9763,17.3882,07-12-21_15.46_BOOST_protocol_HPPC_IN21700_30T_cycle_#375.mat
BOOST,375,0.93983,2.81536,0.8123,3,discharge,1,-11.264,3.755,10.0,9.9,4.0249,3.8369,16.6903,07-12-21_15.46_BOOST_protocol_HPPC_IN21700_30T_cycle_#375.mat
BOOST,375,0.93983,2.81536,0.8122,3,discharge,2,-22.526,7.509,10.0,9.9,4.0261,3.6766,15.5154,07-12-21_15.46_BOOST_protocol_HPPC_IN21700_30T_cycle_#375.mat
BOOST,375,0.93983,2.81536,0.8121,3,discharge,3,-32.378,10.793,10.0,9.9,4.0266,3.5471,14.8094,07-12-21_15.46_BOOST_protocol_HPPC_IN21700_30T_cycle_#375.mat
BOOST,375,0.93983,2.81536,0.7185,4,discharge,0,-2.817,0.939,10.0,9.9,3.9229,3.875,17.0063,07-12-21_15.46_BOOST_protocol_HPPC_IN21700_30T_cycle_#375.mat
BOOST,375,0.93983,2.81536,0.7184,4,discharge,1,-11.263,3.754,10.0,9.9,3.9229,3.7435,15.9283,07-12-21_15.46_BOOST_protocol_HPPC_IN21700_30T_cycle_#375.mat
BOOST,375,0.93983,2.81536,0.7183,4,discharge,2,-22.523,7.508,10.0,9.9,3.9232,3.5941,14.6117,07-12-21_15.46_BOOST_protocol_HPPC_IN21700_30T_cycle_#375.mat
BOOST,375,0.93983,2.81536,0.7182,4,discharge,3,-32.378,10.793,10.0,9.9,3.9235,3.4678,14.0744,07-12-21_15.46_BOOST_protocol_HPPC_IN21700_30T_cycle_#375.mat
BOOST,375,0.93983,2.81536,0.6246,5,discharge,0,-2.818,0.939,10.0,9.9,3.8435,3.795,17.2102,07-12-21_15.46_BOOST_protocol_HPPC_IN21700_30T_cycle_#375.mat
BOOST,375,0.93983,2.81536,0.6246,5,discharge,1,-11.264,3.755,10.0,9.9,3.8431,3.6684,15.5096,07-12-21_15.46_BOOST_protocol_HPPC_IN21700_30T_cycle_#375.mat
BOOST,375,0.93983,2.81536,0.6245,5,discharge,2,-22.526,7.509,10.0,9.9,3.8424,3.5176,14.4189,07-12-21_15.46_BOOST_protocol_HPPC_IN21700_30T_cycle_#375.mat
BOOST,375,0.93983,2.81536,0.6244,5,discharge,3,-32.379,10.793,10.0,9.9,3.842,3.389,13.9905,07-12-21_15.46_BOOST_protocol_HPPC_IN21700_30T_cycle_#375.mat
BOOST,375,0.93983,2.81536,0.5307,6,discharge,0,-2.818,0.939,10.0,9.9,3.7373,3.6948,15.08,07-12-21_15.46_BOOST_protocol_HPPC_IN21700_30T_cycle_#375.mat
BOOST,375,0.93983,2.81536,0.5307,6,discharge,1,-11.266,3.755,10.0,9.9,3.7374,3.5743,14.4772,07-12-21_15.46_BOOST_protocol_HPPC_IN21700_30T_cycle_#375.mat
BOOST,375,0.93983,2.81536,0.5306,6,discharge,2,-22.528,7.509,10.0,9.9,3.7376,3.4221,14.0048,07-12-21_15.46_BOOST_protocol_HPPC_IN21700_30T_cycle_#375.mat
BOOST,375,0.93983,2.81536,0.5305,6,discharge,3,-32.379,10.793,10.0,9.9,3.7369,3.2926,13.7219,07-12-21_15.46_BOOST_protocol_HPPC_IN21700_30T_cycle_#375.mat
BOOST,375,0.93983,2.81536,0.4369,7,discharge,0,-2.818,0.939,10.0,9.9,3.655,3.614,14.5478,07-12-21_15.46_BOOST_protocol_HPPC_IN21700_30T_cycle_#375.mat
BOOST,375,0.93983,2.81536,0.4368,7,discharge,1,-11.263,3.754,10.0,9.9,3.6552,3.4932,14.3834,07-12-21_15.46_BOOST_protocol_HPPC_IN21700_30T_cycle_#375.mat
BOOST,375,0.93983,2.81536,0.4368,7,discharge,2,-22.525,7.508,10.0,9.9,3.6552,3.3391,14.0333,07-12-21_15.46_BOOST_protocol_HPPC_IN21700_30T_cycle_#375.mat
BOOST,375,0.93983,2.81536,0.4367,7,discharge,3,-32.378,10.793,10.0,9.9,3.6548,3.2068,13.8366,07-12-21_15.46_BOOST_protocol_HPPC_IN21700_30T_cycle_#375.mat
BOOST,375,0.93983,2.81536,0.343,8,discharge,0,-2.816,0.939,10.0,9.9,3.594,3.5523,14.8067,07-12-21_15.46_BOOST_protocol_HPPC_IN21700_30T_cycle_#375.mat
BOOST,375,0.93983,2.81536,0.343,8,discharge,1,-11.265,3.755,10.0,9.9,3.5942,3.4291,14.656,07-12-21_15.46_BOOST_protocol_HPPC_IN21700_30T_cycle_#375.mat
BOOST,375,0.93983,2.81536,0.3429,8,discharge,2,-22.526,7.509,10.0,9.9,3.5943,3.2695,14.4189,07-12-21_15.46_BOOST_protocol_HPPC_IN21700_30T_cycle_#375.mat
BOOST,375,0.93983,2.81536,0.3428,8,discharge,3,-32.379,10.793,10.0,9.9,3.5943,3.1321,14.2747,07-12-21_15.46_BOOST_protocol_HPPC_IN21700_30T_cycle_#375.mat
BOOST,375,0.93983,2.81536,0.2492,9,discharge,0,-2.816,0.939,10.0,9.9,3.5123,3.4675,15.9077,07-12-21_15.46_BOOST_protocol_HPPC_IN21700_30T_cycle_#375.mat
BOOST,375,0.93983,2.81536,0.2491,9,discharge,1,-11.265,3.755,10.0,9.9,3.5119,3.3374,15.4905,07-12-21_15.46_BOOST_protocol_HPPC_IN21700_30T_cycle_#375.mat
BOOST,375,0.93983,2.81536,0.249,9,discharge,2,-22.526,7.509,10.0,9.9,3.5151,3.1596,15.7818,07-12-21_15.46_BOOST_protocol_HPPC_IN21700_30T_cycle_#375.mat
BOOST,375,0.93983,2.81536,0.249,9,discharge,3,-32.379,10.793,10.0,9.9,3.5159,2.9939,16.1216,07-12-21_15.46_BOOST_protocol_HPPC_IN21700_30T_cycle_#375.mat
BOOST,375,0.93983,2.81536,0.2023,10,discharge,0,-2.818,0.939,10.0,9.9,3.4574,3.4092,17.1013,07-12-21_15.46_BOOST_protocol_HPPC_IN21700_30T_cycle_#375.mat
BOOST,375,0.93983,2.81536,0.2022,10,discharge,1,-11.265,3.755,10.0,9.9,3.4587,3.2637,17.3103,07-12-21_15.46_BOOST_protocol_HPPC_IN21700_30T_cycle_#375.mat
BOOST,375,0.93983,2.81536,0.2021,10,discharge,2,-22.527,7.509,10.0,9.9,3.4604,3.0374,18.7775,07-12-21_15.46_BOOST_protocol_HPPC_IN21700_30T_cycle_#375.mat
BOOST,375,0.93983,2.81536,0.202,10,discharge,3,-32.379,10.793,10.0,9.9,3.4601,2.7885,20.7418,07-12-21_15.46_BOOST_protocol_HPPC_IN21700_30T_cycle_#375.mat
BOOST,375,0.93983,2.81536,0.1553,11,discharge,0,-2.819,0.94,10.0,9.9,3.4139,3.3584,19.6878,07-12-21_15.46_BOOST_protocol_HPPC_IN21700_30T_cycle_#375.mat
BOOST,375,0.93983,2.81536,0.1553,11,discharge,1,-11.264,3.755,10.0,9.9,3.4145,3.1588,22.6996,07-12-21_15.46_BOOST_protocol_HPPC_IN21700_30T_cycle_#375.mat
BOOST,375,0.93983,2.81536,0.1552,11,discharge,2,-22.526,7.509,10.0,9.9,3.4165,2.74,30.032,07-12-21_15.46_BOOST_protocol_HPPC_IN21700_30T_cycle_#375.mat
BOOST,375,0.93983,2.81536,0.1551,11,discharge,3,-32.381,10.794,10.0,9.9,3.4155,2.4992,28.2975,07-12-21_15.46_BOOST_protocol_HPPC_IN21700_30T_cycle_#375.mat
BOOST,375,0.93983,2.81536,0.1084,12,discharge,0,-2.814,0.938,10.0,9.9,3.3604,3.2771,29.5988,07-12-21_15.46_BOOST_protocol_HPPC_IN21700_30T_cycle_#375.mat
BOOST,375,0.93983,2.81536,0.1083,12,discharge,1,-11.265,3.755,10.0,9.9,3.362,2.8294,47.2792,07-12-21_15.46_BOOST_protocol_HPPC_IN21700_30T_cycle_#375.mat
BOOST,375,0.93983,2.81536,0.1082,12,discharge,2,-22.155,7.385,10.0,9.9,3.3651,2.4997,39.0612,07-12-21_15.46_BOOST_protocol_HPPC_IN21700_30T_cycle_#375.mat
BOOST,375,0.93983,2.81536,0.1081,12,discharge,3,-19.721,6.574,10.0,9.9,3.3643,2.4997,43.8416,07-12-21_15.46_BOOST_protocol_HPPC_IN21700_30T_cycle_#375.mat
BOOST,412,0.93536,2.80198,1.0,0,discharge,0,-2.804,0.935,10.0,9.9,4.1618,4.1006,21.8244,07-17-21_07.22_BOOST_protocol_HPPC_IN21700_30T_cycle_#412.mat
BOOST,412,0.93536,2.80198,0.9999,0,discharge,1,-11.213,3.738,10.0,9.9,4.1606,3.9496,18.8174,07-17-21_07.22_BOOST_protocol_HPPC_IN21700_30T_cycle_#412.mat
BOOST,412,0.93536,2.80198,0.9998,0,discharge,2,-22.428,7.476,10.0,9.9,4.1601,3.7864,16.6622,07-17-21_07.22_BOOST_protocol_HPPC_IN21700_30T_cycle_#412.mat
BOOST,412,0.93536,2.80198,0.9997,0,discharge,3,-32.236,10.745,10.0,9.9,4.16,3.6558,15.6409,07-17-21_07.22_BOOST_protocol_HPPC_IN21700_30T_cycle_#412.mat
BOOST,412,0.93536,2.80198,0.9533,1,discharge,0,-2.806,0.935,10.0,9.9,4.0988,4.0511,16.9993,07-17-21_07.22_BOOST_protocol_HPPC_IN21700_30T_cycle_#412.mat
BOOST,412,0.93536,2.80198,0.9532,1,discharge,1,-11.215,3.738,10.0,9.9,4.0991,3.9212,15.8627,07-17-21_07.22_BOOST_protocol_HPPC_IN21700_30T_cycle_#412.mat
BOOST,412,0.93536,2.80198,0.9531,1,discharge,2,-22.427,7.476,10.0,9.9,4.0984,3.764,14.9106,07-17-21_07.22_BOOST_protocol_HPPC_IN21700_30T_cycle_#412.mat
BOOST,412,0.93536,2.80198,0.953,1,discharge,3,-32.235,10.745,10.0,9.9,4.0998,3.6331,14.4781,07-17-21_07.22_BOOST_protocol_HPPC_IN21700_30T_cycle_#412.mat
BOOST,412,0.93536,2.80198,0.9066,2,discharge,0,-2.806,0.935,10.0,9.9,4.0807,4.0376,15.3583,07-17-21_07.22_BOOST_protocol_HPPC_IN21700_30T_cycle_#412.mat
BOOST,412,0.93536,2.80198,0.9065,2,discharge,1,-11.215,3.738,10.0,9.9,4.0818,3.9108,15.2474,07-17-21_07.22_BOOST_protocol_HPPC_IN21700_30T_cycle_#412.mat
BOOST,412,0.93536,2.80198,0.9064,2,discharge,2,-22.427,7.476,10.0,9.9,4.0819,3.7523,14.6966,07-17-21_07.22_BOOST_protocol_HPPC_IN21700_30T_cycle_#412.mat
BOOST,412,0.93536,2.80198,0.9148,2,discharge,3,-32.235,10.745,10.0,9.91,4.086,3.5976,15.1512,07-17-21_07.22_BOOST_protocol_HPPC_IN21700_30T_cycle_#412.mat
BOOST,412,0.93536,2.80198,0.7922,4,discharge,0,-2.806,0.935,10.0,9.9,3.9963,3.9447,18.3898,07-17-21_07.22_BOOST_protocol_HPPC_IN21700_30T_cycle_#412.mat
BOOST,412,0.93536,2.80198,0.7922,4,discharge,1,-11.215,3.738,10.0,9.9,3.9968,3.8007,17.4855,07-17-21_07.22_BOOST_protocol_HPPC_IN21700_30T_cycle_#412.mat
BOOST,412,0.93536,2.80198,0.7921,4,discharge,2,-22.426,7.475,10.0,9.9,3.9972,3.6394,15.9547,07-17-21_07.22_BOOST_protocol_HPPC_IN21700_30T_cycle_#412.mat
BOOST,412,0.93536,2.80198,0.792,4,discharge,3,-32.236,10.745,10.0,9.9,3.9975,3.5116,15.0732,07-17-21_07.22_BOOST_protocol_HPPC_IN21700_30T_cycle_#412.mat
BOOST,412,0.93536,2.80198,0.6988,5,discharge,0,-2.806,0.935,10.0,9.9,3.9073,3.8576,17.7127,07-17-21_07.22_BOOST_protocol_HPPC_IN21700_30T_cycle_#412.mat
BOOST,412,0.93536,2.80198,0.6988,5,discharge,1,-11.213,3.738,10.0,9.9,3.9074,3.7224,16.4987,07-17-21_07.22_BOOST_protocol_HPPC_IN21700_30T_cycle_#412.mat
BOOST,412,0.93536,2.80198,0.6987,5,discharge,2,-22.425,7.475,10.0,9.9,3.9077,3.5706,15.0323,07-17-21_07.22_BOOST_protocol_HPPC_IN21700_30T_cycle_#412.mat
BOOST,412,0.93536,2.80198,0.6986,5,discharge,3,-32.237,10.746,10.0,9.9,3.9084,3.4454,14.3624,07-17-21_07.22_BOOST_protocol_HPPC_IN21700_30T_cycle_#412.mat
BOOST,412,0.93536,2.80198,0.6054,6,discharge,0,-2.804,0.935,10.0,9.9,3.8167,3.7693,16.902,07-17-21_07.22_BOOST_protocol_HPPC_IN21700_30T_cycle_#412.mat
BOOST,412,0.93536,2.80198,0.6053,6,discharge,1,-11.213,3.738,10.0,9.9,3.8163,3.6427,15.482,07-17-21_07.22_BOOST_protocol_HPPC_IN21700_30T_cycle_#412.mat
BOOST,412,0.93536,2.80198,0.6052,6,discharge,2,-22.426,7.475,10.0,9.9,3.8158,3.4892,14.5635,07-17-21_07.22_BOOST_protocol_HPPC_IN21700_30T_cycle_#412.mat
BOOST,412,0.93536,2.80198,0.6051,6,discharge,3,-32.238,10.746,10.0,9.9,3.8148,3.3612,14.0704,07-17-21_07.22_BOOST_protocol_HPPC_IN21700_30T_cycle_#412.mat
BOOST,412,0.93536,2.80198,0.512,7,discharge,0,-2.804,0.935,10.0,9.9,3.7158,3.6726,15.4044,07-17-21_07.22_BOOST_protocol_HPPC_IN21700_30T_cycle_#412.mat
BOOST,412,0.93536,2.80198,0.5119,7,discharge,1,-11.213,3.738,10.0,9.9,3.716,3.549,14.8934,07-17-21_07.22_BOOST_protocol_HPPC_IN21700_30T_cycle_#412.mat
BOOST,412,0.93536,2.80198,0.5118,7,discharge,2,-22.427,7.476,10.0,9.9,3.7162,3.3934,14.3934,07-17-21_07.22_BOOST_protocol_HPPC_IN21700_30T_cycle_#412.mat
BOOST,412,0.93536,2.80198,0.5117,7,discharge,3,-32.237,10.746,10.0,9.9,3.7164,3.2633,14.0553,07-17-21_07.22_BOOST_protocol_HPPC_IN21700_30T_cycle_#412.mat
BOOST,412,0.93536,2.80198,0.4185,8,discharge,0,-2.805,0.935,10.0,9.9,3.6397,3.5988,14.5832,07-17-21_07.22_BOOST_protocol_HPPC_IN21700_30T_cycle_#412.mat
BOOST,412,0.93536,2.80198,0.4184,8,discharge,1,-11.215,3.738,10.0,9.9,3.6405,3.4759,14.6768,07-17-21_07.22_BOOST_protocol_HPPC_IN21700_30T_cycle_#412.mat
BOOST,412,0.93536,2.80198,0.4183,8,discharge,2,-22.426,7.475,10.0,9.9,3.6401,3.3196,14.2914,07-17-21_07.22_BOOST_protocol_HPPC_IN21700_30T_cycle_#412.mat
BOOST,412,0.93536,2.80198,0.4183,8,discharge,3,-32.237,10.746,10.0,9.9,3.6412,3.1879,14.0615,07-17-21_07.22_BOOST_protocol_HPPC_IN21700_30T_cycle_#412.mat
BOOST,412,0.93536,2.80198,0.3251,9,discharge,0,-2.804,0.935,10.0,9.9,3.5773,3.5344,15.2968,07-17-21_07.22_BOOST_protocol_HPPC_IN21700_30T_cycle_#412.mat
BOOST,412,0.93536,2.80198,0.325,9,discharge,1,-11.214,3.738,10.0,9.9,3.5767,3.4076,15.0794,07-17-21_07.22_BOOST_protocol_HPPC_IN21700_30T_cycle_#412.mat
BOOST,412,0.93536,2.80198,0.3249,9,discharge,2,-22.425,7.475,10.0,9.9,3.5778,3.243,14.9298,07-17-21_07.22_BOOST_protocol_HPPC_IN21700_30T_cycle_#412.mat
BOOST,412,0.93536,2.80198,0.3248,9,discharge,3,-32.237,10.746,10.0,9.9,3.5784,3.1026,14.7594,07-17-21_07.22_BOOST_protocol_HPPC_IN21700_30T_cycle_#412.mat
BOOST,412,0.93536,2.80198,0.2316,10,discharge,0,-2.805,0.935,10.0,9.9,3.488,3.4406,16.9008,07-17-21_07.22_BOOST_protocol_HPPC_IN21700_30T_cycle_#412.mat
BOOST,412,0.93536,2.80198,0.2316,10,discharge,1,-11.213,3.738,10.0,9.9,3.4885,3.2998,16.8287,07-17-21_07.22_BOOST_protocol_HPPC_IN21700_30T_cycle_#412.mat
BOOST,412,0.93536,2.80198,0.2315,10,discharge,2,-22.426,7.475,10.0,9.9,3.4908,3.0982,17.5065,07-17-21_07.22_BOOST_protocol_HPPC_IN21700_30T_cycle_#412.mat
BOOST,412,0.93536,2.80198,0.2314,10,discharge,3,-32.238,10.746,10.0,9.9,3.491,2.8997,18.3417,07-17-21_07.22_BOOST_protocol_HPPC_IN21700_30T_cycle_#412.mat
BOOST,412,0.93536,2.80198,0.1849,11,discharge,0,-2.804,0.935,10.0,9.9,3.4351,3.3832,18.5066,07-17-21_07.22_BOOST_protocol_HPPC_IN21700_30T_cycle_#412.mat
BOOST,412,0.93536,2.80198,0.1849,11,discharge,1,-11.215,3.738,10.0,9.9,3.4356,3.2169,19.5007,07-17-21_07.22_BOOST_protocol_HPPC_IN21700_30T_cycle_#412.mat
BOOST,412,0.93536,2.80198,0.1848,11,discharge,2,-22.425,7.475,10.0,9.9,3.4368,2.9207,23.0145,07-17-21_07.22_BOOST_protocol_HPPC_IN21700_30T_cycle_#412.mat
BOOST,412,0.93536,2.80198,0.1847,11,discharge,3,-32.235,10.745,10.0,9.9,3.4365,2.6001,25.947,07-17-21_07.22_BOOST_protocol_HPPC_IN21700_30T_cycle_#412.mat
BOOST,412,0.93536,2.80198,0.1382,12,discharge,0,-2.805,0.935,10.0,9.9,3.3938,3.3259,24.2068,07-17-21_07.22_BOOST_protocol_HPPC_IN21700_30T_cycle_#412.mat
BOOST,412,0.93536,2.80198,0.1381,12,discharge,1,-11.215,3.738,10.0,9.9,3.3954,3.0153,33.8921,07-17-21_07.22_BOOST_protocol_HPPC_IN21700_30T_cycle_#412.mat
BOOST,412,0.93536,2.80198,0.138,12,discharge,2,-22.427,7.476,10.0,9.9,3.3978,2.499,40.0767,07-17-21_07.22_BOOST_protocol_HPPC_IN21700_30T_cycle_#412.mat
BOOST,412,0.93536,2.80198,0.1379,12,discharge,3,-28.475,9.492,10.0,9.9,3.3974,2.4994,31.5364,07-17-21_07.22_BOOST_protocol_HPPC_IN21700_30T_cycle_#412.mat
BOOST,412,0.93536,2.80198,0.0914,13,discharge,0,-2.803,0.934,10.0,9.9,3.3063,3.1828,44.0615,07-17-21_07.22_BOOST_protocol_HPPC_IN21700_30T_cycle_#412.mat
BOOST,412,0.93536,2.80198,0.0914,13,discharge,1,-11.216,3.739,10.0,9.9,3.3093,2.4988,72.2628,07-17-21_07.22_BOOST_protocol_HPPC_IN21700_30T_cycle_#412.mat
BOOST,412,0.93536,2.80198,0.0913,13,discharge,2,-14.082,4.694,10.0,9.9,3.313,2.4998,57.7475,07-17-21_07.22_BOOST_protocol_HPPC_IN21700_30T_cycle_#412.mat
BOOST,412,0.93536,2.80198,0.0912,13,discharge,3,-13.138,4.379,10.0,9.9,3.312,2.4996,61.8359,07-17-21_07.22_BOOST_protocol_HPPC_IN21700_30T_cycle_#412.mat
BOOST,450,0.92996,2.78578,1.0,0,discharge,0,-2.79,0.93,10.0,9.9,4.1598,4.0987,21.9004,07-24-21_20.43_BOOST_protocol_HPPC_IN21700_30T_cycle_#450.mat
BOOST,450,0.92996,2.78578,0.9999,0,discharge,1,-11.147,3.716,10.0,9.9,4.1587,3.9488,18.8302,07-24-21_20.43_BOOST_protocol_HPPC_IN21700_30T_cycle_#450.mat
BOOST,450,0.92996,2.78578,0.9998,0,discharge,2,-22.29,7.43,10.0,9.9,4.1572,3.7878,16.5725,07-24-21_20.43_BOOST_protocol_HPPC_IN21700_30T_cycle_#450.mat
BOOST,450,0.92996,2.78578,0.9997,0,discharge,3,-32.041,10.68,10.0,9.9,4.157,3.6575,15.5894,07-24-21_20.43_BOOST_protocol_HPPC_IN21700_30T_cycle_#450.mat
BOOST,450,0.92996,2.78578,0.9536,1,discharge,0,-2.788,0.929,10.0,9.9,4.0981,4.0492,17.542,07-24-21_20.43_BOOST_protocol_HPPC_IN21700_30T_cycle_#450.mat
BOOST,450,0.92996,2.78578,0.9535,1,discharge,1,-11.147,3.716,10.0,9.9,4.0985,3.9168,16.3003,07-24-21_20.43_BOOST_protocol_HPPC_IN21700_30T_cycle_#450.mat
BOOST,450,0.92996,2.78578,0.9534,1,discharge,2,-22.292,7.431,10.0,9.9,4.0986,3.7571,15.3194,07-24-21_20.43_BOOST_protocol_HPPC_IN21700_30T_cycle_#450.mat
BOOST,450,0.92996,2.78578,0.9533,1,discharge,3,-32.042,10.681,10.0,9.9,4.0993,3.6249,14.8056,07-24-21_20.43_BOOST_protocol_HPPC_IN21700_30T_cycle_#450.mat
BOOST,450,0.92996,2.78578,0.9071,2,discharge,0,-2.788,0.929,10.0,9.9,4.0812,4.0359,16.25,07-24-21_20.43_BOOST_protocol_HPPC_IN21700_30T_cycle_#450.mat
BOOST,450,0.92996,2.78578,0.9071,2,discharge,1,-11.147,3.716,10.0,9.9,4.0814,3.9067,15.6724,07-24-21_20.43_BOOST_protocol_HPPC_IN21700_30T_cycle_#450.mat
BOOST,450,0.92996,2.78578,0.907,2,discharge,2,-22.292,7.431,10.0,9.9,4.0815,3.7459,15.0547,07-24-21_20.43_BOOST_protocol_HPPC_IN21700_30T_cycle_#450.mat
BOOST,450,0.92996,2.78578,0.9069,2,discharge,3,-32.042,10.681,10.0,9.9,4.0821,3.6122,14.6651,07-24-21_20.43_BOOST_protocol_HPPC_IN21700_30T_cycle_#450.mat
BOOST,450,0.92996,2.78578,0.8143,3,discharge,0,-2.79,0.93,10.0,9.9,4.024,3.9735,18.1023,07-24-21_20.43_BOOST_protocol_HPPC_IN21700_30T_cycle_#450.mat
BOOST,450,0.92996,2.78578,0.8142,3,discharge,1,-11.145,3.715,10.0,9.9,4.0244,3.8302,17.4249,07-24-21_20.43_BOOST_protocol_HPPC_IN21700_30T_cycle_#450.mat
BOOST,450,0.92996,2.78578,0.8141,3,discharge,2,-22.291,7.43,10.0,9.9,4.025,3.6659,16.1096,07-24-21_20.43_BOOST_protocol_HPPC_IN21700_30T_cycle_#450.mat
BOOST,450,0.92996,2.78578,0.814,3,discharge,3,-32.041,10.68,10.0,9.9,4.0254,3.5335,15.3522,07-24-21_20.43_BOOST_protocol_HPPC_IN21700_30T_cycle_#450.mat
BOOST,450,0.92996,2.78578,0.7214,4,discharge,0,-2.788,0.929,10.0,9.9,3.9224,3.8736,17.5036,07-24-21_20.43_BOOST_protocol_HPPC_IN21700_30T_cycle_#450.mat
BOOST,450,0.92996,2.78578,0.7213,4,discharge,1,-11.147,3.716,10.0,9.9,3.9226,3.7404,16.3452,07-24-21_20.43_BOOST_protocol_HPPC_IN21700_30T_cycle_#450.mat
BOOST,450,0.92996,2.78578,0.7213,4,discharge,2,-22.29,7.43,10.0,9.9,3.923,3.5906,14.9125,07-24-21_20.43_BOOST_protocol_HPPC_IN21700_30T_cycle_#450.mat
BOOST,450,0.92996,2.78578,0.7212,4,discharge,3,-32.04,10.68,10.0,9.9,3.9225,3.4647,14.2884,07-24-21_20.43_BOOST_protocol_HPPC_IN21700_30T_cycle_#450.mat
BOOST,450,0.92996,2.78578,0.6286,5,discharge,0,-2.788,0.929,10.0,9.9,3.8423,3.793,17.6836,07-24-21_20.43_BOOST_protocol_HPPC_IN21700_30T_cycle_#450.mat
BOOST,450,0.92996,2.78578,0.6285,5,discharge,1,-11.146,3.715,10.0,9.9,3.8412,3.6631,15.9788,07-24-21_20.43_BOOST_protocol_HPPC_IN21700_30T_cycle_#450.mat
BOOST,450,0.92996,2.78578,0.6284,5,discharge,2,-22.292,7.431,10.0,9.9,3.8412,3.5059,15.0413,07-24-21_20.43_BOOST_protocol_HPPC_IN21700_30T_cycle_#450.mat
BOOST,450,0.92996,2.78578,0.6283,5,discharge,3,-32.041,10.68,10.0,9.9,3.8403,3.3791,14.3941,07-24-21_20.43_BOOST_protocol_HPPC_IN21700_30T_cycle_#450.mat
BOOST,450,0.92996,2.78578,0.5357,6,discharge,0,-2.79,0.93,10.0,9.9,3.7391,3.6958,15.5208,07-24-21_20.43_BOOST_protocol_HPPC_IN21700_30T_cycle_#450.mat
BOOST,450,0.92996,2.78578,0.5356,6,discharge,1,-11.144,3.715,10.0,9.9,3.7392,3.5728,14.9318,07-24-21_20.43_BOOST_protocol_HPPC_IN21700_30T_cycle_#450.mat
BOOST,450,0.92996,2.78578,0.5355,6,discharge,2,-22.292,7.431,10.0,9.9,3.7395,3.4184,14.4043,07-24-21_20.43_BOOST_protocol_HPPC_IN21700_30T_cycle_#450.mat
BOOST,450,0.92996,2.78578,0.5354,6,discharge,3,-32.039,10.68,10.0,9.9,3.7398,3.288,14.1016,07-24-21_20.43_BOOST_protocol_HPPC_IN21700_30T_cycle_#450.mat
BOOST,450,0.92996,2.78578,0.4428,7,discharge,0,-2.788,0.929,10.0,9.9,3.6562,3.6138,15.2097,07-24-21_20.43_BOOST_protocol_HPPC_IN21700_30T_cycle_#450.mat
BOOST,450,0.92996,2.78578,0.4427,7,discharge,1,-11.147,3.716,10.0,9.9,3.6564,3.4884,15.0713,07-24-21_20.43_BOOST_protocol_HPPC_IN21700_30T_cycle_#450.mat
BOOST,450,0.92996,2.78578,0.4427,7,discharge,2,-22.29,7.43,10.0,9.9,3.6566,3.3292,14.6882,07-24-21_20.43_BOOST_protocol_HPPC_IN21700_30T_cycle_#450.mat
BOOST,450,0.92996,2.78578,0.4425,7,discharge,3,-32.042,10.681,10.0,9.9,3.657,3.2002,14.2563,07-24-21_20.43_BOOST_protocol_HPPC_IN21700_30T_cycle_#450.mat
BOOST,450,0.92996,2.78578,0.3499,8,discharge,0,-2.788,0.929,10.0,9.9,3.5944,3.5536,14.6357,07-24-21_20.43_BOOST_protocol_HPPC_IN21700_30T_cycle_#450.mat
BOOST,450,0.92996,2.78578,0.3498,8,discharge,1,-11.145,3.715,10.0,9.9,3.5954,3.4278,15.0381,07-24-21_20.43_BOOST_protocol_HPPC_IN21700_30T_cycle_#450.mat
BOOST,450,0.92996,2.78578,0.3498,8,discharge,2,-22.289,7.43,10.0,9.9,3.5955,3.264,14.8728,07-24-21_20.43_BOOST_protocol_HPPC_IN21700_30T_cycle_#450.mat
BOOST,450,0.92996,2.78578,0.3497,8,discharge,3,-32.041,10.68,10.0,9.9,3.5957,3.1217,14.7935,07-24-21_20.43_BOOST_protocol_HPPC_IN21700_30T_cycle_#450.mat
BOOST,450,0.92996,2.78578,0.2571,9,discharge,0,-2.786,0.929,10.0,9.9,3.5147,3.4684,16.617,07-24-21_20.43_BOOST_protocol_HPPC_IN21700_30T_cycle_#450.mat
BOOST,450,0.92996,2.78578,0.257,9,discharge,1,-11.147,3.716,10.0,9.9,3.515,3.3333,16.3003,07-24-21_20.43_BOOST_protocol_HPPC_IN21700_30T_cycle_#450.mat
BOOST,450,0.92996,2.78578,0.2569,9,discharge,2,-22.292,7.431,10.0,9.9,3.5171,3.1489,16.5171,07-24-21_20.43_BOOST_protocol_HPPC_IN21700_30T_cycle_#450.mat
BOOST,450,0.92996,2.78578,0.2568,9,discharge,3,-32.041,10.68,10.0,9.9,3.5183,2.9775,16.8784,07-24-21_20.43_BOOST_protocol_HPPC_IN21700_30T_cycle_#450.mat
BOOST,450,0.92996,2.78578,0.2106,10,discharge,0,-2.79,0.93,10.0,9.9,3.4615,3.4111,18.0652,07-24-21_20.43_BOOST_protocol_HPPC_IN21700_30T_cycle_#450.mat
BOOST,450,0.92996,2.78578,0.2106,10,discharge,1,-11.147,3.716,10.0,9.9,3.4621,3.2567,18.4265,07-24-21_20.43_BOOST_protocol_HPPC_IN21700_30T_cycle_#450.mat
BOOST,450,0.92996,2.78578,0.2105,10,discharge,2,-22.29,7.43,10.0,9.9,3.4639,3.0115,20.2961,07-24-21_20.43_BOOST_protocol_HPPC_IN21700_30T_cycle_#450.mat
BOOST,450,0.92996,2.78578,0.2104,10,discharge,3,-32.04,10.68,10.0,9.9,3.4636,2.7623,21.8883,07-24-21_20.43_BOOST_protocol_HPPC_IN21700_30T_cycle_#450.mat
BOOST,450,0.92996,2.78578,0.1642,11,discharge,0,-2.788,0.929,10.0,9.9,3.4171,3.3607,20.2296,07-24-21_20.43_BOOST_protocol_HPPC_IN21700_30T_cycle_#450.mat
BOOST,450,0.92996,2.78578,0.1641,11,discharge,1,-11.143,3.714,10.0,9.9,3.4176,3.1584,23.2612,07-24-21_20.43_BOOST_protocol_HPPC_IN21700_30T_cycle_#450.mat
BOOST,450,0.92996,2.78578,0.164,11,discharge,2,-22.292,7.431,10.0,9.9,3.4198,2.7479,30.1409,07-24-21_20.43_BOOST_protocol_HPPC_IN21700_30T_cycle_#450.mat
BOOST,450,0.92996,2.78578,0.1639,11,discharge,3,-32.042,10.681,10.0,9.9,3.419,2.499,28.7123,07-24-21_20.43_BOOST_protocol_HPPC_IN21700_30T_cycle_#450.mat
BOOST,450,0.92996,2.78578,0.1177,12,discharge,0,-2.79,0.93,10.0,9.9,3.3646,3.2782,30.9689,07-24-21_20.43_BOOST_protocol_HPPC_IN21700_30T_cycle_#450.mat
BOOST,450,0.92996,2.78578,0.1177,12,discharge,1,-11.148,3.716,10.0,9.9,3.3662,2.8216,48.8518,07-24-21_20.43_BOOST_protocol_HPPC_IN21700_30T_cycle_#450.mat
BOOST,450,0.92996,2.78578,0.1176,12,discharge,2,-21.815,7.272,10.0,9.9,3.3695,2.4995,39.8808,07-24-21_20.43_BOOST_protocol_HPPC_IN21700_30T_cycle_#450.mat
BOOST,450,0.92996,2.78578,0.1175,12,discharge,3,-19.446,6.482,10.0,9.9,3.3687,2.4996,44.693,07-24-21_20.43_BOOST_protocol_HPPC_IN21700_30T_cycle_#450.mat
BOOST,487,0.91359,2.73675,1.0,0,discharge,0,-2.734,0.911,10.0,9.7,4.1473,4.0939,19.5315,08-09-21_19.33_BOOST_protocol_HPPC_IN21700_30T_cycle_#487.mat
BOOST,487,0.91359,2.73675,0.9999,0,discharge,1,-10.934,3.645,10.0,9.9,4.1563,3.939,19.8738,08-09-21_19.33_BOOST_protocol_HPPC_IN21700_30T_cycle_#487.mat
BOOST,487,0.91359,2.73675,0.9998,0,discharge,2,-21.869,7.29,10.0,9.9,4.1556,3.7754,17.3853,08-09-21_19.33_BOOST_protocol_HPPC_IN21700_30T_cycle_#487.mat
BOOST,487,0.91359,2.73675,0.9998,0,discharge,3,-31.436,10.479,10.0,9.9,4.1544,3.6455,16.1884,08-09-21_19.33_BOOST_protocol_HPPC_IN21700_30T_cycle_#487.mat
BOOST,487,0.91359,2.73675,0.9544,1,discharge,0,-2.734,0.911,10.0,9.9,4.0968,4.0469,18.2503,08-09-21_19.33_BOOST_protocol_HPPC_IN21700_30T_cycle_#487.mat
BOOST,487,0.91359,2.73675,0.9544,1,discharge,1,-10.937,3.646,10.0,9.9,4.0971,3.9127,16.8602,08-09-21_19.33_BOOST_protocol_HPPC_IN21700_30T_cycle_#487.mat
BOOST,487,0.91359,2.73675,0.9543,1,discharge,2,-21.868,7.289,10.0,9.9,4.0964,3.7528,15.7125,08-09-21_19.33_BOOST_protocol_HPPC_IN21700_30T_cycle_#487.mat
BOOST,487,0.91359,2.73675,0.9542,1,discharge,3,-31.436,10.479,10.0,9.9,4.0979,3.6213,15.161,08-09-21_19.33_BOOST_protocol_HPPC_IN21700_30T_cycle_#487.mat
BOOST,487,0.91359,2.73675,0.9088,2,discharge,0,-2.734,0.911,10.0,9.9,4.0802,4.034,16.8971,08-09-21_19.33_BOOST_protocol_HPPC_IN21700_30T_cycle_#487.mat
BOOST,487,0.91359,2.73675,0.9088,2,discharge,1,-10.934,3.645,10.0,9.9,4.0798,3.9015,16.3069,08-09-21_19.33_BOOST_protocol_HPPC_IN21700_30T_cycle_#487.mat
BOOST,487,0.91359,2.73675,0.9087,2,discharge,2,-21.869,7.29,10.0,9.9,4.0808,3.7381,15.6706,08-09-21_19.33_BOOST_protocol_HPPC_IN21700_30T_cycle_#487.mat
BOOST,487,0.91359,2.73675,0.9086,2,discharge,3,-31.438,10.479,10.0,9.9,4.0813,3.6035,15.1982,08-09-21_19.33_BOOST_protocol_HPPC_IN21700_30T_cycle_#487.mat
BOOST,487,0.91359,2.73675,0.8177,3,discharge,0,-2.734,0.911,10.0,9.9,4.0242,3.9736,18.5084,08-09-21_19.33_BOOST_protocol_HPPC_IN21700_30T_cycle_#487.mat
BOOST,487,0.91359,2.73675,0.8177,3,discharge,1,-10.936,3.645,10.0,9.9,4.0248,3.8307,17.7487,08-09-21_19.33_BOOST_protocol_HPPC_IN21700_30T_cycle_#487.mat
BOOST,487,0.91359,2.73675,0.8176,3,discharge,2,-21.87,7.29,10.0,9.9,4.0253,3.6663,16.4152,08-09-21_19.33_BOOST_protocol_HPPC_IN21700_30T_cycle_#487.mat
BOOST,487,0.91359,2.73675,0.8175,3,discharge,3,-31.438,10.479,10.0,9.9,4.0259,3.5344,15.6339,08-09-21_19.33_BOOST_protocol_HPPC_IN21700_30T_cycle_#487.mat
BOOST,487,0.91359,2.73675,0.7266,4,discharge,0,-2.734,0.911,10.0,9.9,3.9232,3.8749,17.6671,08-09-21_19.33_BOOST_protocol_HPPC_IN21700_30T_cycle_#487.mat
BOOST,487,0.91359,2.73675,0.7265,4,discharge,1,-10.936,3.645,10.0,9.9,3.9233,3.7413,16.6423,08-09-21_19.33_BOOST_protocol_HPPC_IN21700_30T_cycle_#487.mat
BOOST,487,0.91359,2.73675,0.7264,4,discharge,2,-21.869,7.29,10.0,9.9,3.9236,3.5896,15.2728,08-09-21_19.33_BOOST_protocol_HPPC_IN21700_30T_cycle_#487.mat
BOOST,487,0.91359,2.73675,0.7264,4,discharge,3,-31.436,10.479,10.0,9.9,3.9241,3.4624,14.687,08-09-21_19.33_BOOST_protocol_HPPC_IN21700_30T_cycle_#487.mat
BOOST,487,0.91359,2.73675,0.6355,5,discharge,0,-2.734,0.911,10.0,9.9,3.8459,3.7979,17.5567,08-09-21_19.33_BOOST_protocol_HPPC_IN21700_30T_cycle_#487.mat
BOOST,487,0.91359,2.73675,0.6354,5,discharge,1,-10.936,3.645,10.0,9.9,3.8457,3.669,16.1576,08-09-21_19.33_BOOST_protocol_HPPC_IN21700_30T_cycle_#487.mat
BOOST,487,0.91359,2.73675,0.6353,5,discharge,2,-21.869,7.29,10.0,9.9,3.8452,3.5153,15.0853,08-09-21_19.33_BOOST_protocol_HPPC_IN21700_30T_cycle_#487.mat
BOOST,487,0.91359,2.73675,0.6353,5,discharge,3,-31.438,10.479,10.0,9.9,3.845,3.3853,14.6224,08-09-21_19.33_BOOST_protocol_HPPC_IN21700_30T_cycle_#487.mat
BOOST,487,0.91359,2.73675,0.5444,6,discharge,0,-2.734,0.911,10.0,9.9,3.7465,3.7025,16.0936,08-09-21_19.33_BOOST_protocol_HPPC_IN21700_30T_cycle_#487.mat
BOOST,487,0.91359,2.73675,0.5443,6,discharge,1,-10.936,3.645,10.0,9.9,3.7462,3.5779,15.3895,08-09-21_19.33_BOOST_protocol_HPPC_IN21700_30T_cycle_#487.mat
BOOST,487,0.91359,2.73675,0.5442,6,discharge,2,-21.869,7.29,10.0,9.9,3.7463,3.422,14.8292,08-09-21_19.33_BOOST_protocol_HPPC_IN21700_30T_cycle_#487.mat
BOOST,487,0.91359,2.73675,0.5441,6,discharge,3,-31.435,10.478,10.0,9.9,3.7464,3.2898,14.5252,08-09-21_19.33_BOOST_protocol_HPPC_IN21700_30T_cycle_#487.mat
BOOST,487,0.91359,2.73675,0.4532,7,discharge,0,-2.732,0.911,10.0,9.9,3.6608,3.6191,15.2641,08-09-21_19.33_BOOST_protocol_HPPC_IN21700_30T_cycle_#487.mat
BOOST,487,0.91359,2.73675,0.4532,7,discharge,1,-10.934,3.645,10.0,9.9,3.6611,3.4962,15.0814,08-09-21_19.33_BOOST_protocol_HPPC_IN21700_30T_cycle_#487.mat
BOOST,487,0.91359,2.73675,0.4531,7,discharge,2,-21.871,7.29,10.0,9.9,3.6606,3.3404,14.6404,08-09-21_19.33_BOOST_protocol_HPPC_IN21700_30T_cycle_#487.mat
BOOST,487,0.91359,2.73675,0.453,7,discharge,3,-31.437,10.479,10.0,9.9,3.6616,3.2076,14.4416,08-09-21_19.33_BOOST_protocol_HPPC_IN21700_30T_cycle_#487.mat
BOOST,487,0.91359,2.73675,0.3621,8,discharge,0,-2.734,0.911,10.0,9.9,3.5989,3.5565,15.5084,08-09-21_19.33_BOOST_protocol_HPPC_IN21700_30T_cycle_#487.mat
BOOST,487,0.91359,2.73675,0.362,8,discharge,1,-10.936,3.645,10.0,9.9,3.599,3.4309,15.3713,08-09-21_19.33_BOOST_protocol_HPPC_IN21700_30T_cycle_#487.mat
BOOST,487,0.91359,2.73675,0.362,8,discharge,2,-21.871,7.29,10.0,9.9,3.5993,3.2689,15.1068,08-09-21_19.33_BOOST_protocol_HPPC_IN21700_30T_cycle_#487.mat
BOOST,487,0.91359,2.73675,0.3619,8,discharge,3,-31.437,10.479,10.0,9.9,3.5995,3.1297,14.9442,08-09-21_19.33_BOOST_protocol_HPPC_IN21700_30T_cycle_#487.mat
BOOST,487,0.91359,2.73675,0.271,9,discharge,0,-2.734,0.911,10.0,9.9,3.5205,3.4747,16.7532,08-09-21_19.33_BOOST_protocol_HPPC_IN21700_30T_cycle_#487.mat
BOOST,487,0.91359,2.73675,0.2709,9,discharge,1,-10.934,3.645,10.0,9.9,3.5209,3.3397,16.5722,08-09-21_19.33_BOOST_protocol_HPPC_IN21700_30T_cycle_#487.mat
BOOST,487,0.91359,2.73675,0.2708,9,discharge,2,-21.869,7.29,10.0,9.9,3.5219,3.1548,16.7863,08-09-21_19.33_BOOST_protocol_HPPC_IN21700_30T_cycle_#487.mat
BOOST,487,0.91359,2.73675,0.2708,9,discharge,3,-31.437,10.479,10.0,9.9,3.5237,2.9823,17.2217,08-09-21_19.33_BOOST_protocol_HPPC_IN21700_30T_cycle_#487.mat
BOOST,487,0.91359,2.73675,0.2254,10,discharge,0,-2.734,0.911,10.0,9.9,3.4714,3.4215,18.2503,08-09-21_19.33_BOOST_protocol_HPPC_IN21700_30T_cycle_#487.mat
BOOST,487,0.91359,2.73675,0.2254,10,discharge,1,-10.936,3.645,10.0,9.9,3.4718,3.2703,18.4254,08-09-21_19.33_BOOST_protocol_HPPC_IN21700_30T_cycle_#487.mat
BOOST,487,0.91359,2.73675,0.2253,10,discharge,2,-21.87,7.29,10.0,9.9,3.4738,3.0401,19.8308,08-09-21_19.33_BOOST_protocol_HPPC_IN21700_30T_cycle_#487.mat
BOOST,487,0.91359,2.73675,0.2252,10,discharge,3,-31.436,10.479,10.0,9.9,3.4737,2.8,21.4308,08-09-21_19.33_BOOST_protocol_HPPC_IN21700_30T_cycle_#487.mat
BOOST,487,0.91359,2.73675,0.1799,11,discharge,0,-2.734,0.911,10.0,9.9,3.424,3.3673,20.7404,08-09-21_19.33_BOOST_protocol_HPPC_IN21700_30T_cycle_#487.mat
BOOST,487,0.91359,2.73675,0.1798,11,discharge,1,-10.936,3.645,10.0,9.9,3.4245,3.1697,23.2992,08-09-21_19.33_BOOST_protocol_HPPC_IN21700_30T_cycle_#487.mat
BOOST,487,0.91359,2.73675,0.1797,11,discharge,2,-21.869,7.29,10.0,9.9,3.4267,2.7901,29.1097,08-09-21_19.33_BOOST_protocol_HPPC_IN21700_30T_cycle_#487.mat
BOOST,487,0.91359,2.73675,0.1797,11,discharge,3,-31.436,10.479,10.0,9.9,3.426,2.4998,29.463,08-09-21_19.33_BOOST_protocol_HPPC_IN21700_30T_cycle_#487.mat
BOOST,487,0.91359,2.73675,0.1343,12,discharge,0,-2.734,0.911,10.0,9.9,3.3751,3.2945,29.4806,08-09-21_19.33_BOOST_protocol_HPPC_IN21700_30T_cycle_#487.mat
BOOST,487,0.91359,2.73675,0.1342,12,discharge,1,-10.935,3.645,10.0,9.9,3.3765,2.9047,43.1459,08-09-21_19.33_BOOST_protocol_HPPC_IN21700_30T_cycle_#487.mat
BOOST,487,0.91359,2.73675,0.1342,12,discharge,2,-21.869,7.29,10.0,9.9,3.3795,2.4999,40.2213,08-09-21_19.33_BOOST_protocol_HPPC_IN21700_30T_cycle_#487.mat
BOOST,487,0.91359,2.73675,0.1341,12,discharge,3,-22.521,7.507,10.0,9.9,3.3792,2.5,39.0383,08-09-21_19.33_BOOST_protocol_HPPC_IN21700_30T_cycle_#487.mat
BOOST,525,0.91742,2.74824,1.0,0,discharge,0,-2.748,0.916,10.0,9.7,4.1463,4.0917,19.8661,08-16-21_13.05_BOOST_protocol_HPPC_IN21700_30T_cycle_#525.mat
BOOST,525,0.91742,2.74824,0.9999,0,discharge,1,-10.992,3.664,10.0,9.9,4.1553,3.9338,20.151,08-16-21_13.05_BOOST_protocol_HPPC_IN21700_30T_cycle_#525.mat
BOOST,525,0.91742,2.74824,0.9998,0,discharge,2,-21.987,7.329,10.0,9.9,4.1546,3.7672,17.6195,08-16-21_13.05_BOOST_protocol_HPPC_IN21700_30T_cycle_#525.mat
BOOST,525,0.91742,2.74824,0.9997,0,discharge,3,-31.604,10.535,10.0,9.9,4.1541,3.6351,16.422,08-16-21_13.05_BOOST_protocol_HPPC_IN21700_30T_cycle_#525.mat
BOOST,525,0.91742,2.74824,0.9542,1,discharge,0,-2.748,0.916,10.0,9.9,4.0965,4.0459,18.4114,08-16-21_13.05_BOOST_protocol_HPPC_IN21700_30T_cycle_#525.mat
BOOST,525,0.91742,2.74824,0.9541,1,discharge,1,-10.993,3.664,10.0,9.9,4.0958,3.91,16.9017,08-16-21_13.05_BOOST_protocol_HPPC_IN21700_30T_cycle_#525.mat
BOOST,525,0.91742,2.74824,0.954,1,discharge,2,-21.987,7.329,10.0,9.9,4.0969,3.7482,15.8594,08-16-21_13.05_BOOST_protocol_HPPC_IN21700_30T_cycle_#525.mat
BOOST,525,0.91742,2.74824,0.9539,1,discharge,3,-31.606,10.535,10.0,9.9,4.0975,3.6155,15.2503,08-16-21_13.05_BOOST_protocol_HPPC_IN21700_30T_cycle_#525.mat
BOOST,525,0.91742,2.74824,0.9084,2,discharge,0,-2.749,0.916,10.0,9.9,4.0803,4.0335,17.0269,08-16-21_13.05_BOOST_protocol_HPPC_IN21700_30T_cycle_#525.mat
BOOST,525,0.91742,2.74824,0.9083,2,discharge,1,-10.994,3.665,10.0,9.9,4.0796,3.8977,16.5454,08-16-21_13.05_BOOST_protocol_HPPC_IN21700_30T_cycle_#525.mat
BOOST,525,0.91742,2.74824,0.9082,2,discharge,2,-21.986,7.329,10.0,9.9,4.0798,3.7298,15.9192,08-16-21_13.05_BOOST_protocol_HPPC_IN21700_30T_cycle_#525.mat
BOOST,525,0.91742,2.74824,0.9081,2,discharge,3,-31.606,10.535,10.0,9.9,4.0801,3.5916,15.4559,08-16-21_13.05_BOOST_protocol_HPPC_IN21700_30T_cycle_#525.mat
BOOST,525,0.91742,2.74824,0.8168,3,discharge,0,-2.748,0.916,10.0,9.9,4.0215,3.9696,18.8851,08-16-21_13.05_BOOST_protocol_HPPC_IN21700_30T_cycle_#525.mat
BOOST,525,0.91742,2.74824,0.8167,3,discharge,1,-10.993,3.664,10.0,9.9,4.022,3.8234,18.066,08-16-21_13.05_BOOST_protocol_HPPC_IN21700_30T_cycle_#525.mat
BOOST,525,0.91742,2.74824,0.8166,3,discharge,2,-21.987,7.329,10.0,9.9,4.0226,3.6571,16.6235,08-16-21_13.05_BOOST_protocol_HPPC_IN21700_30T_cycle_#525.mat
BOOST,525,0.91742,2.74824,0.8165,3,discharge,3,-31.604,10.535,10.0,9.9,4.0231,3.5244,15.7796,08-16-21_13.05_BOOST_protocol_HPPC_IN21700_30T_cycle_#525.mat
BOOST,525,0.91742,2.74824,0.7251,4,discharge,0,-2.748,0.916,10.0,9.9,3.9216,3.8724,17.9033,08-16-21_13.05_BOOST_protocol_HPPC_IN21700_30T_cycle_#525.mat
BOOST,525,0.91742,2.74824,0.7251,4,discharge,1,-10.993,3.664,10.0,9.9,3.921,3.7387,16.5833,08-16-21_13.05_BOOST_protocol_HPPC_IN21700_30T_cycle_#525.mat
BOOST,525,0.91742,2.74824,0.725,4,discharge,2,-21.988,7.329,10.0,9.9,3.922,3.5825,15.4402,08-16-21_13.05_BOOST_protocol_HPPC_IN21700_30T_cycle_#525.mat
BOOST,525,0.91742,2.74824,0.7249,4,discharge,3,-31.605,10.535,10.0,9.9,3.9224,3.449,14.9786,08-16-21_13.05_BOOST_protocol_HPPC_IN21700_30T_cycle_#525.mat
BOOST,525,0.91742,2.74824,0.6335,5,discharge,0,-2.75,0.917,10.0,9.9,3.8385,3.7908,17.3436,08-16-21_13.05_BOOST_protocol_HPPC_IN21700_30T_cycle_#525.mat
BOOST,525,0.91742,2.74824,0.6335,5,discharge,1,-10.994,3.665,10.0,9.91,3.8391,3.6607,16.227,08-16-21_13.05_BOOST_protocol_HPPC_IN21700_30T_cycle_#525.mat
BOOST,525,0.91742,2.74824,0.6334,5,discharge,2,-21.987,7.329,10.0,9.9,3.8386,3.504,15.2181,08-16-21_13.05_BOOST_protocol_HPPC_IN21700_30T_cycle_#525.mat
BOOST,525,0.91742,2.74824,0.6333,5,discharge,3,-31.605,10.535,10.0,9.9,3.838,3.3715,14.7603,08-16-21_13.05_BOOST_protocol_HPPC_IN21700_30T_cycle_#525.mat
BOOST,525,0.91742,2.74824,0.5419,6,discharge,0,-2.748,0.916,10.0,9.9,3.7398,3.6959,15.9747,08-16-21_13.05_BOOST_protocol_HPPC_IN21700_30T_cycle_#525.mat
BOOST,525,0.91742,2.74824,0.5418,6,discharge,1,-10.993,3.664,10.0,9.9,3.7398,3.5703,15.4189,08-16-21_13.05_BOOST_protocol_HPPC_IN21700_30T_cycle_#525.mat
BOOST,525,0.91742,2.74824,0.5418,6,discharge,2,-21.985,7.328,10.0,9.9,3.7403,3.4129,14.892,08-16-21_13.05_BOOST_protocol_HPPC_IN21700_30T_cycle_#525.mat
BOOST,525,0.91742,2.74824,0.5417,6,discharge,3,-31.605,10.535,10.0,9.9,3.7403,3.2804,14.5515,08-16-21_13.05_BOOST_protocol_HPPC_IN21700_30T_cycle_#525.mat
BOOST,525,0.91742,2.74824,0.4503,7,discharge,0,-2.751,0.917,10.0,9.9,3.6569,3.6139,15.6335,08-16-21_13.05_BOOST_protocol_HPPC_IN21700_30T_cycle_#525.mat
BOOST,525,0.91742,2.74824,0.4503,7,discharge,1,-10.994,3.665,10.0,9.9,3.6569,3.4884,15.3265,08-16-21_13.05_BOOST_protocol_HPPC_IN21700_30T_cycle_#525.mat
BOOST,525,0.91742,2.74824,0.4501,7,discharge,2,-21.986,7.329,10.0,9.9,3.6572,3.3287,14.9413,08-16-21_13.05_BOOST_protocol_HPPC_IN21700_30T_cycle_#525.mat
BOOST,525,0.91742,2.74824,0.4501,7,discharge,3,-31.606,10.535,10.0,9.9,3.6573,3.1929,14.6934,08-16-21_13.05_BOOST_protocol_HPPC_IN21700_30T_cycle_#525.mat
BOOST,525,0.91742,2.74824,0.3587,8,discharge,0,-2.75,0.917,10.0,9.9,3.5948,3.5516,15.7074,08-16-21_13.05_BOOST_protocol_HPPC_IN21700_30T_cycle_#525.mat
BOOST,525,0.91742,2.74824,0.3586,8,discharge,1,-10.994,3.665,10.0,9.9,3.5949,3.4238,15.563,08-16-21_13.05_BOOST_protocol_HPPC_IN21700_30T_cycle_#525.mat
BOOST,525,0.91742,2.74824,0.3585,8,discharge,2,-21.987,7.329,10.0,9.9,3.5953,3.2592,15.2863,08-16-21_13.05_BOOST_protocol_HPPC_IN21700_30T_cycle_#525.mat
BOOST,525,0.91742,2.74824,0.3585,8,discharge,3,-31.606,10.535,10.0,9.9,3.5955,3.1184,15.0952,08-16-21_13.05_BOOST_protocol_HPPC_IN21700_30T_cycle_#525.mat
BOOST,525,0.91742,2.74824,0.2671,9,discharge,0,-2.748,0.916,10.0,9.9,3.5139,3.465,17.7941,08-16-21_13.05_BOOST_protocol_HPPC_IN21700_30T_cycle_#525.mat
BOOST,525,0.91742,2.74824,0.267,9,discharge,1,-10.996,3.665,10.0,9.9,3.5141,3.3238,17.3063,08-16-21_13.05_BOOST_protocol_HPPC_IN21700_30T_cycle_#525.mat
BOOST,525,0.91742,2.74824,0.2669,9,discharge,2,-21.986,7.329,10.0,9.9,3.5162,3.1308,17.5293,08-16-21_13.05_BOOST_protocol_HPPC_IN21700_30T_cycle_#525.mat
BOOST,525,0.91742,2.74824,0.2668,9,discharge,3,-31.604,10.535,10.0,9.9,3.5172,2.9451,18.1021,08-16-21_13.05_BOOST_protocol_HPPC_IN21700_30T_cycle_#525.mat
BOOST,525,0.91742,2.74824,0.2213,10,discharge,0,-2.75,0.917,10.0,9.9,3.461,3.4097,18.6539,08-16-21_13.05_BOOST_protocol_HPPC_IN21700_30T_cycle_#525.mat
BOOST,525,0.91742,2.74824,0.2212,10,discharge,1,-10.993,3.664,10.0,9.9,3.4617,3.2521,19.0667,08-16-21_13.05_BOOST_protocol_HPPC_IN21700_30T_cycle_#525.mat
BOOST,525,0.91742,2.74824,0.2211,10,discharge,2,-21.987,7.329,10.0,9.9,3.4627,3.0027,20.9215,08-16-21_13.05_BOOST_protocol_HPPC_IN21700_30T_cycle_#525.mat
BOOST,525,0.91742,2.74824,0.2211,10,discharge,3,-31.604,10.535,10.0,9.9,3.4631,2.7351,23.0351,08-16-21_13.05_BOOST_protocol_HPPC_IN21700_30T_cycle_#525.mat
BOOST,525,0.91742,2.74824,0.1755,11,discharge,0,-2.75,0.917,10.0,9.9,3.4176,3.3593,21.1985,08-16-21_13.05_BOOST_protocol_HPPC_IN21700_30T_cycle_#525.mat
BOOST,525,0.91742,2.74824,0.1754,11,discharge,1,-10.993,3.664,10.0,9.9,3.4185,3.1449,24.8886,08-16-21_13.05_BOOST_protocol_HPPC_IN21700_30T_cycle_#525.mat
BOOST,525,0.91742,2.74824,0.1753,11,discharge,2,-21.986,7.329,10.0,9.9,3.4206,2.7016,32.7026,08-16-21_13.05_BOOST_protocol_HPPC_IN21700_30T_cycle_#525.mat
BOOST,525,0.91742,2.74824,0.1753,11,discharge,3,-31.605,10.535,10.0,9.9,3.4197,2.4999,29.103,08-16-21_13.05_BOOST_protocol_HPPC_IN21700_30T_cycle_#525.mat
BOOST,525,0.91742,2.74824,0.1297,12,discharge,0,-2.748,0.916,10.0,9.9,3.3616,3.2703,33.223,08-16-21_13.05_BOOST_protocol_HPPC_IN21700_30T_cycle_#525.mat
BOOST,525,0.91742,2.74824,0.1296,12,discharge,1,-10.993,3.664,10.0,9.9,3.3641,2.7951,51.7602,08-16-21_13.05_BOOST_protocol_HPPC_IN21700_30T_cycle_#525.mat
BOOST,525,0.91742,2.74824,0.1295,12,discharge,2,-20.995,6.998,10.0,9.9,3.3672,2.4999,41.3098,08-16-21_13.05_BOOST_protocol_HPPC_IN21700_30T_cycle_#525.mat
BOOST,525,0.91742,2.74824,0.1294,12,discharge,3,-18.772,6.257,10.0,9.9,3.3666,2.4999,46.1698,08-16-21_13.05_BOOST_protocol_HPPC_IN21700_30T_cycle_#525.mat
BOOST,562,0.91367,2.73699,1.0,0,discharge,0,-2.736,0.912,10.0,9.7,4.1445,4.0892,20.2105,08-21-21_09.48_BOOST_protocol_HPPC_IN21700_30T_cycle_#562.mat
BOOST,562,0.91367,2.73699,0.9999,0,discharge,1,-10.948,3.649,10.0,9.9,4.1533,3.9301,20.3873,08-21-21_09.48_BOOST_protocol_HPPC_IN21700_30T_cycle_#562.mat
BOOST,562,0.91367,2.73699,0.9998,0,discharge,2,-21.896,7.299,10.0,9.9,4.1526,3.7622,17.8297,08-21-21_09.48_BOOST_protocol_HPPC_IN21700_30T_cycle_#562.mat
BOOST,562,0.91367,2.73699,0.9997,0,discharge,3,-31.475,10.492,10.0,9.9,4.1522,3.6286,16.6354,08-21-21_09.48_BOOST_protocol_HPPC_IN21700_30T_cycle_#562.mat
BOOST,562,0.91367,2.73699,0.9544,1,discharge,0,-2.738,0.913,10.0,9.9,4.0961,4.0446,18.8087,08-21-21_09.48_BOOST_protocol_HPPC_IN21700_30T_cycle_#562.mat
BOOST,562,0.91367,2.73699,0.9543,1,discharge,1,-10.948,3.649,10.0,9.9,4.0965,3.9058,17.4187,08-21-21_09.48_BOOST_protocol_HPPC_IN21700_30T_cycle_#562.mat
BOOST,562,0.91367,2.73699,0.9542,1,discharge,2,-21.895,7.298,10.0,9.9,4.0967,3.7403,16.2777,08-21-21_09.48_BOOST_protocol_HPPC_IN21700_30T_cycle_#562.mat
BOOST,562,0.91367,2.73699,0.9541,1,discharge,3,-31.474,10.491,10.0,9.9,4.0972,3.6048,15.6447,08-21-21_09.48_BOOST_protocol_HPPC_IN21700_30T_cycle_#562.mat
BOOST,562,0.91367,2.73699,0.9087,2,discharge,0,-2.736,0.912,10.0,9.9,4.0801,4.0319,17.6163,08-21-21_09.48_BOOST_protocol_HPPC_IN21700_30T_cycle_#562.mat
BOOST,562,0.91367,2.73699,0.9087,2,discharge,1,-10.948,3.649,10.0,9.9,4.0804,3.8941,17.0168,08-21-21_09.48_BOOST_protocol_HPPC_IN21700_30T_cycle_#562.mat
BOOST,562,0.91367,2.73699,0.9086,2,discharge,2,-21.896,7.299,10.0,9.9,4.0806,3.7251,16.2358,08-21-21_09.48_BOOST_protocol_HPPC_IN21700_30T_cycle_#562.mat
BOOST,562,0.91367,2.73699,0.9085,2,discharge,3,-31.475,10.492,10.0,9.9,4.0811,3.586,15.7299,08-21-21_09.48_BOOST_protocol_HPPC_IN21700_30T_cycle_#562.mat
BOOST,562,0.91367,2.73699,0.8175,3,discharge,0,-2.736,0.912,10.0,9.9,4.0211,3.9685,19.2244,08-21-21_09.48_BOOST_protocol_HPPC_IN21700_30T_cycle_#562.mat
BOOST,562,0.91367,2.73699,0.8175,3,discharge,1,-10.948,3.649,10.0,9.9,4.0217,3.8204,18.3869,08-21-21_09.48_BOOST_protocol_HPPC_IN21700_30T_cycle_#562.mat
BOOST,562,0.91367,2.73699,0.8173,3,discharge,2,-21.896,7.299,10.0,9.9,4.0216,3.6526,16.8524,08-21-21_09.48_BOOST_protocol_HPPC_IN21700_30T_cycle_#562.mat
BOOST,562,0.91367,2.73699,0.8173,3,discharge,3,-31.474,10.491,10.0,9.9,4.023,3.5176,16.0577,08-21-21_09.48_BOOST_protocol_HPPC_IN21700_30T_cycle_#562.mat
BOOST,562,0.91367,2.73699,0.7263,4,discharge,0,-2.736,0.912,10.0,9.9,3.9209,3.8713,18.1273,08-21-21_09.48_BOOST_protocol_HPPC_IN21700_30T_cycle_#562.mat
BOOST,562,0.91367,2.73699,0.7262,4,discharge,1,-10.948,3.649,10.0,9.9,3.9219,3.7335,17.2086,08-21-21_09.48_BOOST_protocol_HPPC_IN21700_30T_cycle_#562.mat
BOOST,562,0.91367,2.73699,0.7261,4,discharge,2,-21.895,7.298,10.0,9.9,3.922,3.5774,15.7388,08-21-21_09.48_BOOST_protocol_HPPC_IN21700_30T_cycle_#562.mat
BOOST,562,0.91367,2.73699,0.7261,4,discharge,3,-31.474,10.491,10.0,9.9,3.9224,3.4464,15.1236,08-21-21_09.48_BOOST_protocol_HPPC_IN21700_30T_cycle_#562.mat
BOOST,562,0.91367,2.73699,0.635,5,discharge,0,-2.736,0.912,10.0,9.9,3.8401,3.791,17.9459,08-21-21_09.48_BOOST_protocol_HPPC_IN21700_30T_cycle_#562.mat
BOOST,562,0.91367,2.73699,0.635,5,discharge,1,-10.948,3.649,10.0,9.9,3.8397,3.66,16.414,08-21-21_09.48_BOOST_protocol_HPPC_IN21700_30T_cycle_#562.mat
BOOST,562,0.91367,2.73699,0.6349,5,discharge,2,-21.896,7.299,10.0,9.9,3.8392,3.5011,15.4412,08-21-21_09.48_BOOST_protocol_HPPC_IN21700_30T_cycle_#562.mat
BOOST,562,0.91367,2.73699,0.6348,5,discharge,3,-31.474,10.491,10.0,9.9,3.839,3.3671,14.9933,08-21-21_09.48_BOOST_protocol_HPPC_IN21700_30T_cycle_#562.mat
BOOST,562,0.91367,2.73699,0.5438,6,discharge,0,-2.736,0.912,10.0,9.9,3.7414,3.6965,16.4096,08-21-21_09.48_BOOST_protocol_HPPC_IN21700_30T_cycle_#562.mat
BOOST,562,0.91367,2.73699,0.5438,6,discharge,1,-10.949,3.65,10.0,9.9,3.7415,3.5675,15.8919,08-21-21_09.48_BOOST_protocol_HPPC_IN21700_30T_cycle_#562.mat
BOOST,562,0.91367,2.73699,0.5437,6,discharge,2,-21.897,7.299,10.0,9.9,3.7419,3.406,15.34,08-21-21_09.48_BOOST_protocol_HPPC_IN21700_30T_cycle_#562.mat
BOOST,562,0.91367,2.73699,0.5436,6,discharge,3,-31.473,10.491,10.0,9.9,3.7412,3.2699,14.9747,08-21-21_09.48_BOOST_protocol_HPPC_IN21700_30T_cycle_#562.mat
BOOST,562,0.91367,2.73699,0.4526,7,discharge,0,-2.736,0.912,10.0,9.9,3.6582,3.615,15.7877,08-21-21_09.48_BOOST_protocol_HPPC_IN21700_30T_cycle_#562.mat
BOOST,562,0.91367,2.73699,0.4525,7,discharge,1,-10.946,3.649,10.0,9.9,3.6576,3.4878,15.5125,08-21-21_09.48_BOOST_protocol_HPPC_IN21700_30T_cycle_#562.mat
BOOST,562,0.91367,2.73699,0.4524,7,discharge,2,-21.896,7.299,10.0,9.9,3.6586,3.3265,15.1672,08-21-21_09.48_BOOST_protocol_HPPC_IN21700_30T_cycle_#562.mat
BOOST,562,0.91367,2.73699,0.4524,7,discharge,3,-31.473,10.491,10.0,9.9,3.659,3.1893,14.9239,08-21-21_09.48_BOOST_protocol_HPPC_IN21700_30T_cycle_#562.mat
BOOST,562,0.91367,2.73699,0.3614,8,discharge,0,-2.736,0.912,10.0,9.9,3.5958,3.5525,15.8249,08-21-21_09.48_BOOST_protocol_HPPC_IN21700_30T_cycle_#562.mat
BOOST,562,0.91367,2.73699,0.3613,8,discharge,1,-10.949,3.65,10.0,9.9,3.5966,3.4219,15.9558,08-21-21_09.48_BOOST_protocol_HPPC_IN21700_30T_cycle_#562.mat
BOOST,562,0.91367,2.73699,0.3612,8,discharge,2,-21.897,7.299,10.0,9.9,3.5969,3.2532,15.6962,08-21-21_09.48_BOOST_protocol_HPPC_IN21700_30T_cycle_#562.mat
BOOST,562,0.91367,2.73699,0.3611,8,discharge,3,-31.473,10.491,10.0,9.9,3.5973,3.1083,15.5371,08-21-21_09.48_BOOST_protocol_HPPC_IN21700_30T_cycle_#562.mat
BOOST,562,0.91367,2.73699,0.2701,9,discharge,0,-2.736,0.912,10.0,9.9,3.5167,3.4684,17.6522,08-21-21_09.48_BOOST_protocol_HPPC_IN21700_30T_cycle_#562.mat
BOOST,562,0.91367,2.73699,0.27,9,discharge,1,-10.948,3.649,10.0,9.9,3.5169,3.3261,17.4278,08-21-21_09.48_BOOST_protocol_HPPC_IN21700_30T_cycle_#562.mat
BOOST,562,0.91367,2.73699,0.27,9,discharge,2,-21.896,7.299,10.0,9.9,3.5189,3.1304,17.743,08-21-21_09.48_BOOST_protocol_HPPC_IN21700_30T_cycle_#562.mat
BOOST,562,0.91367,2.73699,0.2699,9,discharge,3,-31.473,10.491,10.0,9.9,3.52,2.9439,18.3046,08-21-21_09.48_BOOST_protocol_HPPC_IN21700_30T_cycle_#562.mat
BOOST,562,0.91367,2.73699,0.2245,10,discharge,0,-2.736,0.912,10.0,9.9,3.4647,3.4127,19.0045,08-21-21_09.48_BOOST_protocol_HPPC_IN21700_30T_cycle_#562.mat
BOOST,562,0.91367,2.73699,0.2244,10,discharge,1,-10.948,3.649,10.0,9.9,3.4652,3.253,19.3825,08-21-21_09.48_BOOST_protocol_HPPC_IN21700_30T_cycle_#562.mat
BOOST,562,0.91367,2.73699,0.2243,10,discharge,2,-21.894,7.298,10.0,9.9,3.467,3.0019,21.2433,08-21-21_09.48_BOOST_protocol_HPPC_IN21700_30T_cycle_#562.mat
BOOST,562,0.91367,2.73699,0.2243,10,discharge,3,-31.474,10.491,10.0,9.9,3.467,2.7314,23.3717,08-21-21_09.48_BOOST_protocol_HPPC_IN21700_30T_cycle_#562.mat
BOOST,562,0.91367,2.73699,0.1789,11,discharge,0,-2.736,0.912,10.0,9.9,3.4208,3.3606,22.0037,08-21-21_09.48_BOOST_protocol_HPPC_IN21700_30T_cycle_#562.mat
BOOST,562,0.91367,2.73699,0.1788,11,discharge,1,-10.948,3.649,10.0,9.9,3.4215,3.1405,25.6668,08-21-21_09.48_BOOST_protocol_HPPC_IN21700_30T_cycle_#562.mat
BOOST,562,0.91367,2.73699,0.1787,11,discharge,2,-21.896,7.299,10.0,9.9,3.4237,2.7068,32.7411,08-21-21_09.48_BOOST_protocol_HPPC_IN21700_30T_cycle_#562.mat
BOOST,562,0.91367,2.73699,0.1786,11,discharge,3,-31.475,10.492,10.0,9.9,3.423,2.4999,29.328,08-21-21_09.48_BOOST_protocol_HPPC_IN21700_30T_cycle_#562.mat
BOOST,562,0.91367,2.73699,0.1333,12,discharge,0,-2.736,0.912,10.0,9.9,3.3693,3.2798,32.7132,08-21-21_09.48_BOOST_protocol_HPPC_IN21700_30T_cycle_#562.mat
BOOST,562,0.91367,2.73699,0.1332,12,discharge,1,-10.948,3.649,10.0,9.9,3.3701,2.8256,49.7351,08-21-21_09.48_BOOST_protocol_HPPC_IN21700_30T_cycle_#562.mat
BOOST,562,0.91367,2.73699,0.1331,12,discharge,2,-21.592,7.197,10.0,9.9,3.3741,2.4999,40.4872,08-21-21_09.48_BOOST_protocol_HPPC_IN21700_30T_cycle_#562.mat
BOOST,562,0.91367,2.73699,0.133,12,discharge,3,-19.601,6.534,10.0,9.9,3.3736,2.4999,44.5743,08-21-21_09.48_BOOST_protocol_HPPC_IN21700_30T_cycle_#562.mat
BOOST,600,0.91,2.72599,1.0,0,discharge,0,-2.726,0.909,10.0,9.7,4.143,4.0861,20.8738,08-27-21_18.01_BOOST_protocol_HPPC_IN21700_30T_cycle_#600.mat
BOOST,600,0.91,2.72599,0.9999,0,discharge,1,-10.904,3.635,10.0,9.9,4.1522,3.925,20.8364,08-27-21_18.01_BOOST_protocol_HPPC_IN21700_30T_cycle_#600.mat
BOOST,600,0.91,2.72599,0.9998,0,discharge,2,-21.809,7.27,10.0,9.9,4.1512,3.7556,18.1393,08-27-21_18.01_BOOST_protocol_HPPC_IN21700_30T_cycle_#600.mat
BOOST,600,0.91,2.72599,0.9997,0,discharge,3,-31.35,10.45,10.0,9.9,4.1508,3.6215,16.8836,08-27-21_18.01_BOOST_protocol_HPPC_IN21700_30T_cycle_#600.mat
BOOST,600,0.91,2.72599,0.9545,1,discharge,0,-2.726,0.909,10.0,9.9,4.0957,4.043,19.3331,08-27-21_18.01_BOOST_protocol_HPPC_IN21700_30T_cycle_#600.mat
BOOST,600,0.91,2.72599,0.9545,1,discharge,1,-10.904,3.635,10.0,9.9,4.096,3.9013,17.8558,08-27-21_18.01_BOOST_protocol_HPPC_IN21700_30T_cycle_#600.mat
BOOST,600,0.91,2.72599,0.9544,1,discharge,2,-21.809,7.27,10.0,9.9,4.0963,3.7341,16.6078,08-27-21_18.01_BOOST_protocol_HPPC_IN21700_30T_cycle_#600.mat
BOOST,600,0.91,2.72599,0.9543,1,discharge,3,-31.35,10.45,10.0,9.9,4.096,3.5976,15.8979,08-27-21_18.01_BOOST_protocol_HPPC_IN21700_30T_cycle_#600.mat
BOOST,600,0.91,2.72599,0.9091,2,discharge,0,-2.728,0.909,10.0,9.9,4.0791,4.0308,17.7066,08-27-21_18.01_BOOST_protocol_HPPC_IN21700_30T_cycle_#600.mat
BOOST,600,0.91,2.72599,0.909,2,discharge,1,-10.905,3.635,10.0,9.9,4.08,3.8901,17.414,08-27-21_18.01_BOOST_protocol_HPPC_IN21700_30T_cycle_#600.mat
BOOST,600,0.91,2.72599,0.9089,2,discharge,2,-21.807,7.269,10.0,9.9,4.0804,3.7179,16.6231,08-27-21_18.01_BOOST_protocol_HPPC_IN21700_30T_cycle_#600.mat
BOOST,600,0.91,2.72599,0.9089,2,discharge,3,-31.349,10.45,10.0,9.9,4.081,3.5782,16.0388,08-27-21_18.01_BOOST_protocol_HPPC_IN21700_30T_cycle_#600.mat
BOOST,600,0.91,2.72599,0.8182,3,discharge,0,-2.726,0.909,10.0,9.9,4.0196,3.9664,19.5158,08-27-21_18.01_BOOST_protocol_HPPC_IN21700_30T_cycle_#600.mat
BOOST,600,0.91,2.72599,0.8182,3,discharge,1,-10.904,3.635,10.0,9.9,4.0204,3.8163,18.7179,08-27-21_18.01_BOOST_protocol_HPPC_IN21700_30T_cycle_#600.mat
BOOST,600,0.91,2.72599,0.8181,3,discharge,2,-21.809,7.27,10.0,9.9,4.0208,3.6463,17.1718,08-27-21_18.01_BOOST_protocol_HPPC_IN21700_30T_cycle_#600.mat
BOOST,600,0.91,2.72599,0.818,3,discharge,3,-31.348,10.449,10.0,9.9,4.0217,3.5108,16.2977,08-27-21_18.01_BOOST_protocol_HPPC_IN21700_30T_cycle_#600.mat
BOOST,600,0.91,2.72599,0.7273,4,discharge,0,-2.726,0.909,10.0,9.9,3.9209,3.8699,18.7094,08-27-21_18.01_BOOST_protocol_HPPC_IN21700_30T_cycle_#600.mat
BOOST,600,0.91,2.72599,0.7273,4,discharge,1,-10.904,3.635,10.0,9.9,3.9211,3.7307,17.4615,08-27-21_18.01_BOOST_protocol_HPPC_IN21700_30T_cycle_#600.mat
BOOST,600,0.91,2.72599,0.7272,4,discharge,2,-21.807,7.269,10.0,9.9,3.9207,3.5728,15.9536,08-27-21_18.01_BOOST_protocol_HPPC_IN21700_30T_cycle_#600.mat
BOOST,600,0.91,2.72599,0.7271,4,discharge,3,-31.349,10.45,10.0,9.9,3.9213,3.4403,15.3434,08-27-21_18.01_BOOST_protocol_HPPC_IN21700_30T_cycle_#600.mat
BOOST,600,0.91,2.72599,0.6365,5,discharge,0,-2.726,0.909,10.0,9.9,3.8388,3.7895,18.0844,08-27-21_18.01_BOOST_protocol_HPPC_IN21700_30T_cycle_#600.mat
BOOST,600,0.91,2.72599,0.6364,5,discharge,1,-10.904,3.635,10.0,9.9,3.8387,3.6569,16.6728,08-27-21_18.01_BOOST_protocol_HPPC_IN21700_30T_cycle_#600.mat
BOOST,600,0.91,2.72599,0.6363,5,discharge,2,-21.807,7.269,10.0,9.9,3.8376,3.4966,15.6372,08-27-21_18.01_BOOST_protocol_HPPC_IN21700_30T_cycle_#600.mat
BOOST,600,0.91,2.72599,0.6363,5,discharge,3,-31.348,10.449,10.0,9.9,3.8379,3.3609,15.2163,08-27-21_18.01_BOOST_protocol_HPPC_IN21700_30T_cycle_#600.mat
BOOST,600,0.91,2.72599,0.5456,6,discharge,0,-2.726,0.909,10.0,9.9,3.7409,3.6953,16.7284,08-27-21_18.01_BOOST_protocol_HPPC_IN21700_30T_cycle_#600.mat
BOOST,600,0.91,2.72599,0.5456,6,discharge,1,-10.904,3.635,10.0,9.9,3.7413,3.5647,16.1959,08-27-21_18.01_BOOST_protocol_HPPC_IN21700_30T_cycle_#600.mat
BOOST,600,0.91,2.72599,0.5455,6,discharge,2,-21.807,7.269,10.0,9.9,3.7414,3.4016,15.5822,08-27-21_18.01_BOOST_protocol_HPPC_IN21700_30T_cycle_#600.mat
BOOST,600,0.91,2.72599,0.5454,6,discharge,3,-31.35,10.45,10.0,9.9,3.7416,3.2645,15.2185,08-27-21_18.01_BOOST_protocol_HPPC_IN21700_30T_cycle_#600.mat
BOOST,600,0.91,2.72599,0.4547,7,discharge,0,-2.726,0.909,10.0,9.9,3.658,3.6143,16.0285,08-27-21_18.01_BOOST_protocol_HPPC_IN21700_30T_cycle_#600.mat
BOOST,600,0.91,2.72599,0.4547,7,discharge,1,-10.905,3.635,10.0,9.9,3.6583,3.4853,15.8643,08-27-21_18.01_BOOST_protocol_HPPC_IN21700_30T_cycle_#600.mat
BOOST,600,0.91,2.72599,0.4546,7,discharge,2,-21.808,7.269,10.0,9.9,3.6585,3.3222,15.4209,08-27-21_18.01_BOOST_protocol_HPPC_IN21700_30T_cycle_#600.mat
BOOST,600,0.91,2.72599,0.4545,7,discharge,3,-31.35,10.45,10.0,9.9,3.6587,3.1836,15.1547,08-27-21_18.01_BOOST_protocol_HPPC_IN21700_30T_cycle_#600.mat
BOOST,600,0.91,2.72599,0.3639,8,discharge,0,-2.726,0.909,10.0,9.9,3.5961,3.5515,16.3622,08-27-21_18.01_BOOST_protocol_HPPC_IN21700_30T_cycle_#600.mat
BOOST,600,0.91,2.72599,0.3638,8,discharge,1,-10.904,3.635,10.0,9.9,3.5964,3.4192,16.2509,08-27-21_18.01_BOOST_protocol_HPPC_IN21700_30T_cycle_#600.mat
BOOST,600,0.91,2.72599,0.3637,8,discharge,2,-21.807,7.269,10.0,9.9,3.5968,3.2486,15.9673,08-27-21_18.01_BOOST_protocol_HPPC_IN21700_30T_cycle_#600.mat
BOOST,600,0.91,2.72599,0.3636,8,discharge,3,-31.35,10.45,10.0,9.9,3.5971,3.1025,15.7767,08-27-21_18.01_BOOST_protocol_HPPC_IN21700_30T_cycle_#600.mat
BOOST,600,0.91,2.72599,0.273,9,discharge,0,-2.727,0.909,10.0,9.9,3.5165,3.4675,17.9718,08-27-21_18.01_BOOST_protocol_HPPC_IN21700_30T_cycle_#600.mat
BOOST,600,0.91,2.72599,0.2729,9,discharge,1,-10.904,3.635,10.0,9.9,3.5163,3.3223,17.7916,08-27-21_18.01_BOOST_protocol_HPPC_IN21700_30T_cycle_#600.mat
BOOST,600,0.91,2.72599,0.2729,9,discharge,2,-21.809,7.27,10.0,9.9,3.5187,3.1227,18.1576,08-27-21_18.01_BOOST_protocol_HPPC_IN21700_30T_cycle_#600.mat
BOOST,600,0.91,2.72599,0.2728,9,discharge,3,-31.351,10.45,10.0,9.9,3.52,2.9322,18.749,08-27-21_18.01_BOOST_protocol_HPPC_IN21700_30T_cycle_#600.mat
BOOST,600,0.91,2.72599,0.2276,10,discharge,0,-2.726,0.909,10.0,9.9,3.465,3.4118,19.5151,08-27-21_18.01_BOOST_protocol_HPPC_IN21700_30T_cycle_#600.mat
BOOST,600,0.91,2.72599,0.2275,10,discharge,1,-10.904,3.635,10.0,9.9,3.4655,3.2484,19.9101,08-27-21_18.01_BOOST_protocol_HPPC_IN21700_30T_cycle_#600.mat
BOOST,600,0.91,2.72599,0.2274,10,discharge,2,-21.808,7.269,10.0,9.9,3.4672,2.9905,21.859,08-27-21_18.01_BOOST_protocol_HPPC_IN21700_30T_cycle_#600.mat
BOOST,600,0.91,2.72599,0.2274,10,discharge,3,-31.35,10.45,10.0,9.9,3.4671,2.7147,24.0,08-27-21_18.01_BOOST_protocol_HPPC_IN21700_30T_cycle_#600.mat
BOOST,600,0.91,2.72599,0.1821,11,discharge,0,-2.726,0.909,10.0,9.9,3.4213,3.3596,22.6331,08-27-21_18.01_BOOST_protocol_HPPC_IN21700_30T_cycle_#600.mat
BOOST,600,0.91,2.72599,0.1821,11,discharge,1,-10.904,3.635,10.0,9.9,3.4218,3.1324,26.5407,08-27-21_18.01_BOOST_protocol_HPPC_IN21700_30T_cycle_#600.mat
BOOST,600,0.91,2.72599,0.182,11,discharge,2,-21.807,7.269,10.0,9.9,3.424,2.6884,33.7323,08-27-21_18.01_BOOST_protocol_HPPC_IN21700_30T_cycle_#600.mat
BOOST,600,0.91,2.72599,0.1819,11,discharge,3,-31.348,10.449,10.0,9.9,3.4228,2.4998,29.4437,08-27-21_18.01_BOOST_protocol_HPPC_IN21700_30T_cycle_#600.mat
BOOST,600,0.91,2.72599,0.1367,12,discharge,0,-2.726,0.909,10.0,9.9,3.37,3.2778,33.82,08-27-21_18.01_BOOST_protocol_HPPC_IN21700_30T_cycle_#600.mat
BOOST,600,0.91,2.72599,0.1367,12,discharge,1,-10.905,3.635,10.0,9.9,3.3715,2.8121,51.2976,08-27-21_18.01_BOOST_protocol_HPPC_IN21700_30T_cycle_#600.mat
BOOST,600,0.91,2.72599,0.1365,12,discharge,2,-21.26,7.087,10.0,9.9,3.3749,2.4999,41.1571,08-27-21_18.01_BOOST_protocol_HPPC_IN21700_30T_cycle_#600.mat
BOOST,600,0.91,2.72599,0.1365,12,discharge,3,-19.375,6.458,10.0,9.9,3.3746,2.4999,45.1458,08-27-21_18.01_BOOST_protocol_HPPC_IN21700_30T_cycle_#600.mat
BOOST,637,0.90625,2.71475,1.0,0,discharge,0,-2.715,0.905,10.0,9.7,4.1416,4.0839,21.2539,09-01-21_09.56_BOOST_protocol_HPPC_IN21700_30T_cycle_#637.mat
BOOST,637,0.90625,2.71475,0.9999,0,discharge,1,-10.861,3.62,10.0,9.9,4.1508,3.9206,21.1951,09-01-21_09.56_BOOST_protocol_HPPC_IN21700_30T_cycle_#637.mat
BOOST,637,0.90625,2.71475,0.9998,0,discharge,2,-21.721,7.24,10.0,9.9,4.15,3.7496,18.4338,09-01-21_09.56_BOOST_protocol_HPPC_IN21700_30T_cycle_#637.mat
BOOST,637,0.90625,2.71475,0.9997,0,discharge,3,-31.221,10.407,10.0,9.9,4.1494,3.6136,17.1615,09-01-21_09.56_BOOST_protocol_HPPC_IN21700_30T_cycle_#637.mat
BOOST,637,0.90625,2.71475,0.9547,1,discharge,0,-2.715,0.905,10.0,9.9,4.0953,4.0414,19.8563,09-01-21_09.56_BOOST_protocol_HPPC_IN21700_30T_cycle_#637.mat
BOOST,637,0.90625,2.71475,0.9547,1,discharge,1,-10.86,3.62,10.0,9.9,4.0954,3.8978,18.1952,09-01-21_09.56_BOOST_protocol_HPPC_IN21700_30T_cycle_#637.mat
BOOST,637,0.90625,2.71475,0.9546,1,discharge,2,-21.721,7.24,10.0,9.9,4.0957,3.7285,16.9053,09-01-21_09.56_BOOST_protocol_HPPC_IN21700_30T_cycle_#637.mat
BOOST,637,0.90625,2.71475,0.9545,1,discharge,3,-31.221,10.407,10.0,9.9,4.0963,3.5903,16.207,09-01-21_09.56_BOOST_protocol_HPPC_IN21700_30T_cycle_#637.mat
BOOST,637,0.90625,2.71475,0.9095,2,discharge,0,-2.717,0.906,10.0,9.9,4.0796,4.0295,18.4422,09-01-21_09.56_BOOST_protocol_HPPC_IN21700_30T_cycle_#637.mat
BOOST,637,0.90625,2.71475,0.9094,2,discharge,1,-10.86,3.62,10.0,9.9,4.08,3.8866,17.8085,09-01-21_09.56_BOOST_protocol_HPPC_IN21700_30T_cycle_#637.mat
BOOST,637,0.90625,2.71475,0.9093,2,discharge,2,-21.721,7.24,10.0,9.9,4.0793,3.7127,16.8777,09-01-21_09.56_BOOST_protocol_HPPC_IN21700_30T_cycle_#637.mat
BOOST,637,0.90625,2.71475,0.9093,2,discharge,3,-31.223,10.408,10.0,9.9,4.0807,3.571,16.3245,09-01-21_09.56_BOOST_protocol_HPPC_IN21700_30T_cycle_#637.mat
BOOST,637,0.90625,2.71475,0.819,3,discharge,0,-2.715,0.905,10.0,9.9,4.0188,3.9645,20.0022,09-01-21_09.56_BOOST_protocol_HPPC_IN21700_30T_cycle_#637.mat
BOOST,637,0.90625,2.71475,0.8189,3,discharge,1,-10.86,3.62,10.0,9.9,4.0193,3.8127,19.0239,09-01-21_09.56_BOOST_protocol_HPPC_IN21700_30T_cycle_#637.mat
BOOST,637,0.90625,2.71475,0.8188,3,discharge,2,-21.722,7.241,10.0,9.9,4.0201,3.6413,17.4385,09-01-21_09.56_BOOST_protocol_HPPC_IN21700_30T_cycle_#637.mat
BOOST,637,0.90625,2.71475,0.8188,3,discharge,3,-31.221,10.407,10.0,9.9,4.0201,3.5045,16.5145,09-01-21_09.56_BOOST_protocol_HPPC_IN21700_30T_cycle_#637.mat
BOOST,637,0.90625,2.71475,0.7286,4,discharge,0,-2.713,0.904,10.0,9.9,3.9206,3.869,19.0223,09-01-21_09.56_BOOST_protocol_HPPC_IN21700_30T_cycle_#637.mat
BOOST,637,0.90625,2.71475,0.7285,4,discharge,1,-10.86,3.62,10.0,9.9,3.9199,3.7282,17.6519,09-01-21_09.56_BOOST_protocol_HPPC_IN21700_30T_cycle_#637.mat
BOOST,637,0.90625,2.71475,0.7284,4,discharge,2,-21.722,7.241,10.0,9.9,3.9211,3.5683,16.2416,09-01-21_09.56_BOOST_protocol_HPPC_IN21700_30T_cycle_#637.mat
BOOST,637,0.90625,2.71475,0.7284,4,discharge,3,-31.221,10.407,10.0,9.9,3.9217,3.4344,15.6081,09-01-21_09.56_BOOST_protocol_HPPC_IN21700_30T_cycle_#637.mat
BOOST,637,0.90625,2.71475,0.6381,5,discharge,0,-2.715,0.905,10.0,9.9,3.8383,3.7888,18.2354,09-01-21_09.56_BOOST_protocol_HPPC_IN21700_30T_cycle_#637.mat
BOOST,637,0.90625,2.71475,0.638,5,discharge,1,-10.861,3.62,10.0,9.9,3.8382,3.6545,16.9137,09-01-21_09.56_BOOST_protocol_HPPC_IN21700_30T_cycle_#637.mat
BOOST,637,0.90625,2.71475,0.6379,5,discharge,2,-21.72,7.24,10.0,9.9,3.8378,3.4922,15.9116,09-01-21_09.56_BOOST_protocol_HPPC_IN21700_30T_cycle_#637.mat
BOOST,637,0.90625,2.71475,0.6379,5,discharge,3,-31.222,10.407,10.0,9.9,3.8375,3.3554,15.441,09-01-21_09.56_BOOST_protocol_HPPC_IN21700_30T_cycle_#637.mat
BOOST,637,0.90625,2.71475,0.5476,6,discharge,0,-2.715,0.905,10.0,9.9,3.7407,3.6955,16.6507,09-01-21_09.56_BOOST_protocol_HPPC_IN21700_30T_cycle_#637.mat
BOOST,637,0.90625,2.71475,0.5475,6,discharge,1,-10.86,3.62,10.0,9.9,3.7417,3.5627,16.4825,09-01-21_09.56_BOOST_protocol_HPPC_IN21700_30T_cycle_#637.mat
BOOST,637,0.90625,2.71475,0.5474,6,discharge,2,-21.72,7.24,10.0,9.9,3.7421,3.3976,15.861,09-01-21_09.56_BOOST_protocol_HPPC_IN21700_30T_cycle_#637.mat
BOOST,637,0.90625,2.71475,0.5474,6,discharge,3,-31.222,10.407,10.0,9.9,3.7421,3.259,15.4731,09-01-21_09.56_BOOST_protocol_HPPC_IN21700_30T_cycle_#637.mat
BOOST,637,0.90625,2.71475,0.4571,7,discharge,0,-2.715,0.905,10.0,9.9,3.6584,3.614,16.3554,09-01-21_09.56_BOOST_protocol_HPPC_IN21700_30T_cycle_#637.mat
BOOST,637,0.90625,2.71475,0.457,7,discharge,1,-10.861,3.62,10.0,9.9,3.6585,3.4831,16.1495,09-01-21_09.56_BOOST_protocol_HPPC_IN21700_30T_cycle_#637.mat
BOOST,637,0.90625,2.71475,0.4569,7,discharge,2,-21.72,7.24,10.0,9.9,3.6588,3.3178,15.6998,09-01-21_09.56_BOOST_protocol_HPPC_IN21700_30T_cycle_#637.mat
BOOST,637,0.90625,2.71475,0.4568,7,discharge,3,-31.22,10.407,10.0,9.9,3.6592,3.1779,15.4164,09-01-21_09.56_BOOST_protocol_HPPC_IN21700_30T_cycle_#637.mat
BOOST,637,0.90625,2.71475,0.3666,8,discharge,0,-2.715,0.905,10.0,9.9,3.5964,3.5511,16.6882,09-01-21_09.56_BOOST_protocol_HPPC_IN21700_30T_cycle_#637.mat
BOOST,637,0.90625,2.71475,0.3665,8,discharge,1,-10.86,3.62,10.0,9.9,3.5966,3.4166,16.5746,09-01-21_09.56_BOOST_protocol_HPPC_IN21700_30T_cycle_#637.mat
BOOST,637,0.90625,2.71475,0.3664,8,discharge,2,-21.721,7.24,10.0,9.9,3.5972,3.2434,16.2884,09-01-21_09.56_BOOST_protocol_HPPC_IN21700_30T_cycle_#637.mat
BOOST,637,0.90625,2.71475,0.3664,8,discharge,3,-31.222,10.407,10.0,9.9,3.5973,3.0954,16.0752,09-01-21_09.56_BOOST_protocol_HPPC_IN21700_30T_cycle_#637.mat
BOOST,637,0.90625,2.71475,0.2761,9,discharge,0,-2.715,0.905,10.0,9.9,3.5169,3.4669,18.4189,09-01-21_09.56_BOOST_protocol_HPPC_IN21700_30T_cycle_#637.mat
BOOST,637,0.90625,2.71475,0.276,9,discharge,1,-10.86,3.62,10.0,9.9,3.5171,3.3189,18.2505,09-01-21_09.56_BOOST_protocol_HPPC_IN21700_30T_cycle_#637.mat
BOOST,637,0.90625,2.71475,0.2759,9,discharge,2,-21.721,7.24,10.0,9.9,3.519,3.1159,18.5581,09-01-21_09.56_BOOST_protocol_HPPC_IN21700_30T_cycle_#637.mat
BOOST,637,0.90625,2.71475,0.2759,9,discharge,3,-31.222,10.407,10.0,9.9,3.5201,2.9207,19.198,09-01-21_09.56_BOOST_protocol_HPPC_IN21700_30T_cycle_#637.mat
BOOST,637,0.90625,2.71475,0.2308,10,discharge,0,-2.715,0.905,10.0,9.9,3.4656,3.4115,19.93,09-01-21_09.56_BOOST_protocol_HPPC_IN21700_30T_cycle_#637.mat
BOOST,637,0.90625,2.71475,0.2308,10,discharge,1,-10.86,3.62,10.0,9.9,3.4661,3.2441,20.442,09-01-21_09.56_BOOST_protocol_HPPC_IN21700_30T_cycle_#637.mat
BOOST,637,0.90625,2.71475,0.2307,10,discharge,2,-21.721,7.24,10.0,9.9,3.4677,2.9802,22.4437,09-01-21_09.56_BOOST_protocol_HPPC_IN21700_30T_cycle_#637.mat
BOOST,637,0.90625,2.71475,0.2306,10,discharge,3,-31.222,10.407,10.0,9.9,3.4676,2.6967,24.6909,09-01-21_09.56_BOOST_protocol_HPPC_IN21700_30T_cycle_#637.mat
BOOST,637,0.90625,2.71475,0.1855,11,discharge,0,-2.715,0.905,10.0,9.9,3.4222,3.359,23.2798,09-01-21_09.56_BOOST_protocol_HPPC_IN21700_30T_cycle_#637.mat
BOOST,637,0.90625,2.71475,0.1855,11,discharge,1,-10.862,3.621,10.0,9.9,3.4225,3.1259,27.3062,09-01-21_09.56_BOOST_protocol_HPPC_IN21700_30T_cycle_#637.mat
BOOST,637,0.90625,2.71475,0.1854,11,discharge,2,-21.721,7.24,10.0,9.9,3.4247,2.6749,34.5196,09-01-21_09.56_BOOST_protocol_HPPC_IN21700_30T_cycle_#637.mat
BOOST,637,0.90625,2.71475,0.1853,11,discharge,3,-31.222,10.407,10.0,9.9,3.4243,2.4998,29.6105,09-01-21_09.56_BOOST_protocol_HPPC_IN21700_30T_cycle_#637.mat
BOOST,637,0.90625,2.71475,0.1403,12,discharge,0,-2.715,0.905,10.0,9.9,3.3708,3.2767,34.6631,09-01-21_09.56_BOOST_protocol_HPPC_IN21700_30T_cycle_#637.mat
BOOST,637,0.90625,2.71475,0.1403,12,discharge,1,-10.862,3.621,10.0,9.9,3.3723,2.807,52.0438,09-01-21_09.56_BOOST_protocol_HPPC_IN21700_30T_cycle_#637.mat
BOOST,637,0.90625,2.71475,0.1402,12,discharge,2,-21.079,7.026,10.0,9.9,3.3755,2.5,41.5342,09-01-21_09.56_BOOST_protocol_HPPC_IN21700_30T_cycle_#637.mat
BOOST,637,0.90625,2.71475,0.1401,12,discharge,3,-19.093,6.364,10.0,9.9,3.3752,2.5,45.8388,09-01-21_09.56_BOOST_protocol_HPPC_IN21700_30T_cycle_#637.mat
BOOST,675,0.90177,2.70134,1.0,0,discharge,0,-2.7,0.9,10.0,9.7,4.1404,4.0809,22.0338,09-07-21_17.47_BOOST_protocol_HPPC_IN21700_30T_cycle_#675.mat
BOOST,675,0.90177,2.70134,0.9999,0,discharge,1,-10.805,3.602,10.0,9.9,4.1495,3.9152,21.6844,09-07-21_17.47_BOOST_protocol_HPPC_IN21700_30T_cycle_#675.mat
BOOST,675,0.90177,2.70134,0.9998,0,discharge,2,-21.611,7.204,10.0,9.9,4.1484,3.7431,18.7543,09-07-21_17.47_BOOST_protocol_HPPC_IN21700_30T_cycle_#675.mat
BOOST,675,0.90177,2.70134,0.9998,0,discharge,3,-31.064,10.355,10.0,9.9,4.148,3.6069,17.4189,09-07-21_17.47_BOOST_protocol_HPPC_IN21700_30T_cycle_#675.mat
BOOST,675,0.90177,2.70134,0.955,1,discharge,0,-2.701,0.9,10.0,9.9,4.0948,4.0396,20.4354,09-07-21_17.47_BOOST_protocol_HPPC_IN21700_30T_cycle_#675.mat
BOOST,675,0.90177,2.70134,0.9549,1,discharge,1,-10.805,3.602,10.0,9.9,4.0942,3.8935,18.5747,09-07-21_17.47_BOOST_protocol_HPPC_IN21700_30T_cycle_#675.mat
BOOST,675,0.90177,2.70134,0.9548,1,discharge,2,-21.61,7.203,10.0,9.9,4.0944,3.7224,17.2147,09-07-21_17.47_BOOST_protocol_HPPC_IN21700_30T_cycle_#675.mat
BOOST,675,0.90177,2.70134,0.9547,1,discharge,3,-31.063,10.354,10.0,9.9,4.0952,3.5834,16.4762,09-07-21_17.47_BOOST_protocol_HPPC_IN21700_30T_cycle_#675.mat
BOOST,675,0.90177,2.70134,0.9099,2,discharge,0,-2.699,0.9,10.0,9.9,4.0794,4.028,19.0448,09-07-21_17.47_BOOST_protocol_HPPC_IN21700_30T_cycle_#675.mat
BOOST,675,0.90177,2.70134,0.9099,2,discharge,1,-10.805,3.602,10.0,9.9,4.0796,3.882,18.2878,09-07-21_17.47_BOOST_protocol_HPPC_IN21700_30T_cycle_#675.mat
BOOST,675,0.90177,2.70134,0.9098,2,discharge,2,-21.61,7.203,10.0,9.9,4.0791,3.7062,17.2559,09-07-21_17.47_BOOST_protocol_HPPC_IN21700_30T_cycle_#675.mat
BOOST,675,0.90177,2.70134,0.9097,2,discharge,3,-31.062,10.354,10.0,9.9,4.0798,3.5641,16.6023,09-07-21_17.47_BOOST_protocol_HPPC_IN21700_30T_cycle_#675.mat
BOOST,675,0.90177,2.70134,0.8199,3,discharge,0,-2.701,0.9,10.0,9.9,4.0168,3.9628,19.9948,09-07-21_17.47_BOOST_protocol_HPPC_IN21700_30T_cycle_#675.mat
BOOST,675,0.90177,2.70134,0.8198,3,discharge,1,-10.805,3.602,10.0,9.9,4.0184,3.8088,19.3984,09-07-21_17.47_BOOST_protocol_HPPC_IN21700_30T_cycle_#675.mat
BOOST,675,0.90177,2.70134,0.8198,3,discharge,2,-21.609,7.203,10.0,9.9,4.019,3.636,17.7241,09-07-21_17.47_BOOST_protocol_HPPC_IN21700_30T_cycle_#675.mat
BOOST,675,0.90177,2.70134,0.8197,3,discharge,3,-31.063,10.354,10.0,9.9,4.0199,3.4984,16.7885,09-07-21_17.47_BOOST_protocol_HPPC_IN21700_30T_cycle_#675.mat
BOOST,675,0.90177,2.70134,0.7299,4,discharge,0,-2.7,0.9,10.0,9.9,3.9202,3.8682,19.2571,09-07-21_17.47_BOOST_protocol_HPPC_IN21700_30T_cycle_#675.mat
BOOST,675,0.90177,2.70134,0.7298,4,discharge,1,-10.805,3.602,10.0,9.9,3.9205,3.7254,18.0565,09-07-21_17.47_BOOST_protocol_HPPC_IN21700_30T_cycle_#675.mat
BOOST,675,0.90177,2.70134,0.7297,4,discharge,2,-21.61,7.203,10.0,9.9,3.9206,3.5639,16.5062,09-07-21_17.47_BOOST_protocol_HPPC_IN21700_30T_cycle_#675.mat
BOOST,675,0.90177,2.70134,0.7296,4,discharge,3,-31.064,10.355,10.0,9.9,3.9211,3.4291,15.8383,09-07-21_17.47_BOOST_protocol_HPPC_IN21700_30T_cycle_#675.mat
BOOST,675,0.90177,2.70134,0.6398,5,discharge,0,-2.701,0.9,10.0,9.9,3.8378,3.7877,18.5501,09-07-21_17.47_BOOST_protocol_HPPC_IN21700_30T_cycle_#675.mat
BOOST,675,0.90177,2.70134,0.6398,5,discharge,1,-10.805,3.602,10.0,9.9,3.8377,3.6521,17.1772,09-07-21_17.47_BOOST_protocol_HPPC_IN21700_30T_cycle_#675.mat
BOOST,675,0.90177,2.70134,0.6396,5,discharge,2,-21.609,7.203,10.0,9.9,3.8373,3.4878,16.1738,09-07-21_17.47_BOOST_protocol_HPPC_IN21700_30T_cycle_#675.mat
BOOST,675,0.90177,2.70134,0.6396,5,discharge,3,-31.063,10.354,10.0,9.9,3.837,3.3504,15.6649,09-07-21_17.47_BOOST_protocol_HPPC_IN21700_30T_cycle_#675.mat
BOOST,675,0.90177,2.70134,0.5498,6,discharge,0,-2.699,0.9,10.0,9.9,3.7413,3.6955,16.9711,09-07-21_17.47_BOOST_protocol_HPPC_IN21700_30T_cycle_#675.mat
BOOST,675,0.90177,2.70134,0.5497,6,discharge,1,-10.804,3.601,10.0,9.9,3.7414,3.5611,16.6883,09-07-21_17.47_BOOST_protocol_HPPC_IN21700_30T_cycle_#675.mat
BOOST,675,0.90177,2.70134,0.5496,6,discharge,2,-21.609,7.203,10.0,9.9,3.7426,3.3945,16.109,09-07-21_17.47_BOOST_protocol_HPPC_IN21700_30T_cycle_#675.mat
BOOST,675,0.90177,2.70134,0.5495,6,discharge,3,-31.063,10.354,10.0,9.9,3.7427,3.2544,15.7197,09-07-21_17.47_BOOST_protocol_HPPC_IN21700_30T_cycle_#675.mat
BOOST,675,0.90177,2.70134,0.4597,7,discharge,0,-2.701,0.9,10.0,9.9,3.6582,3.614,16.3658,09-07-21_17.47_BOOST_protocol_HPPC_IN21700_30T_cycle_#675.mat
BOOST,675,0.90177,2.70134,0.4597,7,discharge,1,-10.805,3.602,10.0,9.9,3.6584,3.4819,16.335,09-07-21_17.47_BOOST_protocol_HPPC_IN21700_30T_cycle_#675.mat
BOOST,675,0.90177,2.70134,0.4596,7,discharge,2,-21.61,7.203,10.0,9.9,3.6594,3.3148,15.9463,09-07-21_17.47_BOOST_protocol_HPPC_IN21700_30T_cycle_#675.mat
BOOST,675,0.90177,2.70134,0.4595,7,discharge,3,-31.062,10.354,10.0,9.9,3.6591,3.1739,15.6204,09-07-21_17.47_BOOST_protocol_HPPC_IN21700_30T_cycle_#675.mat
BOOST,675,0.90177,2.70134,0.3697,8,discharge,0,-2.701,0.9,10.0,9.9,3.597,3.5511,16.995,09-07-21_17.47_BOOST_protocol_HPPC_IN21700_30T_cycle_#675.mat
BOOST,675,0.90177,2.70134,0.3696,8,discharge,1,-10.806,3.602,10.0,9.9,3.5972,3.4149,16.8703,09-07-21_17.47_BOOST_protocol_HPPC_IN21700_30T_cycle_#675.mat
BOOST,675,0.90177,2.70134,0.3695,8,discharge,2,-21.61,7.203,10.0,9.9,3.5975,3.2397,16.5571,09-07-21_17.47_BOOST_protocol_HPPC_IN21700_30T_cycle_#675.mat
BOOST,675,0.90177,2.70134,0.3694,8,discharge,3,-31.063,10.354,10.0,9.9,3.5979,3.091,16.3184,09-07-21_17.47_BOOST_protocol_HPPC_IN21700_30T_cycle_#675.mat
BOOST,675,0.90177,2.70134,0.2796,9,discharge,0,-2.701,0.9,10.0,9.9,3.5179,3.4672,18.7722,09-07-21_17.47_BOOST_protocol_HPPC_IN21700_30T_cycle_#675.mat
BOOST,675,0.90177,2.70134,0.2796,9,discharge,1,-10.805,3.602,10.0,9.91,3.5184,3.3168,18.658,09-07-21_17.47_BOOST_protocol_HPPC_IN21700_30T_cycle_#675.mat
BOOST,675,0.90177,2.70134,0.2795,9,discharge,2,-21.61,7.203,10.0,9.91,3.5168,3.1113,18.7645,09-07-21_17.47_BOOST_protocol_HPPC_IN21700_30T_cycle_#675.mat
BOOST,675,0.90177,2.70134,0.2794,9,discharge,3,-31.063,10.354,10.0,9.9,3.5212,2.914,19.5474,09-07-21_17.47_BOOST_protocol_HPPC_IN21700_30T_cycle_#675.mat
BOOST,675,0.90177,2.70134,0.2346,10,discharge,0,-2.701,0.9,10.0,9.9,3.4672,3.4122,20.3651,09-07-21_17.47_BOOST_protocol_HPPC_IN21700_30T_cycle_#675.mat
BOOST,675,0.90177,2.70134,0.2345,10,discharge,1,-10.805,3.602,10.0,9.9,3.4671,3.2421,20.8237,09-07-21_17.47_BOOST_protocol_HPPC_IN21700_30T_cycle_#675.mat
BOOST,675,0.90177,2.70134,0.2345,10,discharge,2,-21.61,7.203,10.0,9.9,3.4693,2.9748,22.8829,09-07-21_17.47_BOOST_protocol_HPPC_IN21700_30T_cycle_#675.mat
BOOST,675,0.90177,2.70134,0.2344,10,discharge,3,-31.064,10.355,10.0,9.9,3.4691,2.691,25.0483,09-07-21_17.47_BOOST_protocol_HPPC_IN21700_30T_cycle_#675.mat
BOOST,675,0.90177,2.70134,0.1896,11,discharge,0,-2.701,0.9,10.0,9.9,3.4227,3.3595,23.4022,09-07-21_17.47_BOOST_protocol_HPPC_IN21700_30T_cycle_#675.mat
BOOST,675,0.90177,2.70134,0.1896,11,discharge,1,-10.805,3.602,10.0,9.9,3.4241,3.1231,27.8575,09-07-21_17.47_BOOST_protocol_HPPC_IN21700_30T_cycle_#675.mat
BOOST,675,0.90177,2.70134,0.1894,11,discharge,2,-21.611,7.204,10.0,9.9,3.4262,2.6707,34.959,09-07-21_17.47_BOOST_protocol_HPPC_IN21700_30T_cycle_#675.mat
BOOST,675,0.90177,2.70134,0.1894,11,discharge,3,-31.063,10.354,10.0,9.9,3.4258,2.4998,29.8104,09-07-21_17.47_BOOST_protocol_HPPC_IN21700_30T_cycle_#675.mat
BOOST,675,0.90177,2.70134,0.1446,12,discharge,0,-2.7,0.9,10.0,9.9,3.3729,3.2791,34.7343,09-07-21_17.47_BOOST_protocol_HPPC_IN21700_30T_cycle_#675.mat
BOOST,675,0.90177,2.70134,0.1445,12,discharge,1,-10.805,3.602,10.0,9.9,3.3752,2.8111,52.2073,09-07-21_17.47_BOOST_protocol_HPPC_IN21700_30T_cycle_#675.mat
BOOST,675,0.90177,2.70134,0.1444,12,discharge,2,-21.099,7.033,10.0,9.9,3.3783,2.4999,41.6323,09-07-21_17.47_BOOST_protocol_HPPC_IN21700_30T_cycle_#675.mat
BOOST,675,0.90177,2.70134,0.1444,12,discharge,3,-19.224,6.408,10.0,9.9,3.3781,2.4999,45.6825,09-07-21_17.47_BOOST_protocol_HPPC_IN21700_30T_cycle_#675.mat
BOOST,712,0.89668,2.68609,1.0,0,discharge,0,-2.687,0.896,10.0,9.7,4.1403,4.0784,23.0394,09-12-21_18.47_BOOST_protocol_HPPC_IN21700_30T_cycle_#712.mat
BOOST,712,0.89668,2.68609,0.9999,0,discharge,1,-10.744,3.581,10.0,9.9,4.1493,3.9098,22.2915,09-12-21_18.47_BOOST_protocol_HPPC_IN21700_30T_cycle_#712.mat
BOOST,712,0.89668,2.68609,0.9998,0,discharge,2,-21.485,7.162,10.0,9.9,4.1483,3.7351,19.232,09-12-21_18.47_BOOST_protocol_HPPC_IN21700_30T_cycle_#712.mat
BOOST,712,0.89668,2.68609,0.9997,0,discharge,3,-30.888,10.296,10.0,9.9,4.147,3.597,17.8063,09-12-21_18.47_BOOST_protocol_HPPC_IN21700_30T_cycle_#712.mat
BOOST,712,0.89668,2.68609,0.9552,1,discharge,0,-2.687,0.896,10.0,9.9,4.0947,4.0384,20.9543,09-12-21_18.47_BOOST_protocol_HPPC_IN21700_30T_cycle_#712.mat
BOOST,712,0.89668,2.68609,0.9552,1,discharge,1,-10.743,3.581,10.0,9.9,4.095,3.8903,19.0543,09-12-21_18.47_BOOST_protocol_HPPC_IN21700_30T_cycle_#712.mat
BOOST,712,0.89668,2.68609,0.9551,1,discharge,2,-21.487,7.162,10.0,9.9,4.0953,3.7188,17.5222,09-12-21_18.47_BOOST_protocol_HPPC_IN21700_30T_cycle_#712.mat
BOOST,712,0.89668,2.68609,0.955,1,discharge,3,-30.885,10.295,10.0,9.9,4.096,3.5801,16.7039,09-12-21_18.47_BOOST_protocol_HPPC_IN21700_30T_cycle_#712.mat
BOOST,712,0.89668,2.68609,0.9104,2,discharge,0,-2.687,0.896,10.0,9.9,4.0794,4.0272,19.4276,09-12-21_18.47_BOOST_protocol_HPPC_IN21700_30T_cycle_#712.mat
BOOST,712,0.89668,2.68609,0.9104,2,discharge,1,-10.743,3.581,10.0,9.9,4.0797,3.8779,18.7843,09-12-21_18.47_BOOST_protocol_HPPC_IN21700_30T_cycle_#712.mat
BOOST,712,0.89668,2.68609,0.9103,2,discharge,2,-21.485,7.162,10.0,9.9,4.0798,3.6992,17.7147,09-12-21_18.47_BOOST_protocol_HPPC_IN21700_30T_cycle_#712.mat
BOOST,712,0.89668,2.68609,0.9102,2,discharge,3,-30.888,10.296,10.0,9.9,4.0804,3.5551,17.0066,09-12-21_18.47_BOOST_protocol_HPPC_IN21700_30T_cycle_#712.mat
BOOST,712,0.89668,2.68609,0.8209,3,discharge,0,-2.685,0.895,10.0,9.9,4.0175,3.9617,20.7829,09-12-21_18.47_BOOST_protocol_HPPC_IN21700_30T_cycle_#712.mat
BOOST,712,0.89668,2.68609,0.8209,3,discharge,1,-10.743,3.581,10.0,9.9,4.0184,3.8062,19.7524,09-12-21_18.47_BOOST_protocol_HPPC_IN21700_30T_cycle_#712.mat
BOOST,712,0.89668,2.68609,0.8208,3,discharge,2,-21.485,7.162,10.0,9.9,4.0185,3.6321,17.9846,09-12-21_18.47_BOOST_protocol_HPPC_IN21700_30T_cycle_#712.mat
BOOST,712,0.89668,2.68609,0.8207,3,discharge,3,-30.887,10.296,10.0,9.9,4.0192,3.4939,17.0072,09-12-21_18.47_BOOST_protocol_HPPC_IN21700_30T_cycle_#712.mat
BOOST,712,0.89668,2.68609,0.7314,4,discharge,0,-2.687,0.896,10.0,9.9,3.9196,3.8689,18.87,09-12-21_18.47_BOOST_protocol_HPPC_IN21700_30T_cycle_#712.mat
BOOST,712,0.89668,2.68609,0.7313,4,discharge,1,-10.743,3.581,10.0,9.9,3.9208,3.7274,18.0024,09-12-21_18.47_BOOST_protocol_HPPC_IN21700_30T_cycle_#712.mat
BOOST,712,0.89668,2.68609,0.7312,4,discharge,2,-21.485,7.162,10.0,9.9,3.9211,3.5641,16.6162,09-12-21_18.47_BOOST_protocol_HPPC_IN21700_30T_cycle_#712.mat
BOOST,712,0.89668,2.68609,0.7312,4,discharge,3,-30.886,10.295,10.0,9.9,3.9215,3.4239,16.1109,09-12-21_18.47_BOOST_protocol_HPPC_IN21700_30T_cycle_#712.mat
BOOST,712,0.89668,2.68609,0.6419,5,discharge,0,-2.687,0.896,10.0,9.9,3.8378,3.7881,18.4985,09-12-21_18.47_BOOST_protocol_HPPC_IN21700_30T_cycle_#712.mat
BOOST,712,0.89668,2.68609,0.6418,5,discharge,1,-10.745,3.582,10.0,9.9,3.8384,3.6507,17.4686,09-12-21_18.47_BOOST_protocol_HPPC_IN21700_30T_cycle_#712.mat
BOOST,712,0.89668,2.68609,0.6417,5,discharge,2,-21.485,7.162,10.0,9.9,3.838,3.4844,16.458,09-12-21_18.47_BOOST_protocol_HPPC_IN21700_30T_cycle_#712.mat
BOOST,712,0.89668,2.68609,0.6416,5,discharge,3,-30.887,10.296,10.0,9.9,3.8378,3.3448,15.9614,09-12-21_18.47_BOOST_protocol_HPPC_IN21700_30T_cycle_#712.mat
BOOST,712,0.89668,2.68609,0.5523,6,discharge,0,-2.685,0.895,10.0,9.9,3.7441,3.6974,17.3936,09-12-21_18.47_BOOST_protocol_HPPC_IN21700_30T_cycle_#712.mat
BOOST,712,0.89668,2.68609,0.5523,6,discharge,1,-10.743,3.581,10.0,9.9,3.7443,3.5633,16.8482,09-12-21_18.47_BOOST_protocol_HPPC_IN21700_30T_cycle_#712.mat
BOOST,712,0.89668,2.68609,0.5522,6,discharge,2,-21.485,7.162,10.0,9.9,3.7439,3.3975,16.1229,09-12-21_18.47_BOOST_protocol_HPPC_IN21700_30T_cycle_#712.mat
BOOST,712,0.89668,2.68609,0.5521,6,discharge,3,-30.887,10.296,10.0,9.9,3.7449,3.2574,15.7833,09-12-21_18.47_BOOST_protocol_HPPC_IN21700_30T_cycle_#712.mat
BOOST,712,0.89668,2.68609,0.4628,7,discharge,0,-2.687,0.896,10.0,9.9,3.6596,3.6145,16.7839,09-12-21_18.47_BOOST_protocol_HPPC_IN21700_30T_cycle_#712.mat
BOOST,712,0.89668,2.68609,0.4627,7,discharge,1,-10.744,3.581,10.0,9.9,3.66,3.4803,16.7256,09-12-21_18.47_BOOST_protocol_HPPC_IN21700_30T_cycle_#712.mat
BOOST,712,0.89668,2.68609,0.4626,7,discharge,2,-21.487,7.162,10.0,9.9,3.6608,3.3111,16.275,09-12-21_18.47_BOOST_protocol_HPPC_IN21700_30T_cycle_#712.mat
BOOST,712,0.89668,2.68609,0.4625,7,discharge,3,-30.887,10.296,10.0,9.9,3.6612,3.1684,15.9549,09-12-21_18.47_BOOST_protocol_HPPC_IN21700_30T_cycle_#712.mat
BOOST,712,0.89668,2.68609,0.3733,8,discharge,0,-2.685,0.895,10.0,9.9,3.5976,3.5522,16.9103,09-12-21_18.47_BOOST_protocol_HPPC_IN21700_30T_cycle_#712.mat
BOOST,712,0.89668,2.68609,0.3732,8,discharge,1,-10.744,3.581,10.0,9.9,3.5978,3.4161,16.9118,09-12-21_18.47_BOOST_protocol_HPPC_IN21700_30T_cycle_#712.mat
BOOST,712,0.89668,2.68609,0.3731,8,discharge,2,-21.485,7.162,10.0,9.9,3.599,3.2416,16.6349,09-12-21_18.47_BOOST_protocol_HPPC_IN21700_30T_cycle_#712.mat
BOOST,712,0.89668,2.68609,0.373,8,discharge,3,-30.887,10.296,10.0,9.9,3.5992,3.0934,16.3758,09-12-21_18.47_BOOST_protocol_HPPC_IN21700_30T_cycle_#712.mat
BOOST,712,0.89668,2.68609,0.2837,9,discharge,0,-2.687,0.896,10.0,9.9,3.5196,3.468,19.2043,09-12-21_18.47_BOOST_protocol_HPPC_IN21700_30T_cycle_#712.mat
BOOST,712,0.89668,2.68609,0.2837,9,discharge,1,-10.744,3.581,10.0,9.9,3.5202,3.3153,19.0711,09-12-21_18.47_BOOST_protocol_HPPC_IN21700_30T_cycle_#712.mat
BOOST,712,0.89668,2.68609,0.2836,9,discharge,2,-21.487,7.162,10.0,9.9,3.522,3.1066,19.3326,09-12-21_18.47_BOOST_protocol_HPPC_IN21700_30T_cycle_#712.mat
BOOST,712,0.89668,2.68609,0.2835,9,discharge,3,-30.887,10.296,10.0,9.9,3.5231,2.907,19.9469,09-12-21_18.47_BOOST_protocol_HPPC_IN21700_30T_cycle_#712.mat
BOOST,712,0.89668,2.68609,0.239,10,discharge,0,-2.685,0.895,10.0,9.9,3.4701,3.4146,20.6719,09-12-21_18.47_BOOST_protocol_HPPC_IN21700_30T_cycle_#712.mat
BOOST,712,0.89668,2.68609,0.2389,10,discharge,1,-10.743,3.581,10.0,9.9,3.4707,3.2443,21.0742,09-12-21_18.47_BOOST_protocol_HPPC_IN21700_30T_cycle_#712.mat
BOOST,712,0.89668,2.68609,0.2388,10,discharge,2,-21.485,7.162,10.0,9.9,3.4721,2.9816,22.8299,09-12-21_18.47_BOOST_protocol_HPPC_IN21700_30T_cycle_#712.mat
BOOST,712,0.89668,2.68609,0.2388,10,discharge,3,-30.887,10.296,10.0,9.9,3.4722,2.7047,24.8486,09-12-21_18.47_BOOST_protocol_HPPC_IN21700_30T_cycle_#712.mat
BOOST,712,0.89668,2.68609,0.1942,11,discharge,0,-2.687,0.896,10.0,9.9,3.4259,3.3609,24.1896,09-12-21_18.47_BOOST_protocol_HPPC_IN21700_30T_cycle_#712.mat
BOOST,712,0.89668,2.68609,0.1941,11,discharge,1,-10.746,3.582,10.0,9.9,3.4258,3.1243,28.057,09-12-21_18.47_BOOST_protocol_HPPC_IN21700_30T_cycle_#712.mat
BOOST,712,0.89668,2.68609,0.1941,11,discharge,2,-21.487,7.162,10.0,9.9,3.4288,2.6799,34.8536,09-12-21_18.47_BOOST_protocol_HPPC_IN21700_30T_cycle_#712.mat
BOOST,712,0.89668,2.68609,0.194,11,discharge,3,-30.888,10.296,10.0,9.91,3.4282,2.4999,30.0537,09-12-21_18.47_BOOST_protocol_HPPC_IN21700_30T_cycle_#712.mat
BOOST,712,0.89668,2.68609,0.1494,12,discharge,0,-2.685,0.895,10.0,9.9,3.3779,3.2848,34.6741,09-12-21_18.47_BOOST_protocol_HPPC_IN21700_30T_cycle_#712.mat
BOOST,712,0.89668,2.68609,0.1494,12,discharge,1,-10.743,3.581,10.0,9.9,3.3793,2.8357,50.6004,09-12-21_18.47_BOOST_protocol_HPPC_IN21700_30T_cycle_#712.mat
BOOST,712,0.89668,2.68609,0.1493,12,discharge,2,-21.45,7.15,10.0,9.9,3.382,2.4999,41.1235,09-12-21_18.47_BOOST_protocol_HPPC_IN21700_30T_cycle_#712.mat
BOOST,712,0.89668,2.68609,0.1492,12,discharge,3,-20.017,6.672,10.0,9.9,3.3825,2.4999,44.0925,09-12-21_18.47_BOOST_protocol_HPPC_IN21700_30T_cycle_#712.mat
BOOST,750,0.89296,2.67495,1.0,0,discharge,0,-2.675,0.892,10.0,9.7,4.1386,4.0752,23.7027,09-19-21_01.36_BOOST_protocol_HPPC_IN21700_30T_cycle_#750.mat
BOOST,750,0.89296,2.67495,0.9999,0,discharge,1,-10.698,3.566,10.0,9.9,4.1468,3.9048,22.6211,09-19-21_01.36_BOOST_protocol_HPPC_IN21700_30T_cycle_#750.mat
BOOST,750,0.89296,2.67495,0.9998,0,discharge,2,-21.398,7.133,10.0,9.9,4.1468,3.7285,19.5486,09-19-21_01.36_BOOST_protocol_HPPC_IN21700_30T_cycle_#750.mat
BOOST,750,0.89296,2.67495,0.9997,0,discharge,3,-30.76,10.253,10.0,9.9,4.146,3.589,18.1079,09-19-21_01.36_BOOST_protocol_HPPC_IN21700_30T_cycle_#750.mat
BOOST,750,0.89296,2.67495,0.9554,1,discharge,0,-2.675,0.892,10.0,9.9,4.094,4.0363,21.5725,09-19-21_01.36_BOOST_protocol_HPPC_IN21700_30T_cycle_#750.mat
BOOST,750,0.89296,2.67495,0.9553,1,discharge,1,-10.698,3.566,10.0,9.9,4.0944,3.8847,19.6018,09-19-21_01.36_BOOST_protocol_HPPC_IN21700_30T_cycle_#750.mat
BOOST,750,0.89296,2.67495,0.9552,1,discharge,2,-21.398,7.133,10.0,9.9,4.0946,3.7101,17.969,09-19-21_01.36_BOOST_protocol_HPPC_IN21700_30T_cycle_#750.mat
BOOST,750,0.89296,2.67495,0.9552,1,discharge,3,-30.759,10.253,10.0,9.9,4.0955,3.5697,17.0942,09-19-21_01.36_BOOST_protocol_HPPC_IN21700_30T_cycle_#750.mat
BOOST,750,0.89296,2.67495,0.9108,2,discharge,0,-2.676,0.892,10.0,9.9,4.0792,4.0269,19.5419,09-19-21_01.36_BOOST_protocol_HPPC_IN21700_30T_cycle_#750.mat
BOOST,750,0.89296,2.67495,0.9108,2,discharge,1,-10.699,3.566,10.0,9.9,4.0793,3.879,18.7214,09-19-21_01.36_BOOST_protocol_HPPC_IN21700_30T_cycle_#750.mat
BOOST,750,0.89296,2.67495,0.9107,2,discharge,2,-21.398,7.133,10.0,9.9,4.0796,3.694,18.0204,09-19-21_01.36_BOOST_protocol_HPPC_IN21700_30T_cycle_#750.mat
BOOST,750,0.89296,2.67495,0.9106,2,discharge,3,-30.758,10.253,10.0,9.9,4.0801,3.5448,17.4036,09-19-21_01.36_BOOST_protocol_HPPC_IN21700_30T_cycle_#750.mat
BOOST,750,0.89296,2.67495,0.8217,3,discharge,0,-2.677,0.892,10.0,9.9,4.0158,3.9587,21.333,09-19-21_01.36_BOOST_protocol_HPPC_IN21700_30T_cycle_#750.mat
BOOST,750,0.89296,2.67495,0.8216,3,discharge,1,-10.698,3.566,10.0,9.9,4.0167,3.8008,20.1813,09-19-21_01.36_BOOST_protocol_HPPC_IN21700_30T_cycle_#750.mat
BOOST,750,0.89296,2.67495,0.8215,3,discharge,2,-21.398,7.133,10.0,9.9,4.0167,3.6245,18.3288,09-19-21_01.36_BOOST_protocol_HPPC_IN21700_30T_cycle_#750.mat
BOOST,750,0.89296,2.67495,0.8214,3,discharge,3,-30.759,10.253,10.0,9.9,4.0185,3.4842,17.3705,09-19-21_01.36_BOOST_protocol_HPPC_IN21700_30T_cycle_#750.mat
BOOST,750,0.89296,2.67495,0.7325,4,discharge,0,-2.675,0.892,10.0,9.9,3.9196,3.867,19.665,09-19-21_01.36_BOOST_protocol_HPPC_IN21700_30T_cycle_#750.mat
BOOST,750,0.89296,2.67495,0.7324,4,discharge,1,-10.697,3.566,10.0,9.9,3.9199,3.7229,18.4164,09-19-21_01.36_BOOST_protocol_HPPC_IN21700_30T_cycle_#750.mat
BOOST,750,0.89296,2.67495,0.7324,4,discharge,2,-21.398,7.133,10.0,9.9,3.9196,3.5597,16.8193,09-19-21_01.36_BOOST_protocol_HPPC_IN21700_30T_cycle_#750.mat
BOOST,750,0.89296,2.67495,0.7323,4,discharge,3,-30.76,10.253,10.0,9.9,3.9206,3.4245,16.1281,09-19-21_01.36_BOOST_protocol_HPPC_IN21700_30T_cycle_#750.mat
BOOST,750,0.89296,2.67495,0.6433,5,discharge,0,-2.676,0.892,10.0,9.9,3.8371,3.786,19.0928,09-19-21_01.36_BOOST_protocol_HPPC_IN21700_30T_cycle_#750.mat
BOOST,750,0.89296,2.67495,0.6433,5,discharge,1,-10.698,3.566,10.0,9.9,3.8371,3.6471,17.7603,09-19-21_01.36_BOOST_protocol_HPPC_IN21700_30T_cycle_#750.mat
BOOST,750,0.89296,2.67495,0.6432,5,discharge,2,-21.398,7.133,10.0,9.9,3.8366,3.4785,16.7352,09-19-21_01.36_BOOST_protocol_HPPC_IN21700_30T_cycle_#750.mat
BOOST,750,0.89296,2.67495,0.6431,5,discharge,3,-30.759,10.253,10.0,9.9,3.8366,3.3372,16.2359,09-19-21_01.36_BOOST_protocol_HPPC_IN21700_30T_cycle_#750.mat
BOOST,750,0.89296,2.67495,0.5542,6,discharge,0,-2.677,0.892,10.0,9.9,3.7434,3.6957,17.8191,09-19-21_01.36_BOOST_protocol_HPPC_IN21700_30T_cycle_#750.mat
BOOST,750,0.89296,2.67495,0.5541,6,discharge,1,-10.698,3.566,10.0,9.9,3.7436,3.5591,17.2462,09-19-21_01.36_BOOST_protocol_HPPC_IN21700_30T_cycle_#750.mat
BOOST,750,0.89296,2.67495,0.554,6,discharge,2,-21.398,7.133,10.0,9.9,3.7441,3.3904,16.5296,09-19-21_01.36_BOOST_protocol_HPPC_IN21700_30T_cycle_#750.mat
BOOST,750,0.89296,2.67495,0.5539,6,discharge,3,-30.758,10.253,10.0,9.9,3.7442,3.25,16.0674,09-19-21_01.36_BOOST_protocol_HPPC_IN21700_30T_cycle_#750.mat
BOOST,750,0.89296,2.67495,0.465,7,discharge,0,-2.675,0.892,10.0,9.9,3.6601,3.6132,17.5314,09-19-21_01.36_BOOST_protocol_HPPC_IN21700_30T_cycle_#750.mat
BOOST,750,0.89296,2.67495,0.465,7,discharge,1,-10.698,3.566,10.0,9.91,3.6604,3.477,17.1434,09-19-21_01.36_BOOST_protocol_HPPC_IN21700_30T_cycle_#750.mat
BOOST,750,0.89296,2.67495,0.4649,7,discharge,2,-21.398,7.133,10.0,9.9,3.6599,3.3057,16.5529,09-19-21_01.36_BOOST_protocol_HPPC_IN21700_30T_cycle_#750.mat
BOOST,750,0.89296,2.67495,0.4648,7,discharge,3,-30.758,10.253,10.0,9.9,3.6609,3.1612,16.2462,09-19-21_01.36_BOOST_protocol_HPPC_IN21700_30T_cycle_#750.mat
BOOST,750,0.89296,2.67495,0.3759,8,discharge,0,-2.675,0.892,10.0,9.9,3.5973,3.5508,17.3845,09-19-21_01.36_BOOST_protocol_HPPC_IN21700_30T_cycle_#750.mat
BOOST,750,0.89296,2.67495,0.3758,8,discharge,1,-10.697,3.566,10.0,9.9,3.5983,3.4111,17.5002,09-19-21_01.36_BOOST_protocol_HPPC_IN21700_30T_cycle_#750.mat
BOOST,750,0.89296,2.67495,0.3757,8,discharge,2,-21.398,7.133,10.0,9.9,3.5988,3.2329,17.0997,09-19-21_01.36_BOOST_protocol_HPPC_IN21700_30T_cycle_#750.mat
BOOST,750,0.89296,2.67495,0.3757,8,discharge,3,-30.759,10.253,10.0,9.9,3.5992,3.082,16.8146,09-19-21_01.36_BOOST_protocol_HPPC_IN21700_30T_cycle_#750.mat
BOOST,750,0.89296,2.67495,0.2867,9,discharge,0,-2.677,0.892,10.0,9.91,3.5194,3.4669,19.613,09-19-21_01.36_BOOST_protocol_HPPC_IN21700_30T_cycle_#750.mat
BOOST,750,0.89296,2.67495,0.2867,9,discharge,1,-10.698,3.566,10.0,9.9,3.5199,3.3112,19.5083,09-19-21_01.36_BOOST_protocol_HPPC_IN21700_30T_cycle_#750.mat
BOOST,750,0.89296,2.67495,0.2866,9,discharge,2,-21.398,7.133,10.0,9.9,3.5217,3.0978,19.8103,09-19-21_01.36_BOOST_protocol_HPPC_IN21700_30T_cycle_#750.mat
BOOST,750,0.89296,2.67495,0.2865,9,discharge,3,-30.758,10.253,10.0,9.9,3.5227,2.8933,20.463,09-19-21_01.36_BOOST_protocol_HPPC_IN21700_30T_cycle_#750.mat
BOOST,750,0.89296,2.67495,0.2421,10,discharge,0,-2.677,0.892,10.0,9.9,3.47,3.4126,21.4435,09-19-21_01.36_BOOST_protocol_HPPC_IN21700_30T_cycle_#750.mat
BOOST,750,0.89296,2.67495,0.2421,10,discharge,1,-10.698,3.566,10.0,9.9,3.4703,3.236,21.9013,09-19-21_01.36_BOOST_protocol_HPPC_IN21700_30T_cycle_#750.mat
BOOST,750,0.89296,2.67495,0.242,10,discharge,2,-21.398,7.133,10.0,9.9,3.4719,2.963,23.7826,09-19-21_01.36_BOOST_protocol_HPPC_IN21700_30T_cycle_#750.mat
BOOST,750,0.89296,2.67495,0.2419,10,discharge,3,-30.759,10.253,10.0,9.9,3.4712,2.6753,25.8754,09-19-21_01.36_BOOST_protocol_HPPC_IN21700_30T_cycle_#750.mat
BOOST,750,0.89296,2.67495,0.1976,11,discharge,0,-2.675,0.892,10.0,9.9,3.4259,3.3614,24.1121,09-19-21_01.36_BOOST_protocol_HPPC_IN21700_30T_cycle_#750.mat
BOOST,750,0.89296,2.67495,0.1975,11,discharge,1,-10.698,3.566,10.0,9.9,3.4265,3.1266,28.0333,09-19-21_01.36_BOOST_protocol_HPPC_IN21700_30T_cycle_#750.mat
BOOST,750,0.89296,2.67495,0.1974,11,discharge,2,-21.398,7.133,10.0,9.9,3.4287,2.6759,35.1809,09-19-21_01.36_BOOST_protocol_HPPC_IN21700_30T_cycle_#750.mat
BOOST,750,0.89296,2.67495,0.1973,11,discharge,3,-30.758,10.253,10.0,9.9,3.4283,2.4998,30.1873,09-19-21_01.36_BOOST_protocol_HPPC_IN21700_30T_cycle_#750.mat
BOOST,750,0.89296,2.67495,0.153,12,discharge,0,-2.675,0.892,10.0,9.9,3.3778,3.2812,36.1108,09-19-21_01.36_BOOST_protocol_HPPC_IN21700_30T_cycle_#750.mat
BOOST,750,0.89296,2.67495,0.1529,12,discharge,1,-10.698,3.566,10.0,9.9,3.3792,2.8172,52.5332,09-19-21_01.36_BOOST_protocol_HPPC_IN21700_30T_cycle_#750.mat
BOOST,750,0.89296,2.67495,0.1528,12,discharge,2,-21.048,7.016,10.0,9.9,3.3825,2.4999,41.9327,09-19-21_01.36_BOOST_protocol_HPPC_IN21700_30T_cycle_#750.mat
BOOST,750,0.89296,2.67495,0.1528,12,discharge,3,-19.312,6.437,10.0,9.9,3.3824,2.5,45.6918,09-19-21_01.36_BOOST_protocol_HPPC_IN21700_30T_cycle_#750.mat
BOOST,787,0.88871,2.66221,1.0,0,discharge,0,-2.663,0.888,10.0,9.71,4.1362,4.0721,24.0742,09-23-21_21.19_BOOST_protocol_HPPC_IN21700_30T_cycle_#787.mat
BOOST,787,0.88871,2.66221,0.9999,0,discharge,1,-10.65,3.55,10.0,9.9,4.1456,3.9,23.061,09-23-21_21.19_BOOST_protocol_HPPC_IN21700_30T_cycle_#787.mat
BOOST,787,0.88871,2.66221,0.9998,0,discharge,2,-21.296,7.099,10.0,9.9,4.1444,3.7224,19.8159,09-23-21_21.19_BOOST_protocol_HPPC_IN21700_30T_cycle_#787.mat
BOOST,787,0.88871,2.66221,0.9998,0,discharge,3,-30.612,10.204,10.0,9.91,4.1438,3.5827,18.3294,09-23-21_21.19_BOOST_protocol_HPPC_IN21700_30T_cycle_#787.mat
BOOST,787,0.88871,2.66221,0.9556,1,discharge,0,-2.663,0.888,10.0,9.9,4.0935,4.0355,21.7816,09-23-21_21.19_BOOST_protocol_HPPC_IN21700_30T_cycle_#787.mat
BOOST,787,0.88871,2.66221,0.9555,1,discharge,1,-10.648,3.549,10.0,9.9,4.0937,3.8839,19.7032,09-23-21_21.19_BOOST_protocol_HPPC_IN21700_30T_cycle_#787.mat
BOOST,787,0.88871,2.66221,0.9554,1,discharge,2,-21.294,7.098,10.0,9.9,4.0941,3.7095,18.0614,09-23-21_21.19_BOOST_protocol_HPPC_IN21700_30T_cycle_#787.mat
BOOST,787,0.88871,2.66221,0.9554,1,discharge,3,-30.612,10.204,10.0,9.9,4.0948,3.569,17.1763,09-23-21_21.19_BOOST_protocol_HPPC_IN21700_30T_cycle_#787.mat
BOOST,787,0.88871,2.66221,0.9112,2,discharge,0,-2.661,0.887,10.0,9.9,4.0778,4.0236,20.3668,09-23-21_21.19_BOOST_protocol_HPPC_IN21700_30T_cycle_#787.mat
BOOST,787,0.88871,2.66221,0.9112,2,discharge,1,-10.648,3.549,10.0,9.9,4.078,3.8685,19.6751,09-23-21_21.19_BOOST_protocol_HPPC_IN21700_30T_cycle_#787.mat
BOOST,787,0.88871,2.66221,0.9111,2,discharge,2,-21.296,7.099,10.0,9.9,4.0783,3.686,18.4213,09-23-21_21.19_BOOST_protocol_HPPC_IN21700_30T_cycle_#787.mat
BOOST,787,0.88871,2.66221,0.911,2,discharge,3,-30.613,10.204,10.0,9.9,4.0798,3.54,17.633,09-23-21_21.19_BOOST_protocol_HPPC_IN21700_30T_cycle_#787.mat
BOOST,787,0.88871,2.66221,0.8225,3,discharge,0,-2.663,0.888,10.0,9.9,4.0134,3.9569,21.2191,09-23-21_21.19_BOOST_protocol_HPPC_IN21700_30T_cycle_#787.mat
BOOST,787,0.88871,2.66221,0.8225,3,discharge,1,-10.648,3.549,10.0,9.9,4.0149,3.7987,20.3043,09-23-21_21.19_BOOST_protocol_HPPC_IN21700_30T_cycle_#787.mat
BOOST,787,0.88871,2.66221,0.8224,3,discharge,2,-21.296,7.099,10.0,9.9,4.0158,3.6228,18.4542,09-23-21_21.19_BOOST_protocol_HPPC_IN21700_30T_cycle_#787.mat
BOOST,787,0.88871,2.66221,0.8223,3,discharge,3,-30.613,10.204,10.0,9.9,4.0168,3.4837,17.4142,09-23-21_21.19_BOOST_protocol_HPPC_IN21700_30T_cycle_#787.mat
BOOST,787,0.88871,2.66221,0.7338,4,discharge,0,-2.661,0.887,10.0,9.9,3.9185,3.8644,20.3292,09-23-21_21.19_BOOST_protocol_HPPC_IN21700_30T_cycle_#787.mat
BOOST,787,0.88871,2.66221,0.7337,4,discharge,1,-10.649,3.55,10.0,9.9,3.9188,3.7163,19.0159,09-23-21_21.19_BOOST_protocol_HPPC_IN21700_30T_cycle_#787.mat
BOOST,787,0.88871,2.66221,0.7336,4,discharge,2,-21.296,7.099,10.0,9.9,3.9192,3.5481,17.4258,09-23-21_21.19_BOOST_protocol_HPPC_IN21700_30T_cycle_#787.mat
BOOST,787,0.88871,2.66221,0.7335,4,discharge,3,-30.612,10.204,10.0,9.9,3.9188,3.4088,16.6601,09-23-21_21.19_BOOST_protocol_HPPC_IN21700_30T_cycle_#787.mat
BOOST,787,0.88871,2.66221,0.645,5,discharge,0,-2.663,0.888,10.0,9.9,3.835,3.7848,18.8545,09-23-21_21.19_BOOST_protocol_HPPC_IN21700_30T_cycle_#787.mat
BOOST,787,0.88871,2.66221,0.645,5,discharge,1,-10.648,3.549,10.0,9.91,3.8358,3.645,17.9189,09-23-21_21.19_BOOST_protocol_HPPC_IN21700_30T_cycle_#787.mat
BOOST,787,0.88871,2.66221,0.6449,5,discharge,2,-21.296,7.099,10.0,9.9,3.8356,3.4759,16.8905,09-23-21_21.19_BOOST_protocol_HPPC_IN21700_30T_cycle_#787.mat
BOOST,787,0.88871,2.66221,0.6448,5,discharge,3,-30.612,10.204,10.0,9.9,3.8354,3.3354,16.3335,09-23-21_21.19_BOOST_protocol_HPPC_IN21700_30T_cycle_#787.mat
BOOST,787,0.88871,2.66221,0.5563,6,discharge,0,-2.661,0.887,10.0,9.9,3.7433,3.6946,18.2993,09-23-21_21.19_BOOST_protocol_HPPC_IN21700_30T_cycle_#787.mat
BOOST,787,0.88871,2.66221,0.5562,6,discharge,1,-10.648,3.549,10.0,9.9,3.7434,3.5539,17.7968,09-23-21_21.19_BOOST_protocol_HPPC_IN21700_30T_cycle_#787.mat
BOOST,787,0.88871,2.66221,0.5561,6,discharge,2,-21.296,7.099,10.0,9.91,3.7438,3.3803,17.0689,09-23-21_21.19_BOOST_protocol_HPPC_IN21700_30T_cycle_#787.mat
BOOST,787,0.88871,2.66221,0.5561,6,discharge,3,-30.613,10.204,10.0,9.9,3.7432,3.2358,16.5747,09-23-21_21.19_BOOST_protocol_HPPC_IN21700_30T_cycle_#787.mat
BOOST,787,0.88871,2.66221,0.4675,7,discharge,0,-2.661,0.887,10.0,9.9,3.6601,3.6131,17.6599,09-23-21_21.19_BOOST_protocol_HPPC_IN21700_30T_cycle_#787.mat
BOOST,787,0.88871,2.66221,0.4675,7,discharge,1,-10.65,3.55,10.0,9.91,3.6604,3.4752,17.3897,09-23-21_21.19_BOOST_protocol_HPPC_IN21700_30T_cycle_#787.mat
BOOST,787,0.88871,2.66221,0.4674,7,discharge,2,-21.296,7.099,10.0,9.91,3.6608,3.3031,16.7966,09-23-21_21.19_BOOST_protocol_HPPC_IN21700_30T_cycle_#787.mat
BOOST,787,0.88871,2.66221,0.4673,7,discharge,3,-30.612,10.204,10.0,9.9,3.6611,3.1588,16.4086,09-23-21_21.19_BOOST_protocol_HPPC_IN21700_30T_cycle_#787.mat
BOOST,787,0.88871,2.66221,0.3788,8,discharge,0,-2.661,0.887,10.0,9.9,3.5979,3.5506,17.7726,09-23-21_21.19_BOOST_protocol_HPPC_IN21700_30T_cycle_#787.mat
BOOST,787,0.88871,2.66221,0.3787,8,discharge,1,-10.648,3.549,10.0,9.9,3.5983,3.4095,17.731,09-23-21_21.19_BOOST_protocol_HPPC_IN21700_30T_cycle_#787.mat
BOOST,787,0.88871,2.66221,0.3787,8,discharge,2,-21.297,7.099,10.0,9.9,3.5987,3.2256,17.5189,09-23-21_21.19_BOOST_protocol_HPPC_IN21700_30T_cycle_#787.mat
BOOST,787,0.88871,2.66221,0.3786,8,discharge,3,-30.612,10.204,10.0,9.9,3.599,3.0691,17.3102,09-23-21_21.19_BOOST_protocol_HPPC_IN21700_30T_cycle_#787.mat
BOOST,787,0.88871,2.66221,0.2901,9,discharge,0,-2.663,0.888,10.0,9.9,3.5192,3.4656,20.1315,09-23-21_21.19_BOOST_protocol_HPPC_IN21700_30T_cycle_#787.mat
BOOST,787,0.88871,2.66221,0.29,9,discharge,1,-10.648,3.549,10.0,9.9,3.5197,3.3073,19.9474,09-23-21_21.19_BOOST_protocol_HPPC_IN21700_30T_cycle_#787.mat
BOOST,787,0.88871,2.66221,0.2899,9,discharge,2,-21.296,7.099,10.0,9.9,3.5213,3.0913,20.1916,09-23-21_21.19_BOOST_protocol_HPPC_IN21700_30T_cycle_#787.mat
BOOST,787,0.88871,2.66221,0.2898,9,discharge,3,-30.611,10.204,10.0,9.9,3.5225,2.885,20.8258,09-23-21_21.19_BOOST_protocol_HPPC_IN21700_30T_cycle_#787.mat
BOOST,787,0.88871,2.66221,0.2457,10,discharge,0,-2.662,0.887,10.0,9.9,3.4702,3.4129,21.5284,09-23-21_21.19_BOOST_protocol_HPPC_IN21700_30T_cycle_#787.mat
BOOST,787,0.88871,2.66221,0.2456,10,discharge,1,-10.65,3.55,10.0,9.9,3.4705,3.2371,21.9155,09-23-21_21.19_BOOST_protocol_HPPC_IN21700_30T_cycle_#787.mat
BOOST,787,0.88871,2.66221,0.2455,10,discharge,2,-21.298,7.099,10.0,9.9,3.4719,2.9667,23.7205,09-23-21_21.19_BOOST_protocol_HPPC_IN21700_30T_cycle_#787.mat
BOOST,787,0.88871,2.66221,0.2455,10,discharge,3,-30.613,10.204,10.0,9.9,3.4722,2.6506,26.8383,09-23-21_21.19_BOOST_protocol_HPPC_IN21700_30T_cycle_#787.mat
BOOST,787,0.88871,2.66221,0.2013,11,discharge,0,-2.661,0.887,10.0,9.9,3.4265,3.3581,25.7037,09-23-21_21.19_BOOST_protocol_HPPC_IN21700_30T_cycle_#787.mat
BOOST,787,0.88871,2.66221,0.2013,11,discharge,1,-10.65,3.55,10.0,9.9,3.4265,3.1079,29.9155,09-23-21_21.19_BOOST_protocol_HPPC_IN21700_30T_cycle_#787.mat
BOOST,787,0.88871,2.66221,0.2012,11,discharge,2,-21.296,7.099,10.0,9.91,3.4291,2.6461,36.7675,09-23-21_21.19_BOOST_protocol_HPPC_IN21700_30T_cycle_#787.mat
BOOST,787,0.88871,2.66221,0.2011,11,discharge,3,-30.612,10.204,10.0,9.9,3.4289,2.4999,30.3476,09-23-21_21.19_BOOST_protocol_HPPC_IN21700_30T_cycle_#787.mat
BOOST,787,0.88871,2.66221,0.157,12,discharge,0,-2.662,0.887,10.0,9.9,3.3783,3.281,36.546,09-23-21_21.19_BOOST_protocol_HPPC_IN21700_30T_cycle_#787.mat
BOOST,787,0.88871,2.66221,0.1569,12,discharge,1,-10.65,3.55,10.0,9.9,3.3792,2.8222,52.3005,09-23-21_21.19_BOOST_protocol_HPPC_IN21700_30T_cycle_#787.mat
BOOST,787,0.88871,2.66221,0.1568,12,discharge,2,-21.122,7.041,10.0,9.9,3.3831,2.5,41.8095,09-23-21_21.19_BOOST_protocol_HPPC_IN21700_30T_cycle_#787.mat
BOOST,787,0.88871,2.66221,0.1567,12,discharge,3,-19.587,6.529,10.0,9.9,3.3831,2.4999,45.0911,09-23-21_21.19_BOOST_protocol_HPPC_IN21700_30T_cycle_#787.mat
BOOST,825,0.88536,2.65218,1.0,0,discharge,0,-2.651,0.884,10.0,9.7,4.1352,4.0699,24.6285,09-30-21_01.59_BOOST_protocol_HPPC_IN21700_30T_cycle_#825.mat
BOOST,825,0.88536,2.65218,0.9999,0,discharge,1,-10.608,3.536,10.0,9.9,4.1444,3.8968,23.3409,09-30-21_01.59_BOOST_protocol_HPPC_IN21700_30T_cycle_#825.mat
BOOST,825,0.88536,2.65218,0.9998,0,discharge,2,-21.216,7.072,10.0,9.9,4.1433,3.7194,19.9802,09-30-21_01.59_BOOST_protocol_HPPC_IN21700_30T_cycle_#825.mat
BOOST,825,0.88536,2.65218,0.9998,0,discharge,3,-30.499,10.166,10.0,9.9,4.1426,3.58,18.4465,09-30-21_01.59_BOOST_protocol_HPPC_IN21700_30T_cycle_#825.mat
BOOST,825,0.88536,2.65218,0.9558,1,discharge,0,-2.653,0.884,10.0,9.9,4.093,4.0322,22.9166,09-30-21_01.59_BOOST_protocol_HPPC_IN21700_30T_cycle_#825.mat
BOOST,825,0.88536,2.65218,0.9557,1,discharge,1,-10.608,3.536,10.0,9.9,4.0932,3.8739,20.6731,09-30-21_01.59_BOOST_protocol_HPPC_IN21700_30T_cycle_#825.mat
BOOST,825,0.88536,2.65218,0.9556,1,discharge,2,-21.217,7.072,10.0,9.9,4.0934,3.6939,18.8292,09-30-21_01.59_BOOST_protocol_HPPC_IN21700_30T_cycle_#825.mat
BOOST,825,0.88536,2.65218,0.9556,1,discharge,3,-30.498,10.166,10.0,9.9,4.0943,3.5498,17.8536,09-30-21_01.59_BOOST_protocol_HPPC_IN21700_30T_cycle_#825.mat
BOOST,825,0.88536,2.65218,0.9116,2,discharge,0,-2.651,0.884,10.0,9.9,4.0773,4.0221,20.8208,09-30-21_01.59_BOOST_protocol_HPPC_IN21700_30T_cycle_#825.mat
BOOST,825,0.88536,2.65218,0.9115,2,discharge,1,-10.608,3.536,10.0,9.9,4.0785,3.8642,20.2017,09-30-21_01.59_BOOST_protocol_HPPC_IN21700_30T_cycle_#825.mat
BOOST,825,0.88536,2.65218,0.9114,2,discharge,2,-21.217,7.072,10.0,9.9,4.0787,3.68,18.7915,09-30-21_01.59_BOOST_protocol_HPPC_IN21700_30T_cycle_#825.mat
BOOST,825,0.88536,2.65218,0.9113,2,discharge,3,-30.5,10.167,10.0,9.9,4.0794,3.5342,17.8754,09-30-21_01.59_BOOST_protocol_HPPC_IN21700_30T_cycle_#825.mat
BOOST,825,0.88536,2.65218,0.8232,3,discharge,0,-2.651,0.884,10.0,9.9,4.0126,3.955,21.7252,09-30-21_01.59_BOOST_protocol_HPPC_IN21700_30T_cycle_#825.mat
BOOST,825,0.88536,2.65218,0.8231,3,discharge,1,-10.608,3.536,10.0,9.9,4.0136,3.7964,20.4751,09-30-21_01.59_BOOST_protocol_HPPC_IN21700_30T_cycle_#825.mat
BOOST,825,0.88536,2.65218,0.823,3,discharge,2,-21.217,7.072,10.0,9.9,4.0137,3.6175,18.6737,09-30-21_01.59_BOOST_protocol_HPPC_IN21700_30T_cycle_#825.mat
BOOST,825,0.88536,2.65218,0.823,3,discharge,3,-30.5,10.167,10.0,9.9,4.0155,3.4704,17.8721,09-30-21_01.59_BOOST_protocol_HPPC_IN21700_30T_cycle_#825.mat
BOOST,825,0.88536,2.65218,0.7348,4,discharge,0,-2.653,0.884,10.0,9.9,3.9177,3.8625,20.8043,09-30-21_01.59_BOOST_protocol_HPPC_IN21700_30T_cycle_#825.mat
BOOST,825,0.88536,2.65218,0.7347,4,discharge,1,-10.608,3.536,10.0,9.9,3.918,3.713,19.325,09-30-21_01.59_BOOST_protocol_HPPC_IN21700_30T_cycle_#825.mat
BOOST,825,0.88536,2.65218,0.7346,4,discharge,2,-21.217,7.072,10.0,9.9,3.9183,3.5427,17.7028,09-30-21_01.59_BOOST_protocol_HPPC_IN21700_30T_cycle_#825.mat
BOOST,825,0.88536,2.65218,0.7345,4,discharge,3,-30.498,10.166,10.0,9.9,3.9189,3.4023,16.9388,09-30-21_01.59_BOOST_protocol_HPPC_IN21700_30T_cycle_#825.mat
BOOST,825,0.88536,2.65218,0.6464,5,discharge,0,-2.651,0.884,10.0,9.9,3.8345,3.7833,19.3113,09-30-21_01.59_BOOST_protocol_HPPC_IN21700_30T_cycle_#825.mat
BOOST,825,0.88536,2.65218,0.6463,5,discharge,1,-10.608,3.536,10.0,9.9,3.8345,3.643,18.0524,09-30-21_01.59_BOOST_protocol_HPPC_IN21700_30T_cycle_#825.mat
BOOST,825,0.88536,2.65218,0.6462,5,discharge,2,-21.217,7.072,10.0,9.9,3.8342,3.4726,17.0429,09-30-21_01.59_BOOST_protocol_HPPC_IN21700_30T_cycle_#825.mat
BOOST,825,0.88536,2.65218,0.6461,5,discharge,3,-30.498,10.166,10.0,9.9,3.8341,3.3312,16.4896,09-30-21_01.59_BOOST_protocol_HPPC_IN21700_30T_cycle_#825.mat
BOOST,825,0.88536,2.65218,0.5579,6,discharge,0,-2.652,0.884,10.0,9.9,3.7415,3.6927,18.404,09-30-21_01.59_BOOST_protocol_HPPC_IN21700_30T_cycle_#825.mat
BOOST,825,0.88536,2.65218,0.5579,6,discharge,1,-10.607,3.536,10.0,9.9,3.7425,3.5497,18.1767,09-30-21_01.59_BOOST_protocol_HPPC_IN21700_30T_cycle_#825.mat
BOOST,825,0.88536,2.65218,0.5578,6,discharge,2,-21.218,7.073,10.0,9.9,3.743,3.3743,17.3768,09-30-21_01.59_BOOST_protocol_HPPC_IN21700_30T_cycle_#825.mat
BOOST,825,0.88536,2.65218,0.5577,6,discharge,3,-30.498,10.166,10.0,9.9,3.7432,3.229,16.8601,09-30-21_01.59_BOOST_protocol_HPPC_IN21700_30T_cycle_#825.mat
BOOST,825,0.88536,2.65218,0.4696,7,discharge,0,-2.651,0.884,10.0,9.9,3.6598,3.6121,17.9898,09-30-21_01.59_BOOST_protocol_HPPC_IN21700_30T_cycle_#825.mat
BOOST,825,0.88536,2.65218,0.4695,7,discharge,1,-10.608,3.536,10.0,9.9,3.6601,3.4733,17.6094,09-30-21_01.59_BOOST_protocol_HPPC_IN21700_30T_cycle_#825.mat
BOOST,825,0.88536,2.65218,0.4694,7,discharge,2,-21.217,7.072,10.0,9.9,3.6597,3.3002,16.944,09-30-21_01.59_BOOST_protocol_HPPC_IN21700_30T_cycle_#825.mat
BOOST,825,0.88536,2.65218,0.4693,7,discharge,3,-30.498,10.166,10.0,9.9,3.6609,3.1557,16.565,09-30-21_01.59_BOOST_protocol_HPPC_IN21700_30T_cycle_#825.mat
BOOST,825,0.88536,2.65218,0.3811,8,discharge,0,-2.654,0.885,10.0,9.9,3.5974,3.5478,18.6902,09-30-21_01.59_BOOST_protocol_HPPC_IN21700_30T_cycle_#825.mat
BOOST,825,0.88536,2.65218,0.3811,8,discharge,1,-10.609,3.536,10.0,9.9,3.5977,3.4024,18.4089,09-30-21_01.59_BOOST_protocol_HPPC_IN21700_30T_cycle_#825.mat
BOOST,825,0.88536,2.65218,0.381,8,discharge,2,-21.217,7.072,10.0,9.9,3.5982,3.2175,17.9432,09-30-21_01.59_BOOST_protocol_HPPC_IN21700_30T_cycle_#825.mat
BOOST,825,0.88536,2.65218,0.3809,8,discharge,3,-30.498,10.166,10.0,9.9,3.5986,3.0604,17.6471,09-30-21_01.59_BOOST_protocol_HPPC_IN21700_30T_cycle_#825.mat
BOOST,825,0.88536,2.65218,0.2928,9,discharge,0,-2.653,0.884,10.0,9.9,3.5187,3.4643,20.5016,09-30-21_01.59_BOOST_protocol_HPPC_IN21700_30T_cycle_#825.mat
BOOST,825,0.88536,2.65218,0.2927,9,discharge,1,-10.607,3.536,10.0,9.9,3.5185,3.3046,20.1659,09-30-21_01.59_BOOST_protocol_HPPC_IN21700_30T_cycle_#825.mat
BOOST,825,0.88536,2.65218,0.2926,9,discharge,2,-21.217,7.072,10.0,9.9,3.5208,3.0876,20.4176,09-30-21_01.59_BOOST_protocol_HPPC_IN21700_30T_cycle_#825.mat
BOOST,825,0.88536,2.65218,0.2925,9,discharge,3,-30.498,10.166,10.0,9.9,3.5218,2.8812,21.0047,09-30-21_01.59_BOOST_protocol_HPPC_IN21700_30T_cycle_#825.mat
BOOST,825,0.88536,2.65218,0.2486,10,discharge,0,-2.652,0.884,10.0,9.9,3.4697,3.4097,22.627,09-30-21_01.59_BOOST_protocol_HPPC_IN21700_30T_cycle_#825.mat
BOOST,825,0.88536,2.65218,0.2485,10,discharge,1,-10.607,3.536,10.0,9.9,3.47,3.2233,23.2582,09-30-21_01.59_BOOST_protocol_HPPC_IN21700_30T_cycle_#825.mat
BOOST,825,0.88536,2.65218,0.2484,10,discharge,2,-21.218,7.073,10.0,9.9,3.4717,2.9351,25.2898,09-30-21_01.59_BOOST_protocol_HPPC_IN21700_30T_cycle_#825.mat
BOOST,825,0.88536,2.65218,0.2483,10,discharge,3,-30.498,10.166,10.0,9.9,3.4717,2.6293,27.6215,09-30-21_01.59_BOOST_protocol_HPPC_IN21700_30T_cycle_#825.mat
BOOST,825,0.88536,2.65218,0.2044,11,discharge,0,-2.652,0.884,10.0,9.9,3.4264,3.3568,26.2473,09-30-21_01.59_BOOST_protocol_HPPC_IN21700_30T_cycle_#825.mat
BOOST,825,0.88536,2.65218,0.2043,11,discharge,1,-10.609,3.536,10.0,9.9,3.4269,3.1024,30.5872,09-30-21_01.59_BOOST_protocol_HPPC_IN21700_30T_cycle_#825.mat
BOOST,825,0.88536,2.65218,0.2042,11,discharge,2,-21.219,7.073,10.0,9.9,3.4291,2.6394,37.2166,09-30-21_01.59_BOOST_protocol_HPPC_IN21700_30T_cycle_#825.mat
BOOST,825,0.88536,2.65218,0.2041,11,discharge,3,-30.498,10.166,10.0,9.9,3.4287,2.4999,30.4545,09-30-21_01.59_BOOST_protocol_HPPC_IN21700_30T_cycle_#825.mat
BOOST,825,0.88536,2.65218,0.1602,12,discharge,0,-2.651,0.884,10.0,9.9,3.3785,3.2768,38.3556,09-30-21_01.59_BOOST_protocol_HPPC_IN21700_30T_cycle_#825.mat
BOOST,825,0.88536,2.65218,0.1601,12,discharge,1,-10.609,3.536,10.0,9.91,3.3799,2.7869,55.8959,09-30-21_01.59_BOOST_protocol_HPPC_IN21700_30T_cycle_#825.mat
BOOST,825,0.88536,2.65218,0.16,12,discharge,2,-20.188,6.729,10.0,9.9,3.3833,2.4999,43.7598,09-30-21_01.59_BOOST_protocol_HPPC_IN21700_30T_cycle_#825.mat
BOOST,825,0.88536,2.65218,0.1599,12,discharge,3,-18.618,6.206,10.0,9.9,3.3832,2.4999,47.4433,09-30-21_01.59_BOOST_protocol_HPPC_IN21700_30T_cycle_#825.mat
BOOST,862,0.88153,2.64072,1.0,0,discharge,0,-2.641,0.88,10.0,9.7,4.1339,4.0661,25.6682,10-04-21_20.35_BOOST_protocol_HPPC_IN21700_30T_cycle_#862.mat
BOOST,862,0.88153,2.64072,0.9999,0,discharge,1,-10.565,3.522,10.0,9.9,4.1433,3.8892,24.0511,10-04-21_20.35_BOOST_protocol_HPPC_IN21700_30T_cycle_#862.mat
BOOST,862,0.88153,2.64072,0.9998,0,discharge,2,-21.13,7.043,10.0,9.9,4.1421,3.7086,20.5159,10-04-21_20.35_BOOST_protocol_HPPC_IN21700_30T_cycle_#862.mat
BOOST,862,0.88153,2.64072,0.9998,0,discharge,3,-30.373,10.124,10.0,9.91,4.1407,3.5666,18.9017,10-04-21_20.35_BOOST_protocol_HPPC_IN21700_30T_cycle_#862.mat
BOOST,862,0.88153,2.64072,0.956,1,discharge,0,-2.641,0.88,10.0,9.9,4.0926,4.0322,22.8667,10-04-21_20.35_BOOST_protocol_HPPC_IN21700_30T_cycle_#862.mat
BOOST,862,0.88153,2.64072,0.9559,1,discharge,1,-10.567,3.522,10.0,9.9,4.093,3.8747,20.6587,10-04-21_20.35_BOOST_protocol_HPPC_IN21700_30T_cycle_#862.mat
BOOST,862,0.88153,2.64072,0.9558,1,discharge,2,-21.129,7.043,10.0,9.9,4.0929,3.6906,19.0402,10-04-21_20.35_BOOST_protocol_HPPC_IN21700_30T_cycle_#862.mat
BOOST,862,0.88153,2.64072,0.9557,1,discharge,3,-30.373,10.124,10.0,9.9,4.0939,3.5413,18.1938,10-04-21_20.35_BOOST_protocol_HPPC_IN21700_30T_cycle_#862.mat
BOOST,862,0.88153,2.64072,0.9119,2,discharge,0,-2.642,0.881,10.0,9.9,4.0781,4.0202,21.9194,10-04-21_20.35_BOOST_protocol_HPPC_IN21700_30T_cycle_#862.mat
BOOST,862,0.88153,2.64072,0.9119,2,discharge,1,-10.565,3.522,10.0,9.9,4.0783,3.8587,20.7856,10-04-21_20.35_BOOST_protocol_HPPC_IN21700_30T_cycle_#862.mat
BOOST,862,0.88153,2.64072,0.9118,2,discharge,2,-21.13,7.043,10.0,9.9,4.0786,3.6723,19.2286,10-04-21_20.35_BOOST_protocol_HPPC_IN21700_30T_cycle_#862.mat
BOOST,862,0.88153,2.64072,0.9117,2,discharge,3,-30.373,10.124,10.0,9.9,4.0794,3.5243,18.2761,10-04-21_20.35_BOOST_protocol_HPPC_IN21700_30T_cycle_#862.mat
BOOST,862,0.88153,2.64072,0.8239,3,discharge,0,-2.641,0.88,10.0,9.9,4.0113,3.9523,22.3375,10-04-21_20.35_BOOST_protocol_HPPC_IN21700_30T_cycle_#862.mat
BOOST,862,0.88153,2.64072,0.8238,3,discharge,1,-10.565,3.522,10.0,9.9,4.0123,3.7908,20.9655,10-04-21_20.35_BOOST_protocol_HPPC_IN21700_30T_cycle_#862.mat
BOOST,862,0.88153,2.64072,0.8238,3,discharge,2,-21.128,7.043,10.0,9.9,4.0132,3.6125,18.9654,10-04-21_20.35_BOOST_protocol_HPPC_IN21700_30T_cycle_#862.mat
BOOST,862,0.88153,2.64072,0.8237,3,discharge,3,-30.374,10.125,10.0,9.9,4.0142,3.4685,17.966,10-04-21_20.35_BOOST_protocol_HPPC_IN21700_30T_cycle_#862.mat
BOOST,862,0.88153,2.64072,0.7358,4,discharge,0,-2.642,0.881,10.0,9.9,3.9171,3.8611,21.1969,10-04-21_20.35_BOOST_protocol_HPPC_IN21700_30T_cycle_#862.mat
BOOST,862,0.88153,2.64072,0.7358,4,discharge,1,-10.565,3.522,10.0,9.9,3.9175,3.7093,19.7066,10-04-21_20.35_BOOST_protocol_HPPC_IN21700_30T_cycle_#862.mat
BOOST,862,0.88153,2.64072,0.7357,4,discharge,2,-21.128,7.043,10.0,9.9,3.9177,3.5369,18.0235,10-04-21_20.35_BOOST_protocol_HPPC_IN21700_30T_cycle_#862.mat
BOOST,862,0.88153,2.64072,0.7356,4,discharge,3,-30.373,10.124,10.0,9.9,3.9182,3.3949,17.2291,10-04-21_20.35_BOOST_protocol_HPPC_IN21700_30T_cycle_#862.mat
BOOST,862,0.88153,2.64072,0.6478,5,discharge,0,-2.642,0.881,10.0,9.9,3.8339,3.7819,19.6798,10-04-21_20.35_BOOST_protocol_HPPC_IN21700_30T_cycle_#862.mat
BOOST,862,0.88153,2.64072,0.6478,5,discharge,1,-10.565,3.522,10.0,9.9,3.8339,3.6401,18.3436,10-04-21_20.35_BOOST_protocol_HPPC_IN21700_30T_cycle_#862.mat
BOOST,862,0.88153,2.64072,0.6477,5,discharge,2,-21.128,7.043,10.0,9.9,3.8337,3.468,17.3088,10-04-21_20.35_BOOST_protocol_HPPC_IN21700_30T_cycle_#862.mat
BOOST,862,0.88153,2.64072,0.6476,5,discharge,3,-30.372,10.124,10.0,9.9,3.8335,3.3252,16.7358,10-04-21_20.35_BOOST_protocol_HPPC_IN21700_30T_cycle_#862.mat
BOOST,862,0.88153,2.64072,0.5598,6,discharge,0,-2.641,0.88,10.0,9.9,3.7425,3.692,19.1194,10-04-21_20.35_BOOST_protocol_HPPC_IN21700_30T_cycle_#862.mat
BOOST,862,0.88153,2.64072,0.5597,6,discharge,1,-10.565,3.522,10.0,9.9,3.743,3.5468,18.5708,10-04-21_20.35_BOOST_protocol_HPPC_IN21700_30T_cycle_#862.mat
BOOST,862,0.88153,2.64072,0.5596,6,discharge,2,-21.13,7.043,10.0,9.9,3.7433,3.3694,17.6952,10-04-21_20.35_BOOST_protocol_HPPC_IN21700_30T_cycle_#862.mat
BOOST,862,0.88153,2.64072,0.5595,6,discharge,3,-30.373,10.124,10.0,9.9,3.7435,3.2224,17.1567,10-04-21_20.35_BOOST_protocol_HPPC_IN21700_30T_cycle_#862.mat
BOOST,862,0.88153,2.64072,0.4718,7,discharge,0,-2.641,0.88,10.0,9.9,3.6602,3.612,18.2479,10-04-21_20.35_BOOST_protocol_HPPC_IN21700_30T_cycle_#862.mat
BOOST,862,0.88153,2.64072,0.4717,7,discharge,1,-10.565,3.522,10.0,9.9,3.6605,3.4713,17.9082,10-04-21_20.35_BOOST_protocol_HPPC_IN21700_30T_cycle_#862.mat
BOOST,862,0.88153,2.64072,0.4716,7,discharge,2,-21.13,7.043,10.0,9.9,3.6609,3.2964,17.2504,10-04-21_20.35_BOOST_protocol_HPPC_IN21700_30T_cycle_#862.mat
BOOST,862,0.88153,2.64072,0.4715,7,discharge,3,-30.372,10.124,10.0,9.9,3.6614,3.1508,16.8115,10-04-21_20.35_BOOST_protocol_HPPC_IN21700_30T_cycle_#862.mat
BOOST,862,0.88153,2.64072,0.3837,8,discharge,0,-2.642,0.881,10.0,9.9,3.5975,3.547,19.1179,10-04-21_20.35_BOOST_protocol_HPPC_IN21700_30T_cycle_#862.mat
BOOST,862,0.88153,2.64072,0.3837,8,discharge,1,-10.565,3.522,10.0,9.9,3.5978,3.3991,18.8074,10-04-21_20.35_BOOST_protocol_HPPC_IN21700_30T_cycle_#862.mat
BOOST,862,0.88153,2.64072,0.3835,8,discharge,2,-21.13,7.043,10.0,9.9,3.5984,3.2118,18.2963,10-04-21_20.35_BOOST_protocol_HPPC_IN21700_30T_cycle_#862.mat
BOOST,862,0.88153,2.64072,0.3835,8,discharge,3,-30.371,10.124,10.0,9.9,3.5982,3.0527,17.9612,10-04-21_20.35_BOOST_protocol_HPPC_IN21700_30T_cycle_#862.mat
BOOST,862,0.88153,2.64072,0.2957,9,discharge,0,-2.643,0.881,10.0,9.9,3.5182,3.4636,20.656,10-04-21_20.35_BOOST_protocol_HPPC_IN21700_30T_cycle_#862.mat
BOOST,862,0.88153,2.64072,0.2956,9,discharge,1,-10.565,3.522,10.0,9.9,3.5193,3.3008,20.6815,10-04-21_20.35_BOOST_protocol_HPPC_IN21700_30T_cycle_#862.mat
BOOST,862,0.88153,2.64072,0.2955,9,discharge,2,-21.13,7.043,10.0,9.9,3.5209,3.0805,20.8424,10-04-21_20.35_BOOST_protocol_HPPC_IN21700_30T_cycle_#862.mat
BOOST,862,0.88153,2.64072,0.2954,9,discharge,3,-30.371,10.124,10.0,9.9,3.5222,2.8699,21.4777,10-04-21_20.35_BOOST_protocol_HPPC_IN21700_30T_cycle_#862.mat
BOOST,862,0.88153,2.64072,0.2516,10,discharge,0,-2.641,0.88,10.0,9.9,3.4695,3.4089,22.9424,10-04-21_20.35_BOOST_protocol_HPPC_IN21700_30T_cycle_#862.mat
BOOST,862,0.88153,2.64072,0.2516,10,discharge,1,-10.565,3.522,10.0,9.9,3.4707,3.2185,23.8713,10-04-21_20.35_BOOST_protocol_HPPC_IN21700_30T_cycle_#862.mat
BOOST,862,0.88153,2.64072,0.2515,10,discharge,2,-21.129,7.043,10.0,9.9,3.4721,2.9249,25.8981,10-04-21_20.35_BOOST_protocol_HPPC_IN21700_30T_cycle_#862.mat
BOOST,862,0.88153,2.64072,0.2514,10,discharge,3,-30.374,10.125,10.0,9.9,3.4722,2.6125,28.3038,10-04-21_20.35_BOOST_protocol_HPPC_IN21700_30T_cycle_#862.mat
BOOST,862,0.88153,2.64072,0.2076,11,discharge,0,-2.643,0.881,10.0,9.9,3.4264,3.3558,26.71,10-04-21_20.35_BOOST_protocol_HPPC_IN21700_30T_cycle_#862.mat
BOOST,862,0.88153,2.64072,0.2076,11,discharge,1,-10.565,3.522,10.0,9.9,3.4276,3.0955,31.434,10-04-21_20.35_BOOST_protocol_HPPC_IN21700_30T_cycle_#862.mat
BOOST,862,0.88153,2.64072,0.2075,11,discharge,2,-21.13,7.043,10.0,9.9,3.4297,2.6271,37.9839,10-04-21_20.35_BOOST_protocol_HPPC_IN21700_30T_cycle_#862.mat
BOOST,862,0.88153,2.64072,0.2074,11,discharge,3,-30.372,10.124,10.0,9.9,3.4295,2.4999,30.6071,10-04-21_20.35_BOOST_protocol_HPPC_IN21700_30T_cycle_#862.mat
BOOST,862,0.88153,2.64072,0.1636,12,discharge,0,-2.643,0.881,10.0,9.9,3.3794,3.2752,39.4204,10-04-21_20.35_BOOST_protocol_HPPC_IN21700_30T_cycle_#862.mat
BOOST,862,0.88153,2.64072,0.1636,12,discharge,1,-10.565,3.522,10.0,9.9,3.3806,2.7842,56.4505,10-04-21_20.35_BOOST_protocol_HPPC_IN21700_30T_cycle_#862.mat
BOOST,862,0.88153,2.64072,0.1635,12,discharge,2,-19.746,6.582,10.0,9.9,3.3835,2.4999,44.7483,10-04-21_20.35_BOOST_protocol_HPPC_IN21700_30T_cycle_#862.mat
BOOST,862,0.88153,2.64072,0.1634,12,discharge,3,-18.261,6.087,10.0,9.9,3.3838,2.4999,48.4037,10-04-21_20.35_BOOST_protocol_HPPC_IN21700_30T_cycle_#862.mat
BOOST,900,0.88192,2.64189,1.0,0,discharge,0,-2.642,0.881,10.0,9.7,4.135,4.065,26.5001,10-11-21_21.43_BOOST_protocol_HPPC_IN21700_30T_cycle_#900.mat
BOOST,900,0.88192,2.64189,0.9999,0,discharge,1,-10.569,3.523,10.0,9.9,4.1441,3.8859,24.4299,10-11-21_21.43_BOOST_protocol_HPPC_IN21700_30T_cycle_#900.mat
BOOST,900,0.88192,2.64189,0.9998,0,discharge,2,-21.137,7.046,10.0,9.9,4.143,3.7052,20.7125,10-11-21_21.43_BOOST_protocol_HPPC_IN21700_30T_cycle_#900.mat
BOOST,900,0.88192,2.64189,0.9998,0,discharge,3,-30.384,10.128,10.0,9.9,4.1423,3.5658,18.9738,10-11-21_21.43_BOOST_protocol_HPPC_IN21700_30T_cycle_#900.mat
BOOST,900,0.88192,2.64189,0.9559,1,discharge,0,-2.643,0.881,10.0,9.9,4.0924,4.0292,23.9131,10-11-21_21.43_BOOST_protocol_HPPC_IN21700_30T_cycle_#900.mat
BOOST,900,0.88192,2.64189,0.9559,1,discharge,1,-10.571,3.524,10.0,9.9,4.0928,3.8664,21.4171,10-11-21_21.43_BOOST_protocol_HPPC_IN21700_30T_cycle_#900.mat
BOOST,900,0.88192,2.64189,0.9558,1,discharge,2,-21.137,7.046,10.0,9.9,4.0933,3.6849,19.3216,10-11-21_21.43_BOOST_protocol_HPPC_IN21700_30T_cycle_#900.mat
BOOST,900,0.88192,2.64189,0.9557,1,discharge,3,-30.382,10.127,10.0,9.9,4.0941,3.5425,18.1555,10-11-21_21.43_BOOST_protocol_HPPC_IN21700_30T_cycle_#900.mat
BOOST,900,0.88192,2.64189,0.9119,2,discharge,0,-2.643,0.881,10.0,9.9,4.0781,4.0191,22.3214,10-11-21_21.43_BOOST_protocol_HPPC_IN21700_30T_cycle_#900.mat
BOOST,900,0.88192,2.64189,0.9118,2,discharge,1,-10.569,3.523,10.0,9.9,4.0783,3.8554,21.09,10-11-21_21.43_BOOST_protocol_HPPC_IN21700_30T_cycle_#900.mat
BOOST,900,0.88192,2.64189,0.9118,2,discharge,2,-21.138,7.046,10.0,9.9,4.0786,3.6686,19.3963,10-11-21_21.43_BOOST_protocol_HPPC_IN21700_30T_cycle_#900.mat
BOOST,900,0.88192,2.64189,0.9117,2,discharge,3,-30.385,10.128,10.0,9.9,4.0793,3.5234,18.2952,10-11-21_21.43_BOOST_protocol_HPPC_IN21700_30T_cycle_#900.mat
BOOST,900,0.88192,2.64189,0.8238,3,discharge,0,-2.643,0.881,10.0,9.9,4.0109,3.9498,23.115,10-11-21_21.43_BOOST_protocol_HPPC_IN21700_30T_cycle_#900.mat
BOOST,900,0.88192,2.64189,0.8237,3,discharge,1,-10.569,3.523,10.0,9.9,4.0111,3.7836,21.5252,10-11-21_21.43_BOOST_protocol_HPPC_IN21700_30T_cycle_#900.mat
BOOST,900,0.88192,2.64189,0.8237,3,discharge,2,-21.138,7.046,10.0,9.9,4.0128,3.6019,19.4389,10-11-21_21.43_BOOST_protocol_HPPC_IN21700_30T_cycle_#900.mat
BOOST,900,0.88192,2.64189,0.8236,3,discharge,3,-30.383,10.128,10.0,9.9,4.0139,3.4611,18.1944,10-11-21_21.43_BOOST_protocol_HPPC_IN21700_30T_cycle_#900.mat
BOOST,900,0.88192,2.64189,0.7358,4,discharge,0,-2.641,0.88,10.0,9.9,3.917,3.8603,21.4675,10-11-21_21.43_BOOST_protocol_HPPC_IN21700_30T_cycle_#900.mat
BOOST,900,0.88192,2.64189,0.7357,4,discharge,1,-10.571,3.524,10.0,9.9,3.9171,3.7071,19.8657,10-11-21_21.43_BOOST_protocol_HPPC_IN21700_30T_cycle_#900.mat
BOOST,900,0.88192,2.64189,0.7356,4,discharge,2,-21.137,7.046,10.0,9.9,3.9175,3.5338,18.153,10-11-21_21.43_BOOST_protocol_HPPC_IN21700_30T_cycle_#900.mat
BOOST,900,0.88192,2.64189,0.7355,4,discharge,3,-30.385,10.128,10.0,9.9,3.9182,3.3952,17.2124,10-11-21_21.43_BOOST_protocol_HPPC_IN21700_30T_cycle_#900.mat
BOOST,900,0.88192,2.64189,0.6477,5,discharge,0,-2.643,0.881,10.0,9.91,3.832,3.7798,19.7488,10-11-21_21.43_BOOST_protocol_HPPC_IN21700_30T_cycle_#900.mat
BOOST,900,0.88192,2.64189,0.6476,5,discharge,1,-10.569,3.523,10.0,9.9,3.832,3.6339,18.7435,10-11-21_21.43_BOOST_protocol_HPPC_IN21700_30T_cycle_#900.mat
BOOST,900,0.88192,2.64189,0.6475,5,discharge,2,-21.138,7.046,10.0,9.9,3.8325,3.458,17.7169,10-11-21_21.43_BOOST_protocol_HPPC_IN21700_30T_cycle_#900.mat
BOOST,900,0.88192,2.64189,0.6474,5,discharge,3,-30.383,10.128,10.0,9.9,3.8326,3.3161,16.9996,10-11-21_21.43_BOOST_protocol_HPPC_IN21700_30T_cycle_#900.mat
BOOST,900,0.88192,2.64189,0.5596,6,discharge,0,-2.641,0.88,10.0,9.9,3.7419,3.6909,19.3101,10-11-21_21.43_BOOST_protocol_HPPC_IN21700_30T_cycle_#900.mat
BOOST,900,0.88192,2.64189,0.5595,6,discharge,1,-10.569,3.523,10.0,9.9,3.7423,3.544,18.7624,10-11-21_21.43_BOOST_protocol_HPPC_IN21700_30T_cycle_#900.mat
BOOST,900,0.88192,2.64189,0.5595,6,discharge,2,-21.138,7.046,10.0,9.9,3.7419,3.366,17.7831,10-11-21_21.43_BOOST_protocol_HPPC_IN21700_30T_cycle_#900.mat
BOOST,900,0.88192,2.64189,0.5594,6,discharge,3,-30.385,10.128,10.0,9.9,3.743,3.2222,17.14,10-11-21_21.43_BOOST_protocol_HPPC_IN21700_30T_cycle_#900.mat
BOOST,900,0.88192,2.64189,0.4715,7,discharge,0,-2.643,0.881,10.0,9.9,3.6597,3.61,18.8023,10-11-21_21.43_BOOST_protocol_HPPC_IN21700_30T_cycle_#900.mat
BOOST,900,0.88192,2.64189,0.4715,7,discharge,1,-10.569,3.523,10.0,9.9,3.66,3.4654,18.4123,10-11-21_21.43_BOOST_protocol_HPPC_IN21700_30T_cycle_#900.mat
BOOST,900,0.88192,2.64189,0.4714,7,discharge,2,-21.138,7.046,10.0,9.9,3.6598,3.2867,17.6507,10-11-21_21.43_BOOST_protocol_HPPC_IN21700_30T_cycle_#900.mat
BOOST,900,0.88192,2.64189,0.4713,7,discharge,3,-30.384,10.128,10.0,9.9,3.6609,3.1412,17.1044,10-11-21_21.43_BOOST_protocol_HPPC_IN21700_30T_cycle_#900.mat
BOOST,900,0.88192,2.64189,0.3834,8,discharge,0,-2.641,0.88,10.0,9.9,3.596,3.5457,19.0437,10-11-21_21.43_BOOST_protocol_HPPC_IN21700_30T_cycle_#900.mat
BOOST,900,0.88192,2.64189,0.3834,8,discharge,1,-10.569,3.523,10.0,9.91,3.597,3.3953,19.0841,10-11-21_21.43_BOOST_protocol_HPPC_IN21700_30T_cycle_#900.mat
BOOST,900,0.88192,2.64189,0.3833,8,discharge,2,-21.138,7.046,10.0,9.9,3.5977,3.207,18.4833,10-11-21_21.43_BOOST_protocol_HPPC_IN21700_30T_cycle_#900.mat
BOOST,900,0.88192,2.64189,0.3832,8,discharge,3,-30.385,10.128,10.0,9.9,3.598,3.0513,17.9924,10-11-21_21.43_BOOST_protocol_HPPC_IN21700_30T_cycle_#900.mat
BOOST,900,0.88192,2.64189,0.2954,9,discharge,0,-2.643,0.881,10.0,9.9,3.5167,3.4603,21.337,10-11-21_21.43_BOOST_protocol_HPPC_IN21700_30T_cycle_#900.mat
BOOST,900,0.88192,2.64189,0.2953,9,discharge,1,-10.569,3.523,10.0,9.9,3.5172,3.2919,21.3171,10-11-21_21.43_BOOST_protocol_HPPC_IN21700_30T_cycle_#900.mat
BOOST,900,0.88192,2.64189,0.2952,9,discharge,2,-21.138,7.046,10.0,9.91,3.5197,3.0644,21.5394,10-11-21_21.43_BOOST_protocol_HPPC_IN21700_30T_cycle_#900.mat
BOOST,900,0.88192,2.64189,0.2952,9,discharge,3,-30.385,10.128,10.0,9.9,3.5208,2.8527,21.9878,10-11-21_21.43_BOOST_protocol_HPPC_IN21700_30T_cycle_#900.mat
BOOST,900,0.88192,2.64189,0.2513,10,discharge,0,-2.643,0.881,10.0,9.9,3.4685,3.4058,23.723,10-11-21_21.43_BOOST_protocol_HPPC_IN21700_30T_cycle_#900.mat
BOOST,900,0.88192,2.64189,0.2513,10,discharge,1,-10.569,3.523,10.0,9.9,3.4689,3.2112,24.3826,10-11-21_21.43_BOOST_protocol_HPPC_IN21700_30T_cycle_#900.mat
BOOST,900,0.88192,2.64189,0.2512,10,discharge,2,-21.138,7.046,10.0,9.9,3.4702,2.9136,26.3317,10-11-21_21.43_BOOST_protocol_HPPC_IN21700_30T_cycle_#900.mat
BOOST,900,0.88192,2.64189,0.2511,10,discharge,3,-30.385,10.128,10.0,9.91,3.4703,2.6118,28.2541,10-11-21_21.43_BOOST_protocol_HPPC_IN21700_30T_cycle_#900.mat
BOOST,900,0.88192,2.64189,0.2073,11,discharge,0,-2.643,0.881,10.0,9.9,3.4258,3.3521,27.885,10-11-21_21.43_BOOST_protocol_HPPC_IN21700_30T_cycle_#900.mat
BOOST,900,0.88192,2.64189,0.2072,11,discharge,1,-10.569,3.523,10.0,9.9,3.4264,3.0793,32.8413,10-11-21_21.43_BOOST_protocol_HPPC_IN21700_30T_cycle_#900.mat
BOOST,900,0.88192,2.64189,0.2071,11,discharge,2,-21.137,7.046,10.0,9.9,3.4286,2.5945,39.4616,10-11-21_21.43_BOOST_protocol_HPPC_IN21700_30T_cycle_#900.mat
BOOST,900,0.88192,2.64189,0.2071,11,discharge,3,-30.384,10.128,10.0,9.9,3.4284,2.4999,30.5588,10-11-21_21.43_BOOST_protocol_HPPC_IN21700_30T_cycle_#900.mat
BOOST,900,0.88192,2.64189,0.1633,12,discharge,0,-2.643,0.881,10.0,9.9,3.3769,3.2694,40.6781,10-11-21_21.43_BOOST_protocol_HPPC_IN21700_30T_cycle_#900.mat
BOOST,900,0.88192,2.64189,0.1632,12,discharge,1,-10.571,3.524,10.0,9.9,3.3784,2.7751,57.0712,10-11-21_21.43_BOOST_protocol_HPPC_IN21700_30T_cycle_#900.mat
BOOST,900,0.88192,2.64189,0.1631,12,discharge,2,-20.175,6.725,10.0,9.9,3.3818,2.4998,43.7164,10-11-21_21.43_BOOST_protocol_HPPC_IN21700_30T_cycle_#900.mat
BOOST,900,0.88192,2.64189,0.163,12,discharge,3,-18.693,6.231,10.0,9.9,3.3818,2.4999,47.1781,10-11-21_21.43_BOOST_protocol_HPPC_IN21700_30T_cycle_#900.mat
BOOST,937,0.87596,2.62404,1.0,0,discharge,0,-2.625,0.875,10.0,9.7,4.1335,4.0614,27.4677,10-17-21_22.00_BOOST_protocol_HPPC_IN21700_30T_cycle_#937.mat
BOOST,937,0.87596,2.62404,0.9999,0,discharge,1,-10.505,3.502,10.0,9.9,4.143,3.8788,25.1499,10-17-21_22.00_BOOST_protocol_HPPC_IN21700_30T_cycle_#937.mat
BOOST,937,0.87596,2.62404,0.9998,0,discharge,2,-21.006,7.002,10.0,9.9,4.1419,3.6954,21.2558,10-17-21_22.00_BOOST_protocol_HPPC_IN21700_30T_cycle_#937.mat
BOOST,937,0.87596,2.62404,0.9998,0,discharge,3,-30.195,10.065,10.0,9.9,4.1412,3.5541,19.4436,10-17-21_22.00_BOOST_protocol_HPPC_IN21700_30T_cycle_#937.mat
BOOST,937,0.87596,2.62404,0.9562,1,discharge,0,-2.625,0.875,10.0,9.9,4.0919,4.0266,24.8781,10-17-21_22.00_BOOST_protocol_HPPC_IN21700_30T_cycle_#937.mat
BOOST,937,0.87596,2.62404,0.9561,1,discharge,1,-10.505,3.502,10.0,9.9,4.0916,3.8597,22.0752,10-17-21_22.00_BOOST_protocol_HPPC_IN21700_30T_cycle_#937.mat
BOOST,937,0.87596,2.62404,0.9561,1,discharge,2,-21.008,7.003,10.0,9.9,4.0927,3.6753,19.8686,10-17-21_22.00_BOOST_protocol_HPPC_IN21700_30T_cycle_#937.mat
BOOST,937,0.87596,2.62404,0.956,1,discharge,3,-30.197,10.066,10.0,9.9,4.0929,3.5309,18.6111,10-17-21_22.00_BOOST_protocol_HPPC_IN21700_30T_cycle_#937.mat
BOOST,937,0.87596,2.62404,0.9124,2,discharge,0,-2.625,0.875,10.0,9.9,4.0769,4.0168,22.8944,10-17-21_22.00_BOOST_protocol_HPPC_IN21700_30T_cycle_#937.mat
BOOST,937,0.87596,2.62404,0.9124,2,discharge,1,-10.503,3.501,10.0,9.9,4.0771,3.8487,21.7462,10-17-21_22.00_BOOST_protocol_HPPC_IN21700_30T_cycle_#937.mat
BOOST,937,0.87596,2.62404,0.9123,2,discharge,2,-21.006,7.002,10.0,9.9,4.0784,3.6587,19.98,10-17-21_22.00_BOOST_protocol_HPPC_IN21700_30T_cycle_#937.mat
BOOST,937,0.87596,2.62404,0.9122,2,discharge,3,-30.197,10.066,10.0,9.9,4.0792,3.5121,18.78,10-17-21_22.00_BOOST_protocol_HPPC_IN21700_30T_cycle_#937.mat
BOOST,937,0.87596,2.62404,0.8249,3,discharge,0,-2.625,0.875,10.0,9.9,4.009,3.9464,23.8476,10-17-21_22.00_BOOST_protocol_HPPC_IN21700_30T_cycle_#937.mat
BOOST,937,0.87596,2.62404,0.8248,3,discharge,1,-10.505,3.502,10.0,9.9,4.0102,3.7772,22.1799,10-17-21_22.00_BOOST_protocol_HPPC_IN21700_30T_cycle_#937.mat
BOOST,937,0.87596,2.62404,0.8247,3,discharge,2,-21.006,7.002,10.0,9.9,4.0112,3.5934,19.8896,10-17-21_22.00_BOOST_protocol_HPPC_IN21700_30T_cycle_#937.mat
BOOST,937,0.87596,2.62404,0.8247,3,discharge,3,-30.196,10.065,10.0,9.9,4.0124,3.4505,18.6084,10-17-21_22.00_BOOST_protocol_HPPC_IN21700_30T_cycle_#937.mat
BOOST,937,0.87596,2.62404,0.7374,4,discharge,0,-2.625,0.875,10.0,9.9,3.916,3.8581,22.0555,10-17-21_22.00_BOOST_protocol_HPPC_IN21700_30T_cycle_#937.mat
BOOST,937,0.87596,2.62404,0.7373,4,discharge,1,-10.503,3.501,10.0,9.9,3.9162,3.7021,20.3847,10-17-21_22.00_BOOST_protocol_HPPC_IN21700_30T_cycle_#937.mat
BOOST,937,0.87596,2.62404,0.7372,4,discharge,2,-21.006,7.002,10.0,9.9,3.9167,3.5262,18.5899,10-17-21_22.00_BOOST_protocol_HPPC_IN21700_30T_cycle_#937.mat
BOOST,937,0.87596,2.62404,0.7371,4,discharge,3,-30.197,10.066,10.0,9.9,3.9173,3.3858,17.6011,10-17-21_22.00_BOOST_protocol_HPPC_IN21700_30T_cycle_#937.mat
BOOST,937,0.87596,2.62404,0.6498,5,discharge,0,-2.627,0.876,10.0,9.9,3.8319,3.778,20.5177,10-17-21_22.00_BOOST_protocol_HPPC_IN21700_30T_cycle_#937.mat
BOOST,937,0.87596,2.62404,0.6498,5,discharge,1,-10.503,3.501,10.0,9.9,3.832,3.6292,19.3088,10-17-21_22.00_BOOST_protocol_HPPC_IN21700_30T_cycle_#937.mat
BOOST,937,0.87596,2.62404,0.6497,5,discharge,2,-21.006,7.002,10.0,9.9,3.8318,3.4503,18.1615,10-17-21_22.00_BOOST_protocol_HPPC_IN21700_30T_cycle_#937.mat
BOOST,937,0.87596,2.62404,0.6496,5,discharge,3,-30.197,10.066,10.0,9.9,3.8311,3.3063,17.3792,10-17-21_22.00_BOOST_protocol_HPPC_IN21700_30T_cycle_#937.mat
BOOST,937,0.87596,2.62404,0.5623,6,discharge,0,-2.625,0.875,10.0,9.9,3.7418,3.6895,19.9253,10-17-21_22.00_BOOST_protocol_HPPC_IN21700_30T_cycle_#937.mat
BOOST,937,0.87596,2.62404,0.5623,6,discharge,1,-10.503,3.501,10.0,9.9,3.7421,3.5391,19.3278,10-17-21_22.00_BOOST_protocol_HPPC_IN21700_30T_cycle_#937.mat
BOOST,937,0.87596,2.62404,0.5622,6,discharge,2,-21.006,7.002,10.0,9.9,3.7427,3.3581,18.3091,10-17-21_22.00_BOOST_protocol_HPPC_IN21700_30T_cycle_#937.mat
BOOST,937,0.87596,2.62404,0.5621,6,discharge,3,-30.197,10.066,10.0,9.9,3.7431,3.2123,17.5779,10-17-21_22.00_BOOST_protocol_HPPC_IN21700_30T_cycle_#937.mat
BOOST,937,0.87596,2.62404,0.4748,7,discharge,0,-2.627,0.876,10.0,9.9,3.6591,3.6088,19.1488,10-17-21_22.00_BOOST_protocol_HPPC_IN21700_30T_cycle_#937.mat
BOOST,937,0.87596,2.62404,0.4747,7,discharge,1,-10.503,3.501,10.0,9.9,3.6602,3.4605,19.0136,10-17-21_22.00_BOOST_protocol_HPPC_IN21700_30T_cycle_#937.mat
BOOST,937,0.87596,2.62404,0.4746,7,discharge,2,-21.008,7.003,10.0,9.9,3.6605,3.2785,18.1835,10-17-21_22.00_BOOST_protocol_HPPC_IN21700_30T_cycle_#937.mat
BOOST,937,0.87596,2.62404,0.4746,7,discharge,3,-30.197,10.066,10.0,9.9,3.6604,3.131,17.5315,10-17-21_22.00_BOOST_protocol_HPPC_IN21700_30T_cycle_#937.mat
BOOST,937,0.87596,2.62404,0.3873,8,discharge,0,-2.627,0.876,10.0,9.9,3.5969,3.5441,20.0986,10-17-21_22.00_BOOST_protocol_HPPC_IN21700_30T_cycle_#937.mat
BOOST,937,0.87596,2.62404,0.3872,8,discharge,1,-10.505,3.502,10.0,9.9,3.5973,3.3901,19.7239,10-17-21_22.00_BOOST_protocol_HPPC_IN21700_30T_cycle_#937.mat
BOOST,937,0.87596,2.62404,0.3871,8,discharge,2,-21.007,7.002,10.0,9.9,3.5978,3.1981,19.027,10-17-21_22.00_BOOST_protocol_HPPC_IN21700_30T_cycle_#937.mat
BOOST,937,0.87596,2.62404,0.387,8,discharge,3,-30.196,10.065,10.0,9.9,3.5981,3.0396,18.4958,10-17-21_22.00_BOOST_protocol_HPPC_IN21700_30T_cycle_#937.mat
BOOST,937,0.87596,2.62404,0.2997,9,discharge,0,-2.625,0.875,10.0,9.9,3.5176,3.4585,22.5126,10-17-21_22.00_BOOST_protocol_HPPC_IN21700_30T_cycle_#937.mat
BOOST,937,0.87596,2.62404,0.2997,9,discharge,1,-10.503,3.501,10.0,9.9,3.5181,3.2852,22.1746,10-17-21_22.00_BOOST_protocol_HPPC_IN21700_30T_cycle_#937.mat
BOOST,937,0.87596,2.62404,0.2996,9,discharge,2,-21.006,7.002,10.0,9.9,3.5199,3.0521,22.2698,10-17-21_22.00_BOOST_protocol_HPPC_IN21700_30T_cycle_#937.mat
BOOST,937,0.87596,2.62404,0.2995,9,discharge,3,-30.196,10.065,10.0,9.9,3.5203,2.8352,22.6884,10-17-21_22.00_BOOST_protocol_HPPC_IN21700_30T_cycle_#937.mat
BOOST,937,0.87596,2.62404,0.256,10,discharge,0,-2.625,0.875,10.0,9.9,3.4693,3.4049,24.5315,10-17-21_22.00_BOOST_protocol_HPPC_IN21700_30T_cycle_#937.mat
BOOST,937,0.87596,2.62404,0.2559,10,discharge,1,-10.505,3.502,10.0,9.9,3.4691,3.2046,25.1785,10-17-21_22.00_BOOST_protocol_HPPC_IN21700_30T_cycle_#937.mat
BOOST,937,0.87596,2.62404,0.2558,10,discharge,2,-21.008,7.003,10.0,9.9,3.4711,2.9007,27.1516,10-17-21_22.00_BOOST_protocol_HPPC_IN21700_30T_cycle_#937.mat
BOOST,937,0.87596,2.62404,0.2558,10,discharge,3,-30.197,10.066,10.0,9.9,3.4714,2.5942,29.0492,10-17-21_22.00_BOOST_protocol_HPPC_IN21700_30T_cycle_#937.mat
BOOST,937,0.87596,2.62404,0.2122,11,discharge,0,-2.625,0.875,10.0,9.9,3.4267,3.3509,28.8729,10-17-21_22.00_BOOST_protocol_HPPC_IN21700_30T_cycle_#937.mat
BOOST,937,0.87596,2.62404,0.2121,11,discharge,1,-10.503,3.501,10.0,9.9,3.4273,3.0719,33.838,10-17-21_22.00_BOOST_protocol_HPPC_IN21700_30T_cycle_#937.mat
BOOST,937,0.87596,2.62404,0.2121,11,discharge,2,-21.008,7.003,10.0,9.9,3.4294,2.5852,40.1847,10-17-21_22.00_BOOST_protocol_HPPC_IN21700_30T_cycle_#937.mat
BOOST,937,0.87596,2.62404,0.212,11,discharge,3,-30.196,10.065,10.0,9.9,3.4293,2.4999,30.7789,10-17-21_22.00_BOOST_protocol_HPPC_IN21700_30T_cycle_#937.mat
BOOST,937,0.87596,2.62404,0.1684,12,discharge,0,-2.625,0.875,10.0,9.9,3.3784,3.2691,41.6333,10-17-21_22.00_BOOST_protocol_HPPC_IN21700_30T_cycle_#937.mat
BOOST,937,0.87596,2.62404,0.1684,12,discharge,1,-10.505,3.502,10.0,9.9,3.3792,2.7743,57.5821,10-17-21_22.00_BOOST_protocol_HPPC_IN21700_30T_cycle_#937.mat
BOOST,937,0.87596,2.62404,0.1683,12,discharge,2,-19.955,6.652,10.0,9.9,3.3834,2.5,44.2696,10-17-21_22.00_BOOST_protocol_HPPC_IN21700_30T_cycle_#937.mat
BOOST,937,0.87596,2.62404,0.1682,12,discharge,3,-18.656,6.219,10.0,9.9,3.3836,2.4999,47.3681,10-17-21_22.00_BOOST_protocol_HPPC_IN21700_30T_cycle_#937.mat
BOOST,975,0.86816,2.60066,1.0,0,discharge,0,-2.599,0.866,10.0,9.7,4.1293,4.0542,28.8913,10-25-21_16.20_BOOST_protocol_HPPC_IN21700_30T_cycle_#975.mat
BOOST,975,0.86816,2.60066,0.9999,0,discharge,1,-10.404,3.468,10.0,9.9,4.1374,3.8682,25.8747,10-25-21_16.20_BOOST_protocol_HPPC_IN21700_30T_cycle_#975.mat
BOOST,975,0.86816,2.60066,0.9998,0,discharge,2,-20.807,6.936,10.0,9.9,4.1368,3.6805,21.9301,10-25-21_16.20_BOOST_protocol_HPPC_IN21700_30T_cycle_#975.mat
BOOST,975,0.86816,2.60066,0.9998,0,discharge,3,-29.91,9.97,10.0,9.9,4.1354,3.5331,20.1371,10-25-21_16.20_BOOST_protocol_HPPC_IN21700_30T_cycle_#975.mat
BOOST,975,0.86816,2.60066,0.9566,1,discharge,0,-2.601,0.867,10.0,9.9,4.0905,4.0235,25.7603,10-25-21_16.20_BOOST_protocol_HPPC_IN21700_30T_cycle_#975.mat
BOOST,975,0.86816,2.60066,0.9566,1,discharge,1,-10.404,3.468,10.0,9.9,4.0908,3.8543,22.7316,10-25-21_16.20_BOOST_protocol_HPPC_IN21700_30T_cycle_#975.mat
BOOST,975,0.86816,2.60066,0.9565,1,discharge,2,-20.807,6.936,10.0,9.9,4.0911,3.6676,20.3537,10-25-21_16.20_BOOST_protocol_HPPC_IN21700_30T_cycle_#975.mat
BOOST,975,0.86816,2.60066,0.9564,1,discharge,3,-29.91,9.97,10.0,9.9,4.092,3.5197,19.1341,10-25-21_16.20_BOOST_protocol_HPPC_IN21700_30T_cycle_#975.mat
BOOST,975,0.86816,2.60066,0.9133,2,discharge,0,-2.601,0.867,10.0,9.9,4.0767,4.013,24.4906,10-25-21_16.20_BOOST_protocol_HPPC_IN21700_30T_cycle_#975.mat
BOOST,975,0.86816,2.60066,0.9132,2,discharge,1,-10.404,3.468,10.0,9.9,4.077,3.8389,22.8854,10-25-21_16.20_BOOST_protocol_HPPC_IN21700_30T_cycle_#975.mat
BOOST,975,0.86816,2.60066,0.9131,2,discharge,2,-20.808,6.936,10.0,9.9,4.0773,3.6442,20.8141,10-25-21_16.20_BOOST_protocol_HPPC_IN21700_30T_cycle_#975.mat
BOOST,975,0.86816,2.60066,0.9131,2,discharge,3,-29.909,9.97,10.0,9.9,4.0775,3.4915,19.5928,10-25-21_16.20_BOOST_protocol_HPPC_IN21700_30T_cycle_#975.mat
BOOST,975,0.86816,2.60066,0.8266,3,discharge,0,-2.601,0.867,10.0,9.9,4.004,3.9396,24.7588,10-25-21_16.20_BOOST_protocol_HPPC_IN21700_30T_cycle_#975.mat
BOOST,975,0.86816,2.60066,0.8265,3,discharge,1,-10.406,3.469,10.0,9.9,4.0052,3.7678,22.8138,10-25-21_16.20_BOOST_protocol_HPPC_IN21700_30T_cycle_#975.mat
BOOST,975,0.86816,2.60066,0.8264,3,discharge,2,-20.807,6.936,10.0,9.9,4.0062,3.5812,20.4258,10-25-21_16.20_BOOST_protocol_HPPC_IN21700_30T_cycle_#975.mat
BOOST,975,0.86816,2.60066,0.8263,3,discharge,3,-29.909,9.97,10.0,9.9,4.0075,3.4342,19.1681,10-25-21_16.20_BOOST_protocol_HPPC_IN21700_30T_cycle_#975.mat
BOOST,975,0.86816,2.60066,0.7399,4,discharge,0,-2.601,0.867,10.0,9.9,3.9135,3.8555,22.2983,10-25-21_16.20_BOOST_protocol_HPPC_IN21700_30T_cycle_#975.mat
BOOST,975,0.86816,2.60066,0.7398,4,discharge,1,-10.404,3.468,10.0,9.9,3.914,3.6975,20.8093,10-25-21_16.20_BOOST_protocol_HPPC_IN21700_30T_cycle_#975.mat
BOOST,975,0.86816,2.60066,0.7397,4,discharge,2,-20.807,6.936,10.0,9.9,3.9142,3.5148,19.1955,10-25-21_16.20_BOOST_protocol_HPPC_IN21700_30T_cycle_#975.mat
BOOST,975,0.86816,2.60066,0.7396,4,discharge,3,-29.91,9.97,10.0,9.9,3.9141,3.3659,18.3283,10-25-21_16.20_BOOST_protocol_HPPC_IN21700_30T_cycle_#975.mat
BOOST,975,0.86816,2.60066,0.6532,5,discharge,0,-2.601,0.867,10.0,9.9,3.8277,3.7734,20.875,10-25-21_16.20_BOOST_protocol_HPPC_IN21700_30T_cycle_#975.mat
BOOST,975,0.86816,2.60066,0.6531,5,discharge,1,-10.404,3.468,10.0,9.9,3.8286,3.6205,20.0019,10-25-21_16.20_BOOST_protocol_HPPC_IN21700_30T_cycle_#975.mat
BOOST,975,0.86816,2.60066,0.653,5,discharge,2,-20.806,6.935,10.0,9.9,3.8286,3.4376,18.7927,10-25-21_16.20_BOOST_protocol_HPPC_IN21700_30T_cycle_#975.mat
BOOST,975,0.86816,2.60066,0.6529,5,discharge,3,-29.91,9.97,10.0,9.9,3.8285,3.2873,18.0943,10-25-21_16.20_BOOST_protocol_HPPC_IN21700_30T_cycle_#975.mat
BOOST,975,0.86816,2.60066,0.5665,6,discharge,0,-2.601,0.867,10.0,9.9,3.7391,3.6872,19.9546,10-25-21_16.20_BOOST_protocol_HPPC_IN21700_30T_cycle_#975.mat
BOOST,975,0.86816,2.60066,0.5664,6,discharge,1,-10.404,3.468,10.0,9.9,3.7403,3.5361,19.6271,10-25-21_16.20_BOOST_protocol_HPPC_IN21700_30T_cycle_#975.mat
BOOST,975,0.86816,2.60066,0.5663,6,discharge,2,-20.807,6.936,10.0,9.9,3.7408,3.3547,18.5563,10-25-21_16.20_BOOST_protocol_HPPC_IN21700_30T_cycle_#975.mat
BOOST,975,0.86816,2.60066,0.5663,6,discharge,3,-29.911,9.97,10.0,9.9,3.7413,3.1973,18.1873,10-25-21_16.20_BOOST_protocol_HPPC_IN21700_30T_cycle_#975.mat
BOOST,975,0.86816,2.60066,0.4798,7,discharge,0,-2.601,0.867,10.0,9.9,3.6589,3.6063,20.2207,10-25-21_16.20_BOOST_protocol_HPPC_IN21700_30T_cycle_#975.mat
BOOST,975,0.86816,2.60066,0.4797,7,discharge,1,-10.404,3.468,10.0,9.9,3.6593,3.454,19.7328,10-25-21_16.20_BOOST_protocol_HPPC_IN21700_30T_cycle_#975.mat
BOOST,975,0.86816,2.60066,0.4796,7,discharge,2,-20.806,6.935,10.0,9.9,3.659,3.2677,18.8071,10-25-21_16.20_BOOST_protocol_HPPC_IN21700_30T_cycle_#975.mat
BOOST,975,0.86816,2.60066,0.4796,7,discharge,3,-29.91,9.97,10.0,9.9,3.6601,3.1134,18.2782,10-25-21_16.20_BOOST_protocol_HPPC_IN21700_30T_cycle_#975.mat
BOOST,975,0.86816,2.60066,0.3931,8,discharge,0,-2.603,0.868,10.0,9.9,3.5965,3.5426,20.7061,10-25-21_16.20_BOOST_protocol_HPPC_IN21700_30T_cycle_#975.mat
BOOST,975,0.86816,2.60066,0.393,8,discharge,1,-10.404,3.468,10.0,9.9,3.597,3.3862,20.2614,10-25-21_16.20_BOOST_protocol_HPPC_IN21700_30T_cycle_#975.mat
BOOST,975,0.86816,2.60066,0.3929,8,discharge,2,-20.807,6.936,10.0,9.9,3.5975,3.1918,19.4982,10-25-21_16.20_BOOST_protocol_HPPC_IN21700_30T_cycle_#975.mat
BOOST,975,0.86816,2.60066,0.3929,8,discharge,3,-29.91,9.97,10.0,9.9,3.5979,3.0284,19.0405,10-25-21_16.20_BOOST_protocol_HPPC_IN21700_30T_cycle_#975.mat
BOOST,975,0.86816,2.60066,0.3064,9,discharge,0,-2.601,0.867,10.0,9.9,3.5172,3.4553,23.7958,10-25-21_16.20_BOOST_protocol_HPPC_IN21700_30T_cycle_#975.mat
BOOST,975,0.86816,2.60066,0.3063,9,discharge,1,-10.404,3.468,10.0,9.9,3.5172,3.2767,23.1161,10-25-21_16.20_BOOST_protocol_HPPC_IN21700_30T_cycle_#975.mat
BOOST,975,0.86816,2.60066,0.3062,9,discharge,2,-20.808,6.936,10.0,9.9,3.5196,3.036,23.2411,10-25-21_16.20_BOOST_protocol_HPPC_IN21700_30T_cycle_#975.mat
BOOST,975,0.86816,2.60066,0.3062,9,discharge,3,-29.909,9.97,10.0,9.9,3.5209,2.8037,23.9794,10-25-21_16.20_BOOST_protocol_HPPC_IN21700_30T_cycle_#975.mat
BOOST,975,0.86816,2.60066,0.263,10,discharge,0,-2.601,0.867,10.0,9.9,3.4697,3.403,25.642,10-25-21_16.20_BOOST_protocol_HPPC_IN21700_30T_cycle_#975.mat
BOOST,975,0.86816,2.60066,0.263,10,discharge,1,-10.404,3.468,10.0,9.9,3.4701,3.1965,26.2976,10-25-21_16.20_BOOST_protocol_HPPC_IN21700_30T_cycle_#975.mat
BOOST,975,0.86816,2.60066,0.2629,10,discharge,2,-20.808,6.936,10.0,9.9,3.4714,2.8851,28.1767,10-25-21_16.20_BOOST_protocol_HPPC_IN21700_30T_cycle_#975.mat
BOOST,975,0.86816,2.60066,0.2628,10,discharge,3,-29.91,9.97,10.0,9.9,3.4717,2.5598,30.4881,10-25-21_16.20_BOOST_protocol_HPPC_IN21700_30T_cycle_#975.mat
BOOST,975,0.86816,2.60066,0.2197,11,discharge,0,-2.601,0.867,10.0,9.9,3.4275,3.3512,29.3337,10-25-21_16.20_BOOST_protocol_HPPC_IN21700_30T_cycle_#975.mat
BOOST,975,0.86816,2.60066,0.2196,11,discharge,1,-10.404,3.468,10.0,9.9,3.428,3.0747,33.9581,10-25-21_16.20_BOOST_protocol_HPPC_IN21700_30T_cycle_#975.mat
BOOST,975,0.86816,2.60066,0.2196,11,discharge,2,-20.809,6.936,10.0,9.9,3.4301,2.5821,40.7516,10-25-21_16.20_BOOST_protocol_HPPC_IN21700_30T_cycle_#975.mat
BOOST,975,0.86816,2.60066,0.2195,11,discharge,3,-29.85,9.95,10.0,9.9,3.4302,2.4999,31.1658,10-25-21_16.20_BOOST_protocol_HPPC_IN21700_30T_cycle_#975.mat
BOOST,975,0.86816,2.60066,0.1763,12,discharge,0,-2.601,0.867,10.0,9.9,3.3802,3.2667,43.6371,10-25-21_16.20_BOOST_protocol_HPPC_IN21700_30T_cycle_#975.mat
BOOST,975,0.86816,2.60066,0.1763,12,discharge,1,-10.404,3.468,10.0,9.9,3.3815,2.7632,59.4291,10-25-21_16.20_BOOST_protocol_HPPC_IN21700_30T_cycle_#975.mat
BOOST,975,0.86816,2.60066,0.1762,12,discharge,2,-19.432,6.477,10.0,9.9,3.3852,2.4999,45.5589,10-25-21_16.20_BOOST_protocol_HPPC_IN21700_30T_cycle_#975.mat
BOOST,975,0.86816,2.60066,0.1761,12,discharge,3,-17.718,5.906,10.0,9.9,3.3855,2.5,49.9774,10-25-21_16.20_BOOST_protocol_HPPC_IN21700_30T_cycle_#975.mat
BOOST,1012,0.86271,2.58433,1.0,0,discharge,0,-2.583,0.861,10.0,9.7,4.1282,4.0512,29.8068,10-30-21_12.14_BOOST_protocol_HPPC_IN21700_30T_cycle_#1012.mat
BOOST,1012,0.86271,2.58433,0.9999,0,discharge,1,-10.336,3.445,10.0,9.9,4.1368,3.8625,26.5383,10-30-21_12.14_BOOST_protocol_HPPC_IN21700_30T_cycle_#1012.mat
BOOST,1012,0.86271,2.58433,0.9998,0,discharge,2,-20.671,6.89,10.0,9.9,4.1363,3.6732,22.4034,10-30-21_12.14_BOOST_protocol_HPPC_IN21700_30T_cycle_#1012.mat
BOOST,1012,0.86271,2.58433,0.9998,0,discharge,3,-29.716,9.905,10.0,9.9,4.1356,3.5248,20.5546,10-30-21_12.14_BOOST_protocol_HPPC_IN21700_30T_cycle_#1012.mat
BOOST,1012,0.86271,2.58433,0.9569,1,discharge,0,-2.583,0.861,10.0,9.9,4.0901,4.0222,26.2832,10-30-21_12.14_BOOST_protocol_HPPC_IN21700_30T_cycle_#1012.mat
BOOST,1012,0.86271,2.58433,0.9568,1,discharge,1,-10.336,3.445,10.0,9.9,4.0897,3.8512,23.0747,10-30-21_12.14_BOOST_protocol_HPPC_IN21700_30T_cycle_#1012.mat
BOOST,1012,0.86271,2.58433,0.9568,1,discharge,2,-20.67,6.89,10.0,9.9,4.0908,3.6579,20.9434,10-30-21_12.14_BOOST_protocol_HPPC_IN21700_30T_cycle_#1012.mat
BOOST,1012,0.86271,2.58433,0.9567,1,discharge,3,-29.714,9.905,10.0,9.9,4.0908,3.5002,19.8762,10-30-21_12.14_BOOST_protocol_HPPC_IN21700_30T_cycle_#1012.mat
BOOST,1012,0.86271,2.58433,0.9138,2,discharge,0,-2.582,0.861,10.0,9.9,4.0763,4.0105,25.4881,10-30-21_12.14_BOOST_protocol_HPPC_IN21700_30T_cycle_#1012.mat
BOOST,1012,0.86271,2.58433,0.9138,2,discharge,1,-10.336,3.445,10.0,9.9,4.0767,3.8327,23.6068,10-30-21_12.14_BOOST_protocol_HPPC_IN21700_30T_cycle_#1012.mat
BOOST,1012,0.86271,2.58433,0.9137,2,discharge,2,-20.671,6.89,10.0,9.9,4.0771,3.636,21.3391,10-30-21_12.14_BOOST_protocol_HPPC_IN21700_30T_cycle_#1012.mat
BOOST,1012,0.86271,2.58433,0.9136,2,discharge,3,-29.715,9.905,10.0,9.9,4.078,3.4817,20.0673,10-30-21_12.14_BOOST_protocol_HPPC_IN21700_30T_cycle_#1012.mat
BOOST,1012,0.86271,2.58433,0.8277,3,discharge,0,-2.584,0.861,10.0,9.9,4.0021,3.9378,24.8878,10-30-21_12.14_BOOST_protocol_HPPC_IN21700_30T_cycle_#1012.mat
BOOST,1012,0.86271,2.58433,0.8277,3,discharge,1,-10.335,3.445,10.0,9.9,4.0042,3.765,23.1447,10-30-21_12.14_BOOST_protocol_HPPC_IN21700_30T_cycle_#1012.mat
BOOST,1012,0.86271,2.58433,0.8276,3,discharge,2,-20.671,6.89,10.0,9.9,4.0053,3.5782,20.6618,10-30-21_12.14_BOOST_protocol_HPPC_IN21700_30T_cycle_#1012.mat
BOOST,1012,0.86271,2.58433,0.8275,3,discharge,3,-29.714,9.905,10.0,9.9,4.0055,3.4307,19.3444,10-30-21_12.14_BOOST_protocol_HPPC_IN21700_30T_cycle_#1012.mat
BOOST,1012,0.86271,2.58433,0.7416,4,discharge,0,-2.582,0.861,10.0,9.9,3.9125,3.8516,23.5909,10-30-21_12.14_BOOST_protocol_HPPC_IN21700_30T_cycle_#1012.mat
BOOST,1012,0.86271,2.58433,0.7415,4,discharge,1,-10.337,3.446,10.0,9.9,3.913,3.6894,21.631,10-30-21_12.14_BOOST_protocol_HPPC_IN21700_30T_cycle_#1012.mat
BOOST,1012,0.86271,2.58433,0.7414,4,discharge,2,-20.671,6.89,10.0,9.9,3.9135,3.5061,19.7088,10-30-21_12.14_BOOST_protocol_HPPC_IN21700_30T_cycle_#1012.mat
BOOST,1012,0.86271,2.58433,0.7414,4,discharge,3,-29.715,9.905,10.0,9.9,3.914,3.356,18.7784,10-30-21_12.14_BOOST_protocol_HPPC_IN21700_30T_cycle_#1012.mat
BOOST,1012,0.86271,2.58433,0.6554,5,discharge,0,-2.583,0.861,10.0,9.9,3.8278,3.7718,21.676,10-30-21_12.14_BOOST_protocol_HPPC_IN21700_30T_cycle_#1012.mat
BOOST,1012,0.86271,2.58433,0.6554,5,discharge,1,-10.335,3.445,10.0,9.9,3.828,3.617,20.4161,10-30-21_12.14_BOOST_protocol_HPPC_IN21700_30T_cycle_#1012.mat
BOOST,1012,0.86271,2.58433,0.6553,5,discharge,2,-20.671,6.89,10.0,9.9,3.8274,3.4325,19.1041,10-30-21_12.14_BOOST_protocol_HPPC_IN21700_30T_cycle_#1012.mat
BOOST,1012,0.86271,2.58433,0.6552,5,discharge,3,-29.714,9.905,10.0,9.9,3.8281,3.2818,18.3853,10-30-21_12.14_BOOST_protocol_HPPC_IN21700_30T_cycle_#1012.mat
BOOST,1012,0.86271,2.58433,0.5693,6,discharge,0,-2.583,0.861,10.0,9.9,3.7402,3.6856,21.1358,10-30-21_12.14_BOOST_protocol_HPPC_IN21700_30T_cycle_#1012.mat
BOOST,1012,0.86271,2.58433,0.5693,6,discharge,1,-10.336,3.445,10.0,9.9,3.7406,3.5281,20.5592,10-30-21_12.14_BOOST_protocol_HPPC_IN21700_30T_cycle_#1012.mat
BOOST,1012,0.86271,2.58433,0.5692,6,discharge,2,-20.671,6.89,10.0,9.9,3.7412,3.3397,19.4233,10-30-21_12.14_BOOST_protocol_HPPC_IN21700_30T_cycle_#1012.mat
BOOST,1012,0.86271,2.58433,0.5691,6,discharge,3,-29.716,9.905,10.0,9.9,3.7416,3.1853,18.7206,10-30-21_12.14_BOOST_protocol_HPPC_IN21700_30T_cycle_#1012.mat
BOOST,1012,0.86271,2.58433,0.4832,7,discharge,0,-2.582,0.861,10.0,9.9,3.6594,3.6056,20.8374,10-30-21_12.14_BOOST_protocol_HPPC_IN21700_30T_cycle_#1012.mat
BOOST,1012,0.86271,2.58433,0.4831,7,discharge,1,-10.335,3.445,10.0,9.9,3.6598,3.4506,20.2419,10-30-21_12.14_BOOST_protocol_HPPC_IN21700_30T_cycle_#1012.mat
BOOST,1012,0.86271,2.58433,0.483,7,discharge,2,-20.671,6.89,10.0,9.9,3.6603,3.2625,19.2444,10-30-21_12.14_BOOST_protocol_HPPC_IN21700_30T_cycle_#1012.mat
BOOST,1012,0.86271,2.58433,0.483,7,discharge,3,-29.714,9.905,10.0,9.9,3.6599,3.1076,18.5872,10-30-21_12.14_BOOST_protocol_HPPC_IN21700_30T_cycle_#1012.mat
BOOST,1012,0.86271,2.58433,0.397,8,discharge,0,-2.584,0.861,10.0,9.9,3.5971,3.5428,21.0172,10-30-21_12.14_BOOST_protocol_HPPC_IN21700_30T_cycle_#1012.mat
BOOST,1012,0.86271,2.58433,0.397,8,discharge,1,-10.334,3.445,10.0,9.9,3.5977,3.3852,20.5632,10-30-21_12.14_BOOST_protocol_HPPC_IN21700_30T_cycle_#1012.mat
BOOST,1012,0.86271,2.58433,0.3969,8,discharge,2,-20.672,6.891,10.0,9.9,3.5981,3.184,20.0319,10-30-21_12.14_BOOST_protocol_HPPC_IN21700_30T_cycle_#1012.mat
BOOST,1012,0.86271,2.58433,0.3968,8,discharge,3,-29.716,9.905,10.0,9.9,3.5986,3.0098,19.8142,10-30-21_12.14_BOOST_protocol_HPPC_IN21700_30T_cycle_#1012.mat
BOOST,1012,0.86271,2.58433,0.3109,9,discharge,0,-2.584,0.861,10.0,9.9,3.5183,3.4556,24.2666,10-30-21_12.14_BOOST_protocol_HPPC_IN21700_30T_cycle_#1012.mat
BOOST,1012,0.86271,2.58433,0.3108,9,discharge,1,-10.335,3.445,10.0,9.9,3.519,3.2731,23.7929,10-30-21_12.14_BOOST_protocol_HPPC_IN21700_30T_cycle_#1012.mat
BOOST,1012,0.86271,2.58433,0.3108,9,discharge,2,-20.671,6.89,10.0,9.9,3.5205,3.0288,23.7869,10-30-21_12.14_BOOST_protocol_HPPC_IN21700_30T_cycle_#1012.mat
BOOST,1012,0.86271,2.58433,0.3107,9,discharge,3,-29.715,9.905,10.0,9.9,3.5218,2.7936,24.5061,10-30-21_12.14_BOOST_protocol_HPPC_IN21700_30T_cycle_#1012.mat
BOOST,1012,0.86271,2.58433,0.2679,10,discharge,0,-2.584,0.861,10.0,9.9,3.4713,3.4041,26.0102,10-30-21_12.14_BOOST_protocol_HPPC_IN21700_30T_cycle_#1012.mat
BOOST,1012,0.86271,2.58433,0.2678,10,discharge,1,-10.334,3.445,10.0,9.9,3.4716,3.1971,26.5628,10-30-21_12.14_BOOST_protocol_HPPC_IN21700_30T_cycle_#1012.mat
BOOST,1012,0.86271,2.58433,0.2677,10,discharge,2,-20.673,6.891,10.0,9.9,3.4731,2.8888,28.2639,10-30-21_12.14_BOOST_protocol_HPPC_IN21700_30T_cycle_#1012.mat
BOOST,1012,0.86271,2.58433,0.2676,10,discharge,3,-29.714,9.905,10.0,9.9,3.4733,2.5689,30.4368,10-30-21_12.14_BOOST_protocol_HPPC_IN21700_30T_cycle_#1012.mat
BOOST,1012,0.86271,2.58433,0.2248,11,discharge,0,-2.582,0.861,10.0,9.9,3.4288,3.3479,31.3347,10-30-21_12.14_BOOST_protocol_HPPC_IN21700_30T_cycle_#1012.mat
BOOST,1012,0.86271,2.58433,0.2247,11,discharge,1,-10.335,3.445,10.0,9.9,3.4294,3.0549,36.2361,10-30-21_12.14_BOOST_protocol_HPPC_IN21700_30T_cycle_#1012.mat
BOOST,1012,0.86271,2.58433,0.2246,11,discharge,2,-20.671,6.89,10.0,9.9,3.4313,2.5559,42.3492,10-30-21_12.14_BOOST_protocol_HPPC_IN21700_30T_cycle_#1012.mat
BOOST,1012,0.86271,2.58433,0.2246,11,discharge,3,-29.576,9.859,10.0,9.9,3.4315,2.4999,31.4985,10-30-21_12.14_BOOST_protocol_HPPC_IN21700_30T_cycle_#1012.mat
BOOST,1012,0.86271,2.58433,0.1817,12,discharge,0,-2.584,0.861,10.0,9.9,3.3827,3.2686,44.1632,10-30-21_12.14_BOOST_protocol_HPPC_IN21700_30T_cycle_#1012.mat
BOOST,1012,0.86271,2.58433,0.1816,12,discharge,1,-10.335,3.445,10.0,9.9,3.3842,2.774,59.0421,10-30-21_12.14_BOOST_protocol_HPPC_IN21700_30T_cycle_#1012.mat
BOOST,1012,0.86271,2.58433,0.1816,12,discharge,2,-19.548,6.516,10.0,9.9,3.3877,2.5,45.4113,10-30-21_12.14_BOOST_protocol_HPPC_IN21700_30T_cycle_#1012.mat
BOOST,1012,0.86271,2.58433,0.1815,12,discharge,3,-18.066,6.022,10.0,9.9,3.3881,2.4999,49.1642,10-30-21_12.14_BOOST_protocol_HPPC_IN21700_30T_cycle_#1012.mat
BOOST,1050,0.85829,2.57109,1.0,0,discharge,0,-2.571,0.857,10.0,9.71,4.1263,4.0476,30.6071,11-05-21_20.03_BOOST_protocol_HPPC_IN21700_30T_cycle_#1050.mat
BOOST,1050,0.85829,2.57109,0.9999,0,discharge,1,-10.285,3.428,10.0,9.9,4.136,3.8567,27.1561,11-05-21_20.03_BOOST_protocol_HPPC_IN21700_30T_cycle_#1050.mat
BOOST,1050,0.85829,2.57109,0.9998,0,discharge,2,-20.575,6.858,10.0,9.9,4.1339,3.6661,22.7363,11-05-21_20.03_BOOST_protocol_HPPC_IN21700_30T_cycle_#1050.mat
BOOST,1050,0.85829,2.57109,0.9998,0,discharge,3,-29.575,9.858,10.0,9.9,4.134,3.5171,20.8588,11-05-21_20.03_BOOST_protocol_HPPC_IN21700_30T_cycle_#1050.mat
BOOST,1050,0.85829,2.57109,0.9571,1,discharge,0,-2.573,0.858,10.0,9.9,4.0892,4.0167,28.1728,11-05-21_20.03_BOOST_protocol_HPPC_IN21700_30T_cycle_#1050.mat
BOOST,1050,0.85829,2.57109,0.9571,1,discharge,1,-10.287,3.429,10.0,9.9,4.0896,3.8363,24.6233,11-05-21_20.03_BOOST_protocol_HPPC_IN21700_30T_cycle_#1050.mat
BOOST,1050,0.85829,2.57109,0.957,1,discharge,2,-20.573,6.858,10.0,9.9,4.09,3.6411,21.8199,11-05-21_20.03_BOOST_protocol_HPPC_IN21700_30T_cycle_#1050.mat
BOOST,1050,0.85829,2.57109,0.9569,1,discharge,3,-29.574,9.858,10.0,9.9,4.0909,3.4864,20.4403,11-05-21_20.03_BOOST_protocol_HPPC_IN21700_30T_cycle_#1050.mat
BOOST,1050,0.85829,2.57109,0.9143,2,discharge,0,-2.571,0.857,10.0,9.9,4.0757,4.0076,26.4867,11-05-21_20.03_BOOST_protocol_HPPC_IN21700_30T_cycle_#1050.mat
BOOST,1050,0.85829,2.57109,0.9142,2,discharge,1,-10.287,3.429,10.0,9.9,4.0752,3.826,24.2247,11-05-21_20.03_BOOST_protocol_HPPC_IN21700_30T_cycle_#1050.mat
BOOST,1050,0.85829,2.57109,0.9141,2,discharge,2,-20.573,6.858,10.0,9.9,4.0765,3.6275,21.8247,11-05-21_20.03_BOOST_protocol_HPPC_IN21700_30T_cycle_#1050.mat
BOOST,1050,0.85829,2.57109,0.914,2,discharge,3,-29.574,9.858,10.0,9.9,4.0768,3.4733,20.4064,11-05-21_20.03_BOOST_protocol_HPPC_IN21700_30T_cycle_#1050.mat
BOOST,1050,0.85829,2.57109,0.8285,3,discharge,0,-2.572,0.857,10.0,9.9,4.0004,3.934,25.8205,11-05-21_20.03_BOOST_protocol_HPPC_IN21700_30T_cycle_#1050.mat
BOOST,1050,0.85829,2.57109,0.8285,3,discharge,1,-10.286,3.429,10.0,9.9,4.0013,3.7568,23.7702,11-05-21_20.03_BOOST_protocol_HPPC_IN21700_30T_cycle_#1050.mat
BOOST,1050,0.85829,2.57109,0.8284,3,discharge,2,-20.573,6.858,10.0,9.9,4.0017,3.5624,21.3532,11-05-21_20.03_BOOST_protocol_HPPC_IN21700_30T_cycle_#1050.mat
BOOST,1050,0.85829,2.57109,0.8283,3,discharge,3,-29.575,9.858,10.0,9.91,4.0037,3.4084,20.1285,11-05-21_20.03_BOOST_protocol_HPPC_IN21700_30T_cycle_#1050.mat
BOOST,1050,0.85829,2.57109,0.7428,4,discharge,0,-2.571,0.857,10.0,9.9,3.9103,3.8488,23.9179,11-05-21_20.03_BOOST_protocol_HPPC_IN21700_30T_cycle_#1050.mat
BOOST,1050,0.85829,2.57109,0.7428,4,discharge,1,-10.287,3.429,10.0,9.9,3.9113,3.6835,22.1445,11-05-21_20.03_BOOST_protocol_HPPC_IN21700_30T_cycle_#1050.mat
BOOST,1050,0.85829,2.57109,0.7427,4,discharge,2,-20.573,6.858,10.0,9.9,3.9112,3.4975,20.1089,11-05-21_20.03_BOOST_protocol_HPPC_IN21700_30T_cycle_#1050.mat
BOOST,1050,0.85829,2.57109,0.7426,4,discharge,3,-29.574,9.858,10.0,9.9,3.9124,3.3468,19.1249,11-05-21_20.03_BOOST_protocol_HPPC_IN21700_30T_cycle_#1050.mat
BOOST,1050,0.85829,2.57109,0.6571,5,discharge,0,-2.573,0.858,10.0,9.9,3.8258,3.7695,21.8777,11-05-21_20.03_BOOST_protocol_HPPC_IN21700_30T_cycle_#1050.mat
BOOST,1050,0.85829,2.57109,0.657,5,discharge,1,-10.287,3.429,10.0,9.9,3.8261,3.6143,20.5891,11-05-21_20.03_BOOST_protocol_HPPC_IN21700_30T_cycle_#1050.mat
BOOST,1050,0.85829,2.57109,0.6569,5,discharge,2,-20.572,6.857,10.0,9.9,3.8262,3.4217,19.6626,11-05-21_20.03_BOOST_protocol_HPPC_IN21700_30T_cycle_#1050.mat
BOOST,1050,0.85829,2.57109,0.6569,5,discharge,3,-29.574,9.858,10.0,9.9,3.826,3.2618,19.0776,11-05-21_20.03_BOOST_protocol_HPPC_IN21700_30T_cycle_#1050.mat
BOOST,1050,0.85829,2.57109,0.5714,6,discharge,0,-2.572,0.857,10.0,9.9,3.7376,3.6818,21.6986,11-05-21_20.03_BOOST_protocol_HPPC_IN21700_30T_cycle_#1050.mat
BOOST,1050,0.85829,2.57109,0.5713,6,discharge,1,-10.287,3.429,10.0,9.9,3.7388,3.5207,21.2015,11-05-21_20.03_BOOST_protocol_HPPC_IN21700_30T_cycle_#1050.mat
BOOST,1050,0.85829,2.57109,0.5712,6,discharge,2,-20.571,6.857,10.0,9.9,3.7389,3.3302,19.8678,11-05-21_20.03_BOOST_protocol_HPPC_IN21700_30T_cycle_#1050.mat
BOOST,1050,0.85829,2.57109,0.5711,6,discharge,3,-29.574,9.858,10.0,9.9,3.7401,3.1744,19.1283,11-05-21_20.03_BOOST_protocol_HPPC_IN21700_30T_cycle_#1050.mat
BOOST,1050,0.85829,2.57109,0.4856,7,discharge,0,-2.573,0.858,10.0,9.9,3.658,3.6042,20.9062,11-05-21_20.03_BOOST_protocol_HPPC_IN21700_30T_cycle_#1050.mat
BOOST,1050,0.85829,2.57109,0.4856,7,discharge,1,-10.287,3.429,10.0,9.9,3.6592,3.4476,20.5697,11-05-21_20.03_BOOST_protocol_HPPC_IN21700_30T_cycle_#1050.mat
BOOST,1050,0.85829,2.57109,0.4855,7,discharge,2,-20.573,6.858,10.0,9.9,3.6596,3.2587,19.4867,11-05-21_20.03_BOOST_protocol_HPPC_IN21700_30T_cycle_#1050.mat
BOOST,1050,0.85829,2.57109,0.4854,7,discharge,3,-29.574,9.858,10.0,9.9,3.6602,3.1035,18.824,11-05-21_20.03_BOOST_protocol_HPPC_IN21700_30T_cycle_#1050.mat
BOOST,1050,0.85829,2.57109,0.3999,8,discharge,0,-2.573,0.858,10.0,9.9,3.5962,3.5386,22.3854,11-05-21_20.03_BOOST_protocol_HPPC_IN21700_30T_cycle_#1050.mat
BOOST,1050,0.85829,2.57109,0.3998,8,discharge,1,-10.286,3.429,10.0,9.9,3.5968,3.3719,21.8647,11-05-21_20.03_BOOST_protocol_HPPC_IN21700_30T_cycle_#1050.mat
BOOST,1050,0.85829,2.57109,0.3998,8,discharge,2,-20.573,6.858,10.0,9.9,3.5975,3.1679,20.8817,11-05-21_20.03_BOOST_protocol_HPPC_IN21700_30T_cycle_#1050.mat
BOOST,1050,0.85829,2.57109,0.3997,8,discharge,3,-29.575,9.858,10.0,9.9,3.5978,2.995,20.3821,11-05-21_20.03_BOOST_protocol_HPPC_IN21700_30T_cycle_#1050.mat
BOOST,1050,0.85829,2.57109,0.3142,9,discharge,0,-2.571,0.857,10.0,9.9,3.5175,3.4531,25.0467,11-05-21_20.03_BOOST_protocol_HPPC_IN21700_30T_cycle_#1050.mat
BOOST,1050,0.85829,2.57109,0.3141,9,discharge,1,-10.286,3.429,10.0,9.9,3.5176,3.2668,24.3827,11-05-21_20.03_BOOST_protocol_HPPC_IN21700_30T_cycle_#1050.mat
BOOST,1050,0.85829,2.57109,0.3141,9,discharge,2,-20.575,6.858,10.0,9.9,3.5198,3.0192,24.3305,11-05-21_20.03_BOOST_protocol_HPPC_IN21700_30T_cycle_#1050.mat
BOOST,1050,0.85829,2.57109,0.314,9,discharge,3,-29.574,9.858,10.0,9.9,3.521,2.7834,24.9408,11-05-21_20.03_BOOST_protocol_HPPC_IN21700_30T_cycle_#1050.mat
BOOST,1050,0.85829,2.57109,0.2714,10,discharge,0,-2.572,0.857,10.0,9.9,3.4709,3.3999,27.6082,11-05-21_20.03_BOOST_protocol_HPPC_IN21700_30T_cycle_#1050.mat
BOOST,1050,0.85829,2.57109,0.2713,10,discharge,1,-10.287,3.429,10.0,9.9,3.4714,3.1806,28.2687,11-05-21_20.03_BOOST_protocol_HPPC_IN21700_30T_cycle_#1050.mat
BOOST,1050,0.85829,2.57109,0.2712,10,discharge,2,-20.573,6.858,10.0,9.9,3.4726,2.8543,30.054,11-05-21_20.03_BOOST_protocol_HPPC_IN21700_30T_cycle_#1050.mat
BOOST,1050,0.85829,2.57109,0.2711,10,discharge,3,-29.575,9.858,10.0,9.9,3.4728,2.5105,32.5376,11-05-21_20.03_BOOST_protocol_HPPC_IN21700_30T_cycle_#1050.mat
BOOST,1050,0.85829,2.57109,0.2285,11,discharge,0,-2.573,0.858,10.0,9.9,3.4287,3.3452,32.4511,11-05-21_20.03_BOOST_protocol_HPPC_IN21700_30T_cycle_#1050.mat
BOOST,1050,0.85829,2.57109,0.2284,11,discharge,1,-10.285,3.428,10.0,9.9,3.4293,3.0435,37.5109,11-05-21_20.03_BOOST_protocol_HPPC_IN21700_30T_cycle_#1050.mat
BOOST,1050,0.85829,2.57109,0.2284,11,discharge,2,-20.575,6.858,10.0,9.9,3.4312,2.5392,43.3536,11-05-21_20.03_BOOST_protocol_HPPC_IN21700_30T_cycle_#1050.mat
BOOST,1050,0.85829,2.57109,0.2283,11,discharge,3,-29.243,9.748,10.0,9.9,3.4314,2.4998,31.8572,11-05-21_20.03_BOOST_protocol_HPPC_IN21700_30T_cycle_#1050.mat
BOOST,1050,0.85829,2.57109,0.1856,12,discharge,0,-2.571,0.857,10.0,9.9,3.3824,3.2694,43.9449,11-05-21_20.03_BOOST_protocol_HPPC_IN21700_30T_cycle_#1050.mat
BOOST,1050,0.85829,2.57109,0.1856,12,discharge,1,-10.287,3.429,10.0,9.9,3.3845,2.7773,59.026,11-05-21_20.03_BOOST_protocol_HPPC_IN21700_30T_cycle_#1050.mat
BOOST,1050,0.85829,2.57109,0.1855,12,discharge,2,-19.19,6.397,10.0,9.9,3.3885,2.4999,46.3054,11-05-21_20.03_BOOST_protocol_HPPC_IN21700_30T_cycle_#1050.mat
BOOST,1050,0.85829,2.57109,0.1854,12,discharge,3,-17.443,5.814,10.0,9.9,3.3888,2.4999,50.9603,11-05-21_20.03_BOOST_protocol_HPPC_IN21700_30T_cycle_#1050.mat
BOOST,1087,0.85147,2.55067,1.0,0,discharge,0,-2.55,0.85,10.0,9.7,4.1254,4.0446,31.6875,11-11-21_21.22_BOOST_protocol_HPPC_IN21700_30T_cycle_#1087.mat
BOOST,1087,0.85147,2.55067,0.9999,0,discharge,1,-10.201,3.4,10.0,9.9,4.1345,3.8526,27.6345,11-11-21_21.22_BOOST_protocol_HPPC_IN21700_30T_cycle_#1087.mat
BOOST,1087,0.85147,2.55067,0.9998,0,discharge,2,-20.404,6.801,10.0,9.9,4.133,3.6606,23.1523,11-11-21_21.22_BOOST_protocol_HPPC_IN21700_30T_cycle_#1087.mat
BOOST,1087,0.85147,2.55067,0.9998,0,discharge,3,-29.33,9.777,10.0,9.9,4.1323,3.5064,21.3399,11-11-21_21.22_BOOST_protocol_HPPC_IN21700_30T_cycle_#1087.mat
BOOST,1087,0.85147,2.55067,0.9575,1,discharge,0,-2.55,0.85,10.0,9.9,4.0885,4.0134,29.451,11-11-21_21.22_BOOST_protocol_HPPC_IN21700_30T_cycle_#1087.mat
BOOST,1087,0.85147,2.55067,0.9574,1,discharge,1,-10.201,3.4,10.0,9.9,4.0888,3.8291,25.4583,11-11-21_21.22_BOOST_protocol_HPPC_IN21700_30T_cycle_#1087.mat
BOOST,1087,0.85147,2.55067,0.9573,1,discharge,2,-20.403,6.801,10.0,9.9,4.0893,3.6317,22.4281,11-11-21_21.22_BOOST_protocol_HPPC_IN21700_30T_cycle_#1087.mat
BOOST,1087,0.85147,2.55067,0.9572,1,discharge,3,-29.327,9.776,10.0,9.9,4.0902,3.4755,20.9602,11-11-21_21.22_BOOST_protocol_HPPC_IN21700_30T_cycle_#1087.mat
BOOST,1087,0.85147,2.55067,0.915,2,discharge,0,-2.548,0.849,10.0,9.9,4.0752,4.0055,27.3505,11-11-21_21.22_BOOST_protocol_HPPC_IN21700_30T_cycle_#1087.mat
BOOST,1087,0.85147,2.55067,0.9149,2,discharge,1,-10.201,3.4,10.0,9.9,4.0756,3.8214,24.9191,11-11-21_21.22_BOOST_protocol_HPPC_IN21700_30T_cycle_#1087.mat
BOOST,1087,0.85147,2.55067,0.9148,2,discharge,2,-20.402,6.801,10.0,9.9,4.0761,3.622,22.2576,11-11-21_21.22_BOOST_protocol_HPPC_IN21700_30T_cycle_#1087.mat
BOOST,1087,0.85147,2.55067,0.9148,2,discharge,3,-29.329,9.776,10.0,9.9,4.0765,3.4673,20.7713,11-11-21_21.22_BOOST_protocol_HPPC_IN21700_30T_cycle_#1087.mat
BOOST,1087,0.85147,2.55067,0.83,3,discharge,0,-2.55,0.85,10.0,9.9,3.9978,3.9276,27.5316,11-11-21_21.22_BOOST_protocol_HPPC_IN21700_30T_cycle_#1087.mat
BOOST,1087,0.85147,2.55067,0.8299,3,discharge,1,-10.201,3.4,10.0,9.9,3.9989,3.746,24.7917,11-11-21_21.22_BOOST_protocol_HPPC_IN21700_30T_cycle_#1087.mat
BOOST,1087,0.85147,2.55067,0.8298,3,discharge,2,-20.403,6.801,10.0,9.9,4.0002,3.5516,21.987,11-11-21_21.22_BOOST_protocol_HPPC_IN21700_30T_cycle_#1087.mat
BOOST,1087,0.85147,2.55067,0.8297,3,discharge,3,-29.33,9.777,10.0,9.9,4.0015,3.3971,20.6069,11-11-21_21.22_BOOST_protocol_HPPC_IN21700_30T_cycle_#1087.mat
BOOST,1087,0.85147,2.55067,0.7449,4,discharge,0,-2.55,0.85,10.0,9.9,3.9089,3.8464,24.5088,11-11-21_21.22_BOOST_protocol_HPPC_IN21700_30T_cycle_#1087.mat
BOOST,1087,0.85147,2.55067,0.7449,4,discharge,1,-10.201,3.4,10.0,9.9,3.9102,3.6793,22.635,11-11-21_21.22_BOOST_protocol_HPPC_IN21700_30T_cycle_#1087.mat
BOOST,1087,0.85147,2.55067,0.7448,4,discharge,2,-20.402,6.801,10.0,9.91,3.9106,3.4917,20.5323,11-11-21_21.22_BOOST_protocol_HPPC_IN21700_30T_cycle_#1087.mat
BOOST,1087,0.85147,2.55067,0.7447,4,discharge,3,-29.328,9.776,10.0,9.9,3.9113,3.3404,19.466,11-11-21_21.22_BOOST_protocol_HPPC_IN21700_30T_cycle_#1087.mat
BOOST,1087,0.85147,2.55067,0.6599,5,discharge,0,-2.55,0.85,10.0,9.9,3.8244,3.765,23.2914,11-11-21_21.22_BOOST_protocol_HPPC_IN21700_30T_cycle_#1087.mat
BOOST,1087,0.85147,2.55067,0.6599,5,discharge,1,-10.201,3.4,10.0,9.9,3.8237,3.599,22.0273,11-11-21_21.22_BOOST_protocol_HPPC_IN21700_30T_cycle_#1087.mat
BOOST,1087,0.85147,2.55067,0.6598,5,discharge,2,-20.403,6.801,10.0,9.91,3.8248,3.4049,20.5803,11-11-21_21.22_BOOST_protocol_HPPC_IN21700_30T_cycle_#1087.mat
BOOST,1087,0.85147,2.55067,0.6597,5,discharge,3,-29.33,9.777,10.0,9.9,3.825,3.2543,19.4579,11-11-21_21.22_BOOST_protocol_HPPC_IN21700_30T_cycle_#1087.mat
BOOST,1087,0.85147,2.55067,0.5749,6,discharge,0,-2.55,0.85,10.0,9.9,3.7382,3.6801,22.7852,11-11-21_21.22_BOOST_protocol_HPPC_IN21700_30T_cycle_#1087.mat
BOOST,1087,0.85147,2.55067,0.5749,6,discharge,1,-10.201,3.4,10.0,9.9,3.7388,3.5164,21.8018,11-11-21_21.22_BOOST_protocol_HPPC_IN21700_30T_cycle_#1087.mat
BOOST,1087,0.85147,2.55067,0.5748,6,discharge,2,-20.404,6.801,10.0,9.9,3.7396,3.3236,20.3882,11-11-21_21.22_BOOST_protocol_HPPC_IN21700_30T_cycle_#1087.mat
BOOST,1087,0.85147,2.55067,0.5747,6,discharge,3,-29.328,9.776,10.0,9.9,3.74,3.1675,19.5206,11-11-21_21.22_BOOST_protocol_HPPC_IN21700_30T_cycle_#1087.mat
BOOST,1087,0.85147,2.55067,0.4899,7,discharge,0,-2.55,0.85,10.0,9.9,3.6592,3.6036,21.8048,11-11-21_21.22_BOOST_protocol_HPPC_IN21700_30T_cycle_#1087.mat
BOOST,1087,0.85147,2.55067,0.4898,7,discharge,1,-10.201,3.4,10.0,9.9,3.6588,3.4423,21.2234,11-11-21_21.22_BOOST_protocol_HPPC_IN21700_30T_cycle_#1087.mat
BOOST,1087,0.85147,2.55067,0.4898,7,discharge,2,-20.403,6.801,10.0,9.9,3.66,3.2447,20.3548,11-11-21_21.22_BOOST_protocol_HPPC_IN21700_30T_cycle_#1087.mat
BOOST,1087,0.85147,2.55067,0.4897,7,discharge,3,-29.329,9.776,10.0,9.9,3.6604,3.0829,19.6904,11-11-21_21.22_BOOST_protocol_HPPC_IN21700_30T_cycle_#1087.mat
BOOST,1087,0.85147,2.55067,0.4049,8,discharge,0,-2.55,0.85,10.0,9.9,3.5966,3.5374,23.213,11-11-21_21.22_BOOST_protocol_HPPC_IN21700_30T_cycle_#1087.mat
BOOST,1087,0.85147,2.55067,0.4048,8,discharge,1,-10.203,3.401,10.0,9.9,3.5972,3.3679,22.4738,11-11-21_21.22_BOOST_protocol_HPPC_IN21700_30T_cycle_#1087.mat
BOOST,1087,0.85147,2.55067,0.4048,8,discharge,2,-20.403,6.801,10.0,9.9,3.5978,3.163,21.3106,11-11-21_21.22_BOOST_protocol_HPPC_IN21700_30T_cycle_#1087.mat
BOOST,1087,0.85147,2.55067,0.4047,8,discharge,3,-29.327,9.776,10.0,9.9,3.5983,2.9897,20.7522,11-11-21_21.22_BOOST_protocol_HPPC_IN21700_30T_cycle_#1087.mat
BOOST,1087,0.85147,2.55067,0.3199,9,discharge,0,-2.55,0.85,10.0,9.9,3.5178,3.4524,25.643,11-11-21_21.22_BOOST_protocol_HPPC_IN21700_30T_cycle_#1087.mat
BOOST,1087,0.85147,2.55067,0.3198,9,discharge,1,-10.201,3.4,10.0,9.9,3.5192,3.2596,25.4485,11-11-21_21.22_BOOST_protocol_HPPC_IN21700_30T_cycle_#1087.mat
BOOST,1087,0.85147,2.55067,0.3197,9,discharge,2,-20.403,6.801,10.0,9.9,3.5201,3.0036,25.3149,11-11-21_21.22_BOOST_protocol_HPPC_IN21700_30T_cycle_#1087.mat
BOOST,1087,0.85147,2.55067,0.3197,9,discharge,3,-29.329,9.776,10.0,9.9,3.5222,2.7577,26.0664,11-11-21_21.22_BOOST_protocol_HPPC_IN21700_30T_cycle_#1087.mat
BOOST,1087,0.85147,2.55067,0.2774,10,discharge,0,-2.552,0.851,10.0,9.91,3.4725,3.3997,28.5278,11-11-21_21.22_BOOST_protocol_HPPC_IN21700_30T_cycle_#1087.mat
BOOST,1087,0.85147,2.55067,0.2773,10,discharge,1,-10.201,3.4,10.0,9.9,3.473,3.1773,28.9874,11-11-21_21.22_BOOST_protocol_HPPC_IN21700_30T_cycle_#1087.mat
BOOST,1087,0.85147,2.55067,0.2772,10,discharge,2,-20.405,6.802,10.0,9.9,3.4741,2.8513,30.5219,11-11-21_21.22_BOOST_protocol_HPPC_IN21700_30T_cycle_#1087.mat
BOOST,1087,0.85147,2.55067,0.2772,10,discharge,3,-29.33,9.777,10.0,9.9,3.4746,2.5164,32.6696,11-11-21_21.22_BOOST_protocol_HPPC_IN21700_30T_cycle_#1087.mat
BOOST,1087,0.85147,2.55067,0.2349,11,discharge,0,-2.55,0.85,10.0,9.9,3.4307,3.3456,33.3739,11-11-21_21.22_BOOST_protocol_HPPC_IN21700_30T_cycle_#1087.mat
BOOST,1087,0.85147,2.55067,0.2348,11,discharge,1,-10.203,3.401,10.0,9.9,3.4311,3.0376,38.5671,11-11-21_21.22_BOOST_protocol_HPPC_IN21700_30T_cycle_#1087.mat
BOOST,1087,0.85147,2.55067,0.2347,11,discharge,2,-20.404,6.801,10.0,9.9,3.4331,2.5158,44.9569,11-11-21_21.22_BOOST_protocol_HPPC_IN21700_30T_cycle_#1087.mat
BOOST,1087,0.85147,2.55067,0.2346,11,discharge,3,-28.547,9.516,10.0,9.9,3.4325,2.4999,32.6689,11-11-21_21.22_BOOST_protocol_HPPC_IN21700_30T_cycle_#1087.mat
BOOST,1087,0.85147,2.55067,0.1923,12,discharge,0,-2.55,0.85,10.0,9.9,3.3862,3.2662,47.057,11-11-21_21.22_BOOST_protocol_HPPC_IN21700_30T_cycle_#1087.mat
BOOST,1087,0.85147,2.55067,0.1923,12,discharge,1,-10.201,3.4,10.0,9.9,3.3875,2.7667,60.8568,11-11-21_21.22_BOOST_protocol_HPPC_IN21700_30T_cycle_#1087.mat
BOOST,1087,0.85147,2.55067,0.1922,12,discharge,2,-19.136,6.379,10.0,9.9,3.3913,2.4999,46.5824,11-11-21_21.22_BOOST_protocol_HPPC_IN21700_30T_cycle_#1087.mat
BOOST,1087,0.85147,2.55067,0.1921,12,discharge,3,-17.672,5.891,10.0,9.9,3.3919,2.4999,50.4753,11-11-21_21.22_BOOST_protocol_HPPC_IN21700_30T_cycle_#1087.mat
BOOST,1125,0.84743,2.53856,1.0,0,discharge,0,-2.54,0.847,10.0,9.7,4.1234,4.039,33.2283,11-19-21_16.40_BOOST_protocol_HPPC_IN21700_30T_cycle_#1125.mat
BOOST,1125,0.84743,2.53856,0.9999,0,discharge,1,-10.155,3.385,10.0,9.9,4.1327,3.8416,28.6657,11-19-21_16.40_BOOST_protocol_HPPC_IN21700_30T_cycle_#1125.mat
BOOST,1125,0.84743,2.53856,0.9998,0,discharge,2,-20.309,6.77,10.0,9.9,4.1312,3.6463,23.8761,11-19-21_16.40_BOOST_protocol_HPPC_IN21700_30T_cycle_#1125.mat
BOOST,1125,0.84743,2.53856,0.9998,0,discharge,3,-29.195,9.732,10.0,9.9,4.1304,3.4938,21.8051,11-19-21_16.40_BOOST_protocol_HPPC_IN21700_30T_cycle_#1125.mat
BOOST,1125,0.84743,2.53856,0.9577,1,discharge,0,-2.54,0.847,10.0,9.9,4.0876,4.0093,30.8304,11-19-21_16.40_BOOST_protocol_HPPC_IN21700_30T_cycle_#1125.mat
BOOST,1125,0.84743,2.53856,0.9576,1,discharge,1,-10.154,3.385,10.0,9.9,4.088,3.8202,26.3738,11-19-21_16.40_BOOST_protocol_HPPC_IN21700_30T_cycle_#1125.mat
BOOST,1125,0.84743,2.53856,0.9575,1,discharge,2,-20.31,6.77,10.0,9.9,4.0885,3.6189,23.1216,11-19-21_16.40_BOOST_protocol_HPPC_IN21700_30T_cycle_#1125.mat
BOOST,1125,0.84743,2.53856,0.9574,1,discharge,3,-29.194,9.731,10.0,9.9,4.0894,3.4605,21.5421,11-19-21_16.40_BOOST_protocol_HPPC_IN21700_30T_cycle_#1125.mat
BOOST,1125,0.84743,2.53856,0.9153,2,discharge,0,-2.539,0.846,10.0,9.9,4.0736,4.001,28.5973,11-19-21_16.40_BOOST_protocol_HPPC_IN21700_30T_cycle_#1125.mat
BOOST,1125,0.84743,2.53856,0.9153,2,discharge,1,-10.153,3.384,10.0,9.9,4.0749,3.8097,26.1204,11-19-21_16.40_BOOST_protocol_HPPC_IN21700_30T_cycle_#1125.mat
BOOST,1125,0.84743,2.53856,0.9152,2,discharge,2,-20.309,6.77,10.0,9.9,4.0753,3.6064,23.0883,11-19-21_16.40_BOOST_protocol_HPPC_IN21700_30T_cycle_#1125.mat
BOOST,1125,0.84743,2.53856,0.9152,2,discharge,3,-29.197,9.732,10.0,9.9,4.0765,3.4488,21.4988,11-19-21_16.40_BOOST_protocol_HPPC_IN21700_30T_cycle_#1125.mat
BOOST,1125,0.84743,2.53856,0.8307,3,discharge,0,-2.54,0.847,10.0,9.9,3.994,3.9215,28.5444,11-19-21_16.40_BOOST_protocol_HPPC_IN21700_30T_cycle_#1125.mat
BOOST,1125,0.84743,2.53856,0.8307,3,discharge,1,-10.153,3.384,10.0,9.9,3.9951,3.7361,25.5097,11-19-21_16.40_BOOST_protocol_HPPC_IN21700_30T_cycle_#1125.mat
BOOST,1125,0.84743,2.53856,0.8306,3,discharge,2,-20.31,6.77,10.0,9.9,3.9964,3.5388,22.5308,11-19-21_16.40_BOOST_protocol_HPPC_IN21700_30T_cycle_#1125.mat
BOOST,1125,0.84743,2.53856,0.8305,3,discharge,3,-29.195,9.732,10.0,9.9,3.9976,3.3824,21.0721,11-19-21_16.40_BOOST_protocol_HPPC_IN21700_30T_cycle_#1125.mat
BOOST,1125,0.84743,2.53856,0.7461,4,discharge,0,-2.538,0.846,10.0,9.9,3.9071,3.8415,25.8451,11-19-21_16.40_BOOST_protocol_HPPC_IN21700_30T_cycle_#1125.mat
BOOST,1125,0.84743,2.53856,0.746,4,discharge,1,-10.154,3.385,10.0,9.9,3.9073,3.6709,23.2815,11-19-21_16.40_BOOST_protocol_HPPC_IN21700_30T_cycle_#1125.mat
BOOST,1125,0.84743,2.53856,0.746,4,discharge,2,-20.309,6.77,10.0,9.9,3.9081,3.479,21.1286,11-19-21_16.40_BOOST_protocol_HPPC_IN21700_30T_cycle_#1125.mat
BOOST,1125,0.84743,2.53856,0.7459,4,discharge,3,-29.196,9.732,10.0,9.9,3.9088,3.3253,19.9856,11-19-21_16.40_BOOST_protocol_HPPC_IN21700_30T_cycle_#1125.mat
BOOST,1125,0.84743,2.53856,0.6615,5,discharge,0,-2.538,0.846,10.0,9.9,3.8211,3.7614,23.5206,11-19-21_16.40_BOOST_protocol_HPPC_IN21700_30T_cycle_#1125.mat
BOOST,1125,0.84743,2.53856,0.6614,5,discharge,1,-10.154,3.385,10.0,9.9,3.8214,3.594,22.3951,11-19-21_16.40_BOOST_protocol_HPPC_IN21700_30T_cycle_#1125.mat
BOOST,1125,0.84743,2.53856,0.6613,5,discharge,2,-20.309,6.77,10.0,9.9,3.821,3.398,20.8282,11-19-21_16.40_BOOST_protocol_HPPC_IN21700_30T_cycle_#1125.mat
BOOST,1125,0.84743,2.53856,0.6613,5,discharge,3,-29.194,9.731,10.0,9.9,3.8217,3.239,19.9596,11-19-21_16.40_BOOST_protocol_HPPC_IN21700_30T_cycle_#1125.mat
BOOST,1125,0.84743,2.53856,0.5769,6,discharge,0,-2.538,0.846,10.0,9.9,3.7347,3.6755,23.3264,11-19-21_16.40_BOOST_protocol_HPPC_IN21700_30T_cycle_#1125.mat
BOOST,1125,0.84743,2.53856,0.5768,6,discharge,1,-10.155,3.385,10.0,9.9,3.7359,3.5073,22.5111,11-19-21_16.40_BOOST_protocol_HPPC_IN21700_30T_cycle_#1125.mat
BOOST,1125,0.84743,2.53856,0.5767,6,discharge,2,-20.309,6.77,10.0,9.9,3.7369,3.312,20.9218,11-19-21_16.40_BOOST_protocol_HPPC_IN21700_30T_cycle_#1125.mat
BOOST,1125,0.84743,2.53856,0.5767,6,discharge,3,-29.195,9.732,10.0,9.9,3.7367,3.153,19.9931,11-19-21_16.40_BOOST_protocol_HPPC_IN21700_30T_cycle_#1125.mat
BOOST,1125,0.84743,2.53856,0.4922,7,discharge,0,-2.538,0.846,10.0,9.9,3.6566,3.6002,22.2187,11-19-21_16.40_BOOST_protocol_HPPC_IN21700_30T_cycle_#1125.mat
BOOST,1125,0.84743,2.53856,0.4922,7,discharge,1,-10.154,3.385,10.0,9.9,3.6579,3.4345,22.0012,11-19-21_16.40_BOOST_protocol_HPPC_IN21700_30T_cycle_#1125.mat
BOOST,1125,0.84743,2.53856,0.4921,7,discharge,2,-20.309,6.77,10.0,9.9,3.6583,3.234,20.8922,11-19-21_16.40_BOOST_protocol_HPPC_IN21700_30T_cycle_#1125.mat
BOOST,1125,0.84743,2.53856,0.492,7,discharge,3,-29.196,9.732,10.0,9.9,3.6589,3.0689,20.2082,11-19-21_16.40_BOOST_protocol_HPPC_IN21700_30T_cycle_#1125.mat
BOOST,1125,0.84743,2.53856,0.4076,8,discharge,0,-2.54,0.847,10.0,9.9,3.5948,3.5333,24.2136,11-19-21_16.40_BOOST_protocol_HPPC_IN21700_30T_cycle_#1125.mat
BOOST,1125,0.84743,2.53856,0.4075,8,discharge,1,-10.155,3.385,10.0,9.9,3.5955,3.3577,23.417,11-19-21_16.40_BOOST_protocol_HPPC_IN21700_30T_cycle_#1125.mat
BOOST,1125,0.84743,2.53856,0.4075,8,discharge,2,-20.309,6.77,10.0,9.9,3.5954,3.1478,22.0395,11-19-21_16.40_BOOST_protocol_HPPC_IN21700_30T_cycle_#1125.mat
BOOST,1125,0.84743,2.53856,0.4074,8,discharge,3,-29.195,9.732,10.0,9.9,3.5965,2.9695,21.4763,11-19-21_16.40_BOOST_protocol_HPPC_IN21700_30T_cycle_#1125.mat
BOOST,1125,0.84743,2.53856,0.323,9,discharge,0,-2.538,0.846,10.0,9.9,3.5162,3.4489,26.5211,11-19-21_16.40_BOOST_protocol_HPPC_IN21700_30T_cycle_#1125.mat
BOOST,1125,0.84743,2.53856,0.3229,9,discharge,1,-10.155,3.385,10.0,9.9,3.5169,3.2541,25.8789,11-19-21_16.40_BOOST_protocol_HPPC_IN21700_30T_cycle_#1125.mat
BOOST,1125,0.84743,2.53856,0.3228,9,discharge,2,-20.308,6.769,10.0,9.9,3.5186,2.9873,26.1621,11-19-21_16.40_BOOST_protocol_HPPC_IN21700_30T_cycle_#1125.mat
BOOST,1125,0.84743,2.53856,0.3227,9,discharge,3,-29.193,9.731,10.0,9.9,3.5198,2.7257,27.2017,11-19-21_16.40_BOOST_protocol_HPPC_IN21700_30T_cycle_#1125.mat
BOOST,1125,0.84743,2.53856,0.2806,10,discharge,0,-2.538,0.846,10.0,9.9,3.4703,3.3941,30.026,11-19-21_16.40_BOOST_protocol_HPPC_IN21700_30T_cycle_#1125.mat
BOOST,1125,0.84743,2.53856,0.2806,10,discharge,1,-10.155,3.385,10.0,9.9,3.4707,3.1601,30.5859,11-19-21_16.40_BOOST_protocol_HPPC_IN21700_30T_cycle_#1125.mat
BOOST,1125,0.84743,2.53856,0.2805,10,discharge,2,-20.31,6.77,10.0,9.9,3.4718,2.8179,32.196,11-19-21_16.40_BOOST_protocol_HPPC_IN21700_30T_cycle_#1125.mat
BOOST,1125,0.84743,2.53856,0.2804,10,discharge,3,-29.194,9.731,10.0,9.9,3.4725,2.4998,33.3185,11-19-21_16.40_BOOST_protocol_HPPC_IN21700_30T_cycle_#1125.mat
BOOST,1125,0.84743,2.53856,0.2383,11,discharge,0,-2.538,0.846,10.0,9.9,3.4289,3.3413,34.5167,11-19-21_16.40_BOOST_protocol_HPPC_IN21700_30T_cycle_#1125.mat
BOOST,1125,0.84743,2.53856,0.2383,11,discharge,1,-10.153,3.384,10.0,9.9,3.4296,3.0292,39.4366,11-19-21_16.40_BOOST_protocol_HPPC_IN21700_30T_cycle_#1125.mat
BOOST,1125,0.84743,2.53856,0.2382,11,discharge,2,-20.308,6.769,10.0,9.9,3.4309,2.5253,44.5933,11-19-21_16.40_BOOST_protocol_HPPC_IN21700_30T_cycle_#1125.mat
BOOST,1125,0.84743,2.53856,0.2382,11,discharge,3,-28.149,9.383,10.0,9.9,3.4319,2.4999,33.1095,11-19-21_16.40_BOOST_protocol_HPPC_IN21700_30T_cycle_#1125.mat
BOOST,1125,0.84743,2.53856,0.196,12,discharge,0,-2.538,0.846,10.0,9.9,3.3839,3.2562,50.3192,11-19-21_16.40_BOOST_protocol_HPPC_IN21700_30T_cycle_#1125.mat
BOOST,1125,0.84743,2.53856,0.196,12,discharge,1,-10.156,3.385,10.0,9.9,3.3855,2.7341,64.1394,11-19-21_16.40_BOOST_protocol_HPPC_IN21700_30T_cycle_#1125.mat
BOOST,1125,0.84743,2.53856,0.1959,12,discharge,2,-18.401,6.134,10.0,9.9,3.3894,2.4999,48.3398,11-19-21_16.40_BOOST_protocol_HPPC_IN21700_30T_cycle_#1125.mat
BOOST,1125,0.84743,2.53856,0.1958,12,discharge,3,-16.973,5.658,10.0,9.9,3.3895,2.4999,52.4127,11-19-21_16.40_BOOST_protocol_HPPC_IN21700_30T_cycle_#1125.mat
BOOST,1162,0.84313,2.52567,1.0,0,discharge,0,-2.526,0.842,10.0,9.7,4.122,4.0327,35.3509,11-24-21_07.16_BOOST_protocol_HPPC_IN21700_30T_cycle_#1162.mat
BOOST,1162,0.84313,2.52567,0.9999,0,discharge,1,-10.103,3.368,10.0,9.9,4.1312,3.8285,29.9614,11-24-21_07.16_BOOST_protocol_HPPC_IN21700_30T_cycle_#1162.mat
BOOST,1162,0.84313,2.52567,0.9998,0,discharge,2,-20.2,6.733,10.0,9.9,4.1299,3.6263,24.9307,11-24-21_07.16_BOOST_protocol_HPPC_IN21700_30T_cycle_#1162.mat
BOOST,1162,0.84313,2.52567,0.9998,0,discharge,3,-29.039,9.68,10.0,9.9,4.1294,3.4666,22.8245,11-24-21_07.16_BOOST_protocol_HPPC_IN21700_30T_cycle_#1162.mat
BOOST,1162,0.84313,2.52567,0.9579,1,discharge,0,-2.526,0.842,10.0,9.9,4.0869,4.0076,31.3948,11-24-21_07.16_BOOST_protocol_HPPC_IN21700_30T_cycle_#1162.mat
BOOST,1162,0.84313,2.52567,0.9578,1,discharge,1,-10.102,3.367,10.0,9.9,4.0874,3.8163,26.8363,11-24-21_07.16_BOOST_protocol_HPPC_IN21700_30T_cycle_#1162.mat
BOOST,1162,0.84313,2.52567,0.9578,1,discharge,2,-20.202,6.734,10.0,9.9,4.0879,3.6144,23.4383,11-24-21_07.16_BOOST_protocol_HPPC_IN21700_30T_cycle_#1162.mat
BOOST,1162,0.84313,2.52567,0.9577,1,discharge,3,-29.041,9.68,10.0,9.9,4.089,3.4557,21.8071,11-24-21_07.16_BOOST_protocol_HPPC_IN21700_30T_cycle_#1162.mat
BOOST,1162,0.84313,2.52567,0.9158,2,discharge,0,-2.526,0.842,10.0,9.9,4.0738,3.9967,30.5214,11-24-21_07.16_BOOST_protocol_HPPC_IN21700_30T_cycle_#1162.mat
BOOST,1162,0.84313,2.52567,0.9157,2,discharge,1,-10.103,3.368,10.0,9.9,4.0734,3.7994,27.1207,11-24-21_07.16_BOOST_protocol_HPPC_IN21700_30T_cycle_#1162.mat
BOOST,1162,0.84313,2.52567,0.9157,2,discharge,2,-20.203,6.734,10.0,9.9,4.0746,3.5904,23.9667,11-24-21_07.16_BOOST_protocol_HPPC_IN21700_30T_cycle_#1162.mat
BOOST,1162,0.84313,2.52567,0.9156,2,discharge,3,-29.04,9.68,10.0,9.9,4.076,3.4268,22.3554,11-24-21_07.16_BOOST_protocol_HPPC_IN21700_30T_cycle_#1162.mat
BOOST,1162,0.84313,2.52567,0.8316,3,discharge,0,-2.526,0.842,10.0,9.9,3.99,3.916,29.2965,11-24-21_07.16_BOOST_protocol_HPPC_IN21700_30T_cycle_#1162.mat
BOOST,1162,0.84313,2.52567,0.8316,3,discharge,1,-10.102,3.367,10.0,9.9,3.9915,3.7292,25.9652,11-24-21_07.16_BOOST_protocol_HPPC_IN21700_30T_cycle_#1162.mat
BOOST,1162,0.84313,2.52567,0.8315,3,discharge,2,-20.202,6.734,10.0,9.9,3.9918,3.5308,22.8195,11-24-21_07.16_BOOST_protocol_HPPC_IN21700_30T_cycle_#1162.mat
BOOST,1162,0.84313,2.52567,0.8314,3,discharge,3,-29.039,9.68,10.0,9.9,3.9941,3.3737,21.3644,11-24-21_07.16_BOOST_protocol_HPPC_IN21700_30T_cycle_#1162.mat
BOOST,1162,0.84313,2.52567,0.7475,4,discharge,0,-2.526,0.842,10.0,9.9,3.9048,3.8387,26.1689,11-24-21_07.16_BOOST_protocol_HPPC_IN21700_30T_cycle_#1162.mat
BOOST,1162,0.84313,2.52567,0.7474,4,discharge,1,-10.1,3.367,10.0,9.9,3.9046,3.6636,23.8614,11-24-21_07.16_BOOST_protocol_HPPC_IN21700_30T_cycle_#1162.mat
BOOST,1162,0.84313,2.52567,0.7473,4,discharge,2,-20.201,6.734,10.0,9.9,3.9058,3.4647,21.8356,11-24-21_07.16_BOOST_protocol_HPPC_IN21700_30T_cycle_#1162.mat
BOOST,1162,0.84313,2.52567,0.7472,4,discharge,3,-29.04,9.68,10.0,9.9,3.9066,3.3045,20.7335,11-24-21_07.16_BOOST_protocol_HPPC_IN21700_30T_cycle_#1162.mat
BOOST,1162,0.84313,2.52567,0.6633,5,discharge,0,-2.524,0.841,10.0,9.9,3.8178,3.7555,24.683,11-24-21_07.16_BOOST_protocol_HPPC_IN21700_30T_cycle_#1162.mat
BOOST,1162,0.84313,2.52567,0.6632,5,discharge,1,-10.1,3.367,10.0,9.9,3.8184,3.5851,23.099,11-24-21_07.16_BOOST_protocol_HPPC_IN21700_30T_cycle_#1162.mat
BOOST,1162,0.84313,2.52567,0.6631,5,discharge,2,-20.202,6.734,10.0,9.9,3.8188,3.3867,21.389,11-24-21_07.16_BOOST_protocol_HPPC_IN21700_30T_cycle_#1162.mat
BOOST,1162,0.84313,2.52567,0.6631,5,discharge,3,-29.038,9.679,10.0,9.9,3.8189,3.2262,20.4112,11-24-21_07.16_BOOST_protocol_HPPC_IN21700_30T_cycle_#1162.mat
BOOST,1162,0.84313,2.52567,0.5791,6,discharge,0,-2.526,0.842,10.0,9.9,3.7321,3.6727,23.5173,11-24-21_07.16_BOOST_protocol_HPPC_IN21700_30T_cycle_#1162.mat
BOOST,1162,0.84313,2.52567,0.579,6,discharge,1,-10.102,3.367,10.0,9.9,3.7337,3.5042,22.7183,11-24-21_07.16_BOOST_protocol_HPPC_IN21700_30T_cycle_#1162.mat
BOOST,1162,0.84313,2.52567,0.579,6,discharge,2,-20.206,6.735,10.0,9.9,3.7346,3.3068,21.1719,11-24-21_07.16_BOOST_protocol_HPPC_IN21700_30T_cycle_#1162.mat
BOOST,1162,0.84313,2.52567,0.5789,6,discharge,3,-29.039,9.68,10.0,9.9,3.7351,3.1377,20.5723,11-24-21_07.16_BOOST_protocol_HPPC_IN21700_30T_cycle_#1162.mat
BOOST,1162,0.84313,2.52567,0.4949,7,discharge,0,-2.526,0.842,10.0,9.9,3.6552,3.5941,24.1884,11-24-21_07.16_BOOST_protocol_HPPC_IN21700_30T_cycle_#1162.mat
BOOST,1162,0.84313,2.52567,0.4948,7,discharge,1,-10.1,3.367,10.0,9.9,3.6551,3.4225,23.0297,11-24-21_07.16_BOOST_protocol_HPPC_IN21700_30T_cycle_#1162.mat
BOOST,1162,0.84313,2.52567,0.4948,7,discharge,2,-20.202,6.734,10.0,9.9,3.6564,3.2197,21.6167,11-24-21_07.16_BOOST_protocol_HPPC_IN21700_30T_cycle_#1162.mat
BOOST,1162,0.84313,2.52567,0.4947,7,discharge,3,-29.04,9.68,10.0,9.9,3.6571,3.0531,20.7989,11-24-21_07.16_BOOST_protocol_HPPC_IN21700_30T_cycle_#1162.mat
BOOST,1162,0.84313,2.52567,0.4108,8,discharge,0,-2.526,0.842,10.0,9.9,3.593,3.5304,24.7842,11-24-21_07.16_BOOST_protocol_HPPC_IN21700_30T_cycle_#1162.mat
BOOST,1162,0.84313,2.52567,0.4107,8,discharge,1,-10.102,3.367,10.0,9.9,3.5938,3.3535,23.7874,11-24-21_07.16_BOOST_protocol_HPPC_IN21700_30T_cycle_#1162.mat
BOOST,1162,0.84313,2.52567,0.4106,8,discharge,2,-20.202,6.734,10.0,9.9,3.5936,3.1416,22.3746,11-24-21_07.16_BOOST_protocol_HPPC_IN21700_30T_cycle_#1162.mat
BOOST,1162,0.84313,2.52567,0.4105,8,discharge,3,-29.04,9.68,10.0,9.9,3.595,2.9617,21.8079,11-24-21_07.16_BOOST_protocol_HPPC_IN21700_30T_cycle_#1162.mat
BOOST,1162,0.84313,2.52567,0.3266,9,discharge,0,-2.526,0.842,10.0,9.9,3.5137,3.4411,28.74,11-24-21_07.16_BOOST_protocol_HPPC_IN21700_30T_cycle_#1162.mat
BOOST,1162,0.84313,2.52567,0.3265,9,discharge,1,-10.102,3.367,10.0,9.9,3.5147,3.2334,27.846,11-24-21_07.16_BOOST_protocol_HPPC_IN21700_30T_cycle_#1162.mat
BOOST,1162,0.84313,2.52567,0.3264,9,discharge,2,-20.201,6.734,10.0,9.9,3.5162,2.958,27.6323,11-24-21_07.16_BOOST_protocol_HPPC_IN21700_30T_cycle_#1162.mat
BOOST,1162,0.84313,2.52567,0.3264,9,discharge,3,-29.042,9.681,10.0,9.9,3.5177,2.689,28.5345,11-24-21_07.16_BOOST_protocol_HPPC_IN21700_30T_cycle_#1162.mat
BOOST,1162,0.84313,2.52567,0.2845,10,discharge,0,-2.526,0.842,10.0,9.9,3.4685,3.39,31.0756,11-24-21_07.16_BOOST_protocol_HPPC_IN21700_30T_cycle_#1162.mat
BOOST,1162,0.84313,2.52567,0.2844,10,discharge,1,-10.102,3.367,10.0,9.9,3.4689,3.1491,31.6571,11-24-21_07.16_BOOST_protocol_HPPC_IN21700_30T_cycle_#1162.mat
BOOST,1162,0.84313,2.52567,0.2844,10,discharge,2,-20.202,6.734,10.0,9.9,3.4699,2.7988,33.2195,11-24-21_07.16_BOOST_protocol_HPPC_IN21700_30T_cycle_#1162.mat
BOOST,1162,0.84313,2.52567,0.2843,10,discharge,3,-29.041,9.68,10.0,9.9,3.4706,2.4998,33.4286,11-24-21_07.16_BOOST_protocol_HPPC_IN21700_30T_cycle_#1162.mat
BOOST,1162,0.84313,2.52567,0.2424,11,discharge,0,-2.524,0.841,10.0,9.9,3.4278,3.3333,37.4391,11-24-21_07.16_BOOST_protocol_HPPC_IN21700_30T_cycle_#1162.mat
BOOST,1162,0.84313,2.52567,0.2423,11,discharge,1,-10.1,3.367,10.0,9.9,3.4284,2.9935,43.0594,11-24-21_07.16_BOOST_protocol_HPPC_IN21700_30T_cycle_#1162.mat
BOOST,1162,0.84313,2.52567,0.2423,11,discharge,2,-20.202,6.734,10.0,9.9,3.4304,2.4998,46.0647,11-24-21_07.16_BOOST_protocol_HPPC_IN21700_30T_cycle_#1162.mat
BOOST,1162,0.84313,2.52567,0.2422,11,discharge,3,-26.613,8.871,10.0,9.9,3.4309,2.4999,34.9829,11-24-21_07.16_BOOST_protocol_HPPC_IN21700_30T_cycle_#1162.mat
BOOST,1162,0.84313,2.52567,0.2003,12,discharge,0,-2.526,0.842,10.0,9.9,3.3824,3.2503,52.2961,11-24-21_07.16_BOOST_protocol_HPPC_IN21700_30T_cycle_#1162.mat
BOOST,1162,0.84313,2.52567,0.2003,12,discharge,1,-10.101,3.367,10.0,9.9,3.3839,2.7235,65.3797,11-24-21_07.16_BOOST_protocol_HPPC_IN21700_30T_cycle_#1162.mat
BOOST,1162,0.84313,2.52567,0.2002,12,discharge,2,-17.976,5.992,10.0,9.9,3.3873,2.4999,49.3658,11-24-21_07.16_BOOST_protocol_HPPC_IN21700_30T_cycle_#1162.mat
BOOST,1162,0.84313,2.52567,0.2001,12,discharge,3,-16.721,5.574,10.0,9.9,3.3886,2.4999,53.1487,11-24-21_07.16_BOOST_protocol_HPPC_IN21700_30T_cycle_#1162.mat
BOOST,1200,0.83719,2.50788,1.0,0,discharge,0,-2.508,0.836,10.0,9.7,4.1214,4.0282,37.164,11-30-21_12.39_BOOST_protocol_HPPC_IN21700_30T_cycle_#1200.mat
BOOST,1200,0.83719,2.50788,0.9999,0,discharge,1,-10.029,3.343,10.0,9.9,4.1308,3.8195,31.04,11-30-21_12.39_BOOST_protocol_HPPC_IN21700_30T_cycle_#1200.mat
BOOST,1200,0.83719,2.50788,0.9998,0,discharge,2,-20.058,6.686,10.0,9.9,4.1294,3.6141,25.6905,11-30-21_12.39_BOOST_protocol_HPPC_IN21700_30T_cycle_#1200.mat
BOOST,1200,0.83719,2.50788,0.9998,0,discharge,3,-28.836,9.612,10.0,9.9,4.1287,3.4529,23.436,11-30-21_12.39_BOOST_protocol_HPPC_IN21700_30T_cycle_#1200.mat
BOOST,1200,0.83719,2.50788,0.9582,1,discharge,0,-2.508,0.836,10.0,9.9,4.0864,4.0036,33.0157,11-30-21_12.39_BOOST_protocol_HPPC_IN21700_30T_cycle_#1200.mat
BOOST,1200,0.83719,2.50788,0.9581,1,discharge,1,-10.029,3.343,10.0,9.9,4.087,3.8071,27.9091,11-30-21_12.39_BOOST_protocol_HPPC_IN21700_30T_cycle_#1200.mat
BOOST,1200,0.83719,2.50788,0.958,1,discharge,2,-20.058,6.686,10.0,9.9,4.0874,3.6017,24.2148,11-30-21_12.39_BOOST_protocol_HPPC_IN21700_30T_cycle_#1200.mat
BOOST,1200,0.83719,2.50788,0.958,1,discharge,3,-28.837,9.612,10.0,9.9,4.0886,3.4404,22.4781,11-30-21_12.39_BOOST_protocol_HPPC_IN21700_30T_cycle_#1200.mat
BOOST,1200,0.83719,2.50788,0.9164,2,discharge,0,-2.508,0.836,10.0,9.9,4.0725,3.9923,31.9751,11-30-21_12.39_BOOST_protocol_HPPC_IN21700_30T_cycle_#1200.mat
BOOST,1200,0.83719,2.50788,0.9163,2,discharge,1,-10.029,3.343,10.0,9.9,4.0737,3.7859,28.6968,11-30-21_12.39_BOOST_protocol_HPPC_IN21700_30T_cycle_#1200.mat
BOOST,1200,0.83719,2.50788,0.9163,2,discharge,2,-20.058,6.686,10.0,9.9,4.0743,3.5726,25.0125,11-30-21_12.39_BOOST_protocol_HPPC_IN21700_30T_cycle_#1200.mat
BOOST,1200,0.83719,2.50788,0.9162,2,discharge,3,-28.835,9.612,10.0,9.9,4.0755,3.4125,22.9929,11-30-21_12.39_BOOST_protocol_HPPC_IN21700_30T_cycle_#1200.mat
BOOST,1200,0.83719,2.50788,0.8328,3,discharge,0,-2.508,0.836,10.0,9.9,3.9878,3.9114,30.4637,11-30-21_12.39_BOOST_protocol_HPPC_IN21700_30T_cycle_#1200.mat
BOOST,1200,0.83719,2.50788,0.8327,3,discharge,1,-10.029,3.343,10.0,9.9,3.9892,3.72,26.8422,11-30-21_12.39_BOOST_protocol_HPPC_IN21700_30T_cycle_#1200.mat
BOOST,1200,0.83719,2.50788,0.8327,3,discharge,2,-20.06,6.687,10.0,9.9,3.9899,3.5179,23.5294,11-30-21_12.39_BOOST_protocol_HPPC_IN21700_30T_cycle_#1200.mat
BOOST,1200,0.83719,2.50788,0.8326,3,discharge,3,-28.835,9.612,10.0,9.9,3.9922,3.3577,22.0045,11-30-21_12.39_BOOST_protocol_HPPC_IN21700_30T_cycle_#1200.mat
BOOST,1200,0.83719,2.50788,0.7492,4,discharge,0,-2.506,0.835,10.0,9.9,3.9035,3.8358,27.0184,11-30-21_12.39_BOOST_protocol_HPPC_IN21700_30T_cycle_#1200.mat
BOOST,1200,0.83719,2.50788,0.7492,4,discharge,1,-10.029,3.343,10.0,9.9,3.9041,3.661,24.2397,11-30-21_12.39_BOOST_protocol_HPPC_IN21700_30T_cycle_#1200.mat
BOOST,1200,0.83719,2.50788,0.7491,4,discharge,2,-20.06,6.687,10.0,9.9,3.9039,3.4611,22.0738,11-30-21_12.39_BOOST_protocol_HPPC_IN21700_30T_cycle_#1200.mat
BOOST,1200,0.83719,2.50788,0.749,4,discharge,3,-28.835,9.612,10.0,9.9,3.9054,3.2938,21.2103,11-30-21_12.39_BOOST_protocol_HPPC_IN21700_30T_cycle_#1200.mat
BOOST,1200,0.83719,2.50788,0.6657,5,discharge,0,-2.508,0.836,10.0,9.9,3.8156,3.7522,25.2791,11-30-21_12.39_BOOST_protocol_HPPC_IN21700_30T_cycle_#1200.mat
BOOST,1200,0.83719,2.50788,0.6656,5,discharge,1,-10.031,3.344,10.0,9.9,3.8169,3.5772,23.8959,11-30-21_12.39_BOOST_protocol_HPPC_IN21700_30T_cycle_#1200.mat
BOOST,1200,0.83719,2.50788,0.6655,5,discharge,2,-20.06,6.687,10.0,9.9,3.8176,3.3752,22.0538,11-30-21_12.39_BOOST_protocol_HPPC_IN21700_30T_cycle_#1200.mat
BOOST,1200,0.83719,2.50788,0.6654,5,discharge,3,-28.837,9.612,10.0,9.9,3.8179,3.2124,20.9973,11-30-21_12.39_BOOST_protocol_HPPC_IN21700_30T_cycle_#1200.mat
BOOST,1200,0.83719,2.50788,0.5821,6,discharge,0,-2.508,0.836,10.0,9.9,3.732,3.6696,24.8804,11-30-21_12.39_BOOST_protocol_HPPC_IN21700_30T_cycle_#1200.mat
BOOST,1200,0.83719,2.50788,0.582,6,discharge,1,-10.029,3.343,10.0,9.9,3.7329,3.4967,23.5517,11-30-21_12.39_BOOST_protocol_HPPC_IN21700_30T_cycle_#1200.mat
BOOST,1200,0.83719,2.50788,0.5819,6,discharge,2,-20.06,6.687,10.0,9.9,3.733,3.2971,21.7298,11-30-21_12.39_BOOST_protocol_HPPC_IN21700_30T_cycle_#1200.mat
BOOST,1200,0.83719,2.50788,0.5819,6,discharge,3,-28.835,9.612,10.0,9.9,3.7344,3.1232,21.1965,11-30-21_12.39_BOOST_protocol_HPPC_IN21700_30T_cycle_#1200.mat
BOOST,1200,0.83719,2.50788,0.4985,7,discharge,0,-2.506,0.835,10.0,9.9,3.655,3.592,25.1397,11-30-21_12.39_BOOST_protocol_HPPC_IN21700_30T_cycle_#1200.mat
BOOST,1200,0.83719,2.50788,0.4984,7,discharge,1,-10.031,3.344,10.0,9.9,3.6555,3.4157,23.9059,11-30-21_12.39_BOOST_protocol_HPPC_IN21700_30T_cycle_#1200.mat
BOOST,1200,0.83719,2.50788,0.4983,7,discharge,2,-20.06,6.687,10.0,9.9,3.6564,3.2092,22.2931,11-30-21_12.39_BOOST_protocol_HPPC_IN21700_30T_cycle_#1200.mat
BOOST,1200,0.83719,2.50788,0.4983,7,discharge,3,-28.836,9.612,10.0,9.9,3.657,3.0403,21.3865,11-30-21_12.39_BOOST_protocol_HPPC_IN21700_30T_cycle_#1200.mat
BOOST,1200,0.83719,2.50788,0.4149,8,discharge,0,-2.508,0.836,10.0,9.9,3.5932,3.5285,25.7974,11-30-21_12.39_BOOST_protocol_HPPC_IN21700_30T_cycle_#1200.mat
BOOST,1200,0.83719,2.50788,0.4148,8,discharge,1,-10.029,3.343,10.0,9.9,3.5938,3.3479,24.5189,11-30-21_12.39_BOOST_protocol_HPPC_IN21700_30T_cycle_#1200.mat
BOOST,1200,0.83719,2.50788,0.4147,8,discharge,2,-20.06,6.687,10.0,9.9,3.5947,3.1317,23.0808,11-30-21_12.39_BOOST_protocol_HPPC_IN21700_30T_cycle_#1200.mat
BOOST,1200,0.83719,2.50788,0.4147,8,discharge,3,-28.835,9.612,10.0,9.9,3.5946,2.9373,22.7952,11-30-21_12.39_BOOST_protocol_HPPC_IN21700_30T_cycle_#1200.mat
BOOST,1200,0.83719,2.50788,0.3313,9,discharge,0,-2.508,0.836,10.0,9.9,3.5143,3.4392,29.9466,11-30-21_12.39_BOOST_protocol_HPPC_IN21700_30T_cycle_#1200.mat
BOOST,1200,0.83719,2.50788,0.3312,9,discharge,1,-10.031,3.344,10.0,9.9,3.5153,3.2257,28.8705,11-30-21_12.39_BOOST_protocol_HPPC_IN21700_30T_cycle_#1200.mat
BOOST,1200,0.83719,2.50788,0.3312,9,discharge,2,-20.06,6.687,10.0,9.9,3.5169,2.9453,28.4945,11-30-21_12.39_BOOST_protocol_HPPC_IN21700_30T_cycle_#1200.mat
BOOST,1200,0.83719,2.50788,0.3311,9,discharge,3,-28.836,9.612,10.0,9.9,3.5185,2.6736,29.3002,11-30-21_12.39_BOOST_protocol_HPPC_IN21700_30T_cycle_#1200.mat
BOOST,1200,0.83719,2.50788,0.2895,10,discharge,0,-2.506,0.835,10.0,9.9,3.4697,3.3899,31.8423,11-30-21_12.39_BOOST_protocol_HPPC_IN21700_30T_cycle_#1200.mat
BOOST,1200,0.83719,2.50788,0.2895,10,discharge,1,-10.029,3.343,10.0,9.9,3.4703,3.1461,32.3263,11-30-21_12.39_BOOST_protocol_HPPC_IN21700_30T_cycle_#1200.mat
BOOST,1200,0.83719,2.50788,0.2894,10,discharge,2,-20.06,6.687,10.0,9.9,3.4713,2.7888,34.0229,11-30-21_12.39_BOOST_protocol_HPPC_IN21700_30T_cycle_#1200.mat
BOOST,1200,0.83719,2.50788,0.2893,10,discharge,3,-28.834,9.611,10.0,9.9,3.472,2.4998,33.7171,11-30-21_12.39_BOOST_protocol_HPPC_IN21700_30T_cycle_#1200.mat
BOOST,1200,0.83719,2.50788,0.2477,11,discharge,0,-2.508,0.836,10.0,9.9,3.429,3.3308,39.15,11-30-21_12.39_BOOST_protocol_HPPC_IN21700_30T_cycle_#1200.mat
BOOST,1200,0.83719,2.50788,0.2477,11,discharge,1,-10.03,3.343,10.0,9.9,3.4295,2.9847,44.347,11-30-21_12.39_BOOST_protocol_HPPC_IN21700_30T_cycle_#1200.mat
BOOST,1200,0.83719,2.50788,0.2476,11,discharge,2,-20.06,6.687,10.0,9.9,3.4313,2.4999,46.4307,11-30-21_12.39_BOOST_protocol_HPPC_IN21700_30T_cycle_#1200.mat
BOOST,1200,0.83719,2.50788,0.2475,11,discharge,3,-26.185,8.728,10.0,9.9,3.4321,2.4999,35.5999,11-30-21_12.39_BOOST_protocol_HPPC_IN21700_30T_cycle_#1200.mat
BOOST,1200,0.83719,2.50788,0.2059,12,discharge,0,-2.507,0.836,10.0,9.9,3.3849,3.248,54.6071,11-30-21_12.39_BOOST_protocol_HPPC_IN21700_30T_cycle_#1200.mat
BOOST,1200,0.83719,2.50788,0.2058,12,discharge,1,-10.031,3.344,10.0,9.9,3.3865,2.7114,67.3014,11-30-21_12.39_BOOST_protocol_HPPC_IN21700_30T_cycle_#1200.mat
BOOST,1200,0.83719,2.50788,0.2058,12,discharge,2,-17.47,5.823,10.0,9.9,3.3909,2.4999,51.0017,11-30-21_12.39_BOOST_protocol_HPPC_IN21700_30T_cycle_#1200.mat
BOOST,1200,0.83719,2.50788,0.2057,12,discharge,3,-16.229,5.41,10.0,9.9,3.3915,2.4999,54.9387,11-30-21_12.39_BOOST_protocol_HPPC_IN21700_30T_cycle_#1200.mat
BOOST,1237,0.83228,2.49317,1.0,0,discharge,0,-2.493,0.831,10.0,9.7,4.1177,4.0221,38.3504,12-05-21_05.22_BOOST_protocol_HPPC_IN21700_30T_cycle_#1237.mat
BOOST,1237,0.83228,2.49317,0.9999,0,discharge,1,-9.975,3.325,10.0,9.9,4.1266,3.8101,31.7281,12-05-21_05.22_BOOST_protocol_HPPC_IN21700_30T_cycle_#1237.mat
BOOST,1237,0.83228,2.49317,0.9998,0,discharge,2,-19.948,6.649,10.0,9.9,4.1244,3.6009,26.2432,12-05-21_05.22_BOOST_protocol_HPPC_IN21700_30T_cycle_#1237.mat
BOOST,1237,0.83228,2.49317,0.9998,0,discharge,3,-28.674,9.558,10.0,9.9,4.1245,3.4351,24.0427,12-05-21_05.22_BOOST_protocol_HPPC_IN21700_30T_cycle_#1237.mat
BOOST,1237,0.83228,2.49317,0.9584,1,discharge,0,-2.492,0.831,10.0,9.9,4.0849,4.0001,34.0234,12-05-21_05.22_BOOST_protocol_HPPC_IN21700_30T_cycle_#1237.mat
BOOST,1237,0.83228,2.49317,0.9584,1,discharge,1,-9.975,3.325,10.0,9.9,4.0854,3.7989,28.7215,12-05-21_05.22_BOOST_protocol_HPPC_IN21700_30T_cycle_#1237.mat
BOOST,1237,0.83228,2.49317,0.9583,1,discharge,2,-19.948,6.649,10.0,9.9,4.0859,3.5898,24.8697,12-05-21_05.22_BOOST_protocol_HPPC_IN21700_30T_cycle_#1237.mat
BOOST,1237,0.83228,2.49317,0.9582,1,discharge,3,-28.674,9.558,10.0,9.9,4.0873,3.4253,23.0871,12-05-21_05.22_BOOST_protocol_HPPC_IN21700_30T_cycle_#1237.mat
BOOST,1237,0.83228,2.49317,0.9169,2,discharge,0,-2.493,0.831,10.0,9.91,4.0717,3.9878,33.6583,12-05-21_05.22_BOOST_protocol_HPPC_IN21700_30T_cycle_#1237.mat
BOOST,1237,0.83228,2.49317,0.9168,2,discharge,1,-9.976,3.325,10.0,9.9,4.0716,3.7803,29.2013,12-05-21_05.22_BOOST_protocol_HPPC_IN21700_30T_cycle_#1237.mat
BOOST,1237,0.83228,2.49317,0.9167,2,discharge,2,-19.949,6.65,10.0,9.9,4.0721,3.5647,25.4349,12-05-21_05.22_BOOST_protocol_HPPC_IN21700_30T_cycle_#1237.mat
BOOST,1237,0.83228,2.49317,0.9167,2,discharge,3,-28.675,9.558,10.0,9.9,4.0744,3.3958,23.6652,12-05-21_05.22_BOOST_protocol_HPPC_IN21700_30T_cycle_#1237.mat
BOOST,1237,0.83228,2.49317,0.8337,3,discharge,0,-2.495,0.832,10.0,9.9,3.9808,3.9025,31.384,12-05-21_05.22_BOOST_protocol_HPPC_IN21700_30T_cycle_#1237.mat
BOOST,1237,0.83228,2.49317,0.8337,3,discharge,1,-9.975,3.325,10.0,9.9,3.9814,3.7093,27.2771,12-05-21_05.22_BOOST_protocol_HPPC_IN21700_30T_cycle_#1237.mat
BOOST,1237,0.83228,2.49317,0.8336,3,discharge,2,-19.948,6.649,10.0,9.9,3.9826,3.5053,23.9272,12-05-21_05.22_BOOST_protocol_HPPC_IN21700_30T_cycle_#1237.mat
BOOST,1237,0.83228,2.49317,0.8335,3,discharge,3,-28.674,9.558,10.0,9.9,3.985,3.3428,22.3966,12-05-21_05.22_BOOST_protocol_HPPC_IN21700_30T_cycle_#1237.mat
BOOST,1237,0.83228,2.49317,0.7506,4,discharge,0,-2.495,0.832,10.0,9.9,3.8985,3.8268,28.7386,12-05-21_05.22_BOOST_protocol_HPPC_IN21700_30T_cycle_#1237.mat
BOOST,1237,0.83228,2.49317,0.7506,4,discharge,1,-9.973,3.324,10.0,9.9,3.899,3.6433,25.6387,12-05-21_05.22_BOOST_protocol_HPPC_IN21700_30T_cycle_#1237.mat
BOOST,1237,0.83228,2.49317,0.7505,4,discharge,2,-19.948,6.649,10.0,9.9,3.8995,3.4387,23.1001,12-05-21_05.22_BOOST_protocol_HPPC_IN21700_30T_cycle_#1237.mat
BOOST,1237,0.83228,2.49317,0.7504,4,discharge,3,-28.675,9.558,10.0,9.9,3.9004,3.273,21.8797,12-05-21_05.22_BOOST_protocol_HPPC_IN21700_30T_cycle_#1237.mat
BOOST,1237,0.83228,2.49317,0.6675,5,discharge,0,-2.494,0.832,10.0,9.9,3.8107,3.7446,26.4983,12-05-21_05.22_BOOST_protocol_HPPC_IN21700_30T_cycle_#1237.mat
BOOST,1237,0.83228,2.49317,0.6674,5,discharge,1,-9.975,3.325,10.0,9.9,3.8114,3.5659,24.6115,12-05-21_05.22_BOOST_protocol_HPPC_IN21700_30T_cycle_#1237.mat
BOOST,1237,0.83228,2.49317,0.6674,5,discharge,2,-19.948,6.649,10.0,9.9,3.8123,3.3613,22.6088,12-05-21_05.22_BOOST_protocol_HPPC_IN21700_30T_cycle_#1237.mat
BOOST,1237,0.83228,2.49317,0.6673,5,discharge,3,-28.674,9.558,10.0,9.9,3.8128,3.1961,21.5073,12-05-21_05.22_BOOST_protocol_HPPC_IN21700_30T_cycle_#1237.mat
BOOST,1237,0.83228,2.49317,0.5844,6,discharge,0,-2.494,0.831,10.0,9.9,3.7268,3.6618,26.0584,12-05-21_05.22_BOOST_protocol_HPPC_IN21700_30T_cycle_#1237.mat
BOOST,1237,0.83228,2.49317,0.5843,6,discharge,1,-9.975,3.325,10.0,9.9,3.7276,3.4799,24.8321,12-05-21_05.22_BOOST_protocol_HPPC_IN21700_30T_cycle_#1237.mat
BOOST,1237,0.83228,2.49317,0.5842,6,discharge,2,-19.948,6.649,10.0,9.9,3.7285,3.2715,22.9096,12-05-21_05.22_BOOST_protocol_HPPC_IN21700_30T_cycle_#1237.mat
BOOST,1237,0.83228,2.49317,0.5842,6,discharge,3,-28.674,9.558,10.0,9.9,3.7287,3.1019,21.8595,12-05-21_05.22_BOOST_protocol_HPPC_IN21700_30T_cycle_#1237.mat
BOOST,1237,0.83228,2.49317,0.5013,7,discharge,0,-2.495,0.832,10.0,9.9,3.6504,3.5861,25.7757,12-05-21_05.22_BOOST_protocol_HPPC_IN21700_30T_cycle_#1237.mat
BOOST,1237,0.83228,2.49317,0.5012,7,discharge,1,-9.975,3.325,10.0,9.9,3.652,3.4053,24.7313,12-05-21_05.22_BOOST_protocol_HPPC_IN21700_30T_cycle_#1237.mat
BOOST,1237,0.83228,2.49317,0.5011,7,discharge,2,-19.948,6.649,10.0,9.9,3.6528,3.1954,22.9296,12-05-21_05.22_BOOST_protocol_HPPC_IN21700_30T_cycle_#1237.mat
BOOST,1237,0.83228,2.49317,0.5011,7,discharge,3,-28.674,9.558,10.0,9.9,3.6536,3.023,21.992,12-05-21_05.22_BOOST_protocol_HPPC_IN21700_30T_cycle_#1237.mat
BOOST,1237,0.83228,2.49317,0.4182,8,discharge,0,-2.494,0.831,10.0,9.9,3.5892,3.5222,26.8602,12-05-21_05.22_BOOST_protocol_HPPC_IN21700_30T_cycle_#1237.mat
BOOST,1237,0.83228,2.49317,0.4181,8,discharge,1,-9.975,3.325,10.0,9.9,3.59,3.3307,25.9942,12-05-21_05.22_BOOST_protocol_HPPC_IN21700_30T_cycle_#1237.mat
BOOST,1237,0.83228,2.49317,0.418,8,discharge,2,-19.948,6.649,10.0,9.9,3.5909,3.1008,24.5689,12-05-21_05.22_BOOST_protocol_HPPC_IN21700_30T_cycle_#1237.mat
BOOST,1237,0.83228,2.49317,0.4179,8,discharge,3,-28.675,9.558,10.0,9.9,3.5916,2.9038,23.9861,12-05-21_05.22_BOOST_protocol_HPPC_IN21700_30T_cycle_#1237.mat
BOOST,1237,0.83228,2.49317,0.335,9,discharge,0,-2.494,0.832,10.0,9.9,3.5096,3.4311,31.4692,12-05-21_05.22_BOOST_protocol_HPPC_IN21700_30T_cycle_#1237.mat
BOOST,1237,0.83228,2.49317,0.335,9,discharge,1,-9.975,3.325,10.0,9.9,3.5107,3.2087,30.2751,12-05-21_05.22_BOOST_protocol_HPPC_IN21700_30T_cycle_#1237.mat
BOOST,1237,0.83228,2.49317,0.3349,9,discharge,2,-19.949,6.65,10.0,9.9,3.5123,2.9149,29.9464,12-05-21_05.22_BOOST_protocol_HPPC_IN21700_30T_cycle_#1237.mat
BOOST,1237,0.83228,2.49317,0.3348,9,discharge,3,-28.674,9.558,10.0,9.9,3.5138,2.629,30.8572,12-05-21_05.22_BOOST_protocol_HPPC_IN21700_30T_cycle_#1237.mat
BOOST,1237,0.83228,2.49317,0.2935,10,discharge,0,-2.493,0.831,10.0,9.9,3.4648,3.3825,33.0164,12-05-21_05.22_BOOST_protocol_HPPC_IN21700_30T_cycle_#1237.mat
BOOST,1237,0.83228,2.49317,0.2934,10,discharge,1,-9.973,3.324,10.0,9.9,3.466,3.1218,34.5135,12-05-21_05.22_BOOST_protocol_HPPC_IN21700_30T_cycle_#1237.mat
BOOST,1237,0.83228,2.49317,0.2933,10,discharge,2,-19.95,6.65,10.0,9.9,3.4669,2.7315,36.8622,12-05-21_05.22_BOOST_protocol_HPPC_IN21700_30T_cycle_#1237.mat
BOOST,1237,0.83228,2.49317,0.2933,10,discharge,3,-28.675,9.558,10.0,9.9,3.4676,2.4999,33.7472,12-05-21_05.22_BOOST_protocol_HPPC_IN21700_30T_cycle_#1237.mat
BOOST,1237,0.83228,2.49317,0.2519,11,discharge,0,-2.493,0.831,10.0,9.9,3.4258,3.3213,41.9224,12-05-21_05.22_BOOST_protocol_HPPC_IN21700_30T_cycle_#1237.mat
BOOST,1237,0.83228,2.49317,0.2519,11,discharge,1,-9.975,3.325,10.0,9.9,3.4256,2.9513,47.5486,12-05-21_05.22_BOOST_protocol_HPPC_IN21700_30T_cycle_#1237.mat
BOOST,1237,0.83228,2.49317,0.2518,11,discharge,2,-19.947,6.649,10.0,9.9,3.4284,2.4999,46.5484,12-05-21_05.22_BOOST_protocol_HPPC_IN21700_30T_cycle_#1237.mat
BOOST,1237,0.83228,2.49317,0.2517,11,discharge,3,-24.36,8.12,10.0,9.9,3.4291,2.4999,38.1445,12-05-21_05.22_BOOST_protocol_HPPC_IN21700_30T_cycle_#1237.mat
BOOST,1237,0.83228,2.49317,0.2104,12,discharge,0,-2.495,0.832,10.0,9.9,3.3796,3.2373,57.0386,12-05-21_05.22_BOOST_protocol_HPPC_IN21700_30T_cycle_#1237.mat
BOOST,1237,0.83228,2.49317,0.2103,12,discharge,1,-9.977,3.326,10.0,9.9,3.3813,2.6944,68.8511,12-05-21_05.22_BOOST_protocol_HPPC_IN21700_30T_cycle_#1237.mat
BOOST,1237,0.83228,2.49317,0.2102,12,discharge,2,-17.221,5.74,10.0,9.9,3.3853,2.4999,51.414,12-05-21_05.22_BOOST_protocol_HPPC_IN21700_30T_cycle_#1237.mat
BOOST,1237,0.83228,2.49317,0.2101,12,discharge,3,-15.97,5.323,10.0,9.9,3.387,2.4999,55.5479,12-05-21_05.22_BOOST_protocol_HPPC_IN21700_30T_cycle_#1237.mat
BOOST,1275,0.82629,2.47525,1.0,0,discharge,0,-2.474,0.825,10.0,9.7,4.1177,4.0169,40.7404,12-12-21_20.56_BOOST_protocol_HPPC_IN21700_30T_cycle_#1275.mat
BOOST,1275,0.82629,2.47525,0.9999,0,discharge,1,-9.896,3.299,10.0,9.9,4.127,3.8001,33.0332,12-12-21_20.56_BOOST_protocol_HPPC_IN21700_30T_cycle_#1275.mat
BOOST,1275,0.82629,2.47525,0.9998,0,discharge,2,-19.791,6.597,10.0,9.9,4.1256,3.588,27.1639,12-12-21_20.56_BOOST_protocol_HPPC_IN21700_30T_cycle_#1275.mat
BOOST,1275,0.82629,2.47525,0.9998,0,discharge,3,-28.449,9.483,10.0,9.9,4.1252,3.4213,24.7425,12-12-21_20.56_BOOST_protocol_HPPC_IN21700_30T_cycle_#1275.mat
BOOST,1275,0.82629,2.47525,0.9587,1,discharge,0,-2.475,0.825,10.0,9.9,4.0847,3.9949,36.2887,12-12-21_20.56_BOOST_protocol_HPPC_IN21700_30T_cycle_#1275.mat
BOOST,1275,0.82629,2.47525,0.9587,1,discharge,1,-9.896,3.299,10.0,9.9,4.0852,3.7877,30.0636,12-12-21_20.56_BOOST_protocol_HPPC_IN21700_30T_cycle_#1275.mat
BOOST,1275,0.82629,2.47525,0.9586,1,discharge,2,-19.791,6.597,10.0,9.9,4.0856,3.5752,25.7895,12-12-21_20.56_BOOST_protocol_HPPC_IN21700_30T_cycle_#1275.mat
BOOST,1275,0.82629,2.47525,0.9585,1,discharge,3,-28.45,9.483,10.0,9.9,4.0871,3.4094,23.8207,12-12-21_20.56_BOOST_protocol_HPPC_IN21700_30T_cycle_#1275.mat
BOOST,1275,0.82629,2.47525,0.9175,2,discharge,0,-2.474,0.825,10.0,9.9,4.0712,3.9848,34.9161,12-12-21_20.56_BOOST_protocol_HPPC_IN21700_30T_cycle_#1275.mat
BOOST,1275,0.82629,2.47525,0.9174,2,discharge,1,-9.896,3.299,10.0,9.9,4.0711,3.7717,30.2553,12-12-21_20.56_BOOST_protocol_HPPC_IN21700_30T_cycle_#1275.mat
BOOST,1275,0.82629,2.47525,0.9174,2,discharge,2,-19.792,6.597,10.0,9.9,4.0718,3.5529,26.2177,12-12-21_20.56_BOOST_protocol_HPPC_IN21700_30T_cycle_#1275.mat
BOOST,1275,0.82629,2.47525,0.9173,2,discharge,3,-28.451,9.484,10.0,9.9,4.0741,3.3827,24.3014,12-12-21_20.56_BOOST_protocol_HPPC_IN21700_30T_cycle_#1275.mat
BOOST,1275,0.82629,2.47525,0.835,3,discharge,0,-2.475,0.825,10.0,9.9,3.9787,3.8983,32.4901,12-12-21_20.56_BOOST_protocol_HPPC_IN21700_30T_cycle_#1275.mat
BOOST,1275,0.82629,2.47525,0.835,3,discharge,1,-9.898,3.299,10.0,9.9,3.9809,3.7001,28.3694,12-12-21_20.56_BOOST_protocol_HPPC_IN21700_30T_cycle_#1275.mat
BOOST,1275,0.82629,2.47525,0.8349,3,discharge,2,-19.791,6.597,10.0,9.9,3.9824,3.4923,24.7638,12-12-21_20.56_BOOST_protocol_HPPC_IN21700_30T_cycle_#1275.mat
BOOST,1275,0.82629,2.47525,0.8349,3,discharge,3,-28.45,9.483,10.0,9.9,3.9841,3.3281,23.058,12-12-21_20.56_BOOST_protocol_HPPC_IN21700_30T_cycle_#1275.mat
BOOST,1275,0.82629,2.47525,0.7526,4,discharge,0,-2.474,0.825,10.0,9.9,3.8979,3.8262,28.9779,12-12-21_20.56_BOOST_protocol_HPPC_IN21700_30T_cycle_#1275.mat
BOOST,1275,0.82629,2.47525,0.7525,4,discharge,1,-9.896,3.299,10.0,9.9,3.8985,3.6437,25.7483,12-12-21_20.56_BOOST_protocol_HPPC_IN21700_30T_cycle_#1275.mat
BOOST,1275,0.82629,2.47525,0.7524,4,discharge,2,-19.792,6.597,10.0,9.9,3.8993,3.4358,23.4186,12-12-21_20.56_BOOST_protocol_HPPC_IN21700_30T_cycle_#1275.mat
BOOST,1275,0.82629,2.47525,0.7524,4,discharge,3,-28.449,9.483,10.0,9.9,3.9002,3.2631,22.3945,12-12-21_20.56_BOOST_protocol_HPPC_IN21700_30T_cycle_#1275.mat
BOOST,1275,0.82629,2.47525,0.6701,5,discharge,0,-2.474,0.825,10.0,9.9,3.8099,3.7414,27.6868,12-12-21_20.56_BOOST_protocol_HPPC_IN21700_30T_cycle_#1275.mat
BOOST,1275,0.82629,2.47525,0.67,5,discharge,1,-9.898,3.299,10.0,9.9,3.8108,3.5574,25.6024,12-12-21_20.56_BOOST_protocol_HPPC_IN21700_30T_cycle_#1275.mat
BOOST,1275,0.82629,2.47525,0.67,5,discharge,2,-19.791,6.597,10.0,9.9,3.8117,3.3487,23.3945,12-12-21_20.56_BOOST_protocol_HPPC_IN21700_30T_cycle_#1275.mat
BOOST,1275,0.82629,2.47525,0.6699,5,discharge,3,-28.45,9.483,10.0,9.9,3.8122,3.1812,22.1793,12-12-21_20.56_BOOST_protocol_HPPC_IN21700_30T_cycle_#1275.mat
BOOST,1275,0.82629,2.47525,0.5876,6,discharge,0,-2.475,0.825,10.0,9.9,3.7265,3.6599,26.9134,12-12-21_20.56_BOOST_protocol_HPPC_IN21700_30T_cycle_#1275.mat
BOOST,1275,0.82629,2.47525,0.5876,6,discharge,1,-9.896,3.299,10.0,9.9,3.7276,3.4789,25.1321,12-12-21_20.56_BOOST_protocol_HPPC_IN21700_30T_cycle_#1275.mat
BOOST,1275,0.82629,2.47525,0.5875,6,discharge,2,-19.792,6.597,10.0,9.9,3.728,3.2722,23.0295,12-12-21_20.56_BOOST_protocol_HPPC_IN21700_30T_cycle_#1275.mat
BOOST,1275,0.82629,2.47525,0.5874,6,discharge,3,-28.448,9.483,10.0,9.9,3.7297,3.0977,22.216,12-12-21_20.56_BOOST_protocol_HPPC_IN21700_30T_cycle_#1275.mat
BOOST,1275,0.82629,2.47525,0.5052,7,discharge,0,-2.474,0.825,10.0,9.9,3.6517,3.5838,27.4399,12-12-21_20.56_BOOST_protocol_HPPC_IN21700_30T_cycle_#1275.mat
BOOST,1275,0.82629,2.47525,0.5051,7,discharge,1,-9.896,3.299,10.0,9.9,3.6525,3.3978,25.7379,12-12-21_20.56_BOOST_protocol_HPPC_IN21700_30T_cycle_#1275.mat
BOOST,1275,0.82629,2.47525,0.505,7,discharge,2,-19.79,6.597,10.0,9.9,3.6527,3.1837,23.6988,12-12-21_20.56_BOOST_protocol_HPPC_IN21700_30T_cycle_#1275.mat
BOOST,1275,0.82629,2.47525,0.505,7,discharge,3,-28.45,9.483,10.0,9.9,3.6542,3.0082,22.7065,12-12-21_20.56_BOOST_protocol_HPPC_IN21700_30T_cycle_#1275.mat
BOOST,1275,0.82629,2.47525,0.4227,8,discharge,0,-2.475,0.825,10.0,9.9,3.5895,3.5203,27.9585,12-12-21_20.56_BOOST_protocol_HPPC_IN21700_30T_cycle_#1275.mat
BOOST,1275,0.82629,2.47525,0.4226,8,discharge,1,-9.896,3.299,10.0,9.9,3.591,3.3272,26.657,12-12-21_20.56_BOOST_protocol_HPPC_IN21700_30T_cycle_#1275.mat
BOOST,1275,0.82629,2.47525,0.4225,8,discharge,2,-19.79,6.597,10.0,9.9,3.5921,3.1013,24.8004,12-12-21_20.56_BOOST_protocol_HPPC_IN21700_30T_cycle_#1275.mat
BOOST,1275,0.82629,2.47525,0.4225,8,discharge,3,-28.45,9.483,10.0,9.9,3.5928,2.9079,24.0738,12-12-21_20.56_BOOST_protocol_HPPC_IN21700_30T_cycle_#1275.mat
BOOST,1275,0.82629,2.47525,0.3402,9,discharge,0,-2.474,0.825,10.0,9.91,3.5116,3.43,32.9777,12-12-21_20.56_BOOST_protocol_HPPC_IN21700_30T_cycle_#1275.mat
BOOST,1275,0.82629,2.47525,0.3402,9,discharge,1,-9.896,3.299,10.0,9.9,3.5129,3.2009,31.5276,12-12-21_20.56_BOOST_protocol_HPPC_IN21700_30T_cycle_#1275.mat
BOOST,1275,0.82629,2.47525,0.3401,9,discharge,2,-19.79,6.597,10.0,9.91,3.5144,2.9025,30.9197,12-12-21_20.56_BOOST_protocol_HPPC_IN21700_30T_cycle_#1275.mat
BOOST,1275,0.82629,2.47525,0.34,9,discharge,3,-28.45,9.483,10.0,9.9,3.5162,2.6127,31.7575,12-12-21_20.56_BOOST_protocol_HPPC_IN21700_30T_cycle_#1275.mat
BOOST,1275,0.82629,2.47525,0.299,10,discharge,0,-2.474,0.825,10.0,9.9,3.4683,3.3808,35.3621,12-12-21_20.56_BOOST_protocol_HPPC_IN21700_30T_cycle_#1275.mat
BOOST,1275,0.82629,2.47525,0.2989,10,discharge,1,-9.896,3.299,10.0,9.91,3.4688,3.1158,35.6724,12-12-21_20.56_BOOST_protocol_HPPC_IN21700_30T_cycle_#1275.mat
BOOST,1275,0.82629,2.47525,0.2988,10,discharge,2,-19.79,6.597,10.0,9.9,3.4698,2.7428,36.7357,12-12-21_20.56_BOOST_protocol_HPPC_IN21700_30T_cycle_#1275.mat
BOOST,1275,0.82629,2.47525,0.2988,10,discharge,3,-28.45,9.483,10.0,9.9,3.4708,2.4999,34.1265,12-12-21_20.56_BOOST_protocol_HPPC_IN21700_30T_cycle_#1275.mat
BOOST,1275,0.82629,2.47525,0.2578,11,discharge,0,-2.473,0.824,10.0,9.9,3.4277,3.3211,43.1055,12-12-21_20.56_BOOST_protocol_HPPC_IN21700_30T_cycle_#1275.mat
BOOST,1275,0.82629,2.47525,0.2577,11,discharge,1,-9.896,3.299,10.0,9.9,3.429,2.9483,48.5732,12-12-21_20.56_BOOST_protocol_HPPC_IN21700_30T_cycle_#1275.mat
BOOST,1275,0.82629,2.47525,0.2576,11,discharge,2,-19.793,6.598,10.0,9.9,3.4308,2.4998,47.0368,12-12-21_20.56_BOOST_protocol_HPPC_IN21700_30T_cycle_#1275.mat
BOOST,1275,0.82629,2.47525,0.2575,11,discharge,3,-24.227,8.076,10.0,9.9,3.4318,2.4999,38.4653,12-12-21_20.56_BOOST_protocol_HPPC_IN21700_30T_cycle_#1275.mat
BOOST,1275,0.82629,2.47525,0.2165,12,discharge,0,-2.475,0.825,10.0,9.9,3.3856,3.2384,59.4844,12-12-21_20.56_BOOST_protocol_HPPC_IN21700_30T_cycle_#1275.mat
BOOST,1275,0.82629,2.47525,0.2165,12,discharge,1,-9.896,3.299,10.0,9.9,3.3872,2.6928,70.1712,12-12-21_20.56_BOOST_protocol_HPPC_IN21700_30T_cycle_#1275.mat
BOOST,1275,0.82629,2.47525,0.2164,12,discharge,2,-16.904,5.635,10.0,9.9,3.3917,2.5,52.7508,12-12-21_20.56_BOOST_protocol_HPPC_IN21700_30T_cycle_#1275.mat
BOOST,1275,0.82629,2.47525,0.2163,12,discharge,3,-15.863,5.288,10.0,9.9,3.3927,2.4999,56.2819,12-12-21_20.56_BOOST_protocol_HPPC_IN21700_30T_cycle_#1275.mat
BOOST,1312,0.8193,2.45431,1.0,0,discharge,0,-2.453,0.818,10.0,9.7,4.1161,4.0111,42.8135,12-18-21_10.56_BOOST_protocol_HPPC_IN21700_30T_cycle_#1312.mat
BOOST,1312,0.8193,2.45431,0.9999,0,discharge,1,-9.814,3.271,10.0,9.9,4.1248,3.79,34.1145,12-18-21_10.56_BOOST_protocol_HPPC_IN21700_30T_cycle_#1312.mat
BOOST,1312,0.8193,2.45431,0.9998,0,discharge,2,-19.626,6.542,10.0,9.9,4.1243,3.5765,27.912,12-18-21_10.56_BOOST_protocol_HPPC_IN21700_30T_cycle_#1312.mat
BOOST,1312,0.8193,2.45431,0.9998,0,discharge,3,-28.21,9.403,10.0,9.9,4.1237,3.4116,25.2428,12-18-21_10.56_BOOST_protocol_HPPC_IN21700_30T_cycle_#1312.mat
BOOST,1312,0.8193,2.45431,0.9591,1,discharge,0,-2.453,0.818,10.0,9.9,4.0839,3.988,39.0918,12-18-21_10.56_BOOST_protocol_HPPC_IN21700_30T_cycle_#1312.mat
BOOST,1312,0.8193,2.45431,0.959,1,discharge,1,-9.813,3.271,10.0,9.9,4.0845,3.771,31.9468,12-18-21_10.56_BOOST_protocol_HPPC_IN21700_30T_cycle_#1312.mat
BOOST,1312,0.8193,2.45431,0.9589,1,discharge,2,-19.628,6.543,10.0,9.9,4.0851,3.5515,27.1857,12-18-21_10.56_BOOST_protocol_HPPC_IN21700_30T_cycle_#1312.mat
BOOST,1312,0.8193,2.45431,0.9589,1,discharge,3,-28.212,9.404,10.0,9.9,4.0865,3.3807,25.0177,12-18-21_10.56_BOOST_protocol_HPPC_IN21700_30T_cycle_#1312.mat
BOOST,1312,0.8193,2.45431,0.9182,2,discharge,0,-2.453,0.818,10.0,9.9,4.0698,3.9773,37.7105,12-18-21_10.56_BOOST_protocol_HPPC_IN21700_30T_cycle_#1312.mat
BOOST,1312,0.8193,2.45431,0.9181,2,discharge,1,-9.812,3.271,10.0,9.9,4.0707,3.7598,31.6854,12-18-21_10.56_BOOST_protocol_HPPC_IN21700_30T_cycle_#1312.mat
BOOST,1312,0.8193,2.45431,0.9181,2,discharge,2,-19.628,6.543,10.0,9.9,4.0716,3.5405,27.0583,12-18-21_10.56_BOOST_protocol_HPPC_IN21700_30T_cycle_#1312.mat
BOOST,1312,0.8193,2.45431,0.918,2,discharge,3,-28.209,9.403,10.0,9.9,4.0735,3.3719,24.8715,12-18-21_10.56_BOOST_protocol_HPPC_IN21700_30T_cycle_#1312.mat
BOOST,1312,0.8193,2.45431,0.8364,3,discharge,0,-2.452,0.817,10.0,9.9,3.9757,3.8926,33.8866,12-18-21_10.56_BOOST_protocol_HPPC_IN21700_30T_cycle_#1312.mat
BOOST,1312,0.8193,2.45431,0.8364,3,discharge,1,-9.812,3.271,10.0,9.9,3.9772,3.6886,29.4121,12-18-21_10.56_BOOST_protocol_HPPC_IN21700_30T_cycle_#1312.mat
BOOST,1312,0.8193,2.45431,0.8363,3,discharge,2,-19.628,6.543,10.0,9.9,3.9786,3.4757,25.6216,12-18-21_10.56_BOOST_protocol_HPPC_IN21700_30T_cycle_#1312.mat
BOOST,1312,0.8193,2.45431,0.8362,3,discharge,3,-28.21,9.403,10.0,9.9,3.9803,3.307,23.8674,12-18-21_10.56_BOOST_protocol_HPPC_IN21700_30T_cycle_#1312.mat
BOOST,1312,0.8193,2.45431,0.7547,4,discharge,0,-2.452,0.817,10.0,9.9,3.8943,3.8183,30.9913,12-18-21_10.56_BOOST_protocol_HPPC_IN21700_30T_cycle_#1312.mat
BOOST,1312,0.8193,2.45431,0.7546,4,discharge,1,-9.814,3.271,10.0,9.9,3.8951,3.6272,27.2977,12-18-21_10.56_BOOST_protocol_HPPC_IN21700_30T_cycle_#1312.mat
BOOST,1312,0.8193,2.45431,0.7545,4,discharge,2,-19.627,6.542,10.0,9.9,3.8958,3.4169,24.4001,12-18-21_10.56_BOOST_protocol_HPPC_IN21700_30T_cycle_#1312.mat
BOOST,1312,0.8193,2.45431,0.7547,4,discharge,3,-28.21,9.403,10.0,9.9,3.9002,3.2632,22.5806,12-18-21_10.56_BOOST_protocol_HPPC_IN21700_30T_cycle_#1312.mat
BOOST,1312,0.8193,2.45431,0.6729,5,discharge,0,-2.454,0.818,10.0,9.9,3.8091,3.7377,29.093,12-18-21_10.56_BOOST_protocol_HPPC_IN21700_30T_cycle_#1312.mat
BOOST,1312,0.8193,2.45431,0.6728,5,discharge,1,-9.813,3.271,10.0,9.9,3.8101,3.5481,26.6998,12-18-21_10.56_BOOST_protocol_HPPC_IN21700_30T_cycle_#1312.mat
BOOST,1312,0.8193,2.45431,0.6727,5,discharge,2,-19.626,6.542,10.0,9.9,3.8109,3.3352,24.2383,12-18-21_10.56_BOOST_protocol_HPPC_IN21700_30T_cycle_#1312.mat
BOOST,1312,0.8193,2.45431,0.6727,5,discharge,3,-28.211,9.404,10.0,9.9,3.8114,3.1644,22.9343,12-18-21_10.56_BOOST_protocol_HPPC_IN21700_30T_cycle_#1312.mat
BOOST,1312,0.8193,2.45431,0.5911,6,discharge,0,-2.453,0.818,10.0,9.9,3.7251,3.6551,28.5423,12-18-21_10.56_BOOST_protocol_HPPC_IN21700_30T_cycle_#1312.mat
BOOST,1312,0.8193,2.45431,0.5911,6,discharge,1,-9.812,3.271,10.0,9.9,3.7263,3.4669,26.4362,12-18-21_10.56_BOOST_protocol_HPPC_IN21700_30T_cycle_#1312.mat
BOOST,1312,0.8193,2.45431,0.591,6,discharge,2,-19.627,6.542,10.0,9.9,3.7276,3.2558,24.0383,12-18-21_10.56_BOOST_protocol_HPPC_IN21700_30T_cycle_#1312.mat
BOOST,1312,0.8193,2.45431,0.5909,6,discharge,3,-28.209,9.403,10.0,9.9,3.7289,3.0867,22.7658,12-18-21_10.56_BOOST_protocol_HPPC_IN21700_30T_cycle_#1312.mat
BOOST,1312,0.8193,2.45431,0.5093,7,discharge,0,-2.453,0.818,10.0,9.9,3.651,3.5807,28.6646,12-18-21_10.56_BOOST_protocol_HPPC_IN21700_30T_cycle_#1312.mat
BOOST,1312,0.8193,2.45431,0.5093,7,discharge,1,-9.813,3.271,10.0,9.9,3.652,3.3895,26.7508,12-18-21_10.56_BOOST_protocol_HPPC_IN21700_30T_cycle_#1312.mat
BOOST,1312,0.8193,2.45431,0.5092,7,discharge,2,-19.626,6.542,10.0,9.9,3.6527,3.1709,24.5491,12-18-21_10.56_BOOST_protocol_HPPC_IN21700_30T_cycle_#1312.mat
BOOST,1312,0.8193,2.45431,0.5091,7,discharge,3,-28.21,9.403,10.0,9.9,3.6537,2.9912,23.4846,12-18-21_10.56_BOOST_protocol_HPPC_IN21700_30T_cycle_#1312.mat
BOOST,1312,0.8193,2.45431,0.4276,8,discharge,0,-2.453,0.818,10.0,9.9,3.5892,3.5151,30.2116,12-18-21_10.56_BOOST_protocol_HPPC_IN21700_30T_cycle_#1312.mat
BOOST,1312,0.8193,2.45431,0.4275,8,discharge,1,-9.814,3.271,10.0,9.9,3.5902,3.3143,28.112,12-18-21_10.56_BOOST_protocol_HPPC_IN21700_30T_cycle_#1312.mat
BOOST,1312,0.8193,2.45431,0.4274,8,discharge,2,-19.625,6.542,10.0,9.9,3.5912,3.0808,26.0076,12-18-21_10.56_BOOST_protocol_HPPC_IN21700_30T_cycle_#1312.mat
BOOST,1312,0.8193,2.45431,0.4273,8,discharge,3,-28.211,9.404,10.0,9.9,3.5921,2.883,25.1356,12-18-21_10.56_BOOST_protocol_HPPC_IN21700_30T_cycle_#1312.mat
BOOST,1312,0.8193,2.45431,0.3458,9,discharge,0,-2.453,0.818,10.0,9.9,3.5113,3.4269,34.4111,12-18-21_10.56_BOOST_protocol_HPPC_IN21700_30T_cycle_#1312.mat
BOOST,1312,0.8193,2.45431,0.3457,9,discharge,1,-9.813,3.271,10.0,9.9,3.5126,3.1908,32.7936,12-18-21_10.56_BOOST_protocol_HPPC_IN21700_30T_cycle_#1312.mat
BOOST,1312,0.8193,2.45431,0.3457,9,discharge,2,-19.626,6.542,10.0,9.9,3.5142,2.8839,32.1156,12-18-21_10.56_BOOST_protocol_HPPC_IN21700_30T_cycle_#1312.mat
BOOST,1312,0.8193,2.45431,0.3456,9,discharge,3,-28.21,9.403,10.0,9.9,3.5161,2.586,32.9706,12-18-21_10.56_BOOST_protocol_HPPC_IN21700_30T_cycle_#1312.mat
BOOST,1312,0.8193,2.45431,0.3049,10,discharge,0,-2.453,0.818,10.0,9.9,3.4689,3.3768,37.5535,12-18-21_10.56_BOOST_protocol_HPPC_IN21700_30T_cycle_#1312.mat
BOOST,1312,0.8193,2.45431,0.3048,10,discharge,1,-9.812,3.271,10.0,9.9,3.4695,3.0991,37.7478,12-18-21_10.56_BOOST_protocol_HPPC_IN21700_30T_cycle_#1312.mat
BOOST,1312,0.8193,2.45431,0.3048,10,discharge,2,-19.625,6.542,10.0,9.9,3.4704,2.7141,38.5376,12-18-21_10.56_BOOST_protocol_HPPC_IN21700_30T_cycle_#1312.mat
BOOST,1312,0.8193,2.45431,0.3047,10,discharge,3,-28.211,9.404,10.0,9.9,3.4716,2.4999,34.444,12-18-21_10.56_BOOST_protocol_HPPC_IN21700_30T_cycle_#1312.mat
BOOST,1312,0.8193,2.45431,0.264,11,discharge,0,-2.453,0.818,10.0,9.9,3.4296,3.323,43.4641,12-18-21_10.56_BOOST_protocol_HPPC_IN21700_30T_cycle_#1312.mat
BOOST,1312,0.8193,2.45431,0.264,11,discharge,1,-9.813,3.271,10.0,9.9,3.4301,2.9521,48.7129,12-18-21_10.56_BOOST_protocol_HPPC_IN21700_30T_cycle_#1312.mat
BOOST,1312,0.8193,2.45431,0.2639,11,discharge,2,-19.625,6.542,10.0,9.9,3.4313,2.4999,47.4599,12-18-21_10.56_BOOST_protocol_HPPC_IN21700_30T_cycle_#1312.mat
BOOST,1312,0.8193,2.45431,0.2638,11,discharge,3,-23.827,7.942,10.0,9.9,3.4329,2.4998,39.1615,12-18-21_10.56_BOOST_protocol_HPPC_IN21700_30T_cycle_#1312.mat
BOOST,1312,0.8193,2.45431,0.2231,12,discharge,0,-2.453,0.818,10.0,9.9,3.387,3.2347,62.0974,12-18-21_10.56_BOOST_protocol_HPPC_IN21700_30T_cycle_#1312.mat
BOOST,1312,0.8193,2.45431,0.2231,12,discharge,1,-9.814,3.271,10.0,9.9,3.3886,2.6894,71.243,12-18-21_10.56_BOOST_protocol_HPPC_IN21700_30T_cycle_#1312.mat
BOOST,1312,0.8193,2.45431,0.223,12,discharge,2,-16.682,5.561,10.0,9.9,3.3932,2.5,53.5427,12-18-21_10.56_BOOST_protocol_HPPC_IN21700_30T_cycle_#1312.mat
BOOST,1312,0.8193,2.45431,0.2229,12,discharge,3,-15.66,5.22,10.0,9.9,3.394,2.4999,57.0945,12-18-21_10.56_BOOST_protocol_HPPC_IN21700_30T_cycle_#1312.mat
BOOST,1350,0.81393,2.43821,1.0,0,discharge,0,-2.439,0.813,10.0,9.7,4.1123,4.0071,43.1342,12-26-21_13.26_BOOST_protocol_HPPC_IN21700_30T_cycle_#1350.mat
BOOST,1350,0.81393,2.43821,0.9999,0,discharge,1,-9.752,3.251,10.0,9.9,4.1215,3.7855,34.4527,12-26-21_13.26_BOOST_protocol_HPPC_IN21700_30T_cycle_#1350.mat
BOOST,1350,0.81393,2.43821,0.9998,0,discharge,2,-19.501,6.5,10.0,9.9,4.1199,3.5687,28.2652,12-26-21_13.26_BOOST_protocol_HPPC_IN21700_30T_cycle_#1350.mat
BOOST,1350,0.81393,2.43821,0.9998,0,discharge,3,-28.029,9.343,10.0,9.9,4.1194,3.3993,25.6912,12-26-21_13.26_BOOST_protocol_HPPC_IN21700_30T_cycle_#1350.mat
BOOST,1350,0.81393,2.43821,0.9594,1,discharge,0,-2.437,0.812,10.0,9.9,4.0822,3.9846,40.0476,12-26-21_13.26_BOOST_protocol_HPPC_IN21700_30T_cycle_#1350.mat
BOOST,1350,0.81393,2.43821,0.9593,1,discharge,1,-9.752,3.251,10.0,9.9,4.0826,3.7637,32.7027,12-26-21_13.26_BOOST_protocol_HPPC_IN21700_30T_cycle_#1350.mat
BOOST,1350,0.81393,2.43821,0.9592,1,discharge,2,-19.499,6.5,10.0,9.9,4.0824,3.5406,27.786,12-26-21_13.26_BOOST_protocol_HPPC_IN21700_30T_cycle_#1350.mat
BOOST,1350,0.81393,2.43821,0.9591,1,discharge,3,-28.03,9.343,10.0,9.9,4.0839,3.3657,25.6225,12-26-21_13.26_BOOST_protocol_HPPC_IN21700_30T_cycle_#1350.mat
BOOST,1350,0.81393,2.43821,0.9187,2,discharge,0,-2.437,0.812,10.0,9.9,4.0664,3.9713,39.0202,12-26-21_13.26_BOOST_protocol_HPPC_IN21700_30T_cycle_#1350.mat
BOOST,1350,0.81393,2.43821,0.9187,2,discharge,1,-9.751,3.25,10.0,9.9,4.0674,3.7502,32.5307,12-26-21_13.26_BOOST_protocol_HPPC_IN21700_30T_cycle_#1350.mat
BOOST,1350,0.81393,2.43821,0.9186,2,discharge,2,-19.5,6.5,10.0,9.9,4.0679,3.5281,27.6821,12-26-21_13.26_BOOST_protocol_HPPC_IN21700_30T_cycle_#1350.mat
BOOST,1350,0.81393,2.43821,0.9185,2,discharge,3,-28.031,9.344,10.0,9.9,4.0709,3.3558,25.511,12-26-21_13.26_BOOST_protocol_HPPC_IN21700_30T_cycle_#1350.mat
BOOST,1350,0.81393,2.43821,0.8375,3,discharge,0,-2.438,0.813,10.0,9.9,3.9675,3.8814,35.3173,12-26-21_13.26_BOOST_protocol_HPPC_IN21700_30T_cycle_#1350.mat
BOOST,1350,0.81393,2.43821,0.8374,3,discharge,1,-9.751,3.25,10.0,9.9,3.9687,3.6749,30.1302,12-26-21_13.26_BOOST_protocol_HPPC_IN21700_30T_cycle_#1350.mat
BOOST,1350,0.81393,2.43821,0.8373,3,discharge,2,-19.5,6.5,10.0,9.9,3.9701,3.4592,26.2,12-26-21_13.26_BOOST_protocol_HPPC_IN21700_30T_cycle_#1350.mat
BOOST,1350,0.81393,2.43821,0.8373,3,discharge,3,-28.031,9.344,10.0,9.9,3.9717,3.2875,24.4087,12-26-21_13.26_BOOST_protocol_HPPC_IN21700_30T_cycle_#1350.mat
BOOST,1350,0.81393,2.43821,0.7562,4,discharge,0,-2.437,0.812,10.0,9.9,3.8862,3.8081,32.0489,12-26-21_13.26_BOOST_protocol_HPPC_IN21700_30T_cycle_#1350.mat
BOOST,1350,0.81393,2.43821,0.7562,4,discharge,1,-9.751,3.25,10.0,9.9,3.887,3.6136,28.0384,12-26-21_13.26_BOOST_protocol_HPPC_IN21700_30T_cycle_#1350.mat
BOOST,1350,0.81393,2.43821,0.7561,4,discharge,2,-19.499,6.5,10.0,9.9,3.8874,3.3998,25.0064,12-26-21_13.26_BOOST_protocol_HPPC_IN21700_30T_cycle_#1350.mat
BOOST,1350,0.81393,2.43821,0.756,4,discharge,3,-28.03,9.343,10.0,9.9,3.8885,3.2291,23.5248,12-26-21_13.26_BOOST_protocol_HPPC_IN21700_30T_cycle_#1350.mat
BOOST,1350,0.81393,2.43821,0.675,5,discharge,0,-2.438,0.813,10.0,9.9,3.7996,3.7278,29.4492,12-26-21_13.26_BOOST_protocol_HPPC_IN21700_30T_cycle_#1350.mat
BOOST,1350,0.81393,2.43821,0.6749,5,discharge,1,-9.752,3.251,10.0,9.9,3.8005,3.5321,27.524,12-26-21_13.26_BOOST_protocol_HPPC_IN21700_30T_cycle_#1350.mat
BOOST,1350,0.81393,2.43821,0.6749,5,discharge,2,-19.499,6.5,10.0,9.9,3.8016,3.3112,25.15,12-26-21_13.26_BOOST_protocol_HPPC_IN21700_30T_cycle_#1350.mat
BOOST,1350,0.81393,2.43821,0.6748,5,discharge,3,-28.031,9.344,10.0,9.9,3.8023,3.1268,24.0983,12-26-21_13.26_BOOST_protocol_HPPC_IN21700_30T_cycle_#1350.mat
BOOST,1350,0.81393,2.43821,0.5937,6,discharge,0,-2.437,0.812,10.0,9.9,3.7158,3.6423,30.1563,12-26-21_13.26_BOOST_protocol_HPPC_IN21700_30T_cycle_#1350.mat
BOOST,1350,0.81393,2.43821,0.5937,6,discharge,1,-9.753,3.251,10.0,9.9,3.7169,3.4465,27.7251,12-26-21_13.26_BOOST_protocol_HPPC_IN21700_30T_cycle_#1350.mat
BOOST,1350,0.81393,2.43821,0.5936,6,discharge,2,-19.5,6.5,10.0,9.9,3.7184,3.2285,25.1231,12-26-21_13.26_BOOST_protocol_HPPC_IN21700_30T_cycle_#1350.mat
BOOST,1350,0.81393,2.43821,0.5935,6,discharge,3,-28.031,9.344,10.0,9.9,3.7197,3.0521,23.8165,12-26-21_13.26_BOOST_protocol_HPPC_IN21700_30T_cycle_#1350.mat
BOOST,1350,0.81393,2.43821,0.5125,7,discharge,0,-2.437,0.812,10.0,9.9,3.6444,3.5738,28.9665,12-26-21_13.26_BOOST_protocol_HPPC_IN21700_30T_cycle_#1350.mat
BOOST,1350,0.81393,2.43821,0.5124,7,discharge,1,-9.751,3.25,10.0,9.9,3.6463,3.3805,27.2585,12-26-21_13.26_BOOST_protocol_HPPC_IN21700_30T_cycle_#1350.mat
BOOST,1350,0.81393,2.43821,0.5123,7,discharge,2,-19.5,6.5,10.0,9.9,3.6465,3.1613,24.8821,12-26-21_13.26_BOOST_protocol_HPPC_IN21700_30T_cycle_#1350.mat
BOOST,1350,0.81393,2.43821,0.5123,7,discharge,3,-28.031,9.344,10.0,9.9,3.648,2.9689,24.2267,12-26-21_13.26_BOOST_protocol_HPPC_IN21700_30T_cycle_#1350.mat
BOOST,1350,0.81393,2.43821,0.4312,8,discharge,0,-2.437,0.812,10.0,9.9,3.5828,3.5041,32.2885,12-26-21_13.26_BOOST_protocol_HPPC_IN21700_30T_cycle_#1350.mat
BOOST,1350,0.81393,2.43821,0.4312,8,discharge,1,-9.751,3.25,10.0,9.9,3.5839,3.2924,29.8938,12-26-21_13.26_BOOST_protocol_HPPC_IN21700_30T_cycle_#1350.mat
BOOST,1350,0.81393,2.43821,0.4311,8,discharge,2,-19.5,6.5,10.0,9.9,3.5852,3.0475,27.5744,12-26-21_13.26_BOOST_protocol_HPPC_IN21700_30T_cycle_#1350.mat
BOOST,1350,0.81393,2.43821,0.431,8,discharge,3,-28.031,9.344,10.0,9.9,3.5862,2.8374,26.7133,12-26-21_13.26_BOOST_protocol_HPPC_IN21700_30T_cycle_#1350.mat
BOOST,1350,0.81393,2.43821,0.35,9,discharge,0,-2.438,0.812,10.0,9.9,3.5035,3.4162,35.8154,12-26-21_13.26_BOOST_protocol_HPPC_IN21700_30T_cycle_#1350.mat
BOOST,1350,0.81393,2.43821,0.3499,9,discharge,1,-9.751,3.25,10.0,9.9,3.5049,3.1722,34.1189,12-26-21_13.26_BOOST_protocol_HPPC_IN21700_30T_cycle_#1350.mat
BOOST,1350,0.81393,2.43821,0.3498,9,discharge,2,-19.5,6.5,10.0,9.9,3.5067,2.8566,33.3385,12-26-21_13.26_BOOST_protocol_HPPC_IN21700_30T_cycle_#1350.mat
BOOST,1350,0.81393,2.43821,0.3498,9,discharge,3,-28.031,9.344,10.0,9.9,3.5087,2.5365,34.683,12-26-21_13.26_BOOST_protocol_HPPC_IN21700_30T_cycle_#1350.mat
BOOST,1350,0.81393,2.43821,0.3094,10,discharge,0,-2.436,0.812,10.0,9.9,3.4615,3.3624,40.6781,12-26-21_13.26_BOOST_protocol_HPPC_IN21700_30T_cycle_#1350.mat
BOOST,1350,0.81393,2.43821,0.3093,10,discharge,1,-9.751,3.25,10.0,9.9,3.4619,3.0604,41.1744,12-26-21_13.26_BOOST_protocol_HPPC_IN21700_30T_cycle_#1350.mat
BOOST,1350,0.81393,2.43821,0.3092,10,discharge,2,-19.501,6.5,10.0,9.9,3.4622,2.6436,41.9773,12-26-21_13.26_BOOST_protocol_HPPC_IN21700_30T_cycle_#1350.mat
BOOST,1350,0.81393,2.43821,0.3091,10,discharge,3,-28.028,9.343,10.0,9.9,3.4634,2.4999,34.3763,12-26-21_13.26_BOOST_protocol_HPPC_IN21700_30T_cycle_#1350.mat
BOOST,1350,0.81393,2.43821,0.2687,11,discharge,0,-2.437,0.812,10.0,9.9,3.4235,3.3043,48.9106,12-26-21_13.26_BOOST_protocol_HPPC_IN21700_30T_cycle_#1350.mat
BOOST,1350,0.81393,2.43821,0.2687,11,discharge,1,-9.751,3.25,10.0,9.9,3.4235,2.8984,53.8514,12-26-21_13.26_BOOST_protocol_HPPC_IN21700_30T_cycle_#1350.mat
BOOST,1350,0.81393,2.43821,0.2686,11,discharge,2,-19.499,6.5,10.0,9.9,3.4264,2.4999,47.5153,12-26-21_13.26_BOOST_protocol_HPPC_IN21700_30T_cycle_#1350.mat
BOOST,1350,0.81393,2.43821,0.2685,11,discharge,3,-22.466,7.489,10.0,9.9,3.4276,2.4999,41.2935,12-26-21_13.26_BOOST_protocol_HPPC_IN21700_30T_cycle_#1350.mat
BOOST,1350,0.81393,2.43821,0.2281,12,discharge,0,-2.437,0.812,10.0,9.9,3.3782,3.2101,68.9698,12-26-21_13.26_BOOST_protocol_HPPC_IN21700_30T_cycle_#1350.mat
BOOST,1350,0.81393,2.43821,0.2281,12,discharge,1,-9.751,3.25,10.0,9.9,3.3803,2.6263,77.3222,12-26-21_13.26_BOOST_protocol_HPPC_IN21700_30T_cycle_#1350.mat
BOOST,1350,0.81393,2.43821,0.228,12,discharge,2,-15.074,5.025,10.0,9.9,3.3856,2.5,58.7502,12-26-21_13.26_BOOST_protocol_HPPC_IN21700_30T_cycle_#1350.mat
BOOST,1350,0.81393,2.43821,0.2279,12,discharge,3,-14.214,4.738,10.0,9.9,3.387,2.5,62.4033,12-26-21_13.26_BOOST_protocol_HPPC_IN21700_30T_cycle_#1350.mat
BOOST,1387,0.80278,2.40482,1.0,0,discharge,0,-2.405,0.802,10.0,9.7,4.1095,3.9988,46.0272,01-08-22_00.09_BOOST_protocol_HPPC_IN21700_30T_cycle_#1387.mat
BOOST,1387,0.80278,2.40482,0.9999,0,discharge,1,-9.62,3.207,10.0,9.9,4.1194,3.7711,36.2039,01-08-22_00.09_BOOST_protocol_HPPC_IN21700_30T_cycle_#1387.mat
BOOST,1387,0.80278,2.40482,0.9998,0,discharge,2,-19.239,6.413,10.0,9.9,4.1181,3.5484,29.6117,01-08-22_00.09_BOOST_protocol_HPPC_IN21700_30T_cycle_#1387.mat
BOOST,1387,0.80278,2.40482,0.9998,0,discharge,3,-27.656,9.219,10.0,9.9,4.1176,3.3749,26.8549,01-08-22_00.09_BOOST_protocol_HPPC_IN21700_30T_cycle_#1387.mat
BOOST,1387,0.80278,2.40482,0.9599,1,discharge,0,-2.405,0.802,10.0,9.9,4.0814,3.9837,40.6271,01-08-22_00.09_BOOST_protocol_HPPC_IN21700_30T_cycle_#1387.mat
BOOST,1387,0.80278,2.40482,0.9598,1,discharge,1,-9.619,3.206,10.0,9.9,4.0817,3.7637,33.0589,01-08-22_00.09_BOOST_protocol_HPPC_IN21700_30T_cycle_#1387.mat
BOOST,1387,0.80278,2.40482,0.9598,1,discharge,2,-19.24,6.413,10.0,9.9,4.0825,3.536,28.4044,01-08-22_00.09_BOOST_protocol_HPPC_IN21700_30T_cycle_#1387.mat
BOOST,1387,0.80278,2.40482,0.9597,1,discharge,3,-27.656,9.219,10.0,9.9,4.0839,3.3545,26.374,01-08-22_00.09_BOOST_protocol_HPPC_IN21700_30T_cycle_#1387.mat
BOOST,1387,0.80278,2.40482,0.9198,2,discharge,0,-2.405,0.802,10.0,9.9,4.0641,3.9639,41.6649,01-08-22_00.09_BOOST_protocol_HPPC_IN21700_30T_cycle_#1387.mat
BOOST,1387,0.80278,2.40482,0.9198,2,discharge,1,-9.619,3.206,10.0,9.9,4.0651,3.7368,34.1297,01-08-22_00.09_BOOST_protocol_HPPC_IN21700_30T_cycle_#1387.mat
BOOST,1387,0.80278,2.40482,0.9197,2,discharge,2,-19.239,6.413,10.0,9.9,4.0665,3.5111,28.8684,01-08-22_00.09_BOOST_protocol_HPPC_IN21700_30T_cycle_#1387.mat
BOOST,1387,0.80278,2.40482,0.9196,2,discharge,3,-27.656,9.219,10.0,9.9,4.0691,3.3366,26.4861,01-08-22_00.09_BOOST_protocol_HPPC_IN21700_30T_cycle_#1387.mat
BOOST,1387,0.80278,2.40482,0.8396,3,discharge,0,-2.407,0.802,10.0,9.9,3.9622,3.8754,36.0645,01-08-22_00.09_BOOST_protocol_HPPC_IN21700_30T_cycle_#1387.mat
BOOST,1387,0.80278,2.40482,0.8396,3,discharge,1,-9.619,3.206,10.0,9.9,3.9635,3.6713,30.3771,01-08-22_00.09_BOOST_protocol_HPPC_IN21700_30T_cycle_#1387.mat
BOOST,1387,0.80278,2.40482,0.8395,3,discharge,2,-19.238,6.413,10.0,9.9,3.9642,3.4589,26.2657,01-08-22_00.09_BOOST_protocol_HPPC_IN21700_30T_cycle_#1387.mat
BOOST,1387,0.80278,2.40482,0.8394,3,discharge,3,-27.656,9.219,10.0,9.9,3.9669,3.2882,24.5408,01-08-22_00.09_BOOST_protocol_HPPC_IN21700_30T_cycle_#1387.mat
BOOST,1387,0.80278,2.40482,0.7595,4,discharge,0,-2.407,0.802,10.0,9.9,3.8797,3.8001,33.0757,01-08-22_00.09_BOOST_protocol_HPPC_IN21700_30T_cycle_#1387.mat
BOOST,1387,0.80278,2.40482,0.7594,4,discharge,1,-9.618,3.206,10.0,9.9,3.8807,3.6013,29.0509,01-08-22_00.09_BOOST_protocol_HPPC_IN21700_30T_cycle_#1387.mat
BOOST,1387,0.80278,2.40482,0.7594,4,discharge,2,-19.239,6.413,10.0,9.9,3.88,3.3841,25.7758,01-08-22_00.09_BOOST_protocol_HPPC_IN21700_30T_cycle_#1387.mat
BOOST,1387,0.80278,2.40482,0.7593,4,discharge,3,-27.657,9.219,10.0,9.9,3.8817,3.2101,24.2832,01-08-22_00.09_BOOST_protocol_HPPC_IN21700_30T_cycle_#1387.mat
BOOST,1387,0.80278,2.40482,0.6793,5,discharge,0,-2.407,0.802,10.0,9.9,3.7962,3.7211,31.202,01-08-22_00.09_BOOST_protocol_HPPC_IN21700_30T_cycle_#1387.mat
BOOST,1387,0.80278,2.40482,0.6793,5,discharge,1,-9.621,3.207,10.0,9.9,3.7974,3.5249,28.3229,01-08-22_00.09_BOOST_protocol_HPPC_IN21700_30T_cycle_#1387.mat
BOOST,1387,0.80278,2.40482,0.6792,5,discharge,2,-19.239,6.413,10.0,9.9,3.7988,3.309,25.4587,01-08-22_00.09_BOOST_protocol_HPPC_IN21700_30T_cycle_#1387.mat
BOOST,1387,0.80278,2.40482,0.6791,5,discharge,3,-27.655,9.218,10.0,9.9,3.7999,3.1377,23.945,01-08-22_00.09_BOOST_protocol_HPPC_IN21700_30T_cycle_#1387.mat
BOOST,1387,0.80278,2.40482,0.5992,6,discharge,0,-2.405,0.802,10.0,9.9,3.7135,3.6367,31.9335,01-08-22_00.09_BOOST_protocol_HPPC_IN21700_30T_cycle_#1387.mat
BOOST,1387,0.80278,2.40482,0.5991,6,discharge,1,-9.62,3.207,10.0,9.9,3.7148,3.4367,28.9094,01-08-22_00.09_BOOST_protocol_HPPC_IN21700_30T_cycle_#1387.mat
BOOST,1387,0.80278,2.40482,0.599,6,discharge,2,-19.237,6.412,10.0,9.9,3.7163,3.2161,26.002,01-08-22_00.09_BOOST_protocol_HPPC_IN21700_30T_cycle_#1387.mat
BOOST,1387,0.80278,2.40482,0.599,6,discharge,3,-27.656,9.219,10.0,9.9,3.7176,3.0381,24.5697,01-08-22_00.09_BOOST_protocol_HPPC_IN21700_30T_cycle_#1387.mat
BOOST,1387,0.80278,2.40482,0.519,7,discharge,0,-2.407,0.802,10.0,9.9,3.6433,3.5678,31.3695,01-08-22_00.09_BOOST_protocol_HPPC_IN21700_30T_cycle_#1387.mat
BOOST,1387,0.80278,2.40482,0.5189,7,discharge,1,-9.619,3.206,10.0,9.9,3.6438,3.3678,28.6929,01-08-22_00.09_BOOST_protocol_HPPC_IN21700_30T_cycle_#1387.mat
BOOST,1387,0.80278,2.40482,0.5189,7,discharge,2,-19.238,6.413,10.0,9.9,3.6455,3.1453,26.0006,01-08-22_00.09_BOOST_protocol_HPPC_IN21700_30T_cycle_#1387.mat
BOOST,1387,0.80278,2.40482,0.5188,7,discharge,3,-27.656,9.219,10.0,9.9,3.6465,2.9631,24.7107,01-08-22_00.09_BOOST_protocol_HPPC_IN21700_30T_cycle_#1387.mat
BOOST,1387,0.80278,2.40482,0.4388,8,discharge,0,-2.405,0.802,10.0,9.9,3.581,3.4992,34.0111,01-08-22_00.09_BOOST_protocol_HPPC_IN21700_30T_cycle_#1387.mat
BOOST,1387,0.80278,2.40482,0.4388,8,discharge,1,-9.62,3.207,10.0,9.9,3.5822,3.2821,31.1958,01-08-22_00.09_BOOST_protocol_HPPC_IN21700_30T_cycle_#1387.mat
BOOST,1387,0.80278,2.40482,0.4387,8,discharge,2,-19.239,6.413,10.0,9.9,3.5835,3.0328,28.6241,01-08-22_00.09_BOOST_protocol_HPPC_IN21700_30T_cycle_#1387.mat
BOOST,1387,0.80278,2.40482,0.4386,8,discharge,3,-27.656,9.219,10.0,9.9,3.5849,2.8205,27.6396,01-08-22_00.09_BOOST_protocol_HPPC_IN21700_30T_cycle_#1387.mat
BOOST,1387,0.80278,2.40482,0.3587,9,discharge,0,-2.405,0.802,10.0,9.9,3.5023,3.4108,38.0457,01-08-22_00.09_BOOST_protocol_HPPC_IN21700_30T_cycle_#1387.mat
BOOST,1387,0.80278,2.40482,0.3586,9,discharge,1,-9.62,3.207,10.0,9.9,3.5038,3.1585,35.8955,01-08-22_00.09_BOOST_protocol_HPPC_IN21700_30T_cycle_#1387.mat
BOOST,1387,0.80278,2.40482,0.3585,9,discharge,2,-19.239,6.413,10.0,9.9,3.5056,2.8382,34.69,01-08-22_00.09_BOOST_protocol_HPPC_IN21700_30T_cycle_#1387.mat
BOOST,1387,0.80278,2.40482,0.3585,9,discharge,3,-27.657,9.219,10.0,9.9,3.5071,2.533,35.2207,01-08-22_00.09_BOOST_protocol_HPPC_IN21700_30T_cycle_#1387.mat
BOOST,1387,0.80278,2.40482,0.3186,10,discharge,0,-2.405,0.802,10.0,9.9,3.4622,3.3586,43.0769,01-08-22_00.09_BOOST_protocol_HPPC_IN21700_30T_cycle_#1387.mat
BOOST,1387,0.80278,2.40482,0.3185,10,discharge,1,-9.62,3.207,10.0,9.9,3.4628,3.0507,42.8392,01-08-22_00.09_BOOST_protocol_HPPC_IN21700_30T_cycle_#1387.mat
BOOST,1387,0.80278,2.40482,0.3185,10,discharge,2,-19.239,6.413,10.0,9.9,3.4637,2.6354,43.0532,01-08-22_00.09_BOOST_protocol_HPPC_IN21700_30T_cycle_#1387.mat
BOOST,1387,0.80278,2.40482,0.3184,10,discharge,3,-27.654,9.218,10.0,9.9,3.4652,2.4999,34.9063,01-08-22_00.09_BOOST_protocol_HPPC_IN21700_30T_cycle_#1387.mat
BOOST,1387,0.80278,2.40482,0.2785,11,discharge,0,-2.405,0.802,10.0,9.9,3.4247,3.2996,52.0166,01-08-22_00.09_BOOST_protocol_HPPC_IN21700_30T_cycle_#1387.mat
BOOST,1387,0.80278,2.40482,0.2785,11,discharge,1,-9.619,3.206,10.0,9.9,3.4253,2.8889,55.7635,01-08-22_00.09_BOOST_protocol_HPPC_IN21700_30T_cycle_#1387.mat
BOOST,1387,0.80278,2.40482,0.2784,11,discharge,2,-19.239,6.413,10.0,9.9,3.4277,2.5,48.2198,01-08-22_00.09_BOOST_protocol_HPPC_IN21700_30T_cycle_#1387.mat
BOOST,1387,0.80278,2.40482,0.2783,11,discharge,3,-21.87,7.29,10.0,9.9,3.4292,2.4999,42.492,01-08-22_00.09_BOOST_protocol_HPPC_IN21700_30T_cycle_#1387.mat
BOOST,1387,0.80278,2.40482,0.2384,12,discharge,0,-2.407,0.802,10.0,9.9,3.3809,3.2146,69.0873,01-08-22_00.09_BOOST_protocol_HPPC_IN21700_30T_cycle_#1387.mat
BOOST,1387,0.80278,2.40482,0.2384,12,discharge,1,-9.62,3.207,10.0,9.9,3.3828,2.6513,76.0403,01-08-22_00.09_BOOST_protocol_HPPC_IN21700_30T_cycle_#1387.mat
BOOST,1387,0.80278,2.40482,0.2383,12,discharge,2,-15.505,5.168,10.0,9.9,3.3882,2.4999,57.2912,01-08-22_00.09_BOOST_protocol_HPPC_IN21700_30T_cycle_#1387.mat
BOOST,1387,0.80278,2.40482,0.2382,12,discharge,3,-14.533,4.844,10.0,9.9,3.3898,2.5,61.2262,01-08-22_00.09_BOOST_protocol_HPPC_IN21700_30T_cycle_#1387.mat
BOOST,1425,0.79486,2.38107,1.0,0,discharge,0,-2.378,0.793,10.0,9.7,4.1081,3.9952,47.4849,01-19-22_20.05_BOOST_protocol_HPPC_IN21700_30T_cycle_#1425.mat
BOOST,1425,0.79486,2.38107,0.9999,0,discharge,1,-9.518,3.173,10.0,9.9,4.117,3.7654,36.939,01-19-22_20.05_BOOST_protocol_HPPC_IN21700_30T_cycle_#1425.mat
BOOST,1425,0.79486,2.38107,0.9998,0,discharge,2,-19.037,6.346,10.0,9.9,4.1149,3.542,30.094,01-19-22_20.05_BOOST_protocol_HPPC_IN21700_30T_cycle_#1425.mat
BOOST,1425,0.79486,2.38107,0.9998,0,discharge,3,-27.362,9.121,10.0,9.9,4.1153,3.3569,27.7173,01-19-22_20.05_BOOST_protocol_HPPC_IN21700_30T_cycle_#1425.mat
BOOST,1425,0.79486,2.38107,0.9603,1,discharge,0,-2.378,0.793,10.0,9.9,4.0799,3.9733,44.8351,01-19-22_20.05_BOOST_protocol_HPPC_IN21700_30T_cycle_#1425.mat
BOOST,1425,0.79486,2.38107,0.9603,1,discharge,1,-9.519,3.173,10.0,9.9,4.0804,3.7405,35.7079,01-19-22_20.05_BOOST_protocol_HPPC_IN21700_30T_cycle_#1425.mat
BOOST,1425,0.79486,2.38107,0.9602,1,discharge,2,-19.037,6.346,10.0,9.9,4.0812,3.5108,29.9627,01-19-22_20.05_BOOST_protocol_HPPC_IN21700_30T_cycle_#1425.mat
BOOST,1425,0.79486,2.38107,0.9601,1,discharge,3,-27.362,9.121,10.0,9.9,4.0828,3.3333,27.392,01-19-22_20.05_BOOST_protocol_HPPC_IN21700_30T_cycle_#1425.mat
BOOST,1425,0.79486,2.38107,0.9207,2,discharge,0,-2.379,0.793,10.0,9.9,4.0602,3.958,42.952,01-19-22_20.05_BOOST_protocol_HPPC_IN21700_30T_cycle_#1425.mat
BOOST,1425,0.79486,2.38107,0.9206,2,discharge,1,-9.518,3.173,10.0,9.9,4.0622,3.7289,35.0171,01-19-22_20.05_BOOST_protocol_HPPC_IN21700_30T_cycle_#1425.mat
BOOST,1425,0.79486,2.38107,0.9205,2,discharge,2,-19.035,6.345,10.0,9.9,4.0638,3.5034,29.4405,01-19-22_20.05_BOOST_protocol_HPPC_IN21700_30T_cycle_#1425.mat
BOOST,1425,0.79486,2.38107,0.9205,2,discharge,3,-27.362,9.121,10.0,9.9,4.0665,3.33,26.9169,01-19-22_20.05_BOOST_protocol_HPPC_IN21700_30T_cycle_#1425.mat
BOOST,1425,0.79486,2.38107,0.8413,3,discharge,0,-2.38,0.793,10.0,9.9,3.9556,3.8637,38.6183,01-19-22_20.05_BOOST_protocol_HPPC_IN21700_30T_cycle_#1425.mat
BOOST,1425,0.79486,2.38107,0.8413,3,discharge,1,-9.519,3.173,10.0,9.9,3.957,3.6505,32.1988,01-19-22_20.05_BOOST_protocol_HPPC_IN21700_30T_cycle_#1425.mat
BOOST,1425,0.79486,2.38107,0.8412,3,discharge,2,-19.036,6.345,10.0,9.9,3.9586,3.4295,27.7947,01-19-22_20.05_BOOST_protocol_HPPC_IN21700_30T_cycle_#1425.mat
BOOST,1425,0.79486,2.38107,0.8412,3,discharge,3,-27.361,9.12,10.0,9.9,3.9606,3.2552,25.7812,01-19-22_20.05_BOOST_protocol_HPPC_IN21700_30T_cycle_#1425.mat
BOOST,1425,0.79486,2.38107,0.762,4,discharge,0,-2.379,0.793,10.0,9.9,3.8735,3.7921,34.2117,01-19-22_20.05_BOOST_protocol_HPPC_IN21700_30T_cycle_#1425.mat
BOOST,1425,0.79486,2.38107,0.762,4,discharge,1,-9.518,3.173,10.0,9.9,3.8745,3.591,29.785,01-19-22_20.05_BOOST_protocol_HPPC_IN21700_30T_cycle_#1425.mat
BOOST,1425,0.79486,2.38107,0.7619,4,discharge,2,-19.037,6.346,10.0,9.9,3.8745,3.3725,26.3697,01-19-22_20.05_BOOST_protocol_HPPC_IN21700_30T_cycle_#1425.mat
BOOST,1425,0.79486,2.38107,0.7618,4,discharge,3,-27.362,9.121,10.0,9.9,3.8755,3.1998,24.6948,01-19-22_20.05_BOOST_protocol_HPPC_IN21700_30T_cycle_#1425.mat
BOOST,1425,0.79486,2.38107,0.6827,5,discharge,0,-2.38,0.793,10.0,9.9,3.7904,3.7115,33.1582,01-19-22_20.05_BOOST_protocol_HPPC_IN21700_30T_cycle_#1425.mat
BOOST,1425,0.79486,2.38107,0.6827,5,discharge,1,-9.519,3.173,10.0,9.9,3.7924,3.5059,30.0974,01-19-22_20.05_BOOST_protocol_HPPC_IN21700_30T_cycle_#1425.mat
BOOST,1425,0.79486,2.38107,0.6826,5,discharge,2,-19.036,6.345,10.0,9.9,3.7939,3.2822,26.8806,01-19-22_20.05_BOOST_protocol_HPPC_IN21700_30T_cycle_#1425.mat
BOOST,1425,0.79486,2.38107,0.6825,5,discharge,3,-27.361,9.12,10.0,9.9,3.7951,3.1038,25.2659,01-19-22_20.05_BOOST_protocol_HPPC_IN21700_30T_cycle_#1425.mat
BOOST,1425,0.79486,2.38107,0.6034,6,discharge,0,-2.377,0.792,10.0,9.9,3.7092,3.6305,33.102,01-19-22_20.05_BOOST_protocol_HPPC_IN21700_30T_cycle_#1425.mat
BOOST,1425,0.79486,2.38107,0.6034,6,discharge,1,-9.519,3.173,10.0,9.9,3.7098,3.4272,29.6892,01-19-22_20.05_BOOST_protocol_HPPC_IN21700_30T_cycle_#1425.mat
BOOST,1425,0.79486,2.38107,0.6033,6,discharge,2,-19.035,6.345,10.0,9.9,3.7123,3.2049,26.6562,01-19-22_20.05_BOOST_protocol_HPPC_IN21700_30T_cycle_#1425.mat
BOOST,1425,0.79486,2.38107,0.6032,6,discharge,3,-27.361,9.12,10.0,9.9,3.7139,3.0285,25.0503,01-19-22_20.05_BOOST_protocol_HPPC_IN21700_30T_cycle_#1425.mat
BOOST,1425,0.79486,2.38107,0.5241,7,discharge,0,-2.378,0.793,10.0,9.9,3.6405,3.5588,34.3609,01-19-22_20.05_BOOST_protocol_HPPC_IN21700_30T_cycle_#1425.mat
BOOST,1425,0.79486,2.38107,0.524,7,discharge,1,-9.519,3.173,10.0,9.9,3.6417,3.3502,30.623,01-19-22_20.05_BOOST_protocol_HPPC_IN21700_30T_cycle_#1425.mat
BOOST,1425,0.79486,2.38107,0.524,7,discharge,2,-19.036,6.345,10.0,9.9,3.6421,3.1188,27.49,01-19-22_20.05_BOOST_protocol_HPPC_IN21700_30T_cycle_#1425.mat
BOOST,1425,0.79486,2.38107,0.5239,7,discharge,3,-27.361,9.12,10.0,9.9,3.644,2.9295,26.1138,01-19-22_20.05_BOOST_protocol_HPPC_IN21700_30T_cycle_#1425.mat
BOOST,1425,0.79486,2.38107,0.4448,8,discharge,0,-2.38,0.793,10.0,9.9,3.5781,3.4928,35.8479,01-19-22_20.05_BOOST_protocol_HPPC_IN21700_30T_cycle_#1425.mat
BOOST,1425,0.79486,2.38107,0.4447,8,discharge,1,-9.518,3.173,10.0,9.9,3.5794,3.2699,32.5177,01-19-22_20.05_BOOST_protocol_HPPC_IN21700_30T_cycle_#1425.mat
BOOST,1425,0.79486,2.38107,0.4446,8,discharge,2,-19.037,6.346,10.0,9.9,3.5811,3.0169,29.637,01-19-22_20.05_BOOST_protocol_HPPC_IN21700_30T_cycle_#1425.mat
BOOST,1425,0.79486,2.38107,0.4446,8,discharge,3,-27.362,9.121,10.0,9.9,3.5827,2.8037,28.4701,01-19-22_20.05_BOOST_protocol_HPPC_IN21700_30T_cycle_#1425.mat
BOOST,1425,0.79486,2.38107,0.3655,9,discharge,0,-2.38,0.793,10.0,9.9,3.5,3.4021,41.1379,01-19-22_20.05_BOOST_protocol_HPPC_IN21700_30T_cycle_#1425.mat
BOOST,1425,0.79486,2.38107,0.3654,9,discharge,1,-9.519,3.173,10.0,9.9,3.5015,3.1334,38.67,01-19-22_20.05_BOOST_protocol_HPPC_IN21700_30T_cycle_#1425.mat
BOOST,1425,0.79486,2.38107,0.3653,9,discharge,2,-19.036,6.345,10.0,9.9,3.5033,2.7935,37.2872,01-19-22_20.05_BOOST_protocol_HPPC_IN21700_30T_cycle_#1425.mat
BOOST,1425,0.79486,2.38107,0.3653,9,discharge,3,-27.361,9.12,10.0,9.9,3.5057,2.4998,36.764,01-19-22_20.05_BOOST_protocol_HPPC_IN21700_30T_cycle_#1425.mat
BOOST,1425,0.79486,2.38107,0.3258,10,discharge,0,-2.377,0.792,10.0,9.9,3.4607,3.3534,45.1314,01-19-22_20.05_BOOST_protocol_HPPC_IN21700_30T_cycle_#1425.mat
BOOST,1425,0.79486,2.38107,0.3258,10,discharge,1,-9.518,3.173,10.0,9.9,3.4613,3.035,44.7869,01-19-22_20.05_BOOST_protocol_HPPC_IN21700_30T_cycle_#1425.mat
BOOST,1425,0.79486,2.38107,0.3257,10,discharge,2,-19.037,6.346,10.0,9.9,3.4615,2.6144,44.4976,01-19-22_20.05_BOOST_protocol_HPPC_IN21700_30T_cycle_#1425.mat
BOOST,1425,0.79486,2.38107,0.3256,10,discharge,3,-27.36,9.12,10.0,9.9,3.4638,2.4999,35.2303,01-19-22_20.05_BOOST_protocol_HPPC_IN21700_30T_cycle_#1425.mat
BOOST,1425,0.79486,2.38107,0.2862,11,discharge,0,-2.378,0.793,10.0,9.9,3.4232,3.2893,56.3149,01-19-22_20.05_BOOST_protocol_HPPC_IN21700_30T_cycle_#1425.mat
BOOST,1425,0.79486,2.38107,0.2861,11,discharge,1,-9.519,3.173,10.0,9.9,3.4244,2.8497,60.3734,01-19-22_20.05_BOOST_protocol_HPPC_IN21700_30T_cycle_#1425.mat
BOOST,1425,0.79486,2.38107,0.286,11,discharge,2,-19.033,6.344,10.0,9.9,3.4268,2.4999,48.6996,01-19-22_20.05_BOOST_protocol_HPPC_IN21700_30T_cycle_#1425.mat
BOOST,1425,0.79486,2.38107,0.2859,11,discharge,3,-20.366,6.789,10.0,9.9,3.4278,2.4999,45.5612,01-19-22_20.05_BOOST_protocol_HPPC_IN21700_30T_cycle_#1425.mat
BOOST,1425,0.79486,2.38107,0.2465,12,discharge,0,-2.378,0.793,10.0,9.9,3.3801,3.2036,74.2283,01-19-22_20.05_BOOST_protocol_HPPC_IN21700_30T_cycle_#1425.mat
BOOST,1425,0.79486,2.38107,0.2464,12,discharge,1,-9.519,3.173,10.0,9.9,3.3821,2.6335,78.646,01-19-22_20.05_BOOST_protocol_HPPC_IN21700_30T_cycle_#1425.mat
BOOST,1425,0.79486,2.38107,0.2464,12,discharge,2,-14.995,4.998,10.0,9.9,3.3882,2.5,59.2331,01-19-22_20.05_BOOST_protocol_HPPC_IN21700_30T_cycle_#1425.mat
BOOST,1425,0.79486,2.38107,0.2463,12,discharge,3,-14.19,4.73,10.0,9.9,3.39,2.5,62.7202,01-19-22_20.05_BOOST_protocol_HPPC_IN21700_30T_cycle_#1425.mat
BOOST,1462,0.79254,2.37412,1.0,0,discharge,0,-2.373,0.791,10.0,9.7,4.1053,3.9839,51.1502,01-24-22_17.57_BOOST_protocol_HPPC_IN21700_30T_cycle_#1462.mat
BOOST,1462,0.79254,2.37412,0.9999,0,discharge,1,-9.496,3.165,10.0,9.9,4.1145,3.7443,38.9836,01-24-22_17.57_BOOST_protocol_HPPC_IN21700_30T_cycle_#1462.mat
BOOST,1462,0.79254,2.37412,0.9999,0,discharge,2,-18.991,6.33,10.0,9.9,4.1132,3.5114,31.6887,01-24-22_17.57_BOOST_protocol_HPPC_IN21700_30T_cycle_#1462.mat
BOOST,1462,0.79254,2.37412,0.9998,0,discharge,3,-27.3,9.1,10.0,9.9,4.1128,3.3291,28.707,01-24-22_17.57_BOOST_protocol_HPPC_IN21700_30T_cycle_#1462.mat
BOOST,1462,0.79254,2.37412,0.9604,1,discharge,0,-2.374,0.791,10.0,9.9,4.0787,3.9692,46.1325,01-24-22_17.57_BOOST_protocol_HPPC_IN21700_30T_cycle_#1462.mat
BOOST,1462,0.79254,2.37412,0.9603,1,discharge,1,-9.497,3.166,10.0,9.9,4.0789,3.7273,37.0226,01-24-22_17.57_BOOST_protocol_HPPC_IN21700_30T_cycle_#1462.mat
BOOST,1462,0.79254,2.37412,0.9602,1,discharge,2,-18.994,6.331,10.0,9.9,4.0799,3.4884,31.1414,01-24-22_17.57_BOOST_protocol_HPPC_IN21700_30T_cycle_#1462.mat
BOOST,1462,0.79254,2.37412,0.9602,1,discharge,3,-27.3,9.1,10.0,9.9,4.0816,3.3029,28.5238,01-24-22_17.57_BOOST_protocol_HPPC_IN21700_30T_cycle_#1462.mat
BOOST,1462,0.79254,2.37412,0.9208,2,discharge,0,-2.374,0.791,10.0,9.9,4.0548,3.9456,46.0041,01-24-22_17.57_BOOST_protocol_HPPC_IN21700_30T_cycle_#1462.mat
BOOST,1462,0.79254,2.37412,0.9207,2,discharge,1,-9.496,3.165,10.0,9.9,4.057,3.707,36.8565,01-24-22_17.57_BOOST_protocol_HPPC_IN21700_30T_cycle_#1462.mat
BOOST,1462,0.79254,2.37412,0.9207,2,discharge,2,-18.991,6.33,10.0,9.9,4.0589,3.4721,30.8988,01-24-22_17.57_BOOST_protocol_HPPC_IN21700_30T_cycle_#1462.mat
BOOST,1462,0.79254,2.37412,0.9206,2,discharge,3,-27.3,9.1,10.0,9.9,4.0618,3.2898,28.2784,01-24-22_17.57_BOOST_protocol_HPPC_IN21700_30T_cycle_#1462.mat
BOOST,1462,0.79254,2.37412,0.8417,3,discharge,0,-2.376,0.792,10.0,9.9,3.9479,3.8558,38.7675,01-24-22_17.57_BOOST_protocol_HPPC_IN21700_30T_cycle_#1462.mat
BOOST,1462,0.79254,2.37412,0.8416,3,discharge,1,-9.497,3.166,10.0,9.9,3.9494,3.637,32.8956,01-24-22_17.57_BOOST_protocol_HPPC_IN21700_30T_cycle_#1462.mat
BOOST,1462,0.79254,2.37412,0.8415,3,discharge,2,-18.992,6.331,10.0,9.9,3.9508,3.4058,28.6963,01-24-22_17.57_BOOST_protocol_HPPC_IN21700_30T_cycle_#1462.mat
BOOST,1462,0.79254,2.37412,0.8415,3,discharge,3,-27.299,9.1,10.0,9.9,3.9527,3.2184,26.8984,01-24-22_17.57_BOOST_protocol_HPPC_IN21700_30T_cycle_#1462.mat
BOOST,1462,0.79254,2.37412,0.7625,4,discharge,0,-2.374,0.791,10.0,9.9,3.8647,3.7784,36.3567,01-24-22_17.57_BOOST_protocol_HPPC_IN21700_30T_cycle_#1462.mat
BOOST,1462,0.79254,2.37412,0.7625,4,discharge,1,-9.497,3.166,10.0,9.9,3.8656,3.5676,31.3797,01-24-22_17.57_BOOST_protocol_HPPC_IN21700_30T_cycle_#1462.mat
BOOST,1462,0.79254,2.37412,0.7624,4,discharge,2,-18.991,6.33,10.0,9.9,3.8658,3.3395,27.7131,01-24-22_17.57_BOOST_protocol_HPPC_IN21700_30T_cycle_#1462.mat
BOOST,1462,0.79254,2.37412,0.7623,4,discharge,3,-27.298,9.099,10.0,9.9,3.8666,3.1577,25.9689,01-24-22_17.57_BOOST_protocol_HPPC_IN21700_30T_cycle_#1462.mat
BOOST,1462,0.79254,2.37412,0.6834,5,discharge,0,-2.374,0.791,10.0,9.9,3.7819,3.7002,34.4203,01-24-22_17.57_BOOST_protocol_HPPC_IN21700_30T_cycle_#1462.mat
BOOST,1462,0.79254,2.37412,0.6834,5,discharge,1,-9.496,3.165,10.0,9.9,3.7834,3.4922,30.6643,01-24-22_17.57_BOOST_protocol_HPPC_IN21700_30T_cycle_#1462.mat
BOOST,1462,0.79254,2.37412,0.6833,5,discharge,2,-18.991,6.33,10.0,9.9,3.7852,3.2671,27.2813,01-24-22_17.57_BOOST_protocol_HPPC_IN21700_30T_cycle_#1462.mat
BOOST,1462,0.79254,2.37412,0.6832,5,discharge,3,-27.299,9.1,10.0,9.9,3.7867,3.0816,25.8288,01-24-22_17.57_BOOST_protocol_HPPC_IN21700_30T_cycle_#1462.mat
BOOST,1462,0.79254,2.37412,0.6043,6,discharge,0,-2.374,0.791,10.0,9.9,3.6989,3.6161,34.8793,01-24-22_17.57_BOOST_protocol_HPPC_IN21700_30T_cycle_#1462.mat
BOOST,1462,0.79254,2.37412,0.6042,6,discharge,1,-9.497,3.166,10.0,9.9,3.7012,3.4028,31.4218,01-24-22_17.57_BOOST_protocol_HPPC_IN21700_30T_cycle_#1462.mat
BOOST,1462,0.79254,2.37412,0.6041,6,discharge,2,-18.991,6.33,10.0,9.9,3.703,3.1708,28.0238,01-24-22_17.57_BOOST_protocol_HPPC_IN21700_30T_cycle_#1462.mat
BOOST,1462,0.79254,2.37412,0.6041,6,discharge,3,-27.298,9.099,10.0,9.9,3.7048,2.9837,26.4159,01-24-22_17.57_BOOST_protocol_HPPC_IN21700_30T_cycle_#1462.mat
BOOST,1462,0.79254,2.37412,0.5252,7,discharge,0,-2.374,0.791,10.0,9.9,3.6343,3.5518,34.7559,01-24-22_17.57_BOOST_protocol_HPPC_IN21700_30T_cycle_#1462.mat
BOOST,1462,0.79254,2.37412,0.5251,7,discharge,1,-9.496,3.165,10.0,9.9,3.6356,3.3383,31.3066,01-24-22_17.57_BOOST_protocol_HPPC_IN21700_30T_cycle_#1462.mat
BOOST,1462,0.79254,2.37412,0.525,7,discharge,2,-18.991,6.33,10.0,9.9,3.6368,3.1028,28.1186,01-24-22_17.57_BOOST_protocol_HPPC_IN21700_30T_cycle_#1462.mat
BOOST,1462,0.79254,2.37412,0.5249,7,discharge,3,-27.299,9.1,10.0,9.9,3.6374,2.8972,27.1145,01-24-22_17.57_BOOST_protocol_HPPC_IN21700_30T_cycle_#1462.mat
BOOST,1462,0.79254,2.37412,0.446,8,discharge,0,-2.374,0.791,10.0,9.9,3.5709,3.4786,38.8828,01-24-22_17.57_BOOST_protocol_HPPC_IN21700_30T_cycle_#1462.mat
BOOST,1462,0.79254,2.37412,0.446,8,discharge,1,-9.495,3.165,10.0,9.9,3.5723,3.2411,34.8808,01-24-22_17.57_BOOST_protocol_HPPC_IN21700_30T_cycle_#1462.mat
BOOST,1462,0.79254,2.37412,0.4459,8,discharge,2,-18.99,6.33,10.0,9.9,3.5741,2.9705,31.7852,01-24-22_17.57_BOOST_protocol_HPPC_IN21700_30T_cycle_#1462.mat
BOOST,1462,0.79254,2.37412,0.4458,8,discharge,3,-27.298,9.099,10.0,9.9,3.576,2.7381,30.6946,01-24-22_17.57_BOOST_protocol_HPPC_IN21700_30T_cycle_#1462.mat
BOOST,1462,0.79254,2.37412,0.3669,9,discharge,0,-2.374,0.791,10.0,9.9,3.4915,3.3881,43.5589,01-24-22_17.57_BOOST_protocol_HPPC_IN21700_30T_cycle_#1462.mat
BOOST,1462,0.79254,2.37412,0.3668,9,discharge,1,-9.497,3.166,10.0,9.9,3.4933,3.104,40.9932,01-24-22_17.57_BOOST_protocol_HPPC_IN21700_30T_cycle_#1462.mat
BOOST,1462,0.79254,2.37412,0.3667,9,discharge,2,-18.991,6.33,10.0,9.9,3.4952,2.7486,39.3134,01-24-22_17.57_BOOST_protocol_HPPC_IN21700_30T_cycle_#1462.mat
BOOST,1462,0.79254,2.37412,0.3667,9,discharge,3,-27.298,9.099,10.0,9.9,3.498,2.4998,36.5668,01-24-22_17.57_BOOST_protocol_HPPC_IN21700_30T_cycle_#1462.mat
BOOST,1462,0.79254,2.37412,0.3273,10,discharge,0,-2.374,0.791,10.0,9.9,3.4529,3.3342,50.0,01-24-22_17.57_BOOST_protocol_HPPC_IN21700_30T_cycle_#1462.mat
BOOST,1462,0.79254,2.37412,0.3272,10,discharge,1,-9.496,3.165,10.0,9.9,3.4536,2.9821,49.6525,01-24-22_17.57_BOOST_protocol_HPPC_IN21700_30T_cycle_#1462.mat
BOOST,1462,0.79254,2.37412,0.3272,10,discharge,2,-18.992,6.331,10.0,9.9,3.4545,2.5252,48.9311,01-24-22_17.57_BOOST_protocol_HPPC_IN21700_30T_cycle_#1462.mat
BOOST,1462,0.79254,2.37412,0.3271,10,discharge,3,-25.886,8.629,10.0,9.9,3.4565,2.4999,36.9543,01-24-22_17.57_BOOST_protocol_HPPC_IN21700_30T_cycle_#1462.mat
BOOST,1462,0.79254,2.37412,0.2877,11,discharge,0,-2.374,0.791,10.0,9.9,3.4161,3.2706,61.2967,01-24-22_17.57_BOOST_protocol_HPPC_IN21700_30T_cycle_#1462.mat
BOOST,1462,0.79254,2.37412,0.2877,11,discharge,1,-9.497,3.166,10.0,9.9,3.4178,2.8146,63.5161,01-24-22_17.57_BOOST_protocol_HPPC_IN21700_30T_cycle_#1462.mat
BOOST,1462,0.79254,2.37412,0.2876,11,discharge,2,-18.987,6.329,10.0,9.9,3.4208,2.4999,48.5016,01-24-22_17.57_BOOST_protocol_HPPC_IN21700_30T_cycle_#1462.mat
BOOST,1462,0.79254,2.37412,0.2876,11,discharge,3,-19.392,6.464,10.0,9.9,3.4228,2.4999,47.5906,01-24-22_17.57_BOOST_protocol_HPPC_IN21700_30T_cycle_#1462.mat
BOOST,1462,0.79254,2.37412,0.2482,12,discharge,0,-2.374,0.791,10.0,9.9,3.3715,3.1749,82.8068,01-24-22_17.57_BOOST_protocol_HPPC_IN21700_30T_cycle_#1462.mat
BOOST,1462,0.79254,2.37412,0.2481,12,discharge,1,-9.495,3.165,10.0,9.9,3.3738,2.571,84.5489,01-24-22_17.57_BOOST_protocol_HPPC_IN21700_30T_cycle_#1462.mat
BOOST,1462,0.79254,2.37412,0.2481,12,discharge,2,-13.574,4.525,10.0,9.9,3.3809,2.4999,64.9035,01-24-22_17.57_BOOST_protocol_HPPC_IN21700_30T_cycle_#1462.mat
BOOST,1462,0.79254,2.37412,0.248,12,discharge,3,-12.93,4.31,10.0,9.9,3.3826,2.5,68.2599,01-24-22_17.57_BOOST_protocol_HPPC_IN21700_30T_cycle_#1462.mat
BOOST,1500,0.78427,2.34935,1.0,0,discharge,0,-2.35,0.783,10.0,9.7,4.1033,3.9724,55.7045,02-02-22_16.45_BOOST_protocol_HPPC_IN21700_30T_cycle_#1500.mat
BOOST,1500,0.78427,2.34935,0.9999,0,discharge,1,-9.398,3.133,10.0,9.9,4.1134,3.7184,42.0316,02-02-22_16.45_BOOST_protocol_HPPC_IN21700_30T_cycle_#1500.mat
BOOST,1500,0.78427,2.34935,0.9999,0,discharge,2,-18.795,6.265,10.0,9.9,4.1115,3.4854,33.3121,02-02-22_16.45_BOOST_protocol_HPPC_IN21700_30T_cycle_#1500.mat
BOOST,1500,0.78427,2.34935,0.9998,0,discharge,3,-27.018,9.006,10.0,9.9,4.1123,3.3,30.0651,02-02-22_16.45_BOOST_protocol_HPPC_IN21700_30T_cycle_#1500.mat
BOOST,1500,0.78427,2.34935,0.9593,1,discharge,0,-2.352,0.784,10.0,9.9,4.0772,3.9595,50.0489,02-02-22_16.45_BOOST_protocol_HPPC_IN21700_30T_cycle_#1500.mat
BOOST,1500,0.78427,2.34935,0.9592,1,discharge,1,-9.399,3.133,10.0,9.9,4.0777,3.7133,38.7693,02-02-22_16.45_BOOST_protocol_HPPC_IN21700_30T_cycle_#1500.mat
BOOST,1500,0.78427,2.34935,0.9591,1,discharge,2,-18.797,6.266,10.0,9.9,4.0779,3.473,32.1815,02-02-22_16.45_BOOST_protocol_HPPC_IN21700_30T_cycle_#1500.mat
BOOST,1500,0.78427,2.34935,0.9591,1,discharge,3,-27.017,9.006,10.0,9.9,4.0805,3.2889,29.3001,02-02-22_16.45_BOOST_protocol_HPPC_IN21700_30T_cycle_#1500.mat
BOOST,1500,0.78427,2.34935,0.9201,2,discharge,0,-2.352,0.784,10.0,9.9,4.0515,3.9363,48.9817,02-02-22_16.45_BOOST_protocol_HPPC_IN21700_30T_cycle_#1500.mat
BOOST,1500,0.78427,2.34935,0.9201,2,discharge,1,-9.398,3.133,10.0,9.9,4.0529,3.6908,38.5303,02-02-22_16.45_BOOST_protocol_HPPC_IN21700_30T_cycle_#1500.mat
BOOST,1500,0.78427,2.34935,0.92,2,discharge,2,-18.797,6.266,10.0,9.9,4.0548,3.4515,32.0955,02-02-22_16.45_BOOST_protocol_HPPC_IN21700_30T_cycle_#1500.mat
BOOST,1500,0.78427,2.34935,0.9199,2,discharge,3,-27.019,9.006,10.0,9.9,4.0572,3.2653,29.309,02-02-22_16.45_BOOST_protocol_HPPC_IN21700_30T_cycle_#1500.mat
BOOST,1500,0.78427,2.34935,0.8418,3,discharge,0,-2.35,0.783,10.0,9.9,3.9411,3.8426,41.922,02-02-22_16.45_BOOST_protocol_HPPC_IN21700_30T_cycle_#1500.mat
BOOST,1500,0.78427,2.34935,0.8418,3,discharge,1,-9.399,3.133,10.0,9.9,3.9426,3.6202,34.3012,02-02-22_16.45_BOOST_protocol_HPPC_IN21700_30T_cycle_#1500.mat
BOOST,1500,0.78427,2.34935,0.8417,3,discharge,2,-18.797,6.266,10.0,9.9,3.9443,3.3916,29.4036,02-02-22_16.45_BOOST_protocol_HPPC_IN21700_30T_cycle_#1500.mat
BOOST,1500,0.78427,2.34935,0.8416,3,discharge,3,-27.019,9.006,10.0,9.9,3.9466,3.2141,27.1106,02-02-22_16.45_BOOST_protocol_HPPC_IN21700_30T_cycle_#1500.mat
BOOST,1500,0.78427,2.34935,0.7635,4,discharge,0,-2.352,0.784,10.0,9.9,3.858,3.7684,38.1001,02-02-22_16.45_BOOST_protocol_HPPC_IN21700_30T_cycle_#1500.mat
BOOST,1500,0.78427,2.34935,0.7634,4,discharge,1,-9.398,3.133,10.0,9.9,3.859,3.5512,32.7523,02-02-22_16.45_BOOST_protocol_HPPC_IN21700_30T_cycle_#1500.mat
BOOST,1500,0.78427,2.34935,0.7634,4,discharge,2,-18.797,6.266,10.0,9.9,3.8584,3.3186,28.7173,02-02-22_16.45_BOOST_protocol_HPPC_IN21700_30T_cycle_#1500.mat
BOOST,1500,0.78427,2.34935,0.7633,4,discharge,3,-27.017,9.006,10.0,9.9,3.8601,3.1332,26.9053,02-02-22_16.45_BOOST_protocol_HPPC_IN21700_30T_cycle_#1500.mat
BOOST,1500,0.78427,2.34935,0.6852,5,discharge,0,-2.352,0.784,10.0,9.9,3.7755,3.6881,37.1662,02-02-22_16.45_BOOST_protocol_HPPC_IN21700_30T_cycle_#1500.mat
BOOST,1500,0.78427,2.34935,0.6851,5,discharge,1,-9.397,3.132,10.0,9.9,3.7773,3.4712,32.5742,02-02-22_16.45_BOOST_protocol_HPPC_IN21700_30T_cycle_#1500.mat
BOOST,1500,0.78427,2.34935,0.6851,5,discharge,2,-18.797,6.266,10.0,9.9,3.7792,3.2401,28.6801,02-02-22_16.45_BOOST_protocol_HPPC_IN21700_30T_cycle_#1500.mat
BOOST,1500,0.78427,2.34935,0.685,5,discharge,3,-27.018,9.006,10.0,9.9,3.7805,3.0571,26.7747,02-02-22_16.45_BOOST_protocol_HPPC_IN21700_30T_cycle_#1500.mat
BOOST,1500,0.78427,2.34935,0.6068,6,discharge,0,-2.352,0.784,10.0,9.9,3.6948,3.6069,37.3709,02-02-22_16.45_BOOST_protocol_HPPC_IN21700_30T_cycle_#1500.mat
BOOST,1500,0.78427,2.34935,0.6068,6,discharge,1,-9.398,3.133,10.0,9.9,3.6964,3.3879,32.8272,02-02-22_16.45_BOOST_protocol_HPPC_IN21700_30T_cycle_#1500.mat
BOOST,1500,0.78427,2.34935,0.6067,6,discharge,2,-18.796,6.265,10.0,9.9,3.6984,3.1502,29.1658,02-02-22_16.45_BOOST_protocol_HPPC_IN21700_30T_cycle_#1500.mat
BOOST,1500,0.78427,2.34935,0.6067,6,discharge,3,-27.018,9.006,10.0,9.9,3.7003,2.9598,27.4077,02-02-22_16.45_BOOST_protocol_HPPC_IN21700_30T_cycle_#1500.mat
BOOST,1500,0.78427,2.34935,0.5286,7,discharge,0,-2.352,0.784,10.0,9.9,3.6307,3.5427,37.4166,02-02-22_16.45_BOOST_protocol_HPPC_IN21700_30T_cycle_#1500.mat
BOOST,1500,0.78427,2.34935,0.5285,7,discharge,1,-9.397,3.132,10.0,9.9,3.6323,3.3205,33.1801,02-02-22_16.45_BOOST_protocol_HPPC_IN21700_30T_cycle_#1500.mat
BOOST,1500,0.78427,2.34935,0.5284,7,discharge,2,-18.796,6.265,10.0,9.9,3.6336,3.0782,29.5488,02-02-22_16.45_BOOST_protocol_HPPC_IN21700_30T_cycle_#1500.mat
BOOST,1500,0.78427,2.34935,0.5283,7,discharge,3,-27.017,9.006,10.0,9.9,3.6352,2.8828,27.8491,02-02-22_16.45_BOOST_protocol_HPPC_IN21700_30T_cycle_#1500.mat
BOOST,1500,0.78427,2.34935,0.4502,8,discharge,0,-2.35,0.783,10.0,9.9,3.5669,3.469,41.6613,02-02-22_16.45_BOOST_protocol_HPPC_IN21700_30T_cycle_#1500.mat
BOOST,1500,0.78427,2.34935,0.4502,8,discharge,1,-9.398,3.133,10.0,9.9,3.568,3.2224,36.7726,02-02-22_16.45_BOOST_protocol_HPPC_IN21700_30T_cycle_#1500.mat
BOOST,1500,0.78427,2.34935,0.4501,8,discharge,2,-18.798,6.266,10.0,9.9,3.5706,2.9429,33.3919,02-02-22_16.45_BOOST_protocol_HPPC_IN21700_30T_cycle_#1500.mat
BOOST,1500,0.78427,2.34935,0.45,8,discharge,3,-27.017,9.006,10.0,9.9,3.5733,2.7046,32.1538,02-02-22_16.45_BOOST_protocol_HPPC_IN21700_30T_cycle_#1500.mat
BOOST,1500,0.78427,2.34935,0.3719,9,discharge,0,-2.352,0.784,10.0,9.9,3.4883,3.3774,47.1614,02-02-22_16.45_BOOST_protocol_HPPC_IN21700_30T_cycle_#1500.mat
BOOST,1500,0.78427,2.34935,0.3719,9,discharge,1,-9.399,3.133,10.0,9.9,3.4903,3.0775,43.9186,02-02-22_16.45_BOOST_protocol_HPPC_IN21700_30T_cycle_#1500.mat
BOOST,1500,0.78427,2.34935,0.3718,9,discharge,2,-18.797,6.266,10.0,9.9,3.4922,2.7111,41.5545,02-02-22_16.45_BOOST_protocol_HPPC_IN21700_30T_cycle_#1500.mat
BOOST,1500,0.78427,2.34935,0.3717,9,discharge,3,-27.015,9.005,10.0,9.9,3.4955,2.4999,36.8536,02-02-22_16.45_BOOST_protocol_HPPC_IN21700_30T_cycle_#1500.mat
BOOST,1500,0.78427,2.34935,0.3328,10,discharge,0,-2.35,0.783,10.0,9.9,3.4513,3.3247,53.8723,02-02-22_16.45_BOOST_protocol_HPPC_IN21700_30T_cycle_#1500.mat
BOOST,1500,0.78427,2.34935,0.3327,10,discharge,1,-9.398,3.133,10.0,9.9,3.4519,2.9572,52.6389,02-02-22_16.45_BOOST_protocol_HPPC_IN21700_30T_cycle_#1500.mat
BOOST,1500,0.78427,2.34935,0.3326,10,discharge,2,-18.798,6.266,10.0,9.9,3.4529,2.4999,50.6969,02-02-22_16.45_BOOST_protocol_HPPC_IN21700_30T_cycle_#1500.mat
BOOST,1500,0.78427,2.34935,0.3325,10,discharge,3,-24.665,8.222,10.0,9.9,3.4553,2.4999,38.735,02-02-22_16.45_BOOST_protocol_HPPC_IN21700_30T_cycle_#1500.mat
BOOST,1500,0.78427,2.34935,0.2936,11,discharge,0,-2.35,0.783,10.0,9.9,3.4155,3.2579,67.0667,02-02-22_16.45_BOOST_protocol_HPPC_IN21700_30T_cycle_#1500.mat
BOOST,1500,0.78427,2.34935,0.2935,11,discharge,1,-9.398,3.133,10.0,9.9,3.4166,2.7879,66.9001,02-02-22_16.45_BOOST_protocol_HPPC_IN21700_30T_cycle_#1500.mat
BOOST,1500,0.78427,2.34935,0.2935,11,discharge,2,-18.692,6.231,10.0,9.9,3.4191,2.4999,49.1761,02-02-22_16.45_BOOST_protocol_HPPC_IN21700_30T_cycle_#1500.mat
BOOST,1500,0.78427,2.34935,0.2934,11,discharge,3,-18.32,6.107,10.0,9.9,3.422,2.5,50.3275,02-02-22_16.45_BOOST_protocol_HPPC_IN21700_30T_cycle_#1500.mat
BOOST,1500,0.78427,2.34935,0.2544,12,discharge,0,-2.35,0.783,10.0,9.9,3.3715,3.1657,87.5819,02-02-22_16.45_BOOST_protocol_HPPC_IN21700_30T_cycle_#1500.mat
BOOST,1500,0.78427,2.34935,0.2544,12,discharge,1,-9.398,3.133,10.0,9.9,3.3737,2.5599,86.5938,02-02-22_16.45_BOOST_protocol_HPPC_IN21700_30T_cycle_#1500.mat
BOOST,1500,0.78427,2.34935,0.2543,12,discharge,2,-13.214,4.405,10.0,9.9,3.3812,2.4999,66.6944,02-02-22_16.45_BOOST_protocol_HPPC_IN21700_30T_cycle_#1500.mat
BOOST,1500,0.78427,2.34935,0.2542,12,discharge,3,-12.612,4.204,10.0,9.9,3.383,2.5,70.0127,02-02-22_16.45_BOOST_protocol_HPPC_IN21700_30T_cycle_#1500.mat
BOOST,1537,0.7754,2.32279,1.0,0,discharge,0,-2.321,0.774,10.0,9.7,4.1003,3.9655,58.0734,02-08-22_01.44_BOOST_protocol_HPPC_IN21700_30T_cycle_#1537.mat
BOOST,1537,0.7754,2.32279,0.9999,0,discharge,1,-9.29,3.097,10.0,9.9,4.1094,3.7115,42.8315,02-08-22_01.44_BOOST_protocol_HPPC_IN21700_30T_cycle_#1537.mat
BOOST,1537,0.7754,2.32279,0.9998,0,discharge,2,-18.58,6.193,10.0,9.9,4.1082,3.4652,34.6071,02-08-22_01.44_BOOST_protocol_HPPC_IN21700_30T_cycle_#1537.mat
BOOST,1537,0.7754,2.32279,0.9998,0,discharge,3,-26.707,8.902,10.0,9.9,4.1083,3.2741,31.2353,02-08-22_01.44_BOOST_protocol_HPPC_IN21700_30T_cycle_#1537.mat
BOOST,1537,0.7754,2.32279,0.9597,1,discharge,0,-2.321,0.774,10.0,9.9,4.0753,3.9541,52.2144,02-08-22_01.44_BOOST_protocol_HPPC_IN21700_30T_cycle_#1537.mat
BOOST,1537,0.7754,2.32279,0.9596,1,discharge,1,-9.29,3.097,10.0,9.9,4.0758,3.7026,40.1727,02-08-22_01.44_BOOST_protocol_HPPC_IN21700_30T_cycle_#1537.mat
BOOST,1537,0.7754,2.32279,0.9595,1,discharge,2,-18.58,6.193,10.0,9.9,4.0769,3.4605,33.1755,02-08-22_01.44_BOOST_protocol_HPPC_IN21700_30T_cycle_#1537.mat
BOOST,1537,0.7754,2.32279,0.9595,1,discharge,3,-26.707,8.902,10.0,9.9,4.0788,3.2712,30.2393,02-08-22_01.44_BOOST_protocol_HPPC_IN21700_30T_cycle_#1537.mat
BOOST,1537,0.7754,2.32279,0.9209,2,discharge,0,-2.321,0.774,10.0,9.9,4.0429,3.9216,52.2507,02-08-22_01.44_BOOST_protocol_HPPC_IN21700_30T_cycle_#1537.mat
BOOST,1537,0.7754,2.32279,0.9209,2,discharge,1,-9.29,3.097,10.0,9.9,4.0447,3.6714,40.1821,02-08-22_01.44_BOOST_protocol_HPPC_IN21700_30T_cycle_#1537.mat
BOOST,1537,0.7754,2.32279,0.9208,2,discharge,2,-18.578,6.193,10.0,9.9,4.0465,3.4279,33.2974,02-08-22_01.44_BOOST_protocol_HPPC_IN21700_30T_cycle_#1537.mat
BOOST,1537,0.7754,2.32279,0.9208,2,discharge,3,-26.706,8.902,10.0,9.9,4.049,3.2383,30.3565,02-08-22_01.44_BOOST_protocol_HPPC_IN21700_30T_cycle_#1537.mat
BOOST,1537,0.7754,2.32279,0.8435,3,discharge,0,-2.322,0.774,10.0,9.9,3.9318,3.8313,43.2891,02-08-22_01.44_BOOST_protocol_HPPC_IN21700_30T_cycle_#1537.mat
BOOST,1537,0.7754,2.32279,0.8435,3,discharge,1,-9.29,3.097,10.0,9.9,3.9333,3.6052,35.3164,02-08-22_01.44_BOOST_protocol_HPPC_IN21700_30T_cycle_#1537.mat
BOOST,1537,0.7754,2.32279,0.8434,3,discharge,2,-18.578,6.193,10.0,9.9,3.9343,3.373,30.2132,02-08-22_01.44_BOOST_protocol_HPPC_IN21700_30T_cycle_#1537.mat
BOOST,1537,0.7754,2.32279,0.8433,3,discharge,3,-26.707,8.902,10.0,9.9,3.9375,3.1909,27.9552,02-08-22_01.44_BOOST_protocol_HPPC_IN21700_30T_cycle_#1537.mat
BOOST,1537,0.7754,2.32279,0.7661,4,discharge,0,-2.322,0.774,10.0,9.9,3.8469,3.7528,40.5306,02-08-22_01.44_BOOST_protocol_HPPC_IN21700_30T_cycle_#1537.mat
BOOST,1537,0.7754,2.32279,0.7661,4,discharge,1,-9.291,3.097,10.0,9.9,3.8483,3.528,34.4746,02-08-22_01.44_BOOST_protocol_HPPC_IN21700_30T_cycle_#1537.mat
BOOST,1537,0.7754,2.32279,0.766,4,discharge,2,-18.58,6.193,10.0,9.9,3.8491,3.2901,30.0861,02-08-22_01.44_BOOST_protocol_HPPC_IN21700_30T_cycle_#1537.mat
BOOST,1537,0.7754,2.32279,0.7659,4,discharge,3,-26.708,8.903,10.0,9.9,3.8502,3.1012,28.044,02-08-22_01.44_BOOST_protocol_HPPC_IN21700_30T_cycle_#1537.mat
BOOST,1537,0.7754,2.32279,0.6887,5,discharge,0,-2.322,0.774,10.0,9.9,3.7658,3.6739,39.5848,02-08-22_01.44_BOOST_protocol_HPPC_IN21700_30T_cycle_#1537.mat
BOOST,1537,0.7754,2.32279,0.6887,5,discharge,1,-9.29,3.097,10.0,9.9,3.7678,3.4497,34.2404,02-08-22_01.44_BOOST_protocol_HPPC_IN21700_30T_cycle_#1537.mat
BOOST,1537,0.7754,2.32279,0.6886,5,discharge,2,-18.58,6.193,10.0,9.9,3.7699,3.2134,29.9516,02-08-22_01.44_BOOST_protocol_HPPC_IN21700_30T_cycle_#1537.mat
BOOST,1537,0.7754,2.32279,0.6885,5,discharge,3,-26.707,8.902,10.0,9.9,3.7724,3.0266,27.9253,02-08-22_01.44_BOOST_protocol_HPPC_IN21700_30T_cycle_#1537.mat
BOOST,1537,0.7754,2.32279,0.6113,6,discharge,0,-2.324,0.775,10.0,9.9,3.6864,3.5939,39.8021,02-08-22_01.44_BOOST_protocol_HPPC_IN21700_30T_cycle_#1537.mat
BOOST,1537,0.7754,2.32279,0.6112,6,discharge,1,-9.291,3.097,10.0,9.9,3.6881,3.3666,34.6034,02-08-22_01.44_BOOST_protocol_HPPC_IN21700_30T_cycle_#1537.mat
BOOST,1537,0.7754,2.32279,0.6112,6,discharge,2,-18.58,6.193,10.0,9.9,3.6903,3.123,30.5328,02-08-22_01.44_BOOST_protocol_HPPC_IN21700_30T_cycle_#1537.mat
BOOST,1537,0.7754,2.32279,0.6111,6,discharge,3,-26.706,8.902,10.0,9.9,3.6925,2.9282,28.619,02-08-22_01.44_BOOST_protocol_HPPC_IN21700_30T_cycle_#1537.mat
BOOST,1537,0.7754,2.32279,0.5339,7,discharge,0,-2.322,0.774,10.0,9.9,3.6247,3.531,40.3566,02-08-22_01.44_BOOST_protocol_HPPC_IN21700_30T_cycle_#1537.mat
BOOST,1537,0.7754,2.32279,0.5339,7,discharge,1,-9.29,3.097,10.0,9.9,3.6257,3.2984,35.2299,02-08-22_01.44_BOOST_protocol_HPPC_IN21700_30T_cycle_#1537.mat
BOOST,1537,0.7754,2.32279,0.5338,7,discharge,2,-18.581,6.194,10.0,9.9,3.6278,3.0472,31.247,02-08-22_01.44_BOOST_protocol_HPPC_IN21700_30T_cycle_#1537.mat
BOOST,1537,0.7754,2.32279,0.5337,7,discharge,3,-26.705,8.902,10.0,9.9,3.629,2.8456,29.3353,02-08-22_01.44_BOOST_protocol_HPPC_IN21700_30T_cycle_#1537.mat
BOOST,1537,0.7754,2.32279,0.4565,8,discharge,0,-2.322,0.774,10.0,9.9,3.5605,3.4548,45.5211,02-08-22_01.44_BOOST_protocol_HPPC_IN21700_30T_cycle_#1537.mat
BOOST,1537,0.7754,2.32279,0.4564,8,discharge,1,-9.291,3.097,10.0,9.9,3.5624,3.196,39.4369,02-08-22_01.44_BOOST_protocol_HPPC_IN21700_30T_cycle_#1537.mat
BOOST,1537,0.7754,2.32279,0.4564,8,discharge,2,-18.58,6.193,10.0,9.9,3.5646,2.9046,35.5221,02-08-22_01.44_BOOST_protocol_HPPC_IN21700_30T_cycle_#1537.mat
BOOST,1537,0.7754,2.32279,0.4563,8,discharge,3,-26.707,8.902,10.0,9.9,3.5669,2.6553,34.1334,02-08-22_01.44_BOOST_protocol_HPPC_IN21700_30T_cycle_#1537.mat
BOOST,1537,0.7754,2.32279,0.3791,9,discharge,0,-2.322,0.774,10.0,9.9,3.482,3.3623,51.557,02-08-22_01.44_BOOST_protocol_HPPC_IN21700_30T_cycle_#1537.mat
BOOST,1537,0.7754,2.32279,0.379,9,discharge,1,-9.29,3.097,10.0,9.9,3.484,3.0413,47.6519,02-08-22_01.44_BOOST_protocol_HPPC_IN21700_30T_cycle_#1537.mat
BOOST,1537,0.7754,2.32279,0.3789,9,discharge,2,-18.581,6.194,10.0,9.9,3.4863,2.6585,44.5509,02-08-22_01.44_BOOST_protocol_HPPC_IN21700_30T_cycle_#1537.mat
BOOST,1537,0.7754,2.32279,0.3789,9,discharge,3,-26.706,8.902,10.0,9.9,3.4899,2.4999,37.0703,02-08-22_01.44_BOOST_protocol_HPPC_IN21700_30T_cycle_#1537.mat
BOOST,1537,0.7754,2.32279,0.3404,10,discharge,0,-2.321,0.774,10.0,9.9,3.4468,3.3076,59.9845,02-08-22_01.44_BOOST_protocol_HPPC_IN21700_30T_cycle_#1537.mat
BOOST,1537,0.7754,2.32279,0.3403,10,discharge,1,-9.291,3.097,10.0,9.9,3.4476,2.9081,58.0688,02-08-22_01.44_BOOST_protocol_HPPC_IN21700_30T_cycle_#1537.mat
BOOST,1537,0.7754,2.32279,0.3402,10,discharge,2,-18.579,6.193,10.0,9.9,3.4486,2.4999,51.063,02-08-22_01.44_BOOST_protocol_HPPC_IN21700_30T_cycle_#1537.mat
BOOST,1537,0.7754,2.32279,0.3402,10,discharge,3,-22.983,7.661,10.0,9.9,3.4512,2.4999,41.3915,02-08-22_01.44_BOOST_protocol_HPPC_IN21700_30T_cycle_#1537.mat
BOOST,1537,0.7754,2.32279,0.3017,11,discharge,0,-2.32,0.773,10.0,9.9,3.4115,3.237,75.2026,02-08-22_01.44_BOOST_protocol_HPPC_IN21700_30T_cycle_#1537.mat
BOOST,1537,0.7754,2.32279,0.3016,11,discharge,1,-9.29,3.097,10.0,9.9,3.4127,2.7465,71.71,02-08-22_01.44_BOOST_protocol_HPPC_IN21700_30T_cycle_#1537.mat
BOOST,1537,0.7754,2.32279,0.3015,11,discharge,2,-17.612,5.871,10.0,9.9,3.416,2.4999,52.0157,02-08-22_01.44_BOOST_protocol_HPPC_IN21700_30T_cycle_#1537.mat
BOOST,1537,0.7754,2.32279,0.3014,11,discharge,3,-16.979,5.66,10.0,9.9,3.419,2.5,54.1257,02-08-22_01.44_BOOST_protocol_HPPC_IN21700_30T_cycle_#1537.mat
BOOST,1537,0.7754,2.32279,0.2629,12,discharge,0,-2.322,0.774,10.0,9.9,3.3674,3.158,90.1925,02-08-22_01.44_BOOST_protocol_HPPC_IN21700_30T_cycle_#1537.mat
BOOST,1537,0.7754,2.32279,0.2629,12,discharge,1,-9.29,3.097,10.0,9.9,3.3701,2.56,87.1975,02-08-22_01.44_BOOST_protocol_HPPC_IN21700_30T_cycle_#1537.mat
BOOST,1537,0.7754,2.32279,0.2628,12,discharge,2,-12.719,4.24,10.0,9.9,3.3785,2.5,69.0699,02-08-22_01.44_BOOST_protocol_HPPC_IN21700_30T_cycle_#1537.mat
BOOST,1537,0.7754,2.32279,0.2628,12,discharge,3,-11.932,3.977,10.0,9.9,3.3802,2.4999,73.7764,02-08-22_01.44_BOOST_protocol_HPPC_IN21700_30T_cycle_#1537.mat
BOOST,1575,0.76704,2.29775,1.0,0,discharge,0,-2.298,0.766,10.0,9.7,4.0977,3.9562,61.5726,02-16-22_10.52_BOOST_protocol_HPPC_IN21700_30T_cycle_#1575.mat
BOOST,1575,0.76704,2.29775,0.9999,0,discharge,1,-9.191,3.064,10.0,9.9,4.1065,3.6962,44.6425,02-16-22_10.52_BOOST_protocol_HPPC_IN21700_30T_cycle_#1575.mat
BOOST,1575,0.76704,2.29775,0.9998,0,discharge,2,-18.375,6.125,10.0,9.9,4.1055,3.4459,35.8966,02-16-22_10.52_BOOST_protocol_HPPC_IN21700_30T_cycle_#1575.mat
BOOST,1575,0.76704,2.29775,0.9998,0,discharge,3,-26.417,8.806,10.0,9.9,4.1056,3.2517,32.3239,02-16-22_10.52_BOOST_protocol_HPPC_IN21700_30T_cycle_#1575.mat
BOOST,1575,0.76704,2.29775,0.9597,1,discharge,0,-2.296,0.765,10.0,9.9,4.0735,3.9463,55.4007,02-16-22_10.52_BOOST_protocol_HPPC_IN21700_30T_cycle_#1575.mat
BOOST,1575,0.76704,2.29775,0.9596,1,discharge,1,-9.189,3.063,10.0,9.9,4.0739,3.6808,42.7794,02-16-22_10.52_BOOST_protocol_HPPC_IN21700_30T_cycle_#1575.mat
BOOST,1575,0.76704,2.29775,0.9596,1,discharge,2,-18.376,6.125,10.0,9.9,4.0751,3.4254,35.3559,02-16-22_10.52_BOOST_protocol_HPPC_IN21700_30T_cycle_#1575.mat
BOOST,1575,0.76704,2.29775,0.9595,1,discharge,3,-26.416,8.805,10.0,9.9,4.0774,3.2235,32.3251,02-16-22_10.52_BOOST_protocol_HPPC_IN21700_30T_cycle_#1575.mat
BOOST,1575,0.76704,2.29775,0.9214,2,discharge,0,-2.298,0.766,10.0,9.9,4.0348,3.9091,54.7021,02-16-22_10.52_BOOST_protocol_HPPC_IN21700_30T_cycle_#1575.mat
BOOST,1575,0.76704,2.29775,0.9214,2,discharge,1,-9.189,3.063,10.0,9.9,4.0372,3.6529,41.8231,02-16-22_10.52_BOOST_protocol_HPPC_IN21700_30T_cycle_#1575.mat
BOOST,1575,0.76704,2.29775,0.9213,2,discharge,2,-18.377,6.126,10.0,9.9,4.0393,3.4045,34.5432,02-16-22_10.52_BOOST_protocol_HPPC_IN21700_30T_cycle_#1575.mat
BOOST,1575,0.76704,2.29775,0.9212,2,discharge,3,-26.418,8.806,10.0,9.9,4.0419,3.2137,31.3498,02-16-22_10.52_BOOST_protocol_HPPC_IN21700_30T_cycle_#1575.mat
BOOST,1575,0.76704,2.29775,0.8448,3,discharge,0,-2.298,0.766,10.0,9.9,3.9248,3.8209,45.2093,02-16-22_10.52_BOOST_protocol_HPPC_IN21700_30T_cycle_#1575.mat
BOOST,1575,0.76704,2.29775,0.8448,3,discharge,1,-9.189,3.063,10.0,9.9,3.9255,3.59,36.5118,02-16-22_10.52_BOOST_protocol_HPPC_IN21700_30T_cycle_#1575.mat
BOOST,1575,0.76704,2.29775,0.8447,3,discharge,2,-18.377,6.126,10.0,9.9,3.9281,3.3537,31.2565,02-16-22_10.52_BOOST_protocol_HPPC_IN21700_30T_cycle_#1575.mat
BOOST,1575,0.76704,2.29775,0.8446,3,discharge,3,-26.416,8.805,10.0,9.9,3.9306,3.1591,29.2058,02-16-22_10.52_BOOST_protocol_HPPC_IN21700_30T_cycle_#1575.mat
BOOST,1575,0.76704,2.29775,0.7682,4,discharge,0,-2.296,0.765,10.0,9.9,3.8376,3.7398,42.5884,02-16-22_10.52_BOOST_protocol_HPPC_IN21700_30T_cycle_#1575.mat
BOOST,1575,0.76704,2.29775,0.7682,4,discharge,1,-9.191,3.064,10.0,9.9,3.84,3.5087,36.0469,02-16-22_10.52_BOOST_protocol_HPPC_IN21700_30T_cycle_#1575.mat
BOOST,1575,0.76704,2.29775,0.7681,4,discharge,2,-18.378,6.126,10.0,9.9,3.8411,3.2659,31.2983,02-16-22_10.52_BOOST_protocol_HPPC_IN21700_30T_cycle_#1575.mat
BOOST,1575,0.76704,2.29775,0.7681,4,discharge,3,-26.416,8.805,10.0,9.9,3.8426,3.0754,29.043,02-16-22_10.52_BOOST_protocol_HPPC_IN21700_30T_cycle_#1575.mat
BOOST,1575,0.76704,2.29775,0.6917,5,discharge,0,-2.296,0.765,10.0,9.9,3.7586,3.6635,41.4144,02-16-22_10.52_BOOST_protocol_HPPC_IN21700_30T_cycle_#1575.mat
BOOST,1575,0.76704,2.29775,0.6916,5,discharge,1,-9.189,3.063,10.0,9.9,3.7607,3.4347,35.4787,02-16-22_10.52_BOOST_protocol_HPPC_IN21700_30T_cycle_#1575.mat
BOOST,1575,0.76704,2.29775,0.6916,5,discharge,2,-18.375,6.125,10.0,9.9,3.7631,3.1923,31.0639,02-16-22_10.52_BOOST_protocol_HPPC_IN21700_30T_cycle_#1575.mat
BOOST,1575,0.76704,2.29775,0.6915,5,discharge,3,-26.417,8.806,10.0,9.9,3.7655,2.9892,29.3864,02-16-22_10.52_BOOST_protocol_HPPC_IN21700_30T_cycle_#1575.mat
BOOST,1575,0.76704,2.29775,0.6151,6,discharge,0,-2.296,0.765,10.0,9.9,3.6799,3.5825,42.4161,02-16-22_10.52_BOOST_protocol_HPPC_IN21700_30T_cycle_#1575.mat
BOOST,1575,0.76704,2.29775,0.6151,6,discharge,1,-9.189,3.063,10.0,9.9,3.6819,3.348,36.3373,02-16-22_10.52_BOOST_protocol_HPPC_IN21700_30T_cycle_#1575.mat
BOOST,1575,0.76704,2.29775,0.615,6,discharge,2,-18.378,6.126,10.0,9.9,3.6841,3.0995,31.8098,02-16-22_10.52_BOOST_protocol_HPPC_IN21700_30T_cycle_#1575.mat
BOOST,1575,0.76704,2.29775,0.6149,6,discharge,3,-26.417,8.806,10.0,9.9,3.6867,2.9034,29.6514,02-16-22_10.52_BOOST_protocol_HPPC_IN21700_30T_cycle_#1575.mat
BOOST,1575,0.76704,2.29775,0.5386,7,discharge,0,-2.297,0.766,10.0,9.9,3.6209,3.5214,43.3249,02-16-22_10.52_BOOST_protocol_HPPC_IN21700_30T_cycle_#1575.mat
BOOST,1575,0.76704,2.29775,0.5385,7,discharge,1,-9.189,3.063,10.0,9.9,3.6224,3.2747,37.8387,02-16-22_10.52_BOOST_protocol_HPPC_IN21700_30T_cycle_#1575.mat
BOOST,1575,0.76704,2.29775,0.5384,7,discharge,2,-18.376,6.125,10.0,9.9,3.6241,3.012,33.3098,02-16-22_10.52_BOOST_protocol_HPPC_IN21700_30T_cycle_#1575.mat
BOOST,1575,0.76704,2.29775,0.5384,7,discharge,3,-26.416,8.805,10.0,9.9,3.6258,2.8015,31.2046,02-16-22_10.52_BOOST_protocol_HPPC_IN21700_30T_cycle_#1575.mat
BOOST,1575,0.76704,2.29775,0.462,8,discharge,0,-2.299,0.766,10.0,9.9,3.555,3.4446,48.0313,02-16-22_10.52_BOOST_protocol_HPPC_IN21700_30T_cycle_#1575.mat
BOOST,1575,0.76704,2.29775,0.4619,8,discharge,1,-9.189,3.063,10.0,9.9,3.5578,3.1749,41.6694,02-16-22_10.52_BOOST_protocol_HPPC_IN21700_30T_cycle_#1575.mat
BOOST,1575,0.76704,2.29775,0.4619,8,discharge,2,-18.378,6.126,10.0,9.9,3.5603,2.8769,37.1858,02-16-22_10.52_BOOST_protocol_HPPC_IN21700_30T_cycle_#1575.mat
BOOST,1575,0.76704,2.29775,0.4618,8,discharge,3,-26.415,8.805,10.0,9.9,3.563,2.6275,35.4155,02-16-22_10.52_BOOST_protocol_HPPC_IN21700_30T_cycle_#1575.mat
BOOST,1575,0.76704,2.29775,0.3854,9,discharge,0,-2.296,0.765,10.0,9.9,3.4783,3.3499,55.9209,02-16-22_10.52_BOOST_protocol_HPPC_IN21700_30T_cycle_#1575.mat
BOOST,1575,0.76704,2.29775,0.3853,9,discharge,1,-9.189,3.063,10.0,9.9,3.4803,3.0086,51.332,02-16-22_10.52_BOOST_protocol_HPPC_IN21700_30T_cycle_#1575.mat
BOOST,1575,0.76704,2.29775,0.3853,9,discharge,2,-18.376,6.125,10.0,9.9,3.4826,2.6102,47.475,02-16-22_10.52_BOOST_protocol_HPPC_IN21700_30T_cycle_#1575.mat
BOOST,1575,0.76704,2.29775,0.3852,9,discharge,3,-26.404,8.801,10.0,9.9,3.4867,2.4999,37.3731,02-16-22_10.52_BOOST_protocol_HPPC_IN21700_30T_cycle_#1575.mat
BOOST,1575,0.76704,2.29775,0.3471,10,discharge,0,-2.296,0.765,10.0,9.9,3.4433,3.2954,64.4052,02-16-22_10.52_BOOST_protocol_HPPC_IN21700_30T_cycle_#1575.mat
BOOST,1575,0.76704,2.29775,0.3471,10,discharge,1,-9.189,3.063,10.0,9.9,3.4442,2.8902,60.2875,02-16-22_10.52_BOOST_protocol_HPPC_IN21700_30T_cycle_#1575.mat
BOOST,1575,0.76704,2.29775,0.347,10,discharge,2,-18.376,6.125,10.0,9.9,3.4459,2.4999,51.4802,02-16-22_10.52_BOOST_protocol_HPPC_IN21700_30T_cycle_#1575.mat
BOOST,1575,0.76704,2.29775,0.3469,10,discharge,3,-21.955,7.318,10.0,9.9,3.4486,2.5,43.2066,02-16-22_10.52_BOOST_protocol_HPPC_IN21700_30T_cycle_#1575.mat
BOOST,1575,0.76704,2.29775,0.3088,11,discharge,0,-2.296,0.765,10.0,9.9,3.4094,3.2285,78.7755,02-16-22_10.52_BOOST_protocol_HPPC_IN21700_30T_cycle_#1575.mat
BOOST,1575,0.76704,2.29775,0.3088,11,discharge,1,-9.189,3.063,10.0,9.9,3.4109,2.7267,74.4586,02-16-22_10.52_BOOST_protocol_HPPC_IN21700_30T_cycle_#1575.mat
BOOST,1575,0.76704,2.29775,0.3087,11,discharge,2,-16.615,5.538,10.0,9.9,3.4151,2.5,55.0767,02-16-22_10.52_BOOST_protocol_HPPC_IN21700_30T_cycle_#1575.mat
BOOST,1575,0.76704,2.29775,0.3087,11,discharge,3,-15.569,5.19,10.0,9.9,3.4176,2.5,58.9376,02-16-22_10.52_BOOST_protocol_HPPC_IN21700_30T_cycle_#1575.mat
BOOST,1575,0.76704,2.29775,0.2706,12,discharge,0,-2.299,0.766,10.0,9.9,3.3648,3.1348,100.0609,02-16-22_10.52_BOOST_protocol_HPPC_IN21700_30T_cycle_#1575.mat
BOOST,1575,0.76704,2.29775,0.2705,12,discharge,1,-9.189,3.063,10.0,9.9,3.3674,2.5162,92.6305,02-16-22_10.52_BOOST_protocol_HPPC_IN21700_30T_cycle_#1575.mat
BOOST,1575,0.76704,2.29775,0.2704,12,discharge,2,-12.116,4.039,10.0,9.9,3.3762,2.4999,72.3259,02-16-22_10.52_BOOST_protocol_HPPC_IN21700_30T_cycle_#1575.mat
BOOST,1575,0.76704,2.29775,0.2704,12,discharge,3,-11.644,3.881,10.0,9.9,3.378,2.5,75.4036,02-16-22_10.52_BOOST_protocol_HPPC_IN21700_30T_cycle_#1575.mat
BOOST,1612,0.75891,2.27339,1.0,0,discharge,0,-2.272,0.757,10.0,9.7,4.0949,3.9466,65.2729,02-21-22_23.07_BOOST_protocol_HPPC_IN21700_30T_cycle_#1612.mat
BOOST,1612,0.75891,2.27339,0.9999,0,discharge,1,-9.088,3.029,10.0,9.9,4.1039,3.6785,46.81,02-21-22_23.07_BOOST_protocol_HPPC_IN21700_30T_cycle_#1612.mat
BOOST,1612,0.75891,2.27339,0.9999,0,discharge,2,-18.178,6.059,10.0,9.9,4.1028,3.4202,37.5509,02-21-22_23.07_BOOST_protocol_HPPC_IN21700_30T_cycle_#1612.mat
BOOST,1612,0.75891,2.27339,0.9993,0,discharge,3,-26.132,8.711,10.0,9.9,4.1023,3.2229,33.6522,02-21-22_23.07_BOOST_protocol_HPPC_IN21700_30T_cycle_#1612.mat
BOOST,1612,0.75891,2.27339,0.9591,1,discharge,0,-2.272,0.757,10.0,9.9,4.0707,3.9313,61.3556,02-21-22_23.07_BOOST_protocol_HPPC_IN21700_30T_cycle_#1612.mat
BOOST,1612,0.75891,2.27339,0.9591,1,discharge,1,-9.088,3.029,10.0,9.9,4.0715,3.6572,45.5881,02-21-22_23.07_BOOST_protocol_HPPC_IN21700_30T_cycle_#1612.mat
BOOST,1612,0.75891,2.27339,0.959,1,discharge,2,-18.179,6.06,10.0,9.9,4.073,3.3911,37.5103,02-21-22_23.07_BOOST_protocol_HPPC_IN21700_30T_cycle_#1612.mat
BOOST,1612,0.75891,2.27339,0.9589,1,discharge,3,-26.133,8.711,10.0,9.9,4.0757,3.1861,34.0413,02-21-22_23.07_BOOST_protocol_HPPC_IN21700_30T_cycle_#1612.mat
BOOST,1612,0.75891,2.27339,0.9213,2,discharge,0,-2.272,0.757,10.0,9.9,4.0262,3.8935,58.4067,02-21-22_23.07_BOOST_protocol_HPPC_IN21700_30T_cycle_#1612.mat
BOOST,1612,0.75891,2.27339,0.9212,2,discharge,1,-9.089,3.03,10.0,9.9,4.0271,3.6315,43.5232,02-21-22_23.07_BOOST_protocol_HPPC_IN21700_30T_cycle_#1612.mat
BOOST,1612,0.75891,2.27339,0.9211,2,discharge,2,-18.178,6.059,10.0,9.9,4.0299,3.378,35.862,02-21-22_23.07_BOOST_protocol_HPPC_IN21700_30T_cycle_#1612.mat
BOOST,1612,0.75891,2.27339,0.9211,2,discharge,3,-26.134,8.711,10.0,9.9,4.0336,3.1822,32.5783,02-21-22_23.07_BOOST_protocol_HPPC_IN21700_30T_cycle_#1612.mat
BOOST,1612,0.75891,2.27339,0.8455,3,discharge,0,-2.271,0.757,10.0,9.9,3.9161,3.8074,47.8707,02-21-22_23.07_BOOST_protocol_HPPC_IN21700_30T_cycle_#1612.mat
BOOST,1612,0.75891,2.27339,0.8455,3,discharge,1,-9.09,3.03,10.0,9.9,3.9177,3.5685,38.4167,02-21-22_23.07_BOOST_protocol_HPPC_IN21700_30T_cycle_#1612.mat
BOOST,1612,0.75891,2.27339,0.8454,3,discharge,2,-18.178,6.059,10.0,9.9,3.9197,3.3249,32.7209,02-21-22_23.07_BOOST_protocol_HPPC_IN21700_30T_cycle_#1612.mat
BOOST,1612,0.75891,2.27339,0.8453,3,discharge,3,-26.132,8.711,10.0,9.9,3.9224,3.1304,30.3077,02-21-22_23.07_BOOST_protocol_HPPC_IN21700_30T_cycle_#1612.mat
BOOST,1612,0.75891,2.27339,0.7698,4,discharge,0,-2.271,0.757,10.0,9.9,3.8286,3.724,46.061,02-21-22_23.07_BOOST_protocol_HPPC_IN21700_30T_cycle_#1612.mat
BOOST,1612,0.75891,2.27339,0.7697,4,discharge,1,-9.088,3.029,10.0,9.9,3.8304,3.4837,38.1492,02-21-22_23.07_BOOST_protocol_HPPC_IN21700_30T_cycle_#1612.mat
BOOST,1612,0.75891,2.27339,0.7696,4,discharge,2,-18.178,6.059,10.0,9.9,3.8321,3.2344,32.8804,02-21-22_23.07_BOOST_protocol_HPPC_IN21700_30T_cycle_#1612.mat
BOOST,1612,0.75891,2.27339,0.7696,4,discharge,3,-26.132,8.711,10.0,9.9,3.834,3.0394,30.4072,02-21-22_23.07_BOOST_protocol_HPPC_IN21700_30T_cycle_#1612.mat
BOOST,1612,0.75891,2.27339,0.694,5,discharge,0,-2.272,0.757,10.0,9.9,3.7483,3.6465,44.8044,02-21-22_23.07_BOOST_protocol_HPPC_IN21700_30T_cycle_#1612.mat
BOOST,1612,0.75891,2.27339,0.6939,5,discharge,1,-9.088,3.029,10.0,9.9,3.751,3.4081,37.7319,02-21-22_23.07_BOOST_protocol_HPPC_IN21700_30T_cycle_#1612.mat
BOOST,1612,0.75891,2.27339,0.6939,5,discharge,2,-18.178,6.059,10.0,9.9,3.7536,3.1615,32.5723,02-21-22_23.07_BOOST_protocol_HPPC_IN21700_30T_cycle_#1612.mat
BOOST,1612,0.75891,2.27339,0.6938,5,discharge,3,-26.133,8.711,10.0,9.9,3.7569,2.9692,30.142,02-21-22_23.07_BOOST_protocol_HPPC_IN21700_30T_cycle_#1612.mat
BOOST,1612,0.75891,2.27339,0.6183,6,discharge,0,-2.271,0.757,10.0,9.9,3.6727,3.5688,45.7568,02-21-22_23.07_BOOST_protocol_HPPC_IN21700_30T_cycle_#1612.mat
BOOST,1612,0.75891,2.27339,0.6182,6,discharge,1,-9.088,3.029,10.0,9.9,3.6746,3.3241,38.5656,02-21-22_23.07_BOOST_protocol_HPPC_IN21700_30T_cycle_#1612.mat
BOOST,1612,0.75891,2.27339,0.6182,6,discharge,2,-18.179,6.06,10.0,9.9,3.677,3.0679,33.5057,02-21-22_23.07_BOOST_protocol_HPPC_IN21700_30T_cycle_#1612.mat
BOOST,1612,0.75891,2.27339,0.6181,6,discharge,3,-26.131,8.71,10.0,9.9,3.6796,2.8666,31.1125,02-21-22_23.07_BOOST_protocol_HPPC_IN21700_30T_cycle_#1612.mat
BOOST,1612,0.75891,2.27339,0.5425,7,discharge,0,-2.27,0.757,10.0,9.9,3.6135,3.5079,46.5116,02-21-22_23.07_BOOST_protocol_HPPC_IN21700_30T_cycle_#1612.mat
BOOST,1612,0.75891,2.27339,0.5425,7,discharge,1,-9.09,3.03,10.0,9.9,3.6164,3.2547,39.7927,02-21-22_23.07_BOOST_protocol_HPPC_IN21700_30T_cycle_#1612.mat
BOOST,1612,0.75891,2.27339,0.5424,7,discharge,2,-18.178,6.059,10.0,9.9,3.6181,2.9881,34.6573,02-21-22_23.07_BOOST_protocol_HPPC_IN21700_30T_cycle_#1612.mat
BOOST,1612,0.75891,2.27339,0.5423,7,discharge,3,-26.133,8.711,10.0,9.9,3.6204,2.7783,32.2236,02-21-22_23.07_BOOST_protocol_HPPC_IN21700_30T_cycle_#1612.mat
BOOST,1612,0.75891,2.27339,0.4668,8,discharge,0,-2.271,0.757,10.0,9.9,3.5483,3.4277,53.1114,02-21-22_23.07_BOOST_protocol_HPPC_IN21700_30T_cycle_#1612.mat
BOOST,1612,0.75891,2.27339,0.4667,8,discharge,1,-9.088,3.029,10.0,9.9,3.5507,3.1411,45.0689,02-21-22_23.07_BOOST_protocol_HPPC_IN21700_30T_cycle_#1612.mat
BOOST,1612,0.75891,2.27339,0.4666,8,discharge,2,-18.179,6.06,10.0,9.9,3.5534,2.8271,39.9527,02-21-22_23.07_BOOST_protocol_HPPC_IN21700_30T_cycle_#1612.mat
BOOST,1612,0.75891,2.27339,0.4666,8,discharge,3,-26.131,8.71,10.0,9.9,3.5577,2.5623,38.0927,02-21-22_23.07_BOOST_protocol_HPPC_IN21700_30T_cycle_#1612.mat
BOOST,1612,0.75891,2.27339,0.391,9,discharge,0,-2.271,0.757,10.0,9.9,3.4713,3.3311,61.7376,02-21-22_23.07_BOOST_protocol_HPPC_IN21700_30T_cycle_#1612.mat
BOOST,1612,0.75891,2.27339,0.391,9,discharge,1,-9.09,3.03,10.0,9.9,3.4738,2.9746,54.9181,02-21-22_23.07_BOOST_protocol_HPPC_IN21700_30T_cycle_#1612.mat
BOOST,1612,0.75891,2.27339,0.3909,9,discharge,2,-18.178,6.059,10.0,9.9,3.4762,2.5735,49.6589,02-21-22_23.07_BOOST_protocol_HPPC_IN21700_30T_cycle_#1612.mat
BOOST,1612,0.75891,2.27339,0.3909,9,discharge,3,-25.668,8.556,10.0,9.9,3.4809,2.4999,38.2188,02-21-22_23.07_BOOST_protocol_HPPC_IN21700_30T_cycle_#1612.mat
BOOST,1612,0.75891,2.27339,0.3532,10,discharge,0,-2.272,0.757,10.0,9.9,3.4392,3.276,71.8215,02-21-22_23.07_BOOST_protocol_HPPC_IN21700_30T_cycle_#1612.mat
BOOST,1612,0.75891,2.27339,0.3531,10,discharge,1,-9.09,3.03,10.0,9.9,3.4401,2.8513,64.7738,02-21-22_23.07_BOOST_protocol_HPPC_IN21700_30T_cycle_#1612.mat
BOOST,1612,0.75891,2.27339,0.353,10,discharge,2,-18.176,6.059,10.0,9.9,3.4418,2.5,51.8156,02-21-22_23.07_BOOST_protocol_HPPC_IN21700_30T_cycle_#1612.mat
BOOST,1612,0.75891,2.27339,0.353,10,discharge,3,-20.238,6.746,10.0,9.9,3.4449,2.4999,46.6943,02-21-22_23.07_BOOST_protocol_HPPC_IN21700_30T_cycle_#1612.mat
BOOST,1612,0.75891,2.27339,0.3153,11,discharge,0,-2.271,0.757,10.0,9.9,3.4051,3.2017,89.5759,02-21-22_23.07_BOOST_protocol_HPPC_IN21700_30T_cycle_#1612.mat
BOOST,1612,0.75891,2.27339,0.3152,11,discharge,1,-9.089,3.03,10.0,9.9,3.4065,2.6963,78.1341,02-21-22_23.07_BOOST_protocol_HPPC_IN21700_30T_cycle_#1612.mat
BOOST,1612,0.75891,2.27339,0.3151,11,discharge,2,-16.035,5.345,10.0,9.9,3.4119,2.4999,56.8756,02-21-22_23.07_BOOST_protocol_HPPC_IN21700_30T_cycle_#1612.mat
BOOST,1612,0.75891,2.27339,0.3151,11,discharge,3,-15.486,5.162,10.0,9.9,3.4148,2.5,59.0727,02-21-22_23.07_BOOST_protocol_HPPC_IN21700_30T_cycle_#1612.mat
BOOST,1612,0.75891,2.27339,0.2774,12,discharge,0,-2.272,0.757,10.0,9.9,3.3606,3.1224,104.8277,02-21-22_23.07_BOOST_protocol_HPPC_IN21700_30T_cycle_#1612.mat
BOOST,1612,0.75891,2.27339,0.2774,12,discharge,1,-9.088,3.029,10.0,9.9,3.3632,2.4998,95.0044,02-21-22_23.07_BOOST_protocol_HPPC_IN21700_30T_cycle_#1612.mat
BOOST,1612,0.75891,2.27339,0.2773,12,discharge,2,-11.548,3.849,10.0,9.9,3.3726,2.5,75.5629,02-21-22_23.07_BOOST_protocol_HPPC_IN21700_30T_cycle_#1612.mat
BOOST,1612,0.75891,2.27339,0.2772,12,discharge,3,-11.075,3.692,10.0,9.9,3.3744,2.5,78.9526,02-21-22_23.07_BOOST_protocol_HPPC_IN21700_30T_cycle_#1612.mat
BOOST,1650,0.75197,2.25259,1.0,0,discharge,0,-2.255,0.752,10.0,9.7,4.0917,3.9347,69.6323,02-28-22_11.49_BOOST_protocol_HPPC_IN21700_30T_cycle_#1650.mat
BOOST,1650,0.75197,2.25259,0.9999,0,discharge,1,-9.017,3.006,10.0,9.9,4.1006,3.6553,49.3861,02-28-22_11.49_BOOST_protocol_HPPC_IN21700_30T_cycle_#1650.mat
BOOST,1650,0.75197,2.25259,0.9999,0,discharge,2,-18.03,6.01,10.0,9.9,4.0997,3.3861,39.5785,02-28-22_11.49_BOOST_protocol_HPPC_IN21700_30T_cycle_#1650.mat
BOOST,1650,0.75197,2.25259,0.9986,0,discharge,3,-25.915,8.638,10.0,9.9,4.0984,3.1811,35.3965,02-28-22_11.49_BOOST_protocol_HPPC_IN21700_30T_cycle_#1650.mat
BOOST,1650,0.75197,2.25259,0.958,1,discharge,0,-2.254,0.751,10.0,9.9,4.0662,3.9199,64.8953,02-28-22_11.49_BOOST_protocol_HPPC_IN21700_30T_cycle_#1650.mat
BOOST,1650,0.75197,2.25259,0.958,1,discharge,1,-9.014,3.005,10.0,9.9,4.0671,3.6432,47.0253,02-28-22_11.49_BOOST_protocol_HPPC_IN21700_30T_cycle_#1650.mat
BOOST,1650,0.75197,2.25259,0.9579,1,discharge,2,-18.029,6.01,10.0,9.9,4.069,3.3803,38.1996,02-28-22_11.49_BOOST_protocol_HPPC_IN21700_30T_cycle_#1650.mat
BOOST,1650,0.75197,2.25259,0.9578,1,discharge,3,-25.915,8.638,10.0,9.9,4.0716,3.1827,34.3006,02-28-22_11.49_BOOST_protocol_HPPC_IN21700_30T_cycle_#1650.mat
BOOST,1650,0.75197,2.25259,0.9205,2,discharge,0,-2.255,0.752,10.0,9.9,4.0138,3.8724,62.7134,02-28-22_11.49_BOOST_protocol_HPPC_IN21700_30T_cycle_#1650.mat
BOOST,1650,0.75197,2.25259,0.9204,2,discharge,1,-9.015,3.005,10.0,9.9,4.0154,3.6051,45.5145,02-28-22_11.49_BOOST_protocol_HPPC_IN21700_30T_cycle_#1650.mat
BOOST,1650,0.75197,2.25259,0.9203,2,discharge,2,-18.03,6.01,10.0,9.9,4.0176,3.3455,37.2768,02-28-22_11.49_BOOST_protocol_HPPC_IN21700_30T_cycle_#1650.mat
BOOST,1650,0.75197,2.25259,0.9203,2,discharge,3,-25.914,8.638,10.0,9.9,4.0213,3.1447,33.8273,02-28-22_11.49_BOOST_protocol_HPPC_IN21700_30T_cycle_#1650.mat
BOOST,1650,0.75197,2.25259,0.8454,3,discharge,0,-2.254,0.751,10.0,9.9,3.9063,3.7895,51.8121,02-28-22_11.49_BOOST_protocol_HPPC_IN21700_30T_cycle_#1650.mat
BOOST,1650,0.75197,2.25259,0.8453,3,discharge,1,-9.016,3.005,10.0,9.9,3.9081,3.5386,40.9813,02-28-22_11.49_BOOST_protocol_HPPC_IN21700_30T_cycle_#1650.mat
BOOST,1650,0.75197,2.25259,0.8452,3,discharge,2,-18.029,6.01,10.0,9.9,3.91,3.2848,34.6775,02-28-22_11.49_BOOST_protocol_HPPC_IN21700_30T_cycle_#1650.mat
BOOST,1650,0.75197,2.25259,0.8452,3,discharge,3,-25.916,8.639,10.0,9.9,3.9132,3.09,31.7642,02-28-22_11.49_BOOST_protocol_HPPC_IN21700_30T_cycle_#1650.mat
BOOST,1650,0.75197,2.25259,0.7702,4,discharge,0,-2.253,0.751,10.0,9.9,3.8174,3.7066,49.1832,02-28-22_11.49_BOOST_protocol_HPPC_IN21700_30T_cycle_#1650.mat
BOOST,1650,0.75197,2.25259,0.7702,4,discharge,1,-9.013,3.004,10.0,9.9,3.8193,3.4562,40.2871,02-28-22_11.49_BOOST_protocol_HPPC_IN21700_30T_cycle_#1650.mat
BOOST,1650,0.75197,2.25259,0.7701,4,discharge,2,-18.03,6.01,10.0,9.9,3.8207,3.1996,34.4481,02-28-22_11.49_BOOST_protocol_HPPC_IN21700_30T_cycle_#1650.mat
BOOST,1650,0.75197,2.25259,0.77,4,discharge,3,-25.916,8.639,10.0,9.9,3.8239,2.9999,31.795,02-28-22_11.49_BOOST_protocol_HPPC_IN21700_30T_cycle_#1650.mat
BOOST,1650,0.75197,2.25259,0.6951,5,discharge,0,-2.252,0.751,10.0,9.9,3.7366,3.6265,48.8855,02-28-22_11.49_BOOST_protocol_HPPC_IN21700_30T_cycle_#1650.mat
BOOST,1650,0.75197,2.25259,0.6951,5,discharge,1,-9.016,3.005,10.0,9.9,3.7394,3.376,40.3052,02-28-22_11.49_BOOST_protocol_HPPC_IN21700_30T_cycle_#1650.mat
BOOST,1650,0.75197,2.25259,0.695,5,discharge,2,-18.028,6.009,10.0,9.9,3.7424,3.12,34.5241,02-28-22_11.49_BOOST_protocol_HPPC_IN21700_30T_cycle_#1650.mat
BOOST,1650,0.75197,2.25259,0.6949,5,discharge,3,-25.916,8.639,10.0,9.9,3.7461,2.9231,31.7564,02-28-22_11.49_BOOST_protocol_HPPC_IN21700_30T_cycle_#1650.mat
BOOST,1650,0.75197,2.25259,0.62,6,discharge,0,-2.255,0.752,10.0,9.9,3.6646,3.5524,49.7649,02-28-22_11.49_BOOST_protocol_HPPC_IN21700_30T_cycle_#1650.mat
BOOST,1650,0.75197,2.25259,0.62,6,discharge,1,-9.015,3.005,10.0,9.9,3.6664,3.2914,41.5987,02-28-22_11.49_BOOST_protocol_HPPC_IN21700_30T_cycle_#1650.mat
BOOST,1650,0.75197,2.25259,0.6199,6,discharge,2,-18.028,6.009,10.0,9.9,3.6687,3.0261,35.6446,02-28-22_11.49_BOOST_protocol_HPPC_IN21700_30T_cycle_#1650.mat
BOOST,1650,0.75197,2.25259,0.6198,6,discharge,3,-25.916,8.639,10.0,9.9,3.6716,2.8275,32.5706,02-28-22_11.49_BOOST_protocol_HPPC_IN21700_30T_cycle_#1650.mat
BOOST,1650,0.75197,2.25259,0.5449,7,discharge,0,-2.254,0.751,10.0,9.9,3.607,3.4906,51.6324,02-28-22_11.49_BOOST_protocol_HPPC_IN21700_30T_cycle_#1650.mat
BOOST,1650,0.75197,2.25259,0.5448,7,discharge,1,-9.014,3.005,10.0,9.9,3.6089,3.2216,42.9641,02-28-22_11.49_BOOST_protocol_HPPC_IN21700_30T_cycle_#1650.mat
BOOST,1650,0.75197,2.25259,0.5448,7,discharge,2,-18.027,6.009,10.0,9.9,3.611,2.9431,37.05,02-28-22_11.49_BOOST_protocol_HPPC_IN21700_30T_cycle_#1650.mat
BOOST,1650,0.75197,2.25259,0.5447,7,discharge,3,-25.914,8.638,10.0,9.9,3.6136,2.7253,34.2788,02-28-22_11.49_BOOST_protocol_HPPC_IN21700_30T_cycle_#1650.mat
BOOST,1650,0.75197,2.25259,0.4698,8,discharge,0,-2.253,0.751,10.0,9.9,3.5415,3.413,57.0401,02-28-22_11.49_BOOST_protocol_HPPC_IN21700_30T_cycle_#1650.mat
BOOST,1650,0.75197,2.25259,0.4697,8,discharge,1,-9.015,3.005,10.0,9.9,3.5438,3.1083,48.3094,02-28-22_11.49_BOOST_protocol_HPPC_IN21700_30T_cycle_#1650.mat
BOOST,1650,0.75197,2.25259,0.4697,8,discharge,2,-18.028,6.009,10.0,9.9,3.5461,2.7811,42.434,02-28-22_11.49_BOOST_protocol_HPPC_IN21700_30T_cycle_#1650.mat
BOOST,1650,0.75197,2.25259,0.4696,8,discharge,3,-25.916,8.639,10.0,9.9,3.5513,2.506,40.3342,02-28-22_11.49_BOOST_protocol_HPPC_IN21700_30T_cycle_#1650.mat
BOOST,1650,0.75197,2.25259,0.3947,9,discharge,0,-2.255,0.752,10.0,9.9,3.4638,3.3086,68.8309,02-28-22_11.49_BOOST_protocol_HPPC_IN21700_30T_cycle_#1650.mat
BOOST,1650,0.75197,2.25259,0.3946,9,discharge,1,-9.015,3.005,10.0,9.9,3.4662,2.9289,59.6033,02-28-22_11.49_BOOST_protocol_HPPC_IN21700_30T_cycle_#1650.mat
BOOST,1650,0.75197,2.25259,0.3945,9,discharge,2,-18.029,6.01,10.0,9.9,3.4691,2.5117,53.1033,02-28-22_11.49_BOOST_protocol_HPPC_IN21700_30T_cycle_#1650.mat
BOOST,1650,0.75197,2.25259,0.3945,9,discharge,3,-23.799,7.933,10.0,9.9,3.4741,2.4999,40.9345,02-28-22_11.49_BOOST_protocol_HPPC_IN21700_30T_cycle_#1650.mat
BOOST,1650,0.75197,2.25259,0.3571,10,discharge,0,-2.255,0.752,10.0,9.9,3.4332,3.2555,78.8027,02-28-22_11.49_BOOST_protocol_HPPC_IN21700_30T_cycle_#1650.mat
BOOST,1650,0.75197,2.25259,0.3571,10,discharge,1,-9.017,3.006,10.0,9.9,3.4342,2.8091,69.3246,02-28-22_11.49_BOOST_protocol_HPPC_IN21700_30T_cycle_#1650.mat
BOOST,1650,0.75197,2.25259,0.357,10,discharge,2,-18.024,6.008,10.0,9.9,3.4366,2.4999,51.9696,02-28-22_11.49_BOOST_protocol_HPPC_IN21700_30T_cycle_#1650.mat
BOOST,1650,0.75197,2.25259,0.3569,10,discharge,3,-18.652,6.217,10.0,9.9,3.4396,2.5,50.3753,02-28-22_11.49_BOOST_protocol_HPPC_IN21700_30T_cycle_#1650.mat
BOOST,1650,0.75197,2.25259,0.3195,11,discharge,0,-2.255,0.752,10.0,9.9,3.3996,3.1765,98.9445,02-28-22_11.49_BOOST_protocol_HPPC_IN21700_30T_cycle_#1650.mat
BOOST,1650,0.75197,2.25259,0.3195,11,discharge,1,-9.015,3.005,10.0,9.9,3.4013,2.6545,82.8434,02-28-22_11.49_BOOST_protocol_HPPC_IN21700_30T_cycle_#1650.mat
BOOST,1650,0.75197,2.25259,0.3194,11,discharge,2,-14.784,4.928,10.0,9.9,3.4077,2.5,61.3975,02-28-22_11.49_BOOST_protocol_HPPC_IN21700_30T_cycle_#1650.mat
BOOST,1650,0.75197,2.25259,0.3194,11,discharge,3,-14.302,4.767,10.0,9.9,3.4107,2.5,63.6764,02-28-22_11.49_BOOST_protocol_HPPC_IN21700_30T_cycle_#1650.mat
BOOST,1650,0.75197,2.25259,0.282,12,discharge,0,-2.253,0.751,10.0,9.9,3.3514,3.1036,109.9964,02-28-22_11.49_BOOST_protocol_HPPC_IN21700_30T_cycle_#1650.mat
BOOST,1650,0.75197,2.25259,0.2819,12,discharge,1,-9.017,3.006,10.0,9.9,3.3547,2.4999,94.8029,02-28-22_11.49_BOOST_protocol_HPPC_IN21700_30T_cycle_#1650.mat
BOOST,1650,0.75197,2.25259,0.2819,12,discharge,2,-10.767,3.589,10.0,9.9,3.3647,2.4999,80.3195,02-28-22_11.49_BOOST_protocol_HPPC_IN21700_30T_cycle_#1650.mat
BOOST,1650,0.75197,2.25259,0.2818,12,discharge,3,-10.167,3.389,10.0,9.9,3.3663,2.5,85.207,02-28-22_11.49_BOOST_protocol_HPPC_IN21700_30T_cycle_#1650.mat
BOOST,1687,0.74426,2.22951,1.0,0,discharge,0,-2.23,0.743,10.0,9.7,4.0895,3.9273,72.7224,03-06-22_01.52_BOOST_protocol_HPPC_IN21700_30T_cycle_#1687.mat
BOOST,1687,0.74426,2.22951,0.9999,0,discharge,1,-8.917,2.972,10.0,9.9,4.0985,3.6425,51.1377,03-06-22_01.52_BOOST_protocol_HPPC_IN21700_30T_cycle_#1687.mat
BOOST,1687,0.74426,2.22951,0.9999,0,discharge,2,-17.834,5.945,10.0,9.9,4.0976,3.3692,40.8433,03-06-22_01.52_BOOST_protocol_HPPC_IN21700_30T_cycle_#1687.mat
BOOST,1687,0.74426,2.22951,0.9984,0,discharge,3,-25.637,8.546,10.0,9.9,4.0961,3.1642,36.3498,03-06-22_01.52_BOOST_protocol_HPPC_IN21700_30T_cycle_#1687.mat
BOOST,1687,0.74426,2.22951,0.958,1,discharge,0,-2.231,0.744,10.0,9.9,4.0616,3.9054,70.026,03-06-22_01.52_BOOST_protocol_HPPC_IN21700_30T_cycle_#1687.mat
BOOST,1687,0.74426,2.22951,0.958,1,discharge,1,-8.918,2.973,10.0,9.9,4.0635,3.6164,50.1357,03-06-22_01.52_BOOST_protocol_HPPC_IN21700_30T_cycle_#1687.mat
BOOST,1687,0.74426,2.22951,0.9579,1,discharge,2,-17.835,5.945,10.0,9.9,4.0657,3.3426,40.5439,03-06-22_01.52_BOOST_protocol_HPPC_IN21700_30T_cycle_#1687.mat
BOOST,1687,0.74426,2.22951,0.9578,1,discharge,3,-25.638,8.546,10.0,9.9,4.07,3.1364,36.4147,03-06-22_01.52_BOOST_protocol_HPPC_IN21700_30T_cycle_#1687.mat
BOOST,1687,0.74426,2.22951,0.9209,2,discharge,0,-2.228,0.743,10.0,9.9,4.0056,3.8615,64.6623,03-06-22_01.52_BOOST_protocol_HPPC_IN21700_30T_cycle_#1687.mat
BOOST,1687,0.74426,2.22951,0.9208,2,discharge,1,-8.917,2.972,10.0,9.9,4.0072,3.5877,47.046,03-06-22_01.52_BOOST_protocol_HPPC_IN21700_30T_cycle_#1687.mat
BOOST,1687,0.74426,2.22951,0.9207,2,discharge,2,-17.834,5.945,10.0,9.9,4.0095,3.3241,38.4322,03-06-22_01.52_BOOST_protocol_HPPC_IN21700_30T_cycle_#1687.mat
BOOST,1687,0.74426,2.22951,0.9207,2,discharge,3,-25.637,8.546,10.0,9.9,4.0135,3.1239,34.6998,03-06-22_01.52_BOOST_protocol_HPPC_IN21700_30T_cycle_#1687.mat
BOOST,1687,0.74426,2.22951,0.8465,3,discharge,0,-2.229,0.743,10.0,9.9,3.8991,3.7751,55.6303,03-06-22_01.52_BOOST_protocol_HPPC_IN21700_30T_cycle_#1687.mat
BOOST,1687,0.74426,2.22951,0.8465,3,discharge,1,-8.918,2.973,10.0,9.9,3.9009,3.5099,43.8454,03-06-22_01.52_BOOST_protocol_HPPC_IN21700_30T_cycle_#1687.mat
BOOST,1687,0.74426,2.22951,0.8464,3,discharge,2,-17.835,5.945,10.0,9.9,3.9029,3.2371,37.3311,03-06-22_01.52_BOOST_protocol_HPPC_IN21700_30T_cycle_#1687.mat
BOOST,1687,0.74426,2.22951,0.8464,3,discharge,3,-25.637,8.546,10.0,9.9,3.9068,3.0459,33.5804,03-06-22_01.52_BOOST_protocol_HPPC_IN21700_30T_cycle_#1687.mat
BOOST,1687,0.74426,2.22951,0.7722,4,discharge,0,-2.229,0.743,10.0,9.9,3.8084,3.692,52.2231,03-06-22_01.52_BOOST_protocol_HPPC_IN21700_30T_cycle_#1687.mat
BOOST,1687,0.74426,2.22951,0.7722,4,discharge,1,-8.918,2.973,10.0,9.9,3.8115,3.4333,42.411,03-06-22_01.52_BOOST_protocol_HPPC_IN21700_30T_cycle_#1687.mat
BOOST,1687,0.74426,2.22951,0.7721,4,discharge,2,-17.832,5.944,10.0,9.9,3.8134,3.1713,36.0083,03-06-22_01.52_BOOST_protocol_HPPC_IN21700_30T_cycle_#1687.mat
BOOST,1687,0.74426,2.22951,0.7722,4,discharge,3,-25.637,8.546,10.0,9.9,3.8411,3.0001,32.8042,03-06-22_01.52_BOOST_protocol_HPPC_IN21700_30T_cycle_#1687.mat
BOOST,1687,0.74426,2.22951,0.6979,5,discharge,0,-2.229,0.743,10.0,9.9,3.743,3.6237,53.529,03-06-22_01.52_BOOST_protocol_HPPC_IN21700_30T_cycle_#1687.mat
BOOST,1687,0.74426,2.22951,0.6979,5,discharge,1,-8.918,2.973,10.0,9.9,3.7453,3.3623,42.9488,03-06-22_01.52_BOOST_protocol_HPPC_IN21700_30T_cycle_#1687.mat
BOOST,1687,0.74426,2.22951,0.6978,5,discharge,2,-17.834,5.945,10.0,9.9,3.7472,3.0994,36.3239,03-06-22_01.52_BOOST_protocol_HPPC_IN21700_30T_cycle_#1687.mat
BOOST,1687,0.74426,2.22951,0.6977,5,discharge,3,-25.638,8.546,10.0,9.9,3.7511,2.8985,33.2553,03-06-22_01.52_BOOST_protocol_HPPC_IN21700_30T_cycle_#1687.mat
BOOST,1687,0.74426,2.22951,0.6236,6,discharge,0,-2.229,0.743,10.0,9.9,3.6641,3.5492,51.5547,03-06-22_01.52_BOOST_protocol_HPPC_IN21700_30T_cycle_#1687.mat
BOOST,1687,0.74426,2.22951,0.6236,6,discharge,1,-8.918,2.973,10.0,9.9,3.6663,3.2902,42.175,03-06-22_01.52_BOOST_protocol_HPPC_IN21700_30T_cycle_#1687.mat
BOOST,1687,0.74426,2.22951,0.6235,6,discharge,2,-17.833,5.944,10.0,9.9,3.6679,3.0269,35.9446,03-06-22_01.52_BOOST_protocol_HPPC_IN21700_30T_cycle_#1687.mat
BOOST,1687,0.74426,2.22951,0.6234,6,discharge,3,-25.638,8.546,10.0,9.9,3.6717,2.8266,32.9628,03-06-22_01.52_BOOST_protocol_HPPC_IN21700_30T_cycle_#1687.mat
BOOST,1687,0.74426,2.22951,0.5493,7,discharge,0,-2.229,0.743,10.0,9.9,3.6036,3.4804,55.2764,03-06-22_01.52_BOOST_protocol_HPPC_IN21700_30T_cycle_#1687.mat
BOOST,1687,0.74426,2.22951,0.5493,7,discharge,1,-8.918,2.973,10.0,9.9,3.6066,3.2012,45.4576,03-06-22_01.52_BOOST_protocol_HPPC_IN21700_30T_cycle_#1687.mat
BOOST,1687,0.74426,2.22951,0.5492,7,discharge,2,-17.833,5.944,10.0,9.9,3.6088,2.9159,38.8549,03-06-22_01.52_BOOST_protocol_HPPC_IN21700_30T_cycle_#1687.mat
BOOST,1687,0.74426,2.22951,0.5491,7,discharge,3,-25.636,8.545,10.0,9.9,3.6108,2.6929,35.8051,03-06-22_01.52_BOOST_protocol_HPPC_IN21700_30T_cycle_#1687.mat
BOOST,1687,0.74426,2.22951,0.475,8,discharge,0,-2.229,0.743,10.0,9.9,3.537,3.4022,60.4755,03-06-22_01.52_BOOST_protocol_HPPC_IN21700_30T_cycle_#1687.mat
BOOST,1687,0.74426,2.22951,0.4749,8,discharge,1,-8.916,2.972,10.0,9.9,3.54,3.0935,50.0791,03-06-22_01.52_BOOST_protocol_HPPC_IN21700_30T_cycle_#1687.mat
BOOST,1687,0.74426,2.22951,0.4749,8,discharge,2,-17.833,5.944,10.0,9.9,3.5433,2.7694,43.3971,03-06-22_01.52_BOOST_protocol_HPPC_IN21700_30T_cycle_#1687.mat
BOOST,1687,0.74426,2.22951,0.4748,8,discharge,3,-25.638,8.546,10.0,9.9,3.5486,2.5053,40.6935,03-06-22_01.52_BOOST_protocol_HPPC_IN21700_30T_cycle_#1687.mat
BOOST,1687,0.74426,2.22951,0.4007,9,discharge,0,-2.229,0.743,10.0,9.9,3.4611,3.2957,74.207,03-06-22_01.52_BOOST_protocol_HPPC_IN21700_30T_cycle_#1687.mat
BOOST,1687,0.74426,2.22951,0.4006,9,discharge,1,-8.916,2.972,10.0,9.9,3.4636,2.9052,62.6276,03-06-22_01.52_BOOST_protocol_HPPC_IN21700_30T_cycle_#1687.mat
BOOST,1687,0.74426,2.22951,0.4006,9,discharge,2,-17.835,5.945,10.0,9.9,3.4668,2.4999,54.2136,03-06-22_01.52_BOOST_protocol_HPPC_IN21700_30T_cycle_#1687.mat
BOOST,1687,0.74426,2.22951,0.4005,9,discharge,3,-22.651,7.55,10.0,9.9,3.4721,2.4999,42.9208,03-06-22_01.52_BOOST_protocol_HPPC_IN21700_30T_cycle_#1687.mat
BOOST,1687,0.74426,2.22951,0.3635,10,discharge,0,-2.229,0.743,10.0,9.9,3.4312,3.2417,85.0195,03-06-22_01.52_BOOST_protocol_HPPC_IN21700_30T_cycle_#1687.mat
BOOST,1687,0.74426,2.22951,0.3635,10,discharge,1,-8.918,2.973,10.0,9.9,3.4325,2.7982,71.1274,03-06-22_01.52_BOOST_protocol_HPPC_IN21700_30T_cycle_#1687.mat
BOOST,1687,0.74426,2.22951,0.3634,10,discharge,2,-17.832,5.944,10.0,9.9,3.4353,2.5,52.4507,03-06-22_01.52_BOOST_protocol_HPPC_IN21700_30T_cycle_#1687.mat
BOOST,1687,0.74426,2.22951,0.3633,10,discharge,3,-18.605,6.202,10.0,9.9,3.4389,2.5,50.4649,03-06-22_01.52_BOOST_protocol_HPPC_IN21700_30T_cycle_#1687.mat
BOOST,1687,0.74426,2.22951,0.3264,11,discharge,0,-2.231,0.744,10.0,9.9,3.3985,3.1672,103.6894,03-06-22_01.52_BOOST_protocol_HPPC_IN21700_30T_cycle_#1687.mat
BOOST,1687,0.74426,2.22951,0.3263,11,discharge,1,-8.918,2.973,10.0,9.9,3.4003,2.6474,84.4276,03-06-22_01.52_BOOST_protocol_HPPC_IN21700_30T_cycle_#1687.mat
BOOST,1687,0.74426,2.22951,0.3263,11,discharge,2,-14.435,4.812,10.0,9.9,3.4072,2.5,62.8472,03-06-22_01.52_BOOST_protocol_HPPC_IN21700_30T_cycle_#1687.mat
BOOST,1687,0.74426,2.22951,0.3262,11,discharge,3,-13.926,4.642,10.0,9.9,3.4102,2.5,65.3598,03-06-22_01.52_BOOST_protocol_HPPC_IN21700_30T_cycle_#1687.mat
BOOST,1687,0.74426,2.22951,0.2892,12,discharge,0,-2.229,0.743,10.0,9.9,3.35,3.0901,116.6046,03-06-22_01.52_BOOST_protocol_HPPC_IN21700_30T_cycle_#1687.mat
BOOST,1687,0.74426,2.22951,0.2892,12,discharge,1,-8.918,2.973,10.0,9.9,3.3533,2.4998,95.7107,03-06-22_01.52_BOOST_protocol_HPPC_IN21700_30T_cycle_#1687.mat
BOOST,1687,0.74426,2.22951,0.2891,12,discharge,2,-10.706,3.569,10.0,9.9,3.3637,2.5,80.6744,03-06-22_01.52_BOOST_protocol_HPPC_IN21700_30T_cycle_#1687.mat
BOOST,1687,0.74426,2.22951,0.289,12,discharge,3,-10.378,3.459,10.0,9.9,3.3659,2.5,83.4361,03-06-22_01.52_BOOST_protocol_HPPC_IN21700_30T_cycle_#1687.mat
BOOST,1725,0.73295,2.19563,1.0,0,discharge,0,-2.197,0.732,10.0,9.7,4.087,3.9143,78.6036,03-16-22_09.17_BOOST_protocol_HPPC_IN21700_30T_cycle_#1725.mat
BOOST,1725,0.73295,2.19563,0.9999,0,discharge,1,-8.786,2.929,10.0,9.9,4.0957,3.6178,54.3909,03-16-22_09.17_BOOST_protocol_HPPC_IN21700_30T_cycle_#1725.mat
BOOST,1725,0.73295,2.19563,0.9999,0,discharge,2,-17.572,5.857,10.0,9.9,4.0943,3.3368,43.1084,03-16-22_09.17_BOOST_protocol_HPPC_IN21700_30T_cycle_#1725.mat
BOOST,1725,0.73295,2.19563,0.9975,0,discharge,3,-25.259,8.42,10.0,9.9,4.0926,3.1291,38.1448,03-16-22_09.17_BOOST_protocol_HPPC_IN21700_30T_cycle_#1725.mat
BOOST,1725,0.73295,2.19563,0.9571,1,discharge,0,-2.197,0.732,10.0,9.9,4.0564,3.8923,74.686,03-16-22_09.17_BOOST_protocol_HPPC_IN21700_30T_cycle_#1725.mat
BOOST,1725,0.73295,2.19563,0.957,1,discharge,1,-8.787,2.929,10.0,9.9,4.0576,3.5934,52.8292,03-16-22_09.17_BOOST_protocol_HPPC_IN21700_30T_cycle_#1725.mat
BOOST,1725,0.73295,2.19563,0.957,1,discharge,2,-17.573,5.858,10.0,9.9,4.0597,3.307,42.8328,03-16-22_09.17_BOOST_protocol_HPPC_IN21700_30T_cycle_#1725.mat
BOOST,1725,0.73295,2.19563,0.9569,1,discharge,3,-25.259,8.42,10.0,9.9,4.0642,3.1049,37.9785,03-16-22_09.17_BOOST_protocol_HPPC_IN21700_30T_cycle_#1725.mat
BOOST,1725,0.73295,2.19563,0.9205,2,discharge,0,-2.197,0.732,10.0,9.9,3.9927,3.8433,68.0018,03-16-22_09.17_BOOST_protocol_HPPC_IN21700_30T_cycle_#1725.mat
BOOST,1725,0.73295,2.19563,0.9204,2,discharge,1,-8.787,2.929,10.0,9.9,3.9945,3.5623,49.1891,03-16-22_09.17_BOOST_protocol_HPPC_IN21700_30T_cycle_#1725.mat
BOOST,1725,0.73295,2.19563,0.9204,2,discharge,2,-17.572,5.857,10.0,9.9,3.9977,3.2929,40.1093,03-16-22_09.17_BOOST_protocol_HPPC_IN21700_30T_cycle_#1725.mat
BOOST,1725,0.73295,2.19563,0.9203,2,discharge,3,-25.259,8.42,10.0,9.9,4.002,3.0903,36.0941,03-16-22_09.17_BOOST_protocol_HPPC_IN21700_30T_cycle_#1725.mat
BOOST,1725,0.73295,2.19563,0.8473,3,discharge,0,-2.197,0.732,10.0,9.9,3.8878,3.7634,56.6175,03-16-22_09.17_BOOST_protocol_HPPC_IN21700_30T_cycle_#1725.mat
BOOST,1725,0.73295,2.19563,0.8472,3,discharge,1,-8.786,2.929,10.0,9.9,3.89,3.5027,44.0795,03-16-22_09.17_BOOST_protocol_HPPC_IN21700_30T_cycle_#1725.mat
BOOST,1725,0.73295,2.19563,0.8471,3,discharge,2,-17.572,5.857,10.0,9.9,3.8921,3.2393,37.15,03-16-22_09.17_BOOST_protocol_HPPC_IN21700_30T_cycle_#1725.mat
BOOST,1725,0.73295,2.19563,0.8471,3,discharge,3,-25.258,8.419,10.0,9.9,3.8963,3.0302,34.2901,03-16-22_09.17_BOOST_protocol_HPPC_IN21700_30T_cycle_#1725.mat
BOOST,1725,0.73295,2.19563,0.7741,4,discharge,0,-2.197,0.732,10.0,9.9,3.7995,3.6754,56.4784,03-16-22_09.17_BOOST_protocol_HPPC_IN21700_30T_cycle_#1725.mat
BOOST,1725,0.73295,2.19563,0.774,4,discharge,1,-8.787,2.929,10.0,9.9,3.8016,3.4083,44.7613,03-16-22_09.17_BOOST_protocol_HPPC_IN21700_30T_cycle_#1725.mat
BOOST,1725,0.73295,2.19563,0.7739,4,discharge,2,-17.57,5.857,10.0,9.9,3.8054,3.1415,37.786,03-16-22_09.17_BOOST_protocol_HPPC_IN21700_30T_cycle_#1725.mat
BOOST,1725,0.73295,2.19563,0.7739,4,discharge,3,-25.26,8.42,10.0,9.9,3.8083,2.9403,34.3626,03-16-22_09.17_BOOST_protocol_HPPC_IN21700_30T_cycle_#1725.mat
BOOST,1725,0.73295,2.19563,0.7008,5,discharge,0,-2.197,0.732,10.0,9.9,3.7203,3.6007,54.4329,03-16-22_09.17_BOOST_protocol_HPPC_IN21700_30T_cycle_#1725.mat
BOOST,1725,0.73295,2.19563,0.7008,5,discharge,1,-8.784,2.928,10.0,9.9,3.7244,3.3375,44.045,03-16-22_09.17_BOOST_protocol_HPPC_IN21700_30T_cycle_#1725.mat
BOOST,1725,0.73295,2.19563,0.7007,5,discharge,2,-17.572,5.857,10.0,9.9,3.7283,3.0743,37.2183,03-16-22_09.17_BOOST_protocol_HPPC_IN21700_30T_cycle_#1725.mat
BOOST,1725,0.73295,2.19563,0.7006,5,discharge,3,-25.259,8.42,10.0,9.9,3.7326,2.8635,34.4075,03-16-22_09.17_BOOST_protocol_HPPC_IN21700_30T_cycle_#1725.mat
BOOST,1725,0.73295,2.19563,0.6276,6,discharge,0,-2.197,0.732,10.0,9.9,3.6531,3.5279,56.9816,03-16-22_09.17_BOOST_protocol_HPPC_IN21700_30T_cycle_#1725.mat
BOOST,1725,0.73295,2.19563,0.6276,6,discharge,1,-8.787,2.929,10.0,9.9,3.6549,3.2538,45.6491,03-16-22_09.17_BOOST_protocol_HPPC_IN21700_30T_cycle_#1725.mat
BOOST,1725,0.73295,2.19563,0.6275,6,discharge,2,-17.572,5.857,10.0,9.9,3.6576,2.9796,38.5841,03-16-22_09.17_BOOST_protocol_HPPC_IN21700_30T_cycle_#1725.mat
BOOST,1725,0.73295,2.19563,0.6274,6,discharge,3,-25.26,8.42,10.0,9.9,3.6619,2.7737,35.1623,03-16-22_09.17_BOOST_protocol_HPPC_IN21700_30T_cycle_#1725.mat
BOOST,1725,0.73295,2.19563,0.5544,7,discharge,0,-2.197,0.732,10.0,9.9,3.5973,3.4689,58.438,03-16-22_09.17_BOOST_protocol_HPPC_IN21700_30T_cycle_#1725.mat
BOOST,1725,0.73295,2.19563,0.5543,7,discharge,1,-8.786,2.929,10.0,9.9,3.6007,3.1834,47.4949,03-16-22_09.17_BOOST_protocol_HPPC_IN21700_30T_cycle_#1725.mat
BOOST,1725,0.73295,2.19563,0.5543,7,discharge,2,-17.572,5.857,10.0,9.9,3.6033,2.8979,40.1434,03-16-22_09.17_BOOST_protocol_HPPC_IN21700_30T_cycle_#1725.mat
BOOST,1725,0.73295,2.19563,0.5542,7,discharge,3,-25.259,8.42,10.0,9.9,3.6064,2.6664,37.2145,03-16-22_09.17_BOOST_protocol_HPPC_IN21700_30T_cycle_#1725.mat
BOOST,1725,0.73295,2.19563,0.4812,8,discharge,0,-2.197,0.732,10.0,9.9,3.5306,3.3818,67.7287,03-16-22_09.17_BOOST_protocol_HPPC_IN21700_30T_cycle_#1725.mat
BOOST,1725,0.73295,2.19563,0.4811,8,discharge,1,-8.787,2.929,10.0,9.9,3.5329,3.0539,54.5148,03-16-22_09.17_BOOST_protocol_HPPC_IN21700_30T_cycle_#1725.mat
BOOST,1725,0.73295,2.19563,0.4811,8,discharge,2,-17.572,5.857,10.0,9.9,3.5375,2.7169,46.6993,03-16-22_09.17_BOOST_protocol_HPPC_IN21700_30T_cycle_#1725.mat
BOOST,1725,0.73295,2.19563,0.481,8,discharge,3,-25.26,8.42,10.0,9.9,3.5427,2.4999,41.2827,03-16-22_09.17_BOOST_protocol_HPPC_IN21700_30T_cycle_#1725.mat
BOOST,1725,0.73295,2.19563,0.4079,9,discharge,0,-2.197,0.732,10.0,9.9,3.4573,3.284,78.8767,03-16-22_09.17_BOOST_protocol_HPPC_IN21700_30T_cycle_#1725.mat
BOOST,1725,0.73295,2.19563,0.4079,9,discharge,1,-8.787,2.929,10.0,9.9,3.4601,2.8946,64.3586,03-16-22_09.17_BOOST_protocol_HPPC_IN21700_30T_cycle_#1725.mat
BOOST,1725,0.73295,2.19563,0.4078,9,discharge,2,-17.573,5.858,10.0,9.9,3.4635,2.4999,54.8341,03-16-22_09.17_BOOST_protocol_HPPC_IN21700_30T_cycle_#1725.mat
BOOST,1725,0.73295,2.19563,0.4078,9,discharge,3,-21.352,7.117,10.0,9.9,3.4691,2.4999,45.3915,03-16-22_09.17_BOOST_protocol_HPPC_IN21700_30T_cycle_#1725.mat
BOOST,1725,0.73295,2.19563,0.3714,10,discharge,0,-2.199,0.733,10.0,9.9,3.4283,3.2198,94.8115,03-16-22_09.17_BOOST_protocol_HPPC_IN21700_30T_cycle_#1725.mat
BOOST,1725,0.73295,2.19563,0.3713,10,discharge,1,-8.787,2.929,10.0,9.9,3.4297,2.7649,75.6607,03-16-22_09.17_BOOST_protocol_HPPC_IN21700_30T_cycle_#1725.mat
BOOST,1725,0.73295,2.19563,0.3712,10,discharge,2,-17.411,5.804,10.0,9.9,3.4333,2.5,53.604,03-16-22_09.17_BOOST_protocol_HPPC_IN21700_30T_cycle_#1725.mat
BOOST,1725,0.73295,2.19563,0.3712,10,discharge,3,-17.147,5.716,10.0,9.9,3.4369,2.5,54.6393,03-16-22_09.17_BOOST_protocol_HPPC_IN21700_30T_cycle_#1725.mat
BOOST,1725,0.73295,2.19563,0.3347,11,discharge,0,-2.197,0.732,10.0,9.9,3.3966,3.1563,109.3665,03-16-22_09.17_BOOST_protocol_HPPC_IN21700_30T_cycle_#1725.mat
BOOST,1725,0.73295,2.19563,0.3347,11,discharge,1,-8.787,2.929,10.0,9.9,3.3986,2.644,85.8808,03-16-22_09.17_BOOST_protocol_HPPC_IN21700_30T_cycle_#1725.mat
BOOST,1725,0.73295,2.19563,0.3346,11,discharge,2,-14.258,4.753,10.0,9.9,3.4061,2.4999,63.5573,03-16-22_09.17_BOOST_protocol_HPPC_IN21700_30T_cycle_#1725.mat
BOOST,1725,0.73295,2.19563,0.3346,11,discharge,3,-13.829,4.61,10.0,9.9,3.4094,2.4999,65.7676,03-16-22_09.17_BOOST_protocol_HPPC_IN21700_30T_cycle_#1725.mat
BOOST,1725,0.73295,2.19563,0.2981,12,discharge,0,-2.199,0.733,10.0,9.9,3.3469,3.0739,124.1304,03-16-22_09.17_BOOST_protocol_HPPC_IN21700_30T_cycle_#1725.mat
BOOST,1725,0.73295,2.19563,0.2981,12,discharge,1,-8.787,2.929,10.0,9.9,3.3504,2.4999,96.7907,03-16-22_09.17_BOOST_protocol_HPPC_IN21700_30T_cycle_#1725.mat
BOOST,1725,0.73295,2.19563,0.298,12,discharge,2,-10.185,3.395,10.0,9.9,3.3612,2.5,84.5557,03-16-22_09.17_BOOST_protocol_HPPC_IN21700_30T_cycle_#1725.mat
BOOST,1725,0.73295,2.19563,0.2979,12,discharge,3,-9.847,3.282,10.0,9.9,3.3634,2.5001,87.6732,03-16-22_09.17_BOOST_protocol_HPPC_IN21700_30T_cycle_#1725.mat
BOOST,1762,0.7253,2.17271,1.0,0,discharge,0,-2.173,0.724,10.0,9.7,4.0842,3.9048,82.5473,03-21-22_23.59_BOOST_protocol_HPPC_IN21700_30T_cycle_#1762.mat
BOOST,1762,0.7253,2.17271,0.9999,0,discharge,1,-8.691,2.897,10.0,9.9,4.0927,3.6003,56.6537,03-21-22_23.59_BOOST_protocol_HPPC_IN21700_30T_cycle_#1762.mat
BOOST,1762,0.7253,2.17271,0.9999,0,discharge,2,-17.382,5.794,10.0,9.9,4.0915,3.3122,44.8337,03-21-22_23.59_BOOST_protocol_HPPC_IN21700_30T_cycle_#1762.mat
BOOST,1762,0.7253,2.17271,0.9972,0,discharge,3,-24.987,8.329,10.0,9.9,4.0897,3.1015,39.5486,03-21-22_23.59_BOOST_protocol_HPPC_IN21700_30T_cycle_#1762.mat
BOOST,1762,0.7253,2.17271,0.9568,1,discharge,0,-2.175,0.725,10.0,9.9,4.0489,3.8754,79.7701,03-21-22_23.59_BOOST_protocol_HPPC_IN21700_30T_cycle_#1762.mat
BOOST,1762,0.7253,2.17271,0.9568,1,discharge,1,-8.692,2.897,10.0,9.9,4.0502,3.571,55.1331,03-21-22_23.59_BOOST_protocol_HPPC_IN21700_30T_cycle_#1762.mat
BOOST,1762,0.7253,2.17271,0.9567,1,discharge,2,-17.383,5.794,10.0,9.9,4.0528,3.2855,44.1408,03-21-22_23.59_BOOST_protocol_HPPC_IN21700_30T_cycle_#1762.mat
BOOST,1762,0.7253,2.17271,0.9567,1,discharge,3,-24.988,8.329,10.0,9.9,4.0582,3.0753,39.3349,03-21-22_23.59_BOOST_protocol_HPPC_IN21700_30T_cycle_#1762.mat
BOOST,1762,0.7253,2.17271,0.9206,2,discharge,0,-2.173,0.724,10.0,9.9,3.9816,3.826,71.6028,03-21-22_23.59_BOOST_protocol_HPPC_IN21700_30T_cycle_#1762.mat
BOOST,1762,0.7253,2.17271,0.9206,2,discharge,1,-8.692,2.897,10.0,9.9,3.9835,3.5388,51.1643,03-21-22_23.59_BOOST_protocol_HPPC_IN21700_30T_cycle_#1762.mat
BOOST,1762,0.7253,2.17271,0.9205,2,discharge,2,-17.384,5.795,10.0,9.9,3.986,3.2647,41.4922,03-21-22_23.59_BOOST_protocol_HPPC_IN21700_30T_cycle_#1762.mat
BOOST,1762,0.7253,2.17271,0.9204,2,discharge,3,-24.987,8.329,10.0,9.9,3.9908,3.0608,37.2194,03-21-22_23.59_BOOST_protocol_HPPC_IN21700_30T_cycle_#1762.mat
BOOST,1762,0.7253,2.17271,0.8482,3,discharge,0,-2.173,0.724,10.0,9.9,3.8761,3.7422,61.6114,03-21-22_23.59_BOOST_protocol_HPPC_IN21700_30T_cycle_#1762.mat
BOOST,1762,0.7253,2.17271,0.8481,3,discharge,1,-8.692,2.897,10.0,9.9,3.8792,3.4643,47.7346,03-21-22_23.59_BOOST_protocol_HPPC_IN21700_30T_cycle_#1762.mat
BOOST,1762,0.7253,2.17271,0.8481,3,discharge,2,-17.385,5.795,10.0,9.9,3.8809,3.1875,39.885,03-21-22_23.59_BOOST_protocol_HPPC_IN21700_30T_cycle_#1762.mat
BOOST,1762,0.7253,2.17271,0.848,3,discharge,3,-24.988,8.329,10.0,9.9,3.8852,2.9807,36.1974,03-21-22_23.59_BOOST_protocol_HPPC_IN21700_30T_cycle_#1762.mat
BOOST,1762,0.7253,2.17271,0.7758,4,discharge,0,-2.173,0.724,10.0,9.9,3.7891,3.6569,60.8292,03-21-22_23.59_BOOST_protocol_HPPC_IN21700_30T_cycle_#1762.mat
BOOST,1762,0.7253,2.17271,0.7757,4,discharge,1,-8.691,2.897,10.0,9.9,3.7924,3.3798,47.4744,03-21-22_23.59_BOOST_protocol_HPPC_IN21700_30T_cycle_#1762.mat
BOOST,1762,0.7253,2.17271,0.7757,4,discharge,2,-17.382,5.794,10.0,9.9,3.7958,3.107,39.6272,03-21-22_23.59_BOOST_protocol_HPPC_IN21700_30T_cycle_#1762.mat
BOOST,1762,0.7253,2.17271,0.7756,4,discharge,3,-24.989,8.33,10.0,9.9,3.8003,2.9054,35.8118,03-21-22_23.59_BOOST_protocol_HPPC_IN21700_30T_cycle_#1762.mat
BOOST,1762,0.7253,2.17271,0.7034,5,discharge,0,-2.175,0.725,10.0,9.9,3.7119,3.5838,58.8966,03-21-22_23.59_BOOST_protocol_HPPC_IN21700_30T_cycle_#1762.mat
BOOST,1762,0.7253,2.17271,0.7033,5,discharge,1,-8.692,2.897,10.0,9.9,3.7154,3.309,46.7573,03-21-22_23.59_BOOST_protocol_HPPC_IN21700_30T_cycle_#1762.mat
BOOST,1762,0.7253,2.17271,0.7032,5,discharge,2,-17.382,5.794,10.0,9.9,3.7193,3.027,39.8286,03-21-22_23.59_BOOST_protocol_HPPC_IN21700_30T_cycle_#1762.mat
BOOST,1762,0.7253,2.17271,0.7032,5,discharge,3,-24.988,8.329,10.0,9.9,3.724,2.8209,36.1413,03-21-22_23.59_BOOST_protocol_HPPC_IN21700_30T_cycle_#1762.mat
BOOST,1762,0.7253,2.17271,0.6309,6,discharge,0,-2.173,0.724,10.0,9.9,3.6463,3.5126,61.5165,03-21-22_23.59_BOOST_protocol_HPPC_IN21700_30T_cycle_#1762.mat
BOOST,1762,0.7253,2.17271,0.6309,6,discharge,1,-8.692,2.897,10.0,9.9,3.6489,3.2276,48.4715,03-21-22_23.59_BOOST_protocol_HPPC_IN21700_30T_cycle_#1762.mat
BOOST,1762,0.7253,2.17271,0.6308,6,discharge,2,-17.384,5.795,10.0,9.9,3.652,2.9481,40.4913,03-21-22_23.59_BOOST_protocol_HPPC_IN21700_30T_cycle_#1762.mat
BOOST,1762,0.7253,2.17271,0.6307,6,discharge,3,-24.987,8.329,10.0,9.9,3.6558,2.7416,36.587,03-21-22_23.59_BOOST_protocol_HPPC_IN21700_30T_cycle_#1762.mat
BOOST,1762,0.7253,2.17271,0.5585,7,discharge,0,-2.173,0.724,10.0,9.9,3.5912,3.4505,64.7462,03-21-22_23.59_BOOST_protocol_HPPC_IN21700_30T_cycle_#1762.mat
BOOST,1762,0.7253,2.17271,0.5584,7,discharge,1,-8.692,2.897,10.0,9.9,3.5942,3.1445,51.739,03-21-22_23.59_BOOST_protocol_HPPC_IN21700_30T_cycle_#1762.mat
BOOST,1762,0.7253,2.17271,0.5584,7,discharge,2,-17.383,5.794,10.0,9.9,3.5971,2.8416,43.462,03-21-22_23.59_BOOST_protocol_HPPC_IN21700_30T_cycle_#1762.mat
BOOST,1762,0.7253,2.17271,0.5583,7,discharge,3,-24.988,8.329,10.0,9.9,3.6012,2.6084,39.7311,03-21-22_23.59_BOOST_protocol_HPPC_IN21700_30T_cycle_#1762.mat
BOOST,1762,0.7253,2.17271,0.4861,8,discharge,0,-2.175,0.725,10.0,9.9,3.5237,3.3666,72.2299,03-21-22_23.59_BOOST_protocol_HPPC_IN21700_30T_cycle_#1762.mat
BOOST,1762,0.7253,2.17271,0.486,8,discharge,1,-8.691,2.897,10.0,9.9,3.5271,3.0331,56.8391,03-21-22_23.59_BOOST_protocol_HPPC_IN21700_30T_cycle_#1762.mat
BOOST,1762,0.7253,2.17271,0.4859,8,discharge,2,-17.385,5.795,10.0,9.9,3.5317,2.684,48.7604,03-21-22_23.59_BOOST_protocol_HPPC_IN21700_30T_cycle_#1762.mat
BOOST,1762,0.7253,2.17271,0.4859,8,discharge,3,-24.988,8.329,10.0,9.9,3.5385,2.4999,41.564,03-21-22_23.59_BOOST_protocol_HPPC_IN21700_30T_cycle_#1762.mat
BOOST,1762,0.7253,2.17271,0.4136,9,discharge,0,-2.175,0.725,10.0,9.9,3.4513,3.2489,93.0489,03-21-22_23.59_BOOST_protocol_HPPC_IN21700_30T_cycle_#1762.mat
BOOST,1762,0.7253,2.17271,0.4136,9,discharge,1,-8.693,2.898,10.0,9.9,3.4539,2.8322,71.5148,03-21-22_23.59_BOOST_protocol_HPPC_IN21700_30T_cycle_#1762.mat
BOOST,1762,0.7253,2.17271,0.4135,9,discharge,2,-17.384,5.795,10.0,9.9,3.458,2.5,55.1081,03-21-22_23.59_BOOST_protocol_HPPC_IN21700_30T_cycle_#1762.mat
BOOST,1762,0.7253,2.17271,0.4135,9,discharge,3,-19.912,6.637,10.0,9.9,3.4639,2.4999,48.413,03-21-22_23.59_BOOST_protocol_HPPC_IN21700_30T_cycle_#1762.mat
BOOST,1762,0.7253,2.17271,0.3774,10,discharge,0,-2.174,0.725,10.0,9.9,3.4243,3.1984,103.9337,03-21-22_23.59_BOOST_protocol_HPPC_IN21700_30T_cycle_#1762.mat
BOOST,1762,0.7253,2.17271,0.3774,10,discharge,1,-8.691,2.897,10.0,9.9,3.4257,2.7378,79.1472,03-21-22_23.59_BOOST_protocol_HPPC_IN21700_30T_cycle_#1762.mat
BOOST,1762,0.7253,2.17271,0.3773,10,discharge,2,-16.695,5.565,10.0,9.9,3.4301,2.4999,55.7173,03-21-22_23.59_BOOST_protocol_HPPC_IN21700_30T_cycle_#1762.mat
BOOST,1762,0.7253,2.17271,0.3772,10,discharge,3,-16.299,5.433,10.0,9.9,3.434,2.5,57.3041,03-21-22_23.59_BOOST_protocol_HPPC_IN21700_30T_cycle_#1762.mat
BOOST,1762,0.7253,2.17271,0.3412,11,discharge,0,-2.173,0.724,10.0,9.9,3.393,3.1382,117.2519,03-21-22_23.59_BOOST_protocol_HPPC_IN21700_30T_cycle_#1762.mat
BOOST,1762,0.7253,2.17271,0.3411,11,discharge,1,-8.691,2.897,10.0,9.9,3.3952,2.6188,89.3317,03-21-22_23.59_BOOST_protocol_HPPC_IN21700_30T_cycle_#1762.mat
BOOST,1762,0.7253,2.17271,0.3411,11,discharge,2,-13.486,4.495,10.0,9.9,3.4039,2.5,67.0251,03-21-22_23.59_BOOST_protocol_HPPC_IN21700_30T_cycle_#1762.mat
BOOST,1762,0.7253,2.17271,0.341,11,discharge,3,-13.113,4.371,10.0,9.9,3.4065,2.4999,69.1375,03-21-22_23.59_BOOST_protocol_HPPC_IN21700_30T_cycle_#1762.mat
BOOST,1762,0.7253,2.17271,0.305,12,discharge,0,-2.175,0.725,10.0,9.9,3.3414,3.0667,126.2814,03-21-22_23.59_BOOST_protocol_HPPC_IN21700_30T_cycle_#1762.mat
BOOST,1762,0.7253,2.17271,0.3049,12,discharge,1,-8.691,2.897,10.0,9.9,3.3453,2.5,97.2604,03-21-22_23.59_BOOST_protocol_HPPC_IN21700_30T_cycle_#1762.mat
BOOST,1762,0.7253,2.17271,0.3049,12,discharge,2,-9.807,3.269,10.0,9.9,3.3559,2.5,87.2708,03-21-22_23.59_BOOST_protocol_HPPC_IN21700_30T_cycle_#1762.mat
BOOST,1762,0.7253,2.17271,0.3048,12,discharge,3,-9.452,3.151,10.0,9.9,3.358,2.5,90.7735,03-21-22_23.59_BOOST_protocol_HPPC_IN21700_30T_cycle_#1762.mat
BOOST,1800,0.71505,2.14202,1.0,0,discharge,0,-2.142,0.714,10.0,9.7,4.082,3.8915,88.9563,03-28-22_16.13_BOOST_protocol_HPPC_IN21700_30T_cycle_#1800.mat
BOOST,1800,0.71505,2.14202,0.9999,0,discharge,1,-8.574,2.858,10.0,9.9,4.0907,3.5668,61.1026,03-28-22_16.13_BOOST_protocol_HPPC_IN21700_30T_cycle_#1800.mat
BOOST,1800,0.71505,2.14202,0.999,0,discharge,2,-17.146,5.715,10.0,9.9,4.089,3.2617,48.2503,03-28-22_16.13_BOOST_protocol_HPPC_IN21700_30T_cycle_#1800.mat
BOOST,1800,0.71505,2.14202,0.9953,0,discharge,3,-24.649,8.216,10.0,9.9,4.0858,3.0429,42.31,03-28-22_16.13_BOOST_protocol_HPPC_IN21700_30T_cycle_#1800.mat
BOOST,1800,0.71505,2.14202,0.9545,1,discharge,0,-2.144,0.715,10.0,9.9,4.0398,3.8595,84.1069,03-28-22_16.13_BOOST_protocol_HPPC_IN21700_30T_cycle_#1800.mat
BOOST,1800,0.71505,2.14202,0.9545,1,discharge,1,-8.574,2.858,10.0,9.9,4.0413,3.5464,57.7203,03-28-22_16.13_BOOST_protocol_HPPC_IN21700_30T_cycle_#1800.mat
BOOST,1800,0.71505,2.14202,0.9544,1,discharge,2,-17.146,5.715,10.0,9.9,4.0442,3.2534,46.1215,03-28-22_16.13_BOOST_protocol_HPPC_IN21700_30T_cycle_#1800.mat
BOOST,1800,0.71505,2.14202,0.9543,1,discharge,3,-24.649,8.216,10.0,9.9,4.0498,3.0405,40.9469,03-28-22_16.13_BOOST_protocol_HPPC_IN21700_30T_cycle_#1800.mat
BOOST,1800,0.71505,2.14202,0.9188,2,discharge,0,-2.142,0.714,10.0,9.9,3.9704,3.8108,74.5202,03-28-22_16.13_BOOST_protocol_HPPC_IN21700_30T_cycle_#1800.mat
BOOST,1800,0.71505,2.14202,0.9187,2,discharge,1,-8.574,2.858,10.0,9.9,3.9723,3.517,53.1012,03-28-22_16.13_BOOST_protocol_HPPC_IN21700_30T_cycle_#1800.mat
BOOST,1800,0.71505,2.14202,0.9187,2,discharge,2,-17.146,5.715,10.0,9.9,3.9751,3.2375,43.0188,03-28-22_16.13_BOOST_protocol_HPPC_IN21700_30T_cycle_#1800.mat
BOOST,1800,0.71505,2.14202,0.9186,2,discharge,3,-24.647,8.216,10.0,9.9,3.9794,3.0307,38.4915,03-28-22_16.13_BOOST_protocol_HPPC_IN21700_30T_cycle_#1800.mat
BOOST,1800,0.71505,2.14202,0.8473,3,discharge,0,-2.142,0.714,10.0,9.9,3.8663,3.7232,66.8161,03-28-22_16.13_BOOST_protocol_HPPC_IN21700_30T_cycle_#1800.mat
BOOST,1800,0.71505,2.14202,0.8473,3,discharge,1,-8.572,2.857,10.0,9.9,3.8689,3.4349,50.627,03-28-22_16.13_BOOST_protocol_HPPC_IN21700_30T_cycle_#1800.mat
BOOST,1800,0.71505,2.14202,0.8472,3,discharge,2,-17.147,5.716,10.0,9.9,3.871,3.1515,41.9607,03-28-22_16.13_BOOST_protocol_HPPC_IN21700_30T_cycle_#1800.mat
BOOST,1800,0.71505,2.14202,0.8472,3,discharge,3,-24.648,8.216,10.0,9.9,3.876,2.9434,37.8367,03-28-22_16.13_BOOST_protocol_HPPC_IN21700_30T_cycle_#1800.mat
BOOST,1800,0.71505,2.14202,0.7759,4,discharge,0,-2.144,0.715,10.0,9.9,3.7801,3.6408,64.9841,03-28-22_16.13_BOOST_protocol_HPPC_IN21700_30T_cycle_#1800.mat
BOOST,1800,0.71505,2.14202,0.7758,4,discharge,1,-8.574,2.858,10.0,9.9,3.7828,3.3557,49.8122,03-28-22_16.13_BOOST_protocol_HPPC_IN21700_30T_cycle_#1800.mat
BOOST,1800,0.71505,2.14202,0.7758,4,discharge,2,-17.146,5.715,10.0,9.9,3.7878,3.0785,41.3682,03-28-22_16.13_BOOST_protocol_HPPC_IN21700_30T_cycle_#1800.mat
BOOST,1800,0.71505,2.14202,0.7757,4,discharge,3,-24.649,8.216,10.0,9.9,3.7932,2.8783,37.1171,03-28-22_16.13_BOOST_protocol_HPPC_IN21700_30T_cycle_#1800.mat
BOOST,1800,0.71505,2.14202,0.7045,5,discharge,0,-2.142,0.714,10.0,9.9,3.7017,3.5611,65.6488,03-28-22_16.13_BOOST_protocol_HPPC_IN21700_30T_cycle_#1800.mat
BOOST,1800,0.71505,2.14202,0.7044,5,discharge,1,-8.572,2.857,10.0,9.9,3.7063,3.2705,50.8376,03-28-22_16.13_BOOST_protocol_HPPC_IN21700_30T_cycle_#1800.mat
BOOST,1800,0.71505,2.14202,0.7044,5,discharge,2,-17.145,5.715,10.0,9.9,3.7107,2.9892,42.0822,03-28-22_16.13_BOOST_protocol_HPPC_IN21700_30T_cycle_#1800.mat
BOOST,1800,0.71505,2.14202,0.7043,5,discharge,3,-24.648,8.216,10.0,9.9,3.7162,2.7854,37.7637,03-28-22_16.13_BOOST_protocol_HPPC_IN21700_30T_cycle_#1800.mat
BOOST,1800,0.71505,2.14202,0.633,6,discharge,0,-2.142,0.714,10.0,9.9,3.6401,3.4979,66.3959,03-28-22_16.13_BOOST_protocol_HPPC_IN21700_30T_cycle_#1800.mat
BOOST,1800,0.71505,2.14202,0.633,6,discharge,1,-8.572,2.857,10.0,9.9,3.6437,3.2018,51.5498,03-28-22_16.13_BOOST_protocol_HPPC_IN21700_30T_cycle_#1800.mat
BOOST,1800,0.71505,2.14202,0.6329,6,discharge,2,-17.144,5.715,10.0,9.9,3.647,2.919,42.4638,03-28-22_16.13_BOOST_protocol_HPPC_IN21700_30T_cycle_#1800.mat
BOOST,1800,0.71505,2.14202,0.6329,6,discharge,3,-24.649,8.216,10.0,9.9,3.6514,2.7114,38.1354,03-28-22_16.13_BOOST_protocol_HPPC_IN21700_30T_cycle_#1800.mat
BOOST,1800,0.71505,2.14202,0.5616,7,discharge,0,-2.142,0.714,10.0,9.9,3.5862,3.4312,72.369,03-28-22_16.13_BOOST_protocol_HPPC_IN21700_30T_cycle_#1800.mat
BOOST,1800,0.71505,2.14202,0.5615,7,discharge,1,-8.573,2.858,10.0,9.9,3.5894,3.1118,55.7124,03-28-22_16.13_BOOST_protocol_HPPC_IN21700_30T_cycle_#1800.mat
BOOST,1800,0.71505,2.14202,0.5615,7,discharge,2,-17.147,5.716,10.0,9.9,3.5929,2.8061,45.8856,03-28-22_16.13_BOOST_protocol_HPPC_IN21700_30T_cycle_#1800.mat
BOOST,1800,0.71505,2.14202,0.5614,7,discharge,3,-24.648,8.216,10.0,9.9,3.5975,2.5704,41.6707,03-28-22_16.13_BOOST_protocol_HPPC_IN21700_30T_cycle_#1800.mat
BOOST,1800,0.71505,2.14202,0.4902,8,discharge,0,-2.142,0.714,10.0,9.9,3.5193,3.3477,80.112,03-28-22_16.13_BOOST_protocol_HPPC_IN21700_30T_cycle_#1800.mat
BOOST,1800,0.71505,2.14202,0.4901,8,discharge,1,-8.574,2.858,10.0,9.9,3.5228,2.9965,61.3825,03-28-22_16.13_BOOST_protocol_HPPC_IN21700_30T_cycle_#1800.mat
BOOST,1800,0.71505,2.14202,0.49,8,discharge,2,-17.145,5.715,10.0,9.9,3.5275,2.6511,51.1169,03-28-22_16.13_BOOST_protocol_HPPC_IN21700_30T_cycle_#1800.mat
BOOST,1800,0.71505,2.14202,0.49,8,discharge,3,-24.646,8.215,10.0,9.9,3.535,2.5,41.9946,03-28-22_16.13_BOOST_protocol_HPPC_IN21700_30T_cycle_#1800.mat
BOOST,1800,0.71505,2.14202,0.4187,9,discharge,0,-2.142,0.714,10.0,9.9,3.4502,3.2428,96.8209,03-28-22_16.13_BOOST_protocol_HPPC_IN21700_30T_cycle_#1800.mat
BOOST,1800,0.71505,2.14202,0.4186,9,discharge,1,-8.575,2.858,10.0,9.9,3.4528,2.8267,73.018,03-28-22_16.13_BOOST_protocol_HPPC_IN21700_30T_cycle_#1800.mat
BOOST,1800,0.71505,2.14202,0.4186,9,discharge,2,-17.146,5.715,10.0,9.9,3.4568,2.4999,55.8089,03-28-22_16.13_BOOST_protocol_HPPC_IN21700_30T_cycle_#1800.mat
BOOST,1800,0.71505,2.14202,0.4185,9,discharge,3,-19.192,6.397,10.0,9.9,3.4629,2.5,50.1719,03-28-22_16.13_BOOST_protocol_HPPC_IN21700_30T_cycle_#1800.mat
BOOST,1800,0.71505,2.14202,0.383,10,discharge,0,-2.142,0.714,10.0,9.9,3.4231,3.1845,111.386,03-28-22_16.13_BOOST_protocol_HPPC_IN21700_30T_cycle_#1800.mat
BOOST,1800,0.71505,2.14202,0.383,10,discharge,1,-8.572,2.857,10.0,9.9,3.4248,2.7265,81.462,03-28-22_16.13_BOOST_protocol_HPPC_IN21700_30T_cycle_#1800.mat
BOOST,1800,0.71505,2.14202,0.3829,10,discharge,2,-16.265,5.422,10.0,9.9,3.4295,2.4999,57.1534,03-28-22_16.13_BOOST_protocol_HPPC_IN21700_30T_cycle_#1800.mat
BOOST,1800,0.71505,2.14202,0.3828,10,discharge,3,-15.893,5.298,10.0,9.9,3.4336,2.5,58.7428,03-28-22_16.13_BOOST_protocol_HPPC_IN21700_30T_cycle_#1800.mat
BOOST,1800,0.71505,2.14202,0.3473,11,discharge,0,-2.142,0.714,10.0,9.9,3.3929,3.1252,124.9942,03-28-22_16.13_BOOST_protocol_HPPC_IN21700_30T_cycle_#1800.mat
BOOST,1800,0.71505,2.14202,0.3472,11,discharge,1,-8.574,2.858,10.0,9.9,3.3951,2.6013,92.579,03-28-22_16.13_BOOST_protocol_HPPC_IN21700_30T_cycle_#1800.mat
BOOST,1800,0.71505,2.14202,0.3471,11,discharge,2,-12.875,4.292,10.0,9.9,3.4042,2.5,70.2291,03-28-22_16.13_BOOST_protocol_HPPC_IN21700_30T_cycle_#1800.mat
BOOST,1800,0.71505,2.14202,0.3471,11,discharge,3,-12.367,4.122,10.0,9.9,3.4074,2.5,73.3727,03-28-22_16.13_BOOST_protocol_HPPC_IN21700_30T_cycle_#1800.mat
BOOST,1800,0.71505,2.14202,0.3115,12,discharge,0,-2.142,0.714,10.0,9.9,3.3411,3.052,134.9673,03-28-22_16.13_BOOST_protocol_HPPC_IN21700_30T_cycle_#1800.mat
BOOST,1800,0.71505,2.14202,0.3115,12,discharge,1,-8.572,2.857,10.0,9.9,3.3452,2.4999,98.6141,03-28-22_16.13_BOOST_protocol_HPPC_IN21700_30T_cycle_#1800.mat
BOOST,1800,0.71505,2.14202,0.3114,12,discharge,2,-9.524,3.175,10.0,9.9,3.3565,2.5,89.9326,03-28-22_16.13_BOOST_protocol_HPPC_IN21700_30T_cycle_#1800.mat
BOOST,1800,0.71505,2.14202,0.3114,12,discharge,3,-9.234,3.078,10.0,9.9,3.3589,2.5,93.018,03-28-22_16.13_BOOST_protocol_HPPC_IN21700_30T_cycle_#1800.mat
BOOST,1837,0.70491,2.11164,1.0,0,discharge,0,-2.114,0.705,10.0,9.7,4.0776,3.8819,92.5952,04-04-22_01.35_BOOST_protocol_HPPC_IN21700_30T_cycle_#1837.mat
BOOST,1837,0.70491,2.11164,0.9999,0,discharge,1,-8.453,2.818,10.0,9.9,4.0871,3.5543,63.0309,04-04-22_01.35_BOOST_protocol_HPPC_IN21700_30T_cycle_#1837.mat
BOOST,1837,0.70491,2.11164,0.9993,0,discharge,2,-16.904,5.635,10.0,9.9,4.0859,3.2476,49.5918,04-04-22_01.35_BOOST_protocol_HPPC_IN21700_30T_cycle_#1837.mat
BOOST,1837,0.70491,2.11164,0.9958,0,discharge,3,-24.3,8.1,10.0,9.9,4.0835,3.0214,43.7078,04-04-22_01.35_BOOST_protocol_HPPC_IN21700_30T_cycle_#1837.mat
BOOST,1837,0.70491,2.11164,0.9552,1,discharge,0,-2.114,0.705,10.0,9.9,4.0294,3.8417,88.7974,04-04-22_01.35_BOOST_protocol_HPPC_IN21700_30T_cycle_#1837.mat
BOOST,1837,0.70491,2.11164,0.9551,1,discharge,1,-8.453,2.818,10.0,9.9,4.0309,3.5208,60.3426,04-04-22_01.35_BOOST_protocol_HPPC_IN21700_30T_cycle_#1837.mat
BOOST,1837,0.70491,2.11164,0.9551,1,discharge,2,-16.904,5.635,10.0,9.9,4.0346,3.2226,48.036,04-04-22_01.35_BOOST_protocol_HPPC_IN21700_30T_cycle_#1837.mat
BOOST,1837,0.70491,2.11164,0.955,1,discharge,3,-24.299,8.1,10.0,9.9,4.0405,3.0093,42.438,04-04-22_01.35_BOOST_protocol_HPPC_IN21700_30T_cycle_#1837.mat
BOOST,1837,0.70491,2.11164,0.92,2,discharge,0,-2.114,0.705,10.0,9.9,3.9577,3.7915,78.6262,04-04-22_01.35_BOOST_protocol_HPPC_IN21700_30T_cycle_#1837.mat
BOOST,1837,0.70491,2.11164,0.9199,2,discharge,1,-8.453,2.818,10.0,9.9,3.959,3.4903,55.4458,04-04-22_01.35_BOOST_protocol_HPPC_IN21700_30T_cycle_#1837.mat
BOOST,1837,0.70491,2.11164,0.9199,2,discharge,2,-16.904,5.635,10.0,9.9,3.9626,3.2047,44.8355,04-04-22_01.35_BOOST_protocol_HPPC_IN21700_30T_cycle_#1837.mat
BOOST,1837,0.70491,2.11164,0.9198,2,discharge,3,-24.302,8.101,10.0,9.9,3.9682,2.9981,39.9185,04-04-22_01.35_BOOST_protocol_HPPC_IN21700_30T_cycle_#1837.mat
BOOST,1837,0.70491,2.11164,0.8496,3,discharge,0,-2.114,0.705,10.0,9.9,3.8544,3.7039,71.2022,04-04-22_01.35_BOOST_protocol_HPPC_IN21700_30T_cycle_#1837.mat
BOOST,1837,0.70491,2.11164,0.8495,3,discharge,1,-8.454,2.818,10.0,9.9,3.8573,3.4068,53.2903,04-04-22_01.35_BOOST_protocol_HPPC_IN21700_30T_cycle_#1837.mat
BOOST,1837,0.70491,2.11164,0.8494,3,discharge,2,-16.904,5.635,10.0,9.9,3.8598,3.1188,43.8358,04-04-22_01.35_BOOST_protocol_HPPC_IN21700_30T_cycle_#1837.mat
BOOST,1837,0.70491,2.11164,0.8494,3,discharge,3,-24.3,8.1,10.0,9.9,3.8646,2.9111,39.2387,04-04-22_01.35_BOOST_protocol_HPPC_IN21700_30T_cycle_#1837.mat
BOOST,1837,0.70491,2.11164,0.7791,4,discharge,0,-2.114,0.705,10.0,9.9,3.7703,3.6225,69.9248,04-04-22_01.35_BOOST_protocol_HPPC_IN21700_30T_cycle_#1837.mat
BOOST,1837,0.70491,2.11164,0.7791,4,discharge,1,-8.451,2.817,10.0,9.9,3.7743,3.3277,52.8439,04-04-22_01.35_BOOST_protocol_HPPC_IN21700_30T_cycle_#1837.mat
BOOST,1837,0.70491,2.11164,0.779,4,discharge,2,-16.904,5.635,10.0,9.9,3.7789,3.047,43.2974,04-04-22_01.35_BOOST_protocol_HPPC_IN21700_30T_cycle_#1837.mat
BOOST,1837,0.70491,2.11164,0.7789,4,discharge,3,-24.3,8.1,10.0,9.9,3.7851,2.8486,38.5391,04-04-22_01.35_BOOST_protocol_HPPC_IN21700_30T_cycle_#1837.mat
BOOST,1837,0.70491,2.11164,0.7087,5,discharge,0,-2.114,0.705,10.0,9.9,3.6945,3.5449,70.773,04-04-22_01.35_BOOST_protocol_HPPC_IN21700_30T_cycle_#1837.mat
BOOST,1837,0.70491,2.11164,0.7086,5,discharge,1,-8.454,2.818,10.0,9.9,3.6984,3.2451,53.6209,04-04-22_01.35_BOOST_protocol_HPPC_IN21700_30T_cycle_#1837.mat
BOOST,1837,0.70491,2.11164,0.7086,5,discharge,2,-16.904,5.635,10.0,9.9,3.7033,2.9616,43.8772,04-04-22_01.35_BOOST_protocol_HPPC_IN21700_30T_cycle_#1837.mat
BOOST,1837,0.70491,2.11164,0.7085,5,discharge,3,-24.298,8.099,10.0,9.9,3.7085,2.7585,39.0979,04-04-22_01.35_BOOST_protocol_HPPC_IN21700_30T_cycle_#1837.mat
BOOST,1837,0.70491,2.11164,0.6383,6,discharge,0,-2.114,0.705,10.0,9.9,3.6352,3.4838,71.6178,04-04-22_01.35_BOOST_protocol_HPPC_IN21700_30T_cycle_#1837.mat
BOOST,1837,0.70491,2.11164,0.6382,6,discharge,1,-8.451,2.817,10.0,9.9,3.6383,3.1791,54.3336,04-04-22_01.35_BOOST_protocol_HPPC_IN21700_30T_cycle_#1837.mat
BOOST,1837,0.70491,2.11164,0.6381,6,discharge,2,-16.904,5.635,10.0,9.9,3.6419,2.8955,44.1552,04-04-22_01.35_BOOST_protocol_HPPC_IN21700_30T_cycle_#1837.mat
BOOST,1837,0.70491,2.11164,0.6381,6,discharge,3,-24.299,8.1,10.0,9.9,3.6466,2.6808,39.7465,04-04-22_01.35_BOOST_protocol_HPPC_IN21700_30T_cycle_#1837.mat
BOOST,1837,0.70491,2.11164,0.5678,7,discharge,0,-2.114,0.705,10.0,9.9,3.579,3.4121,78.9573,04-04-22_01.35_BOOST_protocol_HPPC_IN21700_30T_cycle_#1837.mat
BOOST,1837,0.70491,2.11164,0.5678,7,discharge,1,-8.454,2.818,10.0,9.9,3.5825,3.0792,59.5354,04-04-22_01.35_BOOST_protocol_HPPC_IN21700_30T_cycle_#1837.mat
BOOST,1837,0.70491,2.11164,0.5677,7,discharge,2,-16.905,5.635,10.0,9.9,3.5865,2.7613,48.814,04-04-22_01.35_BOOST_protocol_HPPC_IN21700_30T_cycle_#1837.mat
BOOST,1837,0.70491,2.11164,0.5676,7,discharge,3,-24.299,8.1,10.0,9.9,3.5924,2.5275,43.8248,04-04-22_01.35_BOOST_protocol_HPPC_IN21700_30T_cycle_#1837.mat
BOOST,1837,0.70491,2.11164,0.4974,8,discharge,0,-2.114,0.705,10.0,9.9,3.5119,3.3299,86.1049,04-04-22_01.35_BOOST_protocol_HPPC_IN21700_30T_cycle_#1837.mat
BOOST,1837,0.70491,2.11164,0.4974,8,discharge,1,-8.453,2.818,10.0,9.9,3.5166,2.9713,64.5074,04-04-22_01.35_BOOST_protocol_HPPC_IN21700_30T_cycle_#1837.mat
BOOST,1837,0.70491,2.11164,0.4973,8,discharge,2,-16.904,5.635,10.0,9.9,3.5223,2.6218,53.2714,04-04-22_01.35_BOOST_protocol_HPPC_IN21700_30T_cycle_#1837.mat
BOOST,1837,0.70491,2.11164,0.4972,8,discharge,3,-24.294,8.098,10.0,9.9,3.5308,2.5,42.4302,04-04-22_01.35_BOOST_protocol_HPPC_IN21700_30T_cycle_#1837.mat
BOOST,1837,0.70491,2.11164,0.4269,9,discharge,0,-2.114,0.705,10.0,9.9,3.4471,3.2305,102.4695,04-04-22_01.35_BOOST_protocol_HPPC_IN21700_30T_cycle_#1837.mat
BOOST,1837,0.70491,2.11164,0.4269,9,discharge,1,-8.453,2.818,10.0,9.9,3.4499,2.8248,73.9466,04-04-22_01.35_BOOST_protocol_HPPC_IN21700_30T_cycle_#1837.mat
BOOST,1837,0.70491,2.11164,0.4268,9,discharge,2,-16.903,5.634,10.0,9.9,3.4536,2.4999,56.4219,04-04-22_01.35_BOOST_protocol_HPPC_IN21700_30T_cycle_#1837.mat
BOOST,1837,0.70491,2.11164,0.4268,9,discharge,3,-18.678,6.226,10.0,9.9,3.4603,2.4999,51.4188,04-04-22_01.35_BOOST_protocol_HPPC_IN21700_30T_cycle_#1837.mat
BOOST,1837,0.70491,2.11164,0.3917,10,discharge,0,-2.114,0.705,10.0,9.9,3.4205,3.1701,118.4653,04-04-22_01.35_BOOST_protocol_HPPC_IN21700_30T_cycle_#1837.mat
BOOST,1837,0.70491,2.11164,0.3917,10,discharge,1,-8.454,2.818,10.0,9.9,3.4223,2.7135,83.8469,04-04-22_01.35_BOOST_protocol_HPPC_IN21700_30T_cycle_#1837.mat
BOOST,1837,0.70491,2.11164,0.3916,10,discharge,2,-15.727,5.242,10.0,9.9,3.4282,2.5,59.0195,04-04-22_01.35_BOOST_protocol_HPPC_IN21700_30T_cycle_#1837.mat
BOOST,1837,0.70491,2.11164,0.3916,10,discharge,3,-15.319,5.106,10.0,9.9,3.4325,2.5,60.8721,04-04-22_01.35_BOOST_protocol_HPPC_IN21700_30T_cycle_#1837.mat
BOOST,1837,0.70491,2.11164,0.3565,11,discharge,0,-2.114,0.705,10.0,9.9,3.3899,3.1212,127.1231,04-04-22_01.35_BOOST_protocol_HPPC_IN21700_30T_cycle_#1837.mat
BOOST,1837,0.70491,2.11164,0.3565,11,discharge,1,-8.453,2.818,10.0,9.9,3.3926,2.6129,92.2394,04-04-22_01.35_BOOST_protocol_HPPC_IN21700_30T_cycle_#1837.mat
BOOST,1837,0.70491,2.11164,0.3564,11,discharge,2,-13.04,4.347,10.0,9.9,3.4027,2.5,69.2255,04-04-22_01.35_BOOST_protocol_HPPC_IN21700_30T_cycle_#1837.mat
BOOST,1837,0.70491,2.11164,0.3563,11,discharge,3,-12.693,4.231,10.0,9.9,3.4063,2.5,71.4016,04-04-22_01.35_BOOST_protocol_HPPC_IN21700_30T_cycle_#1837.mat
BOOST,1837,0.70491,2.11164,0.3213,12,discharge,0,-2.114,0.705,10.0,9.9,3.3351,3.0429,138.2214,04-04-22_01.35_BOOST_protocol_HPPC_IN21700_30T_cycle_#1837.mat
BOOST,1837,0.70491,2.11164,0.3212,12,discharge,1,-8.453,2.818,10.0,9.9,3.3401,2.5,99.386,04-04-22_01.35_BOOST_protocol_HPPC_IN21700_30T_cycle_#1837.mat
BOOST,1837,0.70491,2.11164,0.3212,12,discharge,2,-9.341,3.114,10.0,9.9,3.3517,2.5,91.1826,04-04-22_01.35_BOOST_protocol_HPPC_IN21700_30T_cycle_#1837.mat
BOOST,1837,0.70491,2.11164,0.3211,12,discharge,3,-9.046,3.015,10.0,9.9,3.3537,2.5,94.3784,04-04-22_01.35_BOOST_protocol_HPPC_IN21700_30T_cycle_#1837.mat
BOOST,1875,0.69674,2.08716,1.0,0,discharge,0,-2.091,0.697,10.0,9.7,4.0753,3.8672,99.5027,04-10-22_12.55_BOOST_protocol_HPPC_IN21700_30T_cycle_#1875.mat
BOOST,1875,0.69674,2.08716,0.9999,0,discharge,1,-8.357,2.786,10.0,9.9,4.084,3.5234,67.0783,04-10-22_12.55_BOOST_protocol_HPPC_IN21700_30T_cycle_#1875.mat
BOOST,1875,0.69674,2.08716,0.9989,0,discharge,2,-16.715,5.572,10.0,9.9,4.0824,3.2081,52.3063,04-10-22_12.55_BOOST_protocol_HPPC_IN21700_30T_cycle_#1875.mat
BOOST,1875,0.69674,2.08716,0.9951,0,discharge,3,-24.027,8.009,10.0,9.9,4.08,2.9912,45.3157,04-10-22_12.55_BOOST_protocol_HPPC_IN21700_30T_cycle_#1875.mat
BOOST,1875,0.69674,2.08716,0.9552,1,discharge,0,-2.091,0.697,10.0,9.9,4.0195,3.8226,94.143,04-10-22_12.55_BOOST_protocol_HPPC_IN21700_30T_cycle_#1875.mat
BOOST,1875,0.69674,2.08716,0.9552,1,discharge,1,-8.358,2.786,10.0,9.9,4.0209,3.4914,63.3548,04-10-22_12.55_BOOST_protocol_HPPC_IN21700_30T_cycle_#1875.mat
BOOST,1875,0.69674,2.08716,0.9551,1,discharge,2,-16.716,5.572,10.0,9.9,4.0238,3.1846,50.2034,04-10-22_12.55_BOOST_protocol_HPPC_IN21700_30T_cycle_#1875.mat
BOOST,1875,0.69674,2.08716,0.9551,1,discharge,3,-24.026,8.009,10.0,9.9,4.0302,2.9682,44.2021,04-10-22_12.55_BOOST_protocol_HPPC_IN21700_30T_cycle_#1875.mat
BOOST,1875,0.69674,2.08716,0.9204,2,discharge,0,-2.092,0.697,10.0,9.9,3.9461,3.7702,84.0983,04-10-22_12.55_BOOST_protocol_HPPC_IN21700_30T_cycle_#1875.mat
BOOST,1875,0.69674,2.08716,0.9204,2,discharge,1,-8.356,2.785,10.0,9.9,3.9482,3.4556,58.9545,04-10-22_12.55_BOOST_protocol_HPPC_IN21700_30T_cycle_#1875.mat
BOOST,1875,0.69674,2.08716,0.9203,2,discharge,2,-16.715,5.572,10.0,9.9,3.9514,3.1592,47.3946,04-10-22_12.55_BOOST_protocol_HPPC_IN21700_30T_cycle_#1875.mat
BOOST,1875,0.69674,2.08716,0.9202,2,discharge,3,-24.027,8.009,10.0,9.9,3.9578,2.9494,41.9695,04-10-22_12.55_BOOST_protocol_HPPC_IN21700_30T_cycle_#1875.mat
BOOST,1875,0.69674,2.08716,0.8508,3,discharge,0,-2.09,0.697,10.0,9.9,3.8446,3.6893,74.3169,04-10-22_12.55_BOOST_protocol_HPPC_IN21700_30T_cycle_#1875.mat
BOOST,1875,0.69674,2.08716,0.8507,3,discharge,1,-8.358,2.786,10.0,9.9,3.8476,3.3822,55.6852,04-10-22_12.55_BOOST_protocol_HPPC_IN21700_30T_cycle_#1875.mat
BOOST,1875,0.69674,2.08716,0.8507,3,discharge,2,-16.716,5.572,10.0,9.9,3.8504,3.0829,45.9141,04-10-22_12.55_BOOST_protocol_HPPC_IN21700_30T_cycle_#1875.mat
BOOST,1875,0.69674,2.08716,0.8506,3,discharge,3,-24.028,8.009,10.0,9.9,3.8558,2.8719,40.9481,04-10-22_12.55_BOOST_protocol_HPPC_IN21700_30T_cycle_#1875.mat
BOOST,1875,0.69674,2.08716,0.7811,4,discharge,0,-2.09,0.697,10.0,9.9,3.7586,3.5993,76.2383,04-10-22_12.55_BOOST_protocol_HPPC_IN21700_30T_cycle_#1875.mat
BOOST,1875,0.69674,2.08716,0.7811,4,discharge,1,-8.358,2.786,10.0,9.9,3.7638,3.2895,56.7507,04-10-22_12.55_BOOST_protocol_HPPC_IN21700_30T_cycle_#1875.mat
BOOST,1875,0.69674,2.08716,0.781,4,discharge,2,-16.715,5.572,10.0,9.9,3.769,3.0001,46.0006,04-10-22_12.55_BOOST_protocol_HPPC_IN21700_30T_cycle_#1875.mat
BOOST,1875,0.69674,2.08716,0.7809,4,discharge,3,-24.027,8.009,10.0,9.9,3.7763,2.7982,40.7084,04-10-22_12.55_BOOST_protocol_HPPC_IN21700_30T_cycle_#1875.mat
BOOST,1875,0.69674,2.08716,0.7115,5,discharge,0,-2.091,0.697,10.0,9.9,3.6863,3.53,74.7311,04-10-22_12.55_BOOST_protocol_HPPC_IN21700_30T_cycle_#1875.mat
BOOST,1875,0.69674,2.08716,0.7114,5,discharge,1,-8.357,2.786,10.0,9.9,3.6897,3.2239,55.737,04-10-22_12.55_BOOST_protocol_HPPC_IN21700_30T_cycle_#1875.mat
BOOST,1875,0.69674,2.08716,0.7113,5,discharge,2,-16.715,5.572,10.0,9.9,3.6956,2.941,45.1451,04-10-22_12.55_BOOST_protocol_HPPC_IN21700_30T_cycle_#1875.mat
BOOST,1875,0.69674,2.08716,0.7113,5,discharge,3,-24.027,8.009,10.0,9.9,3.7025,2.7404,40.0425,04-10-22_12.55_BOOST_protocol_HPPC_IN21700_30T_cycle_#1875.mat
BOOST,1875,0.69674,2.08716,0.6418,6,discharge,0,-2.092,0.697,10.0,9.9,3.6284,3.4617,79.6998,04-10-22_12.55_BOOST_protocol_HPPC_IN21700_30T_cycle_#1875.mat
BOOST,1875,0.69674,2.08716,0.6418,6,discharge,1,-8.358,2.786,10.0,9.9,3.6316,3.139,58.9383,04-10-22_12.55_BOOST_protocol_HPPC_IN21700_30T_cycle_#1875.mat
BOOST,1875,0.69674,2.08716,0.6417,6,discharge,2,-16.716,5.572,10.0,9.9,3.6355,2.8458,47.2422,04-10-22_12.55_BOOST_protocol_HPPC_IN21700_30T_cycle_#1875.mat
BOOST,1875,0.69674,2.08716,0.6417,6,discharge,3,-24.026,8.009,10.0,9.9,3.6401,2.6286,42.1002,04-10-22_12.55_BOOST_protocol_HPPC_IN21700_30T_cycle_#1875.mat
BOOST,1875,0.69674,2.08716,0.5722,7,discharge,0,-2.091,0.697,10.0,9.9,3.5728,3.3961,84.4848,04-10-22_12.55_BOOST_protocol_HPPC_IN21700_30T_cycle_#1875.mat
BOOST,1875,0.69674,2.08716,0.5721,7,discharge,1,-8.357,2.786,10.0,9.9,3.5766,3.0584,62.0042,04-10-22_12.55_BOOST_protocol_HPPC_IN21700_30T_cycle_#1875.mat
BOOST,1875,0.69674,2.08716,0.5721,7,discharge,2,-16.715,5.572,10.0,9.9,3.5815,2.7493,49.7876,04-10-22_12.55_BOOST_protocol_HPPC_IN21700_30T_cycle_#1875.mat
BOOST,1875,0.69674,2.08716,0.572,7,discharge,3,-24.027,8.009,10.0,9.9,3.5875,2.5168,44.5624,04-10-22_12.55_BOOST_protocol_HPPC_IN21700_30T_cycle_#1875.mat
BOOST,1875,0.69674,2.08716,0.5025,8,discharge,0,-2.09,0.697,10.0,9.9,3.5076,3.3098,94.6547,04-10-22_12.55_BOOST_protocol_HPPC_IN21700_30T_cycle_#1875.mat
BOOST,1875,0.69674,2.08716,0.5025,8,discharge,1,-8.358,2.786,10.0,9.9,3.5115,2.9407,68.2947,04-10-22_12.55_BOOST_protocol_HPPC_IN21700_30T_cycle_#1875.mat
BOOST,1875,0.69674,2.08716,0.5024,8,discharge,2,-16.716,5.572,10.0,9.9,3.5178,2.583,55.9225,04-10-22_12.55_BOOST_protocol_HPPC_IN21700_30T_cycle_#1875.mat
BOOST,1875,0.69674,2.08716,0.5024,8,discharge,3,-23.557,7.852,10.0,9.9,3.5269,2.5,43.5921,04-10-22_12.55_BOOST_protocol_HPPC_IN21700_30T_cycle_#1875.mat
BOOST,1875,0.69674,2.08716,0.4329,9,discharge,0,-2.09,0.697,10.0,9.9,3.4416,3.2003,115.4766,04-10-22_12.55_BOOST_protocol_HPPC_IN21700_30T_cycle_#1875.mat
BOOST,1875,0.69674,2.08716,0.4328,9,discharge,1,-8.357,2.786,10.0,9.9,3.4436,2.7806,79.3337,04-10-22_12.55_BOOST_protocol_HPPC_IN21700_30T_cycle_#1875.mat
BOOST,1875,0.69674,2.08716,0.4328,9,discharge,2,-16.712,5.571,10.0,9.9,3.4493,2.4999,56.8095,04-10-22_12.55_BOOST_protocol_HPPC_IN21700_30T_cycle_#1875.mat
BOOST,1875,0.69674,2.08716,0.4327,9,discharge,3,-17.607,5.869,10.0,9.9,3.4555,2.5,54.2682,04-10-22_12.55_BOOST_protocol_HPPC_IN21700_30T_cycle_#1875.mat
BOOST,1875,0.69674,2.08716,0.3981,10,discharge,0,-2.091,0.697,10.0,9.9,3.4159,3.1594,122.6451,04-10-22_12.55_BOOST_protocol_HPPC_IN21700_30T_cycle_#1875.mat
BOOST,1875,0.69674,2.08716,0.398,10,discharge,1,-8.357,2.786,10.0,9.9,3.4187,2.7109,84.6904,04-10-22_12.55_BOOST_protocol_HPPC_IN21700_30T_cycle_#1875.mat
BOOST,1875,0.69674,2.08716,0.3979,10,discharge,2,-15.301,5.1,10.0,9.9,3.4253,2.5,60.4732,04-10-22_12.55_BOOST_protocol_HPPC_IN21700_30T_cycle_#1875.mat
BOOST,1875,0.69674,2.08716,0.3979,10,discharge,3,-14.573,4.858,10.0,9.9,3.4297,2.5,63.7961,04-10-22_12.55_BOOST_protocol_HPPC_IN21700_30T_cycle_#1875.mat
BOOST,1875,0.69674,2.08716,0.3632,11,discharge,0,-2.09,0.697,10.0,9.9,3.386,3.1006,136.5681,04-10-22_12.55_BOOST_protocol_HPPC_IN21700_30T_cycle_#1875.mat
BOOST,1875,0.69674,2.08716,0.3632,11,discharge,1,-8.358,2.786,10.0,9.9,3.3889,2.573,97.6226,04-10-22_12.55_BOOST_protocol_HPPC_IN21700_30T_cycle_#1875.mat
BOOST,1875,0.69674,2.08716,0.3631,11,discharge,2,-12.005,4.002,10.0,9.9,3.3993,2.5,74.9105,04-10-22_12.55_BOOST_protocol_HPPC_IN21700_30T_cycle_#1875.mat
BOOST,1875,0.69674,2.08716,0.3631,11,discharge,3,-11.64,3.88,10.0,9.9,3.4031,2.5001,77.5773,04-10-22_12.55_BOOST_protocol_HPPC_IN21700_30T_cycle_#1875.mat
BOOST,1875,0.69674,2.08716,0.3284,12,discharge,0,-2.092,0.697,10.0,9.9,3.3264,3.0278,142.741,04-10-22_12.55_BOOST_protocol_HPPC_IN21700_30T_cycle_#1875.mat
BOOST,1875,0.69674,2.08716,0.3284,12,discharge,1,-8.357,2.786,10.0,9.9,3.331,2.4999,99.4484,04-10-22_12.55_BOOST_protocol_HPPC_IN21700_30T_cycle_#1875.mat
BOOST,1875,0.69674,2.08716,0.3283,12,discharge,2,-9.106,3.035,10.0,9.9,3.3426,2.5,92.5324,04-10-22_12.55_BOOST_protocol_HPPC_IN21700_30T_cycle_#1875.mat
BOOST,1875,0.69674,2.08716,0.3283,12,discharge,3,-8.897,2.966,10.0,9.9,3.345,2.5,94.9716,04-10-22_12.55_BOOST_protocol_HPPC_IN21700_30T_cycle_#1875.mat
