protocol,cycle,SOH,CAP_Ah,SOC,soc_group,direction,rate_rank,I_A,CRate_rated,tau_s,tau_actual_s,V_pre_V,V_tau_V,R_mOhm,file
CC,5,0.99952,2.97197,1.0,0,discharge,0,-2.975,0.992,10.0,9.9,4.1803,4.1307,16.6717,05-03-21_16.59_CC_protocol_HPPC_IN21700_30T_cycle_#5.mat
CC,5,0.99952,2.97197,0.9999,0,discharge,1,-11.889,3.963,10.0,9.9,4.1801,3.9926,15.7709,05-03-21_16.59_CC_protocol_HPPC_IN21700_30T_cycle_#5.mat
CC,5,0.99952,2.97197,0.9998,0,discharge,2,-23.775,7.925,10.0,9.9,4.1801,3.8289,14.7718,05-03-21_16.59_CC_protocol_HPPC_IN21700_30T_cycle_#5.mat
CC,5,0.99952,2.97197,0.9996,0,discharge,3,-34.174,11.391,10.0,9.9,4.1798,3.7034,13.9404,05-03-21_16.59_CC_protocol_HPPC_IN21700_30T_cycle_#5.mat
CC,5,0.99952,2.97197,0.9501,1,discharge,0,-2.973,0.991,10.0,9.9,4.104,4.0604,14.6638,05-03-21_16.59_CC_protocol_HPPC_IN21700_30T_cycle_#5.mat
CC,5,0.99952,2.97197,0.95,1,discharge,1,-11.889,3.963,10.0,9.9,4.104,3.9381,13.9541,05-03-21_16.59_CC_protocol_HPPC_IN21700_30T_cycle_#5.mat
CC,5,0.99952,2.97197,0.9499,1,discharge,2,-23.776,7.925,10.0,9.9,4.1041,3.7926,13.1014,05-03-21_16.59_CC_protocol_HPPC_IN21700_30T_cycle_#5.mat
CC,5,0.99952,2.97197,0.9498,1,discharge,3,-34.172,11.391,10.0,9.9,4.1044,3.6713,12.6741,05-03-21_16.59_CC_protocol_HPPC_IN21700_30T_cycle_#5.mat
CC,5,0.99952,2.97197,0.9005,2,discharge,0,-2.971,0.99,10.0,9.9,4.0828,4.0396,14.5406,05-03-21_16.59_CC_protocol_HPPC_IN21700_30T_cycle_#5.mat
CC,5,0.99952,2.97197,0.9005,2,discharge,1,-11.889,3.963,10.0,9.9,4.0826,3.9195,13.7186,05-03-21_16.59_CC_protocol_HPPC_IN21700_30T_cycle_#5.mat
CC,5,0.99952,2.97197,0.9003,2,discharge,2,-23.778,7.926,10.0,9.9,4.0828,3.7743,12.9742,05-03-21_16.59_CC_protocol_HPPC_IN21700_30T_cycle_#5.mat
CC,5,0.99952,2.97197,0.9003,2,discharge,3,-34.174,11.391,10.0,9.9,4.0831,3.6503,12.6646,05-03-21_16.59_CC_protocol_HPPC_IN21700_30T_cycle_#5.mat
CC,5,0.99952,2.97197,0.8015,3,discharge,0,-2.973,0.991,10.0,9.9,4.0276,3.9782,16.6151,05-03-21_16.59_CC_protocol_HPPC_IN21700_30T_cycle_#5.mat
CC,5,0.99952,2.97197,0.8014,3,discharge,1,-11.889,3.963,10.0,9.9,4.0276,3.8456,15.3083,05-03-21_16.59_CC_protocol_HPPC_IN21700_30T_cycle_#5.mat
CC,5,0.99952,2.97197,0.8013,3,discharge,2,-23.776,7.925,10.0,9.9,4.028,3.692,14.1319,05-03-21_16.59_CC_protocol_HPPC_IN21700_30T_cycle_#5.mat
CC,5,0.99952,2.97197,0.8012,3,discharge,3,-34.174,11.391,10.0,9.9,4.0282,3.5644,13.5717,05-03-21_16.59_CC_protocol_HPPC_IN21700_30T_cycle_#5.mat
CC,5,0.99952,2.97197,0.7024,4,discharge,0,-2.971,0.99,10.0,9.9,3.9222,3.8726,16.6942,05-03-21_16.59_CC_protocol_HPPC_IN21700_30T_cycle_#5.mat
CC,5,0.99952,2.97197,0.7023,4,discharge,1,-11.889,3.963,10.0,9.9,3.9224,3.7457,14.8625,05-03-21_16.59_CC_protocol_HPPC_IN21700_30T_cycle_#5.mat
CC,5,0.99952,2.97197,0.7022,4,discharge,2,-23.774,7.925,10.0,9.9,3.9226,3.6034,13.4264,05-03-21_16.59_CC_protocol_HPPC_IN21700_30T_cycle_#5.mat
CC,5,0.99952,2.97197,0.7021,4,discharge,3,-34.174,11.391,10.0,9.9,3.9231,3.4838,12.8548,05-03-21_16.59_CC_protocol_HPPC_IN21700_30T_cycle_#5.mat
CC,5,0.99952,2.97197,0.6033,5,discharge,0,-2.973,0.991,10.0,9.9,3.8521,3.8006,17.3214,05-03-21_16.59_CC_protocol_HPPC_IN21700_30T_cycle_#5.mat
CC,5,0.99952,2.97197,0.6032,5,discharge,1,-11.89,3.963,10.0,9.9,3.8523,3.6743,14.9706,05-03-21_16.59_CC_protocol_HPPC_IN21700_30T_cycle_#5.mat
CC,5,0.99952,2.97197,0.6032,5,discharge,2,-23.775,7.925,10.0,9.9,3.8527,3.5257,13.7539,05-03-21_16.59_CC_protocol_HPPC_IN21700_30T_cycle_#5.mat
CC,5,0.99952,2.97197,0.6031,5,discharge,3,-34.173,11.391,10.0,9.9,3.8534,3.4012,13.2327,05-03-21_16.59_CC_protocol_HPPC_IN21700_30T_cycle_#5.mat
CC,5,0.99952,2.97197,0.5042,6,discharge,0,-2.971,0.99,10.0,9.9,3.7295,3.6877,14.0674,05-03-21_16.59_CC_protocol_HPPC_IN21700_30T_cycle_#5.mat
CC,5,0.99952,2.97197,0.5042,6,discharge,1,-11.89,3.963,10.0,9.9,3.7295,3.5683,13.5576,05-03-21_16.59_CC_protocol_HPPC_IN21700_30T_cycle_#5.mat
CC,5,0.99952,2.97197,0.5041,6,discharge,2,-23.774,7.925,10.0,9.9,3.7296,3.418,13.1068,05-03-21_16.59_CC_protocol_HPPC_IN21700_30T_cycle_#5.mat
CC,5,0.99952,2.97197,0.504,6,discharge,3,-34.175,11.392,10.0,9.9,3.7298,3.2916,12.8222,05-03-21_16.59_CC_protocol_HPPC_IN21700_30T_cycle_#5.mat
CC,5,0.99952,2.97197,0.4052,7,discharge,0,-2.974,0.991,10.0,9.9,3.6493,3.6085,13.7212,05-03-21_16.59_CC_protocol_HPPC_IN21700_30T_cycle_#5.mat
CC,5,0.99952,2.97197,0.4051,7,discharge,1,-11.888,3.963,10.0,9.9,3.6486,3.4894,13.3917,05-03-21_16.59_CC_protocol_HPPC_IN21700_30T_cycle_#5.mat
CC,5,0.99952,2.97197,0.405,7,discharge,2,-23.776,7.925,10.0,9.9,3.6495,3.339,13.0594,05-03-21_16.59_CC_protocol_HPPC_IN21700_30T_cycle_#5.mat
CC,5,0.99952,2.97197,0.4049,7,discharge,3,-34.172,11.391,10.0,9.9,3.6497,3.2129,12.7824,05-03-21_16.59_CC_protocol_HPPC_IN21700_30T_cycle_#5.mat
CC,5,0.99952,2.97197,0.3061,8,discharge,0,-2.974,0.991,10.0,9.9,3.5908,3.5499,13.7544,05-03-21_16.59_CC_protocol_HPPC_IN21700_30T_cycle_#5.mat
CC,5,0.99952,2.97197,0.306,8,discharge,1,-11.89,3.963,10.0,9.9,3.591,3.429,13.6249,05-03-21_16.59_CC_protocol_HPPC_IN21700_30T_cycle_#5.mat
CC,5,0.99952,2.97197,0.3059,8,discharge,2,-23.777,7.926,10.0,9.9,3.5906,3.2754,13.2565,05-03-21_16.59_CC_protocol_HPPC_IN21700_30T_cycle_#5.mat
CC,5,0.99952,2.97197,0.3058,8,discharge,3,-34.175,11.392,10.0,9.9,3.5901,3.1464,12.9832,05-03-21_16.59_CC_protocol_HPPC_IN21700_30T_cycle_#5.mat
CC,5,0.99952,2.97197,0.207,9,discharge,0,-2.971,0.99,10.0,9.9,3.5055,3.4627,14.4035,05-03-21_16.59_CC_protocol_HPPC_IN21700_30T_cycle_#5.mat
CC,5,0.99952,2.97197,0.2069,9,discharge,1,-11.89,3.963,10.0,9.9,3.5057,3.3407,13.8772,05-03-21_16.59_CC_protocol_HPPC_IN21700_30T_cycle_#5.mat
CC,5,0.99952,2.97197,0.2068,9,discharge,2,-23.776,7.925,10.0,9.9,3.5086,3.18,13.8207,05-03-21_16.59_CC_protocol_HPPC_IN21700_30T_cycle_#5.mat
CC,5,0.99952,2.97197,0.2067,9,discharge,3,-34.174,11.391,10.0,9.9,3.5089,3.0425,13.6478,05-03-21_16.59_CC_protocol_HPPC_IN21700_30T_cycle_#5.mat
CC,5,0.99952,2.97197,0.1575,10,discharge,0,-2.974,0.991,10.0,9.9,3.4455,3.401,14.9655,05-03-21_16.59_CC_protocol_HPPC_IN21700_30T_cycle_#5.mat
CC,5,0.99952,2.97197,0.1574,10,discharge,1,-11.89,3.963,10.0,9.9,3.446,3.277,14.2136,05-03-21_16.59_CC_protocol_HPPC_IN21700_30T_cycle_#5.mat
CC,5,0.99952,2.97197,0.1573,10,discharge,2,-23.774,7.925,10.0,9.9,3.4472,3.1108,14.1499,05-03-21_16.59_CC_protocol_HPPC_IN21700_30T_cycle_#5.mat
CC,5,0.99952,2.97197,0.1572,10,discharge,3,-34.173,11.391,10.0,9.9,3.4469,2.9378,14.8977,05-03-21_16.59_CC_protocol_HPPC_IN21700_30T_cycle_#5.mat
CC,5,0.99952,2.97197,0.1079,11,discharge,0,-2.972,0.991,10.0,9.9,3.4029,3.3539,16.4867,05-03-21_16.59_CC_protocol_HPPC_IN21700_30T_cycle_#5.mat
CC,5,0.99952,2.97197,0.1079,11,discharge,1,-11.89,3.963,10.0,9.9,3.4033,3.1994,17.1489,05-03-21_16.59_CC_protocol_HPPC_IN21700_30T_cycle_#5.mat
CC,5,0.99952,2.97197,0.1077,11,discharge,2,-23.776,7.925,10.0,9.9,3.4048,2.8976,21.3324,05-03-21_16.59_CC_protocol_HPPC_IN21700_30T_cycle_#5.mat
CC,5,0.99952,2.97197,0.1077,11,discharge,3,-34.176,11.392,10.0,9.9,3.4037,2.4994,26.4601,05-03-21_16.59_CC_protocol_HPPC_IN21700_30T_cycle_#5.mat
CC,5,0.99952,2.97197,0.0584,12,discharge,0,-2.974,0.991,10.0,9.9,3.3498,3.2785,23.9736,05-03-21_16.59_CC_protocol_HPPC_IN21700_30T_cycle_#5.mat
CC,5,0.99952,2.97197,0.0583,12,discharge,1,-11.89,3.963,10.0,9.9,3.3514,2.9139,36.7956,05-03-21_16.59_CC_protocol_HPPC_IN21700_30T_cycle_#5.mat
CC,5,0.99952,2.97197,0.0582,12,discharge,2,-23.776,7.925,10.0,9.9,3.3548,2.4997,35.9648,05-03-21_16.59_CC_protocol_HPPC_IN21700_30T_cycle_#5.mat
CC,5,0.99952,2.97197,0.0581,12,discharge,3,-20.707,6.902,10.0,9.9,3.3538,2.4998,41.2421,05-03-21_16.59_CC_protocol_HPPC_IN21700_30T_cycle_#5.mat
CC,40,0.99362,2.95442,1.0,0,discharge,0,-2.957,0.986,10.0,9.9,4.1811,4.1313,16.8403,05-10-21_01.48_CC_protocol_HPPC_IN21700_30T_cycle_#40.mat
CC,40,0.99362,2.95442,0.9999,0,discharge,1,-11.818,3.939,10.0,9.9,4.1808,3.9951,15.7133,05-10-21_01.48_CC_protocol_HPPC_IN21700_30T_cycle_#40.mat
CC,40,0.99362,2.95442,0.9997,0,discharge,2,-23.642,7.881,10.0,9.9,4.1805,3.836,14.5715,05-10-21_01.48_CC_protocol_HPPC_IN21700_30T_cycle_#40.mat
CC,40,0.99362,2.95442,0.9991,0,discharge,3,-33.983,11.328,10.0,9.9,4.1792,3.7125,13.7333,05-10-21_01.48_CC_protocol_HPPC_IN21700_30T_cycle_#40.mat
CC,40,0.99362,2.95442,0.9497,1,discharge,0,-2.957,0.986,10.0,9.9,4.1036,4.0616,14.2041,05-10-21_01.48_CC_protocol_HPPC_IN21700_30T_cycle_#40.mat
CC,40,0.99362,2.95442,0.9497,1,discharge,1,-11.819,3.94,10.0,9.9,4.1037,3.9438,13.5291,05-10-21_01.48_CC_protocol_HPPC_IN21700_30T_cycle_#40.mat
CC,40,0.99362,2.95442,0.9496,1,discharge,2,-23.642,7.881,10.0,9.9,4.1037,3.8014,12.7866,05-10-21_01.48_CC_protocol_HPPC_IN21700_30T_cycle_#40.mat
CC,40,0.99362,2.95442,0.9494,1,discharge,3,-33.981,11.327,10.0,9.9,4.104,3.6822,12.4128,05-10-21_01.48_CC_protocol_HPPC_IN21700_30T_cycle_#40.mat
CC,40,0.99362,2.95442,0.9005,2,discharge,0,-2.959,0.986,10.0,9.9,4.0828,4.0418,13.856,05-10-21_01.48_CC_protocol_HPPC_IN21700_30T_cycle_#40.mat
CC,40,0.99362,2.95442,0.9004,2,discharge,1,-11.821,3.94,10.0,9.9,4.0827,3.9261,13.2476,05-10-21_01.48_CC_protocol_HPPC_IN21700_30T_cycle_#40.mat
CC,40,0.99362,2.95442,0.9003,2,discharge,2,-23.643,7.881,10.0,9.9,4.0829,3.7845,12.6211,05-10-21_01.48_CC_protocol_HPPC_IN21700_30T_cycle_#40.mat
CC,40,0.99362,2.95442,0.9002,2,discharge,3,-33.981,11.327,10.0,9.9,4.0832,3.6628,12.3716,05-10-21_01.48_CC_protocol_HPPC_IN21700_30T_cycle_#40.mat
CC,40,0.99362,2.95442,0.8019,3,discharge,0,-2.957,0.986,10.0,9.9,4.0285,3.9818,15.7936,05-10-21_01.48_CC_protocol_HPPC_IN21700_30T_cycle_#40.mat
CC,40,0.99362,2.95442,0.8019,3,discharge,1,-11.821,3.94,10.0,9.9,4.0287,3.8529,14.8718,05-10-21_01.48_CC_protocol_HPPC_IN21700_30T_cycle_#40.mat
CC,40,0.99362,2.95442,0.8017,3,discharge,2,-23.642,7.881,10.0,9.9,4.0288,3.7039,13.7425,05-10-21_01.48_CC_protocol_HPPC_IN21700_30T_cycle_#40.mat
CC,40,0.99362,2.95442,0.8017,3,discharge,3,-33.981,11.327,10.0,9.9,4.0292,3.5797,13.228,05-10-21_01.48_CC_protocol_HPPC_IN21700_30T_cycle_#40.mat
CC,40,0.99362,2.95442,0.7034,4,discharge,0,-2.957,0.986,10.0,9.9,3.9225,3.8754,15.9272,05-10-21_01.48_CC_protocol_HPPC_IN21700_30T_cycle_#40.mat
CC,40,0.99362,2.95442,0.7034,4,discharge,1,-11.821,3.94,10.0,9.9,3.9227,3.7516,14.4742,05-10-21_01.48_CC_protocol_HPPC_IN21700_30T_cycle_#40.mat
CC,40,0.99362,2.95442,0.7033,4,discharge,2,-23.641,7.88,10.0,9.9,3.9229,3.61,13.2355,05-10-21_01.48_CC_protocol_HPPC_IN21700_30T_cycle_#40.mat
CC,40,0.99362,2.95442,0.7032,4,discharge,3,-33.982,11.327,10.0,9.9,3.9226,3.4916,12.6832,05-10-21_01.48_CC_protocol_HPPC_IN21700_30T_cycle_#40.mat
CC,40,0.99362,2.95442,0.6049,5,discharge,0,-2.957,0.986,10.0,9.9,3.8497,3.7994,17.0093,05-10-21_01.48_CC_protocol_HPPC_IN21700_30T_cycle_#40.mat
CC,40,0.99362,2.95442,0.6048,5,discharge,1,-11.821,3.94,10.0,9.9,3.8499,3.676,14.7111,05-10-21_01.48_CC_protocol_HPPC_IN21700_30T_cycle_#40.mat
CC,40,0.99362,2.95442,0.6047,5,discharge,2,-23.639,7.88,10.0,9.9,3.8501,3.5339,13.3762,05-10-21_01.48_CC_protocol_HPPC_IN21700_30T_cycle_#40.mat
CC,40,0.99362,2.95442,0.6046,5,discharge,3,-33.98,11.327,10.0,9.9,3.8497,3.413,12.8517,05-10-21_01.48_CC_protocol_HPPC_IN21700_30T_cycle_#40.mat
CC,40,0.99362,2.95442,0.5064,6,discharge,0,-2.958,0.986,10.0,9.9,3.7305,3.6903,13.5921,05-10-21_01.48_CC_protocol_HPPC_IN21700_30T_cycle_#40.mat
CC,40,0.99362,2.95442,0.5063,6,discharge,1,-11.819,3.94,10.0,9.9,3.7307,3.5751,13.1652,05-10-21_01.48_CC_protocol_HPPC_IN21700_30T_cycle_#40.mat
CC,40,0.99362,2.95442,0.5062,6,discharge,2,-23.64,7.88,10.0,9.9,3.7309,3.4294,12.7538,05-10-21_01.48_CC_protocol_HPPC_IN21700_30T_cycle_#40.mat
CC,40,0.99362,2.95442,0.5061,6,discharge,3,-33.984,11.328,10.0,9.9,3.7301,3.3053,12.5,05-10-21_01.48_CC_protocol_HPPC_IN21700_30T_cycle_#40.mat
CC,40,0.99362,2.95442,0.4079,7,discharge,0,-2.958,0.986,10.0,9.9,3.6493,3.6109,12.9835,05-10-21_01.48_CC_protocol_HPPC_IN21700_30T_cycle_#40.mat
CC,40,0.99362,2.95442,0.4078,7,discharge,1,-11.822,3.941,10.0,9.9,3.6501,3.4957,13.0604,05-10-21_01.48_CC_protocol_HPPC_IN21700_30T_cycle_#40.mat
CC,40,0.99362,2.95442,0.4077,7,discharge,2,-23.64,7.88,10.0,9.9,3.6497,3.3504,12.6607,05-10-21_01.48_CC_protocol_HPPC_IN21700_30T_cycle_#40.mat
CC,40,0.99362,2.95442,0.4076,7,discharge,3,-33.98,11.327,10.0,9.9,3.6499,3.2267,12.4544,05-10-21_01.48_CC_protocol_HPPC_IN21700_30T_cycle_#40.mat
CC,40,0.99362,2.95442,0.3094,8,discharge,0,-2.958,0.986,10.0,9.9,3.5905,3.5513,13.2544,05-10-21_01.48_CC_protocol_HPPC_IN21700_30T_cycle_#40.mat
CC,40,0.99362,2.95442,0.3093,8,discharge,1,-11.821,3.94,10.0,9.9,3.5906,3.4353,13.1376,05-10-21_01.48_CC_protocol_HPPC_IN21700_30T_cycle_#40.mat
CC,40,0.99362,2.95442,0.3092,8,discharge,2,-23.64,7.88,10.0,9.9,3.5903,3.2874,12.813,05-10-21_01.48_CC_protocol_HPPC_IN21700_30T_cycle_#40.mat
CC,40,0.99362,2.95442,0.3091,8,discharge,3,-33.984,11.328,10.0,9.9,3.59,3.1611,12.6206,05-10-21_01.48_CC_protocol_HPPC_IN21700_30T_cycle_#40.mat
CC,40,0.99362,2.95442,0.2109,9,discharge,0,-2.956,0.985,10.0,9.9,3.5024,3.4607,14.1083,05-10-21_01.48_CC_protocol_HPPC_IN21700_30T_cycle_#40.mat
CC,40,0.99362,2.95442,0.2108,9,discharge,1,-11.82,3.94,10.0,9.9,3.5028,3.3407,13.714,05-10-21_01.48_CC_protocol_HPPC_IN21700_30T_cycle_#40.mat
CC,40,0.99362,2.95442,0.2107,9,discharge,2,-23.641,7.88,10.0,9.9,3.5061,3.1815,13.7304,05-10-21_01.48_CC_protocol_HPPC_IN21700_30T_cycle_#40.mat
CC,40,0.99362,2.95442,0.2106,9,discharge,3,-33.982,11.327,10.0,9.9,3.5061,3.0427,13.6366,05-10-21_01.48_CC_protocol_HPPC_IN21700_30T_cycle_#40.mat
CC,40,0.99362,2.95442,0.1616,10,discharge,0,-2.958,0.986,10.0,9.9,3.4426,3.3985,14.9112,05-10-21_01.48_CC_protocol_HPPC_IN21700_30T_cycle_#40.mat
CC,40,0.99362,2.95442,0.1615,10,discharge,1,-11.82,3.94,10.0,9.9,3.4431,3.2757,14.1624,05-10-21_01.48_CC_protocol_HPPC_IN21700_30T_cycle_#40.mat
CC,40,0.99362,2.95442,0.1614,10,discharge,2,-23.642,7.881,10.0,9.9,3.4441,3.1048,14.3516,05-10-21_01.48_CC_protocol_HPPC_IN21700_30T_cycle_#40.mat
CC,40,0.99362,2.95442,0.1614,10,discharge,3,-33.982,11.327,10.0,9.9,3.4429,2.9308,15.0697,05-10-21_01.48_CC_protocol_HPPC_IN21700_30T_cycle_#40.mat
CC,40,0.99362,2.95442,0.1123,11,discharge,0,-2.958,0.986,10.0,9.9,3.4032,3.3543,16.5298,05-10-21_01.48_CC_protocol_HPPC_IN21700_30T_cycle_#40.mat
CC,40,0.99362,2.95442,0.1123,11,discharge,1,-11.82,3.94,10.0,9.9,3.4036,3.1986,17.3435,05-10-21_01.48_CC_protocol_HPPC_IN21700_30T_cycle_#40.mat
CC,40,0.99362,2.95442,0.1122,11,discharge,2,-23.641,7.88,10.0,9.9,3.4054,2.8858,21.9788,05-10-21_01.48_CC_protocol_HPPC_IN21700_30T_cycle_#40.mat
CC,40,0.99362,2.95442,0.1121,11,discharge,3,-33.983,11.328,10.0,9.9,3.4035,2.5081,26.3485,05-10-21_01.48_CC_protocol_HPPC_IN21700_30T_cycle_#40.mat
CC,40,0.99362,2.95442,0.0631,12,discharge,0,-2.958,0.986,10.0,9.9,3.3413,3.2686,24.5766,05-10-21_01.48_CC_protocol_HPPC_IN21700_30T_cycle_#40.mat
CC,40,0.99362,2.95442,0.063,12,discharge,1,-11.82,3.94,10.0,9.9,3.3432,2.8949,37.9272,05-10-21_01.48_CC_protocol_HPPC_IN21700_30T_cycle_#40.mat
CC,40,0.99362,2.95442,0.0629,12,discharge,2,-23.639,7.88,10.0,9.9,3.3452,2.5235,34.7604,05-10-21_01.48_CC_protocol_HPPC_IN21700_30T_cycle_#40.mat
CC,40,0.99362,2.95442,0.0628,12,discharge,3,-20.473,6.824,10.0,9.9,3.3454,2.5212,40.2579,05-10-21_01.48_CC_protocol_HPPC_IN21700_30T_cycle_#40.mat
CC,76,0.99023,2.94434,1.0,0,discharge,0,-2.947,0.982,10.0,9.9,4.1798,4.1288,17.3063,05-17-21_13.52_CC_protocol_HPPC_IN21700_30T_cycle_#76.mat
CC,76,0.99023,2.94434,0.9999,0,discharge,1,-11.786,3.929,10.0,9.9,4.1796,3.9913,15.9766,05-17-21_13.52_CC_protocol_HPPC_IN21700_30T_cycle_#76.mat
CC,76,0.99023,2.94434,0.9998,0,discharge,2,-23.569,7.856,10.0,9.9,4.1795,3.8328,14.71,05-17-21_13.52_CC_protocol_HPPC_IN21700_30T_cycle_#76.mat
CC,76,0.99023,2.94434,0.9991,0,discharge,3,-33.877,11.292,10.0,9.9,4.1778,3.7092,13.8324,05-17-21_13.52_CC_protocol_HPPC_IN21700_30T_cycle_#76.mat
CC,76,0.99023,2.94434,0.9497,1,discharge,0,-2.949,0.983,10.0,9.9,4.1034,4.0614,14.2426,05-17-21_13.52_CC_protocol_HPPC_IN21700_30T_cycle_#76.mat
CC,76,0.99023,2.94434,0.9497,1,discharge,1,-11.787,3.929,10.0,9.9,4.1034,3.9435,13.5658,05-17-21_13.52_CC_protocol_HPPC_IN21700_30T_cycle_#76.mat
CC,76,0.99023,2.94434,0.9496,1,discharge,2,-23.57,7.857,10.0,9.9,4.1037,3.8007,12.8553,05-17-21_13.52_CC_protocol_HPPC_IN21700_30T_cycle_#76.mat
CC,76,0.99023,2.94434,0.9495,1,discharge,3,-33.878,11.293,10.0,9.9,4.1039,3.6806,12.4948,05-17-21_13.52_CC_protocol_HPPC_IN21700_30T_cycle_#76.mat
CC,76,0.99023,2.94434,0.9006,2,discharge,0,-2.947,0.982,10.0,9.9,4.0828,4.0424,13.7084,05-17-21_13.52_CC_protocol_HPPC_IN21700_30T_cycle_#76.mat
CC,76,0.99023,2.94434,0.9006,2,discharge,1,-11.787,3.929,10.0,9.91,4.0822,3.9265,13.2095,05-17-21_13.52_CC_protocol_HPPC_IN21700_30T_cycle_#76.mat
CC,76,0.99023,2.94434,0.9005,2,discharge,2,-23.568,7.856,10.0,9.9,4.083,3.7837,12.6994,05-17-21_13.52_CC_protocol_HPPC_IN21700_30T_cycle_#76.mat
CC,76,0.99023,2.94434,0.9004,2,discharge,3,-33.878,11.293,10.0,9.9,4.0834,3.6607,12.4771,05-17-21_13.52_CC_protocol_HPPC_IN21700_30T_cycle_#76.mat
CC,76,0.99023,2.94434,0.8025,3,discharge,0,-2.947,0.982,10.0,9.9,4.0277,3.9818,15.5736,05-17-21_13.52_CC_protocol_HPPC_IN21700_30T_cycle_#76.mat
CC,76,0.99023,2.94434,0.8024,3,discharge,1,-11.787,3.929,10.0,9.9,4.028,3.8517,14.9572,05-17-21_13.52_CC_protocol_HPPC_IN21700_30T_cycle_#76.mat
CC,76,0.99023,2.94434,0.8023,3,discharge,2,-23.569,7.856,10.0,9.9,4.0288,3.7011,13.9039,05-17-21_13.52_CC_protocol_HPPC_IN21700_30T_cycle_#76.mat
CC,76,0.99023,2.94434,0.8022,3,discharge,3,-33.879,11.293,10.0,9.9,4.0291,3.5762,13.3682,05-17-21_13.52_CC_protocol_HPPC_IN21700_30T_cycle_#76.mat
CC,76,0.99023,2.94434,0.7042,4,discharge,0,-2.947,0.982,10.0,9.9,3.9226,3.8752,16.0825,05-17-21_13.52_CC_protocol_HPPC_IN21700_30T_cycle_#76.mat
CC,76,0.99023,2.94434,0.7042,4,discharge,1,-11.784,3.928,10.0,9.9,3.9227,3.7512,14.5536,05-17-21_13.52_CC_protocol_HPPC_IN21700_30T_cycle_#76.mat
CC,76,0.99023,2.94434,0.7041,4,discharge,2,-23.569,7.856,10.0,9.9,3.923,3.6131,13.1486,05-17-21_13.52_CC_protocol_HPPC_IN21700_30T_cycle_#76.mat
CC,76,0.99023,2.94434,0.704,4,discharge,3,-33.878,11.293,10.0,9.9,3.9234,3.4964,12.604,05-17-21_13.52_CC_protocol_HPPC_IN21700_30T_cycle_#76.mat
CC,76,0.99023,2.94434,0.606,5,discharge,0,-2.947,0.982,10.0,9.9,3.8479,3.7979,16.9641,05-17-21_13.52_CC_protocol_HPPC_IN21700_30T_cycle_#76.mat
CC,76,0.99023,2.94434,0.606,5,discharge,1,-11.786,3.929,10.0,9.9,3.8478,3.6753,14.636,05-17-21_13.52_CC_protocol_HPPC_IN21700_30T_cycle_#76.mat
CC,76,0.99023,2.94434,0.6059,5,discharge,2,-23.569,7.856,10.0,9.9,3.8474,3.5337,13.3099,05-17-21_13.52_CC_protocol_HPPC_IN21700_30T_cycle_#76.mat
CC,76,0.99023,2.94434,0.6058,5,discharge,3,-33.879,11.293,10.0,9.9,3.8479,3.4123,12.8575,05-17-21_13.52_CC_protocol_HPPC_IN21700_30T_cycle_#76.mat
CC,76,0.99023,2.94434,0.5078,6,discharge,0,-2.949,0.983,10.0,9.9,3.7302,3.6901,13.596,05-17-21_13.52_CC_protocol_HPPC_IN21700_30T_cycle_#76.mat
CC,76,0.99023,2.94434,0.5078,6,discharge,1,-11.786,3.929,10.0,9.9,3.7303,3.5752,13.1597,05-17-21_13.52_CC_protocol_HPPC_IN21700_30T_cycle_#76.mat
CC,76,0.99023,2.94434,0.5077,6,discharge,2,-23.57,7.857,10.0,9.9,3.7304,3.4296,12.762,05-17-21_13.52_CC_protocol_HPPC_IN21700_30T_cycle_#76.mat
CC,76,0.99023,2.94434,0.5076,6,discharge,3,-33.879,11.293,10.0,9.9,3.7306,3.3048,12.5683,05-17-21_13.52_CC_protocol_HPPC_IN21700_30T_cycle_#76.mat
CC,76,0.99023,2.94434,0.4096,7,discharge,0,-2.946,0.982,10.0,9.91,3.6491,3.6109,12.9681,05-17-21_13.52_CC_protocol_HPPC_IN21700_30T_cycle_#76.mat
CC,76,0.99023,2.94434,0.4096,7,discharge,1,-11.788,3.929,10.0,9.9,3.6492,3.496,12.9963,05-17-21_13.52_CC_protocol_HPPC_IN21700_30T_cycle_#76.mat
CC,76,0.99023,2.94434,0.4095,7,discharge,2,-23.571,7.857,10.0,9.9,3.65,3.3506,12.702,05-17-21_13.52_CC_protocol_HPPC_IN21700_30T_cycle_#76.mat
CC,76,0.99023,2.94434,0.4094,7,discharge,3,-33.879,11.293,10.0,9.9,3.6504,3.226,12.5269,05-17-21_13.52_CC_protocol_HPPC_IN21700_30T_cycle_#76.mat
CC,76,0.99023,2.94434,0.3114,8,discharge,0,-2.948,0.983,10.0,9.9,3.5903,3.5508,13.4003,05-17-21_13.52_CC_protocol_HPPC_IN21700_30T_cycle_#76.mat
CC,76,0.99023,2.94434,0.3114,8,discharge,1,-11.784,3.928,10.0,9.9,3.5902,3.4346,13.2043,05-17-21_13.52_CC_protocol_HPPC_IN21700_30T_cycle_#76.mat
CC,76,0.99023,2.94434,0.3112,8,discharge,2,-23.569,7.856,10.0,9.91,3.5899,3.2858,12.9025,05-17-21_13.52_CC_protocol_HPPC_IN21700_30T_cycle_#76.mat
CC,76,0.99023,2.94434,0.3112,8,discharge,3,-33.875,11.292,10.0,9.9,3.5889,3.1584,12.7085,05-17-21_13.52_CC_protocol_HPPC_IN21700_30T_cycle_#76.mat
CC,76,0.99023,2.94434,0.2132,9,discharge,0,-2.948,0.983,10.0,9.9,3.5014,3.46,14.0444,05-17-21_13.52_CC_protocol_HPPC_IN21700_30T_cycle_#76.mat
CC,76,0.99023,2.94434,0.2132,9,discharge,1,-11.786,3.929,10.0,9.9,3.5012,3.3414,13.5585,05-17-21_13.52_CC_protocol_HPPC_IN21700_30T_cycle_#76.mat
CC,76,0.99023,2.94434,0.2131,9,discharge,2,-23.57,7.857,10.0,9.9,3.5046,3.1838,13.6105,05-17-21_13.52_CC_protocol_HPPC_IN21700_30T_cycle_#76.mat
CC,76,0.99023,2.94434,0.213,9,discharge,3,-33.88,11.293,10.0,9.9,3.5054,3.0455,13.5744,05-17-21_13.52_CC_protocol_HPPC_IN21700_30T_cycle_#76.mat
CC,76,0.99023,2.94434,0.1641,10,discharge,0,-2.946,0.982,10.0,9.9,3.4402,3.3964,14.8681,05-17-21_13.52_CC_protocol_HPPC_IN21700_30T_cycle_#76.mat
CC,76,0.99023,2.94434,0.164,10,discharge,1,-11.787,3.929,10.0,9.9,3.4407,3.2734,14.1936,05-17-21_13.52_CC_protocol_HPPC_IN21700_30T_cycle_#76.mat
CC,76,0.99023,2.94434,0.164,10,discharge,2,-23.568,7.856,10.0,9.9,3.4419,3.0974,14.6173,05-17-21_13.52_CC_protocol_HPPC_IN21700_30T_cycle_#76.mat
CC,76,0.99023,2.94434,0.1639,10,discharge,3,-33.878,11.293,10.0,9.9,3.4414,2.9131,15.5942,05-17-21_13.52_CC_protocol_HPPC_IN21700_30T_cycle_#76.mat
CC,76,0.99023,2.94434,0.115,11,discharge,0,-2.944,0.981,10.0,9.9,3.4029,3.3534,16.8139,05-17-21_13.52_CC_protocol_HPPC_IN21700_30T_cycle_#76.mat
CC,76,0.99023,2.94434,0.115,11,discharge,1,-11.786,3.929,10.0,9.9,3.4033,3.1923,17.9026,05-17-21_13.52_CC_protocol_HPPC_IN21700_30T_cycle_#76.mat
CC,76,0.99023,2.94434,0.1149,11,discharge,2,-23.567,7.856,10.0,9.9,3.4051,2.8512,23.5032,05-17-21_13.52_CC_protocol_HPPC_IN21700_30T_cycle_#76.mat
CC,76,0.99023,2.94434,0.1148,11,discharge,3,-33.881,11.294,10.0,9.9,3.4041,2.4993,26.7052,05-17-21_13.52_CC_protocol_HPPC_IN21700_30T_cycle_#76.mat
CC,76,0.99023,2.94434,0.0659,12,discharge,0,-2.948,0.983,10.0,9.9,3.3373,3.2619,25.5749,05-17-21_13.52_CC_protocol_HPPC_IN21700_30T_cycle_#76.mat
CC,76,0.99023,2.94434,0.0658,12,discharge,1,-11.788,3.929,10.0,9.9,3.339,2.8498,41.4998,05-17-21_13.52_CC_protocol_HPPC_IN21700_30T_cycle_#76.mat
CC,76,0.99023,2.94434,0.0657,12,discharge,2,-22.979,7.66,10.0,9.9,3.3414,2.4997,36.6291,05-17-21_13.52_CC_protocol_HPPC_IN21700_30T_cycle_#76.mat
CC,76,0.99023,2.94434,0.0657,12,discharge,3,-19.411,6.47,10.0,9.9,3.3412,2.4998,43.3466,05-17-21_13.52_CC_protocol_HPPC_IN21700_30T_cycle_#76.mat
CC,112,0.98022,2.91458,1.0,0,discharge,0,-2.917,0.972,10.0,9.9,4.1778,4.1263,17.6533,05-22-21_23.48_CC_protocol_HPPC_IN21700_30T_cycle_#112.mat
CC,112,0.98022,2.91458,0.9999,0,discharge,1,-11.657,3.886,10.0,9.9,4.1775,3.9887,16.1963,05-22-21_23.48_CC_protocol_HPPC_IN21700_30T_cycle_#112.mat
CC,112,0.98022,2.91458,0.9998,0,discharge,2,-23.312,7.771,10.0,9.9,4.1775,3.8319,14.825,05-22-21_23.48_CC_protocol_HPPC_IN21700_30T_cycle_#112.mat
CC,112,0.98022,2.91458,0.9995,0,discharge,3,-33.51,11.17,10.0,9.9,4.1768,3.709,13.96,05-22-21_23.48_CC_protocol_HPPC_IN21700_30T_cycle_#112.mat
CC,112,0.98022,2.91458,0.9507,1,discharge,0,-2.917,0.973,10.0,9.9,4.1033,4.0611,14.4644,05-22-21_23.48_CC_protocol_HPPC_IN21700_30T_cycle_#112.mat
CC,112,0.98022,2.91458,0.9506,1,discharge,1,-11.657,3.886,10.0,9.9,4.1033,3.9439,13.6742,05-22-21_23.48_CC_protocol_HPPC_IN21700_30T_cycle_#112.mat
CC,112,0.98022,2.91458,0.9505,1,discharge,2,-23.313,7.771,10.0,9.9,4.1035,3.8011,12.9713,05-22-21_23.48_CC_protocol_HPPC_IN21700_30T_cycle_#112.mat
CC,112,0.98022,2.91458,0.9504,1,discharge,3,-33.509,11.17,10.0,9.9,4.1038,3.6805,12.6324,05-22-21_23.48_CC_protocol_HPPC_IN21700_30T_cycle_#112.mat
CC,112,0.98022,2.91458,0.9021,2,discharge,0,-2.916,0.972,10.0,9.9,4.0831,4.0427,13.856,05-22-21_23.48_CC_protocol_HPPC_IN21700_30T_cycle_#112.mat
CC,112,0.98022,2.91458,0.9021,2,discharge,1,-11.657,3.886,10.0,9.9,4.0831,3.9274,13.3568,05-22-21_23.48_CC_protocol_HPPC_IN21700_30T_cycle_#112.mat
CC,112,0.98022,2.91458,0.902,2,discharge,2,-23.312,7.771,10.0,9.9,4.0824,3.7846,12.7745,05-22-21_23.48_CC_protocol_HPPC_IN21700_30T_cycle_#112.mat
CC,112,0.98022,2.91458,0.9019,2,discharge,3,-33.512,11.171,10.0,9.9,4.0836,3.6616,12.5925,05-22-21_23.48_CC_protocol_HPPC_IN21700_30T_cycle_#112.mat
CC,112,0.98022,2.91458,0.805,3,discharge,0,-2.913,0.971,10.0,9.9,4.0303,3.9843,15.7891,05-22-21_23.48_CC_protocol_HPPC_IN21700_30T_cycle_#112.mat
CC,112,0.98022,2.91458,0.8049,3,discharge,1,-11.657,3.886,10.0,9.9,4.0303,3.8548,15.0553,05-22-21_23.48_CC_protocol_HPPC_IN21700_30T_cycle_#112.mat
CC,112,0.98022,2.91458,0.8048,3,discharge,2,-23.311,7.77,10.0,9.9,4.0305,3.7053,13.9505,05-22-21_23.48_CC_protocol_HPPC_IN21700_30T_cycle_#112.mat
CC,112,0.98022,2.91458,0.8048,3,discharge,3,-33.511,11.17,10.0,9.9,4.0309,3.581,13.4254,05-22-21_23.48_CC_protocol_HPPC_IN21700_30T_cycle_#112.mat
CC,112,0.98022,2.91458,0.7078,4,discharge,0,-2.916,0.972,10.0,9.9,3.9235,3.8779,15.6405,05-22-21_23.48_CC_protocol_HPPC_IN21700_30T_cycle_#112.mat
CC,112,0.98022,2.91458,0.7078,4,discharge,1,-11.655,3.885,10.0,9.9,3.9242,3.7546,14.5517,05-22-21_23.48_CC_protocol_HPPC_IN21700_30T_cycle_#112.mat
CC,112,0.98022,2.91458,0.7077,4,discharge,2,-23.312,7.771,10.0,9.9,3.9237,3.6175,13.1349,05-22-21_23.48_CC_protocol_HPPC_IN21700_30T_cycle_#112.mat
CC,112,0.98022,2.91458,0.7076,4,discharge,3,-33.508,11.169,10.0,9.9,3.925,3.4994,12.7014,05-22-21_23.48_CC_protocol_HPPC_IN21700_30T_cycle_#112.mat
CC,112,0.98022,2.91458,0.6107,5,discharge,0,-2.918,0.973,10.0,9.9,3.8498,3.8004,16.93,05-22-21_23.48_CC_protocol_HPPC_IN21700_30T_cycle_#112.mat
CC,112,0.98022,2.91458,0.6107,5,discharge,1,-11.655,3.885,10.0,9.9,3.8497,3.6785,14.689,05-22-21_23.48_CC_protocol_HPPC_IN21700_30T_cycle_#112.mat
CC,112,0.98022,2.91458,0.6106,5,discharge,2,-23.31,7.77,10.0,9.9,3.8495,3.5374,13.3891,05-22-21_23.48_CC_protocol_HPPC_IN21700_30T_cycle_#112.mat
CC,112,0.98022,2.91458,0.6105,5,discharge,3,-33.51,11.17,10.0,9.9,3.8496,3.4165,12.9245,05-22-21_23.48_CC_protocol_HPPC_IN21700_30T_cycle_#112.mat
CC,112,0.98022,2.91458,0.5136,6,discharge,0,-2.916,0.972,10.0,9.9,3.734,3.694,13.7193,05-22-21_23.48_CC_protocol_HPPC_IN21700_30T_cycle_#112.mat
CC,112,0.98022,2.91458,0.5135,6,discharge,1,-11.657,3.886,10.0,9.9,3.7342,3.58,13.2281,05-22-21_23.48_CC_protocol_HPPC_IN21700_30T_cycle_#112.mat
CC,112,0.98022,2.91458,0.5134,6,discharge,2,-23.31,7.77,10.0,9.9,3.7343,3.4351,12.8357,05-22-21_23.48_CC_protocol_HPPC_IN21700_30T_cycle_#112.mat
CC,112,0.98022,2.91458,0.5133,6,discharge,3,-33.51,11.17,10.0,9.9,3.7343,3.3109,12.635,05-22-21_23.48_CC_protocol_HPPC_IN21700_30T_cycle_#112.mat
CC,112,0.98022,2.91458,0.4164,7,discharge,0,-2.916,0.972,10.0,9.9,3.6519,3.614,12.9981,05-22-21_23.48_CC_protocol_HPPC_IN21700_30T_cycle_#112.mat
CC,112,0.98022,2.91458,0.4164,7,discharge,1,-11.655,3.885,10.0,9.9,3.6527,3.5,13.1017,05-22-21_23.48_CC_protocol_HPPC_IN21700_30T_cycle_#112.mat
CC,112,0.98022,2.91458,0.4163,7,discharge,2,-23.31,7.77,10.0,9.9,3.6529,3.3555,12.7585,05-22-21_23.48_CC_protocol_HPPC_IN21700_30T_cycle_#112.mat
CC,112,0.98022,2.91458,0.4162,7,discharge,3,-33.51,11.17,10.0,9.9,3.6532,3.2316,12.5813,05-22-21_23.48_CC_protocol_HPPC_IN21700_30T_cycle_#112.mat
CC,112,0.98022,2.91458,0.3193,8,discharge,0,-2.916,0.972,10.0,9.9,3.5932,3.5541,13.4079,05-22-21_23.48_CC_protocol_HPPC_IN21700_30T_cycle_#112.mat
CC,112,0.98022,2.91458,0.3193,8,discharge,1,-11.657,3.886,10.0,9.9,3.5932,3.4394,13.1938,05-22-21_23.48_CC_protocol_HPPC_IN21700_30T_cycle_#112.mat
CC,112,0.98022,2.91458,0.3191,8,discharge,2,-23.31,7.77,10.0,9.9,3.5929,3.2921,12.9043,05-22-21_23.48_CC_protocol_HPPC_IN21700_30T_cycle_#112.mat
CC,112,0.98022,2.91458,0.3191,8,discharge,3,-33.51,11.17,10.0,9.9,3.5928,3.1656,12.7484,05-22-21_23.48_CC_protocol_HPPC_IN21700_30T_cycle_#112.mat
CC,112,0.98022,2.91458,0.2222,9,discharge,0,-2.916,0.972,10.0,9.9,3.5058,3.4646,14.128,05-22-21_23.48_CC_protocol_HPPC_IN21700_30T_cycle_#112.mat
CC,112,0.98022,2.91458,0.2221,9,discharge,1,-11.658,3.886,10.0,9.9,3.5062,3.3454,13.7931,05-22-21_23.48_CC_protocol_HPPC_IN21700_30T_cycle_#112.mat
CC,112,0.98022,2.91458,0.222,9,discharge,2,-23.311,7.77,10.0,9.9,3.5096,3.1852,13.9162,05-22-21_23.48_CC_protocol_HPPC_IN21700_30T_cycle_#112.mat
CC,112,0.98022,2.91458,0.2219,9,discharge,3,-33.507,11.169,10.0,9.9,3.51,3.0437,13.9165,05-22-21_23.48_CC_protocol_HPPC_IN21700_30T_cycle_#112.mat
CC,112,0.98022,2.91458,0.1736,10,discharge,0,-2.914,0.971,10.0,9.9,3.4465,3.4035,14.7563,05-22-21_23.48_CC_protocol_HPPC_IN21700_30T_cycle_#112.mat
CC,112,0.98022,2.91458,0.1735,10,discharge,1,-11.658,3.886,10.0,9.9,3.447,3.2797,14.3507,05-22-21_23.48_CC_protocol_HPPC_IN21700_30T_cycle_#112.mat
CC,112,0.98022,2.91458,0.1734,10,discharge,2,-23.313,7.771,10.0,9.9,3.4491,3.1052,14.7514,05-22-21_23.48_CC_protocol_HPPC_IN21700_30T_cycle_#112.mat
CC,112,0.98022,2.91458,0.1733,10,discharge,3,-33.509,11.17,10.0,9.9,3.4477,2.9242,15.6227,05-22-21_23.48_CC_protocol_HPPC_IN21700_30T_cycle_#112.mat
CC,112,0.98022,2.91458,0.125,11,discharge,0,-2.918,0.973,10.0,9.9,3.4071,3.3588,16.5507,05-22-21_23.48_CC_protocol_HPPC_IN21700_30T_cycle_#112.mat
CC,112,0.98022,2.91458,0.125,11,discharge,1,-11.656,3.885,10.0,9.9,3.407,3.2037,17.4417,05-22-21_23.48_CC_protocol_HPPC_IN21700_30T_cycle_#112.mat
CC,112,0.98022,2.91458,0.1248,11,discharge,2,-23.313,7.771,10.0,9.9,3.4094,2.8915,22.2151,05-22-21_23.48_CC_protocol_HPPC_IN21700_30T_cycle_#112.mat
CC,112,0.98022,2.91458,0.1248,11,discharge,3,-33.513,11.171,10.0,9.9,3.4083,2.4995,27.1178,05-22-21_23.48_CC_protocol_HPPC_IN21700_30T_cycle_#112.mat
CC,112,0.98022,2.91458,0.0764,12,discharge,0,-2.916,0.972,10.0,9.9,3.3522,3.2811,24.381,05-22-21_23.48_CC_protocol_HPPC_IN21700_30T_cycle_#112.mat
CC,112,0.98022,2.91458,0.0764,12,discharge,1,-11.658,3.886,10.0,9.9,3.3543,2.9173,37.485,05-22-21_23.48_CC_protocol_HPPC_IN21700_30T_cycle_#112.mat
CC,112,0.98022,2.91458,0.0763,12,discharge,2,-23.312,7.771,10.0,9.9,3.3579,2.4999,36.8051,05-22-21_23.48_CC_protocol_HPPC_IN21700_30T_cycle_#112.mat
CC,112,0.98022,2.91458,0.0762,12,discharge,3,-21.641,7.214,10.0,9.9,3.3569,2.4999,39.6008,05-22-21_23.48_CC_protocol_HPPC_IN21700_30T_cycle_#112.mat
CC,150,0.97467,2.89808,1.0,0,discharge,0,-2.899,0.966,10.0,9.9,4.1758,4.1238,17.9366,05-31-21_15.59_CC_protocol_HPPC_IN21700_30T_cycle_#150.mat
CC,150,0.97467,2.89808,0.9999,0,discharge,1,-11.59,3.863,10.0,9.9,4.1752,3.987,16.2381,05-31-21_15.59_CC_protocol_HPPC_IN21700_30T_cycle_#150.mat
CC,150,0.97467,2.89808,0.9998,0,discharge,2,-23.181,7.727,10.0,9.9,4.175,3.8316,14.8139,05-31-21_15.59_CC_protocol_HPPC_IN21700_30T_cycle_#150.mat
CC,150,0.97467,2.89808,0.9997,0,discharge,3,-33.322,11.107,10.0,9.9,4.175,3.7047,14.1138,05-31-21_15.59_CC_protocol_HPPC_IN21700_30T_cycle_#150.mat
CC,150,0.97467,2.89808,0.9513,1,discharge,0,-2.899,0.966,10.0,9.9,4.1028,4.0601,14.7297,05-31-21_15.59_CC_protocol_HPPC_IN21700_30T_cycle_#150.mat
CC,150,0.97467,2.89808,0.9513,1,discharge,1,-11.59,3.863,10.0,9.9,4.1022,3.9416,13.8568,05-31-21_15.59_CC_protocol_HPPC_IN21700_30T_cycle_#150.mat
CC,150,0.97467,2.89808,0.9512,1,discharge,2,-23.18,7.727,10.0,9.9,4.103,3.7971,13.1967,05-31-21_15.59_CC_protocol_HPPC_IN21700_30T_cycle_#150.mat
CC,150,0.97467,2.89808,0.9511,1,discharge,3,-33.321,11.107,10.0,9.9,4.1035,3.6752,12.8538,05-31-21_15.59_CC_protocol_HPPC_IN21700_30T_cycle_#150.mat
CC,150,0.97467,2.89808,0.903,2,discharge,0,-2.901,0.967,10.0,9.9,4.0829,4.0423,13.9942,05-31-21_15.59_CC_protocol_HPPC_IN21700_30T_cycle_#150.mat
CC,150,0.97467,2.89808,0.903,2,discharge,1,-11.589,3.863,10.0,9.9,4.0831,3.9259,13.5646,05-31-21_15.59_CC_protocol_HPPC_IN21700_30T_cycle_#150.mat
CC,150,0.97467,2.89808,0.9029,2,discharge,2,-23.179,7.726,10.0,9.9,4.0831,3.7812,13.0247,05-31-21_15.59_CC_protocol_HPPC_IN21700_30T_cycle_#150.mat
CC,150,0.97467,2.89808,0.9028,2,discharge,3,-33.321,11.107,10.0,9.9,4.0835,3.6568,12.8057,05-31-21_15.59_CC_protocol_HPPC_IN21700_30T_cycle_#150.mat
CC,150,0.97467,2.89808,0.8064,3,discharge,0,-2.899,0.966,10.0,9.9,4.0298,3.9835,15.9699,05-31-21_15.59_CC_protocol_HPPC_IN21700_30T_cycle_#150.mat
CC,150,0.97467,2.89808,0.8064,3,discharge,1,-11.588,3.863,10.0,9.9,4.0292,3.8535,15.1622,05-31-21_15.59_CC_protocol_HPPC_IN21700_30T_cycle_#150.mat
CC,150,0.97467,2.89808,0.8063,3,discharge,2,-23.179,7.726,10.0,9.9,4.0295,3.7026,14.1033,05-31-21_15.59_CC_protocol_HPPC_IN21700_30T_cycle_#150.mat
CC,150,0.97467,2.89808,0.8062,3,discharge,3,-33.321,11.107,10.0,9.9,4.0305,3.5779,13.583,05-31-21_15.59_CC_protocol_HPPC_IN21700_30T_cycle_#150.mat
CC,150,0.97467,2.89808,0.7099,4,discharge,0,-2.899,0.966,10.0,9.9,3.9241,3.8769,16.2804,05-31-21_15.59_CC_protocol_HPPC_IN21700_30T_cycle_#150.mat
CC,150,0.97467,2.89808,0.7098,4,discharge,1,-11.591,3.864,10.0,9.9,3.9242,3.751,14.9426,05-31-21_15.59_CC_protocol_HPPC_IN21700_30T_cycle_#150.mat
CC,150,0.97467,2.89808,0.7097,4,discharge,2,-23.18,7.727,10.0,9.9,3.9244,3.611,13.5203,05-31-21_15.59_CC_protocol_HPPC_IN21700_30T_cycle_#150.mat
CC,150,0.97467,2.89808,0.7096,4,discharge,3,-33.32,11.107,10.0,9.9,3.9247,3.4921,12.9832,05-31-21_15.59_CC_protocol_HPPC_IN21700_30T_cycle_#150.mat
CC,150,0.97467,2.89808,0.6133,5,discharge,0,-2.899,0.966,10.0,9.9,3.8483,3.7997,16.7621,05-31-21_15.59_CC_protocol_HPPC_IN21700_30T_cycle_#150.mat
CC,150,0.97467,2.89808,0.6132,5,discharge,1,-11.591,3.864,10.0,9.9,3.8487,3.6776,14.7615,05-31-21_15.59_CC_protocol_HPPC_IN21700_30T_cycle_#150.mat
CC,150,0.97467,2.89808,0.6131,5,discharge,2,-23.179,7.726,10.0,9.9,3.8475,3.536,13.4389,05-31-21_15.59_CC_protocol_HPPC_IN21700_30T_cycle_#150.mat
CC,150,0.97467,2.89808,0.613,5,discharge,3,-33.322,11.107,10.0,9.9,3.8482,3.4145,13.0154,05-31-21_15.59_CC_protocol_HPPC_IN21700_30T_cycle_#150.mat
CC,150,0.97467,2.89808,0.5167,6,discharge,0,-2.902,0.967,10.0,9.9,3.7344,3.6946,13.7147,05-31-21_15.59_CC_protocol_HPPC_IN21700_30T_cycle_#150.mat
CC,150,0.97467,2.89808,0.5166,6,discharge,1,-11.589,3.863,10.0,9.9,3.7346,3.5804,13.3057,05-31-21_15.59_CC_protocol_HPPC_IN21700_30T_cycle_#150.mat
CC,150,0.97467,2.89808,0.5165,6,discharge,2,-23.182,7.727,10.0,9.9,3.7348,3.4354,12.9152,05-31-21_15.59_CC_protocol_HPPC_IN21700_30T_cycle_#150.mat
CC,150,0.97467,2.89808,0.5164,6,discharge,3,-33.322,11.107,10.0,9.9,3.7342,3.3111,12.6973,05-31-21_15.59_CC_protocol_HPPC_IN21700_30T_cycle_#150.mat
CC,150,0.97467,2.89808,0.4201,7,discharge,0,-2.9,0.967,10.0,9.9,3.6533,3.6147,13.3122,05-31-21_15.59_CC_protocol_HPPC_IN21700_30T_cycle_#150.mat
CC,150,0.97467,2.89808,0.42,7,discharge,1,-11.589,3.863,10.0,9.9,3.6534,3.5013,13.1245,05-31-21_15.59_CC_protocol_HPPC_IN21700_30T_cycle_#150.mat
CC,150,0.97467,2.89808,0.4199,7,discharge,2,-23.181,7.727,10.0,9.9,3.6533,3.355,12.8683,05-31-21_15.59_CC_protocol_HPPC_IN21700_30T_cycle_#150.mat
CC,150,0.97467,2.89808,0.4199,7,discharge,3,-33.32,11.107,10.0,9.9,3.6535,3.2284,12.7581,05-31-21_15.59_CC_protocol_HPPC_IN21700_30T_cycle_#150.mat
CC,150,0.97467,2.89808,0.3235,8,discharge,0,-2.9,0.967,10.0,9.9,3.5933,3.5539,13.5881,05-31-21_15.59_CC_protocol_HPPC_IN21700_30T_cycle_#150.mat
CC,150,0.97467,2.89808,0.3234,8,discharge,1,-11.591,3.864,10.0,9.9,3.5934,3.4377,13.4328,05-31-21_15.59_CC_protocol_HPPC_IN21700_30T_cycle_#150.mat
CC,150,0.97467,2.89808,0.3234,8,discharge,2,-23.18,7.727,10.0,9.9,3.5931,3.2878,13.1708,05-31-21_15.59_CC_protocol_HPPC_IN21700_30T_cycle_#150.mat
CC,150,0.97467,2.89808,0.3233,8,discharge,3,-33.321,11.107,10.0,9.9,3.5932,3.1588,13.0368,05-31-21_15.59_CC_protocol_HPPC_IN21700_30T_cycle_#150.mat
CC,150,0.97467,2.89808,0.2269,9,discharge,0,-2.9,0.967,10.0,9.9,3.5066,3.4647,14.4498,05-31-21_15.59_CC_protocol_HPPC_IN21700_30T_cycle_#150.mat
CC,150,0.97467,2.89808,0.2269,9,discharge,1,-11.591,3.864,10.0,9.9,3.507,3.3449,13.985,05-31-21_15.59_CC_protocol_HPPC_IN21700_30T_cycle_#150.mat
CC,150,0.97467,2.89808,0.2268,9,discharge,2,-23.18,7.727,10.0,9.9,3.5103,3.183,14.1199,05-31-21_15.59_CC_protocol_HPPC_IN21700_30T_cycle_#150.mat
CC,150,0.97467,2.89808,0.2267,9,discharge,3,-33.321,11.107,10.0,9.9,3.5109,3.0396,14.1442,05-31-21_15.59_CC_protocol_HPPC_IN21700_30T_cycle_#150.mat
CC,150,0.97467,2.89808,0.1786,10,discharge,0,-2.9,0.967,10.0,9.9,3.4481,3.4041,15.1735,05-31-21_15.59_CC_protocol_HPPC_IN21700_30T_cycle_#150.mat
CC,150,0.97467,2.89808,0.1786,10,discharge,1,-11.589,3.863,10.0,9.9,3.4485,3.2797,14.5655,05-31-21_15.59_CC_protocol_HPPC_IN21700_30T_cycle_#150.mat
CC,150,0.97467,2.89808,0.1785,10,discharge,2,-23.18,7.727,10.0,9.9,3.45,3.1032,14.9612,05-31-21_15.59_CC_protocol_HPPC_IN21700_30T_cycle_#150.mat
CC,150,0.97467,2.89808,0.1784,10,discharge,3,-33.321,11.107,10.0,9.9,3.4495,2.9181,15.9479,05-31-21_15.59_CC_protocol_HPPC_IN21700_30T_cycle_#150.mat
CC,150,0.97467,2.89808,0.1303,11,discharge,0,-2.9,0.967,10.0,9.9,3.408,3.3591,16.8615,05-31-21_15.59_CC_protocol_HPPC_IN21700_30T_cycle_#150.mat
CC,150,0.97467,2.89808,0.1303,11,discharge,1,-11.59,3.863,10.0,9.9,3.4084,3.1994,18.0328,05-31-21_15.59_CC_protocol_HPPC_IN21700_30T_cycle_#150.mat
CC,150,0.97467,2.89808,0.1302,11,discharge,2,-23.179,7.726,10.0,9.9,3.4101,2.8677,23.4005,05-31-21_15.59_CC_protocol_HPPC_IN21700_30T_cycle_#150.mat
CC,150,0.97467,2.89808,0.1301,11,discharge,3,-33.322,11.107,10.0,9.9,3.4089,2.5145,26.8411,05-31-21_15.59_CC_protocol_HPPC_IN21700_30T_cycle_#150.mat
CC,150,0.97467,2.89808,0.082,12,discharge,0,-2.9,0.967,10.0,9.9,3.3545,3.2817,25.1052,05-31-21_15.59_CC_protocol_HPPC_IN21700_30T_cycle_#150.mat
CC,150,0.97467,2.89808,0.082,12,discharge,1,-11.592,3.864,10.0,9.9,3.3557,2.8965,39.6135,05-31-21_15.59_CC_protocol_HPPC_IN21700_30T_cycle_#150.mat
CC,150,0.97467,2.89808,0.0819,12,discharge,2,-23.178,7.726,10.0,9.9,3.36,2.5307,35.7796,05-31-21_15.59_CC_protocol_HPPC_IN21700_30T_cycle_#150.mat
CC,150,0.97467,2.89808,0.0818,12,discharge,3,-19.893,6.631,10.0,9.9,3.3587,2.566,39.8482,05-31-21_15.59_CC_protocol_HPPC_IN21700_30T_cycle_#150.mat
CC,187,0.96734,2.87628,1.0,0,discharge,0,-2.877,0.959,10.0,9.9,4.1735,4.1201,18.5584,06-06-21_22.28_CC_protocol_HPPC_IN21700_30T_cycle_#187.mat
CC,187,0.96734,2.87628,0.9999,0,discharge,1,-11.505,3.835,10.0,9.9,4.1731,3.9803,16.7579,06-06-21_22.28_CC_protocol_HPPC_IN21700_30T_cycle_#187.mat
CC,187,0.96734,2.87628,0.9998,0,discharge,2,-23.004,7.668,10.0,9.9,4.1726,3.8246,15.1278,06-06-21_22.28_CC_protocol_HPPC_IN21700_30T_cycle_#187.mat
CC,187,0.96734,2.87628,0.9997,0,discharge,3,-33.07,11.023,10.0,9.9,4.1726,3.7021,14.2276,06-06-21_22.28_CC_protocol_HPPC_IN21700_30T_cycle_#187.mat
CC,187,0.96734,2.87628,0.9521,1,discharge,0,-2.876,0.959,10.0,9.9,4.1018,4.0603,14.4313,06-06-21_22.28_CC_protocol_HPPC_IN21700_30T_cycle_#187.mat
CC,187,0.96734,2.87628,0.952,1,discharge,1,-11.504,3.835,10.0,9.9,4.1028,3.9429,13.8995,06-06-21_22.28_CC_protocol_HPPC_IN21700_30T_cycle_#187.mat
CC,187,0.96734,2.87628,0.9519,1,discharge,2,-23.005,7.668,10.0,9.9,4.1028,3.7998,13.171,06-06-21_22.28_CC_protocol_HPPC_IN21700_30T_cycle_#187.mat
CC,187,0.96734,2.87628,0.9518,1,discharge,3,-33.067,11.022,10.0,9.9,4.1031,3.6759,12.9192,06-06-21_22.28_CC_protocol_HPPC_IN21700_30T_cycle_#187.mat
CC,187,0.96734,2.87628,0.9042,2,discharge,0,-2.879,0.96,10.0,9.91,4.0829,4.0418,14.2743,06-06-21_22.28_CC_protocol_HPPC_IN21700_30T_cycle_#187.mat
CC,187,0.96734,2.87628,0.9041,2,discharge,1,-11.504,3.835,10.0,9.9,4.0828,3.9246,13.7517,06-06-21_22.28_CC_protocol_HPPC_IN21700_30T_cycle_#187.mat
CC,187,0.96734,2.87628,0.904,2,discharge,2,-23.005,7.668,10.0,9.9,4.0831,3.7781,13.258,06-06-21_22.28_CC_protocol_HPPC_IN21700_30T_cycle_#187.mat
CC,187,0.96734,2.87628,0.9039,2,discharge,3,-33.066,11.022,10.0,9.9,4.0834,3.6525,13.0315,06-06-21_22.28_CC_protocol_HPPC_IN21700_30T_cycle_#187.mat
CC,187,0.96734,2.87628,0.8083,3,discharge,0,-2.878,0.959,10.0,9.9,4.0307,3.9842,16.1587,06-06-21_22.28_CC_protocol_HPPC_IN21700_30T_cycle_#187.mat
CC,187,0.96734,2.87628,0.8082,3,discharge,1,-11.504,3.835,10.0,9.9,4.0308,3.8523,15.5163,06-06-21_22.28_CC_protocol_HPPC_IN21700_30T_cycle_#187.mat
CC,187,0.96734,2.87628,0.8082,3,discharge,2,-23.005,7.668,10.0,9.9,4.0311,3.6994,14.4186,06-06-21_22.28_CC_protocol_HPPC_IN21700_30T_cycle_#187.mat
CC,187,0.96734,2.87628,0.8081,3,discharge,3,-33.066,11.022,10.0,9.9,4.0314,3.5735,13.8481,06-06-21_22.28_CC_protocol_HPPC_IN21700_30T_cycle_#187.mat
CC,187,0.96734,2.87628,0.7125,4,discharge,0,-2.878,0.959,10.0,9.9,3.925,3.8783,16.226,06-06-21_22.28_CC_protocol_HPPC_IN21700_30T_cycle_#187.mat
CC,187,0.96734,2.87628,0.7124,4,discharge,1,-11.504,3.835,10.0,9.9,3.9251,3.753,14.96,06-06-21_22.28_CC_protocol_HPPC_IN21700_30T_cycle_#187.mat
CC,187,0.96734,2.87628,0.7123,4,discharge,2,-23.005,7.668,10.0,9.9,3.9253,3.6134,13.5579,06-06-21_22.28_CC_protocol_HPPC_IN21700_30T_cycle_#187.mat
CC,187,0.96734,2.87628,0.7122,4,discharge,3,-33.068,11.023,10.0,9.9,3.9249,3.4956,12.9823,06-06-21_22.28_CC_protocol_HPPC_IN21700_30T_cycle_#187.mat
CC,187,0.96734,2.87628,0.6166,5,discharge,0,-2.878,0.959,10.0,9.9,3.8485,3.8008,16.5757,06-06-21_22.28_CC_protocol_HPPC_IN21700_30T_cycle_#187.mat
CC,187,0.96734,2.87628,0.6166,5,discharge,1,-11.504,3.835,10.0,9.9,3.849,3.6777,14.8905,06-06-21_22.28_CC_protocol_HPPC_IN21700_30T_cycle_#187.mat
CC,187,0.96734,2.87628,0.6165,5,discharge,2,-23.007,7.669,10.0,9.9,3.8483,3.5325,13.7263,06-06-21_22.28_CC_protocol_HPPC_IN21700_30T_cycle_#187.mat
CC,187,0.96734,2.87628,0.6163,5,discharge,3,-33.067,11.022,10.0,9.9,3.8483,3.4119,13.1974,06-06-21_22.28_CC_protocol_HPPC_IN21700_30T_cycle_#187.mat
CC,187,0.96734,2.87628,0.5207,6,discharge,0,-2.876,0.959,10.0,9.9,3.7373,3.6969,14.0473,06-06-21_22.28_CC_protocol_HPPC_IN21700_30T_cycle_#187.mat
CC,187,0.96734,2.87628,0.5207,6,discharge,1,-11.504,3.835,10.0,9.9,3.7371,3.5818,13.4997,06-06-21_22.28_CC_protocol_HPPC_IN21700_30T_cycle_#187.mat
CC,187,0.96734,2.87628,0.5206,6,discharge,2,-23.004,7.668,10.0,9.9,3.7375,3.4357,13.1195,06-06-21_22.28_CC_protocol_HPPC_IN21700_30T_cycle_#187.mat
CC,187,0.96734,2.87628,0.5205,6,discharge,3,-33.069,11.023,10.0,9.9,3.7376,3.3101,12.9275,06-06-21_22.28_CC_protocol_HPPC_IN21700_30T_cycle_#187.mat
CC,187,0.96734,2.87628,0.4249,7,discharge,0,-2.876,0.959,10.0,9.9,3.655,3.6161,13.5238,06-06-21_22.28_CC_protocol_HPPC_IN21700_30T_cycle_#187.mat
CC,187,0.96734,2.87628,0.4249,7,discharge,1,-11.502,3.834,10.0,9.9,3.6551,3.5016,13.3455,06-06-21_22.28_CC_protocol_HPPC_IN21700_30T_cycle_#187.mat
CC,187,0.96734,2.87628,0.4248,7,discharge,2,-23.003,7.668,10.0,9.9,3.6554,3.3561,13.0113,06-06-21_22.28_CC_protocol_HPPC_IN21700_30T_cycle_#187.mat
CC,187,0.96734,2.87628,0.4247,7,discharge,3,-33.069,11.023,10.0,9.9,3.6557,3.2312,12.8368,06-06-21_22.28_CC_protocol_HPPC_IN21700_30T_cycle_#187.mat
CC,187,0.96734,2.87628,0.3291,8,discharge,0,-2.878,0.959,10.0,9.9,3.595,3.5559,13.5844,06-06-21_22.28_CC_protocol_HPPC_IN21700_30T_cycle_#187.mat
CC,187,0.96734,2.87628,0.329,8,discharge,1,-11.502,3.834,10.0,9.9,3.595,3.4405,13.4324,06-06-21_22.28_CC_protocol_HPPC_IN21700_30T_cycle_#187.mat
CC,187,0.96734,2.87628,0.3289,8,discharge,2,-23.005,7.668,10.0,9.9,3.5948,3.2921,13.158,06-06-21_22.28_CC_protocol_HPPC_IN21700_30T_cycle_#187.mat
CC,187,0.96734,2.87628,0.3288,8,discharge,3,-33.069,11.023,10.0,9.9,3.5947,3.1647,13.0031,06-06-21_22.28_CC_protocol_HPPC_IN21700_30T_cycle_#187.mat
CC,187,0.96734,2.87628,0.2332,9,discharge,0,-2.878,0.959,10.0,9.9,3.5085,3.467,14.4172,06-06-21_22.28_CC_protocol_HPPC_IN21700_30T_cycle_#187.mat
CC,187,0.96734,2.87628,0.2332,9,discharge,1,-11.501,3.834,10.0,9.9,3.5091,3.3472,14.077,06-06-21_22.28_CC_protocol_HPPC_IN21700_30T_cycle_#187.mat
CC,187,0.96734,2.87628,0.2331,9,discharge,2,-23.004,7.668,10.0,9.9,3.5116,3.1837,14.254,06-06-21_22.28_CC_protocol_HPPC_IN21700_30T_cycle_#187.mat
CC,187,0.96734,2.87628,0.233,9,discharge,3,-33.068,11.023,10.0,9.9,3.5131,3.0364,14.4157,06-06-21_22.28_CC_protocol_HPPC_IN21700_30T_cycle_#187.mat
CC,187,0.96734,2.87628,0.1853,10,discharge,0,-2.878,0.959,10.0,9.9,3.452,3.4075,15.4605,06-06-21_22.28_CC_protocol_HPPC_IN21700_30T_cycle_#187.mat
CC,187,0.96734,2.87628,0.1852,10,discharge,1,-11.505,3.835,10.0,9.9,3.4526,3.2798,15.0196,06-06-21_22.28_CC_protocol_HPPC_IN21700_30T_cycle_#187.mat
CC,187,0.96734,2.87628,0.1851,10,discharge,2,-23.007,7.669,10.0,9.9,3.4542,3.0968,15.5344,06-06-21_22.28_CC_protocol_HPPC_IN21700_30T_cycle_#187.mat
CC,187,0.96734,2.87628,0.1851,10,discharge,3,-33.069,11.023,10.0,9.9,3.4535,2.9047,16.5956,06-06-21_22.28_CC_protocol_HPPC_IN21700_30T_cycle_#187.mat
CC,187,0.96734,2.87628,0.1374,11,discharge,0,-2.877,0.959,10.0,9.9,3.4103,3.3612,17.0694,06-06-21_22.28_CC_protocol_HPPC_IN21700_30T_cycle_#187.mat
CC,187,0.96734,2.87628,0.1373,11,discharge,1,-11.504,3.835,10.0,9.9,3.4102,3.2019,18.1067,06-06-21_22.28_CC_protocol_HPPC_IN21700_30T_cycle_#187.mat
CC,187,0.96734,2.87628,0.1372,11,discharge,2,-23.006,7.669,10.0,9.91,3.4125,2.8797,23.1592,06-06-21_22.28_CC_protocol_HPPC_IN21700_30T_cycle_#187.mat
CC,187,0.96734,2.87628,0.1371,11,discharge,3,-33.07,11.023,10.0,9.9,3.4116,2.5147,27.1213,06-06-21_22.28_CC_protocol_HPPC_IN21700_30T_cycle_#187.mat
CC,187,0.96734,2.87628,0.0894,12,discharge,0,-2.878,0.959,10.0,9.9,3.3589,3.2881,24.5987,06-06-21_22.28_CC_protocol_HPPC_IN21700_30T_cycle_#187.mat
CC,187,0.96734,2.87628,0.0894,12,discharge,1,-11.502,3.834,10.0,9.9,3.3608,2.9368,36.8632,06-06-21_22.28_CC_protocol_HPPC_IN21700_30T_cycle_#187.mat
CC,187,0.96734,2.87628,0.0893,12,discharge,2,-23.005,7.668,10.0,9.9,3.3643,2.5361,36.0009,06-06-21_22.28_CC_protocol_HPPC_IN21700_30T_cycle_#187.mat
CC,187,0.96734,2.87628,0.0892,12,discharge,3,-24.362,8.121,10.0,9.9,3.3637,2.5748,32.3824,06-06-21_22.28_CC_protocol_HPPC_IN21700_30T_cycle_#187.mat
CC,225,0.9588,2.85091,1.0,0,discharge,0,-2.851,0.95,10.0,9.9,4.1705,4.1175,18.588,06-14-21_18.25_CC_protocol_HPPC_IN21700_30T_cycle_#225.mat
CC,225,0.9588,2.85091,0.9999,0,discharge,1,-11.396,3.799,10.0,9.9,4.1707,3.9769,17.006,06-14-21_18.25_CC_protocol_HPPC_IN21700_30T_cycle_#225.mat
CC,225,0.9588,2.85091,0.9998,0,discharge,2,-22.789,7.596,10.0,9.9,4.1704,3.8216,15.3056,06-14-21_18.25_CC_protocol_HPPC_IN21700_30T_cycle_#225.mat
CC,225,0.9588,2.85091,0.9997,0,discharge,3,-32.755,10.918,10.0,9.9,4.1704,3.6984,14.41,06-14-21_18.25_CC_protocol_HPPC_IN21700_30T_cycle_#225.mat
CC,225,0.9588,2.85091,0.9525,1,discharge,0,-2.847,0.949,10.0,9.9,4.1021,4.0592,15.0674,06-14-21_18.25_CC_protocol_HPPC_IN21700_30T_cycle_#225.mat
CC,225,0.9588,2.85091,0.9524,1,discharge,1,-11.396,3.799,10.0,9.9,4.1024,3.9405,14.2067,06-14-21_18.25_CC_protocol_HPPC_IN21700_30T_cycle_#225.mat
CC,225,0.9588,2.85091,0.9523,1,discharge,2,-22.788,7.596,10.0,9.9,4.1023,3.7958,13.4501,06-14-21_18.25_CC_protocol_HPPC_IN21700_30T_cycle_#225.mat
CC,225,0.9588,2.85091,0.9522,1,discharge,3,-32.757,10.919,10.0,9.9,4.1027,3.6737,13.0964,06-14-21_18.25_CC_protocol_HPPC_IN21700_30T_cycle_#225.mat
CC,225,0.9588,2.85091,0.905,2,discharge,0,-2.849,0.95,10.0,9.9,4.083,4.0427,14.1448,06-14-21_18.25_CC_protocol_HPPC_IN21700_30T_cycle_#225.mat
CC,225,0.9588,2.85091,0.9049,2,discharge,1,-11.396,3.799,10.0,9.9,4.0831,3.9265,13.7417,06-14-21_18.25_CC_protocol_HPPC_IN21700_30T_cycle_#225.mat
CC,225,0.9588,2.85091,0.9048,2,discharge,2,-22.788,7.596,10.0,9.9,4.0832,3.7808,13.2701,06-14-21_18.25_CC_protocol_HPPC_IN21700_30T_cycle_#225.mat
CC,225,0.9588,2.85091,0.9047,2,discharge,3,-32.755,10.918,10.0,9.9,4.0835,3.6557,13.0606,06-14-21_18.25_CC_protocol_HPPC_IN21700_30T_cycle_#225.mat
CC,225,0.9588,2.85091,0.81,3,discharge,0,-2.852,0.951,10.0,9.91,4.0307,3.9837,16.4808,06-14-21_18.25_CC_protocol_HPPC_IN21700_30T_cycle_#225.mat
CC,225,0.9588,2.85091,0.8099,3,discharge,1,-11.395,3.798,10.0,9.9,4.0309,3.8507,15.814,06-14-21_18.25_CC_protocol_HPPC_IN21700_30T_cycle_#225.mat
CC,225,0.9588,2.85091,0.8099,3,discharge,2,-22.787,7.596,10.0,9.9,4.0313,3.6965,14.6926,06-14-21_18.25_CC_protocol_HPPC_IN21700_30T_cycle_#225.mat
CC,225,0.9588,2.85091,0.8097,3,discharge,3,-32.756,10.919,10.0,9.9,4.0316,3.5695,14.1073,06-14-21_18.25_CC_protocol_HPPC_IN21700_30T_cycle_#225.mat
CC,225,0.9588,2.85091,0.715,4,discharge,0,-2.851,0.95,10.0,9.9,3.9258,3.8785,16.5889,06-14-21_18.25_CC_protocol_HPPC_IN21700_30T_cycle_#225.mat
CC,225,0.9588,2.85091,0.715,4,discharge,1,-11.396,3.799,10.0,9.9,3.9258,3.7519,15.2597,06-14-21_18.25_CC_protocol_HPPC_IN21700_30T_cycle_#225.mat
CC,225,0.9588,2.85091,0.7149,4,discharge,2,-22.788,7.596,10.0,9.9,3.9261,3.6107,13.8406,06-14-21_18.25_CC_protocol_HPPC_IN21700_30T_cycle_#225.mat
CC,225,0.9588,2.85091,0.7148,4,discharge,3,-32.757,10.919,10.0,9.9,3.9264,3.4908,13.2979,06-14-21_18.25_CC_protocol_HPPC_IN21700_30T_cycle_#225.mat
CC,225,0.9588,2.85091,0.6201,5,discharge,0,-2.853,0.951,10.0,9.91,3.8486,3.8001,16.9973,06-14-21_18.25_CC_protocol_HPPC_IN21700_30T_cycle_#225.mat
CC,225,0.9588,2.85091,0.62,5,discharge,1,-11.394,3.798,10.0,9.9,3.848,3.6783,14.8938,06-14-21_18.25_CC_protocol_HPPC_IN21700_30T_cycle_#225.mat
CC,225,0.9588,2.85091,0.6199,5,discharge,2,-22.788,7.596,10.0,9.9,3.8471,3.5354,13.6783,06-14-21_18.25_CC_protocol_HPPC_IN21700_30T_cycle_#225.mat
CC,225,0.9588,2.85091,0.6198,5,discharge,3,-32.757,10.919,10.0,9.9,3.8461,3.413,13.2216,06-14-21_18.25_CC_protocol_HPPC_IN21700_30T_cycle_#225.mat
CC,225,0.9588,2.85091,0.5251,6,discharge,0,-2.852,0.951,10.0,9.9,3.739,3.6985,14.2021,06-14-21_18.25_CC_protocol_HPPC_IN21700_30T_cycle_#225.mat
CC,225,0.9588,2.85091,0.525,6,discharge,1,-11.395,3.798,10.0,9.9,3.739,3.5834,13.6551,06-14-21_18.25_CC_protocol_HPPC_IN21700_30T_cycle_#225.mat
CC,225,0.9588,2.85091,0.5249,6,discharge,2,-22.789,7.596,10.0,9.9,3.7393,3.437,13.2652,06-14-21_18.25_CC_protocol_HPPC_IN21700_30T_cycle_#225.mat
CC,225,0.9588,2.85091,0.5248,6,discharge,3,-32.755,10.918,10.0,9.9,3.7393,3.3115,13.0606,06-14-21_18.25_CC_protocol_HPPC_IN21700_30T_cycle_#225.mat
CC,225,0.9588,2.85091,0.4302,7,discharge,0,-2.85,0.95,10.0,9.9,3.6569,3.6178,13.7179,06-14-21_18.25_CC_protocol_HPPC_IN21700_30T_cycle_#225.mat
CC,225,0.9588,2.85091,0.4301,7,discharge,1,-11.394,3.798,10.0,9.9,3.6563,3.5037,13.393,06-14-21_18.25_CC_protocol_HPPC_IN21700_30T_cycle_#225.mat
CC,225,0.9588,2.85091,0.43,7,discharge,2,-22.789,7.596,10.0,9.9,3.6573,3.3583,13.1204,06-14-21_18.25_CC_protocol_HPPC_IN21700_30T_cycle_#225.mat
CC,225,0.9588,2.85091,0.4299,7,discharge,3,-32.757,10.919,10.0,9.9,3.6574,3.2333,12.9469,06-14-21_18.25_CC_protocol_HPPC_IN21700_30T_cycle_#225.mat
CC,225,0.9588,2.85091,0.3352,8,discharge,0,-2.852,0.951,10.0,9.9,3.5966,3.5574,13.7462,06-14-21_18.25_CC_protocol_HPPC_IN21700_30T_cycle_#225.mat
CC,225,0.9588,2.85091,0.3351,8,discharge,1,-11.394,3.798,10.0,9.9,3.5967,3.4419,13.5861,06-14-21_18.25_CC_protocol_HPPC_IN21700_30T_cycle_#225.mat
CC,225,0.9588,2.85091,0.335,8,discharge,2,-22.787,7.596,10.0,9.9,3.5966,3.2931,13.319,06-14-21_18.25_CC_protocol_HPPC_IN21700_30T_cycle_#225.mat
CC,225,0.9588,2.85091,0.335,8,discharge,3,-32.754,10.918,10.0,9.9,3.5967,3.1644,13.1984,06-14-21_18.25_CC_protocol_HPPC_IN21700_30T_cycle_#225.mat
CC,225,0.9588,2.85091,0.2402,9,discharge,0,-2.852,0.951,10.0,9.9,3.5118,3.4696,14.7966,06-14-21_18.25_CC_protocol_HPPC_IN21700_30T_cycle_#225.mat
CC,225,0.9588,2.85091,0.2401,9,discharge,1,-11.395,3.798,10.0,9.9,3.5122,3.348,14.4098,06-14-21_18.25_CC_protocol_HPPC_IN21700_30T_cycle_#225.mat
CC,225,0.9588,2.85091,0.2401,9,discharge,2,-22.789,7.596,10.0,9.9,3.5154,3.1833,14.5728,06-14-21_18.25_CC_protocol_HPPC_IN21700_30T_cycle_#225.mat
CC,225,0.9588,2.85091,0.24,9,discharge,3,-32.758,10.919,10.0,9.9,3.5163,3.0356,14.6743,06-14-21_18.25_CC_protocol_HPPC_IN21700_30T_cycle_#225.mat
CC,225,0.9588,2.85091,0.1927,10,discharge,0,-2.852,0.951,10.0,9.9,3.4557,3.4114,15.5324,06-14-21_18.25_CC_protocol_HPPC_IN21700_30T_cycle_#225.mat
CC,225,0.9588,2.85091,0.1927,10,discharge,1,-11.394,3.798,10.0,9.9,3.4564,3.2824,15.2712,06-14-21_18.25_CC_protocol_HPPC_IN21700_30T_cycle_#225.mat
CC,225,0.9588,2.85091,0.1926,10,discharge,2,-22.789,7.596,10.0,9.9,3.458,3.0973,15.8278,06-14-21_18.25_CC_protocol_HPPC_IN21700_30T_cycle_#225.mat
CC,225,0.9588,2.85091,0.1925,10,discharge,3,-32.758,10.919,10.0,9.9,3.4574,2.9021,16.9516,06-14-21_18.25_CC_protocol_HPPC_IN21700_30T_cycle_#225.mat
CC,225,0.9588,2.85091,0.1452,11,discharge,0,-2.852,0.951,10.0,9.9,3.4133,3.3641,17.2504,06-14-21_18.25_CC_protocol_HPPC_IN21700_30T_cycle_#225.mat
CC,225,0.9588,2.85091,0.1452,11,discharge,1,-11.395,3.798,10.0,9.91,3.4139,3.2048,18.3502,06-14-21_18.25_CC_protocol_HPPC_IN21700_30T_cycle_#225.mat
CC,225,0.9588,2.85091,0.1451,11,discharge,2,-22.791,7.597,10.0,9.9,3.4157,2.8855,23.2636,06-14-21_18.25_CC_protocol_HPPC_IN21700_30T_cycle_#225.mat
CC,225,0.9588,2.85091,0.145,11,discharge,3,-32.758,10.919,10.0,9.9,3.4144,2.4974,27.9932,06-14-21_18.25_CC_protocol_HPPC_IN21700_30T_cycle_#225.mat
CC,225,0.9588,2.85091,0.0978,12,discharge,0,-2.852,0.951,10.0,9.9,3.3653,3.2949,24.6818,06-14-21_18.25_CC_protocol_HPPC_IN21700_30T_cycle_#225.mat
CC,225,0.9588,2.85091,0.0977,12,discharge,1,-11.395,3.798,10.0,9.9,3.367,2.9437,37.1479,06-14-21_18.25_CC_protocol_HPPC_IN21700_30T_cycle_#225.mat
CC,225,0.9588,2.85091,0.0976,12,discharge,2,-22.789,7.596,10.0,9.9,3.3705,2.4994,38.2246,06-14-21_18.25_CC_protocol_HPPC_IN21700_30T_cycle_#225.mat
CC,225,0.9588,2.85091,0.0975,12,discharge,3,-23.165,7.722,10.0,9.9,3.3698,2.4995,37.5696,06-14-21_18.25_CC_protocol_HPPC_IN21700_30T_cycle_#225.mat
CC,262,0.95737,2.84665,1.0,0,discharge,0,-2.847,0.949,10.0,9.9,4.1686,4.1128,19.5975,06-22-21_02.20_CC_protocol_HPPC_IN21700_30T_cycle_#262.mat
CC,262,0.95737,2.84665,0.9999,0,discharge,1,-11.386,3.795,10.0,9.9,4.168,3.9691,17.4688,06-22-21_02.20_CC_protocol_HPPC_IN21700_30T_cycle_#262.mat
CC,262,0.95737,2.84665,0.9998,0,discharge,2,-22.771,7.59,10.0,9.9,4.1676,3.8116,15.6339,06-22-21_02.20_CC_protocol_HPPC_IN21700_30T_cycle_#262.mat
CC,262,0.95737,2.84665,0.9997,0,discharge,3,-32.73,10.91,10.0,9.9,4.1675,3.6858,14.7174,06-22-21_02.20_CC_protocol_HPPC_IN21700_30T_cycle_#262.mat
CC,262,0.95737,2.84665,0.9525,1,discharge,0,-2.848,0.949,10.0,9.9,4.1012,4.0568,15.591,06-22-21_02.20_CC_protocol_HPPC_IN21700_30T_cycle_#262.mat
CC,262,0.95737,2.84665,0.9525,1,discharge,1,-11.386,3.795,10.0,9.9,4.1012,3.9345,14.6408,06-22-21_02.20_CC_protocol_HPPC_IN21700_30T_cycle_#262.mat
CC,262,0.95737,2.84665,0.9524,1,discharge,2,-22.769,7.59,10.0,9.9,4.1013,3.7852,13.8829,06-22-21_02.20_CC_protocol_HPPC_IN21700_30T_cycle_#262.mat
CC,262,0.95737,2.84665,0.9523,1,discharge,3,-32.732,10.911,10.0,9.9,4.1018,3.6593,13.5189,06-22-21_02.20_CC_protocol_HPPC_IN21700_30T_cycle_#262.mat
CC,262,0.95737,2.84665,0.9051,2,discharge,0,-2.849,0.95,10.0,9.9,4.0825,4.0405,14.7394,06-22-21_02.20_CC_protocol_HPPC_IN21700_30T_cycle_#262.mat
CC,262,0.95737,2.84665,0.905,2,discharge,1,-11.386,3.795,10.0,9.9,4.0826,3.9203,14.2543,06-22-21_02.20_CC_protocol_HPPC_IN21700_30T_cycle_#262.mat
CC,262,0.95737,2.84665,0.9049,2,discharge,2,-22.771,7.59,10.0,9.9,4.0826,3.77,13.728,06-22-21_02.20_CC_protocol_HPPC_IN21700_30T_cycle_#262.mat
CC,262,0.95737,2.84665,0.9048,2,discharge,3,-32.732,10.911,10.0,9.9,4.0831,3.6413,13.4975,06-22-21_02.20_CC_protocol_HPPC_IN21700_30T_cycle_#262.mat
CC,262,0.95737,2.84665,0.8102,3,discharge,0,-2.848,0.949,10.0,9.9,4.0286,3.9814,16.5748,06-22-21_02.20_CC_protocol_HPPC_IN21700_30T_cycle_#262.mat
CC,262,0.95737,2.84665,0.8101,3,discharge,1,-11.386,3.795,10.0,9.9,4.0288,3.8474,15.9318,06-22-21_02.20_CC_protocol_HPPC_IN21700_30T_cycle_#262.mat
CC,262,0.95737,2.84665,0.81,3,discharge,2,-22.773,7.591,10.0,9.9,4.0282,3.6925,14.7411,06-22-21_02.20_CC_protocol_HPPC_IN21700_30T_cycle_#262.mat
CC,262,0.95737,2.84665,0.81,3,discharge,3,-32.731,10.91,10.0,9.9,4.0294,3.5658,14.1639,06-22-21_02.20_CC_protocol_HPPC_IN21700_30T_cycle_#262.mat
CC,262,0.95737,2.84665,0.7153,4,discharge,0,-2.848,0.949,10.0,9.9,3.9242,3.8774,16.4346,06-22-21_02.20_CC_protocol_HPPC_IN21700_30T_cycle_#262.mat
CC,262,0.95737,2.84665,0.7152,4,discharge,1,-11.388,3.796,10.0,9.9,3.9244,3.7507,15.2529,06-22-21_02.20_CC_protocol_HPPC_IN21700_30T_cycle_#262.mat
CC,262,0.95737,2.84665,0.7152,4,discharge,2,-22.769,7.59,10.0,9.9,3.9246,3.6098,13.8258,06-22-21_02.20_CC_protocol_HPPC_IN21700_30T_cycle_#262.mat
CC,262,0.95737,2.84665,0.7151,4,discharge,3,-32.732,10.911,10.0,9.9,3.9251,3.4899,13.2959,06-22-21_02.20_CC_protocol_HPPC_IN21700_30T_cycle_#262.mat
CC,262,0.95737,2.84665,0.6204,5,discharge,0,-2.848,0.949,10.0,9.9,3.8437,3.7952,17.0301,06-22-21_02.20_CC_protocol_HPPC_IN21700_30T_cycle_#262.mat
CC,262,0.95737,2.84665,0.6204,5,discharge,1,-11.387,3.796,10.0,9.9,3.8432,3.6734,14.9117,06-22-21_02.20_CC_protocol_HPPC_IN21700_30T_cycle_#262.mat
CC,262,0.95737,2.84665,0.6203,5,discharge,2,-22.77,7.59,10.0,9.9,3.842,3.5281,13.7857,06-22-21_02.20_CC_protocol_HPPC_IN21700_30T_cycle_#262.mat
CC,262,0.95737,2.84665,0.6202,5,discharge,3,-32.73,10.91,10.0,9.9,3.8408,3.4037,13.3547,06-22-21_02.20_CC_protocol_HPPC_IN21700_30T_cycle_#262.mat
CC,262,0.95737,2.84665,0.5255,6,discharge,0,-2.848,0.949,10.0,9.9,3.7364,3.6954,14.3961,06-22-21_02.20_CC_protocol_HPPC_IN21700_30T_cycle_#262.mat
CC,262,0.95737,2.84665,0.5255,6,discharge,1,-11.386,3.795,10.0,9.9,3.7363,3.5783,13.8767,06-22-21_02.20_CC_protocol_HPPC_IN21700_30T_cycle_#262.mat
CC,262,0.95737,2.84665,0.5254,6,discharge,2,-22.771,7.59,10.0,9.9,3.7358,3.4291,13.4689,06-22-21_02.20_CC_protocol_HPPC_IN21700_30T_cycle_#262.mat
CC,262,0.95737,2.84665,0.5253,6,discharge,3,-32.73,10.91,10.0,9.9,3.7367,3.3011,13.3089,06-22-21_02.20_CC_protocol_HPPC_IN21700_30T_cycle_#262.mat
CC,262,0.95737,2.84665,0.4307,7,discharge,0,-2.848,0.949,10.0,9.9,3.6541,3.6152,13.6587,06-22-21_02.20_CC_protocol_HPPC_IN21700_30T_cycle_#262.mat
CC,262,0.95737,2.84665,0.4306,7,discharge,1,-11.387,3.796,10.0,9.9,3.6549,3.4981,13.7701,06-22-21_02.20_CC_protocol_HPPC_IN21700_30T_cycle_#262.mat
CC,262,0.95737,2.84665,0.4305,7,discharge,2,-22.771,7.59,10.0,9.9,3.6551,3.3495,13.4206,06-22-21_02.20_CC_protocol_HPPC_IN21700_30T_cycle_#262.mat
CC,262,0.95737,2.84665,0.4304,7,discharge,3,-32.731,10.91,10.0,9.9,3.6554,3.2219,13.2443,06-22-21_02.20_CC_protocol_HPPC_IN21700_30T_cycle_#262.mat
CC,262,0.95737,2.84665,0.3358,8,discharge,0,-2.85,0.95,10.0,9.9,3.5942,3.5543,14.0,06-22-21_02.20_CC_protocol_HPPC_IN21700_30T_cycle_#262.mat
CC,262,0.95737,2.84665,0.3357,8,discharge,1,-11.387,3.796,10.0,9.9,3.5944,3.4357,13.9369,06-22-21_02.20_CC_protocol_HPPC_IN21700_30T_cycle_#262.mat
CC,262,0.95737,2.84665,0.3356,8,discharge,2,-22.771,7.59,10.0,9.9,3.5943,3.2829,13.6753,06-22-21_02.20_CC_protocol_HPPC_IN21700_30T_cycle_#262.mat
CC,262,0.95737,2.84665,0.3355,8,discharge,3,-32.731,10.91,10.0,9.9,3.5941,3.1513,13.5285,06-22-21_02.20_CC_protocol_HPPC_IN21700_30T_cycle_#262.mat
CC,262,0.95737,2.84665,0.2409,9,discharge,0,-2.85,0.95,10.0,9.9,3.5082,3.4656,14.9479,06-22-21_02.20_CC_protocol_HPPC_IN21700_30T_cycle_#262.mat
CC,262,0.95737,2.84665,0.2408,9,discharge,1,-11.387,3.796,10.0,9.9,3.5086,3.3425,14.5868,06-22-21_02.20_CC_protocol_HPPC_IN21700_30T_cycle_#262.mat
CC,262,0.95737,2.84665,0.2407,9,discharge,2,-22.769,7.59,10.0,9.9,3.5116,3.1759,14.7437,06-22-21_02.20_CC_protocol_HPPC_IN21700_30T_cycle_#262.mat
CC,262,0.95737,2.84665,0.2406,9,discharge,3,-32.732,10.911,10.0,9.9,3.5125,3.0243,14.9151,06-22-21_02.20_CC_protocol_HPPC_IN21700_30T_cycle_#262.mat
CC,262,0.95737,2.84665,0.1934,10,discharge,0,-2.848,0.949,10.0,9.9,3.4508,3.406,15.7298,06-22-21_02.20_CC_protocol_HPPC_IN21700_30T_cycle_#262.mat
CC,262,0.95737,2.84665,0.1933,10,discharge,1,-11.387,3.796,10.0,9.9,3.4514,3.2731,15.6582,06-22-21_02.20_CC_protocol_HPPC_IN21700_30T_cycle_#262.mat
CC,262,0.95737,2.84665,0.1933,10,discharge,2,-22.769,7.59,10.0,9.9,3.4529,3.073,16.685,06-22-21_02.20_CC_protocol_HPPC_IN21700_30T_cycle_#262.mat
CC,262,0.95737,2.84665,0.1932,10,discharge,3,-32.73,10.91,10.0,9.9,3.4524,2.8553,18.2432,06-22-21_02.20_CC_protocol_HPPC_IN21700_30T_cycle_#262.mat
CC,262,0.95737,2.84665,0.146,11,discharge,0,-2.85,0.95,10.0,9.9,3.4107,3.359,18.1372,06-22-21_02.20_CC_protocol_HPPC_IN21700_30T_cycle_#262.mat
CC,262,0.95737,2.84665,0.1459,11,discharge,1,-11.385,3.795,10.0,9.9,3.4112,3.1841,19.9473,06-22-21_02.20_CC_protocol_HPPC_IN21700_30T_cycle_#262.mat
CC,262,0.95737,2.84665,0.1458,11,discharge,2,-22.772,7.591,10.0,9.9,3.4125,2.8111,26.4096,06-22-21_02.20_CC_protocol_HPPC_IN21700_30T_cycle_#262.mat
CC,262,0.95737,2.84665,0.1457,11,discharge,3,-32.732,10.911,10.0,9.9,3.4121,2.4982,27.9207,06-22-21_02.20_CC_protocol_HPPC_IN21700_30T_cycle_#262.mat
CC,262,0.95737,2.84665,0.0985,12,discharge,0,-2.846,0.949,10.0,9.9,3.3572,3.2801,27.0887,06-22-21_02.20_CC_protocol_HPPC_IN21700_30T_cycle_#262.mat
CC,262,0.95737,2.84665,0.0984,12,discharge,1,-11.389,3.796,10.0,9.9,3.359,2.8646,43.4103,06-22-21_02.20_CC_protocol_HPPC_IN21700_30T_cycle_#262.mat
CC,262,0.95737,2.84665,0.0983,12,discharge,2,-22.764,7.588,10.0,9.9,3.3622,2.4995,37.8976,06-22-21_02.20_CC_protocol_HPPC_IN21700_30T_cycle_#262.mat
CC,262,0.95737,2.84665,0.0983,12,discharge,3,-20.366,6.789,10.0,9.9,3.3609,2.4996,42.2911,06-22-21_02.20_CC_protocol_HPPC_IN21700_30T_cycle_#262.mat
CC,300,0.95292,2.83341,1.0,0,discharge,0,-2.835,0.945,10.0,9.9,4.1657,4.1102,19.5788,06-30-21_21.37_CC_protocol_HPPC_IN21700_30T_cycle_#300.mat
CC,300,0.95292,2.83341,0.9999,0,discharge,1,-11.335,3.778,10.0,9.9,4.1657,3.9665,17.5739,06-30-21_21.37_CC_protocol_HPPC_IN21700_30T_cycle_#300.mat
CC,300,0.95292,2.83341,0.9998,0,discharge,2,-22.664,7.555,10.0,9.9,4.1653,3.8103,15.6636,06-30-21_21.37_CC_protocol_HPPC_IN21700_30T_cycle_#300.mat
CC,300,0.95292,2.83341,0.9997,0,discharge,3,-32.58,10.86,10.0,9.9,4.1653,3.6854,14.7299,06-30-21_21.37_CC_protocol_HPPC_IN21700_30T_cycle_#300.mat
CC,300,0.95292,2.83341,0.9527,1,discharge,0,-2.835,0.945,10.0,9.9,4.1006,4.0553,15.98,06-30-21_21.37_CC_protocol_HPPC_IN21700_30T_cycle_#300.mat
CC,300,0.95292,2.83341,0.9527,1,discharge,1,-11.334,3.778,10.0,9.9,4.1006,3.9311,14.955,06-30-21_21.37_CC_protocol_HPPC_IN21700_30T_cycle_#300.mat
CC,300,0.95292,2.83341,0.9526,1,discharge,2,-22.664,7.555,10.0,9.9,4.1007,3.7799,14.1546,06-30-21_21.37_CC_protocol_HPPC_IN21700_30T_cycle_#300.mat
CC,300,0.95292,2.83341,0.9525,1,discharge,3,-32.579,10.86,10.0,9.9,4.1012,3.6529,13.7604,06-30-21_21.37_CC_protocol_HPPC_IN21700_30T_cycle_#300.mat
CC,300,0.95292,2.83341,0.9055,2,discharge,0,-2.835,0.945,10.0,9.9,4.0823,4.0398,14.9933,06-30-21_21.37_CC_protocol_HPPC_IN21700_30T_cycle_#300.mat
CC,300,0.95292,2.83341,0.9055,2,discharge,1,-11.332,3.777,10.0,9.9,4.0817,3.9184,14.4105,06-30-21_21.37_CC_protocol_HPPC_IN21700_30T_cycle_#300.mat
CC,300,0.95292,2.83341,0.9054,2,discharge,2,-22.665,7.555,10.0,9.9,4.0826,3.7662,13.9598,06-30-21_21.37_CC_protocol_HPPC_IN21700_30T_cycle_#300.mat
CC,300,0.95292,2.83341,0.9053,2,discharge,3,-32.579,10.86,10.0,9.9,4.0828,3.6372,13.6775,06-30-21_21.37_CC_protocol_HPPC_IN21700_30T_cycle_#300.mat
CC,300,0.95292,2.83341,0.8111,3,discharge,0,-2.835,0.945,10.0,9.9,4.028,3.9805,16.7572,06-30-21_21.37_CC_protocol_HPPC_IN21700_30T_cycle_#300.mat
CC,300,0.95292,2.83341,0.811,3,discharge,1,-11.334,3.778,10.0,9.9,4.0282,3.8441,16.2432,06-30-21_21.37_CC_protocol_HPPC_IN21700_30T_cycle_#300.mat
CC,300,0.95292,2.83341,0.8109,3,discharge,2,-22.663,7.554,10.0,9.9,4.0286,3.6856,15.1348,06-30-21_21.37_CC_protocol_HPPC_IN21700_30T_cycle_#300.mat
CC,300,0.95292,2.83341,0.8108,3,discharge,3,-32.578,10.859,10.0,9.9,4.029,3.5565,14.5037,06-30-21_21.37_CC_protocol_HPPC_IN21700_30T_cycle_#300.mat
CC,300,0.95292,2.83341,0.7166,4,discharge,0,-2.835,0.945,10.0,9.9,3.924,3.8764,16.7919,06-30-21_21.37_CC_protocol_HPPC_IN21700_30T_cycle_#300.mat
CC,300,0.95292,2.83341,0.7166,4,discharge,1,-11.334,3.778,10.0,9.9,3.9242,3.7473,15.6079,06-30-21_21.37_CC_protocol_HPPC_IN21700_30T_cycle_#300.mat
CC,300,0.95292,2.83341,0.7165,4,discharge,2,-22.664,7.555,10.0,9.9,3.9243,3.6035,14.1546,06-30-21_21.37_CC_protocol_HPPC_IN21700_30T_cycle_#300.mat
CC,300,0.95292,2.83341,0.7164,4,discharge,3,-32.58,10.86,10.0,9.91,3.9248,3.4816,13.6034,06-30-21_21.37_CC_protocol_HPPC_IN21700_30T_cycle_#300.mat
CC,300,0.95292,2.83341,0.6222,5,discharge,0,-2.835,0.945,10.0,9.9,3.8433,3.7955,16.8607,06-30-21_21.37_CC_protocol_HPPC_IN21700_30T_cycle_#300.mat
CC,300,0.95292,2.83341,0.6222,5,discharge,1,-11.332,3.777,10.0,9.9,3.8427,3.6749,14.8076,06-30-21_21.37_CC_protocol_HPPC_IN21700_30T_cycle_#300.mat
CC,300,0.95292,2.83341,0.6221,5,discharge,2,-22.664,7.555,10.0,9.9,3.8415,3.5286,13.806,06-30-21_21.37_CC_protocol_HPPC_IN21700_30T_cycle_#300.mat
CC,300,0.95292,2.83341,0.622,5,discharge,3,-32.579,10.86,10.0,9.9,3.841,3.4004,13.524,06-30-21_21.37_CC_protocol_HPPC_IN21700_30T_cycle_#300.mat
CC,300,0.95292,2.83341,0.5278,6,discharge,0,-2.835,0.945,10.0,9.9,3.7366,3.6955,14.4963,06-30-21_21.37_CC_protocol_HPPC_IN21700_30T_cycle_#300.mat
CC,300,0.95292,2.83341,0.5277,6,discharge,1,-11.332,3.777,10.0,9.9,3.7368,3.5774,14.0664,06-30-21_21.37_CC_protocol_HPPC_IN21700_30T_cycle_#300.mat
CC,300,0.95292,2.83341,0.5276,6,discharge,2,-22.665,7.555,10.0,9.9,3.7364,3.4273,13.6378,06-30-21_21.37_CC_protocol_HPPC_IN21700_30T_cycle_#300.mat
CC,300,0.95292,2.83341,0.5275,6,discharge,3,-32.578,10.859,10.0,9.9,3.7373,3.2988,13.46,06-30-21_21.37_CC_protocol_HPPC_IN21700_30T_cycle_#300.mat
CC,300,0.95292,2.83341,0.4333,7,discharge,0,-2.835,0.945,10.0,9.9,3.6555,3.6158,14.003,06-30-21_21.37_CC_protocol_HPPC_IN21700_30T_cycle_#300.mat
CC,300,0.95292,2.83341,0.4333,7,discharge,1,-11.332,3.777,10.0,9.9,3.6557,3.4994,13.7928,06-30-21_21.37_CC_protocol_HPPC_IN21700_30T_cycle_#300.mat
CC,300,0.95292,2.83341,0.4332,7,discharge,2,-22.665,7.555,10.0,9.9,3.6559,3.3515,13.4304,06-30-21_21.37_CC_protocol_HPPC_IN21700_30T_cycle_#300.mat
CC,300,0.95292,2.83341,0.4331,7,discharge,3,-32.578,10.859,10.0,9.9,3.6561,3.2247,13.2421,06-30-21_21.37_CC_protocol_HPPC_IN21700_30T_cycle_#300.mat
CC,300,0.95292,2.83341,0.3389,8,discharge,0,-2.836,0.945,10.0,9.9,3.5941,3.5543,14.0363,06-30-21_21.37_CC_protocol_HPPC_IN21700_30T_cycle_#300.mat
CC,300,0.95292,2.83341,0.3388,8,discharge,1,-11.333,3.778,10.0,9.9,3.5948,3.4342,14.171,06-30-21_21.37_CC_protocol_HPPC_IN21700_30T_cycle_#300.mat
CC,300,0.95292,2.83341,0.3387,8,discharge,2,-22.663,7.554,10.0,9.9,3.5946,3.2791,13.9214,06-30-21_21.37_CC_protocol_HPPC_IN21700_30T_cycle_#300.mat
CC,300,0.95292,2.83341,0.3387,8,discharge,3,-32.579,10.86,10.0,9.9,3.5948,3.1452,13.8003,06-30-21_21.37_CC_protocol_HPPC_IN21700_30T_cycle_#300.mat
CC,300,0.95292,2.83341,0.2445,9,discharge,0,-2.833,0.944,10.0,9.9,3.5095,3.4663,15.2472,06-30-21_21.37_CC_protocol_HPPC_IN21700_30T_cycle_#300.mat
CC,300,0.95292,2.83341,0.2444,9,discharge,1,-11.333,3.778,10.0,9.9,3.5099,3.341,14.9034,06-30-21_21.37_CC_protocol_HPPC_IN21700_30T_cycle_#300.mat
CC,300,0.95292,2.83341,0.2443,9,discharge,2,-22.663,7.554,10.0,9.9,3.5131,3.1712,15.0863,06-30-21_21.37_CC_protocol_HPPC_IN21700_30T_cycle_#300.mat
CC,300,0.95292,2.83341,0.2442,9,discharge,3,-32.58,10.86,10.0,9.9,3.5139,3.0165,15.267,06-30-21_21.37_CC_protocol_HPPC_IN21700_30T_cycle_#300.mat
CC,300,0.95292,2.83341,0.1973,10,discharge,0,-2.834,0.945,10.0,9.9,3.4519,3.4064,16.0567,06-30-21_21.37_CC_protocol_HPPC_IN21700_30T_cycle_#300.mat
CC,300,0.95292,2.83341,0.1972,10,discharge,1,-11.333,3.778,10.0,9.9,3.4531,3.2708,16.0858,06-30-21_21.37_CC_protocol_HPPC_IN21700_30T_cycle_#300.mat
CC,300,0.95292,2.83341,0.1971,10,discharge,2,-22.664,7.555,10.0,9.9,3.4547,3.0654,17.177,06-30-21_21.37_CC_protocol_HPPC_IN21700_30T_cycle_#300.mat
CC,300,0.95292,2.83341,0.197,10,discharge,3,-32.579,10.86,10.0,9.9,3.4535,2.8412,18.7943,06-30-21_21.37_CC_protocol_HPPC_IN21700_30T_cycle_#300.mat
CC,300,0.95292,2.83341,0.15,11,discharge,0,-2.836,0.945,10.0,9.9,3.412,3.36,18.3376,06-30-21_21.37_CC_protocol_HPPC_IN21700_30T_cycle_#300.mat
CC,300,0.95292,2.83341,0.15,11,discharge,1,-11.333,3.778,10.0,9.9,3.4125,3.1821,20.33,06-30-21_21.37_CC_protocol_HPPC_IN21700_30T_cycle_#300.mat
CC,300,0.95292,2.83341,0.1499,11,discharge,2,-22.667,7.556,10.0,9.9,3.4143,2.8048,26.8893,06-30-21_21.37_CC_protocol_HPPC_IN21700_30T_cycle_#300.mat
CC,300,0.95292,2.83341,0.1498,11,discharge,3,-32.581,10.86,10.0,9.9,3.4133,2.5286,27.1539,06-30-21_21.37_CC_protocol_HPPC_IN21700_30T_cycle_#300.mat
CC,300,0.95292,2.83341,0.1028,12,discharge,0,-2.833,0.945,10.0,9.9,3.3604,3.2846,26.7514,06-30-21_21.37_CC_protocol_HPPC_IN21700_30T_cycle_#300.mat
CC,300,0.95292,2.83341,0.1028,12,discharge,1,-11.333,3.778,10.0,9.9,3.3625,2.8722,43.263,06-30-21_21.37_CC_protocol_HPPC_IN21700_30T_cycle_#300.mat
CC,300,0.95292,2.83341,0.1027,12,discharge,2,-22.627,7.542,10.0,9.9,3.3659,2.5648,35.4038,06-30-21_21.37_CC_protocol_HPPC_IN21700_30T_cycle_#300.mat
CC,300,0.95292,2.83341,0.1025,12,discharge,3,-18.578,6.193,10.0,9.9,3.3648,2.5705,42.7549,06-30-21_21.37_CC_protocol_HPPC_IN21700_30T_cycle_#300.mat
CC,337,0.94852,2.82032,1.0,0,discharge,0,-2.823,0.941,10.0,9.9,4.1649,4.1072,20.4371,07-05-21_21.11_CC_protocol_HPPC_IN21700_30T_cycle_#337.mat
CC,337,0.94852,2.82032,0.9999,0,discharge,1,-11.282,3.761,10.0,9.9,4.164,3.9616,17.9401,07-05-21_21.11_CC_protocol_HPPC_IN21700_30T_cycle_#337.mat
CC,337,0.94852,2.82032,0.9998,0,discharge,2,-22.565,7.522,10.0,9.9,4.1634,3.8036,15.945,07-05-21_21.11_CC_protocol_HPPC_IN21700_30T_cycle_#337.mat
CC,337,0.94852,2.82032,0.9997,0,discharge,3,-32.435,10.812,10.0,9.9,4.1634,3.6773,14.9869,07-05-21_21.11_CC_protocol_HPPC_IN21700_30T_cycle_#337.mat
CC,337,0.94852,2.82032,0.953,1,discharge,0,-2.821,0.94,10.0,9.9,4.1,4.0554,15.81,07-05-21_21.11_CC_protocol_HPPC_IN21700_30T_cycle_#337.mat
CC,337,0.94852,2.82032,0.9529,1,discharge,1,-11.284,3.761,10.0,9.9,4.1003,3.9324,14.8795,07-05-21_21.11_CC_protocol_HPPC_IN21700_30T_cycle_#337.mat
CC,337,0.94852,2.82032,0.9528,1,discharge,2,-22.562,7.521,10.0,9.9,4.1002,3.7792,14.2275,07-05-21_21.11_CC_protocol_HPPC_IN21700_30T_cycle_#337.mat
CC,337,0.94852,2.82032,0.9527,1,discharge,3,-32.433,10.811,10.0,9.9,4.1006,3.6483,13.9457,07-05-21_21.11_CC_protocol_HPPC_IN21700_30T_cycle_#337.mat
CC,337,0.94852,2.82032,0.9059,2,discharge,0,-2.823,0.941,10.0,9.9,4.082,4.0389,15.2653,07-05-21_21.11_CC_protocol_HPPC_IN21700_30T_cycle_#337.mat
CC,337,0.94852,2.82032,0.9059,2,discharge,1,-11.282,3.761,10.0,9.9,4.0821,3.9155,14.7669,07-05-21_21.11_CC_protocol_HPPC_IN21700_30T_cycle_#337.mat
CC,337,0.94852,2.82032,0.9058,2,discharge,2,-22.563,7.521,10.0,9.9,4.0824,3.7608,14.2534,07-05-21_21.11_CC_protocol_HPPC_IN21700_30T_cycle_#337.mat
CC,337,0.94852,2.82032,0.9057,2,discharge,3,-32.435,10.812,10.0,9.9,4.0827,3.6295,13.9726,07-05-21_21.11_CC_protocol_HPPC_IN21700_30T_cycle_#337.mat
CC,337,0.94852,2.82032,0.8119,3,discharge,0,-2.821,0.94,10.0,9.9,4.0269,3.9791,16.9425,07-05-21_21.11_CC_protocol_HPPC_IN21700_30T_cycle_#337.mat
CC,337,0.94852,2.82032,0.8119,3,discharge,1,-11.282,3.761,10.0,9.9,4.0273,3.843,16.3358,07-05-21_21.11_CC_protocol_HPPC_IN21700_30T_cycle_#337.mat
CC,337,0.94852,2.82032,0.8118,3,discharge,2,-22.563,7.521,10.0,9.9,4.0274,3.6861,15.1265,07-05-21_21.11_CC_protocol_HPPC_IN21700_30T_cycle_#337.mat
CC,337,0.94852,2.82032,0.8117,3,discharge,3,-32.433,10.811,10.0,9.9,4.0281,3.5588,14.4698,07-05-21_21.11_CC_protocol_HPPC_IN21700_30T_cycle_#337.mat
CC,337,0.94852,2.82032,0.7179,4,discharge,0,-2.824,0.941,10.0,9.9,3.9236,3.8755,17.0344,07-05-21_21.11_CC_protocol_HPPC_IN21700_30T_cycle_#337.mat
CC,337,0.94852,2.82032,0.7179,4,discharge,1,-11.281,3.76,10.0,9.9,3.9238,3.7459,15.7699,07-05-21_21.11_CC_protocol_HPPC_IN21700_30T_cycle_#337.mat
CC,337,0.94852,2.82032,0.7178,4,discharge,2,-22.562,7.521,10.0,9.9,3.9241,3.6001,14.3604,07-05-21_21.11_CC_protocol_HPPC_IN21700_30T_cycle_#337.mat
CC,337,0.94852,2.82032,0.7177,4,discharge,3,-32.433,10.811,10.0,9.9,3.9244,3.4766,13.8069,07-05-21_21.11_CC_protocol_HPPC_IN21700_30T_cycle_#337.mat
CC,337,0.94852,2.82032,0.6239,5,discharge,0,-2.824,0.941,10.0,9.9,3.8421,3.794,17.035,07-05-21_21.11_CC_protocol_HPPC_IN21700_30T_cycle_#337.mat
CC,337,0.94852,2.82032,0.6238,5,discharge,1,-11.283,3.761,10.0,9.9,3.8415,3.6723,14.996,07-05-21_21.11_CC_protocol_HPPC_IN21700_30T_cycle_#337.mat
CC,337,0.94852,2.82032,0.6237,5,discharge,2,-22.563,7.521,10.0,9.9,3.8403,3.5258,13.9387,07-05-21_21.11_CC_protocol_HPPC_IN21700_30T_cycle_#337.mat
CC,337,0.94852,2.82032,0.6237,5,discharge,3,-32.433,10.811,10.0,9.9,3.84,3.4008,13.5418,07-05-21_21.11_CC_protocol_HPPC_IN21700_30T_cycle_#337.mat
CC,337,0.94852,2.82032,0.5299,6,discharge,0,-2.822,0.941,10.0,9.9,3.7374,3.6967,14.4239,07-05-21_21.11_CC_protocol_HPPC_IN21700_30T_cycle_#337.mat
CC,337,0.94852,2.82032,0.5298,6,discharge,1,-11.283,3.761,10.0,9.9,3.7374,3.5788,14.0565,07-05-21_21.11_CC_protocol_HPPC_IN21700_30T_cycle_#337.mat
CC,337,0.94852,2.82032,0.5298,6,discharge,2,-22.56,7.52,10.0,9.9,3.7376,3.4271,13.7633,07-05-21_21.11_CC_protocol_HPPC_IN21700_30T_cycle_#337.mat
CC,337,0.94852,2.82032,0.5297,6,discharge,3,-32.433,10.811,10.0,9.9,3.7378,3.2958,13.6281,07-05-21_21.11_CC_protocol_HPPC_IN21700_30T_cycle_#337.mat
CC,337,0.94852,2.82032,0.4359,7,discharge,0,-2.822,0.941,10.0,9.9,3.6555,3.6152,14.2801,07-05-21_21.11_CC_protocol_HPPC_IN21700_30T_cycle_#337.mat
CC,337,0.94852,2.82032,0.4358,7,discharge,1,-11.283,3.761,10.0,9.9,3.6555,3.4965,14.092,07-05-21_21.11_CC_protocol_HPPC_IN21700_30T_cycle_#337.mat
CC,337,0.94852,2.82032,0.4357,7,discharge,2,-22.562,7.521,10.0,9.9,3.656,3.3456,13.7576,07-05-21_21.11_CC_protocol_HPPC_IN21700_30T_cycle_#337.mat
CC,337,0.94852,2.82032,0.4357,7,discharge,3,-32.432,10.811,10.0,9.9,3.6561,3.2162,13.5638,07-05-21_21.11_CC_protocol_HPPC_IN21700_30T_cycle_#337.mat
CC,337,0.94852,2.82032,0.3419,8,discharge,0,-2.82,0.94,10.0,9.9,3.5948,3.5545,14.2903,07-05-21_21.11_CC_protocol_HPPC_IN21700_30T_cycle_#337.mat
CC,337,0.94852,2.82032,0.3418,8,discharge,1,-11.281,3.76,10.0,9.9,3.5949,3.4353,14.1477,07-05-21_21.11_CC_protocol_HPPC_IN21700_30T_cycle_#337.mat
CC,337,0.94852,2.82032,0.3417,8,discharge,2,-22.564,7.521,10.0,9.9,3.595,3.2815,13.8938,07-05-21_21.11_CC_protocol_HPPC_IN21700_30T_cycle_#337.mat
CC,337,0.94852,2.82032,0.3416,8,discharge,3,-32.432,10.811,10.0,9.9,3.5951,3.1476,13.7981,07-05-21_21.11_CC_protocol_HPPC_IN21700_30T_cycle_#337.mat
CC,337,0.94852,2.82032,0.2479,9,discharge,0,-2.82,0.94,10.0,9.9,3.5096,3.4655,15.6383,07-05-21_21.11_CC_protocol_HPPC_IN21700_30T_cycle_#337.mat
CC,337,0.94852,2.82032,0.2478,9,discharge,1,-11.283,3.761,10.0,9.9,3.5101,3.3375,15.2973,07-05-21_21.11_CC_protocol_HPPC_IN21700_30T_cycle_#337.mat
CC,337,0.94852,2.82032,0.2477,9,discharge,2,-22.564,7.521,10.0,9.9,3.5131,3.1629,15.5203,07-05-21_21.11_CC_protocol_HPPC_IN21700_30T_cycle_#337.mat
CC,337,0.94852,2.82032,0.2476,9,discharge,3,-32.434,10.811,10.0,9.9,3.5143,3.0016,15.8075,07-05-21_21.11_CC_protocol_HPPC_IN21700_30T_cycle_#337.mat
CC,337,0.94852,2.82032,0.2008,10,discharge,0,-2.821,0.941,10.0,9.9,3.4532,3.4068,16.4452,07-05-21_21.11_CC_protocol_HPPC_IN21700_30T_cycle_#337.mat
CC,337,0.94852,2.82032,0.2008,10,discharge,1,-11.283,3.761,10.0,9.9,3.4537,3.2711,16.1836,07-05-21_21.11_CC_protocol_HPPC_IN21700_30T_cycle_#337.mat
CC,337,0.94852,2.82032,0.2007,10,discharge,2,-22.563,7.521,10.0,9.9,3.4554,3.0655,17.2805,07-05-21_21.11_CC_protocol_HPPC_IN21700_30T_cycle_#337.mat
CC,337,0.94852,2.82032,0.2006,10,discharge,3,-32.433,10.811,10.0,9.9,3.4548,2.8425,18.8789,07-05-21_21.11_CC_protocol_HPPC_IN21700_30T_cycle_#337.mat
CC,337,0.94852,2.82032,0.1538,11,discharge,0,-2.824,0.941,10.0,9.9,3.4124,3.3594,18.767,07-05-21_21.11_CC_protocol_HPPC_IN21700_30T_cycle_#337.mat
CC,337,0.94852,2.82032,0.1538,11,discharge,1,-11.284,3.761,10.0,9.9,3.4131,3.1746,21.1361,07-05-21_21.11_CC_protocol_HPPC_IN21700_30T_cycle_#337.mat
CC,337,0.94852,2.82032,0.1537,11,discharge,2,-22.566,7.522,10.0,9.9,3.4151,2.78,28.1441,07-05-21_21.11_CC_protocol_HPPC_IN21700_30T_cycle_#337.mat
CC,337,0.94852,2.82032,0.1536,11,discharge,3,-32.435,10.812,10.0,9.9,3.414,2.5431,26.8506,07-05-21_21.11_CC_protocol_HPPC_IN21700_30T_cycle_#337.mat
CC,337,0.94852,2.82032,0.1068,12,discharge,0,-2.822,0.941,10.0,9.9,3.3608,3.2818,27.9943,07-05-21_21.11_CC_protocol_HPPC_IN21700_30T_cycle_#337.mat
CC,337,0.94852,2.82032,0.1068,12,discharge,1,-11.281,3.76,10.0,9.9,3.3627,2.8572,44.8099,07-05-21_21.11_CC_protocol_HPPC_IN21700_30T_cycle_#337.mat
CC,337,0.94852,2.82032,0.1067,12,discharge,2,-22.463,7.488,10.0,9.9,3.366,2.5676,35.5429,07-05-21_21.11_CC_protocol_HPPC_IN21700_30T_cycle_#337.mat
CC,337,0.94852,2.82032,0.1066,12,discharge,3,-19.302,6.434,10.0,9.9,3.3653,2.6112,39.0685,07-05-21_21.11_CC_protocol_HPPC_IN21700_30T_cycle_#337.mat
CC,375,0.94398,2.80684,1.0,0,discharge,0,-2.809,0.936,10.0,9.9,4.1632,4.1047,20.8252,07-12-21_15.23_CC_protocol_HPPC_IN21700_30T_cycle_#375.mat
CC,375,0.94398,2.80684,0.9999,0,discharge,1,-11.229,3.743,10.0,9.9,4.1621,3.958,18.1762,07-12-21_15.23_CC_protocol_HPPC_IN21700_30T_cycle_#375.mat
CC,375,0.94398,2.80684,0.9998,0,discharge,2,-22.459,7.486,10.0,9.9,4.1616,3.7992,16.1361,07-12-21_15.23_CC_protocol_HPPC_IN21700_30T_cycle_#375.mat
CC,375,0.94398,2.80684,0.9997,0,discharge,3,-32.282,10.761,10.0,9.9,4.1614,3.6722,15.154,07-12-21_15.23_CC_protocol_HPPC_IN21700_30T_cycle_#375.mat
CC,375,0.94398,2.80684,0.9532,1,discharge,0,-2.807,0.936,10.0,9.9,4.0994,4.0541,16.1371,07-12-21_15.23_CC_protocol_HPPC_IN21700_30T_cycle_#375.mat
CC,375,0.94398,2.80684,0.9531,1,discharge,1,-11.229,3.743,10.0,9.9,4.0997,3.9295,15.1572,07-12-21_15.23_CC_protocol_HPPC_IN21700_30T_cycle_#375.mat
CC,375,0.94398,2.80684,0.953,1,discharge,2,-22.457,7.486,10.0,9.9,4.0997,3.7745,14.481,07-12-21_15.23_CC_protocol_HPPC_IN21700_30T_cycle_#375.mat
CC,375,0.94398,2.80684,0.9529,1,discharge,3,-32.279,10.76,10.0,9.9,4.1002,3.6423,14.1857,07-12-21_15.23_CC_protocol_HPPC_IN21700_30T_cycle_#375.mat
CC,375,0.94398,2.80684,0.9064,2,discharge,0,-2.807,0.936,10.0,9.9,4.0817,4.038,15.5671,07-12-21_15.23_CC_protocol_HPPC_IN21700_30T_cycle_#375.mat
CC,375,0.94398,2.80684,0.9063,2,discharge,1,-11.231,3.744,10.0,9.9,4.082,3.9126,15.0833,07-12-21_15.23_CC_protocol_HPPC_IN21700_30T_cycle_#375.mat
CC,375,0.94398,2.80684,0.9062,2,discharge,2,-22.458,7.486,10.0,9.9,4.082,3.7555,14.5382,07-12-21_15.23_CC_protocol_HPPC_IN21700_30T_cycle_#375.mat
CC,375,0.94398,2.80684,0.9061,2,discharge,3,-32.28,10.76,10.0,9.9,4.0816,3.6229,14.21,07-12-21_15.23_CC_protocol_HPPC_IN21700_30T_cycle_#375.mat
CC,375,0.94398,2.80684,0.8128,3,discharge,0,-2.807,0.936,10.0,9.9,4.0259,3.9772,17.3476,07-12-21_15.23_CC_protocol_HPPC_IN21700_30T_cycle_#375.mat
CC,375,0.94398,2.80684,0.8127,3,discharge,1,-11.229,3.743,10.0,9.9,4.0263,3.8387,16.7067,07-12-21_15.23_CC_protocol_HPPC_IN21700_30T_cycle_#375.mat
CC,375,0.94398,2.80684,0.8126,3,discharge,2,-22.458,7.486,10.0,9.9,4.0265,3.6797,15.4422,07-12-21_15.23_CC_protocol_HPPC_IN21700_30T_cycle_#375.mat
CC,375,0.94398,2.80684,0.8125,3,discharge,3,-32.28,10.76,10.0,9.9,4.0272,3.551,14.7522,07-12-21_15.23_CC_protocol_HPPC_IN21700_30T_cycle_#375.mat
CC,375,0.94398,2.80684,0.7192,4,discharge,0,-2.809,0.936,10.0,9.9,3.9235,3.8761,16.8725,07-12-21_15.23_CC_protocol_HPPC_IN21700_30T_cycle_#375.mat
CC,375,0.94398,2.80684,0.7191,4,discharge,1,-11.229,3.743,10.0,9.9,3.9236,3.7471,15.7182,07-12-21_15.23_CC_protocol_HPPC_IN21700_30T_cycle_#375.mat
CC,375,0.94398,2.80684,0.719,4,discharge,2,-22.457,7.486,10.0,9.9,3.9231,3.6007,14.3563,07-12-21_15.23_CC_protocol_HPPC_IN21700_30T_cycle_#375.mat
CC,375,0.94398,2.80684,0.719,4,discharge,3,-32.279,10.76,10.0,9.9,3.9244,3.473,13.9843,07-12-21_15.23_CC_protocol_HPPC_IN21700_30T_cycle_#375.mat
CC,375,0.94398,2.80684,0.6256,5,discharge,0,-2.809,0.936,10.0,9.9,3.8412,3.7927,17.2635,07-12-21_15.23_CC_protocol_HPPC_IN21700_30T_cycle_#375.mat
CC,375,0.94398,2.80684,0.6255,5,discharge,1,-11.229,3.743,10.0,9.9,3.8406,3.6692,15.264,07-12-21_15.23_CC_protocol_HPPC_IN21700_30T_cycle_#375.mat
CC,375,0.94398,2.80684,0.6254,5,discharge,2,-22.456,7.485,10.0,9.9,3.8388,3.5207,14.1655,07-12-21_15.23_CC_protocol_HPPC_IN21700_30T_cycle_#375.mat
CC,375,0.94398,2.80684,0.6254,5,discharge,3,-32.28,10.76,10.0,9.9,3.8389,3.3932,13.8073,07-12-21_15.23_CC_protocol_HPPC_IN21700_30T_cycle_#375.mat
CC,375,0.94398,2.80684,0.532,6,discharge,0,-2.807,0.936,10.0,9.9,3.7375,3.6957,14.8892,07-12-21_15.23_CC_protocol_HPPC_IN21700_30T_cycle_#375.mat
CC,375,0.94398,2.80684,0.5319,6,discharge,1,-11.229,3.743,10.0,9.9,3.7376,3.5761,14.3824,07-12-21_15.23_CC_protocol_HPPC_IN21700_30T_cycle_#375.mat
CC,375,0.94398,2.80684,0.5319,6,discharge,2,-22.458,7.486,10.0,9.9,3.7378,3.4245,13.9505,07-12-21_15.23_CC_protocol_HPPC_IN21700_30T_cycle_#375.mat
CC,375,0.94398,2.80684,0.5318,6,discharge,3,-32.28,10.76,10.0,9.9,3.7379,3.2954,13.7082,07-12-21_15.23_CC_protocol_HPPC_IN21700_30T_cycle_#375.mat
CC,375,0.94398,2.80684,0.4384,7,discharge,0,-2.81,0.937,10.0,9.9,3.656,3.6157,14.3432,07-12-21_15.23_CC_protocol_HPPC_IN21700_30T_cycle_#375.mat
CC,375,0.94398,2.80684,0.4384,7,discharge,1,-11.232,3.744,10.0,9.9,3.6553,3.4963,14.156,07-12-21_15.23_CC_protocol_HPPC_IN21700_30T_cycle_#375.mat
CC,375,0.94398,2.80684,0.4383,7,discharge,2,-22.459,7.486,10.0,9.9,3.6563,3.343,13.9499,07-12-21_15.23_CC_protocol_HPPC_IN21700_30T_cycle_#375.mat
CC,375,0.94398,2.80684,0.4382,7,discharge,3,-32.28,10.76,10.0,9.9,3.6566,3.2114,13.7918,07-12-21_15.23_CC_protocol_HPPC_IN21700_30T_cycle_#375.mat
CC,375,0.94398,2.80684,0.3449,8,discharge,0,-2.808,0.936,10.0,9.9,3.595,3.5537,14.709,07-12-21_15.23_CC_protocol_HPPC_IN21700_30T_cycle_#375.mat
CC,375,0.94398,2.80684,0.3448,8,discharge,1,-11.23,3.743,10.0,9.9,3.5951,3.4318,14.5414,07-12-21_15.23_CC_protocol_HPPC_IN21700_30T_cycle_#375.mat
CC,375,0.94398,2.80684,0.3447,8,discharge,2,-22.456,7.485,10.0,9.9,3.5951,3.2737,14.3124,07-12-21_15.23_CC_protocol_HPPC_IN21700_30T_cycle_#375.mat
CC,375,0.94398,2.80684,0.3447,8,discharge,3,-32.278,10.759,10.0,9.9,3.5953,3.1374,14.1861,07-12-21_15.23_CC_protocol_HPPC_IN21700_30T_cycle_#375.mat
CC,375,0.94398,2.80684,0.2513,9,discharge,0,-2.81,0.937,10.0,9.9,3.5103,3.466,15.7668,07-12-21_15.23_CC_protocol_HPPC_IN21700_30T_cycle_#375.mat
CC,375,0.94398,2.80684,0.2512,9,discharge,1,-11.23,3.743,10.0,9.9,3.5108,3.3375,15.4319,07-12-21_15.23_CC_protocol_HPPC_IN21700_30T_cycle_#375.mat
CC,375,0.94398,2.80684,0.2511,9,discharge,2,-22.458,7.486,10.0,9.9,3.5137,3.1621,15.6559,07-12-21_15.23_CC_protocol_HPPC_IN21700_30T_cycle_#375.mat
CC,375,0.94398,2.80684,0.2511,9,discharge,3,-32.279,10.76,10.0,9.9,3.5148,3.0001,15.9454,07-12-21_15.23_CC_protocol_HPPC_IN21700_30T_cycle_#375.mat
CC,375,0.94398,2.80684,0.2045,10,discharge,0,-2.806,0.935,10.0,9.9,3.4541,3.4063,17.0331,07-12-21_15.23_CC_protocol_HPPC_IN21700_30T_cycle_#375.mat
CC,375,0.94398,2.80684,0.2044,10,discharge,1,-11.231,3.744,10.0,9.9,3.4548,3.2619,17.1757,07-12-21_15.23_CC_protocol_HPPC_IN21700_30T_cycle_#375.mat
CC,375,0.94398,2.80684,0.2044,10,discharge,2,-22.457,7.486,10.0,9.9,3.4563,3.044,18.3595,07-12-21_15.23_CC_protocol_HPPC_IN21700_30T_cycle_#375.mat
CC,375,0.94398,2.80684,0.2043,10,discharge,3,-32.28,10.76,10.0,9.9,3.4558,2.8071,20.096,07-12-21_15.23_CC_protocol_HPPC_IN21700_30T_cycle_#375.mat
CC,375,0.94398,2.80684,0.1577,11,discharge,0,-2.808,0.936,10.0,9.9,3.4133,3.3594,19.1952,07-12-21_15.23_CC_protocol_HPPC_IN21700_30T_cycle_#375.mat
CC,375,0.94398,2.80684,0.1577,11,discharge,1,-11.231,3.744,10.0,9.9,3.414,3.169,21.8146,07-12-21_15.23_CC_protocol_HPPC_IN21700_30T_cycle_#375.mat
CC,375,0.94398,2.80684,0.1576,11,discharge,2,-22.459,7.486,10.0,9.9,3.4159,2.7636,29.044,07-12-21_15.23_CC_protocol_HPPC_IN21700_30T_cycle_#375.mat
CC,375,0.94398,2.80684,0.1575,11,discharge,3,-32.281,10.76,10.0,9.9,3.4149,2.4998,28.3479,07-12-21_15.23_CC_protocol_HPPC_IN21700_30T_cycle_#375.mat
CC,375,0.94398,2.80684,0.1109,12,discharge,0,-2.81,0.937,10.0,9.9,3.3619,3.2818,28.5033,07-12-21_15.23_CC_protocol_HPPC_IN21700_30T_cycle_#375.mat
CC,375,0.94398,2.80684,0.1109,12,discharge,1,-11.23,3.743,10.0,9.9,3.3636,2.8502,45.7168,07-12-21_15.23_CC_protocol_HPPC_IN21700_30T_cycle_#375.mat
CC,375,0.94398,2.80684,0.1108,12,discharge,2,-22.371,7.457,10.0,9.9,3.3671,2.5,38.76,07-12-21_15.23_CC_protocol_HPPC_IN21700_30T_cycle_#375.mat
CC,375,0.94398,2.80684,0.1107,12,discharge,3,-20.197,6.732,10.0,9.9,3.3663,2.4999,42.8975,07-12-21_15.23_CC_protocol_HPPC_IN21700_30T_cycle_#375.mat
CC,412,0.93964,2.79392,1.0,0,discharge,0,-2.797,0.932,10.0,9.9,4.1614,4.1024,21.0925,07-17-21_07.16_CC_protocol_HPPC_IN21700_30T_cycle_#412.mat
CC,412,0.93964,2.79392,0.9999,0,discharge,1,-11.182,3.727,10.0,9.9,4.1604,3.953,18.5477,07-17-21_07.16_CC_protocol_HPPC_IN21700_30T_cycle_#412.mat
CC,412,0.93964,2.79392,0.9998,0,discharge,2,-22.368,7.456,10.0,9.9,4.1608,3.7914,16.5147,07-17-21_07.16_CC_protocol_HPPC_IN21700_30T_cycle_#412.mat
CC,412,0.93964,2.79392,0.9997,0,discharge,3,-32.152,10.717,10.0,9.9,4.1605,3.6623,15.4951,07-17-21_07.16_CC_protocol_HPPC_IN21700_30T_cycle_#412.mat
CC,412,0.93964,2.79392,0.9534,1,discharge,0,-2.797,0.932,10.0,9.9,4.0992,4.0523,16.7662,07-17-21_07.16_CC_protocol_HPPC_IN21700_30T_cycle_#412.mat
CC,412,0.93964,2.79392,0.9533,1,discharge,1,-11.184,3.728,10.0,9.9,4.0993,3.9241,15.6652,07-17-21_07.16_CC_protocol_HPPC_IN21700_30T_cycle_#412.mat
CC,412,0.93964,2.79392,0.9532,1,discharge,2,-22.37,7.457,10.0,9.9,4.0994,3.7687,14.7832,07-17-21_07.16_CC_protocol_HPPC_IN21700_30T_cycle_#412.mat
CC,412,0.93964,2.79392,0.9531,1,discharge,3,-32.152,10.717,10.0,9.9,4.1,3.6392,14.3319,07-17-21_07.16_CC_protocol_HPPC_IN21700_30T_cycle_#412.mat
CC,412,0.93964,2.79392,0.9067,2,discharge,0,-2.797,0.932,10.0,9.9,4.0819,4.0385,15.515,07-17-21_07.16_CC_protocol_HPPC_IN21700_30T_cycle_#412.mat
CC,412,0.93964,2.79392,0.9067,2,discharge,1,-11.182,3.727,10.0,9.9,4.0821,3.9135,15.0778,07-17-21_07.16_CC_protocol_HPPC_IN21700_30T_cycle_#412.mat
CC,412,0.93964,2.79392,0.9066,2,discharge,2,-22.368,7.456,10.0,9.9,4.0821,3.757,14.5342,07-17-21_07.16_CC_protocol_HPPC_IN21700_30T_cycle_#412.mat
CC,412,0.93964,2.79392,0.9068,2,discharge,3,-32.149,10.716,10.0,9.9,4.0825,3.627,14.1684,07-17-21_07.16_CC_protocol_HPPC_IN21700_30T_cycle_#412.mat
CC,412,0.93964,2.79392,0.8135,3,discharge,0,-2.797,0.932,10.0,9.9,4.0254,3.9759,17.6944,07-17-21_07.16_CC_protocol_HPPC_IN21700_30T_cycle_#412.mat
CC,412,0.93964,2.79392,0.8135,3,discharge,1,-11.184,3.728,10.0,9.9,4.0258,3.8355,17.0154,07-17-21_07.16_CC_protocol_HPPC_IN21700_30T_cycle_#412.mat
CC,412,0.93964,2.79392,0.8134,3,discharge,2,-22.367,7.456,10.0,9.9,4.0263,3.674,15.7509,07-17-21_07.16_CC_protocol_HPPC_IN21700_30T_cycle_#412.mat
CC,412,0.93964,2.79392,0.8133,3,discharge,3,-32.15,10.717,10.0,9.9,4.0268,3.5432,15.042,07-17-21_07.16_CC_protocol_HPPC_IN21700_30T_cycle_#412.mat
CC,412,0.93964,2.79392,0.7203,4,discharge,0,-2.8,0.933,10.0,9.9,3.9233,3.8749,17.2882,07-17-21_07.16_CC_protocol_HPPC_IN21700_30T_cycle_#412.mat
CC,412,0.93964,2.79392,0.7203,4,discharge,1,-11.184,3.728,10.0,9.9,3.9236,3.7434,16.1123,07-17-21_07.16_CC_protocol_HPPC_IN21700_30T_cycle_#412.mat
CC,412,0.93964,2.79392,0.7202,4,discharge,2,-22.366,7.455,10.0,9.9,3.9237,3.5959,14.6562,07-17-21_07.16_CC_protocol_HPPC_IN21700_30T_cycle_#412.mat
CC,412,0.93964,2.79392,0.7201,4,discharge,3,-32.15,10.717,10.0,9.9,3.9243,3.4715,14.084,07-17-21_07.16_CC_protocol_HPPC_IN21700_30T_cycle_#412.mat
CC,412,0.93964,2.79392,0.6271,5,discharge,0,-2.8,0.933,10.0,9.9,3.8408,3.7931,17.0375,07-17-21_07.16_CC_protocol_HPPC_IN21700_30T_cycle_#412.mat
CC,412,0.93964,2.79392,0.6271,5,discharge,1,-11.182,3.727,10.0,9.9,3.84,3.6705,15.1583,07-17-21_07.16_CC_protocol_HPPC_IN21700_30T_cycle_#412.mat
CC,412,0.93964,2.79392,0.627,5,discharge,2,-22.366,7.455,10.0,9.9,3.8391,3.5231,14.1286,07-17-21_07.16_CC_protocol_HPPC_IN21700_30T_cycle_#412.mat
CC,412,0.93964,2.79392,0.6269,5,discharge,3,-32.15,10.717,10.0,9.9,3.8386,3.3958,13.7729,07-17-21_07.16_CC_protocol_HPPC_IN21700_30T_cycle_#412.mat
CC,412,0.93964,2.79392,0.534,6,discharge,0,-2.796,0.932,10.0,9.9,3.7379,3.6956,15.1304,07-17-21_07.16_CC_protocol_HPPC_IN21700_30T_cycle_#412.mat
CC,412,0.93964,2.79392,0.5339,6,discharge,1,-11.184,3.728,10.0,9.9,3.7379,3.574,14.6549,07-17-21_07.16_CC_protocol_HPPC_IN21700_30T_cycle_#412.mat
CC,412,0.93964,2.79392,0.5338,6,discharge,2,-22.367,7.456,10.0,9.9,3.7383,3.4201,14.2263,07-17-21_07.16_CC_protocol_HPPC_IN21700_30T_cycle_#412.mat
CC,412,0.93964,2.79392,0.5337,6,discharge,3,-32.15,10.717,10.0,9.9,3.7376,3.2885,13.9689,07-17-21_07.16_CC_protocol_HPPC_IN21700_30T_cycle_#412.mat
CC,412,0.93964,2.79392,0.4407,7,discharge,0,-2.8,0.933,10.0,9.9,3.6563,3.6154,14.6082,07-17-21_07.16_CC_protocol_HPPC_IN21700_30T_cycle_#412.mat
CC,412,0.93964,2.79392,0.4407,7,discharge,1,-11.182,3.727,10.0,9.9,3.6565,3.4954,14.4071,07-17-21_07.16_CC_protocol_HPPC_IN21700_30T_cycle_#412.mat
CC,412,0.93964,2.79392,0.4406,7,discharge,2,-22.364,7.455,10.0,9.9,3.6567,3.3426,14.0449,07-17-21_07.16_CC_protocol_HPPC_IN21700_30T_cycle_#412.mat
CC,412,0.93964,2.79392,0.4405,7,discharge,3,-32.15,10.717,10.0,9.9,3.6571,3.2116,13.8569,07-17-21_07.16_CC_protocol_HPPC_IN21700_30T_cycle_#412.mat
CC,412,0.93964,2.79392,0.3475,8,discharge,0,-2.798,0.933,10.0,9.9,3.5952,3.5542,14.6544,07-17-21_07.16_CC_protocol_HPPC_IN21700_30T_cycle_#412.mat
CC,412,0.93964,2.79392,0.3475,8,discharge,1,-11.182,3.727,10.0,9.9,3.5947,3.4333,14.4339,07-17-21_07.16_CC_protocol_HPPC_IN21700_30T_cycle_#412.mat
CC,412,0.93964,2.79392,0.3474,8,discharge,2,-22.367,7.456,10.0,9.9,3.5956,3.2736,14.3962,07-17-21_07.16_CC_protocol_HPPC_IN21700_30T_cycle_#412.mat
CC,412,0.93964,2.79392,0.3474,8,discharge,3,-32.149,10.716,10.0,9.9,3.5956,3.1329,14.3924,07-17-21_07.16_CC_protocol_HPPC_IN21700_30T_cycle_#412.mat
CC,412,0.93964,2.79392,0.2544,9,discharge,0,-2.798,0.933,10.0,9.9,3.5107,3.4658,16.0472,07-17-21_07.16_CC_protocol_HPPC_IN21700_30T_cycle_#412.mat
CC,412,0.93964,2.79392,0.2543,9,discharge,1,-11.185,3.728,10.0,9.9,3.5113,3.334,15.8516,07-17-21_07.16_CC_protocol_HPPC_IN21700_30T_cycle_#412.mat
CC,412,0.93964,2.79392,0.2542,9,discharge,2,-22.367,7.456,10.0,9.9,3.5141,3.1538,16.1086,07-17-21_07.16_CC_protocol_HPPC_IN21700_30T_cycle_#412.mat
CC,412,0.93964,2.79392,0.2541,9,discharge,3,-32.15,10.717,10.0,9.9,3.5151,2.9848,16.4946,07-17-21_07.16_CC_protocol_HPPC_IN21700_30T_cycle_#412.mat
CC,412,0.93964,2.79392,0.2078,10,discharge,0,-2.798,0.933,10.0,9.9,3.4548,3.4071,17.0497,07-17-21_07.16_CC_protocol_HPPC_IN21700_30T_cycle_#412.mat
CC,412,0.93964,2.79392,0.2077,10,discharge,1,-11.183,3.728,10.0,9.9,3.4555,3.2647,17.0616,07-17-21_07.16_CC_protocol_HPPC_IN21700_30T_cycle_#412.mat
CC,412,0.93964,2.79392,0.2076,10,discharge,2,-22.366,7.455,10.0,9.9,3.4571,3.0429,18.5192,07-17-21_07.16_CC_protocol_HPPC_IN21700_30T_cycle_#412.mat
CC,412,0.93964,2.79392,0.2075,10,discharge,3,-32.15,10.717,10.0,9.9,3.4566,2.8074,20.1928,07-17-21_07.16_CC_protocol_HPPC_IN21700_30T_cycle_#412.mat
CC,412,0.93964,2.79392,0.1612,11,discharge,0,-2.799,0.933,10.0,9.9,3.4143,3.3593,19.6527,07-17-21_07.16_CC_protocol_HPPC_IN21700_30T_cycle_#412.mat
CC,412,0.93964,2.79392,0.1611,11,discharge,1,-11.18,3.727,10.0,9.9,3.4147,3.1625,22.5581,07-17-21_07.16_CC_protocol_HPPC_IN21700_30T_cycle_#412.mat
CC,412,0.93964,2.79392,0.161,11,discharge,2,-22.368,7.456,10.0,9.9,3.4169,2.7449,30.0429,07-17-21_07.16_CC_protocol_HPPC_IN21700_30T_cycle_#412.mat
CC,412,0.93964,2.79392,0.1609,11,discharge,3,-32.153,10.718,10.0,9.9,3.4159,2.5255,27.6926,07-17-21_07.16_CC_protocol_HPPC_IN21700_30T_cycle_#412.mat
CC,412,0.93964,2.79392,0.1145,12,discharge,0,-2.796,0.932,10.0,9.9,3.3625,3.2764,30.7918,07-17-21_07.16_CC_protocol_HPPC_IN21700_30T_cycle_#412.mat
CC,412,0.93964,2.79392,0.1145,12,discharge,1,-11.185,3.728,10.0,9.9,3.3643,2.8,50.4515,07-17-21_07.16_CC_protocol_HPPC_IN21700_30T_cycle_#412.mat
CC,412,0.93964,2.79392,0.1144,12,discharge,2,-20.94,6.98,10.0,9.9,3.367,2.5451,39.2502,07-17-21_07.16_CC_protocol_HPPC_IN21700_30T_cycle_#412.mat
CC,412,0.93964,2.79392,0.1143,12,discharge,3,-17.878,5.959,10.0,9.9,3.3666,2.5966,43.0697,07-17-21_07.16_CC_protocol_HPPC_IN21700_30T_cycle_#412.mat
CC,450,0.93437,2.77826,1.0,0,discharge,0,-2.777,0.926,10.0,9.9,4.16,4.1,21.606,07-24-21_20.32_CC_protocol_HPPC_IN21700_30T_cycle_#450.mat
CC,450,0.93437,2.77826,0.9999,0,discharge,1,-11.115,3.705,10.0,9.9,4.1589,3.9515,18.6595,07-24-21_20.32_CC_protocol_HPPC_IN21700_30T_cycle_#450.mat
CC,450,0.93437,2.77826,0.9998,0,discharge,2,-22.231,7.41,10.0,9.9,4.1584,3.7916,16.4995,07-24-21_20.32_CC_protocol_HPPC_IN21700_30T_cycle_#450.mat
CC,450,0.93437,2.77826,0.9997,0,discharge,3,-31.953,10.651,10.0,9.9,4.1581,3.664,15.4633,07-24-21_20.32_CC_protocol_HPPC_IN21700_30T_cycle_#450.mat
CC,450,0.93437,2.77826,0.9537,1,discharge,0,-2.779,0.926,10.0,9.9,4.0981,4.0502,17.237,07-24-21_20.32_CC_protocol_HPPC_IN21700_30T_cycle_#450.mat
CC,450,0.93437,2.77826,0.9536,1,discharge,1,-11.115,3.705,10.0,9.9,4.0977,3.9197,16.0144,07-24-21_20.32_CC_protocol_HPPC_IN21700_30T_cycle_#450.mat
CC,450,0.93437,2.77826,0.9535,1,discharge,2,-22.229,7.41,10.0,9.9,4.0986,3.7615,15.1649,07-24-21_20.32_CC_protocol_HPPC_IN21700_30T_cycle_#450.mat
CC,450,0.93437,2.77826,0.9534,1,discharge,3,-31.952,10.651,10.0,9.9,4.0993,3.6304,14.6751,07-24-21_20.32_CC_protocol_HPPC_IN21700_30T_cycle_#450.mat
CC,450,0.93437,2.77826,0.9073,2,discharge,0,-2.781,0.927,10.0,9.9,4.0814,4.0368,16.0374,07-24-21_20.32_CC_protocol_HPPC_IN21700_30T_cycle_#450.mat
CC,450,0.93437,2.77826,0.9073,2,discharge,1,-11.117,3.706,10.0,9.9,4.0814,3.9089,15.5168,07-24-21_20.32_CC_protocol_HPPC_IN21700_30T_cycle_#450.mat
CC,450,0.93437,2.77826,0.9072,2,discharge,2,-22.231,7.41,10.0,9.9,4.0816,3.7498,14.9251,07-24-21_20.32_CC_protocol_HPPC_IN21700_30T_cycle_#450.mat
CC,450,0.93437,2.77826,0.9071,2,discharge,3,-31.956,10.652,10.0,9.9,4.0821,3.617,14.5544,07-24-21_20.32_CC_protocol_HPPC_IN21700_30T_cycle_#450.mat
CC,450,0.93437,2.77826,0.8147,3,discharge,0,-2.781,0.927,10.0,9.9,4.0238,3.9748,17.6196,07-24-21_20.32_CC_protocol_HPPC_IN21700_30T_cycle_#450.mat
CC,450,0.93437,2.77826,0.8147,3,discharge,1,-11.115,3.705,10.0,9.9,4.0251,3.8327,17.3099,07-24-21_20.32_CC_protocol_HPPC_IN21700_30T_cycle_#450.mat
CC,450,0.93437,2.77826,0.8146,3,discharge,2,-22.23,7.41,10.0,9.9,4.0258,3.6701,16.0009,07-24-21_20.32_CC_protocol_HPPC_IN21700_30T_cycle_#450.mat
CC,450,0.93437,2.77826,0.8145,3,discharge,3,-31.954,10.651,10.0,9.9,4.026,3.5384,15.2594,07-24-21_20.32_CC_protocol_HPPC_IN21700_30T_cycle_#450.mat
CC,450,0.93437,2.77826,0.7221,4,discharge,0,-2.781,0.927,10.0,9.9,3.9234,3.8745,17.5823,07-24-21_20.32_CC_protocol_HPPC_IN21700_30T_cycle_#450.mat
CC,450,0.93437,2.77826,0.722,4,discharge,1,-11.118,3.706,10.0,9.9,3.9228,3.7426,16.208,07-24-21_20.32_CC_protocol_HPPC_IN21700_30T_cycle_#450.mat
CC,450,0.93437,2.77826,0.7219,4,discharge,2,-22.229,7.41,10.0,9.9,3.9239,3.5938,14.85,07-24-21_20.32_CC_protocol_HPPC_IN21700_30T_cycle_#450.mat
CC,450,0.93437,2.77826,0.7219,4,discharge,3,-31.954,10.651,10.0,9.9,3.9244,3.4689,14.2549,07-24-21_20.32_CC_protocol_HPPC_IN21700_30T_cycle_#450.mat
CC,450,0.93437,2.77826,0.6295,5,discharge,0,-2.781,0.927,10.0,9.9,3.8404,3.7921,17.3666,07-24-21_20.32_CC_protocol_HPPC_IN21700_30T_cycle_#450.mat
CC,450,0.93437,2.77826,0.6294,5,discharge,1,-11.115,3.705,10.0,9.9,3.8399,3.6655,15.6905,07-24-21_20.32_CC_protocol_HPPC_IN21700_30T_cycle_#450.mat
CC,450,0.93437,2.77826,0.6293,5,discharge,2,-22.228,7.409,10.0,9.9,3.8391,3.5111,14.7562,07-24-21_20.32_CC_protocol_HPPC_IN21700_30T_cycle_#450.mat
CC,450,0.93437,2.77826,0.6292,5,discharge,3,-31.95,10.65,10.0,9.9,3.8385,3.3782,14.4069,07-24-21_20.32_CC_protocol_HPPC_IN21700_30T_cycle_#450.mat
CC,450,0.93437,2.77826,0.5369,6,discharge,0,-2.779,0.926,10.0,9.9,3.7392,3.6967,15.2911,07-24-21_20.32_CC_protocol_HPPC_IN21700_30T_cycle_#450.mat
CC,450,0.93437,2.77826,0.5368,6,discharge,1,-11.115,3.705,10.0,9.9,3.7393,3.575,14.7818,07-24-21_20.32_CC_protocol_HPPC_IN21700_30T_cycle_#450.mat
CC,450,0.93437,2.77826,0.5367,6,discharge,2,-22.228,7.409,10.0,9.9,3.7397,3.4214,14.3198,07-24-21_20.32_CC_protocol_HPPC_IN21700_30T_cycle_#450.mat
CC,450,0.93437,2.77826,0.5366,6,discharge,3,-31.954,10.651,10.0,9.9,3.74,3.2911,14.0483,07-24-21_20.32_CC_protocol_HPPC_IN21700_30T_cycle_#450.mat
CC,450,0.93437,2.77826,0.4442,7,discharge,0,-2.781,0.927,10.0,9.9,3.6566,3.6156,14.7418,07-24-21_20.32_CC_protocol_HPPC_IN21700_30T_cycle_#450.mat
CC,450,0.93437,2.77826,0.4442,7,discharge,1,-11.116,3.705,10.0,9.9,3.6574,3.4917,14.9064,07-24-21_20.32_CC_protocol_HPPC_IN21700_30T_cycle_#450.mat
CC,450,0.93437,2.77826,0.4441,7,discharge,2,-22.23,7.41,10.0,9.9,3.6578,3.3338,14.5749,07-24-21_20.32_CC_protocol_HPPC_IN21700_30T_cycle_#450.mat
CC,450,0.93437,2.77826,0.444,7,discharge,3,-31.953,10.651,10.0,9.9,3.658,3.2008,14.3085,07-24-21_20.32_CC_protocol_HPPC_IN21700_30T_cycle_#450.mat
CC,450,0.93437,2.77826,0.3516,8,discharge,0,-2.781,0.927,10.0,9.9,3.5964,3.555,14.8846,07-24-21_20.32_CC_protocol_HPPC_IN21700_30T_cycle_#450.mat
CC,450,0.93437,2.77826,0.3515,8,discharge,1,-11.112,3.704,10.0,9.9,3.5967,3.4332,14.7138,07-24-21_20.32_CC_protocol_HPPC_IN21700_30T_cycle_#450.mat
CC,450,0.93437,2.77826,0.3515,8,discharge,2,-22.229,7.41,10.0,9.9,3.5968,3.2703,14.688,07-24-21_20.32_CC_protocol_HPPC_IN21700_30T_cycle_#450.mat
CC,450,0.93437,2.77826,0.3514,8,discharge,3,-31.953,10.651,10.0,9.9,3.5969,3.1296,14.6246,07-24-21_20.32_CC_protocol_HPPC_IN21700_30T_cycle_#450.mat
CC,450,0.93437,2.77826,0.259,9,discharge,0,-2.781,0.927,10.0,9.9,3.5132,3.4673,16.5025,07-24-21_20.32_CC_protocol_HPPC_IN21700_30T_cycle_#450.mat
CC,450,0.93437,2.77826,0.259,9,discharge,1,-11.114,3.705,10.0,9.9,3.5134,3.3346,16.0878,07-24-21_20.32_CC_protocol_HPPC_IN21700_30T_cycle_#450.mat
CC,450,0.93437,2.77826,0.2589,9,discharge,2,-22.23,7.41,10.0,9.9,3.5163,3.1528,16.3518,07-24-21_20.32_CC_protocol_HPPC_IN21700_30T_cycle_#450.mat
CC,450,0.93437,2.77826,0.2588,9,discharge,3,-31.955,10.652,10.0,9.9,3.5173,2.9848,16.6641,07-24-21_20.32_CC_protocol_HPPC_IN21700_30T_cycle_#450.mat
CC,450,0.93437,2.77826,0.2127,10,discharge,0,-2.782,0.927,10.0,9.9,3.458,3.4088,17.6877,07-24-21_20.32_CC_protocol_HPPC_IN21700_30T_cycle_#450.mat
CC,450,0.93437,2.77826,0.2126,10,discharge,1,-11.116,3.705,10.0,9.9,3.4587,3.26,17.8751,07-24-21_20.32_CC_protocol_HPPC_IN21700_30T_cycle_#450.mat
CC,450,0.93437,2.77826,0.2125,10,discharge,2,-22.228,7.409,10.0,9.9,3.4604,3.0255,19.5654,07-24-21_20.32_CC_protocol_HPPC_IN21700_30T_cycle_#450.mat
CC,450,0.93437,2.77826,0.2124,10,discharge,3,-31.955,10.652,10.0,9.9,3.46,2.7662,21.7118,07-24-21_20.32_CC_protocol_HPPC_IN21700_30T_cycle_#450.mat
CC,450,0.93437,2.77826,0.1664,11,discharge,0,-2.782,0.927,10.0,9.9,3.4164,3.3615,19.7354,07-24-21_20.32_CC_protocol_HPPC_IN21700_30T_cycle_#450.mat
CC,450,0.93437,2.77826,0.1663,11,discharge,1,-11.117,3.706,10.0,9.9,3.417,3.1681,22.3891,07-24-21_20.32_CC_protocol_HPPC_IN21700_30T_cycle_#450.mat
CC,450,0.93437,2.77826,0.1662,11,discharge,2,-22.231,7.41,10.0,9.9,3.4192,2.7694,29.2295,07-24-21_20.32_CC_protocol_HPPC_IN21700_30T_cycle_#450.mat
CC,450,0.93437,2.77826,0.1661,11,discharge,3,-31.953,10.651,10.0,9.9,3.4181,2.5426,27.3996,07-24-21_20.32_CC_protocol_HPPC_IN21700_30T_cycle_#450.mat
CC,450,0.93437,2.77826,0.1201,12,discharge,0,-2.782,0.927,10.0,9.9,3.3666,3.2839,29.729,07-24-21_20.32_CC_protocol_HPPC_IN21700_30T_cycle_#450.mat
CC,450,0.93437,2.77826,0.12,12,discharge,1,-11.116,3.705,10.0,9.9,3.3681,2.8457,46.9953,07-24-21_20.32_CC_protocol_HPPC_IN21700_30T_cycle_#450.mat
CC,450,0.93437,2.77826,0.1199,12,discharge,2,-21.964,7.321,10.0,9.9,3.3716,2.5598,36.9605,07-24-21_20.32_CC_protocol_HPPC_IN21700_30T_cycle_#450.mat
CC,450,0.93437,2.77826,0.1198,12,discharge,3,-18.11,6.037,10.0,9.9,3.3707,2.6134,41.8167,07-24-21_20.32_CC_protocol_HPPC_IN21700_30T_cycle_#450.mat
CC,487,0.91932,2.7335,1.0,0,discharge,0,-2.731,0.91,10.0,9.7,4.1479,4.0953,19.2582,08-09-21_19.30_CC_protocol_HPPC_IN21700_30T_cycle_#487.mat
CC,487,0.91932,2.7335,0.9999,0,discharge,1,-10.922,3.641,10.0,9.9,4.1569,3.942,19.6759,08-09-21_19.30_CC_protocol_HPPC_IN21700_30T_cycle_#487.mat
CC,487,0.91932,2.7335,0.9998,0,discharge,2,-21.848,7.283,10.0,9.9,4.1561,3.7793,17.2464,08-09-21_19.30_CC_protocol_HPPC_IN21700_30T_cycle_#487.mat
CC,487,0.91932,2.7335,0.9997,0,discharge,3,-31.402,10.467,10.0,9.9,4.1556,3.6498,16.1073,08-09-21_19.30_CC_protocol_HPPC_IN21700_30T_cycle_#487.mat
CC,487,0.91932,2.7335,0.9545,1,discharge,0,-2.731,0.91,10.0,9.9,4.097,4.048,17.9395,08-09-21_19.30_CC_protocol_HPPC_IN21700_30T_cycle_#487.mat
CC,487,0.91932,2.7335,0.9544,1,discharge,1,-10.921,3.64,10.0,9.9,4.0973,3.9153,16.6651,08-09-21_19.30_CC_protocol_HPPC_IN21700_30T_cycle_#487.mat
CC,487,0.91932,2.7335,0.9543,1,discharge,2,-21.846,7.282,10.0,9.9,4.0974,3.7563,15.6138,08-09-21_19.30_CC_protocol_HPPC_IN21700_30T_cycle_#487.mat
CC,487,0.91932,2.7335,0.9542,1,discharge,3,-31.401,10.467,10.0,9.9,4.098,3.6255,15.0473,08-09-21_19.30_CC_protocol_HPPC_IN21700_30T_cycle_#487.mat
CC,487,0.91932,2.7335,0.9089,2,discharge,0,-2.731,0.91,10.0,9.9,4.0806,4.0348,16.768,08-09-21_19.30_CC_protocol_HPPC_IN21700_30T_cycle_#487.mat
CC,487,0.91932,2.7335,0.9089,2,discharge,1,-10.922,3.641,10.0,9.9,4.08,3.904,16.1143,08-09-21_19.30_CC_protocol_HPPC_IN21700_30T_cycle_#487.mat
CC,487,0.91932,2.7335,0.9088,2,discharge,2,-21.845,7.282,10.0,9.9,4.0809,3.7416,15.5322,08-09-21_19.30_CC_protocol_HPPC_IN21700_30T_cycle_#487.mat
CC,487,0.91932,2.7335,0.9087,2,discharge,3,-31.402,10.467,10.0,9.9,4.0814,3.6077,15.085,08-09-21_19.30_CC_protocol_HPPC_IN21700_30T_cycle_#487.mat
CC,487,0.91932,2.7335,0.8179,3,discharge,0,-2.731,0.91,10.0,9.9,4.0251,3.9749,18.3802,08-09-21_19.30_CC_protocol_HPPC_IN21700_30T_cycle_#487.mat
CC,487,0.91932,2.7335,0.8178,3,discharge,1,-10.922,3.641,10.0,9.9,4.0257,3.8325,17.6891,08-09-21_19.30_CC_protocol_HPPC_IN21700_30T_cycle_#487.mat
CC,487,0.91932,2.7335,0.8178,3,discharge,2,-21.847,7.282,10.0,9.9,4.0262,3.6692,16.3409,08-09-21_19.30_CC_protocol_HPPC_IN21700_30T_cycle_#487.mat
CC,487,0.91932,2.7335,0.8177,3,discharge,3,-31.403,10.468,10.0,9.9,4.0268,3.5381,15.5622,08-09-21_19.30_CC_protocol_HPPC_IN21700_30T_cycle_#487.mat
CC,487,0.91932,2.7335,0.7269,4,discharge,0,-2.731,0.91,10.0,9.9,3.9238,3.8755,17.6832,08-09-21_19.30_CC_protocol_HPPC_IN21700_30T_cycle_#487.mat
CC,487,0.91932,2.7335,0.7268,4,discharge,1,-10.923,3.641,10.0,9.9,3.9238,3.7425,16.598,08-09-21_19.30_CC_protocol_HPPC_IN21700_30T_cycle_#487.mat
CC,487,0.91932,2.7335,0.7267,4,discharge,2,-21.846,7.282,10.0,9.9,3.9243,3.5921,15.2064,08-09-21_19.30_CC_protocol_HPPC_IN21700_30T_cycle_#487.mat
CC,487,0.91932,2.7335,0.7267,4,discharge,3,-31.402,10.467,10.0,9.9,3.9246,3.4659,14.6073,08-09-21_19.30_CC_protocol_HPPC_IN21700_30T_cycle_#487.mat
CC,487,0.91932,2.7335,0.6359,5,discharge,0,-2.731,0.91,10.0,9.9,3.8435,3.7956,17.5368,08-09-21_19.30_CC_protocol_HPPC_IN21700_30T_cycle_#487.mat
CC,487,0.91932,2.7335,0.6358,5,discharge,1,-10.923,3.641,10.0,9.9,3.8433,3.6695,15.9114,08-09-21_19.30_CC_protocol_HPPC_IN21700_30T_cycle_#487.mat
CC,487,0.91932,2.7335,0.6357,5,discharge,2,-21.846,7.282,10.0,9.9,3.8427,3.5175,14.886,08-09-21_19.30_CC_protocol_HPPC_IN21700_30T_cycle_#487.mat
CC,487,0.91932,2.7335,0.6356,5,discharge,3,-31.403,10.468,10.0,9.9,3.8417,3.3884,14.4349,08-09-21_19.30_CC_protocol_HPPC_IN21700_30T_cycle_#487.mat
CC,487,0.91932,2.7335,0.5449,6,discharge,0,-2.732,0.91,10.0,9.9,3.7441,3.702,15.4128,08-09-21_19.30_CC_protocol_HPPC_IN21700_30T_cycle_#487.mat
CC,487,0.91932,2.7335,0.5448,6,discharge,1,-10.921,3.64,10.0,9.9,3.7448,3.5789,15.1909,08-09-21_19.30_CC_protocol_HPPC_IN21700_30T_cycle_#487.mat
CC,487,0.91932,2.7335,0.5447,6,discharge,2,-21.846,7.282,10.0,9.9,3.7452,3.4236,14.7212,08-09-21_19.30_CC_protocol_HPPC_IN21700_30T_cycle_#487.mat
CC,487,0.91932,2.7335,0.5446,6,discharge,3,-31.402,10.467,10.0,9.9,3.7452,3.2919,14.4354,08-09-21_19.30_CC_protocol_HPPC_IN21700_30T_cycle_#487.mat
CC,487,0.91932,2.7335,0.4538,7,discharge,0,-2.732,0.911,10.0,9.9,3.6615,3.6198,15.2658,08-09-21_19.30_CC_protocol_HPPC_IN21700_30T_cycle_#487.mat
CC,487,0.91932,2.7335,0.4537,7,discharge,1,-10.923,3.641,10.0,9.9,3.6616,3.4978,14.9959,08-09-21_19.30_CC_protocol_HPPC_IN21700_30T_cycle_#487.mat
CC,487,0.91932,2.7335,0.4537,7,discharge,2,-21.846,7.282,10.0,9.9,3.6619,3.3425,14.6205,08-09-21_19.30_CC_protocol_HPPC_IN21700_30T_cycle_#487.mat
CC,487,0.91932,2.7335,0.4536,7,discharge,3,-31.402,10.467,10.0,9.9,3.6622,3.2104,14.3876,08-09-21_19.30_CC_protocol_HPPC_IN21700_30T_cycle_#487.mat
CC,487,0.91932,2.7335,0.3628,8,discharge,0,-2.732,0.91,10.0,9.9,3.5996,3.5574,15.4494,08-09-21_19.30_CC_protocol_HPPC_IN21700_30T_cycle_#487.mat
CC,487,0.91932,2.7335,0.3627,8,discharge,1,-10.922,3.641,10.0,9.9,3.5997,3.4327,15.2902,08-09-21_19.30_CC_protocol_HPPC_IN21700_30T_cycle_#487.mat
CC,487,0.91932,2.7335,0.3626,8,discharge,2,-21.846,7.282,10.0,9.9,3.5998,3.2719,15.0096,08-09-21_19.30_CC_protocol_HPPC_IN21700_30T_cycle_#487.mat
CC,487,0.91932,2.7335,0.3626,8,discharge,3,-31.402,10.467,10.0,9.9,3.6,3.1338,14.8462,08-09-21_19.30_CC_protocol_HPPC_IN21700_30T_cycle_#487.mat
CC,487,0.91932,2.7335,0.2718,9,discharge,0,-2.732,0.911,10.0,9.9,3.5179,3.4724,16.6557,08-09-21_19.30_CC_protocol_HPPC_IN21700_30T_cycle_#487.mat
CC,487,0.91932,2.7335,0.2717,9,discharge,1,-10.923,3.641,10.0,9.9,3.5182,3.3395,16.36,08-09-21_19.30_CC_protocol_HPPC_IN21700_30T_cycle_#487.mat
CC,487,0.91932,2.7335,0.2716,9,discharge,2,-21.846,7.282,10.0,9.9,3.5209,3.1571,16.6529,08-09-21_19.30_CC_protocol_HPPC_IN21700_30T_cycle_#487.mat
CC,487,0.91932,2.7335,0.2715,9,discharge,3,-31.403,10.468,10.0,9.9,3.5218,2.9883,16.9888,08-09-21_19.30_CC_protocol_HPPC_IN21700_30T_cycle_#487.mat
CC,487,0.91932,2.7335,0.2263,10,discharge,0,-2.732,0.911,10.0,9.9,3.4666,3.4178,17.8624,08-09-21_19.30_CC_protocol_HPPC_IN21700_30T_cycle_#487.mat
CC,487,0.91932,2.7335,0.2262,10,discharge,1,-10.923,3.641,10.0,9.9,3.4672,3.2702,18.0353,08-09-21_19.30_CC_protocol_HPPC_IN21700_30T_cycle_#487.mat
CC,487,0.91932,2.7335,0.2261,10,discharge,2,-21.847,7.282,10.0,9.9,3.4692,3.0469,19.3299,08-09-21_19.30_CC_protocol_HPPC_IN21700_30T_cycle_#487.mat
CC,487,0.91932,2.7335,0.226,10,discharge,3,-31.402,10.467,10.0,9.9,3.4689,2.8127,20.8968,08-09-21_19.30_CC_protocol_HPPC_IN21700_30T_cycle_#487.mat
CC,487,0.91932,2.7335,0.1807,11,discharge,0,-2.732,0.911,10.0,9.9,3.4217,3.3664,20.2423,08-09-21_19.30_CC_protocol_HPPC_IN21700_30T_cycle_#487.mat
CC,487,0.91932,2.7335,0.1807,11,discharge,1,-10.923,3.641,10.0,9.9,3.4222,3.1755,22.5854,08-09-21_19.30_CC_protocol_HPPC_IN21700_30T_cycle_#487.mat
CC,487,0.91932,2.7335,0.1806,11,discharge,2,-21.846,7.282,10.0,9.9,3.4243,2.8017,28.4995,08-09-21_19.30_CC_protocol_HPPC_IN21700_30T_cycle_#487.mat
CC,487,0.91932,2.7335,0.1805,11,discharge,3,-31.402,10.467,10.0,9.9,3.4236,2.4997,29.4217,08-09-21_19.30_CC_protocol_HPPC_IN21700_30T_cycle_#487.mat
CC,487,0.91932,2.7335,0.1352,12,discharge,0,-2.73,0.91,10.0,9.9,3.3745,3.2959,28.7912,08-09-21_19.30_CC_protocol_HPPC_IN21700_30T_cycle_#487.mat
CC,487,0.91932,2.7335,0.1352,12,discharge,1,-10.924,3.641,10.0,9.9,3.3759,2.9135,42.3288,08-09-21_19.30_CC_protocol_HPPC_IN21700_30T_cycle_#487.mat
CC,487,0.91932,2.7335,0.1351,12,discharge,2,-21.846,7.282,10.0,9.9,3.3787,2.4999,40.227,08-09-21_19.30_CC_protocol_HPPC_IN21700_30T_cycle_#487.mat
CC,487,0.91932,2.7335,0.135,12,discharge,3,-22.659,7.553,10.0,9.9,3.3788,2.4998,38.7925,08-09-21_19.30_CC_protocol_HPPC_IN21700_30T_cycle_#487.mat
CC,525,0.92367,2.74644,1.0,0,discharge,0,-2.745,0.915,10.0,9.7,4.1464,4.0933,19.3421,08-16-21_12.51_CC_protocol_HPPC_IN21700_30T_cycle_#525.mat
CC,525,0.92367,2.74644,0.9999,0,discharge,1,-10.986,3.662,10.0,9.9,4.1561,3.9371,19.9345,08-16-21_12.51_CC_protocol_HPPC_IN21700_30T_cycle_#525.mat
CC,525,0.92367,2.74644,0.9998,0,discharge,2,-21.972,7.324,10.0,9.9,4.1554,3.7711,17.4904,08-16-21_12.51_CC_protocol_HPPC_IN21700_30T_cycle_#525.mat
CC,525,0.92367,2.74644,0.9997,0,discharge,3,-31.583,10.528,10.0,9.91,4.155,3.6388,16.3442,08-16-21_12.51_CC_protocol_HPPC_IN21700_30T_cycle_#525.mat
CC,525,0.92367,2.74644,0.9542,1,discharge,0,-2.747,0.916,10.0,9.9,4.0969,4.0471,18.1262,08-16-21_12.51_CC_protocol_HPPC_IN21700_30T_cycle_#525.mat
CC,525,0.92367,2.74644,0.9541,1,discharge,1,-10.986,3.662,10.0,9.9,4.0964,3.9125,16.7395,08-16-21_12.51_CC_protocol_HPPC_IN21700_30T_cycle_#525.mat
CC,525,0.92367,2.74644,0.954,1,discharge,2,-21.971,7.324,10.0,9.9,4.0966,3.7513,15.7162,08-16-21_12.51_CC_protocol_HPPC_IN21700_30T_cycle_#525.mat
CC,525,0.92367,2.74644,0.954,1,discharge,3,-31.583,10.528,10.0,9.9,4.098,3.6186,15.1791,08-16-21_12.51_CC_protocol_HPPC_IN21700_30T_cycle_#525.mat
CC,525,0.92367,2.74644,0.9084,2,discharge,0,-2.745,0.915,10.0,9.9,4.0807,4.0352,16.5732,08-16-21_12.51_CC_protocol_HPPC_IN21700_30T_cycle_#525.mat
CC,525,0.92367,2.74644,0.9084,2,discharge,1,-10.986,3.662,10.0,9.9,4.081,3.9025,16.248,08-16-21_12.51_CC_protocol_HPPC_IN21700_30T_cycle_#525.mat
CC,525,0.92367,2.74644,0.9083,2,discharge,2,-21.972,7.324,10.0,9.9,4.081,3.7344,15.7746,08-16-21_12.51_CC_protocol_HPPC_IN21700_30T_cycle_#525.mat
CC,525,0.92367,2.74644,0.9082,2,discharge,3,-31.582,10.527,10.0,9.9,4.0805,3.5961,15.3379,08-16-21_12.51_CC_protocol_HPPC_IN21700_30T_cycle_#525.mat
CC,525,0.92367,2.74644,0.8169,3,discharge,0,-2.746,0.915,10.0,9.9,4.0231,3.9717,18.7209,08-16-21_12.51_CC_protocol_HPPC_IN21700_30T_cycle_#525.mat
CC,525,0.92367,2.74644,0.8168,3,discharge,1,-10.986,3.662,10.0,9.9,4.0237,3.8265,17.9501,08-16-21_12.51_CC_protocol_HPPC_IN21700_30T_cycle_#525.mat
CC,525,0.92367,2.74644,0.8167,3,discharge,2,-21.973,7.324,10.0,9.9,4.0243,3.6606,16.5521,08-16-21_12.51_CC_protocol_HPPC_IN21700_30T_cycle_#525.mat
CC,525,0.92367,2.74644,0.8167,3,discharge,3,-31.582,10.527,10.0,9.9,4.025,3.5276,15.7495,08-16-21_12.51_CC_protocol_HPPC_IN21700_30T_cycle_#525.mat
CC,525,0.92367,2.74644,0.7253,4,discharge,0,-2.748,0.916,10.0,9.9,3.9231,3.8741,17.8337,08-16-21_12.51_CC_protocol_HPPC_IN21700_30T_cycle_#525.mat
CC,525,0.92367,2.74644,0.7252,4,discharge,1,-10.987,3.662,10.0,9.9,3.9233,3.7403,16.656,08-16-21_12.51_CC_protocol_HPPC_IN21700_30T_cycle_#525.mat
CC,525,0.92367,2.74644,0.7252,4,discharge,2,-21.973,7.324,10.0,9.9,3.9237,3.5898,15.1959,08-16-21_12.51_CC_protocol_HPPC_IN21700_30T_cycle_#525.mat
CC,525,0.92367,2.74644,0.7251,4,discharge,3,-31.581,10.527,10.0,9.9,3.924,3.4556,14.8317,08-16-21_12.51_CC_protocol_HPPC_IN21700_30T_cycle_#525.mat
CC,525,0.92367,2.74644,0.6338,5,discharge,0,-2.748,0.916,10.0,9.9,3.8385,3.7901,17.6154,08-16-21_12.51_CC_protocol_HPPC_IN21700_30T_cycle_#525.mat
CC,525,0.92367,2.74644,0.6337,5,discharge,1,-10.986,3.662,10.0,9.9,3.8382,3.6626,15.984,08-16-21_12.51_CC_protocol_HPPC_IN21700_30T_cycle_#525.mat
CC,525,0.92367,2.74644,0.6336,5,discharge,2,-21.973,7.324,10.0,9.9,3.8375,3.5073,15.0275,08-16-21_12.51_CC_protocol_HPPC_IN21700_30T_cycle_#525.mat
CC,525,0.92367,2.74644,0.6335,5,discharge,3,-31.582,10.527,10.0,9.9,3.8369,3.3751,14.6223,08-16-21_12.51_CC_protocol_HPPC_IN21700_30T_cycle_#525.mat
CC,525,0.92367,2.74644,0.5422,6,discharge,0,-2.745,0.915,10.0,9.9,3.7406,3.6974,15.7354,08-16-21_12.51_CC_protocol_HPPC_IN21700_30T_cycle_#525.mat
CC,525,0.92367,2.74644,0.5422,6,discharge,1,-10.986,3.662,10.0,9.9,3.7407,3.5726,15.3013,08-16-21_12.51_CC_protocol_HPPC_IN21700_30T_cycle_#525.mat
CC,525,0.92367,2.74644,0.5421,6,discharge,2,-21.973,7.324,10.0,9.9,3.741,3.4156,14.8091,08-16-21_12.51_CC_protocol_HPPC_IN21700_30T_cycle_#525.mat
CC,525,0.92367,2.74644,0.542,6,discharge,3,-31.583,10.528,10.0,9.9,3.7413,3.2828,14.5173,08-16-21_12.51_CC_protocol_HPPC_IN21700_30T_cycle_#525.mat
CC,525,0.92367,2.74644,0.4507,7,discharge,0,-2.748,0.916,10.0,9.9,3.6587,3.6163,15.4305,08-16-21_12.51_CC_protocol_HPPC_IN21700_30T_cycle_#525.mat
CC,525,0.92367,2.74644,0.4506,7,discharge,1,-10.986,3.662,10.0,9.9,3.6588,3.4913,15.2467,08-16-21_12.51_CC_protocol_HPPC_IN21700_30T_cycle_#525.mat
CC,525,0.92367,2.74644,0.4505,7,discharge,2,-21.973,7.324,10.0,9.9,3.6592,3.3323,14.8773,08-16-21_12.51_CC_protocol_HPPC_IN21700_30T_cycle_#525.mat
CC,525,0.92367,2.74644,0.4505,7,discharge,3,-31.583,10.528,10.0,9.91,3.6595,3.1966,14.6566,08-16-21_12.51_CC_protocol_HPPC_IN21700_30T_cycle_#525.mat
CC,525,0.92367,2.74644,0.3591,8,discharge,0,-2.748,0.916,10.0,9.9,3.5972,3.5543,15.6131,08-16-21_12.51_CC_protocol_HPPC_IN21700_30T_cycle_#525.mat
CC,525,0.92367,2.74644,0.3591,8,discharge,1,-10.988,3.663,10.0,9.9,3.5975,3.4275,15.4714,08-16-21_12.51_CC_protocol_HPPC_IN21700_30T_cycle_#525.mat
CC,525,0.92367,2.74644,0.359,8,discharge,2,-21.972,7.324,10.0,9.9,3.5977,3.2638,15.1966,08-16-21_12.51_CC_protocol_HPPC_IN21700_30T_cycle_#525.mat
CC,525,0.92367,2.74644,0.3589,8,discharge,3,-31.583,10.528,10.0,9.9,3.5979,3.1237,15.0144,08-16-21_12.51_CC_protocol_HPPC_IN21700_30T_cycle_#525.mat
CC,525,0.92367,2.74644,0.2676,9,discharge,0,-2.748,0.916,10.0,9.9,3.5135,3.4668,16.9936,08-16-21_12.51_CC_protocol_HPPC_IN21700_30T_cycle_#525.mat
CC,525,0.92367,2.74644,0.2675,9,discharge,1,-10.987,3.662,10.0,9.9,3.5147,3.3254,17.2295,08-16-21_12.51_CC_protocol_HPPC_IN21700_30T_cycle_#525.mat
CC,525,0.92367,2.74644,0.2674,9,discharge,2,-21.971,7.324,10.0,9.9,3.5175,3.1367,17.3319,08-16-21_12.51_CC_protocol_HPPC_IN21700_30T_cycle_#525.mat
CC,525,0.92367,2.74644,0.2673,9,discharge,3,-31.583,10.528,10.0,9.9,3.5186,2.9596,17.6994,08-16-21_12.51_CC_protocol_HPPC_IN21700_30T_cycle_#525.mat
CC,525,0.92367,2.74644,0.2218,10,discharge,0,-2.746,0.915,10.0,9.9,3.4599,3.4098,18.2447,08-16-21_12.51_CC_protocol_HPPC_IN21700_30T_cycle_#525.mat
CC,525,0.92367,2.74644,0.2217,10,discharge,1,-10.986,3.662,10.0,9.9,3.4606,3.2578,18.4599,08-16-21_12.51_CC_protocol_HPPC_IN21700_30T_cycle_#525.mat
CC,525,0.92367,2.74644,0.2216,10,discharge,2,-21.972,7.324,10.0,9.9,3.4623,3.0207,20.0983,08-16-21_12.51_CC_protocol_HPPC_IN21700_30T_cycle_#525.mat
CC,525,0.92367,2.74644,0.2216,10,discharge,3,-31.582,10.527,10.0,9.9,3.4619,2.7659,22.0379,08-16-21_12.51_CC_protocol_HPPC_IN21700_30T_cycle_#525.mat
CC,525,0.92367,2.74644,0.176,11,discharge,0,-2.748,0.916,10.0,9.9,3.4185,3.3624,20.4126,08-16-21_12.51_CC_protocol_HPPC_IN21700_30T_cycle_#525.mat
CC,525,0.92367,2.74644,0.176,11,discharge,1,-10.986,3.662,10.0,9.9,3.4185,3.1631,23.2478,08-16-21_12.51_CC_protocol_HPPC_IN21700_30T_cycle_#525.mat
CC,525,0.92367,2.74644,0.1759,11,discharge,2,-21.973,7.324,10.0,9.9,3.4214,2.7594,30.1279,08-16-21_12.51_CC_protocol_HPPC_IN21700_30T_cycle_#525.mat
CC,525,0.92367,2.74644,0.1758,11,discharge,3,-31.583,10.528,10.0,9.9,3.4206,2.4998,29.1549,08-16-21_12.51_CC_protocol_HPPC_IN21700_30T_cycle_#525.mat
CC,525,0.92367,2.74644,0.1302,12,discharge,0,-2.746,0.915,10.0,9.9,3.3687,3.2836,30.9883,08-16-21_12.51_CC_protocol_HPPC_IN21700_30T_cycle_#525.mat
CC,525,0.92367,2.74644,0.1302,12,discharge,1,-10.989,3.663,10.0,9.9,3.3704,2.8394,48.321,08-16-21_12.51_CC_protocol_HPPC_IN21700_30T_cycle_#525.mat
CC,525,0.92367,2.74644,0.1301,12,discharge,2,-21.846,7.282,10.0,9.9,3.3738,2.4999,40.0027,08-16-21_12.51_CC_protocol_HPPC_IN21700_30T_cycle_#525.mat
CC,525,0.92367,2.74644,0.13,12,discharge,3,-19.939,6.646,10.0,9.9,3.3733,2.4999,43.8036,08-16-21_12.51_CC_protocol_HPPC_IN21700_30T_cycle_#525.mat
CC,562,0.91962,2.73441,1.0,0,discharge,0,-2.735,0.912,10.0,9.7,4.1443,4.0906,19.6329,08-21-21_09.44_CC_protocol_HPPC_IN21700_30T_cycle_#562.mat
CC,562,0.91962,2.73441,0.9999,0,discharge,1,-10.936,3.645,10.0,9.9,4.154,3.934,20.117,08-21-21_09.44_CC_protocol_HPPC_IN21700_30T_cycle_#562.mat
CC,562,0.91962,2.73441,0.9998,0,discharge,2,-21.876,7.292,10.0,9.9,4.1532,3.7673,17.6403,08-21-21_09.44_CC_protocol_HPPC_IN21700_30T_cycle_#562.mat
CC,562,0.91962,2.73441,0.9997,0,discharge,3,-31.444,10.481,10.0,9.9,4.1528,3.6349,16.4706,08-21-21_09.44_CC_protocol_HPPC_IN21700_30T_cycle_#562.mat
CC,562,0.91962,2.73441,0.9544,1,discharge,0,-2.735,0.912,10.0,9.9,4.0964,4.0456,18.5727,08-21-21_09.44_CC_protocol_HPPC_IN21700_30T_cycle_#562.mat
CC,562,0.91962,2.73441,0.9543,1,discharge,1,-10.936,3.645,10.0,9.9,4.0958,3.9092,17.0629,08-21-21_09.44_CC_protocol_HPPC_IN21700_30T_cycle_#562.mat
CC,562,0.91962,2.73441,0.9543,1,discharge,2,-21.875,7.292,10.0,9.9,4.0968,3.7456,16.0549,08-21-21_09.44_CC_protocol_HPPC_IN21700_30T_cycle_#562.mat
CC,562,0.91962,2.73441,0.9542,1,discharge,3,-31.443,10.481,10.0,9.9,4.0975,3.6109,15.4756,08-21-21_09.44_CC_protocol_HPPC_IN21700_30T_cycle_#562.mat
CC,562,0.91962,2.73441,0.9088,2,discharge,0,-2.733,0.911,10.0,9.9,4.0804,4.0331,17.3051,08-21-21_09.44_CC_protocol_HPPC_IN21700_30T_cycle_#562.mat
CC,562,0.91962,2.73441,0.9088,2,discharge,1,-10.936,3.645,10.0,9.9,4.0807,3.8974,16.7612,08-21-21_09.44_CC_protocol_HPPC_IN21700_30T_cycle_#562.mat
CC,562,0.91962,2.73441,0.9087,2,discharge,2,-21.875,7.292,10.0,9.9,4.0807,3.7301,16.0274,08-21-21_09.44_CC_protocol_HPPC_IN21700_30T_cycle_#562.mat
CC,562,0.91962,2.73441,0.9086,2,discharge,3,-31.444,10.481,10.0,9.9,4.0813,3.5919,15.5642,08-21-21_09.44_CC_protocol_HPPC_IN21700_30T_cycle_#562.mat
CC,562,0.91962,2.73441,0.8177,3,discharge,0,-2.735,0.912,10.0,9.9,4.0216,3.9699,18.9017,08-21-21_09.44_CC_protocol_HPPC_IN21700_30T_cycle_#562.mat
CC,562,0.91962,2.73441,0.8176,3,discharge,1,-10.936,3.645,10.0,9.9,4.0213,3.8233,18.1053,08-21-21_09.44_CC_protocol_HPPC_IN21700_30T_cycle_#562.mat
CC,562,0.91962,2.73441,0.8175,3,discharge,2,-21.876,7.292,10.0,9.9,4.023,3.6564,16.7581,08-21-21_09.44_CC_protocol_HPPC_IN21700_30T_cycle_#562.mat
CC,562,0.91962,2.73441,0.8175,3,discharge,3,-31.443,10.481,10.0,9.9,4.0235,3.5231,15.9145,08-21-21_09.44_CC_protocol_HPPC_IN21700_30T_cycle_#562.mat
CC,562,0.91962,2.73441,0.7266,4,discharge,0,-2.733,0.911,10.0,9.9,3.9224,3.8722,18.3654,08-21-21_09.44_CC_protocol_HPPC_IN21700_30T_cycle_#562.mat
CC,562,0.91962,2.73441,0.7265,4,discharge,1,-10.937,3.646,10.0,9.9,3.9226,3.7354,17.1162,08-21-21_09.44_CC_protocol_HPPC_IN21700_30T_cycle_#562.mat
CC,562,0.91962,2.73441,0.7264,4,discharge,2,-21.876,7.292,10.0,9.9,3.923,3.5814,15.6153,08-21-21_09.44_CC_protocol_HPPC_IN21700_30T_cycle_#562.mat
CC,562,0.91962,2.73441,0.7263,4,discharge,3,-31.445,10.482,10.0,9.9,3.9232,3.4517,14.9944,08-21-21_09.44_CC_protocol_HPPC_IN21700_30T_cycle_#562.mat
CC,562,0.91962,2.73441,0.6354,5,discharge,0,-2.735,0.912,10.0,9.9,3.8373,3.7891,17.6208,08-21-21_09.44_CC_protocol_HPPC_IN21700_30T_cycle_#562.mat
CC,562,0.91962,2.73441,0.6353,5,discharge,1,-10.938,3.646,10.0,9.9,3.8369,3.6609,16.0907,08-21-21_09.44_CC_protocol_HPPC_IN21700_30T_cycle_#562.mat
CC,562,0.91962,2.73441,0.6352,5,discharge,2,-21.875,7.292,10.0,9.9,3.8363,3.5047,15.1589,08-21-21_09.44_CC_protocol_HPPC_IN21700_30T_cycle_#562.mat
CC,562,0.91962,2.73441,0.6352,5,discharge,3,-31.445,10.482,10.0,9.9,3.8358,3.3721,14.7464,08-21-21_09.44_CC_protocol_HPPC_IN21700_30T_cycle_#562.mat
CC,562,0.91962,2.73441,0.5443,6,discharge,0,-2.733,0.911,10.0,9.9,3.7401,3.6962,16.0606,08-21-21_09.44_CC_protocol_HPPC_IN21700_30T_cycle_#562.mat
CC,562,0.91962,2.73441,0.5442,6,discharge,1,-10.937,3.646,10.0,9.9,3.7403,3.5694,15.6259,08-21-21_09.44_CC_protocol_HPPC_IN21700_30T_cycle_#562.mat
CC,562,0.91962,2.73441,0.5441,6,discharge,2,-21.874,7.291,10.0,9.9,3.7407,3.4095,15.1413,08-21-21_09.44_CC_protocol_HPPC_IN21700_30T_cycle_#562.mat
CC,562,0.91962,2.73441,0.544,6,discharge,3,-31.444,10.481,10.0,9.9,3.7401,3.2742,14.8168,08-21-21_09.44_CC_protocol_HPPC_IN21700_30T_cycle_#562.mat
CC,562,0.91962,2.73441,0.4531,7,discharge,0,-2.736,0.912,10.0,9.9,3.6588,3.6159,15.6821,08-21-21_09.44_CC_protocol_HPPC_IN21700_30T_cycle_#562.mat
CC,562,0.91962,2.73441,0.453,7,discharge,1,-10.936,3.645,10.0,9.9,3.658,3.4903,15.3347,08-21-21_09.44_CC_protocol_HPPC_IN21700_30T_cycle_#562.mat
CC,562,0.91962,2.73441,0.4529,7,discharge,2,-21.875,7.292,10.0,9.9,3.6591,3.3304,15.0263,08-21-21_09.44_CC_protocol_HPPC_IN21700_30T_cycle_#562.mat
CC,562,0.91962,2.73441,0.4529,7,discharge,3,-31.443,10.481,10.0,9.9,3.6595,3.1944,14.7918,08-21-21_09.44_CC_protocol_HPPC_IN21700_30T_cycle_#562.mat
CC,562,0.91962,2.73441,0.362,8,discharge,0,-2.734,0.911,10.0,9.9,3.5972,3.5536,15.9491,08-21-21_09.44_CC_protocol_HPPC_IN21700_30T_cycle_#562.mat
CC,562,0.91962,2.73441,0.3619,8,discharge,1,-10.937,3.646,10.0,9.9,3.5972,3.4249,15.7539,08-21-21_09.44_CC_protocol_HPPC_IN21700_30T_cycle_#562.mat
CC,562,0.91962,2.73441,0.3618,8,discharge,2,-21.874,7.291,10.0,9.9,3.5975,3.2582,15.5116,08-21-21_09.44_CC_protocol_HPPC_IN21700_30T_cycle_#562.mat
CC,562,0.91962,2.73441,0.3617,8,discharge,3,-31.444,10.481,10.0,9.9,3.5971,3.1148,15.3384,08-21-21_09.44_CC_protocol_HPPC_IN21700_30T_cycle_#562.mat
CC,562,0.91962,2.73441,0.2708,9,discharge,0,-2.734,0.911,10.0,9.9,3.5143,3.4668,17.3744,08-21-21_09.44_CC_protocol_HPPC_IN21700_30T_cycle_#562.mat
CC,562,0.91962,2.73441,0.2708,9,discharge,1,-10.937,3.646,10.0,9.9,3.5147,3.327,17.1619,08-21-21_09.44_CC_protocol_HPPC_IN21700_30T_cycle_#562.mat
CC,562,0.91962,2.73441,0.2707,9,discharge,2,-21.875,7.292,10.0,9.9,3.5173,3.1349,17.4811,08-21-21_09.44_CC_protocol_HPPC_IN21700_30T_cycle_#562.mat
CC,562,0.91962,2.73441,0.2706,9,discharge,3,-31.445,10.482,10.0,9.9,3.5184,2.9527,17.9901,08-21-21_09.44_CC_protocol_HPPC_IN21700_30T_cycle_#562.mat
CC,562,0.91962,2.73441,0.2253,10,discharge,0,-2.736,0.912,10.0,9.9,3.4594,3.4093,18.3134,08-21-21_09.44_CC_protocol_HPPC_IN21700_30T_cycle_#562.mat
CC,562,0.91962,2.73441,0.2252,10,discharge,1,-10.937,3.646,10.0,9.9,3.4608,3.2545,18.8626,08-21-21_09.44_CC_protocol_HPPC_IN21700_30T_cycle_#562.mat
CC,562,0.91962,2.73441,0.2251,10,discharge,2,-21.875,7.292,10.0,9.9,3.4625,3.0106,20.6583,08-21-21_09.44_CC_protocol_HPPC_IN21700_30T_cycle_#562.mat
CC,562,0.91962,2.73441,0.225,10,discharge,3,-31.444,10.481,10.0,9.9,3.4622,2.7471,22.742,08-21-21_09.44_CC_protocol_HPPC_IN21700_30T_cycle_#562.mat
CC,562,0.91962,2.73441,0.1797,11,discharge,0,-2.734,0.911,10.0,9.9,3.4191,3.3604,21.4696,08-21-21_09.44_CC_protocol_HPPC_IN21700_30T_cycle_#562.mat
CC,562,0.91962,2.73441,0.1796,11,discharge,1,-10.937,3.646,10.0,9.9,3.4196,3.1478,24.8514,08-21-21_09.44_CC_protocol_HPPC_IN21700_30T_cycle_#562.mat
CC,562,0.91962,2.73441,0.1795,11,discharge,2,-21.875,7.292,10.0,9.9,3.4219,2.7183,32.1646,08-21-21_09.44_CC_protocol_HPPC_IN21700_30T_cycle_#562.mat
CC,562,0.91962,2.73441,0.1794,11,discharge,3,-31.443,10.481,10.0,9.9,3.421,2.4998,29.2975,08-21-21_09.44_CC_protocol_HPPC_IN21700_30T_cycle_#562.mat
CC,562,0.91962,2.73441,0.1341,12,discharge,0,-2.734,0.911,10.0,9.9,3.3687,3.2828,31.4203,08-21-21_09.44_CC_protocol_HPPC_IN21700_30T_cycle_#562.mat
CC,562,0.91962,2.73441,0.134,12,discharge,1,-10.937,3.646,10.0,9.9,3.371,2.8322,49.264,08-21-21_09.44_CC_protocol_HPPC_IN21700_30T_cycle_#562.mat
CC,562,0.91962,2.73441,0.1339,12,discharge,2,-21.639,7.213,10.0,9.9,3.3745,2.4999,40.4178,08-21-21_09.44_CC_protocol_HPPC_IN21700_30T_cycle_#562.mat
CC,562,0.91962,2.73441,0.1339,12,discharge,3,-19.707,6.569,10.0,9.9,3.374,2.4999,44.3548,08-21-21_09.44_CC_protocol_HPPC_IN21700_30T_cycle_#562.mat
CC,600,0.91629,2.72451,1.0,0,discharge,0,-2.725,0.908,10.0,9.7,4.1436,4.0879,20.4396,08-27-21_17.36_CC_protocol_HPPC_IN21700_30T_cycle_#600.mat
CC,600,0.91629,2.72451,0.9999,0,discharge,1,-10.9,3.633,10.0,9.9,4.1525,3.9291,20.4954,08-27-21_17.36_CC_protocol_HPPC_IN21700_30T_cycle_#600.mat
CC,600,0.91629,2.72451,0.9998,0,discharge,2,-21.796,7.265,10.0,9.9,4.1518,3.7611,17.9253,08-27-21_17.36_CC_protocol_HPPC_IN21700_30T_cycle_#600.mat
CC,600,0.91629,2.72451,0.9998,0,discharge,3,-31.333,10.444,10.0,9.9,4.1512,3.6276,16.7108,08-27-21_17.36_CC_protocol_HPPC_IN21700_30T_cycle_#600.mat
CC,600,0.91629,2.72451,0.9546,1,discharge,0,-2.725,0.908,10.0,9.9,4.0959,4.0443,18.9337,08-27-21_17.36_CC_protocol_HPPC_IN21700_30T_cycle_#600.mat
CC,600,0.91629,2.72451,0.9545,1,discharge,1,-10.9,3.633,10.0,9.9,4.0962,3.9051,17.5321,08-27-21_17.36_CC_protocol_HPPC_IN21700_30T_cycle_#600.mat
CC,600,0.91629,2.72451,0.9544,1,discharge,2,-21.798,7.266,10.0,9.9,4.0965,3.7396,16.3731,08-27-21_17.36_CC_protocol_HPPC_IN21700_30T_cycle_#600.mat
CC,600,0.91629,2.72451,0.9543,1,discharge,3,-31.333,10.444,10.0,9.9,4.0972,3.6037,15.7502,08-27-21_17.36_CC_protocol_HPPC_IN21700_30T_cycle_#600.mat
CC,600,0.91629,2.72451,0.9092,2,discharge,0,-2.725,0.908,10.0,9.9,4.0802,4.0322,17.6134,08-27-21_17.36_CC_protocol_HPPC_IN21700_30T_cycle_#600.mat
CC,600,0.91629,2.72451,0.9091,2,discharge,1,-10.9,3.633,10.0,9.9,4.0805,3.8935,17.156,08-27-21_17.36_CC_protocol_HPPC_IN21700_30T_cycle_#600.mat
CC,600,0.91629,2.72451,0.909,2,discharge,2,-21.797,7.266,10.0,9.9,4.0806,3.7238,16.3692,08-27-21_17.36_CC_protocol_HPPC_IN21700_30T_cycle_#600.mat
CC,600,0.91629,2.72451,0.9089,2,discharge,3,-31.334,10.445,10.0,9.9,4.0811,3.5844,15.8518,08-27-21_17.36_CC_protocol_HPPC_IN21700_30T_cycle_#600.mat
CC,600,0.91629,2.72451,0.8183,3,discharge,0,-2.727,0.909,10.0,9.9,4.02,3.9675,19.2512,08-27-21_17.36_CC_protocol_HPPC_IN21700_30T_cycle_#600.mat
CC,600,0.91629,2.72451,0.8183,3,discharge,1,-10.9,3.633,10.0,9.9,4.0207,3.8191,18.4954,08-27-21_17.36_CC_protocol_HPPC_IN21700_30T_cycle_#600.mat
CC,600,0.91629,2.72451,0.8182,3,discharge,2,-21.797,7.266,10.0,9.9,4.0214,3.6508,17.0023,08-27-21_17.36_CC_protocol_HPPC_IN21700_30T_cycle_#600.mat
CC,600,0.91629,2.72451,0.8181,3,discharge,3,-31.333,10.444,10.0,9.9,4.0222,3.5162,16.1491,08-27-21_17.36_CC_protocol_HPPC_IN21700_30T_cycle_#600.mat
CC,600,0.91629,2.72451,0.7275,4,discharge,0,-2.725,0.908,10.0,9.9,3.9208,3.8712,18.1992,08-27-21_17.36_CC_protocol_HPPC_IN21700_30T_cycle_#600.mat
CC,600,0.91629,2.72451,0.7274,4,discharge,1,-10.9,3.633,10.0,9.9,3.9219,3.7326,17.367,08-27-21_17.36_CC_protocol_HPPC_IN21700_30T_cycle_#600.mat
CC,600,0.91629,2.72451,0.7273,4,discharge,2,-21.798,7.266,10.0,9.9,3.9222,3.5765,15.8593,08-27-21_17.36_CC_protocol_HPPC_IN21700_30T_cycle_#600.mat
CC,600,0.91629,2.72451,0.7273,4,discharge,3,-31.333,10.444,10.0,9.9,3.9228,3.4457,15.2268,08-27-21_17.36_CC_protocol_HPPC_IN21700_30T_cycle_#600.mat
CC,600,0.91629,2.72451,0.6367,5,discharge,0,-2.726,0.909,10.0,9.9,3.8358,3.7873,17.7936,08-27-21_17.36_CC_protocol_HPPC_IN21700_30T_cycle_#600.mat
CC,600,0.91629,2.72451,0.6366,5,discharge,1,-10.9,3.633,10.0,9.9,3.8355,3.6577,16.3119,08-27-21_17.36_CC_protocol_HPPC_IN21700_30T_cycle_#600.mat
CC,600,0.91629,2.72451,0.6365,5,discharge,2,-21.798,7.266,10.0,9.9,3.835,3.4997,15.3821,08-27-21_17.36_CC_protocol_HPPC_IN21700_30T_cycle_#600.mat
CC,600,0.91629,2.72451,0.6364,5,discharge,3,-31.333,10.444,10.0,9.9,3.8347,3.3657,14.9682,08-27-21_17.36_CC_protocol_HPPC_IN21700_30T_cycle_#600.mat
CC,600,0.91629,2.72451,0.5458,6,discharge,0,-2.726,0.909,10.0,9.9,3.7394,3.6948,16.3628,08-27-21_17.36_CC_protocol_HPPC_IN21700_30T_cycle_#600.mat
CC,600,0.91629,2.72451,0.5458,6,discharge,1,-10.899,3.633,10.0,9.9,3.7394,3.5664,15.873,08-27-21_17.36_CC_protocol_HPPC_IN21700_30T_cycle_#600.mat
CC,600,0.91629,2.72451,0.5457,6,discharge,2,-21.798,7.266,10.0,9.9,3.7398,3.4046,15.3776,08-27-21_17.36_CC_protocol_HPPC_IN21700_30T_cycle_#600.mat
CC,600,0.91629,2.72451,0.5456,6,discharge,3,-31.332,10.444,10.0,9.9,3.7402,3.268,15.0709,08-27-21_17.36_CC_protocol_HPPC_IN21700_30T_cycle_#600.mat
CC,600,0.91629,2.72451,0.455,7,discharge,0,-2.725,0.908,10.0,9.9,3.6581,3.6151,15.7775,08-27-21_17.36_CC_protocol_HPPC_IN21700_30T_cycle_#600.mat
CC,600,0.91629,2.72451,0.4549,7,discharge,1,-10.899,3.633,10.0,9.9,3.6584,3.4876,15.6712,08-27-21_17.36_CC_protocol_HPPC_IN21700_30T_cycle_#600.mat
CC,600,0.91629,2.72451,0.4549,7,discharge,2,-21.798,7.266,10.0,9.9,3.658,3.3258,15.2399,08-27-21_17.36_CC_protocol_HPPC_IN21700_30T_cycle_#600.mat
CC,600,0.91629,2.72451,0.4548,7,discharge,3,-31.334,10.445,10.0,9.9,3.659,3.1882,15.0252,08-27-21_17.36_CC_protocol_HPPC_IN21700_30T_cycle_#600.mat
CC,600,0.91629,2.72451,0.3642,8,discharge,0,-2.726,0.909,10.0,9.9,3.5967,3.5525,16.216,08-27-21_17.36_CC_protocol_HPPC_IN21700_30T_cycle_#600.mat
CC,600,0.91629,2.72451,0.3641,8,discharge,1,-10.9,3.633,10.0,9.9,3.5969,3.422,16.0459,08-27-21_17.36_CC_protocol_HPPC_IN21700_30T_cycle_#600.mat
CC,600,0.91629,2.72451,0.3641,8,discharge,2,-21.797,7.266,10.0,9.9,3.5972,3.2532,15.782,08-27-21_17.36_CC_protocol_HPPC_IN21700_30T_cycle_#600.mat
CC,600,0.91629,2.72451,0.364,8,discharge,3,-31.333,10.444,10.0,9.9,3.5975,3.1082,15.6161,08-27-21_17.36_CC_protocol_HPPC_IN21700_30T_cycle_#600.mat
CC,600,0.91629,2.72451,0.2734,9,discharge,0,-2.726,0.909,10.0,9.9,3.514,3.4654,17.8303,08-27-21_17.36_CC_protocol_HPPC_IN21700_30T_cycle_#600.mat
CC,600,0.91629,2.72451,0.2733,9,discharge,1,-10.899,3.633,10.0,9.9,3.5143,3.3227,17.5796,08-27-21_17.36_CC_protocol_HPPC_IN21700_30T_cycle_#600.mat
CC,600,0.91629,2.72451,0.2732,9,discharge,2,-21.798,7.266,10.0,9.9,3.5163,3.1265,17.8824,08-27-21_17.36_CC_protocol_HPPC_IN21700_30T_cycle_#600.mat
CC,600,0.91629,2.72451,0.2732,9,discharge,3,-31.333,10.444,10.0,9.9,3.5179,2.9394,18.463,08-27-21_17.36_CC_protocol_HPPC_IN21700_30T_cycle_#600.mat
CC,600,0.91629,2.72451,0.228,10,discharge,0,-2.726,0.909,10.0,9.9,3.4598,3.4078,19.0763,08-27-21_17.36_CC_protocol_HPPC_IN21700_30T_cycle_#600.mat
CC,600,0.91629,2.72451,0.2279,10,discharge,1,-10.899,3.633,10.0,9.9,3.4596,3.2493,19.2953,08-27-21_17.36_CC_protocol_HPPC_IN21700_30T_cycle_#600.mat
CC,600,0.91629,2.72451,0.2278,10,discharge,2,-21.799,7.266,10.0,9.9,3.462,2.9974,21.3129,08-27-21_17.36_CC_protocol_HPPC_IN21700_30T_cycle_#600.mat
CC,600,0.91629,2.72451,0.2277,10,discharge,3,-31.334,10.445,10.0,9.9,3.4609,2.7254,23.4729,08-27-21_17.36_CC_protocol_HPPC_IN21700_30T_cycle_#600.mat
CC,600,0.91629,2.72451,0.1825,11,discharge,0,-2.726,0.909,10.0,9.9,3.4189,3.3591,21.9385,08-27-21_17.36_CC_protocol_HPPC_IN21700_30T_cycle_#600.mat
CC,600,0.91629,2.72451,0.1825,11,discharge,1,-10.899,3.633,10.0,9.9,3.4189,3.138,25.773,08-27-21_17.36_CC_protocol_HPPC_IN21700_30T_cycle_#600.mat
CC,600,0.91629,2.72451,0.1824,11,discharge,2,-21.798,7.266,10.0,9.9,3.4219,2.6917,33.4985,08-27-21_17.36_CC_protocol_HPPC_IN21700_30T_cycle_#600.mat
CC,600,0.91629,2.72451,0.1823,11,discharge,3,-31.333,10.444,10.0,9.9,3.4211,2.4999,29.4003,08-27-21_17.36_CC_protocol_HPPC_IN21700_30T_cycle_#600.mat
CC,600,0.91629,2.72451,0.1371,12,discharge,0,-2.724,0.908,10.0,9.9,3.3691,3.2795,32.8904,08-27-21_17.36_CC_protocol_HPPC_IN21700_30T_cycle_#600.mat
CC,600,0.91629,2.72451,0.1371,12,discharge,1,-10.9,3.633,10.0,9.9,3.3706,2.8115,51.2936,08-27-21_17.36_CC_protocol_HPPC_IN21700_30T_cycle_#600.mat
CC,600,0.91629,2.72451,0.137,12,discharge,2,-21.142,7.047,10.0,9.9,3.3742,2.4999,41.3537,08-27-21_17.36_CC_protocol_HPPC_IN21700_30T_cycle_#600.mat
CC,600,0.91629,2.72451,0.1369,12,discharge,3,-19.121,6.374,10.0,9.9,3.3738,2.4999,45.7037,08-27-21_17.36_CC_protocol_HPPC_IN21700_30T_cycle_#600.mat
CC,637,0.91262,2.71358,1.0,0,discharge,0,-2.713,0.904,10.0,9.7,4.1423,4.0857,20.8594,09-01-21_09.49_CC_protocol_HPPC_IN21700_30T_cycle_#637.mat
CC,637,0.91262,2.71358,0.9999,0,discharge,1,-10.856,3.619,10.0,9.9,4.1514,3.9253,20.8272,09-01-21_09.49_CC_protocol_HPPC_IN21700_30T_cycle_#637.mat
CC,637,0.91262,2.71358,0.9998,0,discharge,2,-21.709,7.236,10.0,9.9,4.1495,3.756,18.1261,09-01-21_09.49_CC_protocol_HPPC_IN21700_30T_cycle_#637.mat
CC,637,0.91262,2.71358,0.9998,0,discharge,3,-31.209,10.403,10.0,9.9,4.15,3.6214,16.9374,09-01-21_09.49_CC_protocol_HPPC_IN21700_30T_cycle_#637.mat
CC,637,0.91262,2.71358,0.9547,1,discharge,0,-2.712,0.904,10.0,9.9,4.0955,4.0432,19.2847,09-01-21_09.49_CC_protocol_HPPC_IN21700_30T_cycle_#637.mat
CC,637,0.91262,2.71358,0.9547,1,discharge,1,-10.858,3.619,10.0,9.9,4.0959,3.902,17.8578,09-01-21_09.49_CC_protocol_HPPC_IN21700_30T_cycle_#637.mat
CC,637,0.91262,2.71358,0.9546,1,discharge,2,-21.71,7.237,10.0,9.9,4.096,3.7343,16.6605,09-01-21_09.49_CC_protocol_HPPC_IN21700_30T_cycle_#637.mat
CC,637,0.91262,2.71358,0.9545,1,discharge,3,-31.21,10.403,10.0,9.9,4.0967,3.5975,15.9949,09-01-21_09.49_CC_protocol_HPPC_IN21700_30T_cycle_#637.mat
CC,637,0.91262,2.71358,0.9095,2,discharge,0,-2.713,0.904,10.0,9.9,4.08,4.031,18.0579,09-01-21_09.49_CC_protocol_HPPC_IN21700_30T_cycle_#637.mat
CC,637,0.91262,2.71358,0.9094,2,discharge,1,-10.856,3.619,10.0,9.9,4.0794,3.8905,17.4005,09-01-21_09.49_CC_protocol_HPPC_IN21700_30T_cycle_#637.mat
CC,637,0.91262,2.71358,0.9094,2,discharge,2,-21.711,7.237,10.0,9.9,4.0805,3.7185,16.6736,09-01-21_09.49_CC_protocol_HPPC_IN21700_30T_cycle_#637.mat
CC,637,0.91262,2.71358,0.9093,2,discharge,3,-31.209,10.403,10.0,9.9,4.0809,3.5782,16.1075,09-01-21_09.49_CC_protocol_HPPC_IN21700_30T_cycle_#637.mat
CC,637,0.91262,2.71358,0.8191,3,discharge,0,-2.714,0.905,10.0,9.9,4.0193,3.966,19.6411,09-01-21_09.49_CC_protocol_HPPC_IN21700_30T_cycle_#637.mat
CC,637,0.91262,2.71358,0.819,3,discharge,1,-10.858,3.619,10.0,9.9,4.0198,3.8158,18.788,09-01-21_09.49_CC_protocol_HPPC_IN21700_30T_cycle_#637.mat
CC,637,0.91262,2.71358,0.8189,3,discharge,2,-21.709,7.236,10.0,9.9,4.0206,3.6464,17.2371,09-01-21_09.49_CC_protocol_HPPC_IN21700_30T_cycle_#637.mat
CC,637,0.91262,2.71358,0.8188,3,discharge,3,-31.21,10.403,10.0,9.9,4.0214,3.5108,16.3601,09-01-21_09.49_CC_protocol_HPPC_IN21700_30T_cycle_#637.mat
CC,637,0.91262,2.71358,0.7286,4,discharge,0,-2.713,0.904,10.0,9.9,3.9212,3.8704,18.7212,09-01-21_09.49_CC_protocol_HPPC_IN21700_30T_cycle_#637.mat
CC,637,0.91262,2.71358,0.7285,4,discharge,1,-10.856,3.619,10.0,9.9,3.9215,3.7305,17.594,09-01-21_09.49_CC_protocol_HPPC_IN21700_30T_cycle_#637.mat
CC,637,0.91262,2.71358,0.7284,4,discharge,2,-21.71,7.237,10.0,9.9,3.9218,3.5729,16.0709,09-01-21_09.49_CC_protocol_HPPC_IN21700_30T_cycle_#637.mat
CC,637,0.91262,2.71358,0.7284,4,discharge,3,-31.208,10.403,10.0,9.9,3.9224,3.441,15.4255,09-01-21_09.49_CC_protocol_HPPC_IN21700_30T_cycle_#637.mat
CC,637,0.91262,2.71358,0.6381,5,discharge,0,-2.714,0.905,10.0,9.9,3.8354,3.7866,17.9795,09-01-21_09.49_CC_protocol_HPPC_IN21700_30T_cycle_#637.mat
CC,637,0.91262,2.71358,0.6381,5,discharge,1,-10.857,3.619,10.0,9.9,3.8343,3.6559,16.4318,09-01-21_09.49_CC_protocol_HPPC_IN21700_30T_cycle_#637.mat
CC,637,0.91262,2.71358,0.638,5,discharge,2,-21.711,7.237,10.0,9.9,3.8348,3.4962,15.5958,09-01-21_09.49_CC_protocol_HPPC_IN21700_30T_cycle_#637.mat
CC,637,0.91262,2.71358,0.6379,5,discharge,3,-31.207,10.402,10.0,9.9,3.8343,3.3611,15.1633,09-01-21_09.49_CC_protocol_HPPC_IN21700_30T_cycle_#637.mat
CC,637,0.91262,2.71358,0.5477,6,discharge,0,-2.712,0.904,10.0,9.9,3.7398,3.6949,16.5573,09-01-21_09.49_CC_protocol_HPPC_IN21700_30T_cycle_#637.mat
CC,637,0.91262,2.71358,0.5476,6,discharge,1,-10.854,3.618,10.0,9.9,3.7401,3.5649,16.1415,09-01-21_09.49_CC_protocol_HPPC_IN21700_30T_cycle_#637.mat
CC,637,0.91262,2.71358,0.5475,6,discharge,2,-21.712,7.237,10.0,9.9,3.7396,3.4017,15.5628,09-01-21_09.49_CC_protocol_HPPC_IN21700_30T_cycle_#637.mat
CC,637,0.91262,2.71358,0.5474,6,discharge,3,-31.21,10.403,10.0,9.9,3.7406,3.2638,15.2772,09-01-21_09.49_CC_protocol_HPPC_IN21700_30T_cycle_#637.mat
CC,637,0.91262,2.71358,0.4572,7,discharge,0,-2.712,0.904,10.0,9.9,3.6586,3.615,16.0755,09-01-21_09.49_CC_protocol_HPPC_IN21700_30T_cycle_#637.mat
CC,637,0.91262,2.71358,0.4571,7,discharge,1,-10.857,3.619,10.0,9.9,3.6582,3.486,15.8607,09-01-21_09.49_CC_protocol_HPPC_IN21700_30T_cycle_#637.mat
CC,637,0.91262,2.71358,0.4571,7,discharge,2,-21.711,7.237,10.0,9.9,3.6591,3.3223,15.5129,09-01-21_09.49_CC_protocol_HPPC_IN21700_30T_cycle_#637.mat
CC,637,0.91262,2.71358,0.457,7,discharge,3,-31.209,10.403,10.0,9.9,3.6596,3.1836,15.252,09-01-21_09.49_CC_protocol_HPPC_IN21700_30T_cycle_#637.mat
CC,637,0.91262,2.71358,0.3667,8,discharge,0,-2.712,0.904,10.0,9.9,3.5969,3.5523,16.4448,09-01-21_09.49_CC_protocol_HPPC_IN21700_30T_cycle_#637.mat
CC,637,0.91262,2.71358,0.3667,8,discharge,1,-10.857,3.619,10.0,9.9,3.5971,3.42,16.3121,09-01-21_09.49_CC_protocol_HPPC_IN21700_30T_cycle_#637.mat
CC,637,0.91262,2.71358,0.3666,8,discharge,2,-21.71,7.237,10.0,9.9,3.5974,3.249,16.0479,09-01-21_09.49_CC_protocol_HPPC_IN21700_30T_cycle_#637.mat
CC,637,0.91262,2.71358,0.3665,8,discharge,3,-31.21,10.403,10.0,9.9,3.5971,3.1027,15.8411,09-01-21_09.49_CC_protocol_HPPC_IN21700_30T_cycle_#637.mat
CC,637,0.91262,2.71358,0.2763,9,discharge,0,-2.712,0.904,10.0,9.9,3.5145,3.4652,18.1771,09-01-21_09.49_CC_protocol_HPPC_IN21700_30T_cycle_#637.mat
CC,637,0.91262,2.71358,0.2762,9,discharge,1,-10.857,3.619,10.0,9.9,3.5147,3.3203,17.9055,09-01-21_09.49_CC_protocol_HPPC_IN21700_30T_cycle_#637.mat
CC,637,0.91262,2.71358,0.2761,9,discharge,2,-21.711,7.237,10.0,9.9,3.5167,3.1211,18.2212,09-01-21_09.49_CC_protocol_HPPC_IN21700_30T_cycle_#637.mat
CC,637,0.91262,2.71358,0.2761,9,discharge,3,-31.209,10.403,10.0,9.9,3.5184,2.9309,18.8247,09-01-21_09.49_CC_protocol_HPPC_IN21700_30T_cycle_#637.mat
CC,637,0.91262,2.71358,0.231,10,discharge,0,-2.712,0.904,10.0,9.9,3.4608,3.4078,19.5413,09-01-21_09.49_CC_protocol_HPPC_IN21700_30T_cycle_#637.mat
CC,637,0.91262,2.71358,0.231,10,discharge,1,-10.857,3.619,10.0,9.9,3.4612,3.246,19.8213,09-01-21_09.49_CC_protocol_HPPC_IN21700_30T_cycle_#637.mat
CC,637,0.91262,2.71358,0.2309,10,discharge,2,-21.71,7.237,10.0,9.9,3.4629,2.9892,21.8194,09-01-21_09.49_CC_protocol_HPPC_IN21700_30T_cycle_#637.mat
CC,637,0.91262,2.71358,0.2308,10,discharge,3,-31.21,10.403,10.0,9.9,3.4626,2.7125,24.034,09-01-21_09.49_CC_protocol_HPPC_IN21700_30T_cycle_#637.mat
CC,637,0.91262,2.71358,0.1858,11,discharge,0,-2.712,0.904,10.0,9.9,3.4197,3.3589,22.4147,09-01-21_09.49_CC_protocol_HPPC_IN21700_30T_cycle_#637.mat
CC,637,0.91262,2.71358,0.1857,11,discharge,1,-10.857,3.619,10.0,9.9,3.4204,3.1332,26.453,09-01-21_09.49_CC_protocol_HPPC_IN21700_30T_cycle_#637.mat
CC,637,0.91262,2.71358,0.1857,11,discharge,2,-21.71,7.237,10.0,9.9,3.4226,2.6834,34.0488,09-01-21_09.49_CC_protocol_HPPC_IN21700_30T_cycle_#637.mat
CC,637,0.91262,2.71358,0.1856,11,discharge,3,-31.208,10.403,10.0,9.9,3.4218,2.4998,29.5437,09-01-21_09.49_CC_protocol_HPPC_IN21700_30T_cycle_#637.mat
CC,637,0.91262,2.71358,0.1406,12,discharge,0,-2.713,0.904,10.0,9.9,3.37,3.2792,33.4734,09-01-21_09.49_CC_protocol_HPPC_IN21700_30T_cycle_#637.mat
CC,637,0.91262,2.71358,0.1405,12,discharge,1,-10.857,3.619,10.0,9.9,3.3718,2.8099,51.7546,09-01-21_09.49_CC_protocol_HPPC_IN21700_30T_cycle_#637.mat
CC,637,0.91262,2.71358,0.1405,12,discharge,2,-21.047,7.016,10.0,9.9,3.3753,2.4999,41.5926,09-01-21_09.49_CC_protocol_HPPC_IN21700_30T_cycle_#637.mat
CC,637,0.91262,2.71358,0.1404,12,discharge,3,-19.059,6.353,10.0,9.9,3.3749,2.4999,45.9101,09-01-21_09.49_CC_protocol_HPPC_IN21700_30T_cycle_#637.mat
CC,675,0.90869,2.70189,1.0,0,discharge,0,-2.7,0.9,10.0,9.7,4.1402,4.083,21.186,09-07-21_17.28_CC_protocol_HPPC_IN21700_30T_cycle_#675.mat
CC,675,0.90869,2.70189,0.9999,0,discharge,1,-10.806,3.602,10.0,9.9,4.1501,3.9204,21.2567,09-07-21_17.28_CC_protocol_HPPC_IN21700_30T_cycle_#675.mat
CC,675,0.90869,2.70189,0.9998,0,discharge,2,-21.615,7.205,10.0,9.9,4.1483,3.7495,18.4502,09-07-21_17.28_CC_protocol_HPPC_IN21700_30T_cycle_#675.mat
CC,675,0.90869,2.70189,0.9997,0,discharge,3,-31.069,10.356,10.0,9.9,4.1487,3.614,17.2101,09-07-21_17.28_CC_protocol_HPPC_IN21700_30T_cycle_#675.mat
CC,675,0.90869,2.70189,0.9549,1,discharge,0,-2.701,0.9,10.0,9.9,4.0942,4.0414,19.5454,09-07-21_17.28_CC_protocol_HPPC_IN21700_30T_cycle_#675.mat
CC,675,0.90869,2.70189,0.9549,1,discharge,1,-10.808,3.603,10.0,9.9,4.0954,3.8975,18.3105,09-07-21_17.28_CC_protocol_HPPC_IN21700_30T_cycle_#675.mat
CC,675,0.90869,2.70189,0.9548,1,discharge,2,-21.615,7.205,10.0,9.9,4.0955,3.7284,16.9836,09-07-21_17.28_CC_protocol_HPPC_IN21700_30T_cycle_#675.mat
CC,675,0.90869,2.70189,0.9547,1,discharge,3,-31.068,10.356,10.0,9.9,4.0963,3.5906,16.2772,09-07-21_17.28_CC_protocol_HPPC_IN21700_30T_cycle_#675.mat
CC,675,0.90869,2.70189,0.9099,2,discharge,0,-2.7,0.9,10.0,9.9,4.0798,4.0296,18.5933,09-07-21_17.28_CC_protocol_HPPC_IN21700_30T_cycle_#675.mat
CC,675,0.90869,2.70189,0.9098,2,discharge,1,-10.807,3.602,10.0,9.9,4.0799,3.8863,17.9143,09-07-21_17.28_CC_protocol_HPPC_IN21700_30T_cycle_#675.mat
CC,675,0.90869,2.70189,0.9098,2,discharge,2,-21.614,7.205,10.0,9.9,4.0802,3.7124,17.0167,09-07-21_17.28_CC_protocol_HPPC_IN21700_30T_cycle_#675.mat
CC,675,0.90869,2.70189,0.9097,2,discharge,3,-31.069,10.356,10.0,9.9,4.0807,3.5714,16.3925,09-07-21_17.28_CC_protocol_HPPC_IN21700_30T_cycle_#675.mat
CC,675,0.90869,2.70189,0.8198,3,discharge,0,-2.702,0.901,10.0,9.9,4.0173,3.9642,19.6536,09-07-21_17.28_CC_protocol_HPPC_IN21700_30T_cycle_#675.mat
CC,675,0.90869,2.70189,0.8198,3,discharge,1,-10.808,3.603,10.0,9.9,4.018,3.8124,19.0229,09-07-21_17.28_CC_protocol_HPPC_IN21700_30T_cycle_#675.mat
CC,675,0.90869,2.70189,0.8197,3,discharge,2,-21.614,7.205,10.0,9.9,4.0196,3.6412,17.5072,09-07-21_17.28_CC_protocol_HPPC_IN21700_30T_cycle_#675.mat
CC,675,0.90869,2.70189,0.8196,3,discharge,3,-31.069,10.356,10.0,9.9,4.0205,3.505,16.5921,09-07-21_17.28_CC_protocol_HPPC_IN21700_30T_cycle_#675.mat
CC,675,0.90869,2.70189,0.7298,4,discharge,0,-2.702,0.901,10.0,9.9,3.9209,3.8695,19.0237,09-07-21_17.28_CC_protocol_HPPC_IN21700_30T_cycle_#675.mat
CC,675,0.90869,2.70189,0.7297,4,discharge,1,-10.808,3.603,10.0,9.9,3.9211,3.7281,17.8571,09-07-21_17.28_CC_protocol_HPPC_IN21700_30T_cycle_#675.mat
CC,675,0.90869,2.70189,0.7296,4,discharge,2,-21.615,7.205,10.0,9.9,3.9215,3.5685,16.3313,09-07-21_17.28_CC_protocol_HPPC_IN21700_30T_cycle_#675.mat
CC,675,0.90869,2.70189,0.7296,4,discharge,3,-31.068,10.356,10.0,9.9,3.9219,3.4355,15.656,09-07-21_17.28_CC_protocol_HPPC_IN21700_30T_cycle_#675.mat
CC,675,0.90869,2.70189,0.6397,5,discharge,0,-2.702,0.901,10.0,9.9,3.835,3.7858,18.2087,09-07-21_17.28_CC_protocol_HPPC_IN21700_30T_cycle_#675.mat
CC,675,0.90869,2.70189,0.6397,5,discharge,1,-10.808,3.603,10.0,9.9,3.8347,3.6536,16.7561,09-07-21_17.28_CC_protocol_HPPC_IN21700_30T_cycle_#675.mat
CC,675,0.90869,2.70189,0.6396,5,discharge,2,-21.613,7.204,10.0,9.9,3.8342,3.4923,15.8192,09-07-21_17.28_CC_protocol_HPPC_IN21700_30T_cycle_#675.mat
CC,675,0.90869,2.70189,0.6395,5,discharge,3,-31.068,10.356,10.0,9.9,3.8339,3.356,15.3824,09-07-21_17.28_CC_protocol_HPPC_IN21700_30T_cycle_#675.mat
CC,675,0.90869,2.70189,0.5497,6,discharge,0,-2.7,0.9,10.0,9.9,3.7401,3.6944,16.9266,09-07-21_17.28_CC_protocol_HPPC_IN21700_30T_cycle_#675.mat
CC,675,0.90869,2.70189,0.5496,6,discharge,1,-10.809,3.603,10.0,9.9,3.7399,3.5628,16.3845,09-07-21_17.28_CC_protocol_HPPC_IN21700_30T_cycle_#675.mat
CC,675,0.90869,2.70189,0.5495,6,discharge,2,-21.614,7.205,10.0,9.9,3.7407,3.3978,15.8647,09-07-21_17.28_CC_protocol_HPPC_IN21700_30T_cycle_#675.mat
CC,675,0.90869,2.70189,0.5494,6,discharge,3,-31.067,10.356,10.0,9.9,3.741,3.2591,15.5116,09-07-21_17.28_CC_protocol_HPPC_IN21700_30T_cycle_#675.mat
CC,675,0.90869,2.70189,0.4596,7,discharge,0,-2.7,0.9,10.0,9.9,3.659,3.6148,16.3679,09-07-21_17.28_CC_protocol_HPPC_IN21700_30T_cycle_#675.mat
CC,675,0.90869,2.70189,0.4595,7,discharge,1,-10.807,3.602,10.0,9.9,3.6591,3.484,16.2025,09-07-21_17.28_CC_protocol_HPPC_IN21700_30T_cycle_#675.mat
CC,675,0.90869,2.70189,0.4595,7,discharge,2,-21.616,7.205,10.0,9.9,3.6594,3.3191,15.743,09-07-21_17.28_CC_protocol_HPPC_IN21700_30T_cycle_#675.mat
CC,675,0.90869,2.70189,0.4594,7,discharge,3,-31.07,10.357,10.0,9.9,3.6599,3.1791,15.4747,09-07-21_17.28_CC_protocol_HPPC_IN21700_30T_cycle_#675.mat
CC,675,0.90869,2.70189,0.3696,8,discharge,0,-2.702,0.901,10.0,9.9,3.5974,3.5521,16.7654,09-07-21_17.28_CC_protocol_HPPC_IN21700_30T_cycle_#675.mat
CC,675,0.90869,2.70189,0.3695,8,discharge,1,-10.807,3.602,10.0,9.9,3.5976,3.4183,16.5911,09-07-21_17.28_CC_protocol_HPPC_IN21700_30T_cycle_#675.mat
CC,675,0.90869,2.70189,0.3694,8,discharge,2,-21.616,7.205,10.0,9.9,3.5979,3.2448,16.3351,09-07-21_17.28_CC_protocol_HPPC_IN21700_30T_cycle_#675.mat
CC,675,0.90869,2.70189,0.3693,8,discharge,3,-31.069,10.356,10.0,9.9,3.5983,3.0971,16.1318,09-07-21_17.28_CC_protocol_HPPC_IN21700_30T_cycle_#675.mat
CC,675,0.90869,2.70189,0.2795,9,discharge,0,-2.701,0.9,10.0,9.9,3.5152,3.4653,18.4767,09-07-21_17.28_CC_protocol_HPPC_IN21700_30T_cycle_#675.mat
CC,675,0.90869,2.70189,0.2794,9,discharge,1,-10.807,3.602,10.0,9.9,3.5156,3.3177,18.3122,09-07-21_17.28_CC_protocol_HPPC_IN21700_30T_cycle_#675.mat
CC,675,0.90869,2.70189,0.2794,9,discharge,2,-21.615,7.205,10.0,9.9,3.5181,3.115,18.6491,09-07-21_17.28_CC_protocol_HPPC_IN21700_30T_cycle_#675.mat
CC,675,0.90869,2.70189,0.2793,9,discharge,3,-31.069,10.356,10.0,9.9,3.5183,2.9223,19.1831,09-07-21_17.28_CC_protocol_HPPC_IN21700_30T_cycle_#675.mat
CC,675,0.90869,2.70189,0.2345,10,discharge,0,-2.701,0.9,10.0,9.9,3.4612,3.4082,19.6245,09-07-21_17.28_CC_protocol_HPPC_IN21700_30T_cycle_#675.mat
CC,675,0.90869,2.70189,0.2344,10,discharge,1,-10.807,3.602,10.0,9.9,3.4622,3.2429,20.2924,09-07-21_17.28_CC_protocol_HPPC_IN21700_30T_cycle_#675.mat
CC,675,0.90869,2.70189,0.2343,10,discharge,2,-21.616,7.205,10.0,9.9,3.464,2.9814,22.3261,09-07-21_17.28_CC_protocol_HPPC_IN21700_30T_cycle_#675.mat
CC,675,0.90869,2.70189,0.2342,10,discharge,3,-31.069,10.356,10.0,9.9,3.4637,2.7017,24.5261,09-07-21_17.28_CC_protocol_HPPC_IN21700_30T_cycle_#675.mat
CC,675,0.90869,2.70189,0.1894,11,discharge,0,-2.7,0.9,10.0,9.9,3.4207,3.3587,22.9596,09-07-21_17.28_CC_protocol_HPPC_IN21700_30T_cycle_#675.mat
CC,675,0.90869,2.70189,0.1894,11,discharge,1,-10.808,3.603,10.0,9.9,3.4206,3.1286,27.017,09-07-21_17.28_CC_protocol_HPPC_IN21700_30T_cycle_#675.mat
CC,675,0.90869,2.70189,0.1893,11,discharge,2,-21.614,7.205,10.0,9.9,3.4235,2.6752,34.6211,09-07-21_17.28_CC_protocol_HPPC_IN21700_30T_cycle_#675.mat
CC,675,0.90869,2.70189,0.1892,11,discharge,3,-31.068,10.356,10.0,9.9,3.4229,2.4999,29.709,09-07-21_17.28_CC_protocol_HPPC_IN21700_30T_cycle_#675.mat
CC,675,0.90869,2.70189,0.1444,12,discharge,0,-2.7,0.9,10.0,9.9,3.3719,3.2797,34.1431,09-07-21_17.28_CC_protocol_HPPC_IN21700_30T_cycle_#675.mat
CC,675,0.90869,2.70189,0.1443,12,discharge,1,-10.807,3.602,10.0,9.9,3.3735,2.8069,52.429,09-07-21_17.28_CC_protocol_HPPC_IN21700_30T_cycle_#675.mat
CC,675,0.90869,2.70189,0.1443,12,discharge,2,-20.883,6.961,10.0,9.9,3.3771,2.4999,42.0055,09-07-21_17.28_CC_protocol_HPPC_IN21700_30T_cycle_#675.mat
CC,675,0.90869,2.70189,0.1442,12,discharge,3,-18.955,6.318,10.0,9.9,3.3769,2.4999,46.2675,09-07-21_17.28_CC_protocol_HPPC_IN21700_30T_cycle_#675.mat
CC,712,0.90374,2.68719,1.0,0,discharge,0,-2.688,0.896,10.0,9.7,4.1408,4.0808,22.3239,09-12-21_18.44_CC_protocol_HPPC_IN21700_30T_cycle_#712.mat
CC,712,0.90374,2.68719,0.9999,0,discharge,1,-10.749,3.583,10.0,9.9,4.15,3.9154,21.8253,09-12-21_18.44_CC_protocol_HPPC_IN21700_30T_cycle_#712.mat
CC,712,0.90374,2.68719,0.9998,0,discharge,2,-21.495,7.165,10.0,9.9,4.1489,3.7432,18.8742,09-12-21_18.44_CC_protocol_HPPC_IN21700_30T_cycle_#712.mat
CC,712,0.90374,2.68719,0.9998,0,discharge,3,-30.9,10.3,10.0,9.9,4.1484,3.6068,17.5275,09-12-21_18.44_CC_protocol_HPPC_IN21700_30T_cycle_#712.mat
CC,712,0.90374,2.68719,0.9552,1,discharge,0,-2.688,0.896,10.0,9.9,4.095,4.0404,20.3163,09-12-21_18.44_CC_protocol_HPPC_IN21700_30T_cycle_#712.mat
CC,712,0.90374,2.68719,0.9551,1,discharge,1,-10.749,3.583,10.0,9.9,4.0945,3.8957,18.4947,09-12-21_18.44_CC_protocol_HPPC_IN21700_30T_cycle_#712.mat
CC,712,0.90374,2.68719,0.9551,1,discharge,2,-21.495,7.165,10.0,9.9,4.0955,3.7264,17.1714,09-12-21_18.44_CC_protocol_HPPC_IN21700_30T_cycle_#712.mat
CC,712,0.90374,2.68719,0.955,1,discharge,3,-30.902,10.301,10.0,9.9,4.0963,3.5896,16.397,09-12-21_18.44_CC_protocol_HPPC_IN21700_30T_cycle_#712.mat
CC,712,0.90374,2.68719,0.9104,2,discharge,0,-2.688,0.896,10.0,9.9,4.0789,4.0294,18.4165,09-12-21_18.44_CC_protocol_HPPC_IN21700_30T_cycle_#712.mat
CC,712,0.90374,2.68719,0.9103,2,discharge,1,-10.749,3.583,10.0,9.9,4.08,3.8832,18.3087,09-12-21_18.44_CC_protocol_HPPC_IN21700_30T_cycle_#712.mat
CC,712,0.90374,2.68719,0.9103,2,discharge,2,-21.495,7.165,10.0,9.9,4.0801,3.707,17.3575,09-12-21_18.44_CC_protocol_HPPC_IN21700_30T_cycle_#712.mat
CC,712,0.90374,2.68719,0.9102,2,discharge,3,-30.9,10.3,10.0,9.9,4.0807,3.5647,16.699,09-12-21_18.44_CC_protocol_HPPC_IN21700_30T_cycle_#712.mat
CC,712,0.90374,2.68719,0.8209,3,discharge,0,-2.688,0.896,10.0,9.9,4.018,3.9635,20.2776,09-12-21_18.44_CC_protocol_HPPC_IN21700_30T_cycle_#712.mat
CC,712,0.90374,2.68719,0.8208,3,discharge,1,-10.749,3.583,10.0,9.9,4.0189,3.8102,19.4158,09-12-21_18.44_CC_protocol_HPPC_IN21700_30T_cycle_#712.mat
CC,712,0.90374,2.68719,0.8207,3,discharge,2,-21.495,7.165,10.0,9.9,4.0197,3.6385,17.7344,09-12-21_18.44_CC_protocol_HPPC_IN21700_30T_cycle_#712.mat
CC,712,0.90374,2.68719,0.8206,3,discharge,3,-30.9,10.3,10.0,9.9,4.0206,3.5021,16.7799,09-12-21_18.44_CC_protocol_HPPC_IN21700_30T_cycle_#712.mat
CC,712,0.90374,2.68719,0.7313,4,discharge,0,-2.688,0.896,10.0,9.9,3.9213,3.8702,19.0111,09-12-21_18.44_CC_protocol_HPPC_IN21700_30T_cycle_#712.mat
CC,712,0.90374,2.68719,0.7312,4,discharge,1,-10.749,3.583,10.0,9.9,3.9214,3.7306,17.7505,09-12-21_18.44_CC_protocol_HPPC_IN21700_30T_cycle_#712.mat
CC,712,0.90374,2.68719,0.7311,4,discharge,2,-21.495,7.165,10.0,9.9,3.9218,3.5704,16.348,09-12-21_18.44_CC_protocol_HPPC_IN21700_30T_cycle_#712.mat
CC,712,0.90374,2.68719,0.731,4,discharge,3,-30.901,10.3,10.0,9.9,3.9223,3.4325,15.8506,09-12-21_18.44_CC_protocol_HPPC_IN21700_30T_cycle_#712.mat
CC,712,0.90374,2.68719,0.6417,5,discharge,0,-2.688,0.896,10.0,9.9,3.8348,3.7861,18.1189,09-12-21_18.44_CC_protocol_HPPC_IN21700_30T_cycle_#712.mat
CC,712,0.90374,2.68719,0.6416,5,discharge,1,-10.749,3.583,10.0,9.9,3.8347,3.6528,16.9225,09-12-21_18.44_CC_protocol_HPPC_IN21700_30T_cycle_#712.mat
CC,712,0.90374,2.68719,0.6416,5,discharge,2,-21.496,7.165,10.0,9.9,3.835,3.4899,16.0541,09-12-21_18.44_CC_protocol_HPPC_IN21700_30T_cycle_#712.mat
CC,712,0.90374,2.68719,0.6415,5,discharge,3,-30.899,10.3,10.0,9.9,3.8348,3.3525,15.6089,09-12-21_18.44_CC_protocol_HPPC_IN21700_30T_cycle_#712.mat
CC,712,0.90374,2.68719,0.5521,6,discharge,0,-2.686,0.895,10.0,9.9,3.7412,3.6966,16.6059,09-12-21_18.44_CC_protocol_HPPC_IN21700_30T_cycle_#712.mat
CC,712,0.90374,2.68719,0.5521,6,discharge,1,-10.749,3.583,10.0,9.9,3.7422,3.5655,16.4387,09-12-21_18.44_CC_protocol_HPPC_IN21700_30T_cycle_#712.mat
CC,712,0.90374,2.68719,0.552,6,discharge,2,-21.495,7.165,10.0,9.9,3.7425,3.4021,15.8362,09-12-21_18.44_CC_protocol_HPPC_IN21700_30T_cycle_#712.mat
CC,712,0.90374,2.68719,0.5519,6,discharge,3,-30.9,10.3,10.0,9.9,3.7428,3.2642,15.4887,09-12-21_18.44_CC_protocol_HPPC_IN21700_30T_cycle_#712.mat
CC,712,0.90374,2.68719,0.4626,7,discharge,0,-2.686,0.895,10.0,9.9,3.6605,3.6155,16.7523,09-12-21_18.44_CC_protocol_HPPC_IN21700_30T_cycle_#712.mat
CC,712,0.90374,2.68719,0.4625,7,discharge,1,-10.747,3.582,10.0,9.9,3.6598,3.4837,16.386,09-12-21_18.44_CC_protocol_HPPC_IN21700_30T_cycle_#712.mat
CC,712,0.90374,2.68719,0.4624,7,discharge,2,-21.495,7.165,10.0,9.9,3.6609,3.3168,16.0084,09-12-21_18.44_CC_protocol_HPPC_IN21700_30T_cycle_#712.mat
CC,712,0.90374,2.68719,0.4623,7,discharge,3,-30.9,10.3,10.0,9.9,3.6613,3.1757,15.7152,09-12-21_18.44_CC_protocol_HPPC_IN21700_30T_cycle_#712.mat
CC,712,0.90374,2.68719,0.373,8,discharge,0,-2.688,0.896,10.0,9.9,3.5988,3.5535,16.8514,09-12-21_18.44_CC_protocol_HPPC_IN21700_30T_cycle_#712.mat
CC,712,0.90374,2.68719,0.3729,8,discharge,1,-10.748,3.583,10.0,9.91,3.599,3.4198,16.6729,09-12-21_18.44_CC_protocol_HPPC_IN21700_30T_cycle_#712.mat
CC,712,0.90374,2.68719,0.3728,8,discharge,2,-21.495,7.165,10.0,9.9,3.5993,3.2479,16.348,09-12-21_18.44_CC_protocol_HPPC_IN21700_30T_cycle_#712.mat
CC,712,0.90374,2.68719,0.3727,8,discharge,3,-30.9,10.3,10.0,9.9,3.5996,3.102,16.1036,09-12-21_18.44_CC_protocol_HPPC_IN21700_30T_cycle_#712.mat
CC,712,0.90374,2.68719,0.2834,9,discharge,0,-2.688,0.896,10.0,9.9,3.5172,3.4668,18.7479,09-12-21_18.44_CC_protocol_HPPC_IN21700_30T_cycle_#712.mat
CC,712,0.90374,2.68719,0.2834,9,discharge,1,-10.75,3.583,10.0,9.9,3.5177,3.3175,18.6233,09-12-21_18.44_CC_protocol_HPPC_IN21700_30T_cycle_#712.mat
CC,712,0.90374,2.68719,0.2833,9,discharge,2,-21.496,7.165,10.0,9.9,3.5203,3.1132,18.9384,09-12-21_18.44_CC_protocol_HPPC_IN21700_30T_cycle_#712.mat
CC,712,0.90374,2.68719,0.2832,9,discharge,3,-30.9,10.3,10.0,9.9,3.5212,2.9187,19.4984,09-12-21_18.44_CC_protocol_HPPC_IN21700_30T_cycle_#712.mat
CC,712,0.90374,2.68719,0.2386,10,discharge,0,-2.688,0.896,10.0,9.9,3.4649,3.4108,20.1235,09-12-21_18.44_CC_protocol_HPPC_IN21700_30T_cycle_#712.mat
CC,712,0.90374,2.68719,0.2386,10,discharge,1,-10.75,3.583,10.0,9.9,3.4652,3.2463,20.3628,09-12-21_18.44_CC_protocol_HPPC_IN21700_30T_cycle_#712.mat
CC,712,0.90374,2.68719,0.2385,10,discharge,2,-21.496,7.165,10.0,9.9,3.467,2.9904,22.1716,09-12-21_18.44_CC_protocol_HPPC_IN21700_30T_cycle_#712.mat
CC,712,0.90374,2.68719,0.2384,10,discharge,3,-30.901,10.3,10.0,9.9,3.467,2.7192,24.1999,09-12-21_18.44_CC_protocol_HPPC_IN21700_30T_cycle_#712.mat
CC,712,0.90374,2.68719,0.1939,11,discharge,0,-2.686,0.895,10.0,9.9,3.4223,3.3605,23.0065,09-12-21_18.44_CC_protocol_HPPC_IN21700_30T_cycle_#712.mat
CC,712,0.90374,2.68719,0.1938,11,discharge,1,-10.75,3.583,10.0,9.9,3.4236,3.1308,27.2372,09-12-21_18.44_CC_protocol_HPPC_IN21700_30T_cycle_#712.mat
CC,712,0.90374,2.68719,0.1937,11,discharge,2,-21.496,7.165,10.0,9.9,3.4259,2.6855,34.4436,09-12-21_18.44_CC_protocol_HPPC_IN21700_30T_cycle_#712.mat
CC,712,0.90374,2.68719,0.1936,11,discharge,3,-30.899,10.3,10.0,9.9,3.4252,2.4999,29.946,09-12-21_18.44_CC_protocol_HPPC_IN21700_30T_cycle_#712.mat
CC,712,0.90374,2.68719,0.1491,12,discharge,0,-2.686,0.895,10.0,9.9,3.3762,3.2857,33.6882,09-12-21_18.44_CC_protocol_HPPC_IN21700_30T_cycle_#712.mat
CC,712,0.90374,2.68719,0.149,12,discharge,1,-10.75,3.583,10.0,9.9,3.3778,2.8329,50.6884,09-12-21_18.44_CC_protocol_HPPC_IN21700_30T_cycle_#712.mat
CC,712,0.90374,2.68719,0.1489,12,discharge,2,-21.359,7.12,10.0,9.9,3.3812,2.5,41.2566,09-12-21_18.44_CC_protocol_HPPC_IN21700_30T_cycle_#712.mat
CC,712,0.90374,2.68719,0.1488,12,discharge,3,-19.799,6.6,10.0,9.9,3.3811,2.4999,44.5073,09-12-21_18.44_CC_protocol_HPPC_IN21700_30T_cycle_#712.mat
CC,750,0.90025,2.67681,1.0,0,discharge,0,-2.678,0.893,10.0,9.7,4.1385,4.0784,22.4446,09-19-21_01.19_CC_protocol_HPPC_IN21700_30T_cycle_#750.mat
CC,750,0.90025,2.67681,0.9999,0,discharge,1,-10.708,3.569,10.0,9.9,4.1476,3.9108,22.1143,09-19-21_01.19_CC_protocol_HPPC_IN21700_30T_cycle_#750.mat
CC,750,0.90025,2.67681,0.9998,0,discharge,2,-21.412,7.137,10.0,9.9,4.1467,3.7366,19.1528,09-19-21_01.19_CC_protocol_HPPC_IN21700_30T_cycle_#750.mat
CC,750,0.90025,2.67681,0.9997,0,discharge,3,-30.778,10.259,10.0,9.9,4.1463,3.5989,17.7854,09-19-21_01.19_CC_protocol_HPPC_IN21700_30T_cycle_#750.mat
CC,750,0.90025,2.67681,0.9554,1,discharge,0,-2.675,0.892,10.0,9.9,4.0944,4.0384,20.9307,09-19-21_01.19_CC_protocol_HPPC_IN21700_30T_cycle_#750.mat
CC,750,0.90025,2.67681,0.9553,1,discharge,1,-10.708,3.569,10.0,9.9,4.0946,3.89,19.1072,09-19-21_01.19_CC_protocol_HPPC_IN21700_30T_cycle_#750.mat
CC,750,0.90025,2.67681,0.9552,1,discharge,2,-21.412,7.137,10.0,9.9,4.0948,3.7175,17.621,09-19-21_01.19_CC_protocol_HPPC_IN21700_30T_cycle_#750.mat
CC,750,0.90025,2.67681,0.9551,1,discharge,3,-30.779,10.26,10.0,9.9,4.0949,3.5785,16.7777,09-19-21_01.19_CC_protocol_HPPC_IN21700_30T_cycle_#750.mat
CC,750,0.90025,2.67681,0.9108,2,discharge,0,-2.675,0.892,10.0,9.9,4.0796,4.0287,19.0266,09-19-21_01.19_CC_protocol_HPPC_IN21700_30T_cycle_#750.mat
CC,750,0.90025,2.67681,0.9107,2,discharge,1,-10.707,3.569,10.0,9.9,4.0788,3.8836,18.2311,09-19-21_01.19_CC_protocol_HPPC_IN21700_30T_cycle_#750.mat
CC,750,0.90025,2.67681,0.9106,2,discharge,2,-21.412,7.137,10.0,9.9,4.0799,3.7089,17.3267,09-19-21_01.19_CC_protocol_HPPC_IN21700_30T_cycle_#750.mat
CC,750,0.90025,2.67681,0.9105,2,discharge,3,-30.78,10.26,10.0,9.9,4.0803,3.5583,16.9591,09-19-21_01.19_CC_protocol_HPPC_IN21700_30T_cycle_#750.mat
CC,750,0.90025,2.67681,0.8215,3,discharge,0,-2.678,0.893,10.0,9.9,4.0161,3.9603,20.838,09-19-21_01.19_CC_protocol_HPPC_IN21700_30T_cycle_#750.mat
CC,750,0.90025,2.67681,0.8215,3,discharge,1,-10.708,3.569,10.0,9.9,4.0169,3.8048,19.8076,09-19-21_01.19_CC_protocol_HPPC_IN21700_30T_cycle_#750.mat
CC,750,0.90025,2.67681,0.8214,3,discharge,2,-21.412,7.137,10.0,9.9,4.0178,3.6308,18.074,09-19-21_01.19_CC_protocol_HPPC_IN21700_30T_cycle_#750.mat
CC,750,0.90025,2.67681,0.8213,3,discharge,3,-30.779,10.26,10.0,9.9,4.0188,3.4925,17.0993,09-19-21_01.19_CC_protocol_HPPC_IN21700_30T_cycle_#750.mat
CC,750,0.90025,2.67681,0.7323,4,discharge,0,-2.676,0.892,10.0,9.9,3.9203,3.8681,19.5067,09-19-21_01.19_CC_protocol_HPPC_IN21700_30T_cycle_#750.mat
CC,750,0.90025,2.67681,0.7323,4,discharge,1,-10.708,3.569,10.0,9.9,3.9205,3.7254,18.22,09-19-21_01.19_CC_protocol_HPPC_IN21700_30T_cycle_#750.mat
CC,750,0.90025,2.67681,0.7322,4,discharge,2,-21.411,7.137,10.0,9.9,3.921,3.5647,16.641,09-19-21_01.19_CC_protocol_HPPC_IN21700_30T_cycle_#750.mat
CC,750,0.90025,2.67681,0.7321,4,discharge,3,-30.78,10.26,10.0,9.9,3.9214,3.4315,15.9162,09-19-21_01.19_CC_protocol_HPPC_IN21700_30T_cycle_#750.mat
CC,750,0.90025,2.67681,0.6431,5,discharge,0,-2.676,0.892,10.0,9.9,3.8338,3.7839,18.6479,09-19-21_01.19_CC_protocol_HPPC_IN21700_30T_cycle_#750.mat
CC,750,0.90025,2.67681,0.643,5,discharge,1,-10.708,3.569,10.0,9.9,3.8331,3.6489,17.2021,09-19-21_01.19_CC_protocol_HPPC_IN21700_30T_cycle_#750.mat
CC,750,0.90025,2.67681,0.643,5,discharge,2,-21.413,7.138,10.0,9.9,3.8334,3.4835,16.3405,09-19-21_01.19_CC_protocol_HPPC_IN21700_30T_cycle_#750.mat
CC,750,0.90025,2.67681,0.6429,5,discharge,3,-30.777,10.259,10.0,9.9,3.8331,3.3448,15.8657,09-19-21_01.19_CC_protocol_HPPC_IN21700_30T_cycle_#750.mat
CC,750,0.90025,2.67681,0.5539,6,discharge,0,-2.676,0.892,10.0,9.9,3.7409,3.6944,17.3773,09-19-21_01.19_CC_protocol_HPPC_IN21700_30T_cycle_#750.mat
CC,750,0.90025,2.67681,0.5538,6,discharge,1,-10.706,3.569,10.0,9.9,3.7411,3.5606,16.8597,09-19-21_01.19_CC_protocol_HPPC_IN21700_30T_cycle_#750.mat
CC,750,0.90025,2.67681,0.5537,6,discharge,2,-21.412,7.137,10.0,9.9,3.7416,3.3943,16.2199,09-19-21_01.19_CC_protocol_HPPC_IN21700_30T_cycle_#750.mat
CC,750,0.90025,2.67681,0.5537,6,discharge,3,-30.778,10.259,10.0,9.9,3.7419,3.2551,15.8165,09-19-21_01.19_CC_protocol_HPPC_IN21700_30T_cycle_#750.mat
CC,750,0.90025,2.67681,0.4647,7,discharge,0,-2.676,0.892,10.0,9.9,3.6598,3.6132,17.4137,09-19-21_01.19_CC_protocol_HPPC_IN21700_30T_cycle_#750.mat
CC,750,0.90025,2.67681,0.4646,7,discharge,1,-10.706,3.569,10.0,9.9,3.66,3.4793,16.8784,09-19-21_01.19_CC_protocol_HPPC_IN21700_30T_cycle_#750.mat
CC,750,0.90025,2.67681,0.4645,7,discharge,2,-21.412,7.137,10.0,9.9,3.6604,3.3111,16.3133,09-19-21_01.19_CC_protocol_HPPC_IN21700_30T_cycle_#750.mat
CC,750,0.90025,2.67681,0.4644,7,discharge,3,-30.779,10.26,10.0,9.9,3.6607,3.1683,15.9979,09-19-21_01.19_CC_protocol_HPPC_IN21700_30T_cycle_#750.mat
CC,750,0.90025,2.67681,0.3754,8,discharge,0,-2.676,0.892,10.0,9.9,3.5982,3.5518,17.338,09-19-21_01.19_CC_protocol_HPPC_IN21700_30T_cycle_#750.mat
CC,750,0.90025,2.67681,0.3754,8,discharge,1,-10.708,3.569,10.0,9.9,3.5986,3.4148,17.1647,09-19-21_01.19_CC_protocol_HPPC_IN21700_30T_cycle_#750.mat
CC,750,0.90025,2.67681,0.3753,8,discharge,2,-21.412,7.137,10.0,9.9,3.5988,3.2388,16.813,09-19-21_01.19_CC_protocol_HPPC_IN21700_30T_cycle_#750.mat
CC,750,0.90025,2.67681,0.3752,8,discharge,3,-30.779,10.26,10.0,9.9,3.5992,3.0894,16.5632,09-19-21_01.19_CC_protocol_HPPC_IN21700_30T_cycle_#750.mat
CC,750,0.90025,2.67681,0.2862,9,discharge,0,-2.676,0.892,10.0,9.9,3.5166,3.4658,18.9836,09-19-21_01.19_CC_protocol_HPPC_IN21700_30T_cycle_#750.mat
CC,750,0.90025,2.67681,0.2862,9,discharge,1,-10.706,3.569,10.0,9.9,3.5171,3.314,18.9707,09-19-21_01.19_CC_protocol_HPPC_IN21700_30T_cycle_#750.mat
CC,750,0.90025,2.67681,0.2861,9,discharge,2,-21.411,7.137,10.0,9.9,3.5195,3.1043,19.3919,09-19-21_01.19_CC_protocol_HPPC_IN21700_30T_cycle_#750.mat
CC,750,0.90025,2.67681,0.286,9,discharge,3,-30.78,10.26,10.0,9.9,3.52,2.9041,20.0097,09-19-21_01.19_CC_protocol_HPPC_IN21700_30T_cycle_#750.mat
CC,750,0.90025,2.67681,0.2416,10,discharge,0,-2.676,0.892,10.0,9.9,3.4641,3.4084,20.8131,09-19-21_01.19_CC_protocol_HPPC_IN21700_30T_cycle_#750.mat
CC,750,0.90025,2.67681,0.2415,10,discharge,1,-10.706,3.569,10.0,9.9,3.4645,3.2376,21.1937,09-19-21_01.19_CC_protocol_HPPC_IN21700_30T_cycle_#750.mat
CC,750,0.90025,2.67681,0.2414,10,discharge,2,-21.411,7.137,10.0,9.9,3.4662,2.9689,23.2264,09-19-21_01.19_CC_protocol_HPPC_IN21700_30T_cycle_#750.mat
CC,750,0.90025,2.67681,0.2414,10,discharge,3,-30.778,10.259,10.0,9.9,3.466,2.6838,25.4143,09-19-21_01.19_CC_protocol_HPPC_IN21700_30T_cycle_#750.mat
CC,750,0.90025,2.67681,0.197,11,discharge,0,-2.676,0.892,10.0,9.9,3.4227,3.3601,23.3888,09-19-21_01.19_CC_protocol_HPPC_IN21700_30T_cycle_#750.mat
CC,750,0.90025,2.67681,0.1969,11,discharge,1,-10.708,3.569,10.0,9.9,3.4233,3.132,27.204,09-19-21_01.19_CC_protocol_HPPC_IN21700_30T_cycle_#750.mat
CC,750,0.90025,2.67681,0.1968,11,discharge,2,-21.411,7.137,10.0,9.9,3.4255,2.6895,34.3749,09-19-21_01.19_CC_protocol_HPPC_IN21700_30T_cycle_#750.mat
CC,750,0.90025,2.67681,0.1968,11,discharge,3,-30.78,10.26,10.0,9.9,3.4249,2.4999,30.052,09-19-21_01.19_CC_protocol_HPPC_IN21700_30T_cycle_#750.mat
CC,750,0.90025,2.67681,0.1524,12,discharge,0,-2.676,0.892,10.0,9.9,3.3754,3.2811,35.2339,09-19-21_01.19_CC_protocol_HPPC_IN21700_30T_cycle_#750.mat
CC,750,0.90025,2.67681,0.1523,12,discharge,1,-10.707,3.569,10.0,9.9,3.3771,2.8067,53.2736,09-19-21_01.19_CC_protocol_HPPC_IN21700_30T_cycle_#750.mat
CC,750,0.90025,2.67681,0.1522,12,discharge,2,-20.74,6.913,10.0,9.9,3.38,2.4999,42.4349,09-19-21_01.19_CC_protocol_HPPC_IN21700_30T_cycle_#750.mat
CC,750,0.90025,2.67681,0.1522,12,discharge,3,-18.906,6.302,10.0,9.9,3.3804,2.4999,46.5725,09-19-21_01.19_CC_protocol_HPPC_IN21700_30T_cycle_#750.mat
CC,787,0.89629,2.66503,1.0,0,discharge,0,-2.663,0.888,10.0,9.7,4.1374,4.0749,23.4662,09-23-21_21.14_CC_protocol_HPPC_IN21700_30T_cycle_#787.mat
CC,787,0.89629,2.66503,0.9999,0,discharge,1,-10.658,3.553,10.0,9.9,4.1462,3.906,22.5371,09-23-21_21.14_CC_protocol_HPPC_IN21700_30T_cycle_#787.mat
CC,787,0.89629,2.66503,0.9998,0,discharge,2,-21.32,7.107,10.0,9.9,4.1445,3.7312,19.3856,09-23-21_21.14_CC_protocol_HPPC_IN21700_30T_cycle_#787.mat
CC,787,0.89629,2.66503,0.9998,0,discharge,3,-30.645,10.215,10.0,9.9,4.1446,3.5932,17.9931,09-23-21_21.14_CC_protocol_HPPC_IN21700_30T_cycle_#787.mat
CC,787,0.89629,2.66503,0.9556,1,discharge,0,-2.663,0.888,10.0,9.9,4.0938,4.0377,21.0633,09-23-21_21.14_CC_protocol_HPPC_IN21700_30T_cycle_#787.mat
CC,787,0.89629,2.66503,0.9555,1,discharge,1,-10.658,3.553,10.0,9.9,4.0941,3.8894,19.2062,09-23-21_21.14_CC_protocol_HPPC_IN21700_30T_cycle_#787.mat
CC,787,0.89629,2.66503,0.9554,1,discharge,2,-21.32,7.107,10.0,9.9,4.0945,3.7175,17.6829,09-23-21_21.14_CC_protocol_HPPC_IN21700_30T_cycle_#787.mat
CC,787,0.89629,2.66503,0.9553,1,discharge,3,-30.645,10.215,10.0,9.9,4.0951,3.579,16.8412,09-23-21_21.14_CC_protocol_HPPC_IN21700_30T_cycle_#787.mat
CC,787,0.89629,2.66503,0.9111,2,discharge,0,-2.665,0.888,10.0,9.9,4.079,4.0257,19.9985,09-23-21_21.14_CC_protocol_HPPC_IN21700_30T_cycle_#787.mat
CC,787,0.89629,2.66503,0.9111,2,discharge,1,-10.66,3.553,10.0,9.9,4.0791,3.8742,19.2214,09-23-21_21.14_CC_protocol_HPPC_IN21700_30T_cycle_#787.mat
CC,787,0.89629,2.66503,0.911,2,discharge,2,-21.321,7.107,10.0,9.9,4.0794,3.6942,18.0667,09-23-21_21.14_CC_protocol_HPPC_IN21700_30T_cycle_#787.mat
CC,787,0.89629,2.66503,0.9109,2,discharge,3,-30.646,10.215,10.0,9.9,4.08,3.5503,17.2845,09-23-21_21.14_CC_protocol_HPPC_IN21700_30T_cycle_#787.mat
CC,787,0.89629,2.66503,0.8223,3,discharge,0,-2.665,0.888,10.0,9.9,4.0146,3.9586,21.0116,09-23-21_21.14_CC_protocol_HPPC_IN21700_30T_cycle_#787.mat
CC,787,0.89629,2.66503,0.8223,3,discharge,1,-10.66,3.553,10.0,9.9,4.0155,3.8032,19.9156,09-23-21_21.14_CC_protocol_HPPC_IN21700_30T_cycle_#787.mat
CC,787,0.89629,2.66503,0.8222,3,discharge,2,-21.32,7.107,10.0,9.9,4.0164,3.6299,18.1285,09-23-21_21.14_CC_protocol_HPPC_IN21700_30T_cycle_#787.mat
CC,787,0.89629,2.66503,0.8221,3,discharge,3,-30.646,10.215,10.0,9.9,4.0174,3.4926,17.1246,09-23-21_21.14_CC_protocol_HPPC_IN21700_30T_cycle_#787.mat
CC,787,0.89629,2.66503,0.7335,4,discharge,0,-2.666,0.889,10.0,9.9,3.9194,3.8661,19.9947,09-23-21_21.14_CC_protocol_HPPC_IN21700_30T_cycle_#787.mat
CC,787,0.89629,2.66503,0.7334,4,discharge,1,-10.658,3.553,10.0,9.9,3.9196,3.7201,18.7183,09-23-21_21.14_CC_protocol_HPPC_IN21700_30T_cycle_#787.mat
CC,787,0.89629,2.66503,0.7333,4,discharge,2,-21.32,7.107,10.0,9.9,3.9202,3.5548,17.1388,09-23-21_21.14_CC_protocol_HPPC_IN21700_30T_cycle_#787.mat
CC,787,0.89629,2.66503,0.7333,4,discharge,3,-30.643,10.214,10.0,9.9,3.9205,3.4178,16.4051,09-23-21_21.14_CC_protocol_HPPC_IN21700_30T_cycle_#787.mat
CC,787,0.89629,2.66503,0.6446,5,discharge,0,-2.666,0.889,10.0,9.9,3.8328,3.7827,18.7943,09-23-21_21.14_CC_protocol_HPPC_IN21700_30T_cycle_#787.mat
CC,787,0.89629,2.66503,0.6446,5,discharge,1,-10.66,3.553,10.0,9.9,3.8325,3.6472,17.3827,09-23-21_21.14_CC_protocol_HPPC_IN21700_30T_cycle_#787.mat
CC,787,0.89629,2.66503,0.6445,5,discharge,2,-21.32,7.107,10.0,9.9,3.8323,3.4814,16.4587,09-23-21_21.14_CC_protocol_HPPC_IN21700_30T_cycle_#787.mat
CC,787,0.89629,2.66503,0.6444,5,discharge,3,-30.645,10.215,10.0,9.9,3.832,3.3431,15.9537,09-23-21_21.14_CC_protocol_HPPC_IN21700_30T_cycle_#787.mat
CC,787,0.89629,2.66503,0.5558,6,discharge,0,-2.666,0.889,10.0,9.9,3.7405,3.6935,17.6321,09-23-21_21.14_CC_protocol_HPPC_IN21700_30T_cycle_#787.mat
CC,787,0.89629,2.66503,0.5558,6,discharge,1,-10.66,3.553,10.0,9.91,3.7408,3.556,17.3358,09-23-21_21.14_CC_protocol_HPPC_IN21700_30T_cycle_#787.mat
CC,787,0.89629,2.66503,0.5557,6,discharge,2,-21.32,7.107,10.0,9.9,3.7412,3.3855,16.6839,09-23-21_21.14_CC_protocol_HPPC_IN21700_30T_cycle_#787.mat
CC,787,0.89629,2.66503,0.5556,6,discharge,3,-30.644,10.215,10.0,9.9,3.7405,3.2429,16.2381,09-23-21_21.14_CC_protocol_HPPC_IN21700_30T_cycle_#787.mat
CC,787,0.89629,2.66503,0.467,7,discharge,0,-2.664,0.888,10.0,9.9,3.6598,3.6136,17.3443,09-23-21_21.14_CC_protocol_HPPC_IN21700_30T_cycle_#787.mat
CC,787,0.89629,2.66503,0.4669,7,discharge,1,-10.66,3.553,10.0,9.9,3.66,3.4786,17.0169,09-23-21_21.14_CC_protocol_HPPC_IN21700_30T_cycle_#787.mat
CC,787,0.89629,2.66503,0.4669,7,discharge,2,-21.32,7.107,10.0,9.9,3.6605,3.3088,16.4962,09-23-21_21.14_CC_protocol_HPPC_IN21700_30T_cycle_#787.mat
CC,787,0.89629,2.66503,0.4668,7,discharge,3,-30.645,10.215,10.0,9.9,3.6607,3.1663,16.1331,09-23-21_21.14_CC_protocol_HPPC_IN21700_30T_cycle_#787.mat
CC,787,0.89629,2.66503,0.3782,8,discharge,0,-2.666,0.889,10.0,9.9,3.598,3.5516,17.405,09-23-21_21.14_CC_protocol_HPPC_IN21700_30T_cycle_#787.mat
CC,787,0.89629,2.66503,0.3781,8,discharge,1,-10.661,3.554,10.0,9.9,3.5982,3.4137,17.3061,09-23-21_21.14_CC_protocol_HPPC_IN21700_30T_cycle_#787.mat
CC,787,0.89629,2.66503,0.378,8,discharge,2,-21.319,7.106,10.0,9.9,3.5986,3.233,17.149,09-23-21_21.14_CC_protocol_HPPC_IN21700_30T_cycle_#787.mat
CC,787,0.89629,2.66503,0.3779,8,discharge,3,-30.644,10.215,10.0,9.9,3.5992,3.0783,16.9984,09-23-21_21.14_CC_protocol_HPPC_IN21700_30T_cycle_#787.mat
CC,787,0.89629,2.66503,0.2893,9,discharge,0,-2.664,0.888,10.0,9.9,3.5164,3.4639,19.7072,09-23-21_21.14_CC_protocol_HPPC_IN21700_30T_cycle_#787.mat
CC,787,0.89629,2.66503,0.2893,9,discharge,1,-10.659,3.553,10.0,9.9,3.5169,3.3088,19.5234,09-23-21_21.14_CC_protocol_HPPC_IN21700_30T_cycle_#787.mat
CC,787,0.89629,2.66503,0.2892,9,discharge,2,-21.319,7.106,10.0,9.9,3.5191,3.0974,19.7805,09-23-21_21.14_CC_protocol_HPPC_IN21700_30T_cycle_#787.mat
CC,787,0.89629,2.66503,0.2891,9,discharge,3,-30.645,10.215,10.0,9.9,3.5203,2.8957,20.3818,09-23-21_21.14_CC_protocol_HPPC_IN21700_30T_cycle_#787.mat
CC,787,0.89629,2.66503,0.2449,10,discharge,0,-2.664,0.888,10.0,9.9,3.464,3.4087,20.7575,09-23-21_21.14_CC_protocol_HPPC_IN21700_30T_cycle_#787.mat
CC,787,0.89629,2.66503,0.2448,10,discharge,1,-10.658,3.553,10.0,9.9,3.4645,3.2383,21.2235,09-23-21_21.14_CC_protocol_HPPC_IN21700_30T_cycle_#787.mat
CC,787,0.89629,2.66503,0.2448,10,discharge,2,-21.32,7.107,10.0,9.9,3.4661,2.9724,23.1567,09-23-21_21.14_CC_protocol_HPPC_IN21700_30T_cycle_#787.mat
CC,787,0.89629,2.66503,0.2447,10,discharge,3,-30.646,10.215,10.0,9.9,3.4654,2.6637,26.16,09-23-21_21.14_CC_protocol_HPPC_IN21700_30T_cycle_#787.mat
CC,787,0.89629,2.66503,0.2005,11,discharge,0,-2.664,0.888,10.0,9.9,3.423,3.3569,24.8095,09-23-21_21.14_CC_protocol_HPPC_IN21700_30T_cycle_#787.mat
CC,787,0.89629,2.66503,0.2005,11,discharge,1,-10.659,3.553,10.0,9.9,3.4235,3.1117,29.2523,09-23-21_21.14_CC_protocol_HPPC_IN21700_30T_cycle_#787.mat
CC,787,0.89629,2.66503,0.2004,11,discharge,2,-21.32,7.107,10.0,9.9,3.4251,2.6435,36.6604,09-23-21_21.14_CC_protocol_HPPC_IN21700_30T_cycle_#787.mat
CC,787,0.89629,2.66503,0.2003,11,discharge,3,-30.644,10.215,10.0,9.9,3.4246,2.4998,30.1788,09-23-21_21.14_CC_protocol_HPPC_IN21700_30T_cycle_#787.mat
CC,787,0.89629,2.66503,0.1561,12,discharge,0,-2.664,0.888,10.0,9.9,3.3754,3.2803,35.6955,09-23-21_21.14_CC_protocol_HPPC_IN21700_30T_cycle_#787.mat
CC,787,0.89629,2.66503,0.156,12,discharge,1,-10.661,3.554,10.0,9.9,3.3763,2.8095,53.1657,09-23-21_21.14_CC_protocol_HPPC_IN21700_30T_cycle_#787.mat
CC,787,0.89629,2.66503,0.1559,12,discharge,2,-20.782,6.927,10.0,9.9,3.38,2.4999,42.3491,09-23-21_21.14_CC_protocol_HPPC_IN21700_30T_cycle_#787.mat
CC,787,0.89629,2.66503,0.1559,12,discharge,3,-19.101,6.367,10.0,9.9,3.3806,2.5,46.1023,09-23-21_21.14_CC_protocol_HPPC_IN21700_30T_cycle_#787.mat
CC,825,0.89316,2.65572,1.0,0,discharge,0,-2.656,0.885,10.0,9.7,4.136,4.0726,23.8723,09-30-21_01.46_CC_protocol_HPPC_IN21700_30T_cycle_#825.mat
CC,825,0.89316,2.65572,0.9999,0,discharge,1,-10.624,3.541,10.0,9.9,4.145,3.9026,22.8163,09-30-21_01.46_CC_protocol_HPPC_IN21700_30T_cycle_#825.mat
CC,825,0.89316,2.65572,0.9998,0,discharge,2,-21.245,7.082,10.0,9.9,4.1439,3.7274,19.6046,09-30-21_01.46_CC_protocol_HPPC_IN21700_30T_cycle_#825.mat
CC,825,0.89316,2.65572,0.9998,0,discharge,3,-30.538,10.179,10.0,9.9,4.1432,3.5895,18.1315,09-30-21_01.46_CC_protocol_HPPC_IN21700_30T_cycle_#825.mat
CC,825,0.89316,2.65572,0.9557,1,discharge,0,-2.656,0.885,10.0,9.9,4.0934,4.0354,21.8357,09-30-21_01.46_CC_protocol_HPPC_IN21700_30T_cycle_#825.mat
CC,825,0.89316,2.65572,0.9556,1,discharge,1,-10.624,3.541,10.0,9.9,4.0935,3.8804,20.0584,09-30-21_01.46_CC_protocol_HPPC_IN21700_30T_cycle_#825.mat
CC,825,0.89316,2.65572,0.9556,1,discharge,2,-21.244,7.081,10.0,9.9,4.0938,3.7026,18.4146,09-30-21_01.46_CC_protocol_HPPC_IN21700_30T_cycle_#825.mat
CC,825,0.89316,2.65572,0.9555,1,discharge,3,-30.538,10.179,10.0,9.9,4.0945,3.56,17.5028,09-30-21_01.46_CC_protocol_HPPC_IN21700_30T_cycle_#825.mat
CC,825,0.89316,2.65572,0.9114,2,discharge,0,-2.658,0.886,10.0,9.9,4.0786,4.024,20.541,09-30-21_01.46_CC_protocol_HPPC_IN21700_30T_cycle_#825.mat
CC,825,0.89316,2.65572,0.9114,2,discharge,1,-10.622,3.541,10.0,9.9,4.0789,3.8698,19.6856,09-30-21_01.46_CC_protocol_HPPC_IN21700_30T_cycle_#825.mat
CC,825,0.89316,2.65572,0.9113,2,discharge,2,-21.245,7.082,10.0,9.9,4.0791,3.6881,18.4043,09-30-21_01.46_CC_protocol_HPPC_IN21700_30T_cycle_#825.mat
CC,825,0.89316,2.65572,0.9112,2,discharge,3,-30.539,10.18,10.0,9.9,4.0797,3.5436,17.5546,09-30-21_01.46_CC_protocol_HPPC_IN21700_30T_cycle_#825.mat
CC,825,0.89316,2.65572,0.8229,3,discharge,0,-2.656,0.885,10.0,9.9,4.0124,3.9569,20.8953,09-30-21_01.46_CC_protocol_HPPC_IN21700_30T_cycle_#825.mat
CC,825,0.89316,2.65572,0.8228,3,discharge,1,-10.624,3.541,10.0,9.9,4.0141,3.8005,20.1054,09-30-21_01.46_CC_protocol_HPPC_IN21700_30T_cycle_#825.mat
CC,825,0.89316,2.65572,0.8228,3,discharge,2,-21.245,7.082,10.0,9.9,4.015,3.6264,18.2914,09-30-21_01.46_CC_protocol_HPPC_IN21700_30T_cycle_#825.mat
CC,825,0.89316,2.65572,0.8227,3,discharge,3,-30.539,10.18,10.0,9.9,4.0157,3.4838,17.4171,09-30-21_01.46_CC_protocol_HPPC_IN21700_30T_cycle_#825.mat
CC,825,0.89316,2.65572,0.7344,4,discharge,0,-2.656,0.885,10.0,9.9,3.9186,3.8644,20.4043,09-30-21_01.46_CC_protocol_HPPC_IN21700_30T_cycle_#825.mat
CC,825,0.89316,2.65572,0.7343,4,discharge,1,-10.624,3.541,10.0,9.9,3.9188,3.7165,19.0418,09-30-21_01.46_CC_protocol_HPPC_IN21700_30T_cycle_#825.mat
CC,825,0.89316,2.65572,0.7342,4,discharge,2,-21.243,7.081,10.0,9.9,3.9193,3.5493,17.4175,09-30-21_01.46_CC_protocol_HPPC_IN21700_30T_cycle_#825.mat
CC,825,0.89316,2.65572,0.7342,4,discharge,3,-30.539,10.18,10.0,9.9,3.9191,3.4114,16.6246,09-30-21_01.46_CC_protocol_HPPC_IN21700_30T_cycle_#825.mat
CC,825,0.89316,2.65572,0.6459,5,discharge,0,-2.657,0.886,10.0,9.9,3.8315,3.7812,18.9333,09-30-21_01.46_CC_protocol_HPPC_IN21700_30T_cycle_#825.mat
CC,825,0.89316,2.65572,0.6458,5,discharge,1,-10.624,3.541,10.0,9.9,3.8314,3.6447,17.5734,09-30-21_01.46_CC_protocol_HPPC_IN21700_30T_cycle_#825.mat
CC,825,0.89316,2.65572,0.6457,5,discharge,2,-21.246,7.082,10.0,9.9,3.8313,3.478,16.629,09-30-21_01.46_CC_protocol_HPPC_IN21700_30T_cycle_#825.mat
CC,825,0.89316,2.65572,0.6457,5,discharge,3,-30.539,10.18,10.0,9.9,3.831,3.3387,16.1204,09-30-21_01.46_CC_protocol_HPPC_IN21700_30T_cycle_#825.mat
CC,825,0.89316,2.65572,0.5574,6,discharge,0,-2.657,0.886,10.0,9.9,3.7397,3.6913,18.2181,09-30-21_01.46_CC_protocol_HPPC_IN21700_30T_cycle_#825.mat
CC,825,0.89316,2.65572,0.5573,6,discharge,1,-10.623,3.541,10.0,9.9,3.74,3.552,17.6974,09-30-21_01.46_CC_protocol_HPPC_IN21700_30T_cycle_#825.mat
CC,825,0.89316,2.65572,0.5572,6,discharge,2,-21.246,7.082,10.0,9.9,3.7404,3.3797,16.9773,09-30-21_01.46_CC_protocol_HPPC_IN21700_30T_cycle_#825.mat
CC,825,0.89316,2.65572,0.5571,6,discharge,3,-30.539,10.18,10.0,9.9,3.7407,3.2356,16.5395,09-30-21_01.46_CC_protocol_HPPC_IN21700_30T_cycle_#825.mat
CC,825,0.89316,2.65572,0.4688,7,discharge,0,-2.657,0.886,10.0,9.9,3.6594,3.6129,17.5029,09-30-21_01.46_CC_protocol_HPPC_IN21700_30T_cycle_#825.mat
CC,825,0.89316,2.65572,0.4688,7,discharge,1,-10.622,3.541,10.0,9.9,3.6597,3.4764,17.2566,09-30-21_01.46_CC_protocol_HPPC_IN21700_30T_cycle_#825.mat
CC,825,0.89316,2.65572,0.4687,7,discharge,2,-21.245,7.082,10.0,9.9,3.6601,3.3054,16.6957,09-30-21_01.46_CC_protocol_HPPC_IN21700_30T_cycle_#825.mat
CC,825,0.89316,2.65572,0.4686,7,discharge,3,-30.539,10.18,10.0,9.9,3.6605,3.1624,16.3103,09-30-21_01.46_CC_protocol_HPPC_IN21700_30T_cycle_#825.mat
CC,825,0.89316,2.65572,0.3803,8,discharge,0,-2.657,0.886,10.0,9.9,3.5975,3.5492,18.1784,09-30-21_01.46_CC_protocol_HPPC_IN21700_30T_cycle_#825.mat
CC,825,0.89316,2.65572,0.3803,8,discharge,1,-10.623,3.541,10.0,9.9,3.597,3.4069,17.8951,09-30-21_01.46_CC_protocol_HPPC_IN21700_30T_cycle_#825.mat
CC,825,0.89316,2.65572,0.3802,8,discharge,2,-21.244,7.081,10.0,9.9,3.5975,3.2246,17.5532,09-30-21_01.46_CC_protocol_HPPC_IN21700_30T_cycle_#825.mat
CC,825,0.89316,2.65572,0.3801,8,discharge,3,-30.539,10.18,10.0,9.9,3.5987,3.0697,17.3221,09-30-21_01.46_CC_protocol_HPPC_IN21700_30T_cycle_#825.mat
CC,825,0.89316,2.65572,0.2918,9,discharge,0,-2.657,0.886,10.0,9.9,3.5158,3.4625,20.061,09-30-21_01.46_CC_protocol_HPPC_IN21700_30T_cycle_#825.mat
CC,825,0.89316,2.65572,0.2917,9,discharge,1,-10.623,3.541,10.0,9.9,3.5158,3.306,19.7496,09-30-21_01.46_CC_protocol_HPPC_IN21700_30T_cycle_#825.mat
CC,825,0.89316,2.65572,0.2916,9,discharge,2,-21.244,7.081,10.0,9.9,3.5187,3.0928,20.048,09-30-21_01.46_CC_protocol_HPPC_IN21700_30T_cycle_#825.mat
CC,825,0.89316,2.65572,0.2916,9,discharge,3,-30.541,10.18,10.0,9.9,3.5198,2.8901,20.6182,09-30-21_01.46_CC_protocol_HPPC_IN21700_30T_cycle_#825.mat
CC,825,0.89316,2.65572,0.2475,10,discharge,0,-2.657,0.886,10.0,9.9,3.4638,3.4056,21.9036,09-30-21_01.46_CC_protocol_HPPC_IN21700_30T_cycle_#825.mat
CC,825,0.89316,2.65572,0.2475,10,discharge,1,-10.623,3.541,10.0,9.9,3.4641,3.2251,22.4984,09-30-21_01.46_CC_protocol_HPPC_IN21700_30T_cycle_#825.mat
CC,825,0.89316,2.65572,0.2474,10,discharge,2,-21.244,7.081,10.0,9.9,3.4657,2.9412,24.6893,09-30-21_01.46_CC_protocol_HPPC_IN21700_30T_cycle_#825.mat
CC,825,0.89316,2.65572,0.2473,10,discharge,3,-30.54,10.18,10.0,9.9,3.4655,2.6385,27.0792,09-30-21_01.46_CC_protocol_HPPC_IN21700_30T_cycle_#825.mat
CC,825,0.89316,2.65572,0.2032,11,discharge,0,-2.657,0.886,10.0,9.9,3.423,3.3555,25.4027,09-30-21_01.46_CC_protocol_HPPC_IN21700_30T_cycle_#825.mat
CC,825,0.89316,2.65572,0.2032,11,discharge,1,-10.623,3.541,10.0,9.9,3.4235,3.1047,30.0104,09-30-21_01.46_CC_protocol_HPPC_IN21700_30T_cycle_#825.mat
CC,825,0.89316,2.65572,0.2031,11,discharge,2,-21.244,7.081,10.0,9.9,3.4257,2.6318,37.3706,09-30-21_01.46_CC_protocol_HPPC_IN21700_30T_cycle_#825.mat
CC,825,0.89316,2.65572,0.203,11,discharge,3,-30.538,10.179,10.0,9.9,3.4254,2.5,30.3032,09-30-21_01.46_CC_protocol_HPPC_IN21700_30T_cycle_#825.mat
CC,825,0.89316,2.65572,0.159,12,discharge,0,-2.657,0.886,10.0,9.9,3.3755,3.2772,36.9924,09-30-21_01.46_CC_protocol_HPPC_IN21700_30T_cycle_#825.mat
CC,825,0.89316,2.65572,0.1589,12,discharge,1,-10.623,3.541,10.0,9.9,3.3772,2.7814,56.0859,09-30-21_01.46_CC_protocol_HPPC_IN21700_30T_cycle_#825.mat
CC,825,0.89316,2.65572,0.1589,12,discharge,2,-19.532,6.511,10.0,9.9,3.3809,2.4999,45.1055,09-30-21_01.46_CC_protocol_HPPC_IN21700_30T_cycle_#825.mat
CC,825,0.89316,2.65572,0.1588,12,discharge,3,-17.928,5.976,10.0,9.9,3.3805,2.5,49.1131,09-30-21_01.46_CC_protocol_HPPC_IN21700_30T_cycle_#825.mat
CC,862,0.88952,2.64489,1.0,0,discharge,0,-2.646,0.882,10.0,9.7,4.1344,4.0688,24.7912,10-04-21_20.28_CC_protocol_HPPC_IN21700_30T_cycle_#862.mat
CC,862,0.88952,2.64489,0.9999,0,discharge,1,-10.583,3.528,10.0,9.9,4.1436,3.8956,23.4338,10-04-21_20.28_CC_protocol_HPPC_IN21700_30T_cycle_#862.mat
CC,862,0.88952,2.64489,0.9998,0,discharge,2,-21.162,7.054,10.0,9.9,4.1424,3.7174,20.0832,10-04-21_20.28_CC_protocol_HPPC_IN21700_30T_cycle_#862.mat
CC,862,0.88952,2.64489,0.9997,0,discharge,3,-30.419,10.14,10.0,9.91,4.1418,3.5775,18.5509,10-04-21_20.28_CC_protocol_HPPC_IN21700_30T_cycle_#862.mat
CC,862,0.88952,2.64489,0.9559,1,discharge,0,-2.644,0.881,10.0,9.9,4.0928,4.0344,22.0869,10-04-21_20.28_CC_protocol_HPPC_IN21700_30T_cycle_#862.mat
CC,862,0.88952,2.64489,0.9558,1,discharge,1,-10.582,3.527,10.0,9.9,4.0932,3.8813,20.0246,10-04-21_20.28_CC_protocol_HPPC_IN21700_30T_cycle_#862.mat
CC,862,0.88952,2.64489,0.9557,1,discharge,2,-21.161,7.054,10.0,9.9,4.0934,3.7019,18.501,10-04-21_20.28_CC_protocol_HPPC_IN21700_30T_cycle_#862.mat
CC,862,0.88952,2.64489,0.9557,1,discharge,3,-30.421,10.14,10.0,9.91,4.0942,3.5531,17.7871,10-04-21_20.28_CC_protocol_HPPC_IN21700_30T_cycle_#862.mat
CC,862,0.88952,2.64489,0.9118,2,discharge,0,-2.646,0.882,10.0,9.9,4.0783,4.0224,21.1246,10-04-21_20.28_CC_protocol_HPPC_IN21700_30T_cycle_#862.mat
CC,862,0.88952,2.64489,0.9117,2,discharge,1,-10.582,3.527,10.0,9.9,4.0787,3.8648,20.2136,10-04-21_20.28_CC_protocol_HPPC_IN21700_30T_cycle_#862.mat
CC,862,0.88952,2.64489,0.9117,2,discharge,2,-21.161,7.054,10.0,9.9,4.0781,3.6811,18.7609,10-04-21_20.28_CC_protocol_HPPC_IN21700_30T_cycle_#862.mat
CC,862,0.88952,2.64489,0.9116,2,discharge,3,-30.419,10.14,10.0,9.9,4.0789,3.5351,17.877,10-04-21_20.28_CC_protocol_HPPC_IN21700_30T_cycle_#862.mat
CC,862,0.88952,2.64489,0.8236,3,discharge,0,-2.644,0.881,10.0,9.9,4.0119,3.9542,21.8213,10-04-21_20.28_CC_protocol_HPPC_IN21700_30T_cycle_#862.mat
CC,862,0.88952,2.64489,0.8236,3,discharge,1,-10.581,3.527,10.0,9.9,4.0127,3.7956,20.5179,10-04-21_20.28_CC_protocol_HPPC_IN21700_30T_cycle_#862.mat
CC,862,0.88952,2.64489,0.8235,3,discharge,2,-21.162,7.054,10.0,9.9,4.0129,3.6199,18.571,10-04-21_20.28_CC_protocol_HPPC_IN21700_30T_cycle_#862.mat
CC,862,0.88952,2.64489,0.8234,3,discharge,3,-30.419,10.14,10.0,9.9,4.0146,3.4804,17.5614,10-04-21_20.28_CC_protocol_HPPC_IN21700_30T_cycle_#862.mat
CC,862,0.88952,2.64489,0.7355,4,discharge,0,-2.646,0.882,10.0,9.9,3.9171,3.863,20.4436,10-04-21_20.28_CC_protocol_HPPC_IN21700_30T_cycle_#862.mat
CC,862,0.88952,2.64489,0.7354,4,discharge,1,-10.583,3.528,10.0,9.9,3.9182,3.7132,19.3707,10-04-21_20.28_CC_protocol_HPPC_IN21700_30T_cycle_#862.mat
CC,862,0.88952,2.64489,0.7353,4,discharge,2,-21.161,7.054,10.0,9.9,3.9187,3.544,17.7071,10-04-21_20.28_CC_protocol_HPPC_IN21700_30T_cycle_#862.mat
CC,862,0.88952,2.64489,0.7352,4,discharge,3,-30.42,10.14,10.0,9.9,3.9185,3.4048,16.8869,10-04-21_20.28_CC_protocol_HPPC_IN21700_30T_cycle_#862.mat
CC,862,0.88952,2.64489,0.6473,5,discharge,0,-2.645,0.882,10.0,9.9,3.8306,3.7799,19.1682,10-04-21_20.28_CC_protocol_HPPC_IN21700_30T_cycle_#862.mat
CC,862,0.88952,2.64489,0.6472,5,discharge,1,-10.583,3.528,10.0,9.9,3.8298,3.6422,17.7265,10-04-21_20.28_CC_protocol_HPPC_IN21700_30T_cycle_#862.mat
CC,862,0.88952,2.64489,0.6471,5,discharge,2,-21.163,7.054,10.0,9.9,3.8306,3.474,16.8502,10-04-21_20.28_CC_protocol_HPPC_IN21700_30T_cycle_#862.mat
CC,862,0.88952,2.64489,0.647,5,discharge,3,-30.42,10.14,10.0,9.9,3.8304,3.3339,16.3215,10-04-21_20.28_CC_protocol_HPPC_IN21700_30T_cycle_#862.mat
CC,862,0.88952,2.64489,0.5591,6,discharge,0,-2.647,0.882,10.0,9.9,3.7398,3.6907,18.5528,10-04-21_20.28_CC_protocol_HPPC_IN21700_30T_cycle_#862.mat
CC,862,0.88952,2.64489,0.559,6,discharge,1,-10.581,3.527,10.0,9.9,3.7401,3.5494,18.0229,10-04-21_20.28_CC_protocol_HPPC_IN21700_30T_cycle_#862.mat
CC,862,0.88952,2.64489,0.559,6,discharge,2,-21.16,7.053,10.0,9.9,3.7406,3.3751,17.2732,10-04-21_20.28_CC_protocol_HPPC_IN21700_30T_cycle_#862.mat
CC,862,0.88952,2.64489,0.5589,6,discharge,3,-30.42,10.14,10.0,9.9,3.7409,3.2301,16.7916,10-04-21_20.28_CC_protocol_HPPC_IN21700_30T_cycle_#862.mat
CC,862,0.88952,2.64489,0.4709,7,discharge,0,-2.646,0.882,10.0,9.9,3.6595,3.6124,17.7984,10-04-21_20.28_CC_protocol_HPPC_IN21700_30T_cycle_#862.mat
CC,862,0.88952,2.64489,0.4708,7,discharge,1,-10.583,3.528,10.0,9.9,3.6601,3.4746,17.5281,10-04-21_20.28_CC_protocol_HPPC_IN21700_30T_cycle_#862.mat
CC,862,0.88952,2.64489,0.4708,7,discharge,2,-21.162,7.054,10.0,9.9,3.6604,3.3024,16.9171,10-04-21_20.28_CC_protocol_HPPC_IN21700_30T_cycle_#862.mat
CC,862,0.88952,2.64489,0.4707,7,discharge,3,-30.42,10.14,10.0,9.9,3.6608,3.1587,16.5056,10-04-21_20.28_CC_protocol_HPPC_IN21700_30T_cycle_#862.mat
CC,862,0.88952,2.64489,0.3827,8,discharge,0,-2.645,0.882,10.0,9.9,3.5976,3.5485,18.5654,10-04-21_20.28_CC_protocol_HPPC_IN21700_30T_cycle_#862.mat
CC,862,0.88952,2.64489,0.3827,8,discharge,1,-10.581,3.527,10.0,9.9,3.5979,3.4038,18.3442,10-04-21_20.28_CC_protocol_HPPC_IN21700_30T_cycle_#862.mat
CC,862,0.88952,2.64489,0.3826,8,discharge,2,-21.16,7.053,10.0,9.9,3.5984,3.2192,17.9206,10-04-21_20.28_CC_protocol_HPPC_IN21700_30T_cycle_#862.mat
CC,862,0.88952,2.64489,0.3825,8,discharge,3,-30.421,10.14,10.0,9.9,3.5989,3.0626,17.6293,10-04-21_20.28_CC_protocol_HPPC_IN21700_30T_cycle_#862.mat
CC,862,0.88952,2.64489,0.2945,9,discharge,0,-2.645,0.882,10.0,9.9,3.516,3.4619,20.4568,10-04-21_20.28_CC_protocol_HPPC_IN21700_30T_cycle_#862.mat
CC,862,0.88952,2.64489,0.2945,9,discharge,1,-10.581,3.527,10.0,9.9,3.5159,3.3028,20.1399,10-04-21_20.28_CC_protocol_HPPC_IN21700_30T_cycle_#862.mat
CC,862,0.88952,2.64489,0.2944,9,discharge,2,-21.162,7.054,10.0,9.9,3.5189,3.0866,20.4281,10-04-21_20.28_CC_protocol_HPPC_IN21700_30T_cycle_#862.mat
CC,862,0.88952,2.64489,0.2943,9,discharge,3,-30.421,10.14,10.0,9.9,3.5193,2.8806,20.9954,10-04-21_20.28_CC_protocol_HPPC_IN21700_30T_cycle_#862.mat
CC,862,0.88952,2.64489,0.2505,10,discharge,0,-2.647,0.882,10.0,9.9,3.4643,3.4047,22.5203,10-04-21_20.28_CC_protocol_HPPC_IN21700_30T_cycle_#862.mat
CC,862,0.88952,2.64489,0.2504,10,discharge,1,-10.582,3.527,10.0,9.9,3.4647,3.2203,23.0958,10-04-21_20.28_CC_protocol_HPPC_IN21700_30T_cycle_#862.mat
CC,862,0.88952,2.64489,0.2503,10,discharge,2,-21.161,7.054,10.0,9.9,3.4663,2.931,25.2965,10-04-21_20.28_CC_protocol_HPPC_IN21700_30T_cycle_#862.mat
CC,862,0.88952,2.64489,0.2502,10,discharge,3,-30.421,10.14,10.0,9.9,3.4661,2.6231,27.7111,10-04-21_20.28_CC_protocol_HPPC_IN21700_30T_cycle_#862.mat
CC,862,0.88952,2.64489,0.2064,11,discharge,0,-2.647,0.882,10.0,9.9,3.4236,3.3548,25.9956,10-04-21_20.28_CC_protocol_HPPC_IN21700_30T_cycle_#862.mat
CC,862,0.88952,2.64489,0.2063,11,discharge,1,-10.581,3.527,10.0,9.9,3.4235,3.0982,30.7438,10-04-21_20.28_CC_protocol_HPPC_IN21700_30T_cycle_#862.mat
CC,862,0.88952,2.64489,0.2062,11,discharge,2,-21.162,7.054,10.0,9.9,3.4264,2.6203,38.0919,10-04-21_20.28_CC_protocol_HPPC_IN21700_30T_cycle_#862.mat
CC,862,0.88952,2.64489,0.2061,11,discharge,3,-30.418,10.139,10.0,9.9,3.4261,2.4999,30.4491,10-04-21_20.28_CC_protocol_HPPC_IN21700_30T_cycle_#862.mat
CC,862,0.88952,2.64489,0.1623,12,discharge,0,-2.645,0.882,10.0,9.9,3.3763,3.2748,38.3772,10-04-21_20.28_CC_protocol_HPPC_IN21700_30T_cycle_#862.mat
CC,862,0.88952,2.64489,0.1622,12,discharge,1,-10.582,3.527,10.0,9.9,3.3779,2.7712,57.3332,10-04-21_20.28_CC_protocol_HPPC_IN21700_30T_cycle_#862.mat
CC,862,0.88952,2.64489,0.1621,12,discharge,2,-19.256,6.419,10.0,9.9,3.3816,2.4999,45.7883,10-04-21_20.28_CC_protocol_HPPC_IN21700_30T_cycle_#862.mat
CC,862,0.88952,2.64489,0.1621,12,discharge,3,-17.427,5.809,10.0,9.9,3.3813,2.4999,50.5767,10-04-21_20.28_CC_protocol_HPPC_IN21700_30T_cycle_#862.mat
CC,900,0.89017,2.64684,1.0,0,discharge,0,-2.646,0.882,10.0,9.7,4.1353,4.0681,25.393,10-11-21_21.34_CC_protocol_HPPC_IN21700_30T_cycle_#900.mat
CC,900,0.89017,2.64684,0.9999,0,discharge,1,-10.588,3.529,10.0,9.9,4.145,3.8923,23.8666,10-11-21_21.34_CC_protocol_HPPC_IN21700_30T_cycle_#900.mat
CC,900,0.89017,2.64684,0.9998,0,discharge,2,-21.177,7.059,10.0,9.9,4.1439,3.714,20.3003,10-11-21_21.34_CC_protocol_HPPC_IN21700_30T_cycle_#900.mat
CC,900,0.89017,2.64684,0.9998,0,discharge,3,-30.444,10.148,10.0,9.9,4.1432,3.5768,18.6047,10-11-21_21.34_CC_protocol_HPPC_IN21700_30T_cycle_#900.mat
CC,900,0.89017,2.64684,0.9559,1,discharge,0,-2.648,0.883,10.0,9.9,4.0922,4.0317,22.85,10-11-21_21.34_CC_protocol_HPPC_IN21700_30T_cycle_#900.mat
CC,900,0.89017,2.64684,0.9558,1,discharge,1,-10.59,3.53,10.0,9.9,4.0924,3.8725,20.7649,10-11-21_21.34_CC_protocol_HPPC_IN21700_30T_cycle_#900.mat
CC,900,0.89017,2.64684,0.9557,1,discharge,2,-21.176,7.059,10.0,9.9,4.0937,3.6937,18.8893,10-11-21_21.34_CC_protocol_HPPC_IN21700_30T_cycle_#900.mat
CC,900,0.89017,2.64684,0.9556,1,discharge,3,-30.442,10.147,10.0,9.9,4.0944,3.5534,17.7715,10-11-21_21.34_CC_protocol_HPPC_IN21700_30T_cycle_#900.mat
CC,900,0.89017,2.64684,0.9117,2,discharge,0,-2.646,0.882,10.0,9.9,4.0783,4.0214,21.5033,10-11-21_21.34_CC_protocol_HPPC_IN21700_30T_cycle_#900.mat
CC,900,0.89017,2.64684,0.9117,2,discharge,1,-10.59,3.53,10.0,9.9,4.0787,3.8612,20.5382,10-11-21_21.34_CC_protocol_HPPC_IN21700_30T_cycle_#900.mat
CC,900,0.89017,2.64684,0.9116,2,discharge,2,-21.177,7.059,10.0,9.9,4.079,3.677,18.9829,10-11-21_21.34_CC_protocol_HPPC_IN21700_30T_cycle_#900.mat
CC,900,0.89017,2.64684,0.9115,2,discharge,3,-30.443,10.148,10.0,9.9,4.0797,3.5341,17.922,10-11-21_21.34_CC_protocol_HPPC_IN21700_30T_cycle_#900.mat
CC,900,0.89017,2.64684,0.8235,3,discharge,0,-2.648,0.883,10.0,9.9,4.0117,3.952,22.5445,10-11-21_21.34_CC_protocol_HPPC_IN21700_30T_cycle_#900.mat
CC,900,0.89017,2.64684,0.8234,3,discharge,1,-10.591,3.53,10.0,9.91,4.0126,3.7886,21.15,10-11-21_21.34_CC_protocol_HPPC_IN21700_30T_cycle_#900.mat
CC,900,0.89017,2.64684,0.8233,3,discharge,2,-21.177,7.059,10.0,9.9,4.0136,3.6095,19.082,10-11-21_21.34_CC_protocol_HPPC_IN21700_30T_cycle_#900.mat
CC,900,0.89017,2.64684,0.8233,3,discharge,3,-30.443,10.148,10.0,9.9,4.014,3.4712,17.83,10-11-21_21.34_CC_protocol_HPPC_IN21700_30T_cycle_#900.mat
CC,900,0.89017,2.64684,0.7352,4,discharge,0,-2.648,0.883,10.0,9.9,3.918,3.8624,20.9946,10-11-21_21.34_CC_protocol_HPPC_IN21700_30T_cycle_#900.mat
CC,900,0.89017,2.64684,0.7352,4,discharge,1,-10.589,3.53,10.0,9.9,3.9183,3.711,19.5769,10-11-21_21.34_CC_protocol_HPPC_IN21700_30T_cycle_#900.mat
CC,900,0.89017,2.64684,0.7351,4,discharge,2,-21.178,7.059,10.0,9.9,3.9189,3.5407,17.8582,10-11-21_21.34_CC_protocol_HPPC_IN21700_30T_cycle_#900.mat
CC,900,0.89017,2.64684,0.735,4,discharge,3,-30.443,10.148,10.0,9.9,3.9196,3.4051,16.9004,10-11-21_21.34_CC_protocol_HPPC_IN21700_30T_cycle_#900.mat
CC,900,0.89017,2.64684,0.647,5,discharge,0,-2.648,0.883,10.0,9.9,3.8301,3.7783,19.5619,10-11-21_21.34_CC_protocol_HPPC_IN21700_30T_cycle_#900.mat
CC,900,0.89017,2.64684,0.6469,5,discharge,1,-10.591,3.53,10.0,9.9,3.83,3.6364,18.2797,10-11-21_21.34_CC_protocol_HPPC_IN21700_30T_cycle_#900.mat
CC,900,0.89017,2.64684,0.6469,5,discharge,2,-21.178,7.059,10.0,9.9,3.8298,3.4643,17.2585,10-11-21_21.34_CC_protocol_HPPC_IN21700_30T_cycle_#900.mat
CC,900,0.89017,2.64684,0.6468,5,discharge,3,-30.442,10.147,10.0,9.9,3.8299,3.3254,16.5725,10-11-21_21.34_CC_protocol_HPPC_IN21700_30T_cycle_#900.mat
CC,900,0.89017,2.64684,0.5588,6,discharge,0,-2.648,0.883,10.0,9.9,3.7394,3.6897,18.7653,10-11-21_21.34_CC_protocol_HPPC_IN21700_30T_cycle_#900.mat
CC,900,0.89017,2.64684,0.5587,6,discharge,1,-10.589,3.53,10.0,9.9,3.739,3.5467,18.1604,10-11-21_21.34_CC_protocol_HPPC_IN21700_30T_cycle_#900.mat
CC,900,0.89017,2.64684,0.5586,6,discharge,2,-21.178,7.059,10.0,9.9,3.7402,3.3716,17.4049,10-11-21_21.34_CC_protocol_HPPC_IN21700_30T_cycle_#900.mat
CC,900,0.89017,2.64684,0.5585,6,discharge,3,-30.443,10.148,10.0,9.9,3.7407,3.2301,16.7723,10-11-21_21.34_CC_protocol_HPPC_IN21700_30T_cycle_#900.mat
CC,900,0.89017,2.64684,0.4705,7,discharge,0,-2.648,0.883,10.0,9.9,3.6593,3.6108,18.3129,10-11-21_21.34_CC_protocol_HPPC_IN21700_30T_cycle_#900.mat
CC,900,0.89017,2.64684,0.4704,7,discharge,1,-10.591,3.53,10.0,9.9,3.6596,3.4691,17.987,10-11-21_21.34_CC_protocol_HPPC_IN21700_30T_cycle_#900.mat
CC,900,0.89017,2.64684,0.4704,7,discharge,2,-21.178,7.059,10.0,9.9,3.6601,3.2932,17.3246,10-11-21_21.34_CC_protocol_HPPC_IN21700_30T_cycle_#900.mat
CC,900,0.89017,2.64684,0.4703,7,discharge,3,-30.442,10.147,10.0,9.9,3.6599,3.1501,16.7466,10-11-21_21.34_CC_protocol_HPPC_IN21700_30T_cycle_#900.mat
CC,900,0.89017,2.64684,0.3823,8,discharge,0,-2.647,0.882,10.0,9.9,3.5969,3.547,18.8537,10-11-21_21.34_CC_protocol_HPPC_IN21700_30T_cycle_#900.mat
CC,900,0.89017,2.64684,0.3822,8,discharge,1,-10.591,3.53,10.0,9.9,3.5972,3.4003,18.5913,10-11-21_21.34_CC_protocol_HPPC_IN21700_30T_cycle_#900.mat
CC,900,0.89017,2.64684,0.3821,8,discharge,2,-21.178,7.059,10.0,9.9,3.598,3.2144,18.1131,10-11-21_21.34_CC_protocol_HPPC_IN21700_30T_cycle_#900.mat
CC,900,0.89017,2.64684,0.382,8,discharge,3,-30.444,10.148,10.0,9.9,3.5982,3.0617,17.6225,10-11-21_21.34_CC_protocol_HPPC_IN21700_30T_cycle_#900.mat
CC,900,0.89017,2.64684,0.294,9,discharge,0,-2.647,0.882,10.0,9.9,3.515,3.4592,21.0813,10-11-21_21.34_CC_protocol_HPPC_IN21700_30T_cycle_#900.mat
CC,900,0.89017,2.64684,0.2939,9,discharge,1,-10.589,3.53,10.0,9.9,3.5154,3.2943,20.8802,10-11-21_21.34_CC_protocol_HPPC_IN21700_30T_cycle_#900.mat
CC,900,0.89017,2.64684,0.2939,9,discharge,2,-21.178,7.059,10.0,9.91,3.5178,3.0715,21.0738,10-11-21_21.34_CC_protocol_HPPC_IN21700_30T_cycle_#900.mat
CC,900,0.89017,2.64684,0.2938,9,discharge,3,-30.443,10.148,10.0,9.91,3.519,2.865,21.4828,10-11-21_21.34_CC_protocol_HPPC_IN21700_30T_cycle_#900.mat
CC,900,0.89017,2.64684,0.2499,10,discharge,0,-2.647,0.882,10.0,9.9,3.4628,3.4022,22.8956,10-11-21_21.34_CC_protocol_HPPC_IN21700_30T_cycle_#900.mat
CC,900,0.89017,2.64684,0.2498,10,discharge,1,-10.589,3.53,10.0,9.9,3.4626,3.2133,23.5433,10-11-21_21.34_CC_protocol_HPPC_IN21700_30T_cycle_#900.mat
CC,900,0.89017,2.64684,0.2498,10,discharge,2,-21.178,7.059,10.0,9.9,3.4648,2.919,25.772,10-11-21_21.34_CC_protocol_HPPC_IN21700_30T_cycle_#900.mat
CC,900,0.89017,2.64684,0.2497,10,discharge,3,-30.444,10.148,10.0,9.9,3.4646,2.6227,27.6541,10-11-21_21.34_CC_protocol_HPPC_IN21700_30T_cycle_#900.mat
CC,900,0.89017,2.64684,0.2058,11,discharge,0,-2.647,0.882,10.0,9.9,3.4226,3.3515,26.8616,10-11-21_21.34_CC_protocol_HPPC_IN21700_30T_cycle_#900.mat
CC,900,0.89017,2.64684,0.2057,11,discharge,1,-10.589,3.53,10.0,9.9,3.4233,3.0813,32.2977,10-11-21_21.34_CC_protocol_HPPC_IN21700_30T_cycle_#900.mat
CC,900,0.89017,2.64684,0.2056,11,discharge,2,-21.177,7.059,10.0,9.9,3.4256,2.5876,39.5712,10-11-21_21.34_CC_protocol_HPPC_IN21700_30T_cycle_#900.mat
CC,900,0.89017,2.64684,0.2056,11,discharge,3,-30.441,10.147,10.0,9.9,3.4253,2.4999,30.3998,10-11-21_21.34_CC_protocol_HPPC_IN21700_30T_cycle_#900.mat
CC,900,0.89017,2.64684,0.1617,12,discharge,0,-2.647,0.882,10.0,9.9,3.3742,3.2685,39.932,10-11-21_21.34_CC_protocol_HPPC_IN21700_30T_cycle_#900.mat
CC,900,0.89017,2.64684,0.1616,12,discharge,1,-10.589,3.53,10.0,9.9,3.3751,2.7541,58.6458,10-11-21_21.34_CC_protocol_HPPC_IN21700_30T_cycle_#900.mat
CC,900,0.89017,2.64684,0.1615,12,discharge,2,-19.526,6.509,10.0,9.9,3.3797,2.4999,45.0579,10-11-21_21.34_CC_protocol_HPPC_IN21700_30T_cycle_#900.mat
CC,900,0.89017,2.64684,0.1614,12,discharge,3,-18.149,6.05,10.0,9.9,3.3794,2.4999,48.46,10-11-21_21.34_CC_protocol_HPPC_IN21700_30T_cycle_#900.mat
CC,937,0.88411,2.62883,1.0,0,discharge,0,-2.632,0.877,10.0,9.7,4.1342,4.0644,26.5198,10-17-21_21.53_CC_protocol_HPPC_IN21700_30T_cycle_#937.mat
CC,937,0.88411,2.62883,0.9999,0,discharge,1,-10.527,3.509,10.0,9.9,4.1435,3.8853,24.5274,10-17-21_21.53_CC_protocol_HPPC_IN21700_30T_cycle_#937.mat
CC,937,0.88411,2.62883,0.9998,0,discharge,2,-21.053,7.018,10.0,9.9,4.1423,3.7045,20.7951,10-17-21_21.53_CC_protocol_HPPC_IN21700_30T_cycle_#937.mat
CC,937,0.88411,2.62883,0.9998,0,discharge,3,-30.262,10.087,10.0,9.9,4.1419,3.5657,19.0404,10-17-21_21.53_CC_protocol_HPPC_IN21700_30T_cycle_#937.mat
CC,937,0.88411,2.62883,0.9561,1,discharge,0,-2.632,0.877,10.0,9.9,4.0924,4.0291,24.0511,10-17-21_21.53_CC_protocol_HPPC_IN21700_30T_cycle_#937.mat
CC,937,0.88411,2.62883,0.9561,1,discharge,1,-10.527,3.509,10.0,9.9,4.0927,3.8658,21.5541,10-17-21_21.53_CC_protocol_HPPC_IN21700_30T_cycle_#937.mat
CC,937,0.88411,2.62883,0.956,1,discharge,2,-21.054,7.018,10.0,9.9,4.093,3.684,19.4262,10-17-21_21.53_CC_protocol_HPPC_IN21700_30T_cycle_#937.mat
CC,937,0.88411,2.62883,0.9559,1,discharge,3,-30.263,10.088,10.0,9.9,4.094,3.5424,18.2269,10-17-21_21.53_CC_protocol_HPPC_IN21700_30T_cycle_#937.mat
CC,937,0.88411,2.62883,0.9123,2,discharge,0,-2.632,0.877,10.0,9.9,4.0782,4.0192,22.4122,10-17-21_21.53_CC_protocol_HPPC_IN21700_30T_cycle_#937.mat
CC,937,0.88411,2.62883,0.9122,2,discharge,1,-10.529,3.51,10.0,9.9,4.0784,3.8547,21.2461,10-17-21_21.53_CC_protocol_HPPC_IN21700_30T_cycle_#937.mat
CC,937,0.88411,2.62883,0.9121,2,discharge,2,-21.054,7.018,10.0,9.9,4.0787,3.6675,19.5307,10-17-21_21.53_CC_protocol_HPPC_IN21700_30T_cycle_#937.mat
CC,937,0.88411,2.62883,0.912,2,discharge,3,-30.263,10.088,10.0,9.9,4.0795,3.5233,18.3789,10-17-21_21.53_CC_protocol_HPPC_IN21700_30T_cycle_#937.mat
CC,937,0.88411,2.62883,0.8245,3,discharge,0,-2.632,0.877,10.0,9.9,4.009,3.949,22.7955,10-17-21_21.53_CC_protocol_HPPC_IN21700_30T_cycle_#937.mat
CC,937,0.88411,2.62883,0.8245,3,discharge,1,-10.527,3.509,10.0,9.9,4.0108,3.7825,21.6871,10-17-21_21.53_CC_protocol_HPPC_IN21700_30T_cycle_#937.mat
CC,937,0.88411,2.62883,0.8244,3,discharge,2,-21.054,7.018,10.0,9.9,4.0119,3.6013,19.5022,10-17-21_21.53_CC_protocol_HPPC_IN21700_30T_cycle_#937.mat
CC,937,0.88411,2.62883,0.8243,3,discharge,3,-30.263,10.088,10.0,9.9,4.0131,3.4611,18.2401,10-17-21_21.53_CC_protocol_HPPC_IN21700_30T_cycle_#937.mat
CC,937,0.88411,2.62883,0.7368,4,discharge,0,-2.632,0.877,10.0,9.9,3.9171,3.8603,21.5789,10-17-21_21.53_CC_protocol_HPPC_IN21700_30T_cycle_#937.mat
CC,937,0.88411,2.62883,0.7367,4,discharge,1,-10.527,3.509,10.0,9.9,3.9176,3.7061,20.0912,10-17-21_21.53_CC_protocol_HPPC_IN21700_30T_cycle_#937.mat
CC,937,0.88411,2.62883,0.7367,4,discharge,2,-21.053,7.018,10.0,9.9,3.9179,3.5335,18.2587,10-17-21_21.53_CC_protocol_HPPC_IN21700_30T_cycle_#937.mat
CC,937,0.88411,2.62883,0.7366,4,discharge,3,-30.261,10.087,10.0,9.9,3.9185,3.3961,17.2631,10-17-21_21.53_CC_protocol_HPPC_IN21700_30T_cycle_#937.mat
CC,937,0.88411,2.62883,0.6491,5,discharge,0,-2.632,0.877,10.0,9.9,3.829,3.7763,20.0198,10-17-21_21.53_CC_protocol_HPPC_IN21700_30T_cycle_#937.mat
CC,937,0.88411,2.62883,0.649,5,discharge,1,-10.527,3.509,10.0,9.9,3.829,3.6318,18.7328,10-17-21_21.53_CC_protocol_HPPC_IN21700_30T_cycle_#937.mat
CC,937,0.88411,2.62883,0.6489,5,discharge,2,-21.052,7.017,10.0,9.9,3.829,3.4569,17.6753,10-17-21_21.53_CC_protocol_HPPC_IN21700_30T_cycle_#937.mat
CC,937,0.88411,2.62883,0.6488,5,discharge,3,-30.263,10.088,10.0,9.9,3.828,3.3159,16.9217,10-17-21_21.53_CC_protocol_HPPC_IN21700_30T_cycle_#937.mat
CC,937,0.88411,2.62883,0.5613,6,discharge,0,-2.632,0.877,10.0,9.9,3.739,3.6884,19.2213,10-17-21_21.53_CC_protocol_HPPC_IN21700_30T_cycle_#937.mat
CC,937,0.88411,2.62883,0.5613,6,discharge,1,-10.527,3.509,10.0,9.9,3.7394,3.542,18.7518,10-17-21_21.53_CC_protocol_HPPC_IN21700_30T_cycle_#937.mat
CC,937,0.88411,2.62883,0.5612,6,discharge,2,-21.053,7.018,10.0,9.9,3.7399,3.364,17.8549,10-17-21_21.53_CC_protocol_HPPC_IN21700_30T_cycle_#937.mat
CC,937,0.88411,2.62883,0.5611,6,discharge,3,-30.263,10.088,10.0,9.9,3.7405,3.2209,17.1695,10-17-21_21.53_CC_protocol_HPPC_IN21700_30T_cycle_#937.mat
CC,937,0.88411,2.62883,0.4736,7,discharge,0,-2.632,0.877,10.0,9.9,3.6592,3.6095,18.8794,10-17-21_21.53_CC_protocol_HPPC_IN21700_30T_cycle_#937.mat
CC,937,0.88411,2.62883,0.4736,7,discharge,1,-10.528,3.509,10.0,9.9,3.6595,3.4644,18.5315,10-17-21_21.53_CC_protocol_HPPC_IN21700_30T_cycle_#937.mat
CC,937,0.88411,2.62883,0.4735,7,discharge,2,-21.055,7.018,10.0,9.9,3.6601,3.2854,17.7962,10-17-21_21.53_CC_protocol_HPPC_IN21700_30T_cycle_#937.mat
CC,937,0.88411,2.62883,0.4734,7,discharge,3,-30.263,10.088,10.0,9.9,3.6606,3.1401,17.1992,10-17-21_21.53_CC_protocol_HPPC_IN21700_30T_cycle_#937.mat
CC,937,0.88411,2.62883,0.3859,8,discharge,0,-2.633,0.878,10.0,9.9,3.597,3.5458,19.4485,10-17-21_21.53_CC_protocol_HPPC_IN21700_30T_cycle_#937.mat
CC,937,0.88411,2.62883,0.3858,8,discharge,1,-10.528,3.509,10.0,9.9,3.5972,3.3954,19.1679,10-17-21_21.53_CC_protocol_HPPC_IN21700_30T_cycle_#937.mat
CC,937,0.88411,2.62883,0.3857,8,discharge,2,-21.053,7.018,10.0,9.9,3.598,3.2059,18.6244,10-17-21_21.53_CC_protocol_HPPC_IN21700_30T_cycle_#937.mat
CC,937,0.88411,2.62883,0.3857,8,discharge,3,-30.263,10.088,10.0,9.9,3.5984,3.0505,18.1046,10-17-21_21.53_CC_protocol_HPPC_IN21700_30T_cycle_#937.mat
CC,937,0.88411,2.62883,0.2982,9,discharge,0,-2.633,0.878,10.0,9.9,3.5151,3.4576,21.8399,10-17-21_21.53_CC_protocol_HPPC_IN21700_30T_cycle_#937.mat
CC,937,0.88411,2.62883,0.2981,9,discharge,1,-10.526,3.509,10.0,9.9,3.5157,3.2879,21.6416,10-17-21_21.53_CC_protocol_HPPC_IN21700_30T_cycle_#937.mat
CC,937,0.88411,2.62883,0.298,9,discharge,2,-21.052,7.017,10.0,9.9,3.5181,3.0592,21.7984,10-17-21_21.53_CC_protocol_HPPC_IN21700_30T_cycle_#937.mat
CC,937,0.88411,2.62883,0.2979,9,discharge,3,-30.261,10.087,10.0,9.9,3.5192,2.8478,22.187,10-17-21_21.53_CC_protocol_HPPC_IN21700_30T_cycle_#937.mat
CC,937,0.88411,2.62883,0.2543,10,discharge,0,-2.633,0.878,10.0,9.9,3.4636,3.4013,23.6639,10-17-21_21.53_CC_protocol_HPPC_IN21700_30T_cycle_#937.mat
CC,937,0.88411,2.62883,0.2542,10,discharge,1,-10.526,3.509,10.0,9.9,3.4633,3.2067,24.3777,10-17-21_21.53_CC_protocol_HPPC_IN21700_30T_cycle_#937.mat
CC,937,0.88411,2.62883,0.2542,10,discharge,2,-21.052,7.017,10.0,9.9,3.4655,2.9057,26.5913,10-17-21_21.53_CC_protocol_HPPC_IN21700_30T_cycle_#937.mat
CC,937,0.88411,2.62883,0.2541,10,discharge,3,-30.263,10.088,10.0,9.9,3.4656,2.6047,28.4473,10-17-21_21.53_CC_protocol_HPPC_IN21700_30T_cycle_#937.mat
CC,937,0.88411,2.62883,0.2105,11,discharge,0,-2.631,0.877,10.0,9.9,3.4234,3.3503,27.7841,10-17-21_21.53_CC_protocol_HPPC_IN21700_30T_cycle_#937.mat
CC,937,0.88411,2.62883,0.2104,11,discharge,1,-10.528,3.509,10.0,9.9,3.424,3.0736,33.2827,10-17-21_21.53_CC_protocol_HPPC_IN21700_30T_cycle_#937.mat
CC,937,0.88411,2.62883,0.2103,11,discharge,2,-21.052,7.017,10.0,9.9,3.4263,2.5761,40.3857,10-17-21_21.53_CC_protocol_HPPC_IN21700_30T_cycle_#937.mat
CC,937,0.88411,2.62883,0.2103,11,discharge,3,-30.261,10.087,10.0,9.9,3.4254,2.4999,30.5839,10-17-21_21.53_CC_protocol_HPPC_IN21700_30T_cycle_#937.mat
CC,937,0.88411,2.62883,0.1666,12,discharge,0,-2.633,0.878,10.0,9.9,3.3758,3.2679,40.9783,10-17-21_21.53_CC_protocol_HPPC_IN21700_30T_cycle_#937.mat
CC,937,0.88411,2.62883,0.1665,12,discharge,1,-10.528,3.509,10.0,9.9,3.3772,2.753,59.2895,10-17-21_21.53_CC_protocol_HPPC_IN21700_30T_cycle_#937.mat
CC,937,0.88411,2.62883,0.1665,12,discharge,2,-19.284,6.428,10.0,9.9,3.3811,2.4999,45.6959,10-17-21_21.53_CC_protocol_HPPC_IN21700_30T_cycle_#937.mat
CC,937,0.88411,2.62883,0.1664,12,discharge,3,-18.073,6.024,10.0,9.9,3.3811,2.4999,48.7578,10-17-21_21.53_CC_protocol_HPPC_IN21700_30T_cycle_#937.mat
CC,975,0.87647,2.60609,1.0,0,discharge,0,-2.605,0.868,10.0,9.7,4.1295,4.0572,27.7554,10-25-21_16.08_CC_protocol_HPPC_IN21700_30T_cycle_#975.mat
CC,975,0.87647,2.60609,0.9999,0,discharge,1,-10.422,3.474,10.0,9.9,4.138,3.8748,25.2543,10-25-21_16.08_CC_protocol_HPPC_IN21700_30T_cycle_#975.mat
CC,975,0.87647,2.60609,0.9998,0,discharge,2,-20.846,6.949,10.0,9.9,4.1368,3.6899,21.4382,10-25-21_16.08_CC_protocol_HPPC_IN21700_30T_cycle_#975.mat
CC,975,0.87647,2.60609,0.9997,0,discharge,3,-29.966,9.989,10.0,9.9,4.1367,3.5445,19.7624,10-25-21_16.08_CC_protocol_HPPC_IN21700_30T_cycle_#975.mat
CC,975,0.87647,2.60609,0.9565,1,discharge,0,-2.607,0.869,10.0,9.9,4.0907,4.0261,24.7832,10-25-21_16.08_CC_protocol_HPPC_IN21700_30T_cycle_#975.mat
CC,975,0.87647,2.60609,0.9565,1,discharge,1,-10.421,3.474,10.0,9.9,4.0912,3.8602,22.1668,10-25-21_16.08_CC_protocol_HPPC_IN21700_30T_cycle_#975.mat
CC,975,0.87647,2.60609,0.9564,1,discharge,2,-20.845,6.948,10.0,9.9,4.0915,3.6759,19.9376,10-25-21_16.08_CC_protocol_HPPC_IN21700_30T_cycle_#975.mat
CC,975,0.87647,2.60609,0.9563,1,discharge,3,-29.964,9.988,10.0,9.9,4.0925,3.5301,18.7692,10-25-21_16.08_CC_protocol_HPPC_IN21700_30T_cycle_#975.mat
CC,975,0.87647,2.60609,0.9131,2,discharge,0,-2.606,0.869,10.0,9.9,4.0772,4.016,23.4802,10-25-21_16.08_CC_protocol_HPPC_IN21700_30T_cycle_#975.mat
CC,975,0.87647,2.60609,0.9131,2,discharge,1,-10.423,3.474,10.0,9.9,4.0773,3.846,22.1913,10-25-21_16.08_CC_protocol_HPPC_IN21700_30T_cycle_#975.mat
CC,975,0.87647,2.60609,0.913,2,discharge,2,-20.845,6.948,10.0,9.9,4.0777,3.6537,20.3406,10-25-21_16.08_CC_protocol_HPPC_IN21700_30T_cycle_#975.mat
CC,975,0.87647,2.60609,0.9129,2,discharge,3,-29.965,9.988,10.0,9.9,4.0785,3.5029,19.2091,10-25-21_16.08_CC_protocol_HPPC_IN21700_30T_cycle_#975.mat
CC,975,0.87647,2.60609,0.8263,3,discharge,0,-2.606,0.869,10.0,9.9,4.0052,3.9427,23.9813,10-25-21_16.08_CC_protocol_HPPC_IN21700_30T_cycle_#975.mat
CC,975,0.87647,2.60609,0.8262,3,discharge,1,-10.421,3.474,10.0,9.9,4.0062,3.7734,22.3395,10-25-21_16.08_CC_protocol_HPPC_IN21700_30T_cycle_#975.mat
CC,975,0.87647,2.60609,0.8261,3,discharge,2,-20.845,6.948,10.0,9.9,4.0071,3.5894,20.0384,10-25-21_16.08_CC_protocol_HPPC_IN21700_30T_cycle_#975.mat
CC,975,0.87647,2.60609,0.8261,3,discharge,3,-29.966,9.989,10.0,9.9,4.0084,3.444,18.8347,10-25-21_16.08_CC_protocol_HPPC_IN21700_30T_cycle_#975.mat
CC,975,0.87647,2.60609,0.7394,4,discharge,0,-2.607,0.869,10.0,9.9,3.9148,3.8577,21.9068,10-25-21_16.08_CC_protocol_HPPC_IN21700_30T_cycle_#975.mat
CC,975,0.87647,2.60609,0.7393,4,discharge,1,-10.421,3.474,10.0,9.9,3.9151,3.7038,20.2764,10-25-21_16.08_CC_protocol_HPPC_IN21700_30T_cycle_#975.mat
CC,975,0.87647,2.60609,0.7392,4,discharge,2,-20.845,6.948,10.0,9.9,3.9155,3.5256,18.7047,10-25-21_16.08_CC_protocol_HPPC_IN21700_30T_cycle_#975.mat
CC,975,0.87647,2.60609,0.7392,4,discharge,3,-29.965,9.988,10.0,9.9,3.9153,3.377,17.9643,10-25-21_16.08_CC_protocol_HPPC_IN21700_30T_cycle_#975.mat
CC,975,0.87647,2.60609,0.6525,5,discharge,0,-2.607,0.869,10.0,9.9,3.8256,3.7721,20.524,10-25-21_16.08_CC_protocol_HPPC_IN21700_30T_cycle_#975.mat
CC,975,0.87647,2.60609,0.6525,5,discharge,1,-10.422,3.474,10.0,9.9,3.8259,3.6239,19.3821,10-25-21_16.08_CC_protocol_HPPC_IN21700_30T_cycle_#975.mat
CC,975,0.87647,2.60609,0.6524,5,discharge,2,-20.844,6.948,10.0,9.9,3.8259,3.4446,18.293,10-25-21_16.08_CC_protocol_HPPC_IN21700_30T_cycle_#975.mat
CC,975,0.87647,2.60609,0.6523,5,discharge,3,-29.965,9.988,10.0,9.9,3.8257,3.297,17.6439,10-25-21_16.08_CC_protocol_HPPC_IN21700_30T_cycle_#975.mat
CC,975,0.87647,2.60609,0.5657,6,discharge,0,-2.607,0.869,10.0,9.9,3.7374,3.6862,19.6424,10-25-21_16.08_CC_protocol_HPPC_IN21700_30T_cycle_#975.mat
CC,975,0.87647,2.60609,0.5656,6,discharge,1,-10.422,3.474,10.0,9.9,3.7379,3.539,19.0846,10-25-21_16.08_CC_protocol_HPPC_IN21700_30T_cycle_#975.mat
CC,975,0.87647,2.60609,0.5655,6,discharge,2,-20.846,6.949,10.0,9.9,3.7376,3.3606,18.085,10-25-21_16.08_CC_protocol_HPPC_IN21700_30T_cycle_#975.mat
CC,975,0.87647,2.60609,0.5655,6,discharge,3,-29.964,9.988,10.0,9.9,3.7391,3.2137,17.5344,10-25-21_16.08_CC_protocol_HPPC_IN21700_30T_cycle_#975.mat
CC,975,0.87647,2.60609,0.4788,7,discharge,0,-2.607,0.869,10.0,9.9,3.6584,3.6073,19.6033,10-25-21_16.08_CC_protocol_HPPC_IN21700_30T_cycle_#975.mat
CC,975,0.87647,2.60609,0.4788,7,discharge,1,-10.422,3.474,10.0,9.9,3.6587,3.4587,19.1902,10-25-21_16.08_CC_protocol_HPPC_IN21700_30T_cycle_#975.mat
CC,975,0.87647,2.60609,0.4787,7,discharge,2,-20.845,6.948,10.0,9.9,3.6591,3.2754,18.4073,10-25-21_16.08_CC_protocol_HPPC_IN21700_30T_cycle_#975.mat
CC,975,0.87647,2.60609,0.4786,7,discharge,3,-29.966,9.989,10.0,9.9,3.6597,3.1229,17.9136,10-25-21_16.08_CC_protocol_HPPC_IN21700_30T_cycle_#975.mat
CC,975,0.87647,2.60609,0.392,8,discharge,0,-2.607,0.869,10.0,9.9,3.5966,3.5442,20.0997,10-25-21_16.08_CC_protocol_HPPC_IN21700_30T_cycle_#975.mat
CC,975,0.87647,2.60609,0.3919,8,discharge,1,-10.422,3.474,10.0,9.9,3.5971,3.3914,19.7371,10-25-21_16.08_CC_protocol_HPPC_IN21700_30T_cycle_#975.mat
CC,975,0.87647,2.60609,0.3918,8,discharge,2,-20.846,6.949,10.0,9.9,3.5968,3.1997,19.0492,10-25-21_16.08_CC_protocol_HPPC_IN21700_30T_cycle_#975.mat
CC,975,0.87647,2.60609,0.3917,8,discharge,3,-29.965,9.988,10.0,9.9,3.598,3.0385,18.6718,10-25-21_16.08_CC_protocol_HPPC_IN21700_30T_cycle_#975.mat
CC,975,0.87647,2.60609,0.3051,9,discharge,0,-2.607,0.869,10.0,9.9,3.5149,3.4538,23.4387,10-25-21_16.08_CC_protocol_HPPC_IN21700_30T_cycle_#975.mat
CC,975,0.87647,2.60609,0.3051,9,discharge,1,-10.422,3.474,10.0,9.9,3.5156,3.2787,22.7308,10-25-21_16.08_CC_protocol_HPPC_IN21700_30T_cycle_#975.mat
CC,975,0.87647,2.60609,0.305,9,discharge,2,-20.847,6.949,10.0,9.9,3.5179,3.0437,22.7467,10-25-21_16.08_CC_protocol_HPPC_IN21700_30T_cycle_#975.mat
CC,975,0.87647,2.60609,0.3049,9,discharge,3,-29.965,9.988,10.0,9.9,3.519,2.8165,23.444,10-25-21_16.08_CC_protocol_HPPC_IN21700_30T_cycle_#975.mat
CC,975,0.87647,2.60609,0.2617,10,discharge,0,-2.607,0.869,10.0,9.9,3.4634,3.3996,24.4698,10-25-21_16.08_CC_protocol_HPPC_IN21700_30T_cycle_#975.mat
CC,975,0.87647,2.60609,0.2616,10,discharge,1,-10.422,3.474,10.0,9.9,3.4643,3.1987,25.4846,10-25-21_16.08_CC_protocol_HPPC_IN21700_30T_cycle_#975.mat
CC,975,0.87647,2.60609,0.2615,10,discharge,2,-20.846,6.949,10.0,9.9,3.4658,2.8886,27.6888,10-25-21_16.08_CC_protocol_HPPC_IN21700_30T_cycle_#975.mat
CC,975,0.87647,2.60609,0.2615,10,discharge,3,-29.965,9.988,10.0,9.9,3.4658,2.5662,30.0217,10-25-21_16.08_CC_protocol_HPPC_IN21700_30T_cycle_#975.mat
CC,975,0.87647,2.60609,0.2182,11,discharge,0,-2.605,0.868,10.0,9.9,3.4241,3.3505,28.2512,10-25-21_16.08_CC_protocol_HPPC_IN21700_30T_cycle_#975.mat
CC,975,0.87647,2.60609,0.2182,11,discharge,1,-10.422,3.474,10.0,9.9,3.4247,3.0754,33.5156,10-25-21_16.08_CC_protocol_HPPC_IN21700_30T_cycle_#975.mat
CC,975,0.87647,2.60609,0.2181,11,discharge,2,-20.846,6.949,10.0,9.9,3.4269,2.5837,40.449,10-25-21_16.08_CC_protocol_HPPC_IN21700_30T_cycle_#975.mat
CC,975,0.87647,2.60609,0.218,11,discharge,3,-29.891,9.964,10.0,9.9,3.4269,2.4999,31.0127,10-25-21_16.08_CC_protocol_HPPC_IN21700_30T_cycle_#975.mat
CC,975,0.87647,2.60609,0.1748,12,discharge,0,-2.607,0.869,10.0,9.9,3.3772,3.2656,42.8045,10-25-21_16.08_CC_protocol_HPPC_IN21700_30T_cycle_#975.mat
CC,975,0.87647,2.60609,0.1748,12,discharge,1,-10.423,3.474,10.0,9.9,3.3789,2.7413,61.1724,10-25-21_16.08_CC_protocol_HPPC_IN21700_30T_cycle_#975.mat
CC,975,0.87647,2.60609,0.1747,12,discharge,2,-18.586,6.195,10.0,9.9,3.3821,2.4999,47.4658,10-25-21_16.08_CC_protocol_HPPC_IN21700_30T_cycle_#975.mat
CC,975,0.87647,2.60609,0.1746,12,discharge,3,-17.08,5.693,10.0,9.9,3.3828,2.5,51.6862,10-25-21_16.08_CC_protocol_HPPC_IN21700_30T_cycle_#975.mat
CC,1012,0.87107,2.59003,1.0,0,discharge,0,-2.59,0.863,10.0,9.7,4.1291,4.0543,28.877,10-30-21_12.09_CC_protocol_HPPC_IN21700_30T_cycle_#1012.mat
CC,1012,0.87107,2.59003,0.9999,0,discharge,1,-10.358,3.453,10.0,9.9,4.1383,3.8692,25.9799,10-30-21_12.09_CC_protocol_HPPC_IN21700_30T_cycle_#1012.mat
CC,1012,0.87107,2.59003,0.9998,0,discharge,2,-20.717,6.906,10.0,9.9,4.137,3.6831,21.9095,10-30-21_12.09_CC_protocol_HPPC_IN21700_30T_cycle_#1012.mat
CC,1012,0.87107,2.59003,0.9998,0,discharge,3,-29.779,9.926,10.0,9.9,4.1362,3.5378,20.0947,10-30-21_12.09_CC_protocol_HPPC_IN21700_30T_cycle_#1012.mat
CC,1012,0.87107,2.59003,0.9568,1,discharge,0,-2.59,0.863,10.0,9.9,4.0906,4.025,25.3272,10-30-21_12.09_CC_protocol_HPPC_IN21700_30T_cycle_#1012.mat
CC,1012,0.87107,2.59003,0.9567,1,discharge,1,-10.36,3.453,10.0,9.9,4.0909,3.858,22.4807,10-30-21_12.09_CC_protocol_HPPC_IN21700_30T_cycle_#1012.mat
CC,1012,0.87107,2.59003,0.9567,1,discharge,2,-20.716,6.905,10.0,9.9,4.0912,3.6699,20.3369,10-30-21_12.09_CC_protocol_HPPC_IN21700_30T_cycle_#1012.mat
CC,1012,0.87107,2.59003,0.9566,1,discharge,3,-29.78,9.927,10.0,9.9,4.0921,3.5142,19.4056,10-30-21_12.09_CC_protocol_HPPC_IN21700_30T_cycle_#1012.mat
CC,1012,0.87107,2.59003,0.9137,2,discharge,0,-2.591,0.864,10.0,9.9,4.0768,4.0136,24.3959,10-30-21_12.09_CC_protocol_HPPC_IN21700_30T_cycle_#1012.mat
CC,1012,0.87107,2.59003,0.9136,2,discharge,1,-10.359,3.453,10.0,9.9,4.0764,3.8402,22.8014,10-30-21_12.09_CC_protocol_HPPC_IN21700_30T_cycle_#1012.mat
CC,1012,0.87107,2.59003,0.9135,2,discharge,2,-20.717,6.906,10.0,9.9,4.0774,3.646,20.8235,10-30-21_12.09_CC_protocol_HPPC_IN21700_30T_cycle_#1012.mat
CC,1012,0.87107,2.59003,0.9134,2,discharge,3,-29.779,9.926,10.0,9.9,4.0783,3.4948,19.5943,10-30-21_12.09_CC_protocol_HPPC_IN21700_30T_cycle_#1012.mat
CC,1012,0.87107,2.59003,0.8273,3,discharge,0,-2.591,0.864,10.0,9.9,4.0042,3.9409,24.4354,10-30-21_12.09_CC_protocol_HPPC_IN21700_30T_cycle_#1012.mat
CC,1012,0.87107,2.59003,0.8273,3,discharge,1,-10.358,3.453,10.0,9.9,4.0053,3.7711,22.6105,10-30-21_12.09_CC_protocol_HPPC_IN21700_30T_cycle_#1012.mat
CC,1012,0.87107,2.59003,0.8272,3,discharge,2,-20.715,6.905,10.0,9.9,4.0057,3.5873,20.1979,10-30-21_12.09_CC_protocol_HPPC_IN21700_30T_cycle_#1012.mat
CC,1012,0.87107,2.59003,0.8271,3,discharge,3,-29.778,9.926,10.0,9.9,4.0077,3.4425,18.9805,10-30-21_12.09_CC_protocol_HPPC_IN21700_30T_cycle_#1012.mat
CC,1012,0.87107,2.59003,0.741,4,discharge,0,-2.59,0.863,10.0,9.9,3.9141,3.8544,23.0466,10-30-21_12.09_CC_protocol_HPPC_IN21700_30T_cycle_#1012.mat
CC,1012,0.87107,2.59003,0.741,4,discharge,1,-10.359,3.453,10.0,9.9,3.9136,3.6948,21.1217,10-30-21_12.09_CC_protocol_HPPC_IN21700_30T_cycle_#1012.mat
CC,1012,0.87107,2.59003,0.7409,4,discharge,2,-20.716,6.905,10.0,9.9,3.9149,3.515,19.3039,10-30-21_12.09_CC_protocol_HPPC_IN21700_30T_cycle_#1012.mat
CC,1012,0.87107,2.59003,0.7408,4,discharge,3,-29.78,9.927,10.0,9.9,3.9155,3.3684,18.3714,10-30-21_12.09_CC_protocol_HPPC_IN21700_30T_cycle_#1012.mat
CC,1012,0.87107,2.59003,0.6547,5,discharge,0,-2.591,0.864,10.0,9.9,3.8255,3.7708,21.1132,10-30-21_12.09_CC_protocol_HPPC_IN21700_30T_cycle_#1012.mat
CC,1012,0.87107,2.59003,0.6546,5,discharge,1,-10.359,3.453,10.0,9.9,3.8255,3.6211,19.7316,10-30-21_12.09_CC_protocol_HPPC_IN21700_30T_cycle_#1012.mat
CC,1012,0.87107,2.59003,0.6545,5,discharge,2,-20.717,6.906,10.0,9.9,3.8257,3.4404,18.5983,10-30-21_12.09_CC_protocol_HPPC_IN21700_30T_cycle_#1012.mat
CC,1012,0.87107,2.59003,0.6545,5,discharge,3,-29.779,9.926,10.0,9.9,3.8257,3.2929,17.8918,10-30-21_12.09_CC_protocol_HPPC_IN21700_30T_cycle_#1012.mat
CC,1012,0.87107,2.59003,0.5684,6,discharge,0,-2.591,0.864,10.0,9.9,3.737,3.6855,19.878,10-30-21_12.09_CC_protocol_HPPC_IN21700_30T_cycle_#1012.mat
CC,1012,0.87107,2.59003,0.5683,6,discharge,1,-10.359,3.453,10.0,9.9,3.7384,3.5323,19.8957,10-30-21_12.09_CC_protocol_HPPC_IN21700_30T_cycle_#1012.mat
CC,1012,0.87107,2.59003,0.5682,6,discharge,2,-20.717,6.906,10.0,9.9,3.739,3.3476,18.8927,10-30-21_12.09_CC_protocol_HPPC_IN21700_30T_cycle_#1012.mat
CC,1012,0.87107,2.59003,0.5682,6,discharge,3,-29.779,9.926,10.0,9.9,3.7394,3.1959,18.2511,10-30-21_12.09_CC_protocol_HPPC_IN21700_30T_cycle_#1012.mat
CC,1012,0.87107,2.59003,0.4821,7,discharge,0,-2.591,0.864,10.0,9.9,3.6591,3.607,20.1088,10-30-21_12.09_CC_protocol_HPPC_IN21700_30T_cycle_#1012.mat
CC,1012,0.87107,2.59003,0.482,7,discharge,1,-10.359,3.453,10.0,9.9,3.6595,3.4557,19.6737,10-30-21_12.09_CC_protocol_HPPC_IN21700_30T_cycle_#1012.mat
CC,1012,0.87107,2.59003,0.4819,7,discharge,2,-20.717,6.906,10.0,9.9,3.6591,3.271,18.7334,10-30-21_12.09_CC_protocol_HPPC_IN21700_30T_cycle_#1012.mat
CC,1012,0.87107,2.59003,0.4818,7,discharge,3,-29.779,9.926,10.0,9.9,3.6604,3.1184,18.2007,10-30-21_12.09_CC_protocol_HPPC_IN21700_30T_cycle_#1012.mat
CC,1012,0.87107,2.59003,0.3957,8,discharge,0,-2.589,0.863,10.0,9.9,3.5974,3.5447,20.3561,10-30-21_12.09_CC_protocol_HPPC_IN21700_30T_cycle_#1012.mat
CC,1012,0.87107,2.59003,0.3957,8,discharge,1,-10.359,3.453,10.0,9.9,3.5977,3.391,19.9537,10-30-21_12.09_CC_protocol_HPPC_IN21700_30T_cycle_#1012.mat
CC,1012,0.87107,2.59003,0.3956,8,discharge,2,-20.717,6.906,10.0,9.9,3.5984,3.1957,19.4381,10-30-21_12.09_CC_protocol_HPPC_IN21700_30T_cycle_#1012.mat
CC,1012,0.87107,2.59003,0.3955,8,discharge,3,-29.779,9.926,10.0,9.9,3.5988,3.0234,19.3223,10-30-21_12.09_CC_protocol_HPPC_IN21700_30T_cycle_#1012.mat
CC,1012,0.87107,2.59003,0.3094,9,discharge,0,-2.589,0.863,10.0,9.9,3.5164,3.4555,23.5217,10-30-21_12.09_CC_protocol_HPPC_IN21700_30T_cycle_#1012.mat
CC,1012,0.87107,2.59003,0.3094,9,discharge,1,-10.359,3.453,10.0,9.9,3.5171,3.2773,23.149,10-30-21_12.09_CC_protocol_HPPC_IN21700_30T_cycle_#1012.mat
CC,1012,0.87107,2.59003,0.3093,9,discharge,2,-20.716,6.905,10.0,9.9,3.5192,3.0381,23.2236,10-30-21_12.09_CC_protocol_HPPC_IN21700_30T_cycle_#1012.mat
CC,1012,0.87107,2.59003,0.3092,9,discharge,3,-29.78,9.927,10.0,9.9,3.5204,2.8092,23.8818,10-30-21_12.09_CC_protocol_HPPC_IN21700_30T_cycle_#1012.mat
CC,1012,0.87107,2.59003,0.2663,10,discharge,0,-2.589,0.863,10.0,9.9,3.466,3.4012,25.029,10-30-21_12.09_CC_protocol_HPPC_IN21700_30T_cycle_#1012.mat
CC,1012,0.87107,2.59003,0.2662,10,discharge,1,-10.359,3.453,10.0,9.9,3.4664,3.2002,25.6975,10-30-21_12.09_CC_protocol_HPPC_IN21700_30T_cycle_#1012.mat
CC,1012,0.87107,2.59003,0.2661,10,discharge,2,-20.716,6.905,10.0,9.9,3.4677,2.8951,27.6405,10-30-21_12.09_CC_protocol_HPPC_IN21700_30T_cycle_#1012.mat
CC,1012,0.87107,2.59003,0.266,10,discharge,3,-29.779,9.926,10.0,9.9,3.4673,2.581,29.7626,10-30-21_12.09_CC_protocol_HPPC_IN21700_30T_cycle_#1012.mat
CC,1012,0.87107,2.59003,0.2231,11,discharge,0,-2.589,0.863,10.0,9.9,3.4257,3.3478,30.0842,10-30-21_12.09_CC_protocol_HPPC_IN21700_30T_cycle_#1012.mat
CC,1012,0.87107,2.59003,0.223,11,discharge,1,-10.358,3.453,10.0,9.9,3.4264,3.058,35.5667,10-30-21_12.09_CC_protocol_HPPC_IN21700_30T_cycle_#1012.mat
CC,1012,0.87107,2.59003,0.223,11,discharge,2,-20.716,6.905,10.0,9.9,3.4285,2.5499,42.4117,10-30-21_12.09_CC_protocol_HPPC_IN21700_30T_cycle_#1012.mat
CC,1012,0.87107,2.59003,0.2229,11,discharge,3,-29.517,9.839,10.0,9.9,3.4284,2.4999,31.4564,10-30-21_12.09_CC_protocol_HPPC_IN21700_30T_cycle_#1012.mat
CC,1012,0.87107,2.59003,0.1799,12,discharge,0,-2.589,0.863,10.0,9.9,3.3807,3.2688,43.2163,10-30-21_12.09_CC_protocol_HPPC_IN21700_30T_cycle_#1012.mat
CC,1012,0.87107,2.59003,0.1799,12,discharge,1,-10.36,3.453,10.0,9.9,3.3823,2.7552,60.5309,10-30-21_12.09_CC_protocol_HPPC_IN21700_30T_cycle_#1012.mat
CC,1012,0.87107,2.59003,0.1798,12,discharge,2,-18.909,6.303,10.0,9.9,3.3862,2.4999,46.8719,10-30-21_12.09_CC_protocol_HPPC_IN21700_30T_cycle_#1012.mat
CC,1012,0.87107,2.59003,0.1797,12,discharge,3,-17.477,5.826,10.0,9.9,3.3864,2.4999,50.7238,10-30-21_12.09_CC_protocol_HPPC_IN21700_30T_cycle_#1012.mat
CC,1050,0.86691,2.57766,1.0,0,discharge,0,-2.578,0.859,10.0,9.7,4.1274,4.0505,29.8259,11-05-21_19.53_CC_protocol_HPPC_IN21700_30T_cycle_#1050.mat
CC,1050,0.86691,2.57766,0.9999,0,discharge,1,-10.312,3.437,10.0,9.9,4.1366,3.8633,26.5031,11-05-21_19.53_CC_protocol_HPPC_IN21700_30T_cycle_#1050.mat
CC,1050,0.86691,2.57766,0.9998,0,discharge,2,-20.625,6.875,10.0,9.9,4.1353,3.6756,22.2885,11-05-21_19.53_CC_protocol_HPPC_IN21700_30T_cycle_#1050.mat
CC,1050,0.86691,2.57766,0.9998,0,discharge,3,-29.647,9.882,10.0,9.9,4.1346,3.5294,20.4135,11-05-21_19.53_CC_protocol_HPPC_IN21700_30T_cycle_#1050.mat
CC,1050,0.86691,2.57766,0.957,1,discharge,0,-2.577,0.859,10.0,9.9,4.0897,4.0198,27.1214,11-05-21_19.53_CC_protocol_HPPC_IN21700_30T_cycle_#1050.mat
CC,1050,0.86691,2.57766,0.9569,1,discharge,1,-10.312,3.437,10.0,9.9,4.0899,3.8435,23.8945,11-05-21_19.53_CC_protocol_HPPC_IN21700_30T_cycle_#1050.mat
CC,1050,0.86691,2.57766,0.9569,1,discharge,2,-20.624,6.875,10.0,9.9,4.0904,3.6517,21.2713,11-05-21_19.53_CC_protocol_HPPC_IN21700_30T_cycle_#1050.mat
CC,1050,0.86691,2.57766,0.9568,1,discharge,3,-29.649,9.883,10.0,9.9,4.0912,3.4997,19.9501,11-05-21_19.53_CC_protocol_HPPC_IN21700_30T_cycle_#1050.mat
CC,1050,0.86691,2.57766,0.914,2,discharge,0,-2.579,0.86,10.0,9.9,4.0754,4.0107,25.0902,11-05-21_19.53_CC_protocol_HPPC_IN21700_30T_cycle_#1050.mat
CC,1050,0.86691,2.57766,0.914,2,discharge,1,-10.314,3.438,10.0,9.9,4.0764,3.8329,23.6087,11-05-21_19.53_CC_protocol_HPPC_IN21700_30T_cycle_#1050.mat
CC,1050,0.86691,2.57766,0.9139,2,discharge,2,-20.623,6.874,10.0,9.9,4.0769,3.6372,21.3209,11-05-21_19.53_CC_protocol_HPPC_IN21700_30T_cycle_#1050.mat
CC,1050,0.86691,2.57766,0.9138,2,discharge,3,-29.647,9.882,10.0,9.9,4.078,3.4856,19.9818,11-05-21_19.53_CC_protocol_HPPC_IN21700_30T_cycle_#1050.mat
CC,1050,0.86691,2.57766,0.8281,3,discharge,0,-2.579,0.86,10.0,9.9,4.0016,3.9375,24.8594,11-05-21_19.53_CC_protocol_HPPC_IN21700_30T_cycle_#1050.mat
CC,1050,0.86691,2.57766,0.828,3,discharge,1,-10.312,3.437,10.0,9.9,4.0027,3.7649,23.0605,11-05-21_19.53_CC_protocol_HPPC_IN21700_30T_cycle_#1050.mat
CC,1050,0.86691,2.57766,0.828,3,discharge,2,-20.623,6.874,10.0,9.9,4.0039,3.5739,20.8505,11-05-21_19.53_CC_protocol_HPPC_IN21700_30T_cycle_#1050.mat
CC,1050,0.86691,2.57766,0.8279,3,discharge,3,-29.648,9.883,10.0,9.9,4.0049,3.4213,19.6843,11-05-21_19.53_CC_protocol_HPPC_IN21700_30T_cycle_#1050.mat
CC,1050,0.86691,2.57766,0.7422,4,discharge,0,-2.579,0.86,10.0,9.9,3.9126,3.8514,23.731,11-05-21_19.53_CC_protocol_HPPC_IN21700_30T_cycle_#1050.mat
CC,1050,0.86691,2.57766,0.7421,4,discharge,1,-10.312,3.437,10.0,9.9,3.9131,3.6888,21.7514,11-05-21_19.53_CC_protocol_HPPC_IN21700_30T_cycle_#1050.mat
CC,1050,0.86691,2.57766,0.742,4,discharge,2,-20.623,6.874,10.0,9.9,3.9129,3.5064,19.711,11-05-21_19.53_CC_protocol_HPPC_IN21700_30T_cycle_#1050.mat
CC,1050,0.86691,2.57766,0.7419,4,discharge,3,-29.647,9.882,10.0,9.9,3.9141,3.3587,18.7338,11-05-21_19.53_CC_protocol_HPPC_IN21700_30T_cycle_#1050.mat
CC,1050,0.86691,2.57766,0.6562,5,discharge,0,-2.577,0.859,10.0,9.9,3.8235,3.7689,21.1862,11-05-21_19.53_CC_protocol_HPPC_IN21700_30T_cycle_#1050.mat
CC,1050,0.86691,2.57766,0.6561,5,discharge,1,-10.313,3.438,10.0,9.9,3.8237,3.6181,19.936,11-05-21_19.53_CC_protocol_HPPC_IN21700_30T_cycle_#1050.mat
CC,1050,0.86691,2.57766,0.6561,5,discharge,2,-20.624,6.875,10.0,9.9,3.8239,3.4355,18.8324,11-05-21_19.53_CC_protocol_HPPC_IN21700_30T_cycle_#1050.mat
CC,1050,0.86691,2.57766,0.656,5,discharge,3,-29.646,9.882,10.0,9.9,3.8237,3.2762,18.4679,11-05-21_19.53_CC_protocol_HPPC_IN21700_30T_cycle_#1050.mat
CC,1050,0.86691,2.57766,0.5703,6,discharge,0,-2.578,0.859,10.0,9.9,3.7359,3.6813,21.1817,11-05-21_19.53_CC_protocol_HPPC_IN21700_30T_cycle_#1050.mat
CC,1050,0.86691,2.57766,0.5702,6,discharge,1,-10.312,3.437,10.0,9.9,3.7366,3.5248,20.5392,11-05-21_19.53_CC_protocol_HPPC_IN21700_30T_cycle_#1050.mat
CC,1050,0.86691,2.57766,0.5701,6,discharge,2,-20.623,6.874,10.0,9.9,3.7372,3.3378,19.3667,11-05-21_19.53_CC_protocol_HPPC_IN21700_30T_cycle_#1050.mat
CC,1050,0.86691,2.57766,0.57,6,discharge,3,-29.647,9.882,10.0,9.9,3.7378,3.1844,18.6663,11-05-21_19.53_CC_protocol_HPPC_IN21700_30T_cycle_#1050.mat
CC,1050,0.86691,2.57766,0.4844,7,discharge,0,-2.579,0.86,10.0,9.9,3.6582,3.6052,20.5522,11-05-21_19.53_CC_protocol_HPPC_IN21700_30T_cycle_#1050.mat
CC,1050,0.86691,2.57766,0.4843,7,discharge,1,-10.313,3.438,10.0,9.9,3.6587,3.4523,20.0136,11-05-21_19.53_CC_protocol_HPPC_IN21700_30T_cycle_#1050.mat
CC,1050,0.86691,2.57766,0.4842,7,discharge,2,-20.624,6.875,10.0,9.9,3.6591,3.2666,19.0312,11-05-21_19.53_CC_protocol_HPPC_IN21700_30T_cycle_#1050.mat
CC,1050,0.86691,2.57766,0.4841,7,discharge,3,-29.647,9.882,10.0,9.9,3.6598,3.1138,18.4167,11-05-21_19.53_CC_protocol_HPPC_IN21700_30T_cycle_#1050.mat
CC,1050,0.86691,2.57766,0.3984,8,discharge,0,-2.578,0.859,10.0,9.9,3.5957,3.5407,21.3377,11-05-21_19.53_CC_protocol_HPPC_IN21700_30T_cycle_#1050.mat
CC,1050,0.86691,2.57766,0.3984,8,discharge,1,-10.313,3.438,10.0,9.9,3.5963,3.3785,21.119,11-05-21_19.53_CC_protocol_HPPC_IN21700_30T_cycle_#1050.mat
CC,1050,0.86691,2.57766,0.3983,8,discharge,2,-20.624,6.875,10.0,9.9,3.5969,3.1777,20.3258,11-05-21_19.53_CC_protocol_HPPC_IN21700_30T_cycle_#1050.mat
CC,1050,0.86691,2.57766,0.3982,8,discharge,3,-29.646,9.882,10.0,9.9,3.598,3.0085,19.8846,11-05-21_19.53_CC_protocol_HPPC_IN21700_30T_cycle_#1050.mat
CC,1050,0.86691,2.57766,0.3125,9,discharge,0,-2.579,0.86,10.0,9.9,3.5157,3.4528,24.3921,11-05-21_19.53_CC_protocol_HPPC_IN21700_30T_cycle_#1050.mat
CC,1050,0.86691,2.57766,0.3124,9,discharge,1,-10.313,3.438,10.0,9.9,3.5155,3.2704,23.7661,11-05-21_19.53_CC_protocol_HPPC_IN21700_30T_cycle_#1050.mat
CC,1050,0.86691,2.57766,0.3123,9,discharge,2,-20.625,6.875,10.0,9.9,3.5184,3.0269,23.8303,11-05-21_19.53_CC_protocol_HPPC_IN21700_30T_cycle_#1050.mat
CC,1050,0.86691,2.57766,0.3123,9,discharge,3,-29.648,9.883,10.0,9.9,3.5198,2.7961,24.4097,11-05-21_19.53_CC_protocol_HPPC_IN21700_30T_cycle_#1050.mat
CC,1050,0.86691,2.57766,0.2695,10,discharge,0,-2.578,0.859,10.0,9.9,3.4656,3.3973,26.4934,11-05-21_19.53_CC_protocol_HPPC_IN21700_30T_cycle_#1050.mat
CC,1050,0.86691,2.57766,0.2694,10,discharge,1,-10.313,3.438,10.0,9.9,3.466,3.1837,27.3732,11-05-21_19.53_CC_protocol_HPPC_IN21700_30T_cycle_#1050.mat
CC,1050,0.86691,2.57766,0.2694,10,discharge,2,-20.624,6.875,10.0,9.9,3.4672,2.8591,29.4851,11-05-21_19.53_CC_protocol_HPPC_IN21700_30T_cycle_#1050.mat
CC,1050,0.86691,2.57766,0.2693,10,discharge,3,-29.649,9.883,10.0,9.9,3.4675,2.5202,31.9505,11-05-21_19.53_CC_protocol_HPPC_IN21700_30T_cycle_#1050.mat
CC,1050,0.86691,2.57766,0.2265,11,discharge,0,-2.579,0.86,10.0,9.9,3.4252,3.3445,31.2888,11-05-21_19.53_CC_protocol_HPPC_IN21700_30T_cycle_#1050.mat
CC,1050,0.86691,2.57766,0.2265,11,discharge,1,-10.313,3.438,10.0,9.9,3.426,3.0434,37.0988,11-05-21_19.53_CC_protocol_HPPC_IN21700_30T_cycle_#1050.mat
CC,1050,0.86691,2.57766,0.2264,11,discharge,2,-20.624,6.875,10.0,9.9,3.4282,2.5256,43.7645,11-05-21_19.53_CC_protocol_HPPC_IN21700_30T_cycle_#1050.mat
CC,1050,0.86691,2.57766,0.2263,11,discharge,3,-28.984,9.661,10.0,9.9,3.4276,2.4999,32.0073,11-05-21_19.53_CC_protocol_HPPC_IN21700_30T_cycle_#1050.mat
CC,1050,0.86691,2.57766,0.1836,12,discharge,0,-2.578,0.859,10.0,9.9,3.3799,3.2682,43.3332,11-05-21_19.53_CC_protocol_HPPC_IN21700_30T_cycle_#1050.mat
CC,1050,0.86691,2.57766,0.1835,12,discharge,1,-10.313,3.438,10.0,9.9,3.3822,2.7596,60.3704,11-05-21_19.53_CC_protocol_HPPC_IN21700_30T_cycle_#1050.mat
CC,1050,0.86691,2.57766,0.1834,12,discharge,2,-18.631,6.21,10.0,9.9,3.3864,2.5,47.5766,11-05-21_19.53_CC_protocol_HPPC_IN21700_30T_cycle_#1050.mat
CC,1050,0.86691,2.57766,0.1834,12,discharge,3,-16.801,5.6,10.0,9.9,3.3867,2.5,52.7766,11-05-21_19.53_CC_protocol_HPPC_IN21700_30T_cycle_#1050.mat
CC,1087,0.86118,2.56064,1.0,0,discharge,0,-2.563,0.854,10.0,9.7,4.126,4.0459,31.2537,11-11-21_03.39_CC_protocol_HPPC_IN21700_30T_cycle_#1087.mat
CC,1087,0.86118,2.56064,0.9999,0,discharge,1,-10.249,3.416,10.0,9.9,4.1353,3.8537,27.4759,11-11-21_03.39_CC_protocol_HPPC_IN21700_30T_cycle_#1087.mat
CC,1087,0.86118,2.56064,0.9998,0,discharge,2,-20.497,6.832,10.0,9.9,4.1339,3.6623,23.0082,11-11-21_03.39_CC_protocol_HPPC_IN21700_30T_cycle_#1087.mat
CC,1087,0.86118,2.56064,0.9998,0,discharge,3,-29.464,9.821,10.0,9.9,4.1331,3.5125,21.063,11-11-21_03.39_CC_protocol_HPPC_IN21700_30T_cycle_#1087.mat
CC,1087,0.86118,2.56064,0.9573,1,discharge,0,-2.563,0.854,10.0,9.9,4.0893,4.0186,27.5892,11-11-21_03.39_CC_protocol_HPPC_IN21700_30T_cycle_#1087.mat
CC,1087,0.86118,2.56064,0.9572,1,discharge,1,-10.249,3.416,10.0,9.9,4.0887,3.8427,24.0023,11-11-21_03.39_CC_protocol_HPPC_IN21700_30T_cycle_#1087.mat
CC,1087,0.86118,2.56064,0.9571,1,discharge,2,-20.497,6.832,10.0,9.9,4.0899,3.6517,21.3787,11-11-21_03.39_CC_protocol_HPPC_IN21700_30T_cycle_#1087.mat
CC,1087,0.86118,2.56064,0.9571,1,discharge,3,-29.463,9.821,10.0,9.9,4.0909,3.5011,20.0183,11-11-21_03.39_CC_protocol_HPPC_IN21700_30T_cycle_#1087.mat
CC,1087,0.86118,2.56064,0.9146,2,discharge,0,-2.563,0.854,10.0,9.9,4.0757,4.0075,26.6094,11-11-21_03.39_CC_protocol_HPPC_IN21700_30T_cycle_#1087.mat
CC,1087,0.86118,2.56064,0.9145,2,discharge,1,-10.249,3.416,10.0,9.9,4.076,3.8247,24.5195,11-11-21_03.39_CC_protocol_HPPC_IN21700_30T_cycle_#1087.mat
CC,1087,0.86118,2.56064,0.9144,2,discharge,2,-20.497,6.832,10.0,9.9,4.0765,3.6252,22.0179,11-11-21_03.39_CC_protocol_HPPC_IN21700_30T_cycle_#1087.mat
CC,1087,0.86118,2.56064,0.9144,2,discharge,3,-29.464,9.821,10.0,9.9,4.0774,3.4702,20.6082,11-11-21_03.39_CC_protocol_HPPC_IN21700_30T_cycle_#1087.mat
CC,1087,0.86118,2.56064,0.8292,3,discharge,0,-2.562,0.854,10.0,9.9,3.9985,3.9316,26.1073,11-11-21_03.39_CC_protocol_HPPC_IN21700_30T_cycle_#1087.mat
CC,1087,0.86118,2.56064,0.8291,3,discharge,1,-10.249,3.416,10.0,9.9,3.9996,3.7554,23.8267,11-11-21_03.39_CC_protocol_HPPC_IN21700_30T_cycle_#1087.mat
CC,1087,0.86118,2.56064,0.829,3,discharge,2,-20.499,6.833,10.0,9.9,4.0009,3.5664,21.1962,11-11-21_03.39_CC_protocol_HPPC_IN21700_30T_cycle_#1087.mat
CC,1087,0.86118,2.56064,0.8289,3,discharge,3,-29.465,9.822,10.0,9.9,4.0021,3.418,19.8235,11-11-21_03.39_CC_protocol_HPPC_IN21700_30T_cycle_#1087.mat
CC,1087,0.86118,2.56064,0.7438,4,discharge,0,-2.563,0.854,10.0,9.9,3.9109,3.8483,24.4255,11-11-21_03.39_CC_protocol_HPPC_IN21700_30T_cycle_#1087.mat
CC,1087,0.86118,2.56064,0.7437,4,discharge,1,-10.249,3.416,10.0,9.9,3.9114,3.6822,22.3632,11-11-21_03.39_CC_protocol_HPPC_IN21700_30T_cycle_#1087.mat
CC,1087,0.86118,2.56064,0.7436,4,discharge,2,-20.496,6.832,10.0,9.9,3.912,3.4963,20.282,11-11-21_03.39_CC_protocol_HPPC_IN21700_30T_cycle_#1087.mat
CC,1087,0.86118,2.56064,0.7435,4,discharge,3,-29.465,9.822,10.0,9.9,3.9124,3.3457,19.233,11-11-21_03.39_CC_protocol_HPPC_IN21700_30T_cycle_#1087.mat
CC,1087,0.86118,2.56064,0.6584,5,discharge,0,-2.561,0.854,10.0,9.9,3.8205,3.7645,21.8665,11-11-21_03.39_CC_protocol_HPPC_IN21700_30T_cycle_#1087.mat
CC,1087,0.86118,2.56064,0.6583,5,discharge,1,-10.249,3.416,10.0,9.9,3.8214,3.6078,20.8411,11-11-21_03.39_CC_protocol_HPPC_IN21700_30T_cycle_#1087.mat
CC,1087,0.86118,2.56064,0.6582,5,discharge,2,-20.496,6.832,10.0,9.9,3.8218,3.422,19.5062,11-11-21_03.39_CC_protocol_HPPC_IN21700_30T_cycle_#1087.mat
CC,1087,0.86118,2.56064,0.6581,5,discharge,3,-29.464,9.821,10.0,9.9,3.8219,3.2711,18.694,11-11-21_03.39_CC_protocol_HPPC_IN21700_30T_cycle_#1087.mat
CC,1087,0.86118,2.56064,0.573,6,discharge,0,-2.563,0.854,10.0,9.9,3.7348,3.6787,21.885,11-11-21_03.39_CC_protocol_HPPC_IN21700_30T_cycle_#1087.mat
CC,1087,0.86118,2.56064,0.5729,6,discharge,1,-10.249,3.416,10.0,9.9,3.7353,3.5186,21.1435,11-11-21_03.39_CC_protocol_HPPC_IN21700_30T_cycle_#1087.mat
CC,1087,0.86118,2.56064,0.5728,6,discharge,2,-20.496,6.832,10.0,9.9,3.736,3.3288,19.8673,11-11-21_03.39_CC_protocol_HPPC_IN21700_30T_cycle_#1087.mat
CC,1087,0.86118,2.56064,0.5727,6,discharge,3,-29.464,9.821,10.0,9.9,3.7358,3.1732,19.0945,11-11-21_03.39_CC_protocol_HPPC_IN21700_30T_cycle_#1087.mat
CC,1087,0.86118,2.56064,0.4875,7,discharge,0,-2.564,0.855,10.0,9.9,3.6574,3.6025,21.4152,11-11-21_03.39_CC_protocol_HPPC_IN21700_30T_cycle_#1087.mat
CC,1087,0.86118,2.56064,0.4875,7,discharge,1,-10.249,3.416,10.0,9.91,3.6577,3.4445,20.802,11-11-21_03.39_CC_protocol_HPPC_IN21700_30T_cycle_#1087.mat
CC,1087,0.86118,2.56064,0.4874,7,discharge,2,-20.498,6.833,10.0,9.9,3.6583,3.254,19.7239,11-11-21_03.39_CC_protocol_HPPC_IN21700_30T_cycle_#1087.mat
CC,1087,0.86118,2.56064,0.4873,7,discharge,3,-29.465,9.822,10.0,9.9,3.6592,3.0978,19.0531,11-11-21_03.39_CC_protocol_HPPC_IN21700_30T_cycle_#1087.mat
CC,1087,0.86118,2.56064,0.4021,8,discharge,0,-2.563,0.854,10.0,9.9,3.5952,3.539,21.924,11-11-21_03.39_CC_protocol_HPPC_IN21700_30T_cycle_#1087.mat
CC,1087,0.86118,2.56064,0.402,8,discharge,1,-10.249,3.416,10.0,9.9,3.5965,3.3724,21.8655,11-11-21_03.39_CC_protocol_HPPC_IN21700_30T_cycle_#1087.mat
CC,1087,0.86118,2.56064,0.402,8,discharge,2,-20.497,6.832,10.0,9.9,3.5971,3.168,20.9348,11-11-21_03.39_CC_protocol_HPPC_IN21700_30T_cycle_#1087.mat
CC,1087,0.86118,2.56064,0.4019,8,discharge,3,-29.464,9.821,10.0,9.9,3.5976,2.9951,20.4487,11-11-21_03.39_CC_protocol_HPPC_IN21700_30T_cycle_#1087.mat
CC,1087,0.86118,2.56064,0.3167,9,discharge,0,-2.562,0.854,10.0,9.9,3.515,3.4499,25.4148,11-11-21_03.39_CC_protocol_HPPC_IN21700_30T_cycle_#1087.mat
CC,1087,0.86118,2.56064,0.3167,9,discharge,1,-10.248,3.416,10.0,9.9,3.5157,3.261,24.8536,11-11-21_03.39_CC_protocol_HPPC_IN21700_30T_cycle_#1087.mat
CC,1087,0.86118,2.56064,0.3166,9,discharge,2,-20.497,6.832,10.0,9.9,3.5176,3.0098,24.7744,11-11-21_03.39_CC_protocol_HPPC_IN21700_30T_cycle_#1087.mat
CC,1087,0.86118,2.56064,0.3165,9,discharge,3,-29.466,9.822,10.0,9.9,3.5192,2.7707,25.4022,11-11-21_03.39_CC_protocol_HPPC_IN21700_30T_cycle_#1087.mat
CC,1087,0.86118,2.56064,0.274,10,discharge,0,-2.562,0.854,10.0,9.9,3.4653,3.397,26.663,11-11-21_03.39_CC_protocol_HPPC_IN21700_30T_cycle_#1087.mat
CC,1087,0.86118,2.56064,0.274,10,discharge,1,-10.249,3.416,10.0,9.9,3.4658,3.1829,27.6027,11-11-21_03.39_CC_protocol_HPPC_IN21700_30T_cycle_#1087.mat
CC,1087,0.86118,2.56064,0.2739,10,discharge,2,-20.497,6.832,10.0,9.9,3.4671,2.8491,30.1508,11-11-21_03.39_CC_protocol_HPPC_IN21700_30T_cycle_#1087.mat
CC,1087,0.86118,2.56064,0.2738,10,discharge,3,-29.464,9.821,10.0,9.9,3.4667,2.4997,32.8197,11-11-21_03.39_CC_protocol_HPPC_IN21700_30T_cycle_#1087.mat
CC,1087,0.86118,2.56064,0.2313,11,discharge,0,-2.562,0.854,10.0,9.9,3.4256,3.3417,32.7504,11-11-21_03.39_CC_protocol_HPPC_IN21700_30T_cycle_#1087.mat
CC,1087,0.86118,2.56064,0.2313,11,discharge,1,-10.25,3.417,10.0,9.9,3.4262,3.029,38.7512,11-11-21_03.39_CC_protocol_HPPC_IN21700_30T_cycle_#1087.mat
CC,1087,0.86118,2.56064,0.2311,11,discharge,2,-20.496,6.832,10.0,9.9,3.4286,2.5014,45.2381,11-11-21_03.39_CC_protocol_HPPC_IN21700_30T_cycle_#1087.mat
CC,1087,0.86118,2.56064,0.2311,11,discharge,3,-28.217,9.406,10.0,9.9,3.4286,2.4999,32.9128,11-11-21_03.39_CC_protocol_HPPC_IN21700_30T_cycle_#1087.mat
CC,1087,0.86118,2.56064,0.1886,12,discharge,0,-2.564,0.855,10.0,9.9,3.3813,3.2632,46.0662,11-11-21_03.39_CC_protocol_HPPC_IN21700_30T_cycle_#1087.mat
CC,1087,0.86118,2.56064,0.1886,12,discharge,1,-10.249,3.416,10.0,9.9,3.3827,2.7433,62.3866,11-11-21_03.39_CC_protocol_HPPC_IN21700_30T_cycle_#1087.mat
CC,1087,0.86118,2.56064,0.1885,12,discharge,2,-18.639,6.213,10.0,9.9,3.3869,2.4999,47.5871,11-11-21_03.39_CC_protocol_HPPC_IN21700_30T_cycle_#1087.mat
CC,1087,0.86118,2.56064,0.1884,12,discharge,3,-17.211,5.737,10.0,9.9,3.3873,2.4999,51.56,11-11-21_03.39_CC_protocol_HPPC_IN21700_30T_cycle_#1087.mat
CC,1125,0.85578,2.54457,1.0,0,discharge,0,-2.545,0.848,10.0,9.7,4.1242,4.0425,32.1009,11-18-21_19.58_CC_protocol_HPPC_IN21700_30T_cycle_#1125.mat
CC,1125,0.85578,2.54457,0.9999,0,discharge,1,-10.178,3.393,10.0,9.9,4.1334,3.8499,27.8542,11-18-21_19.58_CC_protocol_HPPC_IN21700_30T_cycle_#1125.mat
CC,1125,0.85578,2.54457,0.9998,0,discharge,2,-20.355,6.785,10.0,9.9,4.1319,3.6581,23.2768,11-18-21_19.58_CC_protocol_HPPC_IN21700_30T_cycle_#1125.mat
CC,1125,0.85578,2.54457,0.9998,0,discharge,3,-29.258,9.753,10.0,9.9,4.1313,3.509,21.2694,11-18-21_19.58_CC_protocol_HPPC_IN21700_30T_cycle_#1125.mat
CC,1125,0.85578,2.54457,0.9576,1,discharge,0,-2.545,0.848,10.0,9.9,4.0883,4.0126,29.7434,11-18-21_19.58_CC_protocol_HPPC_IN21700_30T_cycle_#1125.mat
CC,1125,0.85578,2.54457,0.9575,1,discharge,1,-10.178,3.393,10.0,9.9,4.0886,3.8277,25.6337,11-18-21_19.58_CC_protocol_HPPC_IN21700_30T_cycle_#1125.mat
CC,1125,0.85578,2.54457,0.9574,1,discharge,2,-20.356,6.785,10.0,9.9,4.089,3.63,22.5486,11-18-21_19.58_CC_protocol_HPPC_IN21700_30T_cycle_#1125.mat
CC,1125,0.85578,2.54457,0.9574,1,discharge,3,-29.259,9.753,10.0,9.9,4.09,3.4749,21.0226,11-18-21_19.58_CC_protocol_HPPC_IN21700_30T_cycle_#1125.mat
CC,1125,0.85578,2.54457,0.9152,2,discharge,0,-2.545,0.848,10.0,9.9,4.0751,4.0046,27.6992,11-18-21_19.58_CC_protocol_HPPC_IN21700_30T_cycle_#1125.mat
CC,1125,0.85578,2.54457,0.9151,2,discharge,1,-10.175,3.392,10.0,9.9,4.0756,3.8182,25.2973,11-18-21_19.58_CC_protocol_HPPC_IN21700_30T_cycle_#1125.mat
CC,1125,0.85578,2.54457,0.915,2,discharge,2,-20.355,6.785,10.0,9.9,4.076,3.6179,22.5055,11-18-21_19.58_CC_protocol_HPPC_IN21700_30T_cycle_#1125.mat
CC,1125,0.85578,2.54457,0.9149,2,discharge,3,-29.258,9.753,10.0,9.9,4.0769,3.4631,20.9789,11-18-21_19.58_CC_protocol_HPPC_IN21700_30T_cycle_#1125.mat
CC,1125,0.85578,2.54457,0.8304,3,discharge,0,-2.545,0.848,10.0,9.9,3.9961,3.9263,27.4231,11-18-21_19.58_CC_protocol_HPPC_IN21700_30T_cycle_#1125.mat
CC,1125,0.85578,2.54457,0.8303,3,discharge,1,-10.178,3.393,10.0,9.9,3.9973,3.7439,24.8968,11-18-21_19.58_CC_protocol_HPPC_IN21700_30T_cycle_#1125.mat
CC,1125,0.85578,2.54457,0.8302,3,discharge,2,-20.354,6.785,10.0,9.9,3.9984,3.5498,22.0399,11-18-21_19.58_CC_protocol_HPPC_IN21700_30T_cycle_#1125.mat
CC,1125,0.85578,2.54457,0.8301,3,discharge,3,-29.258,9.753,10.0,9.9,3.9997,3.3963,20.6234,11-18-21_19.58_CC_protocol_HPPC_IN21700_30T_cycle_#1125.mat
CC,1125,0.85578,2.54457,0.7455,4,discharge,0,-2.547,0.849,10.0,9.9,3.9094,3.8448,25.3632,11-18-21_19.58_CC_protocol_HPPC_IN21700_30T_cycle_#1125.mat
CC,1125,0.85578,2.54457,0.7455,4,discharge,1,-10.178,3.393,10.0,9.9,3.9099,3.676,22.9809,11-18-21_19.58_CC_protocol_HPPC_IN21700_30T_cycle_#1125.mat
CC,1125,0.85578,2.54457,0.7454,4,discharge,2,-20.355,6.785,10.0,9.9,3.9105,3.488,20.7566,11-18-21_19.58_CC_protocol_HPPC_IN21700_30T_cycle_#1125.mat
CC,1125,0.85578,2.54457,0.7453,4,discharge,3,-29.258,9.753,10.0,9.9,3.9111,3.3375,19.6049,11-18-21_19.58_CC_protocol_HPPC_IN21700_30T_cycle_#1125.mat
CC,1125,0.85578,2.54457,0.6607,5,discharge,0,-2.545,0.848,10.0,9.9,3.8196,3.7619,22.6719,11-18-21_19.58_CC_protocol_HPPC_IN21700_30T_cycle_#1125.mat
CC,1125,0.85578,2.54457,0.6607,5,discharge,1,-10.178,3.393,10.0,9.9,3.8199,3.5998,21.6251,11-18-21_19.58_CC_protocol_HPPC_IN21700_30T_cycle_#1125.mat
CC,1125,0.85578,2.54457,0.6606,5,discharge,2,-20.353,6.784,10.0,9.9,3.8204,3.4079,20.2673,11-18-21_19.58_CC_protocol_HPPC_IN21700_30T_cycle_#1125.mat
CC,1125,0.85578,2.54457,0.6605,5,discharge,3,-29.259,9.753,10.0,9.9,3.8204,3.2523,19.4162,11-18-21_19.58_CC_protocol_HPPC_IN21700_30T_cycle_#1125.mat
CC,1125,0.85578,2.54457,0.5759,6,discharge,0,-2.543,0.848,10.0,9.9,3.7329,3.6758,22.452,11-18-21_19.58_CC_protocol_HPPC_IN21700_30T_cycle_#1125.mat
CC,1125,0.85578,2.54457,0.5758,6,discharge,1,-10.178,3.393,10.0,9.9,3.7342,3.5122,21.8118,11-18-21_19.58_CC_protocol_HPPC_IN21700_30T_cycle_#1125.mat
CC,1125,0.85578,2.54457,0.5758,6,discharge,2,-20.355,6.785,10.0,9.9,3.7351,3.3206,20.3635,11-18-21_19.58_CC_protocol_HPPC_IN21700_30T_cycle_#1125.mat
CC,1125,0.85578,2.54457,0.5757,6,discharge,3,-29.258,9.753,10.0,9.9,3.7358,3.1648,19.516,11-18-21_19.58_CC_protocol_HPPC_IN21700_30T_cycle_#1125.mat
CC,1125,0.85578,2.54457,0.4911,7,discharge,0,-2.544,0.848,10.0,9.9,3.6573,3.6017,21.8579,11-18-21_19.58_CC_protocol_HPPC_IN21700_30T_cycle_#1125.mat
CC,1125,0.85578,2.54457,0.491,7,discharge,1,-10.178,3.393,10.0,9.9,3.6576,3.4378,21.5956,11-18-21_19.58_CC_protocol_HPPC_IN21700_30T_cycle_#1125.mat
CC,1125,0.85578,2.54457,0.4909,7,discharge,2,-20.355,6.785,10.0,9.9,3.6582,3.2394,20.5748,11-18-21_19.58_CC_protocol_HPPC_IN21700_30T_cycle_#1125.mat
CC,1125,0.85578,2.54457,0.4909,7,discharge,3,-29.258,9.753,10.0,9.9,3.6587,3.0714,20.0731,11-18-21_19.58_CC_protocol_HPPC_IN21700_30T_cycle_#1125.mat
CC,1125,0.85578,2.54457,0.4063,8,discharge,0,-2.545,0.848,10.0,9.9,3.5957,3.5361,23.4148,11-18-21_19.58_CC_protocol_HPPC_IN21700_30T_cycle_#1125.mat
CC,1125,0.85578,2.54457,0.4062,8,discharge,1,-10.178,3.393,10.0,9.9,3.5964,3.365,22.7353,11-18-21_19.58_CC_protocol_HPPC_IN21700_30T_cycle_#1125.mat
CC,1125,0.85578,2.54457,0.4061,8,discharge,2,-20.355,6.785,10.0,9.9,3.597,3.1572,21.6065,11-18-21_19.58_CC_protocol_HPPC_IN21700_30T_cycle_#1125.mat
CC,1125,0.85578,2.54457,0.4061,8,discharge,3,-29.258,9.753,10.0,9.9,3.5974,2.9823,21.0233,11-18-21_19.58_CC_protocol_HPPC_IN21700_30T_cycle_#1125.mat
CC,1125,0.85578,2.54457,0.3215,9,discharge,0,-2.546,0.849,10.0,9.9,3.5153,3.4491,26.0057,11-18-21_19.58_CC_protocol_HPPC_IN21700_30T_cycle_#1125.mat
CC,1125,0.85578,2.54457,0.3214,9,discharge,1,-10.178,3.393,10.0,9.9,3.5162,3.2582,25.3488,11-18-21_19.58_CC_protocol_HPPC_IN21700_30T_cycle_#1125.mat
CC,1125,0.85578,2.54457,0.3213,9,discharge,2,-20.353,6.784,10.0,9.9,3.5183,3.0057,25.1855,11-18-21_19.58_CC_protocol_HPPC_IN21700_30T_cycle_#1125.mat
CC,1125,0.85578,2.54457,0.3212,9,discharge,3,-29.258,9.753,10.0,9.9,3.5197,2.7652,25.7878,11-18-21_19.58_CC_protocol_HPPC_IN21700_30T_cycle_#1125.mat
CC,1125,0.85578,2.54457,0.279,10,discharge,0,-2.546,0.849,10.0,9.9,3.4661,3.3924,28.9508,11-18-21_19.58_CC_protocol_HPPC_IN21700_30T_cycle_#1125.mat
CC,1125,0.85578,2.54457,0.279,10,discharge,1,-10.177,3.392,10.0,9.9,3.4666,3.1637,29.7632,11-18-21_19.58_CC_protocol_HPPC_IN21700_30T_cycle_#1125.mat
CC,1125,0.85578,2.54457,0.2789,10,discharge,2,-20.354,6.785,10.0,9.9,3.4678,2.8232,31.6695,11-18-21_19.58_CC_protocol_HPPC_IN21700_30T_cycle_#1125.mat
CC,1125,0.85578,2.54457,0.2788,10,discharge,3,-29.259,9.753,10.0,9.9,3.4682,2.4998,33.0975,11-18-21_19.58_CC_protocol_HPPC_IN21700_30T_cycle_#1125.mat
CC,1125,0.85578,2.54457,0.2367,11,discharge,0,-2.544,0.848,10.0,9.9,3.4264,3.3408,33.6504,11-18-21_19.58_CC_protocol_HPPC_IN21700_30T_cycle_#1125.mat
CC,1125,0.85578,2.54457,0.2366,11,discharge,1,-10.178,3.393,10.0,9.9,3.427,3.0248,39.5166,11-18-21_19.58_CC_protocol_HPPC_IN21700_30T_cycle_#1125.mat
CC,1125,0.85578,2.54457,0.2365,11,discharge,2,-20.354,6.785,10.0,9.9,3.429,2.5056,45.367,11-18-21_19.58_CC_protocol_HPPC_IN21700_30T_cycle_#1125.mat
CC,1125,0.85578,2.54457,0.2364,11,discharge,3,-28.1,9.367,10.0,9.9,3.4293,2.4999,33.0747,11-18-21_19.58_CC_protocol_HPPC_IN21700_30T_cycle_#1125.mat
CC,1125,0.85578,2.54457,0.1942,12,discharge,0,-2.544,0.848,10.0,9.9,3.3833,3.2571,49.6089,11-18-21_19.58_CC_protocol_HPPC_IN21700_30T_cycle_#1125.mat
CC,1125,0.85578,2.54457,0.1942,12,discharge,1,-10.179,3.393,10.0,9.9,3.3849,2.7127,66.0379,11-18-21_19.58_CC_protocol_HPPC_IN21700_30T_cycle_#1125.mat
CC,1125,0.85578,2.54457,0.1941,12,discharge,2,-17.464,5.821,10.0,9.9,3.3891,2.4999,50.9162,11-18-21_19.58_CC_protocol_HPPC_IN21700_30T_cycle_#1125.mat
CC,1125,0.85578,2.54457,0.194,12,discharge,3,-16.364,5.455,10.0,9.9,3.3894,2.5,54.3494,11-18-21_19.58_CC_protocol_HPPC_IN21700_30T_cycle_#1125.mat
CC,1162,0.85112,2.53073,1.0,0,discharge,0,-2.532,0.844,10.0,9.7,4.1213,4.0346,34.2471,11-23-21_21.54_CC_protocol_HPPC_IN21700_30T_cycle_#1162.mat
CC,1162,0.85112,2.53073,0.9999,0,discharge,1,-10.122,3.374,10.0,9.9,4.1315,3.8349,29.3025,11-23-21_21.54_CC_protocol_HPPC_IN21700_30T_cycle_#1162.mat
CC,1162,0.85112,2.53073,0.9998,0,discharge,2,-20.246,6.749,10.0,9.9,4.1301,3.638,24.306,11-23-21_21.54_CC_protocol_HPPC_IN21700_30T_cycle_#1162.mat
CC,1162,0.85112,2.53073,0.9998,0,discharge,3,-29.101,9.7,10.0,9.9,4.1294,3.4845,22.1608,11-23-21_21.54_CC_protocol_HPPC_IN21700_30T_cycle_#1162.mat
CC,1162,0.85112,2.53073,0.9578,1,discharge,0,-2.531,0.844,10.0,9.9,4.0874,4.0112,30.1079,11-23-21_21.54_CC_protocol_HPPC_IN21700_30T_cycle_#1162.mat
CC,1162,0.85112,2.53073,0.9577,1,discharge,1,-10.124,3.375,10.0,9.9,4.0879,3.8258,25.889,11-23-21_21.54_CC_protocol_HPPC_IN21700_30T_cycle_#1162.mat
CC,1162,0.85112,2.53073,0.9577,1,discharge,2,-20.246,6.749,10.0,9.91,4.0883,3.6269,22.7897,11-23-21_21.54_CC_protocol_HPPC_IN21700_30T_cycle_#1162.mat
CC,1162,0.85112,2.53073,0.9576,1,discharge,3,-29.102,9.701,10.0,9.9,4.0893,3.4623,21.5449,11-23-21_21.54_CC_protocol_HPPC_IN21700_30T_cycle_#1162.mat
CC,1162,0.85112,2.53073,0.9156,2,discharge,0,-2.531,0.844,10.0,9.9,4.0743,3.9999,29.3967,11-23-21_21.54_CC_protocol_HPPC_IN21700_30T_cycle_#1162.mat
CC,1162,0.85112,2.53073,0.9156,2,discharge,1,-10.123,3.374,10.0,9.9,4.0746,3.8067,26.4645,11-23-21_21.54_CC_protocol_HPPC_IN21700_30T_cycle_#1162.mat
CC,1162,0.85112,2.53073,0.9155,2,discharge,2,-20.247,6.749,10.0,9.9,4.0751,3.6011,23.4109,11-23-21_21.54_CC_protocol_HPPC_IN21700_30T_cycle_#1162.mat
CC,1162,0.85112,2.53073,0.9154,2,discharge,3,-29.102,9.701,10.0,9.9,4.0763,3.4426,21.7751,11-23-21_21.54_CC_protocol_HPPC_IN21700_30T_cycle_#1162.mat
CC,1162,0.85112,2.53073,0.8313,3,discharge,0,-2.531,0.844,10.0,9.9,3.9909,3.921,27.6165,11-23-21_21.54_CC_protocol_HPPC_IN21700_30T_cycle_#1162.mat
CC,1162,0.85112,2.53073,0.8312,3,discharge,1,-10.124,3.375,10.0,9.9,3.993,3.7386,25.1284,11-23-21_21.54_CC_protocol_HPPC_IN21700_30T_cycle_#1162.mat
CC,1162,0.85112,2.53073,0.8311,3,discharge,2,-20.247,6.749,10.0,9.9,3.9941,3.5452,22.1712,11-23-21_21.54_CC_protocol_HPPC_IN21700_30T_cycle_#1162.mat
CC,1162,0.85112,2.53073,0.8311,3,discharge,3,-29.103,9.701,10.0,9.9,3.9957,3.3935,20.692,11-23-21_21.54_CC_protocol_HPPC_IN21700_30T_cycle_#1162.mat
CC,1162,0.85112,2.53073,0.7469,4,discharge,0,-2.531,0.844,10.0,9.9,3.9065,3.84,26.2711,11-23-21_21.54_CC_protocol_HPPC_IN21700_30T_cycle_#1162.mat
CC,1162,0.85112,2.53073,0.7469,4,discharge,1,-10.123,3.374,10.0,9.9,3.9071,3.667,23.7183,11-23-21_21.54_CC_protocol_HPPC_IN21700_30T_cycle_#1162.mat
CC,1162,0.85112,2.53073,0.7468,4,discharge,2,-20.246,6.749,10.0,9.9,3.9076,3.4741,21.4116,11-23-21_21.54_CC_protocol_HPPC_IN21700_30T_cycle_#1162.mat
CC,1162,0.85112,2.53073,0.7467,4,discharge,3,-29.103,9.701,10.0,9.9,3.9077,3.3197,20.2041,11-23-21_21.54_CC_protocol_HPPC_IN21700_30T_cycle_#1162.mat
CC,1162,0.85112,2.53073,0.6626,5,discharge,0,-2.531,0.844,10.0,9.9,3.8159,3.7561,23.6252,11-23-21_21.54_CC_protocol_HPPC_IN21700_30T_cycle_#1162.mat
CC,1162,0.85112,2.53073,0.6625,5,discharge,1,-10.122,3.374,10.0,9.9,3.8165,3.5921,22.1695,11-23-21_21.54_CC_protocol_HPPC_IN21700_30T_cycle_#1162.mat
CC,1162,0.85112,2.53073,0.6624,5,discharge,2,-20.247,6.749,10.0,9.9,3.8171,3.4001,20.5956,11-23-21_21.54_CC_protocol_HPPC_IN21700_30T_cycle_#1162.mat
CC,1162,0.85112,2.53073,0.6623,5,discharge,3,-29.102,9.701,10.0,9.9,3.8174,3.2456,19.6481,11-23-21_21.54_CC_protocol_HPPC_IN21700_30T_cycle_#1162.mat
CC,1162,0.85112,2.53073,0.5782,6,discharge,0,-2.531,0.844,10.0,9.9,3.7307,3.6706,23.7409,11-23-21_21.54_CC_protocol_HPPC_IN21700_30T_cycle_#1162.mat
CC,1162,0.85112,2.53073,0.5781,6,discharge,1,-10.125,3.375,10.0,9.9,3.7313,3.5024,22.6074,11-23-21_21.54_CC_protocol_HPPC_IN21700_30T_cycle_#1162.mat
CC,1162,0.85112,2.53073,0.5781,6,discharge,2,-20.246,6.749,10.0,9.9,3.7321,3.3063,21.0313,11-23-21_21.54_CC_protocol_HPPC_IN21700_30T_cycle_#1162.mat
CC,1162,0.85112,2.53073,0.578,6,discharge,3,-29.101,9.7,10.0,9.9,3.7328,3.1466,20.1436,11-23-21_21.54_CC_protocol_HPPC_IN21700_30T_cycle_#1162.mat
CC,1162,0.85112,2.53073,0.4939,7,discharge,0,-2.531,0.844,10.0,9.9,3.6548,3.5963,23.1088,11-23-21_21.54_CC_protocol_HPPC_IN21700_30T_cycle_#1162.mat
CC,1162,0.85112,2.53073,0.4938,7,discharge,1,-10.123,3.374,10.0,9.9,3.6554,3.4303,22.2365,11-23-21_21.54_CC_protocol_HPPC_IN21700_30T_cycle_#1162.mat
CC,1162,0.85112,2.53073,0.4937,7,discharge,2,-20.245,6.748,10.0,9.9,3.6561,3.2332,20.8891,11-23-21_21.54_CC_protocol_HPPC_IN21700_30T_cycle_#1162.mat
CC,1162,0.85112,2.53073,0.4936,7,discharge,3,-29.102,9.701,10.0,9.9,3.6568,3.0726,20.0742,11-23-21_21.54_CC_protocol_HPPC_IN21700_30T_cycle_#1162.mat
CC,1162,0.85112,2.53073,0.4095,8,discharge,0,-2.53,0.843,10.0,9.9,3.5936,3.532,24.3498,11-23-21_21.54_CC_protocol_HPPC_IN21700_30T_cycle_#1162.mat
CC,1162,0.85112,2.53073,0.4094,8,discharge,1,-10.125,3.375,10.0,9.9,3.5942,3.3552,23.6049,11-23-21_21.54_CC_protocol_HPPC_IN21700_30T_cycle_#1162.mat
CC,1162,0.85112,2.53073,0.4093,8,discharge,2,-20.246,6.749,10.0,9.9,3.595,3.1417,22.3896,11-23-21_21.54_CC_protocol_HPPC_IN21700_30T_cycle_#1162.mat
CC,1162,0.85112,2.53073,0.4093,8,discharge,3,-29.103,9.701,10.0,9.9,3.5955,2.9615,21.7847,11-23-21_21.54_CC_protocol_HPPC_IN21700_30T_cycle_#1162.mat
CC,1162,0.85112,2.53073,0.3251,9,discharge,0,-2.532,0.844,10.0,9.9,3.5126,3.4419,27.9259,11-23-21_21.54_CC_protocol_HPPC_IN21700_30T_cycle_#1162.mat
CC,1162,0.85112,2.53073,0.3251,9,discharge,1,-10.123,3.374,10.0,9.9,3.5133,3.2394,27.0572,11-23-21_21.54_CC_protocol_HPPC_IN21700_30T_cycle_#1162.mat
CC,1162,0.85112,2.53073,0.325,9,discharge,2,-20.245,6.748,10.0,9.9,3.5154,2.9712,26.8807,11-23-21_21.54_CC_protocol_HPPC_IN21700_30T_cycle_#1162.mat
CC,1162,0.85112,2.53073,0.3249,9,discharge,3,-29.102,9.701,10.0,9.9,3.517,2.7146,27.572,11-23-21_21.54_CC_protocol_HPPC_IN21700_30T_cycle_#1162.mat
CC,1162,0.85112,2.53073,0.283,10,discharge,0,-2.532,0.844,10.0,9.9,3.464,3.3895,29.4257,11-23-21_21.54_CC_protocol_HPPC_IN21700_30T_cycle_#1162.mat
CC,1162,0.85112,2.53073,0.2829,10,discharge,1,-10.123,3.374,10.0,9.9,3.4637,3.1583,30.1689,11-23-21_21.54_CC_protocol_HPPC_IN21700_30T_cycle_#1162.mat
CC,1162,0.85112,2.53073,0.2828,10,discharge,2,-20.247,6.749,10.0,9.9,3.4654,2.8021,32.7604,11-23-21_21.54_CC_protocol_HPPC_IN21700_30T_cycle_#1162.mat
CC,1162,0.85112,2.53073,0.2827,10,discharge,3,-29.103,9.701,10.0,9.9,3.4653,2.4998,33.1753,11-23-21_21.54_CC_protocol_HPPC_IN21700_30T_cycle_#1162.mat
CC,1162,0.85112,2.53073,0.2408,11,discharge,0,-2.532,0.844,10.0,9.9,3.425,3.3326,36.4972,11-23-21_21.54_CC_protocol_HPPC_IN21700_30T_cycle_#1162.mat
CC,1162,0.85112,2.53073,0.2407,11,discharge,1,-10.123,3.374,10.0,9.9,3.4257,2.9892,43.1196,11-23-21_21.54_CC_protocol_HPPC_IN21700_30T_cycle_#1162.mat
CC,1162,0.85112,2.53073,0.2406,11,discharge,2,-20.247,6.749,10.0,9.9,3.4278,2.4999,45.829,11-23-21_21.54_CC_protocol_HPPC_IN21700_30T_cycle_#1162.mat
CC,1162,0.85112,2.53073,0.2405,11,discharge,3,-26.066,8.689,10.0,9.9,3.4282,2.4999,35.6134,11-23-21_21.54_CC_protocol_HPPC_IN21700_30T_cycle_#1162.mat
CC,1162,0.85112,2.53073,0.1986,12,discharge,0,-2.532,0.844,10.0,9.9,3.3808,3.2505,51.4654,11-23-21_21.54_CC_protocol_HPPC_IN21700_30T_cycle_#1162.mat
CC,1162,0.85112,2.53073,0.1985,12,discharge,1,-10.123,3.374,10.0,9.9,3.3825,2.7033,67.0947,11-23-21_21.54_CC_protocol_HPPC_IN21700_30T_cycle_#1162.mat
CC,1162,0.85112,2.53073,0.1984,12,discharge,2,-17.291,5.764,10.0,9.9,3.3869,2.5,51.2926,11-23-21_21.54_CC_protocol_HPPC_IN21700_30T_cycle_#1162.mat
CC,1162,0.85112,2.53073,0.1984,12,discharge,3,-16.298,5.433,10.0,9.9,3.3875,2.5,54.4529,11-23-21_21.54_CC_protocol_HPPC_IN21700_30T_cycle_#1162.mat
CC,1200,0.84578,2.51484,1.0,0,discharge,0,-2.516,0.839,10.0,9.7,4.1223,4.0304,36.5306,11-30-21_01.40_CC_protocol_HPPC_IN21700_30T_cycle_#1200.mat
CC,1200,0.84578,2.51484,0.9999,0,discharge,1,-10.059,3.353,10.0,9.9,4.1316,3.8257,30.4106,11-30-21_01.40_CC_protocol_HPPC_IN21700_30T_cycle_#1200.mat
CC,1200,0.84578,2.51484,0.9998,0,discharge,2,-20.12,6.707,10.0,9.9,4.1302,3.6247,25.1243,11-30-21_01.40_CC_protocol_HPPC_IN21700_30T_cycle_#1200.mat
CC,1200,0.84578,2.51484,0.9998,0,discharge,3,-28.922,9.641,10.0,9.9,4.1295,3.4672,22.8995,11-30-21_01.40_CC_protocol_HPPC_IN21700_30T_cycle_#1200.mat
CC,1200,0.84578,2.51484,0.9581,1,discharge,0,-2.515,0.838,10.0,9.9,4.087,4.0058,32.2799,11-30-21_01.40_CC_protocol_HPPC_IN21700_30T_cycle_#1200.mat
CC,1200,0.84578,2.51484,0.958,1,discharge,1,-10.059,3.353,10.0,9.9,4.0873,3.8121,27.3586,11-30-21_01.40_CC_protocol_HPPC_IN21700_30T_cycle_#1200.mat
CC,1200,0.84578,2.51484,0.9579,1,discharge,2,-20.119,6.706,10.0,9.9,4.0878,3.6093,23.7835,11-30-21_01.40_CC_protocol_HPPC_IN21700_30T_cycle_#1200.mat
CC,1200,0.84578,2.51484,0.9578,1,discharge,3,-28.921,9.64,10.0,9.9,4.089,3.4513,22.0497,11-30-21_01.40_CC_protocol_HPPC_IN21700_30T_cycle_#1200.mat
CC,1200,0.84578,2.51484,0.9161,2,discharge,0,-2.515,0.838,10.0,9.9,4.074,3.9992,29.7356,11-30-21_01.40_CC_protocol_HPPC_IN21700_30T_cycle_#1200.mat
CC,1200,0.84578,2.51484,0.9161,2,discharge,1,-10.058,3.353,10.0,9.9,4.0745,3.8016,27.1326,11-30-21_01.40_CC_protocol_HPPC_IN21700_30T_cycle_#1200.mat
CC,1200,0.84578,2.51484,0.916,2,discharge,2,-20.12,6.707,10.0,9.9,4.075,3.5889,24.16,11-30-21_01.40_CC_protocol_HPPC_IN21700_30T_cycle_#1200.mat
CC,1200,0.84578,2.51484,0.9159,2,discharge,3,-28.922,9.641,10.0,9.9,4.0761,3.42,22.6852,11-30-21_01.40_CC_protocol_HPPC_IN21700_30T_cycle_#1200.mat
CC,1200,0.84578,2.51484,0.8323,3,discharge,0,-2.518,0.839,10.0,9.9,3.9896,3.9152,29.5531,11-30-21_01.40_CC_protocol_HPPC_IN21700_30T_cycle_#1200.mat
CC,1200,0.84578,2.51484,0.8323,3,discharge,1,-10.06,3.353,10.0,9.9,3.991,3.7264,26.3022,11-30-21_01.40_CC_protocol_HPPC_IN21700_30T_cycle_#1200.mat
CC,1200,0.84578,2.51484,0.8322,3,discharge,2,-20.121,6.707,10.0,9.9,3.9924,3.5271,23.1251,11-30-21_01.40_CC_protocol_HPPC_IN21700_30T_cycle_#1200.mat
CC,1200,0.84578,2.51484,0.8321,3,discharge,3,-28.921,9.64,10.0,9.9,3.993,3.37,21.5414,11-30-21_01.40_CC_protocol_HPPC_IN21700_30T_cycle_#1200.mat
CC,1200,0.84578,2.51484,0.7485,4,discharge,0,-2.516,0.839,10.0,9.9,3.9059,3.8388,26.6725,11-30-21_01.40_CC_protocol_HPPC_IN21700_30T_cycle_#1200.mat
CC,1200,0.84578,2.51484,0.7484,4,discharge,1,-10.059,3.353,10.0,9.9,3.9064,3.665,23.9984,11-30-21_01.40_CC_protocol_HPPC_IN21700_30T_cycle_#1200.mat
CC,1200,0.84578,2.51484,0.7484,4,discharge,2,-20.12,6.707,10.0,9.9,3.9072,3.473,21.5805,11-30-21_01.40_CC_protocol_HPPC_IN21700_30T_cycle_#1200.mat
CC,1200,0.84578,2.51484,0.7483,4,discharge,3,-28.923,9.641,10.0,9.9,3.9072,3.3195,20.3195,11-30-21_01.40_CC_protocol_HPPC_IN21700_30T_cycle_#1200.mat
CC,1200,0.84578,2.51484,0.6646,5,discharge,0,-2.516,0.839,10.0,9.9,3.8146,3.7523,24.7615,11-30-21_01.40_CC_protocol_HPPC_IN21700_30T_cycle_#1200.mat
CC,1200,0.84578,2.51484,0.6646,5,discharge,1,-10.059,3.353,10.0,9.9,3.8152,3.5817,23.213,11-30-21_01.40_CC_protocol_HPPC_IN21700_30T_cycle_#1200.mat
CC,1200,0.84578,2.51484,0.6645,5,discharge,2,-20.122,6.707,10.0,9.9,3.816,3.3841,21.4641,11-30-21_01.40_CC_protocol_HPPC_IN21700_30T_cycle_#1200.mat
CC,1200,0.84578,2.51484,0.6644,5,discharge,3,-28.923,9.641,10.0,9.9,3.8155,3.2249,20.4197,11-30-21_01.40_CC_protocol_HPPC_IN21700_30T_cycle_#1200.mat
CC,1200,0.84578,2.51484,0.5808,6,discharge,0,-2.516,0.839,10.0,9.9,3.7299,3.6688,24.2846,11-30-21_01.40_CC_protocol_HPPC_IN21700_30T_cycle_#1200.mat
CC,1200,0.84578,2.51484,0.5807,6,discharge,1,-10.059,3.353,10.0,9.9,3.7305,3.4993,22.9844,11-30-21_01.40_CC_protocol_HPPC_IN21700_30T_cycle_#1200.mat
CC,1200,0.84578,2.51484,0.5807,6,discharge,2,-20.12,6.707,10.0,9.9,3.7308,3.3034,21.2425,11-30-21_01.40_CC_protocol_HPPC_IN21700_30T_cycle_#1200.mat
CC,1200,0.84578,2.51484,0.5806,6,discharge,3,-28.922,9.641,10.0,9.9,3.7325,3.145,20.3133,11-30-21_01.40_CC_protocol_HPPC_IN21700_30T_cycle_#1200.mat
CC,1200,0.84578,2.51484,0.497,7,discharge,0,-2.516,0.839,10.0,9.9,3.6544,3.5934,24.2439,11-30-21_01.40_CC_protocol_HPPC_IN21700_30T_cycle_#1200.mat
CC,1200,0.84578,2.51484,0.4969,7,discharge,1,-10.06,3.353,10.0,9.9,3.6552,3.421,23.2803,11-30-21_01.40_CC_protocol_HPPC_IN21700_30T_cycle_#1200.mat
CC,1200,0.84578,2.51484,0.4968,7,discharge,2,-20.12,6.707,10.0,9.9,3.6558,3.218,21.7594,11-30-21_01.40_CC_protocol_HPPC_IN21700_30T_cycle_#1200.mat
CC,1200,0.84578,2.51484,0.4968,7,discharge,3,-28.922,9.641,10.0,9.9,3.6566,3.052,20.9045,11-30-21_01.40_CC_protocol_HPPC_IN21700_30T_cycle_#1200.mat
CC,1200,0.84578,2.51484,0.4132,8,discharge,0,-2.516,0.839,10.0,9.9,3.5937,3.5302,25.2375,11-30-21_01.40_CC_protocol_HPPC_IN21700_30T_cycle_#1200.mat
CC,1200,0.84578,2.51484,0.4131,8,discharge,1,-10.059,3.353,10.0,9.9,3.5938,3.3506,24.1774,11-30-21_01.40_CC_protocol_HPPC_IN21700_30T_cycle_#1200.mat
CC,1200,0.84578,2.51484,0.413,8,discharge,2,-20.12,6.707,10.0,9.9,3.5953,3.1359,22.833,11-30-21_01.40_CC_protocol_HPPC_IN21700_30T_cycle_#1200.mat
CC,1200,0.84578,2.51484,0.4129,8,discharge,3,-28.922,9.641,10.0,9.9,3.5958,2.9563,22.1112,11-30-21_01.40_CC_protocol_HPPC_IN21700_30T_cycle_#1200.mat
CC,1200,0.84578,2.51484,0.3293,9,discharge,0,-2.516,0.839,10.0,9.9,3.5136,3.44,29.2493,11-30-21_01.40_CC_protocol_HPPC_IN21700_30T_cycle_#1200.mat
CC,1200,0.84578,2.51484,0.3293,9,discharge,1,-10.06,3.353,10.0,9.9,3.5145,3.2296,28.3201,11-30-21_01.40_CC_protocol_HPPC_IN21700_30T_cycle_#1200.mat
CC,1200,0.84578,2.51484,0.3292,9,discharge,2,-20.121,6.707,10.0,9.9,3.5161,2.9523,28.0205,11-30-21_01.40_CC_protocol_HPPC_IN21700_30T_cycle_#1200.mat
CC,1200,0.84578,2.51484,0.3291,9,discharge,3,-28.921,9.64,10.0,9.9,3.5181,2.6851,28.8026,11-30-21_01.40_CC_protocol_HPPC_IN21700_30T_cycle_#1200.mat
CC,1200,0.84578,2.51484,0.2874,10,discharge,0,-2.517,0.839,10.0,9.9,3.4655,3.386,31.5915,11-30-21_01.40_CC_protocol_HPPC_IN21700_30T_cycle_#1200.mat
CC,1200,0.84578,2.51484,0.2873,10,discharge,1,-10.059,3.353,10.0,9.9,3.4658,3.1406,32.3293,11-30-21_01.40_CC_protocol_HPPC_IN21700_30T_cycle_#1200.mat
CC,1200,0.84578,2.51484,0.2872,10,discharge,2,-20.122,6.707,10.0,9.9,3.4668,2.7805,34.1069,11-30-21_01.40_CC_protocol_HPPC_IN21700_30T_cycle_#1200.mat
CC,1200,0.84578,2.51484,0.2872,10,discharge,3,-28.922,9.641,10.0,9.9,3.4674,2.4998,33.4555,11-30-21_01.40_CC_protocol_HPPC_IN21700_30T_cycle_#1200.mat
CC,1200,0.84578,2.51484,0.2455,11,discharge,0,-2.515,0.838,10.0,9.9,3.426,3.3306,37.9384,11-30-21_01.40_CC_protocol_HPPC_IN21700_30T_cycle_#1200.mat
CC,1200,0.84578,2.51484,0.2454,11,discharge,1,-10.06,3.353,10.0,9.9,3.4267,2.9779,44.6123,11-30-21_01.40_CC_protocol_HPPC_IN21700_30T_cycle_#1200.mat
CC,1200,0.84578,2.51484,0.2453,11,discharge,2,-20.121,6.707,10.0,9.9,3.4288,2.4999,46.1657,11-30-21_01.40_CC_protocol_HPPC_IN21700_30T_cycle_#1200.mat
CC,1200,0.84578,2.51484,0.2453,11,discharge,3,-25.345,8.448,10.0,9.9,3.4293,2.5,36.666,11-30-21_01.40_CC_protocol_HPPC_IN21700_30T_cycle_#1200.mat
CC,1200,0.84578,2.51484,0.2036,12,discharge,0,-2.514,0.838,10.0,9.9,3.3835,3.2454,54.9215,11-30-21_01.40_CC_protocol_HPPC_IN21700_30T_cycle_#1200.mat
CC,1200,0.84578,2.51484,0.2035,12,discharge,1,-10.06,3.353,10.0,9.9,3.3852,2.6791,70.1889,11-30-21_01.40_CC_protocol_HPPC_IN21700_30T_cycle_#1200.mat
CC,1200,0.84578,2.51484,0.2034,12,discharge,2,-16.551,5.517,10.0,9.9,3.3897,2.4999,53.7611,11-30-21_01.40_CC_protocol_HPPC_IN21700_30T_cycle_#1200.mat
CC,1200,0.84578,2.51484,0.2033,12,discharge,3,-15.566,5.189,10.0,9.9,3.3896,2.4999,57.1566,11-30-21_01.40_CC_protocol_HPPC_IN21700_30T_cycle_#1200.mat
CC,1237,0.8392,2.49527,1.0,0,discharge,0,-2.496,0.832,10.0,9.7,4.1181,4.0269,36.5414,12-04-21_21.40_CC_protocol_HPPC_IN21700_30T_cycle_#1237.mat
CC,1237,0.8392,2.49527,0.9999,0,discharge,1,-9.977,3.326,10.0,9.9,4.1281,3.8232,30.5588,12-04-21_21.40_CC_protocol_HPPC_IN21700_30T_cycle_#1237.mat
CC,1237,0.8392,2.49527,0.9998,0,discharge,2,-19.956,6.652,10.0,9.91,4.1266,3.6233,25.2205,12-04-21_21.40_CC_protocol_HPPC_IN21700_30T_cycle_#1237.mat
CC,1237,0.8392,2.49527,0.9998,0,discharge,3,-28.685,9.562,10.0,9.9,4.1257,3.46,23.2073,12-04-21_21.40_CC_protocol_HPPC_IN21700_30T_cycle_#1237.mat
CC,1237,0.8392,2.49527,0.9584,1,discharge,0,-2.495,0.832,10.0,9.9,4.0856,4.001,33.9037,12-04-21_21.40_CC_protocol_HPPC_IN21700_30T_cycle_#1237.mat
CC,1237,0.8392,2.49527,0.9583,1,discharge,1,-9.977,3.326,10.0,9.9,4.0853,3.8013,28.4646,12-04-21_21.40_CC_protocol_HPPC_IN21700_30T_cycle_#1237.mat
CC,1237,0.8392,2.49527,0.9583,1,discharge,2,-19.957,6.652,10.0,9.9,4.0866,3.5939,24.6881,12-04-21_21.40_CC_protocol_HPPC_IN21700_30T_cycle_#1237.mat
CC,1237,0.8392,2.49527,0.9582,1,discharge,3,-28.686,9.562,10.0,9.9,4.0879,3.4319,22.8683,12-04-21_21.40_CC_protocol_HPPC_IN21700_30T_cycle_#1237.mat
CC,1237,0.8392,2.49527,0.9168,2,discharge,0,-2.494,0.831,10.0,9.9,4.0728,3.9924,32.2412,12-04-21_21.40_CC_protocol_HPPC_IN21700_30T_cycle_#1237.mat
CC,1237,0.8392,2.49527,0.9168,2,discharge,1,-9.977,3.326,10.0,9.9,4.0724,3.7911,28.1948,12-04-21_21.40_CC_protocol_HPPC_IN21700_30T_cycle_#1237.mat
CC,1237,0.8392,2.49527,0.9167,2,discharge,2,-19.955,6.652,10.0,9.9,4.0737,3.5825,24.6154,12-04-21_21.40_CC_protocol_HPPC_IN21700_30T_cycle_#1237.mat
CC,1237,0.8392,2.49527,0.9166,2,discharge,3,-28.685,9.562,10.0,9.9,4.0753,3.4228,22.7471,12-04-21_21.40_CC_protocol_HPPC_IN21700_30T_cycle_#1237.mat
CC,1237,0.8392,2.49527,0.8337,3,discharge,0,-2.494,0.831,10.0,9.9,3.9847,3.9062,31.4781,12-04-21_21.40_CC_protocol_HPPC_IN21700_30T_cycle_#1237.mat
CC,1237,0.8392,2.49527,0.8336,3,discharge,1,-9.978,3.326,10.0,9.9,3.9852,3.7132,27.2608,12-04-21_21.40_CC_protocol_HPPC_IN21700_30T_cycle_#1237.mat
CC,1237,0.8392,2.49527,0.8336,3,discharge,2,-19.957,6.652,10.0,9.9,3.9873,3.5131,23.7611,12-04-21_21.40_CC_protocol_HPPC_IN21700_30T_cycle_#1237.mat
CC,1237,0.8392,2.49527,0.8335,3,discharge,3,-28.685,9.562,10.0,9.9,3.9889,3.3541,22.13,12-04-21_21.40_CC_protocol_HPPC_IN21700_30T_cycle_#1237.mat
CC,1237,0.8392,2.49527,0.7505,4,discharge,0,-2.496,0.832,10.0,9.9,3.9023,3.8321,28.1273,12-04-21_21.40_CC_protocol_HPPC_IN21700_30T_cycle_#1237.mat
CC,1237,0.8392,2.49527,0.7505,4,discharge,1,-9.979,3.326,10.0,9.9,3.903,3.6521,25.1418,12-04-21_21.40_CC_protocol_HPPC_IN21700_30T_cycle_#1237.mat
CC,1237,0.8392,2.49527,0.7504,4,discharge,2,-19.955,6.652,10.0,9.9,3.9036,3.4541,22.5257,12-04-21_21.40_CC_protocol_HPPC_IN21700_30T_cycle_#1237.mat
CC,1237,0.8392,2.49527,0.7503,4,discharge,3,-28.685,9.562,10.0,9.9,3.9045,3.2968,21.1853,12-04-21_21.40_CC_protocol_HPPC_IN21700_30T_cycle_#1237.mat
CC,1237,0.8392,2.49527,0.6674,5,discharge,0,-2.494,0.831,10.0,9.9,3.8115,3.7491,25.02,12-04-21_21.40_CC_protocol_HPPC_IN21700_30T_cycle_#1237.mat
CC,1237,0.8392,2.49527,0.6673,5,discharge,1,-9.978,3.326,10.0,9.9,3.812,3.5758,23.6721,12-04-21_21.40_CC_protocol_HPPC_IN21700_30T_cycle_#1237.mat
CC,1237,0.8392,2.49527,0.6672,5,discharge,2,-19.957,6.652,10.0,9.9,3.812,3.3723,22.0324,12-04-21_21.40_CC_protocol_HPPC_IN21700_30T_cycle_#1237.mat
CC,1237,0.8392,2.49527,0.6672,5,discharge,3,-28.685,9.562,10.0,9.91,3.813,3.2093,21.0458,12-04-21_21.40_CC_protocol_HPPC_IN21700_30T_cycle_#1237.mat
CC,1237,0.8392,2.49527,0.5842,6,discharge,0,-2.494,0.831,10.0,9.9,3.7265,3.6629,25.5022,12-04-21_21.40_CC_protocol_HPPC_IN21700_30T_cycle_#1237.mat
CC,1237,0.8392,2.49527,0.5842,6,discharge,1,-9.98,3.327,10.0,9.9,3.7275,3.4866,24.139,12-04-21_21.40_CC_protocol_HPPC_IN21700_30T_cycle_#1237.mat
CC,1237,0.8392,2.49527,0.5841,6,discharge,2,-19.956,6.652,10.0,9.9,3.7286,3.2849,22.2339,12-04-21_21.40_CC_protocol_HPPC_IN21700_30T_cycle_#1237.mat
CC,1237,0.8392,2.49527,0.584,6,discharge,3,-28.685,9.562,10.0,9.9,3.7287,3.1224,21.1365,12-04-21_21.40_CC_protocol_HPPC_IN21700_30T_cycle_#1237.mat
CC,1237,0.8392,2.49527,0.5011,7,discharge,0,-2.494,0.831,10.0,9.9,3.6531,3.592,24.4978,12-04-21_21.40_CC_protocol_HPPC_IN21700_30T_cycle_#1237.mat
CC,1237,0.8392,2.49527,0.501,7,discharge,1,-9.98,3.327,10.0,9.9,3.6539,3.4176,23.6783,12-04-21_21.40_CC_protocol_HPPC_IN21700_30T_cycle_#1237.mat
CC,1237,0.8392,2.49527,0.501,7,discharge,2,-19.957,6.652,10.0,9.9,3.6545,3.2067,22.4382,12-04-21_21.40_CC_protocol_HPPC_IN21700_30T_cycle_#1237.mat
CC,1237,0.8392,2.49527,0.5009,7,discharge,3,-28.686,9.562,10.0,9.9,3.6552,3.0363,21.575,12-04-21_21.40_CC_protocol_HPPC_IN21700_30T_cycle_#1237.mat
CC,1237,0.8392,2.49527,0.418,8,discharge,0,-2.494,0.831,10.0,9.9,3.5921,3.5256,26.6629,12-04-21_21.40_CC_protocol_HPPC_IN21700_30T_cycle_#1237.mat
CC,1237,0.8392,2.49527,0.4179,8,discharge,1,-9.978,3.326,10.0,9.9,3.593,3.3386,25.4958,12-04-21_21.40_CC_protocol_HPPC_IN21700_30T_cycle_#1237.mat
CC,1237,0.8392,2.49527,0.4178,8,discharge,2,-19.958,6.653,10.0,9.9,3.593,3.117,23.8501,12-04-21_21.40_CC_protocol_HPPC_IN21700_30T_cycle_#1237.mat
CC,1237,0.8392,2.49527,0.4177,8,discharge,3,-28.686,9.562,10.0,9.9,3.5944,2.9304,23.1472,12-04-21_21.40_CC_protocol_HPPC_IN21700_30T_cycle_#1237.mat
CC,1237,0.8392,2.49527,0.3348,9,discharge,0,-2.494,0.831,10.0,9.9,3.5122,3.438,29.7478,12-04-21_21.40_CC_protocol_HPPC_IN21700_30T_cycle_#1237.mat
CC,1237,0.8392,2.49527,0.3347,9,discharge,1,-9.978,3.326,10.0,9.9,3.5131,3.2268,28.6934,12-04-21_21.40_CC_protocol_HPPC_IN21700_30T_cycle_#1237.mat
CC,1237,0.8392,2.49527,0.3346,9,discharge,2,-19.956,6.652,10.0,9.9,3.5152,2.9401,28.8184,12-04-21_21.40_CC_protocol_HPPC_IN21700_30T_cycle_#1237.mat
CC,1237,0.8392,2.49527,0.3346,9,discharge,3,-28.684,9.561,10.0,9.9,3.5162,2.6547,30.0342,12-04-21_21.40_CC_protocol_HPPC_IN21700_30T_cycle_#1237.mat
CC,1237,0.8392,2.49527,0.2932,10,discharge,0,-2.495,0.832,10.0,9.9,3.4645,3.3811,33.4322,12-04-21_21.40_CC_protocol_HPPC_IN21700_30T_cycle_#1237.mat
CC,1237,0.8392,2.49527,0.2932,10,discharge,1,-9.978,3.326,10.0,9.9,3.4643,3.1231,34.1945,12-04-21_21.40_CC_protocol_HPPC_IN21700_30T_cycle_#1237.mat
CC,1237,0.8392,2.49527,0.2931,10,discharge,2,-19.956,6.652,10.0,9.9,3.4661,2.7461,36.0794,12-04-21_21.40_CC_protocol_HPPC_IN21700_30T_cycle_#1237.mat
CC,1237,0.8392,2.49527,0.293,10,discharge,3,-28.685,9.562,10.0,9.9,3.466,2.4998,33.6831,12-04-21_21.40_CC_protocol_HPPC_IN21700_30T_cycle_#1237.mat
CC,1237,0.8392,2.49527,0.2516,11,discharge,0,-2.494,0.831,10.0,9.9,3.4257,3.3284,39.0074,12-04-21_21.40_CC_protocol_HPPC_IN21700_30T_cycle_#1237.mat
CC,1237,0.8392,2.49527,0.2516,11,discharge,1,-9.978,3.326,10.0,9.9,3.4263,2.9731,45.419,12-04-21_21.40_CC_protocol_HPPC_IN21700_30T_cycle_#1237.mat
CC,1237,0.8392,2.49527,0.2515,11,discharge,2,-19.955,6.652,10.0,9.9,3.4286,2.4999,46.5397,12-04-21_21.40_CC_protocol_HPPC_IN21700_30T_cycle_#1237.mat
CC,1237,0.8392,2.49527,0.2514,11,discharge,3,-25.265,8.422,10.0,9.9,3.4291,2.4999,36.7782,12-04-21_21.40_CC_protocol_HPPC_IN21700_30T_cycle_#1237.mat
CC,1237,0.8392,2.49527,0.2101,12,discharge,0,-2.497,0.832,10.0,9.9,3.3835,3.2375,58.4819,12-04-21_21.40_CC_protocol_HPPC_IN21700_30T_cycle_#1237.mat
CC,1237,0.8392,2.49527,0.21,12,discharge,1,-9.978,3.326,10.0,9.9,3.3846,2.6597,72.6469,12-04-21_21.40_CC_protocol_HPPC_IN21700_30T_cycle_#1237.mat
CC,1237,0.8392,2.49527,0.2099,12,discharge,2,-15.933,5.311,10.0,9.9,3.3891,2.4999,55.8087,12-04-21_21.40_CC_protocol_HPPC_IN21700_30T_cycle_#1237.mat
CC,1237,0.8392,2.49527,0.2099,12,discharge,3,-15.012,5.004,10.0,9.9,3.3905,2.5,59.3192,12-04-21_21.40_CC_protocol_HPPC_IN21700_30T_cycle_#1237.mat
CC,1275,0.8347,2.4819,1.0,0,discharge,0,-2.481,0.827,10.0,9.7,4.1163,4.0169,40.058,12-12-21_20.45_CC_protocol_HPPC_IN21700_30T_cycle_#1275.mat
CC,1275,0.8347,2.4819,0.9999,0,discharge,1,-9.928,3.309,10.0,9.9,4.1255,3.804,32.3838,12-12-21_20.45_CC_protocol_HPPC_IN21700_30T_cycle_#1275.mat
CC,1275,0.8347,2.4819,0.9998,0,discharge,2,-19.853,6.618,10.0,9.9,4.1249,3.5962,26.6307,12-12-21_20.45_CC_protocol_HPPC_IN21700_30T_cycle_#1275.mat
CC,1275,0.8347,2.4819,0.9998,0,discharge,3,-28.537,9.512,10.0,9.9,4.1247,3.4343,24.1932,12-12-21_20.45_CC_protocol_HPPC_IN21700_30T_cycle_#1275.mat
CC,1275,0.8347,2.4819,0.9586,1,discharge,0,-2.482,0.827,10.0,9.9,4.0849,3.9967,35.543,12-12-21_20.45_CC_protocol_HPPC_IN21700_30T_cycle_#1275.mat
CC,1275,0.8347,2.4819,0.9586,1,discharge,1,-9.927,3.309,10.0,9.9,4.0854,3.7928,29.4749,12-12-21_20.45_CC_protocol_HPPC_IN21700_30T_cycle_#1275.mat
CC,1275,0.8347,2.4819,0.9585,1,discharge,2,-19.853,6.618,10.0,9.9,4.0858,3.5837,25.2909,12-12-21_20.45_CC_protocol_HPPC_IN21700_30T_cycle_#1275.mat
CC,1275,0.8347,2.4819,0.9584,1,discharge,3,-28.537,9.512,10.0,9.9,4.0871,3.4221,23.3031,12-12-21_20.45_CC_protocol_HPPC_IN21700_30T_cycle_#1275.mat
CC,1275,0.8347,2.4819,0.9173,2,discharge,0,-2.481,0.827,10.0,9.9,4.0718,3.9876,33.9325,12-12-21_20.45_CC_protocol_HPPC_IN21700_30T_cycle_#1275.mat
CC,1275,0.8347,2.4819,0.9172,2,discharge,1,-9.928,3.309,10.0,9.9,4.0724,3.7771,29.7454,12-12-21_20.45_CC_protocol_HPPC_IN21700_30T_cycle_#1275.mat
CC,1275,0.8347,2.4819,0.9171,2,discharge,2,-19.852,6.617,10.0,9.9,4.0722,3.5618,25.7103,12-12-21_20.45_CC_protocol_HPPC_IN21700_30T_cycle_#1275.mat
CC,1275,0.8347,2.4819,0.917,2,discharge,3,-28.538,9.513,10.0,9.9,4.0745,3.3958,23.7823,12-12-21_20.45_CC_protocol_HPPC_IN21700_30T_cycle_#1275.mat
CC,1275,0.8347,2.4819,0.8345,3,discharge,0,-2.482,0.827,10.0,9.9,3.9811,3.9016,32.0332,12-12-21_20.45_CC_protocol_HPPC_IN21700_30T_cycle_#1275.mat
CC,1275,0.8347,2.4819,0.8345,3,discharge,1,-9.927,3.309,10.0,9.9,3.9826,3.7057,27.8933,12-12-21_20.45_CC_protocol_HPPC_IN21700_30T_cycle_#1275.mat
CC,1275,0.8347,2.4819,0.8344,3,discharge,2,-19.853,6.618,10.0,9.9,3.9839,3.501,24.3238,12-12-21_20.45_CC_protocol_HPPC_IN21700_30T_cycle_#1275.mat
CC,1275,0.8347,2.4819,0.8343,3,discharge,3,-28.537,9.512,10.0,9.9,3.9847,3.3408,22.5637,12-12-21_20.45_CC_protocol_HPPC_IN21700_30T_cycle_#1275.mat
CC,1275,0.8347,2.4819,0.7518,4,discharge,0,-2.479,0.826,10.0,9.9,3.8997,3.8295,28.3122,12-12-21_20.45_CC_protocol_HPPC_IN21700_30T_cycle_#1275.mat
CC,1275,0.8347,2.4819,0.7517,4,discharge,1,-9.928,3.309,10.0,9.9,3.9011,3.6481,25.4845,12-12-21_20.45_CC_protocol_HPPC_IN21700_30T_cycle_#1275.mat
CC,1275,0.8347,2.4819,0.7517,4,discharge,2,-19.852,6.617,10.0,9.9,3.9017,3.4443,23.0405,12-12-21_20.45_CC_protocol_HPPC_IN21700_30T_cycle_#1275.mat
CC,1275,0.8347,2.4819,0.7516,4,discharge,3,-28.537,9.512,10.0,9.91,3.9027,3.2761,21.9575,12-12-21_20.45_CC_protocol_HPPC_IN21700_30T_cycle_#1275.mat
CC,1275,0.8347,2.4819,0.6691,5,discharge,0,-2.48,0.827,10.0,9.9,3.8082,3.7413,26.9791,12-12-21_20.45_CC_protocol_HPPC_IN21700_30T_cycle_#1275.mat
CC,1275,0.8347,2.4819,0.669,5,discharge,1,-9.928,3.309,10.0,9.9,3.8089,3.5613,24.9408,12-12-21_20.45_CC_protocol_HPPC_IN21700_30T_cycle_#1275.mat
CC,1275,0.8347,2.4819,0.6689,5,discharge,2,-19.852,6.617,10.0,9.9,3.8098,3.3569,22.8138,12-12-21_20.45_CC_protocol_HPPC_IN21700_30T_cycle_#1275.mat
CC,1275,0.8347,2.4819,0.6689,5,discharge,3,-28.536,9.512,10.0,9.9,3.8102,3.1937,21.6043,12-12-21_20.45_CC_protocol_HPPC_IN21700_30T_cycle_#1275.mat
CC,1275,0.8347,2.4819,0.5864,6,discharge,0,-2.482,0.827,10.0,9.9,3.7238,3.6593,25.9871,12-12-21_20.45_CC_protocol_HPPC_IN21700_30T_cycle_#1275.mat
CC,1275,0.8347,2.4819,0.5863,6,discharge,1,-9.927,3.309,10.0,9.9,3.7249,3.4818,24.4883,12-12-21_20.45_CC_protocol_HPPC_IN21700_30T_cycle_#1275.mat
CC,1275,0.8347,2.4819,0.5862,6,discharge,2,-19.853,6.618,10.0,9.9,3.7261,3.2792,22.5105,12-12-21_20.45_CC_protocol_HPPC_IN21700_30T_cycle_#1275.mat
CC,1275,0.8347,2.4819,0.5862,6,discharge,3,-28.538,9.513,10.0,9.9,3.7271,3.1086,21.6729,12-12-21_20.45_CC_protocol_HPPC_IN21700_30T_cycle_#1275.mat
CC,1275,0.8347,2.4819,0.5036,7,discharge,0,-2.48,0.827,10.0,9.9,3.6509,3.5851,26.5312,12-12-21_20.45_CC_protocol_HPPC_IN21700_30T_cycle_#1275.mat
CC,1275,0.8347,2.4819,0.5036,7,discharge,1,-9.926,3.309,10.0,9.9,3.6517,3.4024,25.1159,12-12-21_20.45_CC_protocol_HPPC_IN21700_30T_cycle_#1275.mat
CC,1275,0.8347,2.4819,0.5035,7,discharge,2,-19.852,6.617,10.0,9.9,3.6526,3.1915,23.2269,12-12-21_20.45_CC_protocol_HPPC_IN21700_30T_cycle_#1275.mat
CC,1275,0.8347,2.4819,0.5034,7,discharge,3,-28.539,9.513,10.0,9.9,3.6536,3.0199,22.2047,12-12-21_20.45_CC_protocol_HPPC_IN21700_30T_cycle_#1275.mat
CC,1275,0.8347,2.4819,0.4209,8,discharge,0,-2.482,0.827,10.0,9.9,3.5906,3.5224,27.4767,12-12-21_20.45_CC_protocol_HPPC_IN21700_30T_cycle_#1275.mat
CC,1275,0.8347,2.4819,0.4209,8,discharge,1,-9.926,3.309,10.0,9.9,3.5915,3.3324,26.1037,12-12-21_20.45_CC_protocol_HPPC_IN21700_30T_cycle_#1275.mat
CC,1275,0.8347,2.4819,0.4208,8,discharge,2,-19.853,6.618,10.0,9.91,3.5918,3.1091,24.3137,12-12-21_20.45_CC_protocol_HPPC_IN21700_30T_cycle_#1275.mat
CC,1275,0.8347,2.4819,0.4207,8,discharge,3,-28.538,9.513,10.0,9.9,3.5924,2.9209,23.53,12-12-21_20.45_CC_protocol_HPPC_IN21700_30T_cycle_#1275.mat
CC,1275,0.8347,2.4819,0.3382,9,discharge,0,-2.48,0.827,10.0,9.9,3.5106,3.4299,32.5364,12-12-21_20.45_CC_protocol_HPPC_IN21700_30T_cycle_#1275.mat
CC,1275,0.8347,2.4819,0.3381,9,discharge,1,-9.928,3.309,10.0,9.9,3.5117,3.2017,31.2245,12-12-21_20.45_CC_protocol_HPPC_IN21700_30T_cycle_#1275.mat
CC,1275,0.8347,2.4819,0.3381,9,discharge,2,-19.855,6.618,10.0,9.9,3.5138,2.9032,30.753,12-12-21_20.45_CC_protocol_HPPC_IN21700_30T_cycle_#1275.mat
CC,1275,0.8347,2.4819,0.338,9,discharge,3,-28.537,9.512,10.0,9.9,3.5155,2.6163,31.51,12-12-21_20.45_CC_protocol_HPPC_IN21700_30T_cycle_#1275.mat
CC,1275,0.8347,2.4819,0.2968,10,discharge,0,-2.48,0.827,10.0,9.9,3.4635,3.3773,34.7553,12-12-21_20.45_CC_protocol_HPPC_IN21700_30T_cycle_#1275.mat
CC,1275,0.8347,2.4819,0.2968,10,discharge,1,-9.928,3.309,10.0,9.9,3.464,3.1116,35.4945,12-12-21_20.45_CC_protocol_HPPC_IN21700_30T_cycle_#1275.mat
CC,1275,0.8347,2.4819,0.2967,10,discharge,2,-19.853,6.618,10.0,9.9,3.465,2.7287,37.0876,12-12-21_20.45_CC_protocol_HPPC_IN21700_30T_cycle_#1275.mat
CC,1275,0.8347,2.4819,0.2966,10,discharge,3,-28.539,9.513,10.0,9.9,3.4658,2.4998,33.8484,12-12-21_20.45_CC_protocol_HPPC_IN21700_30T_cycle_#1275.mat
CC,1275,0.8347,2.4819,0.2555,11,discharge,0,-2.481,0.827,10.0,9.9,3.4248,3.318,43.0558,12-12-21_20.45_CC_protocol_HPPC_IN21700_30T_cycle_#1275.mat
CC,1275,0.8347,2.4819,0.2554,11,discharge,1,-9.926,3.309,10.0,9.9,3.4249,2.9292,49.938,12-12-21_20.45_CC_protocol_HPPC_IN21700_30T_cycle_#1275.mat
CC,1275,0.8347,2.4819,0.2554,11,discharge,2,-19.855,6.618,10.0,9.9,3.4271,2.4999,46.6986,12-12-21_20.45_CC_protocol_HPPC_IN21700_30T_cycle_#1275.mat
CC,1275,0.8347,2.4819,0.2553,11,discharge,3,-23.095,7.698,10.0,9.9,3.4285,2.4999,40.2078,12-12-21_20.45_CC_protocol_HPPC_IN21700_30T_cycle_#1275.mat
CC,1275,0.8347,2.4819,0.2141,12,discharge,0,-2.481,0.827,10.0,9.9,3.3835,3.2301,61.8424,12-12-21_20.45_CC_protocol_HPPC_IN21700_30T_cycle_#1275.mat
CC,1275,0.8347,2.4819,0.214,12,discharge,1,-9.929,3.31,10.0,9.9,3.385,2.64,75.0358,12-12-21_20.45_CC_protocol_HPPC_IN21700_30T_cycle_#1275.mat
CC,1275,0.8347,2.4819,0.214,12,discharge,2,-15.473,5.158,10.0,9.9,3.3901,2.5,57.526,12-12-21_20.45_CC_protocol_HPPC_IN21700_30T_cycle_#1275.mat
CC,1275,0.8347,2.4819,0.2139,12,discharge,3,-14.699,4.9,10.0,9.9,3.3907,2.5,60.596,12-12-21_20.45_CC_protocol_HPPC_IN21700_30T_cycle_#1275.mat
CC,1312,0.82713,2.45938,1.0,0,discharge,0,-2.461,0.82,10.0,9.7,4.1194,4.0101,44.4219,12-18-21_10.45_CC_protocol_HPPC_IN21700_30T_cycle_#1312.mat
CC,1312,0.82713,2.45938,0.9999,0,discharge,1,-9.837,3.279,10.0,9.9,4.1289,3.7904,34.4123,12-18-21_10.45_CC_protocol_HPPC_IN21700_30T_cycle_#1312.mat
CC,1312,0.82713,2.45938,0.9998,0,discharge,2,-19.671,6.557,10.0,9.9,4.1278,3.5827,27.7108,12-18-21_10.45_CC_protocol_HPPC_IN21700_30T_cycle_#1312.mat
CC,1312,0.82713,2.45938,0.9998,0,discharge,3,-28.278,9.426,10.0,9.9,4.1277,3.4237,24.8957,12-18-21_10.45_CC_protocol_HPPC_IN21700_30T_cycle_#1312.mat
CC,1312,0.82713,2.45938,0.9585,1,discharge,0,-2.459,0.82,10.0,9.9,4.0852,3.9887,39.2388,12-18-21_10.45_CC_protocol_HPPC_IN21700_30T_cycle_#1312.mat
CC,1312,0.82713,2.45938,0.9585,1,discharge,1,-9.835,3.278,10.0,9.9,4.0856,3.7752,31.5604,12-18-21_10.45_CC_protocol_HPPC_IN21700_30T_cycle_#1312.mat
CC,1312,0.82713,2.45938,0.9584,1,discharge,2,-19.672,6.557,10.0,9.9,4.0864,3.5611,26.7029,12-18-21_10.45_CC_protocol_HPPC_IN21700_30T_cycle_#1312.mat
CC,1312,0.82713,2.45938,0.9583,1,discharge,3,-28.276,9.425,10.0,9.9,4.0877,3.3952,24.4907,12-18-21_10.45_CC_protocol_HPPC_IN21700_30T_cycle_#1312.mat
CC,1312,0.82713,2.45938,0.9175,2,discharge,0,-2.459,0.82,10.0,9.9,4.0717,3.981,36.8879,12-18-21_10.45_CC_protocol_HPPC_IN21700_30T_cycle_#1312.mat
CC,1312,0.82713,2.45938,0.9175,2,discharge,1,-9.834,3.278,10.0,9.9,4.0722,3.7661,31.1261,12-18-21_10.45_CC_protocol_HPPC_IN21700_30T_cycle_#1312.mat
CC,1312,0.82713,2.45938,0.9174,2,discharge,2,-19.672,6.557,10.0,9.9,4.0731,3.5503,26.5758,12-18-21_10.45_CC_protocol_HPPC_IN21700_30T_cycle_#1312.mat
CC,1312,0.82713,2.45938,0.9173,2,discharge,3,-28.279,9.426,10.0,9.9,4.0749,3.386,24.3608,12-18-21_10.45_CC_protocol_HPPC_IN21700_30T_cycle_#1312.mat
CC,1312,0.82713,2.45938,0.8356,3,discharge,0,-2.458,0.819,10.0,9.9,3.9829,3.9024,32.7502,12-18-21_10.45_CC_protocol_HPPC_IN21700_30T_cycle_#1312.mat
CC,1312,0.82713,2.45938,0.8355,3,discharge,1,-9.835,3.278,10.0,9.9,3.9839,3.7004,28.8262,12-18-21_10.45_CC_protocol_HPPC_IN21700_30T_cycle_#1312.mat
CC,1312,0.82713,2.45938,0.8354,3,discharge,2,-19.67,6.557,10.0,9.9,3.9863,3.4893,25.2669,12-18-21_10.45_CC_protocol_HPPC_IN21700_30T_cycle_#1312.mat
CC,1312,0.82713,2.45938,0.8353,3,discharge,3,-28.277,9.426,10.0,9.9,3.9881,3.3248,23.4572,12-18-21_10.45_CC_protocol_HPPC_IN21700_30T_cycle_#1312.mat
CC,1312,0.82713,2.45938,0.7536,4,discharge,0,-2.458,0.819,10.0,9.9,3.9017,3.8264,30.6334,12-18-21_10.45_CC_protocol_HPPC_IN21700_30T_cycle_#1312.mat
CC,1312,0.82713,2.45938,0.7535,4,discharge,1,-9.836,3.279,10.0,9.9,3.9026,3.6359,27.1136,12-18-21_10.45_CC_protocol_HPPC_IN21700_30T_cycle_#1312.mat
CC,1312,0.82713,2.45938,0.7534,4,discharge,2,-19.671,6.557,10.0,9.9,3.9034,3.4301,24.0608,12-18-21_10.45_CC_protocol_HPPC_IN21700_30T_cycle_#1312.mat
CC,1312,0.82713,2.45938,0.7536,4,discharge,3,-28.277,9.426,10.0,9.9,3.9073,3.2792,22.2124,12-18-21_10.45_CC_protocol_HPPC_IN21700_30T_cycle_#1312.mat
CC,1312,0.82713,2.45938,0.6716,5,discharge,0,-2.461,0.82,10.0,9.9,3.8129,3.7431,28.3682,12-18-21_10.45_CC_protocol_HPPC_IN21700_30T_cycle_#1312.mat
CC,1312,0.82713,2.45938,0.6716,5,discharge,1,-9.837,3.279,10.0,9.9,3.8137,3.558,25.9934,12-18-21_10.45_CC_protocol_HPPC_IN21700_30T_cycle_#1312.mat
CC,1312,0.82713,2.45938,0.6715,5,discharge,2,-19.673,6.558,10.0,9.9,3.8144,3.3498,23.6161,12-18-21_10.45_CC_protocol_HPPC_IN21700_30T_cycle_#1312.mat
CC,1312,0.82713,2.45938,0.6714,5,discharge,3,-28.277,9.426,10.0,9.9,3.815,3.184,22.315,12-18-21_10.45_CC_protocol_HPPC_IN21700_30T_cycle_#1312.mat
CC,1312,0.82713,2.45938,0.5897,6,discharge,0,-2.461,0.82,10.0,9.9,3.7285,3.66,27.8387,12-18-21_10.45_CC_protocol_HPPC_IN21700_30T_cycle_#1312.mat
CC,1312,0.82713,2.45938,0.5896,6,discharge,1,-9.835,3.278,10.0,9.9,3.7296,3.4755,25.8368,12-18-21_10.45_CC_protocol_HPPC_IN21700_30T_cycle_#1312.mat
CC,1312,0.82713,2.45938,0.5895,6,discharge,2,-19.669,6.556,10.0,9.9,3.7301,3.2686,23.4633,12-18-21_10.45_CC_protocol_HPPC_IN21700_30T_cycle_#1312.mat
CC,1312,0.82713,2.45938,0.5895,6,discharge,3,-28.278,9.426,10.0,9.9,3.7319,3.103,22.2399,12-18-21_10.45_CC_protocol_HPPC_IN21700_30T_cycle_#1312.mat
CC,1312,0.82713,2.45938,0.5077,7,discharge,0,-2.461,0.82,10.0,9.9,3.6546,3.5862,27.7958,12-18-21_10.45_CC_protocol_HPPC_IN21700_30T_cycle_#1312.mat
CC,1312,0.82713,2.45938,0.5076,7,discharge,1,-9.835,3.278,10.0,9.9,3.6554,3.3993,26.0386,12-18-21_10.45_CC_protocol_HPPC_IN21700_30T_cycle_#1312.mat
CC,1312,0.82713,2.45938,0.5075,7,discharge,2,-19.67,6.557,10.0,9.9,3.6563,3.1848,23.9705,12-18-21_10.45_CC_protocol_HPPC_IN21700_30T_cycle_#1312.mat
CC,1312,0.82713,2.45938,0.5075,7,discharge,3,-28.278,9.426,10.0,9.9,3.6573,3.0102,22.8835,12-18-21_10.45_CC_protocol_HPPC_IN21700_30T_cycle_#1312.mat
CC,1312,0.82713,2.45938,0.4257,8,discharge,0,-2.459,0.82,10.0,9.9,3.5945,3.5228,29.1629,12-18-21_10.45_CC_protocol_HPPC_IN21700_30T_cycle_#1312.mat
CC,1312,0.82713,2.45938,0.4257,8,discharge,1,-9.835,3.278,10.0,9.9,3.5955,3.3257,27.4329,12-18-21_10.45_CC_protocol_HPPC_IN21700_30T_cycle_#1312.mat
CC,1312,0.82713,2.45938,0.4256,8,discharge,2,-19.671,6.557,10.0,9.9,3.5965,3.0972,25.3825,12-18-21_10.45_CC_protocol_HPPC_IN21700_30T_cycle_#1312.mat
CC,1312,0.82713,2.45938,0.4255,8,discharge,3,-28.277,9.426,10.0,9.9,3.5971,2.9068,24.4121,12-18-21_10.45_CC_protocol_HPPC_IN21700_30T_cycle_#1312.mat
CC,1312,0.82713,2.45938,0.3438,9,discharge,0,-2.459,0.82,10.0,9.9,3.5169,3.4345,33.5109,12-18-21_10.45_CC_protocol_HPPC_IN21700_30T_cycle_#1312.mat
CC,1312,0.82713,2.45938,0.3437,9,discharge,1,-9.836,3.279,10.0,9.9,3.5179,3.2034,31.9754,12-18-21_10.45_CC_protocol_HPPC_IN21700_30T_cycle_#1312.mat
CC,1312,0.82713,2.45938,0.3436,9,discharge,2,-19.671,6.557,10.0,9.9,3.5201,2.9064,31.1982,12-18-21_10.45_CC_protocol_HPPC_IN21700_30T_cycle_#1312.mat
CC,1312,0.82713,2.45938,0.3436,9,discharge,3,-28.278,9.426,10.0,9.9,3.5213,2.6228,31.7738,12-18-21_10.45_CC_protocol_HPPC_IN21700_30T_cycle_#1312.mat
CC,1312,0.82713,2.45938,0.3028,10,discharge,0,-2.461,0.82,10.0,9.9,3.4714,3.382,36.3296,12-18-21_10.45_CC_protocol_HPPC_IN21700_30T_cycle_#1312.mat
CC,1312,0.82713,2.45938,0.3027,10,discharge,1,-9.837,3.279,10.0,9.9,3.472,3.1121,36.586,12-18-21_10.45_CC_protocol_HPPC_IN21700_30T_cycle_#1312.mat
CC,1312,0.82713,2.45938,0.3027,10,discharge,2,-19.672,6.557,10.0,9.9,3.4726,2.7332,37.5864,12-18-21_10.45_CC_protocol_HPPC_IN21700_30T_cycle_#1312.mat
CC,1312,0.82713,2.45938,0.3026,10,discharge,3,-28.279,9.426,10.0,9.9,3.4736,2.4998,34.4354,12-18-21_10.45_CC_protocol_HPPC_IN21700_30T_cycle_#1312.mat
CC,1312,0.82713,2.45938,0.2618,11,discharge,0,-2.461,0.82,10.0,9.9,3.4311,3.3289,41.5312,12-18-21_10.45_CC_protocol_HPPC_IN21700_30T_cycle_#1312.mat
CC,1312,0.82713,2.45938,0.2617,11,discharge,1,-9.835,3.278,10.0,9.9,3.431,2.9713,46.7403,12-18-21_10.45_CC_protocol_HPPC_IN21700_30T_cycle_#1312.mat
CC,1312,0.82713,2.45938,0.2616,11,discharge,2,-19.672,6.557,10.0,9.9,3.4336,2.4999,47.4634,12-18-21_10.45_CC_protocol_HPPC_IN21700_30T_cycle_#1312.mat
CC,1312,0.82713,2.45938,0.2616,11,discharge,3,-24.142,8.047,10.0,9.9,3.4344,2.4999,38.7085,12-18-21_10.45_CC_protocol_HPPC_IN21700_30T_cycle_#1312.mat
CC,1312,0.82713,2.45938,0.2208,12,discharge,0,-2.459,0.82,10.0,9.9,3.3932,3.2427,61.2037,12-18-21_10.45_CC_protocol_HPPC_IN21700_30T_cycle_#1312.mat
CC,1312,0.82713,2.45938,0.2207,12,discharge,1,-9.836,3.279,10.0,9.9,3.3945,2.6838,72.2565,12-18-21_10.45_CC_protocol_HPPC_IN21700_30T_cycle_#1312.mat
CC,1312,0.82713,2.45938,0.2207,12,discharge,2,-16.35,5.45,10.0,9.9,3.3989,2.4999,54.9847,12-18-21_10.45_CC_protocol_HPPC_IN21700_30T_cycle_#1312.mat
CC,1312,0.82713,2.45938,0.2206,12,discharge,3,-15.476,5.159,10.0,9.9,3.3999,2.5,58.1481,12-18-21_10.45_CC_protocol_HPPC_IN21700_30T_cycle_#1312.mat
CC,1350,0.82108,2.44141,1.0,0,discharge,0,-2.442,0.814,10.0,9.7,4.1128,4.0053,44.0195,12-26-21_12.30_CC_protocol_HPPC_IN21700_30T_cycle_#1350.mat
CC,1350,0.82108,2.44141,0.9999,0,discharge,1,-9.765,3.255,10.0,9.9,4.122,3.7851,34.5015,12-26-21_12.30_CC_protocol_HPPC_IN21700_30T_cycle_#1350.mat
CC,1350,0.82108,2.44141,0.9998,0,discharge,2,-19.528,6.509,10.0,9.9,4.1206,3.5717,28.1084,12-26-21_12.30_CC_protocol_HPPC_IN21700_30T_cycle_#1350.mat
CC,1350,0.82108,2.44141,0.9998,0,discharge,3,-28.072,9.357,10.0,9.9,4.12,3.406,25.4346,12-26-21_12.30_CC_protocol_HPPC_IN21700_30T_cycle_#1350.mat
CC,1350,0.82108,2.44141,0.9593,1,discharge,0,-2.442,0.814,10.0,9.9,4.0829,3.9892,38.367,12-26-21_12.30_CC_protocol_HPPC_IN21700_30T_cycle_#1350.mat
CC,1350,0.82108,2.44141,0.9592,1,discharge,1,-9.765,3.255,10.0,9.9,4.0832,3.7707,32.0011,12-26-21_12.30_CC_protocol_HPPC_IN21700_30T_cycle_#1350.mat
CC,1350,0.82108,2.44141,0.9592,1,discharge,2,-19.527,6.509,10.0,9.9,4.084,3.5495,27.3724,12-26-21_12.30_CC_protocol_HPPC_IN21700_30T_cycle_#1350.mat
CC,1350,0.82108,2.44141,0.9591,1,discharge,3,-28.072,9.357,10.0,9.9,4.0844,3.3794,25.114,12-26-21_12.30_CC_protocol_HPPC_IN21700_30T_cycle_#1350.mat
CC,1350,0.82108,2.44141,0.9186,2,discharge,0,-2.442,0.814,10.0,9.9,4.0677,3.9734,38.6143,12-26-21_12.30_CC_protocol_HPPC_IN21700_30T_cycle_#1350.mat
CC,1350,0.82108,2.44141,0.9185,2,discharge,1,-9.765,3.255,10.0,9.9,4.0686,3.7534,32.2785,12-26-21_12.30_CC_protocol_HPPC_IN21700_30T_cycle_#1350.mat
CC,1350,0.82108,2.44141,0.9185,2,discharge,2,-19.53,6.51,10.0,9.9,4.0697,3.5327,27.4962,12-26-21_12.30_CC_protocol_HPPC_IN21700_30T_cycle_#1350.mat
CC,1350,0.82108,2.44141,0.9184,2,discharge,3,-28.072,9.357,10.0,9.9,4.0717,3.3636,25.2244,12-26-21_12.30_CC_protocol_HPPC_IN21700_30T_cycle_#1350.mat
CC,1350,0.82108,2.44141,0.8372,3,discharge,0,-2.442,0.814,10.0,9.9,3.9698,3.8875,33.7005,12-26-21_12.30_CC_protocol_HPPC_IN21700_30T_cycle_#1350.mat
CC,1350,0.82108,2.44141,0.8372,3,discharge,1,-9.765,3.255,10.0,9.9,3.9712,3.6878,29.0223,12-26-21_12.30_CC_protocol_HPPC_IN21700_30T_cycle_#1350.mat
CC,1350,0.82108,2.44141,0.8371,3,discharge,2,-19.529,6.51,10.0,9.9,3.9726,3.4804,25.2035,12-26-21_12.30_CC_protocol_HPPC_IN21700_30T_cycle_#1350.mat
CC,1350,0.82108,2.44141,0.837,3,discharge,3,-28.074,9.358,10.0,9.9,3.9743,3.3099,23.666,12-26-21_12.30_CC_protocol_HPPC_IN21700_30T_cycle_#1350.mat
CC,1350,0.82108,2.44141,0.7559,4,discharge,0,-2.442,0.814,10.0,9.9,3.8897,3.8113,32.1035,12-26-21_12.30_CC_protocol_HPPC_IN21700_30T_cycle_#1350.mat
CC,1350,0.82108,2.44141,0.7558,4,discharge,1,-9.765,3.255,10.0,9.9,3.8903,3.6172,27.9672,12-26-21_12.30_CC_protocol_HPPC_IN21700_30T_cycle_#1350.mat
CC,1350,0.82108,2.44141,0.7557,4,discharge,2,-19.528,6.509,10.0,9.9,3.8909,3.4069,24.7849,12-26-21_12.30_CC_protocol_HPPC_IN21700_30T_cycle_#1350.mat
CC,1350,0.82108,2.44141,0.7557,4,discharge,3,-28.072,9.357,10.0,9.9,3.8923,3.2399,23.2402,12-26-21_12.30_CC_protocol_HPPC_IN21700_30T_cycle_#1350.mat
CC,1350,0.82108,2.44141,0.6745,5,discharge,0,-2.444,0.815,10.0,9.9,3.7987,3.7279,28.9689,12-26-21_12.30_CC_protocol_HPPC_IN21700_30T_cycle_#1350.mat
CC,1350,0.82108,2.44141,0.6744,5,discharge,1,-9.766,3.255,10.0,9.9,3.7995,3.541,26.4691,12-26-21_12.30_CC_protocol_HPPC_IN21700_30T_cycle_#1350.mat
CC,1350,0.82108,2.44141,0.6744,5,discharge,2,-19.529,6.51,10.0,9.9,3.8008,3.3326,23.9746,12-26-21_12.30_CC_protocol_HPPC_IN21700_30T_cycle_#1350.mat
CC,1350,0.82108,2.44141,0.6743,5,discharge,3,-28.072,9.357,10.0,9.9,3.8017,3.1673,22.599,12-26-21_12.30_CC_protocol_HPPC_IN21700_30T_cycle_#1350.mat
CC,1350,0.82108,2.44141,0.5931,6,discharge,0,-2.443,0.814,10.0,9.9,3.7144,3.6424,29.4768,12-26-21_12.30_CC_protocol_HPPC_IN21700_30T_cycle_#1350.mat
CC,1350,0.82108,2.44141,0.593,6,discharge,1,-9.766,3.255,10.0,9.9,3.7156,3.4501,27.1864,12-26-21_12.30_CC_protocol_HPPC_IN21700_30T_cycle_#1350.mat
CC,1350,0.82108,2.44141,0.593,6,discharge,2,-19.53,6.51,10.0,9.9,3.7169,3.236,24.6237,12-26-21_12.30_CC_protocol_HPPC_IN21700_30T_cycle_#1350.mat
CC,1350,0.82108,2.44141,0.5929,6,discharge,3,-28.071,9.357,10.0,9.9,3.7183,3.0637,23.3194,12-26-21_12.30_CC_protocol_HPPC_IN21700_30T_cycle_#1350.mat
CC,1350,0.82108,2.44141,0.5117,7,discharge,0,-2.443,0.814,10.0,9.9,3.6454,3.5744,29.0662,12-26-21_12.30_CC_protocol_HPPC_IN21700_30T_cycle_#1350.mat
CC,1350,0.82108,2.44141,0.5117,7,discharge,1,-9.763,3.254,10.0,9.9,3.6462,3.3827,26.9888,12-26-21_12.30_CC_protocol_HPPC_IN21700_30T_cycle_#1350.mat
CC,1350,0.82108,2.44141,0.5116,7,discharge,2,-19.528,6.509,10.0,9.9,3.6473,3.1651,24.6927,12-26-21_12.30_CC_protocol_HPPC_IN21700_30T_cycle_#1350.mat
CC,1350,0.82108,2.44141,0.5115,7,discharge,3,-28.071,9.357,10.0,9.9,3.6482,2.9896,23.4619,12-26-21_12.30_CC_protocol_HPPC_IN21700_30T_cycle_#1350.mat
CC,1350,0.82108,2.44141,0.4303,8,discharge,0,-2.443,0.814,10.0,9.9,3.5844,3.5072,31.6044,12-26-21_12.30_CC_protocol_HPPC_IN21700_30T_cycle_#1350.mat
CC,1350,0.82108,2.44141,0.4303,8,discharge,1,-9.764,3.255,10.0,9.9,3.5847,3.2985,29.3112,12-26-21_12.30_CC_protocol_HPPC_IN21700_30T_cycle_#1350.mat
CC,1350,0.82108,2.44141,0.4302,8,discharge,2,-19.528,6.509,10.0,9.9,3.5866,3.0568,27.1303,12-26-21_12.30_CC_protocol_HPPC_IN21700_30T_cycle_#1350.mat
CC,1350,0.82108,2.44141,0.4302,8,discharge,3,-28.072,9.357,10.0,9.9,3.5871,2.8524,26.172,12-26-21_12.30_CC_protocol_HPPC_IN21700_30T_cycle_#1350.mat
CC,1350,0.82108,2.44141,0.349,9,discharge,0,-2.441,0.814,10.0,9.9,3.5038,3.4153,36.2556,12-26-21_12.30_CC_protocol_HPPC_IN21700_30T_cycle_#1350.mat
CC,1350,0.82108,2.44141,0.3489,9,discharge,1,-9.766,3.255,10.0,9.9,3.505,3.1689,34.4167,12-26-21_12.30_CC_protocol_HPPC_IN21700_30T_cycle_#1350.mat
CC,1350,0.82108,2.44141,0.3489,9,discharge,2,-19.529,6.51,10.0,9.9,3.5072,2.8484,33.7344,12-26-21_12.30_CC_protocol_HPPC_IN21700_30T_cycle_#1350.mat
CC,1350,0.82108,2.44141,0.3488,9,discharge,3,-28.071,9.357,10.0,9.9,3.5092,2.5442,34.3771,12-26-21_12.30_CC_protocol_HPPC_IN21700_30T_cycle_#1350.mat
CC,1350,0.82108,2.44141,0.3083,10,discharge,0,-2.441,0.814,10.0,9.9,3.4583,3.36,40.2737,12-26-21_12.30_CC_protocol_HPPC_IN21700_30T_cycle_#1350.mat
CC,1350,0.82108,2.44141,0.3082,10,discharge,1,-9.764,3.255,10.0,9.9,3.4586,3.0562,41.2114,12-26-21_12.30_CC_protocol_HPPC_IN21700_30T_cycle_#1350.mat
CC,1350,0.82108,2.44141,0.3082,10,discharge,2,-19.53,6.51,10.0,9.9,3.4598,2.6271,42.637,12-26-21_12.30_CC_protocol_HPPC_IN21700_30T_cycle_#1350.mat
CC,1350,0.82108,2.44141,0.3081,10,discharge,3,-28.071,9.357,10.0,9.9,3.4602,2.4999,34.2097,12-26-21_12.30_CC_protocol_HPPC_IN21700_30T_cycle_#1350.mat
CC,1350,0.82108,2.44141,0.2676,11,discharge,0,-2.442,0.814,10.0,9.9,3.4214,3.3002,49.6375,12-26-21_12.30_CC_protocol_HPPC_IN21700_30T_cycle_#1350.mat
CC,1350,0.82108,2.44141,0.2676,11,discharge,1,-9.765,3.255,10.0,9.9,3.4215,2.8708,56.3953,12-26-21_12.30_CC_protocol_HPPC_IN21700_30T_cycle_#1350.mat
CC,1350,0.82108,2.44141,0.2675,11,discharge,2,-19.527,6.509,10.0,9.9,3.4247,2.4999,47.3601,12-26-21_12.30_CC_protocol_HPPC_IN21700_30T_cycle_#1350.mat
CC,1350,0.82108,2.44141,0.2674,11,discharge,3,-20.943,6.981,10.0,9.9,3.425,2.4999,44.1723,12-26-21_12.30_CC_protocol_HPPC_IN21700_30T_cycle_#1350.mat
CC,1350,0.82108,2.44141,0.2269,12,discharge,0,-2.443,0.814,10.0,9.9,3.379,3.2066,70.569,12-26-21_12.30_CC_protocol_HPPC_IN21700_30T_cycle_#1350.mat
CC,1350,0.82108,2.44141,0.2269,12,discharge,1,-9.766,3.255,10.0,9.9,3.3811,2.5822,81.8009,12-26-21_12.30_CC_protocol_HPPC_IN21700_30T_cycle_#1350.mat
CC,1350,0.82108,2.44141,0.2268,12,discharge,2,-13.869,4.623,10.0,9.9,3.3865,2.5,63.9195,12-26-21_12.30_CC_protocol_HPPC_IN21700_30T_cycle_#1350.mat
CC,1350,0.82108,2.44141,0.2267,12,discharge,3,-13.212,4.404,10.0,9.9,3.3873,2.5,67.1586,12-26-21_12.30_CC_protocol_HPPC_IN21700_30T_cycle_#1350.mat
CC,1387,0.80781,2.40193,1.0,0,discharge,0,-2.4,0.8,10.0,9.7,4.1103,4.0018,45.2083,01-05-22_19.38_CC_protocol_HPPC_IN21700_30T_cycle_#1387.mat
CC,1387,0.80781,2.40193,0.9999,0,discharge,1,-9.598,3.199,10.0,9.9,4.1201,3.7784,35.6019,01-05-22_19.38_CC_protocol_HPPC_IN21700_30T_cycle_#1387.mat
CC,1387,0.80781,2.40193,0.9998,0,discharge,2,-19.195,6.398,10.0,9.9,4.1187,3.5557,29.3306,01-05-22_19.38_CC_protocol_HPPC_IN21700_30T_cycle_#1387.mat
CC,1387,0.80781,2.40193,0.9998,0,discharge,3,-27.589,9.196,10.0,9.9,4.1175,3.3831,26.6193,01-05-22_19.38_CC_protocol_HPPC_IN21700_30T_cycle_#1387.mat
CC,1387,0.80781,2.40193,0.96,1,discharge,0,-2.4,0.8,10.0,9.9,4.0819,3.9804,42.2864,01-05-22_19.38_CC_protocol_HPPC_IN21700_30T_cycle_#1387.mat
CC,1387,0.80781,2.40193,0.9599,1,discharge,1,-9.598,3.199,10.0,9.9,4.0824,3.7577,33.831,01-05-22_19.38_CC_protocol_HPPC_IN21700_30T_cycle_#1387.mat
CC,1387,0.80781,2.40193,0.9599,1,discharge,2,-19.194,6.398,10.0,9.9,4.0829,3.5368,28.4516,01-05-22_19.38_CC_protocol_HPPC_IN21700_30T_cycle_#1387.mat
CC,1387,0.80781,2.40193,0.9598,1,discharge,3,-27.59,9.197,10.0,9.9,4.0844,3.3668,26.0094,01-05-22_19.38_CC_protocol_HPPC_IN21700_30T_cycle_#1387.mat
CC,1387,0.80781,2.40193,0.92,2,discharge,0,-2.4,0.8,10.0,9.9,4.0653,3.97,39.705,01-05-22_19.38_CC_protocol_HPPC_IN21700_30T_cycle_#1387.mat
CC,1387,0.80781,2.40193,0.92,2,discharge,1,-9.598,3.199,10.0,9.9,4.0672,3.7492,33.1329,01-05-22_19.38_CC_protocol_HPPC_IN21700_30T_cycle_#1387.mat
CC,1387,0.80781,2.40193,0.9199,2,discharge,2,-19.194,6.398,10.0,9.9,4.0684,3.5305,28.0244,01-05-22_19.38_CC_protocol_HPPC_IN21700_30T_cycle_#1387.mat
CC,1387,0.80781,2.40193,0.9198,2,discharge,3,-27.591,9.197,10.0,9.9,4.0706,3.3572,25.8563,01-05-22_19.38_CC_protocol_HPPC_IN21700_30T_cycle_#1387.mat
CC,1387,0.80781,2.40193,0.84,3,discharge,0,-2.4,0.8,10.0,9.9,3.9656,3.8776,36.6636,01-05-22_19.38_CC_protocol_HPPC_IN21700_30T_cycle_#1387.mat
CC,1387,0.80781,2.40193,0.84,3,discharge,1,-9.598,3.199,10.0,9.9,3.9671,3.6696,30.997,01-05-22_19.38_CC_protocol_HPPC_IN21700_30T_cycle_#1387.mat
CC,1387,0.80781,2.40193,0.8399,3,discharge,2,-19.195,6.398,10.0,9.9,3.9687,3.4558,26.7205,01-05-22_19.38_CC_protocol_HPPC_IN21700_30T_cycle_#1387.mat
CC,1387,0.80781,2.40193,0.8398,3,discharge,3,-27.591,9.197,10.0,9.9,3.9697,3.2886,24.6856,01-05-22_19.38_CC_protocol_HPPC_IN21700_30T_cycle_#1387.mat
CC,1387,0.80781,2.40193,0.7601,4,discharge,0,-2.398,0.799,10.0,9.9,3.8839,3.8053,32.7718,01-05-22_19.38_CC_protocol_HPPC_IN21700_30T_cycle_#1387.mat
CC,1387,0.80781,2.40193,0.76,4,discharge,1,-9.598,3.199,10.0,9.9,3.8846,3.6109,28.5167,01-05-22_19.38_CC_protocol_HPPC_IN21700_30T_cycle_#1387.mat
CC,1387,0.80781,2.40193,0.7599,4,discharge,2,-19.193,6.398,10.0,9.9,3.8847,3.4005,25.2279,01-05-22_19.38_CC_protocol_HPPC_IN21700_30T_cycle_#1387.mat
CC,1387,0.80781,2.40193,0.7599,4,discharge,3,-27.59,9.197,10.0,9.9,3.8858,3.235,23.5883,01-05-22_19.38_CC_protocol_HPPC_IN21700_30T_cycle_#1387.mat
CC,1387,0.80781,2.40193,0.6801,5,discharge,0,-2.399,0.8,10.0,9.9,3.7961,3.722,30.893,01-05-22_19.38_CC_protocol_HPPC_IN21700_30T_cycle_#1387.mat
CC,1387,0.80781,2.40193,0.68,5,discharge,1,-9.597,3.199,10.0,9.9,3.7979,3.5261,28.3228,01-05-22_19.38_CC_protocol_HPPC_IN21700_30T_cycle_#1387.mat
CC,1387,0.80781,2.40193,0.68,5,discharge,2,-19.194,6.398,10.0,9.9,3.799,3.3106,25.4455,01-05-22_19.38_CC_protocol_HPPC_IN21700_30T_cycle_#1387.mat
CC,1387,0.80781,2.40193,0.6799,5,discharge,3,-27.589,9.196,10.0,9.9,3.7999,3.1393,23.9443,01-05-22_19.38_CC_protocol_HPPC_IN21700_30T_cycle_#1387.mat
CC,1387,0.80781,2.40193,0.6001,6,discharge,0,-2.399,0.8,10.0,9.9,3.714,3.6399,30.893,01-05-22_19.38_CC_protocol_HPPC_IN21700_30T_cycle_#1387.mat
CC,1387,0.80781,2.40193,0.6001,6,discharge,1,-9.598,3.199,10.0,9.9,3.7151,3.4449,28.1517,01-05-22_19.38_CC_protocol_HPPC_IN21700_30T_cycle_#1387.mat
CC,1387,0.80781,2.40193,0.6,6,discharge,2,-19.195,6.398,10.0,9.9,3.7167,3.2304,25.3347,01-05-22_19.38_CC_protocol_HPPC_IN21700_30T_cycle_#1387.mat
CC,1387,0.80781,2.40193,0.5999,6,discharge,3,-27.59,9.197,10.0,9.9,3.7183,3.06,23.8601,01-05-22_19.38_CC_protocol_HPPC_IN21700_30T_cycle_#1387.mat
CC,1387,0.80781,2.40193,0.5201,7,discharge,0,-2.397,0.799,10.0,9.9,3.6455,3.57,31.5003,01-05-22_19.38_CC_protocol_HPPC_IN21700_30T_cycle_#1387.mat
CC,1387,0.80781,2.40193,0.5201,7,discharge,1,-9.597,3.199,10.0,9.9,3.6456,3.3664,29.0933,01-05-22_19.38_CC_protocol_HPPC_IN21700_30T_cycle_#1387.mat
CC,1387,0.80781,2.40193,0.52,7,discharge,2,-19.194,6.398,10.0,9.9,3.6465,3.1428,26.2426,01-05-22_19.38_CC_protocol_HPPC_IN21700_30T_cycle_#1387.mat
CC,1387,0.80781,2.40193,0.5199,7,discharge,3,-27.591,9.197,10.0,9.9,3.6482,2.966,24.7255,01-05-22_19.38_CC_protocol_HPPC_IN21700_30T_cycle_#1387.mat
CC,1387,0.80781,2.40193,0.4402,8,discharge,0,-2.399,0.8,10.0,9.9,3.5842,3.5042,33.35,01-05-22_19.38_CC_protocol_HPPC_IN21700_30T_cycle_#1387.mat
CC,1387,0.80781,2.40193,0.4401,8,discharge,1,-9.598,3.199,10.0,9.9,3.5853,3.2906,30.7034,01-05-22_19.38_CC_protocol_HPPC_IN21700_30T_cycle_#1387.mat
CC,1387,0.80781,2.40193,0.44,8,discharge,2,-19.193,6.398,10.0,9.9,3.5866,3.0472,28.104,01-05-22_19.38_CC_protocol_HPPC_IN21700_30T_cycle_#1387.mat
CC,1387,0.80781,2.40193,0.44,8,discharge,3,-27.59,9.197,10.0,9.9,3.5878,2.8431,26.9917,01-05-22_19.38_CC_protocol_HPPC_IN21700_30T_cycle_#1387.mat
CC,1387,0.80781,2.40193,0.3602,9,discharge,0,-2.399,0.8,10.0,9.9,3.5045,3.4153,37.1822,01-05-22_19.38_CC_protocol_HPPC_IN21700_30T_cycle_#1387.mat
CC,1387,0.80781,2.40193,0.3601,9,discharge,1,-9.597,3.199,10.0,9.9,3.5059,3.1667,35.3451,01-05-22_19.38_CC_protocol_HPPC_IN21700_30T_cycle_#1387.mat
CC,1387,0.80781,2.40193,0.3601,9,discharge,2,-19.194,6.398,10.0,9.9,3.508,2.8345,35.0891,01-05-22_19.38_CC_protocol_HPPC_IN21700_30T_cycle_#1387.mat
CC,1387,0.80781,2.40193,0.36,9,discharge,3,-27.59,9.197,10.0,9.9,3.5102,2.5148,36.0783,01-05-22_19.38_CC_protocol_HPPC_IN21700_30T_cycle_#1387.mat
CC,1387,0.80781,2.40193,0.3202,10,discharge,0,-2.399,0.8,10.0,9.9,3.4611,3.3596,42.3093,01-05-22_19.38_CC_protocol_HPPC_IN21700_30T_cycle_#1387.mat
CC,1387,0.80781,2.40193,0.3201,10,discharge,1,-9.596,3.199,10.0,9.9,3.4614,3.0529,42.568,01-05-22_19.38_CC_protocol_HPPC_IN21700_30T_cycle_#1387.mat
CC,1387,0.80781,2.40193,0.3201,10,discharge,2,-19.195,6.398,10.0,9.9,3.4625,2.6325,43.2404,01-05-22_19.38_CC_protocol_HPPC_IN21700_30T_cycle_#1387.mat
CC,1387,0.80781,2.40193,0.32,10,discharge,3,-27.586,9.195,10.0,9.9,3.4638,2.4998,34.9453,01-05-22_19.38_CC_protocol_HPPC_IN21700_30T_cycle_#1387.mat
CC,1387,0.80781,2.40193,0.2803,11,discharge,0,-2.399,0.8,10.0,9.9,3.4245,3.3038,50.3147,01-05-22_19.38_CC_protocol_HPPC_IN21700_30T_cycle_#1387.mat
CC,1387,0.80781,2.40193,0.2803,11,discharge,1,-9.597,3.199,10.0,9.9,3.4252,2.8931,55.4473,01-05-22_19.38_CC_protocol_HPPC_IN21700_30T_cycle_#1387.mat
CC,1387,0.80781,2.40193,0.2802,11,discharge,2,-19.195,6.398,10.0,9.9,3.4276,2.4999,48.3303,01-05-22_19.38_CC_protocol_HPPC_IN21700_30T_cycle_#1387.mat
CC,1387,0.80781,2.40193,0.2801,11,discharge,3,-21.511,7.17,10.0,9.9,3.4291,2.4999,43.1965,01-05-22_19.38_CC_protocol_HPPC_IN21700_30T_cycle_#1387.mat
CC,1387,0.80781,2.40193,0.2404,12,discharge,0,-2.401,0.8,10.0,9.9,3.3834,3.2084,72.8772,01-05-22_19.38_CC_protocol_HPPC_IN21700_30T_cycle_#1387.mat
CC,1387,0.80781,2.40193,0.2403,12,discharge,1,-9.597,3.199,10.0,9.9,3.3851,2.6173,80.0058,01-05-22_19.38_CC_protocol_HPPC_IN21700_30T_cycle_#1387.mat
CC,1387,0.80781,2.40193,0.2402,12,discharge,2,-14.52,4.84,10.0,9.9,3.3909,2.5,61.3567,01-05-22_19.38_CC_protocol_HPPC_IN21700_30T_cycle_#1387.mat
CC,1387,0.80781,2.40193,0.2402,12,discharge,3,-13.834,4.611,10.0,9.9,3.3923,2.5,64.5005,01-05-22_19.38_CC_protocol_HPPC_IN21700_30T_cycle_#1387.mat
CC,1425,0.80602,2.39661,1.0,0,discharge,0,-2.396,0.799,10.0,9.7,4.1083,3.9888,49.8706,01-13-22_08.46_CC_protocol_HPPC_IN21700_30T_cycle_#1425.mat
CC,1425,0.80602,2.39661,0.9999,0,discharge,1,-9.586,3.195,10.0,9.9,4.1175,3.7568,37.6294,01-13-22_08.46_CC_protocol_HPPC_IN21700_30T_cycle_#1425.mat
CC,1425,0.80602,2.39661,0.9998,0,discharge,2,-19.172,6.391,10.0,9.9,4.1161,3.5326,30.435,01-13-22_08.46_CC_protocol_HPPC_IN21700_30T_cycle_#1425.mat
CC,1425,0.80602,2.39661,0.9998,0,discharge,3,-27.559,9.186,10.0,9.9,4.1157,3.3587,27.4683,01-13-22_08.46_CC_protocol_HPPC_IN21700_30T_cycle_#1425.mat
CC,1425,0.80602,2.39661,0.96,1,discharge,0,-2.396,0.799,10.0,9.9,4.0805,3.9759,43.6488,01-13-22_08.46_CC_protocol_HPPC_IN21700_30T_cycle_#1425.mat
CC,1425,0.80602,2.39661,0.9599,1,discharge,1,-9.585,3.195,10.0,9.9,4.081,3.7488,34.6565,01-13-22_08.46_CC_protocol_HPPC_IN21700_30T_cycle_#1425.mat
CC,1425,0.80602,2.39661,0.9599,1,discharge,2,-19.17,6.39,10.0,9.9,4.0818,3.5252,29.035,01-13-22_08.46_CC_protocol_HPPC_IN21700_30T_cycle_#1425.mat
CC,1425,0.80602,2.39661,0.9598,1,discharge,3,-27.559,9.186,10.0,9.9,4.0833,3.3538,26.4705,01-13-22_08.46_CC_protocol_HPPC_IN21700_30T_cycle_#1425.mat
CC,1425,0.80602,2.39661,0.9201,2,discharge,0,-2.397,0.799,10.0,9.9,4.0616,3.9569,43.6869,01-13-22_08.46_CC_protocol_HPPC_IN21700_30T_cycle_#1425.mat
CC,1425,0.80602,2.39661,0.92,2,discharge,1,-9.585,3.195,10.0,9.9,4.0629,3.7247,35.2861,01-13-22_08.46_CC_protocol_HPPC_IN21700_30T_cycle_#1425.mat
CC,1425,0.80602,2.39661,0.9199,2,discharge,2,-19.171,6.39,10.0,9.9,4.0644,3.4963,29.6333,01-13-22_08.46_CC_protocol_HPPC_IN21700_30T_cycle_#1425.mat
CC,1425,0.80602,2.39661,0.9199,2,discharge,3,-27.559,9.186,10.0,9.9,4.0663,3.3211,27.0402,01-13-22_08.46_CC_protocol_HPPC_IN21700_30T_cycle_#1425.mat
CC,1425,0.80602,2.39661,0.8402,3,discharge,0,-2.396,0.799,10.0,9.9,3.9573,3.8674,37.5162,01-13-22_08.46_CC_protocol_HPPC_IN21700_30T_cycle_#1425.mat
CC,1425,0.80602,2.39661,0.8401,3,discharge,1,-9.586,3.195,10.0,9.9,3.9588,3.6563,31.5564,01-13-22_08.46_CC_protocol_HPPC_IN21700_30T_cycle_#1425.mat
CC,1425,0.80602,2.39661,0.8401,3,discharge,2,-19.173,6.391,10.0,9.9,3.9603,3.4407,27.1006,01-13-22_08.46_CC_protocol_HPPC_IN21700_30T_cycle_#1425.mat
CC,1425,0.80602,2.39661,0.84,3,discharge,3,-27.557,9.186,10.0,9.9,3.9621,3.273,25.0064,01-13-22_08.46_CC_protocol_HPPC_IN21700_30T_cycle_#1425.mat
CC,1425,0.80602,2.39661,0.7603,4,discharge,0,-2.397,0.799,10.0,9.9,3.8754,3.7913,35.087,01-13-22_08.46_CC_protocol_HPPC_IN21700_30T_cycle_#1425.mat
CC,1425,0.80602,2.39661,0.7602,4,discharge,1,-9.587,3.196,10.0,9.9,3.8761,3.5877,30.0833,01-13-22_08.46_CC_protocol_HPPC_IN21700_30T_cycle_#1425.mat
CC,1425,0.80602,2.39661,0.7601,4,discharge,2,-19.172,6.391,10.0,9.9,3.8762,3.3686,26.4761,01-13-22_08.46_CC_protocol_HPPC_IN21700_30T_cycle_#1425.mat
CC,1425,0.80602,2.39661,0.7601,4,discharge,3,-27.558,9.186,10.0,9.9,3.8772,3.1957,24.7297,01-13-22_08.46_CC_protocol_HPPC_IN21700_30T_cycle_#1425.mat
CC,1425,0.80602,2.39661,0.6804,5,discharge,0,-2.397,0.799,10.0,9.9,3.7868,3.7095,32.2554,01-13-22_08.46_CC_protocol_HPPC_IN21700_30T_cycle_#1425.mat
CC,1425,0.80602,2.39661,0.6804,5,discharge,1,-9.586,3.195,10.0,9.9,3.7888,3.5084,29.2516,01-13-22_08.46_CC_protocol_HPPC_IN21700_30T_cycle_#1425.mat
CC,1425,0.80602,2.39661,0.6803,5,discharge,2,-19.173,6.391,10.0,9.9,3.7902,3.2905,26.0627,01-13-22_08.46_CC_protocol_HPPC_IN21700_30T_cycle_#1425.mat
CC,1425,0.80602,2.39661,0.6802,5,discharge,3,-27.559,9.186,10.0,9.9,3.7916,3.1186,24.4203,01-13-22_08.46_CC_protocol_HPPC_IN21700_30T_cycle_#1425.mat
CC,1425,0.80602,2.39661,0.6005,6,discharge,0,-2.397,0.799,10.0,9.9,3.7046,3.6256,32.962,01-13-22_08.46_CC_protocol_HPPC_IN21700_30T_cycle_#1425.mat
CC,1425,0.80602,2.39661,0.6005,6,discharge,1,-9.585,3.195,10.0,9.9,3.7059,3.4215,29.6726,01-13-22_08.46_CC_protocol_HPPC_IN21700_30T_cycle_#1425.mat
CC,1425,0.80602,2.39661,0.6004,6,discharge,2,-19.172,6.391,10.0,9.9,3.7074,3.1982,26.5596,01-13-22_08.46_CC_protocol_HPPC_IN21700_30T_cycle_#1425.mat
CC,1425,0.80602,2.39661,0.6003,6,discharge,3,-27.56,9.187,10.0,9.9,3.7084,3.0196,24.9927,01-13-22_08.46_CC_protocol_HPPC_IN21700_30T_cycle_#1425.mat
CC,1425,0.80602,2.39661,0.5207,7,discharge,0,-2.397,0.799,10.0,9.9,3.639,3.5605,32.752,01-13-22_08.46_CC_protocol_HPPC_IN21700_30T_cycle_#1425.mat
CC,1425,0.80602,2.39661,0.5206,7,discharge,1,-9.584,3.195,10.0,9.9,3.6393,3.3551,29.653,01-13-22_08.46_CC_protocol_HPPC_IN21700_30T_cycle_#1425.mat
CC,1425,0.80602,2.39661,0.5205,7,discharge,2,-19.173,6.391,10.0,9.9,3.6412,3.127,26.819,01-13-22_08.46_CC_protocol_HPPC_IN21700_30T_cycle_#1425.mat
CC,1425,0.80602,2.39661,0.5204,7,discharge,3,-27.558,9.186,10.0,9.9,3.6423,2.9439,25.3429,01-13-22_08.46_CC_protocol_HPPC_IN21700_30T_cycle_#1425.mat
CC,1425,0.80602,2.39661,0.4408,8,discharge,0,-2.395,0.798,10.0,9.9,3.5765,3.4912,35.6188,01-13-22_08.46_CC_protocol_HPPC_IN21700_30T_cycle_#1425.mat
CC,1425,0.80602,2.39661,0.4407,8,discharge,1,-9.585,3.195,10.0,9.9,3.5785,3.2645,32.7602,01-13-22_08.46_CC_protocol_HPPC_IN21700_30T_cycle_#1425.mat
CC,1425,0.80602,2.39661,0.4406,8,discharge,2,-19.172,6.391,10.0,9.9,3.5802,3.0065,29.9238,01-13-22_08.46_CC_protocol_HPPC_IN21700_30T_cycle_#1425.mat
CC,1425,0.80602,2.39661,0.4406,8,discharge,3,-27.558,9.186,10.0,9.9,3.582,2.7883,28.8011,01-13-22_08.46_CC_protocol_HPPC_IN21700_30T_cycle_#1425.mat
CC,1425,0.80602,2.39661,0.3609,9,discharge,0,-2.395,0.798,10.0,9.9,3.4963,3.3966,41.6284,01-13-22_08.46_CC_protocol_HPPC_IN21700_30T_cycle_#1425.mat
CC,1425,0.80602,2.39661,0.3608,9,discharge,1,-9.584,3.195,10.0,9.9,3.4978,3.1231,39.0948,01-13-22_08.46_CC_protocol_HPPC_IN21700_30T_cycle_#1425.mat
CC,1425,0.80602,2.39661,0.3607,9,discharge,2,-19.173,6.391,10.0,9.9,3.5,2.7732,37.9075,01-13-22_08.46_CC_protocol_HPPC_IN21700_30T_cycle_#1425.mat
CC,1425,0.80602,2.39661,0.3607,9,discharge,3,-27.558,9.186,10.0,9.9,3.5026,2.4998,36.3887,01-13-22_08.46_CC_protocol_HPPC_IN21700_30T_cycle_#1425.mat
CC,1425,0.80602,2.39661,0.321,10,discharge,0,-2.395,0.798,10.0,9.9,3.453,3.3415,46.5534,01-13-22_08.46_CC_protocol_HPPC_IN21700_30T_cycle_#1425.mat
CC,1425,0.80602,2.39661,0.3209,10,discharge,1,-9.585,3.195,10.0,9.9,3.4534,2.9997,47.3324,01-13-22_08.46_CC_protocol_HPPC_IN21700_30T_cycle_#1425.mat
CC,1425,0.80602,2.39661,0.3208,10,discharge,2,-19.173,6.391,10.0,9.9,3.4544,2.5382,47.7859,01-13-22_08.46_CC_protocol_HPPC_IN21700_30T_cycle_#1425.mat
CC,1425,0.80602,2.39661,0.3208,10,discharge,3,-26.222,8.741,10.0,9.9,3.4559,2.4999,36.4579,01-13-22_08.46_CC_protocol_HPPC_IN21700_30T_cycle_#1425.mat
CC,1425,0.80602,2.39661,0.281,11,discharge,0,-2.395,0.798,10.0,9.9,3.4177,3.2759,59.2017,01-13-22_08.46_CC_protocol_HPPC_IN21700_30T_cycle_#1425.mat
CC,1425,0.80602,2.39661,0.2809,11,discharge,1,-9.587,3.196,10.0,9.9,3.4188,2.8037,64.1618,01-13-22_08.46_CC_protocol_HPPC_IN21700_30T_cycle_#1425.mat
CC,1425,0.80602,2.39661,0.2809,11,discharge,2,-19.057,6.352,10.0,9.9,3.4216,2.4999,48.3654,01-13-22_08.46_CC_protocol_HPPC_IN21700_30T_cycle_#1425.mat
CC,1425,0.80602,2.39661,0.2808,11,discharge,3,-18.687,6.229,10.0,9.9,3.4222,2.4999,49.3552,01-13-22_08.46_CC_protocol_HPPC_IN21700_30T_cycle_#1425.mat
CC,1425,0.80602,2.39661,0.2411,12,discharge,0,-2.397,0.799,10.0,9.9,3.3752,3.1765,82.8918,01-13-22_08.46_CC_protocol_HPPC_IN21700_30T_cycle_#1425.mat
CC,1425,0.80602,2.39661,0.241,12,discharge,1,-9.585,3.195,10.0,9.9,3.3766,2.5332,87.9898,01-13-22_08.46_CC_protocol_HPPC_IN21700_30T_cycle_#1425.mat
CC,1425,0.80602,2.39661,0.2409,12,discharge,2,-12.702,4.234,10.0,9.9,3.3838,2.5,69.5796,01-13-22_08.46_CC_protocol_HPPC_IN21700_30T_cycle_#1425.mat
CC,1425,0.80602,2.39661,0.2409,12,discharge,3,-12.203,4.068,10.0,9.9,3.3841,2.5,72.4494,01-13-22_08.46_CC_protocol_HPPC_IN21700_30T_cycle_#1425.mat
CC,1462,0.80131,2.38261,1.0,0,discharge,0,-2.382,0.794,10.0,9.7,4.1062,3.9793,53.2746,01-18-22_07.34_CC_protocol_HPPC_IN21700_30T_cycle_#1462.mat
CC,1462,0.80131,2.38261,0.9999,0,discharge,1,-9.532,3.177,10.0,9.9,4.1149,3.7415,39.1725,01-18-22_07.34_CC_protocol_HPPC_IN21700_30T_cycle_#1462.mat
CC,1462,0.80131,2.38261,0.9998,0,discharge,2,-19.067,6.356,10.0,9.9,4.1135,3.5127,31.5099,01-18-22_07.34_CC_protocol_HPPC_IN21700_30T_cycle_#1462.mat
CC,1462,0.80131,2.38261,0.9998,0,discharge,3,-27.404,9.135,10.0,9.9,4.1132,3.3358,28.3681,01-18-22_07.34_CC_protocol_HPPC_IN21700_30T_cycle_#1462.mat
CC,1462,0.80131,2.38261,0.9596,1,discharge,0,-2.382,0.794,10.0,9.9,4.0791,3.9695,46.0137,01-18-22_07.34_CC_protocol_HPPC_IN21700_30T_cycle_#1462.mat
CC,1462,0.80131,2.38261,0.9596,1,discharge,1,-9.532,3.177,10.0,9.9,4.0796,3.7359,36.0571,01-18-22_07.34_CC_protocol_HPPC_IN21700_30T_cycle_#1462.mat
CC,1462,0.80131,2.38261,0.9595,1,discharge,2,-19.065,6.355,10.0,9.9,4.0802,3.499,30.4852,01-18-22_07.34_CC_protocol_HPPC_IN21700_30T_cycle_#1462.mat
CC,1462,0.80131,2.38261,0.9594,1,discharge,3,-27.405,9.135,10.0,9.9,4.082,3.3128,28.0679,01-18-22_07.34_CC_protocol_HPPC_IN21700_30T_cycle_#1462.mat
CC,1462,0.80131,2.38261,0.9199,2,discharge,0,-2.385,0.795,10.0,9.9,4.0565,3.9458,46.4209,01-18-22_07.34_CC_protocol_HPPC_IN21700_30T_cycle_#1462.mat
CC,1462,0.80131,2.38261,0.9199,2,discharge,1,-9.533,3.178,10.0,9.9,4.0579,3.7072,36.788,01-18-22_07.34_CC_protocol_HPPC_IN21700_30T_cycle_#1462.mat
CC,1462,0.80131,2.38261,0.9198,2,discharge,2,-19.064,6.355,10.0,9.9,4.0597,3.4747,30.6861,01-18-22_07.34_CC_protocol_HPPC_IN21700_30T_cycle_#1462.mat
CC,1462,0.80131,2.38261,0.9197,2,discharge,3,-27.405,9.135,10.0,9.9,4.0626,3.296,27.973,01-18-22_07.34_CC_protocol_HPPC_IN21700_30T_cycle_#1462.mat
CC,1462,0.80131,2.38261,0.8405,3,discharge,0,-2.384,0.795,10.0,9.9,3.9491,3.8553,39.339,01-18-22_07.34_CC_protocol_HPPC_IN21700_30T_cycle_#1462.mat
CC,1462,0.80131,2.38261,0.8404,3,discharge,1,-9.533,3.178,10.0,9.9,3.9506,3.6386,32.7301,01-18-22_07.34_CC_protocol_HPPC_IN21700_30T_cycle_#1462.mat
CC,1462,0.80131,2.38261,0.8404,3,discharge,2,-19.064,6.355,10.0,9.9,3.9522,3.4187,27.9847,01-18-22_07.34_CC_protocol_HPPC_IN21700_30T_cycle_#1462.mat
CC,1462,0.80131,2.38261,0.8403,3,discharge,3,-27.404,9.135,10.0,9.9,3.9542,3.2478,25.7773,01-18-22_07.34_CC_protocol_HPPC_IN21700_30T_cycle_#1462.mat
CC,1462,0.80131,2.38261,0.761,4,discharge,0,-2.382,0.794,10.0,9.9,3.8662,3.7786,36.7696,01-18-22_07.34_CC_protocol_HPPC_IN21700_30T_cycle_#1462.mat
CC,1462,0.80131,2.38261,0.761,4,discharge,1,-9.532,3.177,10.0,9.9,3.8669,3.5681,31.3461,01-18-22_07.34_CC_protocol_HPPC_IN21700_30T_cycle_#1462.mat
CC,1462,0.80131,2.38261,0.7609,4,discharge,2,-19.066,6.355,10.0,9.9,3.8662,3.344,27.3891,01-18-22_07.34_CC_protocol_HPPC_IN21700_30T_cycle_#1462.mat
CC,1462,0.80131,2.38261,0.7609,4,discharge,3,-27.404,9.135,10.0,9.9,3.8679,3.167,25.5766,01-18-22_07.34_CC_protocol_HPPC_IN21700_30T_cycle_#1462.mat
CC,1462,0.80131,2.38261,0.6816,5,discharge,0,-2.383,0.794,10.0,9.9,3.7792,3.6966,34.6636,01-18-22_07.34_CC_protocol_HPPC_IN21700_30T_cycle_#1462.mat
CC,1462,0.80131,2.38261,0.6816,5,discharge,1,-9.533,3.178,10.0,9.9,3.7807,3.4878,30.7258,01-18-22_07.34_CC_protocol_HPPC_IN21700_30T_cycle_#1462.mat
CC,1462,0.80131,2.38261,0.6815,5,discharge,2,-19.065,6.355,10.0,9.9,3.7817,3.265,27.102,01-18-22_07.34_CC_protocol_HPPC_IN21700_30T_cycle_#1462.mat
CC,1462,0.80131,2.38261,0.6814,5,discharge,3,-27.404,9.135,10.0,9.9,3.784,3.0893,25.3503,01-18-22_07.34_CC_protocol_HPPC_IN21700_30T_cycle_#1462.mat
CC,1462,0.80131,2.38261,0.6022,6,discharge,0,-2.385,0.795,10.0,9.9,3.6967,3.6129,35.1436,01-18-22_07.34_CC_protocol_HPPC_IN21700_30T_cycle_#1462.mat
CC,1462,0.80131,2.38261,0.6021,6,discharge,1,-9.531,3.177,10.0,9.9,3.6983,3.4015,31.1395,01-18-22_07.34_CC_protocol_HPPC_IN21700_30T_cycle_#1462.mat
CC,1462,0.80131,2.38261,0.602,6,discharge,2,-19.067,6.356,10.0,9.9,3.7,3.1726,27.6604,01-18-22_07.34_CC_protocol_HPPC_IN21700_30T_cycle_#1462.mat
CC,1462,0.80131,2.38261,0.602,6,discharge,3,-27.404,9.135,10.0,9.9,3.7019,2.9893,26.0035,01-18-22_07.34_CC_protocol_HPPC_IN21700_30T_cycle_#1462.mat
CC,1462,0.80131,2.38261,0.5227,7,discharge,0,-2.383,0.794,10.0,9.9,3.6334,3.5492,35.3366,01-18-22_07.34_CC_protocol_HPPC_IN21700_30T_cycle_#1462.mat
CC,1462,0.80131,2.38261,0.5227,7,discharge,1,-9.531,3.177,10.0,9.9,3.6347,3.3331,31.6451,01-18-22_07.34_CC_protocol_HPPC_IN21700_30T_cycle_#1462.mat
CC,1462,0.80131,2.38261,0.5226,7,discharge,2,-19.066,6.355,10.0,9.9,3.6359,3.0965,28.2912,01-18-22_07.34_CC_protocol_HPPC_IN21700_30T_cycle_#1462.mat
CC,1462,0.80131,2.38261,0.5225,7,discharge,3,-27.405,9.135,10.0,9.9,3.6366,2.9065,26.6411,01-18-22_07.34_CC_protocol_HPPC_IN21700_30T_cycle_#1462.mat
CC,1462,0.80131,2.38261,0.4433,8,discharge,0,-2.383,0.794,10.0,9.9,3.572,3.4805,38.3954,01-18-22_07.34_CC_protocol_HPPC_IN21700_30T_cycle_#1462.mat
CC,1462,0.80131,2.38261,0.4432,8,discharge,1,-9.531,3.177,10.0,9.9,3.5732,3.2413,34.8217,01-18-22_07.34_CC_protocol_HPPC_IN21700_30T_cycle_#1462.mat
CC,1462,0.80131,2.38261,0.4432,8,discharge,2,-19.067,6.356,10.0,9.9,3.575,2.9706,31.6987,01-18-22_07.34_CC_protocol_HPPC_IN21700_30T_cycle_#1462.mat
CC,1462,0.80131,2.38261,0.4431,8,discharge,3,-27.405,9.135,10.0,9.9,3.5769,2.74,30.5382,01-18-22_07.34_CC_protocol_HPPC_IN21700_30T_cycle_#1462.mat
CC,1462,0.80131,2.38261,0.3639,9,discharge,0,-2.383,0.794,10.0,9.9,3.4896,3.3805,45.7769,01-18-22_07.34_CC_protocol_HPPC_IN21700_30T_cycle_#1462.mat
CC,1462,0.80131,2.38261,0.3638,9,discharge,1,-9.531,3.177,10.0,9.9,3.4911,3.0824,42.8798,01-18-22_07.34_CC_protocol_HPPC_IN21700_30T_cycle_#1462.mat
CC,1462,0.80131,2.38261,0.3637,9,discharge,2,-19.064,6.355,10.0,9.9,3.4935,2.7062,41.2977,01-18-22_07.34_CC_protocol_HPPC_IN21700_30T_cycle_#1462.mat
CC,1462,0.80131,2.38261,0.3637,9,discharge,3,-27.405,9.135,10.0,9.9,3.4964,2.4998,36.3656,01-18-22_07.34_CC_protocol_HPPC_IN21700_30T_cycle_#1462.mat
CC,1462,0.80131,2.38261,0.3241,10,discharge,0,-2.383,0.794,10.0,9.9,3.4479,3.3281,50.2643,01-18-22_07.34_CC_protocol_HPPC_IN21700_30T_cycle_#1462.mat
CC,1462,0.80131,2.38261,0.3241,10,discharge,1,-9.534,3.178,10.0,9.9,3.4483,2.9547,51.7742,01-18-22_07.34_CC_protocol_HPPC_IN21700_30T_cycle_#1462.mat
CC,1462,0.80131,2.38261,0.324,10,discharge,2,-19.064,6.355,10.0,9.9,3.4494,2.5,49.8007,01-18-22_07.34_CC_protocol_HPPC_IN21700_30T_cycle_#1462.mat
CC,1462,0.80131,2.38261,0.324,10,discharge,3,-24.203,8.068,10.0,9.9,3.4511,2.5,39.2968,01-18-22_07.34_CC_protocol_HPPC_IN21700_30T_cycle_#1462.mat
CC,1462,0.80131,2.38261,0.2844,11,discharge,0,-2.383,0.794,10.0,9.9,3.4133,3.2522,67.5982,01-18-22_07.34_CC_protocol_HPPC_IN21700_30T_cycle_#1462.mat
CC,1462,0.80131,2.38261,0.2844,11,discharge,1,-9.533,3.178,10.0,9.9,3.4144,2.7477,69.9345,01-18-22_07.34_CC_protocol_HPPC_IN21700_30T_cycle_#1462.mat
CC,1462,0.80131,2.38261,0.2843,11,discharge,2,-17.707,5.902,10.0,9.9,3.4178,2.5,51.8326,01-18-22_07.34_CC_protocol_HPPC_IN21700_30T_cycle_#1462.mat
CC,1462,0.80131,2.38261,0.2842,11,discharge,3,-17.11,5.703,10.0,9.9,3.4187,2.5,53.6937,01-18-22_07.34_CC_protocol_HPPC_IN21700_30T_cycle_#1462.mat
CC,1462,0.80131,2.38261,0.2447,12,discharge,0,-2.383,0.794,10.0,9.9,3.3693,3.1544,90.1767,01-18-22_07.34_CC_protocol_HPPC_IN21700_30T_cycle_#1462.mat
CC,1462,0.80131,2.38261,0.2447,12,discharge,1,-9.534,3.178,10.0,9.9,3.3715,2.5136,89.9879,01-18-22_07.34_CC_protocol_HPPC_IN21700_30T_cycle_#1462.mat
CC,1462,0.80131,2.38261,0.2446,12,discharge,2,-12.069,4.023,10.0,9.9,3.379,2.5,72.8312,01-18-22_07.34_CC_protocol_HPPC_IN21700_30T_cycle_#1462.mat
CC,1462,0.80131,2.38261,0.2445,12,discharge,3,-11.462,3.821,10.0,9.9,3.3802,2.5,76.7929,01-18-22_07.34_CC_protocol_HPPC_IN21700_30T_cycle_#1462.mat
CC,1500,0.79553,2.36544,1.0,0,discharge,0,-2.365,0.788,10.0,9.7,4.1025,3.9711,55.5697,01-26-22_13.10_CC_protocol_HPPC_IN21700_30T_cycle_#1500.mat
CC,1500,0.79553,2.36544,0.9999,0,discharge,1,-9.467,3.156,10.0,9.9,4.1125,3.7279,40.6266,01-26-22_13.10_CC_protocol_HPPC_IN21700_30T_cycle_#1500.mat
CC,1500,0.79553,2.36544,0.9999,0,discharge,2,-18.929,6.31,10.0,9.9,4.1112,3.495,32.5532,01-26-22_13.10_CC_protocol_HPPC_IN21700_30T_cycle_#1500.mat
CC,1500,0.79553,2.36544,0.9998,0,discharge,3,-27.212,9.071,10.0,9.9,4.111,3.3159,29.2187,01-26-22_13.10_CC_protocol_HPPC_IN21700_30T_cycle_#1500.mat
CC,1500,0.79553,2.36544,0.9596,1,discharge,0,-2.367,0.789,10.0,9.9,4.0776,3.9571,50.9148,01-26-22_13.10_CC_protocol_HPPC_IN21700_30T_cycle_#1500.mat
CC,1500,0.79553,2.36544,0.9595,1,discharge,1,-9.465,3.155,10.0,9.9,4.078,3.7096,38.9219,01-26-22_13.10_CC_protocol_HPPC_IN21700_30T_cycle_#1500.mat
CC,1500,0.79553,2.36544,0.9594,1,discharge,2,-18.932,6.311,10.0,9.9,4.0789,3.4703,32.1466,01-26-22_13.10_CC_protocol_HPPC_IN21700_30T_cycle_#1500.mat
CC,1500,0.79553,2.36544,0.9594,1,discharge,3,-27.213,9.071,10.0,9.9,4.0807,3.2873,29.1552,01-26-22_13.10_CC_protocol_HPPC_IN21700_30T_cycle_#1500.mat
CC,1500,0.79553,2.36544,0.9201,2,discharge,0,-2.367,0.789,10.0,9.9,4.0512,3.9349,49.1381,01-26-22_13.10_CC_protocol_HPPC_IN21700_30T_cycle_#1500.mat
CC,1500,0.79553,2.36544,0.9201,2,discharge,1,-9.465,3.155,10.0,9.9,4.0526,3.6909,38.2141,01-26-22_13.10_CC_protocol_HPPC_IN21700_30T_cycle_#1500.mat
CC,1500,0.79553,2.36544,0.92,2,discharge,2,-18.93,6.31,10.0,9.9,4.0537,3.4556,31.5954,01-26-22_13.10_CC_protocol_HPPC_IN21700_30T_cycle_#1500.mat
CC,1500,0.79553,2.36544,0.9199,2,discharge,3,-27.213,9.071,10.0,9.9,4.0575,3.276,28.7179,01-26-22_13.10_CC_protocol_HPPC_IN21700_30T_cycle_#1500.mat
CC,1500,0.79553,2.36544,0.8413,3,discharge,0,-2.367,0.789,10.0,9.9,3.9419,3.8422,42.1155,01-26-22_13.10_CC_protocol_HPPC_IN21700_30T_cycle_#1500.mat
CC,1500,0.79553,2.36544,0.8412,3,discharge,1,-9.465,3.155,10.0,9.9,3.9434,3.6131,34.897,01-26-22_13.10_CC_protocol_HPPC_IN21700_30T_cycle_#1500.mat
CC,1500,0.79553,2.36544,0.8411,3,discharge,2,-18.931,6.31,10.0,9.9,3.9449,3.3777,29.9614,01-26-22_13.10_CC_protocol_HPPC_IN21700_30T_cycle_#1500.mat
CC,1500,0.79553,2.36544,0.8411,3,discharge,3,-27.214,9.071,10.0,9.9,3.9469,3.1943,27.6549,01-26-22_13.10_CC_protocol_HPPC_IN21700_30T_cycle_#1500.mat
CC,1500,0.79553,2.36544,0.7624,4,discharge,0,-2.367,0.789,10.0,9.9,3.8574,3.7655,38.8321,01-26-22_13.10_CC_protocol_HPPC_IN21700_30T_cycle_#1500.mat
CC,1500,0.79553,2.36544,0.7623,4,discharge,1,-9.467,3.156,10.0,9.9,3.8585,3.5485,32.7464,01-26-22_13.10_CC_protocol_HPPC_IN21700_30T_cycle_#1500.mat
CC,1500,0.79553,2.36544,0.7622,4,discharge,2,-18.931,6.31,10.0,9.9,3.8579,3.3202,28.4031,01-26-22_13.10_CC_protocol_HPPC_IN21700_30T_cycle_#1500.mat
CC,1500,0.79553,2.36544,0.7622,4,discharge,3,-27.211,9.07,10.0,9.9,3.8597,3.1416,26.3901,01-26-22_13.10_CC_protocol_HPPC_IN21700_30T_cycle_#1500.mat
CC,1500,0.79553,2.36544,0.6835,5,discharge,0,-2.365,0.788,10.0,9.9,3.7708,3.6847,36.4028,01-26-22_13.10_CC_protocol_HPPC_IN21700_30T_cycle_#1500.mat
CC,1500,0.79553,2.36544,0.6835,5,discharge,1,-9.466,3.155,10.0,9.9,3.7729,3.4634,32.6977,01-26-22_13.10_CC_protocol_HPPC_IN21700_30T_cycle_#1500.mat
CC,1500,0.79553,2.36544,0.6833,5,discharge,2,-18.93,6.31,10.0,9.9,3.7747,3.2275,28.9065,01-26-22_13.10_CC_protocol_HPPC_IN21700_30T_cycle_#1500.mat
CC,1500,0.79553,2.36544,0.6833,5,discharge,3,-27.213,9.071,10.0,9.9,3.7754,3.0378,27.1047,01-26-22_13.10_CC_protocol_HPPC_IN21700_30T_cycle_#1500.mat
CC,1500,0.79553,2.36544,0.6046,6,discharge,0,-2.365,0.788,10.0,9.9,3.6887,3.6011,37.0355,01-26-22_13.10_CC_protocol_HPPC_IN21700_30T_cycle_#1500.mat
CC,1500,0.79553,2.36544,0.6046,6,discharge,1,-9.467,3.156,10.0,9.9,3.6904,3.3812,32.6622,01-26-22_13.10_CC_protocol_HPPC_IN21700_30T_cycle_#1500.mat
CC,1500,0.79553,2.36544,0.6045,6,discharge,2,-18.931,6.31,10.0,9.9,3.6931,3.1468,28.8574,01-26-22_13.10_CC_protocol_HPPC_IN21700_30T_cycle_#1500.mat
CC,1500,0.79553,2.36544,0.6044,6,discharge,3,-27.211,9.07,10.0,9.9,3.695,2.9608,26.9817,01-26-22_13.10_CC_protocol_HPPC_IN21700_30T_cycle_#1500.mat
CC,1500,0.79553,2.36544,0.5257,7,discharge,0,-2.365,0.788,10.0,9.9,3.6289,3.5412,37.0809,01-26-22_13.10_CC_protocol_HPPC_IN21700_30T_cycle_#1500.mat
CC,1500,0.79553,2.36544,0.5257,7,discharge,1,-9.467,3.156,10.0,9.9,3.6302,3.3193,32.8397,01-26-22_13.10_CC_protocol_HPPC_IN21700_30T_cycle_#1500.mat
CC,1500,0.79553,2.36544,0.5256,7,discharge,2,-18.93,6.31,10.0,9.9,3.6315,3.0728,29.514,01-26-22_13.10_CC_protocol_HPPC_IN21700_30T_cycle_#1500.mat
CC,1500,0.79553,2.36544,0.5255,7,discharge,3,-27.213,9.071,10.0,9.9,3.633,2.8665,28.1667,01-26-22_13.10_CC_protocol_HPPC_IN21700_30T_cycle_#1500.mat
CC,1500,0.79553,2.36544,0.4469,8,discharge,0,-2.366,0.789,10.0,9.9,3.5653,3.466,41.9731,01-26-22_13.10_CC_protocol_HPPC_IN21700_30T_cycle_#1500.mat
CC,1500,0.79553,2.36544,0.4468,8,discharge,1,-9.466,3.155,10.0,9.9,3.5675,3.2132,37.4291,01-26-22_13.10_CC_protocol_HPPC_IN21700_30T_cycle_#1500.mat
CC,1500,0.79553,2.36544,0.4467,8,discharge,2,-18.93,6.31,10.0,9.9,3.5695,2.9309,33.7348,01-26-22_13.10_CC_protocol_HPPC_IN21700_30T_cycle_#1500.mat
CC,1500,0.79553,2.36544,0.4467,8,discharge,3,-27.214,9.071,10.0,9.9,3.5718,2.6924,32.3143,01-26-22_13.10_CC_protocol_HPPC_IN21700_30T_cycle_#1500.mat
CC,1500,0.79553,2.36544,0.368,9,discharge,0,-2.365,0.788,10.0,9.9,3.484,3.3691,48.5753,01-26-22_13.10_CC_protocol_HPPC_IN21700_30T_cycle_#1500.mat
CC,1500,0.79553,2.36544,0.3679,9,discharge,1,-9.463,3.155,10.0,9.9,3.4858,3.0548,45.5434,01-26-22_13.10_CC_protocol_HPPC_IN21700_30T_cycle_#1500.mat
CC,1500,0.79553,2.36544,0.3678,9,discharge,2,-18.931,6.31,10.0,9.9,3.4882,2.65,44.2766,01-26-22_13.10_CC_protocol_HPPC_IN21700_30T_cycle_#1500.mat
CC,1500,0.79553,2.36544,0.3678,9,discharge,3,-27.209,9.07,10.0,9.9,3.4914,2.4999,36.4401,01-26-22_13.10_CC_protocol_HPPC_IN21700_30T_cycle_#1500.mat
CC,1500,0.79553,2.36544,0.3285,10,discharge,0,-2.366,0.789,10.0,9.9,3.4433,3.308,57.1948,01-26-22_13.10_CC_protocol_HPPC_IN21700_30T_cycle_#1500.mat
CC,1500,0.79553,2.36544,0.3285,10,discharge,1,-9.466,3.155,10.0,9.9,3.4439,2.9062,56.8063,01-26-22_13.10_CC_protocol_HPPC_IN21700_30T_cycle_#1500.mat
CC,1500,0.79553,2.36544,0.3284,10,discharge,2,-18.932,6.311,10.0,9.9,3.4444,2.4999,49.8891,01-26-22_13.10_CC_protocol_HPPC_IN21700_30T_cycle_#1500.mat
CC,1500,0.79553,2.36544,0.3284,10,discharge,3,-22.439,7.48,10.0,9.9,3.4472,2.4999,42.2167,01-26-22_13.10_CC_protocol_HPPC_IN21700_30T_cycle_#1500.mat
CC,1500,0.79553,2.36544,0.2891,11,discharge,0,-2.366,0.789,10.0,9.9,3.4096,3.2357,73.512,01-26-22_13.10_CC_protocol_HPPC_IN21700_30T_cycle_#1500.mat
CC,1500,0.79553,2.36544,0.289,11,discharge,1,-9.467,3.156,10.0,9.9,3.4107,2.7247,72.4599,01-26-22_13.10_CC_protocol_HPPC_IN21700_30T_cycle_#1500.mat
CC,1500,0.79553,2.36544,0.289,11,discharge,2,-16.418,5.473,10.0,9.9,3.4146,2.4999,55.7132,01-26-22_13.10_CC_protocol_HPPC_IN21700_30T_cycle_#1500.mat
CC,1500,0.79553,2.36544,0.2889,11,discharge,3,-15.578,5.193,10.0,9.9,3.4155,2.5,58.7688,01-26-22_13.10_CC_protocol_HPPC_IN21700_30T_cycle_#1500.mat
CC,1500,0.79553,2.36544,0.2497,12,discharge,0,-2.367,0.789,10.0,9.9,3.3639,3.1188,103.5444,01-26-22_13.10_CC_protocol_HPPC_IN21700_30T_cycle_#1500.mat
CC,1500,0.79553,2.36544,0.2496,12,discharge,1,-9.467,3.156,10.0,9.9,3.3664,2.4999,91.5294,01-26-22_13.10_CC_protocol_HPPC_IN21700_30T_cycle_#1500.mat
CC,1500,0.79553,2.36544,0.2495,12,discharge,2,-11.029,3.676,10.0,9.9,3.3746,2.5,79.3,01-26-22_13.10_CC_protocol_HPPC_IN21700_30T_cycle_#1500.mat
CC,1500,0.79553,2.36544,0.2494,12,discharge,3,-10.712,3.571,10.0,9.9,3.3755,2.4999,81.7401,01-26-22_13.10_CC_protocol_HPPC_IN21700_30T_cycle_#1500.mat
CC,1537,0.78499,2.33409,1.0,0,discharge,0,-2.333,0.778,10.0,9.7,4.1004,3.9624,59.1462,02-01-22_04.06_CC_protocol_HPPC_IN21700_30T_cycle_#1537.mat
CC,1537,0.78499,2.33409,0.9999,0,discharge,1,-9.334,3.111,10.0,9.9,4.1102,3.7156,42.2756,02-01-22_04.06_CC_protocol_HPPC_IN21700_30T_cycle_#1537.mat
CC,1537,0.78499,2.33409,0.9999,0,discharge,2,-18.665,6.222,10.0,9.9,4.1081,3.4785,33.7316,02-01-22_04.06_CC_protocol_HPPC_IN21700_30T_cycle_#1537.mat
CC,1537,0.78499,2.33409,0.9994,0,discharge,3,-26.833,8.944,10.0,9.9,4.1082,3.2804,30.8501,02-01-22_04.06_CC_protocol_HPPC_IN21700_30T_cycle_#1537.mat
CC,1537,0.78499,2.33409,0.958,1,discharge,0,-2.331,0.777,10.0,9.9,4.0755,3.9465,55.3482,02-01-22_04.06_CC_protocol_HPPC_IN21700_30T_cycle_#1537.mat
CC,1537,0.78499,2.33409,0.958,1,discharge,1,-9.334,3.111,10.0,9.9,4.076,3.6907,41.2792,02-01-22_04.06_CC_protocol_HPPC_IN21700_30T_cycle_#1537.mat
CC,1537,0.78499,2.33409,0.9579,1,discharge,2,-18.664,6.221,10.0,9.9,4.0771,3.4481,33.7012,02-01-22_04.06_CC_protocol_HPPC_IN21700_30T_cycle_#1537.mat
CC,1537,0.78499,2.33409,0.9579,1,discharge,3,-26.831,8.944,10.0,9.9,4.0784,3.2642,30.3455,02-01-22_04.06_CC_protocol_HPPC_IN21700_30T_cycle_#1537.mat
CC,1537,0.78499,2.33409,0.9192,2,discharge,0,-2.333,0.778,10.0,9.9,4.0442,3.921,52.8008,02-01-22_04.06_CC_protocol_HPPC_IN21700_30T_cycle_#1537.mat
CC,1537,0.78499,2.33409,0.9191,2,discharge,1,-9.334,3.111,10.0,9.9,4.0458,3.671,40.1538,02-01-22_04.06_CC_protocol_HPPC_IN21700_30T_cycle_#1537.mat
CC,1537,0.78499,2.33409,0.919,2,discharge,2,-18.665,6.222,10.0,9.9,4.0477,3.4317,33.0029,02-01-22_04.06_CC_protocol_HPPC_IN21700_30T_cycle_#1537.mat
CC,1537,0.78499,2.33409,0.919,2,discharge,3,-26.833,8.944,10.0,9.9,4.0509,3.2494,29.8699,02-01-22_04.06_CC_protocol_HPPC_IN21700_30T_cycle_#1537.mat
CC,1537,0.78499,2.33409,0.8414,3,discharge,0,-2.333,0.778,10.0,9.9,3.9344,3.8322,43.7987,02-01-22_04.06_CC_protocol_HPPC_IN21700_30T_cycle_#1537.mat
CC,1537,0.78499,2.33409,0.8413,3,discharge,1,-9.334,3.111,10.0,9.9,3.9358,3.6037,35.5804,02-01-22_04.06_CC_protocol_HPPC_IN21700_30T_cycle_#1537.mat
CC,1537,0.78499,2.33409,0.8413,3,discharge,2,-18.666,6.222,10.0,9.9,3.9375,3.3754,30.1136,02-01-22_04.06_CC_protocol_HPPC_IN21700_30T_cycle_#1537.mat
CC,1537,0.78499,2.33409,0.8412,3,discharge,3,-26.832,8.944,10.0,9.9,3.9397,3.1984,27.6275,02-01-22_04.06_CC_protocol_HPPC_IN21700_30T_cycle_#1537.mat
CC,1537,0.78499,2.33409,0.7636,4,discharge,0,-2.333,0.778,10.0,9.9,3.8484,3.7517,41.4417,02-01-22_04.06_CC_protocol_HPPC_IN21700_30T_cycle_#1537.mat
CC,1537,0.78499,2.33409,0.7635,4,discharge,1,-9.332,3.111,10.0,9.9,3.8496,3.5267,34.5995,02-01-22_04.06_CC_protocol_HPPC_IN21700_30T_cycle_#1537.mat
CC,1537,0.78499,2.33409,0.7635,4,discharge,2,-18.667,6.222,10.0,9.9,3.8501,3.2939,29.7959,02-01-22_04.06_CC_protocol_HPPC_IN21700_30T_cycle_#1537.mat
CC,1537,0.78499,2.33409,0.7634,4,discharge,3,-26.833,8.944,10.0,9.9,3.8504,3.1119,27.5221,02-01-22_04.06_CC_protocol_HPPC_IN21700_30T_cycle_#1537.mat
CC,1537,0.78499,2.33409,0.6858,5,discharge,0,-2.333,0.778,10.0,9.9,3.764,3.6716,39.5972,02-01-22_04.06_CC_protocol_HPPC_IN21700_30T_cycle_#1537.mat
CC,1537,0.78499,2.33409,0.6858,5,discharge,1,-9.334,3.111,10.0,9.9,3.7653,3.4496,33.8219,02-01-22_04.06_CC_protocol_HPPC_IN21700_30T_cycle_#1537.mat
CC,1537,0.78499,2.33409,0.6857,5,discharge,2,-18.667,6.222,10.0,9.9,3.768,3.2186,29.4316,02-01-22_04.06_CC_protocol_HPPC_IN21700_30T_cycle_#1537.mat
CC,1537,0.78499,2.33409,0.6856,5,discharge,3,-26.832,8.944,10.0,9.9,3.7703,3.0354,27.3889,02-01-22_04.06_CC_protocol_HPPC_IN21700_30T_cycle_#1537.mat
CC,1537,0.78499,2.33409,0.6081,6,discharge,0,-2.334,0.778,10.0,9.9,3.6836,3.5895,40.3222,02-01-22_04.06_CC_protocol_HPPC_IN21700_30T_cycle_#1537.mat
CC,1537,0.78499,2.33409,0.608,6,discharge,1,-9.333,3.111,10.0,9.9,3.6854,3.3617,34.6826,02-01-22_04.06_CC_protocol_HPPC_IN21700_30T_cycle_#1537.mat
CC,1537,0.78499,2.33409,0.6079,6,discharge,2,-18.666,6.222,10.0,9.9,3.6868,3.122,30.2582,02-01-22_04.06_CC_protocol_HPPC_IN21700_30T_cycle_#1537.mat
CC,1537,0.78499,2.33409,0.6078,6,discharge,3,-26.833,8.944,10.0,9.9,3.6898,2.9323,28.2302,02-01-22_04.06_CC_protocol_HPPC_IN21700_30T_cycle_#1537.mat
CC,1537,0.78499,2.33409,0.5303,7,discharge,0,-2.332,0.777,10.0,9.9,3.624,3.5297,40.4443,02-01-22_04.06_CC_protocol_HPPC_IN21700_30T_cycle_#1537.mat
CC,1537,0.78499,2.33409,0.5302,7,discharge,1,-9.334,3.111,10.0,9.9,3.6263,3.2964,35.3424,02-01-22_04.06_CC_protocol_HPPC_IN21700_30T_cycle_#1537.mat
CC,1537,0.78499,2.33409,0.5301,7,discharge,2,-18.665,6.222,10.0,9.9,3.6278,3.0479,31.0688,02-01-22_04.06_CC_protocol_HPPC_IN21700_30T_cycle_#1537.mat
CC,1537,0.78499,2.33409,0.5301,7,discharge,3,-26.833,8.944,10.0,9.9,3.6295,2.8512,29.0053,02-01-22_04.06_CC_protocol_HPPC_IN21700_30T_cycle_#1537.mat
CC,1537,0.78499,2.33409,0.4525,8,discharge,0,-2.334,0.778,10.0,9.9,3.5621,3.454,46.3153,02-01-22_04.06_CC_protocol_HPPC_IN21700_30T_cycle_#1537.mat
CC,1537,0.78499,2.33409,0.4524,8,discharge,1,-9.333,3.111,10.0,9.9,3.5629,3.1892,40.0394,02-01-22_04.06_CC_protocol_HPPC_IN21700_30T_cycle_#1537.mat
CC,1537,0.78499,2.33409,0.4523,8,discharge,2,-18.666,6.222,10.0,9.9,3.5659,2.8966,35.8566,02-01-22_04.06_CC_protocol_HPPC_IN21700_30T_cycle_#1537.mat
CC,1537,0.78499,2.33409,0.4523,8,discharge,3,-26.834,8.945,10.0,9.9,3.5688,2.6495,34.2588,02-01-22_04.06_CC_protocol_HPPC_IN21700_30T_cycle_#1537.mat
CC,1537,0.78499,2.33409,0.3747,9,discharge,0,-2.334,0.778,10.0,9.9,3.4807,3.3551,53.8201,02-01-22_04.06_CC_protocol_HPPC_IN21700_30T_cycle_#1537.mat
CC,1537,0.78499,2.33409,0.3747,9,discharge,1,-9.335,3.112,10.0,9.9,3.4827,3.0219,49.3626,02-01-22_04.06_CC_protocol_HPPC_IN21700_30T_cycle_#1537.mat
CC,1537,0.78499,2.33409,0.3746,9,discharge,2,-18.666,6.222,10.0,9.9,3.4845,2.6272,45.9284,02-01-22_04.06_CC_protocol_HPPC_IN21700_30T_cycle_#1537.mat
CC,1537,0.78499,2.33409,0.3745,9,discharge,3,-26.826,8.942,10.0,9.9,3.4889,2.5,36.8635,02-01-22_04.06_CC_protocol_HPPC_IN21700_30T_cycle_#1537.mat
CC,1537,0.78499,2.33409,0.3358,10,discharge,0,-2.334,0.778,10.0,9.9,3.4419,3.2941,63.3329,02-01-22_04.06_CC_protocol_HPPC_IN21700_30T_cycle_#1537.mat
CC,1537,0.78499,2.33409,0.3358,10,discharge,1,-9.335,3.112,10.0,9.9,3.4426,2.8761,60.6849,02-01-22_04.06_CC_protocol_HPPC_IN21700_30T_cycle_#1537.mat
CC,1537,0.78499,2.33409,0.3357,10,discharge,2,-18.666,6.222,10.0,9.9,3.4442,2.5,50.5839,02-01-22_04.06_CC_protocol_HPPC_IN21700_30T_cycle_#1537.mat
CC,1537,0.78499,2.33409,0.3357,10,discharge,3,-21.144,7.048,10.0,9.9,3.4466,2.5,44.7692,02-01-22_04.06_CC_protocol_HPPC_IN21700_30T_cycle_#1537.mat
CC,1537,0.78499,2.33409,0.2969,11,discharge,0,-2.334,0.778,10.0,9.9,3.4086,3.2151,82.9155,02-01-22_04.06_CC_protocol_HPPC_IN21700_30T_cycle_#1537.mat
CC,1537,0.78499,2.33409,0.2969,11,discharge,1,-9.335,3.112,10.0,9.9,3.4099,2.6934,76.755,02-01-22_04.06_CC_protocol_HPPC_IN21700_30T_cycle_#1537.mat
CC,1537,0.78499,2.33409,0.2968,11,discharge,2,-16.079,5.36,10.0,9.9,3.4136,2.4999,56.8257,02-01-22_04.06_CC_protocol_HPPC_IN21700_30T_cycle_#1537.mat
CC,1537,0.78499,2.33409,0.2967,11,discharge,3,-15.645,5.215,10.0,9.9,3.4163,2.5,58.5682,02-01-22_04.06_CC_protocol_HPPC_IN21700_30T_cycle_#1537.mat
CC,1537,0.78499,2.33409,0.258,12,discharge,0,-2.334,0.778,10.0,9.9,3.3648,3.1107,108.8876,02-01-22_04.06_CC_protocol_HPPC_IN21700_30T_cycle_#1537.mat
CC,1537,0.78499,2.33409,0.258,12,discharge,1,-9.335,3.112,10.0,9.9,3.3679,2.4999,92.9804,02-01-22_04.06_CC_protocol_HPPC_IN21700_30T_cycle_#1537.mat
CC,1537,0.78499,2.33409,0.2579,12,discharge,2,-10.904,3.635,10.0,9.9,3.3763,2.4999,80.3742,02-01-22_04.06_CC_protocol_HPPC_IN21700_30T_cycle_#1537.mat
CC,1537,0.78499,2.33409,0.2579,12,discharge,3,-10.565,3.522,10.0,9.9,3.3774,2.4999,83.0573,02-01-22_04.06_CC_protocol_HPPC_IN21700_30T_cycle_#1537.mat
CC,1575,0.77766,2.31228,1.0,0,discharge,0,-2.313,0.771,10.0,9.7,4.0978,3.9462,65.5341,02-09-22_13.16_CC_protocol_HPPC_IN21700_30T_cycle_#1575.mat
CC,1575,0.77766,2.31228,0.9999,0,discharge,1,-9.25,3.083,10.0,9.9,4.107,3.688,45.2963,02-09-22_13.16_CC_protocol_HPPC_IN21700_30T_cycle_#1575.mat
CC,1575,0.77766,2.31228,0.9998,0,discharge,2,-18.5,6.167,10.0,9.9,4.1051,3.444,35.7351,02-09-22_13.16_CC_protocol_HPPC_IN21700_30T_cycle_#1575.mat
CC,1575,0.77766,2.31228,0.9989,0,discharge,3,-26.592,8.864,10.0,9.9,4.1033,3.2587,31.7614,02-09-22_13.16_CC_protocol_HPPC_IN21700_30T_cycle_#1575.mat
CC,1575,0.77766,2.31228,0.958,1,discharge,0,-2.313,0.771,10.0,9.9,4.0736,3.9359,59.5202,02-09-22_13.16_CC_protocol_HPPC_IN21700_30T_cycle_#1575.mat
CC,1575,0.77766,2.31228,0.958,1,discharge,1,-9.249,3.083,10.0,9.9,4.074,3.6704,43.6367,02-09-22_13.16_CC_protocol_HPPC_IN21700_30T_cycle_#1575.mat
CC,1575,0.77766,2.31228,0.9579,1,discharge,2,-18.501,6.167,10.0,9.9,4.075,3.4207,35.3657,02-09-22_13.16_CC_protocol_HPPC_IN21700_30T_cycle_#1575.mat
CC,1575,0.77766,2.31228,0.9578,1,discharge,3,-26.592,8.864,10.0,9.9,4.0775,3.2327,31.769,02-09-22_13.16_CC_protocol_HPPC_IN21700_30T_cycle_#1575.mat
CC,1575,0.77766,2.31228,0.9195,2,discharge,0,-2.313,0.771,10.0,9.9,4.035,3.9045,56.4154,02-09-22_13.16_CC_protocol_HPPC_IN21700_30T_cycle_#1575.mat
CC,1575,0.77766,2.31228,0.9194,2,discharge,1,-9.25,3.083,10.0,9.9,4.0366,3.6471,42.1072,02-09-22_13.16_CC_protocol_HPPC_IN21700_30T_cycle_#1575.mat
CC,1575,0.77766,2.31228,0.9194,2,discharge,2,-18.499,6.166,10.0,9.9,4.0387,3.4033,34.3478,02-09-22_13.16_CC_protocol_HPPC_IN21700_30T_cycle_#1575.mat
CC,1575,0.77766,2.31228,0.9193,2,discharge,3,-26.59,8.863,10.0,9.9,4.0418,3.2197,30.9176,02-09-22_13.16_CC_protocol_HPPC_IN21700_30T_cycle_#1575.mat
CC,1575,0.77766,2.31228,0.8424,3,discharge,0,-2.313,0.771,10.0,9.9,3.926,3.8172,47.0303,02-09-22_13.16_CC_protocol_HPPC_IN21700_30T_cycle_#1575.mat
CC,1575,0.77766,2.31228,0.8424,3,discharge,1,-9.251,3.084,10.0,9.9,3.9265,3.5753,37.9639,02-09-22_13.16_CC_protocol_HPPC_IN21700_30T_cycle_#1575.mat
CC,1575,0.77766,2.31228,0.8423,3,discharge,2,-18.499,6.166,10.0,9.9,3.9292,3.3354,32.099,02-09-22_13.16_CC_protocol_HPPC_IN21700_30T_cycle_#1575.mat
CC,1575,0.77766,2.31228,0.8422,3,discharge,3,-26.591,8.864,10.0,9.9,3.9312,3.1517,29.3144,02-09-22_13.16_CC_protocol_HPPC_IN21700_30T_cycle_#1575.mat
CC,1575,0.77766,2.31228,0.7653,4,discharge,0,-2.314,0.771,10.0,9.9,3.8365,3.7341,44.2581,02-09-22_13.16_CC_protocol_HPPC_IN21700_30T_cycle_#1575.mat
CC,1575,0.77766,2.31228,0.7653,4,discharge,1,-9.251,3.084,10.0,9.9,3.8372,3.5014,36.2992,02-09-22_13.16_CC_protocol_HPPC_IN21700_30T_cycle_#1575.mat
CC,1575,0.77766,2.31228,0.7652,4,discharge,2,-18.499,6.166,10.0,9.9,3.8392,3.2636,31.1152,02-09-22_13.16_CC_protocol_HPPC_IN21700_30T_cycle_#1575.mat
CC,1575,0.77766,2.31228,0.7651,4,discharge,3,-26.593,8.864,10.0,9.9,3.8405,3.0806,28.5752,02-09-22_13.16_CC_protocol_HPPC_IN21700_30T_cycle_#1575.mat
CC,1575,0.77766,2.31228,0.6882,5,discharge,0,-2.314,0.771,10.0,9.9,3.7539,3.6545,42.9633,02-09-22_13.16_CC_protocol_HPPC_IN21700_30T_cycle_#1575.mat
CC,1575,0.77766,2.31228,0.6882,5,discharge,1,-9.251,3.084,10.0,9.9,3.7557,3.4174,36.5682,02-09-22_13.16_CC_protocol_HPPC_IN21700_30T_cycle_#1575.mat
CC,1575,0.77766,2.31228,0.6881,5,discharge,2,-18.501,6.167,10.0,9.9,3.758,3.1738,31.5767,02-09-22_13.16_CC_protocol_HPPC_IN21700_30T_cycle_#1575.mat
CC,1575,0.77766,2.31228,0.6881,5,discharge,3,-26.591,8.864,10.0,9.9,3.7596,2.9843,29.1565,02-09-22_13.16_CC_protocol_HPPC_IN21700_30T_cycle_#1575.mat
CC,1575,0.77766,2.31228,0.6112,6,discharge,0,-2.312,0.771,10.0,9.9,3.6754,3.5749,43.4726,02-09-22_13.16_CC_protocol_HPPC_IN21700_30T_cycle_#1575.mat
CC,1575,0.77766,2.31228,0.6111,6,discharge,1,-9.251,3.084,10.0,9.9,3.6767,3.3385,36.5602,02-09-22_13.16_CC_protocol_HPPC_IN21700_30T_cycle_#1575.mat
CC,1575,0.77766,2.31228,0.611,6,discharge,2,-18.5,6.167,10.0,9.9,3.6797,3.0932,31.7027,02-09-22_13.16_CC_protocol_HPPC_IN21700_30T_cycle_#1575.mat
CC,1575,0.77766,2.31228,0.611,6,discharge,3,-26.591,8.864,10.0,9.9,3.6813,2.9031,29.2655,02-09-22_13.16_CC_protocol_HPPC_IN21700_30T_cycle_#1575.mat
CC,1575,0.77766,2.31228,0.5341,7,discharge,0,-2.314,0.771,10.0,9.9,3.6186,3.5134,45.4624,02-09-22_13.16_CC_protocol_HPPC_IN21700_30T_cycle_#1575.mat
CC,1575,0.77766,2.31228,0.534,7,discharge,1,-9.249,3.083,10.0,9.9,3.6195,3.2637,38.4669,02-09-22_13.16_CC_protocol_HPPC_IN21700_30T_cycle_#1575.mat
CC,1575,0.77766,2.31228,0.534,7,discharge,2,-18.499,6.166,10.0,9.9,3.6217,3.0009,33.5586,02-09-22_13.16_CC_protocol_HPPC_IN21700_30T_cycle_#1575.mat
CC,1575,0.77766,2.31228,0.5339,7,discharge,3,-26.591,8.864,10.0,9.9,3.6235,2.7924,31.2549,02-09-22_13.16_CC_protocol_HPPC_IN21700_30T_cycle_#1575.mat
CC,1575,0.77766,2.31228,0.457,8,discharge,0,-2.314,0.771,10.0,9.9,3.5543,3.4371,50.6548,02-09-22_13.16_CC_protocol_HPPC_IN21700_30T_cycle_#1575.mat
CC,1575,0.77766,2.31228,0.457,8,discharge,1,-9.251,3.084,10.0,9.9,3.5562,3.1575,43.0976,02-09-22_13.16_CC_protocol_HPPC_IN21700_30T_cycle_#1575.mat
CC,1575,0.77766,2.31228,0.4569,8,discharge,2,-18.5,6.167,10.0,9.9,3.5586,2.8541,38.0811,02-09-22_13.16_CC_protocol_HPPC_IN21700_30T_cycle_#1575.mat
CC,1575,0.77766,2.31228,0.4568,8,discharge,3,-26.591,8.864,10.0,9.9,3.5623,2.6021,36.11,02-09-22_13.16_CC_protocol_HPPC_IN21700_30T_cycle_#1575.mat
CC,1575,0.77766,2.31228,0.3799,9,discharge,0,-2.314,0.771,10.0,9.9,3.4726,3.3289,62.1003,02-09-22_13.16_CC_protocol_HPPC_IN21700_30T_cycle_#1575.mat
CC,1575,0.77766,2.31228,0.3799,9,discharge,1,-9.25,3.083,10.0,9.9,3.4745,2.9601,55.6114,02-09-22_13.16_CC_protocol_HPPC_IN21700_30T_cycle_#1575.mat
CC,1575,0.77766,2.31228,0.3798,9,discharge,2,-18.5,6.167,10.0,9.9,3.4773,2.5317,51.1135,02-09-22_13.16_CC_protocol_HPPC_IN21700_30T_cycle_#1575.mat
CC,1575,0.77766,2.31228,0.3797,9,discharge,3,-24.732,8.244,10.0,9.9,3.4809,2.4999,39.6652,02-09-22_13.16_CC_protocol_HPPC_IN21700_30T_cycle_#1575.mat
CC,1575,0.77766,2.31228,0.3414,10,discharge,0,-2.312,0.771,10.0,9.9,3.4358,3.2704,71.5429,02-09-22_13.16_CC_protocol_HPPC_IN21700_30T_cycle_#1575.mat
CC,1575,0.77766,2.31228,0.3413,10,discharge,1,-9.25,3.083,10.0,9.9,3.4366,2.8278,65.8184,02-09-22_13.16_CC_protocol_HPPC_IN21700_30T_cycle_#1575.mat
CC,1575,0.77766,2.31228,0.3413,10,discharge,2,-18.494,6.165,10.0,9.9,3.4385,2.4999,50.7516,02-09-22_13.16_CC_protocol_HPPC_IN21700_30T_cycle_#1575.mat
CC,1575,0.77766,2.31228,0.3412,10,discharge,3,-19.592,6.531,10.0,9.9,3.4411,2.4999,48.04,02-09-22_13.16_CC_protocol_HPPC_IN21700_30T_cycle_#1575.mat
CC,1575,0.77766,2.31228,0.3029,11,discharge,0,-2.314,0.771,10.0,9.9,3.4035,3.1751,98.6993,02-09-22_13.16_CC_protocol_HPPC_IN21700_30T_cycle_#1575.mat
CC,1575,0.77766,2.31228,0.3028,11,discharge,1,-9.252,3.084,10.0,9.9,3.4049,2.6046,86.4993,02-09-22_13.16_CC_protocol_HPPC_IN21700_30T_cycle_#1575.mat
CC,1575,0.77766,2.31228,0.3027,11,discharge,2,-14.131,4.71,10.0,9.9,3.4099,2.5,64.3903,02-09-22_13.16_CC_protocol_HPPC_IN21700_30T_cycle_#1575.mat
CC,1575,0.77766,2.31228,0.3026,11,discharge,3,-13.815,4.605,10.0,9.9,3.4117,2.5,65.9935,02-09-22_13.16_CC_protocol_HPPC_IN21700_30T_cycle_#1575.mat
CC,1575,0.77766,2.31228,0.2643,12,discharge,0,-2.312,0.771,10.0,9.9,3.3564,3.0795,119.7561,02-09-22_13.16_CC_protocol_HPPC_IN21700_30T_cycle_#1575.mat
CC,1575,0.77766,2.31228,0.2643,12,discharge,1,-9.251,3.084,10.0,9.9,3.3586,2.4999,92.8224,02-09-22_13.16_CC_protocol_HPPC_IN21700_30T_cycle_#1575.mat
CC,1575,0.77766,2.31228,0.2642,12,discharge,2,-9.998,3.333,10.0,9.9,3.3681,2.5,86.823,02-09-22_13.16_CC_protocol_HPPC_IN21700_30T_cycle_#1575.mat
CC,1575,0.77766,2.31228,0.2641,12,discharge,3,-9.77,3.257,10.0,9.9,3.3695,2.5,88.9951,02-09-22_13.16_CC_protocol_HPPC_IN21700_30T_cycle_#1575.mat
CC,1612,0.76788,2.28323,1.0,0,discharge,0,-2.283,0.761,10.0,9.7,4.0941,3.9354,69.5138,02-14-22_22.37_CC_protocol_HPPC_IN21700_30T_cycle_#1612.mat
CC,1612,0.76788,2.28323,0.9999,0,discharge,1,-9.13,3.043,10.0,9.9,4.1039,3.6716,47.352,02-14-22_22.37_CC_protocol_HPPC_IN21700_30T_cycle_#1612.mat
CC,1612,0.76788,2.28323,0.9999,0,discharge,2,-18.256,6.085,10.0,9.9,4.1021,3.423,37.1987,02-14-22_22.37_CC_protocol_HPPC_IN21700_30T_cycle_#1612.mat
CC,1612,0.76788,2.28323,0.9983,0,discharge,3,-26.245,8.748,10.0,9.9,4.1005,3.235,32.9777,02-14-22_22.37_CC_protocol_HPPC_IN21700_30T_cycle_#1612.mat
CC,1612,0.76788,2.28323,0.9574,1,discharge,0,-2.283,0.761,10.0,9.9,4.0703,3.9208,65.4754,02-14-22_22.37_CC_protocol_HPPC_IN21700_30T_cycle_#1612.mat
CC,1612,0.76788,2.28323,0.9574,1,discharge,1,-9.13,3.043,10.0,9.9,4.071,3.6477,46.3647,02-14-22_22.37_CC_protocol_HPPC_IN21700_30T_cycle_#1612.mat
CC,1612,0.76788,2.28323,0.9573,1,discharge,2,-18.257,6.086,10.0,9.9,4.0725,3.3933,37.2022,02-14-22_22.37_CC_protocol_HPPC_IN21700_30T_cycle_#1612.mat
CC,1612,0.76788,2.28323,0.9572,1,discharge,3,-26.244,8.748,10.0,9.9,4.0752,3.2028,33.2419,02-14-22_22.37_CC_protocol_HPPC_IN21700_30T_cycle_#1612.mat
CC,1612,0.76788,2.28323,0.9194,2,discharge,0,-2.282,0.761,10.0,9.9,4.0253,3.8873,60.4839,02-14-22_22.37_CC_protocol_HPPC_IN21700_30T_cycle_#1612.mat
CC,1612,0.76788,2.28323,0.9193,2,discharge,1,-9.13,3.043,10.0,9.9,4.027,3.6242,44.1193,02-14-22_22.37_CC_protocol_HPPC_IN21700_30T_cycle_#1612.mat
CC,1612,0.76788,2.28323,0.9193,2,discharge,2,-18.257,6.086,10.0,9.9,4.0289,3.3766,35.7288,02-14-22_22.37_CC_protocol_HPPC_IN21700_30T_cycle_#1612.mat
CC,1612,0.76788,2.28323,0.9192,2,discharge,3,-26.245,8.748,10.0,9.9,4.0324,3.1907,32.0709,02-14-22_22.37_CC_protocol_HPPC_IN21700_30T_cycle_#1612.mat
CC,1612,0.76788,2.28323,0.8433,3,discharge,0,-2.284,0.761,10.0,9.9,3.9178,3.801,51.1451,02-14-22_22.37_CC_protocol_HPPC_IN21700_30T_cycle_#1612.mat
CC,1612,0.76788,2.28323,0.8433,3,discharge,1,-9.128,3.043,10.0,9.9,3.9193,3.5516,40.2822,02-14-22_22.37_CC_protocol_HPPC_IN21700_30T_cycle_#1612.mat
CC,1612,0.76788,2.28323,0.8432,3,discharge,2,-18.257,6.086,10.0,9.9,3.921,3.3068,33.6419,02-14-22_22.37_CC_protocol_HPPC_IN21700_30T_cycle_#1612.mat
CC,1612,0.76788,2.28323,0.8431,3,discharge,3,-26.246,8.749,10.0,9.9,3.9236,3.1199,30.6218,02-14-22_22.37_CC_protocol_HPPC_IN21700_30T_cycle_#1612.mat
CC,1612,0.76788,2.28323,0.7672,4,discharge,0,-2.282,0.761,10.0,9.9,3.8264,3.717,47.9488,02-14-22_22.37_CC_protocol_HPPC_IN21700_30T_cycle_#1612.mat
CC,1612,0.76788,2.28323,0.7672,4,discharge,1,-9.128,3.043,10.0,9.9,3.8282,3.4751,38.6832,02-14-22_22.37_CC_protocol_HPPC_IN21700_30T_cycle_#1612.mat
CC,1612,0.76788,2.28323,0.7671,4,discharge,2,-18.256,6.085,10.0,9.9,3.8292,3.232,32.7125,02-14-22_22.37_CC_protocol_HPPC_IN21700_30T_cycle_#1612.mat
CC,1612,0.76788,2.28323,0.767,4,discharge,3,-26.244,8.748,10.0,9.9,3.8307,3.0462,29.8925,02-14-22_22.37_CC_protocol_HPPC_IN21700_30T_cycle_#1612.mat
CC,1612,0.76788,2.28323,0.6912,5,discharge,0,-2.284,0.761,10.0,9.9,3.7437,3.6383,46.1491,02-14-22_22.37_CC_protocol_HPPC_IN21700_30T_cycle_#1612.mat
CC,1612,0.76788,2.28323,0.6911,5,discharge,1,-9.128,3.043,10.0,9.9,3.7468,3.3934,38.7148,02-14-22_22.37_CC_protocol_HPPC_IN21700_30T_cycle_#1612.mat
CC,1612,0.76788,2.28323,0.691,5,discharge,2,-18.255,6.085,10.0,9.9,3.7494,3.1434,33.1964,02-14-22_22.37_CC_protocol_HPPC_IN21700_30T_cycle_#1612.mat
CC,1612,0.76788,2.28323,0.691,5,discharge,3,-26.244,8.748,10.0,9.9,3.7521,2.9511,30.5213,02-14-22_22.37_CC_protocol_HPPC_IN21700_30T_cycle_#1612.mat
CC,1612,0.76788,2.28323,0.6151,6,discharge,0,-2.284,0.761,10.0,9.9,3.6688,3.5604,47.4606,02-14-22_22.37_CC_protocol_HPPC_IN21700_30T_cycle_#1612.mat
CC,1612,0.76788,2.28323,0.615,6,discharge,1,-9.13,3.043,10.0,9.9,3.6709,3.3135,39.1448,02-14-22_22.37_CC_protocol_HPPC_IN21700_30T_cycle_#1612.mat
CC,1612,0.76788,2.28323,0.615,6,discharge,2,-18.257,6.086,10.0,9.9,3.6732,3.0615,33.505,02-14-22_22.37_CC_protocol_HPPC_IN21700_30T_cycle_#1612.mat
CC,1612,0.76788,2.28323,0.6149,6,discharge,3,-26.245,8.748,10.0,9.9,3.6759,2.8681,30.7792,02-14-22_22.37_CC_protocol_HPPC_IN21700_30T_cycle_#1612.mat
CC,1612,0.76788,2.28323,0.539,7,discharge,0,-2.282,0.761,10.0,9.9,3.6135,3.5015,49.0776,02-14-22_22.37_CC_protocol_HPPC_IN21700_30T_cycle_#1612.mat
CC,1612,0.76788,2.28323,0.539,7,discharge,1,-9.129,3.043,10.0,9.9,3.6153,3.2386,41.2664,02-14-22_22.37_CC_protocol_HPPC_IN21700_30T_cycle_#1612.mat
CC,1612,0.76788,2.28323,0.5389,7,discharge,2,-18.257,6.086,10.0,9.9,3.6169,2.9667,35.6137,02-14-22_22.37_CC_protocol_HPPC_IN21700_30T_cycle_#1612.mat
CC,1612,0.76788,2.28323,0.5388,7,discharge,3,-26.244,8.748,10.0,9.9,3.619,2.7533,32.9866,02-14-22_22.37_CC_protocol_HPPC_IN21700_30T_cycle_#1612.mat
CC,1612,0.76788,2.28323,0.463,8,discharge,0,-2.284,0.761,10.0,9.9,3.5485,3.4197,56.3923,02-14-22_22.37_CC_protocol_HPPC_IN21700_30T_cycle_#1612.mat
CC,1612,0.76788,2.28323,0.4629,8,discharge,1,-9.128,3.043,10.0,9.9,3.5507,3.1223,46.931,02-14-22_22.37_CC_protocol_HPPC_IN21700_30T_cycle_#1612.mat
CC,1612,0.76788,2.28323,0.4628,8,discharge,2,-18.255,6.085,10.0,9.9,3.5535,2.8059,40.9532,02-14-22_22.37_CC_protocol_HPPC_IN21700_30T_cycle_#1612.mat
CC,1612,0.76788,2.28323,0.4628,8,discharge,3,-26.245,8.748,10.0,9.9,3.5577,2.5446,38.6016,02-14-22_22.37_CC_protocol_HPPC_IN21700_30T_cycle_#1612.mat
CC,1612,0.76788,2.28323,0.3869,9,discharge,0,-2.282,0.761,10.0,9.9,3.468,3.3102,69.1438,02-14-22_22.37_CC_protocol_HPPC_IN21700_30T_cycle_#1612.mat
CC,1612,0.76788,2.28323,0.3868,9,discharge,1,-9.129,3.043,10.0,9.9,3.4701,2.9235,59.8764,02-14-22_22.37_CC_protocol_HPPC_IN21700_30T_cycle_#1612.mat
CC,1612,0.76788,2.28323,0.3868,9,discharge,2,-18.256,6.085,10.0,9.9,3.473,2.4999,53.303,02-14-22_22.37_CC_protocol_HPPC_IN21700_30T_cycle_#1612.mat
CC,1612,0.76788,2.28323,0.3867,9,discharge,3,-23.149,7.716,10.0,9.9,3.4778,2.5,42.2394,02-14-22_22.37_CC_protocol_HPPC_IN21700_30T_cycle_#1612.mat
CC,1612,0.76788,2.28323,0.3488,10,discharge,0,-2.284,0.761,10.0,9.9,3.4328,3.248,80.9071,02-14-22_22.37_CC_protocol_HPPC_IN21700_30T_cycle_#1612.mat
CC,1612,0.76788,2.28323,0.3488,10,discharge,1,-9.128,3.043,10.0,9.9,3.4338,2.7919,70.3205,02-14-22_22.37_CC_protocol_HPPC_IN21700_30T_cycle_#1612.mat
CC,1612,0.76788,2.28323,0.3487,10,discharge,2,-18.247,6.082,10.0,9.9,3.4361,2.4999,51.3071,02-14-22_22.37_CC_protocol_HPPC_IN21700_30T_cycle_#1612.mat
CC,1612,0.76788,2.28323,0.3487,10,discharge,3,-18.34,6.113,10.0,9.9,3.438,2.4999,51.1505,02-14-22_22.37_CC_protocol_HPPC_IN21700_30T_cycle_#1612.mat
CC,1612,0.76788,2.28323,0.3108,11,discharge,0,-2.282,0.761,10.0,9.9,3.4013,3.1571,107.002,02-14-22_22.37_CC_protocol_HPPC_IN21700_30T_cycle_#1612.mat
CC,1612,0.76788,2.28323,0.3107,11,discharge,1,-9.129,3.043,10.0,9.9,3.4021,2.5904,88.9183,02-14-22_22.37_CC_protocol_HPPC_IN21700_30T_cycle_#1612.mat
CC,1612,0.76788,2.28323,0.3107,11,discharge,2,-13.503,4.501,10.0,9.9,3.4085,2.5,67.2813,02-14-22_22.37_CC_protocol_HPPC_IN21700_30T_cycle_#1612.mat
CC,1612,0.76788,2.28323,0.3106,11,discharge,3,-13.26,4.42,10.0,9.9,3.4098,2.4999,68.6199,02-14-22_22.37_CC_protocol_HPPC_IN21700_30T_cycle_#1612.mat
CC,1612,0.76788,2.28323,0.2728,12,discharge,0,-2.282,0.761,10.0,9.9,3.3544,3.0643,127.1142,02-14-22_22.37_CC_protocol_HPPC_IN21700_30T_cycle_#1612.mat
CC,1612,0.76788,2.28323,0.2727,12,discharge,1,-9.13,3.043,10.0,9.9,3.3573,2.5,93.8992,02-14-22_22.37_CC_protocol_HPPC_IN21700_30T_cycle_#1612.mat
CC,1612,0.76788,2.28323,0.2726,12,discharge,2,-9.649,3.216,10.0,9.9,3.3666,2.5,89.8078,02-14-22_22.37_CC_protocol_HPPC_IN21700_30T_cycle_#1612.mat
CC,1612,0.76788,2.28323,0.2726,12,discharge,3,-9.435,3.145,10.0,9.9,3.3681,2.4999,92.0152,02-14-22_22.37_CC_protocol_HPPC_IN21700_30T_cycle_#1612.mat
CC,1650,0.75634,2.2489,1.0,0,discharge,0,-2.25,0.75,10.0,9.7,4.0937,3.911,81.2108,02-28-22_10.52_CC_protocol_HPPC_IN21700_30T_cycle_#1650.mat
CC,1650,0.75634,2.2489,0.9999,0,discharge,1,-8.994,2.998,10.0,9.9,4.103,3.6361,51.9147,02-28-22_10.52_CC_protocol_HPPC_IN21700_30T_cycle_#1650.mat
CC,1650,0.75634,2.2489,0.9988,0,discharge,2,-17.989,5.996,10.0,9.9,4.0999,3.377,40.1857,02-28-22_10.52_CC_protocol_HPPC_IN21700_30T_cycle_#1650.mat
CC,1650,0.75634,2.2489,0.9956,0,discharge,3,-25.859,8.62,10.0,9.9,4.096,3.1814,35.3687,02-28-22_10.52_CC_protocol_HPPC_IN21700_30T_cycle_#1650.mat
CC,1650,0.75634,2.2489,0.9536,1,discharge,0,-2.249,0.75,10.0,9.9,4.0653,3.9066,70.549,02-28-22_10.52_CC_protocol_HPPC_IN21700_30T_cycle_#1650.mat
CC,1650,0.75634,2.2489,0.9536,1,discharge,1,-8.993,2.998,10.0,9.9,4.0665,3.6255,49.0387,02-28-22_10.52_CC_protocol_HPPC_IN21700_30T_cycle_#1650.mat
CC,1650,0.75634,2.2489,0.9535,1,discharge,2,-17.989,5.996,10.0,9.9,4.0686,3.3666,39.0238,02-28-22_10.52_CC_protocol_HPPC_IN21700_30T_cycle_#1650.mat
CC,1650,0.75634,2.2489,0.9534,1,discharge,3,-25.857,8.619,10.0,9.9,4.072,3.1765,34.6328,02-28-22_10.52_CC_protocol_HPPC_IN21700_30T_cycle_#1650.mat
CC,1650,0.75634,2.2489,0.9161,2,discharge,0,-2.25,0.75,10.0,9.9,4.0139,3.8733,62.4972,02-28-22_10.52_CC_protocol_HPPC_IN21700_30T_cycle_#1650.mat
CC,1650,0.75634,2.2489,0.9161,2,discharge,1,-8.993,2.998,10.0,9.9,4.0162,3.5979,46.5134,02-28-22_10.52_CC_protocol_HPPC_IN21700_30T_cycle_#1650.mat
CC,1650,0.75634,2.2489,0.916,2,discharge,2,-17.988,5.996,10.0,9.9,4.0181,3.3388,37.7641,02-28-22_10.52_CC_protocol_HPPC_IN21700_30T_cycle_#1650.mat
CC,1650,0.75634,2.2489,0.916,2,discharge,3,-25.859,8.62,10.0,9.9,4.0218,3.1387,34.1506,02-28-22_10.52_CC_protocol_HPPC_IN21700_30T_cycle_#1650.mat
CC,1650,0.75634,2.2489,0.8412,3,discharge,0,-2.248,0.749,10.0,9.9,3.9082,3.7828,55.7879,02-28-22_10.52_CC_protocol_HPPC_IN21700_30T_cycle_#1650.mat
CC,1650,0.75634,2.2489,0.8411,3,discharge,1,-8.993,2.998,10.0,9.9,3.9099,3.5263,42.6554,02-28-22_10.52_CC_protocol_HPPC_IN21700_30T_cycle_#1650.mat
CC,1650,0.75634,2.2489,0.841,3,discharge,2,-17.989,5.996,10.0,9.9,3.912,3.2765,35.3271,02-28-22_10.52_CC_protocol_HPPC_IN21700_30T_cycle_#1650.mat
CC,1650,0.75634,2.2489,0.841,3,discharge,3,-25.859,8.62,10.0,9.9,3.9145,3.0889,31.927,02-28-22_10.52_CC_protocol_HPPC_IN21700_30T_cycle_#1650.mat
CC,1650,0.75634,2.2489,0.7662,4,discharge,0,-2.25,0.75,10.0,9.9,3.8167,3.7031,50.4956,02-28-22_10.52_CC_protocol_HPPC_IN21700_30T_cycle_#1650.mat
CC,1650,0.75634,2.2489,0.7662,4,discharge,1,-8.993,2.998,10.0,9.9,3.8181,3.4565,40.2104,02-28-22_10.52_CC_protocol_HPPC_IN21700_30T_cycle_#1650.mat
CC,1650,0.75634,2.2489,0.7661,4,discharge,2,-17.988,5.996,10.0,9.9,3.821,3.2099,33.9726,02-28-22_10.52_CC_protocol_HPPC_IN21700_30T_cycle_#1650.mat
CC,1650,0.75634,2.2489,0.766,4,discharge,3,-25.858,8.619,10.0,9.9,3.8233,3.0068,31.5763,02-28-22_10.52_CC_protocol_HPPC_IN21700_30T_cycle_#1650.mat
CC,1650,0.75634,2.2489,0.6913,5,discharge,0,-2.25,0.75,10.0,9.9,3.7344,3.6175,51.9602,02-28-22_10.52_CC_protocol_HPPC_IN21700_30T_cycle_#1650.mat
CC,1650,0.75634,2.2489,0.6912,5,discharge,1,-8.995,2.998,10.0,9.9,3.7373,3.3634,41.5666,02-28-22_10.52_CC_protocol_HPPC_IN21700_30T_cycle_#1650.mat
CC,1650,0.75634,2.2489,0.6912,5,discharge,2,-17.988,5.996,10.0,9.9,3.7404,3.1103,35.0289,02-28-22_10.52_CC_protocol_HPPC_IN21700_30T_cycle_#1650.mat
CC,1650,0.75634,2.2489,0.6911,5,discharge,3,-25.859,8.62,10.0,9.9,3.7436,2.919,31.8883,02-28-22_10.52_CC_protocol_HPPC_IN21700_30T_cycle_#1650.mat
CC,1650,0.75634,2.2489,0.6163,6,discharge,0,-2.25,0.75,10.0,9.9,3.6634,3.5503,50.2644,02-28-22_10.52_CC_protocol_HPPC_IN21700_30T_cycle_#1650.mat
CC,1650,0.75634,2.2489,0.6163,6,discharge,1,-8.993,2.998,10.0,9.9,3.6657,3.2981,40.8762,02-28-22_10.52_CC_protocol_HPPC_IN21700_30T_cycle_#1650.mat
CC,1650,0.75634,2.2489,0.6162,6,discharge,2,-17.988,5.996,10.0,9.9,3.6683,3.042,34.8177,02-28-22_10.52_CC_protocol_HPPC_IN21700_30T_cycle_#1650.mat
CC,1650,0.75634,2.2489,0.6161,6,discharge,3,-25.858,8.619,10.0,9.9,3.6708,2.8304,32.5006,02-28-22_10.52_CC_protocol_HPPC_IN21700_30T_cycle_#1650.mat
CC,1650,0.75634,2.2489,0.5414,7,discharge,0,-2.25,0.75,10.0,9.9,3.6076,3.4834,55.2,02-28-22_10.52_CC_protocol_HPPC_IN21700_30T_cycle_#1650.mat
CC,1650,0.75634,2.2489,0.5413,7,discharge,1,-8.993,2.998,10.0,9.9,3.6097,3.209,44.5549,02-28-22_10.52_CC_protocol_HPPC_IN21700_30T_cycle_#1650.mat
CC,1650,0.75634,2.2489,0.5412,7,discharge,2,-17.988,5.996,10.0,9.9,3.6116,2.9303,37.8753,02-28-22_10.52_CC_protocol_HPPC_IN21700_30T_cycle_#1650.mat
CC,1650,0.75634,2.2489,0.5412,7,discharge,3,-25.859,8.62,10.0,9.9,3.6139,2.7141,34.7964,02-28-22_10.52_CC_protocol_HPPC_IN21700_30T_cycle_#1650.mat
CC,1650,0.75634,2.2489,0.4664,8,discharge,0,-2.25,0.75,10.0,9.9,3.5425,3.406,60.6613,02-28-22_10.52_CC_protocol_HPPC_IN21700_30T_cycle_#1650.mat
CC,1650,0.75634,2.2489,0.4664,8,discharge,1,-8.993,2.998,10.0,9.9,3.545,3.0985,49.647,02-28-22_10.52_CC_protocol_HPPC_IN21700_30T_cycle_#1650.mat
CC,1650,0.75634,2.2489,0.4663,8,discharge,2,-17.99,5.997,10.0,9.9,3.5481,2.7774,42.8405,02-28-22_10.52_CC_protocol_HPPC_IN21700_30T_cycle_#1650.mat
CC,1650,0.75634,2.2489,0.4662,8,discharge,3,-25.86,8.62,10.0,9.9,3.5527,2.5115,40.263,02-28-22_10.52_CC_protocol_HPPC_IN21700_30T_cycle_#1650.mat
CC,1650,0.75634,2.2489,0.3915,9,discharge,0,-2.251,0.75,10.0,9.9,3.4619,3.2882,77.1828,02-28-22_10.52_CC_protocol_HPPC_IN21700_30T_cycle_#1650.mat
CC,1650,0.75634,2.2489,0.3914,9,discharge,1,-8.994,2.998,10.0,9.9,3.4644,2.8851,64.4103,02-28-22_10.52_CC_protocol_HPPC_IN21700_30T_cycle_#1650.mat
CC,1650,0.75634,2.2489,0.3914,9,discharge,2,-17.988,5.996,10.0,9.9,3.4677,2.5,53.797,02-28-22_10.52_CC_protocol_HPPC_IN21700_30T_cycle_#1650.mat
CC,1650,0.75634,2.2489,0.3913,9,discharge,3,-21.5,7.167,10.0,9.9,3.4728,2.5,45.2465,02-28-22_10.52_CC_protocol_HPPC_IN21700_30T_cycle_#1650.mat
CC,1650,0.75634,2.2489,0.354,10,discharge,0,-2.251,0.75,10.0,9.9,3.4291,3.2308,88.1098,02-28-22_10.52_CC_protocol_HPPC_IN21700_30T_cycle_#1650.mat
CC,1650,0.75634,2.2489,0.3539,10,discharge,1,-8.996,2.999,10.0,9.9,3.4308,2.7699,73.4684,02-28-22_10.52_CC_protocol_HPPC_IN21700_30T_cycle_#1650.mat
CC,1650,0.75634,2.2489,0.3539,10,discharge,2,-17.711,5.904,10.0,9.9,3.4337,2.5,52.7186,02-28-22_10.52_CC_protocol_HPPC_IN21700_30T_cycle_#1650.mat
CC,1650,0.75634,2.2489,0.3538,10,discharge,3,-17.482,5.827,10.0,9.9,3.4366,2.5,53.5751,02-28-22_10.52_CC_protocol_HPPC_IN21700_30T_cycle_#1650.mat
CC,1650,0.75634,2.2489,0.3165,11,discharge,0,-2.249,0.75,10.0,9.9,3.398,3.1391,115.1332,02-28-22_10.52_CC_protocol_HPPC_IN21700_30T_cycle_#1650.mat
CC,1650,0.75634,2.2489,0.3165,11,discharge,1,-8.994,2.998,10.0,9.9,3.3998,2.584,90.7039,02-28-22_10.52_CC_protocol_HPPC_IN21700_30T_cycle_#1650.mat
CC,1650,0.75634,2.2489,0.3164,11,discharge,2,-12.884,4.295,10.0,9.9,3.4066,2.5,70.3663,02-28-22_10.52_CC_protocol_HPPC_IN21700_30T_cycle_#1650.mat
CC,1650,0.75634,2.2489,0.3163,11,discharge,3,-12.603,4.201,10.0,9.9,3.4088,2.5,72.1098,02-28-22_10.52_CC_protocol_HPPC_IN21700_30T_cycle_#1650.mat
CC,1650,0.75634,2.2489,0.279,12,discharge,0,-2.249,0.75,10.0,9.9,3.3486,3.0547,130.6861,02-28-22_10.52_CC_protocol_HPPC_IN21700_30T_cycle_#1650.mat
CC,1650,0.75634,2.2489,0.279,12,discharge,1,-8.994,2.998,10.0,9.9,3.352,2.4999,94.7452,02-28-22_10.52_CC_protocol_HPPC_IN21700_30T_cycle_#1650.mat
CC,1650,0.75634,2.2489,0.2789,12,discharge,2,-9.515,3.172,10.0,9.9,3.3616,2.5,90.5508,02-28-22_10.52_CC_protocol_HPPC_IN21700_30T_cycle_#1650.mat
CC,1650,0.75634,2.2489,0.2789,12,discharge,3,-9.307,3.102,10.0,9.9,3.3627,2.5,92.6887,02-28-22_10.52_CC_protocol_HPPC_IN21700_30T_cycle_#1650.mat
CC,1687,0.74655,2.21981,1.0,0,discharge,0,-2.22,0.74,10.0,9.7,4.0882,3.9063,81.9517,03-06-22_01.46_CC_protocol_HPPC_IN21700_30T_cycle_#1687.mat
CC,1687,0.74655,2.21981,0.9999,0,discharge,1,-8.88,2.96,10.0,9.9,4.0979,3.6225,53.536,03-06-22_01.46_CC_protocol_HPPC_IN21700_30T_cycle_#1687.mat
CC,1687,0.74655,2.21981,0.999,0,discharge,2,-17.758,5.919,10.0,9.9,4.0955,3.3588,41.4855,03-06-22_01.46_CC_protocol_HPPC_IN21700_30T_cycle_#1687.mat
CC,1687,0.74655,2.21981,0.9959,0,discharge,3,-25.526,8.509,10.0,9.9,4.0913,3.1638,36.3355,03-06-22_01.46_CC_protocol_HPPC_IN21700_30T_cycle_#1687.mat
CC,1687,0.74655,2.21981,0.9545,1,discharge,0,-2.22,0.74,10.0,9.9,4.0591,3.89,76.178,03-06-22_01.46_CC_protocol_HPPC_IN21700_30T_cycle_#1687.mat
CC,1687,0.74655,2.21981,0.9545,1,discharge,1,-8.879,2.96,10.0,9.9,4.0594,3.5996,51.7874,03-06-22_01.46_CC_protocol_HPPC_IN21700_30T_cycle_#1687.mat
CC,1687,0.74655,2.21981,0.9544,1,discharge,2,-17.757,5.919,10.0,9.9,4.0625,3.3336,41.0486,03-06-22_01.46_CC_protocol_HPPC_IN21700_30T_cycle_#1687.mat
CC,1687,0.74655,2.21981,0.9543,1,discharge,3,-25.525,8.508,10.0,9.9,4.0661,3.1379,36.3643,03-06-22_01.46_CC_protocol_HPPC_IN21700_30T_cycle_#1687.mat
CC,1687,0.74655,2.21981,0.9175,2,discharge,0,-2.22,0.74,10.0,9.9,3.9995,3.8464,68.9702,03-06-22_01.46_CC_protocol_HPPC_IN21700_30T_cycle_#1687.mat
CC,1687,0.74655,2.21981,0.9175,2,discharge,1,-8.878,2.959,10.0,9.9,4.0012,3.57,48.5711,03-06-22_01.46_CC_protocol_HPPC_IN21700_30T_cycle_#1687.mat
CC,1687,0.74655,2.21981,0.9174,2,discharge,2,-17.758,5.919,10.0,9.9,4.0033,3.3132,38.8614,03-06-22_01.46_CC_protocol_HPPC_IN21700_30T_cycle_#1687.mat
CC,1687,0.74655,2.21981,0.9173,2,discharge,3,-25.526,8.509,10.0,9.9,4.0071,3.1231,34.6314,03-06-22_01.46_CC_protocol_HPPC_IN21700_30T_cycle_#1687.mat
CC,1687,0.74655,2.21981,0.8435,3,discharge,0,-2.22,0.74,10.0,9.9,3.8976,3.764,60.1802,03-06-22_01.46_CC_protocol_HPPC_IN21700_30T_cycle_#1687.mat
CC,1687,0.74655,2.21981,0.8435,3,discharge,1,-8.879,2.96,10.0,9.9,3.8993,3.4947,45.5702,03-06-22_01.46_CC_protocol_HPPC_IN21700_30T_cycle_#1687.mat
CC,1687,0.74655,2.21981,0.8434,3,discharge,2,-17.757,5.919,10.0,9.9,3.9014,3.2303,37.7935,03-06-22_01.46_CC_protocol_HPPC_IN21700_30T_cycle_#1687.mat
CC,1687,0.74655,2.21981,0.8434,3,discharge,3,-25.524,8.508,10.0,9.9,3.9043,3.0449,33.6703,03-06-22_01.46_CC_protocol_HPPC_IN21700_30T_cycle_#1687.mat
CC,1687,0.74655,2.21981,0.7696,4,discharge,0,-2.218,0.739,10.0,9.9,3.8035,3.6773,56.893,03-06-22_01.46_CC_protocol_HPPC_IN21700_30T_cycle_#1687.mat
CC,1687,0.74655,2.21981,0.7695,4,discharge,1,-8.878,2.959,10.0,9.9,3.8058,3.4158,43.9273,03-06-22_01.46_CC_protocol_HPPC_IN21700_30T_cycle_#1687.mat
CC,1687,0.74655,2.21981,0.7694,4,discharge,2,-17.756,5.919,10.0,9.9,3.8086,3.1598,36.5398,03-06-22_01.46_CC_protocol_HPPC_IN21700_30T_cycle_#1687.mat
CC,1687,0.74655,2.21981,0.7693,4,discharge,3,-25.524,8.508,10.0,9.9,3.8116,2.9689,33.016,03-06-22_01.46_CC_protocol_HPPC_IN21700_30T_cycle_#1687.mat
CC,1687,0.74655,2.21981,0.6956,6,discharge,0,-2.218,0.739,10.0,9.9,3.7396,3.6103,58.2879,03-06-22_01.46_CC_protocol_HPPC_IN21700_30T_cycle_#1687.mat
CC,1687,0.74655,2.21981,0.6955,6,discharge,1,-8.879,2.96,10.0,9.9,3.7417,3.3456,44.6134,03-06-22_01.46_CC_protocol_HPPC_IN21700_30T_cycle_#1687.mat
CC,1687,0.74655,2.21981,0.6954,6,discharge,2,-17.757,5.919,10.0,9.9,3.7444,3.0879,36.9713,03-06-22_01.46_CC_protocol_HPPC_IN21700_30T_cycle_#1687.mat
CC,1687,0.74655,2.21981,0.6954,6,discharge,3,-25.525,8.508,10.0,9.9,3.747,2.8949,33.383,03-06-22_01.46_CC_protocol_HPPC_IN21700_30T_cycle_#1687.mat
CC,1687,0.74655,2.21981,0.6216,7,discharge,0,-2.22,0.74,10.0,9.9,3.6606,3.5364,55.9409,03-06-22_01.46_CC_protocol_HPPC_IN21700_30T_cycle_#1687.mat
CC,1687,0.74655,2.21981,0.6215,7,discharge,1,-8.879,2.96,10.0,9.9,3.6629,3.2725,43.9704,03-06-22_01.46_CC_protocol_HPPC_IN21700_30T_cycle_#1687.mat
CC,1687,0.74655,2.21981,0.6215,7,discharge,2,-17.757,5.919,10.0,9.9,3.6647,3.012,36.7573,03-06-22_01.46_CC_protocol_HPPC_IN21700_30T_cycle_#1687.mat
CC,1687,0.74655,2.21981,0.6214,7,discharge,3,-25.525,8.508,10.0,9.9,3.6683,2.8183,33.3007,03-06-22_01.46_CC_protocol_HPPC_IN21700_30T_cycle_#1687.mat
CC,1687,0.74655,2.21981,0.5476,8,discharge,0,-2.218,0.739,10.0,9.9,3.6021,3.4681,60.4066,03-06-22_01.46_CC_protocol_HPPC_IN21700_30T_cycle_#1687.mat
CC,1687,0.74655,2.21981,0.5475,8,discharge,1,-8.879,2.96,10.0,9.9,3.605,3.1814,47.7081,03-06-22_01.46_CC_protocol_HPPC_IN21700_30T_cycle_#1687.mat
CC,1687,0.74655,2.21981,0.5475,8,discharge,2,-17.757,5.919,10.0,9.9,3.6071,2.8962,40.0349,03-06-22_01.46_CC_protocol_HPPC_IN21700_30T_cycle_#1687.mat
CC,1687,0.74655,2.21981,0.5474,8,discharge,3,-25.525,8.508,10.0,9.9,3.6099,2.6758,36.5955,03-06-22_01.46_CC_protocol_HPPC_IN21700_30T_cycle_#1687.mat
CC,1687,0.74655,2.21981,0.4736,9,discharge,0,-2.22,0.74,10.0,9.9,3.5357,3.3853,67.7355,03-06-22_01.46_CC_protocol_HPPC_IN21700_30T_cycle_#1687.mat
CC,1687,0.74655,2.21981,0.4735,9,discharge,1,-8.879,2.96,10.0,9.9,3.5383,3.06,53.8693,03-06-22_01.46_CC_protocol_HPPC_IN21700_30T_cycle_#1687.mat
CC,1687,0.74655,2.21981,0.4735,9,discharge,2,-17.757,5.919,10.0,9.9,3.5418,2.7279,45.8354,03-06-22_01.46_CC_protocol_HPPC_IN21700_30T_cycle_#1687.mat
CC,1687,0.74655,2.21981,0.4734,9,discharge,3,-25.523,8.508,10.0,9.9,3.5472,2.4999,41.0336,03-06-22_01.46_CC_protocol_HPPC_IN21700_30T_cycle_#1687.mat
CC,1687,0.74655,2.21981,0.3996,10,discharge,0,-2.219,0.74,10.0,9.9,3.456,3.2653,85.9512,03-06-22_01.46_CC_protocol_HPPC_IN21700_30T_cycle_#1687.mat
CC,1687,0.74655,2.21981,0.3996,10,discharge,1,-8.88,2.96,10.0,9.9,3.4582,2.8479,68.7306,03-06-22_01.46_CC_protocol_HPPC_IN21700_30T_cycle_#1687.mat
CC,1687,0.74655,2.21981,0.3995,10,discharge,2,-17.758,5.919,10.0,9.9,3.4618,2.4999,54.1671,03-06-22_01.46_CC_protocol_HPPC_IN21700_30T_cycle_#1687.mat
CC,1687,0.74655,2.21981,0.3994,10,discharge,3,-20.039,6.68,10.0,9.9,3.4672,2.5,48.2659,03-06-22_01.46_CC_protocol_HPPC_IN21700_30T_cycle_#1687.mat
CC,1687,0.74655,2.21981,0.3626,11,discharge,0,-2.219,0.74,10.0,9.9,3.4253,3.2019,100.6941,03-06-22_01.46_CC_protocol_HPPC_IN21700_30T_cycle_#1687.mat
CC,1687,0.74655,2.21981,0.3626,11,discharge,1,-8.879,2.96,10.0,9.9,3.4264,2.7293,78.5102,03-06-22_01.46_CC_protocol_HPPC_IN21700_30T_cycle_#1687.mat
CC,1687,0.74655,2.21981,0.3625,11,discharge,2,-16.528,5.509,10.0,9.9,3.43,2.4999,56.2742,03-06-22_01.46_CC_protocol_HPPC_IN21700_30T_cycle_#1687.mat
CC,1687,0.74655,2.21981,0.3625,11,discharge,3,-16.206,5.402,10.0,9.9,3.4325,2.5,57.5404,03-06-22_01.46_CC_protocol_HPPC_IN21700_30T_cycle_#1687.mat
CC,1687,0.74655,2.21981,0.3256,12,discharge,0,-2.219,0.74,10.0,9.9,3.3938,3.1198,123.4902,03-06-22_01.46_CC_protocol_HPPC_IN21700_30T_cycle_#1687.mat
CC,1687,0.74655,2.21981,0.3256,12,discharge,1,-8.88,2.96,10.0,9.9,3.3964,2.5646,93.6743,03-06-22_01.46_CC_protocol_HPPC_IN21700_30T_cycle_#1687.mat
CC,1687,0.74655,2.21981,0.3255,12,discharge,2,-12.302,4.101,10.0,9.9,3.4041,2.5,73.4921,03-06-22_01.46_CC_protocol_HPPC_IN21700_30T_cycle_#1687.mat
CC,1687,0.74655,2.21981,0.3254,12,discharge,3,-12.029,4.01,10.0,9.9,3.4056,2.5,75.2847,03-06-22_01.46_CC_protocol_HPPC_IN21700_30T_cycle_#1687.mat
CC,1687,0.74655,2.21981,0.2887,13,discharge,0,-2.219,0.74,10.0,9.9,3.3418,3.032,139.625,03-06-22_01.46_CC_protocol_HPPC_IN21700_30T_cycle_#1687.mat
CC,1687,0.74655,2.21981,0.2886,13,discharge,1,-8.88,2.96,10.0,9.9,3.3448,2.4999,95.141,03-06-22_01.46_CC_protocol_HPPC_IN21700_30T_cycle_#1687.mat
CC,1687,0.74655,2.21981,0.2885,13,discharge,2,-8.842,2.947,10.0,9.9,3.3552,2.4999,96.7348,03-06-22_01.46_CC_protocol_HPPC_IN21700_30T_cycle_#1687.mat
CC,1687,0.74655,2.21981,0.2885,13,discharge,3,-8.669,2.89,10.0,9.9,3.3572,2.5,98.8822,03-06-22_01.46_CC_protocol_HPPC_IN21700_30T_cycle_#1687.mat
CC,1725,0.73707,2.1916,1.0,0,discharge,0,-2.19,0.73,10.0,9.7,4.0851,3.8882,89.8964,03-16-22_08.23_CC_protocol_HPPC_IN21700_30T_cycle_#1725.mat
CC,1725,0.73707,2.1916,0.9999,0,discharge,1,-8.767,2.922,10.0,9.9,4.0941,3.589,57.6144,03-16-22_08.23_CC_protocol_HPPC_IN21700_30T_cycle_#1725.mat
CC,1725,0.73707,2.1916,0.9983,0,discharge,2,-17.534,5.845,10.0,9.9,4.0907,3.3127,44.3709,03-16-22_08.23_CC_protocol_HPPC_IN21700_30T_cycle_#1725.mat
CC,1725,0.73707,2.1916,0.9942,0,discharge,3,-25.205,8.402,10.0,9.9,4.0873,3.1115,38.7145,03-16-22_08.23_CC_protocol_HPPC_IN21700_30T_cycle_#1725.mat
CC,1725,0.73707,2.1916,0.9525,1,discharge,0,-2.19,0.73,10.0,9.9,4.0491,3.8756,79.2237,03-16-22_08.23_CC_protocol_HPPC_IN21700_30T_cycle_#1725.mat
CC,1725,0.73707,2.1916,0.9524,1,discharge,1,-8.767,2.922,10.0,9.9,4.0506,3.582,53.451,03-16-22_08.23_CC_protocol_HPPC_IN21700_30T_cycle_#1725.mat
CC,1725,0.73707,2.1916,0.9524,1,discharge,2,-17.532,5.844,10.0,9.9,4.0526,3.315,42.0716,03-16-22_08.23_CC_protocol_HPPC_IN21700_30T_cycle_#1725.mat
CC,1725,0.73707,2.1916,0.9523,1,discharge,3,-25.203,8.401,10.0,9.9,4.0568,3.1125,37.4678,03-16-22_08.23_CC_protocol_HPPC_IN21700_30T_cycle_#1725.mat
CC,1725,0.73707,2.1916,0.9159,2,discharge,0,-2.191,0.73,10.0,9.9,3.9813,3.8216,72.9024,03-16-22_08.23_CC_protocol_HPPC_IN21700_30T_cycle_#1725.mat
CC,1725,0.73707,2.1916,0.9159,2,discharge,1,-8.765,2.922,10.0,9.9,3.9838,3.5353,51.1688,03-16-22_08.23_CC_protocol_HPPC_IN21700_30T_cycle_#1725.mat
CC,1725,0.73707,2.1916,0.9158,2,discharge,2,-17.533,5.844,10.0,9.9,3.9862,3.2706,40.8145,03-16-22_08.23_CC_protocol_HPPC_IN21700_30T_cycle_#1725.mat
CC,1725,0.73707,2.1916,0.9158,2,discharge,3,-25.203,8.401,10.0,9.9,3.9903,3.0759,36.2814,03-16-22_08.23_CC_protocol_HPPC_IN21700_30T_cycle_#1725.mat
CC,1725,0.73707,2.1916,0.8429,3,discharge,0,-2.192,0.731,10.0,9.9,3.8818,3.7427,63.4551,03-16-22_08.23_CC_protocol_HPPC_IN21700_30T_cycle_#1725.mat
CC,1725,0.73707,2.1916,0.8428,3,discharge,1,-8.767,2.922,10.0,9.9,3.8848,3.4713,47.1655,03-16-22_08.23_CC_protocol_HPPC_IN21700_30T_cycle_#1725.mat
CC,1725,0.73707,2.1916,0.8428,3,discharge,2,-17.532,5.844,10.0,9.9,3.8861,3.2127,38.4098,03-16-22_08.23_CC_protocol_HPPC_IN21700_30T_cycle_#1725.mat
CC,1725,0.73707,2.1916,0.8427,3,discharge,3,-25.203,8.401,10.0,9.9,3.8912,3.0222,34.48,03-16-22_08.23_CC_protocol_HPPC_IN21700_30T_cycle_#1725.mat
CC,1725,0.73707,2.1916,0.7698,4,discharge,0,-2.191,0.73,10.0,9.9,3.7903,3.654,62.2204,03-16-22_08.23_CC_protocol_HPPC_IN21700_30T_cycle_#1725.mat
CC,1725,0.73707,2.1916,0.7698,4,discharge,1,-8.766,2.922,10.0,9.9,3.7923,3.3805,46.9786,03-16-22_08.23_CC_protocol_HPPC_IN21700_30T_cycle_#1725.mat
CC,1725,0.73707,2.1916,0.7697,4,discharge,2,-17.533,5.844,10.0,9.9,3.796,3.1171,38.7213,03-16-22_08.23_CC_protocol_HPPC_IN21700_30T_cycle_#1725.mat
CC,1725,0.73707,2.1916,0.7696,4,discharge,3,-25.204,8.401,10.0,9.9,3.7999,2.9234,34.7762,03-16-22_08.23_CC_protocol_HPPC_IN21700_30T_cycle_#1725.mat
CC,1725,0.73707,2.1916,0.6968,5,discharge,0,-2.191,0.73,10.0,9.9,3.71,3.5757,61.3046,03-16-22_08.23_CC_protocol_HPPC_IN21700_30T_cycle_#1725.mat
CC,1725,0.73707,2.1916,0.6967,5,discharge,1,-8.767,2.922,10.0,9.9,3.7132,3.3036,46.7201,03-16-22_08.23_CC_protocol_HPPC_IN21700_30T_cycle_#1725.mat
CC,1725,0.73707,2.1916,0.6966,5,discharge,2,-17.534,5.845,10.0,9.9,3.7173,3.0418,38.5252,03-16-22_08.23_CC_protocol_HPPC_IN21700_30T_cycle_#1725.mat
CC,1725,0.73707,2.1916,0.6966,5,discharge,3,-25.203,8.401,10.0,9.9,3.7216,2.8513,34.5316,03-16-22_08.23_CC_protocol_HPPC_IN21700_30T_cycle_#1725.mat
CC,1725,0.73707,2.1916,0.6237,6,discharge,0,-2.191,0.73,10.0,9.9,3.6464,3.5076,63.3587,03-16-22_08.23_CC_protocol_HPPC_IN21700_30T_cycle_#1725.mat
CC,1725,0.73707,2.1916,0.6237,6,discharge,1,-8.766,2.922,10.0,9.9,3.6488,3.2244,48.416,03-16-22_08.23_CC_protocol_HPPC_IN21700_30T_cycle_#1725.mat
CC,1725,0.73707,2.1916,0.6236,6,discharge,2,-17.534,5.845,10.0,9.9,3.6516,2.9508,39.9681,03-16-22_08.23_CC_protocol_HPPC_IN21700_30T_cycle_#1725.mat
CC,1725,0.73707,2.1916,0.6236,6,discharge,3,-25.204,8.401,10.0,9.9,3.6549,2.7479,35.9864,03-16-22_08.23_CC_protocol_HPPC_IN21700_30T_cycle_#1725.mat
CC,1725,0.73707,2.1916,0.5507,7,discharge,0,-2.191,0.73,10.0,9.9,3.5926,3.4454,67.1962,03-16-22_08.23_CC_protocol_HPPC_IN21700_30T_cycle_#1725.mat
CC,1725,0.73707,2.1916,0.5506,7,discharge,1,-8.767,2.922,10.0,9.9,3.5952,3.1433,51.5438,03-16-22_08.23_CC_protocol_HPPC_IN21700_30T_cycle_#1725.mat
CC,1725,0.73707,2.1916,0.5506,7,discharge,2,-17.532,5.844,10.0,9.9,3.5978,2.8521,42.5337,03-16-22_08.23_CC_protocol_HPPC_IN21700_30T_cycle_#1725.mat
CC,1725,0.73707,2.1916,0.5505,7,discharge,3,-25.204,8.401,10.0,9.9,3.601,2.6312,38.478,03-16-22_08.23_CC_protocol_HPPC_IN21700_30T_cycle_#1725.mat
CC,1725,0.73707,2.1916,0.4776,8,discharge,0,-2.191,0.73,10.0,9.9,3.5259,3.3538,78.5594,03-16-22_08.23_CC_protocol_HPPC_IN21700_30T_cycle_#1725.mat
CC,1725,0.73707,2.1916,0.4776,8,discharge,1,-8.766,2.922,10.0,9.9,3.5287,3.0011,60.1891,03-16-22_08.23_CC_protocol_HPPC_IN21700_30T_cycle_#1725.mat
CC,1725,0.73707,2.1916,0.4775,8,discharge,2,-17.533,5.844,10.0,9.9,3.5329,2.6466,50.5504,03-16-22_08.23_CC_protocol_HPPC_IN21700_30T_cycle_#1725.mat
CC,1725,0.73707,2.1916,0.4774,8,discharge,3,-25.199,8.4,10.0,9.9,3.539,2.4999,41.2358,03-16-22_08.23_CC_protocol_HPPC_IN21700_30T_cycle_#1725.mat
CC,1725,0.73707,2.1916,0.4046,9,discharge,0,-2.191,0.73,10.0,9.9,3.4479,3.2338,97.7269,03-16-22_08.23_CC_protocol_HPPC_IN21700_30T_cycle_#1725.mat
CC,1725,0.73707,2.1916,0.4045,9,discharge,1,-8.766,2.922,10.0,9.9,3.4503,2.8062,73.4804,03-16-22_08.23_CC_protocol_HPPC_IN21700_30T_cycle_#1725.mat
CC,1725,0.73707,2.1916,0.4045,9,discharge,2,-17.53,5.843,10.0,9.9,3.4543,2.4999,54.4438,03-16-22_08.23_CC_protocol_HPPC_IN21700_30T_cycle_#1725.mat
CC,1725,0.73707,2.1916,0.4044,9,discharge,3,-18.704,6.235,10.0,9.9,3.4591,2.4999,51.2831,03-16-22_08.23_CC_protocol_HPPC_IN21700_30T_cycle_#1725.mat
CC,1725,0.73707,2.1916,0.368,10,discharge,0,-2.191,0.73,10.0,9.9,3.4186,3.1527,121.3767,03-16-22_08.23_CC_protocol_HPPC_IN21700_30T_cycle_#1725.mat
CC,1725,0.73707,2.1916,0.368,10,discharge,1,-8.766,2.922,10.0,9.9,3.42,2.668,85.785,03-16-22_08.23_CC_protocol_HPPC_IN21700_30T_cycle_#1725.mat
CC,1725,0.73707,2.1916,0.3679,10,discharge,2,-14.683,4.894,10.0,9.9,3.4247,2.4999,62.9844,03-16-22_08.23_CC_protocol_HPPC_IN21700_30T_cycle_#1725.mat
CC,1725,0.73707,2.1916,0.3679,10,discharge,3,-14.361,4.787,10.0,9.9,3.4279,2.5,64.6125,03-16-22_08.23_CC_protocol_HPPC_IN21700_30T_cycle_#1725.mat
CC,1725,0.73707,2.1916,0.3315,11,discharge,0,-2.191,0.73,10.0,9.9,3.3885,3.0899,136.291,03-16-22_08.23_CC_protocol_HPPC_IN21700_30T_cycle_#1725.mat
CC,1725,0.73707,2.1916,0.3315,11,discharge,1,-8.768,2.923,10.0,9.9,3.3908,2.5224,99.0431,03-16-22_08.23_CC_protocol_HPPC_IN21700_30T_cycle_#1725.mat
CC,1725,0.73707,2.1916,0.3314,11,discharge,2,-11.387,3.796,10.0,9.9,3.3996,2.5001,78.9936,03-16-22_08.23_CC_protocol_HPPC_IN21700_30T_cycle_#1725.mat
CC,1725,0.73707,2.1916,0.3313,11,discharge,3,-11.215,3.738,10.0,9.9,3.4015,2.5,80.3834,03-16-22_08.23_CC_protocol_HPPC_IN21700_30T_cycle_#1725.mat
CC,1725,0.73707,2.1916,0.295,12,discharge,0,-2.189,0.73,10.0,9.9,3.3304,3.005,148.6388,03-16-22_08.23_CC_protocol_HPPC_IN21700_30T_cycle_#1725.mat
CC,1725,0.73707,2.1916,0.2949,12,discharge,1,-8.763,2.921,10.0,9.9,3.3344,2.5,95.2185,03-16-22_08.23_CC_protocol_HPPC_IN21700_30T_cycle_#1725.mat
CC,1725,0.73707,2.1916,0.2949,12,discharge,2,-7.86,2.62,10.0,9.9,3.344,2.5001,107.3705,03-16-22_08.23_CC_protocol_HPPC_IN21700_30T_cycle_#1725.mat
CC,1725,0.73707,2.1916,0.2948,12,discharge,3,-7.552,2.517,10.0,9.9,3.3458,2.5,111.9998,03-16-22_08.23_CC_protocol_HPPC_IN21700_30T_cycle_#1725.mat
CC,1762,0.7304,2.17177,1.0,0,discharge,0,-2.17,0.723,10.0,9.7,4.0821,3.8757,95.1108,03-22-22_00.01_CC_protocol_HPPC_IN21700_30T_cycle_#1762.mat
CC,1762,0.7304,2.17177,0.9999,0,discharge,1,-8.688,2.896,10.0,9.9,4.091,3.5689,60.0971,03-22-22_00.01_CC_protocol_HPPC_IN21700_30T_cycle_#1762.mat
CC,1762,0.7304,2.17177,0.9977,0,discharge,2,-17.375,5.792,10.0,9.9,4.0877,3.2892,45.9568,03-22-22_00.01_CC_protocol_HPPC_IN21700_30T_cycle_#1762.mat
CC,1762,0.7304,2.17177,0.9932,0,discharge,3,-24.975,8.325,10.0,9.9,4.0842,3.0888,39.8559,03-22-22_00.01_CC_protocol_HPPC_IN21700_30T_cycle_#1762.mat
CC,1762,0.7304,2.17177,0.9515,1,discharge,0,-2.172,0.724,10.0,9.9,4.0402,3.8501,87.515,03-22-22_00.01_CC_protocol_HPPC_IN21700_30T_cycle_#1762.mat
CC,1762,0.7304,2.17177,0.9514,1,discharge,1,-8.688,2.896,10.0,9.9,4.0417,3.5413,57.5947,03-22-22_00.01_CC_protocol_HPPC_IN21700_30T_cycle_#1762.mat
CC,1762,0.7304,2.17177,0.9514,1,discharge,2,-17.376,5.792,10.0,9.9,4.0441,3.2634,44.9298,03-22-22_00.01_CC_protocol_HPPC_IN21700_30T_cycle_#1762.mat
CC,1762,0.7304,2.17177,0.9513,1,discharge,3,-24.976,8.325,10.0,9.9,4.0491,3.0632,39.4739,03-22-22_00.01_CC_protocol_HPPC_IN21700_30T_cycle_#1762.mat
CC,1762,0.7304,2.17177,0.9153,2,discharge,0,-2.17,0.723,10.0,9.9,3.9708,3.8018,77.8694,03-22-22_00.01_CC_protocol_HPPC_IN21700_30T_cycle_#1762.mat
CC,1762,0.7304,2.17177,0.9152,2,discharge,1,-8.688,2.896,10.0,9.9,3.9727,3.5088,53.3949,03-22-22_00.01_CC_protocol_HPPC_IN21700_30T_cycle_#1762.mat
CC,1762,0.7304,2.17177,0.9152,2,discharge,2,-17.376,5.792,10.0,9.9,3.9753,3.2411,42.2537,03-22-22_00.01_CC_protocol_HPPC_IN21700_30T_cycle_#1762.mat
CC,1762,0.7304,2.17177,0.9151,2,discharge,3,-24.976,8.325,10.0,9.9,3.9798,3.0473,37.3358,03-22-22_00.01_CC_protocol_HPPC_IN21700_30T_cycle_#1762.mat
CC,1762,0.7304,2.17177,0.8429,3,discharge,0,-2.17,0.723,10.0,9.9,3.8717,3.7195,70.1253,03-22-22_00.01_CC_protocol_HPPC_IN21700_30T_cycle_#1762.mat
CC,1762,0.7304,2.17177,0.8428,3,discharge,1,-8.688,2.896,10.0,9.9,3.8739,3.4332,50.7222,03-22-22_00.01_CC_protocol_HPPC_IN21700_30T_cycle_#1762.mat
CC,1762,0.7304,2.17177,0.8428,3,discharge,2,-17.374,5.791,10.0,9.9,3.8749,3.1634,40.952,03-22-22_00.01_CC_protocol_HPPC_IN21700_30T_cycle_#1762.mat
CC,1762,0.7304,2.17177,0.8427,3,discharge,3,-24.977,8.326,10.0,9.9,3.8801,2.9668,36.5656,03-22-22_00.01_CC_protocol_HPPC_IN21700_30T_cycle_#1762.mat
CC,1762,0.7304,2.17177,0.7705,4,discharge,0,-2.172,0.724,10.0,9.9,3.7788,3.6316,67.756,03-22-22_00.01_CC_protocol_HPPC_IN21700_30T_cycle_#1762.mat
CC,1762,0.7304,2.17177,0.7704,4,discharge,1,-8.688,2.896,10.0,9.9,3.7827,3.3472,50.1266,03-22-22_00.01_CC_protocol_HPPC_IN21700_30T_cycle_#1762.mat
CC,1762,0.7304,2.17177,0.7704,4,discharge,2,-17.376,5.792,10.0,9.9,3.7865,3.0798,40.671,03-22-22_00.01_CC_protocol_HPPC_IN21700_30T_cycle_#1762.mat
CC,1762,0.7304,2.17177,0.7703,4,discharge,3,-24.976,8.325,10.0,9.9,3.7911,2.8879,36.1627,03-22-22_00.01_CC_protocol_HPPC_IN21700_30T_cycle_#1762.mat
CC,1762,0.7304,2.17177,0.6981,5,discharge,0,-2.172,0.724,10.0,9.9,3.7015,3.5585,65.8288,03-22-22_00.01_CC_protocol_HPPC_IN21700_30T_cycle_#1762.mat
CC,1762,0.7304,2.17177,0.698,5,discharge,1,-8.688,2.896,10.0,9.9,3.7051,3.2755,49.4452,03-22-22_00.01_CC_protocol_HPPC_IN21700_30T_cycle_#1762.mat
CC,1762,0.7304,2.17177,0.698,5,discharge,2,-17.374,5.791,10.0,9.9,3.7091,2.9976,40.952,03-22-22_00.01_CC_protocol_HPPC_IN21700_30T_cycle_#1762.mat
CC,1762,0.7304,2.17177,0.6979,5,discharge,3,-24.977,8.326,10.0,9.9,3.7129,2.7998,36.5576,03-22-22_00.01_CC_protocol_HPPC_IN21700_30T_cycle_#1762.mat
CC,1762,0.7304,2.17177,0.6257,6,discharge,0,-2.171,0.724,10.0,9.9,3.6395,3.4886,69.5232,03-22-22_00.01_CC_protocol_HPPC_IN21700_30T_cycle_#1762.mat
CC,1762,0.7304,2.17177,0.6257,6,discharge,1,-8.688,2.896,10.0,9.9,3.6414,3.1934,51.5624,03-22-22_00.01_CC_protocol_HPPC_IN21700_30T_cycle_#1762.mat
CC,1762,0.7304,2.17177,0.6256,6,discharge,2,-17.376,5.792,10.0,9.9,3.6453,2.916,41.9717,03-22-22_00.01_CC_protocol_HPPC_IN21700_30T_cycle_#1762.mat
CC,1762,0.7304,2.17177,0.6255,6,discharge,3,-24.974,8.325,10.0,9.9,3.6494,2.7143,37.4429,03-22-22_00.01_CC_protocol_HPPC_IN21700_30T_cycle_#1762.mat
CC,1762,0.7304,2.17177,0.5533,7,discharge,0,-2.171,0.724,10.0,9.9,3.5863,3.4256,74.0314,03-22-22_00.01_CC_protocol_HPPC_IN21700_30T_cycle_#1762.mat
CC,1762,0.7304,2.17177,0.5532,7,discharge,1,-8.689,2.896,10.0,9.9,3.5891,3.1037,55.8657,03-22-22_00.01_CC_protocol_HPPC_IN21700_30T_cycle_#1762.mat
CC,1762,0.7304,2.17177,0.5532,7,discharge,2,-17.375,5.792,10.0,9.9,3.5914,2.798,45.6633,03-22-22_00.01_CC_protocol_HPPC_IN21700_30T_cycle_#1762.mat
CC,1762,0.7304,2.17177,0.5531,7,discharge,3,-24.977,8.326,10.0,9.9,3.5961,2.5649,41.286,03-22-22_00.01_CC_protocol_HPPC_IN21700_30T_cycle_#1762.mat
CC,1762,0.7304,2.17177,0.4809,8,discharge,0,-2.172,0.724,10.0,9.9,3.5186,3.3328,85.5236,03-22-22_00.01_CC_protocol_HPPC_IN21700_30T_cycle_#1762.mat
CC,1762,0.7304,2.17177,0.4808,8,discharge,1,-8.686,2.895,10.0,9.9,3.5219,2.9767,62.7655,03-22-22_00.01_CC_protocol_HPPC_IN21700_30T_cycle_#1762.mat
CC,1762,0.7304,2.17177,0.4808,8,discharge,2,-17.374,5.791,10.0,9.9,3.5269,2.6127,52.6189,03-22-22_00.01_CC_protocol_HPPC_IN21700_30T_cycle_#1762.mat
CC,1762,0.7304,2.17177,0.4807,8,discharge,3,-24.769,8.256,10.0,9.9,3.5341,2.5,41.7498,03-22-22_00.01_CC_protocol_HPPC_IN21700_30T_cycle_#1762.mat
CC,1762,0.7304,2.17177,0.4085,9,discharge,0,-2.171,0.724,10.0,9.9,3.4423,3.1939,114.4384,03-22-22_00.01_CC_protocol_HPPC_IN21700_30T_cycle_#1762.mat
CC,1762,0.7304,2.17177,0.4085,9,discharge,1,-8.69,2.897,10.0,9.9,3.4448,2.7491,80.0594,03-22-22_00.01_CC_protocol_HPPC_IN21700_30T_cycle_#1762.mat
CC,1762,0.7304,2.17177,0.4084,9,discharge,2,-17.002,5.667,10.0,9.9,3.4495,2.5,55.8464,03-22-22_00.01_CC_protocol_HPPC_IN21700_30T_cycle_#1762.mat
CC,1762,0.7304,2.17177,0.4083,9,discharge,3,-16.948,5.649,10.0,9.9,3.4546,2.5,56.3252,03-22-22_00.01_CC_protocol_HPPC_IN21700_30T_cycle_#1762.mat
CC,1762,0.7304,2.17177,0.3723,10,discharge,0,-2.171,0.724,10.0,9.9,3.4146,3.1357,128.478,03-22-22_00.01_CC_protocol_HPPC_IN21700_30T_cycle_#1762.mat
CC,1762,0.7304,2.17177,0.3723,10,discharge,1,-8.69,2.897,10.0,9.9,3.4156,2.6474,88.3994,03-22-22_00.01_CC_protocol_HPPC_IN21700_30T_cycle_#1762.mat
CC,1762,0.7304,2.17177,0.3722,10,discharge,2,-13.991,4.664,10.0,9.9,3.4219,2.5,65.8924,03-22-22_00.01_CC_protocol_HPPC_IN21700_30T_cycle_#1762.mat
CC,1762,0.7304,2.17177,0.3721,10,discharge,3,-13.734,4.578,10.0,9.9,3.4247,2.5,67.3293,03-22-22_00.01_CC_protocol_HPPC_IN21700_30T_cycle_#1762.mat
CC,1762,0.7304,2.17177,0.3361,11,discharge,0,-2.173,0.724,10.0,9.9,3.3847,3.0743,142.8571,03-22-22_00.01_CC_protocol_HPPC_IN21700_30T_cycle_#1762.mat
CC,1762,0.7304,2.17177,0.3361,11,discharge,1,-8.689,2.896,10.0,9.9,3.3874,2.5077,101.2476,03-22-22_00.01_CC_protocol_HPPC_IN21700_30T_cycle_#1762.mat
CC,1762,0.7304,2.17177,0.336,11,discharge,2,-11.016,3.672,10.0,9.9,3.3972,2.4999,81.4542,03-22-22_00.01_CC_protocol_HPPC_IN21700_30T_cycle_#1762.mat
CC,1762,0.7304,2.17177,0.3359,11,discharge,3,-10.944,3.648,10.0,9.9,3.3993,2.4999,82.1858,03-22-22_00.01_CC_protocol_HPPC_IN21700_30T_cycle_#1762.mat
CC,1762,0.7304,2.17177,0.2999,12,discharge,0,-2.171,0.724,10.0,9.9,3.3211,2.9896,152.6946,03-22-22_00.01_CC_protocol_HPPC_IN21700_30T_cycle_#1762.mat
CC,1762,0.7304,2.17177,0.2999,12,discharge,1,-8.684,2.895,10.0,9.9,3.3251,2.5,95.0193,03-22-22_00.01_CC_protocol_HPPC_IN21700_30T_cycle_#1762.mat
CC,1762,0.7304,2.17177,0.2998,12,discharge,2,-7.637,2.546,10.0,9.9,3.3354,2.4999,109.4002,03-22-22_00.01_CC_protocol_HPPC_IN21700_30T_cycle_#1762.mat
CC,1762,0.7304,2.17177,0.2997,12,discharge,3,-7.455,2.485,10.0,9.9,3.3375,2.5,112.3422,03-22-22_00.01_CC_protocol_HPPC_IN21700_30T_cycle_#1762.mat
CC,1800,0.71932,2.13884,1.0,0,discharge,0,-2.142,0.714,10.0,9.7,4.08,3.861,102.2314,03-28-22_15.54_CC_protocol_HPPC_IN21700_30T_cycle_#1800.mat
CC,1800,0.71932,2.13884,0.9997,0,discharge,1,-8.568,2.856,10.0,9.9,4.0885,3.536,64.4811,03-28-22_15.54_CC_protocol_HPPC_IN21700_30T_cycle_#1800.mat
CC,1800,0.71932,2.13884,0.9967,0,discharge,2,-17.133,5.711,10.0,9.9,4.0837,3.2373,49.4017,03-28-22_15.54_CC_protocol_HPPC_IN21700_30T_cycle_#1800.mat
CC,1800,0.71932,2.13884,0.9911,0,discharge,3,-24.628,8.209,10.0,9.9,4.0802,3.0284,42.7075,03-28-22_15.54_CC_protocol_HPPC_IN21700_30T_cycle_#1800.mat
CC,1800,0.71932,2.13884,0.9487,1,discharge,0,-2.142,0.714,10.0,9.9,4.0277,3.828,93.2132,03-28-22_15.54_CC_protocol_HPPC_IN21700_30T_cycle_#1800.mat
CC,1800,0.71932,2.13884,0.9487,1,discharge,1,-8.566,2.855,10.0,9.9,4.0293,3.5098,60.6446,03-28-22_15.54_CC_protocol_HPPC_IN21700_30T_cycle_#1800.mat
CC,1800,0.71932,2.13884,0.9486,1,discharge,2,-17.133,5.711,10.0,9.9,4.032,3.2256,47.0671,03-28-22_15.54_CC_protocol_HPPC_IN21700_30T_cycle_#1800.mat
CC,1800,0.71932,2.13884,0.9486,1,discharge,3,-24.627,8.209,10.0,9.9,4.0372,3.024,41.1418,03-28-22_15.54_CC_protocol_HPPC_IN21700_30T_cycle_#1800.mat
CC,1800,0.71932,2.13884,0.913,2,discharge,0,-2.14,0.713,10.0,9.9,3.9577,3.7811,82.5041,03-28-22_15.54_CC_protocol_HPPC_IN21700_30T_cycle_#1800.mat
CC,1800,0.71932,2.13884,0.913,2,discharge,1,-8.566,2.855,10.0,9.9,3.9598,3.4795,56.0679,03-28-22_15.54_CC_protocol_HPPC_IN21700_30T_cycle_#1800.mat
CC,1800,0.71932,2.13884,0.9129,2,discharge,2,-17.135,5.712,10.0,9.9,3.9625,3.2065,44.1202,03-28-22_15.54_CC_protocol_HPPC_IN21700_30T_cycle_#1800.mat
CC,1800,0.71932,2.13884,0.9129,2,discharge,3,-24.629,8.21,10.0,9.9,3.9674,3.0115,38.812,03-28-22_15.54_CC_protocol_HPPC_IN21700_30T_cycle_#1800.mat
CC,1800,0.71932,2.13884,0.8417,3,discharge,0,-2.143,0.714,10.0,9.9,3.8588,3.6945,76.679,03-28-22_15.54_CC_protocol_HPPC_IN21700_30T_cycle_#1800.mat
CC,1800,0.71932,2.13884,0.8416,3,discharge,1,-8.567,2.856,10.0,9.9,3.8614,3.3973,54.1736,03-28-22_15.54_CC_protocol_HPPC_IN21700_30T_cycle_#1800.mat
CC,1800,0.71932,2.13884,0.8415,3,discharge,2,-17.132,5.711,10.0,9.9,3.8636,3.1214,43.3224,03-28-22_15.54_CC_protocol_HPPC_IN21700_30T_cycle_#1800.mat
CC,1800,0.71932,2.13884,0.8415,3,discharge,3,-24.628,8.209,10.0,9.9,3.8686,2.9248,38.3222,03-28-22_15.54_CC_protocol_HPPC_IN21700_30T_cycle_#1800.mat
CC,1800,0.71932,2.13884,0.7703,4,discharge,0,-2.141,0.714,10.0,9.9,3.768,3.6089,74.325,03-28-22_15.54_CC_protocol_HPPC_IN21700_30T_cycle_#1800.mat
CC,1800,0.71932,2.13884,0.7702,4,discharge,1,-8.567,2.856,10.0,9.9,3.7719,3.3142,53.4284,03-28-22_15.54_CC_protocol_HPPC_IN21700_30T_cycle_#1800.mat
CC,1800,0.71932,2.13884,0.7701,4,discharge,2,-17.131,5.71,10.0,9.9,3.7762,3.0433,42.7821,03-28-22_15.54_CC_protocol_HPPC_IN21700_30T_cycle_#1800.mat
CC,1800,0.71932,2.13884,0.7701,4,discharge,3,-24.629,8.21,10.0,9.9,3.782,2.8533,37.7076,03-28-22_15.54_CC_protocol_HPPC_IN21700_30T_cycle_#1800.mat
CC,1800,0.71932,2.13884,0.6989,5,discharge,0,-2.143,0.714,10.0,9.9,3.6915,3.53,75.3652,03-28-22_15.54_CC_protocol_HPPC_IN21700_30T_cycle_#1800.mat
CC,1800,0.71932,2.13884,0.6988,5,discharge,1,-8.567,2.856,10.0,9.9,3.695,3.23,54.2774,03-28-22_15.54_CC_protocol_HPPC_IN21700_30T_cycle_#1800.mat
CC,1800,0.71932,2.13884,0.6988,5,discharge,2,-17.132,5.711,10.0,9.9,3.6988,2.9552,43.4042,03-28-22_15.54_CC_protocol_HPPC_IN21700_30T_cycle_#1800.mat
CC,1800,0.71932,2.13884,0.6987,5,discharge,3,-24.629,8.21,10.0,9.9,3.7051,2.7592,38.4059,03-28-22_15.54_CC_protocol_HPPC_IN21700_30T_cycle_#1800.mat
CC,1800,0.71932,2.13884,0.6275,6,discharge,0,-2.143,0.714,10.0,9.9,3.633,3.467,77.4579,03-28-22_15.54_CC_protocol_HPPC_IN21700_30T_cycle_#1800.mat
CC,1800,0.71932,2.13884,0.6275,6,discharge,1,-8.567,2.856,10.0,9.9,3.6359,3.1584,55.7391,03-28-22_15.54_CC_protocol_HPPC_IN21700_30T_cycle_#1800.mat
CC,1800,0.71932,2.13884,0.6274,6,discharge,2,-17.131,5.71,10.0,9.9,3.6394,2.8781,44.4399,03-28-22_15.54_CC_protocol_HPPC_IN21700_30T_cycle_#1800.mat
CC,1800,0.71932,2.13884,0.6273,6,discharge,3,-24.627,8.209,10.0,9.9,3.6439,2.6744,39.3674,03-28-22_15.54_CC_protocol_HPPC_IN21700_30T_cycle_#1800.mat
CC,1800,0.71932,2.13884,0.5561,7,discharge,0,-2.143,0.714,10.0,9.9,3.5807,3.4005,84.0917,03-28-22_15.54_CC_protocol_HPPC_IN21700_30T_cycle_#1800.mat
CC,1800,0.71932,2.13884,0.5561,7,discharge,1,-8.567,2.856,10.0,9.9,3.5837,3.0643,60.6273,03-28-22_15.54_CC_protocol_HPPC_IN21700_30T_cycle_#1800.mat
CC,1800,0.71932,2.13884,0.556,7,discharge,2,-17.132,5.711,10.0,9.9,3.5873,2.7555,48.5524,03-28-22_15.54_CC_protocol_HPPC_IN21700_30T_cycle_#1800.mat
CC,1800,0.71932,2.13884,0.5559,7,discharge,3,-24.628,8.209,10.0,9.9,3.5919,2.5194,43.548,03-28-22_15.54_CC_protocol_HPPC_IN21700_30T_cycle_#1800.mat
CC,1800,0.71932,2.13884,0.4847,8,discharge,0,-2.143,0.714,10.0,9.9,3.5135,3.3048,97.3823,03-28-22_15.54_CC_protocol_HPPC_IN21700_30T_cycle_#1800.mat
CC,1800,0.71932,2.13884,0.4847,8,discharge,1,-8.567,2.856,10.0,9.9,3.5161,2.9298,68.4362,03-28-22_15.54_CC_protocol_HPPC_IN21700_30T_cycle_#1800.mat
CC,1800,0.71932,2.13884,0.4846,8,discharge,2,-17.133,5.711,10.0,9.9,3.5227,2.5684,55.6995,03-28-22_15.54_CC_protocol_HPPC_IN21700_30T_cycle_#1800.mat
CC,1800,0.71932,2.13884,0.4846,8,discharge,3,-23.625,7.875,10.0,9.9,3.5306,2.5,43.6233,03-28-22_15.54_CC_protocol_HPPC_IN21700_30T_cycle_#1800.mat
CC,1800,0.71932,2.13884,0.4133,9,discharge,0,-2.141,0.714,10.0,9.9,3.4398,3.187,118.0702,03-28-22_15.54_CC_protocol_HPPC_IN21700_30T_cycle_#1800.mat
CC,1800,0.71932,2.13884,0.4133,9,discharge,1,-8.567,2.856,10.0,9.9,3.4418,2.7542,80.2605,03-28-22_15.54_CC_protocol_HPPC_IN21700_30T_cycle_#1800.mat
CC,1800,0.71932,2.13884,0.4132,9,discharge,2,-16.52,5.507,10.0,9.9,3.4474,2.5,57.3487,03-28-22_15.54_CC_protocol_HPPC_IN21700_30T_cycle_#1800.mat
CC,1800,0.71932,2.13884,0.4132,9,discharge,3,-16.181,5.394,10.0,9.9,3.4528,2.5,58.8839,03-28-22_15.54_CC_protocol_HPPC_IN21700_30T_cycle_#1800.mat
CC,1800,0.71932,2.13884,0.3776,10,discharge,0,-2.143,0.715,10.0,9.9,3.4121,3.1156,138.3252,03-28-22_15.54_CC_protocol_HPPC_IN21700_30T_cycle_#1800.mat
CC,1800,0.71932,2.13884,0.3776,10,discharge,1,-8.567,2.856,10.0,9.9,3.4138,2.6312,91.3495,03-28-22_15.54_CC_protocol_HPPC_IN21700_30T_cycle_#1800.mat
CC,1800,0.71932,2.13884,0.3775,10,discharge,2,-13.425,4.475,10.0,9.9,3.4202,2.4999,68.5512,03-28-22_15.54_CC_protocol_HPPC_IN21700_30T_cycle_#1800.mat
CC,1800,0.71932,2.13884,0.3774,10,discharge,3,-13.195,4.398,10.0,9.9,3.4236,2.4999,70.0038,03-28-22_15.54_CC_protocol_HPPC_IN21700_30T_cycle_#1800.mat
CC,1800,0.71932,2.13884,0.3419,11,discharge,0,-2.143,0.714,10.0,9.9,3.3833,3.0649,148.5768,03-28-22_15.54_CC_protocol_HPPC_IN21700_30T_cycle_#1800.mat
CC,1800,0.71932,2.13884,0.3419,11,discharge,1,-8.567,2.856,10.0,9.9,3.3861,2.5,103.4318,03-28-22_15.54_CC_protocol_HPPC_IN21700_30T_cycle_#1800.mat
CC,1800,0.71932,2.13884,0.3418,11,discharge,2,-10.415,3.472,10.0,9.9,3.3963,2.5,86.0586,03-28-22_15.54_CC_protocol_HPPC_IN21700_30T_cycle_#1800.mat
CC,1800,0.71932,2.13884,0.3418,11,discharge,3,-10.206,3.402,10.0,9.9,3.3981,2.5,87.9973,03-28-22_15.54_CC_protocol_HPPC_IN21700_30T_cycle_#1800.mat
CC,1800,0.71932,2.13884,0.3063,12,discharge,0,-2.141,0.714,10.0,9.9,3.3182,2.9693,162.9384,03-28-22_15.54_CC_protocol_HPPC_IN21700_30T_cycle_#1800.mat
CC,1800,0.71932,2.13884,0.3062,12,discharge,1,-8.561,2.854,10.0,9.9,3.3231,2.5,96.1431,03-28-22_15.54_CC_protocol_HPPC_IN21700_30T_cycle_#1800.mat
CC,1800,0.71932,2.13884,0.3061,12,discharge,2,-7.29,2.43,10.0,9.9,3.3332,2.4999,114.3026,03-28-22_15.54_CC_protocol_HPPC_IN21700_30T_cycle_#1800.mat
CC,1800,0.71932,2.13884,0.3061,12,discharge,3,-7.152,2.384,10.0,9.9,3.3357,2.5,116.8403,03-28-22_15.54_CC_protocol_HPPC_IN21700_30T_cycle_#1800.mat
CC,1837,0.70882,2.10759,1.0,0,discharge,0,-2.11,0.703,10.0,9.7,4.0754,3.8423,110.4739,04-04-22_01.36_CC_protocol_HPPC_IN21700_30T_cycle_#1837.mat
CC,1837,0.70882,2.10759,0.9994,0,discharge,1,-8.439,2.813,10.0,9.9,4.0841,3.5094,68.0981,04-04-22_01.36_CC_protocol_HPPC_IN21700_30T_cycle_#1837.mat
CC,1837,0.70882,2.10759,0.9963,0,discharge,2,-16.875,5.625,10.0,9.9,4.0798,3.2122,51.4133,04-04-22_01.36_CC_protocol_HPPC_IN21700_30T_cycle_#1837.mat
CC,1837,0.70882,2.10759,0.9907,0,discharge,3,-24.257,8.086,10.0,9.9,4.0768,2.9992,44.4243,04-04-22_01.36_CC_protocol_HPPC_IN21700_30T_cycle_#1837.mat
CC,1837,0.70882,2.10759,0.9486,1,discharge,0,-2.108,0.703,10.0,9.9,4.0139,3.8038,99.649,04-04-22_01.36_CC_protocol_HPPC_IN21700_30T_cycle_#1837.mat
CC,1837,0.70882,2.10759,0.9485,1,discharge,1,-8.437,2.812,10.0,9.9,4.0157,3.4769,63.8593,04-04-22_01.36_CC_protocol_HPPC_IN21700_30T_cycle_#1837.mat
CC,1837,0.70882,2.10759,0.9485,1,discharge,2,-16.875,5.625,10.0,9.9,4.0186,3.188,49.2207,04-04-22_01.36_CC_protocol_HPPC_IN21700_30T_cycle_#1837.mat
CC,1837,0.70882,2.10759,0.9484,1,discharge,3,-24.258,8.086,10.0,9.9,4.0241,2.9866,42.7694,04-04-22_01.36_CC_protocol_HPPC_IN21700_30T_cycle_#1837.mat
CC,1837,0.70882,2.10759,0.9134,2,discharge,0,-2.109,0.703,10.0,9.9,3.9439,3.7582,88.0679,04-04-22_01.36_CC_protocol_HPPC_IN21700_30T_cycle_#1837.mat
CC,1837,0.70882,2.10759,0.9134,2,discharge,1,-8.438,2.813,10.0,9.9,3.9468,3.4474,59.1874,04-04-22_01.36_CC_protocol_HPPC_IN21700_30T_cycle_#1837.mat
CC,1837,0.70882,2.10759,0.9133,2,discharge,2,-16.875,5.625,10.0,9.9,3.9495,3.1698,46.2044,04-04-22_01.36_CC_protocol_HPPC_IN21700_30T_cycle_#1837.mat
CC,1837,0.70882,2.10759,0.9133,2,discharge,3,-24.258,8.086,10.0,9.9,3.9551,2.9743,40.432,04-04-22_01.36_CC_protocol_HPPC_IN21700_30T_cycle_#1837.mat
CC,1837,0.70882,2.10759,0.8431,3,discharge,0,-2.109,0.703,10.0,9.9,3.8441,3.6691,82.9935,04-04-22_01.36_CC_protocol_HPPC_IN21700_30T_cycle_#1837.mat
CC,1837,0.70882,2.10759,0.8431,3,discharge,1,-8.438,2.813,10.0,9.9,3.8469,3.3614,57.5387,04-04-22_01.36_CC_protocol_HPPC_IN21700_30T_cycle_#1837.mat
CC,1837,0.70882,2.10759,0.843,3,discharge,2,-16.876,5.625,10.0,9.9,3.8498,3.0814,45.5321,04-04-22_01.36_CC_protocol_HPPC_IN21700_30T_cycle_#1837.mat
CC,1837,0.70882,2.10759,0.8429,3,discharge,3,-24.258,8.086,10.0,9.9,3.8551,2.8859,39.9538,04-04-22_01.36_CC_protocol_HPPC_IN21700_30T_cycle_#1837.mat
CC,1837,0.70882,2.10759,0.7728,4,discharge,0,-2.111,0.704,10.0,9.9,3.7571,3.5856,81.2527,04-04-22_01.36_CC_protocol_HPPC_IN21700_30T_cycle_#1837.mat
CC,1837,0.70882,2.10759,0.7728,4,discharge,1,-8.438,2.813,10.0,9.9,3.7614,3.2808,56.9593,04-04-22_01.36_CC_protocol_HPPC_IN21700_30T_cycle_#1837.mat
CC,1837,0.70882,2.10759,0.7727,4,discharge,2,-16.875,5.625,10.0,9.9,3.7665,3.0072,44.9956,04-04-22_01.36_CC_protocol_HPPC_IN21700_30T_cycle_#1837.mat
CC,1837,0.70882,2.10759,0.7726,4,discharge,3,-24.259,8.086,10.0,9.9,3.7731,2.8196,39.305,04-04-22_01.36_CC_protocol_HPPC_IN21700_30T_cycle_#1837.mat
CC,1837,0.70882,2.10759,0.7025,5,discharge,0,-2.109,0.703,10.0,9.9,3.6821,3.5085,82.3256,04-04-22_01.36_CC_protocol_HPPC_IN21700_30T_cycle_#1837.mat
CC,1837,0.70882,2.10759,0.7025,5,discharge,1,-8.438,2.813,10.0,9.9,3.6865,3.1974,57.9633,04-04-22_01.36_CC_protocol_HPPC_IN21700_30T_cycle_#1837.mat
CC,1837,0.70882,2.10759,0.7024,5,discharge,2,-16.874,5.625,10.0,9.9,3.6914,2.9209,45.662,04-04-22_01.36_CC_protocol_HPPC_IN21700_30T_cycle_#1837.mat
CC,1837,0.70882,2.10759,0.7023,5,discharge,3,-24.259,8.086,10.0,9.9,3.6976,2.7248,40.1006,04-04-22_01.36_CC_protocol_HPPC_IN21700_30T_cycle_#1837.mat
CC,1837,0.70882,2.10759,0.6322,6,discharge,0,-2.109,0.703,10.0,9.9,3.6269,3.4483,84.6887,04-04-22_01.36_CC_protocol_HPPC_IN21700_30T_cycle_#1837.mat
CC,1837,0.70882,2.10759,0.6321,6,discharge,1,-8.438,2.813,10.0,9.9,3.6292,3.1304,59.1163,04-04-22_01.36_CC_protocol_HPPC_IN21700_30T_cycle_#1837.mat
CC,1837,0.70882,2.10759,0.6321,6,discharge,2,-16.876,5.625,10.0,9.9,3.6339,2.8498,46.4624,04-04-22_01.36_CC_protocol_HPPC_IN21700_30T_cycle_#1837.mat
CC,1837,0.70882,2.10759,0.632,6,discharge,3,-24.259,8.086,10.0,9.9,3.639,2.6412,41.1311,04-04-22_01.36_CC_protocol_HPPC_IN21700_30T_cycle_#1837.mat
CC,1837,0.70882,2.10759,0.5619,7,discharge,0,-2.111,0.704,10.0,9.9,3.5723,3.3729,94.4576,04-04-22_01.36_CC_protocol_HPPC_IN21700_30T_cycle_#1837.mat
CC,1837,0.70882,2.10759,0.5618,7,discharge,1,-8.438,2.813,10.0,9.9,3.5758,3.0235,65.4523,04-04-22_01.36_CC_protocol_HPPC_IN21700_30T_cycle_#1837.mat
CC,1837,0.70882,2.10759,0.5617,7,discharge,2,-16.875,5.625,10.0,9.9,3.5803,2.7013,52.0889,04-04-22_01.36_CC_protocol_HPPC_IN21700_30T_cycle_#1837.mat
CC,1837,0.70882,2.10759,0.5617,7,discharge,3,-24.26,8.087,10.0,9.9,3.5866,2.4998,44.798,04-04-22_01.36_CC_protocol_HPPC_IN21700_30T_cycle_#1837.mat
CC,1837,0.70882,2.10759,0.4916,8,discharge,0,-2.109,0.703,10.0,9.9,3.506,3.2809,106.728,04-04-22_01.36_CC_protocol_HPPC_IN21700_30T_cycle_#1837.mat
CC,1837,0.70882,2.10759,0.4915,8,discharge,1,-8.438,2.813,10.0,9.9,3.5096,2.9022,71.9847,04-04-22_01.36_CC_protocol_HPPC_IN21700_30T_cycle_#1837.mat
CC,1837,0.70882,2.10759,0.4915,8,discharge,2,-16.876,5.625,10.0,9.9,3.5165,2.538,57.9817,04-04-22_01.36_CC_protocol_HPPC_IN21700_30T_cycle_#1837.mat
CC,1837,0.70882,2.10759,0.4914,8,discharge,3,-22.336,7.445,10.0,9.9,3.5253,2.5,45.9035,04-04-22_01.36_CC_protocol_HPPC_IN21700_30T_cycle_#1837.mat
CC,1837,0.70882,2.10759,0.4213,9,discharge,0,-2.109,0.703,10.0,9.9,3.4354,3.1643,128.5321,04-04-22_01.36_CC_protocol_HPPC_IN21700_30T_cycle_#1837.mat
CC,1837,0.70882,2.10759,0.4212,9,discharge,1,-8.438,2.813,10.0,9.9,3.4386,2.7407,82.7092,04-04-22_01.36_CC_protocol_HPPC_IN21700_30T_cycle_#1837.mat
CC,1837,0.70882,2.10759,0.4211,9,discharge,2,-16.356,5.452,10.0,9.9,3.4438,2.4999,57.7097,04-04-22_01.36_CC_protocol_HPPC_IN21700_30T_cycle_#1837.mat
CC,1837,0.70882,2.10759,0.4211,9,discharge,3,-15.724,5.241,10.0,9.9,3.4492,2.4999,60.3727,04-04-22_01.36_CC_protocol_HPPC_IN21700_30T_cycle_#1837.mat
CC,1837,0.70882,2.10759,0.3861,10,discharge,0,-2.109,0.703,10.0,9.9,3.4095,3.1019,145.8304,04-04-22_01.36_CC_protocol_HPPC_IN21700_30T_cycle_#1837.mat
CC,1837,0.70882,2.10759,0.3861,10,discharge,1,-8.438,2.813,10.0,9.9,3.4115,2.6202,93.7781,04-04-22_01.36_CC_protocol_HPPC_IN21700_30T_cycle_#1837.mat
CC,1837,0.70882,2.10759,0.386,10,discharge,2,-12.973,4.324,10.0,9.9,3.4185,2.4999,70.8086,04-04-22_01.36_CC_protocol_HPPC_IN21700_30T_cycle_#1837.mat
CC,1837,0.70882,2.10759,0.3859,10,discharge,3,-12.741,4.247,10.0,9.9,3.4222,2.5,72.3805,04-04-22_01.36_CC_protocol_HPPC_IN21700_30T_cycle_#1837.mat
CC,1837,0.70882,2.10759,0.351,11,discharge,0,-2.109,0.703,10.0,9.9,3.3798,3.0555,153.7477,04-04-22_01.36_CC_protocol_HPPC_IN21700_30T_cycle_#1837.mat
CC,1837,0.70882,2.10759,0.3509,11,discharge,1,-8.438,2.813,10.0,9.9,3.3828,2.4998,104.6444,04-04-22_01.36_CC_protocol_HPPC_IN21700_30T_cycle_#1837.mat
CC,1837,0.70882,2.10759,0.3508,11,discharge,2,-10.49,3.497,10.0,9.9,3.3943,2.5,85.2526,04-04-22_01.36_CC_protocol_HPPC_IN21700_30T_cycle_#1837.mat
CC,1837,0.70882,2.10759,0.3508,11,discharge,3,-10.327,3.442,10.0,9.9,3.3963,2.5,86.7919,04-04-22_01.36_CC_protocol_HPPC_IN21700_30T_cycle_#1837.mat
CC,1837,0.70882,2.10759,0.3158,12,discharge,0,-2.109,0.703,10.0,9.9,3.3089,2.9588,165.9714,04-04-22_01.36_CC_protocol_HPPC_IN21700_30T_cycle_#1837.mat
CC,1837,0.70882,2.10759,0.3157,12,discharge,1,-8.432,2.811,10.0,9.9,3.314,2.5,96.5359,04-04-22_01.36_CC_protocol_HPPC_IN21700_30T_cycle_#1837.mat
CC,1837,0.70882,2.10759,0.3157,12,discharge,2,-7.109,2.37,10.0,9.9,3.3244,2.5,115.9722,04-04-22_01.36_CC_protocol_HPPC_IN21700_30T_cycle_#1837.mat
CC,1837,0.70882,2.10759,0.3156,12,discharge,3,-6.97,2.323,10.0,9.9,3.3269,2.5,118.6353,04-04-22_01.36_CC_protocol_HPPC_IN21700_30T_cycle_#1837.mat
CC,1875,0.7009,2.08406,1.0,0,discharge,0,-2.086,0.695,10.0,9.7,4.0723,3.8188,121.507,04-10-22_11.54_CC_protocol_HPPC_IN21700_30T_cycle_#1875.mat
CC,1875,0.7009,2.08406,0.9992,0,discharge,1,-8.35,2.783,10.0,9.9,4.0798,3.4647,73.6656,04-10-22_11.54_CC_protocol_HPPC_IN21700_30T_cycle_#1875.mat
CC,1875,0.7009,2.08406,0.9955,0,discharge,2,-16.698,5.566,10.0,9.9,4.075,3.1599,54.803,04-10-22_11.54_CC_protocol_HPPC_IN21700_30T_cycle_#1875.mat
CC,1875,0.7009,2.08406,0.9895,0,discharge,3,-24.002,8.001,10.0,9.9,4.071,2.9569,46.417,04-10-22_11.54_CC_protocol_HPPC_IN21700_30T_cycle_#1875.mat
CC,1875,0.7009,2.08406,0.9479,1,discharge,0,-2.089,0.696,10.0,9.9,3.9994,3.7843,102.9876,04-10-22_11.54_CC_protocol_HPPC_IN21700_30T_cycle_#1875.mat
CC,1875,0.7009,2.08406,0.9478,1,discharge,1,-8.348,2.783,10.0,9.9,4.001,3.4477,66.2793,04-10-22_11.54_CC_protocol_HPPC_IN21700_30T_cycle_#1875.mat
CC,1875,0.7009,2.08406,0.9477,1,discharge,2,-16.697,5.566,10.0,9.9,4.0039,3.1474,51.2966,04-10-22_11.54_CC_protocol_HPPC_IN21700_30T_cycle_#1875.mat
CC,1875,0.7009,2.08406,0.9477,1,discharge,3,-24.001,8.0,10.0,9.9,4.01,2.9405,44.5606,04-10-22_11.54_CC_protocol_HPPC_IN21700_30T_cycle_#1875.mat
CC,1875,0.7009,2.08406,0.9131,2,discharge,0,-2.087,0.696,10.0,9.9,3.9311,3.7297,96.5114,04-10-22_11.54_CC_protocol_HPPC_IN21700_30T_cycle_#1875.mat
CC,1875,0.7009,2.08406,0.913,2,discharge,1,-8.35,2.783,10.0,9.9,3.934,3.4017,63.747,04-10-22_11.54_CC_protocol_HPPC_IN21700_30T_cycle_#1875.mat
CC,1875,0.7009,2.08406,0.913,2,discharge,2,-16.696,5.565,10.0,9.9,3.9371,3.1125,49.3891,04-10-22_11.54_CC_protocol_HPPC_IN21700_30T_cycle_#1875.mat
CC,1875,0.7009,2.08406,0.9129,2,discharge,3,-24.0,8.0,10.0,9.9,3.9433,2.9142,42.8792,04-10-22_11.54_CC_protocol_HPPC_IN21700_30T_cycle_#1875.mat
CC,1875,0.7009,2.08406,0.8435,3,discharge,0,-2.087,0.696,10.0,9.9,3.83,3.6443,88.9837,04-10-22_11.54_CC_protocol_HPPC_IN21700_30T_cycle_#1875.mat
CC,1875,0.7009,2.08406,0.8435,3,discharge,1,-8.348,2.783,10.0,9.9,3.8332,3.3286,60.4434,04-10-22_11.54_CC_protocol_HPPC_IN21700_30T_cycle_#1875.mat
CC,1875,0.7009,2.08406,0.8434,3,discharge,2,-16.697,5.566,10.0,9.9,3.837,3.0477,47.272,04-10-22_11.54_CC_protocol_HPPC_IN21700_30T_cycle_#1875.mat
CC,1875,0.7009,2.08406,0.8433,3,discharge,3,-24.0,8.0,10.0,9.9,3.8434,2.8573,41.0875,04-10-22_11.54_CC_protocol_HPPC_IN21700_30T_cycle_#1875.mat
CC,1875,0.7009,2.08406,0.7739,4,discharge,0,-2.087,0.696,10.0,9.9,3.7441,3.5543,90.9396,04-10-22_11.54_CC_protocol_HPPC_IN21700_30T_cycle_#1875.mat
CC,1875,0.7009,2.08406,0.7739,4,discharge,1,-8.349,2.783,10.0,9.9,3.7485,3.2325,61.8053,04-10-22_11.54_CC_protocol_HPPC_IN21700_30T_cycle_#1875.mat
CC,1875,0.7009,2.08406,0.7738,4,discharge,2,-16.697,5.566,10.0,9.9,3.7544,2.9528,48.0086,04-10-22_11.54_CC_protocol_HPPC_IN21700_30T_cycle_#1875.mat
CC,1875,0.7009,2.08406,0.7738,4,discharge,3,-24.001,8.0,10.0,9.9,3.7625,2.7609,41.7316,04-10-22_11.54_CC_protocol_HPPC_IN21700_30T_cycle_#1875.mat
CC,1875,0.7009,2.08406,0.7044,5,discharge,0,-2.087,0.696,10.0,9.9,3.6727,3.4838,90.504,04-10-22_11.54_CC_protocol_HPPC_IN21700_30T_cycle_#1875.mat
CC,1875,0.7009,2.08406,0.7043,5,discharge,1,-8.348,2.783,10.0,9.9,3.6768,3.162,61.6638,04-10-22_11.54_CC_protocol_HPPC_IN21700_30T_cycle_#1875.mat
CC,1875,0.7009,2.08406,0.7043,5,discharge,2,-16.697,5.566,10.0,9.9,3.6819,2.8856,47.6912,04-10-22_11.54_CC_protocol_HPPC_IN21700_30T_cycle_#1875.mat
CC,1875,0.7009,2.08406,0.7042,5,discharge,3,-24.001,8.0,10.0,9.9,3.6891,2.6908,41.5941,04-10-22_11.54_CC_protocol_HPPC_IN21700_30T_cycle_#1875.mat
CC,1875,0.7009,2.08406,0.6348,6,discharge,0,-2.087,0.696,10.0,9.9,3.62,3.4202,95.7355,04-10-22_11.54_CC_protocol_HPPC_IN21700_30T_cycle_#1875.mat
CC,1875,0.7009,2.08406,0.6348,6,discharge,1,-8.351,2.784,10.0,9.9,3.623,3.083,64.666,04-10-22_11.54_CC_protocol_HPPC_IN21700_30T_cycle_#1875.mat
CC,1875,0.7009,2.08406,0.6347,6,discharge,2,-16.697,5.566,10.0,9.9,3.6272,2.7922,50.009,04-10-22_11.54_CC_protocol_HPPC_IN21700_30T_cycle_#1875.mat
CC,1875,0.7009,2.08406,0.6346,6,discharge,3,-24.002,8.001,10.0,9.9,3.6329,2.577,43.9922,04-10-22_11.54_CC_protocol_HPPC_IN21700_30T_cycle_#1875.mat
CC,1875,0.7009,2.08406,0.5652,7,discharge,0,-2.085,0.695,10.0,9.9,3.5647,3.3465,104.6422,04-10-22_11.54_CC_protocol_HPPC_IN21700_30T_cycle_#1875.mat
CC,1875,0.7009,2.08406,0.5652,7,discharge,1,-8.348,2.783,10.0,9.9,3.5684,2.9896,69.3307,04-10-22_11.54_CC_protocol_HPPC_IN21700_30T_cycle_#1875.mat
CC,1875,0.7009,2.08406,0.5651,7,discharge,2,-16.697,5.566,10.0,9.9,3.574,2.6723,54.0037,04-10-22_11.54_CC_protocol_HPPC_IN21700_30T_cycle_#1875.mat
CC,1875,0.7009,2.08406,0.5651,7,discharge,3,-24.001,8.0,10.0,9.9,3.5811,2.4999,45.0481,04-10-22_11.54_CC_protocol_HPPC_IN21700_30T_cycle_#1875.mat
CC,1875,0.7009,2.08406,0.4957,8,discharge,0,-2.087,0.696,10.0,9.9,3.5002,3.2601,115.029,04-10-22_11.54_CC_protocol_HPPC_IN21700_30T_cycle_#1875.mat
CC,1875,0.7009,2.08406,0.4956,8,discharge,1,-8.349,2.783,10.0,9.9,3.5039,2.8829,74.3828,04-10-22_11.54_CC_protocol_HPPC_IN21700_30T_cycle_#1875.mat
CC,1875,0.7009,2.08406,0.4956,8,discharge,2,-16.697,5.566,10.0,9.9,3.5115,2.5159,59.6275,04-10-22_11.54_CC_protocol_HPPC_IN21700_30T_cycle_#1875.mat
CC,1875,0.7009,2.08406,0.4955,8,discharge,3,-20.743,6.914,10.0,9.9,3.5207,2.5,49.207,04-10-22_11.54_CC_protocol_HPPC_IN21700_30T_cycle_#1875.mat
CC,1875,0.7009,2.08406,0.4261,9,discharge,0,-2.087,0.696,10.0,9.9,3.4289,3.1259,145.1497,04-10-22_11.54_CC_protocol_HPPC_IN21700_30T_cycle_#1875.mat
CC,1875,0.7009,2.08406,0.4261,9,discharge,1,-8.349,2.783,10.0,9.9,3.4316,2.6854,89.3792,04-10-22_11.54_CC_protocol_HPPC_IN21700_30T_cycle_#1875.mat
CC,1875,0.7009,2.08406,0.426,9,discharge,2,-14.669,4.89,10.0,9.9,3.4376,2.5,63.9171,04-10-22_11.54_CC_protocol_HPPC_IN21700_30T_cycle_#1875.mat
CC,1875,0.7009,2.08406,0.4259,9,discharge,3,-14.414,4.805,10.0,9.9,3.442,2.5,65.3531,04-10-22_11.54_CC_protocol_HPPC_IN21700_30T_cycle_#1875.mat
CC,1875,0.7009,2.08406,0.3913,10,discharge,0,-2.086,0.695,10.0,9.9,3.404,3.0846,153.1454,04-10-22_11.54_CC_protocol_HPPC_IN21700_30T_cycle_#1875.mat
CC,1875,0.7009,2.08406,0.3913,10,discharge,1,-8.349,2.783,10.0,9.9,3.4061,2.605,95.9539,04-10-22_11.54_CC_protocol_HPPC_IN21700_30T_cycle_#1875.mat
CC,1875,0.7009,2.08406,0.3912,10,discharge,2,-12.54,4.18,10.0,9.9,3.4137,2.5,72.8628,04-10-22_11.54_CC_protocol_HPPC_IN21700_30T_cycle_#1875.mat
CC,1875,0.7009,2.08406,0.3911,10,discharge,3,-12.355,4.118,10.0,9.9,3.4179,2.5,74.2938,04-10-22_11.54_CC_protocol_HPPC_IN21700_30T_cycle_#1875.mat
CC,1875,0.7009,2.08406,0.3565,11,discharge,0,-2.087,0.696,10.0,9.9,3.374,3.0327,163.497,04-10-22_11.54_CC_protocol_HPPC_IN21700_30T_cycle_#1875.mat
CC,1875,0.7009,2.08406,0.3565,11,discharge,1,-8.349,2.783,10.0,9.9,3.3774,2.5,105.0942,04-10-22_11.54_CC_protocol_HPPC_IN21700_30T_cycle_#1875.mat
CC,1875,0.7009,2.08406,0.3564,11,discharge,2,-9.542,3.181,10.0,9.9,3.3887,2.5,93.1385,04-10-22_11.54_CC_protocol_HPPC_IN21700_30T_cycle_#1875.mat
CC,1875,0.7009,2.08406,0.3564,11,discharge,3,-9.258,3.086,10.0,9.9,3.3909,2.5,96.2251,04-10-22_11.54_CC_protocol_HPPC_IN21700_30T_cycle_#1875.mat
CC,1875,0.7009,2.08406,0.3218,12,discharge,0,-2.087,0.696,10.0,9.9,3.2923,2.9317,172.7425,04-10-22_11.54_CC_protocol_HPPC_IN21700_30T_cycle_#1875.mat
CC,1875,0.7009,2.08406,0.3217,12,discharge,1,-8.194,2.731,10.0,9.9,3.2977,2.5,97.3541,04-10-22_11.54_CC_protocol_HPPC_IN21700_30T_cycle_#1875.mat
CC,1875,0.7009,2.08406,0.3216,12,discharge,2,-6.59,2.197,10.0,9.9,3.307,2.4999,122.4716,04-10-22_11.54_CC_protocol_HPPC_IN21700_30T_cycle_#1875.mat
CC,1875,0.7009,2.08406,0.3216,12,discharge,3,-6.506,2.169,10.0,9.9,3.3104,2.5,124.5543,04-10-22_11.54_CC_protocol_HPPC_IN21700_30T_cycle_#1875.mat
