cell,cycle,SOC,direction,I_A,tau_s,tau_actual_s,T_C,rest_before_s,V_pre_V,V_tau_V,R_mOhm,CAP_Ah,SOH
RPC_CC,1,0.9973,discharge,-30.0,2.0,2.0,25.43,3841.2,4.1819,3.82,12.0633,2.9103,1.0
RPC_CC,1,0.9973,discharge,-30.0,10.0,9.0,25.43,3841.2,4.1819,3.7564,14.1833,2.9103,1.0
RPC_CC,1,0.9726,charge,2.251,2.0,2.0,26.26,60.0,4.12,4.1501,13.3695,2.9103,1.0
RPC_CC,1,0.9726,charge,2.251,10.0,9.0,26.26,60.0,4.12,4.15,13.325,2.9103,1.0
RPC_CC,1,0.9487,discharge,-30.0,2.0,2.0,25.43,3600.0,4.1053,3.7689,11.2133,2.9103,1.0
RPC_CC,1,0.9487,discharge,-30.0,10.0,9.0,25.43,3600.0,4.1053,3.7227,12.7533,2.9103,1.0
RPC_CC,1,0.9244,charge,5.481,2.0,2.0,26.19,60.0,4.0837,4.1501,12.1137,2.9103,1.0
RPC_CC,1,0.9244,charge,5.481,10.0,9.0,26.19,60.0,4.0837,4.15,12.0955,2.9103,1.0
RPC_CC,1,0.9002,discharge,-30.0,2.0,2.0,25.48,3600.0,4.0834,3.7533,11.0033,2.9103,1.0
RPC_CC,1,0.9002,discharge,-30.0,10.0,9.0,25.48,3600.0,4.0834,3.7026,12.6933,2.9103,1.0
RPC_CC,1,0.876,charge,6.796,2.0,2.0,26.25,60.0,4.0685,4.1501,12.0074,2.9103,1.0
RPC_CC,1,0.876,charge,6.796,10.0,9.0,26.25,60.0,4.0685,4.15,11.9927,2.9103,1.0
RPC_CC,1,0.8032,discharge,-30.0,2.0,1.0,25.45,3600.0,4.0341,3.7057,10.9467,2.9103,1.0
RPC_CC,1,0.8032,discharge,-30.0,10.0,9.0,25.45,3600.0,4.0341,3.6196,13.8167,2.9103,1.0
RPC_CC,1,0.7795,charge,13.137,2.0,2.0,26.28,60.0,3.9822,4.1494,12.7274,2.9103,1.0
RPC_CC,1,0.7795,charge,13.137,10.0,9.0,26.28,60.0,3.9822,4.1501,12.7807,2.9103,1.0
RPC_CC,1,0.7062,discharge,-30.0,2.0,2.0,25.46,3600.0,3.9276,3.5894,11.2733,2.9103,1.0
RPC_CC,1,0.7062,discharge,-30.0,10.0,9.0,25.46,3600.0,3.9276,3.5318,13.1933,2.9103,1.0
RPC_CC,1,0.6825,charge,15.001,2.0,2.0,26.2,60.0,3.8781,4.0351,10.466,2.9103,1.0
RPC_CC,1,0.6825,charge,15.001,10.0,9.0,26.2,60.0,3.8781,4.0817,13.5724,2.9103,1.0
RPC_CC,1,0.6091,discharge,-30.0,2.0,1.0,25.49,3600.0,3.845,3.5294,10.52,2.9103,1.0
RPC_CC,1,0.6091,discharge,-30.0,10.0,9.0,25.49,3600.0,3.845,3.4562,12.96,2.9103,1.0
RPC_CC,1,0.5855,charge,15.001,2.0,2.0,26.18,60.0,3.8002,3.9567,10.4326,2.9103,1.0
RPC_CC,1,0.5855,charge,15.001,10.0,9.0,26.18,60.0,3.8002,3.9929,12.8458,2.9103,1.0
RPC_CC,1,0.5121,discharge,-30.0,2.0,2.0,25.49,3600.0,3.7408,3.4168,10.8,2.9103,1.0
RPC_CC,1,0.5121,discharge,-30.0,10.0,9.0,25.49,3600.0,3.7408,3.3496,13.04,2.9103,1.0
RPC_CC,1,0.4884,charge,15.001,2.0,2.0,26.23,60.0,3.707,3.8645,10.4993,2.9103,1.0
RPC_CC,1,0.4884,charge,15.001,10.0,9.0,26.23,60.0,3.707,3.8992,12.8125,2.9103,1.0
RPC_CC,1,0.415,discharge,-30.0,2.0,2.0,25.48,3600.0,3.6593,3.3364,10.7633,2.9103,1.0
RPC_CC,1,0.415,discharge,-30.0,10.0,9.0,25.48,3600.0,3.6593,3.2674,13.0633,2.9103,1.0
RPC_CC,1,0.3914,charge,15.001,2.0,2.0,26.31,60.0,3.628,3.7846,10.4393,2.9103,1.0
RPC_CC,1,0.3914,charge,15.001,10.0,9.0,26.31,60.0,3.628,3.8208,12.8525,2.9103,1.0
RPC_CC,1,0.318,discharge,-30.0,2.0,2.0,25.48,3600.0,3.6012,3.2743,10.8967,2.9103,1.0
RPC_CC,1,0.318,discharge,-30.0,10.0,9.0,25.48,3600.0,3.6012,3.1995,13.39,2.9103,1.0
RPC_CC,1,0.2944,charge,15.001,2.0,2.0,26.38,60.0,3.5633,3.72,10.446,2.9103,1.0
RPC_CC,1,0.2944,charge,15.001,10.0,9.0,26.38,60.0,3.5633,3.76,13.1125,2.9103,1.0
RPC_CC,1,0.221,discharge,-30.0,2.0,2.0,25.48,3600.0,3.5154,3.1758,11.32,2.9103,1.0
RPC_CC,1,0.221,discharge,-30.0,10.0,9.0,25.48,3600.0,3.5154,3.1029,13.75,2.9103,1.0
RPC_CC,1,0.1973,charge,15.001,2.0,2.0,26.39,60.0,3.4683,3.631,10.8459,2.9103,1.0
RPC_CC,1,0.1973,charge,15.001,10.0,9.0,26.39,60.0,3.4683,3.6732,13.6591,2.9103,1.0
RPC_CC,1,0.1724,discharge,-30.0,2.0,2.0,25.48,3600.0,3.4481,3.1077,11.3467,2.9103,1.0
RPC_CC,1,0.1724,discharge,-30.0,10.0,9.0,25.48,3600.0,3.4481,3.0296,13.95,2.9103,1.0
RPC_CC,1,0.1488,charge,15.001,2.0,2.0,26.41,60.0,3.422,3.5827,10.7126,2.9103,1.0
RPC_CC,1,0.1488,charge,15.001,10.0,9.0,26.41,60.0,3.422,3.6113,12.6192,2.9103,1.0
RPC_CC,1,0.1239,discharge,-30.0,2.0,2.0,25.48,3600.0,3.4148,3.0243,13.0167,2.9103,1.0
RPC_CC,1,0.1239,discharge,-30.0,10.0,9.0,25.48,3600.0,3.4148,2.8088,20.2,2.9103,1.0
RPC_CC,1,0.1003,charge,15.001,2.0,2.0,26.68,60.0,3.3833,3.5593,11.7326,2.9103,1.0
RPC_CC,1,0.1003,charge,15.001,10.0,9.0,26.68,60.0,3.3833,3.5897,13.7591,2.9103,1.0
RPC_CC,1,0.0754,discharge,-24.733,2.0,2.0,25.47,3600.0,3.3665,2.7796,23.7294,2.9103,1.0
RPC_CC,1,0.0754,discharge,-24.733,10.0,9.0,25.47,3600.0,3.3665,2.5497,33.0247,2.9103,1.0
RPC_CC,1,0.0572,charge,15.0,2.0,2.0,26.86,60.0,3.2323,3.4559,14.9067,2.9103,1.0
RPC_CC,1,0.0572,charge,15.0,10.0,9.0,26.86,60.0,3.2323,3.541,20.58,2.9103,1.0
RPC_CC,1,0.0463,discharge,-11.56,2.0,1.0,25.49,3600.0,3.2149,2.5463,57.8374,2.9103,1.0
RPC_CC,1,0.0463,discharge,-11.56,10.0,9.0,25.49,3600.0,3.2149,2.5498,57.5346,2.9103,1.0
RPC_CC,1,0.0357,charge,15.001,2.0,2.0,26.32,60.0,3.0474,3.3205,18.2055,2.9103,1.0
RPC_CC,1,0.0357,charge,15.001,10.0,9.0,26.32,60.0,3.0474,3.444,26.4382,2.9103,1.0
RPC_CC,1,0.0318,discharge,-8.039,2.0,1.0,25.51,3600.0,3.0928,2.5482,67.7456,2.9103,1.0
RPC_CC,1,0.0318,discharge,-8.039,10.0,9.0,25.51,3600.0,3.0928,2.5498,67.5466,2.9103,1.0
RPC_CC,1,0.025,charge,15.001,2.0,2.0,26.0,60.0,2.9003,3.2227,21.4919,2.9103,1.0
RPC_CC,1,0.025,charge,15.001,10.0,9.0,26.0,60.0,2.9003,3.3809,32.0379,2.9103,1.0
RPC_CC,1,0.9973,discharge,-30.0,2.0,2.0,25.48,1454.8,4.1851,3.8244,12.0233,2.9103,1.0
RPC_CC,1,0.9973,discharge,-30.0,10.0,9.0,25.48,1454.8,4.1851,3.7594,14.19,2.9103,1.0
RPC_CC,1,0.9487,discharge,-30.0,2.0,2.0,25.88,300.0,4.1045,3.7749,10.9867,2.9103,1.0
RPC_CC,1,0.9487,discharge,-30.0,10.0,9.0,25.88,300.0,4.1045,3.7292,12.51,2.9103,1.0
RPC_CC,1,0.9002,discharge,-30.0,2.0,2.0,25.97,300.0,4.0823,3.7605,10.7267,2.9103,1.0
RPC_CC,1,0.9002,discharge,-30.0,10.0,9.0,25.97,300.0,4.0823,3.7087,12.4533,2.9103,1.0
RPC_CC,1,0.8032,discharge,-30.001,2.0,2.0,25.88,300.0,4.0318,3.6951,11.223,2.9103,1.0
RPC_CC,1,0.8032,discharge,-30.001,10.0,9.0,25.88,300.0,4.0318,3.6238,13.5995,2.9103,1.0
RPC_CC,1,0.7061,discharge,-30.001,2.0,2.0,25.92,300.0,3.9245,3.5962,10.943,2.9103,1.0
RPC_CC,1,0.7061,discharge,-30.001,10.0,9.0,25.92,300.0,3.9245,3.5373,12.9062,2.9103,1.0
RPC_CC,1,0.6091,discharge,-30.001,2.0,2.0,25.95,300.0,3.831,3.5162,10.493,2.9103,1.0
RPC_CC,1,0.6091,discharge,-30.001,10.0,9.0,25.95,300.0,3.831,3.4545,12.5496,2.9103,1.0
RPC_CC,1,0.5121,discharge,-30.0,2.0,2.0,25.81,300.0,3.7385,3.4192,10.6433,2.9103,1.0
RPC_CC,1,0.5121,discharge,-30.0,10.0,9.0,25.81,300.0,3.7385,3.3488,12.99,2.9103,1.0
RPC_CC,1,0.415,discharge,-30.0,2.0,2.0,25.75,300.0,3.6555,3.3372,10.61,2.9103,1.0
RPC_CC,1,0.415,discharge,-30.0,10.0,9.0,25.75,300.0,3.6555,3.2659,12.9867,2.9103,1.0
RPC_CC,1,0.318,discharge,-30.001,2.0,2.0,25.82,300.0,3.5947,3.2738,10.6963,2.9103,1.0
RPC_CC,1,0.318,discharge,-30.001,10.0,9.01,25.82,300.0,3.5947,3.1983,13.2129,2.9103,1.0
RPC_CC,1,0.221,discharge,-30.001,2.0,2.0,25.96,300.0,3.5118,3.1818,10.9996,2.9103,1.0
RPC_CC,1,0.221,discharge,-30.001,10.0,9.0,25.96,300.0,3.5118,3.1096,13.4062,2.9103,1.0
RPC_CC,1,0.1724,discharge,-30.001,2.0,1.0,26.07,300.0,3.4478,3.1332,10.4863,2.9103,1.0
RPC_CC,1,0.1724,discharge,-30.001,10.0,9.0,26.07,300.0,3.4478,3.0355,13.7429,2.9103,1.0
RPC_CC,1,0.1239,discharge,-30.001,2.0,2.0,26.13,300.0,3.412,3.0324,12.6529,2.9103,1.0
RPC_CC,1,0.1239,discharge,-30.001,10.0,9.0,26.13,300.0,3.412,2.8151,19.896,2.9103,1.0
RPC_CC,1,0.0754,discharge,-23.133,2.0,2.0,26.32,300.0,3.3585,2.7915,24.511,2.9103,1.0
RPC_CC,1,0.0754,discharge,-23.133,10.0,9.0,26.32,300.0,3.3585,2.5497,34.9638,2.9103,1.0
RPC_CC,1,0.0463,discharge,-10.734,2.0,2.0,26.57,300.0,3.1934,2.5489,60.0429,2.9103,1.0
RPC_CC,1,0.0463,discharge,-10.734,10.0,9.0,26.57,300.0,3.1934,2.5499,59.9497,2.9103,1.0
RPC_CC,1,0.0319,discharge,-6.272,2.0,2.0,26.31,300.0,3.0456,2.5494,79.1085,2.9103,1.0
RPC_CC,1,0.0319,discharge,-6.272,10.0,9.0,26.31,300.0,3.0456,2.5499,79.0288,2.9103,1.0
RPC_CC,1,0.9973,discharge,-29.788,2.0,2.0,25.53,1450.6,4.1853,3.8307,11.9039,2.9103,1.0
RPC_CC,1,0.9973,discharge,-29.788,10.0,9.0,25.53,1450.6,4.1853,3.7603,14.2673,2.9103,1.0
RPC_CC,1,0.9488,discharge,-29.838,2.0,2.0,25.87,300.0,4.1044,3.7788,10.9123,2.9103,1.0
RPC_CC,1,0.9488,discharge,-29.838,10.0,9.0,25.87,300.0,4.1044,3.7299,12.5511,2.9103,1.0
RPC_CC,1,0.9003,discharge,-29.803,2.0,2.0,25.98,300.0,4.0822,3.7652,10.6365,2.9103,1.0
RPC_CC,1,0.9003,discharge,-29.803,10.0,9.0,25.98,300.0,4.0822,3.7094,12.5088,2.9103,1.0
RPC_CC,1,0.8033,discharge,-29.721,2.0,2.0,25.89,300.0,4.0317,3.7016,11.1066,2.9103,1.0
RPC_CC,1,0.8033,discharge,-29.721,10.0,9.0,25.89,300.0,4.0317,3.6252,13.6772,2.9103,1.0
RPC_CC,1,0.7062,discharge,-29.761,2.0,2.0,25.96,300.0,3.9246,3.6016,10.8531,2.9103,1.0
RPC_CC,1,0.7062,discharge,-29.761,10.0,9.0,25.96,300.0,3.9246,3.5383,12.9801,2.9103,1.0
RPC_CC,1,0.6091,discharge,-29.742,2.0,2.0,25.95,300.0,3.8308,3.5222,10.3761,2.9103,1.0
RPC_CC,1,0.6091,discharge,-29.742,10.0,9.01,25.95,300.0,3.8308,3.4558,12.6086,2.9103,1.0
RPC_CC,1,0.5121,discharge,-29.703,2.0,2.0,25.83,300.1,3.7383,3.4263,10.504,2.9103,1.0
RPC_CC,1,0.5121,discharge,-29.703,10.0,9.0,25.83,300.1,3.7383,3.3507,13.0492,2.9103,1.0
RPC_CC,1,0.4151,discharge,-29.694,2.0,2.0,25.76,300.0,3.6554,3.3446,10.4669,2.9103,1.0
RPC_CC,1,0.4151,discharge,-29.694,10.0,9.0,25.76,300.0,3.6554,3.2674,13.0668,2.9103,1.0
RPC_CC,1,0.3181,discharge,-29.666,2.0,2.0,25.82,300.0,3.5945,3.282,10.5341,2.9103,1.0
RPC_CC,1,0.3181,discharge,-29.666,10.0,9.0,25.82,300.0,3.5945,3.2003,13.2882,2.9103,1.0
RPC_CC,1,0.221,discharge,-29.677,2.0,2.0,26.0,300.0,3.5115,3.1898,10.8402,2.9103,1.0
RPC_CC,1,0.221,discharge,-29.677,10.0,9.0,26.0,300.0,3.5115,3.1111,13.4922,2.9103,1.0
RPC_CC,1,0.1725,discharge,-29.555,2.0,2.0,26.11,300.0,3.4475,3.1269,10.8476,2.9103,1.0
RPC_CC,1,0.1725,discharge,-29.555,10.0,9.0,26.11,300.0,3.4475,3.0375,13.8724,2.9103,1.0
RPC_CC,1,0.1242,discharge,-28.5,2.0,2.0,26.17,300.0,3.4118,3.0655,12.1509,2.9103,1.0
RPC_CC,1,0.1242,discharge,-28.5,10.0,9.0,26.17,300.0,3.4118,2.8411,20.0246,2.9103,1.0
RPC_CC,1,0.0771,discharge,-11.822,2.0,2.0,26.32,300.0,3.3572,3.1795,15.0313,2.9103,1.0
RPC_CC,1,0.0771,discharge,-11.822,10.0,9.0,26.32,300.0,3.3572,3.0456,26.3576,2.9103,1.0
RPC_CC,1,0.0484,discharge,-6.409,2.0,2.0,26.09,300.1,3.1861,3.0586,19.895,2.9103,1.0
RPC_CC,1,0.0484,discharge,-6.409,10.0,9.0,26.09,300.1,3.1861,2.9489,37.0125,2.9103,1.0
RPC_CC,1,0.0342,discharge,-3.244,2.0,2.0,25.9,300.0,3.0291,2.9517,23.8616,2.9103,1.0
RPC_CC,1,0.0342,discharge,-3.244,10.0,9.0,25.9,300.0,3.0291,2.8842,44.6712,2.9103,1.0
RPC_CC,1,0.9973,discharge,-29.793,2.0,2.0,25.55,1451.0,4.1852,3.8302,11.9158,2.9103,1.0
RPC_CC,1,0.9973,discharge,-29.793,10.0,9.0,25.55,1451.0,4.1852,3.7599,14.2754,2.9103,1.0
RPC_CC,1,0.9488,discharge,-29.84,2.0,2.0,25.89,300.0,4.1044,3.7787,10.9149,2.9103,1.0
RPC_CC,1,0.9488,discharge,-29.84,10.0,9.0,25.89,300.0,4.1044,3.7296,12.5603,2.9103,1.0
RPC_CC,1,0.9003,discharge,-29.806,2.0,2.0,26.0,300.0,4.0824,3.7648,10.6558,2.9103,1.0
RPC_CC,1,0.9003,discharge,-29.806,10.0,9.0,26.0,300.0,4.0824,3.7092,12.5212,2.9103,1.0
RPC_CC,1,0.8033,discharge,-29.722,2.0,2.0,25.92,300.0,4.0316,3.7014,11.1094,2.9103,1.0
RPC_CC,1,0.8033,discharge,-29.722,10.0,9.0,25.92,300.0,4.0316,3.625,13.6799,2.9103,1.0
RPC_CC,1,0.7062,discharge,-29.764,2.0,2.0,25.96,300.0,3.9244,3.6014,10.8522,2.9103,1.0
RPC_CC,1,0.7062,discharge,-29.764,10.0,9.0,25.96,300.0,3.9244,3.5381,12.979,2.9103,1.0
RPC_CC,1,0.6091,discharge,-29.743,2.0,2.0,26.0,300.0,3.8309,3.522,10.3856,2.9103,1.0
RPC_CC,1,0.6091,discharge,-29.743,10.0,9.01,26.0,300.0,3.8309,3.4555,12.6215,2.9103,1.0
RPC_CC,1,0.5121,discharge,-29.705,2.0,2.0,25.84,300.0,3.7382,3.4263,10.4999,2.9103,1.0
RPC_CC,1,0.5121,discharge,-29.705,10.0,9.0,25.84,300.0,3.7382,3.3503,13.0584,2.9103,1.0
RPC_CC,1,0.4151,discharge,-29.696,2.0,2.0,25.8,300.0,3.6553,3.3446,10.4627,2.9103,1.0
RPC_CC,1,0.4151,discharge,-29.696,10.0,9.0,25.8,300.0,3.6553,3.2673,13.0657,2.9103,1.0
RPC_CC,1,0.3181,discharge,-29.667,2.0,2.0,25.85,300.0,3.5944,3.2818,10.5368,2.9103,1.0
RPC_CC,1,0.3181,discharge,-29.667,10.0,9.0,25.85,300.0,3.5944,3.1999,13.2974,2.9103,1.0
RPC_CC,1,0.221,discharge,-29.681,2.0,2.0,26.03,300.0,3.511,3.1893,10.8386,2.9103,1.0
RPC_CC,1,0.221,discharge,-29.681,10.0,9.0,26.03,300.0,3.511,3.1104,13.4968,2.9103,1.0
RPC_CC,1,0.1725,discharge,-29.564,2.0,2.0,26.15,300.0,3.4469,3.1261,10.851,2.9103,1.0
RPC_CC,1,0.1725,discharge,-29.564,10.0,9.0,26.15,300.0,3.4469,3.036,13.8987,2.9103,1.0
RPC_CC,1,0.1242,discharge,-28.776,2.0,2.0,26.17,300.0,3.4115,3.0612,12.1731,2.9103,1.0
RPC_CC,1,0.1242,discharge,-28.776,10.0,9.0,26.17,300.0,3.4115,2.8277,20.2874,2.9103,1.0
RPC_CC,1,0.9973,discharge,-29.794,2.0,2.0,25.55,1452.4,4.1853,3.83,11.9252,2.9103,1.0
RPC_CC,1,0.9973,discharge,-29.794,10.0,9.0,25.55,1452.4,4.1853,3.7597,14.2848,2.9103,1.0
RPC_CC,1,0.9488,discharge,-29.84,2.0,1.0,25.9,300.0,4.1044,3.7919,10.4725,2.9103,1.0
RPC_CC,1,0.9488,discharge,-29.84,10.0,9.0,25.9,300.0,4.1044,3.7296,12.5603,2.9103,1.0
RPC_CC,1,0.9003,discharge,-29.806,2.0,2.0,26.02,300.0,4.0823,3.7649,10.6489,2.9103,1.0
RPC_CC,1,0.9003,discharge,-29.806,10.0,9.0,26.02,300.0,4.0823,3.7092,12.5176,2.9103,1.0
RPC_CC,1,0.8033,discharge,-29.678,2.0,2.0,25.91,300.0,4.0316,3.7013,11.1295,2.9103,1.0
RPC_CC,1,0.8033,discharge,-29.678,10.0,9.0,25.91,300.0,4.0316,3.6249,13.7038,2.9103,1.0
RPC_CC,1,0.7062,discharge,-29.762,2.0,2.0,25.98,300.0,3.9243,3.6014,10.8492,2.9103,1.0
RPC_CC,1,0.7062,discharge,-29.762,10.0,9.0,25.98,300.0,3.9243,3.538,12.9794,2.9103,1.0
RPC_CC,1,0.6092,discharge,-29.743,2.0,2.0,25.99,300.0,3.8309,3.5219,10.3888,2.9103,1.0
RPC_CC,1,0.6092,discharge,-29.743,10.0,9.0,25.99,300.0,3.8309,3.4555,12.6212,2.9103,1.0
RPC_CC,1,0.5121,discharge,-29.706,2.0,2.0,25.85,300.0,3.738,3.426,10.5029,2.9103,1.0
RPC_CC,1,0.5121,discharge,-29.706,10.0,9.0,25.85,300.0,3.738,3.3502,13.0546,2.9103,1.0
RPC_CC,1,0.4151,discharge,-29.697,2.0,1.0,25.79,300.0,3.6551,3.3615,9.8867,2.9103,1.0
RPC_CC,1,0.4151,discharge,-29.697,10.0,9.0,25.79,300.0,3.6551,3.2671,13.0655,2.9103,1.0
RPC_CC,1,0.3181,discharge,-29.67,2.0,2.0,25.85,300.0,3.5942,3.2818,10.5292,2.9103,1.0
RPC_CC,1,0.3181,discharge,-29.67,10.0,9.0,25.85,300.0,3.5942,3.1998,13.2929,2.9103,1.0
RPC_CC,1,0.221,discharge,-29.684,2.0,2.0,26.03,300.0,3.5108,3.189,10.8409,2.9103,1.0
RPC_CC,1,0.221,discharge,-29.684,10.0,9.0,26.03,300.0,3.5108,3.11,13.5022,2.9103,1.0
RPC_CC,1,0.1725,discharge,-29.572,2.0,2.0,26.14,300.0,3.4465,3.126,10.8381,2.9103,1.0
RPC_CC,1,0.1725,discharge,-29.572,10.0,9.0,26.14,300.0,3.4465,3.0348,13.9222,2.9103,1.0
RPC_CC,1,0.1242,discharge,-28.798,2.0,2.0,26.18,300.0,3.4114,3.0601,12.1986,2.9103,1.0
RPC_CC,1,0.1242,discharge,-28.798,10.0,9.0,26.18,300.0,3.4114,2.8229,20.4351,2.9103,1.0
RPC_CC,1,0.0477,discharge,-15.711,2.0,1.0,26.29,300.0,3.1812,2.8854,18.8276,2.9103,1.0
RPC_CC,1,0.0336,discharge,-9.583,2.0,2.0,26.07,300.0,3.0206,2.7511,28.124,2.9103,1.0
RPC_CC,1,0.9973,discharge,-29.797,2.0,2.0,25.57,1452.3,4.1851,3.8296,11.9307,2.9103,1.0
RPC_CC,1,0.9973,discharge,-29.797,10.0,9.0,25.57,1452.3,4.1851,3.7595,14.2833,2.9103,1.0
RPC_CC,1,0.9488,discharge,-29.843,2.0,2.0,25.91,300.0,4.1044,3.7785,10.9205,2.9103,1.0
RPC_CC,1,0.9488,discharge,-29.843,10.0,9.0,25.91,300.0,4.1044,3.7293,12.5691,2.9103,1.0
RPC_CC,1,0.9003,discharge,-29.806,2.0,2.0,26.02,300.0,4.0822,3.7646,10.6554,2.9103,1.0
RPC_CC,1,0.9003,discharge,-29.806,10.0,9.0,26.02,300.0,4.0822,3.7092,12.514,2.9103,1.0
RPC_CC,1,0.8033,discharge,-29.727,2.0,2.0,25.91,300.0,4.0315,3.7011,11.1145,2.9103,1.0
RPC_CC,1,0.8033,discharge,-29.727,10.0,9.0,25.91,300.0,4.0315,3.6247,13.6845,2.9103,1.0
RPC_CC,1,0.7062,discharge,-29.763,2.0,2.0,25.99,300.0,3.9243,3.6014,10.849,2.9103,1.0
RPC_CC,1,0.7062,discharge,-29.763,10.0,9.0,25.99,300.0,3.9243,3.5381,12.9758,2.9103,1.0
RPC_CC,1,0.6092,discharge,-29.745,2.0,2.0,25.98,300.0,3.8306,3.5218,10.3816,2.9103,1.0
RPC_CC,1,0.6092,discharge,-29.745,10.0,9.0,25.98,300.0,3.8306,3.4555,12.6105,2.9103,1.0
RPC_CC,1,0.5121,discharge,-29.707,2.0,2.0,25.85,300.0,3.7378,3.4259,10.499,2.9103,1.0
RPC_CC,1,0.5121,discharge,-29.707,10.0,9.0,25.85,300.0,3.7378,3.3499,13.0573,2.9103,1.0
RPC_CC,1,0.4151,discharge,-29.698,2.0,2.0,25.79,300.0,3.655,3.3444,10.4586,2.9103,1.0
RPC_CC,1,0.4151,discharge,-29.698,10.0,9.01,25.79,300.0,3.655,3.267,13.0649,2.9103,1.0
RPC_CC,1,0.3181,discharge,-29.671,2.0,2.0,25.85,300.0,3.5942,3.2815,10.5389,2.9103,1.0
RPC_CC,1,0.3181,discharge,-29.671,10.0,9.0,25.85,300.0,3.5942,3.1997,13.2958,2.9103,1.0
RPC_CC,1,0.221,discharge,-29.688,2.0,2.0,26.05,300.0,3.5104,3.1884,10.8463,2.9103,1.0
RPC_CC,1,0.221,discharge,-29.688,10.0,9.0,26.05,300.0,3.5104,3.1096,13.5006,2.9103,1.0
RPC_CC,1,0.1725,discharge,-29.579,2.0,2.0,26.15,300.0,3.4463,3.1253,10.8521,2.9103,1.0
RPC_CC,1,0.1725,discharge,-29.579,10.0,9.0,26.15,300.0,3.4463,3.0337,13.9488,2.9103,1.0
RPC_CC,1,0.1242,discharge,-28.696,2.0,2.0,26.2,300.0,3.4111,3.0605,12.2179,2.9103,1.0
RPC_CC,1,0.1242,discharge,-28.696,10.0,9.0,26.2,300.0,3.4111,2.8219,20.5328,2.9103,1.0
RPC_CC,1,0.076,discharge,-25.798,2.0,2.0,26.32,300.0,3.3545,2.9164,16.9819,2.9103,1.0
RPC_CC,1,0.0478,discharge,-14.619,2.0,2.0,26.3,300.0,3.1791,2.8411,23.1206,2.9103,1.0
RPC_CC,1,0.0337,discharge,-8.801,2.0,2.0,26.08,300.0,3.0171,2.7741,27.6118,2.9103,1.0
RPC_CC,1,0.9973,discharge,-29.798,2.0,2.0,25.56,1453.8,4.1851,3.8293,11.9404,2.9103,1.0
RPC_CC,1,0.9973,discharge,-29.798,10.0,9.0,25.56,1453.8,4.1851,3.7592,14.2929,2.9103,1.0
RPC_CC,1,0.9488,discharge,-29.843,2.0,2.0,25.9,300.0,4.1041,3.7783,10.9171,2.9103,1.0
RPC_CC,1,0.9488,discharge,-29.843,10.0,9.01,25.9,300.0,4.1041,3.7292,12.5624,2.9103,1.0
RPC_CC,1,0.9003,discharge,-29.808,2.0,2.0,26.02,300.0,4.0822,3.7646,10.6549,2.9103,1.0
RPC_CC,1,0.9003,discharge,-29.808,10.0,9.0,26.02,300.0,4.0822,3.7089,12.5235,2.9103,1.0
RPC_CC,1,0.8032,discharge,-29.727,2.0,2.0,25.93,300.0,4.0313,3.7009,11.1145,2.9103,1.0
RPC_CC,1,0.8032,discharge,-29.727,10.0,9.0,25.93,300.0,4.0313,3.6244,13.6879,2.9103,1.0
RPC_CC,1,0.7062,discharge,-29.764,2.0,2.0,25.96,300.0,3.9244,3.6012,10.8586,2.9103,1.0
RPC_CC,1,0.7062,discharge,-29.764,10.0,9.0,25.96,300.0,3.9244,3.538,12.9819,2.9103,1.0
RPC_CC,1,0.6092,discharge,-29.745,2.0,2.0,25.97,300.0,3.8308,3.5218,10.3885,2.9103,1.0
RPC_CC,1,0.6092,discharge,-29.745,10.0,9.01,25.97,300.0,3.8308,3.4553,12.6242,2.9103,1.0
RPC_CC,1,0.5121,discharge,-29.708,2.0,2.0,25.85,300.0,3.7378,3.4258,10.5022,2.9103,1.0
RPC_CC,1,0.5121,discharge,-29.708,10.0,9.0,25.85,300.0,3.7378,3.3497,13.0638,2.9103,1.0
RPC_CC,1,0.4151,discharge,-29.699,2.0,2.0,25.78,300.0,3.6548,3.3444,10.4515,2.9103,1.0
RPC_CC,1,0.4151,discharge,-29.699,10.0,9.0,25.78,300.0,3.6548,3.2668,13.0644,2.9103,1.0
RPC_CC,1,0.3181,discharge,-29.672,2.0,2.0,25.86,300.0,3.594,3.2815,10.5318,2.9103,1.0
RPC_CC,1,0.3181,discharge,-29.672,10.0,9.0,25.86,300.0,3.594,3.1994,13.2987,2.9103,1.0
RPC_CC,1,0.221,discharge,-29.691,2.0,2.0,26.03,300.0,3.5104,3.1883,10.8482,2.9103,1.0
RPC_CC,1,0.221,discharge,-29.691,10.0,9.0,26.03,300.0,3.5104,3.1091,13.5157,2.9103,1.0
RPC_CC,1,0.1725,discharge,-29.585,2.0,2.0,26.15,300.0,3.4462,3.1248,10.8634,2.9103,1.0
RPC_CC,1,0.1725,discharge,-29.585,10.0,9.0,26.15,300.0,3.4462,3.0328,13.9731,2.9103,1.0
RPC_CC,1,0.1242,discharge,-28.716,2.0,2.0,26.18,300.0,3.411,3.0597,12.2336,2.9103,1.0
RPC_CC,1,0.1242,discharge,-28.716,10.0,9.0,26.18,300.0,3.411,2.8175,20.6679,2.9103,1.0
RPC_CC,1,0.0761,discharge,-24.41,2.0,2.0,26.34,300.1,3.3539,2.9405,16.9357,2.9103,1.0
RPC_CC,1,0.0479,discharge,-13.794,2.0,2.0,26.3,300.0,3.1778,2.8651,22.6693,2.9103,1.0
RPC_CC,1,0.0338,discharge,-8.069,2.0,2.0,26.1,300.0,3.015,2.7961,27.13,2.9103,1.0
RPC_CC,1,0.9973,discharge,-29.8,2.0,2.0,25.56,1454.7,4.1851,3.8289,11.9528,2.9103,1.0
RPC_CC,1,0.9973,discharge,-29.8,10.0,9.0,25.56,1454.7,4.1851,3.7591,14.2951,2.9103,1.0
RPC_CC,1,0.9488,discharge,-29.843,2.0,2.0,25.93,300.0,4.1042,3.7781,10.9272,2.9103,1.0
RPC_CC,1,0.9488,discharge,-29.843,10.0,9.0,25.93,300.0,4.1042,3.7289,12.5758,2.9103,1.0
RPC_CC,1,0.9003,discharge,-29.809,2.0,1.0,26.01,300.0,4.0821,3.7767,10.2452,2.9103,1.0
RPC_CC,1,0.9003,discharge,-29.809,10.0,9.0,26.01,300.0,4.0821,3.7087,12.5264,2.9103,1.0
RPC_CC,1,0.8033,discharge,-29.728,2.0,2.0,25.91,300.0,4.0312,3.7008,11.1139,2.9103,1.0
RPC_CC,1,0.8033,discharge,-29.728,10.0,9.0,25.91,300.0,4.0312,3.6243,13.6872,2.9103,1.0
RPC_CC,1,0.7062,discharge,-29.765,2.0,2.0,25.99,300.0,3.9242,3.6012,10.8515,2.9103,1.0
RPC_CC,1,0.7062,discharge,-29.765,10.0,9.0,25.99,300.0,3.9242,3.5379,12.9781,2.9103,1.0
RPC_CC,1,0.6092,discharge,-29.745,2.0,2.0,25.99,300.0,3.8305,3.5215,10.3881,2.9103,1.0
RPC_CC,1,0.6092,discharge,-29.745,10.0,9.0,25.99,300.0,3.8305,3.4551,12.6204,2.9103,1.0
RPC_CC,1,0.5121,discharge,-29.71,2.0,1.0,25.84,300.0,3.7377,3.4427,9.9293,2.9103,1.0
RPC_CC,1,0.5121,discharge,-29.71,10.0,9.0,25.84,300.0,3.7377,3.3495,13.0663,2.9103,1.0
RPC_CC,1,0.4151,discharge,-29.7,2.0,2.0,25.78,300.0,3.6546,3.3441,10.4544,2.9103,1.0
RPC_CC,1,0.4151,discharge,-29.7,10.0,9.01,25.78,300.0,3.6546,3.2667,13.0604,2.9103,1.0
RPC_CC,1,0.3181,discharge,-29.674,2.0,2.0,25.88,300.0,3.5939,3.2814,10.5311,2.9103,1.0
RPC_CC,1,0.3181,discharge,-29.674,10.0,9.0,25.88,300.0,3.5939,3.1991,13.3046,2.9103,1.0
RPC_CC,1,0.221,discharge,-29.696,2.0,2.0,26.03,300.0,3.5101,3.1879,10.8499,2.9103,1.0
RPC_CC,1,0.221,discharge,-29.696,10.0,9.0,26.03,300.0,3.5101,3.1084,13.5271,2.9103,1.0
RPC_CC,1,0.1725,discharge,-29.593,2.0,2.0,26.15,300.0,3.4458,3.1244,10.8607,2.9103,1.0
RPC_CC,1,0.1725,discharge,-29.593,10.0,9.0,26.15,300.0,3.4458,3.0315,13.9999,2.9103,1.0
RPC_CC,1,0.1242,discharge,-28.739,2.0,2.0,26.2,300.0,3.4108,3.0586,12.2549,2.9103,1.0
RPC_CC,1,0.1242,discharge,-28.739,10.0,9.0,26.2,300.0,3.4108,2.8124,20.8215,2.9103,1.0
RPC_CC,1,0.0762,discharge,-23.495,2.0,2.0,26.33,300.0,3.3531,2.9616,16.6631,2.9103,1.0
RPC_CC,1,0.0479,discharge,-13.026,2.0,2.0,26.31,300.0,3.1761,2.8857,22.2947,2.9103,1.0
RPC_CC,1,0.0338,discharge,-7.391,2.0,2.0,26.08,300.0,3.012,2.8141,26.7758,2.9103,1.0
RPC_CC,1,0.9973,discharge,-29.803,2.0,2.0,25.57,1454.7,4.1849,3.8286,11.955,2.9103,1.0
RPC_CC,1,0.9973,discharge,-29.803,10.0,9.0,25.57,1454.7,4.1849,3.7589,14.2936,2.9103,1.0
RPC_CC,1,0.9488,discharge,-29.846,2.0,2.0,25.93,300.0,4.1041,3.7779,10.9294,2.9103,1.0
RPC_CC,1,0.9488,discharge,-29.846,10.0,9.0,25.93,300.0,4.1041,3.7289,12.5712,2.9103,1.0
RPC_CC,1,0.9003,discharge,-29.809,2.0,2.0,26.03,300.0,4.0822,3.7643,10.6644,2.9103,1.0
RPC_CC,1,0.9003,discharge,-29.809,10.0,9.0,26.03,300.0,4.0822,3.7086,12.5329,2.9103,1.0
RPC_CC,1,0.8033,discharge,-29.73,2.0,2.0,25.93,300.0,4.0311,3.7005,11.1199,2.9103,1.0
RPC_CC,1,0.8033,discharge,-29.73,10.0,9.0,25.93,300.0,4.0311,3.6241,13.6896,2.9103,1.0
RPC_CC,1,0.7062,discharge,-29.767,2.0,2.0,25.98,300.0,3.9241,3.601,10.8541,2.9103,1.0
RPC_CC,1,0.7062,discharge,-29.767,10.0,9.0,25.98,300.0,3.9241,3.5378,12.9772,2.9103,1.0
RPC_CC,1,0.6092,discharge,-29.747,2.0,2.0,25.99,300.0,3.8306,3.5214,10.3943,2.9103,1.0
RPC_CC,1,0.6092,discharge,-29.747,10.0,9.01,25.99,300.0,3.8306,3.4549,12.6298,2.9103,1.0
RPC_CC,1,0.5121,discharge,-29.712,2.0,1.0,25.85,300.0,3.7375,3.4426,9.9253,2.9103,1.0
RPC_CC,1,0.5121,discharge,-29.712,10.0,9.01,25.85,300.0,3.7375,3.3494,13.0621,2.9103,1.0
RPC_CC,1,0.4151,discharge,-29.703,2.0,2.0,25.8,300.0,3.6546,3.344,10.4567,2.9103,1.0
RPC_CC,1,0.4151,discharge,-29.703,10.0,9.0,25.8,300.0,3.6546,3.2664,13.0692,2.9103,1.0
RPC_CC,1,0.3181,discharge,-29.677,2.0,2.0,25.88,300.0,3.5938,3.2811,10.5368,2.9103,1.0
RPC_CC,1,0.3181,discharge,-29.677,10.0,9.0,25.88,300.0,3.5938,3.1987,13.3133,2.9103,1.0
RPC_CC,1,0.221,discharge,-29.701,2.0,1.0,26.03,300.0,3.5096,3.2057,10.232,2.9103,1.0
RPC_CC,1,0.221,discharge,-29.701,10.0,9.01,26.03,300.0,3.5096,3.1081,13.5181,2.9103,1.0
RPC_CC,1,0.1725,discharge,-29.603,2.0,2.0,26.16,300.0,3.4456,3.1237,10.8739,2.9103,1.0
RPC_CC,1,0.1725,discharge,-29.603,10.0,9.01,26.16,300.0,3.4456,3.0301,14.0357,2.9103,1.0
RPC_CC,1,0.1242,discharge,-28.634,2.0,2.0,26.18,300.0,3.4107,3.0589,12.2863,2.9103,1.0
RPC_CC,1,0.1242,discharge,-28.634,10.0,9.0,26.18,300.0,3.4107,2.811,20.944,2.9103,1.0
RPC_CC,1,0.0763,discharge,-22.275,2.0,2.0,26.32,300.0,3.3522,2.9807,16.6779,2.9103,1.0
RPC_CC,1,0.048,discharge,-12.136,2.0,2.0,26.32,300.0,3.1739,2.904,22.2405,2.9103,1.0
RPC_CC,1,0.0339,discharge,-6.773,2.0,2.0,26.08,300.0,3.0084,2.8289,26.5033,2.9103,1.0
RPC_CC,1,0.0339,discharge,-6.773,10.0,9.0,26.08,300.0,3.0084,2.528,70.9313,2.9103,1.0
RPC_CC,1,0.9973,discharge,-29.805,2.0,2.0,25.57,1456.4,4.185,3.8283,11.9678,2.9103,1.0
RPC_CC,1,0.9973,discharge,-29.805,10.0,9.01,25.57,1456.4,4.185,3.7586,14.3063,2.9103,1.0
RPC_CC,1,0.9488,discharge,-29.847,2.0,2.0,25.92,300.0,4.1042,3.7777,10.9391,2.9103,1.0
RPC_CC,1,0.9488,discharge,-29.847,10.0,9.0,25.92,300.0,4.1042,3.7286,12.5842,2.9103,1.0
RPC_CC,1,0.9003,discharge,-29.812,2.0,2.0,26.01,300.0,4.0822,3.7642,10.667,2.9103,1.0
RPC_CC,1,0.9003,discharge,-29.812,10.0,9.0,26.01,300.0,4.0822,3.7086,12.5321,2.9103,1.0
RPC_CC,1,0.8033,discharge,-29.732,2.0,2.0,25.91,300.0,4.031,3.7004,11.1193,2.9103,1.0
RPC_CC,1,0.8033,discharge,-29.732,10.0,9.0,25.91,300.0,4.031,3.6239,13.6923,2.9103,1.0
RPC_CC,1,0.7062,discharge,-29.768,2.0,2.0,25.97,300.0,3.9241,3.6009,10.8573,2.9103,1.0
RPC_CC,1,0.7062,discharge,-29.768,10.0,9.0,25.97,300.0,3.9241,3.5376,12.9837,2.9103,1.0
RPC_CC,1,0.6092,discharge,-29.748,2.0,2.0,25.99,300.0,3.8305,3.5214,10.3906,2.9103,1.0
RPC_CC,1,0.6092,discharge,-29.748,10.0,9.0,25.99,300.0,3.8305,3.4549,12.6261,2.9103,1.0
RPC_CC,1,0.5121,discharge,-29.713,2.0,2.0,25.83,300.0,3.7373,3.4251,10.5072,2.9103,1.0
RPC_CC,1,0.5121,discharge,-29.713,10.0,9.0,25.83,300.0,3.7373,3.3492,13.0616,2.9103,1.0
RPC_CC,1,0.4151,discharge,-29.704,2.0,2.0,25.78,300.0,3.6545,3.3439,10.4565,2.9103,1.0
RPC_CC,1,0.4151,discharge,-29.704,10.0,9.0,25.78,300.0,3.6545,3.2661,13.0757,2.9103,1.0
RPC_CC,1,0.3181,discharge,-29.678,2.0,2.0,25.87,300.0,3.5936,3.281,10.5331,2.9103,1.0
RPC_CC,1,0.3181,discharge,-29.678,10.0,9.0,25.87,300.0,3.5936,3.1985,13.3129,2.9103,1.0
RPC_CC,1,0.221,discharge,-29.704,2.0,2.0,26.05,300.0,3.5094,3.1872,10.8468,2.9103,1.0
RPC_CC,1,0.221,discharge,-29.704,10.0,9.0,26.05,300.0,3.5094,3.1075,13.5299,2.9103,1.0
RPC_CC,1,0.1725,discharge,-29.611,2.0,2.0,26.16,300.0,3.4455,3.1233,10.8813,2.9103,1.0
RPC_CC,1,0.1725,discharge,-29.611,10.0,9.0,26.16,300.0,3.4455,3.0292,14.0592,2.9103,1.0
RPC_CC,1,0.1242,discharge,-28.654,2.0,2.0,26.2,300.0,3.4105,3.058,12.3022,2.9103,1.0
RPC_CC,1,0.1242,discharge,-28.654,10.0,9.0,26.2,300.0,3.4105,2.8065,21.0794,2.9103,1.0
RPC_CC,1,0.0763,discharge,-21.443,2.0,2.0,26.32,300.0,3.3519,2.9999,16.416,2.9103,1.0
RPC_CC,1,0.0481,discharge,-11.421,2.0,2.0,26.31,300.0,3.1731,2.9227,21.9245,2.9103,1.0
RPC_CC,1,0.0481,discharge,-11.421,10.0,8.8,26.31,300.0,3.1731,2.4996,58.9703,2.9103,1.0
RPC_CC,1,0.0339,discharge,-6.785,2.0,1.0,26.09,300.0,3.0069,2.8564,22.1821,2.9103,1.0
RPC_CC,1,0.0339,discharge,-6.785,10.0,9.0,26.09,300.0,3.0069,2.5175,72.1324,2.9103,1.0
RPC_CC,1,0.9973,discharge,-29.808,2.0,2.0,25.58,1457.4,4.185,3.8279,11.98,2.9103,1.0
RPC_CC,1,0.9973,discharge,-29.808,10.0,9.01,25.58,1457.4,4.185,3.7582,14.3183,2.9103,1.0
RPC_CC,1,0.9488,discharge,-29.848,2.0,2.0,25.93,300.0,4.104,3.7777,10.9322,2.9103,1.0
RPC_CC,1,0.9488,discharge,-29.848,10.0,9.0,25.93,300.0,4.104,3.7285,12.5806,2.9103,1.0
RPC_CC,1,0.9003,discharge,-29.812,2.0,2.0,26.03,300.0,4.082,3.7641,10.6635,2.9103,1.0
RPC_CC,1,0.9003,discharge,-29.812,10.0,9.0,26.03,300.0,4.082,3.7082,12.5386,2.9103,1.0
RPC_CC,1,0.8033,discharge,-29.735,2.0,2.0,25.92,300.0,4.0309,3.7001,11.1249,2.9103,1.0
RPC_CC,1,0.8033,discharge,-29.735,10.0,9.0,25.92,300.0,4.0309,3.6237,13.6943,2.9103,1.0
RPC_CC,1,0.7062,discharge,-29.768,2.0,2.0,25.97,300.0,3.9238,3.6008,10.8504,2.9103,1.0
RPC_CC,1,0.7062,discharge,-29.768,10.0,9.0,25.97,300.0,3.9238,3.5374,12.9802,2.9103,1.0
RPC_CC,1,0.6092,discharge,-29.749,2.0,2.0,26.01,300.0,3.8303,3.5213,10.3867,2.9103,1.0
RPC_CC,1,0.6092,discharge,-29.749,10.0,9.0,26.01,300.0,3.8303,3.4548,12.6221,2.9103,1.0
RPC_CC,1,0.5121,discharge,-29.715,2.0,2.0,25.84,300.0,3.7373,3.4251,10.5065,2.9103,1.0
RPC_CC,1,0.5121,discharge,-29.715,10.0,9.0,25.84,300.0,3.7373,3.349,13.0675,2.9103,1.0
RPC_CC,1,0.4151,discharge,-29.704,2.0,2.0,25.8,300.0,3.6543,3.3435,10.4631,2.9103,1.0
RPC_CC,1,0.4151,discharge,-29.704,10.0,9.0,25.8,300.0,3.6543,3.2659,13.0755,2.9103,1.0
RPC_CC,1,0.3181,discharge,-29.681,2.0,2.0,25.85,300.0,3.5936,3.2807,10.5419,2.9103,1.0
RPC_CC,1,0.3181,discharge,-29.681,10.0,9.0,25.85,300.0,3.5936,3.1983,13.3181,2.9103,1.0
RPC_CC,1,0.221,discharge,-29.709,2.0,1.0,26.02,300.0,3.5092,3.2049,10.2425,2.9103,1.0
RPC_CC,1,0.221,discharge,-29.709,10.0,9.01,26.02,300.0,3.5092,3.107,13.5378,2.9103,1.0
RPC_CC,1,0.1725,discharge,-29.618,2.0,2.0,26.12,300.0,3.4453,3.1227,10.892,2.9103,1.0
RPC_CC,1,0.1725,discharge,-29.618,10.0,9.0,26.12,300.0,3.4453,3.0278,14.0962,2.9103,1.0
RPC_CC,1,0.1242,discharge,-28.68,2.0,2.0,26.21,300.0,3.4102,3.0568,12.3224,2.9103,1.0
RPC_CC,1,0.1242,discharge,-28.68,10.0,9.0,26.21,300.0,3.4102,2.8005,21.2591,2.9103,1.0
RPC_CC,1,0.0764,discharge,-20.343,2.0,2.0,26.33,300.0,3.351,3.0165,16.4426,2.9103,1.0
RPC_CC,1,0.0481,discharge,-10.759,2.0,2.0,26.31,300.0,3.171,2.9377,21.6832,2.9103,1.0
RPC_CC,1,0.0481,discharge,-10.759,10.0,9.0,26.31,300.0,3.171,2.5601,56.7777,2.9103,1.0
RPC_CC,1,0.0339,discharge,-6.759,2.0,2.0,26.09,300.0,3.0032,2.8197,27.149,2.9103,1.0
RPC_CC,1,0.0339,discharge,-6.759,10.0,8.93,26.09,300.0,3.0032,2.4997,74.4933,2.9103,1.0
RPC_CC,1,0.9973,discharge,-29.81,2.0,2.0,25.55,1458.4,4.1849,3.8275,11.9891,2.9103,1.0
RPC_CC,1,0.9973,discharge,-29.81,10.0,9.0,25.55,1458.4,4.1849,3.758,14.3205,2.9103,1.0
RPC_CC,1,0.9488,discharge,-29.851,2.0,2.0,25.9,300.0,4.104,3.7774,10.9412,2.9103,1.0
RPC_CC,1,0.9488,discharge,-29.851,10.0,9.0,25.9,300.0,4.104,3.7283,12.5861,2.9103,1.0
RPC_CC,1,0.9003,discharge,-29.815,2.0,2.0,26.03,300.0,4.0821,3.764,10.6693,2.9103,1.0
RPC_CC,1,0.9003,discharge,-29.815,10.0,9.0,26.03,300.0,4.0821,3.7079,12.5509,2.9103,1.0
RPC_CC,1,0.8033,discharge,-29.736,2.0,2.0,25.9,300.0,4.0307,3.6999,11.1244,2.9103,1.0
RPC_CC,1,0.8033,discharge,-29.736,10.0,9.0,25.9,300.0,4.0307,3.6233,13.7003,2.9103,1.0
RPC_CC,1,0.7062,discharge,-29.77,2.0,2.0,25.95,300.0,3.9239,3.6007,10.8566,2.9103,1.0
RPC_CC,1,0.7062,discharge,-29.77,10.0,9.01,25.95,300.0,3.9239,3.5373,12.9862,2.9103,1.0
RPC_CC,1,0.6092,discharge,-29.753,2.0,2.0,25.96,300.0,3.8302,3.5211,10.389,2.9103,1.0
RPC_CC,1,0.6092,discharge,-29.753,10.0,9.0,25.96,300.0,3.8302,3.4545,12.6275,2.9103,1.0
RPC_CC,1,0.5121,discharge,-29.718,2.0,2.0,25.83,300.0,3.7369,3.425,10.4955,2.9103,1.0
RPC_CC,1,0.5121,discharge,-29.718,10.0,9.0,25.83,300.0,3.7369,3.3487,13.063,2.9103,1.0
RPC_CC,1,0.4151,discharge,-29.707,2.0,1.0,25.79,300.0,3.6541,3.3605,9.883,2.9103,1.0
RPC_CC,1,0.4151,discharge,-29.707,10.0,9.0,25.79,300.0,3.6541,3.2658,13.0708,2.9103,1.0
RPC_CC,1,0.3181,discharge,-29.684,2.0,2.0,25.88,300.1,3.5933,3.2806,10.5341,2.9103,1.0
RPC_CC,1,0.3181,discharge,-29.684,10.0,9.0,25.88,300.1,3.5933,3.1979,13.3201,2.9103,1.0
RPC_CC,1,0.221,discharge,-29.715,2.0,2.0,26.02,300.0,3.5089,3.1861,10.8634,2.9103,1.0
RPC_CC,1,0.221,discharge,-29.715,10.0,9.0,26.02,300.0,3.5089,3.1064,13.5456,2.9103,1.0
RPC_CC,1,0.1725,discharge,-29.624,2.0,2.0,26.14,300.0,3.4451,3.1223,10.8964,2.9103,1.0
RPC_CC,1,0.1725,discharge,-29.624,10.0,9.0,26.14,300.0,3.4451,3.0267,14.1234,2.9103,1.0
RPC_CC,1,0.1242,discharge,-28.557,2.0,2.0,26.19,300.0,3.4102,3.0576,12.3472,2.9103,1.0
RPC_CC,1,0.1242,discharge,-28.557,10.0,9.0,26.19,300.0,3.4102,2.8008,21.3398,2.9103,1.0
RPC_CC,1,0.0765,discharge,-19.529,2.0,2.0,26.33,300.0,3.3504,3.0328,16.263,2.9103,1.0
RPC_CC,1,0.0765,discharge,-19.529,10.0,8.57,26.33,300.0,3.3504,2.4996,43.566,2.9103,1.0
RPC_CC,1,0.0481,discharge,-10.779,2.0,2.0,26.33,300.0,3.1701,2.9351,21.8017,2.9103,1.0
RPC_CC,1,0.0481,discharge,-10.779,10.0,9.01,26.33,300.0,3.1701,2.5504,57.4914,2.9103,1.0
RPC_CC,1,0.0339,discharge,-6.174,2.0,2.0,26.08,300.0,3.0018,2.8363,26.8068,2.9103,1.0
RPC_CC,1,0.0339,discharge,-6.174,10.0,9.0,26.08,300.0,3.0018,2.5803,68.2724,2.9103,1.0
RPC_CC,1,0.9973,discharge,-29.812,2.0,2.0,25.57,1459.8,4.1849,3.8273,11.995,2.9103,1.0
RPC_CC,1,0.9973,discharge,-29.812,10.0,9.0,25.57,1459.8,4.1849,3.7577,14.3296,2.9103,1.0
RPC_CC,1,0.9488,discharge,-29.851,2.0,2.0,25.92,300.0,4.1039,3.7773,10.9412,2.9103,1.0
RPC_CC,1,0.9488,discharge,-29.851,10.0,9.0,25.92,300.0,4.1039,3.7281,12.5894,2.9103,1.0
RPC_CC,1,0.9003,discharge,-29.816,2.0,2.0,26.02,300.0,4.0822,3.7638,10.6788,2.9103,1.0
RPC_CC,1,0.9003,discharge,-29.816,10.0,9.0,26.02,300.0,4.0822,3.7078,12.557,2.9103,1.0
RPC_CC,1,0.8032,discharge,-29.737,2.0,2.0,25.92,300.0,4.0306,3.6997,11.1276,2.9103,1.0
RPC_CC,1,0.8032,discharge,-29.737,10.0,9.0,25.92,300.0,4.0306,3.6231,13.7035,2.9103,1.0
RPC_CC,1,0.7062,discharge,-29.77,2.0,1.0,25.95,300.0,3.9237,3.615,10.3693,2.9103,1.0
RPC_CC,1,0.7062,discharge,-29.77,10.0,9.0,25.95,300.0,3.9237,3.5372,12.9827,2.9103,1.0
RPC_CC,1,0.6092,discharge,-29.753,2.0,2.0,25.98,300.0,3.8302,3.5209,10.3958,2.9103,1.0
RPC_CC,1,0.6092,discharge,-29.753,10.0,9.0,25.98,300.0,3.8302,3.4544,12.6309,2.9103,1.0
RPC_CC,1,0.5121,discharge,-29.719,2.0,2.0,25.84,300.0,3.7369,3.4246,10.5084,2.9103,1.0
RPC_CC,1,0.5121,discharge,-29.719,10.0,9.0,25.84,300.0,3.7369,3.3487,13.0624,2.9103,1.0
RPC_CC,1,0.4151,discharge,-29.709,2.0,2.0,25.8,300.0,3.6541,3.3434,10.4581,2.9103,1.0
RPC_CC,1,0.4151,discharge,-29.709,10.0,9.0,25.8,300.0,3.6541,3.2657,13.0735,2.9103,1.0
RPC_CC,1,0.3181,discharge,-29.684,2.0,2.0,25.86,300.0,3.5932,3.2804,10.5375,2.9103,1.0
RPC_CC,1,0.3181,discharge,-29.684,10.0,9.0,25.86,300.0,3.5932,3.1977,13.3235,2.9103,1.0
RPC_CC,1,0.221,discharge,-29.718,2.0,2.0,26.03,300.0,3.5086,3.1859,10.8586,2.9103,1.0
RPC_CC,1,0.221,discharge,-29.718,10.0,9.0,26.03,300.0,3.5086,3.1059,13.5505,2.9103,1.0
RPC_CC,1,0.1725,discharge,-29.633,2.0,2.0,26.13,300.0,3.4448,3.1216,10.9068,2.9103,1.0
RPC_CC,1,0.1725,discharge,-29.633,10.0,9.0,26.13,300.0,3.4448,3.0255,14.1498,2.9103,1.0
RPC_CC,1,0.1242,discharge,-28.583,2.0,2.0,26.2,300.0,3.4101,3.0563,12.378,2.9103,1.0
RPC_CC,1,0.1242,discharge,-28.583,10.0,9.0,26.2,300.0,3.4101,2.795,21.5198,2.9103,1.0
RPC_CC,1,0.0766,discharge,-18.761,2.0,2.0,26.35,300.0,3.3498,3.0476,16.1083,2.9103,1.0
RPC_CC,1,0.0766,discharge,-18.761,10.0,9.0,26.35,300.0,3.3498,2.5302,43.6875,2.9103,1.0
RPC_CC,1,0.0481,discharge,-10.811,2.0,2.0,26.3,300.0,3.168,2.9304,21.9776,2.9103,1.0
RPC_CC,1,0.0481,discharge,-10.811,10.0,9.0,26.3,300.0,3.168,2.5357,58.4867,2.9103,1.0
RPC_CC,1,0.0339,discharge,-6.193,2.0,1.0,26.09,300.0,2.9981,2.8584,22.5566,2.9103,1.0
RPC_CC,1,0.0339,discharge,-6.193,10.0,9.0,26.09,300.0,2.9981,2.5623,70.3664,2.9103,1.0
RPC_CC,1,0.9973,discharge,-29.812,2.0,2.0,25.56,1459.8,4.1847,3.8269,12.0017,2.9103,1.0
RPC_CC,1,0.9973,discharge,-29.812,10.0,9.0,25.56,1459.8,4.1847,3.7575,14.3296,2.9103,1.0
RPC_CC,1,0.9488,discharge,-29.853,2.0,2.0,25.91,300.0,4.1038,3.7769,10.9503,2.9103,1.0
RPC_CC,1,0.9488,discharge,-29.853,10.0,9.0,25.91,300.0,4.1038,3.7279,12.5917,2.9103,1.0
RPC_CC,1,0.9003,discharge,-29.817,2.0,2.0,26.03,300.0,4.0821,3.7636,10.6818,2.9103,1.0
RPC_CC,1,0.9003,discharge,-29.817,10.0,9.0,26.03,300.0,4.0821,3.7075,12.5633,2.9103,1.0
RPC_CC,1,0.8033,discharge,-29.74,2.0,2.0,25.94,300.0,4.0305,3.6994,11.133,2.9103,1.0
RPC_CC,1,0.8033,discharge,-29.74,10.0,9.0,25.94,300.0,4.0305,3.6228,13.7086,2.9103,1.0
RPC_CC,1,0.7062,discharge,-29.773,2.0,2.0,25.94,300.0,3.9236,3.6004,10.8557,2.9103,1.0
RPC_CC,1,0.7062,discharge,-29.773,10.0,9.0,25.94,300.0,3.9236,3.5369,12.9885,2.9103,1.0
RPC_CC,1,0.6092,discharge,-29.754,2.0,2.0,25.99,300.0,3.83,3.5209,10.3885,2.9103,1.0
RPC_CC,1,0.6092,discharge,-29.754,10.0,9.0,25.99,300.0,3.83,3.4541,12.6336,2.9103,1.0
RPC_CC,1,0.5121,discharge,-29.722,2.0,2.0,25.84,300.0,3.7365,3.4244,10.5006,2.9103,1.0
RPC_CC,1,0.5121,discharge,-29.722,10.0,9.0,25.84,300.0,3.7365,3.3482,13.0644,2.9103,1.0
RPC_CC,1,0.4151,discharge,-29.711,2.0,2.0,25.8,300.0,3.6539,3.3431,10.4608,2.9103,1.0
RPC_CC,1,0.4151,discharge,-29.711,10.0,9.0,25.8,300.0,3.6539,3.2654,13.076,2.9103,1.0
RPC_CC,1,0.3181,discharge,-29.689,2.0,1.0,25.86,300.0,3.593,3.2976,9.95,2.9103,1.0
RPC_CC,1,0.3181,discharge,-29.689,10.0,9.0,25.86,300.0,3.593,3.1973,13.3284,2.9103,1.0
RPC_CC,1,0.221,discharge,-29.723,2.0,2.0,26.03,300.0,3.5082,3.1854,10.8605,2.9103,1.0
RPC_CC,1,0.221,discharge,-29.723,10.0,9.0,26.03,300.0,3.5082,3.1052,13.5588,2.9103,1.0
RPC_CC,1,0.1725,discharge,-29.546,2.0,2.0,26.13,300.0,3.4444,3.1222,10.905,2.9103,1.0
RPC_CC,1,0.1725,discharge,-29.546,10.0,9.0,26.13,300.0,3.4444,3.0257,14.1711,2.9103,1.0
RPC_CC,1,0.1242,discharge,-28.611,2.0,2.0,26.19,300.0,3.4096,3.055,12.3941,2.9103,1.0
RPC_CC,1,0.1242,discharge,-28.611,10.0,9.0,26.19,300.0,3.4096,2.7886,21.7053,2.9103,1.0
RPC_CC,1,0.0766,discharge,-18.809,2.0,2.0,26.33,300.0,3.3488,3.0445,16.178,2.9103,1.0
RPC_CC,1,0.0766,discharge,-18.809,10.0,9.0,26.33,300.0,3.3488,2.5134,44.4137,2.9103,1.0
RPC_CC,1,0.0481,discharge,-10.841,2.0,2.0,26.34,300.0,3.166,2.9262,22.1208,2.9103,1.0
RPC_CC,1,0.0481,discharge,-10.841,10.0,9.0,26.34,300.0,3.166,2.5215,59.453,2.9103,1.0
RPC_CC,1,0.0339,discharge,-6.212,2.0,2.0,26.1,300.0,2.9945,2.8253,27.2383,2.9103,1.0
RPC_CC,1,0.0339,discharge,-6.212,10.0,9.0,26.1,300.0,2.9945,2.5442,72.4905,2.9103,1.0
RPC_CC,1,0.9973,discharge,-29.817,2.0,2.0,25.57,1462.0,4.1847,3.8265,12.0133,2.9103,1.0
RPC_CC,1,0.9973,discharge,-29.817,10.0,9.0,25.57,1462.0,4.1847,3.7572,14.3375,2.9103,1.0
RPC_CC,1,0.9488,discharge,-29.855,2.0,1.0,25.91,300.0,4.1039,3.7901,10.5108,2.9103,1.0
RPC_CC,1,0.9488,discharge,-29.855,10.0,9.0,25.91,300.0,4.1039,3.7278,12.5976,2.9103,1.0
RPC_CC,1,0.9003,discharge,-29.819,2.0,2.0,26.0,300.0,4.082,3.7635,10.6809,2.9103,1.0
RPC_CC,1,0.9003,discharge,-29.819,10.0,9.0,26.0,300.0,4.082,3.7073,12.5656,2.9103,1.0
RPC_CC,1,0.8032,discharge,-29.741,2.0,2.0,25.91,300.0,4.0304,3.6992,11.1361,2.9103,1.0
RPC_CC,1,0.8032,discharge,-29.741,10.0,9.0,25.91,300.0,4.0304,3.6226,13.7117,2.9103,1.0
RPC_CC,1,0.7062,discharge,-29.773,2.0,2.0,25.94,300.0,3.9238,3.6001,10.8721,2.9103,1.0
RPC_CC,1,0.7062,discharge,-29.773,10.0,9.0,25.94,300.0,3.9238,3.5369,12.9948,2.9103,1.0
RPC_CC,1,0.6092,discharge,-29.757,2.0,2.0,25.97,300.0,3.8298,3.5206,10.3908,2.9103,1.0
RPC_CC,1,0.6092,discharge,-29.757,10.0,9.0,25.97,300.0,3.8298,3.454,12.629,2.9103,1.0
RPC_CC,1,0.5121,discharge,-29.723,2.0,2.0,25.83,300.0,3.7365,3.4243,10.5037,2.9103,1.0
RPC_CC,1,0.5121,discharge,-29.723,10.0,9.0,25.83,300.0,3.7365,3.348,13.0707,2.9103,1.0
RPC_CC,1,0.4151,discharge,-29.712,2.0,2.0,25.78,300.0,3.6536,3.343,10.4539,2.9103,1.0
RPC_CC,1,0.4151,discharge,-29.712,10.0,9.0,25.78,300.0,3.6536,3.2651,13.0757,2.9103,1.0
RPC_CC,1,0.3181,discharge,-29.691,2.0,2.0,25.87,300.0,3.5929,3.2798,10.5455,2.9103,1.0
RPC_CC,1,0.3181,discharge,-29.691,10.0,9.0,25.87,300.0,3.5929,3.1969,13.3376,2.9103,1.0
RPC_CC,1,0.221,discharge,-29.728,2.0,2.0,26.04,300.0,3.5081,3.1848,10.8753,2.9103,1.0
RPC_CC,1,0.221,discharge,-29.728,10.0,9.0,26.04,300.0,3.5081,3.1047,13.5697,2.9103,1.0
RPC_CC,1,0.1725,discharge,-29.556,2.0,2.0,26.12,300.0,3.4442,3.1216,10.9151,2.9103,1.0
RPC_CC,1,0.1725,discharge,-29.556,10.0,9.0,26.12,300.0,3.4442,3.0243,14.2072,2.9103,1.0
RPC_CC,1,0.1242,discharge,-28.486,2.0,1.0,26.19,300.0,3.4094,3.0875,11.3001,2.9103,1.0
RPC_CC,1,0.1242,discharge,-28.486,10.0,9.0,26.19,300.0,3.4094,2.7883,21.8033,2.9103,1.0
RPC_CC,1,0.0766,discharge,-18.624,2.0,2.0,26.32,300.0,3.3479,3.0414,16.4573,2.9103,1.0
RPC_CC,1,0.0766,discharge,-18.624,10.0,8.99,26.32,300.0,3.3479,2.4996,45.5488,2.9103,1.0
RPC_CC,1,0.0481,discharge,-10.87,2.0,2.0,26.33,300.0,3.1644,2.9223,22.2733,2.9103,1.0
RPC_CC,1,0.0481,discharge,-10.87,10.0,9.0,26.33,300.0,3.1644,2.508,60.3892,2.9103,1.0
RPC_CC,1,0.0339,discharge,-6.229,2.0,2.0,26.11,300.0,2.9918,2.8207,27.4663,2.9103,1.0
RPC_CC,1,0.0339,discharge,-6.229,10.0,9.0,26.11,300.0,2.9918,2.5273,74.5652,2.9103,1.0
RPC_CC,1,0.9973,discharge,-29.821,2.0,2.0,25.56,1462.9,4.1846,3.8262,12.0186,2.9103,1.0
RPC_CC,1,0.9973,discharge,-29.821,10.0,9.01,25.56,1462.9,4.1846,3.7569,14.3425,2.9103,1.0
RPC_CC,1,0.9488,discharge,-29.857,2.0,1.0,25.89,300.0,4.1039,3.7899,10.517,2.9103,1.0
RPC_CC,1,0.9488,discharge,-29.857,10.0,9.0,25.89,300.0,4.1039,3.7274,12.6103,2.9103,1.0
RPC_CC,1,0.9003,discharge,-29.821,2.0,2.0,26.0,300.0,4.082,3.7633,10.6873,2.9103,1.0
RPC_CC,1,0.9003,discharge,-29.821,10.0,9.0,26.0,300.0,4.082,3.7071,12.5719,2.9103,1.0
RPC_CC,1,0.8033,discharge,-29.745,2.0,2.0,25.92,300.0,4.0303,3.699,11.138,2.9103,1.0
RPC_CC,1,0.8033,discharge,-29.745,10.0,9.0,25.92,300.0,4.0303,3.6223,13.7166,2.9103,1.0
RPC_CC,1,0.7062,discharge,-29.775,2.0,2.0,25.96,300.0,3.9236,3.6,10.8682,2.9103,1.0
RPC_CC,1,0.7062,discharge,-29.775,10.0,9.0,25.96,300.0,3.9236,3.5367,12.9941,2.9103,1.0
RPC_CC,1,0.6092,discharge,-29.758,2.0,2.0,25.97,300.1,3.8299,3.5204,10.4004,2.9103,1.0
RPC_CC,1,0.6092,discharge,-29.758,10.0,9.0,25.97,300.1,3.8299,3.4538,12.6384,2.9103,1.0
RPC_CC,1,0.5121,discharge,-29.726,2.0,2.0,25.84,300.0,3.7365,3.424,10.5127,2.9103,1.0
RPC_CC,1,0.5121,discharge,-29.726,10.0,9.0,25.84,300.0,3.7365,3.3477,13.0795,2.9103,1.0
RPC_CC,1,0.4151,discharge,-29.715,2.0,2.0,25.77,300.0,3.6537,3.3427,10.4659,2.9103,1.0
RPC_CC,1,0.4151,discharge,-29.715,10.0,9.01,25.77,300.0,3.6537,3.2649,13.0841,2.9103,1.0
RPC_CC,1,0.3181,discharge,-29.693,2.0,2.0,25.86,300.0,3.5927,3.2796,10.5446,2.9103,1.0
RPC_CC,1,0.3181,discharge,-29.693,10.0,9.0,25.86,300.0,3.5927,3.1968,13.3331,2.9103,1.0
RPC_CC,1,0.221,discharge,-29.732,2.0,2.0,26.02,300.0,3.5079,3.1845,10.8772,2.9103,1.0
RPC_CC,1,0.221,discharge,-29.732,10.0,9.0,26.02,300.0,3.5079,3.1041,13.5813,2.9103,1.0
RPC_CC,1,0.1725,discharge,-29.5,2.0,2.0,26.13,300.0,3.4441,3.121,10.9525,2.9103,1.0
RPC_CC,1,0.1725,discharge,-29.5,10.0,9.0,26.13,300.0,3.4441,3.0232,14.2678,2.9103,1.0
RPC_CC,1,0.1242,discharge,-28.511,2.0,2.0,26.2,300.0,3.4092,3.0547,12.4338,2.9103,1.0
RPC_CC,1,0.1242,discharge,-28.511,10.0,9.0,26.2,300.0,3.4092,2.7828,21.9705,2.9103,1.0
RPC_CC,1,0.0766,discharge,-17.884,2.0,2.0,26.33,300.0,3.3475,3.0562,16.2883,2.9103,1.0
RPC_CC,1,0.0766,discharge,-17.884,10.0,9.0,26.33,300.0,3.3475,2.5849,42.6415,2.9103,1.0
RPC_CC,1,0.0481,discharge,-10.242,2.0,2.0,26.27,300.0,3.1631,2.9341,22.3589,2.9103,1.0
RPC_CC,1,0.0481,discharge,-10.242,10.0,9.0,26.27,300.0,3.1631,2.5714,57.7719,2.9103,1.0
RPC_CC,1,0.0339,discharge,-6.247,2.0,2.0,26.06,300.0,2.9893,2.8159,27.7587,2.9103,1.0
RPC_CC,1,0.0339,discharge,-6.247,10.0,9.0,26.06,300.0,2.9893,2.5116,76.4724,2.9103,1.0
RPC_CC,1,0.9519,charge,3.525,2.0,2.0,25.58,300.0,4.1035,4.1501,13.2204,2.9103,1.0
RPC_CC,1,0.9519,charge,3.525,10.0,9.0,25.58,300.0,4.1035,4.1501,13.2204,2.9103,1.0
RPC_CC,1,0.9036,charge,5.587,2.0,2.0,25.61,300.0,4.0816,4.1501,12.2608,2.9103,1.0
RPC_CC,1,0.9036,charge,5.587,10.0,9.0,25.61,300.0,4.0816,4.15,12.2429,2.9103,1.0
RPC_CC,1,0.8071,charge,9.509,2.0,1.0,25.71,300.0,4.0302,4.1502,12.62,2.9103,1.0
RPC_CC,1,0.8071,charge,9.509,10.0,9.01,25.71,300.0,4.0302,4.1501,12.6095,2.9103,1.0
RPC_CC,1,0.7103,charge,15.0,2.0,2.0,25.72,300.0,3.9238,4.0851,10.7533,2.9103,1.0
RPC_CC,1,0.7103,charge,15.0,10.0,9.0,25.72,300.0,3.9238,4.1159,12.8067,2.9103,1.0
RPC_CC,1,0.6132,charge,15.0,2.0,2.0,25.74,300.0,3.8299,3.9895,10.64,2.9103,1.0
RPC_CC,1,0.6132,charge,15.0,10.0,9.0,25.74,300.0,3.8299,4.0278,13.1933,2.9103,1.0
RPC_CC,1,0.5162,charge,15.0,2.0,2.0,25.58,300.0,3.736,3.8942,10.5467,2.9103,1.0
RPC_CC,1,0.5162,charge,15.0,10.0,9.0,25.58,300.0,3.736,3.9266,12.7067,2.9103,1.0
RPC_CC,1,0.4191,charge,15.0,2.0,2.0,25.56,300.0,3.6536,3.811,10.4933,2.9103,1.0
RPC_CC,1,0.4191,charge,15.0,10.0,9.01,25.56,300.0,3.6536,3.8425,12.5933,2.9103,1.0
RPC_CC,1,0.3221,charge,15.0,2.0,2.0,25.68,300.0,3.5927,3.751,10.5533,2.9103,1.0
RPC_CC,1,0.3221,charge,15.0,10.0,9.0,25.68,300.0,3.5927,3.7831,12.6933,2.9103,1.0
RPC_CC,1,0.2251,charge,15.0,2.0,2.0,25.85,300.0,3.5077,3.6698,10.8067,2.9103,1.0
RPC_CC,1,0.2251,charge,15.0,10.0,9.0,25.85,300.0,3.5077,3.7087,13.4,2.9103,1.0
RPC_CC,1,0.1765,charge,15.001,2.0,2.0,25.83,300.0,3.4427,3.6083,11.0393,2.9103,1.0
RPC_CC,1,0.1765,charge,15.001,10.0,9.0,25.83,300.0,3.4427,3.6503,13.8391,2.9103,1.0
RPC_CC,1,0.128,charge,15.001,2.0,2.0,25.81,300.0,3.4089,3.5765,11.1726,2.9103,1.0
RPC_CC,1,0.128,charge,15.001,10.0,9.0,25.81,300.0,3.4089,3.6049,13.0658,2.9103,1.0
RPC_CC,1,0.0795,charge,15.0,2.0,2.0,25.87,300.0,3.3472,3.5467,13.3,2.9103,1.0
RPC_CC,1,0.0795,charge,15.0,10.0,9.01,25.87,300.0,3.3472,3.5858,15.9067,2.9103,1.0
RPC_CC,1,0.0504,charge,15.0,2.0,2.0,25.99,300.0,3.1629,3.409,16.4067,2.9103,1.0
RPC_CC,1,0.0504,charge,15.0,10.0,9.0,25.99,300.0,3.1629,3.508,23.0067,2.9103,1.0
RPC_CC,1,0.0358,charge,15.0,2.0,2.0,25.99,300.0,2.9908,3.28,19.28,2.9103,1.0
RPC_CC,1,0.0358,charge,15.0,10.0,9.0,25.99,300.0,2.9908,3.4163,28.3667,2.9103,1.0
RPC_CC,1,0.9518,charge,3.202,2.0,2.0,25.56,300.1,4.1035,4.1407,11.6185,2.9103,1.0
RPC_CC,1,0.9518,charge,3.202,10.0,9.0,25.56,300.1,4.1035,4.1487,14.1171,2.9103,1.0
RPC_CC,1,0.9034,charge,5.213,2.0,2.0,25.57,300.1,4.0816,4.1398,11.1649,2.9103,1.0
RPC_CC,1,0.9034,charge,5.213,10.0,9.0,25.57,300.1,4.0816,4.1493,12.9874,2.9103,1.0
RPC_CC,1,0.8067,charge,8.672,2.0,2.0,25.65,300.1,4.0301,4.1282,11.3117,2.9103,1.0
RPC_CC,1,0.8067,charge,8.672,10.0,9.0,25.65,300.1,4.0301,4.1473,13.5141,2.9103,1.0
RPC_CC,1,0.7103,charge,15.046,2.0,2.0,25.72,300.1,3.9238,4.0865,10.8131,2.9103,1.0
RPC_CC,1,0.7103,charge,15.046,10.0,9.0,25.72,300.1,3.9238,4.1165,12.807,2.9103,1.0
RPC_CC,1,0.6133,charge,15.059,2.0,2.0,25.74,300.1,3.8301,3.9915,10.7178,2.9103,1.0
RPC_CC,1,0.6133,charge,15.059,10.0,9.0,25.74,300.1,3.8301,4.0285,13.1748,2.9103,1.0
RPC_CC,1,0.5162,charge,15.05,2.0,1.0,25.59,300.1,3.7361,3.8888,10.1462,2.9103,1.0
RPC_CC,1,0.5162,charge,15.05,10.0,9.01,25.59,300.1,3.7361,3.9271,12.691,2.9103,1.0
RPC_CC,1,0.4192,charge,15.049,2.0,2.0,25.59,300.1,3.6535,3.8125,10.5655,2.9103,1.0
RPC_CC,1,0.4192,charge,15.049,10.0,9.0,25.59,300.1,3.6535,3.8428,12.5789,2.9103,1.0
RPC_CC,1,0.3221,charge,15.049,2.0,2.0,25.68,300.1,3.5926,3.7526,10.6323,2.9103,1.0
RPC_CC,1,0.3221,charge,15.049,10.0,9.0,25.68,300.1,3.5926,3.7834,12.679,2.9103,1.0
RPC_CC,1,0.2251,charge,15.066,2.0,2.0,25.86,300.1,3.5075,3.6717,10.8987,2.9103,1.0
RPC_CC,1,0.2251,charge,15.066,10.0,9.0,25.86,300.1,3.5075,3.7092,13.3878,2.9103,1.0
RPC_CC,1,0.1766,charge,15.073,2.0,2.0,25.8,300.1,3.4425,3.6106,11.1524,2.9103,1.0
RPC_CC,1,0.1766,charge,15.073,10.0,9.0,25.8,300.1,3.4425,3.6506,13.8061,2.9103,1.0
RPC_CC,1,0.1281,charge,15.047,2.0,2.0,25.79,300.1,3.4088,3.578,11.2448,2.9103,1.0
RPC_CC,1,0.1281,charge,15.047,10.0,9.0,25.79,300.1,3.4088,3.6054,13.0657,2.9103,1.0
RPC_CC,1,0.0795,charge,15.056,2.0,2.0,25.89,300.1,3.3468,3.5491,13.4369,2.9103,1.0
RPC_CC,1,0.0795,charge,15.056,10.0,9.0,25.89,300.1,3.3468,3.5863,15.9078,2.9103,1.0
RPC_CC,1,0.0505,charge,15.168,2.0,2.0,25.98,300.1,3.1618,3.4155,16.7266,2.9103,1.0
RPC_CC,1,0.0505,charge,15.168,10.0,9.0,25.98,300.1,3.1618,3.5103,22.9768,2.9103,1.0
RPC_CC,1,0.0359,charge,15.23,2.0,2.0,26.0,300.1,2.9893,3.2907,19.7899,2.9103,1.0
RPC_CC,1,0.0359,charge,15.23,10.0,9.0,26.0,300.1,2.9893,3.4202,28.2928,2.9103,1.0
RPC_CC,136,0.9973,discharge,-30.0,2.0,2.0,25.5,3965.5,4.1746,3.7958,12.6267,2.8458,0.97785
RPC_CC,136,0.9973,discharge,-30.0,10.0,9.0,25.5,3965.5,4.1746,3.74,14.4867,2.8458,0.97785
RPC_CC,136,0.9727,charge,2.941,2.0,2.0,26.34,60.0,4.1097,4.1501,13.7373,2.8458,0.97785
RPC_CC,136,0.9727,charge,2.941,10.0,9.0,26.34,60.0,4.1097,4.15,13.7033,2.8458,0.97785
RPC_CC,136,0.9498,discharge,-30.0,2.0,2.0,25.5,3600.0,4.1026,3.7576,11.5,2.8458,0.97785
RPC_CC,136,0.9498,discharge,-30.0,10.0,9.0,25.5,3600.0,4.1026,3.7118,13.0267,2.8458,0.97785
RPC_CC,136,0.9255,charge,5.745,2.0,2.0,26.26,60.0,4.0801,4.1501,12.1843,2.8458,0.97785
RPC_CC,136,0.9255,charge,5.745,10.0,9.0,26.26,60.0,4.0801,4.15,12.1669,2.8458,0.97785
RPC_CC,136,0.9024,discharge,-30.0,2.0,1.0,25.48,3600.0,4.0823,3.7575,10.8267,2.8458,0.97785
RPC_CC,136,0.9024,discharge,-30.0,10.0,9.0,25.48,3600.0,4.0823,3.6928,12.9833,2.8458,0.97785
RPC_CC,136,0.8782,charge,6.819,2.0,2.0,26.27,60.0,4.0684,4.1501,11.9812,2.8458,0.97785
RPC_CC,136,0.8782,charge,6.819,10.0,9.0,26.27,60.0,4.0684,4.1501,11.9812,2.8458,0.97785
RPC_CC,136,0.8075,discharge,-30.0,2.0,2.0,25.5,3600.0,4.0319,3.6833,11.62,2.8458,0.97785
RPC_CC,136,0.8075,discharge,-30.0,10.0,9.0,25.5,3600.0,4.0319,3.6126,13.9767,2.8458,0.97785
RPC_CC,136,0.7838,charge,13.236,2.0,2.0,26.3,60.0,3.9807,4.1499,12.7833,2.8458,0.97785
RPC_CC,136,0.7838,charge,13.236,10.0,9.0,26.3,60.0,3.9807,4.1501,12.7984,2.8458,0.97785
RPC_CC,136,0.7126,discharge,-30.001,2.0,2.0,25.5,3600.0,3.9263,3.5877,11.2863,2.8458,0.97785
RPC_CC,136,0.7126,discharge,-30.001,10.0,9.0,25.5,3600.0,3.9263,3.5302,13.2029,2.8458,0.97785
RPC_CC,136,0.689,charge,15.001,2.0,2.0,26.26,60.0,3.8771,4.0353,10.546,2.8458,0.97785
RPC_CC,136,0.689,charge,15.001,10.0,9.0,26.26,60.0,3.8771,4.0818,13.6458,2.8458,0.97785
RPC_CC,136,0.6177,discharge,-30.0,2.0,2.0,25.48,3600.0,3.838,3.5124,10.8533,2.8458,0.97785
RPC_CC,136,0.6177,discharge,-30.0,10.0,9.0,25.48,3600.0,3.838,3.4503,12.9233,2.8458,0.97785
RPC_CC,136,0.5941,charge,15.001,2.0,2.0,26.19,60.0,3.7967,3.952,10.3526,2.8458,0.97785
RPC_CC,136,0.5941,charge,15.001,10.0,9.0,26.19,60.0,3.7967,3.988,12.7525,2.8458,0.97785
RPC_CC,136,0.5228,discharge,-30.0,2.0,2.0,25.46,3600.0,3.7409,3.4177,10.7733,2.8458,0.97785
RPC_CC,136,0.5228,discharge,-30.0,10.0,9.0,25.46,3600.0,3.7409,3.346,13.1633,2.8458,0.97785
RPC_CC,136,0.4992,charge,15.001,2.0,2.0,26.2,60.0,3.7044,3.8612,10.4526,2.8458,0.97785
RPC_CC,136,0.4992,charge,15.001,10.0,9.0,26.2,60.0,3.7044,3.8979,12.8991,2.8458,0.97785
RPC_CC,136,0.4279,discharge,-30.0,2.0,2.0,25.48,3600.0,3.6594,3.3372,10.74,2.8458,0.97785
RPC_CC,136,0.4279,discharge,-30.0,10.0,9.0,25.48,3600.0,3.6594,3.2632,13.2067,2.8458,0.97785
RPC_CC,136,0.4043,charge,15.0,2.0,2.0,26.29,60.0,3.6245,3.7799,10.36,2.8458,0.97785
RPC_CC,136,0.4043,charge,15.0,10.0,9.0,26.29,60.0,3.6245,3.819,12.9667,2.8458,0.97785
RPC_CC,136,0.3331,discharge,-30.001,2.0,2.0,25.5,3600.0,3.601,3.2735,10.9163,2.8458,0.97785
RPC_CC,136,0.3331,discharge,-30.001,10.0,9.0,25.5,3600.0,3.601,3.1927,13.6095,2.8458,0.97785
RPC_CC,136,0.3094,charge,15.001,2.0,2.0,26.39,60.0,3.5598,3.7158,10.3993,2.8458,0.97785
RPC_CC,136,0.3094,charge,15.001,10.0,9.0,26.39,60.0,3.5598,3.7581,13.2191,2.8458,0.97785
RPC_CC,136,0.2382,discharge,-30.0,2.0,2.0,25.49,3600.0,3.5114,3.1662,11.5067,2.8458,0.97785
RPC_CC,136,0.2382,discharge,-30.0,10.0,9.0,25.49,3600.0,3.5114,3.0839,14.25,2.8458,0.97785
RPC_CC,136,0.2145,charge,15.001,2.0,2.0,26.4,60.0,3.4626,3.6253,10.8459,2.8458,0.97785
RPC_CC,136,0.2145,charge,15.001,10.0,9.0,26.4,60.0,3.4626,3.6688,13.7458,2.8458,0.97785
RPC_CC,136,0.1907,discharge,-30.0,2.0,2.0,25.51,3600.0,3.4474,3.0933,11.8033,2.8458,0.97785
RPC_CC,136,0.1907,discharge,-30.0,10.0,9.0,25.51,3600.0,3.4474,2.9832,15.4733,2.8458,0.97785
RPC_CC,136,0.1671,charge,15.0,2.0,2.0,26.45,60.0,3.419,3.584,11.0,2.8458,0.97785
RPC_CC,136,0.1671,charge,15.0,10.0,9.0,26.45,60.0,3.419,3.6132,12.9467,2.8458,0.97785
RPC_CC,136,0.1432,discharge,-30.001,2.0,2.0,25.48,3600.0,3.4155,2.9836,14.3962,2.8458,0.97785
RPC_CC,136,0.1432,discharge,-30.001,10.0,9.0,25.48,3600.0,3.4155,2.668,24.9158,2.8458,0.97785
RPC_CC,136,0.1196,charge,15.0,2.0,2.0,26.82,60.0,3.3785,3.5612,12.18,2.8458,0.97785
RPC_CC,136,0.1196,charge,15.0,10.0,9.0,26.82,60.0,3.3785,3.5928,14.2867,2.8458,0.97785
RPC_CC,136,0.0958,discharge,-20.097,2.0,2.0,25.5,3600.0,3.3618,2.6539,35.2242,2.8458,0.97785
RPC_CC,136,0.0958,discharge,-20.097,10.0,9.0,25.5,3600.0,3.3618,2.5497,40.409,2.8458,0.97785
RPC_CC,136,0.0792,charge,15.001,2.0,2.0,26.82,60.0,3.2308,3.4628,15.4656,2.8458,0.97785
RPC_CC,136,0.0792,charge,15.001,10.0,9.0,26.82,60.0,3.2308,3.548,21.1453,2.8458,0.97785
RPC_CC,136,0.0674,discharge,-10.268,2.0,2.0,25.52,3600.0,3.2063,2.5488,64.0339,2.8458,0.97785
RPC_CC,136,0.0674,discharge,-10.268,10.0,9.0,25.52,3600.0,3.2063,2.5499,63.9268,2.8458,0.97785
RPC_CC,136,0.0582,charge,15.0,2.0,2.0,26.26,60.0,3.0499,3.3311,18.7467,2.8458,0.97785
RPC_CC,136,0.0582,charge,15.0,10.0,9.0,26.26,60.0,3.0499,3.4539,26.9333,2.8458,0.97785
RPC_CC,136,0.0533,discharge,-6.981,2.0,2.0,25.5,3600.0,3.0822,2.5493,76.3347,2.8458,0.97785
RPC_CC,136,0.0533,discharge,-6.981,10.0,9.0,25.5,3600.0,3.0822,2.5498,76.2631,2.8458,0.97785
RPC_CC,136,0.0477,charge,15.001,2.0,2.0,25.92,60.0,2.9076,3.2357,21.8719,2.8458,0.97785
RPC_CC,136,0.0477,charge,15.001,10.0,9.0,25.92,60.0,2.9076,3.3924,32.3178,2.8458,0.97785
RPC_CC,136,0.9973,discharge,-30.0,2.0,2.0,25.5,1573.8,4.1795,3.8009,12.62,2.8458,0.97785
RPC_CC,136,0.9973,discharge,-30.0,10.0,9.0,25.5,1573.8,4.1795,3.7432,14.5433,2.8458,0.97785
RPC_CC,136,0.9498,discharge,-30.0,2.0,2.0,25.87,300.0,4.0999,3.7633,11.22,2.8458,0.97785
RPC_CC,136,0.9498,discharge,-30.0,10.0,9.0,25.87,300.0,4.0999,3.7174,12.75,2.8458,0.97785
RPC_CC,136,0.9024,discharge,-30.0,2.0,2.0,25.93,300.0,4.0797,3.7516,10.9367,2.8458,0.97785
RPC_CC,136,0.9024,discharge,-30.0,10.0,9.0,25.93,300.0,4.0797,3.6957,12.8,2.8458,0.97785
RPC_CC,136,0.8075,discharge,-30.0,2.0,2.0,25.87,300.0,4.0237,3.6822,11.3833,2.8458,0.97785
RPC_CC,136,0.8075,discharge,-30.0,10.0,9.01,25.87,300.0,4.0237,3.6109,13.76,2.8458,0.97785
RPC_CC,136,0.7126,discharge,-30.0,2.0,2.0,25.9,300.0,3.9218,3.5919,10.9967,2.8458,0.97785
RPC_CC,136,0.7126,discharge,-30.0,10.0,9.0,25.9,300.0,3.9218,3.5325,12.9767,2.8458,0.97785
RPC_CC,136,0.6177,discharge,-30.0,2.0,2.0,25.91,300.0,3.8284,3.5132,10.5067,2.8458,0.97785
RPC_CC,136,0.6177,discharge,-30.0,10.0,9.01,25.91,300.0,3.8284,3.449,12.6467,2.8458,0.97785
RPC_CC,136,0.5228,discharge,-30.0,2.0,2.0,25.75,300.0,3.7348,3.4158,10.6333,2.8458,0.97785
RPC_CC,136,0.5228,discharge,-30.0,10.0,9.0,25.75,300.0,3.7348,3.3414,13.1133,2.8458,0.97785
RPC_CC,136,0.4279,discharge,-30.0,2.0,2.0,25.74,300.0,3.6528,3.3346,10.6067,2.8458,0.97785
RPC_CC,136,0.4279,discharge,-30.0,10.0,9.0,25.74,300.0,3.6528,3.258,13.16,2.8458,0.97785
RPC_CC,136,0.333,discharge,-30.0,2.0,2.0,25.79,300.0,3.5915,3.2689,10.7533,2.8458,0.97785
RPC_CC,136,0.333,discharge,-30.0,10.0,9.0,25.79,300.0,3.5915,3.1872,13.4767,2.8458,0.97785
RPC_CC,136,0.2381,discharge,-30.0,2.0,2.0,25.99,300.0,3.5051,3.1677,11.2467,2.8458,0.97785
RPC_CC,136,0.2381,discharge,-30.0,10.0,9.0,25.99,300.0,3.5051,3.0848,14.01,2.8458,0.97785
RPC_CC,136,0.1907,discharge,-30.0,2.0,2.0,26.1,300.0,3.4434,3.0945,11.63,2.8458,0.97785
RPC_CC,136,0.1907,discharge,-30.0,10.0,9.0,26.1,300.0,3.4434,2.9731,15.6767,2.8458,0.97785
RPC_CC,136,0.1433,discharge,-30.0,2.0,2.0,26.19,300.0,3.4083,2.9712,14.57,2.8458,0.97785
RPC_CC,136,0.1433,discharge,-30.0,10.0,9.0,26.19,300.0,3.4083,2.5979,27.0133,2.8458,0.97785
RPC_CC,136,0.0958,discharge,-17.612,2.0,2.0,26.43,300.0,3.347,2.5941,42.7493,2.8458,0.97785
RPC_CC,136,0.0958,discharge,-17.612,10.0,9.0,26.43,300.0,3.347,2.5498,45.2646,2.8458,0.97785
RPC_CC,136,0.0673,discharge,-8.967,2.0,1.0,26.57,300.0,3.1765,2.5487,70.0095,2.8458,0.97785
RPC_CC,136,0.0673,discharge,-8.967,10.0,9.0,26.57,300.0,3.1765,2.55,69.8646,2.8458,0.97785
RPC_CC,136,0.0535,discharge,-5.112,2.0,2.0,26.3,300.0,3.023,2.5496,92.6011,2.8458,0.97785
RPC_CC,136,0.0535,discharge,-5.112,10.0,9.0,26.3,300.0,3.023,2.5499,92.5424,2.8458,0.97785
RPC_CC,136,0.9973,discharge,-29.82,2.0,2.0,25.42,1570.5,4.1797,3.8059,12.5352,2.8458,0.97785
RPC_CC,136,0.9973,discharge,-29.82,10.0,9.0,25.42,1570.5,4.1797,3.7432,14.6378,2.8458,0.97785
RPC_CC,136,0.9499,discharge,-30.0,10.0,9.0,25.85,300.0,4.0998,3.7172,12.7533,2.8458,0.97785
RPC_CC,136,0.9024,discharge,-30.0,10.0,9.0,25.95,300.0,4.0796,3.6958,12.7933,2.8458,0.97785
RPC_CC,136,0.8076,discharge,-29.996,10.0,9.0,25.87,300.1,4.0234,3.6114,13.7352,2.8458,0.97785
RPC_CC,136,0.7126,discharge,-29.997,10.0,9.0,25.9,300.0,3.9215,3.5328,12.958,2.8458,0.97785
RPC_CC,136,0.6178,discharge,-29.995,10.0,9.0,25.88,300.0,3.8282,3.4497,12.6188,2.8458,0.97785
RPC_CC,136,0.5229,discharge,-29.991,10.0,9.0,25.72,300.0,3.7348,3.3429,13.0673,2.8458,0.97785
RPC_CC,136,0.428,discharge,-29.989,10.0,9.0,25.77,300.0,3.6527,3.2594,13.1148,2.8458,0.97785
RPC_CC,136,0.3331,discharge,-29.986,10.0,9.0,25.83,300.0,3.5914,3.1887,13.4296,2.8458,0.97785
RPC_CC,136,0.2382,discharge,-29.984,10.0,9.0,26.0,300.0,3.5046,3.0865,13.9441,2.8458,0.97785
RPC_CC,136,0.1908,discharge,-29.95,10.0,9.0,26.07,300.0,3.4429,2.9783,15.5125,2.8458,0.97785
RPC_CC,136,0.1437,discharge,-28.871,10.0,9.0,26.17,300.0,3.4079,2.6937,24.7376,2.8458,0.97785
RPC_CC,136,0.0976,discharge,-10.829,10.0,9.0,26.26,300.0,3.3451,2.9867,33.0963,2.8458,0.97785
RPC_CC,136,0.9973,discharge,-29.822,2.0,2.0,25.48,1572.7,4.1795,3.8055,12.5409,2.8458,0.97785
RPC_CC,136,0.9973,discharge,-29.822,10.0,9.0,25.48,1572.7,4.1795,3.7427,14.6467,2.8458,0.97785
RPC_CC,136,0.9499,discharge,-30.004,10.0,9.0,25.85,300.0,4.0998,3.7167,12.7683,2.8458,0.97785
RPC_CC,136,0.9024,discharge,-30.005,10.0,9.0,25.92,300.0,4.0796,3.6953,12.8079,2.8458,0.97785
RPC_CC,136,0.8075,discharge,-30.002,10.0,9.0,25.86,300.0,4.0231,3.6108,13.7424,2.8458,0.97785
RPC_CC,136,0.7126,discharge,-30.001,10.0,9.0,25.9,300.0,3.9215,3.5325,12.9662,2.8458,0.97785
RPC_CC,136,0.6178,discharge,-29.999,10.0,9.01,25.9,300.1,3.828,3.4494,12.6204,2.8458,0.97785
RPC_CC,136,0.5229,discharge,-29.994,10.0,9.0,25.75,300.0,3.7345,3.3423,13.0759,2.8458,0.97785
RPC_CC,136,0.428,discharge,-29.993,10.0,9.0,25.73,300.0,3.6526,3.2588,13.1297,2.8458,0.97785
RPC_CC,136,0.3331,discharge,-29.992,10.0,9.0,25.82,300.0,3.5912,3.188,13.4436,2.8458,0.97785
RPC_CC,136,0.2382,discharge,-29.997,10.0,9.0,26.05,300.0,3.5043,3.0853,13.9681,2.8458,0.97785
RPC_CC,136,0.1908,discharge,-29.98,10.0,9.0,26.08,300.0,3.4428,2.9753,15.5937,2.8458,0.97785
RPC_CC,136,0.1436,discharge,-30.033,10.0,9.0,26.14,300.0,3.4077,2.6342,25.755,2.8458,0.97785
RPC_CC,136,0.9973,discharge,-29.828,2.0,1.0,25.38,1573.5,4.1794,3.8246,11.8949,2.8458,0.97785
RPC_CC,136,0.9973,discharge,-29.828,10.0,9.0,25.38,1573.5,4.1794,3.7421,14.6607,2.8458,0.97785
RPC_CC,136,0.9499,discharge,-30.008,10.0,9.0,25.84,300.0,4.0997,3.7163,12.7766,2.8458,0.97785
RPC_CC,136,0.9024,discharge,-30.01,10.0,9.0,25.9,300.0,4.0796,3.6945,12.8324,2.8458,0.97785
RPC_CC,136,0.8075,discharge,-30.006,10.0,9.0,25.81,300.0,4.0229,3.61,13.7606,2.8458,0.97785
RPC_CC,136,0.7127,discharge,-30.006,10.0,9.0,25.9,300.0,3.9214,3.5318,12.9841,2.8458,0.97785
RPC_CC,136,0.6178,discharge,-30.006,10.0,9.0,25.87,300.1,3.8277,3.4485,12.6375,2.8458,0.97785
RPC_CC,136,0.5229,discharge,-30.002,10.0,9.0,25.71,300.0,3.7343,3.3415,13.0925,2.8458,0.97785
RPC_CC,136,0.428,discharge,-29.999,10.0,9.0,25.75,300.0,3.6524,3.2583,13.1371,2.8458,0.97785
RPC_CC,136,0.3331,discharge,-29.996,10.0,9.0,25.8,300.0,3.5907,3.1875,13.4418,2.8458,0.97785
RPC_CC,136,0.2382,discharge,-30.006,10.0,9.0,25.96,300.0,3.5039,3.0844,13.9805,2.8458,0.97785
RPC_CC,136,0.1908,discharge,-30.001,10.0,9.0,26.06,300.0,3.4423,2.973,15.6428,2.8458,0.97785
RPC_CC,136,0.1437,discharge,-29.714,10.0,9.0,26.16,300.0,3.4075,2.642,25.7623,2.8458,0.97785
RPC_CC,136,0.9973,discharge,-29.831,2.0,2.0,25.43,1576.0,4.1794,3.8044,12.5706,2.8458,0.97785
RPC_CC,136,0.9973,discharge,-29.831,10.0,9.0,25.43,1576.0,4.1794,3.7418,14.6691,2.8458,0.97785
RPC_CC,136,0.9498,discharge,-30.011,10.0,9.0,25.84,300.1,4.0996,3.716,12.782,2.8458,0.97785
RPC_CC,136,0.9024,discharge,-30.011,10.0,9.0,25.91,300.0,4.0795,3.6943,12.8353,2.8458,0.97785
RPC_CC,136,0.8076,discharge,-30.011,10.0,9.0,25.87,300.0,4.0229,3.6097,13.7683,2.8458,0.97785
RPC_CC,136,0.7126,discharge,-30.009,10.0,9.0,25.87,300.0,3.9212,3.5314,12.9894,2.8458,0.97785
RPC_CC,136,0.6178,discharge,-30.009,10.0,9.0,25.9,300.0,3.8277,3.4479,12.6562,2.8458,0.97785
RPC_CC,136,0.5229,discharge,-30.006,10.0,9.01,25.75,300.0,3.7342,3.3411,13.1007,2.8458,0.97785
RPC_CC,136,0.428,discharge,-30.002,10.0,9.0,25.71,300.0,3.6523,3.2578,13.1491,2.8458,0.97785
RPC_CC,136,0.3331,discharge,-30.001,10.0,9.0,25.8,300.0,3.5907,3.1869,13.4596,2.8458,0.97785
RPC_CC,136,0.2382,discharge,-30.016,10.0,9.0,25.98,300.0,3.5036,3.0834,13.9992,2.8458,0.97785
RPC_CC,136,0.1908,discharge,-30.026,10.0,9.0,26.07,300.0,3.4421,2.9706,15.7031,2.8458,0.97785
RPC_CC,136,0.1437,discharge,-29.774,10.0,9.01,26.12,300.0,3.4072,2.6324,26.0223,2.8458,0.97785
RPC_CC,136,0.9973,discharge,-29.834,2.0,2.0,25.43,1574.9,4.1793,3.804,12.5796,2.8458,0.97785
RPC_CC,136,0.9973,discharge,-29.834,10.0,9.0,25.43,1574.9,4.1793,3.7414,14.6779,2.8458,0.97785
RPC_CC,136,0.9499,discharge,-30.014,10.0,9.0,25.85,300.0,4.0997,3.7156,12.7974,2.8458,0.97785
RPC_CC,136,0.9024,discharge,-30.015,10.0,9.0,25.93,300.0,4.0796,3.6939,12.8502,2.8458,0.97785
RPC_CC,136,0.8075,discharge,-30.014,10.0,9.0,25.86,300.0,4.0227,3.6092,13.7769,2.8458,0.97785
RPC_CC,136,0.7127,discharge,-30.012,10.0,9.0,25.88,300.1,3.921,3.5311,12.9915,2.8458,0.97785
RPC_CC,136,0.6178,discharge,-30.015,10.0,9.0,25.87,300.0,3.8273,3.4474,12.657,2.8458,0.97785
RPC_CC,136,0.5229,discharge,-30.009,10.0,9.0,25.71,300.0,3.734,3.3405,13.1127,2.8458,0.97785
RPC_CC,136,0.428,discharge,-30.007,10.0,9.0,25.72,300.0,3.6521,3.2573,13.1569,2.8458,0.97785
RPC_CC,136,0.3331,discharge,-30.008,10.0,9.0,25.77,300.0,3.5907,3.1864,13.4731,2.8458,0.97785
RPC_CC,136,0.2382,discharge,-30.024,10.0,9.01,25.97,300.0,3.5033,3.0824,14.0188,2.8458,0.97785
RPC_CC,136,0.1908,discharge,-30.047,10.0,9.0,26.07,300.0,3.442,2.9688,15.7487,2.8458,0.97785
RPC_CC,136,0.1437,discharge,-29.701,10.0,9.01,26.13,300.0,3.407,2.6297,26.1708,2.8458,0.97785
RPC_CC,136,0.9973,discharge,-29.837,2.0,2.0,25.45,1577.5,4.1793,3.8037,12.5886,2.8458,0.97785
RPC_CC,136,0.9973,discharge,-29.837,10.0,9.0,25.45,1577.5,4.1793,3.7412,14.6834,2.8458,0.97785
RPC_CC,136,0.9498,discharge,-30.016,10.0,9.0,25.87,300.0,4.0996,3.7154,12.7998,2.8458,0.97785
RPC_CC,136,0.9024,discharge,-30.018,10.0,9.0,25.93,300.0,4.0794,3.6935,12.8556,2.8458,0.97785
RPC_CC,136,0.8075,discharge,-30.018,10.0,9.0,25.84,300.0,4.0224,3.6089,13.7751,2.8458,0.97785
RPC_CC,136,0.7127,discharge,-30.016,10.0,9.01,25.9,300.0,3.921,3.5306,13.0064,2.8458,0.97785
RPC_CC,136,0.6178,discharge,-30.018,10.0,9.0,25.87,300.0,3.8272,3.4471,12.6624,2.8458,0.97785
RPC_CC,136,0.5229,discharge,-30.013,10.0,9.0,25.73,300.0,3.7337,3.3401,13.1143,2.8458,0.97785
RPC_CC,136,0.428,discharge,-30.01,10.0,9.0,25.7,300.0,3.6519,3.2568,13.1656,2.8458,0.97785
RPC_CC,136,0.3331,discharge,-30.013,10.0,9.0,25.79,300.0,3.5905,3.1858,13.4842,2.8458,0.97785
RPC_CC,136,0.2382,discharge,-30.033,10.0,9.0,25.95,300.0,3.5031,3.0816,14.0346,2.8458,0.97785
RPC_CC,136,0.1908,discharge,-30.068,10.0,9.0,26.1,300.0,3.4416,2.9666,15.7975,2.8458,0.97785
RPC_CC,136,0.1437,discharge,-29.749,10.0,9.0,26.16,300.0,3.4068,2.6217,26.3904,2.8458,0.97785
RPC_CC,136,0.0693,discharge,-10.822,10.0,8.63,26.25,300.0,3.1606,2.4993,61.107,2.8458,0.97785
RPC_CC,136,0.9973,discharge,-29.84,2.0,2.0,25.49,1578.7,4.1793,3.803,12.6106,2.8458,0.97785
RPC_CC,136,0.9973,discharge,-29.84,10.0,9.0,25.49,1578.7,4.1793,3.7407,14.6984,2.8458,0.97785
RPC_CC,136,0.9499,discharge,-30.018,10.0,9.01,25.87,300.0,4.0995,3.7151,12.8056,2.8458,0.97785
RPC_CC,136,0.9024,discharge,-30.022,10.0,9.01,25.95,300.0,4.0795,3.6931,12.8706,2.8458,0.97785
RPC_CC,136,0.8075,discharge,-30.02,10.0,9.01,25.91,300.0,4.0223,3.6085,13.7841,2.8458,0.97785
RPC_CC,136,0.7126,discharge,-30.017,10.0,9.0,25.89,300.0,3.9209,3.5304,13.0093,2.8458,0.97785
RPC_CC,136,0.6178,discharge,-30.021,10.0,9.0,25.93,300.0,3.8272,3.4467,12.6745,2.8458,0.97785
RPC_CC,136,0.5229,discharge,-30.016,10.0,9.0,25.7,300.0,3.7337,3.3398,13.123,2.8458,0.97785
RPC_CC,136,0.428,discharge,-30.012,10.0,9.0,25.7,300.0,3.6519,3.2564,13.1781,2.8458,0.97785
RPC_CC,136,0.3331,discharge,-30.019,10.0,9.01,25.8,300.0,3.5904,3.1852,13.4981,2.8458,0.97785
RPC_CC,136,0.2382,discharge,-30.042,10.0,9.0,25.96,300.0,3.5028,3.0806,14.0537,2.8458,0.97785
RPC_CC,136,0.1908,discharge,-30.09,10.0,9.0,26.05,300.0,3.4415,2.9646,15.8491,2.8458,0.97785
RPC_CC,136,0.1437,discharge,-29.644,10.0,9.01,26.14,300.1,3.4066,2.6203,26.5248,2.8458,0.97785
RPC_CC,136,0.0693,discharge,-9.947,10.0,9.0,26.23,300.0,3.1592,2.5437,61.8786,2.8458,0.97785
RPC_CC,136,0.9973,discharge,-29.843,2.0,2.0,25.44,1578.9,4.1792,3.8027,12.6158,2.8458,0.97785
RPC_CC,136,0.9973,discharge,-29.843,10.0,9.0,25.44,1578.9,4.1792,3.7404,14.7034,2.8458,0.97785
RPC_CC,136,0.9499,discharge,-30.022,10.0,9.01,25.87,300.0,4.0996,3.7147,12.8206,2.8458,0.97785
RPC_CC,136,0.9024,discharge,-30.024,10.0,9.0,25.96,300.0,4.0794,3.6927,12.8797,2.8458,0.97785
RPC_CC,136,0.8075,discharge,-30.025,10.0,9.0,25.9,300.0,4.0222,3.608,13.7952,2.8458,0.97785
RPC_CC,136,0.7126,discharge,-30.019,10.0,9.0,25.91,300.0,3.9207,3.5301,13.0118,2.8458,0.97785
RPC_CC,136,0.6178,discharge,-30.025,10.0,9.0,25.91,300.0,3.827,3.4462,12.6828,2.8458,0.97785
RPC_CC,136,0.5229,discharge,-30.019,10.0,9.0,25.75,300.0,3.7333,3.3394,13.1217,2.8458,0.97785
RPC_CC,136,0.428,discharge,-30.016,10.0,9.0,25.74,300.0,3.6517,3.2563,13.173,2.8458,0.97785
RPC_CC,136,0.3331,discharge,-30.022,10.0,9.0,25.8,300.0,3.5902,3.1848,13.5034,2.8458,0.97785
RPC_CC,136,0.2382,discharge,-30.052,10.0,9.0,26.04,300.0,3.5025,3.0797,14.0689,2.8458,0.97785
RPC_CC,136,0.1908,discharge,-30.109,10.0,9.0,26.06,300.0,3.4413,2.9625,15.9022,2.8458,0.97785
RPC_CC,136,0.1437,discharge,-29.694,10.0,9.0,26.16,300.0,3.4064,2.6123,26.7432,2.8458,0.97785
RPC_CC,136,0.0971,discharge,-19.073,10.0,8.53,26.29,300.0,3.3399,2.4994,44.0675,2.8458,0.97785
RPC_CC,136,0.0693,discharge,-9.967,10.0,9.0,26.25,300.1,3.1579,2.5356,62.4379,2.8458,0.97785
RPC_CC,136,0.9973,discharge,-29.848,2.0,1.0,25.46,1580.0,4.179,3.822,11.9608,2.8458,0.97785
RPC_CC,136,0.9973,discharge,-29.848,10.0,9.01,25.46,1580.0,4.179,3.7398,14.7148,2.8458,0.97785
RPC_CC,136,0.9498,discharge,-30.025,10.0,9.0,25.86,300.0,4.0994,3.7141,12.8326,2.8458,0.97785
RPC_CC,136,0.9024,discharge,-30.028,10.0,9.0,25.95,300.0,4.0793,3.6922,12.8913,2.8458,0.97785
RPC_CC,136,0.8075,discharge,-30.028,10.0,9.0,25.93,300.0,4.0218,3.6075,13.7971,2.8458,0.97785
RPC_CC,136,0.7126,discharge,-30.024,10.0,9.0,25.92,300.0,3.9205,3.5296,13.0196,2.8458,0.97785
RPC_CC,136,0.6178,discharge,-30.028,10.0,9.0,25.9,300.0,3.8269,3.4459,12.6882,2.8458,0.97785
RPC_CC,136,0.5229,discharge,-30.024,10.0,9.0,25.73,300.0,3.7332,3.3391,13.1262,2.8458,0.97785
RPC_CC,136,0.428,discharge,-30.019,10.0,9.01,25.71,300.0,3.6517,3.2558,13.1883,2.8458,0.97785
RPC_CC,136,0.3331,discharge,-30.026,10.0,9.0,25.81,300.0,3.59,3.1844,13.5083,2.8458,0.97785
RPC_CC,136,0.2382,discharge,-30.059,10.0,9.0,26.01,300.1,3.5022,3.079,14.079,2.8458,0.97785
RPC_CC,136,0.1908,discharge,-30.011,10.0,9.0,26.13,300.0,3.4411,2.963,15.9308,2.8458,0.97785
RPC_CC,136,0.1437,discharge,-29.59,10.0,9.01,26.19,300.0,3.4062,2.6118,26.8465,2.8458,0.97785
RPC_CC,136,0.0972,discharge,-17.502,10.0,9.01,26.31,300.0,3.3392,2.5247,46.5389,2.8458,0.97785
RPC_CC,136,0.0693,discharge,-9.994,10.0,9.0,26.24,300.0,3.156,2.5249,63.1507,2.8458,0.97785
RPC_CC,136,0.953,charge,3.709,2.0,2.0,25.48,300.0,4.0991,4.1501,13.7494,2.8458,0.97785
RPC_CC,136,0.953,charge,3.709,10.0,9.0,25.48,300.0,4.0991,4.15,13.7225,2.8458,0.97785
RPC_CC,136,0.9058,charge,5.679,2.0,2.0,25.5,300.0,4.0792,4.1501,12.4855,2.8458,0.97785
RPC_CC,136,0.9058,charge,5.679,10.0,9.0,25.5,300.0,4.0792,4.1501,12.4855,2.8458,0.97785
RPC_CC,136,0.8115,charge,9.945,2.0,2.0,25.57,300.0,4.0217,4.1502,12.9209,2.8458,0.97785
RPC_CC,136,0.8115,charge,9.945,10.0,9.0,25.57,300.0,4.0217,4.1501,12.9109,2.8458,0.97785
RPC_CC,136,0.7167,charge,15.001,2.0,1.0,25.66,300.0,3.9208,4.0755,10.3126,2.8458,0.97785
RPC_CC,136,0.7167,charge,15.001,10.0,9.0,25.66,300.0,3.9208,4.1139,12.8725,2.8458,0.97785
RPC_CC,136,0.6218,charge,15.001,2.0,1.0,25.66,300.0,3.827,3.9804,10.226,2.8458,0.97785
RPC_CC,136,0.6218,charge,15.001,10.0,9.01,25.66,300.0,3.827,4.0268,13.3191,2.8458,0.97785
RPC_CC,136,0.5269,charge,15.001,2.0,2.0,25.52,300.0,3.7332,3.8917,10.566,2.8458,0.97785
RPC_CC,136,0.5269,charge,15.001,10.0,9.0,25.52,300.0,3.7332,3.9253,12.8058,2.8458,0.97785
RPC_CC,136,0.432,charge,15.001,2.0,2.0,25.5,300.0,3.6516,3.8093,10.5126,2.8458,0.97785
RPC_CC,136,0.432,charge,15.001,10.0,9.0,25.5,300.0,3.6516,3.8421,12.6992,2.8458,0.97785
RPC_CC,136,0.3372,charge,15.001,2.0,2.0,25.62,300.0,3.5899,3.7491,10.6126,2.8458,0.97785
RPC_CC,136,0.3372,charge,15.001,10.0,9.0,25.62,300.0,3.5899,3.7829,12.8658,2.8458,0.97785
RPC_CC,136,0.2423,charge,15.001,2.0,2.0,25.79,300.0,3.5024,3.6671,10.9793,2.8458,0.97785
RPC_CC,136,0.2423,charge,15.001,10.0,9.0,25.79,300.0,3.5024,3.7073,13.6591,2.8458,0.97785
RPC_CC,136,0.1948,charge,15.001,2.0,2.0,25.7,300.0,3.4396,3.607,11.1593,2.8458,0.97785
RPC_CC,136,0.1948,charge,15.001,10.0,9.0,25.7,300.0,3.4396,3.6491,13.9657,2.8458,0.97785
RPC_CC,136,0.1474,charge,15.001,2.0,2.0,25.75,300.0,3.406,3.5797,11.5792,2.8458,0.97785
RPC_CC,136,0.1474,charge,15.001,10.0,9.0,25.75,300.0,3.406,3.609,13.5324,2.8458,0.97785
RPC_CC,136,0.0999,charge,15.001,2.0,2.0,25.86,300.0,3.3388,3.5503,14.0991,2.8458,0.97785
RPC_CC,136,0.0999,charge,15.001,10.0,9.0,25.86,300.0,3.3388,3.591,16.8122,2.8458,0.97785
RPC_CC,136,0.0714,charge,15.001,2.0,2.0,25.95,300.0,3.1561,3.4137,17.1722,2.8458,0.97785
RPC_CC,136,0.0714,charge,15.001,10.0,9.0,25.95,300.0,3.1561,3.5133,23.8117,2.8458,0.97785
RPC_CC,136,0.0572,charge,15.001,2.0,2.0,25.95,300.0,2.9857,3.2857,19.9987,2.8458,0.97785
RPC_CC,136,0.0572,charge,15.001,10.0,9.0,25.95,300.0,2.9857,3.4227,29.1314,2.8458,0.97785
RPC_CC,136,0.9529,charge,3.365,2.0,2.0,25.51,300.1,4.0992,4.1397,12.0366,2.8458,0.97785
RPC_CC,136,0.9529,charge,3.365,10.0,9.0,25.51,300.1,4.0992,4.1485,14.6519,2.8458,0.97785
RPC_CC,136,0.9056,charge,5.298,2.0,2.0,25.52,300.1,4.0791,4.1393,11.3634,2.8458,0.97785
RPC_CC,136,0.9056,charge,5.298,10.0,9.0,25.52,300.1,4.0791,4.1491,13.2133,2.8458,0.97785
RPC_CC,136,0.8111,charge,9.021,2.0,2.0,25.64,300.1,4.0216,4.125,11.4618,2.8458,0.97785
RPC_CC,136,0.8111,charge,9.021,10.0,9.0,25.64,300.1,4.0216,4.1467,13.8672,2.8458,0.97785
RPC_CC,136,0.7168,charge,15.047,2.0,2.0,25.66,300.1,3.9208,4.0841,10.8527,2.8458,0.97785
RPC_CC,136,0.7168,charge,15.047,10.0,9.0,25.66,300.1,3.9208,4.1143,12.8597,2.8458,0.97785
RPC_CC,136,0.6219,charge,15.056,2.0,2.0,25.69,300.1,3.8271,3.9907,10.8661,2.8458,0.97785
RPC_CC,136,0.6219,charge,15.056,10.0,9.0,25.69,300.1,3.8271,4.0274,13.3037,2.8458,0.97785
RPC_CC,136,0.5269,charge,15.05,2.0,2.0,25.54,300.1,3.7332,3.8937,10.6641,2.8458,0.97785
RPC_CC,136,0.5269,charge,15.05,10.0,9.0,25.54,300.1,3.7332,3.926,12.8102,2.8458,0.97785
RPC_CC,136,0.4321,charge,15.05,2.0,2.0,25.51,300.1,3.6516,3.8112,10.605,2.8458,0.97785
RPC_CC,136,0.4321,charge,15.05,10.0,9.0,25.51,300.1,3.6516,3.8426,12.6915,2.8458,0.97785
RPC_CC,136,0.3372,charge,15.05,2.0,2.0,25.62,300.1,3.5899,3.751,10.704,2.8458,0.97785
RPC_CC,136,0.3372,charge,15.05,10.0,9.0,25.62,300.1,3.5899,3.7835,12.8634,2.8458,0.97785
RPC_CC,136,0.2423,charge,15.068,2.0,2.0,25.8,300.1,3.5023,3.6692,11.0765,2.8458,0.97785
RPC_CC,136,0.2423,charge,15.068,10.0,9.0,25.8,300.1,3.5023,3.708,13.6514,2.8458,0.97785
RPC_CC,136,0.1949,charge,15.073,2.0,2.0,25.75,300.1,3.4395,3.6092,11.2582,2.8458,0.97785
RPC_CC,136,0.1949,charge,15.073,10.0,9.0,25.75,300.1,3.4395,3.6499,13.9583,2.8458,0.97785
RPC_CC,136,0.1474,charge,15.047,2.0,2.0,25.75,300.1,3.406,3.5815,11.6635,2.8458,0.97785
RPC_CC,136,0.1474,charge,15.047,10.0,9.01,25.75,300.1,3.406,3.6094,13.5176,2.8458,0.97785
RPC_CC,136,0.1,charge,15.057,2.0,2.0,25.83,300.1,3.3387,3.5529,14.2259,2.8458,0.97785
RPC_CC,136,0.1,charge,15.057,10.0,9.0,25.83,300.1,3.3387,3.5917,16.8028,2.8458,0.97785
RPC_CC,136,0.0715,charge,15.168,2.0,2.0,25.96,300.1,3.1556,3.421,17.4979,2.8458,0.97785
RPC_CC,136,0.0715,charge,15.168,10.0,9.0,25.96,300.1,3.1556,3.5161,23.7679,2.8458,0.97785
RPC_CC,136,0.0573,charge,15.229,2.0,1.0,25.95,300.1,2.985,3.2701,18.7209,2.8458,0.97785
RPC_CC,136,0.0573,charge,15.229,10.0,9.0,25.95,300.1,2.985,3.4275,29.0564,2.8458,0.97785
RPC_CC,265,0.9973,discharge,-30.0,2.0,2.0,25.38,4124.0,4.1657,3.7498,13.8633,2.7861,0.95734
RPC_CC,265,0.9973,discharge,-30.0,10.0,9.0,25.38,4124.0,4.1657,3.6999,15.5267,2.7861,0.95734
RPC_CC,265,0.9727,charge,3.333,2.0,2.0,26.28,60.0,4.1004,4.1501,14.9124,2.7861,0.95734
RPC_CC,265,0.9727,charge,3.333,10.0,9.0,26.28,60.0,4.1004,4.1501,14.9124,2.7861,0.95734
RPC_CC,265,0.9508,discharge,-30.0,2.0,2.0,25.39,3600.0,4.0994,3.7202,12.64,2.7861,0.95734
RPC_CC,265,0.9508,discharge,-30.0,10.0,9.0,25.39,3600.0,4.0994,3.6743,14.17,2.7861,0.95734
RPC_CC,265,0.9265,charge,5.543,2.0,2.0,26.26,60.0,4.0768,4.1501,13.2246,2.7861,0.95734
RPC_CC,265,0.9265,charge,5.543,10.0,9.0,26.26,60.0,4.0768,4.15,13.2066,2.7861,0.95734
RPC_CC,265,0.9044,discharge,-30.0,2.0,2.0,25.45,3600.0,4.0809,3.7132,12.2567,2.7861,0.95734
RPC_CC,265,0.9044,discharge,-30.0,10.0,9.0,25.45,3600.0,4.0809,3.6566,14.1433,2.7861,0.95734
RPC_CC,265,0.8801,charge,6.465,2.0,2.0,26.31,60.0,4.0655,4.1501,13.085,2.7861,0.95734
RPC_CC,265,0.8801,charge,6.465,10.0,9.0,26.31,60.0,4.0655,4.15,13.0696,2.7861,0.95734
RPC_CC,265,0.8115,discharge,-30.0,2.0,2.0,25.4,3600.0,4.0277,3.6542,12.45,2.7861,0.95734
RPC_CC,265,0.8115,discharge,-30.0,10.0,9.0,25.4,3600.0,4.0277,3.581,14.89,2.7861,0.95734
RPC_CC,265,0.7878,charge,12.95,2.0,2.0,26.28,60.0,3.973,4.1504,13.6988,2.7861,0.95734
RPC_CC,265,0.7878,charge,12.95,10.0,9.0,26.28,60.0,3.973,4.1501,13.6757,2.7861,0.95734
RPC_CC,265,0.7186,discharge,-30.0,2.0,2.0,25.38,3600.0,3.924,3.5652,11.96,2.7861,0.95734
RPC_CC,265,0.7186,discharge,-30.0,10.0,9.0,25.38,3600.0,3.924,3.5039,14.0033,2.7861,0.95734
RPC_CC,265,0.6949,charge,15.0,2.0,2.0,26.22,60.0,3.8732,4.0398,11.1067,2.7861,0.95734
RPC_CC,265,0.6949,charge,15.0,10.0,9.0,26.22,60.0,3.8732,4.0877,14.3,2.7861,0.95734
RPC_CC,265,0.6257,discharge,-30.0,2.0,2.0,25.41,3600.0,3.8334,3.4898,11.4533,2.7861,0.95734
RPC_CC,265,0.6257,discharge,-30.0,10.0,9.0,25.41,3600.0,3.8334,3.4224,13.7,2.7861,0.95734
RPC_CC,265,0.602,charge,15.0,2.0,2.0,26.12,60.0,3.7931,3.9569,10.92,2.7861,0.95734
RPC_CC,265,0.602,charge,15.0,10.0,9.0,26.12,60.0,3.7931,3.994,13.3933,2.7861,0.95734
RPC_CC,265,0.5328,discharge,-30.0,2.0,2.0,25.42,3600.0,3.7409,3.3974,11.45,2.7861,0.95734
RPC_CC,265,0.5328,discharge,-30.0,10.0,9.0,25.42,3600.0,3.7409,3.3203,14.02,2.7861,0.95734
RPC_CC,265,0.5091,charge,15.0,2.0,2.0,26.21,60.0,3.7014,3.8669,11.0333,2.7861,0.95734
RPC_CC,265,0.5091,charge,15.0,10.0,9.0,26.21,60.0,3.7014,3.9066,13.68,2.7861,0.95734
RPC_CC,265,0.4399,discharge,-30.0,2.0,2.0,25.43,3600.0,3.6595,3.3165,11.4333,2.7861,0.95734
RPC_CC,265,0.4399,discharge,-30.0,10.0,9.0,25.43,3600.0,3.6595,3.2372,14.0767,2.7861,0.95734
RPC_CC,265,0.4162,charge,15.001,2.0,2.0,26.28,60.0,3.6219,3.7859,10.9326,2.7861,0.95734
RPC_CC,265,0.4162,charge,15.001,10.0,9.0,26.28,60.0,3.6219,3.8276,13.7124,2.7861,0.95734
RPC_CC,265,0.3469,discharge,-30.0,2.0,2.0,25.41,3600.0,3.6005,3.2494,11.7033,2.7861,0.95734
RPC_CC,265,0.3469,discharge,-30.0,10.0,9.0,25.41,3600.0,3.6005,3.1621,14.6133,2.7861,0.95734
RPC_CC,265,0.3233,charge,15.001,2.0,2.0,26.32,60.0,3.5564,3.7225,11.0726,2.7861,0.95734
RPC_CC,265,0.3233,charge,15.001,10.0,9.0,26.32,60.0,3.5564,3.7666,14.0124,2.7861,0.95734
RPC_CC,265,0.2541,discharge,-30.001,2.0,2.0,25.46,3600.0,3.5103,3.1339,12.5462,2.7861,0.95734
RPC_CC,265,0.2541,discharge,-30.001,10.0,9.0,25.46,3600.0,3.5103,3.0363,15.7995,2.7861,0.95734
RPC_CC,265,0.2304,charge,15.001,2.0,1.0,26.41,60.0,3.46,3.6254,11.0259,2.7861,0.95734
RPC_CC,265,0.2304,charge,15.001,10.0,9.0,26.41,60.0,3.46,3.6784,14.559,2.7861,0.95734
RPC_CC,265,0.2076,discharge,-30.0,2.0,2.0,25.44,3600.0,3.449,3.0499,13.3033,2.7861,0.95734
RPC_CC,265,0.2076,discharge,-30.0,10.0,9.0,25.44,3600.0,3.449,2.8982,18.36,2.7861,0.95734
RPC_CC,265,0.184,charge,15.001,2.0,2.0,26.53,60.0,3.4166,3.5956,11.9325,2.7861,0.95734
RPC_CC,265,0.184,charge,15.001,10.0,9.0,26.53,60.0,3.4166,3.6264,13.9857,2.7861,0.95734
RPC_CC,265,0.1612,discharge,-30.0,2.0,2.0,25.47,3600.0,3.4159,2.9072,16.9567,2.7861,0.95734
RPC_CC,265,0.1612,discharge,-30.0,10.0,9.0,25.47,3600.0,3.4159,2.5491,28.8933,2.7861,0.95734
RPC_CC,265,0.1376,charge,15.001,2.0,2.0,27.0,60.0,3.3749,3.5714,13.0991,2.7861,0.95734
RPC_CC,265,0.1376,charge,15.001,10.0,9.0,27.0,60.0,3.3749,3.6043,15.2923,2.7861,0.95734
RPC_CC,265,0.1147,discharge,-17.116,2.0,2.0,25.51,3600.0,3.3627,2.547,47.6572,2.7861,0.95734
RPC_CC,265,0.1147,discharge,-17.116,10.0,9.0,25.51,3600.0,3.3627,2.5497,47.4994,2.7861,0.95734
RPC_CC,265,0.0999,charge,15.001,2.0,2.0,26.8,60.0,3.2463,3.4935,16.4789,2.7861,0.95734
RPC_CC,265,0.0999,charge,15.001,10.0,9.0,26.8,60.0,3.2463,3.5727,21.7585,2.7861,0.95734
RPC_CC,265,0.0868,discharge,-9.424,2.0,1.0,25.48,3600.0,3.2224,2.5481,71.5498,2.7861,0.95734
RPC_CC,265,0.0868,discharge,-9.424,10.0,9.0,25.48,3600.0,3.2224,2.5498,71.3695,2.7861,0.95734
RPC_CC,265,0.0788,charge,15.0,2.0,2.0,26.2,60.0,3.0853,3.378,19.5133,2.7861,0.95734
RPC_CC,265,0.0788,charge,15.0,10.0,9.0,26.2,60.0,3.0853,3.4919,27.1067,2.7861,0.95734
RPC_CC,265,0.0732,discharge,-6.571,2.0,2.0,25.44,3600.0,3.1086,2.5493,85.1216,2.7861,0.95734
RPC_CC,265,0.0732,discharge,-6.571,10.0,9.0,25.44,3600.0,3.1086,2.5499,85.0303,2.7861,0.95734
RPC_CC,265,0.0681,charge,15.0,2.0,2.0,25.89,60.0,2.9606,3.2913,22.0467,2.7861,0.95734
RPC_CC,265,0.0681,charge,15.0,10.0,9.0,25.89,60.0,2.9606,3.4335,31.5267,2.7861,0.95734
RPC_CC,265,0.9973,discharge,-30.0,2.0,2.0,25.42,1727.8,4.1736,3.7574,13.8733,2.7861,0.95734
RPC_CC,265,0.9973,discharge,-30.0,10.0,9.0,25.42,1727.8,4.1736,3.705,15.62,2.7861,0.95734
RPC_CC,265,0.9508,discharge,-30.0,2.0,1.0,25.88,300.0,4.0957,3.7428,11.7633,2.7861,0.95734
RPC_CC,265,0.9508,discharge,-30.0,10.0,9.01,25.88,300.0,4.0957,3.6828,13.7633,2.7861,0.95734
RPC_CC,265,0.9044,discharge,-30.0,2.0,2.0,25.96,300.0,4.0772,3.7227,11.8167,2.7861,0.95734
RPC_CC,265,0.9044,discharge,-30.0,10.0,9.0,25.96,300.0,4.0772,3.6585,13.9567,2.7861,0.95734
RPC_CC,265,0.8115,discharge,-30.0,2.0,2.0,25.92,300.0,4.014,3.6513,12.09,2.7861,0.95734
RPC_CC,265,0.8115,discharge,-30.0,10.0,9.0,25.92,300.0,4.014,3.5785,14.5167,2.7861,0.95734
RPC_CC,265,0.7186,discharge,-30.0,2.0,2.0,25.91,300.0,3.9174,3.57,11.58,2.7861,0.95734
RPC_CC,265,0.7186,discharge,-30.0,10.0,9.0,25.91,300.0,3.9174,3.5069,13.6833,2.7861,0.95734
RPC_CC,265,0.6257,discharge,-30.0,2.0,2.0,25.91,300.0,3.8238,3.4905,11.11,2.7861,0.95734
RPC_CC,265,0.6257,discharge,-30.0,10.0,9.0,25.91,300.0,3.8238,3.4211,13.4233,2.7861,0.95734
RPC_CC,265,0.5328,discharge,-30.0,2.0,2.0,25.74,300.0,3.7321,3.3943,11.26,2.7861,0.95734
RPC_CC,265,0.5328,discharge,-30.0,10.0,9.01,25.74,300.0,3.7321,3.3151,13.9,2.7861,0.95734
RPC_CC,265,0.4399,discharge,-30.0,2.0,2.0,25.72,300.0,3.651,3.3134,11.2533,2.7861,0.95734
RPC_CC,265,0.4399,discharge,-30.0,10.0,9.0,25.72,300.0,3.651,3.2314,13.9867,2.7861,0.95734
RPC_CC,265,0.347,discharge,-30.0,2.0,2.0,25.82,300.0,3.5888,3.2438,11.5,2.7861,0.95734
RPC_CC,265,0.347,discharge,-30.0,10.0,9.0,25.82,300.0,3.5888,3.1555,14.4433,2.7861,0.95734
RPC_CC,265,0.2541,discharge,-30.0,2.0,2.0,26.03,300.0,3.5014,3.1321,12.31,2.7861,0.95734
RPC_CC,265,0.2541,discharge,-30.0,10.0,9.0,26.03,300.0,3.5014,3.0306,15.6933,2.7861,0.95734
RPC_CC,265,0.2076,discharge,-30.0,2.0,2.0,26.16,300.0,3.442,3.0419,13.3367,2.7861,0.95734
RPC_CC,265,0.2076,discharge,-30.0,10.0,9.0,26.16,300.0,3.442,2.8591,19.43,2.7861,0.95734
RPC_CC,265,0.1612,discharge,-30.0,2.0,1.0,26.25,300.0,3.4054,2.9301,15.8433,2.7861,0.95734
RPC_CC,265,0.1612,discharge,-30.0,10.0,9.0,26.25,300.0,3.4054,2.5498,28.52,2.7861,0.95734
RPC_CC,265,0.1147,discharge,-14.727,2.0,2.0,26.56,300.0,3.3431,2.549,53.9195,2.7861,0.95734
RPC_CC,265,0.1147,discharge,-14.727,10.0,9.0,26.56,300.0,3.3431,2.5499,53.8584,2.7861,0.95734
RPC_CC,265,0.0869,discharge,-7.91,2.0,2.0,26.55,300.0,3.1886,2.5496,80.7818,2.7861,0.95734
RPC_CC,265,0.0869,discharge,-7.91,10.0,9.0,26.55,300.0,3.1886,2.55,80.7312,2.7861,0.95734
RPC_CC,265,0.0735,discharge,-4.884,2.0,2.0,26.26,300.0,3.0512,2.5498,102.6691,2.7861,0.95734
RPC_CC,265,0.0735,discharge,-4.884,10.0,9.0,26.26,300.0,3.0512,2.5499,102.6486,2.7861,0.95734
RPC_CC,265,0.9973,discharge,-29.827,2.0,1.0,25.47,1724.2,4.1737,3.7819,13.136,2.7861,0.95734
RPC_CC,265,0.9973,discharge,-29.827,10.0,9.0,25.47,1724.2,4.1737,3.7056,15.6941,2.7861,0.95734
RPC_CC,265,0.9508,discharge,-29.82,2.0,2.0,25.89,300.0,4.0956,3.735,12.0924,2.7861,0.95734
RPC_CC,265,0.9508,discharge,-29.82,10.0,9.01,25.89,300.0,4.0956,3.6835,13.8194,2.7861,0.95734
RPC_CC,265,0.9044,discharge,-29.747,2.0,2.0,25.96,300.0,4.0772,3.7287,11.7153,2.7861,0.95734
RPC_CC,265,0.9044,discharge,-29.747,10.0,9.0,25.96,300.0,4.0772,3.6594,14.0449,2.7861,0.95734
RPC_CC,265,0.8115,discharge,-29.724,2.0,2.0,25.91,300.0,4.0139,3.6584,11.9598,2.7861,0.95734
RPC_CC,265,0.8115,discharge,-29.724,10.0,9.0,25.91,300.0,4.0139,3.5796,14.6108,2.7861,0.95734
RPC_CC,265,0.7186,discharge,-29.744,2.0,2.0,25.94,300.0,3.9173,3.5759,11.4781,2.7861,0.95734
RPC_CC,265,0.7186,discharge,-29.744,10.0,9.0,25.94,300.0,3.9173,3.5079,13.7644,2.7861,0.95734
RPC_CC,265,0.6257,discharge,-29.709,2.0,2.0,25.88,300.1,3.8237,3.4974,10.9832,2.7861,0.95734
RPC_CC,265,0.6257,discharge,-29.709,10.0,9.0,25.88,300.1,3.8237,3.4223,13.5111,2.7861,0.95734
RPC_CC,265,0.5328,discharge,-29.657,2.0,2.0,25.75,300.0,3.732,3.4028,11.1001,2.7861,0.95734
RPC_CC,265,0.5328,discharge,-29.657,10.0,9.0,25.75,300.0,3.732,3.3171,13.9897,2.7861,0.95734
RPC_CC,265,0.44,discharge,-29.639,2.0,2.0,25.74,300.0,3.651,3.3225,11.0832,2.7861,0.95734
RPC_CC,265,0.44,discharge,-29.639,10.0,9.0,25.74,300.0,3.651,3.2336,14.0826,2.7861,0.95734
RPC_CC,265,0.3471,discharge,-29.593,2.0,2.0,25.83,300.1,3.5888,3.2542,11.3067,2.7861,0.95734
RPC_CC,265,0.3471,discharge,-29.593,10.0,9.0,25.83,300.1,3.5888,3.1578,14.5643,2.7861,0.95734
RPC_CC,265,0.2542,discharge,-29.471,2.0,2.0,25.99,300.0,3.5011,3.1453,12.0727,2.7861,0.95734
RPC_CC,265,0.2542,discharge,-29.471,10.0,9.0,25.99,300.0,3.5011,3.0342,15.8424,2.7861,0.95734
RPC_CC,265,0.2078,discharge,-28.791,2.0,2.0,26.09,300.0,3.4417,3.0711,12.8721,2.7861,0.95734
RPC_CC,265,0.2078,discharge,-28.791,10.0,9.0,26.09,300.0,3.4417,2.8763,19.6381,2.7861,0.95734
RPC_CC,265,0.1621,discharge,-20.998,2.0,2.0,26.18,300.0,3.4051,3.0715,15.8876,2.7861,0.95734
RPC_CC,265,0.1621,discharge,-20.998,10.0,9.0,26.18,300.0,3.4051,2.7675,30.3655,2.7861,0.95734
RPC_CC,265,0.1166,discharge,-9.448,2.0,2.0,26.14,300.0,3.3403,3.1276,22.5132,2.7861,0.95734
RPC_CC,265,0.1166,discharge,-9.448,10.0,9.0,26.14,300.0,3.3403,2.9197,44.5183,2.7861,0.95734
RPC_CC,265,0.0891,discharge,-5.12,2.0,2.0,26.06,300.0,3.1799,3.0274,29.7881,2.7861,0.95734
RPC_CC,265,0.0891,discharge,-5.12,10.0,9.0,26.06,300.0,3.1799,2.8761,59.3417,2.7861,0.95734
RPC_CC,265,0.0754,discharge,-3.048,2.0,2.0,25.9,300.0,3.034,2.9285,34.618,2.7861,0.95734
RPC_CC,265,0.0754,discharge,-3.048,10.0,9.0,25.9,300.0,3.034,2.8267,68.0219,2.7861,0.95734
RPC_CC,265,0.9973,discharge,-29.836,2.0,2.0,25.42,1728.0,4.1736,3.7618,13.8021,2.7861,0.95734
RPC_CC,265,0.9973,discharge,-29.836,10.0,9.0,25.42,1728.0,4.1736,3.7045,15.7226,2.7861,0.95734
RPC_CC,265,0.9508,discharge,-29.828,2.0,2.0,25.88,300.0,4.0955,3.7338,12.126,2.7861,0.95734
RPC_CC,265,0.9508,discharge,-29.828,10.0,9.0,25.88,300.0,4.0955,3.6824,13.8492,2.7861,0.95734
RPC_CC,265,0.9044,discharge,-29.755,2.0,2.0,25.93,300.0,4.0771,3.7278,11.7394,2.7861,0.95734
RPC_CC,265,0.9044,discharge,-29.755,10.0,9.0,25.93,300.0,4.0771,3.6583,14.0752,2.7861,0.95734
RPC_CC,265,0.8115,discharge,-29.731,2.0,2.0,25.88,300.0,4.0135,3.6576,11.9707,2.7861,0.95734
RPC_CC,265,0.8115,discharge,-29.731,10.0,9.0,25.88,300.0,4.0135,3.5787,14.6245,2.7861,0.95734
RPC_CC,265,0.7186,discharge,-29.75,2.0,2.0,25.92,300.0,3.9172,3.5753,11.4926,2.7861,0.95734
RPC_CC,265,0.7186,discharge,-29.75,10.0,9.0,25.92,300.0,3.9172,3.507,13.7885,2.7861,0.95734
RPC_CC,265,0.6257,discharge,-29.716,2.0,2.0,25.84,300.1,3.8235,3.4966,11.0008,2.7861,0.95734
RPC_CC,265,0.6257,discharge,-29.716,10.0,9.0,25.84,300.1,3.8235,3.4215,13.5281,2.7861,0.95734
RPC_CC,265,0.5328,discharge,-29.666,2.0,2.0,25.74,300.0,3.7319,3.4021,11.1171,2.7861,0.95734
RPC_CC,265,0.5328,discharge,-29.666,10.0,9.0,25.74,300.0,3.7319,3.316,14.0194,2.7861,0.95734
RPC_CC,265,0.4399,discharge,-29.646,2.0,2.0,25.69,300.0,3.6508,3.3218,11.0976,2.7861,0.95734
RPC_CC,265,0.4399,discharge,-29.646,10.0,9.0,25.69,300.0,3.6508,3.2328,14.0997,2.7861,0.95734
RPC_CC,265,0.347,discharge,-29.603,2.0,2.0,25.81,300.0,3.5885,3.2535,11.3164,2.7861,0.95734
RPC_CC,265,0.347,discharge,-29.603,10.0,9.0,25.81,300.0,3.5885,3.1567,14.5864,2.7861,0.95734
RPC_CC,265,0.2542,discharge,-29.486,2.0,2.0,25.96,300.0,3.5008,3.1444,12.0871,2.7861,0.95734
RPC_CC,265,0.2542,discharge,-29.486,10.0,9.0,25.96,300.0,3.5008,3.0322,15.8923,2.7861,0.95734
RPC_CC,265,0.2078,discharge,-28.99,2.0,2.0,26.07,300.0,3.4413,3.0672,12.9044,2.7861,0.95734
RPC_CC,265,0.2078,discharge,-28.99,10.0,9.01,26.07,300.0,3.4413,2.8666,19.8241,2.7861,0.95734
RPC_CC,265,0.1616,discharge,-27.755,2.0,1.0,26.19,300.1,3.4048,3.0131,14.1128,2.7861,0.95734
RPC_CC,265,0.1161,discharge,-17.384,2.0,2.0,26.27,300.0,3.34,2.9154,24.4248,2.7861,0.95734
RPC_CC,265,0.0887,discharge,-10.454,2.0,2.0,26.2,300.0,3.1786,2.8362,32.7546,2.7861,0.95734
RPC_CC,265,0.0751,discharge,-7.072,2.0,2.0,25.99,300.0,3.0309,2.7565,38.7995,2.7861,0.95734
RPC_CC,265,0.9973,discharge,-29.839,2.0,2.0,25.4,1727.4,4.1735,3.7615,13.8074,2.7861,0.95734
RPC_CC,265,0.9973,discharge,-29.839,10.0,9.0,25.4,1727.4,4.1735,3.7041,15.7311,2.7861,0.95734
RPC_CC,265,0.9508,discharge,-29.831,2.0,1.0,25.84,300.0,4.0955,3.7468,11.6894,2.7861,0.95734
RPC_CC,265,0.9508,discharge,-29.831,10.0,9.01,25.84,300.0,4.0955,3.6822,13.8549,2.7861,0.95734
RPC_CC,265,0.9044,discharge,-29.759,2.0,2.0,25.94,300.0,4.0771,3.7275,11.7477,2.7861,0.95734
RPC_CC,265,0.9044,discharge,-29.759,10.0,9.01,25.94,300.0,4.0771,3.658,14.0831,2.7861,0.95734
RPC_CC,265,0.8115,discharge,-29.736,2.0,2.0,25.9,300.0,4.0133,3.657,11.9821,2.7861,0.95734
RPC_CC,265,0.8115,discharge,-29.736,10.0,9.0,25.9,300.0,4.0133,3.5783,14.6287,2.7861,0.95734
RPC_CC,265,0.7186,discharge,-29.752,2.0,2.0,25.89,300.0,3.917,3.5748,11.5017,2.7861,0.95734
RPC_CC,265,0.7186,discharge,-29.752,10.0,9.0,25.89,300.0,3.917,3.5067,13.7907,2.7861,0.95734
RPC_CC,265,0.6257,discharge,-29.72,2.0,2.0,25.87,300.0,3.8233,3.4962,11.0061,2.7861,0.95734
RPC_CC,265,0.6257,discharge,-29.72,10.0,9.0,25.87,300.0,3.8233,3.421,13.5363,2.7861,0.95734
RPC_CC,265,0.5328,discharge,-29.669,2.0,2.0,25.73,300.0,3.7316,3.4018,11.1162,2.7861,0.95734
RPC_CC,265,0.5328,discharge,-29.669,10.0,9.0,25.73,300.0,3.7316,3.3156,14.0216,2.7861,0.95734
RPC_CC,265,0.4399,discharge,-29.648,2.0,2.0,25.67,300.0,3.6507,3.3215,11.1034,2.7861,0.95734
RPC_CC,265,0.4399,discharge,-29.648,10.0,9.0,25.67,300.0,3.6507,3.2325,14.1053,2.7861,0.95734
RPC_CC,265,0.3471,discharge,-29.605,2.0,2.0,25.78,300.0,3.5884,3.253,11.329,2.7861,0.95734
RPC_CC,265,0.3471,discharge,-29.605,10.0,9.0,25.78,300.0,3.5884,3.1564,14.5919,2.7861,0.95734
RPC_CC,265,0.2542,discharge,-29.494,2.0,2.0,25.97,300.1,3.5005,3.1435,12.1042,2.7861,0.95734
RPC_CC,265,0.2542,discharge,-29.494,10.0,9.0,25.97,300.1,3.5005,3.0311,15.9151,2.7861,0.95734
RPC_CC,265,0.2078,discharge,-29.008,2.0,2.0,26.07,300.0,3.4411,3.066,12.9309,2.7861,0.95734
RPC_CC,265,0.2078,discharge,-29.008,10.0,9.0,26.07,300.0,3.4411,2.8635,19.9117,2.7861,0.95734
RPC_CC,265,0.1617,discharge,-26.701,2.0,1.0,26.18,300.0,3.4046,3.0307,14.0032,2.7861,0.95734
RPC_CC,265,0.1161,discharge,-16.666,2.0,2.0,26.3,300.0,3.3393,2.9394,23.995,2.7861,0.95734
RPC_CC,265,0.0888,discharge,-9.833,2.0,2.0,26.2,300.0,3.1769,2.8601,32.218,2.7861,0.95734
RPC_CC,265,0.0751,discharge,-6.483,2.0,2.0,26.0,300.1,3.0283,2.781,38.1436,2.7861,0.95734
RPC_CC,265,0.9973,discharge,-29.839,2.0,2.0,25.43,1728.4,4.1737,3.7615,13.8141,2.7861,0.95734
RPC_CC,265,0.9973,discharge,-29.839,10.0,9.0,25.43,1728.4,4.1737,3.7042,15.7344,2.7861,0.95734
RPC_CC,265,0.9508,discharge,-29.831,2.0,2.0,25.88,300.0,4.0956,3.7335,12.1384,2.7861,0.95734
RPC_CC,265,0.9508,discharge,-29.831,10.0,9.0,25.88,300.0,4.0956,3.6823,13.8547,2.7861,0.95734
RPC_CC,265,0.9044,discharge,-29.759,2.0,2.0,25.97,300.0,4.0769,3.7275,11.741,2.7861,0.95734
RPC_CC,265,0.9044,discharge,-29.759,10.0,9.0,25.97,300.0,4.0769,3.6579,14.0798,2.7861,0.95734
RPC_CC,265,0.8115,discharge,-29.736,2.0,2.0,25.9,300.0,4.0133,3.6569,11.9855,2.7861,0.95734
RPC_CC,265,0.8115,discharge,-29.736,10.0,9.0,25.9,300.0,4.0133,3.5781,14.6355,2.7861,0.95734
RPC_CC,265,0.7186,discharge,-29.754,2.0,2.0,25.93,300.0,3.9171,3.5748,11.5043,2.7861,0.95734
RPC_CC,265,0.7186,discharge,-29.754,10.0,9.0,25.93,300.0,3.9171,3.5065,13.7998,2.7861,0.95734
RPC_CC,265,0.6257,discharge,-29.721,2.0,2.0,25.88,300.0,3.8231,3.4962,10.999,2.7861,0.95734
RPC_CC,265,0.6257,discharge,-29.721,10.0,9.0,25.88,300.0,3.8231,3.421,13.5292,2.7861,0.95734
RPC_CC,265,0.5328,discharge,-29.67,2.0,2.0,25.73,300.0,3.7315,3.4017,11.1156,2.7861,0.95734
RPC_CC,265,0.5328,discharge,-29.67,10.0,9.0,25.73,300.0,3.7315,3.3156,14.0175,2.7861,0.95734
RPC_CC,265,0.4399,discharge,-29.649,2.0,2.0,25.75,300.0,3.6505,3.3216,11.0931,2.7861,0.95734
RPC_CC,265,0.4399,discharge,-29.649,10.0,9.0,25.75,300.0,3.6505,3.2326,14.0949,2.7861,0.95734
RPC_CC,265,0.3471,discharge,-29.607,2.0,2.0,25.84,300.1,3.5882,3.2532,11.3151,2.7861,0.95734
RPC_CC,265,0.3471,discharge,-29.607,10.0,9.0,25.84,300.1,3.5882,3.1564,14.5846,2.7861,0.95734
RPC_CC,265,0.2542,discharge,-29.494,2.0,2.0,26.0,300.0,3.5001,3.1434,12.094,2.7861,0.95734
RPC_CC,265,0.2542,discharge,-29.494,10.0,9.01,26.0,300.0,3.5001,3.0309,15.9083,2.7861,0.95734
RPC_CC,265,0.2078,discharge,-28.92,2.0,2.0,26.12,300.0,3.441,3.0671,12.9288,2.7861,0.95734
RPC_CC,265,0.2078,discharge,-28.92,10.0,9.0,26.12,300.0,3.441,2.8651,19.9136,2.7861,0.95734
RPC_CC,265,0.1618,discharge,-25.334,2.0,2.0,26.23,300.0,3.4044,2.9951,16.1558,2.7861,0.95734
RPC_CC,265,0.1618,discharge,-25.334,10.0,9.0,26.23,300.0,3.4044,2.52,34.9089,2.7861,0.95734
RPC_CC,265,0.1162,discharge,-15.721,2.0,2.0,26.32,300.0,3.3386,2.962,23.9552,2.7861,0.95734
RPC_CC,265,0.0888,discharge,-9.237,2.0,2.0,26.27,300.0,3.1757,2.8837,31.6105,2.7861,0.95734
RPC_CC,265,0.0751,discharge,-5.935,2.0,2.0,26.06,300.0,3.0262,2.8044,37.369,2.7861,0.95734
RPC_CC,265,0.9973,discharge,-29.84,2.0,2.0,25.46,1727.4,4.1735,3.7611,13.8201,2.7861,0.95734
RPC_CC,265,0.9973,discharge,-29.84,10.0,9.0,25.46,1727.4,4.1735,3.7039,15.737,2.7861,0.95734
RPC_CC,265,0.9509,discharge,-29.834,2.0,1.0,25.88,300.0,4.0956,3.7465,11.7016,2.7861,0.95734
RPC_CC,265,0.9509,discharge,-29.834,10.0,9.01,25.88,300.0,4.0956,3.6817,13.8737,2.7861,0.95734
RPC_CC,265,0.9044,discharge,-29.762,2.0,2.0,25.96,300.0,4.0769,3.7272,11.7499,2.7861,0.95734
RPC_CC,265,0.9044,discharge,-29.762,10.0,9.0,25.96,300.0,4.0769,3.6574,14.0952,2.7861,0.95734
RPC_CC,265,0.8115,discharge,-29.741,2.0,2.0,25.91,300.0,4.0131,3.6567,11.9837,2.7861,0.95734
RPC_CC,265,0.8115,discharge,-29.741,10.0,9.0,25.91,300.0,4.0131,3.5777,14.64,2.7861,0.95734
RPC_CC,265,0.7186,discharge,-29.756,2.0,2.0,25.92,300.0,3.9169,3.5744,11.5101,2.7861,0.95734
RPC_CC,265,0.7186,discharge,-29.756,10.0,9.0,25.92,300.0,3.9169,3.5061,13.8054,2.7861,0.95734
RPC_CC,265,0.6257,discharge,-29.724,2.0,2.0,25.9,300.0,3.8231,3.4958,11.0111,2.7861,0.95734
RPC_CC,265,0.6257,discharge,-29.724,10.0,9.0,25.9,300.0,3.8231,3.4206,13.541,2.7861,0.95734
RPC_CC,265,0.5328,discharge,-29.673,2.0,2.0,25.75,300.0,3.7314,3.4013,11.1246,2.7861,0.95734
RPC_CC,265,0.5328,discharge,-29.673,10.0,9.0,25.75,300.0,3.7314,3.3151,14.0296,2.7861,0.95734
RPC_CC,265,0.4399,discharge,-29.651,2.0,2.0,25.73,300.0,3.6505,3.3212,11.1059,2.7861,0.95734
RPC_CC,265,0.4399,discharge,-29.651,10.0,9.0,25.73,300.0,3.6505,3.2321,14.1108,2.7861,0.95734
RPC_CC,265,0.3471,discharge,-29.61,2.0,2.0,25.85,300.0,3.5881,3.2526,11.3304,2.7861,0.95734
RPC_CC,265,0.3471,discharge,-29.61,10.0,9.0,25.85,300.0,3.5881,3.156,14.5928,2.7861,0.95734
RPC_CC,265,0.2542,discharge,-29.503,2.0,2.0,26.02,300.0,3.4999,3.1428,12.1039,2.7861,0.95734
RPC_CC,265,0.2542,discharge,-29.503,10.0,9.01,26.02,300.0,3.4999,3.0297,15.9374,2.7861,0.95734
RPC_CC,265,0.2078,discharge,-28.937,2.0,2.0,26.12,300.0,3.4407,3.066,12.9488,2.7861,0.95734
RPC_CC,265,0.2078,discharge,-28.937,10.0,9.0,26.12,300.0,3.4407,2.8625,19.9813,2.7861,0.95734
RPC_CC,265,0.1618,discharge,-25.371,2.0,2.0,26.23,300.0,3.4042,2.9934,16.1917,2.7861,0.95734
RPC_CC,265,0.1618,discharge,-25.371,10.0,9.0,26.23,300.0,3.4042,2.5126,35.1425,2.7861,0.95734
RPC_CC,265,0.1162,discharge,-15.065,2.0,2.0,26.35,300.0,3.3381,2.9823,23.6177,2.7861,0.95734
RPC_CC,265,0.1162,discharge,-15.065,10.0,8.6,26.35,300.0,3.3381,2.4996,55.6588,2.7861,0.95734
RPC_CC,265,0.0889,discharge,-8.588,2.0,2.0,26.29,300.0,3.1746,2.9043,31.4751,2.7861,0.95734
RPC_CC,265,0.0889,discharge,-8.588,10.0,9.0,26.29,300.0,3.1746,2.5122,77.1331,2.7861,0.95734
RPC_CC,265,0.0752,discharge,-5.396,2.0,2.0,26.05,300.0,3.0244,2.8242,37.104,2.7861,0.95734
RPC_CC,265,0.0752,discharge,-5.396,10.0,9.0,26.05,300.0,3.0244,2.5311,91.4255,2.7861,0.95734
RPC_CC,265,0.9973,discharge,-29.847,2.0,2.0,25.46,1726.0,4.1734,3.7603,13.8406,2.7861,0.95734
RPC_CC,265,0.9973,discharge,-29.847,10.0,9.0,25.46,1726.0,4.1734,3.7032,15.7537,2.7861,0.95734
RPC_CC,265,0.9508,discharge,-29.837,2.0,2.0,25.87,300.0,4.0954,3.7328,12.1529,2.7861,0.95734
RPC_CC,265,0.9508,discharge,-29.837,10.0,9.0,25.87,300.0,4.0954,3.6813,13.879,2.7861,0.95734
RPC_CC,265,0.9044,discharge,-29.765,2.0,2.0,25.95,300.0,4.077,3.7267,11.7687,2.7861,0.95734
RPC_CC,265,0.9044,discharge,-29.765,10.0,9.0,25.95,300.0,4.077,3.6569,14.1137,2.7861,0.95734
RPC_CC,265,0.8115,discharge,-29.745,2.0,2.0,25.91,300.0,4.013,3.656,12.0022,2.7861,0.95734
RPC_CC,265,0.8115,discharge,-29.745,10.0,9.0,25.91,300.0,4.013,3.5771,14.6548,2.7861,0.95734
RPC_CC,265,0.7186,discharge,-29.76,2.0,2.0,25.93,300.0,3.9167,3.5741,11.5121,2.7861,0.95734
RPC_CC,265,0.7186,discharge,-29.76,10.0,9.0,25.93,300.0,3.9167,3.5058,13.8071,2.7861,0.95734
RPC_CC,265,0.6257,discharge,-29.727,2.0,2.0,25.9,300.0,3.8228,3.4954,11.0134,2.7861,0.95734
RPC_CC,265,0.6257,discharge,-29.727,10.0,9.0,25.9,300.0,3.8228,3.42,13.5497,2.7861,0.95734
RPC_CC,265,0.5328,discharge,-29.678,2.0,2.0,25.76,300.0,3.7313,3.4008,11.1362,2.7861,0.95734
RPC_CC,265,0.5328,discharge,-29.678,10.0,9.0,25.76,300.0,3.7313,3.3147,14.0373,2.7861,0.95734
RPC_CC,265,0.4399,discharge,-29.655,2.0,2.0,25.73,300.0,3.6503,3.3209,11.1077,2.7861,0.95734
RPC_CC,265,0.4399,discharge,-29.655,10.0,9.0,25.73,300.0,3.6503,3.2316,14.119,2.7861,0.95734
RPC_CC,265,0.3471,discharge,-29.615,2.0,2.0,25.82,300.0,3.5879,3.2522,11.3355,2.7861,0.95734
RPC_CC,265,0.3471,discharge,-29.615,10.0,9.0,25.82,300.0,3.5879,3.1553,14.6075,2.7861,0.95734
RPC_CC,265,0.2542,discharge,-29.511,2.0,2.0,26.02,300.0,3.4998,3.142,12.1245,2.7861,0.95734
RPC_CC,265,0.2542,discharge,-29.511,10.0,9.0,26.02,300.0,3.4998,3.0287,15.9638,2.7861,0.95734
RPC_CC,265,0.2078,discharge,-28.953,2.0,2.0,26.13,300.0,3.4406,3.0651,12.9695,2.7861,0.95734
RPC_CC,265,0.2078,discharge,-28.953,10.0,9.01,26.13,300.0,3.4406,2.8597,20.0639,2.7861,0.95734
RPC_CC,265,0.1618,discharge,-25.408,2.0,2.0,26.22,300.0,3.404,2.9916,16.2311,2.7861,0.95734
RPC_CC,265,0.1618,discharge,-25.408,10.0,9.0,26.22,300.0,3.404,2.5049,35.3865,2.7861,0.95734
RPC_CC,265,0.1163,discharge,-14.24,2.0,2.0,26.36,300.0,3.3376,3.0015,23.6025,2.7861,0.95734
RPC_CC,265,0.1163,discharge,-14.24,10.0,9.0,26.36,300.0,3.3376,2.5297,56.7346,2.7861,0.95734
RPC_CC,265,0.0889,discharge,-8.607,2.0,2.0,26.28,300.0,3.1734,2.9007,31.6842,2.7861,0.95734
RPC_CC,265,0.0889,discharge,-8.607,10.0,9.0,26.28,300.0,3.1734,2.5037,77.8106,2.7861,0.95734
RPC_CC,265,0.0752,discharge,-5.406,2.0,1.0,26.05,300.0,3.0225,2.8568,30.6486,2.7861,0.95734
RPC_CC,265,0.0752,discharge,-5.406,10.0,9.01,26.05,300.0,3.0225,2.5228,92.4266,2.7861,0.95734
RPC_CC,265,0.9973,discharge,-29.847,2.0,2.0,25.48,1728.0,4.1733,3.7604,13.8339,2.7861,0.95734
RPC_CC,265,0.9973,discharge,-29.847,10.0,9.01,25.48,1728.0,4.1733,3.7033,15.747,2.7861,0.95734
RPC_CC,265,0.9508,discharge,-29.837,2.0,1.0,25.91,300.0,4.0954,3.746,11.7103,2.7861,0.95734
RPC_CC,265,0.9508,discharge,-29.837,10.0,9.0,25.91,300.0,4.0954,3.6813,13.8787,2.7861,0.95734
RPC_CC,265,0.9044,discharge,-29.767,2.0,2.0,25.96,300.0,4.077,3.7267,11.7683,2.7861,0.95734
RPC_CC,265,0.9044,discharge,-29.767,10.0,9.0,25.96,300.0,4.077,3.6569,14.1132,2.7861,0.95734
RPC_CC,265,0.8115,discharge,-29.745,2.0,2.0,25.95,300.0,4.0128,3.6559,11.9985,2.7861,0.95734
RPC_CC,265,0.8115,discharge,-29.745,10.0,9.0,25.95,300.0,4.0128,3.5771,14.6476,2.7861,0.95734
RPC_CC,265,0.7186,discharge,-29.76,2.0,2.0,25.96,300.0,3.9168,3.5739,11.5222,2.7861,0.95734
RPC_CC,265,0.7186,discharge,-29.76,10.0,9.0,25.96,300.0,3.9168,3.5056,13.8172,2.7861,0.95734
RPC_CC,265,0.6257,discharge,-29.731,2.0,2.0,25.92,300.0,3.8228,3.4953,11.0154,2.7861,0.95734
RPC_CC,265,0.6257,discharge,-29.731,10.0,9.0,25.92,300.0,3.8228,3.4198,13.5549,2.7861,0.95734
RPC_CC,265,0.5328,discharge,-29.679,2.0,2.0,25.79,300.0,3.731,3.4006,11.1325,2.7861,0.95734
RPC_CC,265,0.5328,discharge,-29.679,10.0,9.0,25.79,300.0,3.731,3.3145,14.0335,2.7861,0.95734
RPC_CC,265,0.4399,discharge,-29.657,2.0,2.0,25.76,300.1,3.6504,3.3208,11.1135,2.7861,0.95734
RPC_CC,265,0.4399,discharge,-29.657,10.0,9.0,25.76,300.1,3.6504,3.2314,14.128,2.7861,0.95734
RPC_CC,265,0.3471,discharge,-29.618,2.0,1.0,25.86,300.0,3.5878,3.2721,10.6591,2.7861,0.95734
RPC_CC,265,0.3471,discharge,-29.618,10.0,9.01,25.86,300.0,3.5878,3.155,14.6127,2.7861,0.95734
RPC_CC,265,0.2542,discharge,-29.516,2.0,2.0,26.04,300.0,3.4995,3.1416,12.1256,2.7861,0.95734
RPC_CC,265,0.2542,discharge,-29.516,10.0,9.0,26.04,300.0,3.4995,3.0278,15.9812,2.7861,0.95734
RPC_CC,265,0.2078,discharge,-28.967,2.0,2.0,26.19,300.0,3.4403,3.0642,12.9837,2.7861,0.95734
RPC_CC,265,0.2078,discharge,-28.967,10.0,9.0,26.19,300.0,3.4403,2.8574,20.1229,2.7861,0.95734
RPC_CC,265,0.1619,discharge,-24.275,2.0,2.0,26.24,300.0,3.4039,3.0094,16.2513,2.7861,0.95734
RPC_CC,265,0.1619,discharge,-24.275,10.0,9.0,26.24,300.0,3.4039,2.5679,34.4387,2.7861,0.95734
RPC_CC,265,0.1163,discharge,-14.277,2.0,2.0,26.32,300.0,3.337,2.9967,23.8347,2.7861,0.95734
RPC_CC,265,0.1163,discharge,-14.277,10.0,9.0,26.32,300.0,3.337,2.5204,57.1949,2.7861,0.95734
RPC_CC,265,0.0889,discharge,-7.725,2.0,2.0,24.92,300.0,3.2294,2.9984,29.9021,2.7861,0.95734
RPC_CC,265,0.0889,discharge,-7.725,10.0,9.0,24.92,300.0,3.2294,2.7304,64.5938,2.7861,0.95734
RPC_CC,265,0.0752,discharge,-5.207,2.0,2.0,25.47,300.0,3.086,2.8975,36.2047,2.7861,0.95734
RPC_CC,265,0.0752,discharge,-5.207,10.0,9.0,25.47,300.0,3.086,2.676,78.7477,2.7861,0.95734
RPC_CC,265,0.9973,discharge,-29.851,2.0,2.0,25.48,1736.6,4.1732,3.7599,13.8457,2.7861,0.95734
RPC_CC,265,0.9973,discharge,-29.851,10.0,9.01,25.48,1736.6,4.1732,3.7025,15.7686,2.7861,0.95734
RPC_CC,265,0.9508,discharge,-29.841,2.0,2.0,25.91,300.1,4.0952,3.7325,12.1542,2.7861,0.95734
RPC_CC,265,0.9508,discharge,-29.841,10.0,9.01,25.91,300.1,4.0952,3.6806,13.8934,2.7861,0.95734
RPC_CC,265,0.9044,discharge,-29.773,2.0,2.0,25.99,300.1,4.077,3.7264,11.776,2.7861,0.95734
RPC_CC,265,0.9044,discharge,-29.773,10.0,9.01,25.99,300.1,4.077,3.6559,14.1439,2.7861,0.95734
RPC_CC,265,0.8115,discharge,-29.751,2.0,1.0,25.93,300.1,4.0126,3.6743,11.371,2.7861,0.95734
RPC_CC,265,0.8115,discharge,-29.751,10.0,9.01,25.93,300.1,4.0126,3.5764,14.6617,2.7861,0.95734
RPC_CC,265,0.7186,discharge,-29.766,2.0,2.0,25.94,300.1,3.9168,3.5736,11.5299,2.7861,0.95734
RPC_CC,265,0.7186,discharge,-29.766,10.0,9.01,25.94,300.1,3.9168,3.5048,13.8413,2.7861,0.95734
RPC_CC,265,0.6257,discharge,-29.735,2.0,2.0,25.92,300.0,3.8227,3.4946,11.0341,2.7861,0.95734
RPC_CC,265,0.6257,discharge,-29.735,10.0,9.0,25.92,300.0,3.8227,3.4192,13.5699,2.7861,0.95734
RPC_CC,265,0.5328,discharge,-29.685,2.0,2.0,25.77,300.1,3.7308,3.3999,11.1469,2.7861,0.95734
RPC_CC,265,0.5328,discharge,-29.685,10.0,9.01,25.77,300.1,3.7308,3.3137,14.0506,2.7861,0.95734
RPC_CC,265,0.4399,discharge,-29.666,2.0,2.0,25.78,300.1,3.6499,3.3197,11.1304,2.7861,0.95734
RPC_CC,265,0.4399,discharge,-29.666,10.0,9.0,25.78,300.1,3.6499,3.2303,14.1439,2.7861,0.95734
RPC_CC,265,0.3471,discharge,-29.627,2.0,1.0,25.87,300.1,3.5879,3.2712,10.6896,2.7861,0.95734
RPC_CC,265,0.3471,discharge,-29.627,10.0,9.0,25.87,300.1,3.5879,3.1538,14.6522,2.7861,0.95734
RPC_CC,265,0.2542,discharge,-29.53,2.0,2.0,26.03,300.0,3.5001,3.1409,12.1639,2.7861,0.95734
RPC_CC,265,0.2542,discharge,-29.53,10.0,9.01,26.03,300.0,3.5001,3.0262,16.0481,2.7861,0.95734
RPC_CC,265,0.2078,discharge,-28.983,2.0,2.0,26.17,300.1,3.4403,3.063,13.0182,2.7861,0.95734
RPC_CC,265,0.2078,discharge,-28.983,10.0,9.0,26.17,300.1,3.4403,2.8548,20.2018,2.7861,0.95734
RPC_CC,265,0.1619,discharge,-24.332,2.0,2.0,26.25,300.1,3.4038,3.0059,16.353,2.7861,0.95734
RPC_CC,265,0.1619,discharge,-24.332,10.0,9.0,26.25,300.1,3.4038,2.5571,34.7978,2.7861,0.95734
RPC_CC,265,0.1163,discharge,-14.304,2.0,2.0,26.33,300.1,3.3398,2.9961,24.0282,2.7861,0.95734
RPC_CC,265,0.1163,discharge,-14.304,10.0,9.0,26.33,300.1,3.3398,2.5128,57.816,2.7861,0.95734
RPC_CC,265,0.0887,discharge,-10.597,2.0,2.0,26.26,300.0,3.1796,2.8174,34.1795,2.7861,0.95734
RPC_CC,265,0.0751,discharge,-6.924,2.0,2.0,26.05,300.1,3.033,2.7583,39.675,2.7861,0.95734
RPC_CC,265,0.9973,discharge,-29.858,2.0,2.0,25.45,1733.7,4.1733,3.7589,13.8793,2.7861,0.95734
RPC_CC,265,0.9973,discharge,-29.858,10.0,9.0,25.45,1733.7,4.1733,3.7018,15.7917,2.7861,0.95734
RPC_CC,265,0.9509,discharge,-29.847,2.0,2.0,25.87,300.1,4.0953,3.7316,12.1855,2.7861,0.95734
RPC_CC,265,0.9509,discharge,-29.847,10.0,9.0,25.87,300.1,4.0953,3.6801,13.9109,2.7861,0.95734
RPC_CC,265,0.9044,discharge,-29.776,2.0,2.0,25.95,300.1,4.0769,3.7256,11.7979,2.7861,0.95734
RPC_CC,265,0.9044,discharge,-29.776,10.0,9.0,25.95,300.1,4.0769,3.6553,14.1588,2.7861,0.95734
RPC_CC,265,0.8115,discharge,-29.756,2.0,2.0,25.92,300.1,4.0124,3.6548,12.0177,2.7861,0.95734
RPC_CC,265,0.8115,discharge,-29.756,10.0,9.0,25.92,300.1,4.0124,3.5758,14.6727,2.7861,0.95734
RPC_CC,265,0.7186,discharge,-29.77,2.0,2.0,25.92,300.0,3.9167,3.5731,11.542,2.7861,0.95734
RPC_CC,265,0.7186,discharge,-29.77,10.0,9.0,25.92,300.0,3.9167,3.5045,13.8464,2.7861,0.95734
RPC_CC,265,0.6257,discharge,-29.739,2.0,2.0,25.9,300.1,3.8227,3.4942,11.0461,2.7861,0.95734
RPC_CC,265,0.6257,discharge,-29.739,10.0,9.0,25.9,300.1,3.8227,3.4186,13.5882,2.7861,0.95734
RPC_CC,265,0.5328,discharge,-29.688,2.0,2.0,25.74,300.0,3.7307,3.3994,11.1592,2.7861,0.95734
RPC_CC,265,0.5328,discharge,-29.688,10.0,9.0,25.74,300.0,3.7307,3.3133,14.0593,2.7861,0.95734
RPC_CC,265,0.4399,discharge,-29.668,2.0,2.0,25.74,300.1,3.65,3.3195,11.1399,2.7861,0.95734
RPC_CC,265,0.4399,discharge,-29.668,10.0,9.0,25.74,300.1,3.65,3.2302,14.1499,2.7861,0.95734
RPC_CC,265,0.3471,discharge,-29.63,2.0,2.0,25.82,300.1,3.5876,3.2508,11.3669,2.7861,0.95734
RPC_CC,265,0.3471,discharge,-29.63,10.0,9.0,25.82,300.1,3.5876,3.1535,14.6507,2.7861,0.95734
RPC_CC,265,0.2542,discharge,-29.536,2.0,2.0,26.03,300.0,3.4996,3.1402,12.1682,2.7861,0.95734
RPC_CC,265,0.2542,discharge,-29.536,10.0,9.01,26.03,300.0,3.4996,3.0251,16.0651,2.7861,0.95734
RPC_CC,265,0.2078,discharge,-28.896,2.0,2.0,26.12,300.1,3.4401,3.0635,13.0327,2.7861,0.95734
RPC_CC,265,0.2078,discharge,-28.896,10.0,9.0,26.12,300.1,3.4401,2.8549,20.2516,2.7861,0.95734
RPC_CC,265,0.1619,discharge,-24.363,2.0,2.0,26.24,300.1,3.4035,3.0043,16.3855,2.7861,0.95734
RPC_CC,265,0.1619,discharge,-24.363,10.0,9.0,26.24,300.1,3.4035,2.5497,35.0449,2.7861,0.95734
RPC_CC,265,0.1163,discharge,-14.331,2.0,2.0,26.3,300.0,3.3381,2.9929,24.0885,2.7861,0.95734
RPC_CC,265,0.1163,discharge,-14.331,10.0,9.01,26.3,300.0,3.3381,2.504,58.2045,2.7861,0.95734
RPC_CC,265,0.0888,discharge,-10.001,2.0,2.0,26.27,300.1,3.1755,2.8403,33.5155,2.7861,0.95734
RPC_CC,265,0.0751,discharge,-6.368,2.0,2.0,26.03,300.1,3.0263,2.778,38.9924,2.7861,0.95734
RPC_CC,265,0.9973,discharge,-29.862,2.0,2.0,25.4,1733.2,4.1732,3.7583,13.8939,2.7861,0.95734
RPC_CC,265,0.9973,discharge,-29.862,10.0,9.01,25.4,1733.2,4.1732,3.7012,15.806,2.7861,0.95734
RPC_CC,265,0.9508,discharge,-29.85,2.0,2.0,25.85,300.0,4.0952,3.7313,12.191,2.7861,0.95734
RPC_CC,265,0.9508,discharge,-29.85,10.0,9.0,25.85,300.0,4.0952,3.6796,13.9229,2.7861,0.95734
RPC_CC,265,0.9044,discharge,-29.781,2.0,2.0,25.94,300.1,4.0769,3.7251,11.8129,2.7861,0.95734
RPC_CC,265,0.9044,discharge,-29.781,10.0,9.0,25.94,300.1,4.0769,3.6549,14.1701,2.7861,0.95734
RPC_CC,265,0.8115,discharge,-29.761,2.0,2.0,25.88,300.1,4.0123,3.6543,12.029,2.7861,0.95734
RPC_CC,265,0.8115,discharge,-29.761,10.0,9.01,25.88,300.1,4.0123,3.5753,14.6834,2.7861,0.95734
RPC_CC,265,0.7186,discharge,-29.773,2.0,2.0,25.9,300.1,3.9164,3.5728,11.5405,2.7861,0.95734
RPC_CC,265,0.7186,discharge,-29.773,10.0,9.01,25.9,300.1,3.9164,3.5039,13.8546,2.7861,0.95734
RPC_CC,265,0.6257,discharge,-29.743,2.0,2.0,25.87,300.1,3.8224,3.4937,11.0513,2.7861,0.95734
RPC_CC,265,0.6257,discharge,-29.743,10.0,9.0,25.87,300.1,3.8224,3.4181,13.5931,2.7861,0.95734
RPC_CC,265,0.5328,discharge,-29.695,2.0,1.0,25.7,300.1,3.7306,3.4187,10.5035,2.7861,0.95734
RPC_CC,265,0.5328,discharge,-29.695,10.0,9.01,25.7,300.1,3.7306,3.3128,14.0697,2.7861,0.95734
RPC_CC,265,0.4399,discharge,-29.671,2.0,2.0,25.69,300.1,3.6499,3.3191,11.1489,2.7861,0.95734
RPC_CC,265,0.4399,discharge,-29.671,10.0,9.0,25.69,300.1,3.6499,3.2297,14.162,2.7861,0.95734
RPC_CC,265,0.3471,discharge,-29.636,2.0,2.0,25.77,300.1,3.5875,3.2502,11.3816,2.7861,0.95734
RPC_CC,265,0.3471,discharge,-29.636,10.0,9.0,25.77,300.1,3.5875,3.1528,14.6682,2.7861,0.95734
RPC_CC,265,0.2542,discharge,-29.546,2.0,1.0,26.0,300.1,3.4993,3.1623,11.4061,2.7861,0.95734
RPC_CC,265,0.2542,discharge,-29.546,10.0,9.01,26.0,300.1,3.4993,3.0238,16.0938,2.7861,0.95734
RPC_CC,265,0.2078,discharge,-28.919,2.0,2.0,26.1,300.1,3.44,3.0619,13.0742,2.7861,0.95734
RPC_CC,265,0.2078,discharge,-28.919,10.0,9.01,26.1,300.1,3.44,2.8513,20.3565,2.7861,0.95734
RPC_CC,265,0.1619,discharge,-24.403,2.0,2.0,26.21,300.1,3.4034,3.0023,16.4365,2.7861,0.95734
RPC_CC,265,0.1619,discharge,-24.403,10.0,9.01,26.21,300.1,3.4034,2.541,35.3399,2.7861,0.95734
RPC_CC,265,0.1163,discharge,-13.631,2.0,2.0,26.31,300.0,3.3372,3.0088,24.0913,2.7861,0.95734
RPC_CC,265,0.1163,discharge,-13.631,10.0,9.0,26.31,300.0,3.3372,2.5587,57.1104,2.7861,0.95734
RPC_CC,265,0.0888,discharge,-9.423,2.0,2.0,26.22,300.1,3.1726,2.8601,33.1625,2.7861,0.95734
RPC_CC,265,0.0751,discharge,-5.842,2.0,2.0,26.02,300.1,3.0217,2.7968,38.4974,2.7861,0.95734
RPC_CC,265,0.9973,discharge,-29.867,2.0,2.0,25.43,1736.1,4.1734,3.7577,13.9186,2.7861,0.95734
RPC_CC,265,0.9973,discharge,-29.867,10.0,9.01,25.43,1736.1,4.1734,3.7009,15.8204,2.7861,0.95734
RPC_CC,265,0.9508,discharge,-29.855,2.0,2.0,25.83,300.1,4.0954,3.7307,12.2157,2.7861,0.95734
RPC_CC,265,0.9508,discharge,-29.855,10.0,9.0,25.83,300.1,4.0954,3.6792,13.9407,2.7861,0.95734
RPC_CC,265,0.9044,discharge,-29.784,2.0,2.0,25.94,300.0,4.0769,3.7247,11.8253,2.7861,0.95734
RPC_CC,265,0.9044,discharge,-29.784,10.0,9.0,25.94,300.0,4.0769,3.6542,14.1924,2.7861,0.95734
RPC_CC,265,0.8115,discharge,-29.764,2.0,2.0,25.89,300.0,4.0121,3.654,12.0313,2.7861,0.95734
RPC_CC,265,0.8115,discharge,-29.764,10.0,9.0,25.89,300.0,4.0121,3.575,14.6855,2.7861,0.95734
RPC_CC,265,0.7186,discharge,-29.776,2.0,2.0,25.89,300.1,3.9163,3.5723,11.5531,2.7861,0.95734
RPC_CC,265,0.7186,discharge,-29.776,10.0,9.0,25.89,300.1,3.9163,3.5036,13.8604,2.7861,0.95734
RPC_CC,265,0.6257,discharge,-29.747,2.0,2.0,25.85,300.0,3.8224,3.4933,11.0633,2.7861,0.95734
RPC_CC,265,0.6257,discharge,-29.747,10.0,9.01,25.85,300.0,3.8224,3.4177,13.6047,2.7861,0.95734
RPC_CC,265,0.5328,discharge,-29.697,2.0,2.0,25.7,300.1,3.7306,3.3988,11.173,2.7861,0.95734
RPC_CC,265,0.5328,discharge,-29.697,10.0,9.01,25.7,300.1,3.7306,3.3124,14.0825,2.7861,0.95734
RPC_CC,265,0.4399,discharge,-29.675,2.0,2.0,25.7,300.1,3.6497,3.3189,11.1476,2.7861,0.95734
RPC_CC,265,0.4399,discharge,-29.675,10.0,9.0,25.7,300.1,3.6497,3.2292,14.1704,2.7861,0.95734
RPC_CC,265,0.3471,discharge,-29.64,2.0,2.0,25.76,300.1,3.5875,3.2498,11.3936,2.7861,0.95734
RPC_CC,265,0.3471,discharge,-29.64,10.0,9.01,25.76,300.1,3.5875,3.1524,14.6797,2.7861,0.95734
RPC_CC,265,0.2542,discharge,-29.553,2.0,1.0,25.96,300.1,3.4991,3.1619,11.4098,2.7861,0.95734
RPC_CC,265,0.2542,discharge,-29.553,10.0,9.01,25.96,300.1,3.4991,3.0229,16.1132,2.7861,0.95734
RPC_CC,265,0.2078,discharge,-28.937,2.0,2.0,26.07,300.0,3.4397,3.0609,13.0905,2.7861,0.95734
RPC_CC,265,0.2078,discharge,-28.937,10.0,9.01,26.07,300.0,3.4397,2.8485,20.4306,2.7861,0.95734
RPC_CC,265,0.1619,discharge,-24.434,2.0,2.0,26.18,300.1,3.4032,3.0005,16.4815,2.7861,0.95734
RPC_CC,265,0.1619,discharge,-24.434,10.0,9.0,26.18,300.1,3.4032,2.5344,35.5577,2.7861,0.95734
RPC_CC,265,0.1163,discharge,-13.653,2.0,2.0,26.27,300.1,3.3364,3.0062,24.1852,2.7861,0.95734
RPC_CC,265,0.1163,discharge,-13.653,10.0,9.0,26.27,300.1,3.3364,2.5516,57.4819,2.7861,0.95734
RPC_CC,265,0.0889,discharge,-8.859,2.0,1.0,26.2,300.1,3.1711,2.9345,26.7076,2.7861,0.95734
RPC_CC,265,0.0752,discharge,-5.302,2.0,2.0,26.0,300.1,3.0192,2.8164,38.253,2.7861,0.95734
RPC_CC,265,0.0752,discharge,-5.302,10.0,9.0,26.0,300.1,3.0192,2.5195,94.2555,2.7861,0.95734
RPC_CC,265,0.9973,discharge,-29.87,2.0,2.0,25.44,1734.0,4.1732,3.7573,13.9237,2.7861,0.95734
RPC_CC,265,0.9973,discharge,-29.87,10.0,9.01,25.44,1734.0,4.1732,3.7005,15.8252,2.7861,0.95734
RPC_CC,265,0.9508,discharge,-29.858,2.0,2.0,25.86,300.1,4.0953,3.7303,12.2247,2.7861,0.95734
RPC_CC,265,0.9508,discharge,-29.858,10.0,9.0,25.86,300.1,4.0953,3.6788,13.9496,2.7861,0.95734
RPC_CC,265,0.9044,discharge,-29.788,2.0,1.0,25.92,300.0,4.0769,3.7391,11.3399,2.7861,0.95734
RPC_CC,265,0.9044,discharge,-29.788,10.0,9.01,25.92,300.0,4.0769,3.654,14.1968,2.7861,0.95734
RPC_CC,265,0.8115,discharge,-29.767,2.0,2.0,25.89,300.1,4.0119,3.6533,12.0469,2.7861,0.95734
RPC_CC,265,0.8115,discharge,-29.767,10.0,9.0,25.89,300.1,4.0119,3.5744,14.6975,2.7861,0.95734
RPC_CC,265,0.7186,discharge,-29.779,2.0,1.0,25.91,300.1,3.9162,3.588,11.0212,2.7861,0.95734
RPC_CC,265,0.7186,discharge,-29.779,10.0,9.01,25.91,300.1,3.9162,3.5033,13.8655,2.7861,0.95734
RPC_CC,265,0.6257,discharge,-29.751,2.0,2.0,25.86,300.1,3.8222,3.493,11.0652,2.7861,0.95734
RPC_CC,265,0.6257,discharge,-29.751,10.0,9.01,25.86,300.1,3.8222,3.4173,13.6096,2.7861,0.95734
RPC_CC,265,0.5328,discharge,-29.701,2.0,2.0,25.72,300.1,3.7304,3.3984,11.1781,2.7861,0.95734
RPC_CC,265,0.5328,discharge,-29.701,10.0,9.01,25.72,300.1,3.7304,3.312,14.0871,2.7861,0.95734
RPC_CC,265,0.4399,discharge,-29.679,2.0,2.0,25.71,300.1,3.6497,3.3185,11.1592,2.7861,0.95734
RPC_CC,265,0.4399,discharge,-29.679,10.0,9.01,25.71,300.1,3.6497,3.2289,14.1781,2.7861,0.95734
RPC_CC,265,0.3471,discharge,-29.645,2.0,2.0,25.8,300.0,3.5873,3.2495,11.395,2.7861,0.95734
RPC_CC,265,0.3471,discharge,-29.645,10.0,9.0,25.8,300.0,3.5873,3.1519,14.6874,2.7861,0.95734
RPC_CC,265,0.2542,discharge,-29.563,2.0,2.0,25.97,300.1,3.4987,3.1378,12.2078,2.7861,0.95734
RPC_CC,265,0.2542,discharge,-29.563,10.0,9.0,25.97,300.1,3.4987,3.0217,16.135,2.7861,0.95734
RPC_CC,265,0.2078,discharge,-28.958,2.0,2.0,26.07,300.1,3.4395,3.0596,13.1192,2.7861,0.95734
RPC_CC,265,0.2078,discharge,-28.958,10.0,9.0,26.07,300.1,3.4395,2.8454,20.5163,2.7861,0.95734
RPC_CC,265,0.1619,discharge,-24.471,2.0,2.0,26.18,300.0,3.4031,2.9985,16.5339,2.7861,0.95734
RPC_CC,265,0.1619,discharge,-24.471,10.0,9.0,26.18,300.0,3.4031,2.5268,35.8097,2.7861,0.95734
RPC_CC,265,0.1163,discharge,-13.677,2.0,2.0,26.28,300.0,3.3356,3.0038,24.2606,2.7861,0.95734
RPC_CC,265,0.1163,discharge,-13.677,10.0,9.01,26.28,300.0,3.3356,2.5444,57.8511,2.7861,0.95734
RPC_CC,265,0.0889,discharge,-8.233,2.0,2.0,26.23,300.1,3.1692,2.901,32.5764,2.7861,0.95734
RPC_CC,265,0.0889,discharge,-8.233,10.0,9.0,26.23,300.1,3.1692,2.5162,79.3154,2.7861,0.95734
RPC_CC,265,0.0752,discharge,-5.317,2.0,2.0,25.97,300.1,3.0159,2.8111,38.5143,2.7861,0.95734
RPC_CC,265,0.0752,discharge,-5.317,10.0,9.01,25.97,300.1,3.0159,2.5062,95.8533,2.7861,0.95734
RPC_CC,265,0.9973,discharge,-29.87,2.0,2.0,25.47,1736.5,4.1731,3.7572,13.9239,2.7861,0.95734
RPC_CC,265,0.9973,discharge,-29.87,10.0,9.0,25.47,1736.5,4.1731,3.7004,15.8255,2.7861,0.95734
RPC_CC,265,0.9509,discharge,-29.858,2.0,2.0,25.88,300.0,4.0953,3.7304,12.2214,2.7861,0.95734
RPC_CC,265,0.9509,discharge,-29.858,10.0,9.01,25.88,300.0,4.0953,3.6787,13.9529,2.7861,0.95734
RPC_CC,265,0.9044,discharge,-29.79,2.0,2.0,25.95,300.0,4.0769,3.7242,11.8397,2.7861,0.95734
RPC_CC,265,0.9044,discharge,-29.79,10.0,9.01,25.95,300.0,4.0769,3.6537,14.2063,2.7861,0.95734
RPC_CC,265,0.8115,discharge,-29.769,2.0,2.0,25.89,300.0,4.0119,3.6531,12.0528,2.7861,0.95734
RPC_CC,265,0.8115,discharge,-29.769,10.0,9.0,25.89,300.0,4.0119,3.5742,14.7032,2.7861,0.95734
RPC_CC,265,0.7186,discharge,-29.781,2.0,2.0,25.9,300.0,3.9162,3.5719,11.5611,2.7861,0.95734
RPC_CC,265,0.7186,discharge,-29.781,10.0,9.0,25.9,300.0,3.9162,3.5029,13.878,2.7861,0.95734
RPC_CC,265,0.6257,discharge,-29.755,2.0,2.0,25.88,300.1,3.8221,3.4927,11.0706,2.7861,0.95734
RPC_CC,265,0.6257,discharge,-29.755,10.0,9.0,25.88,300.1,3.8221,3.4169,13.6181,2.7861,0.95734
RPC_CC,265,0.5328,discharge,-29.703,2.0,1.0,25.74,300.1,3.7304,3.4175,10.5341,2.7861,0.95734
RPC_CC,265,0.5328,discharge,-29.703,10.0,9.01,25.74,300.1,3.7304,3.3115,14.1027,2.7861,0.95734
RPC_CC,265,0.4399,discharge,-29.683,2.0,2.0,25.71,300.1,3.6496,3.3184,11.1581,2.7861,0.95734
RPC_CC,265,0.4399,discharge,-29.683,10.0,9.0,25.71,300.1,3.6496,3.2286,14.1834,2.7861,0.95734
RPC_CC,265,0.3471,discharge,-29.648,2.0,2.0,25.79,300.1,3.5872,3.2491,11.404,2.7861,0.95734
RPC_CC,265,0.3471,discharge,-29.648,10.0,9.01,25.79,300.1,3.5872,3.1516,14.6926,2.7861,0.95734
RPC_CC,265,0.2542,discharge,-29.569,2.0,2.0,25.97,300.1,3.4986,3.1374,12.2155,2.7861,0.95734
RPC_CC,265,0.2542,discharge,-29.569,10.0,9.0,25.97,300.1,3.4986,3.0209,16.1554,2.7861,0.95734
RPC_CC,265,0.2078,discharge,-28.852,2.0,2.0,26.08,300.0,3.4394,3.0605,13.1325,2.7861,0.95734
RPC_CC,265,0.2078,discharge,-28.852,10.0,9.01,26.08,300.0,3.4394,2.8464,20.5532,2.7861,0.95734
RPC_CC,265,0.1619,discharge,-24.499,2.0,2.0,26.2,300.1,3.4028,2.997,16.5639,2.7861,0.95734
RPC_CC,265,0.1619,discharge,-24.499,10.0,9.0,26.2,300.1,3.4028,2.5209,35.9974,2.7861,0.95734
RPC_CC,265,0.1163,discharge,-13.692,2.0,2.0,26.31,300.1,3.3352,3.0019,24.3418,2.7861,0.95734
RPC_CC,265,0.1163,discharge,-13.692,10.0,9.0,26.31,300.1,3.3352,2.539,58.1486,2.7861,0.95734
RPC_CC,265,0.0889,discharge,-8.246,2.0,2.0,26.25,300.1,3.1677,2.8985,32.6477,2.7861,0.95734
RPC_CC,265,0.0889,discharge,-8.246,10.0,9.0,26.25,300.1,3.1677,2.5103,79.7274,2.7861,0.95734
RPC_CC,265,0.0752,discharge,-4.889,2.0,2.0,26.01,300.0,3.0137,2.827,38.1858,2.7861,0.95734
RPC_CC,265,0.0752,discharge,-4.889,10.0,9.01,26.01,300.0,3.0137,2.5653,91.7114,2.7861,0.95734
RPC_CC,265,0.954,charge,3.617,2.0,1.0,25.48,300.0,4.0949,4.1501,15.2598,2.7861,0.95734
RPC_CC,265,0.954,charge,3.617,10.0,9.01,25.48,300.0,4.0949,4.15,15.2321,2.7861,0.95734
RPC_CC,265,0.9078,charge,5.383,2.0,1.0,25.48,300.0,4.0765,4.1501,13.6725,2.7861,0.95734
RPC_CC,265,0.9078,charge,5.383,10.0,9.0,25.48,300.0,4.0765,4.15,13.654,2.7861,0.95734
RPC_CC,265,0.8155,charge,9.962,2.0,2.0,25.64,300.0,4.0115,4.1502,13.9235,2.7861,0.95734
RPC_CC,265,0.8155,charge,9.962,10.0,9.0,25.64,300.0,4.0115,4.1501,13.9134,2.7861,0.95734
RPC_CC,265,0.7227,charge,15.001,2.0,2.0,25.64,300.0,3.9162,4.0875,11.4192,2.7861,0.95734
RPC_CC,265,0.7227,charge,15.001,10.0,9.01,25.64,300.0,3.9162,4.1209,13.6458,2.7861,0.95734
RPC_CC,265,0.6298,charge,15.001,2.0,2.0,25.64,300.0,3.8221,3.9923,11.3459,2.7861,0.95734
RPC_CC,265,0.6298,charge,15.001,10.0,9.0,25.64,300.0,3.8221,4.0316,13.9657,2.7861,0.95734
RPC_CC,265,0.5369,charge,15.001,2.0,1.0,25.5,300.0,3.7305,3.8899,10.626,2.7861,0.95734
RPC_CC,265,0.5369,charge,15.001,10.0,9.01,25.5,300.0,3.7305,3.9343,13.5858,2.7861,0.95734
RPC_CC,265,0.444,charge,15.0,2.0,2.0,25.52,300.0,3.6499,3.817,11.1396,2.7861,0.95734
RPC_CC,265,0.444,charge,15.0,10.0,9.01,25.52,300.0,3.6499,3.8518,13.4596,2.7861,0.95734
RPC_CC,265,0.3511,charge,15.001,2.0,2.0,25.59,300.0,3.5872,3.7569,11.3126,2.7861,0.95734
RPC_CC,265,0.3511,charge,15.001,10.0,9.01,25.59,300.0,3.5872,3.7927,13.6991,2.7861,0.95734
RPC_CC,265,0.2582,charge,15.001,2.0,2.0,25.79,300.0,3.4987,3.676,11.8192,2.7861,0.95734
RPC_CC,265,0.2582,charge,15.001,10.0,9.01,25.79,300.0,3.4987,3.7177,14.599,2.7861,0.95734
RPC_CC,265,0.2117,charge,15.001,2.0,2.0,25.71,300.0,3.4381,3.6201,12.1325,2.7861,0.95734
RPC_CC,265,0.2117,charge,15.001,10.0,9.0,25.71,300.0,3.4381,3.662,14.9257,2.7861,0.95734
RPC_CC,265,0.1653,charge,15.001,2.0,2.0,25.74,300.0,3.4028,3.5943,12.7658,2.7861,0.95734
RPC_CC,265,0.1653,charge,15.001,10.0,9.0,25.74,300.0,3.4028,3.6243,14.7657,2.7861,0.95734
RPC_CC,265,0.1188,charge,15.001,2.0,2.0,25.84,300.0,3.3341,3.5663,15.479,2.7861,0.95734
RPC_CC,265,0.1188,charge,15.001,10.0,9.0,25.84,300.0,3.3341,3.6069,18.1855,2.7861,0.95734
RPC_CC,265,0.0909,charge,15.001,2.0,2.0,26.02,300.0,3.1666,3.4429,18.4188,2.7861,0.95734
RPC_CC,265,0.0909,charge,15.001,10.0,9.0,26.02,300.0,3.1666,3.5389,24.8183,2.7861,0.95734
RPC_CC,265,0.077,charge,15.001,2.0,2.0,26.01,300.0,3.0149,3.3275,20.8386,2.7861,0.95734
RPC_CC,265,0.077,charge,15.001,10.0,9.0,26.01,300.0,3.0149,3.4559,29.398,2.7861,0.95734
RPC_CC,265,0.9539,charge,3.292,2.0,2.0,25.5,300.1,4.0947,4.139,13.4563,2.7861,0.95734
RPC_CC,265,0.9539,charge,3.292,10.0,9.0,25.5,300.1,4.0947,4.1484,16.3115,2.7861,0.95734
RPC_CC,265,0.9076,charge,5.033,2.0,2.0,25.52,300.1,4.0765,4.1392,12.4574,2.7861,0.95734
RPC_CC,265,0.9076,charge,5.033,10.0,9.01,25.52,300.1,4.0765,4.1492,14.4442,2.7861,0.95734
RPC_CC,265,0.815,charge,8.99,2.0,2.0,25.62,300.1,4.0114,4.1217,12.2693,2.7861,0.95734
RPC_CC,265,0.815,charge,8.99,10.0,9.0,25.62,300.1,4.0114,4.1461,14.9834,2.7861,0.95734
RPC_CC,265,0.7227,charge,15.049,2.0,2.0,25.65,300.1,3.9162,4.0893,11.5024,2.7861,0.95734
RPC_CC,265,0.7227,charge,15.049,10.0,9.0,25.65,300.1,3.9162,4.1215,13.6421,2.7861,0.95734
RPC_CC,265,0.6298,charge,15.059,2.0,2.0,25.64,300.1,3.8221,3.9945,11.4483,2.7861,0.95734
RPC_CC,265,0.6298,charge,15.059,10.0,9.0,25.64,300.1,3.8221,4.0323,13.9584,2.7861,0.95734
RPC_CC,265,0.5369,charge,15.053,2.0,1.0,25.5,300.1,3.7305,3.8922,10.742,2.7861,0.95734
RPC_CC,265,0.5369,charge,15.053,10.0,9.0,25.5,300.1,3.7305,3.9351,13.592,2.7861,0.95734
RPC_CC,265,0.444,charge,15.052,2.0,2.0,25.49,300.1,3.6499,3.8191,11.2414,2.7861,0.95734
RPC_CC,265,0.444,charge,15.052,10.0,9.0,25.49,300.1,3.6499,3.8525,13.4605,2.7861,0.95734
RPC_CC,265,0.3511,charge,15.063,2.0,2.0,25.62,300.1,3.5871,3.7588,11.3988,2.7861,0.95734
RPC_CC,265,0.3511,charge,15.063,10.0,9.0,25.62,300.1,3.5871,3.7934,13.6958,2.7861,0.95734
RPC_CC,265,0.2582,charge,15.069,2.0,2.0,25.8,300.1,3.4987,3.6785,11.9322,2.7861,0.95734
RPC_CC,265,0.2582,charge,15.069,10.0,9.01,25.8,300.1,3.4987,3.7186,14.5934,2.7861,0.95734
RPC_CC,265,0.2118,charge,15.072,2.0,1.0,25.69,300.1,3.4382,3.6147,11.7108,2.7861,0.95734
RPC_CC,265,0.2118,charge,15.072,10.0,9.01,25.69,300.1,3.4382,3.6629,14.9089,2.7861,0.95734
RPC_CC,265,0.1653,charge,15.05,2.0,2.0,25.74,300.1,3.4028,3.5963,12.8576,2.7861,0.95734
RPC_CC,265,0.1653,charge,15.05,10.0,9.0,25.74,300.1,3.4028,3.6249,14.758,2.7861,0.95734
RPC_CC,265,0.1189,charge,15.056,2.0,2.0,25.82,300.1,3.3339,3.5691,15.6217,2.7861,0.95734
RPC_CC,265,0.1189,charge,15.056,10.0,9.01,25.82,300.1,3.3339,3.6077,18.1854,2.7861,0.95734
RPC_CC,265,0.091,charge,15.159,2.0,1.0,26.02,300.1,3.1664,3.4312,17.4687,2.7861,0.95734
RPC_CC,265,0.091,charge,15.159,10.0,9.01,26.02,300.1,3.1664,3.5415,24.7452,2.7861,0.95734
RPC_CC,265,0.0771,charge,15.212,2.0,2.0,26.04,300.1,3.015,3.3387,21.2793,2.7861,0.95734
RPC_CC,265,0.0771,charge,15.212,10.0,9.0,26.04,300.1,3.015,3.4605,29.2861,2.7861,0.95734
RPC_CC,389,0.9973,discharge,-30.0,2.0,2.0,25.44,4253.9,4.1597,3.7141,14.8533,2.7214,0.93509
RPC_CC,389,0.9973,discharge,-30.0,10.0,9.0,25.44,4253.9,4.1597,3.6663,16.4467,2.7214,0.93509
RPC_CC,389,0.9727,charge,3.441,2.0,2.0,26.44,60.0,4.0953,4.15,15.897,2.7214,0.93509
RPC_CC,389,0.9727,charge,3.441,10.0,9.0,26.44,60.0,4.0953,4.15,15.897,2.7214,0.93509
RPC_CC,389,0.9519,discharge,-30.0,2.0,2.0,25.45,3600.0,4.0979,3.6887,13.64,2.7214,0.93509
RPC_CC,389,0.9519,discharge,-30.0,10.0,9.0,25.45,3600.0,4.0979,3.6417,15.2067,2.7214,0.93509
RPC_CC,389,0.9275,charge,5.24,2.0,2.0,26.4,60.0,4.0753,4.1501,14.2745,2.7214,0.93509
RPC_CC,389,0.9275,charge,5.24,10.0,9.0,26.4,60.0,4.0753,4.15,14.2555,2.7214,0.93509
RPC_CC,389,0.9065,discharge,-30.0,2.0,2.0,25.45,3600.0,4.0804,3.6837,13.2233,2.7214,0.93509
RPC_CC,389,0.9065,discharge,-30.0,10.0,9.0,25.45,3600.0,4.0804,3.624,15.2133,2.7214,0.93509
RPC_CC,389,0.8823,charge,6.122,2.0,2.0,26.4,60.0,4.0627,4.1501,14.2771,2.7214,0.93509
RPC_CC,389,0.8823,charge,6.122,10.0,9.0,26.4,60.0,4.0627,4.1501,14.2771,2.7214,0.93509
RPC_CC,389,0.8158,discharge,-30.0,2.0,2.0,25.46,3600.0,4.0255,3.6284,13.2367,2.7214,0.93509
RPC_CC,389,0.8158,discharge,-30.0,10.0,9.0,25.46,3600.0,4.0255,3.5536,15.73,2.7214,0.93509
RPC_CC,389,0.7921,charge,12.548,2.0,2.0,26.36,60.0,3.9678,4.1503,14.5442,2.7214,0.93509
RPC_CC,389,0.7921,charge,12.548,10.0,9.0,26.36,60.0,3.9678,4.1502,14.5362,2.7214,0.93509
RPC_CC,389,0.725,discharge,-30.0,2.0,2.0,25.48,3600.0,3.9236,3.5445,12.6367,2.7214,0.93509
RPC_CC,389,0.725,discharge,-30.0,10.0,9.0,25.48,3600.0,3.9236,3.4804,14.7733,2.7214,0.93509
RPC_CC,389,0.7014,charge,15.001,2.0,2.0,26.31,60.0,3.871,4.0458,11.6526,2.7214,0.93509
RPC_CC,389,0.7014,charge,15.001,10.0,9.0,26.31,60.0,3.871,4.0948,14.919,2.7214,0.93509
RPC_CC,389,0.6343,discharge,-30.0,2.0,2.0,25.47,3600.0,3.8331,3.4704,12.09,2.7214,0.93509
RPC_CC,389,0.6343,discharge,-30.0,10.0,9.0,25.47,3600.0,3.8331,3.399,14.47,2.7214,0.93509
RPC_CC,389,0.6107,charge,15.001,2.0,2.0,26.21,60.0,3.7924,3.9648,11.4926,2.7214,0.93509
RPC_CC,389,0.6107,charge,15.001,10.0,9.0,26.21,60.0,3.7924,4.0028,14.0257,2.7214,0.93509
RPC_CC,389,0.5436,discharge,-30.0,2.0,2.0,25.45,3600.0,3.7435,3.3796,12.13,2.7214,0.93509
RPC_CC,389,0.5436,discharge,-30.0,10.0,9.0,25.45,3600.0,3.7435,3.2983,14.84,2.7214,0.93509
RPC_CC,389,0.5199,charge,15.001,2.0,2.0,26.3,60.0,3.702,3.8764,11.6259,2.7214,0.93509
RPC_CC,389,0.5199,charge,15.001,10.0,9.0,26.3,60.0,3.702,3.9179,14.3924,2.7214,0.93509
RPC_CC,389,0.4528,discharge,-30.0,2.0,2.0,25.46,3600.0,3.6623,3.2977,12.1533,2.7214,0.93509
RPC_CC,389,0.4528,discharge,-30.0,10.0,9.0,25.46,3600.0,3.6623,3.2141,14.94,2.7214,0.93509
RPC_CC,389,0.4292,charge,15.001,2.0,2.0,26.35,60.0,3.6226,3.7958,11.5459,2.7214,0.93509
RPC_CC,389,0.4292,charge,15.001,10.0,9.0,26.35,60.0,3.6226,3.8391,14.4324,2.7214,0.93509
RPC_CC,389,0.3621,discharge,-30.0,2.0,2.0,25.47,3600.0,3.6033,3.2287,12.4867,2.7214,0.93509
RPC_CC,389,0.3621,discharge,-30.0,10.0,9.0,25.47,3600.0,3.6033,3.1364,15.5633,2.7214,0.93509
RPC_CC,389,0.3384,charge,15.001,2.0,2.0,26.42,60.0,3.5575,3.7336,11.7392,2.7214,0.93509
RPC_CC,389,0.3384,charge,15.001,10.0,9.0,26.42,60.0,3.5575,3.7789,14.759,2.7214,0.93509
RPC_CC,389,0.2713,discharge,-30.0,2.0,1.0,25.45,3600.0,3.5164,3.1328,12.7867,2.7214,0.93509
RPC_CC,389,0.2713,discharge,-30.0,10.0,9.0,25.45,3600.0,3.5164,3.0,17.2133,2.7214,0.93509
RPC_CC,389,0.2477,charge,15.001,2.0,2.0,26.52,60.0,3.4641,3.6499,12.3858,2.7214,0.93509
RPC_CC,389,0.2477,charge,15.001,10.0,9.0,26.52,60.0,3.4641,3.6952,15.4056,2.7214,0.93509
RPC_CC,389,0.226,discharge,-30.0,2.0,2.0,25.43,3600.0,3.4561,3.0185,14.5867,2.7214,0.93509
RPC_CC,389,0.226,discharge,-30.0,10.0,9.0,25.43,3600.0,3.4561,2.8457,20.3467,2.7214,0.93509
RPC_CC,389,0.2023,charge,15.001,2.0,2.0,26.62,60.0,3.4197,3.6102,12.6992,2.7214,0.93509
RPC_CC,389,0.2023,charge,15.001,10.0,9.0,26.62,60.0,3.4197,3.6423,14.839,2.7214,0.93509
RPC_CC,389,0.1806,discharge,-30.0,2.0,2.0,25.44,3600.0,3.4202,2.8639,18.5433,2.7214,0.93509
RPC_CC,389,0.1806,discharge,-30.0,10.0,9.0,25.44,3600.0,3.4202,2.5494,29.0267,2.7214,0.93509
RPC_CC,389,0.1573,charge,15.0,2.0,2.0,27.08,60.0,3.3814,3.587,13.7067,2.7214,0.93509
RPC_CC,389,0.1573,charge,15.0,10.0,9.0,27.08,60.0,3.3814,3.6192,15.8533,2.7214,0.93509
RPC_CC,389,0.1352,discharge,-17.334,2.0,2.0,25.44,3600.0,3.3773,2.5476,47.8655,2.7214,0.93509
RPC_CC,389,0.1352,discharge,-17.334,10.0,9.0,25.44,3600.0,3.3773,2.5498,47.7385,2.7214,0.93509
RPC_CC,389,0.1203,charge,15.001,2.0,2.0,26.76,60.0,3.2791,3.5327,16.9055,2.7214,0.93509
RPC_CC,389,0.1203,charge,15.001,10.0,9.0,26.76,60.0,3.2791,3.5992,21.3386,2.7214,0.93509
RPC_CC,389,0.108,discharge,-10.384,2.0,2.0,25.48,3600.0,3.2747,2.549,69.8864,2.7214,0.93509
RPC_CC,389,0.108,discharge,-10.384,10.0,9.0,25.48,3600.0,3.2747,2.5498,69.8093,2.7214,0.93509
RPC_CC,389,0.099,charge,15.001,2.0,2.0,26.28,60.0,3.1493,3.4416,19.4854,2.7214,0.93509
RPC_CC,389,0.099,charge,15.001,10.0,9.0,26.28,60.0,3.1493,3.5424,26.2049,2.7214,0.93509
RPC_CC,389,0.0945,discharge,-7.617,2.0,2.0,25.45,3600.0,3.1832,2.5493,83.225,2.7214,0.93509
RPC_CC,389,0.0945,discharge,-7.617,10.0,9.0,25.45,3600.0,3.1832,2.5498,83.1594,2.7214,0.93509
RPC_CC,389,0.0884,charge,15.001,2.0,2.0,26.03,60.0,3.0515,3.3718,21.3519,2.7214,0.93509
RPC_CC,389,0.0884,charge,15.001,10.0,9.0,26.03,60.0,3.0515,3.4924,29.3914,2.7214,0.93509
RPC_CC,389,0.9973,discharge,-30.0,2.0,2.0,25.49,1857.6,4.1699,3.7211,14.96,2.7214,0.93509
RPC_CC,389,0.9973,discharge,-30.0,10.0,9.0,25.49,1857.6,4.1699,3.6712,16.6233,2.7214,0.93509
RPC_CC,389,0.9519,discharge,-30.0,2.0,2.0,25.91,300.0,4.0935,3.701,13.0833,2.7214,0.93509
RPC_CC,389,0.9519,discharge,-30.0,10.0,9.0,25.91,300.0,4.0935,3.6518,14.7233,2.7214,0.93509
RPC_CC,389,0.9065,discharge,-30.0,2.0,2.0,26.05,300.0,4.076,3.6953,12.69,2.7214,0.93509
RPC_CC,389,0.9065,discharge,-30.0,10.0,9.0,26.05,300.0,4.076,3.6254,15.02,2.7214,0.93509
RPC_CC,389,0.8158,discharge,-30.0,2.0,2.0,25.97,300.0,4.0079,3.625,12.7633,2.7214,0.93509
RPC_CC,389,0.8158,discharge,-30.0,10.0,9.0,25.97,300.0,4.0079,3.5512,15.2233,2.7214,0.93509
RPC_CC,389,0.725,discharge,-30.0,2.0,1.0,25.98,300.0,3.9151,3.565,11.67,2.7214,0.93509
RPC_CC,389,0.725,discharge,-30.0,10.0,9.01,25.98,300.0,3.9151,3.4834,14.39,2.7214,0.93509
RPC_CC,389,0.6343,discharge,-30.0,2.0,2.0,25.92,300.0,3.8222,3.4703,11.73,2.7214,0.93509
RPC_CC,389,0.6343,discharge,-30.0,10.0,9.0,25.92,300.0,3.8222,3.3968,14.18,2.7214,0.93509
RPC_CC,389,0.5435,discharge,-30.0,2.0,2.0,25.79,300.0,3.7329,3.3757,11.9067,2.7214,0.93509
RPC_CC,389,0.5435,discharge,-30.0,10.0,9.0,25.79,300.0,3.7329,3.2925,14.68,2.7214,0.93509
RPC_CC,389,0.4528,discharge,-30.0,2.0,1.0,25.79,300.0,3.6524,3.3136,11.2933,2.7214,0.93509
RPC_CC,389,0.4528,discharge,-30.0,10.0,9.0,25.79,300.0,3.6524,3.2086,14.7933,2.7214,0.93509
RPC_CC,389,0.3621,discharge,-30.0,2.0,1.0,25.89,300.0,3.5901,3.2425,11.5867,2.7214,0.93509
RPC_CC,389,0.3621,discharge,-30.0,10.0,9.01,25.89,300.0,3.5901,3.1286,15.3833,2.7214,0.93509
RPC_CC,389,0.2713,discharge,-30.0,2.0,2.0,26.05,300.0,3.5049,3.1047,13.34,2.7214,0.93509
RPC_CC,389,0.2713,discharge,-30.0,10.0,9.01,26.05,300.0,3.5049,2.9865,17.28,2.7214,0.93509
RPC_CC,389,0.226,discharge,-30.0,2.0,2.0,26.22,300.0,3.447,3.004,14.7667,2.7214,0.93509
RPC_CC,389,0.226,discharge,-30.0,10.0,9.0,26.22,300.0,3.447,2.7902,21.8933,2.7214,0.93509
RPC_CC,389,0.1806,discharge,-29.456,2.0,2.0,26.32,300.0,3.408,2.7959,20.7805,2.7214,0.93509
RPC_CC,389,0.1806,discharge,-29.456,10.0,9.0,26.32,300.0,3.408,2.55,29.1287,2.7214,0.93509
RPC_CC,389,0.1352,discharge,-14.721,2.0,2.0,26.58,300.0,3.3568,2.5497,54.8283,2.7214,0.93509
RPC_CC,389,0.1352,discharge,-14.721,10.0,9.0,26.58,300.0,3.3568,2.5499,54.8147,2.7214,0.93509
RPC_CC,389,0.108,discharge,-8.621,2.0,1.0,26.55,300.0,3.2404,2.5498,80.109,2.7214,0.93509
RPC_CC,389,0.108,discharge,-8.621,10.0,9.0,26.55,300.0,3.2404,2.5499,80.0974,2.7214,0.93509
RPC_CC,389,0.0947,discharge,-5.956,2.0,2.0,26.3,300.0,3.1366,2.5499,98.5107,2.7214,0.93509
RPC_CC,389,0.0947,discharge,-5.956,10.0,9.0,26.3,300.0,3.1366,2.55,98.4939,2.7214,0.93509
RPC_CC,389,0.9973,discharge,-29.845,2.0,2.0,25.5,1200.1,4.1643,3.7244,14.7395,2.7214,0.93509
RPC_CC,389,0.9973,discharge,-29.845,10.0,9.0,25.5,1200.1,4.1643,3.6703,16.5522,2.7214,0.93509
RPC_CC,389,0.9519,discharge,-29.815,2.0,2.0,25.91,300.0,4.0921,3.7054,12.97,2.7214,0.93509
RPC_CC,389,0.9519,discharge,-29.815,10.0,9.01,25.91,300.0,4.0921,3.6511,14.7912,2.7214,0.93509
RPC_CC,389,0.9066,discharge,-29.735,2.0,2.0,26.01,300.1,4.0754,3.7015,12.5744,2.7214,0.93509
RPC_CC,389,0.9066,discharge,-29.735,10.0,9.0,26.01,300.1,4.0754,3.6245,15.1639,2.7214,0.93509
RPC_CC,389,0.8159,discharge,-29.739,2.0,2.0,25.95,300.0,4.005,3.63,12.6099,2.7214,0.93509
RPC_CC,389,0.8159,discharge,-29.739,10.0,9.0,25.95,300.0,4.005,3.5501,15.2967,2.7214,0.93509
RPC_CC,389,0.7251,discharge,-29.747,2.0,2.0,25.95,300.0,3.9129,3.5541,12.0619,2.7214,0.93509
RPC_CC,389,0.7251,discharge,-29.747,10.0,9.0,25.95,300.0,3.9129,3.4821,14.4824,2.7214,0.93509
RPC_CC,389,0.6344,discharge,-29.715,2.0,2.0,25.89,300.0,3.8194,3.4751,11.5865,2.7214,0.93509
RPC_CC,389,0.6344,discharge,-29.715,10.0,9.0,25.89,300.0,3.8194,3.3946,14.2956,2.7214,0.93509
RPC_CC,389,0.5436,discharge,-29.665,2.0,2.0,25.8,300.0,3.7302,3.3824,11.7245,2.7214,0.93509
RPC_CC,389,0.5436,discharge,-29.665,10.0,9.01,25.8,300.0,3.7302,3.2915,14.7887,2.7214,0.93509
RPC_CC,389,0.4529,discharge,-29.636,2.0,2.0,25.76,300.0,3.6504,3.3026,11.7357,2.7214,0.93509
RPC_CC,389,0.4529,discharge,-29.636,10.0,9.0,25.76,300.0,3.6504,3.2084,14.9143,2.7214,0.93509
RPC_CC,389,0.3622,discharge,-29.587,2.0,2.0,25.87,300.1,3.5881,3.2315,12.0528,2.7214,0.93509
RPC_CC,389,0.3622,discharge,-29.587,10.0,9.0,25.87,300.1,3.5881,3.1282,15.5443,2.7214,0.93509
RPC_CC,389,0.2715,discharge,-29.41,2.0,2.0,26.04,300.0,3.5011,3.1166,13.074,2.7214,0.93509
RPC_CC,389,0.2715,discharge,-29.41,10.0,9.0,26.04,300.0,3.5011,2.9832,17.61,2.7214,0.93509
RPC_CC,389,0.2262,discharge,-28.678,2.0,2.0,26.17,300.0,3.4436,3.0344,14.2685,2.7214,0.93509
RPC_CC,389,0.2262,discharge,-28.678,10.0,9.0,26.17,300.0,3.4436,2.7887,22.8359,2.7214,0.93509
RPC_CC,389,0.1816,discharge,-20.084,2.0,2.0,26.25,300.0,3.4055,3.0441,17.994,2.7214,0.93509
RPC_CC,389,0.1816,discharge,-20.084,10.0,9.0,26.25,300.0,3.4055,2.7181,34.2254,2.7214,0.93509
RPC_CC,389,0.1371,discharge,-9.887,2.0,2.0,26.2,300.0,3.3464,3.0893,26.0027,2.7214,0.93509
RPC_CC,389,0.1371,discharge,-9.887,10.0,9.0,26.2,300.0,3.3464,2.8369,51.53,2.7214,0.93509
RPC_CC,389,0.1102,discharge,-5.773,2.0,2.0,26.11,300.0,3.2104,3.0167,33.5522,2.7214,0.93509
RPC_CC,389,0.1102,discharge,-5.773,10.0,9.0,26.11,300.0,3.2104,2.8179,67.9877,2.7214,0.93509
RPC_CC,389,0.0968,discharge,-3.967,2.0,2.0,25.91,300.0,3.0899,2.9369,38.5638,2.7214,0.93509
RPC_CC,389,0.0968,discharge,-3.967,10.0,9.0,25.91,300.0,3.0899,2.7778,78.6651,2.7214,0.93509
RPC_CC,389,0.9973,discharge,-29.845,2.0,2.0,25.46,1853.9,4.1697,3.7249,14.9039,2.7214,0.93509
RPC_CC,389,0.9973,discharge,-29.845,10.0,9.0,25.46,1853.9,4.1697,3.6705,16.7267,2.7214,0.93509
RPC_CC,389,0.9519,discharge,-29.819,2.0,2.0,25.91,300.0,4.0935,3.7045,13.0454,2.7214,0.93509
RPC_CC,389,0.9519,discharge,-29.819,10.0,9.0,25.91,300.0,4.0935,3.6511,14.8362,2.7214,0.93509
RPC_CC,389,0.9066,discharge,-29.731,2.0,2.0,26.01,300.0,4.076,3.7012,12.6064,2.7214,0.93509
RPC_CC,389,0.9066,discharge,-29.731,10.0,9.0,26.01,300.0,4.076,3.6252,15.1626,2.7214,0.93509
RPC_CC,389,0.8159,discharge,-29.725,2.0,2.0,25.95,300.0,4.0077,3.6316,12.6524,2.7214,0.93509
RPC_CC,389,0.8159,discharge,-29.725,10.0,9.0,25.95,300.0,4.0077,3.5514,15.3505,2.7214,0.93509
RPC_CC,389,0.7251,discharge,-29.733,2.0,2.0,25.98,300.0,3.9149,3.5554,12.0909,2.7214,0.93509
RPC_CC,389,0.7251,discharge,-29.733,10.0,9.0,25.98,300.0,3.9149,3.4837,14.5024,2.7214,0.93509
RPC_CC,389,0.6344,discharge,-29.691,2.0,2.0,25.91,300.0,3.8222,3.4777,11.6026,2.7214,0.93509
RPC_CC,389,0.6344,discharge,-29.691,10.0,9.0,25.91,300.0,3.8222,3.3978,14.2937,2.7214,0.93509
RPC_CC,389,0.5436,discharge,-29.64,2.0,2.0,25.79,300.0,3.7327,3.3851,11.7272,2.7214,0.93509
RPC_CC,389,0.5436,discharge,-29.64,10.0,9.01,25.79,300.0,3.7327,3.2941,14.7973,2.7214,0.93509
RPC_CC,389,0.4529,discharge,-29.618,2.0,2.0,25.77,300.0,3.6523,3.3045,11.7429,2.7214,0.93509
RPC_CC,389,0.4529,discharge,-29.618,10.0,9.0,25.77,300.0,3.6523,3.2105,14.9166,2.7214,0.93509
RPC_CC,389,0.3622,discharge,-29.562,2.0,2.0,25.86,300.0,3.59,3.2338,12.049,2.7214,0.93509
RPC_CC,389,0.3622,discharge,-29.562,10.0,9.0,25.86,300.0,3.59,3.1309,15.5298,2.7214,0.93509
RPC_CC,389,0.2715,discharge,-29.354,2.0,2.0,26.05,300.0,3.5044,3.1216,13.0408,2.7214,0.93509
RPC_CC,389,0.2715,discharge,-29.354,10.0,9.0,26.05,300.0,3.5044,2.9909,17.4934,2.7214,0.93509
RPC_CC,389,0.2262,discharge,-28.535,2.0,2.0,26.16,300.0,3.4467,3.0426,14.1618,2.7214,0.93509
RPC_CC,389,0.2262,discharge,-28.535,10.0,9.0,26.16,300.0,3.4467,2.8112,22.2713,2.7214,0.93509
RPC_CC,389,0.1813,discharge,-24.569,2.0,2.0,26.24,300.1,3.4076,2.969,17.8514,2.7214,0.93509
RPC_CC,389,0.1813,discharge,-24.569,10.0,9.0,26.24,300.1,3.4076,2.5107,36.5046,2.7214,0.93509
RPC_CC,389,0.1367,discharge,-15.068,2.0,2.0,26.35,300.0,3.3542,2.9668,25.7101,2.7214,0.93509
RPC_CC,389,0.1367,discharge,-15.068,10.0,8.68,26.35,300.0,3.3542,2.4993,56.7361,2.7214,0.93509
RPC_CC,389,0.11,discharge,-9.418,2.0,2.0,26.24,300.1,3.2323,2.9203,33.1263,2.7214,0.93509
RPC_CC,389,0.11,discharge,-9.418,10.0,9.0,26.24,300.1,3.2323,2.5032,77.4115,2.7214,0.93509
RPC_CC,389,0.0966,discharge,-6.646,2.0,2.0,26.04,300.0,3.1223,2.8691,38.0955,2.7214,0.93509
RPC_CC,389,0.0966,discharge,-6.646,10.0,9.0,26.04,300.0,3.1223,2.5273,89.5215,2.7214,0.93509
RPC_CC,389,0.9973,discharge,-29.849,2.0,2.0,25.46,1851.6,4.1698,3.7244,14.9218,2.7214,0.93509
RPC_CC,389,0.9973,discharge,-29.849,10.0,9.0,25.46,1851.6,4.1698,3.6699,16.7476,2.7214,0.93509
RPC_CC,389,0.9519,discharge,-29.822,2.0,2.0,25.92,300.0,4.0934,3.7041,13.0541,2.7214,0.93509
RPC_CC,389,0.9519,discharge,-29.822,10.0,9.0,25.92,300.0,4.0934,3.6508,14.8414,2.7214,0.93509
RPC_CC,389,0.9066,discharge,-29.735,2.0,2.0,26.02,300.1,4.0758,3.7009,12.6082,2.7214,0.93509
RPC_CC,389,0.9066,discharge,-29.735,10.0,9.0,26.02,300.1,4.0758,3.6249,15.1642,2.7214,0.93509
RPC_CC,389,0.8159,discharge,-29.73,2.0,1.0,25.93,300.0,4.0076,3.651,11.9948,2.7214,0.93509
RPC_CC,389,0.8159,discharge,-29.73,10.0,9.01,25.93,300.0,4.0076,3.5511,15.3551,2.7214,0.93509
RPC_CC,389,0.7251,discharge,-29.736,2.0,2.0,25.96,300.0,3.9147,3.5551,12.0931,2.7214,0.93509
RPC_CC,389,0.7251,discharge,-29.736,10.0,9.0,25.96,300.0,3.9147,3.4834,14.5043,2.7214,0.93509
RPC_CC,389,0.6344,discharge,-29.695,2.0,2.0,25.92,300.0,3.822,3.4772,11.6112,2.7214,0.93509
RPC_CC,389,0.6344,discharge,-29.695,10.0,9.0,25.92,300.0,3.822,3.3974,14.2985,2.7214,0.93509
RPC_CC,389,0.5436,discharge,-29.644,2.0,1.0,25.8,300.0,3.7326,3.4053,11.041,2.7214,0.93509
RPC_CC,389,0.5436,discharge,-29.644,10.0,9.0,25.8,300.0,3.7326,3.2938,14.8023,2.7214,0.93509
RPC_CC,389,0.4529,discharge,-29.62,2.0,2.0,25.76,300.0,3.6522,3.3043,11.7454,2.7214,0.93509
RPC_CC,389,0.4529,discharge,-29.62,10.0,9.0,25.76,300.0,3.6522,3.2102,14.9223,2.7214,0.93509
RPC_CC,389,0.3622,discharge,-29.566,2.0,2.0,25.85,300.0,3.5898,3.2335,12.0512,2.7214,0.93509
RPC_CC,389,0.3622,discharge,-29.566,10.0,9.0,25.85,300.0,3.5898,3.1308,15.5249,2.7214,0.93509
RPC_CC,389,0.2715,discharge,-29.272,2.0,2.0,26.04,300.1,3.5043,3.1212,13.0876,2.7214,0.93509
RPC_CC,389,0.2715,discharge,-29.272,10.0,9.0,26.04,300.1,3.5043,2.9903,17.5594,2.7214,0.93509
RPC_CC,389,0.2262,discharge,-28.758,2.0,2.0,26.15,300.0,3.4466,3.0387,14.1836,2.7214,0.93509
RPC_CC,389,0.2262,discharge,-28.758,10.0,9.0,26.15,300.0,3.4466,2.8028,22.3864,2.7214,0.93509
RPC_CC,389,0.1813,discharge,-24.583,2.0,2.0,26.26,300.1,3.4075,2.9681,17.8741,2.7214,0.93509
RPC_CC,389,0.1813,discharge,-24.583,10.0,9.0,26.26,300.1,3.4075,2.5064,36.6554,2.7214,0.93509
RPC_CC,389,0.1368,discharge,-14.256,2.0,2.0,26.36,300.0,3.3539,2.9877,25.6865,2.7214,0.93509
RPC_CC,389,0.1368,discharge,-14.256,10.0,9.0,26.36,300.0,3.3539,2.5344,57.4826,2.7214,0.93509
RPC_CC,389,0.11,discharge,-8.872,2.0,2.0,26.24,300.0,3.2309,2.937,33.1276,2.7214,0.93509
RPC_CC,389,0.11,discharge,-8.872,10.0,9.0,26.24,300.0,3.2309,2.5565,76.0166,2.7214,0.93509
RPC_CC,389,0.0966,discharge,-6.665,2.0,2.0,26.04,300.0,3.1202,2.8645,38.3646,2.7214,0.93509
RPC_CC,389,0.0966,discharge,-6.665,10.0,9.0,26.04,300.0,3.1202,2.5172,90.4726,2.7214,0.93509
RPC_CC,389,0.9973,discharge,-29.855,2.0,2.0,25.46,1851.7,4.1697,3.7239,14.9324,2.7214,0.93509
RPC_CC,389,0.9973,discharge,-29.855,10.0,9.01,25.46,1851.7,4.1697,3.6694,16.7579,2.7214,0.93509
RPC_CC,389,0.9519,discharge,-29.826,2.0,2.0,25.9,300.0,4.0933,3.7036,13.0658,2.7214,0.93509
RPC_CC,389,0.9519,discharge,-29.826,10.0,9.0,25.9,300.0,4.0933,3.6503,14.8528,2.7214,0.93509
RPC_CC,389,0.9066,discharge,-29.737,2.0,1.0,26.03,300.0,4.0758,3.7162,12.0925,2.7214,0.93509
RPC_CC,389,0.9066,discharge,-29.737,10.0,9.01,26.03,300.0,4.0758,3.6243,15.1828,2.7214,0.93509
RPC_CC,389,0.8159,discharge,-29.733,2.0,2.0,25.96,300.0,4.0073,3.631,12.6562,2.7214,0.93509
RPC_CC,389,0.8159,discharge,-29.733,10.0,9.01,25.96,300.0,4.0073,3.5507,15.3569,2.7214,0.93509
RPC_CC,389,0.7251,discharge,-29.741,2.0,1.0,25.97,300.1,3.9146,3.5712,11.5465,2.7214,0.93509
RPC_CC,389,0.7251,discharge,-29.741,10.0,9.01,25.97,300.1,3.9146,3.4831,14.5088,2.7214,0.93509
RPC_CC,389,0.6344,discharge,-29.7,2.0,2.0,25.91,300.0,3.8219,3.4771,11.6096,2.7214,0.93509
RPC_CC,389,0.6344,discharge,-29.7,10.0,9.01,25.91,300.0,3.8219,3.397,14.3066,2.7214,0.93509
RPC_CC,389,0.5436,discharge,-29.647,2.0,2.0,25.78,300.0,3.7326,3.3844,11.7451,2.7214,0.93509
RPC_CC,389,0.5436,discharge,-29.647,10.0,9.0,25.78,300.0,3.7326,3.2935,14.8112,2.7214,0.93509
RPC_CC,389,0.4529,discharge,-29.622,2.0,2.0,25.77,300.0,3.6522,3.3039,11.758,2.7214,0.93509
RPC_CC,389,0.4529,discharge,-29.622,10.0,9.0,25.77,300.0,3.6522,3.2099,14.9312,2.7214,0.93509
RPC_CC,389,0.3622,discharge,-29.568,2.0,2.0,25.88,300.0,3.5898,3.2333,12.057,2.7214,0.93509
RPC_CC,389,0.3622,discharge,-29.568,10.0,9.0,25.88,300.0,3.5898,3.1303,15.5404,2.7214,0.93509
RPC_CC,389,0.2715,discharge,-29.367,2.0,2.0,26.03,300.0,3.5041,3.1205,13.0623,2.7214,0.93509
RPC_CC,389,0.2715,discharge,-29.367,10.0,9.0,26.03,300.0,3.5041,2.9893,17.5299,2.7214,0.93509
RPC_CC,389,0.2262,discharge,-28.774,2.0,2.0,26.16,300.0,3.4463,3.0377,14.2003,2.7214,0.93509
RPC_CC,389,0.2262,discharge,-28.774,10.0,9.0,26.16,300.0,3.4463,2.8002,22.4543,2.7214,0.93509
RPC_CC,389,0.1814,discharge,-23.529,2.0,2.0,26.24,300.0,3.4072,2.9861,17.8967,2.7214,0.93509
RPC_CC,389,0.1814,discharge,-23.529,10.0,9.0,26.24,300.0,3.4072,2.5605,35.9846,2.7214,0.93509
RPC_CC,389,0.1368,discharge,-14.296,2.0,2.0,26.31,300.0,3.353,2.9826,25.9084,2.7214,0.93509
RPC_CC,389,0.1368,discharge,-14.296,10.0,9.0,26.31,300.0,3.353,2.5249,57.9233,2.7214,0.93509
RPC_CC,389,0.11,discharge,-8.886,2.0,2.0,26.25,300.0,3.2297,2.934,33.2758,2.7214,0.93509
RPC_CC,389,0.11,discharge,-8.886,10.0,9.0,26.25,300.0,3.2297,2.5492,76.5781,2.7214,0.93509
RPC_CC,389,0.0966,discharge,-6.676,2.0,2.0,26.05,300.0,3.1185,2.8614,38.5085,2.7214,0.93509
RPC_CC,389,0.0966,discharge,-6.676,10.0,9.0,26.05,300.0,3.1185,2.51,91.1413,2.7214,0.93509
RPC_CC,389,0.9973,discharge,-29.858,2.0,2.0,25.47,1850.7,4.1697,3.7232,14.9541,2.7214,0.93509
RPC_CC,389,0.9973,discharge,-29.858,10.0,9.0,25.47,1850.7,4.1697,3.6689,16.7727,2.7214,0.93509
RPC_CC,389,0.9519,discharge,-29.831,2.0,2.0,25.9,300.0,4.0933,3.7034,13.0705,2.7214,0.93509
RPC_CC,389,0.9519,discharge,-29.831,10.0,9.0,25.9,300.0,4.0933,3.6498,14.8673,2.7214,0.93509
RPC_CC,389,0.9066,discharge,-29.742,2.0,2.0,26.03,300.0,4.0757,3.7,12.6322,2.7214,0.93509
RPC_CC,389,0.9066,discharge,-29.742,10.0,9.0,26.03,300.0,4.0757,3.6239,15.1909,2.7214,0.93509
RPC_CC,389,0.8158,discharge,-29.736,2.0,2.0,25.97,300.0,4.0073,3.6305,12.6717,2.7214,0.93509
RPC_CC,389,0.8158,discharge,-29.736,10.0,9.0,25.97,300.0,4.0073,3.5503,15.3688,2.7214,0.93509
RPC_CC,389,0.7251,discharge,-29.742,2.0,2.0,25.96,300.1,3.9146,3.5545,12.1077,2.7214,0.93509
RPC_CC,389,0.7251,discharge,-29.742,10.0,9.0,25.96,300.1,3.9146,3.4825,14.5285,2.7214,0.93509
RPC_CC,389,0.6344,discharge,-29.7,2.0,2.0,25.9,300.0,3.8219,3.4766,11.6261,2.7214,0.93509
RPC_CC,389,0.6344,discharge,-29.7,10.0,9.0,25.9,300.0,3.8219,3.3967,14.3163,2.7214,0.93509
RPC_CC,389,0.5436,discharge,-29.648,2.0,2.0,25.82,300.0,3.7325,3.3843,11.7443,2.7214,0.93509
RPC_CC,389,0.5436,discharge,-29.648,10.0,9.0,25.82,300.0,3.7325,3.2932,14.8169,2.7214,0.93509
RPC_CC,389,0.4529,discharge,-29.625,2.0,2.0,25.82,300.0,3.6522,3.3037,11.7637,2.7214,0.93509
RPC_CC,389,0.4529,discharge,-29.625,10.0,9.0,25.82,300.0,3.6522,3.2099,14.93,2.7214,0.93509
RPC_CC,389,0.3622,discharge,-29.57,2.0,2.0,25.88,300.0,3.5897,3.2331,12.0595,2.7214,0.93509
RPC_CC,389,0.3622,discharge,-29.57,10.0,9.0,25.88,300.0,3.5897,3.1303,15.536,2.7214,0.93509
RPC_CC,389,0.2715,discharge,-29.367,2.0,2.0,26.06,300.0,3.504,3.1204,13.0621,2.7214,0.93509
RPC_CC,389,0.2715,discharge,-29.367,10.0,9.0,26.06,300.0,3.504,2.9891,17.533,2.7214,0.93509
RPC_CC,389,0.2262,discharge,-28.778,2.0,2.0,26.22,300.0,3.4463,3.0375,14.2053,2.7214,0.93509
RPC_CC,389,0.2262,discharge,-28.778,10.0,9.0,26.22,300.0,3.4463,2.7998,22.4651,2.7214,0.93509
RPC_CC,389,0.1814,discharge,-23.537,2.0,2.0,26.28,300.0,3.4071,2.986,17.891,2.7214,0.93509
RPC_CC,389,0.1814,discharge,-23.537,10.0,9.01,26.28,300.0,3.4071,2.5592,36.0241,2.7214,0.93509
RPC_CC,389,0.1368,discharge,-14.302,2.0,2.0,26.36,300.0,3.3529,2.982,25.9334,2.7214,0.93509
RPC_CC,389,0.1368,discharge,-14.302,10.0,9.0,26.36,300.0,3.3529,2.5226,58.0548,2.7214,0.93509
RPC_CC,389,0.11,discharge,-8.891,2.0,2.0,26.28,300.1,3.2292,2.9334,33.2685,2.7214,0.93509
RPC_CC,389,0.11,discharge,-8.891,10.0,9.0,26.28,300.1,3.2292,2.5471,76.7154,2.7214,0.93509
RPC_CC,389,0.0966,discharge,-6.263,2.0,1.0,26.04,300.0,3.1179,2.92,31.5983,2.7214,0.93509
RPC_CC,389,0.0966,discharge,-6.263,10.0,9.0,26.04,300.0,3.1179,2.5625,88.6795,2.7214,0.93509
RPC_CC,389,0.9551,charge,3.428,2.0,1.0,25.57,300.0,4.0929,4.1502,16.717,2.7214,0.93509
RPC_CC,389,0.9551,charge,3.428,10.0,9.0,25.57,300.0,4.0929,4.1501,16.6878,2.7214,0.93509
RPC_CC,389,0.9099,charge,5.054,2.0,2.0,25.57,300.0,4.0755,4.15,14.7395,2.7214,0.93509
RPC_CC,389,0.9099,charge,5.054,10.0,9.0,25.57,300.0,4.0755,4.15,14.7395,2.7214,0.93509
RPC_CC,389,0.8198,charge,9.704,2.0,2.0,25.71,300.0,4.0064,4.1502,14.8182,2.7214,0.93509
RPC_CC,389,0.8198,charge,9.704,10.0,9.0,25.71,300.0,4.0064,4.1501,14.8079,2.7214,0.93509
RPC_CC,389,0.7291,charge,15.0,2.0,2.0,25.75,300.0,3.9147,4.0948,12.0067,2.7214,0.93509
RPC_CC,389,0.7291,charge,15.0,10.0,9.01,25.75,300.0,3.9147,4.1299,14.3467,2.7214,0.93509
RPC_CC,389,0.6384,charge,15.001,2.0,2.0,25.74,300.0,3.822,3.9999,11.8592,2.7214,0.93509
RPC_CC,389,0.6384,charge,15.001,10.0,9.0,25.74,300.0,3.822,4.0399,14.5257,2.7214,0.93509
RPC_CC,389,0.5477,charge,15.001,2.0,1.0,25.58,300.0,3.7329,3.9003,11.1593,2.7214,0.93509
RPC_CC,389,0.5477,charge,15.001,10.0,9.01,25.58,300.0,3.7329,3.9463,14.2257,2.7214,0.93509
RPC_CC,389,0.4569,charge,15.001,2.0,2.0,25.61,300.0,3.6523,3.8282,11.7259,2.7214,0.93509
RPC_CC,389,0.4569,charge,15.001,10.0,9.0,25.61,300.0,3.6523,3.8645,14.1457,2.7214,0.93509
RPC_CC,389,0.3662,charge,15.001,2.0,2.0,25.68,300.0,3.5897,3.7685,11.9192,2.7214,0.93509
RPC_CC,389,0.3662,charge,15.001,10.0,9.0,25.68,300.0,3.5897,3.8053,14.3724,2.7214,0.93509
RPC_CC,389,0.2754,charge,15.001,2.0,2.0,25.88,300.0,3.5042,3.6914,12.4792,2.7214,0.93509
RPC_CC,389,0.2754,charge,15.001,10.0,9.0,25.88,300.0,3.5042,3.7337,15.299,2.7214,0.93509
RPC_CC,389,0.2301,charge,15.001,2.0,2.0,25.83,300.0,3.4455,3.6398,12.9525,2.7214,0.93509
RPC_CC,389,0.2301,charge,15.001,10.0,9.0,25.83,300.0,3.4455,3.6831,15.8389,2.7214,0.93509
RPC_CC,389,0.1847,charge,15.001,2.0,2.0,25.85,300.0,3.407,3.61,13.5324,2.7214,0.93509
RPC_CC,389,0.1847,charge,15.001,10.0,9.0,25.85,300.0,3.407,3.6408,15.5856,2.7214,0.93509
RPC_CC,389,0.1393,charge,15.001,2.0,2.0,25.91,300.0,3.3518,3.589,15.8123,2.7214,0.93509
RPC_CC,389,0.1393,charge,15.001,10.0,9.0,25.91,300.0,3.3518,3.6239,18.1388,2.7214,0.93509
RPC_CC,389,0.1121,charge,15.001,2.0,2.0,26.09,300.0,3.2277,3.5059,18.5454,2.7214,0.93509
RPC_CC,389,0.1121,charge,15.001,10.0,9.0,26.09,300.0,3.2277,3.5878,24.0051,2.7214,0.93509
RPC_CC,389,0.0985,charge,15.001,2.0,2.0,26.06,300.0,3.1186,3.4218,20.212,2.7214,0.93509
RPC_CC,389,0.0985,charge,15.001,10.0,9.0,26.06,300.0,3.1186,3.5278,27.2782,2.7214,0.93509
RPC_CC,389,0.9549,charge,3.13,2.0,2.0,25.55,300.1,4.0929,4.1389,14.6984,2.7214,0.93509
RPC_CC,389,0.9549,charge,3.13,10.0,9.0,25.55,300.1,4.0929,4.1485,17.7658,2.7214,0.93509
RPC_CC,389,0.9097,charge,4.728,2.0,2.0,25.59,300.1,4.0754,4.1391,13.4728,2.7214,0.93509
RPC_CC,389,0.9097,charge,4.728,10.0,9.0,25.59,300.1,4.0754,4.1492,15.609,2.7214,0.93509
RPC_CC,389,0.8193,charge,8.746,2.0,2.0,25.73,300.1,4.0063,4.1205,13.0578,2.7214,0.93509
RPC_CC,389,0.8193,charge,8.746,10.0,9.01,25.73,300.1,4.0063,4.146,15.9735,2.7214,0.93509
RPC_CC,389,0.7292,charge,15.051,2.0,1.0,25.77,300.1,3.9148,4.0891,11.5806,2.7214,0.93509
RPC_CC,389,0.7292,charge,15.051,10.0,9.01,25.77,300.1,3.9148,4.1304,14.3246,2.7214,0.93509
RPC_CC,389,0.6384,charge,15.058,2.0,2.0,25.73,300.1,3.822,4.0022,11.9671,2.7214,0.93509
RPC_CC,389,0.6384,charge,15.058,10.0,9.01,25.73,300.1,3.822,4.0406,14.5172,2.7214,0.93509
RPC_CC,389,0.5477,charge,15.055,2.0,2.0,25.61,300.1,3.7328,3.9111,11.8436,2.7214,0.93509
RPC_CC,389,0.5477,charge,15.055,10.0,9.0,25.61,300.1,3.7328,3.947,14.2283,2.7214,0.93509
RPC_CC,389,0.457,charge,15.055,2.0,2.0,25.6,300.1,3.6525,3.8304,11.8171,2.7214,0.93509
RPC_CC,389,0.457,charge,15.055,10.0,9.0,25.6,300.1,3.6525,3.865,14.1154,2.7214,0.93509
RPC_CC,389,0.3662,charge,15.053,2.0,2.0,25.69,300.1,3.5896,3.7708,12.0371,2.7214,0.93509
RPC_CC,389,0.3662,charge,15.053,10.0,9.0,25.69,300.1,3.5896,3.8059,14.3688,2.7214,0.93509
RPC_CC,389,0.2755,charge,15.07,2.0,2.0,25.86,300.1,3.5042,3.694,12.5946,2.7214,0.93509
RPC_CC,389,0.2755,charge,15.07,10.0,9.0,25.86,300.1,3.5042,3.7345,15.282,2.7214,0.93509
RPC_CC,389,0.2301,charge,15.072,2.0,2.0,25.83,300.1,3.4455,3.6426,13.0768,2.7214,0.93509
RPC_CC,389,0.2301,charge,15.072,10.0,9.0,25.83,300.1,3.4455,3.6839,15.8169,2.7214,0.93509
RPC_CC,389,0.1847,charge,15.052,2.0,2.0,25.83,300.1,3.4069,3.612,13.6265,2.7214,0.93509
RPC_CC,389,0.1847,charge,15.052,10.0,9.0,25.83,300.1,3.4069,3.6415,15.5865,2.7214,0.93509
RPC_CC,389,0.1394,charge,15.05,2.0,2.0,25.91,300.1,3.3519,3.5914,15.9131,2.7214,0.93509
RPC_CC,389,0.1394,charge,15.05,10.0,9.0,25.91,300.1,3.3519,3.6245,18.1124,2.7214,0.93509
RPC_CC,389,0.1122,charge,15.13,2.0,2.0,26.08,300.1,3.2277,3.5122,18.8037,2.7214,0.93509
RPC_CC,389,0.1122,charge,15.13,10.0,9.01,26.08,300.1,3.2277,3.5895,23.9128,2.7214,0.93509
RPC_CC,389,0.0986,charge,15.175,2.0,2.0,26.06,300.1,3.1187,3.4304,20.5404,2.7214,0.93509
RPC_CC,389,0.0986,charge,15.175,10.0,9.0,26.06,300.1,3.1187,3.531,27.1697,2.7214,0.93509
RPC_CC,495,0.9973,discharge,-30.0,2.0,2.0,25.45,4358.1,4.1553,3.6752,16.0033,2.7119,0.93182
RPC_CC,495,0.9973,discharge,-30.0,10.0,9.0,25.45,4358.1,4.1553,3.6302,17.5033,2.7119,0.93182
RPC_CC,495,0.9727,charge,3.385,2.0,2.0,26.5,60.0,4.0915,4.15,17.2837,2.7119,0.93182
RPC_CC,495,0.9727,charge,3.385,10.0,9.0,26.5,60.0,4.0915,4.1501,17.3132,2.7119,0.93182
RPC_CC,495,0.9521,discharge,-30.0,2.0,2.0,25.46,3600.0,4.0958,3.6538,14.7333,2.7119,0.93182
RPC_CC,495,0.9521,discharge,-30.0,10.0,9.0,25.46,3600.0,4.0958,3.607,16.2933,2.7119,0.93182
RPC_CC,495,0.9277,charge,4.897,2.0,2.0,26.47,60.0,4.0735,4.1501,15.641,2.7119,0.93182
RPC_CC,495,0.9277,charge,4.897,10.0,9.0,26.47,60.0,4.0735,4.15,15.6205,2.7119,0.93182
RPC_CC,495,0.9068,discharge,-30.0,2.0,2.0,25.45,3600.0,4.0791,3.6514,14.2567,2.7119,0.93182
RPC_CC,495,0.9068,discharge,-30.0,10.0,9.0,25.45,3600.0,4.0791,3.5902,16.2967,2.7119,0.93182
RPC_CC,495,0.8826,charge,5.838,2.0,2.0,26.47,60.0,4.0584,4.1501,15.7085,2.7119,0.93182
RPC_CC,495,0.8826,charge,5.838,10.0,9.0,26.47,60.0,4.0584,4.15,15.6914,2.7119,0.93182
RPC_CC,495,0.8164,discharge,-30.0,2.0,2.0,25.43,3600.0,4.0199,3.5978,14.07,2.7119,0.93182
RPC_CC,495,0.8164,discharge,-30.0,10.0,9.0,25.43,3600.0,4.0199,3.523,16.5633,2.7119,0.93182
RPC_CC,495,0.7928,charge,12.421,2.0,2.0,26.41,60.0,3.9591,4.1503,15.3933,2.7119,0.93182
RPC_CC,495,0.7928,charge,12.421,10.0,9.0,26.41,60.0,3.9591,4.1501,15.3772,2.7119,0.93182
RPC_CC,495,0.726,discharge,-30.0,2.0,2.0,25.43,3600.0,3.9191,3.5184,13.3567,2.7119,0.93182
RPC_CC,495,0.726,discharge,-30.0,10.0,9.0,25.43,3600.0,3.9191,3.4522,15.5633,2.7119,0.93182
RPC_CC,495,0.7023,charge,15.001,2.0,2.0,26.33,60.0,3.8654,4.0492,12.2525,2.7119,0.93182
RPC_CC,495,0.7023,charge,15.001,10.0,9.0,26.33,60.0,3.8654,4.0979,15.499,2.7119,0.93182
RPC_CC,495,0.6356,discharge,-30.0,2.0,2.0,25.43,3600.0,3.8275,3.4437,12.7933,2.7119,0.93182
RPC_CC,495,0.6356,discharge,-30.0,10.0,9.0,25.43,3600.0,3.8275,3.3688,15.29,2.7119,0.93182
RPC_CC,495,0.6119,charge,15.001,2.0,2.0,26.28,60.0,3.7865,3.9686,12.1392,2.7119,0.93182
RPC_CC,495,0.6119,charge,15.001,10.0,9.0,26.28,60.0,3.7865,4.0074,14.7257,2.7119,0.93182
RPC_CC,495,0.5451,discharge,-30.0,2.0,1.0,25.43,3600.0,3.7388,3.3725,12.21,2.7119,0.93182
RPC_CC,495,0.5451,discharge,-30.0,10.0,9.0,25.43,3600.0,3.7388,3.2685,15.6767,2.7119,0.93182
RPC_CC,495,0.5215,charge,15.001,2.0,2.0,26.3,60.0,3.6951,3.879,12.2592,2.7119,0.93182
RPC_CC,495,0.5215,charge,15.001,10.0,9.0,26.3,60.0,3.6951,3.9222,15.139,2.7119,0.93182
RPC_CC,495,0.4551,discharge,-30.0,2.0,2.0,25.3,3600.0,3.6613,3.2689,13.08,2.7119,0.93182
RPC_CC,495,0.4551,discharge,-30.0,10.0,9.0,25.3,3600.0,3.6613,3.181,16.01,2.7119,0.93182
RPC_CC,495,0.4314,charge,15.001,2.0,1.0,26.28,60.0,3.6194,3.7959,11.7659,2.7119,0.93182
RPC_CC,495,0.4314,charge,15.001,10.0,9.0,26.28,60.0,3.6194,3.8499,15.3656,2.7119,0.93182
RPC_CC,495,0.3643,discharge,-30.0,2.0,2.0,25.45,3600.0,3.5991,3.1952,13.4633,2.7119,0.93182
RPC_CC,495,0.3643,discharge,-30.0,10.0,9.0,25.45,3600.0,3.5991,3.0988,16.6767,2.7119,0.93182
RPC_CC,495,0.3407,charge,15.001,2.0,2.0,26.5,60.0,3.5508,3.74,12.6125,2.7119,0.93182
RPC_CC,495,0.3407,charge,15.001,10.0,9.0,26.5,60.0,3.5508,3.7857,15.659,2.7119,0.93182
RPC_CC,495,0.2739,discharge,-30.0,2.0,2.0,25.44,3600.0,3.5076,3.064,14.7867,2.7119,0.93182
RPC_CC,495,0.2739,discharge,-30.0,10.0,9.0,25.44,3600.0,3.5076,2.9365,19.0367,2.7119,0.93182
RPC_CC,495,0.2502,charge,15.001,2.0,2.0,26.61,60.0,3.4555,3.6536,13.2058,2.7119,0.93182
RPC_CC,495,0.2502,charge,15.001,10.0,9.0,26.61,60.0,3.4555,3.6975,16.1323,2.7119,0.93182
RPC_CC,495,0.2287,discharge,-30.0,2.0,2.0,25.46,3600.0,3.4492,2.9565,16.4233,2.7119,0.93182
RPC_CC,495,0.2287,discharge,-30.0,10.0,9.0,25.46,3600.0,3.4492,2.7312,23.9333,2.7119,0.93182
RPC_CC,495,0.205,charge,15.001,2.0,2.0,26.77,60.0,3.4137,3.6189,13.6791,2.7119,0.93182
RPC_CC,495,0.205,charge,15.001,10.0,9.0,26.77,60.0,3.4137,3.6507,15.7989,2.7119,0.93182
RPC_CC,495,0.1834,discharge,-29.844,2.0,2.0,25.48,3600.0,3.4155,2.7576,22.0446,2.7119,0.93182
RPC_CC,495,0.1834,discharge,-29.844,10.0,9.0,25.48,3600.0,3.4155,2.5496,29.0142,2.7119,0.93182
RPC_CC,495,0.1621,charge,15.001,2.0,2.0,27.14,60.0,3.3702,3.5947,14.9657,2.7119,0.93182
RPC_CC,495,0.1621,charge,15.001,10.0,9.0,27.14,60.0,3.3702,3.6296,17.2922,2.7119,0.93182
RPC_CC,495,0.1382,discharge,-14.174,2.0,2.0,25.45,3600.0,3.3573,2.5485,57.0622,2.7119,0.93182
RPC_CC,495,0.1382,discharge,-14.174,10.0,9.0,25.45,3600.0,3.3573,2.5498,56.9705,2.7119,0.93182
RPC_CC,495,0.1259,charge,15.001,2.0,2.0,26.6,60.0,3.248,3.5273,18.6188,2.7119,0.93182
RPC_CC,495,0.1259,charge,15.001,10.0,9.0,26.6,60.0,3.248,3.6047,23.7784,2.7119,0.93182
RPC_CC,495,0.1112,discharge,-8.291,2.0,2.0,25.47,3600.0,3.2246,2.5492,81.4648,2.7119,0.93182
RPC_CC,495,0.1112,discharge,-8.291,10.0,9.0,25.47,3600.0,3.2246,2.5499,81.3803,2.7119,0.93182
RPC_CC,495,0.1044,charge,15.001,2.0,2.0,26.13,60.0,3.098,3.4214,21.5586,2.7119,0.93182
RPC_CC,495,0.1044,charge,15.001,10.0,9.0,26.13,60.0,3.098,3.5322,28.9447,2.7119,0.93182
RPC_CC,495,0.0979,discharge,-5.754,2.0,2.0,25.45,3600.0,3.1152,2.5494,98.3384,2.7119,0.93182
RPC_CC,495,0.0979,discharge,-5.754,10.0,9.0,25.45,3600.0,3.1152,2.5499,98.2515,2.7119,0.93182
RPC_CC,495,0.0937,charge,15.001,2.0,2.0,25.88,60.0,2.9825,3.3401,23.8384,2.7119,0.93182
RPC_CC,495,0.0937,charge,15.001,10.0,9.0,25.88,60.0,2.9825,3.476,32.8978,2.7119,0.93182
RPC_CC,495,0.9973,discharge,-30.0,2.0,2.0,25.48,1962.5,4.167,3.6853,16.0567,2.7119,0.93182
RPC_CC,495,0.9973,discharge,-30.0,10.0,9.0,25.48,1962.5,4.167,3.6376,17.6467,2.7119,0.93182
RPC_CC,495,0.9521,discharge,-30.0,2.0,2.0,25.95,300.0,4.0909,3.6713,13.9867,2.7119,0.93182
RPC_CC,495,0.9521,discharge,-30.0,10.0,9.0,25.95,300.0,4.0909,3.6203,15.6867,2.7119,0.93182
RPC_CC,495,0.9068,discharge,-30.0,2.0,2.0,26.07,300.0,4.0742,3.6666,13.5867,2.7119,0.93182
RPC_CC,495,0.9068,discharge,-30.0,10.0,9.0,26.07,300.0,4.0742,3.5926,16.0533,2.7119,0.93182
RPC_CC,495,0.8164,discharge,-30.0,2.0,2.0,26.05,300.0,3.9993,3.5963,13.4333,2.7119,0.93182
RPC_CC,495,0.8164,discharge,-30.0,10.0,9.0,26.05,300.0,3.9993,3.5227,15.8867,2.7119,0.93182
RPC_CC,495,0.726,discharge,-30.0,2.0,2.0,26.04,300.0,3.9087,3.5248,12.7967,2.7119,0.93182
RPC_CC,495,0.726,discharge,-30.0,10.0,9.01,26.04,300.0,3.9087,3.456,15.09,2.7119,0.93182
RPC_CC,495,0.6356,discharge,-30.0,2.0,2.0,25.93,300.0,3.8148,3.443,12.3933,2.7119,0.93182
RPC_CC,495,0.6356,discharge,-30.0,10.0,9.0,25.93,300.0,3.8148,3.3656,14.9733,2.7119,0.93182
RPC_CC,495,0.5451,discharge,-30.0,2.0,2.0,25.84,300.0,3.7257,3.3483,12.58,2.7119,0.93182
RPC_CC,495,0.5451,discharge,-30.0,10.0,9.01,25.84,300.0,3.7257,3.2622,15.45,2.7119,0.93182
RPC_CC,495,0.4547,discharge,-30.0,2.0,2.0,25.85,300.0,3.6468,3.2673,12.65,2.7119,0.93182
RPC_CC,495,0.4547,discharge,-30.0,10.0,9.01,25.85,300.0,3.6468,3.1783,15.6167,2.7119,0.93182
RPC_CC,495,0.3643,discharge,-30.0,2.0,2.0,25.9,300.0,3.5833,3.1897,13.12,2.7119,0.93182
RPC_CC,495,0.3643,discharge,-30.0,10.0,9.01,25.9,300.0,3.5833,3.0908,16.4167,2.7119,0.93182
RPC_CC,495,0.2739,discharge,-30.0,2.0,2.0,26.1,300.0,3.4932,3.0528,14.68,2.7119,0.93182
RPC_CC,495,0.2739,discharge,-30.0,10.0,9.0,26.1,300.0,3.4932,2.905,19.6067,2.7119,0.93182
RPC_CC,495,0.2287,discharge,-30.0,2.0,2.0,26.28,300.0,3.4381,2.9205,17.2533,2.7119,0.93182
RPC_CC,495,0.2287,discharge,-30.0,10.0,9.0,26.28,300.0,3.4381,2.6347,26.78,2.7119,0.93182
RPC_CC,495,0.1834,discharge,-23.35,2.0,2.0,26.52,300.0,3.4005,2.6504,32.1242,2.7119,0.93182
RPC_CC,495,0.1834,discharge,-23.35,10.0,9.01,26.52,300.0,3.4005,2.5497,36.4368,2.7119,0.93182
RPC_CC,495,0.1382,discharge,-11.817,2.0,2.0,26.64,300.0,3.3285,2.549,65.9643,2.7119,0.93182
RPC_CC,495,0.1382,discharge,-11.817,10.0,9.01,26.64,300.0,3.3285,2.5498,65.8966,2.7119,0.93182
RPC_CC,495,0.1113,discharge,-6.406,2.0,2.0,26.58,300.0,3.1736,2.5495,97.4212,2.7119,0.93182
RPC_CC,495,0.1113,discharge,-6.406,10.0,9.0,26.58,300.0,3.1736,2.5499,97.3588,2.7119,0.93182
RPC_CC,495,0.0984,discharge,-3.867,2.0,2.0,26.25,300.0,3.0386,2.5495,126.4837,2.7119,0.93182
RPC_CC,495,0.0984,discharge,-3.867,10.0,9.0,26.25,300.0,3.0386,2.55,126.3544,2.7119,0.93182
RPC_CC,495,0.9973,discharge,-29.841,2.0,2.0,25.48,1951.9,4.1669,3.6904,15.968,2.7119,0.93182
RPC_CC,495,0.9973,discharge,-29.841,10.0,9.0,25.48,1951.9,4.1669,3.6378,17.7306,2.7119,0.93182
RPC_CC,495,0.9521,discharge,-29.802,2.0,2.0,25.96,300.1,4.0908,3.6763,13.9085,2.7119,0.93182
RPC_CC,495,0.9521,discharge,-29.802,10.0,9.0,25.96,300.1,4.0908,3.6207,15.7741,2.7119,0.93182
RPC_CC,495,0.9069,discharge,-29.708,2.0,2.0,26.07,300.1,4.0743,3.6743,13.4644,2.7119,0.93182
RPC_CC,495,0.9069,discharge,-29.708,10.0,9.0,26.07,300.1,4.0743,3.5935,16.1842,2.7119,0.93182
RPC_CC,495,0.8165,discharge,-29.717,2.0,2.0,26.04,300.1,3.9992,3.6042,13.2923,2.7119,0.93182
RPC_CC,495,0.8165,discharge,-29.717,10.0,9.0,26.04,300.1,3.9992,3.5237,16.0012,2.7119,0.93182
RPC_CC,495,0.7261,discharge,-29.714,2.0,2.0,26.02,300.0,3.9086,3.532,12.6742,2.7119,0.93182
RPC_CC,495,0.7261,discharge,-29.714,10.0,9.0,26.02,300.0,3.9086,3.4572,15.1915,2.7119,0.93182
RPC_CC,495,0.6356,discharge,-29.664,2.0,2.0,25.92,300.1,3.8148,3.4519,12.2337,2.7119,0.93182
RPC_CC,495,0.6356,discharge,-29.664,10.0,9.0,25.92,300.1,3.8148,3.3675,15.0789,2.7119,0.93182
RPC_CC,495,0.5452,discharge,-29.618,2.0,2.0,25.82,300.1,3.7258,3.3592,12.3776,2.7119,0.93182
RPC_CC,495,0.5452,discharge,-29.618,10.0,9.0,25.82,300.1,3.7258,3.2647,15.5682,2.7119,0.93182
RPC_CC,495,0.4548,discharge,-29.59,2.0,2.0,25.82,300.1,3.6468,3.2791,12.4267,2.7119,0.93182
RPC_CC,495,0.4548,discharge,-29.59,10.0,9.01,25.82,300.1,3.6468,3.1811,15.7387,2.7119,0.93182
RPC_CC,495,0.3644,discharge,-29.516,2.0,2.0,25.89,300.1,3.5832,3.2037,12.8574,2.7119,0.93182
RPC_CC,495,0.3644,discharge,-29.516,10.0,9.0,25.89,300.1,3.5832,3.0942,16.5673,2.7119,0.93182
RPC_CC,495,0.2741,discharge,-29.087,2.0,2.0,26.1,300.0,3.4931,3.0783,14.2604,2.7119,0.93182
RPC_CC,495,0.2741,discharge,-29.087,10.0,9.01,26.1,300.0,3.4931,2.9156,19.8539,2.7119,0.93182
RPC_CC,495,0.229,discharge,-27.818,2.0,2.0,26.24,300.1,3.4379,2.9887,16.1478,2.7119,0.93182
RPC_CC,495,0.229,discharge,-27.818,10.0,9.0,26.24,300.1,3.4379,2.6813,27.1982,2.7119,0.93182
RPC_CC,495,0.1848,discharge,-16.076,2.0,2.0,26.33,300.1,3.3999,3.0622,21.0065,2.7119,0.93182
RPC_CC,495,0.1848,discharge,-16.076,10.0,9.0,26.33,300.1,3.3999,2.7783,38.6663,2.7119,0.93182
RPC_CC,495,0.1403,discharge,-8.002,2.0,2.0,26.22,300.1,3.3241,3.0754,31.0799,2.7119,0.93182
RPC_CC,495,0.1403,discharge,-8.002,10.0,9.0,26.22,300.1,3.3241,2.85,59.2481,2.7119,0.93182
RPC_CC,495,0.1135,discharge,-4.244,2.0,2.0,26.19,300.1,3.1633,2.9997,38.5517,2.7119,0.93182
RPC_CC,495,0.1135,discharge,-4.244,10.0,9.0,26.19,300.1,3.1633,2.8427,75.5482,2.7119,0.93182
RPC_CC,495,0.9973,discharge,-29.852,2.0,2.0,25.49,1955.0,4.167,3.6891,16.0092,2.7119,0.93182
RPC_CC,495,0.9973,discharge,-29.852,10.0,9.0,25.49,1955.0,4.167,3.6367,17.7646,2.7119,0.93182
RPC_CC,495,0.9521,discharge,-29.81,2.0,2.0,25.95,300.1,4.0908,3.6751,13.945,2.7119,0.93182
RPC_CC,495,0.9521,discharge,-29.81,10.0,9.0,25.95,300.1,4.0908,3.6196,15.8068,2.7119,0.93182
RPC_CC,495,0.9069,discharge,-29.717,2.0,2.0,26.08,300.1,4.0743,3.6732,13.4973,2.7119,0.93182
RPC_CC,495,0.9069,discharge,-29.717,10.0,9.0,26.08,300.1,4.0743,3.5925,16.2129,2.7119,0.93182
RPC_CC,495,0.8165,discharge,-29.726,2.0,1.0,26.04,300.1,3.999,3.6233,12.6388,2.7119,0.93182
RPC_CC,495,0.8165,discharge,-29.726,10.0,9.01,26.04,300.1,3.999,3.5229,16.0163,2.7119,0.93182
RPC_CC,495,0.7261,discharge,-29.721,2.0,2.0,26.02,300.1,3.9084,3.5312,12.6916,2.7119,0.93182
RPC_CC,495,0.7261,discharge,-29.721,10.0,9.0,26.02,300.1,3.9084,3.4564,15.2084,2.7119,0.93182
RPC_CC,495,0.6356,discharge,-29.673,2.0,2.0,25.92,300.1,3.8146,3.4511,12.2502,2.7119,0.93182
RPC_CC,495,0.6356,discharge,-29.673,10.0,9.0,25.92,300.1,3.8146,3.3667,15.0945,2.7119,0.93182
RPC_CC,495,0.5452,discharge,-29.624,2.0,2.0,25.85,300.0,3.7256,3.3584,12.3954,2.7119,0.93182
RPC_CC,495,0.5452,discharge,-29.624,10.0,9.0,25.85,300.0,3.7256,3.264,15.582,2.7119,0.93182
RPC_CC,495,0.4548,discharge,-29.596,2.0,2.0,25.83,300.0,3.6468,3.2784,12.4478,2.7119,0.93182
RPC_CC,495,0.4548,discharge,-29.596,10.0,9.0,25.83,300.0,3.6468,3.1802,15.7659,2.7119,0.93182
RPC_CC,495,0.3644,discharge,-29.525,2.0,2.0,25.92,300.1,3.5831,3.2028,12.8808,2.7119,0.93182
RPC_CC,495,0.3644,discharge,-29.525,10.0,9.0,25.92,300.1,3.5831,3.0934,16.5862,2.7119,0.93182
RPC_CC,495,0.2741,discharge,-29.212,2.0,2.0,26.09,300.1,3.4928,3.0754,14.2884,2.7119,0.93182
RPC_CC,495,0.2741,discharge,-29.212,10.0,9.01,26.09,300.1,3.4928,2.9105,19.9332,2.7119,0.93182
RPC_CC,495,0.229,discharge,-28.325,2.0,2.0,26.23,300.1,3.4376,2.9793,16.1803,2.7119,0.93182
RPC_CC,495,0.229,discharge,-28.325,10.0,9.0,26.23,300.1,3.4376,2.6579,27.5274,2.7119,0.93182
RPC_CC,495,0.1844,discharge,-21.804,2.0,2.0,26.37,300.0,3.3998,2.9349,21.3218,2.7119,0.93182
RPC_CC,495,0.1399,discharge,-12.872,2.0,2.0,26.39,300.1,3.3243,2.9222,31.2383,2.7119,0.93182
RPC_CC,495,0.1132,discharge,-7.974,2.0,2.0,26.31,300.0,3.1625,2.8419,40.2057,2.7119,0.93182
RPC_CC,495,0.9973,discharge,-29.856,2.0,2.0,25.49,1955.3,4.1669,3.6885,16.0236,2.7119,0.93182
RPC_CC,495,0.9973,discharge,-29.856,10.0,9.0,25.49,1955.3,4.1669,3.6362,17.7753,2.7119,0.93182
RPC_CC,495,0.9521,discharge,-29.813,2.0,2.0,25.94,300.1,4.0908,3.6748,13.9536,2.7119,0.93182
RPC_CC,495,0.9521,discharge,-29.813,10.0,9.01,25.94,300.1,4.0908,3.6193,15.8152,2.7119,0.93182
RPC_CC,495,0.9069,discharge,-29.721,2.0,2.0,26.07,300.0,4.0742,3.6728,13.5056,2.7119,0.93182
RPC_CC,495,0.9069,discharge,-29.721,10.0,9.0,26.07,300.0,4.0742,3.592,16.2242,2.7119,0.93182
RPC_CC,495,0.8165,discharge,-29.728,2.0,2.0,26.04,300.1,3.9989,3.603,13.3172,2.7119,0.93182
RPC_CC,495,0.8165,discharge,-29.728,10.0,9.0,26.04,300.1,3.9989,3.5225,16.025,2.7119,0.93182
RPC_CC,495,0.7261,discharge,-29.722,2.0,2.0,26.0,300.1,3.9082,3.5309,12.6941,2.7119,0.93182
RPC_CC,495,0.7261,discharge,-29.722,10.0,9.0,26.0,300.1,3.9082,3.4562,15.2073,2.7119,0.93182
RPC_CC,495,0.6357,discharge,-29.675,2.0,2.0,25.94,300.0,3.8146,3.4508,12.2595,2.7119,0.93182
RPC_CC,495,0.6357,discharge,-29.675,10.0,9.0,25.94,300.0,3.8146,3.3661,15.1137,2.7119,0.93182
RPC_CC,495,0.5452,discharge,-29.627,2.0,2.0,25.84,300.0,3.7256,3.3582,12.4011,2.7119,0.93182
RPC_CC,495,0.5452,discharge,-29.627,10.0,9.0,25.84,300.0,3.7256,3.2637,15.5908,2.7119,0.93182
RPC_CC,495,0.4548,discharge,-29.598,2.0,2.0,25.82,300.0,3.6468,3.2782,12.4538,2.7119,0.93182
RPC_CC,495,0.4548,discharge,-29.598,10.0,9.0,25.82,300.0,3.6468,3.1802,15.7648,2.7119,0.93182
RPC_CC,495,0.3644,discharge,-29.529,2.0,2.0,25.91,300.1,3.583,3.2025,12.8859,2.7119,0.93182
RPC_CC,495,0.3644,discharge,-29.529,10.0,9.0,25.91,300.1,3.583,3.0931,16.5908,2.7119,0.93182
RPC_CC,495,0.2741,discharge,-29.222,2.0,2.0,26.1,300.1,3.4928,3.0747,14.3077,2.7119,0.93182
RPC_CC,495,0.2741,discharge,-29.222,10.0,9.0,26.1,300.1,3.4928,2.9092,19.9713,2.7119,0.93182
RPC_CC,495,0.229,discharge,-28.244,2.0,2.0,26.22,300.0,3.4375,2.9798,16.2055,2.7119,0.93182
RPC_CC,495,0.229,discharge,-28.244,10.0,9.0,26.22,300.0,3.4375,2.6586,27.578,2.7119,0.93182
RPC_CC,495,0.1845,discharge,-20.7,2.0,2.0,26.38,300.0,3.3994,2.9573,21.358,2.7119,0.93182
RPC_CC,495,0.1845,discharge,-20.7,10.0,9.0,26.38,300.0,3.3994,2.5102,42.9576,2.7119,0.93182
RPC_CC,495,0.14,discharge,-12.152,2.0,2.0,26.35,300.0,3.3236,2.9435,31.2788,2.7119,0.93182
RPC_CC,495,0.14,discharge,-12.152,10.0,9.01,26.35,300.0,3.3236,2.5027,67.5527,2.7119,0.93182
RPC_CC,495,0.1132,discharge,-7.485,2.0,2.0,26.31,300.1,3.1611,2.8639,39.7071,2.7119,0.93182
RPC_CC,495,0.1132,discharge,-7.485,10.0,8.57,26.31,300.1,3.1611,2.4996,88.3791,2.7119,0.93182
RPC_CC,495,0.9973,discharge,-29.862,2.0,2.0,25.47,1956.1,4.1667,3.6876,16.0435,2.7119,0.93182
RPC_CC,495,0.9973,discharge,-29.862,10.0,9.0,25.47,1956.1,4.1667,3.6354,17.7915,2.7119,0.93182
RPC_CC,495,0.9521,discharge,-29.819,2.0,2.0,25.94,300.0,4.0909,3.6741,13.9779,2.7119,0.93182
RPC_CC,495,0.9521,discharge,-29.819,10.0,9.0,25.94,300.0,4.0909,3.6186,15.8392,2.7119,0.93182
RPC_CC,495,0.9069,discharge,-29.727,2.0,2.0,26.07,300.0,4.0742,3.6721,13.5267,2.7119,0.93182
RPC_CC,495,0.9069,discharge,-29.727,10.0,9.0,26.07,300.0,4.0742,3.5915,16.238,2.7119,0.93182
RPC_CC,495,0.8165,discharge,-29.733,2.0,2.0,26.0,300.0,3.9986,3.6023,13.3286,2.7119,0.93182
RPC_CC,495,0.8165,discharge,-29.733,10.0,9.0,26.0,300.0,3.9986,3.5218,16.0361,2.7119,0.93182
RPC_CC,495,0.7261,discharge,-29.729,2.0,2.0,26.0,300.0,3.9082,3.5303,12.7117,2.7119,0.93182
RPC_CC,495,0.7261,discharge,-29.729,10.0,9.01,26.0,300.0,3.9082,3.4555,15.2278,2.7119,0.93182
RPC_CC,495,0.6357,discharge,-29.68,2.0,2.0,25.91,300.0,3.8144,3.4503,12.2675,2.7119,0.93182
RPC_CC,495,0.6357,discharge,-29.68,10.0,9.0,25.91,300.0,3.8144,3.3656,15.1213,2.7119,0.93182
RPC_CC,495,0.5452,discharge,-29.633,2.0,2.0,25.83,300.0,3.7254,3.3577,12.4087,2.7119,0.93182
RPC_CC,495,0.5452,discharge,-29.633,10.0,9.0,25.83,300.0,3.7254,3.2632,15.5977,2.7119,0.93182
RPC_CC,495,0.4548,discharge,-29.603,2.0,2.0,25.82,300.0,3.6467,3.2777,12.465,2.7119,0.93182
RPC_CC,495,0.4548,discharge,-29.603,10.0,9.0,25.82,300.0,3.6467,3.1796,15.7788,2.7119,0.93182
RPC_CC,495,0.3644,discharge,-29.535,2.0,2.0,25.91,300.0,3.5829,3.2019,12.8999,2.7119,0.93182
RPC_CC,495,0.3644,discharge,-29.535,10.0,9.0,25.91,300.0,3.5829,3.0924,16.6074,2.7119,0.93182
RPC_CC,495,0.2741,discharge,-29.234,2.0,2.0,26.1,300.0,3.4925,3.0738,14.3224,2.7119,0.93182
RPC_CC,495,0.2741,discharge,-29.234,10.0,9.0,26.1,300.0,3.4925,2.9074,20.0144,2.7119,0.93182
RPC_CC,495,0.229,discharge,-28.267,2.0,2.0,26.23,300.0,3.4373,2.9783,16.2383,2.7119,0.93182
RPC_CC,495,0.229,discharge,-28.267,10.0,9.0,26.23,300.0,3.4373,2.6548,27.6829,2.7119,0.93182
RPC_CC,495,0.1845,discharge,-20.726,2.0,2.0,26.37,300.0,3.3995,2.9553,21.432,2.7119,0.93182
RPC_CC,495,0.1845,discharge,-20.726,10.0,9.0,26.37,300.0,3.3995,2.504,43.2066,2.7119,0.93182
RPC_CC,495,0.14,discharge,-11.525,2.0,2.0,26.34,300.0,3.3232,2.962,31.3406,2.7119,0.93182
RPC_CC,495,0.14,discharge,-11.525,10.0,9.0,26.34,300.0,3.3232,2.5525,66.872,2.7119,0.93182
RPC_CC,495,0.1133,discharge,-6.959,2.0,2.0,26.29,300.0,3.1599,2.8823,39.8905,2.7119,0.93182
RPC_CC,495,0.1133,discharge,-6.959,10.0,9.0,26.29,300.0,3.1599,2.5311,90.3572,2.7119,0.93182
RPC_CC,495,0.9973,discharge,-29.865,2.0,2.0,25.48,1955.3,4.1668,3.6875,16.0489,2.7119,0.93182
RPC_CC,495,0.9973,discharge,-29.865,10.0,9.0,25.48,1955.3,4.1668,3.635,17.8068,2.7119,0.93182
RPC_CC,495,0.9521,discharge,-29.821,2.0,2.0,25.95,300.0,4.0908,3.6737,13.9868,2.7119,0.93182
RPC_CC,495,0.9521,discharge,-29.821,10.0,9.0,25.95,300.0,4.0908,3.6182,15.8479,2.7119,0.93182
RPC_CC,495,0.9069,discharge,-29.73,2.0,2.0,26.07,300.0,4.0742,3.672,13.5286,2.7119,0.93182
RPC_CC,495,0.9069,discharge,-29.73,10.0,9.0,26.07,300.0,4.0742,3.5911,16.2499,2.7119,0.93182
RPC_CC,495,0.8165,discharge,-29.736,2.0,2.0,26.02,300.0,3.9987,3.6018,13.3475,2.7119,0.93182
RPC_CC,495,0.8165,discharge,-29.736,10.0,9.0,26.02,300.0,3.9987,3.5215,16.0479,2.7119,0.93182
RPC_CC,495,0.7261,discharge,-29.73,2.0,1.0,26.05,300.0,3.9083,3.5472,12.1458,2.7119,0.93182
RPC_CC,495,0.7261,discharge,-29.73,10.0,9.01,26.05,300.0,3.9083,3.4553,15.2369,2.7119,0.93182
RPC_CC,495,0.6356,discharge,-29.684,2.0,2.0,25.94,300.0,3.8143,3.4499,12.2762,2.7119,0.93182
RPC_CC,495,0.6356,discharge,-29.684,10.0,9.0,25.94,300.0,3.8143,3.3653,15.1262,2.7119,0.93182
RPC_CC,495,0.5452,discharge,-29.633,2.0,2.0,25.84,300.0,3.7253,3.3574,12.4152,2.7119,0.93182
RPC_CC,495,0.5452,discharge,-29.633,10.0,9.0,25.84,300.0,3.7253,3.263,15.6009,2.7119,0.93182
RPC_CC,495,0.4548,discharge,-29.604,2.0,2.0,25.82,300.0,3.6465,3.2776,12.4614,2.7119,0.93182
RPC_CC,495,0.4548,discharge,-29.604,10.0,9.0,25.82,300.0,3.6465,3.1794,15.7785,2.7119,0.93182
RPC_CC,495,0.3644,discharge,-29.537,2.0,1.0,25.91,300.0,3.5827,3.2244,12.1305,2.7119,0.93182
RPC_CC,495,0.3644,discharge,-29.537,10.0,9.0,25.91,300.0,3.5827,3.0921,16.6097,2.7119,0.93182
RPC_CC,495,0.2741,discharge,-29.242,2.0,1.0,26.1,300.0,3.4922,3.1019,13.3475,2.7119,0.93182
RPC_CC,495,0.2741,discharge,-29.242,10.0,9.0,26.1,300.0,3.4922,2.9066,20.0263,2.7119,0.93182
RPC_CC,495,0.229,discharge,-28.284,2.0,2.0,26.23,300.0,3.4372,2.9774,16.2568,2.7119,0.93182
RPC_CC,495,0.229,discharge,-28.284,10.0,9.0,26.23,300.0,3.4372,2.6521,27.7582,2.7119,0.93182
RPC_CC,495,0.1846,discharge,-19.776,2.0,1.0,26.39,300.0,3.3993,3.0346,18.4415,2.7119,0.93182
RPC_CC,495,0.1846,discharge,-19.776,10.0,9.01,26.39,300.0,3.3993,2.5587,42.5061,2.7119,0.93182
RPC_CC,495,0.14,discharge,-11.549,2.0,2.0,26.36,300.0,3.3223,2.9581,31.5366,2.7119,0.93182
RPC_CC,495,0.14,discharge,-11.549,10.0,9.0,26.36,300.0,3.3223,2.5463,67.1949,2.7119,0.93182
RPC_CC,495,0.1133,discharge,-6.969,2.0,2.0,26.3,300.0,3.1586,2.88,39.9776,2.7119,0.93182
RPC_CC,495,0.1133,discharge,-6.969,10.0,9.0,26.3,300.0,3.1586,2.5255,90.8465,2.7119,0.93182
RPC_CC,495,0.9552,charge,3.255,2.0,2.0,25.52,300.0,4.0903,4.1501,18.3689,2.7119,0.93182
RPC_CC,495,0.9552,charge,3.255,10.0,9.0,25.52,300.0,4.0903,4.1501,18.3689,2.7119,0.93182
RPC_CC,495,0.9102,charge,4.734,2.0,2.0,25.58,300.0,4.0737,4.1501,16.1375,2.7119,0.93182
RPC_CC,495,0.9102,charge,4.734,10.0,9.0,25.58,300.0,4.0737,4.1499,16.0953,2.7119,0.93182
RPC_CC,495,0.8204,charge,9.687,2.0,2.0,25.75,300.0,3.9973,4.1503,15.7941,2.7119,0.93182
RPC_CC,495,0.8204,charge,9.687,10.0,9.0,25.75,300.0,3.9973,4.15,15.7632,2.7119,0.93182
RPC_CC,495,0.7301,charge,15.001,2.0,2.0,25.75,300.0,3.9083,4.0993,12.7325,2.7119,0.93182
RPC_CC,495,0.7301,charge,15.001,10.0,9.0,25.75,300.0,3.9083,4.1353,15.1323,2.7119,0.93182
RPC_CC,495,0.6397,charge,15.001,2.0,1.0,25.69,300.0,3.8142,3.9926,11.8925,2.7119,0.93182
RPC_CC,495,0.6397,charge,15.001,10.0,9.0,25.69,300.0,3.8142,4.0412,15.1323,2.7119,0.93182
RPC_CC,495,0.5493,charge,15.001,2.0,2.0,25.59,300.0,3.7257,3.912,12.4192,2.7119,0.93182
RPC_CC,495,0.5493,charge,15.001,10.0,9.01,25.59,300.0,3.7257,3.9505,14.9857,2.7119,0.93182
RPC_CC,495,0.4588,charge,15.001,2.0,2.0,25.6,300.0,3.6469,3.8332,12.4192,2.7119,0.93182
RPC_CC,495,0.4588,charge,15.001,10.0,9.0,25.6,300.0,3.6469,3.8699,14.8657,2.7119,0.93182
RPC_CC,495,0.3684,charge,15.0,2.0,2.0,25.7,300.0,3.5826,3.7733,12.7133,2.7119,0.93182
RPC_CC,495,0.3684,charge,15.0,10.0,9.0,25.7,300.0,3.5826,3.8114,15.2533,2.7119,0.93182
RPC_CC,495,0.278,charge,15.001,2.0,1.0,25.88,300.0,3.4926,3.6855,12.8591,2.7119,0.93182
RPC_CC,495,0.278,charge,15.001,10.0,9.01,25.88,300.0,3.4926,3.7373,16.3122,2.7119,0.93182
RPC_CC,495,0.2328,charge,15.001,2.0,2.0,25.8,300.0,3.4364,3.645,13.9057,2.7119,0.93182
RPC_CC,495,0.2328,charge,15.001,10.0,9.01,25.8,300.0,3.4364,3.6851,16.5789,2.7119,0.93182
RPC_CC,495,0.1875,charge,15.001,2.0,2.0,25.83,300.0,3.3987,3.6218,14.8723,2.7119,0.93182
RPC_CC,495,0.1875,charge,15.001,10.0,9.01,25.83,300.0,3.3987,3.6523,16.9055,2.7119,0.93182
RPC_CC,495,0.1423,charge,15.001,2.0,1.0,26.03,300.0,3.3213,3.574,16.8455,2.7119,0.93182
RPC_CC,495,0.1423,charge,15.001,10.0,9.01,26.03,300.0,3.3213,3.6318,20.6986,2.7119,0.93182
RPC_CC,495,0.1152,charge,15.001,2.0,2.0,26.21,300.0,3.1581,3.4679,20.652,2.7119,0.93182
RPC_CC,495,0.1152,charge,15.001,10.0,9.0,26.21,300.0,3.1581,3.5655,27.1582,2.7119,0.93182
RPC_CC,495,0.9551,charge,2.991,2.0,2.0,25.57,300.1,4.0903,4.1391,16.3167,2.7119,0.93182
RPC_CC,495,0.9551,charge,2.991,10.0,9.01,25.57,300.1,4.0903,4.1487,19.5265,2.7119,0.93182
RPC_CC,495,0.91,charge,4.434,2.0,2.0,25.6,300.1,4.0737,4.139,14.7254,2.7119,0.93182
RPC_CC,495,0.91,charge,4.434,10.0,9.01,25.6,300.1,4.0737,4.1492,17.0256,2.7119,0.93182
RPC_CC,495,0.82,charge,8.724,2.0,2.0,25.73,300.1,3.9973,4.1185,13.8933,2.7119,0.93182
RPC_CC,495,0.82,charge,8.724,10.0,9.0,25.73,300.1,3.9973,4.1458,17.0228,2.7119,0.93182
RPC_CC,495,0.7301,charge,15.051,2.0,2.0,25.76,300.1,3.9082,4.1014,12.8364,2.7119,0.93182
RPC_CC,495,0.7301,charge,15.051,10.0,9.0,25.76,300.1,3.9082,4.1361,15.1419,2.7119,0.93182
RPC_CC,495,0.6397,charge,15.058,2.0,2.0,25.7,300.1,3.8143,4.0038,12.5843,2.7119,0.93182
RPC_CC,495,0.6397,charge,15.058,10.0,9.0,25.7,300.1,3.8143,4.0421,15.1277,2.7119,0.93182
RPC_CC,495,0.5493,charge,15.057,2.0,2.0,25.6,300.1,3.7255,3.9144,12.5457,2.7119,0.93182
RPC_CC,495,0.5493,charge,15.057,10.0,9.0,25.6,300.1,3.7255,3.9512,14.9897,2.7119,0.93182
RPC_CC,495,0.4589,charge,15.055,2.0,2.0,25.6,300.1,3.6471,3.8354,12.5075,2.7119,0.93182
RPC_CC,495,0.4589,charge,15.055,10.0,9.01,25.6,300.1,3.6471,3.8707,14.8522,2.7119,0.93182
RPC_CC,495,0.3684,charge,15.056,2.0,2.0,25.69,300.1,3.5826,3.7758,12.8321,2.7119,0.93182
RPC_CC,495,0.3684,charge,15.056,10.0,9.0,25.69,300.1,3.5826,3.8122,15.2497,2.7119,0.93182
RPC_CC,495,0.278,charge,15.07,2.0,2.0,25.88,300.1,3.4926,3.6973,13.5828,2.7119,0.93182
RPC_CC,495,0.278,charge,15.07,10.0,9.0,25.88,300.1,3.4926,3.7383,16.3034,2.7119,0.93182
RPC_CC,495,0.2328,charge,15.069,2.0,2.0,25.83,300.1,3.4363,3.6476,14.0226,2.7119,0.93182
RPC_CC,495,0.2328,charge,15.069,10.0,9.01,25.83,300.1,3.4363,3.686,16.571,2.7119,0.93182
RPC_CC,495,0.1876,charge,15.049,2.0,2.0,25.82,300.1,3.3987,3.624,14.9711,2.7119,0.93182
RPC_CC,495,0.1876,charge,15.049,10.0,9.01,25.82,300.1,3.3987,3.653,16.8981,2.7119,0.93182
RPC_CC,495,0.1424,charge,15.059,2.0,2.0,26.02,300.1,3.3216,3.5907,17.8691,2.7119,0.93182
RPC_CC,495,0.1424,charge,15.059,10.0,9.0,26.02,300.1,3.3216,3.6326,20.6514,2.7119,0.93182
RPC_CC,495,0.1153,charge,15.183,2.0,2.0,26.22,300.1,3.159,3.4765,20.9115,2.7119,0.93182
RPC_CC,495,0.1153,charge,15.183,10.0,9.0,26.22,300.1,3.159,3.5687,26.9841,2.7119,0.93182
RPC_CC,611,0.9973,discharge,-30.0,2.0,2.0,25.45,4462.9,4.1512,3.6379,17.11,2.6821,0.92158
RPC_CC,611,0.9973,discharge,-30.0,10.0,9.0,25.45,4462.9,4.1512,3.5949,18.5433,2.6821,0.92158
RPC_CC,611,0.9727,charge,3.252,2.0,2.0,26.59,60.0,4.0885,4.1501,18.9439,2.6821,0.92158
RPC_CC,611,0.9727,charge,3.252,10.0,9.0,26.59,60.0,4.0885,4.15,18.9132,2.6821,0.92158
RPC_CC,611,0.9525,discharge,-30.0,2.0,2.0,25.48,3600.0,4.0941,3.6206,15.7833,2.6821,0.92158
RPC_CC,611,0.9525,discharge,-30.0,10.0,9.0,25.48,3600.0,4.0941,3.5736,17.35,2.6821,0.92158
RPC_CC,611,0.9281,charge,4.55,2.0,2.0,26.57,60.0,4.0718,4.1501,17.2084,2.6821,0.92158
RPC_CC,611,0.9281,charge,4.55,10.0,9.0,26.57,60.0,4.0718,4.15,17.1864,2.6821,0.92158
RPC_CC,611,0.9078,discharge,-30.0,2.0,2.0,25.51,3600.0,4.0781,3.6195,15.2867,2.6821,0.92158
RPC_CC,611,0.9078,discharge,-30.0,10.0,9.0,25.51,3600.0,4.0781,3.5569,17.3733,2.6821,0.92158
RPC_CC,611,0.8836,charge,5.598,2.0,2.0,26.57,60.0,4.0533,4.1501,17.2913,2.6821,0.92158
RPC_CC,611,0.8836,charge,5.598,10.0,9.0,26.57,60.0,4.0533,4.15,17.2734,2.6821,0.92158
RPC_CC,611,0.8184,discharge,-30.0,2.0,2.0,25.47,3600.0,4.0149,3.5671,14.9267,2.6821,0.92158
RPC_CC,611,0.8184,discharge,-30.0,10.0,9.0,25.47,3600.0,4.0149,3.4928,17.4033,2.6821,0.92158
RPC_CC,611,0.7948,charge,12.157,2.0,2.0,26.5,60.0,3.9518,4.1503,16.328,2.6821,0.92158
RPC_CC,611,0.7948,charge,12.157,10.0,9.0,26.5,60.0,3.9518,4.1501,16.3116,2.6821,0.92158
RPC_CC,611,0.729,discharge,-30.0,2.0,1.0,25.45,3600.0,3.9155,3.5085,13.5667,2.6821,0.92158
RPC_CC,611,0.729,discharge,-30.0,10.0,9.0,25.45,3600.0,3.9155,3.4243,16.3733,2.6821,0.92158
RPC_CC,611,0.7053,charge,15.001,2.0,2.0,26.38,60.0,3.861,4.0555,12.9658,2.6821,0.92158
RPC_CC,611,0.7053,charge,15.001,10.0,9.0,26.38,60.0,3.861,4.1038,16.1856,2.6821,0.92158
RPC_CC,611,0.6395,discharge,-30.0,2.0,2.0,25.49,3600.0,3.8242,3.4175,13.5567,2.6821,0.92158
RPC_CC,611,0.6395,discharge,-30.0,10.0,9.0,25.49,3600.0,3.8242,3.3405,16.1233,2.6821,0.92158
RPC_CC,611,0.6159,charge,15.001,2.0,2.0,26.37,60.0,3.7821,3.9749,12.8525,2.6821,0.92158
RPC_CC,611,0.6159,charge,15.001,10.0,9.0,26.37,60.0,3.7821,4.0144,15.4856,2.6821,0.92158
RPC_CC,611,0.5501,discharge,-30.0,2.0,2.0,25.47,3600.0,3.7367,3.3272,13.65,2.6821,0.92158
RPC_CC,611,0.5501,discharge,-30.0,10.0,9.0,25.47,3600.0,3.7367,3.2412,16.5167,2.6821,0.92158
RPC_CC,611,0.5265,charge,15.001,2.0,2.0,26.43,60.0,3.6909,3.8855,12.9725,2.6821,0.92158
RPC_CC,611,0.5265,charge,15.001,10.0,9.0,26.43,60.0,3.6909,3.9297,15.9189,2.6821,0.92158
RPC_CC,611,0.4607,discharge,-30.0,2.0,2.0,25.49,3600.0,3.6571,3.2447,13.7467,2.6821,0.92158
RPC_CC,611,0.4607,discharge,-30.0,10.0,9.0,25.49,3600.0,3.6571,3.1557,16.7133,2.6821,0.92158
RPC_CC,611,0.437,charge,15.001,2.0,2.0,26.49,60.0,3.614,3.8083,12.9525,2.6821,0.92158
RPC_CC,611,0.437,charge,15.001,10.0,9.0,26.49,60.0,3.614,3.8532,15.9456,2.6821,0.92158
RPC_CC,611,0.3712,discharge,-30.0,2.0,2.0,25.47,3600.0,3.5965,3.1677,14.2933,2.6821,0.92158
RPC_CC,611,0.3712,discharge,-30.0,10.0,9.0,25.47,3600.0,3.5965,3.0669,17.6533,2.6821,0.92158
RPC_CC,611,0.3476,charge,15.001,2.0,2.0,26.58,60.0,3.5466,3.7471,13.3658,2.6821,0.92158
RPC_CC,611,0.3476,charge,15.001,10.0,9.0,26.58,60.0,3.5466,3.7928,16.4122,2.6821,0.92158
RPC_CC,611,0.2818,discharge,-30.0,2.0,1.0,25.49,3600.0,3.5041,3.0513,15.0933,2.6821,0.92158
RPC_CC,611,0.2818,discharge,-30.0,10.0,9.0,25.49,3600.0,3.5041,2.8789,20.84,2.6821,0.92158
RPC_CC,611,0.2582,charge,15.0,2.0,2.0,26.7,60.0,3.4517,3.662,14.02,2.6821,0.92158
RPC_CC,611,0.2582,charge,15.0,10.0,9.0,26.7,60.0,3.4517,3.7051,16.8933,2.6821,0.92158
RPC_CC,611,0.2371,discharge,-30.0,2.0,2.0,25.52,3600.0,3.4469,2.9017,18.1733,2.6821,0.92158
RPC_CC,611,0.2371,discharge,-30.0,10.0,9.0,25.52,3600.0,3.4469,2.6403,26.8867,2.6821,0.92158
RPC_CC,611,0.2135,charge,15.001,2.0,2.0,27.0,60.0,3.4114,3.6288,14.4924,2.6821,0.92158
RPC_CC,611,0.2135,charge,15.001,10.0,9.0,27.0,60.0,3.4114,3.6602,16.5856,2.6821,0.92158
RPC_CC,611,0.1924,discharge,-25.667,2.0,2.0,25.5,3600.0,3.4142,2.6699,28.9983,2.6821,0.92158
RPC_CC,611,0.1924,discharge,-25.667,10.0,9.0,25.5,3600.0,3.4142,2.5497,33.6814,2.6821,0.92158
RPC_CC,611,0.1726,charge,15.001,2.0,2.0,27.12,60.0,3.3699,3.6085,15.9056,2.6821,0.92158
RPC_CC,611,0.1726,charge,15.001,10.0,9.0,27.12,60.0,3.3699,3.6429,18.1988,2.6821,0.92158
RPC_CC,611,0.1477,discharge,-12.748,2.0,2.0,25.47,3600.0,3.3539,2.5489,63.1472,2.6821,0.92158
RPC_CC,611,0.1477,discharge,-12.748,10.0,9.0,25.47,3600.0,3.3539,2.5498,63.0766,2.6821,0.92158
RPC_CC,611,0.1366,charge,15.001,2.0,2.0,26.52,60.0,3.2497,3.5438,19.6054,2.6821,0.92158
RPC_CC,611,0.1366,charge,15.001,10.0,9.0,26.52,60.0,3.2497,3.6206,24.725,2.6821,0.92158
RPC_CC,611,0.121,discharge,-7.481,2.0,2.0,25.45,3600.0,3.2182,2.5494,89.4034,2.6821,0.92158
RPC_CC,611,0.121,discharge,-7.481,10.0,9.0,25.45,3600.0,3.2182,2.5498,89.3499,2.6821,0.92158
RPC_CC,611,0.1151,charge,15.001,2.0,2.0,26.04,60.0,3.0996,3.4384,22.5852,2.6821,0.92158
RPC_CC,611,0.1151,charge,15.001,10.0,9.0,26.04,60.0,3.0996,3.5487,29.938,2.6821,0.92158
RPC_CC,611,0.108,discharge,-5.225,2.0,2.0,25.5,3600.0,3.1088,2.5495,107.0513,2.6821,0.92158
RPC_CC,611,0.108,discharge,-5.225,10.0,9.0,25.5,3600.0,3.1088,2.5499,106.9747,2.6821,0.92158
RPC_CC,611,0.1042,charge,15.001,2.0,2.0,25.86,60.0,2.9841,3.3566,24.8317,2.6821,0.92158
RPC_CC,611,0.1042,charge,15.001,10.0,9.0,25.86,60.0,2.9841,3.4919,33.8511,2.6821,0.92158
RPC_CC,611,0.9973,discharge,-30.001,2.0,2.0,25.47,2063.7,4.1641,3.6487,17.1794,2.6821,0.92158
RPC_CC,611,0.9973,discharge,-30.001,10.0,9.0,25.47,2063.7,4.1641,3.603,18.7027,2.6821,0.92158
RPC_CC,611,0.9525,discharge,-30.001,2.0,2.0,26.03,300.0,4.0888,3.6404,14.9462,2.6821,0.92158
RPC_CC,611,0.9525,discharge,-30.001,10.0,9.01,26.03,300.0,4.0888,3.5873,16.7161,2.6821,0.92158
RPC_CC,611,0.9078,discharge,-30.001,2.0,2.0,26.17,300.0,4.0728,3.6359,14.5628,2.6821,0.92158
RPC_CC,611,0.9078,discharge,-30.001,10.0,9.0,26.17,300.0,4.0728,3.5599,17.0961,2.6821,0.92158
RPC_CC,611,0.8184,discharge,-30.001,2.0,2.0,26.1,300.0,3.9923,3.5673,14.1662,2.6821,0.92158
RPC_CC,611,0.8184,discharge,-30.001,10.0,9.0,26.1,300.0,3.9923,3.494,16.6094,2.6821,0.92158
RPC_CC,611,0.729,discharge,-30.001,2.0,1.0,26.07,300.0,3.9033,3.5153,12.9329,2.6821,0.92158
RPC_CC,611,0.729,discharge,-30.001,10.0,9.0,26.07,300.0,3.9033,3.4284,15.8295,2.6821,0.92158
RPC_CC,611,0.6395,discharge,-30.001,2.0,2.0,25.97,300.0,3.8094,3.4158,13.1196,2.6821,0.92158
RPC_CC,611,0.6395,discharge,-30.001,10.0,9.0,25.97,300.0,3.8094,3.3359,15.7828,2.6821,0.92158
RPC_CC,611,0.5501,discharge,-30.001,2.0,2.0,25.89,300.0,3.7208,3.3216,13.3062,2.6821,0.92158
RPC_CC,611,0.5501,discharge,-30.001,10.0,9.01,25.89,300.0,3.7208,3.2338,16.2328,2.6821,0.92158
RPC_CC,611,0.4607,discharge,-30.001,2.0,2.0,25.91,300.0,3.6436,3.2407,13.4296,2.6821,0.92158
RPC_CC,611,0.4607,discharge,-30.001,10.0,9.0,25.91,300.0,3.6436,3.149,16.4861,2.6821,0.92158
RPC_CC,611,0.3712,discharge,-30.001,2.0,2.0,25.96,300.0,3.5798,3.1585,14.0429,2.6821,0.92158
RPC_CC,611,0.3712,discharge,-30.001,10.0,9.0,25.96,300.0,3.5798,3.0544,17.5127,2.6821,0.92158
RPC_CC,611,0.2818,discharge,-30.001,2.0,2.0,26.18,300.0,3.4886,3.0046,16.1328,2.6821,0.92158
RPC_CC,611,0.2818,discharge,-30.001,10.0,9.01,26.18,300.0,3.4886,2.8299,21.9559,2.6821,0.92158
RPC_CC,611,0.2371,discharge,-30.001,2.0,2.0,26.36,300.0,3.435,2.8461,19.6293,2.6821,0.92158
RPC_CC,611,0.2371,discharge,-30.001,10.0,9.0,26.36,300.0,3.435,2.5494,29.519,2.6821,0.92158
RPC_CC,611,0.1924,discharge,-20.355,2.0,2.0,26.63,300.0,3.3978,2.5457,41.863,2.6821,0.92158
RPC_CC,611,0.1924,discharge,-20.355,10.0,9.01,26.63,300.0,3.3978,2.5497,41.6665,2.6821,0.92158
RPC_CC,611,0.1477,discharge,-10.641,2.0,2.0,26.69,300.0,3.3224,2.5491,72.6717,2.6821,0.92158
RPC_CC,611,0.1477,discharge,-10.641,10.0,9.0,26.69,300.0,3.3224,2.5499,72.5966,2.6821,0.92158
RPC_CC,611,0.1212,discharge,-5.782,2.0,2.0,26.62,300.0,3.1643,2.5495,106.3291,2.6821,0.92158
RPC_CC,611,0.1212,discharge,-5.782,10.0,9.0,26.62,300.0,3.1643,2.5499,106.2599,2.6821,0.92158
RPC_CC,611,0.9973,discharge,-29.843,2.0,1.0,25.49,2055.5,4.1643,3.6719,16.4994,2.6821,0.92158
RPC_CC,611,0.9973,discharge,-29.843,10.0,9.01,25.49,2055.5,4.1643,3.6035,18.7914,2.6821,0.92158
RPC_CC,611,0.9526,discharge,-29.79,2.0,2.0,26.01,300.1,4.0887,3.646,14.8609,2.6821,0.92158
RPC_CC,611,0.9526,discharge,-29.79,10.0,9.0,26.01,300.1,4.0887,3.5877,16.818,2.6821,0.92158
RPC_CC,611,0.9079,discharge,-29.703,2.0,2.0,26.14,300.1,4.0727,3.6445,14.4161,2.6821,0.92158
RPC_CC,611,0.9079,discharge,-29.703,10.0,9.0,26.14,300.1,4.0727,3.561,17.2272,2.6821,0.92158
RPC_CC,611,0.8185,discharge,-29.716,2.0,2.0,26.07,300.1,3.9922,3.5757,14.016,2.6821,0.92158
RPC_CC,611,0.8185,discharge,-29.716,10.0,9.0,26.07,300.1,3.9922,3.495,16.7317,2.6821,0.92158
RPC_CC,611,0.729,discharge,-29.703,2.0,2.0,26.08,300.1,3.9032,3.5067,13.3486,2.6821,0.92158
RPC_CC,611,0.729,discharge,-29.703,10.0,9.0,26.08,300.1,3.9032,3.4295,15.9476,2.6821,0.92158
RPC_CC,611,0.6396,discharge,-29.65,2.0,2.0,25.99,300.1,3.8096,3.4256,12.9511,2.6821,0.92158
RPC_CC,611,0.6396,discharge,-29.65,10.0,9.0,25.99,300.1,3.8096,3.3377,15.9157,2.6821,0.92158
RPC_CC,611,0.5502,discharge,-29.605,2.0,2.0,25.86,300.1,3.7209,3.3333,13.0922,2.6821,0.92158
RPC_CC,611,0.5502,discharge,-29.605,10.0,9.01,25.86,300.1,3.7209,3.2362,16.372,2.6821,0.92158
RPC_CC,611,0.4608,discharge,-29.57,2.0,2.0,25.9,300.1,3.6438,3.2536,13.1956,2.6821,0.92158
RPC_CC,611,0.4608,discharge,-29.57,10.0,9.0,25.9,300.1,3.6438,3.1519,16.6348,2.6821,0.92158
RPC_CC,611,0.3714,discharge,-29.474,2.0,2.0,25.98,300.1,3.5799,3.1744,13.7581,2.6821,0.92158
RPC_CC,611,0.3714,discharge,-29.474,10.0,9.0,25.98,300.1,3.5799,3.0585,17.6905,2.6821,0.92158
RPC_CC,611,0.2821,discharge,-28.848,2.0,2.0,26.16,300.1,3.4884,3.0389,15.5817,2.6821,0.92158
RPC_CC,611,0.2821,discharge,-28.848,10.0,9.01,26.16,300.1,3.4884,2.8463,22.258,2.6821,0.92158
RPC_CC,611,0.2376,discharge,-26.961,2.0,2.0,26.31,300.1,3.4348,2.9464,18.1151,2.6821,0.92158
RPC_CC,611,0.2376,discharge,-26.961,10.0,9.0,26.31,300.1,3.4348,2.6005,30.9447,2.6821,0.92158
RPC_CC,611,0.1939,discharge,-14.531,2.0,2.0,26.4,300.1,3.3971,3.0453,24.2103,2.6821,0.92158
RPC_CC,611,0.1939,discharge,-14.531,10.0,9.0,26.4,300.1,3.3971,2.7634,43.6102,2.6821,0.92158
RPC_CC,611,0.1498,discharge,-7.367,2.0,2.0,26.27,300.1,3.3176,3.0566,35.4273,2.6821,0.92158
RPC_CC,611,0.1498,discharge,-7.367,10.0,9.01,26.27,300.1,3.3176,2.8271,66.5789,2.6821,0.92158
RPC_CC,611,0.1232,discharge,-3.922,2.0,2.0,26.24,300.1,3.1537,2.9837,43.3491,2.6821,0.92158
RPC_CC,611,0.1232,discharge,-3.922,10.0,9.0,26.24,300.1,3.1537,2.8229,84.3522,2.6821,0.92158
RPC_CC,611,0.9973,discharge,-29.85,2.0,2.0,25.57,2056.2,4.1641,3.6535,17.1055,2.6821,0.92158
RPC_CC,611,0.9973,discharge,-29.85,10.0,9.0,25.57,2056.2,4.1641,3.6026,18.8107,2.6821,0.92158
RPC_CC,611,0.9526,discharge,-29.794,2.0,1.0,26.07,300.1,4.0887,3.6596,14.4025,2.6821,0.92158
RPC_CC,611,0.9526,discharge,-29.794,10.0,9.01,26.07,300.1,4.0887,3.5873,16.8292,2.6821,0.92158
RPC_CC,611,0.9079,discharge,-29.708,2.0,2.0,26.18,300.1,4.0727,3.6439,14.4338,2.6821,0.92158
RPC_CC,611,0.9079,discharge,-29.708,10.0,9.0,26.18,300.1,4.0727,3.5604,17.2445,2.6821,0.92158
RPC_CC,611,0.8185,discharge,-29.72,2.0,2.0,26.11,300.1,3.9919,3.575,14.0276,2.6821,0.92158
RPC_CC,611,0.8185,discharge,-29.72,10.0,9.0,26.11,300.1,3.9919,3.4945,16.7362,2.6821,0.92158
RPC_CC,611,0.729,discharge,-29.708,2.0,2.0,26.09,300.1,3.903,3.5061,13.36,2.6821,0.92158
RPC_CC,611,0.729,discharge,-29.708,10.0,9.0,26.09,300.1,3.903,3.4289,15.9587,2.6821,0.92158
RPC_CC,611,0.6396,discharge,-29.655,2.0,2.0,26.0,300.1,3.8093,3.425,12.9588,2.6821,0.92158
RPC_CC,611,0.6396,discharge,-29.655,10.0,9.0,26.0,300.1,3.8093,3.3371,15.9228,2.6821,0.92158
RPC_CC,611,0.5502,discharge,-29.611,2.0,2.0,25.9,300.1,3.7209,3.3327,13.11,2.6821,0.92158
RPC_CC,611,0.5502,discharge,-29.611,10.0,9.0,25.9,300.1,3.7209,3.2359,16.379,2.6821,0.92158
RPC_CC,611,0.4608,discharge,-29.575,2.0,2.0,25.91,300.1,3.6438,3.2529,13.2172,2.6821,0.92158
RPC_CC,611,0.4608,discharge,-29.575,10.0,9.01,25.91,300.1,3.6438,3.1515,16.6458,2.6821,0.92158
RPC_CC,611,0.3714,discharge,-29.483,2.0,2.0,25.95,300.1,3.5796,3.1736,13.7706,2.6821,0.92158
RPC_CC,611,0.3714,discharge,-29.483,10.0,9.0,25.95,300.1,3.5796,3.0577,17.7017,2.6821,0.92158
RPC_CC,611,0.282,discharge,-29.03,2.0,2.0,26.16,300.1,3.4882,3.0351,15.608,2.6821,0.92158
RPC_CC,611,0.282,discharge,-29.03,10.0,9.0,26.16,300.1,3.4882,2.839,22.3631,2.6821,0.92158
RPC_CC,611,0.2375,discharge,-28.052,2.0,2.0,26.31,300.1,3.4345,2.9262,18.1202,2.6821,0.92158
RPC_CC,611,0.2375,discharge,-28.052,10.0,9.0,26.31,300.1,3.4345,2.55,31.5313,2.6821,0.92158
RPC_CC,611,0.1936,discharge,-19.184,2.0,2.0,26.48,300.1,3.397,2.9305,24.3178,2.6821,0.92158
RPC_CC,611,0.1936,discharge,-19.184,10.0,8.85,26.48,300.1,3.397,2.4995,46.785,2.6821,0.92158
RPC_CC,611,0.1495,discharge,-11.291,2.0,2.0,26.44,300.1,3.318,2.9209,35.168,2.6821,0.92158
RPC_CC,611,0.1495,discharge,-11.291,10.0,8.86,26.44,300.1,3.318,2.4997,72.4704,2.6821,0.92158
RPC_CC,611,0.123,discharge,-7.072,2.0,2.0,26.39,300.1,3.1528,2.8412,44.0608,2.6821,0.92158
RPC_CC,611,0.9973,discharge,-29.857,2.0,2.0,25.52,2055.6,4.1641,3.6526,17.1317,2.6821,0.92158
RPC_CC,611,0.9973,discharge,-29.857,10.0,9.01,25.52,2055.6,4.1641,3.6022,18.8197,2.6821,0.92158
RPC_CC,611,0.9526,discharge,-29.8,2.0,2.0,26.03,300.1,4.0888,3.6449,14.8957,2.6821,0.92158
RPC_CC,611,0.9526,discharge,-29.8,10.0,9.01,26.03,300.1,4.0888,3.5863,16.8621,2.6821,0.92158
RPC_CC,611,0.9079,discharge,-29.715,2.0,2.0,26.18,300.1,4.0726,3.6431,14.4542,2.6821,0.92158
RPC_CC,611,0.9079,discharge,-29.715,10.0,9.0,26.18,300.1,4.0726,3.5598,17.2576,2.6821,0.92158
RPC_CC,611,0.8185,discharge,-29.726,2.0,2.0,26.11,300.1,3.9919,3.5744,14.0449,2.6821,0.92158
RPC_CC,611,0.8185,discharge,-29.726,10.0,9.0,26.11,300.1,3.9919,3.4937,16.7597,2.6821,0.92158
RPC_CC,611,0.729,discharge,-29.713,2.0,2.0,26.09,300.1,3.9029,3.5056,13.371,2.6821,0.92158
RPC_CC,611,0.729,discharge,-29.713,10.0,9.01,26.09,300.1,3.9029,3.4283,15.9725,2.6821,0.92158
RPC_CC,611,0.6396,discharge,-29.66,2.0,2.0,26.01,300.1,3.8092,3.4245,12.9703,2.6821,0.92158
RPC_CC,611,0.6396,discharge,-29.66,10.0,9.01,26.01,300.1,3.8092,3.3367,15.9305,2.6821,0.92158
RPC_CC,611,0.5502,discharge,-29.616,2.0,2.0,25.91,300.1,3.7207,3.3323,13.1148,2.6821,0.92158
RPC_CC,611,0.5502,discharge,-29.616,10.0,9.0,25.91,300.1,3.7207,3.2352,16.3934,2.6821,0.92158
RPC_CC,611,0.4608,discharge,-29.581,2.0,2.0,25.89,300.1,3.6435,3.2525,13.2179,2.6821,0.92158
RPC_CC,611,0.4608,discharge,-29.581,10.0,9.0,25.89,300.1,3.6435,3.1508,16.656,2.6821,0.92158
RPC_CC,611,0.3714,discharge,-29.49,2.0,1.0,25.96,300.1,3.5795,3.1967,12.9807,2.6821,0.92158
RPC_CC,611,0.3714,discharge,-29.49,10.0,9.01,25.96,300.1,3.5795,3.0567,17.728,2.6821,0.92158
RPC_CC,611,0.282,discharge,-29.049,2.0,2.0,26.16,300.0,3.4879,3.0339,15.629,2.6821,0.92158
RPC_CC,611,0.282,discharge,-29.049,10.0,9.0,26.16,300.0,3.4879,2.8363,22.4315,2.6821,0.92158
RPC_CC,611,0.2375,discharge,-28.087,2.0,2.0,26.31,300.1,3.4342,2.9241,18.1618,2.6821,0.92158
RPC_CC,611,0.2375,discharge,-28.087,10.0,9.01,26.31,300.1,3.4342,2.5441,31.6914,2.6821,0.92158
RPC_CC,611,0.1936,discharge,-18.224,2.0,2.0,26.48,300.1,3.3968,2.9521,24.4012,2.6821,0.92158
RPC_CC,611,0.1936,discharge,-18.224,10.0,9.0,26.48,300.1,3.3968,2.5423,46.8874,2.6821,0.92158
RPC_CC,611,0.1495,discharge,-10.685,2.0,2.0,26.38,300.1,3.3168,2.9383,35.4218,2.6821,0.92158
RPC_CC,611,0.1495,discharge,-10.685,10.0,9.0,26.38,300.1,3.3168,2.5379,72.8932,2.6821,0.92158
RPC_CC,611,0.123,discharge,-6.568,2.0,2.0,26.34,300.0,3.1507,2.8598,44.2888,2.6821,0.92158
RPC_CC,611,0.123,discharge,-6.568,10.0,9.0,26.34,300.0,3.1507,2.5043,98.4128,2.6821,0.92158
RPC_CC,611,0.9973,discharge,-29.86,2.0,2.0,25.54,2058.5,4.1641,3.6522,17.1433,2.6821,0.92158
RPC_CC,611,0.9973,discharge,-29.86,10.0,9.01,25.54,2058.5,4.1641,3.6015,18.8413,2.6821,0.92158
RPC_CC,611,0.9526,discharge,-29.804,2.0,1.0,26.05,300.1,4.0887,3.6585,14.4341,2.6821,0.92158
RPC_CC,611,0.9526,discharge,-29.804,10.0,9.01,26.05,300.1,4.0887,3.586,16.8666,2.6821,0.92158
RPC_CC,611,0.9079,discharge,-29.719,2.0,2.0,26.16,300.1,4.0726,3.6426,14.4689,2.6821,0.92158
RPC_CC,611,0.9079,discharge,-29.719,10.0,9.01,26.16,300.1,4.0726,3.5591,17.2785,2.6821,0.92158
RPC_CC,611,0.8185,discharge,-29.729,2.0,2.0,26.12,300.1,3.9917,3.5738,14.0572,2.6821,0.92158
RPC_CC,611,0.8185,discharge,-29.729,10.0,9.0,26.12,300.1,3.9917,3.4933,16.7651,2.6821,0.92158
RPC_CC,611,0.729,discharge,-29.718,2.0,1.0,26.08,300.1,3.9029,3.5228,12.7904,2.6821,0.92158
RPC_CC,611,0.729,discharge,-29.718,10.0,9.01,26.08,300.1,3.9029,3.4279,15.9838,2.6821,0.92158
RPC_CC,611,0.6396,discharge,-29.666,2.0,2.0,25.99,300.1,3.8092,3.4239,12.9882,2.6821,0.92158
RPC_CC,611,0.6396,discharge,-29.666,10.0,9.01,25.99,300.1,3.8092,3.336,15.9512,2.6821,0.92158
RPC_CC,611,0.5502,discharge,-29.62,2.0,2.0,25.91,300.1,3.7206,3.3319,13.1231,2.6821,0.92158
RPC_CC,611,0.5502,discharge,-29.62,10.0,9.0,25.91,300.1,3.7206,3.235,16.3946,2.6821,0.92158
RPC_CC,611,0.4608,discharge,-29.582,2.0,2.0,25.91,300.1,3.6435,3.2523,13.224,2.6821,0.92158
RPC_CC,611,0.4608,discharge,-29.582,10.0,9.0,25.91,300.1,3.6435,3.1505,16.6653,2.6821,0.92158
RPC_CC,611,0.3714,discharge,-29.492,2.0,2.0,26.0,300.1,3.5794,3.1727,13.7899,2.6821,0.92158
RPC_CC,611,0.3714,discharge,-29.492,10.0,9.01,26.0,300.1,3.5794,3.0567,17.7231,2.6821,0.92158
RPC_CC,611,0.282,discharge,-29.055,2.0,2.0,26.18,300.1,3.4879,3.0336,15.6361,2.6821,0.92158
RPC_CC,611,0.282,discharge,-29.055,10.0,9.01,26.18,300.1,3.4879,2.8356,22.4509,2.6821,0.92158
RPC_CC,611,0.2375,discharge,-28.096,2.0,2.0,26.33,300.1,3.4342,2.9234,18.1805,2.6821,0.92158
RPC_CC,611,0.2375,discharge,-28.096,10.0,9.0,26.33,300.1,3.4342,2.5421,31.7519,2.6821,0.92158
RPC_CC,611,0.1936,discharge,-18.233,2.0,2.0,26.48,300.1,3.3966,2.9516,24.407,2.6821,0.92158
RPC_CC,611,0.1936,discharge,-18.233,10.0,9.0,26.48,300.1,3.3966,2.54,46.982,2.6821,0.92158
RPC_CC,611,0.1495,discharge,-10.689,2.0,2.0,26.43,300.1,3.3164,2.9381,35.3899,2.6821,0.92158
RPC_CC,611,0.1495,discharge,-10.689,10.0,9.0,26.43,300.1,3.3164,2.5359,73.0156,2.6821,0.92158
RPC_CC,611,0.1231,discharge,-6.137,2.0,2.0,26.37,300.1,3.15,2.8784,44.254,2.6821,0.92158
RPC_CC,611,0.1231,discharge,-6.137,10.0,9.01,26.37,300.1,3.15,2.5573,96.5734,2.6821,0.92158
RPC_CC,611,0.9557,charge,3.043,2.0,2.0,25.58,300.0,4.0884,4.15,20.2399,2.6821,0.92158
RPC_CC,611,0.9557,charge,3.043,10.0,9.0,25.58,300.0,4.0884,4.15,20.2399,2.6821,0.92158
RPC_CC,611,0.9111,charge,4.438,2.0,2.0,25.59,300.0,4.0723,4.1501,17.5288,2.6821,0.92158
RPC_CC,611,0.9111,charge,4.438,10.0,9.0,25.59,300.0,4.0723,4.15,17.5063,2.6821,0.92158
RPC_CC,611,0.8224,charge,9.505,2.0,1.0,25.77,300.0,3.99,4.1503,16.8648,2.6821,0.92158
RPC_CC,611,0.8224,charge,9.505,10.0,9.01,25.77,300.0,3.99,4.1501,16.8438,2.6821,0.92158
RPC_CC,611,0.7331,charge,15.0,2.0,2.0,25.79,300.0,3.9029,4.1063,13.56,2.6821,0.92158
RPC_CC,611,0.7331,charge,15.0,10.0,9.01,25.79,300.0,3.9029,4.1435,16.04,2.6821,0.92158
RPC_CC,611,0.6436,charge,15.001,2.0,2.0,25.74,300.0,3.8091,4.0072,13.2058,2.6821,0.92158
RPC_CC,611,0.6436,charge,15.001,10.0,9.01,25.74,300.0,3.8091,4.0473,15.8789,2.6821,0.92158
RPC_CC,611,0.5542,charge,15.001,2.0,2.0,25.63,300.0,3.721,3.9187,13.1791,2.6821,0.92158
RPC_CC,611,0.5542,charge,15.001,10.0,9.0,25.63,300.0,3.721,3.9582,15.8123,2.6821,0.92158
RPC_CC,611,0.4648,charge,15.001,2.0,1.0,25.64,300.0,3.6439,3.8333,12.6258,2.6821,0.92158
RPC_CC,611,0.4648,charge,15.001,10.0,9.01,25.64,300.0,3.6439,3.879,15.6723,2.6821,0.92158
RPC_CC,611,0.3753,charge,15.001,2.0,2.0,25.75,300.0,3.5793,3.783,13.5791,2.6821,0.92158
RPC_CC,611,0.3753,charge,15.001,10.0,9.01,25.75,300.0,3.5793,3.8216,16.1523,2.6821,0.92158
RPC_CC,611,0.2859,charge,15.001,2.0,2.0,25.9,300.0,3.4881,3.7053,14.479,2.6821,0.92158
RPC_CC,611,0.2859,charge,15.001,10.0,9.0,25.9,300.0,3.4881,3.7482,17.3388,2.6821,0.92158
RPC_CC,611,0.2412,charge,15.0,2.0,2.0,25.82,300.0,3.4331,3.6577,14.9728,2.6821,0.92158
RPC_CC,611,0.2412,charge,15.0,10.0,9.0,25.82,300.0,3.4331,3.6968,17.5794,2.6821,0.92158
RPC_CC,611,0.1965,charge,15.001,2.0,2.0,25.87,300.0,3.3956,3.6366,16.0656,2.6821,0.92158
RPC_CC,611,0.1965,charge,15.001,10.0,9.0,25.87,300.0,3.3956,3.6668,18.0788,2.6821,0.92158
RPC_CC,611,0.1518,charge,15.001,2.0,1.0,26.09,300.0,3.3149,3.5845,17.9721,2.6821,0.92158
RPC_CC,611,0.1518,charge,15.001,10.0,9.01,26.09,300.0,3.3149,3.6449,21.9985,2.6821,0.92158
RPC_CC,611,0.1249,charge,15.001,2.0,2.0,26.27,300.0,3.1494,3.4755,21.7386,2.6821,0.92158
RPC_CC,611,0.1249,charge,15.001,10.0,9.01,26.27,300.0,3.1494,3.5751,28.3781,2.6821,0.92158
RPC_CC,611,0.9555,charge,2.81,2.0,2.0,25.57,300.1,4.0881,4.1393,18.2184,2.6821,0.92158
RPC_CC,611,0.9555,charge,2.81,10.0,9.0,25.57,300.1,4.0881,4.1487,21.5632,2.6821,0.92158
RPC_CC,611,0.911,charge,4.111,2.0,2.0,25.6,300.1,4.0722,4.1388,16.2014,2.6821,0.92158
RPC_CC,611,0.911,charge,4.111,10.0,9.0,25.6,300.1,4.0722,4.1491,18.707,2.6821,0.92158
RPC_CC,611,0.8219,charge,8.567,2.0,2.0,25.77,300.1,3.9901,4.1176,14.8832,2.6821,0.92158
RPC_CC,611,0.8219,charge,8.567,10.0,9.0,25.77,300.1,3.9901,4.1456,18.1517,2.6821,0.92158
RPC_CC,611,0.7331,charge,15.053,2.0,1.0,25.8,300.1,3.903,4.1004,13.1141,2.6821,0.92158
RPC_CC,611,0.7331,charge,15.053,10.0,9.0,25.8,300.1,3.903,4.1442,16.0239,2.6821,0.92158
RPC_CC,611,0.6437,charge,15.058,2.0,2.0,25.74,300.1,3.8091,4.0095,13.3085,2.6821,0.92158
RPC_CC,611,0.6437,charge,15.058,10.0,9.0,25.74,300.1,3.8091,4.0481,15.872,2.6821,0.92158
RPC_CC,611,0.5543,charge,15.058,2.0,2.0,25.66,300.1,3.7211,3.9213,13.2953,2.6821,0.92158
RPC_CC,611,0.5543,charge,15.058,10.0,9.0,25.66,300.1,3.7211,3.9589,15.7923,2.6821,0.92158
RPC_CC,611,0.4648,charge,15.055,2.0,2.0,25.67,300.1,3.644,3.8444,13.3112,2.6821,0.92158
RPC_CC,611,0.4648,charge,15.055,10.0,9.01,25.67,300.1,3.644,3.8797,15.6559,2.6821,0.92158
RPC_CC,611,0.3754,charge,15.056,2.0,2.0,25.75,300.1,3.5793,3.7855,13.6955,2.6821,0.92158
RPC_CC,611,0.3754,charge,15.056,10.0,9.01,25.75,300.1,3.5793,3.8222,16.1331,2.6821,0.92158
RPC_CC,611,0.286,charge,15.069,2.0,2.0,25.91,300.1,3.4882,3.7082,14.5995,2.6821,0.92158
RPC_CC,611,0.286,charge,15.069,10.0,9.0,25.91,300.1,3.4882,3.749,17.3071,2.6821,0.92158
RPC_CC,611,0.2412,charge,15.066,2.0,2.0,25.87,300.1,3.4331,3.6604,15.087,2.6821,0.92158
RPC_CC,611,0.2412,charge,15.066,10.0,9.0,25.87,300.1,3.4331,3.6978,17.5694,2.6821,0.92158
RPC_CC,611,0.1965,charge,15.049,2.0,2.0,25.89,300.1,3.3957,3.6387,16.1473,2.6821,0.92158
RPC_CC,611,0.1965,charge,15.049,10.0,9.0,25.89,300.1,3.3957,3.6672,18.0411,2.6821,0.92158
RPC_CC,611,0.1518,charge,15.071,2.0,2.0,26.14,300.1,3.3155,3.6023,19.0299,2.6821,0.92158
RPC_CC,611,0.1518,charge,15.071,10.0,9.0,26.14,300.1,3.3155,3.6455,21.8964,2.6821,0.92158
RPC_CC,611,0.125,charge,15.157,2.0,2.0,26.34,300.1,3.1509,3.4847,22.0228,2.6821,0.92158
RPC_CC,611,0.125,charge,15.157,10.0,9.0,26.34,300.1,3.1509,3.5785,28.2114,2.6821,0.92158
RPC_CC,728,0.9973,discharge,-30.0,2.0,2.0,25.51,4573.6,4.1469,3.5964,18.35,2.6443,0.9086
RPC_CC,728,0.9973,discharge,-30.0,10.0,9.0,25.51,4573.6,4.1469,3.554,19.7633,2.6443,0.9086
RPC_CC,728,0.9727,charge,3.046,2.0,2.0,26.75,60.0,4.0857,4.1501,21.1397,2.6443,0.9086
RPC_CC,728,0.9727,charge,3.046,10.0,9.0,26.75,60.0,4.0857,4.15,21.1069,2.6443,0.9086
RPC_CC,728,0.9532,discharge,-30.0,2.0,2.0,25.54,3600.0,4.0922,3.582,17.0067,2.6443,0.9086
RPC_CC,728,0.9532,discharge,-30.0,10.0,9.0,25.54,3600.0,4.0922,3.5337,18.6167,2.6443,0.9086
RPC_CC,728,0.9287,charge,4.168,2.0,2.0,26.72,60.0,4.0695,4.15,19.3134,2.6443,0.9086
RPC_CC,728,0.9287,charge,4.168,10.0,9.0,26.72,60.0,4.0695,4.1501,19.3373,2.6443,0.9086
RPC_CC,728,0.9091,discharge,-30.0,2.0,2.0,25.55,3600.0,4.0769,3.5825,16.48,2.6443,0.9086
RPC_CC,728,0.9091,discharge,-30.0,10.0,9.0,25.55,3600.0,4.0769,3.5177,18.64,2.6443,0.9086
RPC_CC,728,0.8848,charge,5.375,2.0,2.0,26.72,60.0,4.0467,4.1501,19.2365,2.6443,0.9086
RPC_CC,728,0.8848,charge,5.375,10.0,9.0,26.72,60.0,4.0467,4.1501,19.2365,2.6443,0.9086
RPC_CC,728,0.8209,discharge,-30.0,2.0,2.0,25.54,3600.0,4.0097,3.5315,15.94,2.6443,0.9086
RPC_CC,728,0.8209,discharge,-30.0,10.0,9.0,25.54,3600.0,4.0097,3.4568,18.43,2.6443,0.9086
RPC_CC,728,0.7973,charge,11.806,2.0,2.0,26.63,60.0,3.9437,4.1503,17.4996,2.6443,0.9086
RPC_CC,728,0.7973,charge,11.806,10.0,9.0,26.63,60.0,3.9437,4.1501,17.4826,2.6443,0.9086
RPC_CC,728,0.7327,discharge,-30.0,2.0,2.0,25.55,3600.0,3.9111,3.4601,15.0333,2.6443,0.9086
RPC_CC,728,0.7327,discharge,-30.0,10.0,9.0,25.55,3600.0,3.9111,3.3905,17.3533,2.6443,0.9086
RPC_CC,728,0.7091,charge,15.0,2.0,2.0,26.52,60.0,3.8561,4.0642,13.8733,2.6443,0.9086
RPC_CC,728,0.7091,charge,15.0,10.0,9.0,26.52,60.0,3.8561,4.1119,17.0533,2.6443,0.9086
RPC_CC,728,0.6446,discharge,-30.0,2.0,2.0,25.5,3600.0,3.8212,3.3857,14.5167,2.6443,0.9086
RPC_CC,728,0.6446,discharge,-30.0,10.0,9.0,25.5,3600.0,3.8212,3.3054,17.1933,2.6443,0.9086
RPC_CC,728,0.6209,charge,15.001,2.0,2.0,26.46,60.0,3.7776,3.9846,13.7991,2.6443,0.9086
RPC_CC,728,0.6209,charge,15.001,10.0,9.0,26.46,60.0,3.7776,4.0252,16.5056,2.6443,0.9086
RPC_CC,728,0.5564,discharge,-30.0,2.0,2.0,25.54,3600.0,3.7349,3.2964,14.6167,2.6443,0.9086
RPC_CC,728,0.5564,discharge,-30.0,10.0,9.0,25.54,3600.0,3.7349,3.2078,17.57,2.6443,0.9086
RPC_CC,728,0.5328,charge,15.001,2.0,2.0,26.55,60.0,3.6868,3.8951,13.8857,2.6443,0.9086
RPC_CC,728,0.5328,charge,15.001,10.0,9.0,26.55,60.0,3.6868,3.9406,16.9189,2.6443,0.9086
RPC_CC,728,0.4682,discharge,-30.0,2.0,2.0,25.54,3600.0,3.6561,3.2138,14.7433,2.6443,0.9086
RPC_CC,728,0.4682,discharge,-30.0,10.0,9.0,25.54,3600.0,3.6561,3.1218,17.81,2.6443,0.9086
RPC_CC,728,0.4446,charge,15.0,2.0,2.0,26.63,60.0,3.6111,3.8197,13.9067,2.6443,0.9086
RPC_CC,728,0.4446,charge,15.0,10.0,9.0,26.63,60.0,3.6111,3.8652,16.94,2.6443,0.9086
RPC_CC,728,0.3801,discharge,-30.0,2.0,2.0,25.53,3600.0,3.5947,3.1326,15.4033,2.6443,0.9086
RPC_CC,728,0.3801,discharge,-30.0,10.0,9.0,25.53,3600.0,3.5947,3.027,18.9233,2.6443,0.9086
RPC_CC,728,0.3564,charge,15.001,2.0,2.0,26.71,60.0,3.543,3.7593,14.419,2.6443,0.9086
RPC_CC,728,0.3564,charge,15.001,10.0,9.0,26.71,60.0,3.543,3.8051,17.4722,2.6443,0.9086
RPC_CC,728,0.2919,discharge,-30.0,2.0,2.0,25.53,3600.0,3.502,2.9794,17.42,2.6443,0.9086
RPC_CC,728,0.2919,discharge,-30.0,10.0,9.0,25.53,3600.0,3.502,2.8159,22.87,2.6443,0.9086
RPC_CC,728,0.2683,charge,15.001,2.0,2.0,26.88,60.0,3.4499,3.6754,15.0323,2.6443,0.9086
RPC_CC,728,0.2683,charge,15.001,10.0,9.0,26.88,60.0,3.4499,3.7173,17.8255,2.6443,0.9086
RPC_CC,728,0.2478,discharge,-30.0,2.0,1.0,25.53,3600.0,3.4473,2.8907,18.5533,2.6443,0.9086
RPC_CC,728,0.2478,discharge,-30.0,10.0,9.0,25.53,3600.0,3.4473,2.5489,29.9467,2.6443,0.9086
RPC_CC,728,0.2242,charge,15.001,2.0,2.0,27.17,60.0,3.4102,3.6428,15.5056,2.6443,0.9086
RPC_CC,728,0.2242,charge,15.001,10.0,9.0,27.17,60.0,3.4102,3.6745,17.6188,2.6443,0.9086
RPC_CC,728,0.2037,discharge,-22.828,2.0,2.0,25.53,3600.0,3.4139,2.5917,36.0172,2.6443,0.9086
RPC_CC,728,0.2037,discharge,-22.828,10.0,9.0,25.53,3600.0,3.4139,2.5497,37.857,2.6443,0.9086
RPC_CC,728,0.1853,charge,15.001,2.0,2.0,27.1,60.0,3.3673,3.6245,17.1455,2.6443,0.9086
RPC_CC,728,0.1853,charge,15.001,10.0,9.0,27.1,60.0,3.3673,3.6603,19.532,2.6443,0.9086
RPC_CC,728,0.1596,discharge,-12.079,2.0,2.0,25.57,3600.0,3.3512,2.549,66.4128,2.6443,0.9086
RPC_CC,728,0.1596,discharge,-12.079,10.0,9.0,25.57,3600.0,3.3512,2.5498,66.3466,2.6443,0.9086
RPC_CC,728,0.1493,charge,15.001,2.0,2.0,26.55,60.0,3.2472,3.56,20.8519,2.6443,0.9086
RPC_CC,728,0.1493,charge,15.001,10.0,9.0,26.55,60.0,3.2472,3.6379,26.0449,2.6443,0.9086
RPC_CC,728,0.1334,discharge,-7.232,2.0,2.0,25.52,3600.0,3.2208,2.5494,92.8425,2.6443,0.9086
RPC_CC,728,0.1334,discharge,-7.232,10.0,9.0,25.52,3600.0,3.2208,2.5499,92.7734,2.6443,0.9086
RPC_CC,728,0.1277,charge,15.001,2.0,2.0,26.11,60.0,3.103,3.4596,23.7717,2.6443,0.9086
RPC_CC,728,0.1277,charge,15.001,10.0,9.0,26.11,60.0,3.103,3.5699,31.1246,2.6443,0.9086
RPC_CC,728,0.1205,discharge,-5.065,2.0,2.0,25.56,3600.0,3.1166,2.5494,111.9864,2.6443,0.9086
RPC_CC,728,0.1205,discharge,-5.065,10.0,9.0,25.56,3600.0,3.1166,2.55,111.868,2.6443,0.9086
RPC_CC,728,0.1169,charge,15.001,2.0,2.0,25.95,60.0,2.9944,3.3827,25.8849,2.6443,0.9086
RPC_CC,728,0.1169,charge,15.001,10.0,9.0,25.95,60.0,2.9944,3.5162,34.7843,2.6443,0.9086
RPC_CC,728,0.9973,discharge,-30.001,2.0,2.0,25.56,2175.4,4.1612,3.6084,18.4261,2.6443,0.9086
RPC_CC,728,0.9973,discharge,-30.001,10.0,9.01,25.56,2175.4,4.1612,3.5633,19.9293,2.6443,0.9086
RPC_CC,728,0.9532,discharge,-30.0,2.0,2.0,26.15,300.0,4.0867,3.6056,16.0367,2.6443,0.9086
RPC_CC,728,0.9532,discharge,-30.0,10.0,9.0,26.15,300.0,4.0867,3.5484,17.9433,2.6443,0.9086
RPC_CC,728,0.9091,discharge,-30.0,2.0,2.0,26.25,300.0,4.0708,3.6008,15.6667,2.6443,0.9086
RPC_CC,728,0.9091,discharge,-30.0,10.0,9.0,26.25,300.0,4.0708,3.523,18.26,2.6443,0.9086
RPC_CC,728,0.8209,discharge,-30.0,2.0,2.0,26.24,300.0,3.9852,3.5342,15.0333,2.6443,0.9086
RPC_CC,728,0.8209,discharge,-30.0,10.0,9.01,26.24,300.0,3.9852,3.4601,17.5033,2.6443,0.9086
RPC_CC,728,0.7328,discharge,-30.001,2.0,2.0,26.21,300.0,3.8964,3.4677,14.2895,2.6443,0.9086
RPC_CC,728,0.7328,discharge,-30.001,10.0,9.0,26.21,300.0,3.8964,3.3947,16.7228,2.6443,0.9086
RPC_CC,728,0.6446,discharge,-30.001,2.0,2.0,26.08,300.0,3.8041,3.3836,14.0162,2.6443,0.9086
RPC_CC,728,0.6446,discharge,-30.001,10.0,9.01,26.08,300.0,3.8041,3.3003,16.7928,2.6443,0.9086
RPC_CC,728,0.5564,discharge,-30.0,2.0,1.0,25.98,300.0,3.716,3.3115,13.4833,2.6443,0.9086
RPC_CC,728,0.5564,discharge,-30.0,10.0,9.01,25.98,300.0,3.716,3.1998,17.2067,2.6443,0.9086
RPC_CC,728,0.4682,discharge,-30.001,2.0,1.0,26.0,300.0,3.6405,3.2303,13.6729,2.6443,0.9086
RPC_CC,728,0.4682,discharge,-30.001,10.0,9.01,26.0,300.0,3.6405,3.1139,17.5527,2.6443,0.9086
RPC_CC,728,0.3801,discharge,-30.001,2.0,2.0,26.11,300.0,3.5759,3.1216,15.1428,2.6443,0.9086
RPC_CC,728,0.3801,discharge,-30.001,10.0,9.01,26.11,300.0,3.5759,3.0108,18.836,2.6443,0.9086
RPC_CC,728,0.2919,discharge,-30.001,2.0,2.0,26.31,300.0,3.4842,2.9489,17.8427,2.6443,0.9086
RPC_CC,728,0.2919,discharge,-30.001,10.0,9.01,26.31,300.0,3.4842,2.747,24.5725,2.6443,0.9086
RPC_CC,728,0.2478,discharge,-30.0,2.0,2.0,26.57,300.0,3.4335,2.7702,22.1104,2.6443,0.9086
RPC_CC,728,0.2478,discharge,-30.0,10.0,9.0,26.57,300.0,3.4335,2.5496,29.4638,2.6443,0.9086
RPC_CC,728,0.2037,discharge,-18.452,2.0,2.0,26.78,300.0,3.396,2.5484,45.9366,2.6443,0.9086
RPC_CC,728,0.2037,discharge,-18.452,10.0,9.0,26.78,300.0,3.396,2.5498,45.8608,2.6443,0.9086
RPC_CC,728,0.1596,discharge,-9.995,2.0,2.0,26.78,300.0,3.3164,2.5492,76.7618,2.6443,0.9086
RPC_CC,728,0.1596,discharge,-9.995,10.0,9.01,26.78,300.0,3.3164,2.5499,76.6918,2.6443,0.9086
RPC_CC,728,0.1336,discharge,-5.486,2.0,2.0,26.67,300.0,3.1617,2.5495,111.5952,2.6443,0.9086
RPC_CC,728,0.1336,discharge,-5.486,10.0,9.01,26.67,300.0,3.1617,2.55,111.504,2.6443,0.9086
RPC_CC,728,0.9973,discharge,-29.848,2.0,2.0,25.56,2169.6,4.1612,3.6135,18.3499,2.6443,0.9086
RPC_CC,728,0.9973,discharge,-29.848,10.0,9.0,25.56,2169.6,4.1612,3.5632,20.0352,2.6443,0.9086
RPC_CC,728,0.9532,discharge,-29.773,2.0,2.0,26.12,300.1,4.0866,3.6117,15.9507,2.6443,0.9086
RPC_CC,728,0.9532,discharge,-29.773,10.0,9.0,26.12,300.1,4.0866,3.5488,18.0633,2.6443,0.9086
RPC_CC,728,0.9092,discharge,-29.697,2.0,2.0,26.23,300.1,4.0708,3.6099,15.5198,2.6443,0.9086
RPC_CC,728,0.9092,discharge,-29.697,10.0,9.0,26.23,300.1,4.0708,3.5237,18.4224,2.6443,0.9086
RPC_CC,728,0.821,discharge,-29.711,2.0,2.0,26.19,300.1,3.9851,3.5427,14.8901,2.6443,0.9086
RPC_CC,728,0.821,discharge,-29.711,10.0,9.0,26.19,300.1,3.9851,3.4612,17.6332,2.6443,0.9086
RPC_CC,728,0.7328,discharge,-29.691,2.0,2.0,26.18,300.1,3.8965,3.4761,14.1594,2.6443,0.9086
RPC_CC,728,0.7328,discharge,-29.691,10.0,9.0,26.18,300.1,3.8965,3.3956,16.8707,2.6443,0.9086
RPC_CC,728,0.6447,discharge,-29.631,2.0,2.0,26.09,300.1,3.8041,3.3942,13.8333,2.6443,0.9086
RPC_CC,728,0.6447,discharge,-29.631,10.0,9.0,26.09,300.1,3.8041,3.3021,16.9414,2.6443,0.9086
RPC_CC,728,0.5565,discharge,-29.59,2.0,2.0,25.99,300.1,3.7162,3.3026,13.9777,2.6443,0.9086
RPC_CC,728,0.5565,discharge,-29.59,10.0,9.0,25.99,300.1,3.7162,3.2022,17.3707,2.6443,0.9086
RPC_CC,728,0.4684,discharge,-29.547,2.0,2.0,25.99,300.1,3.6406,3.2229,14.137,2.6443,0.9086
RPC_CC,728,0.4684,discharge,-29.547,10.0,9.0,25.99,300.1,3.6406,3.1168,17.728,2.6443,0.9086
RPC_CC,728,0.3802,discharge,-29.427,2.0,2.0,26.1,300.0,3.576,3.139,14.8503,2.6443,0.9086
RPC_CC,728,0.3802,discharge,-29.427,10.0,9.0,26.1,300.0,3.576,3.0149,19.0675,2.6443,0.9086
RPC_CC,728,0.2922,discharge,-28.61,2.0,2.0,26.28,300.1,3.4841,2.9933,17.1545,2.6443,0.9086
RPC_CC,728,0.2922,discharge,-28.61,10.0,9.0,26.28,300.1,3.4841,2.7673,25.0537,2.6443,0.9086
RPC_CC,728,0.2486,discharge,-23.254,2.0,2.0,26.42,300.1,3.433,2.9579,20.4309,2.6443,0.9086
RPC_CC,728,0.2486,discharge,-23.254,10.0,9.0,26.42,300.1,3.433,2.652,33.5856,2.6443,0.9086
RPC_CC,728,0.2053,discharge,-13.512,2.0,2.0,26.42,300.1,3.3944,3.0168,27.9455,2.6443,0.9086
RPC_CC,728,0.2053,discharge,-13.512,10.0,9.01,26.42,300.1,3.3944,2.7364,48.6975,2.6443,0.9086
RPC_CC,728,0.1618,discharge,-6.988,2.0,1.0,26.38,300.0,3.3108,3.0793,33.1275,2.6443,0.9086
RPC_CC,728,0.1618,discharge,-6.988,10.0,9.01,26.38,300.0,3.3108,2.807,72.0935,2.6443,0.9086
RPC_CC,728,0.1356,discharge,-3.729,2.0,2.0,26.33,300.1,3.1503,2.9757,46.8197,2.6443,0.9086
RPC_CC,728,0.1356,discharge,-3.729,10.0,9.01,26.33,300.1,3.1503,2.8141,90.1534,2.6443,0.9086
RPC_CC,728,0.9973,discharge,-29.861,2.0,2.0,25.53,2173.6,4.1612,3.6118,18.3986,2.6443,0.9086
RPC_CC,728,0.9973,discharge,-29.861,10.0,9.01,25.53,2173.6,4.1612,3.5616,20.0797,2.6443,0.9086
RPC_CC,728,0.9532,discharge,-29.785,2.0,2.0,26.1,300.1,4.0866,3.6104,15.9879,2.6443,0.9086
RPC_CC,728,0.9532,discharge,-29.785,10.0,9.0,26.1,300.1,4.0866,3.5474,18.1031,2.6443,0.9086
RPC_CC,728,0.9092,discharge,-29.707,2.0,2.0,26.24,300.1,4.0707,3.6085,15.5584,2.6443,0.9086
RPC_CC,728,0.9092,discharge,-29.707,10.0,9.0,26.24,300.1,4.0707,3.5223,18.46,2.6443,0.9086
RPC_CC,728,0.821,discharge,-29.72,2.0,2.0,26.22,300.1,3.985,3.5415,14.9226,2.6443,0.9086
RPC_CC,728,0.821,discharge,-29.72,10.0,9.0,26.22,300.1,3.985,3.46,17.6649,2.6443,0.9086
RPC_CC,728,0.7328,discharge,-29.701,2.0,2.0,26.2,300.1,3.8963,3.4751,14.1813,2.6443,0.9086
RPC_CC,728,0.7328,discharge,-29.701,10.0,9.0,26.2,300.1,3.8963,3.3945,16.8951,2.6443,0.9086
RPC_CC,728,0.6447,discharge,-29.644,2.0,2.0,26.05,300.1,3.8039,3.3931,13.858,2.6443,0.9086
RPC_CC,728,0.6447,discharge,-29.644,10.0,9.01,26.05,300.1,3.8039,3.3009,16.9683,2.6443,0.9086
RPC_CC,728,0.5565,discharge,-29.6,2.0,1.0,25.99,300.1,3.716,3.3244,13.2297,2.6443,0.9086
RPC_CC,728,0.5565,discharge,-29.6,10.0,9.0,25.99,300.1,3.716,3.2012,17.3919,2.6443,0.9086
RPC_CC,728,0.4683,discharge,-29.556,2.0,2.0,26.0,300.1,3.6404,3.2219,14.1593,2.6443,0.9086
RPC_CC,728,0.4683,discharge,-29.556,10.0,9.01,26.0,300.1,3.6404,3.1156,17.7558,2.6443,0.9086
RPC_CC,728,0.3802,discharge,-29.44,2.0,2.0,26.09,300.1,3.5759,3.1378,14.8811,2.6443,0.9086
RPC_CC,728,0.3802,discharge,-29.44,10.0,9.01,26.09,300.1,3.5759,3.0134,19.1067,2.6443,0.9086
RPC_CC,728,0.2922,discharge,-28.838,2.0,2.0,26.26,300.1,3.4838,2.9882,17.1854,2.6443,0.9086
RPC_CC,728,0.2922,discharge,-28.838,10.0,9.0,26.26,300.1,3.4838,2.7576,25.1816,2.6443,0.9086
RPC_CC,728,0.2484,discharge,-26.098,2.0,2.0,26.43,300.1,3.4328,2.9015,20.3579,2.6443,0.9086
RPC_CC,728,0.2484,discharge,-26.098,10.0,9.0,26.43,300.1,3.4328,2.5244,34.8073,2.6443,0.9086
RPC_CC,728,0.2051,discharge,-17.039,2.0,2.0,26.54,300.1,3.3947,2.9255,27.536,2.6443,0.9086
RPC_CC,728,0.2051,discharge,-17.039,10.0,9.0,26.54,300.1,3.3947,2.5276,50.8876,2.6443,0.9086
RPC_CC,728,0.1615,discharge,-10.307,2.0,2.0,26.5,300.1,3.3114,2.9152,38.4399,2.6443,0.9086
RPC_CC,728,0.1615,discharge,-10.307,10.0,9.0,26.5,300.1,3.3114,2.5203,76.7537,2.6443,0.9086
RPC_CC,728,0.1354,discharge,-6.561,2.0,2.0,26.47,300.0,3.1502,2.8413,47.0805,2.6443,0.9086
RPC_CC,728,0.1354,discharge,-6.561,10.0,8.53,26.47,300.0,3.1502,2.4994,99.1907,2.6443,0.9086
RPC_CC,728,0.9973,discharge,-29.864,2.0,2.0,25.55,2173.2,4.1611,3.6117,18.397,2.6443,0.9086
RPC_CC,728,0.9973,discharge,-29.864,10.0,9.01,25.55,2173.2,4.1611,3.5613,20.0847,2.6443,0.9086
RPC_CC,728,0.9532,discharge,-29.786,2.0,2.0,26.13,300.1,4.0866,3.6102,15.9941,2.6443,0.9086
RPC_CC,728,0.9532,discharge,-29.786,10.0,9.0,26.13,300.1,4.0866,3.547,18.1159,2.6443,0.9086
RPC_CC,728,0.9092,discharge,-29.711,2.0,2.0,26.26,300.1,4.0706,3.6084,15.5565,2.6443,0.9086
RPC_CC,728,0.9092,discharge,-29.711,10.0,9.01,26.26,300.1,4.0706,3.5221,18.4612,2.6443,0.9086
RPC_CC,728,0.821,discharge,-29.724,2.0,2.0,26.21,300.1,3.9848,3.5412,14.9237,2.6443,0.9086
RPC_CC,728,0.821,discharge,-29.724,10.0,9.0,26.21,300.1,3.9848,3.4595,17.6723,2.6443,0.9086
RPC_CC,728,0.7328,discharge,-29.703,2.0,2.0,26.22,300.1,3.8961,3.4748,14.1838,2.6443,0.9086
RPC_CC,728,0.7328,discharge,-29.703,10.0,9.0,26.22,300.1,3.8961,3.3941,16.9006,2.6443,0.9086
RPC_CC,728,0.6447,discharge,-29.645,2.0,1.0,26.05,300.1,3.8039,3.4137,13.1626,2.6443,0.9086
RPC_CC,728,0.6447,discharge,-29.645,10.0,9.01,26.05,300.1,3.8039,3.3006,16.9779,2.6443,0.9086
RPC_CC,728,0.5565,discharge,-29.602,2.0,1.0,26.01,300.1,3.7159,3.3242,13.2322,2.6443,0.9086
RPC_CC,728,0.5565,discharge,-29.602,10.0,9.0,26.01,300.1,3.7159,3.201,17.3941,2.6443,0.9086
RPC_CC,728,0.4683,discharge,-29.558,2.0,2.0,26.0,300.1,3.6403,3.2216,14.1651,2.6443,0.9086
RPC_CC,728,0.4683,discharge,-29.558,10.0,9.01,26.0,300.1,3.6403,3.1155,17.7546,2.6443,0.9086
RPC_CC,728,0.3802,discharge,-29.442,2.0,2.0,26.11,300.1,3.5756,3.1377,14.8733,2.6443,0.9086
RPC_CC,728,0.3802,discharge,-29.442,10.0,9.0,26.11,300.1,3.5756,3.0133,19.0986,2.6443,0.9086
RPC_CC,728,0.2922,discharge,-28.849,2.0,2.0,26.26,300.1,3.4837,2.9875,17.2002,2.6443,0.9086
RPC_CC,728,0.2922,discharge,-28.849,10.0,9.0,26.26,300.1,3.4837,2.7561,25.2214,2.6443,0.9086
RPC_CC,728,0.2484,discharge,-26.116,2.0,2.0,26.47,300.1,3.4328,2.9006,20.3783,2.6443,0.9086
RPC_CC,728,0.2484,discharge,-26.116,10.0,9.01,26.47,300.1,3.4328,2.5205,34.9326,2.6443,0.9086
RPC_CC,728,0.2051,discharge,-17.053,2.0,2.0,26.53,300.1,3.3946,2.9244,27.5721,2.6443,0.9086
RPC_CC,728,0.2051,discharge,-17.053,10.0,9.01,26.53,300.1,3.3946,2.5234,51.0863,2.6443,0.9086
RPC_CC,728,0.1615,discharge,-10.315,2.0,2.0,26.5,300.1,3.3109,2.9145,38.4295,2.6443,0.9086
RPC_CC,728,0.1615,discharge,-10.315,10.0,9.01,26.5,300.1,3.3109,2.5164,77.0238,2.6443,0.9086
RPC_CC,728,0.1354,discharge,-6.085,2.0,2.0,26.48,300.1,3.1491,2.8621,47.1613,2.6443,0.9086
RPC_CC,728,0.1354,discharge,-6.085,10.0,9.0,26.48,300.1,3.1491,2.5309,101.5857,2.6443,0.9086
RPC_CC,728,0.9563,charge,2.796,2.0,2.0,25.65,300.0,4.0861,4.1501,22.8898,2.6443,0.9086
RPC_CC,728,0.9563,charge,2.796,10.0,9.01,25.65,300.0,4.0861,4.15,22.8541,2.6443,0.9086
RPC_CC,728,0.9124,charge,4.017,2.0,2.0,25.69,300.0,4.0698,4.1501,19.9878,2.6443,0.9086
RPC_CC,728,0.9124,charge,4.017,10.0,9.01,25.69,300.0,4.0698,4.1501,19.9878,2.6443,0.9086
RPC_CC,728,0.8249,charge,9.204,2.0,2.0,25.88,300.0,3.9826,4.1502,18.2094,2.6443,0.9086
RPC_CC,728,0.8249,charge,9.204,10.0,9.0,25.88,300.0,3.9826,4.1501,18.1985,2.6443,0.9086
RPC_CC,728,0.7369,charge,15.0,2.0,2.0,25.89,300.0,3.8964,4.115,14.5728,2.6443,0.9086
RPC_CC,728,0.7369,charge,15.0,10.0,9.01,25.89,300.0,3.8964,4.1501,16.9128,2.6443,0.9086
RPC_CC,728,0.6487,charge,15.0,2.0,2.0,25.83,300.0,3.8038,4.0159,14.14,2.6443,0.9086
RPC_CC,728,0.6487,charge,15.0,10.0,9.0,25.83,300.0,3.8038,4.056,16.8133,2.6443,0.9086
RPC_CC,728,0.5605,charge,15.001,2.0,2.0,25.73,300.0,3.7163,3.9286,14.1524,2.6443,0.9086
RPC_CC,728,0.5605,charge,15.001,10.0,9.0,25.73,300.0,3.7163,3.9687,16.8255,2.6443,0.9086
RPC_CC,728,0.4723,charge,15.0,2.0,2.0,25.74,300.0,3.6408,3.8539,14.2062,2.6443,0.9086
RPC_CC,728,0.4723,charge,15.0,10.0,9.01,25.74,300.0,3.6408,3.8911,16.6861,2.6443,0.9086
RPC_CC,728,0.3842,charge,15.001,2.0,2.0,25.84,300.0,3.5755,3.7955,14.6657,2.6443,0.9086
RPC_CC,728,0.3842,charge,15.001,10.0,9.01,25.84,300.0,3.5755,3.8347,17.2788,2.6443,0.9086
RPC_CC,728,0.296,charge,15.001,2.0,2.0,25.97,300.0,3.4841,3.7193,15.679,2.6443,0.9086
RPC_CC,728,0.296,charge,15.001,10.0,9.01,25.97,300.0,3.4841,3.7622,18.5388,2.6443,0.9086
RPC_CC,728,0.2519,charge,15.001,2.0,2.0,25.95,300.0,3.4317,3.6751,16.2256,2.6443,0.9086
RPC_CC,728,0.2519,charge,15.001,10.0,9.0,25.95,300.0,3.4317,3.7132,18.7654,2.6443,0.9086
RPC_CC,728,0.2078,charge,15.001,2.0,1.0,26.0,300.0,3.3934,3.6465,16.8722,2.6443,0.9086
RPC_CC,728,0.2078,charge,15.001,10.0,9.01,26.0,300.0,3.3934,3.6846,19.412,2.6443,0.9086
RPC_CC,728,0.1637,charge,15.001,2.0,2.0,26.27,300.0,3.3095,3.6113,20.1187,2.6443,0.9086
RPC_CC,728,0.1637,charge,15.001,10.0,9.01,26.27,300.0,3.3095,3.6607,23.4118,2.6443,0.9086
RPC_CC,728,0.1373,charge,15.001,2.0,2.0,26.4,300.0,3.1495,3.4926,22.8718,2.6443,0.9086
RPC_CC,728,0.1373,charge,15.001,10.0,9.01,26.4,300.0,3.1495,3.5932,29.578,2.6443,0.9086
RPC_CC,728,0.9562,charge,2.595,2.0,2.0,25.67,300.1,4.086,4.1394,20.5804,2.6443,0.9086
RPC_CC,728,0.9562,charge,2.595,10.0,9.01,25.67,300.1,4.086,4.1489,24.2417,2.6443,0.9086
RPC_CC,728,0.9122,charge,3.762,2.0,1.0,25.68,300.1,4.0699,4.1355,17.4392,2.6443,0.9086
RPC_CC,728,0.9122,charge,3.762,10.0,9.01,25.68,300.1,4.0699,4.1492,21.0812,2.6443,0.9086
RPC_CC,728,0.8244,charge,8.311,2.0,1.0,25.87,300.1,3.9826,4.1104,15.3774,2.6443,0.9086
RPC_CC,728,0.8244,charge,8.311,10.0,9.01,25.87,300.1,3.9826,4.1456,19.6128,2.6443,0.9086
RPC_CC,728,0.7369,charge,14.888,2.0,2.0,25.89,300.1,3.8964,4.1154,14.7098,2.6443,0.9086
RPC_CC,728,0.7369,charge,14.888,10.0,9.01,25.89,300.1,3.8964,4.1524,17.1951,2.6443,0.9086
RPC_CC,728,0.6487,charge,15.058,2.0,2.0,25.83,300.1,3.8038,4.0186,14.2653,2.6443,0.9086
RPC_CC,728,0.6487,charge,15.058,10.0,9.01,25.83,300.1,3.8038,4.057,16.8155,2.6443,0.9086
RPC_CC,728,0.5605,charge,15.058,2.0,2.0,25.74,300.1,3.7164,3.9313,14.2715,2.6443,0.9086
RPC_CC,728,0.5605,charge,15.058,10.0,9.01,25.74,300.1,3.7164,3.9696,16.815,2.6443,0.9086
RPC_CC,728,0.4724,charge,15.054,2.0,2.0,25.72,300.1,3.6407,3.8566,14.3417,2.6443,0.9086
RPC_CC,728,0.4724,charge,15.054,10.0,9.0,25.72,300.1,3.6407,3.8919,16.6866,2.6443,0.9086
RPC_CC,728,0.3842,charge,15.057,2.0,2.0,25.86,300.1,3.5755,3.7984,14.8037,2.6443,0.9086
RPC_CC,728,0.3842,charge,15.057,10.0,9.01,25.86,300.1,3.5755,3.8354,17.2611,2.6443,0.9086
RPC_CC,728,0.296,charge,15.068,2.0,2.0,26.02,300.1,3.4842,3.7225,15.815,2.6443,0.9086
RPC_CC,728,0.296,charge,15.068,10.0,9.01,26.02,300.1,3.4842,3.7633,18.5227,2.6443,0.9086
RPC_CC,728,0.252,charge,15.063,2.0,2.0,25.95,300.1,3.4317,3.678,16.3513,2.6443,0.9086
RPC_CC,728,0.252,charge,15.063,10.0,9.01,25.95,300.1,3.4317,3.7141,18.7479,2.6443,0.9086
RPC_CC,728,0.2079,charge,15.047,2.0,2.0,25.98,300.1,3.3935,3.6565,17.4786,2.6443,0.9086
RPC_CC,728,0.2079,charge,15.047,10.0,9.01,25.98,300.1,3.3935,3.6854,19.3992,2.6443,0.9086
RPC_CC,728,0.1638,charge,15.061,2.0,2.0,26.26,300.1,3.3103,3.6158,20.2835,2.6443,0.9086
RPC_CC,728,0.1638,charge,15.061,10.0,9.01,26.26,300.1,3.3103,3.6615,23.3177,2.6443,0.9086
RPC_CC,728,0.1374,charge,15.155,2.0,2.0,26.44,300.1,3.1511,3.5025,23.1863,2.6443,0.9086
RPC_CC,728,0.1374,charge,15.155,10.0,9.0,26.44,300.1,3.1511,3.5968,29.4085,2.6443,0.9086
RPC_CC,841,0.9973,discharge,-30.0,2.0,2.0,25.58,4685.5,4.1435,3.5562,19.5767,2.6081,0.89615
RPC_CC,841,0.9973,discharge,-30.0,10.0,9.0,25.58,4685.5,4.1435,3.5149,20.9533,2.6081,0.89615
RPC_CC,841,0.9727,charge,2.806,2.0,2.0,26.86,60.0,4.0835,4.15,23.6992,2.6081,0.89615
RPC_CC,841,0.9727,charge,2.806,10.0,9.0,26.86,60.0,4.0835,4.15,23.6992,2.6081,0.89615
RPC_CC,841,0.9538,discharge,-30.0,2.0,2.0,25.57,3600.0,4.0905,3.5445,18.2,2.6081,0.89615
RPC_CC,841,0.9538,discharge,-30.0,10.0,9.0,25.57,3600.0,4.0905,3.4954,19.8367,2.6081,0.89615
RPC_CC,841,0.9293,charge,3.829,2.0,2.0,26.81,60.0,4.0663,4.1501,21.8868,2.6081,0.89615
RPC_CC,841,0.9293,charge,3.829,10.0,9.0,26.81,60.0,4.0663,4.15,21.8606,2.6081,0.89615
RPC_CC,841,0.9103,discharge,-30.0,2.0,2.0,25.53,3600.0,4.0757,3.5461,17.6533,2.6081,0.89615
RPC_CC,841,0.9103,discharge,-30.0,10.0,9.0,25.53,3600.0,4.0757,3.4798,19.8633,2.6081,0.89615
RPC_CC,841,0.886,charge,5.236,2.0,1.0,26.79,60.0,4.0387,4.1501,21.2762,2.6081,0.89615
RPC_CC,841,0.886,charge,5.236,10.0,9.0,26.79,60.0,4.0387,4.15,21.2571,2.6081,0.89615
RPC_CC,841,0.8233,discharge,-30.0,2.0,1.0,25.57,3600.0,4.0037,3.5166,16.2367,2.6081,0.89615
RPC_CC,841,0.8233,discharge,-30.0,10.0,9.0,25.57,3600.0,4.0037,3.4219,19.3933,2.6081,0.89615
RPC_CC,841,0.7997,charge,11.476,2.0,2.0,26.71,60.0,3.9359,4.1503,18.6825,2.6081,0.89615
RPC_CC,841,0.7997,charge,11.476,10.0,9.0,26.71,60.0,3.9359,4.1501,18.665,2.6081,0.89615
RPC_CC,841,0.7364,discharge,-30.001,2.0,2.0,25.57,3600.0,3.9062,3.4281,15.9361,2.6081,0.89615
RPC_CC,841,0.7364,discharge,-30.001,10.0,9.0,25.57,3600.0,3.9062,3.3567,18.3161,2.6081,0.89615
RPC_CC,841,0.7127,charge,15.001,2.0,2.0,26.6,60.0,3.8512,4.0741,14.859,2.6081,0.89615
RPC_CC,841,0.7127,charge,15.001,10.0,9.0,26.6,60.0,3.8512,4.1215,18.0188,2.6081,0.89615
RPC_CC,841,0.6494,discharge,-30.0,2.0,2.0,25.57,3600.0,3.8183,3.3548,15.45,2.6081,0.89615
RPC_CC,841,0.6494,discharge,-30.0,10.0,9.0,25.57,3600.0,3.8183,3.2724,18.1967,2.6081,0.89615
RPC_CC,841,0.6258,charge,15.001,2.0,2.0,26.57,60.0,3.7728,3.9942,14.759,2.6081,0.89615
RPC_CC,841,0.6258,charge,15.001,10.0,9.0,26.57,60.0,3.7728,4.0361,17.5522,2.6081,0.89615
RPC_CC,841,0.5624,discharge,-30.0,2.0,2.0,25.57,3600.0,3.7327,3.2662,15.55,2.6081,0.89615
RPC_CC,841,0.5624,discharge,-30.0,10.0,9.0,25.57,3600.0,3.7327,3.1758,18.5633,2.6081,0.89615
RPC_CC,841,0.5388,charge,15.001,2.0,2.0,26.66,60.0,3.6823,3.9048,14.8323,2.6081,0.89615
RPC_CC,841,0.5388,charge,15.001,10.0,9.0,26.66,60.0,3.6823,3.9514,17.9388,2.6081,0.89615
RPC_CC,841,0.4755,discharge,-30.001,2.0,2.0,25.59,3600.0,3.6545,3.1835,15.6995,2.6081,0.89615
RPC_CC,841,0.4755,discharge,-30.001,10.0,9.0,25.59,3600.0,3.6545,3.0897,18.826,2.6081,0.89615
RPC_CC,841,0.4518,charge,15.001,2.0,2.0,26.72,60.0,3.6078,3.831,14.879,2.6081,0.89615
RPC_CC,841,0.4518,charge,15.001,10.0,9.0,26.72,60.0,3.6078,3.8771,17.9521,2.6081,0.89615
RPC_CC,841,0.3885,discharge,-30.001,2.0,2.0,25.56,3600.0,3.5923,3.0987,16.4528,2.6081,0.89615
RPC_CC,841,0.3885,discharge,-30.001,10.0,9.0,25.56,3600.0,3.5923,2.989,20.1093,2.6081,0.89615
RPC_CC,841,0.3649,charge,15.001,2.0,2.0,26.8,60.0,3.5391,3.7709,15.4523,2.6081,0.89615
RPC_CC,841,0.3649,charge,15.001,10.0,9.0,26.8,60.0,3.5391,3.8168,18.5121,2.6081,0.89615
RPC_CC,841,0.3015,discharge,-30.001,2.0,2.0,25.56,3600.0,3.5002,2.9355,18.8227,2.6081,0.89615
RPC_CC,841,0.3015,discharge,-30.001,10.0,9.0,25.56,3600.0,3.5002,2.7553,24.8292,2.6081,0.89615
RPC_CC,841,0.2779,charge,15.001,2.0,2.0,27.02,60.0,3.448,3.6885,16.0323,2.6081,0.89615
RPC_CC,841,0.2779,charge,15.001,10.0,9.0,27.02,60.0,3.448,3.7295,18.7654,2.6081,0.89615
RPC_CC,841,0.2581,discharge,-30.001,2.0,2.0,25.58,3600.0,3.4471,2.7888,21.9426,2.6081,0.89615
RPC_CC,841,0.2581,discharge,-30.001,10.0,9.0,25.58,3600.0,3.4471,2.5496,29.9157,2.6081,0.89615
RPC_CC,841,0.2347,charge,15.001,2.0,2.0,27.32,60.0,3.408,3.6561,16.5389,2.6081,0.89615
RPC_CC,841,0.2347,charge,15.001,10.0,9.0,27.32,60.0,3.408,3.6888,18.7188,2.6081,0.89615
RPC_CC,841,0.2146,discharge,-20.97,2.0,2.0,25.59,3600.0,3.4131,2.5477,41.2685,2.6081,0.89615
RPC_CC,841,0.2146,discharge,-20.97,10.0,9.0,25.59,3600.0,3.4131,2.5498,41.1683,2.6081,0.89615
RPC_CC,841,0.1973,charge,15.001,2.0,1.0,27.08,60.0,3.3636,3.6278,17.6122,2.6081,0.89615
RPC_CC,841,0.1973,charge,15.001,10.0,9.0,27.08,60.0,3.3636,3.677,20.8919,2.6081,0.89615
RPC_CC,841,0.1711,discharge,-11.566,2.0,2.0,25.58,3600.0,3.3479,2.549,69.0731,2.6081,0.89615
RPC_CC,841,0.1711,discharge,-11.566,10.0,9.0,25.58,3600.0,3.3479,2.5498,69.004,2.6081,0.89615
RPC_CC,841,0.1613,charge,15.001,2.0,2.0,26.56,60.0,3.2427,3.574,22.0852,2.6081,0.89615
RPC_CC,841,0.1613,charge,15.001,10.0,9.0,26.56,60.0,3.2427,3.6541,27.4248,2.6081,0.89615
RPC_CC,841,0.1452,discharge,-7.046,2.0,2.0,25.58,3600.0,3.2204,2.5494,95.2327,2.6081,0.89615
RPC_CC,841,0.1452,discharge,-7.046,10.0,9.0,25.58,3600.0,3.2204,2.5499,95.1617,2.6081,0.89615
RPC_CC,841,0.1398,charge,15.001,2.0,2.0,26.12,60.0,3.1025,3.4762,24.9117,2.6081,0.89615
RPC_CC,841,0.1398,charge,15.001,10.0,9.0,26.12,60.0,3.1025,3.5878,32.3512,2.6081,0.89615
RPC_CC,841,0.1325,discharge,-4.957,2.0,2.0,25.57,3600.0,3.1212,2.5495,115.3342,2.6081,0.89615
RPC_CC,841,0.1325,discharge,-4.957,10.0,9.0,25.57,3600.0,3.1212,2.5499,115.2535,2.6081,0.89615
RPC_CC,841,0.1291,charge,15.001,2.0,2.0,25.92,60.0,2.9999,3.4037,26.9182,2.6081,0.89615
RPC_CC,841,0.1291,charge,15.001,10.0,9.0,25.92,60.0,2.9999,3.537,35.8043,2.6081,0.89615
RPC_CC,841,0.9973,discharge,-30.0,2.0,2.0,25.56,2282.8,4.1587,3.5694,19.6433,2.6081,0.89615
RPC_CC,841,0.9973,discharge,-30.0,10.0,9.01,25.56,2282.8,4.1587,3.5248,21.13,2.6081,0.89615
RPC_CC,841,0.9538,discharge,-30.0,2.0,2.0,26.18,300.0,4.0851,3.5716,17.1167,2.6081,0.89615
RPC_CC,841,0.9538,discharge,-30.0,10.0,9.0,26.18,300.0,4.0851,3.5109,19.14,2.6081,0.89615
RPC_CC,841,0.9103,discharge,-30.0,2.0,1.0,26.36,300.0,4.0684,3.5863,16.07,2.6081,0.89615
RPC_CC,841,0.9103,discharge,-30.0,10.0,9.0,26.36,300.0,4.0684,3.488,19.3467,2.6081,0.89615
RPC_CC,841,0.8233,discharge,-30.0,2.0,2.0,26.3,300.0,3.9787,3.5021,15.8867,2.6081,0.89615
RPC_CC,841,0.8233,discharge,-30.0,10.0,9.0,26.3,300.0,3.9787,3.4278,18.3633,2.6081,0.89615
RPC_CC,841,0.7364,discharge,-30.0,2.0,2.0,26.26,300.0,3.8894,3.4364,15.1,2.6081,0.89615
RPC_CC,841,0.7364,discharge,-30.0,10.0,9.0,26.26,300.0,3.8894,3.3612,17.6067,2.6081,0.89615
RPC_CC,841,0.6494,discharge,-30.0,2.0,2.0,26.13,300.0,3.7989,3.3517,14.9067,2.6081,0.89615
RPC_CC,841,0.6494,discharge,-30.0,10.0,9.0,26.13,300.0,3.7989,3.2659,17.7667,2.6081,0.89615
RPC_CC,841,0.5624,discharge,-30.0,2.0,2.0,26.05,300.0,3.7112,3.259,15.0733,2.6081,0.89615
RPC_CC,841,0.5624,discharge,-30.0,10.0,9.0,26.05,300.0,3.7112,3.167,18.14,2.6081,0.89615
RPC_CC,841,0.4755,discharge,-30.0,2.0,2.0,26.06,300.0,3.6372,3.1775,15.3233,2.6081,0.89615
RPC_CC,841,0.4755,discharge,-30.0,10.0,9.01,26.06,300.0,3.6372,3.0796,18.5867,2.6081,0.89615
RPC_CC,841,0.3885,discharge,-30.0,2.0,2.0,26.15,300.0,3.5719,3.0844,16.25,2.6081,0.89615
RPC_CC,841,0.3885,discharge,-30.0,10.0,9.01,26.15,300.0,3.5719,2.9673,20.1533,2.6081,0.89615
RPC_CC,841,0.3015,discharge,-30.0,2.0,2.0,26.35,300.0,3.4803,2.8929,19.58,2.6081,0.89615
RPC_CC,841,0.3015,discharge,-30.0,10.0,9.0,26.35,300.0,3.4803,2.6698,27.0167,2.6081,0.89615
RPC_CC,841,0.2581,discharge,-28.47,2.0,2.0,26.66,300.0,3.432,2.7018,25.6481,2.6081,0.89615
RPC_CC,841,0.2581,discharge,-28.47,10.0,9.0,26.66,300.0,3.432,2.5497,30.9905,2.6081,0.89615
RPC_CC,841,0.2146,discharge,-17.114,2.0,2.0,26.82,300.0,3.3938,2.5486,49.3865,2.6081,0.89615
RPC_CC,841,0.2146,discharge,-17.114,10.0,9.01,26.82,300.0,3.3938,2.5498,49.3163,2.6081,0.89615
RPC_CC,841,0.1711,discharge,-9.544,2.0,2.0,26.84,300.0,3.3114,2.5492,79.8638,2.6081,0.89615
RPC_CC,841,0.1711,discharge,-9.544,10.0,9.01,26.84,300.0,3.3114,2.5499,79.7904,2.6081,0.89615
RPC_CC,841,0.1454,discharge,-5.295,2.0,2.0,26.71,300.0,3.1605,2.5495,115.3864,2.6081,0.89615
RPC_CC,841,0.1454,discharge,-5.295,10.0,9.0,26.71,300.0,3.1605,2.5499,115.3109,2.6081,0.89615
RPC_CC,841,0.9973,discharge,-29.84,2.0,2.0,25.58,2275.3,4.1587,3.5755,19.5439,2.6081,0.89615
RPC_CC,841,0.9973,discharge,-29.84,10.0,9.0,25.58,2275.3,4.1587,3.5253,21.2262,2.6081,0.89615
RPC_CC,841,0.9539,discharge,-29.753,2.0,2.0,26.17,300.0,4.085,3.5793,16.9966,2.6081,0.89615
RPC_CC,841,0.9539,discharge,-29.753,10.0,9.01,26.17,300.0,4.085,3.5118,19.2653,2.6081,0.89615
RPC_CC,841,0.9104,discharge,-29.691,2.0,2.0,26.33,300.0,4.0684,3.5767,16.5609,2.6081,0.89615
RPC_CC,841,0.9104,discharge,-29.691,10.0,9.0,26.33,300.0,4.0684,3.4893,19.5046,2.6081,0.89615
RPC_CC,841,0.8234,discharge,-29.703,2.0,2.0,26.31,300.1,3.9786,3.5115,15.7259,2.6081,0.89615
RPC_CC,841,0.8234,discharge,-29.703,10.0,9.0,26.31,300.1,3.9786,3.4289,18.5069,2.6081,0.89615
RPC_CC,841,0.7365,discharge,-29.675,2.0,2.0,26.27,300.0,3.8894,3.446,14.9416,2.6081,0.89615
RPC_CC,841,0.7365,discharge,-29.675,10.0,9.01,26.27,300.0,3.8894,3.3625,17.7554,2.6081,0.89615
RPC_CC,841,0.6495,discharge,-29.614,2.0,2.0,26.1,300.0,3.7988,3.3635,14.6994,2.6081,0.89615
RPC_CC,841,0.6495,discharge,-29.614,10.0,9.0,26.1,300.0,3.7988,3.268,17.9243,2.6081,0.89615
RPC_CC,841,0.5626,discharge,-29.575,2.0,2.0,26.05,300.1,3.7112,3.2727,14.8265,2.6081,0.89615
RPC_CC,841,0.5626,discharge,-29.575,10.0,9.0,26.05,300.1,3.7112,3.1697,18.3091,2.6081,0.89615
RPC_CC,841,0.4756,discharge,-29.52,2.0,2.0,26.08,300.0,3.6372,3.1929,15.0508,2.6081,0.89615
RPC_CC,841,0.4756,discharge,-29.52,10.0,9.0,26.08,300.0,3.6372,3.083,18.7737,2.6081,0.89615
RPC_CC,841,0.3887,discharge,-29.366,2.0,2.0,26.16,300.1,3.5721,3.1048,15.9132,2.6081,0.89615
RPC_CC,841,0.3887,discharge,-29.366,10.0,9.01,26.16,300.1,3.5721,2.9727,20.4117,2.6081,0.89615
RPC_CC,841,0.3019,discharge,-28.38,2.0,2.0,26.33,300.0,3.4801,2.9494,18.6995,2.6081,0.89615
RPC_CC,841,0.3019,discharge,-28.38,10.0,9.0,26.33,300.0,3.4801,2.6976,27.5717,2.6081,0.89615
RPC_CC,841,0.259,discharge,-21.144,2.0,2.0,26.54,300.1,3.4316,2.9525,22.6589,2.6081,0.89615
RPC_CC,841,0.259,discharge,-21.144,10.0,9.0,26.54,300.1,3.4316,2.6646,36.2751,2.6081,0.89615
RPC_CC,841,0.2163,discharge,-12.7,2.0,1.0,26.45,300.0,3.3921,3.0498,26.9538,2.6081,0.89615
RPC_CC,841,0.2163,discharge,-12.7,10.0,9.01,26.45,300.0,3.3921,2.7246,52.5611,2.6081,0.89615
RPC_CC,841,0.1733,discharge,-6.698,2.0,1.0,26.45,300.0,3.3066,3.0685,35.5495,2.6081,0.89615
RPC_CC,841,0.1733,discharge,-6.698,10.0,9.01,26.45,300.0,3.3066,2.7983,75.8917,2.6081,0.89615
RPC_CC,841,0.1474,discharge,-3.593,2.0,2.0,26.41,300.1,3.1512,2.973,49.6033,2.6081,0.89615
RPC_CC,841,0.1474,discharge,-3.593,10.0,9.0,26.41,300.1,3.1512,2.8133,94.0571,2.6081,0.89615
RPC_CC,841,0.9973,discharge,-29.851,2.0,1.0,25.58,2278.1,4.1585,3.5919,18.9813,2.6081,0.89615
RPC_CC,841,0.9973,discharge,-29.851,10.0,9.0,25.58,2278.1,4.1585,3.5242,21.2492,2.6081,0.89615
RPC_CC,841,0.9539,discharge,-29.762,2.0,2.0,26.17,300.0,4.0849,3.5783,17.0217,2.6081,0.89615
RPC_CC,841,0.9539,discharge,-29.762,10.0,9.0,26.17,300.0,4.0849,3.5106,19.2964,2.6081,0.89615
RPC_CC,841,0.9104,discharge,-29.699,2.0,2.0,26.32,300.0,4.0684,3.5759,16.583,2.6081,0.89615
RPC_CC,841,0.9104,discharge,-29.699,10.0,9.0,26.32,300.0,4.0684,3.4881,19.5394,2.6081,0.89615
RPC_CC,841,0.8234,discharge,-29.712,2.0,2.0,26.28,300.1,3.9784,3.5104,15.7515,2.6081,0.89615
RPC_CC,841,0.8234,discharge,-29.712,10.0,9.0,26.28,300.1,3.9784,3.4279,18.5282,2.6081,0.89615
RPC_CC,841,0.7365,discharge,-29.683,2.0,2.0,26.28,300.1,3.8894,3.4451,14.9684,2.6081,0.89615
RPC_CC,841,0.7365,discharge,-29.683,10.0,9.0,26.28,300.1,3.8894,3.3617,17.7782,2.6081,0.89615
RPC_CC,841,0.6495,discharge,-29.623,2.0,2.0,26.11,300.0,3.7987,3.3625,14.7253,2.6081,0.89615
RPC_CC,841,0.6495,discharge,-29.623,10.0,9.0,26.11,300.0,3.7987,3.2672,17.9424,2.6081,0.89615
RPC_CC,841,0.5626,discharge,-29.584,2.0,2.0,26.05,300.0,3.711,3.2717,14.8495,2.6081,0.89615
RPC_CC,841,0.5626,discharge,-29.584,10.0,9.01,26.05,300.0,3.711,3.1689,18.3244,2.6081,0.89615
RPC_CC,841,0.4756,discharge,-29.529,2.0,1.0,26.05,300.0,3.6372,3.2155,14.2806,2.6081,0.89615
RPC_CC,841,0.4756,discharge,-29.529,10.0,9.0,26.05,300.0,3.6372,3.0819,18.8049,2.6081,0.89615
RPC_CC,841,0.3887,discharge,-29.376,2.0,2.0,26.18,300.0,3.5717,3.1037,15.9314,2.6081,0.89615
RPC_CC,841,0.3887,discharge,-29.376,10.0,9.0,26.18,300.0,3.5717,2.9714,20.435,2.6081,0.89615
RPC_CC,841,0.3019,discharge,-28.68,2.0,2.0,26.33,300.1,3.48,2.9431,18.7204,2.6081,0.89615
RPC_CC,841,0.3019,discharge,-28.68,10.0,9.0,26.33,300.1,3.48,2.6856,27.6987,2.6081,0.89615
RPC_CC,841,0.2588,discharge,-24.074,2.0,2.0,26.56,300.0,3.4314,2.8902,22.4812,2.6081,0.89615
RPC_CC,841,0.2588,discharge,-24.074,10.0,9.0,26.56,300.0,3.4314,2.5332,37.3107,2.6081,0.89615
RPC_CC,841,0.2161,discharge,-15.721,2.0,2.0,26.55,300.0,3.3926,2.9141,30.436,2.6081,0.89615
RPC_CC,841,0.2161,discharge,-15.721,10.0,9.0,26.55,300.0,3.3926,2.5447,53.9325,2.6081,0.89615
RPC_CC,841,0.1731,discharge,-9.721,2.0,2.0,26.58,300.0,3.3074,2.9098,40.9007,2.6081,0.89615
RPC_CC,841,0.1731,discharge,-9.721,10.0,9.0,26.58,300.0,3.3074,2.5375,79.1989,2.6081,0.89615
RPC_CC,841,0.1472,discharge,-6.274,2.0,2.0,26.52,300.0,3.1519,2.8424,49.3333,2.6081,0.89615
RPC_CC,841,0.1472,discharge,-6.274,10.0,8.85,26.52,300.0,3.1519,2.4996,103.9746,2.6081,0.89615
RPC_CC,841,0.9973,discharge,-29.856,2.0,2.0,25.57,2279.1,4.1585,3.5738,19.584,2.6081,0.89615
RPC_CC,841,0.9973,discharge,-29.856,10.0,9.0,25.57,2279.1,4.1585,3.5235,21.2688,2.6081,0.89615
RPC_CC,841,0.9539,discharge,-29.768,2.0,2.0,26.21,300.0,4.0849,3.5776,17.0415,2.6081,0.89615
RPC_CC,841,0.9539,discharge,-29.768,10.0,9.0,26.21,300.0,4.0849,3.5098,19.3191,2.6081,0.89615
RPC_CC,841,0.9104,discharge,-29.707,2.0,2.0,26.32,300.0,4.0682,3.5751,16.5988,2.6081,0.89615
RPC_CC,841,0.9104,discharge,-29.707,10.0,9.01,26.32,300.0,4.0682,3.4872,19.5577,2.6081,0.89615
RPC_CC,841,0.8234,discharge,-29.72,2.0,1.0,26.28,300.0,3.9784,3.5305,15.0709,2.6081,0.89615
RPC_CC,841,0.8234,discharge,-29.72,10.0,9.01,26.28,300.0,3.9784,3.427,18.5535,2.6081,0.89615
RPC_CC,841,0.7365,discharge,-29.691,2.0,2.0,26.24,300.0,3.8893,3.4442,14.9911,2.6081,0.89615
RPC_CC,841,0.7365,discharge,-29.691,10.0,9.0,26.24,300.0,3.8893,3.3606,17.8067,2.6081,0.89615
RPC_CC,841,0.6495,discharge,-29.632,2.0,2.0,26.1,300.1,3.7985,3.3616,14.7442,2.6081,0.89615
RPC_CC,841,0.6495,discharge,-29.632,10.0,9.0,26.1,300.1,3.7985,3.266,17.9704,2.6081,0.89615
RPC_CC,841,0.5626,discharge,-29.593,2.0,2.0,26.04,300.0,3.7108,3.2709,14.865,2.6081,0.89615
RPC_CC,841,0.5626,discharge,-29.593,10.0,9.0,26.04,300.0,3.7108,3.1679,18.3456,2.6081,0.89615
RPC_CC,841,0.4756,discharge,-29.538,2.0,2.0,26.05,300.0,3.637,3.191,15.0992,2.6081,0.89615
RPC_CC,841,0.4756,discharge,-29.538,10.0,9.0,26.05,300.0,3.637,3.0809,18.8266,2.6081,0.89615
RPC_CC,841,0.3887,discharge,-29.389,2.0,2.0,26.15,300.0,3.5716,3.1026,15.9586,2.6081,0.89615
RPC_CC,841,0.3887,discharge,-29.389,10.0,9.0,26.15,300.0,3.5716,2.9702,20.4638,2.6081,0.89615
RPC_CC,841,0.3019,discharge,-28.707,2.0,2.0,26.35,300.0,3.4799,2.9413,18.7616,2.6081,0.89615
RPC_CC,841,0.3019,discharge,-28.707,10.0,9.0,26.35,300.0,3.4799,2.6818,27.8011,2.6081,0.89615
RPC_CC,841,0.2588,discharge,-24.108,2.0,2.0,26.55,300.0,3.4312,2.888,22.5324,2.6081,0.89615
RPC_CC,841,0.2588,discharge,-24.108,10.0,9.0,26.55,300.0,3.4312,2.5272,37.4987,2.6081,0.89615
RPC_CC,841,0.2161,discharge,-15.745,2.0,2.0,26.55,300.0,3.3924,2.9123,30.4913,2.6081,0.89615
RPC_CC,841,0.2161,discharge,-15.745,10.0,9.0,26.55,300.0,3.3924,2.5382,54.2504,2.6081,0.89615
RPC_CC,841,0.1731,discharge,-9.733,2.0,2.0,26.53,300.0,3.3073,2.9082,41.0034,2.6081,0.89615
RPC_CC,841,0.1731,discharge,-9.733,10.0,9.0,26.53,300.0,3.3073,2.5318,79.6745,2.6081,0.89615
RPC_CC,841,0.1473,discharge,-5.827,2.0,2.0,26.49,300.0,3.1517,2.8626,49.6117,2.6081,0.89615
RPC_CC,841,0.1473,discharge,-5.827,10.0,9.01,26.49,300.0,3.1517,2.5449,104.1315,2.6081,0.89615
RPC_CC,841,0.9569,charge,2.567,2.0,2.0,25.68,300.0,4.0842,4.15,25.628,2.6081,0.89615
RPC_CC,841,0.9569,charge,2.567,10.0,9.0,25.68,300.0,4.0842,4.15,25.628,2.6081,0.89615
RPC_CC,841,0.9135,charge,3.71,2.0,2.0,25.73,300.0,4.0671,4.1501,22.3732,2.6081,0.89615
RPC_CC,841,0.9135,charge,3.71,10.0,9.01,25.73,300.0,4.0671,4.15,22.3462,2.6081,0.89615
RPC_CC,841,0.8273,charge,8.911,2.0,2.0,25.93,300.0,3.9759,4.1502,19.5603,2.6081,0.89615
RPC_CC,841,0.8273,charge,8.911,10.0,9.01,25.93,300.0,3.9759,4.1498,19.5154,2.6081,0.89615
RPC_CC,841,0.7405,charge,14.999,2.0,2.0,25.94,300.0,3.8894,4.1233,15.5944,2.6081,0.89615
RPC_CC,841,0.7405,charge,14.999,10.0,9.0,25.94,300.0,3.8894,4.1501,17.3812,2.6081,0.89615
RPC_CC,841,0.6535,charge,15.001,2.0,2.0,25.83,300.0,3.7982,4.025,15.119,2.6081,0.89615
RPC_CC,841,0.6535,charge,15.001,10.0,9.0,25.83,300.0,3.7982,4.0656,17.8255,2.6081,0.89615
RPC_CC,841,0.5665,charge,15.001,2.0,2.0,25.81,300.0,3.7107,3.9381,15.159,2.6081,0.89615
RPC_CC,841,0.5665,charge,15.001,10.0,9.0,25.81,300.0,3.7107,3.9789,17.8788,2.6081,0.89615
RPC_CC,841,0.4796,charge,15.0,2.0,2.0,25.8,300.0,3.6371,3.866,15.26,2.6081,0.89615
RPC_CC,841,0.4796,charge,15.0,10.0,9.0,25.8,300.0,3.6371,3.9032,17.74,2.6081,0.89615
RPC_CC,841,0.3926,charge,15.001,2.0,2.0,25.89,300.0,3.5714,3.8084,15.7989,2.6081,0.89615
RPC_CC,841,0.3926,charge,15.001,10.0,9.0,25.89,300.0,3.5714,3.848,18.4388,2.6081,0.89615
RPC_CC,841,0.3056,charge,15.001,2.0,1.0,26.06,300.0,3.4799,3.7245,16.3056,2.6081,0.89615
RPC_CC,841,0.3056,charge,15.001,10.0,9.01,26.06,300.0,3.4799,3.7769,19.7987,2.6081,0.89615
RPC_CC,841,0.2622,charge,15.001,2.0,2.0,26.0,300.0,3.4298,3.6924,17.5055,2.6081,0.89615
RPC_CC,841,0.2622,charge,15.001,10.0,9.0,26.0,300.0,3.4298,3.7299,20.0053,2.6081,0.89615
RPC_CC,841,0.2187,charge,15.001,2.0,1.0,26.09,300.0,3.3911,3.6634,18.1521,2.6081,0.89615
RPC_CC,841,0.2187,charge,15.001,10.0,9.0,26.09,300.0,3.3911,3.7021,20.732,2.6081,0.89615
RPC_CC,841,0.1752,charge,15.001,2.0,2.0,26.35,300.0,3.3062,3.626,21.3186,2.6081,0.89615
RPC_CC,841,0.1752,charge,15.001,10.0,9.0,26.35,300.0,3.3062,3.6769,24.7117,2.6081,0.89615
RPC_CC,841,0.1491,charge,15.001,2.0,2.0,26.5,300.0,3.1528,3.5115,23.9117,2.6081,0.89615
RPC_CC,841,0.1491,charge,15.001,10.0,9.0,26.5,300.0,3.1528,3.6127,30.658,2.6081,0.89615
RPC_CC,841,0.9567,charge,2.394,2.0,2.0,25.66,300.1,4.0843,4.1398,23.1873,2.6081,0.89615
RPC_CC,841,0.9567,charge,2.394,10.0,9.0,25.66,300.1,4.0843,4.149,27.031,2.6081,0.89615
RPC_CC,841,0.9134,charge,3.467,2.0,2.0,25.69,300.1,4.0671,4.1378,20.3949,2.6081,0.89615
RPC_CC,841,0.9134,charge,3.467,10.0,9.0,25.69,300.1,4.0671,4.1492,23.6835,2.6081,0.89615
RPC_CC,841,0.8268,charge,8.059,2.0,2.0,25.88,300.1,3.9759,4.1167,17.4718,2.6081,0.89615
RPC_CC,841,0.8268,charge,8.059,10.0,9.0,25.88,300.1,3.9759,4.1459,21.0952,2.6081,0.89615
RPC_CC,841,0.7404,charge,14.152,2.0,2.0,25.92,300.1,3.8896,4.1136,15.8276,2.6081,0.89615
RPC_CC,841,0.7404,charge,14.152,10.0,9.0,25.92,300.1,3.8896,4.151,18.4702,2.6081,0.89615
RPC_CC,841,0.6535,charge,15.056,2.0,2.0,25.83,300.1,3.7983,4.0282,15.2697,2.6081,0.89615
RPC_CC,841,0.6535,charge,15.056,10.0,9.01,25.83,300.1,3.7983,4.0666,17.8201,2.6081,0.89615
RPC_CC,841,0.5666,charge,15.058,2.0,1.0,25.79,300.1,3.7113,3.9323,14.6771,2.6081,0.89615
RPC_CC,841,0.5666,charge,15.058,10.0,9.0,25.79,300.1,3.7113,3.9802,17.8582,2.6081,0.89615
RPC_CC,841,0.4796,charge,15.052,2.0,1.0,25.79,300.1,3.6373,3.8604,14.822,2.6081,0.89615
RPC_CC,841,0.4796,charge,15.052,10.0,9.0,25.79,300.1,3.6373,3.9041,17.7252,2.6081,0.89615
RPC_CC,841,0.3926,charge,15.066,2.0,2.0,25.9,300.1,3.5717,3.8117,15.9299,2.6081,0.89615
RPC_CC,841,0.3926,charge,15.066,10.0,9.0,25.9,300.1,3.5717,3.849,18.4057,2.6081,0.89615
RPC_CC,841,0.3057,charge,15.066,2.0,2.0,26.02,300.1,3.4805,3.7373,17.045,2.6081,0.89615
RPC_CC,841,0.3057,charge,15.066,10.0,9.0,26.02,300.1,3.4805,3.7781,19.7531,2.6081,0.89615
RPC_CC,841,0.2622,charge,15.061,2.0,2.0,25.98,300.1,3.43,3.6953,17.6156,2.6081,0.89615
RPC_CC,841,0.2622,charge,15.061,10.0,9.0,25.98,300.1,3.43,3.7312,19.9993,2.6081,0.89615
RPC_CC,841,0.2187,charge,15.047,2.0,2.0,26.05,300.1,3.3916,3.6736,18.7413,2.6081,0.89615
RPC_CC,841,0.2187,charge,15.047,10.0,9.0,26.05,300.1,3.3916,3.7029,20.6885,2.6081,0.89615
RPC_CC,841,0.1753,charge,15.062,2.0,2.0,26.36,300.1,3.3082,3.6313,21.4513,2.6081,0.89615
RPC_CC,841,0.1753,charge,15.062,10.0,9.0,26.36,300.1,3.3082,3.678,24.5519,2.6081,0.89615
RPC_CC,841,0.1492,charge,15.149,2.0,1.0,26.49,300.1,3.1568,3.5021,22.7943,2.6081,0.89615
RPC_CC,841,0.1492,charge,15.149,10.0,9.01,26.49,300.1,3.1568,3.6171,30.3858,2.6081,0.89615
RPC_CC,961,0.9973,discharge,-30.0,2.0,1.0,25.55,4821.1,4.1396,3.5307,20.2967,2.5782,0.88587
RPC_CC,961,0.9973,discharge,-30.0,10.0,9.0,25.55,4821.1,4.1396,3.4734,22.2067,2.5782,0.88587
RPC_CC,961,0.9726,charge,2.57,2.0,2.0,26.91,60.0,4.0814,4.1501,26.7315,2.5782,0.88587
RPC_CC,961,0.9726,charge,2.57,10.0,9.0,26.91,60.0,4.0814,4.15,26.6926,2.5782,0.88587
RPC_CC,961,0.9543,discharge,-30.0,2.0,2.0,25.54,3600.0,4.0889,3.5068,19.4033,2.5782,0.88587
RPC_CC,961,0.9543,discharge,-30.0,10.0,9.0,25.54,3600.0,4.0889,3.4545,21.1467,2.5782,0.88587
RPC_CC,961,0.9298,charge,3.529,2.0,2.0,26.88,60.0,4.0626,4.1501,24.7981,2.5782,0.88587
RPC_CC,961,0.9298,charge,3.529,10.0,9.0,26.88,60.0,4.0626,4.15,24.7697,2.5782,0.88587
RPC_CC,961,0.9113,discharge,-30.0,2.0,2.0,25.49,3600.0,4.0747,3.5085,18.8733,2.5782,0.88587
RPC_CC,961,0.9113,discharge,-30.0,10.0,9.0,25.49,3600.0,4.0747,3.4382,21.2167,2.5782,0.88587
RPC_CC,961,0.887,charge,5.122,2.0,2.0,26.86,60.0,4.0292,4.1501,23.6027,2.5782,0.88587
RPC_CC,961,0.887,charge,5.122,10.0,9.0,26.86,60.0,4.0292,4.1501,23.6027,2.5782,0.88587
RPC_CC,961,0.8253,discharge,-30.0,2.0,2.0,25.52,3600.0,3.9959,3.457,17.9633,2.5782,0.88587
RPC_CC,961,0.8253,discharge,-30.0,10.0,9.0,25.52,3600.0,3.9959,3.3813,20.4867,2.5782,0.88587
RPC_CC,961,0.8017,charge,11.206,2.0,2.0,26.74,60.0,3.9258,4.1502,20.025,2.5782,0.88587
RPC_CC,961,0.8017,charge,11.206,10.0,9.0,26.74,60.0,3.9258,4.1501,20.0161,2.5782,0.88587
RPC_CC,961,0.7394,discharge,-30.0,2.0,2.0,25.5,3600.0,3.8994,3.3908,16.9533,2.5782,0.88587
RPC_CC,961,0.7394,discharge,-30.0,10.0,9.0,25.5,3600.0,3.8994,3.3165,19.43,2.5782,0.88587
RPC_CC,961,0.7157,charge,15.001,2.0,2.0,26.66,60.0,3.8436,4.084,16.0256,2.5782,0.88587
RPC_CC,961,0.7157,charge,15.001,10.0,9.0,26.66,60.0,3.8436,4.1315,19.1921,2.5782,0.88587
RPC_CC,961,0.6534,discharge,-30.0,2.0,2.0,25.51,3600.0,3.8122,3.316,16.54,2.5782,0.88587
RPC_CC,961,0.6534,discharge,-30.0,10.0,9.0,25.51,3600.0,3.8122,3.2302,19.4,2.5782,0.88587
RPC_CC,961,0.6298,charge,15.0,2.0,2.0,26.64,60.0,3.7644,4.0038,15.96,2.5782,0.88587
RPC_CC,961,0.6298,charge,15.0,10.0,9.0,26.64,60.0,3.7644,4.0469,18.8333,2.5782,0.88587
RPC_CC,961,0.5674,discharge,-30.0,2.0,2.0,25.52,3600.0,3.7268,3.2271,16.6567,2.5782,0.88587
RPC_CC,961,0.5674,discharge,-30.0,10.0,9.0,25.52,3600.0,3.7268,3.1341,19.7567,2.5782,0.88587
RPC_CC,961,0.5438,charge,15.001,2.0,2.0,26.67,60.0,3.6745,3.9145,15.9989,2.5782,0.88587
RPC_CC,961,0.5438,charge,15.001,10.0,9.0,26.67,60.0,3.6745,3.9619,19.1587,2.5782,0.88587
RPC_CC,961,0.4815,discharge,-30.0,2.0,2.0,25.51,3600.0,3.6509,3.1444,16.8833,2.5782,0.88587
RPC_CC,961,0.4815,discharge,-30.0,10.0,9.0,25.51,3600.0,3.6509,3.0466,20.1433,2.5782,0.88587
RPC_CC,961,0.4578,charge,15.001,2.0,2.0,26.76,60.0,3.6024,3.8443,16.1256,2.5782,0.88587
RPC_CC,961,0.4578,charge,15.001,10.0,9.0,26.76,60.0,3.6024,3.8906,19.2121,2.5782,0.88587
RPC_CC,961,0.3955,discharge,-30.0,2.0,2.0,25.51,3600.0,3.588,3.0539,17.8033,2.5782,0.88587
RPC_CC,961,0.3955,discharge,-30.0,10.0,9.0,25.51,3600.0,3.588,2.9367,21.71,2.5782,0.88587
RPC_CC,961,0.3719,charge,15.001,2.0,2.0,26.88,60.0,3.5329,3.7849,16.7989,2.5782,0.88587
RPC_CC,961,0.3719,charge,15.001,10.0,9.0,26.88,60.0,3.5329,3.8308,19.8587,2.5782,0.88587
RPC_CC,961,0.3095,discharge,-30.0,2.0,2.0,25.54,3600.0,3.4946,2.8739,20.69,2.5782,0.88587
RPC_CC,961,0.3095,discharge,-30.0,10.0,9.0,25.54,3600.0,3.4946,2.6693,27.51,2.5782,0.88587
RPC_CC,961,0.2859,charge,15.001,2.0,2.0,27.12,60.0,3.4431,3.7014,17.2189,2.5782,0.88587
RPC_CC,961,0.2859,charge,15.001,10.0,9.0,27.12,60.0,3.4431,3.7412,19.872,2.5782,0.88587
RPC_CC,961,0.2665,discharge,-29.996,2.0,2.0,25.55,3600.0,3.4438,2.7086,24.5099,2.5782,0.88587
RPC_CC,961,0.2665,discharge,-29.996,10.0,9.0,25.55,3600.0,3.4438,2.5497,29.8073,2.5782,0.88587
RPC_CC,961,0.2444,charge,15.001,2.0,2.0,27.3,60.0,3.4057,3.6735,17.8521,2.5782,0.88587
RPC_CC,961,0.2444,charge,15.001,10.0,9.0,27.3,60.0,3.4057,3.7064,20.0453,2.5782,0.88587
RPC_CC,961,0.2235,discharge,-18.441,2.0,2.0,25.52,3600.0,3.4107,2.5487,46.7437,2.5782,0.88587
RPC_CC,961,0.2235,discharge,-18.441,10.0,9.0,25.52,3600.0,3.4107,2.5498,46.684,2.5782,0.88587
RPC_CC,961,0.2081,charge,15.0,2.0,2.0,26.93,60.0,3.3607,3.6589,19.88,2.5782,0.88587
RPC_CC,961,0.2081,charge,15.0,10.0,9.0,26.93,60.0,3.3607,3.6974,22.4467,2.5782,0.88587
RPC_CC,961,0.1806,discharge,-10.449,2.0,2.0,25.51,3600.0,3.3401,2.5492,75.6915,2.5782,0.88587
RPC_CC,961,0.1806,discharge,-10.449,10.0,9.0,25.51,3600.0,3.3401,2.5498,75.634,2.5782,0.88587
RPC_CC,961,0.172,charge,15.001,2.0,2.0,26.41,60.0,3.2388,3.5914,23.5051,2.5782,0.88587
RPC_CC,961,0.172,charge,15.001,10.0,9.0,26.41,60.0,3.2388,3.6734,28.9714,2.5782,0.88587
RPC_CC,961,0.1551,discharge,-6.326,2.0,1.0,25.52,3600.0,3.2078,2.549,104.1449,2.5782,0.88587
RPC_CC,961,0.1551,discharge,-6.326,10.0,9.0,25.52,3600.0,3.2078,2.5499,104.0027,2.5782,0.88587
RPC_CC,961,0.1504,charge,15.001,2.0,2.0,26.01,60.0,3.0954,3.4905,26.3382,2.5782,0.88587
RPC_CC,961,0.1504,charge,15.001,10.0,9.0,26.01,60.0,3.0954,3.6044,33.9311,2.5782,0.88587
RPC_CC,961,0.1426,discharge,-4.417,2.0,2.0,25.51,3600.0,3.1052,2.5496,125.7839,2.5782,0.88587
RPC_CC,961,0.1426,discharge,-4.417,10.0,9.0,25.51,3600.0,3.1052,2.5499,125.716,2.5782,0.88587
RPC_CC,961,0.1397,charge,15.001,2.0,2.0,25.84,60.0,2.9892,3.4152,28.3981,2.5782,0.88587
RPC_CC,961,0.1397,charge,15.001,10.0,9.0,25.84,60.0,2.9892,3.5518,37.5042,2.5782,0.88587
RPC_CC,961,0.9973,discharge,-30.0,2.0,2.0,25.56,2420.6,4.1558,3.5286,20.9067,2.5782,0.88587
RPC_CC,961,0.9973,discharge,-30.0,10.0,9.0,25.56,2420.6,4.1558,3.4831,22.4233,2.5782,0.88587
RPC_CC,961,0.9543,discharge,-30.0,2.0,2.0,26.19,300.0,4.0836,3.5346,18.3,2.5782,0.88587
RPC_CC,961,0.9543,discharge,-30.0,10.0,9.0,26.19,300.0,4.0836,3.4689,20.49,2.5782,0.88587
RPC_CC,961,0.9113,discharge,-30.0,2.0,2.0,26.37,300.0,4.065,3.5291,17.8633,2.5782,0.88587
RPC_CC,961,0.9113,discharge,-30.0,10.0,9.0,26.37,300.0,4.065,3.4484,20.5533,2.5782,0.88587
RPC_CC,961,0.8253,discharge,-30.0,2.0,2.0,26.33,300.0,3.97,3.4645,16.85,2.5782,0.88587
RPC_CC,961,0.8253,discharge,-30.0,10.0,9.0,26.33,300.0,3.97,3.3892,19.36,2.5782,0.88587
RPC_CC,961,0.7394,discharge,-30.0,2.0,2.0,26.28,300.0,3.8804,3.3983,16.07,2.5782,0.88587
RPC_CC,961,0.7394,discharge,-30.0,10.0,9.0,26.28,300.0,3.8804,3.3198,18.6867,2.5782,0.88587
RPC_CC,961,0.6534,discharge,-30.0,2.0,2.0,26.12,300.0,3.7897,3.311,15.9567,2.5782,0.88587
RPC_CC,961,0.6534,discharge,-30.0,10.0,9.0,26.12,300.0,3.7897,3.222,18.9233,2.5782,0.88587
RPC_CC,961,0.5674,discharge,-30.0,2.0,2.0,26.08,300.0,3.7018,3.2181,16.1233,2.5782,0.88587
RPC_CC,961,0.5674,discharge,-30.0,10.0,9.0,26.08,300.0,3.7018,3.1238,19.2667,2.5782,0.88587
RPC_CC,961,0.4815,discharge,-30.0,2.0,2.0,26.1,300.0,3.6304,3.1356,16.4933,2.5782,0.88587
RPC_CC,961,0.4815,discharge,-30.0,10.0,9.0,26.1,300.0,3.6304,3.0331,19.91,2.5782,0.88587
RPC_CC,961,0.3955,discharge,-30.0,2.0,2.0,26.2,300.0,3.5641,3.0325,17.72,2.5782,0.88587
RPC_CC,961,0.3955,discharge,-30.0,10.0,9.0,26.2,300.0,3.5641,2.9042,21.9967,2.5782,0.88587
RPC_CC,961,0.3095,discharge,-30.0,2.0,2.0,26.4,300.0,3.4716,2.8072,22.1467,2.5782,0.88587
RPC_CC,961,0.3095,discharge,-30.0,10.0,9.0,26.4,300.0,3.4716,2.5522,30.6467,2.5782,0.88587
RPC_CC,961,0.2665,discharge,-24.001,2.0,1.0,26.74,300.0,3.4264,2.6845,30.9112,2.5782,0.88587
RPC_CC,961,0.2665,discharge,-24.001,10.0,9.01,26.74,300.0,3.4264,2.5497,36.5276,2.5782,0.88587
RPC_CC,961,0.2236,discharge,-14.989,2.0,2.0,26.8,300.0,3.3882,2.549,55.9896,2.5782,0.88587
RPC_CC,961,0.2236,discharge,-14.989,10.0,9.0,26.8,300.0,3.3882,2.5498,55.9362,2.5782,0.88587
RPC_CC,961,0.1806,discharge,-8.498,2.0,1.0,26.8,300.0,3.298,2.5487,88.1716,2.5782,0.88587
RPC_CC,961,0.1806,discharge,-8.498,10.0,9.0,26.8,300.0,3.298,2.5499,88.0304,2.5782,0.88587
RPC_CC,961,0.1554,discharge,-4.577,2.0,2.0,26.25,300.0,3.143,2.5495,129.6814,2.5782,0.88587
RPC_CC,961,0.1554,discharge,-4.577,10.0,9.0,26.25,300.0,3.143,2.5499,129.594,2.5782,0.88587
RPC_CC,961,0.1431,discharge,-2.77,2.0,2.0,25.95,300.0,3.0162,2.5497,168.4146,2.5782,0.88587
RPC_CC,961,0.1431,discharge,-2.77,10.0,9.0,25.95,300.0,3.0162,2.55,168.3063,2.5782,0.88587
RPC_CC,961,0.9973,discharge,-29.837,2.0,2.0,25.55,2414.1,4.1557,3.5347,20.8127,2.5782,0.88587
RPC_CC,961,0.9973,discharge,-29.837,10.0,9.0,25.55,2414.1,4.1557,3.4832,22.5388,2.5782,0.88587
RPC_CC,961,0.9544,discharge,-29.738,2.0,2.0,26.17,300.0,4.0836,3.543,18.1788,2.5782,0.88587
RPC_CC,961,0.9544,discharge,-29.738,10.0,9.0,26.17,300.0,4.0836,3.4694,20.6537,2.5782,0.88587
RPC_CC,961,0.9114,discharge,-29.685,2.0,2.0,26.34,300.0,4.065,3.5395,17.7025,2.5782,0.88587
RPC_CC,961,0.9114,discharge,-29.685,10.0,9.0,26.34,300.0,4.065,3.4491,20.7479,2.5782,0.88587
RPC_CC,961,0.8254,discharge,-29.696,2.0,2.0,26.3,300.0,3.9699,3.4744,16.6857,2.5782,0.88587
RPC_CC,961,0.8254,discharge,-29.696,10.0,9.0,26.3,300.0,3.9699,3.39,19.5279,2.5782,0.88587
RPC_CC,961,0.7395,discharge,-29.659,2.0,2.0,26.25,300.0,3.8804,3.4086,15.9075,2.5782,0.88587
RPC_CC,961,0.7395,discharge,-29.659,10.0,9.0,26.25,300.0,3.8804,3.3211,18.8577,2.5782,0.88587
RPC_CC,961,0.6535,discharge,-29.594,2.0,2.0,26.11,300.0,3.7895,3.3238,15.7363,2.5782,0.88587
RPC_CC,961,0.6535,discharge,-29.594,10.0,9.0,26.11,300.0,3.7895,3.2241,19.1052,2.5782,0.88587
RPC_CC,961,0.5676,discharge,-29.557,2.0,2.0,26.06,300.0,3.7017,3.2326,15.8708,2.5782,0.88587
RPC_CC,961,0.5676,discharge,-29.557,10.0,9.0,26.06,300.0,3.7017,3.1264,19.4638,2.5782,0.88587
RPC_CC,961,0.4816,discharge,-29.485,2.0,1.0,26.08,300.0,3.6303,3.1771,15.3708,2.5782,0.88587
RPC_CC,961,0.4816,discharge,-29.485,10.0,9.01,26.08,300.0,3.6303,3.0365,20.1394,2.5782,0.88587
RPC_CC,961,0.3957,discharge,-29.273,2.0,1.0,26.21,300.0,3.5641,3.0859,16.3362,2.5782,0.88587
RPC_CC,961,0.3957,discharge,-29.273,10.0,9.01,26.21,300.0,3.5641,2.9104,22.3315,2.5782,0.88587
RPC_CC,961,0.3099,discharge,-28.022,2.0,2.0,26.37,300.0,3.4715,2.8829,21.0049,2.5782,0.88587
RPC_CC,961,0.3099,discharge,-28.022,10.0,9.0,26.37,300.0,3.4715,2.5886,31.5074,2.5782,0.88587
RPC_CC,961,0.2678,discharge,-18.515,2.0,2.0,26.57,300.0,3.4255,2.9401,26.2159,2.5782,0.88587
RPC_CC,961,0.2678,discharge,-18.515,10.0,9.0,26.57,300.0,3.4255,2.662,41.2357,2.5782,0.88587
RPC_CC,961,0.2254,discharge,-11.331,2.0,2.0,26.43,300.0,3.3861,2.9773,36.0796,2.5782,0.88587
RPC_CC,961,0.2254,discharge,-11.331,10.0,9.0,26.43,300.0,3.3861,2.711,59.5825,2.5782,0.88587
RPC_CC,961,0.1828,discharge,-6.064,2.0,2.0,26.48,300.0,3.293,3.0087,46.8821,2.5782,0.88587
RPC_CC,961,0.1828,discharge,-6.064,10.0,9.01,26.48,300.0,3.293,2.7819,84.2822,2.5782,0.88587
RPC_CC,961,0.1572,discharge,-3.205,2.0,1.0,26.0,300.0,3.1326,2.9779,48.2721,2.5782,0.88587
RPC_CC,961,0.1572,discharge,-3.205,10.0,9.01,26.0,300.0,3.1326,2.778,110.6483,2.5782,0.88587
RPC_CC,961,0.1445,discharge,-1.91,2.0,2.0,25.73,300.4,2.9998,2.8736,66.0595,2.5782,0.88587
RPC_CC,961,0.1445,discharge,-1.91,10.0,9.0,25.73,300.4,2.9998,2.7507,130.3915,2.5782,0.88587
RPC_CC,961,0.9973,discharge,-29.852,2.0,2.0,25.58,2425.5,4.1555,3.5332,20.8462,2.5782,0.88587
RPC_CC,961,0.9973,discharge,-29.852,10.0,9.0,25.58,2425.5,4.1555,3.4815,22.5781,2.5782,0.88587
RPC_CC,961,0.9544,discharge,-29.752,2.0,2.0,26.21,300.0,4.0835,3.5417,18.2108,2.5782,0.88587
RPC_CC,961,0.9544,discharge,-29.752,10.0,9.0,26.21,300.0,4.0835,3.4676,20.7015,2.5782,0.88587
RPC_CC,961,0.9114,discharge,-29.698,2.0,2.0,26.38,300.0,4.0648,3.538,17.7386,2.5782,0.88587
RPC_CC,961,0.9114,discharge,-29.698,10.0,9.0,26.38,300.0,4.0648,3.4476,20.7825,2.5782,0.88587
RPC_CC,961,0.8254,discharge,-29.708,2.0,2.0,26.33,300.1,3.9695,3.4728,16.7194,2.5782,0.88587
RPC_CC,961,0.8254,discharge,-29.708,10.0,9.0,26.33,300.1,3.9695,3.3884,19.5604,2.5782,0.88587
RPC_CC,961,0.7395,discharge,-29.671,2.0,2.0,26.27,300.1,3.8803,3.4073,15.9418,2.5782,0.88587
RPC_CC,961,0.7395,discharge,-29.671,10.0,9.0,26.27,300.1,3.8803,3.3195,18.9009,2.5782,0.88587
RPC_CC,961,0.6535,discharge,-29.607,2.0,2.0,26.15,300.1,3.7895,3.3224,15.7767,2.5782,0.88587
RPC_CC,961,0.6535,discharge,-29.607,10.0,9.0,26.15,300.1,3.7895,3.2226,19.1475,2.5782,0.88587
RPC_CC,961,0.5676,discharge,-29.57,2.0,2.0,26.1,300.1,3.7013,3.2313,15.8945,2.5782,0.88587
RPC_CC,961,0.5676,discharge,-29.57,10.0,9.01,26.1,300.1,3.7013,3.1251,19.486,2.5782,0.88587
RPC_CC,961,0.4816,discharge,-29.498,2.0,2.0,26.11,300.1,3.6302,3.1509,16.2486,2.5782,0.88587
RPC_CC,961,0.4816,discharge,-29.498,10.0,9.0,26.11,300.1,3.6302,3.0348,20.1844,2.5782,0.88587
RPC_CC,961,0.3957,discharge,-29.289,2.0,2.0,26.23,300.1,3.5638,3.0552,17.3649,2.5782,0.88587
RPC_CC,961,0.3957,discharge,-29.289,10.0,9.0,26.23,300.1,3.5638,2.9084,22.377,2.5782,0.88587
RPC_CC,961,0.3099,discharge,-28.066,2.0,2.0,26.4,300.0,3.4712,2.8801,21.0614,2.5782,0.88587
RPC_CC,961,0.3099,discharge,-28.066,10.0,9.01,26.4,300.0,3.4712,2.5835,31.6296,2.5782,0.88587
RPC_CC,961,0.2676,discharge,-21.023,2.0,2.0,26.63,300.1,3.4254,2.8789,25.9953,2.5782,0.88587
RPC_CC,961,0.2676,discharge,-21.023,10.0,9.0,26.63,300.1,3.4254,2.5442,41.916,2.5782,0.88587
RPC_CC,961,0.2252,discharge,-13.764,2.0,2.0,26.54,300.1,3.3864,2.9023,35.1702,2.5782,0.88587
RPC_CC,961,0.2252,discharge,-13.764,10.0,9.0,26.54,300.1,3.3864,2.5588,60.1257,2.5782,0.88587
RPC_CC,961,0.1826,discharge,-8.591,2.0,2.0,26.61,300.0,3.2941,2.9027,45.5567,2.5782,0.88587
RPC_CC,961,0.1826,discharge,-8.591,10.0,9.0,26.61,300.0,3.2941,2.5545,86.0851,2.5782,0.88587
RPC_CC,961,0.1571,discharge,-5.142,2.0,2.0,26.09,300.0,3.1341,2.8393,57.3323,2.5782,0.88587
RPC_CC,961,0.1571,discharge,-5.142,10.0,9.01,26.09,300.0,3.1341,2.541,115.3453,2.5782,0.88587
RPC_CC,961,0.1443,discharge,-3.394,2.0,2.0,25.84,300.0,3.0,2.7773,65.609,2.5782,0.88587
RPC_CC,961,0.1443,discharge,-3.394,10.0,9.0,25.84,300.0,3.0,2.5256,139.7617,2.5782,0.88587
RPC_CC,961,0.9574,charge,2.296,2.0,2.0,25.68,300.0,4.0828,4.15,29.2734,2.5782,0.88587
RPC_CC,961,0.9574,charge,2.296,10.0,9.0,25.68,300.0,4.0828,4.1499,29.2298,2.5782,0.88587
RPC_CC,961,0.9145,charge,3.397,2.0,2.0,25.74,300.0,4.0631,4.1501,25.6086,2.5782,0.88587
RPC_CC,961,0.9145,charge,3.397,10.0,9.0,25.74,300.0,4.0631,4.15,25.5791,2.5782,0.88587
RPC_CC,961,0.8292,charge,8.613,2.0,2.0,25.95,300.0,3.9671,4.1502,21.2573,2.5782,0.88587
RPC_CC,961,0.8292,charge,8.613,10.0,9.0,25.95,300.0,3.9671,4.1501,21.2457,2.5782,0.88587
RPC_CC,961,0.7435,charge,14.697,2.0,2.0,25.95,300.0,3.8801,4.1324,17.1674,2.5782,0.88587
RPC_CC,961,0.7435,charge,14.697,10.0,9.0,25.95,300.0,3.8801,4.1501,18.3717,2.5782,0.88587
RPC_CC,961,0.6575,charge,15.001,2.0,2.0,25.86,300.0,3.7893,4.0346,16.3522,2.5782,0.88587
RPC_CC,961,0.6575,charge,15.001,10.0,9.0,25.86,300.0,3.7893,4.0754,19.0721,2.5782,0.88587
RPC_CC,961,0.5715,charge,15.001,2.0,2.0,25.81,300.0,3.702,3.9476,16.3722,2.5782,0.88587
RPC_CC,961,0.5715,charge,15.001,10.0,9.0,25.81,300.0,3.702,3.9889,19.1254,2.5782,0.88587
RPC_CC,961,0.4856,charge,15.001,2.0,1.0,25.83,300.0,3.6305,3.8699,15.9589,2.5782,0.88587
RPC_CC,961,0.4856,charge,15.001,10.0,9.01,25.83,300.0,3.6305,3.9161,19.0387,2.5782,0.88587
RPC_CC,961,0.3996,charge,15.001,2.0,2.0,25.94,300.0,3.5638,3.822,17.2122,2.5782,0.88587
RPC_CC,961,0.3996,charge,15.001,10.0,9.0,25.94,300.0,3.5638,3.862,19.8787,2.5782,0.88587
RPC_CC,961,0.3136,charge,15.001,2.0,2.0,26.08,300.0,3.4717,3.748,18.4188,2.5782,0.88587
RPC_CC,961,0.3136,charge,15.001,10.0,9.0,26.08,300.0,3.4717,3.7912,21.2986,2.5782,0.88587
RPC_CC,961,0.2707,charge,15.001,2.0,1.0,26.03,300.0,3.424,3.7013,18.4854,2.5782,0.88587
RPC_CC,961,0.2707,charge,15.001,10.0,9.01,26.03,300.0,3.424,3.7461,21.4719,2.5782,0.88587
RPC_CC,961,0.2277,charge,15.001,2.0,2.0,26.13,300.0,3.3857,3.6876,20.1253,2.5782,0.88587
RPC_CC,961,0.2277,charge,15.001,10.0,9.0,26.13,300.0,3.3857,3.7193,22.2385,2.5782,0.88587
RPC_CC,961,0.1847,charge,15.001,2.0,2.0,26.44,300.0,3.2939,3.636,22.8051,2.5782,0.88587
RPC_CC,961,0.1847,charge,15.001,10.0,9.0,26.44,300.0,3.2939,3.6923,26.5582,2.5782,0.88587
RPC_CC,961,0.1589,charge,15.001,2.0,2.0,25.56,4584.7,3.1814,3.5659,25.6316,2.5782,0.88587
RPC_CC,961,0.1589,charge,15.001,10.0,9.0,25.56,4584.7,3.1814,3.6608,31.9579,2.5782,0.88587
RPC_CC,961,0.146,charge,15.001,2.0,2.0,25.7,300.0,3.0375,3.462,28.2981,2.5782,0.88587
RPC_CC,961,0.146,charge,15.001,10.0,9.0,25.7,300.0,3.0375,3.5872,36.6442,2.5782,0.88587
RPC_CC,961,0.9572,charge,2.147,2.0,2.0,25.68,300.1,4.0828,4.1397,26.5002,2.5782,0.88587
RPC_CC,961,0.9572,charge,2.147,10.0,9.01,25.68,300.1,4.0828,4.1488,30.7384,2.5782,0.88587
RPC_CC,961,0.9143,charge,3.161,2.0,2.0,25.75,300.1,4.063,4.1361,23.1267,2.5782,0.88587
RPC_CC,961,0.9143,charge,3.161,10.0,9.0,25.75,300.1,4.063,4.1487,27.113,2.5782,0.88587
RPC_CC,961,0.8288,charge,7.816,2.0,2.0,25.95,300.1,3.9669,4.1161,19.0882,2.5782,0.88587
RPC_CC,961,0.8288,charge,7.816,10.0,9.0,25.95,300.1,3.9669,4.1457,22.8751,2.5782,0.88587
RPC_CC,961,0.7434,charge,13.501,2.0,2.0,25.93,300.1,3.8802,4.112,17.1697,2.5782,0.88587
RPC_CC,961,0.7434,charge,13.501,10.0,9.0,25.93,300.1,3.8802,4.1494,19.94,2.5782,0.88587
RPC_CC,961,0.6576,charge,15.057,2.0,2.0,25.83,300.1,3.7892,4.0377,16.504,2.5782,0.88587
RPC_CC,961,0.6576,charge,15.057,10.0,9.01,25.83,300.1,3.7892,4.0765,19.0808,2.5782,0.88587
RPC_CC,961,0.5716,charge,15.059,2.0,2.0,25.82,300.1,3.7018,3.9508,16.5355,2.5782,0.88587
RPC_CC,961,0.5716,charge,15.059,10.0,9.0,25.82,300.1,3.7018,3.9899,19.1321,2.5782,0.88587
RPC_CC,961,0.4856,charge,15.052,2.0,2.0,25.84,300.1,3.6306,3.8819,16.696,2.5782,0.88587
RPC_CC,961,0.4856,charge,15.052,10.0,9.0,25.84,300.1,3.6306,3.9171,19.0346,2.5782,0.88587
RPC_CC,961,0.3996,charge,15.056,2.0,2.0,25.95,300.1,3.5638,3.8255,17.3824,2.5782,0.88587
RPC_CC,961,0.3996,charge,15.056,10.0,9.0,25.95,300.1,3.5638,3.8632,19.8864,2.5782,0.88587
RPC_CC,961,0.3137,charge,15.065,2.0,1.0,26.08,300.1,3.4719,3.743,17.9954,2.5782,0.88587
RPC_CC,961,0.3137,charge,15.065,10.0,9.0,26.08,300.1,3.4719,3.7928,21.301,2.5782,0.88587
RPC_CC,961,0.2707,charge,15.057,2.0,2.0,26.05,300.1,3.4239,3.7127,19.1804,2.5782,0.88587
RPC_CC,961,0.2707,charge,15.057,10.0,9.0,26.05,300.1,3.4239,3.7473,21.4784,2.5782,0.88587
RPC_CC,961,0.2277,charge,15.046,2.0,2.0,26.13,300.1,3.3859,3.6908,20.2645,2.5782,0.88587
RPC_CC,961,0.2277,charge,15.046,10.0,9.0,26.13,300.1,3.3859,3.7202,22.2185,2.5782,0.88587
RPC_CC,961,0.1848,charge,15.067,2.0,2.0,26.45,300.1,3.2954,3.6426,23.043,2.5782,0.88587
RPC_CC,961,0.1848,charge,15.067,10.0,9.0,26.45,300.1,3.2954,3.6939,26.4477,2.5782,0.88587
RPC_CC,961,0.159,charge,15.253,2.0,2.0,25.97,300.1,3.1386,3.544,26.5775,2.5782,0.88587
RPC_CC,961,0.159,charge,15.253,10.0,9.0,25.97,300.1,3.1386,3.6417,32.9826,2.5782,0.88587
RPC_CC,961,0.1461,charge,15.244,2.0,2.0,25.73,300.1,3.018,3.46,28.995,2.5782,0.88587
RPC_CC,961,0.1461,charge,15.244,10.0,9.0,25.73,300.1,3.018,3.5816,36.9719,2.5782,0.88587
RPC_CC,1067,0.9973,discharge,-30.0,2.0,2.0,25.5,5020.2,4.1345,3.4633,22.3733,2.5471,0.8752
RPC_CC,1067,0.9973,discharge,-30.0,10.0,9.0,25.5,5020.2,4.1345,3.4187,23.86,2.5471,0.8752
RPC_CC,1067,0.9726,charge,2.282,2.0,2.0,27.07,60.0,4.078,4.15,31.5471,2.5471,0.8752
RPC_CC,1067,0.9726,charge,2.282,10.0,9.0,27.07,60.0,4.078,4.1501,31.5909,2.5471,0.8752
RPC_CC,1067,0.9548,discharge,-30.0,2.0,2.0,25.49,3600.0,4.0865,3.4572,20.9767,2.5471,0.8752
RPC_CC,1067,0.9548,discharge,-30.0,10.0,9.0,25.49,3600.0,4.0865,3.4004,22.87,2.5471,0.8752
RPC_CC,1067,0.9303,charge,3.246,2.0,2.0,27.05,60.0,4.0551,4.1501,29.2668,2.5471,0.8752
RPC_CC,1067,0.9303,charge,3.246,10.0,9.0,27.05,60.0,4.0551,4.15,29.236,2.5471,0.8752
RPC_CC,1067,0.9123,discharge,-30.0,2.0,2.0,25.54,3600.0,4.0726,3.459,20.4533,2.5471,0.8752
RPC_CC,1067,0.9123,discharge,-30.0,10.0,9.0,25.54,3600.0,4.0726,3.3842,22.9467,2.5471,0.8752
RPC_CC,1067,0.8881,charge,5.062,2.0,2.0,27.02,60.0,4.0145,4.1501,26.7862,2.5471,0.8752
RPC_CC,1067,0.8881,charge,5.062,10.0,9.0,27.02,60.0,4.0145,4.1501,26.7862,2.5471,0.8752
RPC_CC,1067,0.8274,discharge,-30.0,2.0,2.0,25.49,3600.0,3.9835,3.4045,19.3,2.5471,0.8752
RPC_CC,1067,0.8274,discharge,-30.0,10.0,9.0,25.49,3600.0,3.9835,3.3273,21.8733,2.5471,0.8752
RPC_CC,1067,0.8037,charge,10.904,2.0,2.0,26.87,60.0,3.912,4.1502,21.8452,2.5471,0.8752
RPC_CC,1067,0.8037,charge,10.904,10.0,9.0,26.87,60.0,3.912,4.1501,21.836,2.5471,0.8752
RPC_CC,1067,0.7425,discharge,-30.0,2.0,2.0,25.5,3600.0,3.889,3.3402,18.2933,2.5471,0.8752
RPC_CC,1067,0.7425,discharge,-30.0,10.0,9.0,25.5,3600.0,3.889,3.2619,20.9033,2.5471,0.8752
RPC_CC,1067,0.7188,charge,15.001,2.0,2.0,26.77,60.0,3.832,4.097,17.6655,2.5471,0.8752
RPC_CC,1067,0.7188,charge,15.001,10.0,9.0,26.77,60.0,3.832,4.1451,20.8719,2.5471,0.8752
RPC_CC,1067,0.6575,discharge,-30.0,2.0,2.0,25.51,3600.0,3.8021,3.2631,17.9667,2.5471,0.8752
RPC_CC,1067,0.6575,discharge,-30.0,10.0,9.0,25.51,3600.0,3.8021,3.1732,20.9633,2.5471,0.8752
RPC_CC,1067,0.6339,charge,15.0,2.0,1.0,26.75,60.0,3.7506,4.0039,16.8867,2.5471,0.8752
RPC_CC,1067,0.6339,charge,15.0,10.0,9.0,26.75,60.0,3.7506,4.06,20.6267,2.5471,0.8752
RPC_CC,1067,0.5726,discharge,-30.0,2.0,2.0,25.5,3600.0,3.7164,3.1734,18.1,2.5471,0.8752
RPC_CC,1067,0.5726,discharge,-30.0,10.0,9.0,25.5,3600.0,3.7164,3.0773,21.3033,2.5471,0.8752
RPC_CC,1067,0.549,charge,15.0,2.0,2.0,26.86,60.0,3.6621,3.9266,17.6333,2.5471,0.8752
RPC_CC,1067,0.549,charge,15.0,10.0,9.0,26.86,60.0,3.6621,3.9745,20.8267,2.5471,0.8752
RPC_CC,1067,0.4877,discharge,-30.0,2.0,2.0,25.49,3600.0,3.6439,3.0908,18.4367,2.5471,0.8752
RPC_CC,1067,0.4877,discharge,-30.0,10.0,9.0,25.49,3600.0,3.6439,2.9874,21.8833,2.5471,0.8752
RPC_CC,1067,0.464,charge,15.001,2.0,2.0,26.92,60.0,3.5931,3.8608,17.8455,2.5471,0.8752
RPC_CC,1067,0.464,charge,15.001,10.0,9.0,26.92,60.0,3.5931,3.9076,20.9653,2.5471,0.8752
RPC_CC,1067,0.4028,discharge,-30.0,2.0,2.0,25.5,3600.0,3.5802,2.9911,19.6367,2.5471,0.8752
RPC_CC,1067,0.4028,discharge,-30.0,10.0,9.0,25.5,3600.0,3.5802,2.8619,23.9433,2.5471,0.8752
RPC_CC,1067,0.3791,charge,15.001,2.0,2.0,27.06,60.0,3.5231,3.8017,18.5721,2.5471,0.8752
RPC_CC,1067,0.3791,charge,15.001,10.0,9.0,27.06,60.0,3.5231,3.8478,21.6452,2.5471,0.8752
RPC_CC,1067,0.3178,discharge,-30.0,2.0,2.0,25.47,3600.0,3.4855,2.7828,23.4233,2.5471,0.8752
RPC_CC,1067,0.3178,discharge,-30.0,10.0,9.0,25.47,3600.0,3.4855,2.5494,31.2033,2.5471,0.8752
RPC_CC,1067,0.2942,charge,15.001,2.0,2.0,27.39,60.0,3.4348,3.716,18.7454,2.5471,0.8752
RPC_CC,1067,0.2942,charge,15.001,10.0,9.0,27.39,60.0,3.4348,3.755,21.3452,2.5471,0.8752
RPC_CC,1067,0.2753,discharge,-24.663,2.0,1.0,25.52,3600.0,3.4371,2.6694,31.1276,2.5471,0.8752
RPC_CC,1067,0.2753,discharge,-24.663,10.0,9.0,25.52,3600.0,3.4371,2.5497,35.981,2.5471,0.8752
RPC_CC,1067,0.2557,charge,15.001,2.0,2.0,27.27,60.0,3.4008,3.6966,19.7187,2.5471,0.8752
RPC_CC,1067,0.2557,charge,15.001,10.0,9.0,27.27,60.0,3.4008,3.7301,21.9519,2.5471,0.8752
RPC_CC,1067,0.2329,discharge,-15.42,2.0,2.0,25.52,3600.0,3.4046,2.549,55.4864,2.5471,0.8752
RPC_CC,1067,0.2329,discharge,-15.42,10.0,9.0,25.52,3600.0,3.4046,2.5498,55.4345,2.5471,0.8752
RPC_CC,1067,0.2199,charge,15.0,2.0,2.0,26.79,60.0,3.3551,3.6838,21.9133,2.5471,0.8752
RPC_CC,1067,0.2199,charge,15.0,10.0,9.0,26.79,60.0,3.3551,3.7233,24.5467,2.5471,0.8752
RPC_CC,1067,0.1905,discharge,-8.848,2.0,2.0,25.49,3600.0,3.3269,2.5493,87.8833,2.5471,0.8752
RPC_CC,1067,0.1905,discharge,-8.848,10.0,9.0,25.49,3600.0,3.3269,2.5499,87.8155,2.5471,0.8752
RPC_CC,1067,0.1834,charge,15.001,2.0,2.0,26.29,60.0,3.2326,3.6139,25.4183,2.5471,0.8752
RPC_CC,1067,0.1834,charge,15.001,10.0,9.0,26.29,60.0,3.2326,3.698,31.0246,2.5471,0.8752
RPC_CC,1067,0.1654,discharge,-5.214,2.0,2.0,25.51,3600.0,3.1825,2.5496,121.3801,2.5471,0.8752
RPC_CC,1067,0.1654,discharge,-5.214,10.0,9.0,25.51,3600.0,3.1825,2.55,121.3034,2.5471,0.8752
RPC_CC,1067,0.1618,charge,15.0,2.0,2.0,25.95,60.0,3.0791,3.5036,28.3,2.5471,0.8752
RPC_CC,1067,0.1618,charge,15.0,10.0,9.0,25.95,60.0,3.0791,3.6216,36.1667,2.5471,0.8752
RPC_CC,1187,0.9973,discharge,-30.0,2.0,2.0,25.56,5160.1,4.1313,3.4171,23.8067,2.503,0.86006
RPC_CC,1187,0.9973,discharge,-30.0,10.0,9.0,25.56,5160.1,4.1313,3.3718,25.3167,2.503,0.86006
RPC_CC,1187,0.9726,charge,2.053,2.0,2.0,27.25,60.0,4.0745,4.15,36.7719,2.503,0.86006
RPC_CC,1187,0.9726,charge,2.053,10.0,9.0,27.25,60.0,4.0745,4.15,36.7719,2.503,0.86006
RPC_CC,1187,0.9555,discharge,-30.0,2.0,2.0,25.56,3600.0,4.0848,3.4136,22.3733,2.503,0.86006
RPC_CC,1187,0.9555,discharge,-30.0,10.0,9.0,25.56,3600.0,4.0848,3.3546,24.34,2.503,0.86006
RPC_CC,1187,0.931,charge,3.085,2.0,2.0,27.21,60.0,4.0471,4.1501,33.3841,2.503,0.86006
RPC_CC,1187,0.931,charge,3.085,10.0,9.0,27.21,60.0,4.0471,4.15,33.3517,2.503,0.86006
RPC_CC,1187,0.9138,discharge,-30.0,2.0,1.0,25.54,3600.0,4.0706,3.4366,21.1333,2.503,0.86006
RPC_CC,1187,0.9138,discharge,-30.0,10.0,9.0,25.54,3600.0,4.0706,3.3393,24.3767,2.503,0.86006
RPC_CC,1187,0.8896,charge,4.939,2.0,2.0,27.18,60.0,4.0033,4.1501,29.7208,2.503,0.86006
RPC_CC,1187,0.8896,charge,4.939,10.0,9.0,27.18,60.0,4.0033,4.15,29.7006,2.503,0.86006
RPC_CC,1187,0.8303,discharge,-30.0,2.0,2.0,25.56,3600.0,3.9756,3.3624,20.44,2.503,0.86006
RPC_CC,1187,0.8303,discharge,-30.0,10.0,9.0,25.56,3600.0,3.9756,3.2839,23.0567,2.503,0.86006
RPC_CC,1187,0.8067,charge,10.493,2.0,2.0,26.99,60.0,3.9032,4.1502,23.5395,2.503,0.86006
RPC_CC,1187,0.8067,charge,10.493,10.0,9.0,26.99,60.0,3.9032,4.1501,23.53,2.503,0.86006
RPC_CC,1187,0.7469,discharge,-30.0,2.0,2.0,25.55,3600.0,3.8812,3.2995,19.39,2.503,0.86006
RPC_CC,1187,0.7469,discharge,-30.0,10.0,9.0,25.55,3600.0,3.8812,3.2182,22.1,2.503,0.86006
RPC_CC,1187,0.7232,charge,15.001,2.0,2.0,26.92,60.0,3.8246,4.1105,19.0587,2.503,0.86006
RPC_CC,1187,0.7232,charge,15.001,10.0,9.0,26.92,60.0,3.8246,4.1501,21.6986,2.503,0.86006
RPC_CC,1187,0.6634,discharge,-30.0,2.0,2.0,25.57,3600.0,3.7979,3.2236,19.1433,2.503,0.86006
RPC_CC,1187,0.6634,discharge,-30.0,10.0,9.0,25.57,3600.0,3.7979,3.1306,22.2433,2.503,0.86006
RPC_CC,1187,0.6398,charge,15.001,2.0,2.0,26.93,60.0,3.743,4.0282,19.0121,2.503,0.86006
RPC_CC,1187,0.6398,charge,15.001,10.0,9.0,26.93,60.0,3.743,4.0755,22.1652,2.503,0.86006
RPC_CC,1187,0.58,discharge,-30.0,2.0,2.0,25.54,3600.0,3.7129,3.1342,19.29,2.503,0.86006
RPC_CC,1187,0.58,discharge,-30.0,10.0,9.0,25.54,3600.0,3.7129,3.0354,22.5833,2.503,0.86006
RPC_CC,1187,0.5563,charge,15.001,2.0,2.0,26.98,60.0,3.6561,3.9411,18.9987,2.503,0.86006
RPC_CC,1187,0.5563,charge,15.001,10.0,9.0,26.98,60.0,3.6561,3.9902,22.2718,2.503,0.86006
RPC_CC,1187,0.4965,discharge,-30.0,2.0,1.0,25.57,3600.0,3.6415,3.0759,18.8533,2.503,0.86006
RPC_CC,1187,0.4965,discharge,-30.0,10.0,9.0,25.57,3600.0,3.6415,2.9442,23.2433,2.503,0.86006
RPC_CC,1187,0.4728,charge,15.001,2.0,2.0,27.09,60.0,3.5882,3.877,19.252,2.503,0.86006
RPC_CC,1187,0.4728,charge,15.001,10.0,9.0,27.09,60.0,3.5882,3.9248,22.4385,2.503,0.86006
RPC_CC,1187,0.413,discharge,-30.0,2.0,2.0,25.57,3600.0,3.5758,2.9451,21.0233,2.503,0.86006
RPC_CC,1187,0.413,discharge,-30.0,10.0,9.0,25.57,3600.0,3.5758,2.8095,25.5433,2.503,0.86006
RPC_CC,1187,0.3894,charge,15.001,2.0,2.0,27.25,60.0,3.5178,3.8168,19.932,2.503,0.86006
RPC_CC,1187,0.3894,charge,15.001,10.0,9.0,27.25,60.0,3.5178,3.8635,23.0451,2.503,0.86006
RPC_CC,1187,0.3295,discharge,-30.0,2.0,2.0,25.56,3600.0,3.4824,2.728,25.1467,2.503,0.86006
RPC_CC,1187,0.3295,discharge,-30.0,10.0,9.0,25.56,3600.0,3.4824,2.5496,31.0933,2.503,0.86006
RPC_CC,1187,0.3063,charge,15.001,2.0,2.0,27.51,60.0,3.4315,3.7342,20.1787,2.503,0.86006
RPC_CC,1187,0.3063,charge,15.001,10.0,9.0,27.51,60.0,3.4315,3.7733,22.7851,2.503,0.86006
RPC_CC,1187,0.2878,discharge,-22.743,2.0,1.0,25.57,3600.0,3.4362,2.6193,35.9187,2.503,0.86006
RPC_CC,1187,0.2878,discharge,-22.743,10.0,9.0,25.57,3600.0,3.4362,2.5498,38.9746,2.503,0.86006
RPC_CC,1187,0.2694,charge,15.001,2.0,2.0,27.27,60.0,3.3971,3.7179,21.3852,2.503,0.86006
RPC_CC,1187,0.2694,charge,15.001,10.0,9.0,27.27,60.0,3.3971,3.7537,23.7717,2.503,0.86006
RPC_CC,1187,0.2461,discharge,-14.759,2.0,2.0,25.58,3600.0,3.4031,2.549,57.8698,2.503,0.86006
RPC_CC,1187,0.2461,discharge,-14.759,10.0,9.0,25.58,3600.0,3.4031,2.5499,57.8088,2.503,0.86006
RPC_CC,1187,0.2338,charge,15.001,2.0,1.0,26.79,60.0,3.3467,3.6878,22.7385,2.503,0.86006
RPC_CC,1187,0.2338,charge,15.001,10.0,9.0,26.79,60.0,3.3467,3.7464,26.6449,2.503,0.86006
RPC_CC,1187,0.2044,discharge,-8.663,2.0,1.0,25.54,3600.0,3.3175,2.5487,88.7493,2.503,0.86006
RPC_CC,1187,0.2044,discharge,-8.663,10.0,9.0,25.54,3600.0,3.3175,2.5499,88.6108,2.503,0.86006
RPC_CC,1187,0.1976,charge,15.001,2.0,2.0,26.33,60.0,3.2184,3.6248,27.0915,2.503,0.86006
RPC_CC,1187,0.1976,charge,15.001,10.0,9.0,26.33,60.0,3.2184,3.7157,33.1511,2.503,0.86006
RPC_CC,1187,0.1798,discharge,-5.084,2.0,2.0,25.53,3600.0,3.1712,2.5495,122.2808,2.503,0.86006
RPC_CC,1187,0.1798,discharge,-5.084,10.0,9.0,25.53,3600.0,3.1712,2.55,122.1824,2.503,0.86006
RPC_CC,1187,0.1763,charge,15.0,2.0,2.0,25.95,60.0,3.0637,3.5135,29.9867,2.503,0.86006
RPC_CC,1187,0.1763,charge,15.0,10.0,9.0,25.95,60.0,3.0637,3.6376,38.26,2.503,0.86006
RPC_CC,1187,0.1678,discharge,-3.503,2.0,2.0,25.53,3600.0,3.0655,2.5497,147.262,2.503,0.86006
RPC_CC,1187,0.1678,discharge,-3.503,10.0,9.0,25.53,3600.0,3.0655,2.5499,147.2049,2.503,0.86006
RPC_CC,1187,0.1658,charge,15.001,2.0,2.0,25.82,60.0,2.9559,3.438,32.1379,2.503,0.86006
RPC_CC,1187,0.1658,charge,15.001,10.0,9.0,25.82,60.0,2.9559,3.5859,41.9972,2.503,0.86006
RPC_CC,1187,0.9973,discharge,-30.0,2.0,2.0,25.6,2750.5,4.1487,3.4308,23.93,2.503,0.86006
RPC_CC,1187,0.9973,discharge,-30.0,10.0,9.0,25.6,2750.5,4.1487,3.3818,25.5633,2.503,0.86006
RPC_CC,1187,0.9555,discharge,-30.0,2.0,2.0,26.38,300.0,4.0801,3.4437,21.2133,2.503,0.86006
RPC_CC,1187,0.9555,discharge,-30.0,10.0,9.0,26.38,300.0,4.0801,3.3697,23.68,2.503,0.86006
RPC_CC,1187,0.9138,discharge,-30.0,2.0,2.0,26.66,300.0,4.0536,3.4386,20.5,2.503,0.86006
RPC_CC,1187,0.9138,discharge,-30.0,10.0,9.0,26.66,300.0,4.0536,3.3545,23.3033,2.503,0.86006
RPC_CC,1187,0.8303,discharge,-30.0,2.0,2.0,26.54,300.0,3.9491,3.3754,19.1233,2.503,0.86006
RPC_CC,1187,0.8303,discharge,-30.0,10.0,9.0,26.54,300.0,3.9491,3.2964,21.7567,2.503,0.86006
RPC_CC,1187,0.7469,discharge,-30.0,2.0,2.0,26.44,300.0,3.8586,3.305,18.4533,2.503,0.86006
RPC_CC,1187,0.7469,discharge,-30.0,10.0,9.0,26.44,300.0,3.8586,3.2184,21.34,2.503,0.86006
RPC_CC,1187,0.6634,discharge,-30.0,2.0,1.0,26.31,300.0,3.7674,3.2372,17.6733,2.503,0.86006
RPC_CC,1187,0.6634,discharge,-30.0,10.0,9.01,26.31,300.0,3.7674,3.118,21.6467,2.503,0.86006
RPC_CC,1187,0.5799,discharge,-30.0,2.0,2.0,26.32,300.0,3.6805,3.1211,18.6467,2.503,0.86006
RPC_CC,1187,0.5799,discharge,-30.0,10.0,9.0,26.32,300.0,3.6805,3.0208,21.99,2.503,0.86006
RPC_CC,1187,0.4965,discharge,-30.0,2.0,2.0,26.35,300.0,3.6137,3.0326,19.37,2.503,0.86006
RPC_CC,1187,0.4965,discharge,-30.0,10.0,9.0,26.35,300.0,3.6137,2.9178,23.1967,2.503,0.86006
RPC_CC,1187,0.413,discharge,-30.0,2.0,2.0,26.49,300.0,3.5446,2.8996,21.5,2.503,0.86006
RPC_CC,1187,0.413,discharge,-30.0,10.0,9.0,26.49,300.0,3.5446,2.7438,26.6933,2.503,0.86006
RPC_CC,1187,0.3296,discharge,-26.061,2.0,2.0,26.69,300.0,3.4539,2.6109,32.3478,2.503,0.86006
RPC_CC,1187,0.3296,discharge,-26.061,10.0,9.0,26.69,300.0,3.4539,2.5498,34.6924,2.503,0.86006
RPC_CC,1187,0.2878,discharge,-18.175,2.0,1.0,26.99,300.0,3.4139,2.5476,47.6644,2.503,0.86006
RPC_CC,1187,0.2878,discharge,-18.175,10.0,9.0,26.99,300.0,3.4139,2.5498,47.5433,2.503,0.86006
RPC_CC,1187,0.2461,discharge,-12.079,2.0,2.0,26.91,300.0,3.3756,2.5492,68.4191,2.503,0.86006
RPC_CC,1187,0.2461,discharge,-12.079,10.0,9.0,26.91,300.0,3.3756,2.5498,68.3694,2.503,0.86006
RPC_CC,1187,0.2045,discharge,-7.073,2.0,2.0,26.94,300.0,3.2738,2.5494,102.4184,2.503,0.86006
RPC_CC,1187,0.2045,discharge,-7.073,10.0,9.0,26.94,300.0,3.2738,2.55,102.3335,2.503,0.86006
RPC_CC,1187,0.1802,discharge,-3.727,2.0,2.0,26.31,300.0,3.1138,2.5497,151.3448,2.503,0.86006
RPC_CC,1187,0.1802,discharge,-3.727,10.0,9.0,26.31,300.0,3.1138,2.55,151.2643,2.503,0.86006
RPC_CC,1187,0.1682,discharge,-2.112,2.0,2.0,25.95,448.9,2.9767,2.5498,202.1211,2.503,0.86006
RPC_CC,1187,0.1682,discharge,-2.112,10.0,9.0,25.95,448.9,2.9767,2.55,202.0264,2.503,0.86006
RPC_CC,1187,0.9974,discharge,-29.822,2.0,2.0,25.6,2746.3,4.1485,3.4383,23.815,2.503,0.86006
RPC_CC,1187,0.9974,discharge,-29.822,10.0,9.0,25.6,2746.3,4.1485,3.3818,25.7096,2.503,0.86006
RPC_CC,1187,0.9556,discharge,-29.715,2.0,2.0,26.34,300.0,4.0801,3.4545,21.0533,2.503,0.86006
RPC_CC,1187,0.9556,discharge,-29.715,10.0,9.0,26.34,300.0,4.0801,3.37,23.897,2.503,0.86006
RPC_CC,1187,0.9139,discharge,-29.671,2.0,2.0,26.59,300.0,4.0533,3.4505,20.3165,2.503,0.86006
RPC_CC,1187,0.9139,discharge,-29.671,10.0,9.0,26.59,300.0,4.0533,3.3549,23.5385,2.503,0.86006
RPC_CC,1187,0.8305,discharge,-29.672,2.0,2.0,26.53,300.0,3.9487,3.3865,18.9472,2.503,0.86006
RPC_CC,1187,0.8305,discharge,-29.672,10.0,9.0,26.53,300.0,3.9487,3.297,21.9635,2.503,0.86006
RPC_CC,1187,0.747,discharge,-29.615,2.0,2.0,26.43,300.0,3.8581,3.3176,18.2506,2.503,0.86006
RPC_CC,1187,0.747,discharge,-29.615,10.0,9.0,26.43,300.0,3.8581,3.2195,21.563,2.503,0.86006
RPC_CC,1187,0.6636,discharge,-29.554,2.0,2.0,26.31,300.0,3.7669,3.2285,18.2172,2.503,0.86006
RPC_CC,1187,0.6636,discharge,-29.554,10.0,9.0,26.31,300.0,3.7669,3.1198,21.8951,2.503,0.86006
RPC_CC,1187,0.5801,discharge,-29.509,2.0,2.0,26.29,300.0,3.6801,3.138,18.3707,2.503,0.86006
RPC_CC,1187,0.5801,discharge,-29.509,10.0,9.0,26.29,300.0,3.6801,3.0232,22.261,2.503,0.86006
RPC_CC,1187,0.4967,discharge,-29.384,2.0,2.0,26.31,300.0,3.6135,3.0539,19.0444,2.503,0.86006
RPC_CC,1187,0.4967,discharge,-29.384,10.0,9.0,26.31,300.0,3.6135,2.9217,23.5434,2.503,0.86006
RPC_CC,1187,0.4133,discharge,-29.032,2.0,2.0,26.46,300.0,3.5444,2.936,20.9565,2.503,0.86006
RPC_CC,1187,0.4133,discharge,-29.032,10.0,9.0,26.46,300.0,3.5444,2.7527,27.2704,2.503,0.86006
RPC_CC,1187,0.3306,discharge,-21.058,2.0,2.0,26.66,300.0,3.4534,2.8674,27.8279,2.503,0.86006
RPC_CC,1187,0.3306,discharge,-21.058,10.0,9.0,26.66,300.0,3.4534,2.6208,39.5384,2.503,0.86006
RPC_CC,1187,0.2894,discharge,-14.621,2.0,2.0,26.62,300.0,3.412,2.8967,35.2438,2.503,0.86006
RPC_CC,1187,0.2894,discharge,-14.621,10.0,9.0,26.62,300.0,3.412,2.6411,52.7255,2.503,0.86006
RPC_CC,1187,0.2481,discharge,-9.281,2.0,2.0,26.57,300.0,3.3732,2.9546,45.1046,2.503,0.86006
RPC_CC,1187,0.2481,discharge,-9.281,10.0,9.0,26.57,300.0,3.3732,2.7021,72.3117,2.503,0.86006
RPC_CC,1187,0.2067,discharge,-5.129,2.0,1.0,26.68,300.0,3.2688,3.0327,46.031,2.503,0.86006
RPC_CC,1187,0.2067,discharge,-5.129,10.0,9.0,26.68,300.0,3.2688,2.7675,97.7355,2.503,0.86006
RPC_CC,1187,0.1818,discharge,-2.665,2.0,2.0,26.12,300.0,3.1035,2.9218,68.1724,2.503,0.86006
RPC_CC,1187,0.1818,discharge,-2.665,10.0,9.0,26.12,300.0,3.1035,2.7592,129.1787,2.503,0.86006
RPC_CC,1187,0.1694,discharge,-1.492,2.0,2.0,25.83,300.0,2.9581,2.8429,77.2092,2.503,0.86006
RPC_CC,1187,0.1694,discharge,-1.492,10.0,9.0,25.83,300.0,2.9581,2.7251,156.161,2.503,0.86006
RPC_CC,1187,0.9974,discharge,-29.849,2.0,2.0,25.6,2765.3,4.1483,3.4352,23.8906,2.503,0.86006
RPC_CC,1187,0.9974,discharge,-29.849,10.0,9.0,25.6,2765.3,4.1483,3.3785,25.7902,2.503,0.86006
RPC_CC,1187,0.9557,discharge,-29.739,2.0,2.0,26.36,300.0,4.0799,3.452,21.1137,2.503,0.86006
RPC_CC,1187,0.9557,discharge,-29.739,10.0,9.0,26.36,300.0,4.0799,3.3672,23.9652,2.503,0.86006
RPC_CC,1187,0.9139,discharge,-29.693,2.0,2.0,26.6,300.0,4.053,3.4483,20.3651,2.503,0.86006
RPC_CC,1187,0.9139,discharge,-29.693,10.0,9.0,26.6,300.0,4.053,3.3522,23.6015,2.503,0.86006
RPC_CC,1187,0.8305,discharge,-29.694,2.0,2.0,26.54,300.0,3.9485,3.384,19.0109,2.503,0.86006
RPC_CC,1187,0.8305,discharge,-29.694,10.0,9.0,26.54,300.0,3.9485,3.2943,22.0318,2.503,0.86006
RPC_CC,1187,0.747,discharge,-29.639,2.0,2.0,26.44,300.0,3.8579,3.3151,18.3137,2.503,0.86006
RPC_CC,1187,0.747,discharge,-29.639,10.0,9.0,26.44,300.0,3.8579,3.2169,21.6269,2.503,0.86006
RPC_CC,1187,0.6636,discharge,-29.581,2.0,2.0,26.31,300.0,3.7663,3.2258,18.2716,2.503,0.86006
RPC_CC,1187,0.6636,discharge,-29.581,10.0,9.0,26.31,300.0,3.7663,3.117,21.9495,2.503,0.86006
RPC_CC,1187,0.5801,discharge,-29.535,2.0,2.0,26.28,300.0,3.6794,3.1353,18.4219,2.503,0.86006
RPC_CC,1187,0.5801,discharge,-29.535,10.0,9.0,26.28,300.0,3.6794,3.0203,22.3155,2.503,0.86006
RPC_CC,1187,0.4967,discharge,-29.415,2.0,2.0,26.31,300.0,3.613,3.0512,19.0994,2.503,0.86006
RPC_CC,1187,0.4967,discharge,-29.415,10.0,9.0,26.31,300.0,3.613,2.9183,23.6176,2.503,0.86006
RPC_CC,1187,0.4133,discharge,-29.073,2.0,2.0,26.46,300.0,3.5442,2.9324,21.0432,2.503,0.86006
RPC_CC,1187,0.4133,discharge,-29.073,10.0,9.01,26.46,300.0,3.5442,2.748,27.3858,2.503,0.86006
RPC_CC,1187,0.3305,discharge,-22.693,2.0,2.0,26.65,300.0,3.4528,2.8274,27.5598,2.503,0.86006
RPC_CC,1187,0.3305,discharge,-22.693,10.0,9.0,26.65,300.0,3.4528,2.5523,39.6827,2.503,0.86006
RPC_CC,1187,0.2893,discharge,-16.161,2.0,2.0,26.7,300.0,3.412,2.8529,34.5956,2.503,0.86006
RPC_CC,1187,0.2893,discharge,-16.161,10.0,9.0,26.7,300.0,3.412,2.5618,52.6081,2.503,0.86006
RPC_CC,1187,0.2479,discharge,-11.155,2.0,2.0,26.61,300.0,3.3736,2.8857,43.7402,2.503,0.86006
RPC_CC,1187,0.2479,discharge,-11.155,10.0,9.0,26.61,300.0,3.3736,2.5721,71.8544,2.503,0.86006
RPC_CC,1187,0.2065,discharge,-7.163,2.0,2.0,26.72,300.0,3.2697,2.8898,53.0398,2.503,0.86006
RPC_CC,1187,0.2065,discharge,-7.163,10.0,9.0,26.72,300.0,3.2697,2.5666,98.1634,2.503,0.86006
RPC_CC,1187,0.1817,discharge,-4.185,2.0,2.0,26.18,300.0,3.1049,2.8283,66.09,2.503,0.86006
RPC_CC,1187,0.1817,discharge,-4.185,10.0,9.0,26.18,300.0,3.1049,2.5559,131.1765,2.503,0.86006
RPC_CC,1187,0.1693,discharge,-2.566,2.0,2.0,25.87,488.9,2.9591,2.763,76.4165,2.503,0.86006
RPC_CC,1187,0.1693,discharge,-2.566,10.0,9.0,25.87,488.9,2.9591,2.546,160.9773,2.503,0.86006
RPC_CC,1187,0.9586,charge,1.762,2.0,2.0,25.76,300.0,4.0791,4.15,40.2315,2.503,0.86006
RPC_CC,1187,0.9586,charge,1.762,10.0,9.0,25.76,300.0,4.0791,4.15,40.2315,2.503,0.86006
RPC_CC,1187,0.917,charge,2.905,2.0,2.0,25.82,300.0,4.0495,4.1501,34.6299,2.503,0.86006
RPC_CC,1187,0.917,charge,2.905,10.0,9.0,25.82,300.0,4.0495,4.15,34.5955,2.503,0.86006
RPC_CC,1187,0.8342,charge,7.923,2.0,2.0,26.03,300.0,3.9456,4.1502,25.8236,2.503,0.86006
RPC_CC,1187,0.8342,charge,7.923,10.0,9.0,26.03,300.0,3.9456,4.1501,25.8109,2.503,0.86006
RPC_CC,1187,0.751,charge,13.247,2.0,2.0,26.0,300.0,3.8569,4.1502,22.1417,2.503,0.86006
RPC_CC,1187,0.751,charge,13.247,10.0,9.0,26.0,300.0,3.8569,4.1501,22.1341,2.503,0.86006
RPC_CC,1187,0.6675,charge,15.001,2.0,2.0,25.96,300.0,3.7662,4.0591,19.5254,2.503,0.86006
RPC_CC,1187,0.6675,charge,15.001,10.0,9.0,25.96,300.0,3.7662,4.1019,22.3785,2.503,0.86006
RPC_CC,1187,0.5841,charge,15.001,2.0,2.0,25.95,300.0,3.6801,3.9731,19.532,2.503,0.86006
RPC_CC,1187,0.5841,charge,15.001,10.0,9.0,25.95,300.0,3.6801,4.0149,22.3185,2.503,0.86006
RPC_CC,1187,0.5006,charge,15.001,2.0,2.0,25.97,300.0,3.6135,3.9127,19.9453,2.503,0.86006
RPC_CC,1187,0.5006,charge,15.001,10.0,9.0,25.97,300.0,3.6135,3.95,22.4318,2.503,0.86006
RPC_CC,1187,0.4171,charge,15.0,2.0,1.0,26.1,300.0,3.5441,3.8464,20.1533,2.503,0.86006
RPC_CC,1187,0.4171,charge,15.0,10.0,9.0,26.1,300.0,3.5441,3.8983,23.6133,2.503,0.86006
RPC_CC,1187,0.3337,charge,15.0,2.0,2.0,26.24,300.0,3.4529,3.7841,22.08,2.503,0.86006
RPC_CC,1187,0.3337,charge,15.0,10.0,9.0,26.24,300.0,3.4529,3.8282,25.02,2.503,0.86006
RPC_CC,1187,0.2919,charge,15.0,2.0,2.0,26.25,300.0,3.4113,3.7508,22.6333,2.503,0.86006
RPC_CC,1187,0.2919,charge,15.0,10.0,9.0,26.25,300.0,3.4113,3.7875,25.08,2.503,0.86006
RPC_CC,1187,0.2502,charge,15.001,2.0,2.0,26.38,300.0,3.3738,3.7279,23.6051,2.503,0.86006
RPC_CC,1187,0.2502,charge,15.001,10.0,9.0,26.38,300.0,3.3738,3.7625,25.9116,2.503,0.86006
RPC_CC,1187,0.2085,charge,15.001,2.0,1.0,26.7,300.0,3.2722,3.6461,24.925,2.503,0.86006
RPC_CC,1187,0.2085,charge,15.001,10.0,9.0,26.7,300.0,3.2722,3.7334,30.7446,2.503,0.86006
RPC_CC,1187,0.1834,charge,15.001,2.0,2.0,26.08,300.0,3.1109,3.5546,29.578,2.503,0.86006
RPC_CC,1187,0.1834,charge,15.001,10.0,9.0,26.08,300.0,3.1109,3.6687,37.1842,2.503,0.86006
RPC_CC,1187,0.1709,charge,15.0,2.0,2.0,25.79,300.0,2.9786,3.4619,32.22,2.503,0.86006
RPC_CC,1187,0.1709,charge,15.0,10.0,9.0,25.79,300.0,2.9786,3.6055,41.7933,2.503,0.86006
RPC_CC,1187,0.9584,charge,1.659,2.0,2.0,25.77,300.1,4.0792,4.1391,36.1061,2.503,0.86006
RPC_CC,1187,0.9584,charge,1.659,10.0,9.0,25.77,300.1,4.0792,4.1487,41.8927,2.503,0.86006
RPC_CC,1187,0.9168,charge,2.678,2.0,2.0,25.84,300.1,4.0497,4.1321,30.7733,2.503,0.86006
RPC_CC,1187,0.9168,charge,2.678,10.0,9.0,25.84,300.1,4.0497,4.1477,36.5993,2.503,0.86006
RPC_CC,1187,0.8338,charge,7.248,2.0,2.0,26.04,300.1,3.9456,4.1165,23.5781,2.503,0.86006
RPC_CC,1187,0.8338,charge,7.248,10.0,9.0,26.04,300.1,3.9456,4.1462,27.6756,2.503,0.86006
RPC_CC,1187,0.7508,charge,12.255,2.0,2.0,26.02,300.1,3.857,4.1114,20.7589,2.503,0.86006
RPC_CC,1187,0.7508,charge,12.255,10.0,9.01,26.02,300.1,3.857,4.1481,23.7536,2.503,0.86006
RPC_CC,1187,0.6675,charge,15.058,2.0,2.0,25.94,300.1,3.7661,4.0625,19.6839,2.503,0.86006
RPC_CC,1187,0.6675,charge,15.058,10.0,9.0,25.94,300.1,3.7661,4.103,22.3735,2.503,0.86006
RPC_CC,1187,0.5841,charge,15.058,2.0,1.0,25.91,300.1,3.6802,3.9671,19.053,2.503,0.86006
RPC_CC,1187,0.5841,charge,15.058,10.0,9.01,25.91,300.1,3.6802,4.0161,22.3071,2.503,0.86006
RPC_CC,1187,0.5006,charge,15.05,2.0,2.0,25.97,300.1,3.6137,3.916,20.0857,2.503,0.86006
RPC_CC,1187,0.5006,charge,15.05,10.0,9.0,25.97,300.1,3.6137,3.951,22.4112,2.503,0.86006
RPC_CC,1187,0.4172,charge,15.056,2.0,2.0,26.08,300.1,3.5444,3.8603,20.981,2.503,0.86006
RPC_CC,1187,0.4172,charge,15.056,10.0,9.0,26.08,300.1,3.5444,3.8995,23.5845,2.503,0.86006
RPC_CC,1187,0.3337,charge,15.063,2.0,1.0,26.25,300.1,3.4534,3.779,21.6152,2.503,0.86006
RPC_CC,1187,0.3337,charge,15.063,10.0,9.0,26.25,300.1,3.4534,3.8299,24.9942,2.503,0.86006
RPC_CC,1187,0.292,charge,15.054,2.0,2.0,26.25,300.1,3.4115,3.7545,22.7846,2.503,0.86006
RPC_CC,1187,0.292,charge,15.054,10.0,9.0,26.25,300.1,3.4115,3.7889,25.0697,2.503,0.86006
RPC_CC,1187,0.2503,charge,15.047,2.0,2.0,26.39,300.1,3.3745,3.7315,23.7249,2.503,0.86006
RPC_CC,1187,0.2503,charge,15.047,10.0,9.0,26.39,300.1,3.3745,3.7636,25.8581,2.503,0.86006
RPC_CC,1187,0.2085,charge,15.079,2.0,1.0,26.67,300.1,3.2749,3.6564,25.2992,2.503,0.86006
RPC_CC,1187,0.2085,charge,15.079,10.0,9.01,26.67,300.1,3.2749,3.7355,30.5448,2.503,0.86006
RPC_CC,1187,0.1835,charge,15.154,2.0,2.0,26.08,300.1,3.1165,3.5706,29.9647,2.503,0.86006
RPC_CC,1187,0.1835,charge,15.154,10.0,9.0,26.08,300.1,3.1165,3.6754,36.8801,2.503,0.86006
RPC_CC,1187,0.1711,charge,15.193,2.0,2.0,25.76,300.1,2.9881,3.4842,32.6532,2.503,0.86006
RPC_CC,1187,0.1711,charge,15.193,10.0,9.0,25.76,300.1,2.9881,3.6149,41.2558,2.503,0.86006
RPC_CC,1299,0.9973,discharge,-30.0,2.0,2.0,25.58,5334.0,4.1284,3.3847,24.79,2.4922,0.85633
RPC_CC,1299,0.9973,discharge,-30.0,10.0,9.0,25.58,5334.0,4.1284,3.3327,26.5233,2.4922,0.85633
RPC_CC,1299,0.9726,charge,1.936,2.0,2.0,27.36,60.0,4.072,4.1501,40.3347,2.4922,0.85633
RPC_CC,1299,0.9726,charge,1.936,10.0,9.0,27.36,60.0,4.072,4.15,40.283,2.4922,0.85633
RPC_CC,1299,0.9557,discharge,-30.0,2.0,2.0,25.54,3600.0,4.0837,3.381,23.4233,2.4922,0.85633
RPC_CC,1299,0.9557,discharge,-30.0,10.0,9.0,25.54,3600.0,4.0837,3.3135,25.6733,2.4922,0.85633
RPC_CC,1299,0.9312,charge,3.006,2.0,2.0,27.3,60.0,4.0407,4.1501,36.3902,2.4922,0.85633
RPC_CC,1299,0.9312,charge,3.006,10.0,9.0,27.3,60.0,4.0407,4.15,36.357,2.4922,0.85633
RPC_CC,1299,0.9142,discharge,-30.0,2.0,2.0,25.59,3600.0,4.0689,3.3826,22.8767,2.4922,0.85633
RPC_CC,1299,0.9142,discharge,-30.0,10.0,9.0,25.59,3600.0,4.0689,3.2986,25.6767,2.4922,0.85633
RPC_CC,1299,0.89,charge,4.891,2.0,2.0,27.25,60.0,3.9935,4.1501,32.0147,2.4922,0.85633
RPC_CC,1299,0.89,charge,4.891,10.0,9.0,27.25,60.0,3.9935,4.1501,32.0147,2.4922,0.85633
RPC_CC,1299,0.8311,discharge,-30.0,2.0,2.0,25.57,3600.0,3.9676,3.3249,21.4233,2.4922,0.85633
RPC_CC,1299,0.8311,discharge,-30.0,10.0,9.0,25.57,3600.0,3.9676,3.2416,24.2,2.4922,0.85633
RPC_CC,1299,0.8074,charge,10.266,2.0,2.0,27.09,60.0,3.8939,4.1502,24.9659,2.4922,0.85633
RPC_CC,1299,0.8074,charge,10.266,10.0,9.0,27.09,60.0,3.8939,4.1501,24.9562,2.4922,0.85633
RPC_CC,1299,0.748,discharge,-30.0,2.0,2.0,25.57,3600.0,3.8737,3.2605,20.44,2.4922,0.85633
RPC_CC,1299,0.748,discharge,-30.0,10.0,9.0,25.57,3600.0,3.8737,3.1727,23.3667,2.4922,0.85633
RPC_CC,1299,0.7243,charge,15.0,2.0,2.0,27.02,60.0,3.8144,4.1192,20.32,2.4922,0.85633
RPC_CC,1299,0.7243,charge,15.0,10.0,9.0,27.02,60.0,3.8144,4.1501,22.38,2.4922,0.85633
RPC_CC,1299,0.6649,discharge,-30.0,2.0,2.0,25.59,3600.0,3.7889,3.1806,20.2767,2.4922,0.85633
RPC_CC,1299,0.6649,discharge,-30.0,10.0,9.0,25.59,3600.0,3.7889,3.081,23.5967,2.4922,0.85633
RPC_CC,1299,0.6412,charge,15.001,2.0,2.0,27.04,60.0,3.7308,4.0358,20.332,2.4922,0.85633
RPC_CC,1299,0.6412,charge,15.001,10.0,9.0,27.04,60.0,3.7308,4.0841,23.5518,2.4922,0.85633
RPC_CC,1299,0.5818,discharge,-30.0,2.0,2.0,25.58,3600.0,3.7038,3.0896,20.4733,2.4922,0.85633
RPC_CC,1299,0.5818,discharge,-30.0,10.0,9.0,25.58,3600.0,3.7038,2.9848,23.9667,2.4922,0.85633
RPC_CC,1299,0.5581,charge,15.001,2.0,2.0,27.13,60.0,3.6467,3.9518,20.3386,2.4922,0.85633
RPC_CC,1299,0.5581,charge,15.001,10.0,9.0,27.13,60.0,3.6467,4.0003,23.5718,2.4922,0.85633
RPC_CC,1299,0.4986,discharge,-30.0,2.0,2.0,25.55,3600.0,3.6361,3.0059,21.0067,2.4922,0.85633
RPC_CC,1299,0.4986,discharge,-30.0,10.0,9.0,25.55,3600.0,3.6361,2.891,24.8367,2.4922,0.85633
RPC_CC,1299,0.475,charge,15.001,2.0,2.0,27.19,60.0,3.5816,3.8917,20.672,2.4922,0.85633
RPC_CC,1299,0.475,charge,15.001,10.0,9.0,27.19,60.0,3.5816,3.9391,23.8317,2.4922,0.85633
RPC_CC,1299,0.4155,discharge,-30.0,2.0,2.0,25.55,3600.0,3.5706,2.8917,22.63,2.4922,0.85633
RPC_CC,1299,0.4155,discharge,-30.0,10.0,9.0,25.55,3600.0,3.5706,2.7455,27.5033,2.4922,0.85633
RPC_CC,1299,0.3919,charge,15.0,2.0,2.0,27.39,60.0,3.5107,3.8321,21.4267,2.4922,0.85633
RPC_CC,1299,0.3919,charge,15.0,10.0,9.0,27.39,60.0,3.5107,3.8793,24.5733,2.4922,0.85633
RPC_CC,1299,0.3325,discharge,-29.376,2.0,2.0,25.57,3600.0,3.4748,2.6552,27.9003,2.4922,0.85633
RPC_CC,1299,0.3325,discharge,-29.376,10.0,9.0,25.57,3600.0,3.4748,2.5497,31.4917,2.4922,0.85633
RPC_CC,1299,0.3104,charge,15.001,2.0,2.0,27.56,60.0,3.4275,3.751,21.5652,2.4922,0.85633
RPC_CC,1299,0.3104,charge,15.001,10.0,9.0,27.56,60.0,3.4275,3.7904,24.1917,2.4922,0.85633
RPC_CC,1299,0.2909,discharge,-20.251,2.0,2.0,25.54,3600.0,3.4314,2.549,43.5732,2.4922,0.85633
RPC_CC,1299,0.2909,discharge,-20.251,10.0,9.0,25.54,3600.0,3.4314,2.5499,43.5287,2.4922,0.85633
RPC_CC,1299,0.2742,charge,15.0,2.0,2.0,27.2,60.0,3.3973,3.7392,22.7933,2.4922,0.85633
RPC_CC,1299,0.2742,charge,15.0,10.0,9.0,27.2,60.0,3.3973,3.7745,25.1467,2.4922,0.85633
RPC_CC,1299,0.2493,discharge,-13.285,2.0,2.0,25.56,3600.0,3.3997,2.5493,64.012,2.4922,0.85633
RPC_CC,1299,0.2493,discharge,-13.285,10.0,9.0,25.56,3600.0,3.3997,2.5499,63.9669,2.4922,0.85633
RPC_CC,1299,0.2384,charge,15.001,2.0,2.0,26.71,60.0,3.3499,3.7259,25.065,2.4922,0.85633
RPC_CC,1299,0.2384,charge,15.001,10.0,9.0,26.71,60.0,3.3499,3.7676,27.8448,2.4922,0.85633
RPC_CC,1299,0.2079,discharge,-7.734,2.0,1.0,25.59,3600.0,3.3131,2.5488,98.8298,2.4922,0.85633
RPC_CC,1299,0.2079,discharge,-7.734,10.0,9.0,25.59,3600.0,3.3131,2.5499,98.6875,2.4922,0.85633
RPC_CC,1299,0.202,charge,15.001,2.0,2.0,26.27,60.0,3.2247,3.6505,28.3848,2.4922,0.85633
RPC_CC,1299,0.202,charge,15.001,10.0,9.0,26.27,60.0,3.2247,3.7386,34.2577,2.4922,0.85633
RPC_CC,1299,0.1835,discharge,-4.512,2.0,2.0,25.57,3600.0,3.1601,2.5497,135.2957,2.4922,0.85633
RPC_CC,1299,0.1835,discharge,-4.512,10.0,9.0,25.57,3600.0,3.1601,2.5499,135.2514,2.4922,0.85633
RPC_CC,1299,0.1806,charge,15.001,2.0,2.0,25.95,60.0,3.0627,3.5326,31.3246,2.4922,0.85633
RPC_CC,1299,0.1806,charge,15.001,10.0,9.0,25.95,60.0,3.0627,3.657,39.6174,2.4922,0.85633
RPC_CC,1299,0.1714,discharge,-3.709,2.0,1.0,25.55,3600.0,3.0947,2.5493,147.0398,2.4922,0.85633
RPC_CC,1299,0.1714,discharge,-3.709,10.0,9.0,25.55,3600.0,3.0947,2.55,146.8511,2.4922,0.85633
RPC_CC,1299,0.1692,charge,15.001,2.0,2.0,25.86,60.0,2.9945,3.4895,32.9978,2.4922,0.85633
RPC_CC,1299,0.1692,charge,15.001,10.0,9.0,25.86,60.0,2.9945,3.627,42.1639,2.4922,0.85633
RPC_CC,1299,0.9973,discharge,-30.0,2.0,2.0,25.67,2938.7,4.1459,3.3946,25.0433,2.4922,0.85633
RPC_CC,1299,0.9973,discharge,-30.0,10.0,9.0,25.67,2938.7,4.1459,3.3407,26.84,2.4922,0.85633
RPC_CC,1299,0.9557,discharge,-30.0,2.0,1.0,26.5,300.0,4.0787,3.4303,21.6133,2.4922,0.85633
RPC_CC,1299,0.9557,discharge,-30.0,10.0,9.01,26.5,300.0,4.0787,3.3283,25.0133,2.4922,0.85633
RPC_CC,1299,0.9142,discharge,-30.0,2.0,1.0,26.72,300.0,4.0475,3.426,20.7167,2.4922,0.85633
RPC_CC,1299,0.9142,discharge,-30.0,10.0,9.01,26.72,300.0,4.0475,3.3133,24.4733,2.4922,0.85633
RPC_CC,1299,0.8311,discharge,-30.0,2.0,2.0,26.66,300.0,3.9397,3.3367,20.1,2.4922,0.85633
RPC_CC,1299,0.8311,discharge,-30.0,10.0,9.01,26.66,300.0,3.9397,3.2529,22.8933,2.4922,0.85633
RPC_CC,1299,0.748,discharge,-30.0,2.0,2.0,26.57,300.0,3.8484,3.2619,19.55,2.4922,0.85633
RPC_CC,1299,0.748,discharge,-30.0,10.0,9.01,26.57,300.0,3.8484,3.1699,22.6167,2.4922,0.85633
RPC_CC,1299,0.6649,discharge,-30.0,2.0,2.0,26.45,300.0,3.7525,3.1644,19.6033,2.4922,0.85633
RPC_CC,1299,0.6649,discharge,-30.0,10.0,9.0,26.45,300.0,3.7525,3.065,22.9167,2.4922,0.85633
RPC_CC,1299,0.5818,discharge,-30.0,2.0,1.0,26.44,300.0,3.667,3.0956,19.0467,2.4922,0.85633
RPC_CC,1299,0.5818,discharge,-30.0,10.0,9.01,26.44,300.0,3.667,2.9645,23.4167,2.4922,0.85633
RPC_CC,1299,0.4987,discharge,-30.0,2.0,2.0,26.49,300.0,3.6027,2.9751,20.92,2.4922,0.85633
RPC_CC,1299,0.4987,discharge,-30.0,10.0,9.01,26.49,300.0,3.6027,2.8508,25.0633,2.4922,0.85633
RPC_CC,1299,0.4156,discharge,-30.0,2.0,2.0,26.64,300.0,3.5341,2.8211,23.7667,2.4922,0.85633
RPC_CC,1299,0.4156,discharge,-30.0,10.0,9.0,26.64,300.0,3.5341,2.6488,29.51,2.4922,0.85633
RPC_CC,1299,0.3325,discharge,-22.404,2.0,2.0,26.9,300.0,3.4432,2.5488,39.9223,2.4922,0.85633
RPC_CC,1299,0.3325,discharge,-22.404,10.0,9.0,26.9,300.0,3.4432,2.5499,39.8732,2.4922,0.85633
RPC_CC,1299,0.2909,discharge,-15.815,2.0,2.0,27.05,300.0,3.4049,2.5492,54.1069,2.4922,0.85633
RPC_CC,1299,0.2909,discharge,-15.815,10.0,9.0,27.05,300.0,3.4049,2.5499,54.0626,2.4922,0.85633
RPC_CC,1299,0.2494,discharge,-10.64,2.0,2.0,26.96,300.0,3.3696,2.5493,77.0922,2.4922,0.85633
RPC_CC,1299,0.2494,discharge,-10.64,10.0,9.0,26.96,300.0,3.3696,2.5499,77.0359,2.4922,0.85633
RPC_CC,1299,0.2081,discharge,-6.322,2.0,2.0,27.01,300.0,3.2707,2.5495,114.0796,2.4922,0.85633
RPC_CC,1299,0.2081,discharge,-6.322,10.0,9.0,27.01,300.0,3.2707,2.55,114.0005,2.4922,0.85633
RPC_CC,1299,0.1838,discharge,-3.418,2.0,2.0,26.36,300.0,3.1128,2.5497,164.7647,2.4922,0.85633
RPC_CC,1299,0.1838,discharge,-3.418,10.0,9.0,26.36,300.0,3.1128,2.5499,164.7062,2.4922,0.85633
RPC_CC,1299,0.1718,discharge,-1.999,2.0,2.0,26.01,300.0,2.9759,2.5498,213.1512,2.4922,0.85633
RPC_CC,1299,0.1718,discharge,-1.999,10.0,9.0,26.01,300.0,2.9759,2.5499,213.1012,2.4922,0.85633
RPC_CC,1299,0.9974,discharge,-29.805,2.0,2.0,25.63,2914.7,4.1457,3.4024,24.9392,2.4922,0.85633
RPC_CC,1299,0.9974,discharge,-29.805,10.0,9.0,25.63,2914.7,4.1457,3.34,27.0328,2.4922,0.85633
RPC_CC,1299,0.9559,discharge,-29.689,2.0,2.0,26.48,300.0,4.0785,3.42,22.1796,2.4922,0.85633
RPC_CC,1299,0.9559,discharge,-29.689,10.0,9.0,26.48,300.0,4.0785,3.3288,25.2514,2.4922,0.85633
RPC_CC,1299,0.9143,discharge,-29.643,2.0,2.0,26.71,300.1,4.0472,3.4151,21.3238,2.4922,0.85633
RPC_CC,1299,0.9143,discharge,-29.643,10.0,9.01,26.71,300.1,4.0472,3.3142,24.7276,2.4922,0.85633
RPC_CC,1299,0.8312,discharge,-29.634,2.0,2.0,26.63,300.1,3.9393,3.3497,19.8957,2.4922,0.85633
RPC_CC,1299,0.8312,discharge,-29.634,10.0,9.0,26.63,300.1,3.9393,3.2543,23.115,2.4922,0.85633
RPC_CC,1299,0.7481,discharge,-29.575,2.0,2.0,26.56,300.1,3.848,3.2767,19.3173,2.4922,0.85633
RPC_CC,1299,0.7481,discharge,-29.575,10.0,9.01,26.56,300.1,3.848,3.1721,22.8541,2.4922,0.85633
RPC_CC,1299,0.665,discharge,-29.508,2.0,2.0,26.44,300.1,3.7523,3.1825,19.31,2.4922,0.85633
RPC_CC,1299,0.665,discharge,-29.508,10.0,9.0,26.44,300.1,3.7523,3.0685,23.1734,2.4922,0.85633
RPC_CC,1299,0.5819,discharge,-29.442,2.0,2.0,26.41,300.1,3.6668,3.091,19.5568,2.4922,0.85633
RPC_CC,1299,0.5819,discharge,-29.442,10.0,9.01,26.41,300.1,3.6668,2.9696,23.6801,2.4922,0.85633
RPC_CC,1299,0.4988,discharge,-29.277,2.0,2.0,26.45,300.1,3.6026,3.0025,20.4973,2.4922,0.85633
RPC_CC,1299,0.4988,discharge,-29.277,10.0,9.0,26.45,300.1,3.6026,2.8583,25.4227,2.4922,0.85633
RPC_CC,1299,0.4159,discharge,-28.837,2.0,2.0,26.63,300.1,3.5336,2.87,23.0117,2.4922,0.85633
RPC_CC,1299,0.4159,discharge,-28.837,10.0,9.0,26.63,300.1,3.5336,2.6641,30.1517,2.4922,0.85633
RPC_CC,1299,0.3337,discharge,-18.608,2.0,2.0,26.82,300.1,3.4427,2.8499,31.8581,2.4922,0.85633
RPC_CC,1299,0.3337,discharge,-18.608,10.0,9.0,26.82,300.1,3.4427,2.6199,44.2187,2.4922,0.85633
RPC_CC,1299,0.2926,discharge,-12.944,2.0,2.0,26.71,300.0,3.4031,2.8827,40.204,2.4922,0.85633
RPC_CC,1299,0.2926,discharge,-12.944,10.0,9.0,26.71,300.0,3.4031,2.6393,59.008,2.4922,0.85633
RPC_CC,1299,0.2514,discharge,-8.353,2.0,1.0,26.63,300.1,3.367,3.0079,42.9885,2.4922,0.85633
RPC_CC,1299,0.2514,discharge,-8.353,10.0,9.01,26.63,300.1,3.367,2.6956,80.3745,2.4922,0.85633
RPC_CC,1299,0.2101,discharge,-4.743,2.0,1.0,26.78,300.1,3.2628,3.0236,50.4338,2.4922,0.85633
RPC_CC,1299,0.2101,discharge,-4.743,10.0,9.0,26.78,300.1,3.2628,2.7493,108.2682,2.4922,0.85633
RPC_CC,1299,0.1854,discharge,-2.536,2.0,2.0,26.19,300.1,3.0954,2.9046,75.2292,2.4922,0.85633
RPC_CC,1299,0.1854,discharge,-2.536,10.0,9.01,26.19,300.1,3.0954,2.7335,142.691,2.4922,0.85633
RPC_CC,1299,0.173,discharge,-1.474,2.0,2.0,25.88,300.1,2.9438,2.8184,85.1006,2.4922,0.85633
RPC_CC,1299,0.173,discharge,-1.474,10.0,9.0,25.88,300.1,2.9438,2.6905,171.8978,2.4922,0.85633
RPC_CC,1299,0.9974,discharge,-29.84,2.0,2.0,25.62,2930.9,4.1454,3.3983,25.0364,2.4922,0.85633
RPC_CC,1299,0.9974,discharge,-29.84,10.0,9.0,25.62,2930.9,4.1454,3.3362,27.1175,2.4922,0.85633
RPC_CC,1299,0.9559,discharge,-29.721,2.0,1.0,26.46,300.1,4.0784,3.4415,21.4297,2.4922,0.85633
RPC_CC,1299,0.9559,discharge,-29.721,10.0,9.01,26.46,300.1,4.0784,3.3253,25.3394,2.4922,0.85633
RPC_CC,1299,0.9143,discharge,-29.671,2.0,1.0,26.69,300.1,4.0466,3.4389,20.4813,2.4922,0.85633
RPC_CC,1299,0.9143,discharge,-29.671,10.0,9.0,26.69,300.1,4.0466,3.3112,24.7851,2.4922,0.85633
RPC_CC,1299,0.8312,discharge,-29.662,2.0,2.0,26.62,300.1,3.9389,3.3467,19.9653,2.4922,0.85633
RPC_CC,1299,0.8312,discharge,-29.662,10.0,9.01,26.62,300.1,3.9389,3.2513,23.1816,2.4922,0.85633
RPC_CC,1299,0.7481,discharge,-29.602,2.0,2.0,26.51,300.1,3.8472,3.2739,19.3666,2.4922,0.85633
RPC_CC,1299,0.7481,discharge,-29.602,10.0,9.01,26.51,300.1,3.8472,3.1692,22.9035,2.4922,0.85633
RPC_CC,1299,0.665,discharge,-29.535,2.0,2.0,26.4,300.1,3.7515,3.1796,19.3631,2.4922,0.85633
RPC_CC,1299,0.665,discharge,-29.535,10.0,9.0,26.4,300.1,3.7515,3.0658,23.2161,2.4922,0.85633
RPC_CC,1299,0.5819,discharge,-29.467,2.0,1.0,26.41,300.1,3.6665,3.1165,18.6649,2.4922,0.85633
RPC_CC,1299,0.5819,discharge,-29.467,10.0,9.01,26.41,300.1,3.6665,2.9671,23.735,2.4922,0.85633
RPC_CC,1299,0.4989,discharge,-29.306,2.0,2.0,26.45,300.0,3.6021,2.9999,20.5487,2.4922,0.85633
RPC_CC,1299,0.4989,discharge,-29.306,10.0,9.0,26.45,300.0,3.6021,2.8554,25.4794,2.4922,0.85633
RPC_CC,1299,0.4159,discharge,-29.028,2.0,2.0,26.63,300.1,3.5331,2.8637,23.0605,2.4922,0.85633
RPC_CC,1299,0.4159,discharge,-29.028,10.0,9.0,26.63,300.1,3.5331,2.6548,30.257,2.4922,0.85633
RPC_CC,1299,0.3336,discharge,-20.02,2.0,2.0,26.81,300.0,3.442,2.8122,31.4593,2.4922,0.85633
RPC_CC,1299,0.3336,discharge,-20.02,10.0,9.0,26.81,300.0,3.442,2.5584,44.137,2.4922,0.85633
RPC_CC,1299,0.2925,discharge,-14.281,2.0,2.0,26.74,300.1,3.4031,2.8411,39.3516,2.4922,0.85633
RPC_CC,1299,0.2925,discharge,-14.281,10.0,9.0,26.74,300.1,3.4031,2.5661,58.6073,2.4922,0.85633
RPC_CC,1299,0.2513,discharge,-9.95,2.0,2.0,26.69,300.1,3.3664,2.8822,48.6614,2.4922,0.85633
RPC_CC,1299,0.2513,discharge,-9.95,10.0,9.01,26.69,300.1,3.3664,2.5792,79.1124,2.4922,0.85633
RPC_CC,1299,0.21,discharge,-6.423,2.0,2.0,26.81,300.0,3.26,2.8862,58.2012,2.4922,0.85633
RPC_CC,1299,0.21,discharge,-6.423,10.0,9.01,26.81,300.0,3.26,2.5704,107.3717,2.4922,0.85633
RPC_CC,1299,0.1853,discharge,-3.745,2.0,1.0,26.21,300.1,3.0891,2.8711,58.2179,2.4922,0.85633
RPC_CC,1299,0.1853,discharge,-3.745,10.0,9.0,26.21,300.1,3.0891,2.5567,142.18,2.4922,0.85633
RPC_CC,1299,0.1729,discharge,-2.268,2.0,2.0,25.91,496.3,2.9313,2.7414,83.7302,2.4922,0.85633
RPC_CC,1299,0.1729,discharge,-2.268,10.0,9.0,25.91,496.3,2.9313,2.5361,174.2504,2.4922,0.85633
RPC_CC,1299,0.9588,charge,1.616,2.0,2.0,25.81,300.0,4.0773,4.15,44.996,2.4922,0.85633
RPC_CC,1299,0.9588,charge,1.616,10.0,9.0,25.81,300.0,4.0773,4.15,44.996,2.4922,0.85633
RPC_CC,1299,0.9174,charge,2.817,2.0,1.0,25.93,300.0,4.0425,4.15,38.1557,2.4922,0.85633
RPC_CC,1299,0.9174,charge,2.817,10.0,9.01,25.93,300.0,4.0425,4.1501,38.1912,2.4922,0.85633
RPC_CC,1299,0.8349,charge,7.753,2.0,2.0,26.11,300.0,3.936,4.1501,27.6165,2.4922,0.85633
RPC_CC,1299,0.8349,charge,7.753,10.0,9.0,26.11,300.0,3.936,4.1501,27.6165,2.4922,0.85633
RPC_CC,1299,0.7521,charge,12.761,2.0,1.0,26.1,300.0,3.8459,4.1504,23.8618,2.4922,0.85633
RPC_CC,1299,0.7521,charge,12.761,10.0,9.01,26.1,300.0,3.8459,4.15,23.8304,2.4922,0.85633
RPC_CC,1299,0.669,charge,15.001,2.0,2.0,26.02,300.0,3.7513,4.0646,20.8853,2.4922,0.85633
RPC_CC,1299,0.669,charge,15.001,10.0,9.0,26.02,300.0,3.7513,4.109,23.8451,2.4922,0.85633
RPC_CC,1299,0.5858,charge,15.001,2.0,2.0,26.03,300.0,3.6667,3.981,20.9519,2.4922,0.85633
RPC_CC,1299,0.5858,charge,15.001,10.0,9.0,26.03,300.0,3.6667,4.0224,23.7118,2.4922,0.85633
RPC_CC,1299,0.5028,charge,15.001,2.0,2.0,26.05,300.0,3.6025,3.925,21.4986,2.4922,0.85633
RPC_CC,1299,0.5028,charge,15.001,10.0,9.0,26.05,300.0,3.6025,3.9623,23.9851,2.4922,0.85633
RPC_CC,1299,0.4197,charge,15.001,2.0,2.0,26.22,300.0,3.5325,3.8703,22.5185,2.4922,0.85633
RPC_CC,1299,0.4197,charge,15.001,10.0,9.0,26.22,300.0,3.5325,3.9123,25.3183,2.4922,0.85633
RPC_CC,1299,0.3366,charge,15.001,2.0,2.0,26.41,300.0,3.4418,3.7978,23.7318,2.4922,0.85633
RPC_CC,1299,0.3366,charge,15.001,10.0,9.0,26.41,300.0,3.4418,3.8429,26.7382,2.4922,0.85633
RPC_CC,1299,0.295,charge,15.001,2.0,2.0,26.38,300.0,3.4026,3.7652,24.1717,2.4922,0.85633
RPC_CC,1299,0.295,charge,15.001,10.0,9.0,26.38,300.0,3.4026,3.8025,26.6582,2.4922,0.85633
RPC_CC,1299,0.2534,charge,15.001,2.0,2.0,26.51,300.0,3.3666,3.7441,25.165,2.4922,0.85633
RPC_CC,1299,0.2534,charge,15.001,10.0,9.0,26.51,300.0,3.3666,3.7797,27.5382,2.4922,0.85633
RPC_CC,1299,0.2119,charge,15.001,2.0,2.0,26.79,300.0,3.2605,3.6777,27.8115,2.4922,0.85633
RPC_CC,1299,0.2119,charge,15.001,10.0,9.0,26.79,300.0,3.2605,3.7496,32.6045,2.4922,0.85633
RPC_CC,1299,0.187,charge,15.0,2.0,2.0,26.14,300.0,3.0901,3.5588,31.2467,2.4922,0.85633
RPC_CC,1299,0.187,charge,15.0,10.0,9.01,26.14,300.0,3.0901,3.6782,39.2067,2.4922,0.85633
RPC_CC,1299,0.1745,charge,15.001,2.0,2.0,25.85,300.0,2.9402,3.455,34.3177,2.4922,0.85633
RPC_CC,1299,0.1745,charge,15.001,10.0,9.01,25.85,300.0,2.9402,3.6084,44.5437,2.4922,0.85633
RPC_CC,1299,0.9586,charge,1.521,2.0,2.0,25.83,300.1,4.0774,4.1386,40.2459,2.4922,0.85633
RPC_CC,1299,0.9586,charge,1.521,10.0,9.0,25.83,300.1,4.0774,4.1486,46.8221,2.4922,0.85633
RPC_CC,1299,0.9171,charge,2.587,2.0,2.0,25.88,300.1,4.0425,4.13,33.8249,2.4922,0.85633
RPC_CC,1299,0.9171,charge,2.587,10.0,9.0,25.88,300.1,4.0425,4.1472,40.4739,2.4922,0.85633
RPC_CC,1299,0.8345,charge,7.125,2.0,2.0,26.07,300.1,3.9361,4.1169,25.3738,2.4922,0.85633
RPC_CC,1299,0.8345,charge,7.125,10.0,9.0,26.07,300.1,3.9361,4.1465,29.528,2.4922,0.85633
RPC_CC,1299,0.7518,charge,11.835,2.0,2.0,26.04,300.1,3.8461,4.1111,22.3922,2.4922,0.85633
RPC_CC,1299,0.7518,charge,11.835,10.0,9.0,26.04,300.1,3.8461,4.1478,25.4933,2.4922,0.85633
RPC_CC,1299,0.669,charge,15.059,2.0,2.0,25.99,300.1,3.7514,4.0685,21.0572,2.4922,0.85633
RPC_CC,1299,0.669,charge,15.059,10.0,9.01,25.99,300.1,3.7514,4.1103,23.8329,2.4922,0.85633
RPC_CC,1299,0.5859,charge,15.056,2.0,2.0,25.98,300.1,3.6671,3.9847,21.0946,2.4922,0.85633
RPC_CC,1299,0.5859,charge,15.056,10.0,9.0,25.98,300.1,3.6671,4.0238,23.6916,2.4922,0.85633
RPC_CC,1299,0.5028,charge,15.049,2.0,2.0,26.03,300.1,3.6028,3.9285,21.6426,2.4922,0.85633
RPC_CC,1299,0.5028,charge,15.049,10.0,9.01,26.03,300.1,3.6028,3.9634,23.9617,2.4922,0.85633
RPC_CC,1299,0.4197,charge,15.056,2.0,2.0,26.19,300.1,3.5328,3.8745,22.696,2.4922,0.85633
RPC_CC,1299,0.4197,charge,15.056,10.0,9.01,26.19,300.1,3.5328,3.9136,25.2931,2.4922,0.85633
RPC_CC,1299,0.3366,charge,15.066,2.0,2.0,26.39,300.1,3.442,3.8021,23.9007,2.4922,0.85633
RPC_CC,1299,0.3366,charge,15.066,10.0,9.01,26.39,300.1,3.442,3.8442,26.695,2.4922,0.85633
RPC_CC,1299,0.2951,charge,15.055,2.0,2.0,26.38,300.1,3.4028,3.7688,24.3117,2.4922,0.85633
RPC_CC,1299,0.2951,charge,15.055,10.0,9.0,26.38,300.1,3.4028,3.8037,26.6299,2.4922,0.85633
RPC_CC,1299,0.2535,charge,15.049,2.0,2.0,26.53,300.1,3.367,3.7479,25.3107,2.4922,0.85633
RPC_CC,1299,0.2535,charge,15.049,10.0,9.0,26.53,300.1,3.367,3.781,27.5101,2.4922,0.85633
RPC_CC,1299,0.212,charge,15.088,2.0,2.0,26.79,300.1,3.2616,3.6858,28.1151,2.4922,0.85633
RPC_CC,1299,0.212,charge,15.088,10.0,9.0,26.79,300.1,3.2616,3.7516,32.4761,2.4922,0.85633
RPC_CC,1299,0.1871,charge,15.169,2.0,2.0,26.11,300.1,3.0925,3.5733,31.6962,2.4922,0.85633
RPC_CC,1299,0.1871,charge,15.169,10.0,9.01,26.11,300.1,3.0925,3.6836,38.9676,2.4922,0.85633
RPC_CC,1299,0.1746,charge,15.214,2.0,2.0,25.81,300.1,2.9449,3.4762,34.9218,2.4922,0.85633
RPC_CC,1299,0.1746,charge,15.214,10.0,9.0,25.81,300.1,2.9449,3.6165,44.1436,2.4922,0.85633
RPC_CC,1428,0.9973,discharge,-30.0,2.0,2.0,25.59,5596.6,4.1226,3.3278,26.4933,2.3838,0.8191
RPC_CC,1428,0.9973,discharge,-30.0,10.0,9.0,25.59,5596.6,4.1226,3.2729,28.3233,2.3838,0.8191
RPC_CC,1428,0.9726,charge,1.75,2.0,2.0,27.51,60.0,4.065,4.1501,48.6341,2.3838,0.8191
RPC_CC,1428,0.9726,charge,1.75,10.0,9.0,27.51,60.0,4.065,4.15,48.577,2.3838,0.8191
RPC_CC,1428,0.9575,discharge,-30.0,2.0,1.0,25.59,3600.0,4.0814,3.348,24.4467,2.3838,0.8191
RPC_CC,1428,0.9575,discharge,-30.0,10.0,9.0,25.59,3600.0,4.0814,3.2543,27.57,2.3838,0.8191
RPC_CC,1428,0.9331,charge,2.949,2.0,2.0,27.45,60.0,4.0258,4.1501,42.147,2.3838,0.8191
RPC_CC,1428,0.9331,charge,2.949,10.0,9.0,27.45,60.0,4.0258,4.15,42.1131,2.3838,0.8191
RPC_CC,1428,0.9178,discharge,-30.0,2.0,2.0,25.55,3600.0,4.0645,3.3274,24.57,2.3838,0.8191
RPC_CC,1428,0.9178,discharge,-30.0,10.0,9.0,25.55,3600.0,4.0645,3.2404,27.47,2.3838,0.8191
RPC_CC,1428,0.8936,charge,4.731,2.0,2.0,27.38,60.0,3.9782,4.1501,36.3356,2.3838,0.8191
RPC_CC,1428,0.8936,charge,4.731,10.0,9.0,27.38,60.0,3.9782,4.15,36.3144,2.3838,0.8191
RPC_CC,1428,0.8383,discharge,-30.0,2.0,2.0,25.57,3600.0,3.9586,3.27,22.9533,2.3838,0.8191
RPC_CC,1428,0.8383,discharge,-30.0,10.0,9.0,25.57,3600.0,3.9586,3.1848,25.7933,2.3838,0.8191
RPC_CC,1428,0.8145,charge,9.519,2.0,2.0,27.22,60.0,3.8837,4.1502,27.9969,2.3838,0.8191
RPC_CC,1428,0.8145,charge,9.519,10.0,9.0,27.22,60.0,3.8837,4.15,27.9759,2.3838,0.8191
RPC_CC,1428,0.7588,discharge,-30.0,2.0,2.0,25.57,3600.0,3.8682,3.2077,22.0167,2.3838,0.8191
RPC_CC,1428,0.7588,discharge,-30.0,10.0,9.0,25.57,3600.0,3.8682,3.1165,25.0567,2.3838,0.8191
RPC_CC,1428,0.7352,charge,14.181,2.0,2.0,27.13,60.0,3.8047,4.1416,23.7571,2.3838,0.8191
RPC_CC,1428,0.7352,charge,14.181,10.0,9.0,27.13,60.0,3.8047,4.1501,24.3565,2.3838,0.8191
RPC_CC,1428,0.6793,discharge,-30.0,2.0,2.0,25.57,3600.0,3.7851,3.1286,21.8833,2.3838,0.8191
RPC_CC,1428,0.6793,discharge,-30.0,10.0,9.0,25.57,3600.0,3.7851,3.0265,25.2867,2.3838,0.8191
RPC_CC,1428,0.6556,charge,15.0,2.0,2.0,27.18,60.0,3.7225,4.059,22.4333,2.3838,0.8191
RPC_CC,1428,0.6556,charge,15.0,10.0,9.0,27.18,60.0,3.7225,4.11,25.8333,2.3838,0.8191
RPC_CC,1428,0.5998,discharge,-30.0,2.0,2.0,25.56,3600.0,3.7031,3.0419,22.04,2.3838,0.8191
RPC_CC,1428,0.5998,discharge,-30.0,10.0,9.0,25.56,3600.0,3.7031,2.9348,25.61,2.3838,0.8191
RPC_CC,1428,0.5762,charge,15.001,2.0,2.0,27.23,60.0,3.6433,3.9793,22.3985,2.3838,0.8191
RPC_CC,1428,0.5762,charge,15.001,10.0,9.0,27.23,60.0,3.6433,4.0291,25.7183,2.3838,0.8191
RPC_CC,1428,0.5203,discharge,-30.0,2.0,2.0,25.57,3600.0,3.6378,2.9608,22.5667,2.3838,0.8191
RPC_CC,1428,0.5203,discharge,-30.0,10.0,9.0,25.57,3600.0,3.6378,2.8442,26.4533,2.3838,0.8191
RPC_CC,1428,0.4967,charge,15.001,2.0,2.0,27.3,60.0,3.5814,3.9219,22.6985,2.3838,0.8191
RPC_CC,1428,0.4967,charge,15.001,10.0,9.0,27.3,60.0,3.5814,3.9704,25.9316,2.3838,0.8191
RPC_CC,1428,0.4408,discharge,-30.0,2.0,2.0,25.57,3600.0,3.5766,2.8535,24.1033,2.3838,0.8191
RPC_CC,1428,0.4408,discharge,-30.0,10.0,9.0,25.57,3600.0,3.5766,2.7078,28.96,2.3838,0.8191
RPC_CC,1428,0.4172,charge,15.001,2.0,2.0,27.5,60.0,3.5155,3.8658,23.3518,2.3838,0.8191
RPC_CC,1428,0.4172,charge,15.001,10.0,9.0,27.5,60.0,3.5155,3.9145,26.5982,2.3838,0.8191
RPC_CC,1428,0.3613,discharge,-29.07,2.0,2.0,25.59,3600.0,3.4886,2.6398,29.1985,2.3838,0.8191
RPC_CC,1428,0.3613,discharge,-29.07,10.0,9.0,25.59,3600.0,3.4886,2.5497,32.2979,2.3838,0.8191
RPC_CC,1428,0.3393,charge,15.001,2.0,2.0,27.61,60.0,3.4368,3.7882,23.4251,2.3838,0.8191
RPC_CC,1428,0.3393,charge,15.001,10.0,9.0,27.61,60.0,3.4368,3.8341,26.4849,2.3838,0.8191
RPC_CC,1428,0.3216,discharge,-21.334,2.0,2.0,25.59,3600.0,3.4419,2.549,41.8534,2.3838,0.8191
RPC_CC,1428,0.3216,discharge,-21.334,10.0,9.0,25.59,3600.0,3.4419,2.5499,41.8112,2.3838,0.8191
RPC_CC,1428,0.3041,charge,15.001,2.0,2.0,27.23,60.0,3.4069,3.7728,24.3917,2.3838,0.8191
RPC_CC,1428,0.3041,charge,15.001,10.0,9.0,27.23,60.0,3.4069,3.8104,26.8982,2.3838,0.8191
RPC_CC,1428,0.2819,discharge,-14.705,2.0,2.0,25.53,3600.0,3.4111,2.5492,58.6127,2.3838,0.8191
RPC_CC,1428,0.2819,discharge,-14.705,10.0,9.0,25.53,3600.0,3.4111,2.5498,58.5719,2.3838,0.8191
RPC_CC,1428,0.2698,charge,15.0,2.0,2.0,26.8,60.0,3.3731,3.7648,26.1133,2.3838,0.8191
RPC_CC,1428,0.2698,charge,15.0,10.0,9.0,26.8,60.0,3.3731,3.8042,28.74,2.3838,0.8191
RPC_CC,1428,0.2421,discharge,-9.539,2.0,2.0,25.58,3600.0,3.3698,2.5493,86.0162,2.3838,0.8191
RPC_CC,1428,0.2421,discharge,-9.539,10.0,9.0,25.58,3600.0,3.3698,2.5498,85.9638,2.3838,0.8191
RPC_CC,1428,0.2345,charge,15.001,2.0,2.0,26.42,60.0,3.2972,3.7319,28.9781,2.3838,0.8191
RPC_CC,1428,0.2345,charge,15.001,10.0,9.0,26.42,60.0,3.2972,3.7928,33.0378,2.3838,0.8191
RPC_CC,1428,0.2185,discharge,-6.663,2.0,1.0,25.57,3600.0,3.2874,2.5489,110.841,2.3838,0.8191
RPC_CC,1428,0.2185,discharge,-6.663,10.0,9.0,25.57,3600.0,3.2874,2.5499,110.6909,2.3838,0.8191
RPC_CC,1428,0.2135,charge,15.001,2.0,2.0,26.18,60.0,3.1998,3.6635,30.9113,2.3838,0.8191
RPC_CC,1428,0.2135,charge,15.001,10.0,9.0,26.18,60.0,3.1998,3.76,37.3442,2.3838,0.8191
RPC_CC,1428,0.2067,discharge,-5.322,2.0,2.0,25.56,3600.0,3.2225,2.5496,126.4469,2.3838,0.8191
RPC_CC,1428,0.2067,discharge,-5.322,10.0,9.0,25.56,3600.0,3.2225,2.5499,126.3906,2.3838,0.8191
RPC_CC,1428,0.203,charge,15.001,2.0,2.0,26.01,60.0,3.1303,3.6129,32.1712,2.3838,0.8191
RPC_CC,1428,0.203,charge,15.001,10.0,9.0,26.01,60.0,3.1303,3.7249,39.6374,2.3838,0.8191
RPC_CC,1428,0.9973,discharge,-30.0,2.0,2.0,25.59,3174.6,4.1405,3.3356,26.83,2.3838,0.8191
RPC_CC,1428,0.9973,discharge,-30.0,10.0,9.01,25.59,3174.6,4.1405,3.2803,28.6733,2.3838,0.8191
RPC_CC,1428,0.9575,discharge,-30.0,2.0,2.0,26.51,300.0,4.0765,3.3522,24.1433,2.3838,0.8191
RPC_CC,1428,0.9575,discharge,-30.0,10.0,9.0,26.51,300.0,4.0765,3.2712,26.8433,2.3838,0.8191
RPC_CC,1428,0.9178,discharge,-30.0,2.0,2.0,26.8,300.0,4.0396,3.3471,23.0833,2.3838,0.8191
RPC_CC,1428,0.9178,discharge,-30.0,10.0,9.0,26.8,300.0,4.0396,3.2583,26.0433,2.3838,0.8191
RPC_CC,1428,0.8383,discharge,-30.001,2.0,2.0,26.7,300.0,3.9305,3.2844,21.5359,2.3838,0.8191
RPC_CC,1428,0.8383,discharge,-30.001,10.0,9.0,26.7,300.0,3.9305,3.1983,24.4059,2.3838,0.8191
RPC_CC,1428,0.7588,discharge,-30.0,2.0,2.0,26.63,300.0,3.8378,3.2068,21.0333,2.3838,0.8191
RPC_CC,1428,0.7588,discharge,-30.0,10.0,9.01,26.63,300.0,3.8378,3.1127,24.17,2.3838,0.8191
RPC_CC,1428,0.6793,discharge,-30.001,2.0,2.0,26.49,300.0,3.7434,3.1113,21.0693,2.3838,0.8191
RPC_CC,1428,0.6793,discharge,-30.001,10.0,9.01,26.49,300.0,3.7434,3.0113,24.4025,2.3838,0.8191
RPC_CC,1428,0.5998,discharge,-30.0,2.0,2.0,26.48,300.0,3.6619,3.0208,21.37,2.3838,0.8191
RPC_CC,1428,0.5998,discharge,-30.0,10.0,9.0,26.48,300.0,3.6619,2.9139,24.9333,2.3838,0.8191
RPC_CC,1428,0.5203,discharge,-30.0,2.0,2.0,26.54,300.0,3.5999,2.9253,22.4867,2.3838,0.8191
RPC_CC,1428,0.5203,discharge,-30.0,10.0,9.01,26.54,300.0,3.5999,2.8001,26.66,2.3838,0.8191
RPC_CC,1428,0.4408,discharge,-30.0,2.0,2.0,26.71,300.0,3.5339,2.7743,25.32,2.3838,0.8191
RPC_CC,1428,0.4408,discharge,-30.0,10.0,9.0,26.71,300.0,3.5339,2.6064,30.9167,2.3838,0.8191
RPC_CC,1428,0.3613,discharge,-22.499,2.0,2.0,26.97,300.0,3.4503,2.5489,40.064,2.3838,0.8191
RPC_CC,1428,0.3613,discharge,-22.499,10.0,9.0,26.97,300.0,3.4503,2.5498,40.024,2.3838,0.8191
RPC_CC,1428,0.3216,discharge,-16.602,2.0,2.0,27.07,300.0,3.4132,2.5492,52.0435,2.3838,0.8191
RPC_CC,1428,0.3216,discharge,-16.602,10.0,9.0,27.07,300.0,3.4132,2.5499,52.0013,2.3838,0.8191
RPC_CC,1428,0.2819,discharge,-11.634,2.0,2.0,26.95,300.0,3.3802,2.5493,71.42,2.3838,0.8191
RPC_CC,1428,0.2819,discharge,-11.634,10.0,9.01,26.95,300.0,3.3802,2.5498,71.377,2.3838,0.8191
RPC_CC,1428,0.2422,discharge,-7.73,2.0,2.0,26.88,300.0,3.3219,2.5495,99.9191,2.3838,0.8191
RPC_CC,1428,0.2422,discharge,-7.73,10.0,9.0,26.88,300.0,3.3219,2.55,99.8545,2.3838,0.8191
RPC_CC,1428,0.2187,discharge,-5.079,2.0,2.0,26.31,300.0,3.2273,2.5497,133.4187,2.3838,0.8191
RPC_CC,1428,0.2187,discharge,-5.079,10.0,9.01,26.31,300.0,3.2273,2.5499,133.3793,2.3838,0.8191
RPC_CC,1428,0.2071,discharge,-3.892,2.0,2.0,26.04,300.0,3.1596,2.5497,156.7242,2.3838,0.8191
RPC_CC,1428,0.2071,discharge,-3.892,10.0,9.0,26.04,300.0,3.1596,2.5499,156.6728,2.3838,0.8191
RPC_CC,1428,0.9974,discharge,-29.797,2.0,2.0,25.58,3167.1,4.1404,3.3445,26.7103,2.3838,0.8191
RPC_CC,1428,0.9974,discharge,-29.797,10.0,9.0,25.58,3167.1,4.1404,3.2794,28.895,2.3838,0.8191
RPC_CC,1428,0.9577,discharge,-29.687,2.0,2.0,26.51,300.1,4.0763,3.3656,23.9402,2.3838,0.8191
RPC_CC,1428,0.9577,discharge,-29.687,10.0,9.0,26.51,300.1,4.0763,3.2711,27.1234,2.3838,0.8191
RPC_CC,1428,0.9179,discharge,-29.642,2.0,2.0,26.78,300.1,4.039,3.361,22.873,2.3838,0.8191
RPC_CC,1428,0.9179,discharge,-29.642,10.0,9.0,26.78,300.1,4.039,3.2582,26.341,2.3838,0.8191
RPC_CC,1428,0.8384,discharge,-29.625,2.0,2.0,26.65,300.0,3.93,3.2981,21.3296,2.3838,0.8191
RPC_CC,1428,0.8384,discharge,-29.625,10.0,9.0,26.65,300.0,3.93,3.1986,24.6882,2.3838,0.8191
RPC_CC,1428,0.759,discharge,-29.568,2.0,2.0,26.58,300.0,3.837,3.2224,20.7863,2.3838,0.8191
RPC_CC,1428,0.759,discharge,-29.568,10.0,9.01,26.58,300.0,3.837,3.1137,24.4627,2.3838,0.8191
RPC_CC,1428,0.6795,discharge,-29.513,2.0,2.0,26.46,300.0,3.7429,3.1294,20.7874,2.3838,0.8191
RPC_CC,1428,0.6795,discharge,-29.513,10.0,9.0,26.46,300.0,3.7429,3.0133,24.7213,2.3838,0.8191
RPC_CC,1428,0.6,discharge,-29.446,2.0,2.0,26.46,300.1,3.6613,3.0415,21.0491,2.3838,0.8191
RPC_CC,1428,0.6,discharge,-29.446,10.0,9.01,26.46,300.1,3.6613,2.9167,25.2874,2.3838,0.8191
RPC_CC,1428,0.5206,discharge,-29.29,2.0,2.0,26.54,300.0,3.5993,2.9523,22.0895,2.3838,0.8191
RPC_CC,1428,0.5206,discharge,-29.29,10.0,9.0,26.54,300.0,3.5993,2.8044,27.139,2.3838,0.8191
RPC_CC,1428,0.4412,discharge,-28.918,2.0,2.0,26.67,300.1,3.533,2.8209,24.6252,2.3838,0.8191
RPC_CC,1428,0.4412,discharge,-28.918,10.0,9.0,26.67,300.1,3.533,2.614,31.7801,2.3838,0.8191
RPC_CC,1428,0.3625,discharge,-19.062,2.0,2.0,26.87,300.1,3.4493,2.8216,32.9285,2.3838,0.8191
RPC_CC,1428,0.3625,discharge,-19.062,10.0,9.0,26.87,300.1,3.4493,2.5997,44.5692,2.3838,0.8191
RPC_CC,1428,0.3232,discharge,-13.871,2.0,2.0,26.73,300.1,3.411,2.8532,40.2119,2.3838,0.8191
RPC_CC,1428,0.3232,discharge,-13.871,10.0,9.0,26.73,300.1,3.411,2.6148,57.3983,2.3838,0.8191
RPC_CC,1428,0.2838,discharge,-9.356,2.0,2.0,26.63,300.1,3.3777,2.9151,49.4424,2.3838,0.8191
RPC_CC,1428,0.2838,discharge,-9.356,10.0,9.0,26.63,300.1,3.3777,2.6646,76.2156,2.3838,0.8191
RPC_CC,1428,0.2444,discharge,-5.928,2.0,2.0,26.66,300.1,3.3156,2.9689,58.4856,2.3838,0.8191
RPC_CC,1428,0.2444,discharge,-5.928,10.0,9.0,26.66,300.1,3.3156,2.7239,99.8153,2.3838,0.8191
RPC_CC,1428,0.2207,discharge,-3.829,2.0,2.0,26.09,300.1,3.2147,2.9497,69.206,2.3838,0.8191
RPC_CC,1428,0.2207,discharge,-3.829,10.0,9.0,26.09,300.1,3.2147,2.7371,124.7274,2.3838,0.8191
RPC_CC,1428,0.2088,discharge,-2.913,2.0,2.0,25.82,300.1,3.1409,2.9193,76.0623,2.3838,0.8191
RPC_CC,1428,0.2088,discharge,-2.913,10.0,9.0,25.82,300.1,3.1409,2.7312,140.6261,2.3838,0.8191
RPC_CC,1428,0.9974,discharge,-29.837,2.0,2.0,25.6,3188.2,4.1398,3.3403,26.7956,2.3838,0.8191
RPC_CC,1428,0.9974,discharge,-29.837,10.0,9.0,25.6,3188.2,4.1398,3.2752,28.9774,2.3838,0.8191
RPC_CC,1428,0.9577,discharge,-29.721,2.0,2.0,26.5,300.0,4.076,3.3619,24.0272,2.3838,0.8191
RPC_CC,1428,0.9577,discharge,-29.721,10.0,9.0,26.5,300.0,4.076,3.2675,27.2034,2.3838,0.8191
RPC_CC,1428,0.9179,discharge,-29.675,2.0,2.0,26.77,300.0,4.0385,3.3576,22.9452,2.3838,0.8191
RPC_CC,1428,0.9179,discharge,-29.675,10.0,9.0,26.77,300.0,4.0385,3.2547,26.4128,2.3838,0.8191
RPC_CC,1428,0.8384,discharge,-29.658,2.0,2.0,26.67,300.0,3.9291,3.2947,21.3905,2.3838,0.8191
RPC_CC,1428,0.8384,discharge,-29.658,10.0,9.0,26.67,300.0,3.9291,3.195,24.7522,2.3838,0.8191
RPC_CC,1428,0.759,discharge,-29.604,2.0,2.0,26.57,300.0,3.8361,3.2187,20.8556,2.3838,0.8191
RPC_CC,1428,0.759,discharge,-29.604,10.0,9.01,26.57,300.0,3.8361,3.1097,24.5376,2.3838,0.8191
RPC_CC,1428,0.6795,discharge,-29.551,2.0,2.0,26.47,300.1,3.7417,3.1257,20.8453,2.3838,0.8191
RPC_CC,1428,0.6795,discharge,-29.551,10.0,9.0,26.47,300.1,3.7417,3.0094,24.7809,2.3838,0.8191
RPC_CC,1428,0.6,discharge,-29.481,2.0,2.0,26.46,300.0,3.6607,3.0381,21.1187,2.3838,0.8191
RPC_CC,1428,0.6,discharge,-29.481,10.0,9.0,26.46,300.0,3.6607,2.9129,25.3655,2.3838,0.8191
RPC_CC,1428,0.5206,discharge,-29.333,2.0,2.0,26.51,300.0,3.5986,2.9485,22.1631,2.3838,0.8191
RPC_CC,1428,0.5206,discharge,-29.333,10.0,9.0,26.51,300.0,3.5986,2.8,27.2258,2.3838,0.8191
RPC_CC,1428,0.4412,discharge,-28.982,2.0,1.0,26.69,300.1,3.5322,2.8625,23.1074,2.3838,0.8191
RPC_CC,1428,0.4412,discharge,-28.982,10.0,9.0,26.69,300.1,3.5322,2.6077,31.8991,2.3838,0.8191
RPC_CC,1428,0.3625,discharge,-20.07,2.0,2.0,26.87,300.0,3.4485,2.7927,32.6748,2.3838,0.8191
RPC_CC,1428,0.3625,discharge,-20.07,10.0,9.01,26.87,300.0,3.4485,2.5564,44.4483,2.3838,0.8191
RPC_CC,1428,0.3232,discharge,-14.869,2.0,2.0,26.78,300.1,3.4104,2.8214,39.6139,2.3838,0.8191
RPC_CC,1428,0.3232,discharge,-14.869,10.0,9.0,26.78,300.1,3.4104,2.5625,57.0266,2.3838,0.8191
RPC_CC,1428,0.2837,discharge,-10.681,2.0,2.0,26.7,300.1,3.3771,2.8642,48.0176,2.3838,0.8191
RPC_CC,1428,0.2837,discharge,-10.681,10.0,9.01,26.7,300.1,3.3771,2.5753,75.0644,2.3838,0.8191
RPC_CC,1428,0.2442,discharge,-7.488,2.0,2.0,26.7,300.1,3.3136,2.895,55.9046,2.3838,0.8191
RPC_CC,1428,0.2442,discharge,-7.488,10.0,9.0,26.7,300.1,3.3136,2.5806,97.8932,2.3838,0.8191
RPC_CC,1428,0.2206,discharge,-5.2,2.0,2.0,26.14,300.1,3.2109,2.8686,65.8288,2.3838,0.8191
RPC_CC,1428,0.2206,discharge,-5.2,10.0,9.0,26.14,300.1,3.2109,2.5739,122.5035,2.3838,0.8191
RPC_CC,1428,0.2087,discharge,-4.105,2.0,2.0,25.87,300.1,3.1352,2.8386,72.2613,2.3838,0.8191
RPC_CC,1428,0.2087,discharge,-4.105,10.0,9.0,25.87,300.1,3.1352,2.5673,138.3587,2.3838,0.8191
RPC_CC,1428,0.9606,charge,1.368,2.0,2.0,25.8,300.0,4.0742,4.15,55.4094,2.3838,0.8191
RPC_CC,1428,0.9606,charge,1.368,10.0,9.0,25.8,300.0,4.0742,4.15,55.4094,2.3838,0.8191
RPC_CC,1428,0.921,charge,2.582,2.0,1.0,25.89,300.0,4.0327,4.15,45.4352,2.3838,0.8191
RPC_CC,1428,0.921,charge,2.582,10.0,9.0,25.89,300.0,4.0327,4.1501,45.4739,2.3838,0.8191
RPC_CC,1428,0.8421,charge,7.093,2.0,2.0,26.11,300.0,3.9261,4.1501,31.5809,2.3838,0.8191
RPC_CC,1428,0.8421,charge,7.093,10.0,9.0,26.11,300.0,3.9261,4.1501,31.5809,2.3838,0.8191
RPC_CC,1428,0.7629,charge,11.701,2.0,2.0,26.1,300.0,3.8341,4.1503,27.0222,2.3838,0.8191
RPC_CC,1428,0.7629,charge,11.701,10.0,9.0,26.1,300.0,3.8341,4.15,26.9965,2.3838,0.8191
RPC_CC,1428,0.6834,charge,15.001,2.0,2.0,26.01,300.0,3.7411,4.0877,23.1051,2.3838,0.8191
RPC_CC,1428,0.6834,charge,15.001,10.0,9.0,26.01,300.0,3.7411,4.1347,26.2383,2.3838,0.8191
RPC_CC,1428,0.6039,charge,15.0,2.0,2.0,26.04,300.0,3.6609,4.008,23.14,2.3838,0.8191
RPC_CC,1428,0.6039,charge,15.0,10.0,9.0,26.04,300.0,3.6609,4.0507,25.9867,2.3838,0.8191
RPC_CC,1428,0.5244,charge,15.0,2.0,2.0,26.1,300.0,3.5989,3.9551,23.7467,2.3838,0.8191
RPC_CC,1428,0.5244,charge,15.0,10.0,9.0,26.1,300.0,3.5989,3.9937,26.32,2.3838,0.8191
RPC_CC,1428,0.4449,charge,15.0,2.0,2.0,26.27,300.0,3.5315,3.9033,24.7858,2.3838,0.8191
RPC_CC,1428,0.4449,charge,15.0,10.0,9.0,26.27,300.0,3.5315,3.9466,27.6724,2.3838,0.8191
RPC_CC,1428,0.3654,charge,15.001,2.0,2.0,26.43,300.0,3.448,3.8357,25.8449,2.3838,0.8191
RPC_CC,1428,0.3654,charge,15.001,10.0,9.0,26.43,300.0,3.448,3.883,28.9981,2.3838,0.8191
RPC_CC,1428,0.3257,charge,15.001,2.0,2.0,26.43,300.0,3.4102,3.8026,26.1583,2.3838,0.8191
RPC_CC,1428,0.3257,charge,15.001,10.0,9.0,26.43,300.0,3.4102,3.8443,28.9381,2.3838,0.8191
RPC_CC,1428,0.286,charge,15.0,2.0,2.0,26.5,300.0,3.3776,3.7812,26.9067,2.3838,0.8191
RPC_CC,1428,0.286,charge,15.0,10.0,9.01,26.5,300.0,3.3776,3.8188,29.4133,2.3838,0.8191
RPC_CC,1428,0.2462,charge,15.001,2.0,2.0,26.72,300.0,3.3159,3.7486,28.8447,2.3838,0.8191
RPC_CC,1428,0.2462,charge,15.001,10.0,9.01,26.72,300.0,3.3159,3.7992,32.2179,2.3838,0.8191
RPC_CC,1428,0.2224,charge,15.001,2.0,2.0,26.04,300.0,3.2136,3.6884,31.6512,2.3838,0.8191
RPC_CC,1428,0.2224,charge,15.001,10.0,9.01,26.04,300.0,3.2136,3.7801,37.7641,2.3838,0.8191
RPC_CC,1428,0.2104,charge,15.0,2.0,2.0,25.76,300.0,3.1429,3.6384,33.0333,2.3838,0.8191
RPC_CC,1428,0.2104,charge,15.0,10.0,9.0,25.76,300.0,3.1429,3.7484,40.3667,2.3838,0.8191
RPC_CC,1428,0.9604,charge,1.287,2.0,2.0,25.83,300.1,4.0743,4.1364,48.2686,2.3838,0.8191
RPC_CC,1428,0.9604,charge,1.287,10.0,9.0,25.83,300.1,4.0743,4.148,57.285,2.3838,0.8191
RPC_CC,1428,0.9207,charge,2.364,2.0,2.0,25.9,300.1,4.0328,4.1269,39.802,2.3838,0.8191
RPC_CC,1428,0.9207,charge,2.364,10.0,9.0,25.9,300.1,4.0328,4.1464,48.0501,2.3838,0.8191
RPC_CC,1428,0.8416,charge,6.541,2.0,2.0,26.1,300.1,3.9262,4.1168,29.1391,2.3838,0.8191
RPC_CC,1428,0.8416,charge,6.541,10.0,9.0,26.1,300.1,3.9262,4.1463,33.649,2.3838,0.8191
RPC_CC,1428,0.7626,charge,10.854,2.0,2.0,26.1,300.1,3.8342,4.1095,25.3639,2.3838,0.8191
RPC_CC,1428,0.7626,charge,10.854,10.0,9.0,26.1,300.1,3.8342,4.1472,28.8373,2.3838,0.8191
RPC_CC,1428,0.6835,charge,15.063,2.0,2.0,26.04,300.1,3.7412,4.0916,23.2615,2.3838,0.8191
RPC_CC,1428,0.6835,charge,15.063,10.0,9.0,26.04,300.1,3.7412,4.1356,26.1825,2.3838,0.8191
RPC_CC,1428,0.604,charge,15.058,2.0,2.0,26.04,300.1,3.6611,4.0117,23.2833,2.3838,0.8191
RPC_CC,1428,0.604,charge,15.058,10.0,9.0,26.04,300.1,3.6611,4.0517,25.9397,2.3838,0.8191
RPC_CC,1428,0.5245,charge,15.05,2.0,2.0,26.09,300.1,3.5991,3.9586,23.887,2.3838,0.8191
RPC_CC,1428,0.5245,charge,15.05,10.0,9.0,26.09,300.1,3.5991,3.9946,26.2791,2.3838,0.8191
RPC_CC,1428,0.445,charge,15.056,2.0,2.0,26.27,300.1,3.5318,3.9075,24.9535,2.3838,0.8191
RPC_CC,1428,0.445,charge,15.056,10.0,9.0,26.27,300.1,3.5318,3.9478,27.6302,2.3838,0.8191
RPC_CC,1428,0.3655,charge,15.064,2.0,2.0,26.46,300.1,3.4484,3.8407,26.0414,2.3838,0.8191
RPC_CC,1428,0.3655,charge,15.064,10.0,9.01,26.46,300.1,3.4484,3.8846,28.9555,2.3838,0.8191
RPC_CC,1428,0.3258,charge,15.061,2.0,2.0,26.42,300.1,3.4104,3.807,26.3338,2.3838,0.8191
RPC_CC,1428,0.3258,charge,15.061,10.0,9.0,26.42,300.1,3.4104,3.8458,28.9101,2.3838,0.8191
RPC_CC,1428,0.286,charge,15.05,2.0,2.0,26.52,300.1,3.378,3.7852,27.0556,2.3838,0.8191
RPC_CC,1428,0.286,charge,15.05,10.0,9.0,26.52,300.1,3.378,3.8199,29.3612,2.3838,0.8191
RPC_CC,1428,0.2463,charge,15.058,2.0,2.0,26.7,300.1,3.3172,3.7545,29.041,2.3838,0.8191
RPC_CC,1428,0.2463,charge,15.058,10.0,9.0,26.7,300.1,3.3172,3.8006,32.1025,2.3838,0.8191
RPC_CC,1428,0.2225,charge,15.116,2.0,2.0,26.09,300.1,3.2155,3.6997,32.0333,2.3838,0.8191
RPC_CC,1428,0.2225,charge,15.116,10.0,9.0,26.09,300.1,3.2155,3.7832,37.5575,2.3838,0.8191
RPC_CC,1428,0.2105,charge,15.147,2.0,2.0,25.79,300.1,3.1456,3.6526,33.472,2.3838,0.8191
RPC_CC,1428,0.2105,charge,15.147,10.0,9.01,25.79,300.1,3.1456,3.7529,40.0937,2.3838,0.8191
RPC_CC,1541,0.9973,discharge,-30.0,2.0,1.0,25.58,5748.0,4.1207,3.3073,27.1133,2.3623,0.81172
RPC_CC,1541,0.9973,discharge,-30.0,10.0,9.0,25.58,5748.0,4.1207,3.2265,29.8067,2.3623,0.81172
RPC_CC,1541,0.9726,charge,1.65,2.0,2.0,27.53,60.0,4.0604,4.15,54.3162,2.3623,0.81172
RPC_CC,1541,0.9726,charge,1.65,10.0,9.0,27.53,60.0,4.0604,4.1501,54.3768,2.3623,0.81172
RPC_CC,1541,0.9579,discharge,-30.001,2.0,2.0,25.56,3600.0,4.0805,3.2855,26.4991,2.3623,0.81172
RPC_CC,1541,0.9579,discharge,-30.001,10.0,9.0,25.56,3600.0,4.0805,3.2065,29.1324,2.3623,0.81172
RPC_CC,1541,0.9335,charge,2.933,2.0,2.0,27.51,60.0,4.0152,4.1501,46.0001,2.3623,0.81172
RPC_CC,1541,0.9335,charge,2.933,10.0,9.0,27.51,60.0,4.0152,4.15,45.966,2.3623,0.81172
RPC_CC,1541,0.9185,discharge,-30.001,2.0,2.0,25.55,3600.0,4.0613,3.2857,25.8525,2.3623,0.81172
RPC_CC,1541,0.9185,discharge,-30.001,10.0,9.0,25.55,3600.0,4.0613,3.1933,28.9324,2.3623,0.81172
RPC_CC,1541,0.8943,charge,4.645,2.0,2.0,27.43,60.0,3.9676,4.1502,39.3085,2.3623,0.81172
RPC_CC,1541,0.8943,charge,4.645,10.0,9.0,27.43,60.0,3.9676,4.15,39.2655,2.3623,0.81172
RPC_CC,1541,0.8397,discharge,-30.001,2.0,1.0,25.59,3600.0,3.9509,3.2521,23.2926,2.3623,0.81172
RPC_CC,1541,0.8397,discharge,-30.001,10.0,9.0,25.59,3600.0,3.9509,3.1368,27.1358,2.3623,0.81172
RPC_CC,1541,0.816,charge,9.131,2.0,2.0,27.25,60.0,3.8748,4.1502,30.16,2.3623,0.81172
RPC_CC,1541,0.816,charge,9.131,10.0,9.0,27.25,60.0,3.8748,4.1501,30.149,2.3623,0.81172
RPC_CC,1541,0.7609,discharge,-30.001,2.0,2.0,25.55,3600.0,3.8607,3.1626,23.2692,2.3623,0.81172
RPC_CC,1541,0.7609,discharge,-30.001,10.0,9.0,25.55,3600.0,3.8607,3.0647,26.5324,2.3623,0.81172
RPC_CC,1541,0.7373,charge,13.453,2.0,2.0,27.21,60.0,3.795,4.1503,26.4105,2.3623,0.81172
RPC_CC,1541,0.7373,charge,13.453,10.0,9.0,27.21,60.0,3.795,4.1501,26.3956,2.3623,0.81172
RPC_CC,1541,0.6822,discharge,-30.0,2.0,2.0,25.53,3600.0,3.7787,3.0815,23.24,2.3623,0.81172
RPC_CC,1541,0.6822,discharge,-30.0,10.0,9.0,25.53,3600.0,3.7787,2.9731,26.8533,2.3623,0.81172
RPC_CC,1541,0.6585,charge,15.001,2.0,2.0,27.23,60.0,3.7117,4.0712,23.9651,2.3623,0.81172
RPC_CC,1541,0.6585,charge,15.001,10.0,9.0,27.23,60.0,3.7117,4.1239,27.4782,2.3623,0.81172
RPC_CC,1541,0.6034,discharge,-30.0,2.0,1.0,25.55,3600.0,3.6973,3.0228,22.4833,2.3623,0.81172
RPC_CC,1541,0.6034,discharge,-30.0,10.0,9.0,25.55,3600.0,3.6973,2.8818,27.1833,2.3623,0.81172
RPC_CC,1541,0.5798,charge,15.001,2.0,2.0,27.29,60.0,3.6355,3.9948,23.9517,2.3623,0.81172
RPC_CC,1541,0.5798,charge,15.001,10.0,9.0,27.29,60.0,3.6355,4.0451,27.3048,2.3623,0.81172
RPC_CC,1541,0.5246,discharge,-30.0,2.0,2.0,25.54,3600.0,3.6336,2.912,24.0533,2.3623,0.81172
RPC_CC,1541,0.5246,discharge,-30.0,10.0,9.0,25.54,3600.0,3.6336,2.7899,28.1233,2.3623,0.81172
RPC_CC,1541,0.501,charge,15.001,2.0,2.0,27.41,60.0,3.5749,3.9395,24.305,2.3623,0.81172
RPC_CC,1541,0.501,charge,15.001,10.0,9.0,27.41,60.0,3.5749,3.9888,27.5915,2.3623,0.81172
RPC_CC,1541,0.4458,discharge,-30.0,2.0,2.0,25.55,3600.0,3.5714,2.7988,25.7533,2.3623,0.81172
RPC_CC,1541,0.4458,discharge,-30.0,10.0,9.0,25.55,3600.0,3.5714,2.6458,30.8533,2.3623,0.81172
RPC_CC,1541,0.4222,charge,15.001,2.0,2.0,27.59,60.0,3.509,3.8826,24.905,2.3623,0.81172
RPC_CC,1541,0.4222,charge,15.001,10.0,9.0,27.59,60.0,3.509,3.9324,28.2248,2.3623,0.81172
RPC_CC,1541,0.3671,discharge,-26.246,2.0,2.0,25.55,3600.0,3.4832,2.5774,34.5119,2.3623,0.81172
RPC_CC,1541,0.3671,discharge,-26.246,10.0,9.0,25.55,3600.0,3.4832,2.5497,35.5673,2.3623,0.81172
RPC_CC,1541,0.3464,charge,15.001,2.0,2.0,27.49,60.0,3.4334,3.811,25.1717,2.3623,0.81172
RPC_CC,1541,0.3464,charge,15.001,10.0,9.0,27.49,60.0,3.4334,3.8577,28.2848,2.3623,0.81172
RPC_CC,1541,0.3277,discharge,-19.683,2.0,2.0,25.56,3600.0,3.4389,2.5491,45.2065,2.3623,0.81172
RPC_CC,1541,0.3277,discharge,-19.683,10.0,9.0,25.56,3600.0,3.4389,2.5499,45.1659,2.3623,0.81172
RPC_CC,1541,0.3116,charge,15.001,2.0,2.0,27.13,60.0,3.4044,3.7973,26.1916,2.3623,0.81172
RPC_CC,1541,0.3116,charge,15.001,10.0,9.0,27.13,60.0,3.4044,3.8364,28.7981,2.3623,0.81172
RPC_CC,1541,0.2883,discharge,-13.899,2.0,2.0,25.55,3600.0,3.4089,2.5493,61.8462,2.3623,0.81172
RPC_CC,1541,0.2883,discharge,-13.899,10.0,9.0,25.55,3600.0,3.4089,2.5498,61.8102,2.3623,0.81172
RPC_CC,1541,0.277,charge,15.001,2.0,2.0,26.73,60.0,3.3698,3.7881,27.8848,2.3623,0.81172
RPC_CC,1541,0.277,charge,15.001,10.0,9.0,26.73,60.0,3.3698,3.8293,30.6313,2.3623,0.81172
RPC_CC,1541,0.249,discharge,-9.154,2.0,2.0,25.55,3600.0,3.3651,2.5494,89.1105,2.3623,0.81172
RPC_CC,1541,0.249,discharge,-9.154,10.0,9.0,25.55,3600.0,3.3651,2.5499,89.0559,2.3623,0.81172
RPC_CC,1541,0.2418,charge,15.001,2.0,2.0,26.41,60.0,3.2913,3.7518,30.698,2.3623,0.81172
RPC_CC,1541,0.2418,charge,15.001,10.0,9.0,26.41,60.0,3.2913,3.8165,35.011,2.3623,0.81172
RPC_CC,1541,0.2256,discharge,-6.377,2.0,2.0,25.52,3600.0,3.2788,2.5495,114.3713,2.3623,0.81172
RPC_CC,1541,0.2256,discharge,-6.377,10.0,9.0,25.52,3600.0,3.2788,2.5498,114.3242,2.3623,0.81172
RPC_CC,1541,0.2209,charge,15.001,2.0,2.0,26.11,60.0,3.1921,3.6814,32.6178,2.3623,0.81172
RPC_CC,1541,0.2209,charge,15.001,10.0,9.0,26.11,60.0,3.1921,3.7812,39.2707,2.3623,0.81172
RPC_CC,1541,0.214,discharge,-5.095,2.0,2.0,25.55,3600.0,3.213,2.5496,130.1959,2.3623,0.81172
RPC_CC,1541,0.214,discharge,-5.095,10.0,9.0,25.55,3600.0,3.213,2.5499,130.137,2.3623,0.81172
RPC_CC,1541,0.2105,charge,15.001,2.0,2.0,25.99,60.0,3.1216,3.6297,33.8711,2.3623,0.81172
RPC_CC,1541,0.2105,charge,15.001,10.0,9.0,25.99,60.0,3.1216,3.7453,41.5772,2.3623,0.81172
RPC_CC,1541,0.9973,discharge,-30.001,2.0,2.0,25.6,3331.1,4.1381,3.2923,28.1924,2.3623,0.81172
RPC_CC,1541,0.9973,discharge,-30.001,10.0,9.0,25.6,3331.1,4.1381,3.2322,30.1957,2.3623,0.81172
RPC_CC,1541,0.9579,discharge,-30.0,2.0,2.0,26.56,300.0,4.0747,3.3102,25.4833,2.3623,0.81172
RPC_CC,1541,0.9579,discharge,-30.0,10.0,9.01,26.56,300.0,4.0747,3.2249,28.3267,2.3623,0.81172
RPC_CC,1541,0.9185,discharge,-30.0,2.0,2.0,26.88,300.0,4.0329,3.3052,24.2567,2.3623,0.81172
RPC_CC,1541,0.9185,discharge,-30.0,10.0,9.01,26.88,300.0,4.0329,3.2128,27.3367,2.3623,0.81172
RPC_CC,1541,0.8397,discharge,-30.0,2.0,2.0,26.75,300.0,3.9217,3.2414,22.6767,2.3623,0.81172
RPC_CC,1541,0.8397,discharge,-30.0,10.0,9.01,26.75,300.0,3.9217,3.1498,25.73,2.3623,0.81172
RPC_CC,1541,0.7609,discharge,-30.0,2.0,2.0,26.67,300.0,3.8257,3.158,22.2567,2.3623,0.81172
RPC_CC,1541,0.7609,discharge,-30.0,10.0,9.0,26.67,300.0,3.8257,3.059,25.5567,2.3623,0.81172
RPC_CC,1541,0.6822,discharge,-30.0,2.0,2.0,26.56,300.0,3.7305,3.0602,22.3433,2.3623,0.81172
RPC_CC,1541,0.6822,discharge,-30.0,10.0,9.0,26.56,300.0,3.7305,2.9567,25.7933,2.3623,0.81172
RPC_CC,1541,0.6034,discharge,-30.0,2.0,1.0,26.58,300.0,3.6521,2.9968,21.8433,2.3623,0.81172
RPC_CC,1541,0.6034,discharge,-30.0,10.0,9.0,26.58,300.0,3.6521,2.8578,26.4767,2.3623,0.81172
RPC_CC,1541,0.5246,discharge,-30.0,2.0,2.0,26.64,300.0,3.5908,2.8675,24.11,2.3623,0.81172
RPC_CC,1541,0.5246,discharge,-30.0,10.0,9.0,26.64,300.0,3.5908,2.7381,28.4233,2.3623,0.81172
RPC_CC,1541,0.4458,discharge,-30.0,2.0,2.0,26.79,300.0,3.5247,2.7074,27.2433,2.3623,0.81172
RPC_CC,1541,0.4458,discharge,-30.0,10.0,9.0,26.79,300.0,3.5247,2.5497,32.5,2.3623,0.81172
RPC_CC,1541,0.3671,discharge,-20.704,2.0,2.0,27.04,300.0,3.4429,2.5491,43.1704,2.3623,0.81172
RPC_CC,1541,0.3671,discharge,-20.704,10.0,9.0,27.04,300.0,3.4429,2.5499,43.1318,2.3623,0.81172
RPC_CC,1541,0.3277,discharge,-15.48,2.0,2.0,27.05,300.0,3.408,2.5493,55.4698,2.3623,0.81172
RPC_CC,1541,0.3277,discharge,-15.48,10.0,9.01,27.05,300.0,3.408,2.5498,55.4375,2.3623,0.81172
RPC_CC,1541,0.2883,discharge,-11.098,2.0,2.0,26.91,300.0,3.3762,2.5494,74.4999,2.3623,0.81172
RPC_CC,1541,0.2883,discharge,-11.098,10.0,9.0,26.91,300.0,3.3762,2.5499,74.4549,2.3623,0.81172
RPC_CC,1541,0.2491,discharge,-7.424,2.0,2.0,26.9,300.0,3.3129,2.5496,102.8193,2.3623,0.81172
RPC_CC,1541,0.2491,discharge,-7.424,10.0,9.0,26.9,300.0,3.3129,2.55,102.7655,2.3623,0.81172
RPC_CC,1541,0.2258,discharge,-4.828,2.0,2.0,26.3,300.0,3.2143,2.5497,137.6553,2.3623,0.81172
RPC_CC,1541,0.2258,discharge,-4.828,10.0,9.0,26.3,300.0,3.2143,2.5499,137.6139,2.3623,0.81172
RPC_CC,1541,0.2143,discharge,-3.657,2.0,2.0,26.0,406.4,3.1439,2.5498,162.4467,2.3623,0.81172
RPC_CC,1541,0.2143,discharge,-3.657,10.0,9.0,26.0,406.4,3.1439,2.55,162.392,2.3623,0.81172
RPC_CC,1541,0.9974,discharge,-29.787,2.0,2.0,25.57,3326.8,4.1375,3.3019,28.0525,2.3623,0.81172
RPC_CC,1541,0.9974,discharge,-29.787,10.0,9.01,25.57,3326.8,4.1375,3.2307,30.4428,2.3623,0.81172
RPC_CC,1541,0.9581,discharge,-29.675,2.0,2.0,26.54,300.1,4.0744,3.3244,25.2742,2.3623,0.81172
RPC_CC,1541,0.9581,discharge,-29.675,10.0,9.01,26.54,300.1,4.0744,3.2244,28.6441,2.3623,0.81172
RPC_CC,1541,0.9187,discharge,-29.63,2.0,2.0,26.83,300.1,4.032,3.3199,24.0331,2.3623,0.81172
RPC_CC,1541,0.9187,discharge,-29.63,10.0,9.0,26.83,300.1,4.032,3.2122,27.6679,2.3623,0.81172
RPC_CC,1541,0.8399,discharge,-29.601,2.0,2.0,26.71,300.0,3.9205,3.256,22.4489,2.3623,0.81172
RPC_CC,1541,0.8399,discharge,-29.601,10.0,9.01,26.71,300.0,3.9205,3.1496,26.0435,2.3623,0.81172
RPC_CC,1541,0.7611,discharge,-29.542,2.0,2.0,26.62,300.0,3.8244,3.1745,21.9992,2.3623,0.81172
RPC_CC,1541,0.7611,discharge,-29.542,10.0,9.0,26.62,300.0,3.8244,3.0595,25.892,2.3623,0.81172
RPC_CC,1541,0.6824,discharge,-29.489,2.0,2.0,26.56,300.0,3.7291,3.0795,22.0286,2.3623,0.81172
RPC_CC,1541,0.6824,discharge,-29.489,10.0,9.0,26.56,300.0,3.7291,2.9583,26.1386,2.3623,0.81172
RPC_CC,1541,0.6036,discharge,-29.413,2.0,2.0,26.52,300.0,3.651,2.9913,22.4292,2.3623,0.81172
RPC_CC,1541,0.6036,discharge,-29.413,10.0,9.0,26.52,300.0,3.651,2.8605,26.8763,2.3623,0.81172
RPC_CC,1541,0.5249,discharge,-29.255,2.0,2.0,26.6,300.1,3.5898,2.8969,23.6848,2.3623,0.81172
RPC_CC,1541,0.5249,discharge,-29.255,10.0,9.0,26.6,300.1,3.5898,2.742,28.9797,2.3623,0.81172
RPC_CC,1541,0.4463,discharge,-28.634,2.0,2.0,26.74,300.0,3.5232,2.764,26.5139,2.3623,0.81172
RPC_CC,1541,0.4463,discharge,-28.634,10.0,9.0,26.74,300.0,3.5232,2.55,33.9876,2.3623,0.81172
RPC_CC,1541,0.3684,discharge,-17.785,2.0,2.0,26.97,300.0,3.4411,2.8048,35.7763,2.3623,0.81172
RPC_CC,1541,0.3684,discharge,-17.785,10.0,9.0,26.97,300.0,3.4411,2.5931,47.6793,2.3623,0.81172
RPC_CC,1541,0.3294,discharge,-13.047,2.0,2.0,26.75,300.1,3.4054,2.8406,43.2896,2.3623,0.81172
RPC_CC,1541,0.3294,discharge,-13.047,10.0,9.0,26.75,300.1,3.4054,2.6101,60.9565,2.3623,0.81172
RPC_CC,1541,0.2903,discharge,-8.996,2.0,1.0,26.66,300.0,3.3731,2.971,44.6954,2.3623,0.81172
RPC_CC,1541,0.2903,discharge,-8.996,10.0,9.01,26.66,300.0,3.3731,2.6566,79.6425,2.3623,0.81172
RPC_CC,1541,0.2512,discharge,-5.749,2.0,2.0,26.69,300.0,3.3043,2.9525,61.1927,2.3623,0.81172
RPC_CC,1541,0.2512,discharge,-5.749,10.0,9.0,26.69,300.0,3.3043,2.7088,103.5823,2.3623,0.81172
RPC_CC,1541,0.2277,discharge,-3.678,2.0,2.0,26.11,300.1,3.1978,2.9306,72.6581,2.3623,0.81172
RPC_CC,1541,0.2277,discharge,-3.678,10.0,9.01,26.11,300.1,3.1978,2.719,130.1971,2.3623,0.81172
RPC_CC,1541,0.216,discharge,-2.766,2.0,2.0,25.83,300.1,3.12,2.8986,80.0477,2.3623,0.81172
RPC_CC,1541,0.216,discharge,-2.766,10.0,9.0,25.83,300.1,3.12,2.712,147.5134,2.3623,0.81172
RPC_CC,1541,0.9974,discharge,-29.828,2.0,2.0,25.57,3358.7,4.1371,3.2973,28.1543,2.3623,0.81172
RPC_CC,1541,0.9974,discharge,-29.828,10.0,9.0,25.57,3358.7,4.1371,3.2263,30.5346,2.3623,0.81172
RPC_CC,1541,0.9581,discharge,-29.712,2.0,2.0,26.55,300.0,4.0739,3.3207,25.35,2.3623,0.81172
RPC_CC,1541,0.9581,discharge,-29.712,10.0,9.01,26.55,300.0,4.0739,3.2204,28.7258,2.3623,0.81172
RPC_CC,1541,0.9187,discharge,-29.663,2.0,2.0,26.84,300.1,4.0313,3.3161,24.1104,2.3623,0.81172
RPC_CC,1541,0.9187,discharge,-29.663,10.0,9.0,26.84,300.1,4.0313,3.2085,27.7378,2.3623,0.81172
RPC_CC,1541,0.8399,discharge,-29.634,2.0,1.0,26.73,300.0,3.9197,3.28,21.5867,2.3623,0.81172
RPC_CC,1541,0.8399,discharge,-29.634,10.0,9.0,26.73,300.0,3.9197,3.1459,26.1119,2.3623,0.81172
RPC_CC,1541,0.7611,discharge,-29.579,2.0,2.0,26.62,300.0,3.8231,3.171,22.046,2.3623,0.81172
RPC_CC,1541,0.7611,discharge,-29.579,10.0,9.0,26.62,300.0,3.8231,3.0554,25.9542,2.3623,0.81172
RPC_CC,1541,0.6824,discharge,-29.526,2.0,2.0,26.54,300.0,3.7282,3.0758,22.0962,2.3623,0.81172
RPC_CC,1541,0.6824,discharge,-29.526,10.0,9.01,26.54,300.0,3.7282,2.9547,26.1977,2.3623,0.81172
RPC_CC,1541,0.6036,discharge,-29.447,2.0,2.0,26.55,300.0,3.6503,2.9878,22.4977,2.3623,0.81172
RPC_CC,1541,0.6036,discharge,-29.447,10.0,9.0,26.55,300.0,3.6503,2.8569,26.9429,2.3623,0.81172
RPC_CC,1541,0.5249,discharge,-29.295,2.0,2.0,26.63,300.0,3.589,2.8933,23.7481,2.3623,0.81172
RPC_CC,1541,0.5249,discharge,-29.295,10.0,9.0,26.63,300.0,3.589,2.738,29.0493,2.3623,0.81172
RPC_CC,1541,0.4463,discharge,-28.693,2.0,2.0,26.76,300.1,3.5224,2.7594,26.5923,2.3623,0.81172
RPC_CC,1541,0.4463,discharge,-28.693,10.0,9.0,26.76,300.1,3.5224,2.5446,34.0786,2.3623,0.81172
RPC_CC,1541,0.3683,discharge,-18.595,2.0,2.0,26.98,300.0,3.4404,2.7806,35.4836,2.3623,0.81172
RPC_CC,1541,0.3683,discharge,-18.595,10.0,9.0,26.98,300.0,3.4404,2.5581,47.4495,2.3623,0.81172
RPC_CC,1541,0.3293,discharge,-13.91,2.0,2.0,26.79,300.1,3.4049,2.8122,42.6096,2.3623,0.81172
RPC_CC,1541,0.3293,discharge,-13.91,10.0,9.0,26.79,300.1,3.4049,2.5648,60.3954,2.3623,0.81172
RPC_CC,1541,0.2902,discharge,-10.166,2.0,2.0,26.67,300.0,3.3726,2.857,50.7181,2.3623,0.81172
RPC_CC,1541,0.2902,discharge,-10.166,10.0,9.0,26.67,300.0,3.3726,2.5778,78.1822,2.3623,0.81172
RPC_CC,1541,0.2511,discharge,-7.118,2.0,1.0,26.71,300.0,3.3019,2.9556,48.6523,2.3623,0.81172
RPC_CC,1541,0.2511,discharge,-7.118,10.0,9.01,26.71,300.0,3.3019,2.5819,101.1541,2.3623,0.81172
RPC_CC,1541,0.2276,discharge,-4.861,2.0,2.0,26.13,300.0,3.1933,2.8569,69.2003,2.3623,0.81172
RPC_CC,1541,0.2276,discharge,-4.861,10.0,9.0,26.13,300.0,3.1933,2.5749,127.2101,2.3623,0.81172
RPC_CC,1541,0.2159,discharge,-3.784,2.0,2.0,25.86,300.0,3.113,2.8248,76.1547,2.3623,0.81172
RPC_CC,1541,0.2159,discharge,-3.784,10.0,9.01,25.86,300.0,3.113,2.5672,144.2237,2.3623,0.81172
RPC_CC,1541,0.9609,charge,1.252,2.0,2.0,25.82,300.0,4.0714,4.15,62.7846,2.3623,0.81172
RPC_CC,1541,0.9609,charge,1.252,10.0,9.0,25.82,300.0,4.0714,4.15,62.7846,2.3623,0.81172
RPC_CC,1541,0.9218,charge,2.503,2.0,2.0,25.96,300.0,4.0244,4.1501,50.2227,2.3623,0.81172
RPC_CC,1541,0.9218,charge,2.503,10.0,9.0,25.96,300.0,4.0244,4.15,50.1828,2.3623,0.81172
RPC_CC,1541,0.8435,charge,6.817,2.0,2.0,26.14,300.0,3.9163,4.15,34.2812,2.3623,0.81172
RPC_CC,1541,0.8435,charge,6.817,10.0,9.0,26.14,300.0,3.9163,4.1501,34.2959,2.3623,0.81172
RPC_CC,1541,0.765,charge,11.316,2.0,2.0,26.13,300.0,3.8205,4.1502,29.1357,2.3623,0.81172
RPC_CC,1541,0.765,charge,11.316,10.0,9.0,26.13,300.0,3.8205,4.15,29.1181,2.3623,0.81172
RPC_CC,1541,0.6863,charge,15.001,2.0,1.0,26.09,300.0,3.727,4.0846,23.8384,2.3623,0.81172
RPC_CC,1541,0.6863,charge,15.001,10.0,9.01,26.09,300.0,3.727,4.1455,27.8981,2.3623,0.81172
RPC_CC,1541,0.6075,charge,15.001,2.0,2.0,26.11,300.0,3.6503,4.0221,24.785,2.3623,0.81172
RPC_CC,1541,0.6075,charge,15.001,10.0,9.0,26.11,300.0,3.6503,4.0647,27.6248,2.3623,0.81172
RPC_CC,1541,0.5287,charge,15.0,2.0,2.0,26.19,300.0,3.5889,3.972,25.54,2.3623,0.81172
RPC_CC,1541,0.5287,charge,15.0,10.0,9.0,26.19,300.0,3.5889,4.0112,28.1533,2.3623,0.81172
RPC_CC,1541,0.45,charge,15.001,2.0,2.0,26.3,300.0,3.521,3.9203,26.6182,2.3623,0.81172
RPC_CC,1541,0.45,charge,15.001,10.0,9.0,26.3,300.0,3.521,3.9653,29.618,2.3623,0.81172
RPC_CC,1541,0.3712,charge,15.001,2.0,1.0,26.54,300.0,3.4394,3.8393,26.6582,2.3623,0.81172
RPC_CC,1541,0.3712,charge,15.001,10.0,9.0,26.54,300.0,3.4394,3.9006,30.7446,2.3623,0.81172
RPC_CC,1541,0.3318,charge,15.001,2.0,1.0,26.49,300.0,3.4046,3.8106,27.0649,2.3623,0.81172
RPC_CC,1541,0.3318,charge,15.001,10.0,9.01,26.49,300.0,3.4046,3.8644,30.6513,2.3623,0.81172
RPC_CC,1541,0.2924,charge,15.001,2.0,2.0,26.59,300.0,3.3733,3.8029,28.6381,2.3623,0.81172
RPC_CC,1541,0.2924,charge,15.001,10.0,9.0,26.59,300.0,3.3733,3.8423,31.2646,2.3623,0.81172
RPC_CC,1541,0.253,charge,15.001,2.0,2.0,26.73,300.0,3.3041,3.7646,30.698,2.3623,0.81172
RPC_CC,1541,0.253,charge,15.001,10.0,9.0,26.73,300.0,3.3041,3.822,34.5244,2.3623,0.81172
RPC_CC,1541,0.2294,charge,15.001,2.0,2.0,26.1,300.0,3.1954,3.697,33.4378,2.3623,0.81172
RPC_CC,1541,0.2294,charge,15.001,10.0,9.0,26.1,300.0,3.1954,3.7963,40.0573,2.3623,0.81172
RPC_CC,1541,0.2176,charge,15.001,2.0,2.0,25.8,300.0,3.12,3.6439,34.9243,2.3623,0.81172
RPC_CC,1541,0.2176,charge,15.001,10.0,9.0,25.8,300.0,3.12,3.761,42.7305,2.3623,0.81172
RPC_CC,1541,0.9607,charge,1.174,2.0,2.0,25.83,300.1,4.0715,4.1345,53.6558,2.3623,0.81172
RPC_CC,1541,0.9607,charge,1.174,10.0,9.01,25.83,300.1,4.0715,4.1475,64.7277,2.3623,0.81172
RPC_CC,1541,0.9214,charge,2.288,2.0,2.0,25.9,300.1,4.0246,4.1244,43.6265,2.3623,0.81172
RPC_CC,1541,0.9214,charge,2.288,10.0,9.0,25.9,300.1,4.0246,4.1457,52.9376,2.3623,0.81172
RPC_CC,1541,0.8431,charge,6.299,2.0,2.0,26.13,300.1,3.9163,4.1162,31.7329,2.3623,0.81172
RPC_CC,1541,0.8431,charge,6.299,10.0,9.0,26.13,300.1,3.9163,4.1462,36.4952,2.3623,0.81172
RPC_CC,1541,0.7647,charge,10.487,2.0,2.0,26.13,300.1,3.8209,4.1077,27.3481,2.3623,0.81172
RPC_CC,1541,0.7647,charge,10.487,10.0,9.0,26.13,300.1,3.8209,4.1467,31.067,2.3623,0.81172
RPC_CC,1541,0.6863,charge,15.064,2.0,2.0,26.09,300.1,3.7271,4.101,24.8199,2.3623,0.81172
RPC_CC,1541,0.6863,charge,15.064,10.0,9.0,26.09,300.1,3.7271,4.1465,27.8403,2.3623,0.81172
RPC_CC,1541,0.6076,charge,15.056,2.0,2.0,26.11,300.1,3.6504,4.026,24.946,2.3623,0.81172
RPC_CC,1541,0.6076,charge,15.056,10.0,9.0,26.11,300.1,3.6504,4.0656,27.5761,2.3623,0.81172
RPC_CC,1541,0.5288,charge,15.049,2.0,2.0,26.18,300.1,3.5891,3.9757,25.6886,2.3623,0.81172
RPC_CC,1541,0.5288,charge,15.049,10.0,9.0,26.18,300.1,3.5891,4.0121,28.1072,2.3623,0.81172
RPC_CC,1541,0.45,charge,15.058,2.0,2.0,26.32,300.1,3.5215,3.9247,26.7774,2.3623,0.81172
RPC_CC,1541,0.45,charge,15.058,10.0,9.0,26.32,300.1,3.5215,3.9664,29.5467,2.3623,0.81172
RPC_CC,1541,0.3713,charge,15.067,2.0,2.0,26.53,300.1,3.4398,3.8568,27.6773,2.3623,0.81172
RPC_CC,1541,0.3713,charge,15.067,10.0,9.0,26.53,300.1,3.4398,3.9021,30.684,2.3623,0.81172
RPC_CC,1541,0.3318,charge,15.06,2.0,2.0,26.49,300.1,3.4051,3.8266,27.988,2.3623,0.81172
RPC_CC,1541,0.3318,charge,15.06,10.0,9.0,26.49,300.1,3.4051,3.8658,30.591,2.3623,0.81172
RPC_CC,1541,0.2925,charge,15.052,2.0,2.0,26.59,300.1,3.3736,3.807,28.7935,2.3623,0.81172
RPC_CC,1541,0.2925,charge,15.052,10.0,9.0,26.59,300.1,3.3736,3.8433,31.2052,2.3623,0.81172
RPC_CC,1541,0.2531,charge,15.065,2.0,2.0,26.74,300.1,3.3052,3.7717,30.9658,2.3623,0.81172
RPC_CC,1541,0.2531,charge,15.065,10.0,9.0,26.74,300.1,3.3052,3.8235,34.4042,2.3623,0.81172
RPC_CC,1541,0.2295,charge,15.127,2.0,2.0,26.09,300.1,3.1977,3.7097,33.8479,2.3623,0.81172
RPC_CC,1541,0.2295,charge,15.127,10.0,9.0,26.09,300.1,3.1977,3.8001,39.8241,2.3623,0.81172
RPC_CC,1541,0.2177,charge,15.155,2.0,2.0,25.8,300.1,3.1233,3.6597,35.3943,2.3623,0.81172
RPC_CC,1541,0.2177,charge,15.155,10.0,9.0,25.8,300.1,3.1233,3.7664,42.4348,2.3623,0.81172
RPC_CC,1656,0.9973,discharge,-30.0,2.0,1.0,25.58,5935.5,4.1173,3.2615,28.5267,2.3305,0.80078
RPC_CC,1656,0.9973,discharge,-30.0,10.0,9.0,25.58,5935.5,4.1173,3.1754,31.3967,2.3305,0.80078
RPC_CC,1656,0.9727,charge,1.557,2.0,2.0,27.66,60.0,4.0532,4.15,62.1589,2.3305,0.80078
RPC_CC,1656,0.9727,charge,1.557,10.0,9.0,27.66,60.0,4.0532,4.15,62.1589,2.3305,0.80078
RPC_CC,1656,0.9584,discharge,-30.0,2.0,2.0,25.56,3600.0,4.0789,3.2402,27.9567,2.3305,0.80078
RPC_CC,1656,0.9584,discharge,-30.0,10.0,9.0,25.56,3600.0,4.0789,3.1561,30.76,2.3305,0.80078
RPC_CC,1656,0.934,charge,2.946,2.0,1.0,27.61,60.0,4.0015,4.1501,50.4413,2.3305,0.80078
RPC_CC,1656,0.934,charge,2.946,10.0,9.0,27.61,60.0,4.0015,4.15,50.4073,2.3305,0.80078
RPC_CC,1656,0.9195,discharge,-30.0,2.0,1.0,25.59,3600.0,4.056,3.2686,26.2467,2.3305,0.80078
RPC_CC,1656,0.9195,discharge,-30.0,10.0,9.0,25.59,3600.0,4.056,3.1443,30.39,2.3305,0.80078
RPC_CC,1656,0.8954,charge,4.561,2.0,2.0,27.51,60.0,3.9552,4.15,42.7099,2.3305,0.80078
RPC_CC,1656,0.8954,charge,4.561,10.0,9.0,27.51,60.0,3.9552,4.15,42.7099,2.3305,0.80078
RPC_CC,1656,0.8418,discharge,-30.001,2.0,2.0,25.57,3600.0,3.9408,3.18,25.3592,2.3305,0.80078
RPC_CC,1656,0.8418,discharge,-30.001,10.0,9.0,25.57,3600.0,3.9408,3.0867,28.4691,2.3305,0.80078
RPC_CC,1656,0.8181,charge,8.706,2.0,1.0,27.37,60.0,3.8641,4.1502,32.8631,2.3305,0.80078
RPC_CC,1656,0.8181,charge,8.706,10.0,9.0,27.37,60.0,3.8641,4.15,32.8402,2.3305,0.80078
RPC_CC,1656,0.7641,discharge,-30.0,2.0,2.0,25.58,3600.0,3.8517,3.1146,24.57,2.3305,0.80078
RPC_CC,1656,0.7641,discharge,-30.0,10.0,9.0,25.58,3600.0,3.8517,3.0118,27.9967,2.3305,0.80078
RPC_CC,1656,0.7405,charge,12.731,2.0,2.0,27.3,60.0,3.7831,4.1503,28.843,2.3305,0.80078
RPC_CC,1656,0.7405,charge,12.731,10.0,9.0,27.3,60.0,3.7831,4.1501,28.8273,2.3305,0.80078
RPC_CC,1656,0.6864,discharge,-30.0,2.0,2.0,25.55,3600.0,3.7705,3.0322,24.61,2.3305,0.80078
RPC_CC,1656,0.6864,discharge,-30.0,10.0,9.0,25.55,3600.0,3.7705,2.92,28.35,2.3305,0.80078
RPC_CC,1656,0.6628,charge,15.0,2.0,2.0,27.34,60.0,3.6997,4.0847,25.6667,2.3305,0.80078
RPC_CC,1656,0.6628,charge,15.0,10.0,9.0,27.34,60.0,3.6997,4.1394,29.3133,2.3305,0.80078
RPC_CC,1656,0.6087,discharge,-30.0,2.0,2.0,25.59,3600.0,3.6906,2.9463,24.81,2.3305,0.80078
RPC_CC,1656,0.6087,discharge,-30.0,10.0,9.0,25.59,3600.0,3.6906,2.8316,28.6333,2.3305,0.80078
RPC_CC,1656,0.5851,charge,15.0,2.0,2.0,27.42,60.0,3.6273,4.0126,25.6867,2.3305,0.80078
RPC_CC,1656,0.5851,charge,15.0,10.0,9.0,27.42,60.0,3.6273,4.0637,29.0933,2.3305,0.80078
RPC_CC,1656,0.531,discharge,-30.0,2.0,2.0,25.55,3600.0,3.6291,2.8649,25.4733,2.3305,0.80078
RPC_CC,1656,0.531,discharge,-30.0,10.0,9.0,25.55,3600.0,3.6291,2.74,29.6367,2.3305,0.80078
RPC_CC,1656,0.5073,charge,15.0,2.0,2.0,27.52,60.0,3.5683,3.9591,26.0533,2.3305,0.80078
RPC_CC,1656,0.5073,charge,15.0,10.0,9.0,27.52,60.0,3.5683,4.0097,29.4267,2.3305,0.80078
RPC_CC,1656,0.4533,discharge,-30.0,2.0,2.0,25.56,3600.0,3.5659,2.748,27.2633,2.3305,0.80078
RPC_CC,1656,0.4533,discharge,-30.0,10.0,9.0,25.56,3600.0,3.5659,2.59,32.53,2.3305,0.80078
RPC_CC,1656,0.4296,charge,15.0,2.0,2.0,27.68,60.0,3.5026,3.9014,26.5867,2.3305,0.80078
RPC_CC,1656,0.4296,charge,15.0,10.0,9.0,27.68,60.0,3.5026,3.9529,30.02,2.3305,0.80078
RPC_CC,1656,0.3756,discharge,-24.276,2.0,2.0,25.54,3600.0,3.4781,2.5489,38.2765,2.3305,0.80078
RPC_CC,1656,0.3756,discharge,-24.276,10.0,9.0,25.54,3600.0,3.4781,2.5499,38.2353,2.3305,0.80078
RPC_CC,1656,0.356,charge,15.0,2.0,2.0,27.44,60.0,3.4303,3.8365,27.08,2.3305,0.80078
RPC_CC,1656,0.356,charge,15.0,10.0,9.0,27.44,60.0,3.4303,3.8846,30.2867,2.3305,0.80078
RPC_CC,1656,0.3367,discharge,-18.548,2.0,2.0,25.54,3600.0,3.4364,2.5492,47.8327,2.3305,0.80078
RPC_CC,1656,0.3367,discharge,-18.548,10.0,9.0,25.54,3600.0,3.4364,2.5499,47.7949,2.3305,0.80078
RPC_CC,1656,0.3215,charge,15.0,2.0,2.0,27.05,60.0,3.402,3.8238,28.12,2.3305,0.80078
RPC_CC,1656,0.3215,charge,15.0,10.0,9.0,27.05,60.0,3.402,3.8649,30.86,2.3305,0.80078
RPC_CC,1656,0.2978,discharge,-13.347,2.0,2.0,25.55,3600.0,3.4072,2.5494,64.2691,2.3305,0.80078
RPC_CC,1656,0.2978,discharge,-13.347,10.0,9.0,25.55,3600.0,3.4072,2.5498,64.2392,2.3305,0.80078
RPC_CC,1656,0.2871,charge,15.0,2.0,2.0,26.68,60.0,3.3668,3.814,29.8133,2.3305,0.80078
RPC_CC,1656,0.2871,charge,15.0,10.0,9.0,26.68,60.0,3.3668,3.8578,32.7333,2.3305,0.80078
RPC_CC,1656,0.2591,discharge,-8.913,2.0,2.0,25.55,3600.0,3.3623,2.5495,91.1957,2.3305,0.80078
RPC_CC,1656,0.2591,discharge,-8.913,10.0,9.0,25.55,3600.0,3.3623,2.5499,91.1508,2.3305,0.80078
RPC_CC,1656,0.2521,charge,15.0,2.0,2.0,26.38,60.0,3.2879,3.7759,32.5333,2.3305,0.80078
RPC_CC,1656,0.2521,charge,15.0,10.0,9.0,26.38,60.0,3.2879,3.8441,37.08,2.3305,0.80078
RPC_CC,1656,0.236,discharge,-6.252,2.0,2.0,25.55,3600.0,3.2757,2.5496,116.1463,2.3305,0.80078
RPC_CC,1656,0.236,discharge,-6.252,10.0,9.0,25.55,3600.0,3.2757,2.5499,116.0983,2.3305,0.80078
RPC_CC,1656,0.2314,charge,15.001,2.0,1.0,26.11,60.0,3.1891,3.6772,32.5378,2.3305,0.80078
RPC_CC,1656,0.2314,charge,15.001,10.0,9.0,26.11,60.0,3.1891,3.8078,41.2439,2.3305,0.80078
RPC_CC,1656,0.2245,discharge,-5.023,2.0,2.0,25.57,3600.0,3.2111,2.5496,131.6968,2.3305,0.80078
RPC_CC,1656,0.2245,discharge,-5.023,10.0,9.0,25.57,3600.0,3.2111,2.55,131.6172,2.3305,0.80078
RPC_CC,1656,0.2211,charge,15.001,2.0,2.0,26.0,60.0,3.1198,3.6542,35.6243,2.3305,0.80078
RPC_CC,1656,0.2211,charge,15.001,10.0,9.0,26.0,60.0,3.1198,3.7725,43.5104,2.3305,0.80078
RPC_CC,1656,0.9973,discharge,-30.0,2.0,2.0,25.59,3513.3,4.1344,3.244,29.68,2.3305,0.80078
RPC_CC,1656,0.9973,discharge,-30.0,10.0,9.0,25.59,3513.3,4.1344,3.1806,31.7933,2.3305,0.80078
RPC_CC,1656,0.9584,discharge,-30.001,2.0,2.0,26.63,300.0,4.0717,3.2643,26.9124,2.3305,0.80078
RPC_CC,1656,0.9584,discharge,-30.001,10.0,9.0,26.63,300.0,4.0717,3.1761,29.8523,2.3305,0.80078
RPC_CC,1656,0.9195,discharge,-30.001,2.0,2.0,26.96,300.0,4.0243,3.2595,25.4925,2.3305,0.80078
RPC_CC,1656,0.9195,discharge,-30.001,10.0,9.0,26.96,300.0,4.0243,3.165,28.6424,2.3305,0.80078
RPC_CC,1656,0.8418,discharge,-30.0,2.0,2.0,26.83,300.0,3.9113,3.1949,23.88,2.3305,0.80078
RPC_CC,1656,0.8418,discharge,-30.0,10.0,9.0,26.83,300.0,3.9113,3.0992,27.07,2.3305,0.80078
RPC_CC,1656,0.7641,discharge,-30.001,2.0,2.0,26.75,300.0,3.8123,3.1065,23.5259,2.3305,0.80078
RPC_CC,1656,0.7641,discharge,-30.001,10.0,9.0,26.75,300.0,3.8123,3.0046,26.9224,2.3305,0.80078
RPC_CC,1656,0.6864,discharge,-30.0,2.0,2.0,26.68,300.0,3.7169,3.0084,23.6167,2.3305,0.80078
RPC_CC,1656,0.6864,discharge,-30.0,10.0,9.0,26.68,300.0,3.7169,2.9038,27.1033,2.3305,0.80078
RPC_CC,1656,0.6087,discharge,-30.001,2.0,1.0,26.66,300.0,3.6426,2.9472,23.1792,2.3305,0.80078
RPC_CC,1656,0.6087,discharge,-30.001,10.0,9.01,26.66,300.0,3.6426,2.8055,27.9024,2.3305,0.80078
RPC_CC,1656,0.531,discharge,-30.001,2.0,2.0,26.74,300.0,3.5822,2.8131,25.6358,2.3305,0.80078
RPC_CC,1656,0.531,discharge,-30.001,10.0,9.0,26.74,300.0,3.5822,2.6829,29.9757,2.3305,0.80078
RPC_CC,1656,0.4533,discharge,-29.869,2.0,2.0,26.94,300.0,3.5166,2.6514,28.9665,2.3305,0.80078
RPC_CC,1656,0.4533,discharge,-29.869,10.0,9.0,26.94,300.0,3.5166,2.5498,32.368,2.3305,0.80078
RPC_CC,1656,0.3756,discharge,-19.495,2.0,2.0,27.16,300.0,3.437,2.5492,45.5399,2.3305,0.80078
RPC_CC,1656,0.3756,discharge,-19.495,10.0,9.0,27.16,300.0,3.437,2.5498,45.5091,2.3305,0.80078
RPC_CC,1656,0.3367,discharge,-14.736,2.0,2.0,27.07,300.0,3.4042,2.5493,58.0164,2.3305,0.80078
RPC_CC,1656,0.3367,discharge,-14.736,10.0,9.0,27.07,300.0,3.4042,2.5499,57.9756,2.3305,0.80078
RPC_CC,1656,0.2979,discharge,-10.74,2.0,2.0,26.94,300.0,3.3733,2.5495,76.7039,2.3305,0.80078
RPC_CC,1656,0.2979,discharge,-10.74,10.0,9.0,26.94,300.0,3.3733,2.5498,76.676,2.3305,0.80078
RPC_CC,1656,0.2592,discharge,-7.222,2.0,2.0,26.87,300.0,3.3063,2.5496,104.78,2.3305,0.80078
RPC_CC,1656,0.2592,discharge,-7.222,10.0,9.0,26.87,300.0,3.3063,2.5499,104.7384,2.3305,0.80078
RPC_CC,1656,0.2362,discharge,-4.703,2.0,2.0,26.3,300.0,3.2076,2.5497,139.879,2.3305,0.80078
RPC_CC,1656,0.2362,discharge,-4.703,10.0,9.01,26.3,300.0,3.2076,2.55,139.8152,2.3305,0.80078
RPC_CC,1656,0.2249,discharge,-3.569,2.0,1.0,26.01,406.0,3.1381,2.5494,164.9274,2.3305,0.80078
RPC_CC,1656,0.2249,discharge,-3.569,10.0,9.0,26.01,406.0,3.1381,2.55,164.7593,2.3305,0.80078
RPC_CC,1656,0.9975,discharge,-29.776,2.0,2.0,25.59,3512.5,4.1339,3.2547,29.5276,2.3305,0.80078
RPC_CC,1656,0.9975,discharge,-29.776,10.0,9.0,25.59,3512.5,4.1339,3.1788,32.0767,2.3305,0.80078
RPC_CC,1656,0.9586,discharge,-29.66,2.0,2.0,26.61,300.0,4.0712,3.28,26.6757,2.3305,0.80078
RPC_CC,1656,0.9586,discharge,-29.66,10.0,9.0,26.61,300.0,4.0712,3.1753,30.2057,2.3305,0.80078
RPC_CC,1656,0.9198,discharge,-29.619,2.0,2.0,26.92,300.1,4.0232,3.2753,25.2503,2.3305,0.80078
RPC_CC,1656,0.9198,discharge,-29.619,10.0,9.0,26.92,300.1,4.0232,3.164,29.0079,2.3305,0.80078
RPC_CC,1656,0.842,discharge,-29.578,2.0,2.0,26.77,300.0,3.9099,3.2106,23.6422,2.3305,0.80078
RPC_CC,1656,0.842,discharge,-29.578,10.0,9.0,26.77,300.0,3.9099,3.0986,27.4287,2.3305,0.80078
RPC_CC,1656,0.7643,discharge,-29.522,2.0,1.0,26.71,300.0,3.8105,3.1557,22.1801,2.3305,0.80078
RPC_CC,1656,0.7643,discharge,-29.522,10.0,9.01,26.71,300.0,3.8105,3.0048,27.2915,2.3305,0.80078
RPC_CC,1656,0.6866,discharge,-29.475,2.0,2.0,26.66,300.1,3.7153,3.0288,23.2909,2.3305,0.80078
RPC_CC,1656,0.6866,discharge,-29.475,10.0,9.01,26.66,300.1,3.7153,2.9053,27.4809,2.3305,0.80078
RPC_CC,1656,0.6089,discharge,-29.391,2.0,2.0,26.64,300.1,3.6414,2.9422,23.7896,2.3305,0.80078
RPC_CC,1656,0.6089,discharge,-29.391,10.0,9.0,26.64,300.1,3.6414,2.8083,28.3454,2.3305,0.80078
RPC_CC,1656,0.5313,discharge,-29.232,2.0,2.0,26.73,300.0,3.5808,2.845,25.171,2.3305,0.80078
RPC_CC,1656,0.5313,discharge,-29.232,10.0,9.0,26.73,300.0,3.5808,2.6868,30.5829,2.3305,0.80078
RPC_CC,1656,0.4539,discharge,-26.318,2.0,2.0,26.89,300.0,3.5147,2.758,28.7522,2.3305,0.80078
RPC_CC,1656,0.4539,discharge,-26.318,10.0,9.0,26.89,300.0,3.5147,2.5636,36.1388,2.3305,0.80078
RPC_CC,1656,0.3769,discharge,-16.91,2.0,2.0,27.05,300.0,3.435,2.7907,38.1006,2.3305,0.80078
RPC_CC,1656,0.3769,discharge,-16.91,10.0,9.0,27.05,300.0,3.435,2.5878,50.0991,2.3305,0.80078
RPC_CC,1656,0.3384,discharge,-12.491,2.0,1.0,26.83,300.1,3.4017,2.9015,40.0464,2.3305,0.80078
RPC_CC,1656,0.3384,discharge,-12.491,10.0,9.01,26.83,300.1,3.4017,2.6085,63.5043,2.3305,0.80078
RPC_CC,1656,0.2999,discharge,-8.754,2.0,2.0,26.7,300.0,3.37,2.8968,54.055,2.3305,0.80078
RPC_CC,1656,0.2999,discharge,-8.754,10.0,9.01,26.7,300.0,3.37,2.6529,81.9164,2.3305,0.80078
RPC_CC,1656,0.2613,discharge,-5.598,2.0,2.0,26.75,300.0,3.2968,2.9428,63.2324,2.3305,0.80078
RPC_CC,1656,0.2613,discharge,-5.598,10.0,9.0,26.75,300.0,3.2968,2.7011,106.4054,2.3305,0.80078
RPC_CC,1656,0.2381,discharge,-3.608,2.0,1.0,26.16,300.1,3.19,2.9712,60.643,2.3305,0.80078
RPC_CC,1656,0.2381,discharge,-3.608,10.0,9.01,26.16,300.1,3.19,2.7105,132.8991,2.3305,0.80078
RPC_CC,1656,0.2265,discharge,-2.72,2.0,1.0,25.85,481.3,3.1124,2.9336,65.7244,2.3305,0.80078
RPC_CC,1656,0.2265,discharge,-2.72,10.0,9.01,25.85,481.3,3.1124,2.7033,150.3795,2.3305,0.80078
RPC_CC,1656,0.9975,discharge,-29.815,2.0,2.0,25.62,3544.7,4.1336,3.2507,29.6126,2.3305,0.80078
RPC_CC,1656,0.9975,discharge,-29.815,10.0,9.0,25.62,3544.7,4.1336,3.1748,32.1583,2.3305,0.80078
RPC_CC,1656,0.9586,discharge,-29.694,2.0,1.0,26.64,300.0,4.0707,3.3092,25.6449,2.3305,0.80078
RPC_CC,1656,0.9586,discharge,-29.694,10.0,9.01,26.64,300.0,4.0707,3.1718,30.2721,2.3305,0.80078
RPC_CC,1656,0.9197,discharge,-29.649,2.0,2.0,26.96,300.0,4.0222,3.272,25.3027,2.3305,0.80078
RPC_CC,1656,0.9197,discharge,-29.649,10.0,9.01,26.96,300.0,4.0222,3.1607,29.0566,2.3305,0.80078
RPC_CC,1656,0.842,discharge,-29.614,2.0,2.0,26.84,300.1,3.9089,3.2073,23.6915,2.3305,0.80078
RPC_CC,1656,0.842,discharge,-29.614,10.0,9.01,26.84,300.1,3.9089,3.0951,27.4802,2.3305,0.80078
RPC_CC,1656,0.7643,discharge,-29.557,2.0,2.0,26.74,300.0,3.8095,3.1212,23.2868,2.3305,0.80078
RPC_CC,1656,0.7643,discharge,-29.557,10.0,9.01,26.74,300.0,3.8095,3.0012,27.3467,2.3305,0.80078
RPC_CC,1656,0.6866,discharge,-29.508,2.0,1.0,26.67,300.1,3.7141,3.0574,22.2546,2.3305,0.80078
RPC_CC,1656,0.6866,discharge,-29.508,10.0,9.01,26.67,300.1,3.7141,2.9021,27.5175,2.3305,0.80078
RPC_CC,1656,0.6089,discharge,-29.425,2.0,2.0,26.67,300.0,3.6405,2.9388,23.8471,2.3305,0.80078
RPC_CC,1656,0.6089,discharge,-29.425,10.0,9.0,26.67,300.0,3.6405,2.805,28.3942,2.3305,0.80078
RPC_CC,1656,0.5313,discharge,-29.274,2.0,2.0,26.74,300.0,3.58,2.8414,25.2301,2.3305,0.80078
RPC_CC,1656,0.5313,discharge,-29.274,10.0,9.0,26.74,300.0,3.58,2.6831,30.6376,2.3305,0.80078
RPC_CC,1656,0.4539,discharge,-26.363,2.0,2.0,26.9,300.1,3.5138,2.7538,28.8283,2.3305,0.80078
RPC_CC,1656,0.4539,discharge,-26.363,10.0,9.0,26.9,300.1,3.5138,2.5593,36.206,2.3305,0.80078
RPC_CC,1656,0.3769,discharge,-16.939,2.0,2.0,27.04,300.0,3.4342,2.7868,38.2195,2.3305,0.80078
RPC_CC,1656,0.3769,discharge,-16.939,10.0,9.01,27.04,300.0,3.4342,2.5834,50.2273,2.3305,0.80078
RPC_CC,1656,0.3384,discharge,-13.297,2.0,2.0,26.81,300.0,3.4009,2.8041,44.8806,2.3305,0.80078
RPC_CC,1656,0.3384,discharge,-13.297,10.0,9.01,26.81,300.0,3.4009,2.5647,62.884,2.3305,0.80078
RPC_CC,1656,0.2998,discharge,-9.848,2.0,2.0,26.73,300.1,3.3692,2.852,52.518,2.3305,0.80078
RPC_CC,1656,0.2998,discharge,-9.848,10.0,9.0,26.73,300.1,3.3692,2.5787,80.2697,2.3305,0.80078
RPC_CC,1656,0.2612,discharge,-6.907,2.0,2.0,26.79,300.1,3.2942,2.8785,60.1858,2.3305,0.80078
RPC_CC,1656,0.2612,discharge,-6.907,10.0,9.0,26.79,300.1,3.2942,2.5816,103.1714,2.3305,0.80078
RPC_CC,1656,0.238,discharge,-4.714,2.0,2.0,26.19,300.1,3.1848,2.85,71.024,2.3305,0.80078
RPC_CC,1656,0.238,discharge,-4.714,10.0,9.0,26.19,300.1,3.1848,2.5743,129.5106,2.3305,0.80078
RPC_CC,1656,0.2265,discharge,-3.664,2.0,2.0,25.92,460.3,3.1044,2.8182,78.1114,2.3305,0.80078
RPC_CC,1656,0.2265,discharge,-3.664,10.0,9.0,25.92,460.3,3.1044,2.5671,146.643,2.3305,0.80078
RPC_CC,1656,0.9615,charge,1.146,2.0,2.0,25.9,300.0,4.0671,4.15,72.3228,2.3305,0.80078
RPC_CC,1656,0.9615,charge,1.146,10.0,9.0,25.9,300.0,4.0671,4.15,72.3228,2.3305,0.80078
RPC_CC,1656,0.9228,charge,2.43,2.0,2.0,26.01,300.0,4.014,4.1501,56.0002,2.3305,0.80078
RPC_CC,1656,0.9228,charge,2.43,10.0,9.01,26.01,300.0,4.014,4.15,55.959,2.3305,0.80078
RPC_CC,1656,0.8456,charge,6.52,2.0,2.0,26.2,300.0,3.9047,4.1502,37.6511,2.3305,0.80078
RPC_CC,1656,0.8456,charge,6.52,10.0,9.01,26.2,300.0,3.9047,4.15,37.6204,2.3305,0.80078
RPC_CC,1656,0.7682,charge,10.869,2.0,2.0,26.21,300.0,3.8061,4.1502,31.6574,2.3305,0.80078
RPC_CC,1656,0.7682,charge,10.869,10.0,9.0,26.21,300.0,3.8061,4.1501,31.6482,2.3305,0.80078
RPC_CC,1656,0.6905,charge,15.001,2.0,2.0,26.15,300.0,3.7124,4.1092,26.4516,2.3305,0.80078
RPC_CC,1656,0.6905,charge,15.001,10.0,9.0,26.15,300.0,3.7124,4.1501,29.1781,2.3305,0.80078
RPC_CC,1656,0.6128,charge,15.001,2.0,2.0,26.21,300.0,3.64,4.0399,26.6582,2.3305,0.80078
RPC_CC,1656,0.6128,charge,15.001,10.0,9.0,26.21,300.0,3.64,4.0828,29.518,2.3305,0.80078
RPC_CC,1656,0.5351,charge,15.001,2.0,2.0,26.3,300.0,3.5794,3.992,27.5048,2.3305,0.80078
RPC_CC,1656,0.5351,charge,15.001,10.0,9.0,26.3,300.0,3.5794,4.0325,30.2047,2.3305,0.80078
RPC_CC,1656,0.4574,charge,15.001,2.0,2.0,26.46,300.0,3.512,3.9403,28.5514,2.3305,0.80078
RPC_CC,1656,0.4574,charge,15.001,10.0,9.0,26.46,300.0,3.512,3.9874,31.6912,2.3305,0.80078
RPC_CC,1656,0.3797,charge,15.001,2.0,2.0,26.66,300.0,3.4334,3.872,29.2381,2.3305,0.80078
RPC_CC,1656,0.3797,charge,15.001,10.0,9.0,26.66,300.0,3.4334,3.9223,32.5912,2.3305,0.80078
RPC_CC,1656,0.3408,charge,15.001,2.0,2.0,26.58,300.0,3.401,3.8455,29.6314,2.3305,0.80078
RPC_CC,1656,0.3408,charge,15.001,10.0,9.0,26.58,300.0,3.401,3.8891,32.5378,2.3305,0.80078
RPC_CC,1656,0.302,charge,15.001,2.0,2.0,26.67,300.0,3.3703,3.8275,30.478,2.3305,0.80078
RPC_CC,1656,0.302,charge,15.001,10.0,9.0,26.67,300.0,3.3703,3.8692,33.2578,2.3305,0.80078
RPC_CC,1656,0.2631,charge,15.001,2.0,2.0,26.8,300.0,3.2968,3.785,32.5445,2.3305,0.80078
RPC_CC,1656,0.2631,charge,15.001,10.0,9.0,26.8,300.0,3.2968,3.8481,36.7509,2.3305,0.80078
RPC_CC,1656,0.2398,charge,15.001,2.0,2.0,26.13,300.0,3.1875,3.7159,35.2243,2.3305,0.80078
RPC_CC,1656,0.2398,charge,15.001,10.0,9.01,26.13,300.0,3.1875,3.8201,42.1705,2.3305,0.80078
RPC_CC,1656,0.2281,charge,15.001,2.0,2.0,25.83,300.0,3.112,3.6633,36.7509,2.3305,0.80078
RPC_CC,1656,0.2281,charge,15.001,10.0,9.0,25.83,300.0,3.112,3.7851,44.8703,2.3305,0.80078
RPC_CC,1656,0.9612,charge,1.07,2.0,2.0,25.91,300.1,4.0674,4.1312,59.6429,2.3305,0.80078
RPC_CC,1656,0.9612,charge,1.07,10.0,9.0,25.91,300.1,4.0674,4.1468,74.2264,2.3305,0.80078
RPC_CC,1656,0.9225,charge,2.217,2.0,2.0,25.98,300.1,4.0142,4.1214,48.3515,2.3305,0.80078
RPC_CC,1656,0.9225,charge,2.217,10.0,9.0,25.98,300.1,4.0142,4.1449,58.9509,2.3305,0.80078
RPC_CC,1656,0.8451,charge,6.029,2.0,2.0,26.2,300.1,3.905,4.1145,34.7496,2.3305,0.80078
RPC_CC,1656,0.8451,charge,6.029,10.0,9.0,26.2,300.1,3.905,4.1458,39.9413,2.3305,0.80078
RPC_CC,1656,0.7678,charge,10.069,2.0,2.0,26.19,300.1,3.8063,4.1066,29.8257,2.3305,0.80078
RPC_CC,1656,0.7678,charge,10.069,10.0,9.01,26.19,300.1,3.8063,4.1466,33.7985,2.3305,0.80078
RPC_CC,1656,0.6905,charge,14.685,2.0,2.0,26.14,300.1,3.7126,4.1059,26.7815,2.3305,0.80078
RPC_CC,1656,0.6905,charge,14.685,10.0,9.01,26.14,300.1,3.7126,4.1521,29.9275,2.3305,0.80078
RPC_CC,1656,0.6129,charge,15.058,2.0,2.0,26.19,300.1,3.6403,4.0436,26.784,2.3305,0.80078
RPC_CC,1656,0.6129,charge,15.058,10.0,9.01,26.19,300.1,3.6403,4.0837,29.4471,2.3305,0.80078
RPC_CC,1656,0.5352,charge,15.052,2.0,2.0,26.27,300.1,3.5797,3.9959,27.6517,2.3305,0.80078
RPC_CC,1656,0.5352,charge,15.052,10.0,9.01,26.27,300.1,3.5797,4.0333,30.1365,2.3305,0.80078
RPC_CC,1656,0.4575,charge,15.06,2.0,2.0,26.44,300.1,3.5125,3.945,28.7185,2.3305,0.80078
RPC_CC,1656,0.4575,charge,15.06,10.0,9.01,26.44,300.1,3.5125,3.9885,31.6069,2.3305,0.80078
RPC_CC,1656,0.3798,charge,15.069,2.0,2.0,26.66,300.1,3.4339,3.8774,29.4323,2.3305,0.80078
RPC_CC,1656,0.3798,charge,15.069,10.0,9.01,26.66,300.1,3.4339,3.9238,32.5115,2.3305,0.80078
RPC_CC,1656,0.3409,charge,15.059,2.0,2.0,26.61,300.1,3.4016,3.8503,29.7951,2.3305,0.80078
RPC_CC,1656,0.3409,charge,15.059,10.0,9.0,26.61,300.1,3.4016,3.8906,32.4712,2.3305,0.80078
RPC_CC,1656,0.302,charge,15.055,2.0,2.0,26.64,300.1,3.3709,3.8321,30.6354,2.3305,0.80078
RPC_CC,1656,0.302,charge,15.055,10.0,9.0,26.64,300.1,3.3709,3.8706,33.1927,2.3305,0.80078
RPC_CC,1656,0.2632,charge,15.069,2.0,2.0,26.77,300.1,3.2987,3.7934,32.8279,2.3305,0.80078
RPC_CC,1656,0.2632,charge,15.069,10.0,9.01,26.77,300.1,3.2987,3.8498,36.5706,2.3305,0.80078
RPC_CC,1656,0.2399,charge,15.127,2.0,1.0,26.11,300.1,3.1907,3.7041,33.9382,2.3305,0.80078
RPC_CC,1656,0.2399,charge,15.127,10.0,9.01,26.11,300.1,3.1907,3.8248,41.917,2.3305,0.80078
RPC_CC,1656,0.2282,charge,15.154,2.0,2.0,25.83,300.1,3.117,3.6813,37.2365,2.3305,0.80078
RPC_CC,1656,0.2282,charge,15.154,10.0,9.0,25.83,300.1,3.117,3.7916,44.5148,2.3305,0.80078
RPC_CC,1769,0.9973,discharge,-30.0,2.0,2.0,25.5,6112.6,4.1141,3.192,30.7367,2.299,0.78994
RPC_CC,1769,0.9973,discharge,-30.0,10.0,9.0,25.5,6112.6,4.1141,3.1242,32.9967,2.299,0.78994
RPC_CC,1769,0.9727,charge,1.494,2.0,2.0,27.73,60.0,4.0454,4.15,70.0321,2.299,0.78994
RPC_CC,1769,0.9727,charge,1.494,10.0,9.0,27.73,60.0,4.0454,4.15,70.0321,2.299,0.78994
RPC_CC,1769,0.9589,discharge,-30.001,2.0,1.0,25.49,3600.0,4.0773,3.2228,28.4824,2.299,0.78994
RPC_CC,1769,0.9589,discharge,-30.001,10.0,9.0,25.49,3600.0,4.0773,3.1048,32.4156,2.299,0.78994
RPC_CC,1769,0.9346,charge,2.969,2.0,2.0,27.66,60.0,3.9881,4.1501,54.573,2.299,0.78994
RPC_CC,1769,0.9346,charge,2.969,10.0,9.0,27.66,60.0,3.9881,4.15,54.5393,2.299,0.78994
RPC_CC,1769,0.9206,discharge,-30.0,2.0,2.0,25.48,3600.0,4.0496,3.1929,28.5567,2.299,0.78994
RPC_CC,1769,0.9206,discharge,-30.0,10.0,9.0,25.48,3600.0,4.0496,3.0931,31.8833,2.299,0.78994
RPC_CC,1769,0.8965,charge,4.476,2.0,2.0,27.53,60.0,3.9432,4.1501,46.2253,2.299,0.78994
RPC_CC,1769,0.8965,charge,4.476,10.0,9.0,27.53,60.0,3.9432,4.15,46.203,2.299,0.78994
RPC_CC,1769,0.8439,discharge,-30.0,2.0,2.0,25.5,3600.0,3.9305,3.1316,26.63,2.299,0.78994
RPC_CC,1769,0.8439,discharge,-30.0,10.0,9.0,25.5,3600.0,3.9305,3.0344,29.87,2.299,0.78994
RPC_CC,1769,0.8202,charge,8.299,2.0,2.0,27.38,60.0,3.8529,4.1502,35.8245,2.299,0.78994
RPC_CC,1769,0.8202,charge,8.299,10.0,9.0,27.38,60.0,3.8529,4.15,35.8004,2.299,0.78994
RPC_CC,1769,0.7673,discharge,-30.0,2.0,2.0,25.47,3600.0,3.8429,3.0647,25.94,2.299,0.78994
RPC_CC,1769,0.7673,discharge,-30.0,10.0,9.0,25.47,3600.0,3.8429,2.9573,29.52,2.299,0.78994
RPC_CC,1769,0.7436,charge,12.109,2.0,2.0,27.36,60.0,3.7701,4.1502,31.3899,2.299,0.78994
RPC_CC,1769,0.7436,charge,12.109,10.0,9.0,27.36,60.0,3.7701,4.15,31.3734,2.299,0.78994
RPC_CC,1769,0.6906,discharge,-30.0,2.0,1.0,25.47,3600.0,3.7616,3.013,24.9533,2.299,0.78994
RPC_CC,1769,0.6906,discharge,-30.0,10.0,9.0,25.47,3600.0,3.7616,2.867,29.82,2.299,0.78994
RPC_CC,1769,0.667,charge,15.001,2.0,2.0,27.39,60.0,3.6876,4.0981,27.3648,2.299,0.78994
RPC_CC,1769,0.667,charge,15.001,10.0,9.0,27.39,60.0,3.6876,4.1501,30.8313,2.299,0.78994
RPC_CC,1769,0.614,discharge,-30.0,2.0,2.0,25.48,3600.0,3.6834,2.8979,26.1833,2.299,0.78994
RPC_CC,1769,0.614,discharge,-30.0,10.0,9.0,25.48,3600.0,3.6834,2.7819,30.05,2.299,0.78994
RPC_CC,1769,0.5903,charge,15.001,2.0,2.0,27.43,60.0,3.6191,4.0305,27.4248,2.299,0.78994
RPC_CC,1769,0.5903,charge,15.001,10.0,9.0,27.43,60.0,3.6191,4.0823,30.8779,2.299,0.78994
RPC_CC,1769,0.5373,discharge,-30.0,2.0,2.0,25.49,3600.0,3.6238,2.8178,26.8667,2.299,0.78994
RPC_CC,1769,0.5373,discharge,-30.0,10.0,9.0,25.49,3600.0,3.6238,2.6904,31.1133,2.299,0.78994
RPC_CC,1769,0.5136,charge,15.001,2.0,2.0,27.59,60.0,3.5615,3.9785,27.7981,2.299,0.78994
RPC_CC,1769,0.5136,charge,15.001,10.0,9.0,27.59,60.0,3.5615,4.0302,31.2446,2.299,0.78994
RPC_CC,1769,0.4606,discharge,-30.0,2.0,2.0,25.52,3600.0,3.5602,2.6972,28.7667,2.299,0.78994
RPC_CC,1769,0.4606,discharge,-30.0,10.0,9.0,25.52,3600.0,3.5602,2.5497,33.6833,2.299,0.78994
RPC_CC,1769,0.437,charge,15.001,2.0,2.0,27.75,60.0,3.4967,3.9205,28.2514,2.299,0.78994
RPC_CC,1769,0.437,charge,15.001,10.0,9.0,27.75,60.0,3.4967,3.9736,31.7912,2.299,0.78994
RPC_CC,1769,0.384,discharge,-22.494,2.0,2.0,25.52,3600.0,3.4732,2.5492,41.0776,2.299,0.78994
RPC_CC,1769,0.384,discharge,-22.494,10.0,9.0,25.52,3600.0,3.4732,2.5498,41.0509,2.299,0.78994
RPC_CC,1769,0.3657,charge,15.001,2.0,2.0,27.3,60.0,3.4271,3.8626,29.0314,2.299,0.78994
RPC_CC,1769,0.3657,charge,15.001,10.0,9.0,27.3,60.0,3.4271,3.9127,32.3712,2.299,0.78994
RPC_CC,1769,0.3457,discharge,-17.416,2.0,2.0,25.47,3600.0,3.4333,2.5493,50.7579,2.299,0.78994
RPC_CC,1769,0.3457,discharge,-17.416,10.0,9.0,25.47,3600.0,3.4333,2.5498,50.7292,2.299,0.78994
RPC_CC,1769,0.3315,charge,15.001,2.0,2.0,26.9,60.0,3.3993,3.8501,30.0513,2.299,0.78994
RPC_CC,1769,0.3315,charge,15.001,10.0,9.0,26.9,60.0,3.3993,3.8934,32.9378,2.299,0.78994
RPC_CC,1769,0.3073,discharge,-12.715,2.0,1.0,25.49,3600.0,3.4052,2.5487,67.3614,2.299,0.78994
RPC_CC,1769,0.3073,discharge,-12.715,10.0,9.0,25.49,3600.0,3.4052,2.5498,67.2749,2.299,0.78994
RPC_CC,1769,0.2971,charge,15.001,2.0,2.0,26.59,60.0,3.3641,3.8401,31.7312,2.299,0.78994
RPC_CC,1769,0.2971,charge,15.001,10.0,9.0,26.59,60.0,3.3641,3.8861,34.7977,2.299,0.78994
RPC_CC,1769,0.2691,discharge,-8.58,2.0,2.0,25.48,3600.0,3.3603,2.5494,94.5105,2.299,0.78994
RPC_CC,1769,0.2691,discharge,-8.58,10.0,9.0,25.48,3600.0,3.3603,2.5499,94.4522,2.299,0.78994
RPC_CC,1769,0.2624,charge,15.001,2.0,2.0,26.27,60.0,3.287,3.8024,34.3577,2.299,0.78994
RPC_CC,1769,0.2624,charge,15.001,10.0,9.0,26.27,60.0,3.287,3.8723,39.0174,2.299,0.78994
RPC_CC,1769,0.2463,discharge,-6.051,2.0,2.0,25.48,3600.0,3.2739,2.5496,119.7052,2.299,0.78994
RPC_CC,1769,0.2463,discharge,-6.051,10.0,9.0,25.48,3600.0,3.2739,2.5499,119.6556,2.299,0.78994
RPC_CC,1769,0.2419,charge,15.001,2.0,1.0,26.03,60.0,3.1889,3.7021,34.2111,2.299,0.78994
RPC_CC,1769,0.2419,charge,15.001,10.0,9.0,26.03,60.0,3.1889,3.836,43.1371,2.299,0.78994
RPC_CC,1769,0.235,discharge,-4.88,2.0,1.0,25.46,3600.0,3.2101,2.5492,135.4442,2.299,0.78994
RPC_CC,1769,0.235,discharge,-4.88,10.0,9.0,25.46,3600.0,3.2101,2.55,135.2803,2.299,0.78994
RPC_CC,1769,0.2317,charge,15.0,2.0,2.0,25.91,60.0,3.1205,3.6813,37.3867,2.299,0.78994
RPC_CC,1769,0.2317,charge,15.0,10.0,9.0,25.91,60.0,3.1205,3.8014,45.3933,2.299,0.78994
RPC_CC,1769,0.9973,discharge,-30.001,2.0,2.0,25.5,3683.5,4.1308,3.1954,31.179,2.299,0.78994
RPC_CC,1769,0.9973,discharge,-30.001,10.0,9.0,25.5,3683.5,4.1308,3.1286,33.4056,2.299,0.78994
RPC_CC,1769,0.9589,discharge,-30.0,2.0,2.0,26.61,300.0,4.0681,3.2181,28.3333,2.299,0.78994
RPC_CC,1769,0.9589,discharge,-30.0,10.0,9.01,26.61,300.0,4.0681,3.1269,31.3733,2.299,0.78994
RPC_CC,1769,0.9206,discharge,-30.0,2.0,2.0,26.96,300.0,4.0154,3.2132,26.74,2.299,0.78994
RPC_CC,1769,0.9206,discharge,-30.0,10.0,9.0,26.96,300.0,4.0154,3.1164,29.9667,2.299,0.78994
RPC_CC,1769,0.8439,discharge,-30.0,2.0,2.0,26.82,300.0,3.9007,3.1466,25.1367,2.299,0.78994
RPC_CC,1769,0.8439,discharge,-30.0,10.0,9.0,26.82,300.0,3.9007,3.0472,28.45,2.299,0.78994
RPC_CC,1769,0.7673,discharge,-30.0,2.0,2.0,26.73,300.0,3.7993,3.0548,24.8167,2.299,0.78994
RPC_CC,1769,0.7673,discharge,-30.0,10.0,9.0,26.73,300.0,3.7993,2.9513,28.2667,2.299,0.78994
RPC_CC,1769,0.6906,discharge,-30.0,2.0,2.0,26.69,300.0,3.7039,2.9574,24.8833,2.299,0.78994
RPC_CC,1769,0.6906,discharge,-30.0,10.0,9.0,26.69,300.0,3.7039,2.853,28.3633,2.299,0.78994
RPC_CC,1769,0.614,discharge,-30.0,2.0,2.0,26.72,300.0,3.6333,2.8682,25.5033,2.299,0.78994
RPC_CC,1769,0.614,discharge,-30.0,10.0,9.0,26.72,300.0,3.6333,2.7556,29.2567,2.299,0.78994
RPC_CC,1769,0.5373,discharge,-30.0,2.0,2.0,26.78,300.0,3.5739,2.7611,27.0933,2.299,0.78994
RPC_CC,1769,0.5373,discharge,-30.0,10.0,9.0,26.78,300.0,3.5739,2.6309,31.4333,2.299,0.78994
RPC_CC,1769,0.4606,discharge,-27.961,2.0,2.0,27.0,300.0,3.5095,2.6015,32.4738,2.299,0.78994
RPC_CC,1769,0.4606,discharge,-27.961,10.0,9.0,27.0,300.0,3.5095,2.5499,34.3192,2.299,0.78994
RPC_CC,1769,0.384,discharge,-18.389,2.0,2.0,27.19,300.0,3.4322,2.5493,48.0111,2.299,0.78994
RPC_CC,1769,0.384,discharge,-18.389,10.0,9.0,27.19,300.0,3.4322,2.5499,47.9785,2.299,0.78994
RPC_CC,1769,0.3456,discharge,-14.0,2.0,2.0,27.04,300.0,3.4008,2.5494,60.8143,2.299,0.78994
RPC_CC,1769,0.3456,discharge,-14.0,10.0,9.0,27.04,300.0,3.4008,2.5499,60.7786,2.299,0.78994
RPC_CC,1769,0.3074,discharge,-10.319,2.0,2.0,26.9,300.0,3.3706,2.5494,79.5775,2.299,0.78994
RPC_CC,1769,0.3074,discharge,-10.319,10.0,9.0,26.9,300.0,3.3706,2.55,79.5194,2.299,0.78994
RPC_CC,1769,0.2692,discharge,-6.982,2.0,2.0,26.84,300.0,3.3026,2.5496,107.8495,2.299,0.78994
RPC_CC,1769,0.2692,discharge,-6.982,10.0,9.0,26.84,300.0,3.3026,2.55,107.7922,2.299,0.78994
RPC_CC,1769,0.2466,discharge,-4.58,2.0,2.0,26.29,300.0,3.2057,2.5497,143.2377,2.299,0.78994
RPC_CC,1769,0.2466,discharge,-4.58,10.0,9.01,26.29,300.0,3.2057,2.5499,143.194,2.299,0.78994
RPC_CC,1769,0.2354,discharge,-3.497,2.0,2.0,25.97,406.3,3.138,2.5497,168.2251,2.299,0.78994
RPC_CC,1769,0.2354,discharge,-3.497,10.0,9.0,25.97,406.3,3.138,2.5499,168.1679,2.299,0.78994
RPC_CC,1769,0.9975,discharge,-29.761,2.0,2.0,25.54,3688.7,4.1303,3.208,30.9902,2.299,0.78994
RPC_CC,1769,0.9975,discharge,-29.761,10.0,9.0,25.54,3688.7,4.1303,3.1269,33.7153,2.299,0.78994
RPC_CC,1769,0.9592,discharge,-29.643,2.0,2.0,26.65,300.0,4.0675,3.2356,28.064,2.299,0.78994
RPC_CC,1769,0.9592,discharge,-29.643,10.0,9.0,26.65,300.0,4.0675,3.1261,31.7579,2.299,0.78994
RPC_CC,1769,0.9208,discharge,-29.601,2.0,1.0,26.95,300.0,4.0139,3.2647,25.31,2.299,0.78994
RPC_CC,1769,0.9208,discharge,-29.601,10.0,9.01,26.95,300.0,4.0139,3.1155,30.3503,2.299,0.78994
RPC_CC,1769,0.8442,discharge,-29.554,2.0,2.0,26.79,300.0,3.899,3.1643,24.8596,2.299,0.78994
RPC_CC,1769,0.8442,discharge,-29.554,10.0,9.0,26.79,300.0,3.899,3.047,28.8286,2.299,0.78994
RPC_CC,1769,0.7675,discharge,-29.507,2.0,2.0,26.71,300.0,3.7972,3.0745,24.4925,2.299,0.78994
RPC_CC,1769,0.7675,discharge,-29.507,10.0,9.01,26.71,300.0,3.7972,2.9518,28.6508,2.299,0.78994
RPC_CC,1769,0.6909,discharge,-29.466,2.0,1.0,26.66,300.1,3.7021,3.0125,23.4028,2.299,0.78994
RPC_CC,1769,0.6909,discharge,-29.466,10.0,9.0,26.66,300.1,3.7021,2.8547,28.7581,2.299,0.78994
RPC_CC,1769,0.6142,discharge,-29.383,2.0,2.0,26.68,300.0,3.632,2.8935,25.134,2.299,0.78994
RPC_CC,1769,0.6142,discharge,-29.383,10.0,9.0,26.68,300.0,3.632,2.7584,29.732,2.299,0.78994
RPC_CC,1769,0.5376,discharge,-29.224,2.0,2.0,26.74,300.0,3.5725,2.7949,26.6083,2.299,0.78994
RPC_CC,1769,0.5376,discharge,-29.224,10.0,9.0,26.74,300.0,3.5725,2.6345,32.0969,2.299,0.78994
RPC_CC,1769,0.4614,discharge,-24.585,2.0,2.0,26.89,300.0,3.5075,2.7482,30.8847,2.299,0.78994
RPC_CC,1769,0.4614,discharge,-24.585,10.0,9.01,26.89,300.0,3.5075,2.5661,38.2916,2.299,0.78994
RPC_CC,1769,0.3854,discharge,-16.053,2.0,2.0,27.01,300.1,3.43,2.7824,40.3401,2.299,0.78994
RPC_CC,1769,0.3854,discharge,-16.053,10.0,9.01,27.01,300.1,3.43,2.5847,52.6552,2.299,0.78994
RPC_CC,1769,0.3474,discharge,-11.915,2.0,2.0,26.75,300.0,3.3982,2.8288,47.7865,2.299,0.78994
RPC_CC,1769,0.3474,discharge,-11.915,10.0,9.0,26.75,300.0,3.3982,2.6069,66.4093,2.299,0.78994
RPC_CC,1769,0.3094,discharge,-8.452,2.0,2.0,26.62,300.0,3.3671,2.8934,56.0442,2.299,0.78994
RPC_CC,1769,0.3094,discharge,-8.452,10.0,9.0,26.62,300.0,3.3671,2.6496,84.8886,2.299,0.78994
RPC_CC,1769,0.2713,discharge,-5.478,2.0,2.0,26.69,300.0,3.2925,2.9375,64.8053,2.299,0.78994
RPC_CC,1769,0.2713,discharge,-5.478,10.0,9.0,26.69,300.0,3.2925,2.6954,109.0006,2.299,0.78994
RPC_CC,1769,0.2484,discharge,-3.54,2.0,2.0,26.09,300.0,3.187,2.9155,76.6895,2.299,0.78994
RPC_CC,1769,0.2484,discharge,-3.54,10.0,9.0,26.09,300.0,3.187,2.7045,136.2898,2.299,0.78994
RPC_CC,1769,0.237,discharge,-2.687,2.0,2.0,25.8,300.1,3.1112,2.8848,84.2654,2.299,0.78994
RPC_CC,1769,0.237,discharge,-2.687,10.0,9.0,25.8,300.1,3.1112,2.6979,153.829,2.299,0.78994
RPC_CC,1769,0.9975,discharge,-29.809,2.0,2.0,25.52,3719.8,4.1294,3.2028,31.0841,2.299,0.78994
RPC_CC,1769,0.9975,discharge,-29.809,10.0,9.0,25.52,3719.8,4.1294,3.1219,33.798,2.299,0.78994
RPC_CC,1769,0.9592,discharge,-29.684,2.0,2.0,26.62,300.0,4.0668,3.2314,28.1431,2.299,0.78994
RPC_CC,1769,0.9592,discharge,-29.684,10.0,9.0,26.62,300.0,4.0668,3.1219,31.832,2.299,0.78994
RPC_CC,1769,0.9208,discharge,-29.637,2.0,2.0,26.93,300.1,4.013,3.2265,26.5378,2.299,0.78994
RPC_CC,1769,0.9208,discharge,-29.637,10.0,9.0,26.93,300.1,4.013,3.1117,30.4113,2.299,0.78994
RPC_CC,1769,0.8442,discharge,-29.595,2.0,2.0,26.79,300.0,3.8978,3.1601,24.9265,2.299,0.78994
RPC_CC,1769,0.8442,discharge,-29.595,10.0,9.01,26.79,300.0,3.8978,3.0427,28.8934,2.299,0.78994
RPC_CC,1769,0.7675,discharge,-29.549,2.0,2.0,26.71,300.1,3.7957,3.0701,24.5558,2.299,0.78994
RPC_CC,1769,0.7675,discharge,-29.549,10.0,9.0,26.71,300.1,3.7957,2.9475,28.7049,2.299,0.78994
RPC_CC,1769,0.6909,discharge,-29.506,2.0,2.0,26.7,300.0,3.7008,2.9751,24.5946,2.299,0.78994
RPC_CC,1769,0.6909,discharge,-29.506,10.0,9.0,26.7,300.0,3.7008,2.851,28.8004,2.299,0.78994
RPC_CC,1769,0.6142,discharge,-29.422,2.0,2.0,26.67,300.0,3.6312,2.8898,25.1993,2.299,0.78994
RPC_CC,1769,0.6142,discharge,-29.422,10.0,9.0,26.67,300.0,3.6312,2.7547,29.7911,2.299,0.78994
RPC_CC,1769,0.5376,discharge,-29.27,2.0,2.0,26.74,300.0,3.5715,2.7912,26.6592,2.299,0.78994
RPC_CC,1769,0.5376,discharge,-29.27,10.0,9.0,26.74,300.0,3.5715,2.6304,32.1529,2.299,0.78994
RPC_CC,1769,0.4614,discharge,-24.626,2.0,2.0,26.95,300.1,3.5064,2.7442,30.951,2.299,0.78994
RPC_CC,1769,0.4614,discharge,-24.626,10.0,9.0,26.95,300.1,3.5064,2.5617,38.3619,2.299,0.78994
RPC_CC,1769,0.3854,discharge,-16.081,2.0,2.0,26.99,300.0,3.4289,2.7786,40.439,2.299,0.78994
RPC_CC,1769,0.3854,discharge,-16.081,10.0,9.0,26.99,300.0,3.4289,2.5799,52.7952,2.299,0.78994
RPC_CC,1769,0.3474,discharge,-12.663,2.0,2.0,26.75,300.0,3.3974,2.8012,47.0802,2.299,0.78994
RPC_CC,1769,0.3474,discharge,-12.663,10.0,9.01,26.75,300.0,3.3974,2.5654,65.7006,2.299,0.78994
RPC_CC,1769,0.3093,discharge,-9.471,2.0,2.0,26.67,300.0,3.3662,2.8506,54.4381,2.299,0.78994
RPC_CC,1769,0.3093,discharge,-9.471,10.0,9.0,26.67,300.0,3.3662,2.5791,83.1037,2.299,0.78994
RPC_CC,1769,0.2712,discharge,-6.672,2.0,2.0,26.7,300.0,3.2888,2.8752,61.9885,2.299,0.78994
RPC_CC,1769,0.2712,discharge,-6.672,10.0,9.0,26.7,300.0,3.2888,2.5807,106.1269,2.299,0.78994
RPC_CC,1769,0.2484,discharge,-4.579,2.0,2.0,26.11,300.1,3.18,2.8462,72.9012,2.299,0.78994
RPC_CC,1769,0.2484,discharge,-4.579,10.0,9.0,26.11,300.1,3.18,2.5726,132.6548,2.299,0.78994
RPC_CC,1769,0.2369,discharge,-3.583,2.0,2.0,25.83,300.0,3.1011,2.8142,80.0793,2.299,0.78994
RPC_CC,1769,0.2369,discharge,-3.583,10.0,9.0,25.83,300.0,3.1011,2.5648,149.6916,2.299,0.78994
RPC_CC,1769,0.962,charge,1.115,2.0,2.0,25.87,300.0,4.0619,4.15,79.0276,2.299,0.78994
RPC_CC,1769,0.9239,charge,2.374,2.0,2.0,25.97,300.0,4.003,4.1501,61.9708,2.299,0.78994
RPC_CC,1769,0.9239,charge,2.374,10.0,9.01,25.97,300.0,4.003,4.15,61.9286,2.299,0.78994
RPC_CC,1769,0.8477,charge,6.248,2.0,2.0,26.18,300.0,3.8926,4.1501,41.2132,2.299,0.78994
RPC_CC,1769,0.8477,charge,6.248,10.0,9.0,26.18,300.0,3.8926,4.1501,41.2132,2.299,0.78994
RPC_CC,1769,0.7714,charge,10.404,2.0,2.0,26.17,300.0,3.7915,4.1502,34.4755,2.299,0.78994
RPC_CC,1769,0.7714,charge,10.404,10.0,9.0,26.17,300.0,3.7915,4.1501,34.4659,2.299,0.78994
RPC_CC,1769,0.6947,charge,14.907,2.0,2.0,26.14,300.0,3.6986,4.1227,28.4488,2.299,0.78994
RPC_CC,1769,0.6947,charge,14.907,10.0,9.0,26.14,300.0,3.6986,4.1501,30.2868,2.299,0.78994
RPC_CC,1769,0.6181,charge,15.001,2.0,2.0,26.2,300.0,3.6302,4.0589,28.5781,2.299,0.78994
RPC_CC,1769,0.6181,charge,15.001,10.0,9.01,26.2,300.0,3.6302,4.1025,31.4846,2.299,0.78994
RPC_CC,1769,0.5414,charge,15.001,2.0,2.0,26.31,300.0,3.5701,4.0131,29.5314,2.299,0.78994
RPC_CC,1769,0.5414,charge,15.001,10.0,9.0,26.31,300.0,3.5701,4.0549,32.3178,2.299,0.78994
RPC_CC,1769,0.4648,charge,15.001,2.0,1.0,26.44,300.0,3.5043,3.9475,29.5447,2.299,0.78994
RPC_CC,1769,0.4648,charge,15.001,10.0,9.01,26.44,300.0,3.5043,4.011,33.7777,2.299,0.78994
RPC_CC,1769,0.3881,charge,15.001,2.0,2.0,26.66,300.0,3.4285,3.8944,31.0579,2.299,0.78994
RPC_CC,1769,0.3881,charge,15.001,10.0,9.0,26.66,300.0,3.4285,3.9462,34.511,2.299,0.78994
RPC_CC,1769,0.3498,charge,15.001,2.0,2.0,26.59,300.0,3.3978,3.8701,31.4846,2.299,0.78994
RPC_CC,1769,0.3498,charge,15.001,10.0,9.0,26.59,300.0,3.3978,3.9154,34.5044,2.299,0.78994
RPC_CC,1769,0.3114,charge,15.001,2.0,2.0,26.62,300.0,3.3677,3.8529,32.3445,2.299,0.78994
RPC_CC,1769,0.3114,charge,15.001,10.0,9.0,26.62,300.0,3.3677,3.897,35.2843,2.299,0.78994
RPC_CC,1769,0.2731,charge,15.001,2.0,2.0,26.76,300.0,3.2924,3.808,34.371,2.299,0.78994
RPC_CC,1769,0.2731,charge,15.001,10.0,9.01,26.76,300.0,3.2924,3.8756,38.8774,2.299,0.78994
RPC_CC,1769,0.2501,charge,15.001,2.0,2.0,26.05,300.0,3.184,3.7395,37.0309,2.299,0.78994
RPC_CC,1769,0.2501,charge,15.001,10.0,9.0,26.05,300.0,3.184,3.8471,44.2037,2.299,0.78994
RPC_CC,1769,0.2386,charge,15.001,2.0,2.0,25.74,300.0,3.1099,3.6882,38.5508,2.299,0.78994
RPC_CC,1769,0.2386,charge,15.001,10.0,9.0,25.74,300.0,3.1099,3.8132,46.8835,2.299,0.78994
RPC_CC,1769,0.9235,charge,2.163,2.0,1.0,25.96,300.1,4.0036,4.1084,48.4557,2.299,0.78994
RPC_CC,1769,0.9235,charge,2.163,10.0,9.01,25.96,300.1,4.0036,4.144,64.9158,2.299,0.78994
RPC_CC,1769,0.8472,charge,5.778,2.0,2.0,26.19,300.1,3.8931,4.1128,38.0219,2.299,0.78994
RPC_CC,1769,0.8472,charge,5.778,10.0,9.0,26.19,300.1,3.8931,4.1453,43.6464,2.299,0.78994
RPC_CC,1769,0.7709,charge,9.638,2.0,2.0,26.16,300.1,3.792,4.1047,32.4448,2.299,0.78994
RPC_CC,1769,0.7709,charge,9.638,10.0,9.0,26.16,300.1,3.792,4.1458,36.7092,2.299,0.78994
RPC_CC,1769,0.6947,charge,13.945,2.0,2.0,26.16,300.1,3.6989,4.1042,29.0642,2.299,0.78994
RPC_CC,1769,0.6947,charge,13.945,10.0,9.0,26.16,300.1,3.6989,4.1497,32.327,2.299,0.78994
RPC_CC,1769,0.6181,charge,15.058,2.0,1.0,26.2,300.1,3.6304,4.0508,27.9196,2.299,0.78994
RPC_CC,1769,0.6181,charge,15.058,10.0,9.01,26.2,300.1,3.6304,4.1029,31.3797,2.299,0.78994
RPC_CC,1769,0.5415,charge,15.054,2.0,2.0,26.3,300.1,3.5705,4.0168,29.6466,2.299,0.78994
RPC_CC,1769,0.5415,charge,15.054,10.0,9.0,26.3,300.1,3.5705,4.0553,32.2041,2.299,0.78994
RPC_CC,1769,0.4648,charge,15.062,2.0,2.0,26.47,300.1,3.5049,3.9665,30.6456,2.299,0.78994
RPC_CC,1769,0.4648,charge,15.062,10.0,9.0,26.47,300.1,3.5049,4.0119,33.6598,2.299,0.78994
RPC_CC,1769,0.3882,charge,15.07,2.0,2.0,26.66,300.1,3.4291,3.8997,31.2276,2.299,0.78994
RPC_CC,1769,0.3882,charge,15.07,10.0,9.0,26.66,300.1,3.4291,3.9475,34.3995,2.299,0.78994
RPC_CC,1769,0.3498,charge,15.062,2.0,1.0,26.61,300.1,3.3983,3.8621,30.7927,2.299,0.78994
RPC_CC,1769,0.3498,charge,15.062,10.0,9.01,26.61,300.1,3.3983,3.9166,34.4111,2.299,0.78994
RPC_CC,1769,0.3115,charge,15.057,2.0,2.0,26.6,300.1,3.3683,3.8578,32.5098,2.299,0.78994
RPC_CC,1769,0.3115,charge,15.057,10.0,9.01,26.6,300.1,3.3683,3.898,35.1797,2.299,0.78994
RPC_CC,1769,0.2732,charge,15.074,2.0,2.0,26.75,300.1,3.2943,3.817,34.6756,2.299,0.78994
RPC_CC,1769,0.2732,charge,15.074,10.0,9.0,26.75,300.1,3.2943,3.877,38.656,2.299,0.78994
RPC_CC,1769,0.2502,charge,15.13,2.0,2.0,26.09,300.1,3.1878,3.7548,37.4752,2.299,0.78994
RPC_CC,1769,0.2502,charge,15.13,10.0,9.01,26.09,300.1,3.1878,3.8518,43.8863,2.299,0.78994
RPC_CC,1769,0.2387,charge,15.155,2.0,2.0,25.75,300.1,3.1154,3.7069,39.0287,2.299,0.78994
RPC_CC,1769,0.2387,charge,15.155,10.0,9.0,25.75,300.1,3.1154,3.8197,46.4716,2.299,0.78994
RPC_CC,1885,0.9973,discharge,-30.001,2.0,1.0,25.52,6318.9,4.1098,3.1629,31.5623,2.2603,0.77667
RPC_CC,1885,0.9973,discharge,-30.001,10.0,9.0,25.52,6318.9,4.1098,3.063,34.8922,2.2603,0.77667
RPC_CC,1885,0.9727,charge,1.451,2.0,2.0,27.88,60.0,4.0343,4.1501,79.8015,2.2603,0.77667
RPC_CC,1885,0.9727,charge,1.451,10.0,9.0,27.88,60.0,4.0343,4.15,79.7326,2.2603,0.77667
RPC_CC,1885,0.9596,discharge,-30.0,2.0,2.0,25.51,3600.0,4.075,3.139,31.2,2.2603,0.77667
RPC_CC,1885,0.9596,discharge,-30.0,10.0,9.0,25.51,3600.0,4.075,3.0445,34.35,2.2603,0.77667
RPC_CC,1885,0.9352,charge,2.978,2.0,2.0,27.77,60.0,3.9722,4.1501,59.7401,2.2603,0.77667
RPC_CC,1885,0.9352,charge,2.978,10.0,9.0,27.77,60.0,3.9722,4.15,59.7065,2.2603,0.77667
RPC_CC,1885,0.9219,discharge,-30.0,2.0,2.0,25.53,3600.0,4.0409,3.1363,30.1533,2.2603,0.77667
RPC_CC,1885,0.9219,discharge,-30.0,10.0,9.0,25.53,3600.0,4.0409,3.0334,33.5833,2.2603,0.77667
RPC_CC,1885,0.8978,charge,4.364,2.0,2.0,27.69,60.0,3.929,4.1501,50.6599,2.2603,0.77667
RPC_CC,1885,0.8978,charge,4.364,10.0,9.0,27.69,60.0,3.929,4.1501,50.6599,2.2603,0.77667
RPC_CC,1885,0.8465,discharge,-30.0,2.0,2.0,25.51,3600.0,3.9187,3.0745,28.14,2.2603,0.77667
RPC_CC,1885,0.8465,discharge,-30.0,10.0,9.0,25.51,3600.0,3.9187,2.9738,31.4967,2.2603,0.77667
RPC_CC,1885,0.8227,charge,7.859,2.0,2.0,27.5,60.0,3.8384,4.1502,39.6743,2.2603,0.77667
RPC_CC,1885,0.8227,charge,7.859,10.0,9.0,27.5,60.0,3.8384,4.1501,39.6615,2.2603,0.77667
RPC_CC,1885,0.7711,discharge,-30.0,2.0,2.0,25.53,3600.0,3.832,3.0056,27.5467,2.2603,0.77667
RPC_CC,1885,0.7711,discharge,-30.0,10.0,9.0,25.53,3600.0,3.832,2.8955,31.2167,2.2603,0.77667
RPC_CC,1885,0.7475,charge,11.42,2.0,2.0,27.48,60.0,3.7541,4.1502,34.6848,2.2603,0.77667
RPC_CC,1885,0.7475,charge,11.42,10.0,9.0,27.48,60.0,3.7541,4.1501,34.676,2.2603,0.77667
RPC_CC,1885,0.6958,discharge,-30.0,2.0,2.0,25.54,3600.0,3.7511,2.9236,27.5833,2.2603,0.77667
RPC_CC,1885,0.6958,discharge,-30.0,10.0,9.0,25.54,3600.0,3.7511,2.8088,31.41,2.2603,0.77667
RPC_CC,1885,0.6721,charge,15.0,2.0,2.0,27.53,60.0,3.6744,4.1157,29.42,2.2603,0.77667
RPC_CC,1885,0.6721,charge,15.0,10.0,9.0,27.53,60.0,3.6744,4.1501,31.7133,2.2603,0.77667
RPC_CC,1885,0.6204,discharge,-30.0,2.0,2.0,25.51,3600.0,3.6755,2.844,27.7167,2.2603,0.77667
RPC_CC,1885,0.6204,discharge,-30.0,10.0,9.0,25.51,3600.0,3.6755,2.728,31.5833,2.2603,0.77667
RPC_CC,1885,0.5968,charge,15.001,2.0,2.0,27.59,60.0,3.6099,4.0528,29.5247,2.2603,0.77667
RPC_CC,1885,0.5968,charge,15.001,10.0,9.0,27.59,60.0,3.6099,4.1062,33.0845,2.2603,0.77667
RPC_CC,1885,0.545,discharge,-30.0,2.0,2.0,25.49,3600.0,3.6181,2.7653,28.4267,2.2603,0.77667
RPC_CC,1885,0.545,discharge,-30.0,10.0,9.0,25.49,3600.0,3.6181,2.6362,32.73,2.2603,0.77667
RPC_CC,1885,0.5214,charge,15.0,2.0,2.0,27.7,60.0,3.5538,4.0023,29.9,2.2603,0.77667
RPC_CC,1885,0.5214,charge,15.0,10.0,9.0,27.7,60.0,3.5538,4.0559,33.4733,2.2603,0.77667
RPC_CC,1885,0.4696,discharge,-30.0,2.0,2.0,25.51,3600.0,3.5538,2.6422,30.3867,2.2603,0.77667
RPC_CC,1885,0.4696,discharge,-30.0,10.0,9.0,25.51,3600.0,3.5538,2.5498,33.4667,2.2603,0.77667
RPC_CC,1885,0.4466,charge,15.001,2.0,2.0,27.79,60.0,3.4908,3.9467,30.3913,2.2603,0.77667
RPC_CC,1885,0.4466,charge,15.001,10.0,9.0,27.79,60.0,3.4908,4.0023,34.0977,2.2603,0.77667
RPC_CC,1885,0.3943,discharge,-20.842,2.0,2.0,25.53,3600.0,3.4678,2.5493,44.0697,2.2603,0.77667
RPC_CC,1885,0.3943,discharge,-20.842,10.0,9.0,25.53,3600.0,3.4678,2.5499,44.0409,2.2603,0.77667
RPC_CC,1885,0.3773,charge,15.001,2.0,2.0,27.21,60.0,3.4233,3.8937,31.3579,2.2603,0.77667
RPC_CC,1885,0.3773,charge,15.001,10.0,9.0,27.21,60.0,3.4233,3.9465,34.8777,2.2603,0.77667
RPC_CC,1885,0.3566,discharge,-16.364,2.0,2.0,25.49,3600.0,3.4303,2.5493,53.8377,2.2603,0.77667
RPC_CC,1885,0.3566,discharge,-16.364,10.0,9.0,25.49,3600.0,3.4303,2.5499,53.801,2.2603,0.77667
RPC_CC,1885,0.3433,charge,15.0,2.0,2.0,26.86,60.0,3.3961,3.8813,32.3467,2.2603,0.77667
RPC_CC,1885,0.3433,charge,15.0,10.0,9.0,26.86,60.0,3.3961,3.9275,35.4267,2.2603,0.77667
RPC_CC,1885,0.3189,discharge,-12.115,2.0,1.0,25.48,3600.0,3.4033,2.5487,70.5407,2.2603,0.77667
RPC_CC,1885,0.3189,discharge,-12.115,10.0,9.0,25.48,3600.0,3.4033,2.5499,70.4416,2.2603,0.77667
RPC_CC,1885,0.3093,charge,15.0,2.0,2.0,26.54,60.0,3.3615,3.871,33.9667,2.2603,0.77667
RPC_CC,1885,0.3093,charge,15.0,10.0,9.0,26.54,60.0,3.3615,3.92,37.2333,2.2603,0.77667
RPC_CC,1885,0.2813,discharge,-8.272,2.0,2.0,25.48,3600.0,3.3583,2.5495,97.7744,2.2603,0.77667
RPC_CC,1885,0.2813,discharge,-8.272,10.0,9.0,25.48,3600.0,3.3583,2.5499,97.7261,2.2603,0.77667
RPC_CC,1885,0.275,charge,15.001,2.0,2.0,26.26,60.0,3.2853,3.8328,36.4976,2.2603,0.77667
RPC_CC,1885,0.275,charge,15.001,10.0,9.0,26.26,60.0,3.2853,3.9059,41.3706,2.2603,0.77667
RPC_CC,1885,0.2589,discharge,-5.886,2.0,2.0,25.53,3600.0,3.2726,2.5496,122.8443,2.2603,0.77667
RPC_CC,1885,0.2589,discharge,-5.886,10.0,9.0,25.53,3600.0,3.2726,2.5499,122.7933,2.2603,0.77667
RPC_CC,1885,0.2547,charge,15.0,2.0,2.0,26.02,60.0,3.1886,3.7626,38.2667,2.2603,0.77667
RPC_CC,1885,0.2547,charge,15.0,10.0,9.0,26.02,60.0,3.1886,3.8696,45.4,2.2603,0.77667
RPC_CC,1885,0.2479,discharge,-4.774,2.0,2.0,25.46,3600.0,3.2101,2.5496,138.3623,2.2603,0.77667
RPC_CC,1885,0.2479,discharge,-4.774,10.0,9.0,25.46,3600.0,3.2101,2.5499,138.2994,2.2603,0.77667
RPC_CC,1885,0.2447,charge,15.0,2.0,2.0,25.92,60.0,3.1216,3.7131,39.4333,2.2603,0.77667
RPC_CC,1885,0.2447,charge,15.0,10.0,9.0,25.92,60.0,3.1216,3.8356,47.6,2.2603,0.77667
RPC_CC,1885,0.9973,discharge,-30.001,2.0,2.0,25.5,3566.4,4.1264,3.1332,33.1056,2.2603,0.77667
RPC_CC,1885,0.9973,discharge,-30.001,10.0,9.0,25.5,3566.4,4.1264,3.0643,35.4022,2.2603,0.77667
RPC_CC,1885,0.9596,discharge,-30.001,2.0,2.0,26.66,300.0,4.0631,3.1601,30.099,2.2603,0.77667
RPC_CC,1885,0.9596,discharge,-30.001,10.0,9.0,26.66,300.0,4.0631,3.068,33.1689,2.2603,0.77667
RPC_CC,1885,0.9219,discharge,-30.001,2.0,2.0,27.05,300.0,4.0024,3.1557,28.2224,2.2603,0.77667
RPC_CC,1885,0.9219,discharge,-30.001,10.0,9.0,27.05,300.0,4.0024,3.0585,31.4623,2.2603,0.77667
RPC_CC,1885,0.8465,discharge,-30.001,2.0,2.0,26.88,300.0,3.881,3.0827,26.6091,2.2603,0.77667
RPC_CC,1885,0.8465,discharge,-30.001,10.0,9.01,26.88,300.0,3.881,2.9814,29.9857,2.2603,0.77667
RPC_CC,1885,0.7711,discharge,-30.0,2.0,2.0,26.77,300.0,3.7758,2.9884,26.2467,2.2603,0.77667
RPC_CC,1885,0.7711,discharge,-30.0,10.0,9.01,26.77,300.0,3.7758,2.8866,29.64,2.2603,0.77667
RPC_CC,1885,0.6958,discharge,-30.001,2.0,2.0,26.76,300.0,3.6838,2.8965,26.2425,2.2603,0.77667
RPC_CC,1885,0.6958,discharge,-30.001,10.0,9.0,26.76,300.0,3.6838,2.7942,29.6523,2.2603,0.77667
RPC_CC,1885,0.6204,discharge,-30.0,2.0,2.0,26.78,300.0,3.6183,2.8099,26.9467,2.2603,0.77667
RPC_CC,1885,0.6204,discharge,-30.0,10.0,9.0,26.78,300.0,3.6183,2.698,30.6767,2.2603,0.77667
RPC_CC,1885,0.545,discharge,-30.001,2.0,2.0,26.89,300.0,3.5602,2.7011,28.6357,2.2603,0.77667
RPC_CC,1885,0.545,discharge,-30.001,10.0,9.0,26.89,300.0,3.5602,2.5703,32.9956,2.2603,0.77667
RPC_CC,1885,0.4696,discharge,-25.549,2.0,2.0,27.05,300.0,3.498,2.5485,37.1639,2.2603,0.77667
RPC_CC,1885,0.4696,discharge,-25.549,10.0,9.0,27.05,300.0,3.498,2.5499,37.1091,2.2603,0.77667
RPC_CC,1885,0.3943,discharge,-17.178,2.0,2.0,27.16,300.0,3.4261,2.5494,51.0377,2.2603,0.77667
RPC_CC,1885,0.3943,discharge,-17.178,10.0,9.0,27.16,300.0,3.4261,2.5499,51.0086,2.2603,0.77667
RPC_CC,1885,0.3566,discharge,-13.253,2.0,2.0,26.98,300.0,3.3965,2.5495,63.9076,2.2603,0.77667
RPC_CC,1885,0.3566,discharge,-13.253,10.0,9.0,26.98,300.0,3.3965,2.5499,63.8775,2.2603,0.77667
RPC_CC,1885,0.319,discharge,-9.949,2.0,2.0,26.84,300.0,3.3656,2.5495,82.0312,2.2603,0.77667
RPC_CC,1885,0.319,discharge,-9.949,10.0,9.0,26.84,300.0,3.3656,2.5499,81.991,2.2603,0.77667
RPC_CC,1885,0.2815,discharge,-6.778,2.0,2.0,26.81,300.0,3.291,2.5497,109.3742,2.2603,0.77667
RPC_CC,1885,0.2815,discharge,-6.778,10.0,9.0,26.81,300.0,3.291,2.5499,109.3447,2.2603,0.77667
RPC_CC,1885,0.2592,discharge,-4.498,2.0,2.0,26.26,300.0,3.196,2.5497,143.7021,2.2603,0.77667
RPC_CC,1885,0.2592,discharge,-4.498,10.0,9.0,26.26,300.0,3.196,2.5499,143.6576,2.2603,0.77667
RPC_CC,1885,0.2482,discharge,-3.469,2.0,2.0,25.95,300.0,3.1315,2.5498,167.6804,2.2603,0.77667
RPC_CC,1885,0.2482,discharge,-3.469,10.0,9.0,25.95,300.0,3.1315,2.5499,167.6516,2.2603,0.77667
RPC_CC,1885,0.9975,discharge,-29.68,2.0,1.0,25.55,3878.2,4.126,3.191,31.5027,2.2603,0.77667
RPC_CC,1885,0.9975,discharge,-29.68,10.0,9.01,25.55,3878.2,4.126,3.0695,35.5964,2.2603,0.77667
RPC_CC,1885,0.9598,discharge,-29.59,2.0,1.0,26.64,300.0,4.0622,3.2244,28.3141,2.2603,0.77667
RPC_CC,1885,0.9598,discharge,-29.59,10.0,9.01,26.64,300.0,4.0622,3.0715,33.4815,2.2603,0.77667
RPC_CC,1885,0.9221,discharge,-29.547,2.0,2.0,27.0,300.0,4.0029,3.1802,27.8442,2.2603,0.77667
RPC_CC,1885,0.9221,discharge,-29.547,10.0,9.0,27.0,300.0,4.0029,3.062,31.8447,2.2603,0.77667
RPC_CC,1885,0.8468,discharge,-29.446,2.0,2.0,26.88,300.0,3.8839,3.1118,26.2209,2.2603,0.77667
RPC_CC,1885,0.8468,discharge,-29.446,10.0,9.0,26.88,300.0,3.8839,2.9909,30.3267,2.2603,0.77667
RPC_CC,1885,0.7714,discharge,-29.411,2.0,2.0,26.74,300.0,3.7808,3.0196,25.8815,2.2603,0.77667
RPC_CC,1885,0.7714,discharge,-29.411,10.0,9.0,26.74,300.0,3.7808,2.8967,30.0602,2.2603,0.77667
RPC_CC,1885,0.696,discharge,-29.383,2.0,2.0,26.71,300.0,3.6883,2.9275,25.8925,2.2603,0.77667
RPC_CC,1885,0.696,discharge,-29.383,10.0,9.0,26.71,300.0,3.6883,2.8044,30.082,2.2603,0.77667
RPC_CC,1885,0.6207,discharge,-29.279,2.0,1.0,26.74,300.0,3.6218,2.8816,25.2809,2.2603,0.77667
RPC_CC,1885,0.6207,discharge,-29.279,10.0,9.0,26.74,300.0,3.6218,2.7104,31.1281,2.2603,0.77667
RPC_CC,1885,0.5454,discharge,-29.075,2.0,1.0,26.8,300.0,3.5628,2.7928,26.4828,2.2603,0.77667
RPC_CC,1885,0.5454,discharge,-29.075,10.0,9.0,26.8,300.0,3.5628,2.5874,33.5471,2.2603,0.77667
RPC_CC,1885,0.4706,discharge,-22.64,2.0,2.0,27.0,300.1,3.4987,2.7499,33.0742,2.2603,0.77667
RPC_CC,1885,0.4706,discharge,-22.64,10.0,9.01,27.0,300.1,3.4987,2.5789,40.6272,2.2603,0.77667
RPC_CC,1885,0.3958,discharge,-14.97,2.0,2.0,26.99,300.0,3.4245,2.7858,42.6639,2.2603,0.77667
RPC_CC,1885,0.3958,discharge,-14.97,10.0,9.0,26.99,300.0,3.4245,2.593,55.5426,2.2603,0.77667
RPC_CC,1885,0.3584,discharge,-11.252,2.0,2.0,26.73,300.0,3.394,2.8328,49.8778,2.2603,0.77667
RPC_CC,1885,0.3584,discharge,-11.252,10.0,9.0,26.73,300.0,3.394,2.6131,69.4041,2.2603,0.77667
RPC_CC,1885,0.321,discharge,-8.137,2.0,2.0,26.61,300.0,3.3622,2.8938,57.5656,2.2603,0.77667
RPC_CC,1885,0.321,discharge,-8.137,10.0,9.0,26.61,300.0,3.3622,2.6506,87.4545,2.2603,0.77667
RPC_CC,1885,0.2835,discharge,-5.326,2.0,2.0,26.66,300.0,3.28,2.928,66.094,2.2603,0.77667
RPC_CC,1885,0.2835,discharge,-5.326,10.0,9.0,26.66,300.0,3.28,2.6877,111.2144,2.2603,0.77667
RPC_CC,1885,0.261,discharge,-3.485,2.0,2.0,26.08,300.0,3.1725,2.9004,78.0831,2.2603,0.77667
RPC_CC,1885,0.261,discharge,-3.485,10.0,9.0,26.08,300.0,3.1725,2.6898,138.5178,2.2603,0.77667
RPC_CC,1885,0.2498,discharge,-2.676,2.0,2.0,25.81,300.0,3.0958,2.8668,85.5707,2.2603,0.77667
RPC_CC,1885,0.2498,discharge,-2.676,10.0,9.0,25.81,300.0,3.0958,2.6785,155.933,2.2603,0.77667
RPC_CC,1885,0.9975,discharge,-29.732,2.0,2.0,25.55,3913.5,4.1252,3.1511,32.7627,2.2603,0.77667
RPC_CC,1885,0.9975,discharge,-29.732,10.0,9.0,25.55,3913.5,4.1252,3.0644,35.6787,2.2603,0.77667
RPC_CC,1885,0.9598,discharge,-29.629,2.0,2.0,26.7,300.0,4.0616,3.1814,29.7079,2.2603,0.77667
RPC_CC,1885,0.9598,discharge,-29.629,10.0,9.0,26.7,300.0,4.0616,3.0674,33.5555,2.2603,0.77667
RPC_CC,1885,0.9221,discharge,-29.586,2.0,2.0,27.0,300.0,4.0019,3.176,27.9152,2.2603,0.77667
RPC_CC,1885,0.9221,discharge,-29.586,10.0,9.0,27.0,300.0,4.0019,3.058,31.9036,2.2603,0.77667
RPC_CC,1885,0.8468,discharge,-29.489,2.0,2.0,26.87,300.0,3.8831,3.1075,26.3013,2.2603,0.77667
RPC_CC,1885,0.8468,discharge,-29.489,10.0,9.0,26.87,300.0,3.8831,2.9867,30.3978,2.2603,0.77667
RPC_CC,1885,0.7714,discharge,-29.541,2.0,2.0,26.77,300.0,3.7795,3.0137,25.9233,2.2603,0.77667
RPC_CC,1885,0.7714,discharge,-29.541,10.0,9.0,26.77,300.0,3.7795,2.8913,30.0667,2.2603,0.77667
RPC_CC,1885,0.696,discharge,-29.509,2.0,1.0,26.73,300.0,3.6873,2.9569,24.7514,2.2603,0.77667
RPC_CC,1885,0.696,discharge,-29.509,10.0,9.01,26.73,300.0,3.6873,2.7994,30.0886,2.2603,0.77667
RPC_CC,1885,0.6207,discharge,-29.426,2.0,2.0,26.74,300.0,3.6211,2.84,26.5441,2.2603,0.77667
RPC_CC,1885,0.6207,discharge,-29.426,10.0,9.0,26.74,300.0,3.6211,2.705,31.1318,2.2603,0.77667
RPC_CC,1885,0.5454,discharge,-29.107,2.0,2.0,26.83,300.0,3.5624,2.7456,28.0625,2.2603,0.77667
RPC_CC,1885,0.5454,discharge,-29.107,10.0,9.0,26.83,300.0,3.5624,2.5853,33.5698,2.2603,0.77667
RPC_CC,1885,0.4706,discharge,-22.66,2.0,2.0,26.98,300.0,3.4981,2.7471,33.1414,2.2603,0.77667
RPC_CC,1885,0.4706,discharge,-22.66,10.0,9.0,26.98,300.0,3.4981,2.5772,40.639,2.2603,0.77667
RPC_CC,1885,0.3958,discharge,-15.635,2.0,2.0,26.99,300.0,3.424,2.7641,42.2066,2.2603,0.77667
RPC_CC,1885,0.3958,discharge,-15.635,10.0,9.01,26.99,300.0,3.424,2.5643,54.9856,2.2603,0.77667
RPC_CC,1885,0.3584,discharge,-12.029,2.0,2.0,26.74,300.0,3.3939,2.8046,48.9879,2.2603,0.77667
RPC_CC,1885,0.3584,discharge,-12.029,10.0,9.0,26.74,300.0,3.3939,2.5711,68.3985,2.2603,0.77667
RPC_CC,1885,0.3209,discharge,-9.132,2.0,2.0,26.64,300.1,3.3616,2.8518,55.8266,2.2603,0.77667
RPC_CC,1885,0.3209,discharge,-9.132,10.0,9.01,26.64,300.1,3.3616,2.5815,85.4263,2.2603,0.77667
RPC_CC,1885,0.2834,discharge,-6.431,2.0,2.0,26.68,300.1,3.2778,2.8705,63.3353,2.2603,0.77667
RPC_CC,1885,0.2834,discharge,-6.431,10.0,9.0,26.68,300.1,3.2778,2.5809,108.3683,2.2603,0.77667
RPC_CC,1885,0.261,discharge,-4.406,2.0,2.0,26.12,300.0,3.1682,2.8401,74.459,2.2603,0.77667
RPC_CC,1885,0.261,discharge,-4.406,10.0,9.0,26.12,300.0,3.1682,2.5737,134.9159,2.2603,0.77667
RPC_CC,1885,0.2497,discharge,-3.438,2.0,1.0,25.82,300.1,3.0889,2.8632,65.642,2.2603,0.77667
RPC_CC,1885,0.2497,discharge,-3.438,10.0,9.0,25.82,300.1,3.0889,2.5664,151.9624,2.2603,0.77667
RPC_CC,1885,0.9627,charge,1.151,2.0,2.0,25.92,300.0,4.0549,4.1501,82.743,2.2603,0.77667
RPC_CC,1885,0.9252,charge,2.325,2.0,2.0,25.97,300.0,3.9898,4.1501,68.9581,2.2603,0.77667
RPC_CC,1885,0.9252,charge,2.325,10.0,9.0,25.97,300.0,3.9898,4.15,68.9151,2.2603,0.77667
RPC_CC,1885,0.8503,charge,5.996,2.0,2.0,26.2,300.0,3.8769,4.1501,45.5626,2.2603,0.77667
RPC_CC,1885,0.8503,charge,5.996,10.0,9.0,26.2,300.0,3.8769,4.15,45.5459,2.2603,0.77667
RPC_CC,1885,0.7752,charge,9.917,2.0,2.0,26.2,300.0,3.7741,4.1501,37.916,2.2603,0.77667
RPC_CC,1885,0.7752,charge,9.917,10.0,9.0,26.2,300.0,3.7741,4.1501,37.916,2.2603,0.77667
RPC_CC,1885,0.6999,charge,14.073,2.0,2.0,26.2,300.0,3.6841,4.1403,32.4155,2.2603,0.77667
RPC_CC,1885,0.6999,charge,14.073,10.0,9.01,26.2,300.0,3.6841,4.1501,33.1119,2.2603,0.77667
RPC_CC,1885,0.6245,charge,15.001,2.0,2.0,26.27,300.0,3.6195,4.0819,30.8246,2.2603,0.77667
RPC_CC,1885,0.6245,charge,15.001,10.0,9.0,26.27,300.0,3.6195,4.1267,33.8111,2.2603,0.77667
RPC_CC,1885,0.5491,charge,15.001,2.0,2.0,26.34,300.0,3.5604,4.0373,31.7912,2.2603,0.77667
RPC_CC,1885,0.5491,charge,15.001,10.0,9.0,26.34,300.0,3.5604,4.0817,34.751,2.2603,0.77667
RPC_CC,1885,0.4738,charge,15.001,2.0,1.0,26.54,300.0,3.4958,3.9694,31.5712,2.2603,0.77667
RPC_CC,1885,0.4738,charge,15.001,10.0,9.01,26.54,300.0,3.4958,4.0381,36.1509,2.2603,0.77667
RPC_CC,1885,0.3984,charge,15.001,2.0,2.0,26.71,300.0,3.4236,3.9196,33.0645,2.2603,0.77667
RPC_CC,1885,0.3984,charge,15.001,10.0,9.0,26.71,300.0,3.4236,3.9734,36.6509,2.2603,0.77667
RPC_CC,1885,0.3607,charge,15.001,2.0,2.0,26.6,300.0,3.3948,3.8981,33.5511,2.2603,0.77667
RPC_CC,1885,0.3607,charge,15.001,10.0,9.0,26.6,300.0,3.3948,3.9457,36.7242,2.2603,0.77667
RPC_CC,1885,0.323,charge,15.001,2.0,2.0,26.64,300.0,3.3644,3.8815,34.471,2.2603,0.77667
RPC_CC,1885,0.323,charge,15.001,10.0,9.01,26.64,300.0,3.3644,3.9287,37.6175,2.2603,0.77667
RPC_CC,1885,0.2853,charge,15.001,2.0,2.0,26.77,300.0,3.2834,3.8302,36.4509,2.2603,0.77667
RPC_CC,1885,0.2853,charge,15.001,10.0,9.0,26.77,300.0,3.2834,3.9055,41.4706,2.2603,0.77667
RPC_CC,1885,0.2627,charge,15.001,2.0,2.0,26.06,300.0,3.1751,3.7607,39.0374,2.2603,0.77667
RPC_CC,1885,0.2627,charge,15.001,10.0,9.0,26.06,300.0,3.1751,3.8748,46.6436,2.2603,0.77667
RPC_CC,1885,0.2514,charge,15.001,2.0,1.0,25.75,300.0,3.1016,3.6737,38.1375,2.2603,0.77667
RPC_CC,1885,0.2514,charge,15.001,10.0,9.01,25.75,300.0,3.1016,3.8414,49.3167,2.2603,0.77667
RPC_CC,1885,0.9248,charge,2.118,2.0,2.0,25.99,300.1,3.9903,4.1133,58.0846,2.2603,0.77667
RPC_CC,1885,0.9248,charge,2.118,10.0,9.0,25.99,300.1,3.9903,4.143,72.1099,2.2603,0.77667
RPC_CC,1885,0.8498,charge,5.542,2.0,2.0,26.18,300.1,3.8779,4.1104,41.9508,2.2603,0.77667
RPC_CC,1885,0.8498,charge,5.542,10.0,9.0,26.18,300.1,3.8779,4.145,48.1939,2.2603,0.77667
RPC_CC,1885,0.7748,charge,9.185,2.0,2.0,26.18,300.1,3.7746,4.1027,35.7199,2.2603,0.77667
RPC_CC,1885,0.7748,charge,9.185,10.0,9.0,26.18,300.1,3.7746,4.1455,40.3795,2.2603,0.77667
RPC_CC,1885,0.6998,charge,13.119,2.0,2.0,26.19,300.1,3.6845,4.1033,31.9232,2.2603,0.77667
RPC_CC,1885,0.6998,charge,13.119,10.0,9.0,26.19,300.1,3.6845,4.1484,35.3609,2.2603,0.77667
RPC_CC,1885,0.6246,charge,15.057,2.0,2.0,26.27,300.1,3.6198,4.0859,30.9557,2.2603,0.77667
RPC_CC,1885,0.6246,charge,15.057,10.0,9.0,26.27,300.1,3.6198,4.1271,33.692,2.2603,0.77667
RPC_CC,1885,0.5492,charge,15.053,2.0,2.0,26.34,300.1,3.5609,4.0415,31.9261,2.2603,0.77667
RPC_CC,1885,0.5492,charge,15.053,10.0,9.0,26.34,300.1,3.5609,4.0823,34.6365,2.2603,0.77667
RPC_CC,1885,0.4738,charge,15.064,2.0,2.0,26.5,300.1,3.4966,3.9912,32.8322,2.2603,0.77667
RPC_CC,1885,0.4738,charge,15.064,10.0,9.0,26.5,300.1,3.4966,4.0391,36.0118,2.2603,0.77667
RPC_CC,1885,0.3985,charge,15.07,2.0,2.0,26.72,300.1,3.4243,3.9255,33.2581,2.2603,0.77667
RPC_CC,1885,0.3985,charge,15.07,10.0,9.0,26.72,300.1,3.4243,3.975,36.5428,2.2603,0.77667
RPC_CC,1885,0.3608,charge,15.061,2.0,2.0,26.59,300.1,3.3955,3.9034,33.7229,2.2603,0.77667
RPC_CC,1885,0.3608,charge,15.061,10.0,9.0,26.59,300.1,3.3955,3.9469,36.6111,2.2603,0.77667
RPC_CC,1885,0.3231,charge,15.058,2.0,2.0,26.64,300.1,3.3655,3.8869,34.6261,2.2603,0.77667
RPC_CC,1885,0.3231,charge,15.058,10.0,9.0,26.64,300.1,3.3655,3.9299,37.4817,2.2603,0.77667
RPC_CC,1885,0.2854,charge,15.079,2.0,2.0,26.77,300.1,3.2868,3.8414,36.7808,2.2603,0.77667
RPC_CC,1885,0.2854,charge,15.079,10.0,9.0,26.77,300.1,3.2868,3.9075,41.1646,2.2603,0.77667
RPC_CC,1885,0.2629,charge,15.131,2.0,2.0,26.08,300.1,3.1807,3.7789,39.5347,2.2603,0.77667
RPC_CC,1885,0.2629,charge,15.131,10.0,9.01,26.08,300.1,3.1807,3.8805,46.2494,2.2603,0.77667
RPC_CC,1885,0.2515,charge,15.154,2.0,2.0,25.74,300.1,3.1098,3.7329,41.1192,2.2603,0.77667
RPC_CC,1885,0.2515,charge,15.154,10.0,9.0,25.74,300.1,3.1098,3.8493,48.8006,2.2603,0.77667
RPC_CC,2006,0.9973,discharge,-30.001,2.0,2.0,25.45,6826.6,4.0939,2.9778,37.2021,2.1266,0.73072
RPC_CC,2006,0.9973,discharge,-30.001,10.0,9.0,25.45,6826.6,4.0939,2.9026,39.7087,2.1266,0.73072
RPC_CC,2006,0.9728,charge,1.425,2.0,2.0,28.17,60.0,3.9968,4.1501,107.6092,2.1266,0.73072
RPC_CC,2006,0.9728,charge,1.425,10.0,9.0,28.17,60.0,3.9968,4.15,107.539,2.1266,0.73072
RPC_CC,2006,0.9618,discharge,-30.001,2.0,2.0,25.48,3600.0,4.0622,2.9895,35.7555,2.1266,0.73072
RPC_CC,2006,0.9618,discharge,-30.001,10.0,9.0,25.48,3600.0,4.0622,2.8925,38.9887,2.1266,0.73072
RPC_CC,2006,0.9376,charge,2.785,2.0,2.0,28.03,60.0,3.9344,4.1501,77.4423,2.1266,0.73072
RPC_CC,2006,0.9376,charge,2.785,10.0,9.0,28.03,60.0,3.9344,4.15,77.4064,2.1266,0.73072
RPC_CC,2006,0.9264,discharge,-30.001,2.0,2.0,25.48,3600.0,4.0061,2.9812,34.1622,2.1266,0.73072
RPC_CC,2006,0.9264,discharge,-30.001,10.0,9.0,25.48,3600.0,4.0061,2.88,37.5354,2.1266,0.73072
RPC_CC,2006,0.9023,charge,4.0,2.0,2.0,27.9,60.0,3.8874,4.1501,65.6717,2.1266,0.73072
RPC_CC,2006,0.9023,charge,4.0,10.0,9.0,27.9,60.0,3.8874,4.15,65.6467,2.1266,0.73072
RPC_CC,2006,0.8554,discharge,-30.001,2.0,2.0,25.46,3600.0,3.8848,2.9218,32.0989,2.1266,0.73072
RPC_CC,2006,0.8554,discharge,-30.001,10.0,9.0,25.46,3600.0,3.8848,2.8215,35.4422,2.1266,0.73072
RPC_CC,2006,0.8316,charge,6.792,2.0,2.0,27.73,60.0,3.7928,4.1502,52.6184,2.1266,0.73072
RPC_CC,2006,0.8316,charge,6.792,10.0,9.0,27.73,60.0,3.7928,4.1501,52.6037,2.1266,0.73072
RPC_CC,2006,0.7845,discharge,-30.0,2.0,2.0,25.47,3600.0,3.7987,2.8542,31.4833,2.1266,0.73072
RPC_CC,2006,0.7845,discharge,-30.0,10.0,9.0,25.47,3600.0,3.7987,2.7497,34.9667,2.1266,0.73072
RPC_CC,2006,0.7609,charge,9.613,2.0,2.0,27.72,60.0,3.7106,4.1502,45.7288,2.1266,0.73072
RPC_CC,2006,0.7609,charge,9.613,10.0,9.0,27.72,60.0,3.7106,4.15,45.708,2.1266,0.73072
RPC_CC,2006,0.7136,discharge,-30.001,2.0,2.0,25.47,3600.0,3.7211,2.7853,31.1923,2.1266,0.73072
RPC_CC,2006,0.7136,discharge,-30.001,10.0,9.0,25.47,3600.0,3.7211,2.6781,34.7655,2.1266,0.73072
RPC_CC,2006,0.69,charge,12.367,2.0,2.0,27.77,60.0,3.643,4.1502,41.0124,2.1266,0.73072
RPC_CC,2006,0.69,charge,12.367,10.0,9.0,27.77,60.0,3.643,4.1501,41.0043,2.1266,0.73072
RPC_CC,2006,0.6427,discharge,-30.001,2.0,2.0,25.48,3600.0,3.6559,2.7212,31.1556,2.1266,0.73072
RPC_CC,2006,0.6427,discharge,-30.001,10.0,9.0,25.48,3600.0,3.6559,2.6066,34.9755,2.1266,0.73072
RPC_CC,2006,0.619,charge,14.775,2.0,2.0,27.82,60.0,3.5874,4.123,36.2504,2.1266,0.73072
RPC_CC,2006,0.619,charge,14.775,10.0,9.0,27.82,60.0,3.5874,4.1501,38.0846,2.1266,0.73072
RPC_CC,2006,0.5718,discharge,-30.0,2.0,2.0,25.48,3600.0,3.6033,2.6484,31.83,2.1266,0.73072
RPC_CC,2006,0.5718,discharge,-30.0,10.0,9.0,25.48,3600.0,3.6033,2.5498,35.1167,2.1266,0.73072
RPC_CC,2006,0.5483,charge,15.001,2.0,2.0,27.89,60.0,3.5352,4.0751,35.9909,2.1266,0.73072
RPC_CC,2006,0.5483,charge,15.001,10.0,9.0,27.89,60.0,3.5352,4.1385,40.2173,2.1266,0.73072
RPC_CC,2006,0.5012,discharge,-25.31,2.0,2.0,25.49,3600.0,3.5389,2.5483,39.1387,2.1266,0.73072
RPC_CC,2006,0.5012,discharge,-25.31,10.0,9.0,25.49,3600.0,3.5389,2.5498,39.0794,2.1266,0.73072
RPC_CC,2006,0.4809,charge,15.001,2.0,2.0,27.55,60.0,3.4786,4.0325,36.9242,2.1266,0.73072
RPC_CC,2006,0.4809,charge,15.001,10.0,9.0,27.55,60.0,3.4786,4.0993,41.3772,2.1266,0.73072
RPC_CC,2006,0.4299,discharge,-17.801,2.0,1.0,25.46,3600.0,3.4571,2.5487,51.0308,2.1266,0.73072
RPC_CC,2006,0.4299,discharge,-17.801,10.0,9.0,25.46,3600.0,3.4571,2.5499,50.9634,2.1266,0.73072
RPC_CC,2006,0.4155,charge,15.001,2.0,2.0,26.96,60.0,3.4147,3.9839,37.9441,2.1266,0.73072
RPC_CC,2006,0.4155,charge,15.001,10.0,9.0,26.96,60.0,3.4147,4.0476,42.1905,2.1266,0.73072
RPC_CC,2006,0.3945,discharge,-14.326,2.0,2.0,25.46,3600.0,3.4253,2.5494,61.1406,2.1266,0.73072
RPC_CC,2006,0.3945,discharge,-14.326,10.0,9.0,25.46,3600.0,3.4253,2.5499,61.1057,2.1266,0.73072
RPC_CC,2006,0.383,charge,15.001,2.0,2.0,26.68,60.0,3.3885,3.9715,38.8641,2.1266,0.73072
RPC_CC,2006,0.383,charge,15.001,10.0,9.0,26.68,60.0,3.3885,4.0299,42.7571,2.1266,0.73072
RPC_CC,2006,0.3591,discharge,-10.878,2.0,2.0,25.46,3600.0,3.4011,2.5494,78.2956,2.1266,0.73072
RPC_CC,2006,0.3591,discharge,-10.878,10.0,9.0,25.46,3600.0,3.4011,2.5499,78.2497,2.1266,0.73072
RPC_CC,2006,0.3504,charge,15.001,2.0,2.0,26.42,60.0,3.3546,3.9595,40.324,2.1266,0.73072
RPC_CC,2006,0.3504,charge,15.001,10.0,9.0,26.42,60.0,3.3546,4.0216,44.4637,2.1266,0.73072
RPC_CC,2006,0.3237,discharge,-7.76,2.0,2.0,25.44,3600.0,3.36,2.5495,104.4432,2.1266,0.73072
RPC_CC,2006,0.3237,discharge,-7.76,10.0,9.0,25.44,3600.0,3.36,2.5499,104.3916,2.1266,0.73072
RPC_CC,2006,0.3177,charge,15.001,2.0,2.0,26.2,60.0,3.2851,3.9226,42.4972,2.1266,0.73072
RPC_CC,2006,0.3177,charge,15.001,10.0,9.0,26.2,60.0,3.2851,4.007,48.1235,2.1266,0.73072
RPC_CC,2006,0.3026,discharge,-5.82,2.0,2.0,25.46,3600.0,3.2878,2.5495,126.847,2.1266,0.73072
RPC_CC,2006,0.3026,discharge,-5.82,10.0,9.0,25.46,3600.0,3.2878,2.55,126.761,2.1266,0.73072
RPC_CC,2006,0.2983,charge,15.001,2.0,2.0,26.02,60.0,3.2021,3.8621,43.9971,2.1266,0.73072
RPC_CC,2006,0.2983,charge,15.001,10.0,9.0,26.02,60.0,3.2021,3.9768,51.6432,2.1266,0.73072
RPC_CC,2006,0.2921,discharge,-4.929,2.0,2.0,25.44,3600.0,3.2385,2.5496,139.7533,2.1266,0.73072
RPC_CC,2006,0.2921,discharge,-4.929,10.0,9.0,25.44,3600.0,3.2385,2.5499,139.6925,2.1266,0.73072
RPC_CC,2006,0.2887,charge,15.001,2.0,2.0,25.93,60.0,3.1482,3.8221,44.9237,2.1266,0.73072
RPC_CC,2006,0.2887,charge,15.001,10.0,9.0,25.93,60.0,3.1482,3.9499,53.4431,2.1266,0.73072
RPC_CC,2006,0.9973,discharge,-30.001,2.0,2.0,25.51,4389.0,4.1079,2.9773,37.6854,2.1266,0.73072
RPC_CC,2006,0.9973,discharge,-30.001,10.0,9.0,25.51,4389.0,4.1079,2.9038,40.1353,2.1266,0.73072
RPC_CC,2006,0.9618,discharge,-30.0,2.0,2.0,26.85,300.0,4.0429,3.0121,34.36,2.1266,0.73072
RPC_CC,2006,0.9618,discharge,-30.0,10.0,9.0,26.85,300.0,4.0429,2.9197,37.44,2.1266,0.73072
RPC_CC,2006,0.9264,discharge,-30.0,2.0,2.0,27.27,300.0,3.9746,3.0112,32.1133,2.1266,0.73072
RPC_CC,2006,0.9264,discharge,-30.0,10.0,9.0,27.27,300.0,3.9746,2.9135,35.37,2.1266,0.73072
RPC_CC,2006,0.8554,discharge,-30.0,2.0,2.0,27.09,300.0,3.8507,2.9366,30.47,2.1266,0.73072
RPC_CC,2006,0.8554,discharge,-30.0,10.0,9.0,27.09,300.0,3.8507,2.8406,33.67,2.1266,0.73072
RPC_CC,2006,0.7845,discharge,-30.0,2.0,2.0,27.02,300.0,3.7413,2.8499,29.7133,2.1266,0.73072
RPC_CC,2006,0.7845,discharge,-30.0,10.0,9.0,27.02,300.0,3.7413,2.7592,32.7367,2.1266,0.73072
RPC_CC,2006,0.7136,discharge,-30.0,2.0,1.0,26.97,300.0,3.6616,2.8063,28.51,2.1266,0.73072
RPC_CC,2006,0.7136,discharge,-30.0,10.0,9.01,26.97,300.0,3.6616,2.6791,32.75,2.1266,0.73072
RPC_CC,2006,0.6427,discharge,-30.0,2.0,2.0,27.02,300.0,3.6028,2.697,30.1933,2.1266,0.73072
RPC_CC,2006,0.6427,discharge,-30.0,10.0,9.01,27.02,300.0,3.6028,2.5903,33.75,2.1266,0.73072
RPC_CC,2006,0.5718,discharge,-28.637,2.0,2.0,27.1,300.0,3.5488,2.5977,33.2123,2.1266,0.73072
RPC_CC,2006,0.5718,discharge,-28.637,10.0,9.0,27.1,300.0,3.5488,2.5499,34.8814,2.1266,0.73072
RPC_CC,2006,0.5008,discharge,-21.971,2.0,2.0,27.21,300.0,3.4881,2.5493,42.7281,2.1266,0.73072
RPC_CC,2006,0.5008,discharge,-21.971,10.0,9.0,27.21,300.0,3.4881,2.5499,42.7008,2.1266,0.73072
RPC_CC,2006,0.4299,discharge,-15.21,2.0,2.0,27.19,300.0,3.42,2.5494,57.2387,2.1266,0.73072
RPC_CC,2006,0.4299,discharge,-15.21,10.0,9.0,27.19,300.0,3.42,2.5499,57.2058,2.1266,0.73072
RPC_CC,2006,0.3945,discharge,-11.601,2.0,2.0,26.91,300.0,3.3929,2.5495,72.7006,2.1266,0.73072
RPC_CC,2006,0.3945,discharge,-11.601,10.0,9.01,26.91,300.0,3.3929,2.55,72.6575,2.1266,0.73072
RPC_CC,2006,0.3591,discharge,-8.824,2.0,2.0,26.79,300.0,3.3622,2.5495,92.0964,2.1266,0.73072
RPC_CC,2006,0.3591,discharge,-8.824,10.0,9.0,26.79,300.0,3.3622,2.5499,92.0511,2.1266,0.73072
RPC_CC,2006,0.3238,discharge,-6.163,2.0,2.0,26.77,300.0,3.2903,2.5496,120.1889,2.1266,0.73072
RPC_CC,2006,0.3238,discharge,-6.163,10.0,9.0,26.77,300.0,3.2903,2.5499,120.1402,2.1266,0.73072
RPC_CC,2006,0.3028,discharge,-4.321,2.0,2.0,26.21,300.0,3.2105,2.5497,152.94,2.1266,0.73072
RPC_CC,2006,0.3028,discharge,-4.321,10.0,9.0,26.21,300.0,3.2105,2.55,152.8705,2.1266,0.73072
RPC_CC,2006,0.2924,discharge,-3.505,2.0,2.0,25.93,300.0,3.1603,2.5497,174.1983,2.1266,0.73072
RPC_CC,2006,0.2924,discharge,-3.505,10.0,9.0,25.93,300.0,3.1603,2.55,174.1127,2.1266,0.73072
RPC_CC,2006,0.9976,discharge,-29.751,2.0,2.0,25.48,4373.0,4.1072,2.9997,37.2256,2.1266,0.73072
RPC_CC,2006,0.9976,discharge,-29.751,10.0,9.0,25.48,4373.0,4.1072,2.9033,40.4659,2.1266,0.73072
RPC_CC,2006,0.9622,discharge,-29.639,2.0,2.0,26.8,300.1,4.0417,3.0372,33.8917,2.1266,0.73072
RPC_CC,2006,0.9622,discharge,-29.639,10.0,9.0,26.8,300.1,4.0417,2.9194,37.8663,2.1266,0.73072
RPC_CC,2006,0.9267,discharge,-29.587,2.0,2.0,27.2,300.0,3.9724,3.0348,31.6891,2.1266,0.73072
RPC_CC,2006,0.9267,discharge,-29.587,10.0,9.0,27.2,300.0,3.9724,2.9128,35.8124,2.1266,0.73072
RPC_CC,2006,0.8557,discharge,-29.572,2.0,2.0,27.04,300.0,3.8482,2.9591,30.0661,2.1266,0.73072
RPC_CC,2006,0.8557,discharge,-29.572,10.0,9.0,27.04,300.0,3.8482,2.8406,34.0733,2.1266,0.73072
RPC_CC,2006,0.7848,discharge,-29.565,2.0,2.0,26.96,300.0,3.7389,2.8715,29.3387,2.1266,0.73072
RPC_CC,2006,0.7848,discharge,-29.565,10.0,9.0,26.96,300.0,3.7389,2.7595,33.127,2.1266,0.73072
RPC_CC,2006,0.7139,discharge,-29.506,2.0,2.0,26.9,300.0,3.66,2.7984,29.2003,2.1266,0.73072
RPC_CC,2006,0.7139,discharge,-29.506,10.0,9.0,26.9,300.0,3.66,2.68,33.213,2.1266,0.73072
RPC_CC,2006,0.643,discharge,-29.412,2.0,2.0,26.95,300.1,3.6014,2.7267,29.7396,2.1266,0.73072
RPC_CC,2006,0.643,discharge,-29.412,10.0,9.0,26.95,300.1,3.6014,2.5913,34.3431,2.1266,0.73072
RPC_CC,2006,0.5724,discharge,-25.893,2.0,2.0,27.04,300.1,3.5471,2.7067,32.456,2.1266,0.73072
RPC_CC,2006,0.5724,discharge,-25.893,10.0,9.0,27.04,300.1,3.5471,2.5562,38.2683,2.1266,0.73072
RPC_CC,2006,0.502,discharge,-19.826,2.0,2.0,27.07,300.1,3.4855,2.732,38.0056,2.1266,0.73072
RPC_CC,2006,0.502,discharge,-19.826,10.0,9.0,27.07,300.1,3.4855,2.5625,46.555,2.1266,0.73072
RPC_CC,2006,0.4316,discharge,-13.112,2.0,2.0,27.0,300.0,3.4178,2.7922,47.712,2.1266,0.73072
RPC_CC,2006,0.4316,discharge,-13.112,10.0,9.0,27.0,300.0,3.4178,2.5883,63.2627,2.1266,0.73072
RPC_CC,2006,0.3964,discharge,-9.887,2.0,2.0,26.68,300.0,3.39,2.851,54.518,2.1266,0.73072
RPC_CC,2006,0.3964,discharge,-9.887,10.0,9.0,26.68,300.0,3.39,2.6147,78.4189,2.1266,0.73072
RPC_CC,2006,0.3612,discharge,-7.244,2.0,2.0,26.58,300.0,3.3578,2.9139,61.2745,2.1266,0.73072
RPC_CC,2006,0.3612,discharge,-7.244,10.0,9.0,26.58,300.0,3.3578,2.6561,96.8604,2.1266,0.73072
RPC_CC,2006,0.3259,discharge,-4.871,2.0,1.0,26.62,300.0,3.2803,3.0017,57.1962,2.1266,0.73072
RPC_CC,2006,0.3259,discharge,-4.871,10.0,9.01,26.62,300.0,3.2803,2.7,119.1349,2.1266,0.73072
RPC_CC,2006,0.3047,discharge,-3.367,2.0,2.0,26.06,300.0,3.1934,2.9246,79.8254,2.1266,0.73072
RPC_CC,2006,0.3047,discharge,-3.367,10.0,9.0,26.06,300.0,3.1934,2.7123,142.872,2.1266,0.73072
RPC_CC,2006,0.2942,discharge,-2.715,2.0,2.0,25.76,300.0,3.137,2.9028,86.2726,2.1266,0.73072
RPC_CC,2006,0.2942,discharge,-2.715,10.0,9.0,25.76,300.0,3.137,2.7107,157.0368,2.1266,0.73072
RPC_CC,2006,0.9976,discharge,-29.797,2.0,2.0,25.51,4395.9,4.1065,2.9949,37.3051,2.1266,0.73072
RPC_CC,2006,0.9976,discharge,-29.797,10.0,9.01,25.51,4395.9,4.1065,2.8989,40.5269,2.1266,0.73072
RPC_CC,2006,0.9622,discharge,-29.675,2.0,2.0,26.84,300.1,4.041,3.0333,33.9573,2.1266,0.73072
RPC_CC,2006,0.9622,discharge,-29.675,10.0,9.0,26.84,300.1,4.041,2.9159,37.9134,2.1266,0.73072
RPC_CC,2006,0.9267,discharge,-29.625,2.0,2.0,27.2,300.0,3.9715,3.0309,31.7507,2.1266,0.73072
RPC_CC,2006,0.9267,discharge,-29.625,10.0,9.0,27.2,300.0,3.9715,2.9094,35.8521,2.1266,0.73072
RPC_CC,2006,0.8557,discharge,-29.611,2.0,2.0,27.07,300.0,3.8466,2.955,30.1109,2.1266,0.73072
RPC_CC,2006,0.8557,discharge,-29.611,10.0,9.0,27.07,300.0,3.8466,2.837,34.096,2.1266,0.73072
RPC_CC,2006,0.7848,discharge,-29.599,2.0,2.0,26.95,300.1,3.7374,2.8681,29.3692,2.1266,0.73072
RPC_CC,2006,0.7848,discharge,-29.599,10.0,9.0,26.95,300.1,3.7374,2.7563,33.1464,2.1266,0.73072
RPC_CC,2006,0.7139,discharge,-29.537,2.0,2.0,26.92,300.1,3.6591,2.7955,29.2379,2.1266,0.73072
RPC_CC,2006,0.7139,discharge,-29.537,10.0,9.0,26.92,300.1,3.6591,2.6774,33.2363,2.1266,0.73072
RPC_CC,2006,0.643,discharge,-29.442,2.0,2.0,26.98,300.1,3.6005,2.724,29.7699,2.1266,0.73072
RPC_CC,2006,0.643,discharge,-29.442,10.0,9.01,26.98,300.1,3.6005,2.5887,34.3653,2.1266,0.73072
RPC_CC,2006,0.5724,discharge,-25.919,2.0,2.0,27.02,300.0,3.5462,2.7038,32.5013,2.1266,0.73072
RPC_CC,2006,0.5724,discharge,-25.919,10.0,9.0,27.02,300.0,3.5462,2.5539,38.2847,2.1266,0.73072
RPC_CC,2006,0.502,discharge,-19.847,2.0,1.0,27.08,300.0,3.4846,2.7915,34.9222,2.1266,0.73072
RPC_CC,2006,0.502,discharge,-19.847,10.0,9.0,27.08,300.0,3.4846,2.5602,46.5763,2.1266,0.73072
RPC_CC,2006,0.4316,discharge,-13.126,2.0,2.0,27.0,300.0,3.4171,2.7895,47.8135,2.1266,0.73072
RPC_CC,2006,0.4316,discharge,-13.126,10.0,9.01,27.0,300.0,3.4171,2.5855,63.3552,2.1266,0.73072
RPC_CC,2006,0.3964,discharge,-10.598,2.0,2.0,26.67,300.0,3.3893,2.8218,53.5478,2.1266,0.73072
RPC_CC,2006,0.3964,discharge,-10.598,10.0,9.0,26.67,300.0,3.3893,2.573,77.024,2.1266,0.73072
RPC_CC,2006,0.3611,discharge,-8.191,2.0,2.0,26.61,300.1,3.3565,2.8709,59.2878,2.1266,0.73072
RPC_CC,2006,0.3611,discharge,-8.191,10.0,9.0,26.61,300.1,3.3565,2.5853,94.1573,2.1266,0.73072
RPC_CC,2006,0.3258,discharge,-5.994,2.0,2.0,26.66,300.1,3.277,2.8827,65.7792,2.1266,0.73072
RPC_CC,2006,0.3258,discharge,-5.994,10.0,9.01,26.66,300.1,3.277,2.5852,115.4096,2.1266,0.73072
RPC_CC,2006,0.3047,discharge,-4.393,2.0,2.0,26.07,300.1,3.188,2.8572,75.3093,2.1266,0.73072
RPC_CC,2006,0.3047,discharge,-4.393,10.0,9.0,26.07,300.1,3.188,2.5805,138.3024,2.1266,0.73072
RPC_CC,2006,0.2941,discharge,-3.651,2.0,2.0,25.78,300.0,3.1291,2.8332,81.0463,2.1266,0.73072
RPC_CC,2006,0.2941,discharge,-3.651,10.0,9.0,25.78,300.0,3.1291,2.5756,151.6023,2.1266,0.73072
RPC_CC,2006,0.9297,charge,2.101,2.0,2.0,26.04,300.0,3.953,4.15,93.7515,2.1266,0.73072
RPC_CC,2006,0.9297,charge,2.101,10.0,9.0,26.04,300.0,3.953,4.15,93.7515,2.1266,0.73072
RPC_CC,2006,0.8592,charge,5.091,2.0,1.0,26.29,300.0,3.8329,4.1502,62.3196,2.1266,0.73072
RPC_CC,2006,0.8592,charge,5.091,10.0,9.0,26.29,300.0,3.8329,4.1501,62.2999,2.1266,0.73072
RPC_CC,2006,0.7886,charge,8.361,2.0,2.0,26.32,300.0,3.7262,4.1502,50.7107,2.1266,0.73072
RPC_CC,2006,0.7886,charge,8.361,10.0,9.0,26.32,300.0,3.7262,4.15,50.6868,2.1266,0.73072
RPC_CC,2006,0.7177,charge,11.082,2.0,2.0,26.33,300.0,3.652,4.1503,44.9648,2.1266,0.73072
RPC_CC,2006,0.7177,charge,11.082,10.0,9.01,26.33,300.0,3.652,4.1501,44.9468,2.1266,0.73072
RPC_CC,2006,0.6468,charge,13.064,2.0,2.0,26.42,300.0,3.5953,4.1503,42.4848,2.1266,0.73072
RPC_CC,2006,0.6468,charge,13.064,10.0,9.0,26.42,300.0,3.5953,4.15,42.4618,2.1266,0.73072
RPC_CC,2006,0.5759,charge,14.828,2.0,2.0,26.51,300.0,3.5411,4.1195,39.0086,2.1266,0.73072
RPC_CC,2006,0.5759,charge,14.828,10.0,9.0,26.51,300.0,3.5411,4.1501,41.0723,2.1266,0.73072
RPC_CC,2006,0.505,charge,15.001,2.0,2.0,26.66,300.0,3.4813,4.0665,39.0107,2.1266,0.73072
RPC_CC,2006,0.505,charge,15.001,10.0,9.0,26.66,300.0,3.4813,4.1306,43.2838,2.1266,0.73072
RPC_CC,2006,0.434,charge,15.001,2.0,2.0,26.81,300.0,3.4167,4.0039,39.1441,2.1266,0.73072
RPC_CC,2006,0.434,charge,15.001,10.0,9.0,26.81,300.0,3.4167,4.0678,43.4038,2.1266,0.73072
RPC_CC,2006,0.3986,charge,15.001,2.0,2.0,26.66,300.0,3.3909,3.9856,39.644,2.1266,0.73072
RPC_CC,2006,0.3986,charge,15.001,10.0,9.0,26.66,300.0,3.3909,4.0442,43.5504,2.1266,0.73072
RPC_CC,2006,0.3631,charge,15.001,2.0,1.0,26.69,300.0,3.3609,3.9407,38.6508,2.1266,0.73072
RPC_CC,2006,0.3631,charge,15.001,10.0,9.01,26.69,300.0,3.3609,4.0278,44.457,2.1266,0.73072
RPC_CC,2006,0.3277,charge,15.001,2.0,2.0,26.78,300.0,3.2844,3.9151,42.0439,2.1266,0.73072
RPC_CC,2006,0.3277,charge,15.001,10.0,9.0,26.78,300.0,3.2844,4.0034,47.9301,2.1266,0.73072
RPC_CC,2006,0.3064,charge,15.001,2.0,2.0,26.06,300.0,3.1965,3.8636,44.4704,2.1266,0.73072
RPC_CC,2006,0.3064,charge,15.001,10.0,9.0,26.06,300.0,3.1965,3.9849,52.5565,2.1266,0.73072
RPC_CC,2006,0.2958,charge,15.001,2.0,2.0,25.74,300.0,3.1433,3.8302,45.7903,2.1266,0.73072
RPC_CC,2006,0.2958,charge,15.001,10.0,9.0,25.74,300.0,3.1433,3.9635,54.6764,2.1266,0.73072
RPC_CC,2006,0.9293,charge,1.923,2.0,2.0,26.04,300.1,3.9544,4.0975,74.413,2.1266,0.73072
RPC_CC,2006,0.9293,charge,1.923,10.0,9.0,26.04,300.1,3.9544,4.1396,96.3053,2.1266,0.73072
RPC_CC,2006,0.8586,charge,4.705,2.0,2.0,26.3,300.1,3.8347,4.098,55.957,2.1266,0.73072
RPC_CC,2006,0.8586,charge,4.705,10.0,9.0,26.3,300.1,3.8347,4.1423,65.3717,2.1266,0.73072
RPC_CC,2006,0.788,charge,7.747,2.0,2.0,26.29,300.1,3.7278,4.0941,47.2834,2.1266,0.73072
RPC_CC,2006,0.788,charge,7.747,10.0,9.01,26.29,300.1,3.7278,4.1435,53.6602,2.1266,0.73072
RPC_CC,2006,0.7173,charge,10.424,2.0,2.0,26.32,300.1,3.6531,4.0993,42.8071,2.1266,0.73072
RPC_CC,2006,0.7173,charge,10.424,10.0,9.0,26.32,300.1,3.6531,4.1457,47.2586,2.1266,0.73072
RPC_CC,2006,0.6466,charge,12.375,2.0,2.0,26.38,300.1,3.5962,4.1018,40.8566,2.1266,0.73072
RPC_CC,2006,0.6466,charge,12.375,10.0,9.0,26.38,300.1,3.5962,4.1474,44.5414,2.1266,0.73072
RPC_CC,2006,0.5759,charge,14.029,2.0,2.0,26.5,300.1,3.5421,4.1,39.7662,2.1266,0.73072
RPC_CC,2006,0.5759,charge,14.029,10.0,9.0,26.5,300.1,3.5421,4.1492,43.2731,2.1266,0.73072
RPC_CC,2006,0.5051,charge,15.075,2.0,2.0,26.7,300.1,3.4827,4.0735,39.1907,2.1266,0.73072
RPC_CC,2006,0.5051,charge,15.075,10.0,9.01,26.7,300.1,3.4827,4.1307,42.9851,2.1266,0.73072
RPC_CC,2006,0.4342,charge,15.078,2.0,2.0,26.81,300.1,3.4182,4.0112,39.3301,2.1266,0.73072
RPC_CC,2006,0.4342,charge,15.078,10.0,9.01,26.81,300.1,3.4182,4.0685,43.1305,2.1266,0.73072
RPC_CC,2006,0.3987,charge,15.071,2.0,2.0,26.69,300.1,3.3924,3.992,39.785,2.1266,0.73072
RPC_CC,2006,0.3987,charge,15.071,10.0,9.01,26.69,300.1,3.3924,4.0444,43.2619,2.1266,0.73072
RPC_CC,2006,0.3632,charge,15.07,2.0,2.0,26.71,300.1,3.3631,3.9751,40.6118,2.1266,0.73072
RPC_CC,2006,0.3632,charge,15.07,10.0,9.0,26.71,300.1,3.3631,4.0279,44.1156,2.1266,0.73072
RPC_CC,2006,0.3278,charge,15.087,2.0,2.0,26.78,300.1,3.2905,3.9301,42.3955,2.1266,0.73072
RPC_CC,2006,0.3278,charge,15.087,10.0,9.0,26.78,300.1,3.2905,4.0052,47.3735,2.1266,0.73072
RPC_CC,2006,0.3065,charge,15.119,2.0,2.0,26.08,300.1,3.2061,3.8868,45.0213,2.1266,0.73072
RPC_CC,2006,0.3065,charge,15.119,10.0,9.0,26.08,300.1,3.2061,3.9911,51.9197,2.1266,0.73072
RPC_CC,2006,0.2959,charge,15.133,2.0,2.0,25.75,300.1,3.1561,3.8571,46.3241,2.1266,0.73072
RPC_CC,2006,0.2959,charge,15.133,10.0,9.0,25.75,300.1,3.1561,3.9723,53.9369,2.1266,0.73072
RPC_US06,1,0.9973,discharge,-30.001,2.0,2.0,,3935.5,4.1763,3.8128,12.1163,2.9803,1.0
RPC_US06,1,0.9973,discharge,-30.001,10.0,9.0,,3935.5,4.1763,3.7475,14.2929,2.9803,1.0
RPC_US06,1,0.9726,charge,2.538,2.0,1.0,,60.0,4.1161,4.15,13.3549,2.9803,1.0
RPC_US06,1,0.9726,charge,2.538,10.0,9.0,,60.0,4.1161,4.1501,13.3943,2.9803,1.0
RPC_US06,1,0.9476,discharge,-30.0,2.0,2.0,,3600.0,4.0996,3.7579,11.39,2.9803,1.0
RPC_US06,1,0.9476,discharge,-30.0,10.0,9.0,,3600.0,4.0996,3.7114,12.94,2.9803,1.0
RPC_US06,1,0.9233,charge,5.727,2.0,2.0,,60.0,4.0793,4.1501,12.3634,2.9803,1.0
RPC_US06,1,0.9233,charge,5.727,10.0,9.0,,60.0,4.0793,4.15,12.3459,2.9803,1.0
RPC_US06,1,0.8979,discharge,-30.001,2.0,2.0,,3600.0,4.0796,3.7428,11.2263,2.9803,1.0
RPC_US06,1,0.8979,discharge,-30.001,10.0,9.0,,3600.0,4.0796,3.6911,12.9496,2.9803,1.0
RPC_US06,1,0.8738,charge,6.996,2.0,1.0,,60.0,4.0627,4.1502,12.5075,2.9803,1.0
RPC_US06,1,0.8738,charge,6.996,10.0,9.0,,60.0,4.0627,4.1501,12.4932,2.9803,1.0
RPC_US06,1,0.7985,discharge,-29.999,2.0,2.0,,3600.0,4.0309,3.6801,11.6937,2.9803,1.0
RPC_US06,1,0.7985,discharge,-29.999,10.0,9.0,,3600.0,4.0309,3.6085,14.0805,2.9803,1.0
RPC_US06,1,0.7749,charge,13.684,2.0,2.0,,60.0,3.9754,4.1421,12.1821,2.9803,1.0
RPC_US06,1,0.7749,charge,13.684,10.0,9.0,,60.0,3.9754,4.1501,12.7667,2.9803,1.0
RPC_US06,1,0.6992,discharge,-30.001,2.0,2.0,,3600.0,3.9251,3.581,11.4696,2.9803,1.0
RPC_US06,1,0.6992,discharge,-30.001,10.0,9.0,,3600.0,3.9251,3.5219,13.4396,2.9803,1.0
RPC_US06,1,0.6755,charge,15.001,2.0,1.0,,60.0,3.876,4.028,10.1327,2.9803,1.0
RPC_US06,1,0.6755,charge,15.001,10.0,9.0,,60.0,3.876,4.0794,13.5591,2.9803,1.0
RPC_US06,1,0.5998,discharge,-30.0,2.0,2.0,,3600.0,3.8587,3.5124,11.5433,2.9803,1.0
RPC_US06,1,0.5998,discharge,-30.0,10.0,9.0,,3600.0,3.8587,3.4494,13.6433,2.9803,1.0
RPC_US06,1,0.5761,charge,15.001,2.0,2.0,,60.0,3.8017,3.9624,10.7126,2.9803,1.0
RPC_US06,1,0.5761,charge,15.001,10.0,9.0,,60.0,3.8017,4.0005,13.2524,2.9803,1.0
RPC_US06,1,0.5004,discharge,-30.001,2.0,2.0,,3600.0,3.7413,3.4066,11.1563,2.9803,1.0
RPC_US06,1,0.5004,discharge,-30.001,10.0,9.0,,3600.0,3.7413,3.3419,13.3129,2.9803,1.0
RPC_US06,1,0.4768,charge,15.001,2.0,2.0,,60.0,3.7068,3.8691,10.8193,2.9803,1.0
RPC_US06,1,0.4768,charge,15.001,10.0,9.0,,60.0,3.7068,3.9024,13.0391,2.9803,1.0
RPC_US06,1,0.401,discharge,-29.999,2.0,2.0,,3600.0,3.6573,3.3233,11.1337,2.9803,1.0
RPC_US06,1,0.401,discharge,-29.999,10.0,9.0,,3600.0,3.6573,3.2562,13.3704,2.9803,1.0
RPC_US06,1,0.3774,charge,15.001,2.0,2.0,,60.0,3.6284,3.7906,10.8126,2.9803,1.0
RPC_US06,1,0.3774,charge,15.001,10.0,9.0,,60.0,3.6284,3.8249,13.0991,2.9803,1.0
RPC_US06,1,0.3017,discharge,-29.999,2.0,2.0,,3600.0,3.5983,3.2586,11.3237,2.9803,1.0
RPC_US06,1,0.3017,discharge,-29.999,10.0,9.0,,3600.0,3.5983,3.1845,13.7938,2.9803,1.0
RPC_US06,1,0.278,charge,15.001,2.0,2.0,,60.0,3.5619,3.725,10.8726,2.9803,1.0
RPC_US06,1,0.278,charge,15.001,10.0,9.0,,60.0,3.5619,3.7643,13.4924,2.9803,1.0
RPC_US06,1,0.2023,discharge,-30.001,2.0,2.0,,3600.0,3.5227,3.1695,11.7729,2.9803,1.0
RPC_US06,1,0.2023,discharge,-30.001,10.0,9.0,,3600.0,3.5227,3.0929,14.3262,2.9803,1.0
RPC_US06,1,0.1787,charge,15.001,2.0,1.0,,60.0,3.4772,3.6388,10.7726,2.9803,1.0
RPC_US06,1,0.1787,charge,15.001,10.0,9.0,,60.0,3.4772,3.6885,14.0857,2.9803,1.0
RPC_US06,1,0.1526,discharge,-30.001,2.0,2.0,,3600.0,3.4584,3.0976,12.0263,2.9803,1.0
RPC_US06,1,0.1526,discharge,-30.001,10.0,9.0,,3600.0,3.4584,3.0163,14.7362,2.9803,1.0
RPC_US06,1,0.129,charge,15.001,2.0,1.0,,60.0,3.4218,3.5815,10.646,2.9803,1.0
RPC_US06,1,0.129,charge,15.001,10.0,9.0,,60.0,3.4218,3.621,13.2791,2.9803,1.0
RPC_US06,1,0.1029,discharge,-30.001,2.0,2.0,,3600.0,3.4105,3.0028,13.5895,2.9803,1.0
RPC_US06,1,0.1029,discharge,-30.001,10.0,9.0,,3600.0,3.4105,2.7527,21.9259,2.9803,1.0
RPC_US06,1,0.0793,charge,15.001,2.0,2.0,,60.0,3.379,3.5608,12.1192,2.9803,1.0
RPC_US06,1,0.0793,charge,15.001,10.0,9.0,,60.0,3.379,3.5919,14.1924,2.9803,1.0
RPC_US06,1,0.0532,discharge,-19.296,2.0,2.0,,3600.0,3.3676,2.6959,34.8103,2.9803,1.0
RPC_US06,1,0.0532,discharge,-19.296,10.0,9.0,,3600.0,3.3676,2.5497,42.387,2.9803,1.0
RPC_US06,1,0.0372,charge,15.001,2.0,2.0,,60.0,3.2766,3.5033,15.1123,2.9803,1.0
RPC_US06,1,0.0372,charge,15.001,10.0,9.0,,60.0,3.2766,3.5667,19.3387,2.9803,1.0
RPC_US06,1,0.0234,discharge,-10.332,2.0,2.0,,3600.0,3.2485,2.5485,67.7507,2.9803,1.0
RPC_US06,1,0.0234,discharge,-10.332,10.0,9.0,,3600.0,3.2485,2.5498,67.6249,2.9803,1.0
RPC_US06,1,0.0139,charge,15.001,2.0,2.0,,60.0,3.1159,3.3854,17.9655,2.9803,1.0
RPC_US06,1,0.0139,charge,15.001,10.0,9.0,,60.0,3.1159,3.4938,25.1917,2.9803,1.0
RPC_US06,1,0.0086,discharge,-7.887,2.0,2.0,,3600.0,3.1415,2.5489,75.1382,2.9803,1.0
RPC_US06,1,0.0086,discharge,-7.887,10.0,9.0,,3600.0,3.1415,2.5499,75.0114,2.9803,1.0
RPC_US06,1,0.0019,charge,15.001,2.0,2.0,,60.0,2.9888,3.2959,20.472,2.9803,1.0
RPC_US06,1,0.0019,charge,15.001,10.0,9.0,,60.0,2.9888,3.432,29.5447,2.9803,1.0
RPC_US06,1,0.9973,discharge,-30.0,2.0,2.0,,1529.4,4.1814,3.8204,12.0333,2.9803,1.0
RPC_US06,1,0.9973,discharge,-30.0,10.0,9.01,,1529.4,4.1814,3.7537,14.2567,2.9803,1.0
RPC_US06,1,0.9476,discharge,-30.001,2.0,2.0,,300.0,4.0998,3.7672,11.0863,2.9803,1.0
RPC_US06,1,0.9476,discharge,-30.001,10.0,9.0,,300.0,4.0998,3.7213,12.6162,2.9803,1.0
RPC_US06,1,0.8979,discharge,-30.001,2.0,1.0,,300.0,4.0792,3.7649,10.4763,2.9803,1.0
RPC_US06,1,0.8979,discharge,-30.001,10.0,9.01,,300.0,4.0792,3.701,12.6062,2.9803,1.0
RPC_US06,1,0.7985,discharge,-29.999,2.0,2.0,,300.0,4.0297,3.6893,11.347,2.9803,1.0
RPC_US06,1,0.7985,discharge,-29.999,10.0,9.0,,300.0,4.0297,3.6169,13.7605,2.9803,1.0
RPC_US06,1,0.6991,discharge,-29.999,2.0,2.0,,300.0,3.9205,3.5903,11.007,2.9803,1.0
RPC_US06,1,0.6991,discharge,-29.999,10.0,9.0,,300.0,3.9205,3.531,12.9838,2.9803,1.0
RPC_US06,1,0.5998,discharge,-29.999,2.0,2.0,,300.0,3.8317,3.5098,10.7304,2.9803,1.0
RPC_US06,1,0.5998,discharge,-29.999,10.0,9.0,,300.0,3.8317,3.4471,12.8204,2.9803,1.0
RPC_US06,1,0.5004,discharge,-30.0,2.0,2.0,,300.0,3.7387,3.4124,10.8767,2.9803,1.0
RPC_US06,1,0.5004,discharge,-30.0,10.0,9.0,,300.0,3.7387,3.3427,13.2,2.9803,1.0
RPC_US06,1,0.401,discharge,-29.999,2.0,2.0,,300.0,3.655,3.3285,10.8837,2.9803,1.0
RPC_US06,1,0.401,discharge,-29.999,10.0,9.0,,300.0,3.655,3.2586,13.2138,2.9803,1.0
RPC_US06,1,0.3017,discharge,-29.999,2.0,2.0,,300.0,3.5931,3.2628,11.0104,2.9803,1.0
RPC_US06,1,0.3017,discharge,-29.999,10.0,9.0,,300.0,3.5931,3.1885,13.4871,2.9803,1.0
RPC_US06,1,0.2023,discharge,-29.999,2.0,2.0,,300.0,3.5182,3.1774,11.3604,2.9803,1.0
RPC_US06,1,0.2023,discharge,-29.999,10.0,9.0,,300.0,3.5182,3.1021,13.8705,2.9803,1.0
RPC_US06,1,0.1526,discharge,-29.999,2.0,2.0,,300.0,3.458,3.1134,11.487,2.9803,1.0
RPC_US06,1,0.1526,discharge,-29.999,10.0,9.0,,300.0,3.458,3.0326,14.1805,2.9803,1.0
RPC_US06,1,0.1029,discharge,-29.999,2.0,2.0,,300.0,3.4092,3.0196,12.9871,2.9803,1.0
RPC_US06,1,0.1029,discharge,-29.999,10.0,9.0,,300.0,3.4092,2.7844,20.8274,2.9803,1.0
RPC_US06,1,0.0532,discharge,-19.077,2.0,2.0,,300.0,3.3627,2.7367,32.8144,2.9803,1.0
RPC_US06,1,0.0532,discharge,-19.077,10.0,9.0,,300.0,3.3627,2.5498,42.6115,2.9803,1.0
RPC_US06,1,0.0234,discharge,-9.752,2.0,2.0,,300.0,3.2339,2.5491,70.2244,2.9803,1.0
RPC_US06,1,0.0234,discharge,-9.752,10.0,9.0,,300.0,3.2339,2.5499,70.1423,2.9803,1.0
RPC_US06,1,0.0086,discharge,-6.898,2.0,1.0,,300.0,3.1082,2.549,81.0664,2.9803,1.0
RPC_US06,1,0.0086,discharge,-6.898,10.0,9.0,,300.0,3.1082,2.5499,80.9359,2.9803,1.0
RPC_US06,1,0.9973,discharge,-29.773,2.0,2.0,,1515.2,4.1819,3.8279,11.8902,2.9803,1.0
RPC_US06,1,0.9973,discharge,-29.773,10.0,9.0,,1515.2,4.1819,3.7559,14.3085,2.9803,1.0
RPC_US06,1,0.9476,discharge,-29.826,2.0,2.0,,300.0,4.0999,3.7723,10.9837,2.9803,1.0
RPC_US06,1,0.9476,discharge,-29.826,10.0,9.0,,300.0,4.0999,3.7234,12.6232,2.9803,1.0
RPC_US06,1,0.8979,discharge,-29.793,2.0,2.0,,300.0,4.0793,3.759,10.7508,2.9803,1.0
RPC_US06,1,0.8979,discharge,-29.793,10.0,9.0,,300.0,4.0793,3.7033,12.6204,2.9803,1.0
RPC_US06,1,0.7986,discharge,-29.703,2.0,2.0,,300.0,4.0298,3.6971,11.2009,2.9803,1.0
RPC_US06,1,0.7986,discharge,-29.703,10.0,9.0,,300.0,4.0298,3.6194,13.8168,2.9803,1.0
RPC_US06,1,0.6992,discharge,-29.75,2.0,2.0,,300.0,3.9211,3.5965,10.9111,2.9803,1.0
RPC_US06,1,0.6992,discharge,-29.75,10.0,9.0,,300.0,3.9211,3.533,13.0456,2.9803,1.0
RPC_US06,1,0.5998,discharge,-29.719,2.0,2.0,,300.0,3.8319,3.5173,10.5858,2.9803,1.0
RPC_US06,1,0.5998,discharge,-29.719,10.0,9.0,,300.0,3.8319,3.4502,12.8436,2.9803,1.0
RPC_US06,1,0.5005,discharge,-29.694,2.0,2.0,,300.0,3.7384,3.4206,10.7027,2.9803,1.0
RPC_US06,1,0.5005,discharge,-29.694,10.0,9.0,,300.0,3.7384,3.3458,13.2217,2.9803,1.0
RPC_US06,1,0.4011,discharge,-29.691,2.0,2.0,,300.0,3.6545,3.3369,10.6968,2.9803,1.0
RPC_US06,1,0.4011,discharge,-29.691,10.0,9.0,,300.0,3.6545,3.2614,13.2397,2.9803,1.0
RPC_US06,1,0.3017,discharge,-29.658,2.0,2.0,,300.0,3.5928,3.2724,10.8032,2.9803,1.0
RPC_US06,1,0.3017,discharge,-29.658,10.0,9.0,,300.0,3.5928,3.1914,13.5343,2.9803,1.0
RPC_US06,1,0.2024,discharge,-29.643,2.0,2.0,,300.0,3.5178,3.1876,11.139,2.9803,1.0
RPC_US06,1,0.2024,discharge,-29.643,10.0,9.0,,300.0,3.5178,3.1052,13.9187,2.9803,1.0
RPC_US06,1,0.1527,discharge,-29.565,2.0,2.0,,300.0,3.4573,3.1241,11.2701,2.9803,1.0
RPC_US06,1,0.1527,discharge,-29.565,10.0,9.0,,300.0,3.4573,3.0361,14.2466,2.9803,1.0
RPC_US06,1,0.1032,discharge,-28.264,2.0,2.0,,300.0,3.4087,3.0577,12.4188,2.9803,1.0
RPC_US06,1,0.1032,discharge,-28.264,10.0,9.0,,300.0,3.4087,2.8208,20.8007,2.9803,1.0
RPC_US06,1,0.0551,discharge,-10.022,2.0,2.0,,300.0,3.3617,3.2067,15.4658,2.9803,1.0
RPC_US06,1,0.0551,discharge,-10.022,10.0,9.0,,300.0,3.3617,3.101,26.0125,2.9803,1.0
RPC_US06,1,0.0256,discharge,-5.918,2.0,2.0,,300.0,3.2271,3.105,20.6318,2.9803,1.0
RPC_US06,1,0.0256,discharge,-5.918,10.0,9.0,,300.0,3.2271,3.0042,37.6644,2.9803,1.0
RPC_US06,1,0.0109,discharge,-4.361,2.0,1.0,,300.0,3.0942,2.9999,21.6227,2.9803,1.0
RPC_US06,1,0.0109,discharge,-4.361,10.0,9.0,,300.0,3.0942,2.8886,47.1435,2.9803,1.0
RPC_US06,1,0.9973,discharge,-29.761,2.0,2.0,,1506.3,4.1822,3.8293,11.858,2.9803,1.0
RPC_US06,1,0.9973,discharge,-29.761,10.0,9.0,,1506.3,4.1822,3.7573,14.2773,2.9803,1.0
RPC_US06,1,0.9476,discharge,-29.817,2.0,2.0,,300.0,4.1,3.7737,10.9434,2.9803,1.0
RPC_US06,1,0.9476,discharge,-29.817,10.0,9.0,,300.0,4.1,3.7249,12.5801,2.9803,1.0
RPC_US06,1,0.8979,discharge,-29.781,2.0,2.0,,300.0,4.0794,3.7603,10.7149,2.9803,1.0
RPC_US06,1,0.8979,discharge,-29.781,10.0,9.0,,300.0,4.0794,3.7048,12.5785,2.9803,1.0
RPC_US06,1,0.7986,discharge,-29.692,2.0,2.0,,300.0,4.0295,3.698,11.1646,2.9803,1.0
RPC_US06,1,0.7986,discharge,-29.692,10.0,9.0,,300.0,4.0295,3.6207,13.768,2.9803,1.0
RPC_US06,1,0.6992,discharge,-29.739,2.0,2.0,,300.0,3.9213,3.5977,10.8813,2.9803,1.0
RPC_US06,1,0.6992,discharge,-29.739,10.0,9.0,,300.0,3.9213,3.5344,13.0099,2.9803,1.0
RPC_US06,1,0.5998,discharge,-29.701,2.0,2.0,,300.0,3.8324,3.5192,10.5451,2.9803,1.0
RPC_US06,1,0.5998,discharge,-29.701,10.0,9.0,,300.0,3.8324,3.4525,12.7908,2.9803,1.0
RPC_US06,1,0.5005,discharge,-29.681,2.0,2.0,,300.0,3.7381,3.4218,10.6566,2.9803,1.0
RPC_US06,1,0.5005,discharge,-29.681,10.0,9.0,,300.0,3.7381,3.3471,13.1734,2.9803,1.0
RPC_US06,1,0.4011,discharge,-29.681,2.0,2.0,,300.0,3.6544,3.338,10.66,2.9803,1.0
RPC_US06,1,0.4011,discharge,-29.681,10.0,9.0,,300.0,3.6544,3.2626,13.2004,2.9803,1.0
RPC_US06,1,0.3018,discharge,-29.648,2.0,2.0,,300.0,3.5927,3.2735,10.7663,2.9803,1.0
RPC_US06,1,0.3018,discharge,-29.648,10.0,9.0,,300.0,3.5927,3.1925,13.4984,2.9803,1.0
RPC_US06,1,0.2024,discharge,-29.636,2.0,2.0,,300.0,3.5175,3.1885,11.1016,2.9803,1.0
RPC_US06,1,0.2024,discharge,-29.636,10.0,9.0,,300.0,3.5175,3.1061,13.882,2.9803,1.0
RPC_US06,1,0.1527,discharge,-29.56,2.0,1.0,,300.0,3.4567,3.1422,10.6394,2.9803,1.0
RPC_US06,1,0.1527,discharge,-29.56,10.0,9.0,,300.0,3.4567,3.0363,14.2219,2.9803,1.0
RPC_US06,1,0.1032,discharge,-28.641,2.0,2.0,,300.0,3.4083,3.0532,12.3985,2.9803,1.0
RPC_US06,1,0.1032,discharge,-28.641,10.0,9.0,,300.0,3.4083,2.8024,21.1554,2.9803,1.0
RPC_US06,1,0.9973,discharge,-29.758,2.0,2.0,,1503.5,4.1824,3.8294,11.8622,2.9803,1.0
RPC_US06,1,0.9973,discharge,-29.758,10.0,9.0,,1503.5,4.1824,3.7577,14.2716,2.9803,1.0
RPC_US06,1,0.9476,discharge,-29.812,2.0,2.0,,300.0,4.1001,3.7742,10.932,2.9803,1.0
RPC_US06,1,0.9476,discharge,-29.812,10.0,9.0,,300.0,4.1001,3.7255,12.5656,2.9803,1.0
RPC_US06,1,0.8979,discharge,-29.776,2.0,2.0,,300.0,4.0794,3.7609,10.6967,2.9803,1.0
RPC_US06,1,0.8979,discharge,-29.776,10.0,9.0,,300.0,4.0794,3.7055,12.5573,2.9803,1.0
RPC_US06,1,0.7986,discharge,-29.688,2.0,1.0,,300.0,4.0295,3.715,10.5933,2.9803,1.0
RPC_US06,1,0.7986,discharge,-29.688,10.0,9.0,,300.0,4.0295,3.6212,13.7528,2.9803,1.0
RPC_US06,1,0.6992,discharge,-29.735,2.0,2.0,,300.0,3.9216,3.5984,10.8695,2.9803,1.0
RPC_US06,1,0.6992,discharge,-29.735,10.0,9.0,,300.0,3.9216,3.5347,13.0118,2.9803,1.0
RPC_US06,1,0.5998,discharge,-29.694,2.0,1.0,,300.0,3.8325,3.5343,10.0426,2.9803,1.0
RPC_US06,1,0.5998,discharge,-29.694,10.0,9.0,,300.0,3.8325,3.4536,12.7604,2.9803,1.0
RPC_US06,1,0.5005,discharge,-29.675,2.0,2.0,,300.0,3.7378,3.4224,10.6283,2.9803,1.0
RPC_US06,1,0.5005,discharge,-29.675,10.0,9.0,,300.0,3.7378,3.348,13.1354,2.9803,1.0
RPC_US06,1,0.4011,discharge,-29.675,2.0,2.0,,300.0,3.6539,3.3386,10.6251,2.9803,1.0
RPC_US06,1,0.4011,discharge,-29.675,10.0,9.0,,300.0,3.6539,3.2632,13.166,2.9803,1.0
RPC_US06,1,0.3018,discharge,-29.642,2.0,2.0,,300.0,3.5922,3.2741,10.7314,2.9803,1.0
RPC_US06,1,0.3018,discharge,-29.642,10.0,9.0,,300.0,3.5922,3.193,13.4674,2.9803,1.0
RPC_US06,1,0.2024,discharge,-29.629,2.0,2.0,,300.0,3.5171,3.189,11.0736,2.9803,1.0
RPC_US06,1,0.2024,discharge,-29.629,10.0,9.0,,300.0,3.5171,3.1067,13.8513,2.9803,1.0
RPC_US06,1,0.1527,discharge,-29.555,2.0,2.0,,300.0,3.4564,3.125,11.2132,2.9803,1.0
RPC_US06,1,0.1527,discharge,-29.555,10.0,9.0,,300.0,3.4564,3.0365,14.2077,2.9803,1.0
RPC_US06,1,0.1032,discharge,-28.555,2.0,2.0,,300.0,3.4082,3.0539,12.4079,2.9803,1.0
RPC_US06,1,0.1032,discharge,-28.555,10.0,9.0,,300.0,3.4082,2.7994,21.3206,2.9803,1.0
RPC_US06,1,0.0104,discharge,-10.529,2.0,2.0,,300.0,3.0852,2.7672,30.2023,2.9803,1.0
RPC_US06,1,0.9973,discharge,-29.756,2.0,2.0,,1496.8,4.1826,3.8296,11.8632,2.9803,1.0
RPC_US06,1,0.9973,discharge,-29.756,10.0,9.0,,1496.8,4.1826,3.7582,14.2627,2.9803,1.0
RPC_US06,1,0.9476,discharge,-29.806,2.0,2.0,,300.0,4.1,3.7747,10.9139,2.9803,1.0
RPC_US06,1,0.9476,discharge,-29.806,10.0,9.0,,300.0,4.1,3.7262,12.5411,2.9803,1.0
RPC_US06,1,0.8979,discharge,-29.77,2.0,2.0,,300.0,4.0794,3.7615,10.6785,2.9803,1.0
RPC_US06,1,0.8979,discharge,-29.77,10.0,9.0,,300.0,4.0794,3.7061,12.5395,2.9803,1.0
RPC_US06,1,0.7986,discharge,-29.685,2.0,2.0,,300.0,4.0294,3.6989,11.1334,2.9803,1.0
RPC_US06,1,0.7986,discharge,-29.685,10.0,9.0,,300.0,4.0294,3.6217,13.734,2.9803,1.0
RPC_US06,1,0.6992,discharge,-29.729,2.0,2.0,,300.0,3.9218,3.5988,10.865,2.9803,1.0
RPC_US06,1,0.6992,discharge,-29.729,10.0,9.01,,300.0,3.9218,3.5355,12.9943,2.9803,1.0
RPC_US06,1,0.5998,discharge,-29.683,2.0,1.0,,300.0,3.8327,3.5352,10.0226,2.9803,1.0
RPC_US06,1,0.5998,discharge,-29.683,10.0,9.01,,300.0,3.8327,3.4549,12.7278,2.9803,1.0
RPC_US06,1,0.5005,discharge,-29.666,2.0,2.0,,300.0,3.7375,3.4228,10.6079,2.9803,1.0
RPC_US06,1,0.5005,discharge,-29.666,10.0,9.0,,300.0,3.7375,3.349,13.0956,2.9803,1.0
RPC_US06,1,0.4011,discharge,-29.668,2.0,2.0,,300.0,3.6535,3.3393,10.5905,2.9803,1.0
RPC_US06,1,0.4011,discharge,-29.668,10.0,9.0,,300.0,3.6535,3.264,13.1286,2.9803,1.0
RPC_US06,1,0.3017,discharge,-29.634,2.0,2.0,,300.0,3.5921,3.2748,10.7073,2.9803,1.0
RPC_US06,1,0.3017,discharge,-29.634,10.0,9.0,,300.0,3.5921,3.194,13.4339,2.9803,1.0
RPC_US06,1,0.2024,discharge,-29.623,2.0,2.0,,300.0,3.5168,3.1898,11.0387,2.9803,1.0
RPC_US06,1,0.2024,discharge,-29.623,10.0,9.0,,300.0,3.5168,3.1073,13.8237,2.9803,1.0
RPC_US06,1,0.1527,discharge,-29.552,2.0,2.0,,300.0,3.4558,3.1254,11.1803,2.9803,1.0
RPC_US06,1,0.1527,discharge,-29.552,10.0,9.0,,300.0,3.4558,3.0366,14.1852,2.9803,1.0
RPC_US06,1,0.1032,discharge,-28.574,2.0,2.0,,300.0,3.4076,3.0536,12.3889,2.9803,1.0
RPC_US06,1,0.1032,discharge,-28.574,10.0,9.0,,300.0,3.4076,2.7933,21.4986,2.9803,1.0
RPC_US06,1,0.0104,discharge,-9.673,2.0,2.0,,300.0,3.0807,2.7915,29.8978,2.9803,1.0
RPC_US06,1,0.9973,discharge,-29.749,2.0,2.0,,1495.9,4.1826,3.8305,11.8357,2.9803,1.0
RPC_US06,1,0.9973,discharge,-29.749,10.0,9.0,,1495.9,4.1826,3.7592,14.2324,2.9803,1.0
RPC_US06,1,0.9476,discharge,-29.799,2.0,2.0,,300.0,4.1001,3.7755,10.8932,2.9803,1.0
RPC_US06,1,0.9476,discharge,-29.799,10.0,9.0,,300.0,4.1001,3.7271,12.5174,2.9803,1.0
RPC_US06,1,0.8979,discharge,-29.764,2.0,2.0,,300.0,4.0793,3.7624,10.6471,2.9803,1.0
RPC_US06,1,0.8979,discharge,-29.764,10.0,9.01,,300.0,4.0793,3.707,12.5084,2.9803,1.0
RPC_US06,1,0.7986,discharge,-29.681,2.0,1.0,,300.0,4.0292,3.7158,10.5591,2.9803,1.0
RPC_US06,1,0.7986,discharge,-29.681,10.0,9.0,,300.0,4.0292,3.6225,13.7026,2.9803,1.0
RPC_US06,1,0.6992,discharge,-29.724,2.0,2.0,,300.0,3.9217,3.5993,10.8463,2.9803,1.0
RPC_US06,1,0.6992,discharge,-29.724,10.0,9.0,,300.0,3.9217,3.536,12.9758,2.9803,1.0
RPC_US06,1,0.5998,discharge,-29.675,2.0,2.0,,300.0,3.8327,3.5218,10.4768,2.9803,1.0
RPC_US06,1,0.5998,discharge,-29.675,10.0,9.0,,300.0,3.8327,3.4557,12.7043,2.9803,1.0
RPC_US06,1,0.5005,discharge,-29.663,2.0,2.0,,300.0,3.7373,3.4232,10.5891,2.9803,1.0
RPC_US06,1,0.5005,discharge,-29.663,10.0,9.0,,300.0,3.7373,3.3496,13.0704,2.9803,1.0
RPC_US06,1,0.4011,discharge,-29.663,2.0,2.0,,300.0,3.6533,3.3397,10.5719,2.9803,1.0
RPC_US06,1,0.4011,discharge,-29.663,10.0,9.0,,300.0,3.6533,3.2644,13.1104,2.9803,1.0
RPC_US06,1,0.3017,discharge,-29.63,2.0,2.0,,300.0,3.5919,3.2755,10.6784,2.9803,1.0
RPC_US06,1,0.3017,discharge,-29.63,10.0,9.0,,300.0,3.5919,3.1941,13.4256,2.9803,1.0
RPC_US06,1,0.2024,discharge,-29.62,2.0,2.0,,300.0,3.5166,3.1899,11.0295,2.9803,1.0
RPC_US06,1,0.2024,discharge,-29.62,10.0,9.0,,300.0,3.5166,3.1074,13.8148,2.9803,1.0
RPC_US06,1,0.1527,discharge,-29.558,2.0,2.0,,300.0,3.4554,3.1252,11.1714,2.9803,1.0
RPC_US06,1,0.1527,discharge,-29.558,10.0,9.0,,300.0,3.4554,3.0359,14.1927,2.9803,1.0
RPC_US06,1,0.1032,discharge,-28.488,2.0,2.0,,300.0,3.4074,3.0541,12.4019,2.9803,1.0
RPC_US06,1,0.1032,discharge,-28.488,10.0,9.0,,300.0,3.4074,2.79,21.6727,2.9803,1.0
RPC_US06,1,0.0105,discharge,-8.992,2.0,2.0,,300.0,3.0779,2.8148,29.2603,2.9803,1.0
RPC_US06,1,0.9973,discharge,-29.75,2.0,2.0,,1492.9,4.1827,3.8303,11.8452,2.9803,1.0
RPC_US06,1,0.9973,discharge,-29.75,10.0,9.0,,1492.9,4.1827,3.7591,14.2384,2.9803,1.0
RPC_US06,1,0.9476,discharge,-29.799,2.0,2.0,,300.0,4.1,3.7755,10.8898,2.9803,1.0
RPC_US06,1,0.9476,discharge,-29.799,10.0,9.0,,300.0,4.1,3.7272,12.5107,2.9803,1.0
RPC_US06,1,0.8979,discharge,-29.763,2.0,1.0,,300.0,4.0794,3.7745,10.2443,2.9803,1.0
RPC_US06,1,0.8979,discharge,-29.763,10.0,9.0,,300.0,4.0794,3.707,12.5122,2.9803,1.0
RPC_US06,1,0.7986,discharge,-29.681,2.0,2.0,,300.0,4.0291,3.6994,11.1083,2.9803,1.0
RPC_US06,1,0.7986,discharge,-29.681,10.0,9.0,,300.0,4.0291,3.6225,13.6992,2.9803,1.0
RPC_US06,1,0.6992,discharge,-29.723,2.0,2.0,,300.0,3.9217,3.5994,10.8435,2.9803,1.0
RPC_US06,1,0.6992,discharge,-29.723,10.0,9.0,,300.0,3.9217,3.5361,12.9731,2.9803,1.0
RPC_US06,1,0.5998,discharge,-29.671,2.0,2.0,,300.0,3.8327,3.5221,10.4681,2.9803,1.0
RPC_US06,1,0.5998,discharge,-29.671,10.0,9.0,,300.0,3.8327,3.4561,12.6925,2.9803,1.0
RPC_US06,1,0.5005,discharge,-29.66,2.0,2.0,,300.0,3.737,3.4236,10.5662,2.9803,1.0
RPC_US06,1,0.5005,discharge,-29.66,10.0,9.0,,300.0,3.737,3.3498,13.0544,2.9803,1.0
RPC_US06,1,0.4011,discharge,-29.663,2.0,2.0,,300.0,3.6531,3.3398,10.5622,2.9803,1.0
RPC_US06,1,0.4011,discharge,-29.663,10.0,9.0,,300.0,3.6531,3.2647,13.094,2.9803,1.0
RPC_US06,1,0.3018,discharge,-29.629,2.0,2.0,,300.0,3.5916,3.2755,10.6688,2.9803,1.0
RPC_US06,1,0.3018,discharge,-29.629,10.0,9.0,,300.0,3.5916,3.1943,13.4094,2.9803,1.0
RPC_US06,1,0.2024,discharge,-29.623,2.0,2.0,,300.0,3.5163,3.19,11.0151,2.9803,1.0
RPC_US06,1,0.2024,discharge,-29.623,10.0,9.0,,300.0,3.5163,3.1072,13.8102,2.9803,1.0
RPC_US06,1,0.1527,discharge,-29.562,2.0,2.0,,300.0,3.4548,3.1252,11.1494,2.9803,1.0
RPC_US06,1,0.1527,discharge,-29.562,10.0,9.0,,300.0,3.4548,3.0352,14.1939,2.9803,1.0
RPC_US06,1,0.1032,discharge,-28.516,2.0,2.0,,300.0,3.4069,3.0531,12.4071,2.9803,1.0
RPC_US06,1,0.1032,discharge,-28.516,10.0,9.0,,300.0,3.4069,2.7815,21.9315,2.9803,1.0
RPC_US06,1,0.025,discharge,-13.843,2.0,2.0,,300.0,3.2137,2.8631,25.3269,2.9803,1.0
RPC_US06,1,0.0106,discharge,-8.358,2.0,2.0,,300.0,3.0732,2.8341,28.6072,2.9803,1.0
RPC_US06,1,0.9982,discharge,-19.758,2.0,2.0,,1494.7,4.1825,3.9437,12.0862,2.9803,1.0
RPC_US06,1,0.9982,discharge,-19.758,10.0,9.0,,1494.7,4.1825,3.8856,15.0268,2.9803,1.0
RPC_US06,1,0.9476,discharge,-29.803,2.0,2.0,,300.0,4.0998,3.7744,10.9184,2.9803,1.0
RPC_US06,1,0.9476,discharge,-29.803,10.0,9.0,,300.0,4.0998,3.7262,12.5357,2.9803,1.0
RPC_US06,1,0.8979,discharge,-29.762,2.0,1.0,,300.0,4.0792,3.7746,10.2345,2.9803,1.0
RPC_US06,1,0.8979,discharge,-29.762,10.0,9.01,,300.0,4.0792,3.7072,12.4992,2.9803,1.0
RPC_US06,1,0.7986,discharge,-29.678,2.0,2.0,,300.0,4.0288,3.6997,11.0888,2.9803,1.0
RPC_US06,1,0.7986,discharge,-29.678,10.0,9.0,,300.0,4.0288,3.6229,13.6766,2.9803,1.0
RPC_US06,1,0.6992,discharge,-29.718,2.0,2.0,,300.0,3.9218,3.6002,10.8217,2.9803,1.0
RPC_US06,1,0.6992,discharge,-29.718,10.0,9.0,,300.0,3.9218,3.5367,12.9585,2.9803,1.0
RPC_US06,1,0.5998,discharge,-29.663,2.0,2.0,,300.0,3.8331,3.5229,10.4573,2.9803,1.0
RPC_US06,1,0.5998,discharge,-29.663,10.0,9.0,,300.0,3.8331,3.4572,12.6721,2.9803,1.0
RPC_US06,1,0.5005,discharge,-29.654,2.0,2.0,,300.0,3.7367,3.4241,10.5416,2.9803,1.0
RPC_US06,1,0.5005,discharge,-29.654,10.0,9.0,,300.0,3.7367,3.3505,13.0235,2.9803,1.0
RPC_US06,1,0.4011,discharge,-29.657,2.0,2.0,,300.0,3.6529,3.3404,10.5373,2.9803,1.0
RPC_US06,1,0.4011,discharge,-29.657,10.0,9.0,,300.0,3.6529,3.2652,13.073,2.9803,1.0
RPC_US06,1,0.3018,discharge,-29.624,2.0,2.0,,300.0,3.5915,3.276,10.65,2.9803,1.0
RPC_US06,1,0.3018,discharge,-29.624,10.0,9.0,,300.0,3.5915,3.1947,13.3943,2.9803,1.0
RPC_US06,1,0.2024,discharge,-29.617,2.0,2.0,,300.0,3.5162,3.1906,10.9939,2.9803,1.0
RPC_US06,1,0.2024,discharge,-29.617,10.0,9.0,,300.0,3.5162,3.1075,13.7997,2.9803,1.0
RPC_US06,1,0.1527,discharge,-29.559,2.0,2.0,,300.0,3.4551,3.1256,11.147,2.9803,1.0
RPC_US06,1,0.1527,discharge,-29.559,10.0,9.0,,300.0,3.4551,3.035,14.212,2.9803,1.0
RPC_US06,1,0.1032,discharge,-28.399,2.0,2.0,,300.0,3.4066,3.0541,12.4122,2.9803,1.0
RPC_US06,1,0.1032,discharge,-28.399,10.0,9.0,,300.0,3.4066,2.7788,22.106,2.9803,1.0
RPC_US06,1,0.0251,discharge,-13.115,2.0,2.0,,300.0,3.2163,2.8902,24.8647,2.9803,1.0
RPC_US06,1,0.0106,discharge,-7.717,2.0,1.0,,300.0,3.0775,2.8986,23.1817,2.9803,1.0
RPC_US06,1,0.0106,discharge,-7.717,10.0,8.67,,300.0,3.0775,2.4996,74.8837,2.9803,1.0
RPC_US06,1,0.9973,discharge,-29.577,2.0,2.0,,1490.0,4.1827,3.8327,11.8335,2.9803,1.0
RPC_US06,1,0.9973,discharge,-29.577,10.0,9.0,,1490.0,4.1827,3.7616,14.2374,2.9803,1.0
RPC_US06,1,0.9476,discharge,-29.791,2.0,2.0,,300.0,4.1,3.7763,10.8655,2.9803,1.0
RPC_US06,1,0.9476,discharge,-29.791,10.0,9.0,,300.0,4.1,3.728,12.4868,2.9803,1.0
RPC_US06,1,0.8979,discharge,-29.756,2.0,2.0,,300.0,4.0793,3.7632,10.6231,2.9803,1.0
RPC_US06,1,0.8979,discharge,-29.756,10.0,9.0,,300.0,4.0793,3.708,12.4782,2.9803,1.0
RPC_US06,1,0.7986,discharge,-29.678,2.0,2.0,,300.0,4.0287,3.6997,11.0855,2.9803,1.0
RPC_US06,1,0.7986,discharge,-29.678,10.0,9.0,,300.0,4.0287,3.6229,13.6732,2.9803,1.0
RPC_US06,1,0.6992,discharge,-29.72,2.0,2.0,,300.0,3.9214,3.6,10.8144,2.9803,1.0
RPC_US06,1,0.6992,discharge,-29.72,10.0,9.0,,300.0,3.9214,3.5367,12.9444,2.9803,1.0
RPC_US06,1,0.5998,discharge,-29.663,2.0,2.0,,300.0,3.8331,3.5229,10.4576,2.9803,1.0
RPC_US06,1,0.5998,discharge,-29.663,10.0,9.0,,300.0,3.8331,3.4572,12.6726,2.9803,1.0
RPC_US06,1,0.5005,discharge,-29.654,2.0,2.0,,300.0,3.7365,3.4239,10.5418,2.9803,1.0
RPC_US06,1,0.5005,discharge,-29.654,10.0,9.0,,300.0,3.7365,3.3506,13.0136,2.9803,1.0
RPC_US06,1,0.4011,discharge,-29.657,2.0,2.0,,300.0,3.6526,3.3404,10.527,2.9803,1.0
RPC_US06,1,0.4011,discharge,-29.657,10.0,9.0,,300.0,3.6526,3.2651,13.0661,2.9803,1.0
RPC_US06,1,0.3018,discharge,-29.624,2.0,2.0,,300.0,3.5911,3.2761,10.6331,2.9803,1.0
RPC_US06,1,0.3018,discharge,-29.624,10.0,9.0,,300.0,3.5911,3.1947,13.3808,2.9803,1.0
RPC_US06,1,0.2024,discharge,-29.623,2.0,2.0,,300.0,3.5157,3.1904,10.9815,2.9803,1.0
RPC_US06,1,0.2024,discharge,-29.623,10.0,9.0,,300.0,3.5157,3.1071,13.7936,2.9803,1.0
RPC_US06,1,0.1527,discharge,-29.567,2.0,2.0,,300.0,3.4543,3.1249,11.1408,2.9803,1.0
RPC_US06,1,0.1527,discharge,-29.567,10.0,9.0,,300.0,3.4543,3.0338,14.2219,2.9803,1.0
RPC_US06,1,0.1032,discharge,-28.432,2.0,2.0,,300.0,3.4064,3.0529,12.433,2.9803,1.0
RPC_US06,1,0.1032,discharge,-28.432,10.0,9.0,,300.0,3.4064,2.7699,22.3864,2.9803,1.0
RPC_US06,1,0.0251,discharge,-12.272,2.0,2.0,,300.0,3.2122,2.9091,24.6985,2.9803,1.0
RPC_US06,1,0.0107,discharge,-7.168,2.0,2.0,,300.0,3.0711,2.8733,27.5968,2.9803,1.0
RPC_US06,1,0.0107,discharge,-7.168,10.0,9.0,,300.0,3.0711,2.5494,72.7869,2.9803,1.0
RPC_US06,1,0.9973,discharge,-29.792,2.0,2.0,,1488.3,4.1829,3.8301,11.8421,2.9803,1.0
RPC_US06,1,0.9973,discharge,-29.792,10.0,9.0,,1488.3,4.1829,3.7591,14.2253,2.9803,1.0
RPC_US06,1,0.9476,discharge,-29.793,2.0,2.0,,300.0,4.0998,3.7765,10.8517,2.9803,1.0
RPC_US06,1,0.9476,discharge,-29.793,10.0,9.0,,300.0,4.0998,3.7281,12.4763,2.9803,1.0
RPC_US06,1,0.8979,discharge,-29.755,2.0,2.0,,300.0,4.0793,3.7635,10.6133,2.9803,1.0
RPC_US06,1,0.8979,discharge,-29.755,10.0,9.0,,300.0,4.0793,3.708,12.4786,2.9803,1.0
RPC_US06,1,0.7986,discharge,-29.678,2.0,2.0,,300.0,4.0287,3.6996,11.0888,2.9803,1.0
RPC_US06,1,0.7986,discharge,-29.678,10.0,9.0,,300.0,4.0287,3.623,13.6698,2.9803,1.0
RPC_US06,1,0.6992,discharge,-29.717,2.0,2.0,,300.0,3.9216,3.6002,10.8154,2.9803,1.0
RPC_US06,1,0.6992,discharge,-29.717,10.0,9.0,,300.0,3.9216,3.5368,12.9488,2.9803,1.0
RPC_US06,1,0.5998,discharge,-29.657,2.0,2.0,,300.0,3.8332,3.5235,10.4426,2.9803,1.0
RPC_US06,1,0.5998,discharge,-29.657,10.0,9.0,,300.0,3.8332,3.4578,12.6578,2.9803,1.0
RPC_US06,1,0.5005,discharge,-29.651,2.0,2.0,,300.0,3.736,3.4241,10.5189,2.9803,1.0
RPC_US06,1,0.5005,discharge,-29.651,10.0,9.0,,300.0,3.736,3.351,12.9842,2.9803,1.0
RPC_US06,1,0.4011,discharge,-29.653,2.0,2.0,,300.0,3.6525,3.3408,10.5118,2.9803,1.0
RPC_US06,1,0.4011,discharge,-29.653,10.0,9.0,,300.0,3.6525,3.2656,13.0478,2.9803,1.0
RPC_US06,1,0.3018,discharge,-29.621,2.0,2.0,,300.0,3.5911,3.2764,10.6242,2.9803,1.0
RPC_US06,1,0.3018,discharge,-29.621,10.0,9.0,,300.0,3.5911,3.195,13.3723,2.9803,1.0
RPC_US06,1,0.2024,discharge,-29.621,2.0,2.0,,300.0,3.5153,3.1903,10.9719,2.9803,1.0
RPC_US06,1,0.2024,discharge,-29.621,10.0,9.0,,300.0,3.5153,3.1073,13.774,2.9803,1.0
RPC_US06,1,0.1527,discharge,-29.569,2.0,2.0,,300.0,3.4539,3.1249,11.1267,2.9803,1.0
RPC_US06,1,0.1527,discharge,-29.569,10.0,9.0,,300.0,3.4539,3.0332,14.228,2.9803,1.0
RPC_US06,1,0.1032,discharge,-28.317,2.0,2.0,,300.0,3.4061,3.0537,12.445,2.9803,1.0
RPC_US06,1,0.1032,discharge,-28.317,10.0,9.0,,300.0,3.4061,2.7673,22.5593,2.9803,1.0
RPC_US06,1,0.0252,discharge,-11.654,2.0,2.0,,300.0,3.2087,2.9262,24.2396,2.9803,1.0
RPC_US06,1,0.0106,discharge,-7.202,2.0,2.0,,300.0,3.0653,2.8644,27.8937,2.9803,1.0
RPC_US06,1,0.0106,discharge,-7.202,10.0,9.0,,300.0,3.0653,2.5286,74.5173,2.9803,1.0
RPC_US06,1,0.9973,discharge,-29.786,2.0,1.0,,1486.7,4.1828,3.8507,11.1495,2.9803,1.0
RPC_US06,1,0.9973,discharge,-29.786,10.0,9.0,,1486.7,4.1828,3.7597,14.2047,2.9803,1.0
RPC_US06,1,0.9476,discharge,-29.785,2.0,2.0,,300.0,4.0999,3.7771,10.8375,2.9803,1.0
RPC_US06,1,0.9476,discharge,-29.785,10.0,9.0,,300.0,4.0999,3.7287,12.4624,2.9803,1.0
RPC_US06,1,0.8979,discharge,-29.751,2.0,2.0,,300.0,4.0793,3.7638,10.6047,2.9803,1.0
RPC_US06,1,0.8979,discharge,-29.751,10.0,9.0,,300.0,4.0793,3.7085,12.4634,2.9803,1.0
RPC_US06,1,0.7986,discharge,-29.675,2.0,2.0,,300.0,4.0284,3.7001,11.063,2.9803,1.0
RPC_US06,1,0.7986,discharge,-29.675,10.0,9.0,,300.0,4.0284,3.6234,13.6476,2.9803,1.0
RPC_US06,1,0.6992,discharge,-29.713,2.0,2.0,,300.0,3.9217,3.6005,10.8099,2.9803,1.0
RPC_US06,1,0.6992,discharge,-29.713,10.0,9.0,,300.0,3.9217,3.5373,12.9369,2.9803,1.0
RPC_US06,1,0.5998,discharge,-29.654,2.0,1.0,,300.0,3.8331,3.538,9.9516,2.9803,1.0
RPC_US06,1,0.5998,discharge,-29.654,10.0,9.0,,300.0,3.8331,3.4587,12.6258,2.9803,1.0
RPC_US06,1,0.5005,discharge,-29.648,2.0,2.0,,300.0,3.7359,3.4244,10.5064,2.9803,1.0
RPC_US06,1,0.5005,discharge,-29.648,10.0,9.0,,300.0,3.7359,3.3513,12.972,2.9803,1.0
RPC_US06,1,0.4011,discharge,-29.654,2.0,2.0,,300.0,3.6522,3.3409,10.4979,2.9803,1.0
RPC_US06,1,0.4011,discharge,-29.654,10.0,9.0,,300.0,3.6522,3.2656,13.0372,2.9803,1.0
RPC_US06,1,0.3018,discharge,-29.62,2.0,2.0,,300.0,3.5908,3.2767,10.6041,2.9803,1.0
RPC_US06,1,0.3018,discharge,-29.62,10.0,9.0,,300.0,3.5908,3.1951,13.359,2.9803,1.0
RPC_US06,1,0.2024,discharge,-29.623,2.0,1.0,,300.0,3.5149,3.2087,10.3364,2.9803,1.0
RPC_US06,1,0.2024,discharge,-29.623,10.0,9.0,,300.0,3.5149,3.1069,13.7728,2.9803,1.0
RPC_US06,1,0.1527,discharge,-29.575,2.0,2.0,,300.0,3.4534,3.1244,11.1241,2.9803,1.0
RPC_US06,1,0.1527,discharge,-29.575,10.0,9.0,,300.0,3.4534,3.0322,14.2415,2.9803,1.0
RPC_US06,1,0.1032,discharge,-28.349,2.0,2.0,,300.0,3.4058,3.0523,12.4694,2.9803,1.0
RPC_US06,1,0.1032,discharge,-28.349,10.0,9.0,,300.0,3.4058,2.7583,22.8399,2.9803,1.0
RPC_US06,1,0.0252,discharge,-11.036,2.0,2.0,,300.0,3.2064,2.9427,23.8945,2.9803,1.0
RPC_US06,1,0.0106,discharge,-7.231,2.0,2.0,,300.0,3.0617,2.8578,28.1978,2.9803,1.0
RPC_US06,1,0.0106,discharge,-7.231,10.0,9.0,,300.0,3.0617,2.5106,76.213,2.9803,1.0
RPC_US06,1,0.9973,discharge,-29.787,2.0,2.0,,1486.3,4.1829,3.8305,11.8309,2.9803,1.0
RPC_US06,1,0.9973,discharge,-29.787,10.0,9.0,,1486.3,4.1829,3.7596,14.2111,2.9803,1.0
RPC_US06,1,0.9476,discharge,-29.786,2.0,2.0,,300.0,4.0998,3.777,10.8373,2.9803,1.0
RPC_US06,1,0.9476,discharge,-29.786,10.0,9.0,,300.0,4.0998,3.7287,12.4589,2.9803,1.0
RPC_US06,1,0.8979,discharge,-29.751,2.0,1.0,,300.0,4.0794,3.776,10.1981,2.9803,1.0
RPC_US06,1,0.8979,discharge,-29.751,10.0,9.0,,300.0,4.0794,3.7086,12.4637,2.9803,1.0
RPC_US06,1,0.7986,discharge,-29.675,2.0,2.0,,300.0,4.0283,3.6999,11.0664,2.9803,1.0
RPC_US06,1,0.7986,discharge,-29.675,10.0,9.0,,300.0,4.0283,3.6232,13.651,2.9803,1.0
RPC_US06,1,0.6992,discharge,-29.715,2.0,2.0,,300.0,3.9214,3.6004,10.8028,2.9803,1.0
RPC_US06,1,0.6992,discharge,-29.715,10.0,9.0,,300.0,3.9214,3.5371,12.9331,2.9803,1.0
RPC_US06,1,0.5998,discharge,-29.654,2.0,2.0,,300.0,3.8334,3.5237,10.4438,2.9803,1.0
RPC_US06,1,0.5998,discharge,-29.654,10.0,9.0,,300.0,3.8334,3.4584,12.6458,2.9803,1.0
RPC_US06,1,0.5005,discharge,-29.651,2.0,2.0,,300.0,3.7357,3.4242,10.5054,2.9803,1.0
RPC_US06,1,0.5005,discharge,-29.651,10.0,9.01,,300.0,3.7357,3.351,12.974,2.9803,1.0
RPC_US06,1,0.4011,discharge,-29.654,2.0,2.0,,300.0,3.6518,3.3407,10.491,2.9803,1.0
RPC_US06,1,0.4011,discharge,-29.654,10.0,9.0,,300.0,3.6518,3.2653,13.0337,2.9803,1.0
RPC_US06,1,0.3018,discharge,-29.621,2.0,2.0,,300.0,3.5907,3.2764,10.6107,2.9803,1.0
RPC_US06,1,0.3018,discharge,-29.621,10.0,9.0,,300.0,3.5907,3.195,13.3588,2.9803,1.0
RPC_US06,1,0.2024,discharge,-29.627,2.0,2.0,,300.0,3.5147,3.1899,10.9632,2.9803,1.0
RPC_US06,1,0.2024,discharge,-29.627,10.0,9.0,,300.0,3.5147,3.1063,13.785,2.9803,1.0
RPC_US06,1,0.1527,discharge,-29.584,2.0,2.0,,300.0,3.4529,3.1238,11.1243,2.9803,1.0
RPC_US06,1,0.1527,discharge,-29.584,10.0,9.0,,300.0,3.4529,3.0308,14.2678,2.9803,1.0
RPC_US06,1,0.1032,discharge,-28.242,2.0,1.0,,300.0,3.4054,3.0844,11.3663,2.9803,1.0
RPC_US06,1,0.1032,discharge,-28.242,10.0,9.01,,300.0,3.4054,2.754,23.0653,2.9803,1.0
RPC_US06,1,0.0253,discharge,-10.331,2.0,2.0,,300.0,3.2035,2.9571,23.8505,2.9803,1.0
RPC_US06,1,0.0253,discharge,-10.331,10.0,8.87,,300.0,3.2035,2.4996,68.1347,2.9803,1.0
RPC_US06,1,0.0106,discharge,-7.197,2.0,2.0,,300.0,3.0573,2.8503,28.764,2.9803,1.0
RPC_US06,1,0.0106,discharge,-7.197,10.0,8.89,,300.0,3.0573,2.4997,77.4821,2.9803,1.0
RPC_US06,1,0.9973,discharge,-29.789,2.0,2.0,,1485.2,4.1828,3.83,11.8433,2.9803,1.0
RPC_US06,1,0.9973,discharge,-29.789,10.0,9.0,,1485.2,4.1828,3.7593,14.2167,2.9803,1.0
RPC_US06,1,0.9476,discharge,-29.787,2.0,2.0,,300.0,4.0999,3.7769,10.8437,2.9803,1.0
RPC_US06,1,0.9476,discharge,-29.787,10.0,9.0,,300.0,4.0999,3.7285,12.4685,2.9803,1.0
RPC_US06,1,0.8979,discharge,-29.752,2.0,2.0,,300.0,4.0792,3.7639,10.5978,2.9803,1.0
RPC_US06,1,0.8979,discharge,-29.752,10.0,9.0,,300.0,4.0792,3.7085,12.4599,2.9803,1.0
RPC_US06,1,0.7986,discharge,-29.677,2.0,2.0,,300.0,4.0281,3.6997,11.0658,2.9803,1.0
RPC_US06,1,0.7986,discharge,-29.677,10.0,9.0,,300.0,4.0281,3.6232,13.6436,2.9803,1.0
RPC_US06,1,0.6992,discharge,-29.715,2.0,1.0,,300.0,3.9215,3.6145,10.3313,2.9803,1.0
RPC_US06,1,0.6992,discharge,-29.715,10.0,9.0,,300.0,3.9215,3.5371,12.936,2.9803,1.0
RPC_US06,1,0.5998,discharge,-29.614,2.0,2.0,,300.0,3.8332,3.524,10.441,2.9803,1.0
RPC_US06,1,0.5998,discharge,-29.614,10.0,9.0,,300.0,3.8332,3.4585,12.6528,2.9803,1.0
RPC_US06,1,0.5005,discharge,-29.651,2.0,1.0,,300.0,3.7355,3.4409,9.9354,2.9803,1.0
RPC_US06,1,0.5005,discharge,-29.651,10.0,9.0,,300.0,3.7355,3.3512,12.9606,2.9803,1.0
RPC_US06,1,0.4011,discharge,-29.653,2.0,2.0,,300.0,3.6516,3.3408,10.4812,2.9803,1.0
RPC_US06,1,0.4011,discharge,-29.653,10.0,9.0,,300.0,3.6516,3.2653,13.0273,2.9803,1.0
RPC_US06,1,0.3018,discharge,-29.623,2.0,2.0,,300.0,3.5903,3.2765,10.5933,2.9803,1.0
RPC_US06,1,0.3018,discharge,-29.623,10.0,9.0,,300.0,3.5903,3.1947,13.3547,2.9803,1.0
RPC_US06,1,0.2024,discharge,-29.629,2.0,2.0,,300.0,3.5143,3.1897,10.9557,2.9803,1.0
RPC_US06,1,0.2024,discharge,-29.629,10.0,9.0,,300.0,3.5143,3.1062,13.7739,2.9803,1.0
RPC_US06,1,0.1527,discharge,-29.59,2.0,2.0,,300.0,3.4526,3.1233,11.1289,2.9803,1.0
RPC_US06,1,0.1527,discharge,-29.59,10.0,9.0,,300.0,3.4526,3.0299,14.2855,2.9803,1.0
RPC_US06,1,0.1032,discharge,-28.271,2.0,2.0,,300.0,3.4051,3.0516,12.5038,2.9803,1.0
RPC_US06,1,0.1032,discharge,-28.271,10.0,9.0,,300.0,3.4051,2.745,23.3486,2.9803,1.0
RPC_US06,1,0.0253,discharge,-9.772,2.0,2.0,,300.0,3.2013,2.9717,23.4964,2.9803,1.0
RPC_US06,1,0.0253,discharge,-9.772,10.0,9.01,,300.0,3.2013,2.5672,64.8915,2.9803,1.0
RPC_US06,1,0.0107,discharge,-6.654,2.0,2.0,,300.0,3.053,2.8645,28.3295,2.9803,1.0
RPC_US06,1,0.0107,discharge,-6.654,10.0,9.0,,300.0,3.053,2.5663,73.1456,2.9803,1.0
RPC_US06,1,0.9973,discharge,-29.788,2.0,2.0,,1485.4,4.1828,3.8302,11.837,2.9803,1.0
RPC_US06,1,0.9973,discharge,-29.788,10.0,9.0,,1485.4,4.1828,3.7595,14.2104,2.9803,1.0
RPC_US06,1,0.9476,discharge,-29.785,2.0,2.0,,300.0,4.0998,3.7772,10.831,2.9803,1.0
RPC_US06,1,0.9476,discharge,-29.785,10.0,9.0,,300.0,4.0998,3.7287,12.4593,2.9803,1.0
RPC_US06,1,0.8979,discharge,-29.75,2.0,2.0,,300.0,4.0791,3.7641,10.5882,2.9803,1.0
RPC_US06,1,0.8979,discharge,-29.75,10.0,9.0,,300.0,4.0791,3.7086,12.4538,2.9803,1.0
RPC_US06,1,0.7986,discharge,-29.676,2.0,2.0,,300.0,4.0281,3.6998,11.0628,2.9803,1.0
RPC_US06,1,0.7986,discharge,-29.676,10.0,9.0,,300.0,4.0281,3.6234,13.6373,2.9803,1.0
RPC_US06,1,0.6992,discharge,-29.713,2.0,1.0,,300.0,3.9213,3.6146,10.3219,2.9803,1.0
RPC_US06,1,0.6992,discharge,-29.713,10.0,9.0,,300.0,3.9213,3.5373,12.9234,2.9803,1.0
RPC_US06,1,0.5998,discharge,-29.748,2.0,2.0,,300.0,3.8334,3.5233,10.4244,2.9803,1.0
RPC_US06,1,0.5998,discharge,-29.748,10.0,9.0,,300.0,3.8334,3.4577,12.6296,2.9803,1.0
RPC_US06,1,0.5005,discharge,-29.648,2.0,2.0,,300.0,3.7352,3.4245,10.4795,2.9803,1.0
RPC_US06,1,0.5005,discharge,-29.648,10.0,9.0,,300.0,3.7352,3.3514,12.945,2.9803,1.0
RPC_US06,1,0.4011,discharge,-29.651,2.0,2.0,,300.0,3.6515,3.341,10.472,2.9803,1.0
RPC_US06,1,0.4011,discharge,-29.651,10.0,9.0,,300.0,3.6515,3.2655,13.0183,2.9803,1.0
RPC_US06,1,0.3018,discharge,-29.621,2.0,2.0,,300.0,3.5902,3.2767,10.5835,2.9803,1.0
RPC_US06,1,0.3018,discharge,-29.621,10.0,9.0,,300.0,3.5902,3.1949,13.345,2.9803,1.0
RPC_US06,1,0.2024,discharge,-29.629,2.0,2.0,,300.0,3.5142,3.1896,10.9555,2.9803,1.0
RPC_US06,1,0.2024,discharge,-29.629,10.0,9.0,,300.0,3.5142,3.1059,13.7804,2.9803,1.0
RPC_US06,1,0.1527,discharge,-29.534,2.0,2.0,,300.0,3.4521,3.1231,11.1397,2.9803,1.0
RPC_US06,1,0.1527,discharge,-29.534,10.0,9.0,,300.0,3.4521,3.029,14.3259,2.9803,1.0
RPC_US06,1,0.1032,discharge,-28.14,2.0,2.0,,300.0,3.405,3.0524,12.53,2.9803,1.0
RPC_US06,1,0.1032,discharge,-28.14,10.0,9.01,,300.0,3.405,2.7432,23.5177,2.9803,1.0
RPC_US06,1,0.0253,discharge,-9.808,2.0,2.0,,300.0,3.1987,2.966,23.7257,2.9803,1.0
RPC_US06,1,0.0253,discharge,-9.808,10.0,9.0,,300.0,3.1987,2.5502,66.1198,2.9803,1.0
RPC_US06,1,0.0107,discharge,-6.68,2.0,2.0,,300.0,3.0488,2.8575,28.6397,2.9803,1.0
RPC_US06,1,0.0107,discharge,-6.68,10.0,9.0,,300.0,3.0488,2.5497,74.7206,2.9803,1.0
RPC_US06,1,0.9508,charge,3.915,2.0,2.0,,300.0,4.0995,4.1501,12.9232,2.9803,1.0
RPC_US06,1,0.9508,charge,3.915,10.0,9.0,,300.0,4.0995,4.15,12.8976,2.9803,1.0
RPC_US06,1,0.9013,charge,5.898,2.0,2.0,,300.0,4.079,4.1501,12.0547,2.9803,1.0
RPC_US06,1,0.9013,charge,5.898,10.0,9.0,,300.0,4.079,4.1501,12.0547,2.9803,1.0
RPC_US06,1,0.8025,charge,9.754,2.0,2.0,,300.0,4.0282,4.1502,12.5079,2.9803,1.0
RPC_US06,1,0.8025,charge,9.754,10.0,9.0,,300.0,4.0282,4.1501,12.4977,2.9803,1.0
RPC_US06,1,0.7033,charge,15.0,2.0,2.0,,300.0,3.9217,4.0821,10.6933,2.9803,1.0
RPC_US06,1,0.7033,charge,15.0,10.0,9.0,,300.0,3.9217,4.1122,12.7,2.9803,1.0
RPC_US06,1,0.6039,charge,15.0,2.0,2.0,,300.0,3.8347,3.9971,10.8267,2.9803,1.0
RPC_US06,1,0.6039,charge,15.0,10.0,9.0,,300.0,3.8347,4.0382,13.5667,2.9803,1.0
RPC_US06,1,0.5045,charge,15.0,2.0,2.0,,300.0,3.7346,3.8921,10.5,2.9803,1.0
RPC_US06,1,0.5045,charge,15.0,10.0,9.0,,300.0,3.7346,3.9241,12.6333,2.9803,1.0
RPC_US06,1,0.4052,charge,15.0,2.0,2.0,,300.0,3.651,3.8084,10.4933,2.9803,1.0
RPC_US06,1,0.4052,charge,15.0,10.0,9.0,,300.0,3.651,3.839,12.5333,2.9803,1.0
RPC_US06,1,0.3058,charge,15.001,2.0,2.0,,300.0,3.5902,3.7488,10.5726,2.9803,1.0
RPC_US06,1,0.3058,charge,15.001,10.0,9.0,,300.0,3.5902,3.78,12.6525,2.9803,1.0
RPC_US06,1,0.2064,charge,15.0,2.0,2.0,,300.0,3.5134,3.6741,10.7133,2.9803,1.0
RPC_US06,1,0.2064,charge,15.0,10.0,9.0,,300.0,3.5134,3.7129,13.3,2.9803,1.0
RPC_US06,1,0.1567,charge,15.0,2.0,2.0,,300.0,3.4517,3.62,11.22,2.9803,1.0
RPC_US06,1,0.1567,charge,15.0,10.0,9.01,,300.0,3.4517,3.6606,13.9267,2.9803,1.0
RPC_US06,1,0.107,charge,15.0,2.0,2.0,,300.0,3.4041,3.5731,11.2667,2.9803,1.0
RPC_US06,1,0.107,charge,15.0,10.0,9.01,,300.0,3.4041,3.6024,13.22,2.9803,1.0
RPC_US06,1,0.0574,charge,15.0,2.0,1.0,,300.0,3.3538,3.5398,12.4,2.9803,1.0
RPC_US06,1,0.0574,charge,15.0,10.0,9.0,,300.0,3.3538,3.5829,15.2733,2.9803,1.0
RPC_US06,1,0.0275,charge,15.0,2.0,2.0,,300.0,3.198,3.4423,16.2867,2.9803,1.0
RPC_US06,1,0.0275,charge,15.0,10.0,9.0,,300.0,3.198,3.5334,22.36,2.9803,1.0
RPC_US06,1,0.0126,charge,15.0,2.0,2.0,,300.0,3.0495,3.3276,18.54,2.9803,1.0
RPC_US06,1,0.0126,charge,15.0,10.0,9.0,,300.0,3.0495,3.4503,26.72,2.9803,1.0
RPC_US06,1,0.9506,charge,3.572,2.0,2.0,,300.1,4.0995,4.1404,11.45,2.9803,1.0
RPC_US06,1,0.9506,charge,3.572,10.0,9.0,,300.1,4.0995,4.1489,13.8296,2.9803,1.0
RPC_US06,1,0.9011,charge,5.515,2.0,2.0,,300.1,4.0789,4.1396,11.0062,2.9803,1.0
RPC_US06,1,0.9011,charge,5.515,10.0,9.01,,300.1,4.0789,4.1492,12.7469,2.9803,1.0
RPC_US06,1,0.8021,charge,8.899,2.0,2.0,,300.1,4.028,4.1277,11.2036,2.9803,1.0
RPC_US06,1,0.8021,charge,8.899,10.0,9.0,,300.1,4.028,4.1473,13.4062,2.9803,1.0
RPC_US06,1,0.7033,charge,15.046,2.0,2.0,,300.1,3.9218,4.0835,10.7474,2.9803,1.0
RPC_US06,1,0.7033,charge,15.046,10.0,9.0,,300.1,3.9218,4.1124,12.6682,2.9803,1.0
RPC_US06,1,0.6039,charge,15.056,2.0,2.0,,300.1,3.8349,3.9996,10.9392,2.9803,1.0
RPC_US06,1,0.6039,charge,15.056,10.0,9.0,,300.1,3.8349,4.0389,13.5494,2.9803,1.0
RPC_US06,1,0.5045,charge,15.05,2.0,1.0,,300.1,3.7346,3.8867,10.1063,2.9803,1.0
RPC_US06,1,0.5045,charge,15.05,10.0,9.0,,300.1,3.7346,3.9243,12.6047,2.9803,1.0
RPC_US06,1,0.4052,charge,15.048,2.0,2.0,,300.1,3.6511,3.8096,10.533,2.9803,1.0
RPC_US06,1,0.4052,charge,15.048,10.0,9.0,,300.1,3.6511,3.8392,12.5,2.9803,1.0
RPC_US06,1,0.3058,charge,15.05,2.0,2.0,,300.1,3.59,3.7502,10.6449,2.9803,1.0
RPC_US06,1,0.3058,charge,15.05,10.0,9.0,,300.1,3.59,3.7803,12.6449,2.9803,1.0
RPC_US06,1,0.2064,charge,15.065,2.0,2.0,,300.1,3.5134,3.6759,10.7866,2.9803,1.0
RPC_US06,1,0.2064,charge,15.065,10.0,9.0,,300.1,3.5134,3.7132,13.2625,2.9803,1.0
RPC_US06,1,0.1568,charge,15.069,2.0,2.0,,300.1,3.4513,3.6218,11.3142,2.9803,1.0
RPC_US06,1,0.1568,charge,15.069,10.0,9.0,,300.1,3.4513,3.6609,13.9089,2.9803,1.0
RPC_US06,1,0.1071,charge,15.049,2.0,1.0,,300.1,3.4041,3.5682,10.9047,2.9803,1.0
RPC_US06,1,0.1071,charge,15.049,10.0,9.0,,300.1,3.4041,3.6025,13.184,2.9803,1.0
RPC_US06,1,0.0574,charge,15.05,2.0,2.0,,300.1,3.3533,3.5511,13.1424,2.9803,1.0
RPC_US06,1,0.0574,charge,15.05,10.0,9.0,,300.1,3.3533,3.5835,15.2952,2.9803,1.0
RPC_US06,1,0.0276,charge,15.154,2.0,2.0,,300.1,3.1965,3.4477,16.577,2.9803,1.0
RPC_US06,1,0.0276,charge,15.154,10.0,9.0,,300.1,3.1965,3.5349,22.3315,2.9803,1.0
RPC_US06,1,0.0127,charge,15.211,2.0,2.0,,300.1,3.0468,3.3362,19.0257,2.9803,1.0
RPC_US06,1,0.0127,charge,15.211,10.0,9.0,,300.1,3.0468,3.4531,26.7109,2.9803,1.0
RPC_US06,136,0.9973,discharge,-30.0,2.0,2.0,,3929.8,4.1758,3.7989,12.5633,2.915,0.9781
RPC_US06,136,0.9973,discharge,-30.0,10.0,9.0,,3929.8,4.1758,3.7406,14.5067,2.915,0.9781
RPC_US06,136,0.9727,charge,2.955,2.0,2.0,,60.0,4.1096,4.15,13.6722,2.915,0.9781
RPC_US06,136,0.9727,charge,2.955,10.0,9.0,,60.0,4.1096,4.15,13.6722,2.915,0.9781
RPC_US06,136,0.9487,discharge,-30.0,2.0,2.0,,3600.0,4.099,3.7566,11.4133,2.915,0.9781
RPC_US06,136,0.9487,discharge,-30.0,10.0,9.0,,3600.0,4.099,3.7112,12.9267,2.915,0.9781
RPC_US06,136,0.9244,charge,5.942,2.0,2.0,,60.0,4.078,4.1501,12.1331,2.915,0.9781
RPC_US06,136,0.9244,charge,5.942,10.0,9.0,,60.0,4.078,4.15,12.1163,2.915,0.9781
RPC_US06,136,0.9001,discharge,-30.0,2.0,2.0,,3600.0,4.0796,3.7448,11.16,2.915,0.9781
RPC_US06,136,0.9001,discharge,-30.0,10.0,9.0,,3600.0,4.0796,3.693,12.8867,2.915,0.9781
RPC_US06,136,0.8759,charge,6.982,2.0,2.0,,60.0,4.0667,4.1501,11.9447,2.915,0.9781
RPC_US06,136,0.8759,charge,6.982,10.0,9.0,,60.0,4.0667,4.15,11.9303,2.915,0.9781
RPC_US06,136,0.8029,discharge,-30.0,2.0,2.0,,3600.0,4.0315,3.6842,11.5767,2.915,0.9781
RPC_US06,136,0.8029,discharge,-30.0,10.0,9.0,,3600.0,4.0315,3.613,13.95,2.915,0.9781
RPC_US06,136,0.7792,charge,13.203,2.0,2.0,,60.0,3.9818,4.1503,12.7623,2.915,0.9781
RPC_US06,136,0.7792,charge,13.203,10.0,9.0,,60.0,3.9818,4.1501,12.7471,2.915,0.9781
RPC_US06,136,0.7057,discharge,-30.0,2.0,2.0,,3600.0,3.9254,3.5866,11.2933,2.915,0.9781
RPC_US06,136,0.7057,discharge,-30.0,10.0,9.0,,3600.0,3.9254,3.5291,13.21,2.915,0.9781
RPC_US06,136,0.682,charge,15.001,2.0,1.0,,60.0,3.8817,4.0332,10.0993,2.915,0.9781
RPC_US06,136,0.682,charge,15.001,10.0,9.0,,60.0,3.8817,4.0848,13.5391,2.915,0.9781
RPC_US06,136,0.6085,discharge,-30.0,2.0,2.0,,3600.0,3.8593,3.518,11.3767,2.915,0.9781
RPC_US06,136,0.6085,discharge,-30.0,10.0,9.0,,3600.0,3.8593,3.4541,13.5067,2.915,0.9781
RPC_US06,136,0.5848,charge,15.001,2.0,2.0,,60.0,3.8006,3.9587,10.5393,2.915,0.9781
RPC_US06,136,0.5848,charge,15.001,10.0,9.0,,60.0,3.8006,4.0025,13.4591,2.915,0.9781
RPC_US06,136,0.5113,discharge,-30.0,2.0,2.0,,3600.0,3.7387,3.4146,10.8033,2.915,0.9781
RPC_US06,136,0.5113,discharge,-30.0,10.0,9.0,,3600.0,3.7387,3.348,13.0233,2.915,0.9781
RPC_US06,136,0.4876,charge,15.001,2.0,2.0,,60.0,3.7046,3.8619,10.486,2.915,0.9781
RPC_US06,136,0.4876,charge,15.001,10.0,9.0,,60.0,3.7046,3.8966,12.7991,2.915,0.9781
RPC_US06,136,0.4141,discharge,-30.0,2.0,2.0,,3600.0,3.657,3.3338,10.7733,2.915,0.9781
RPC_US06,136,0.4141,discharge,-30.0,10.0,9.0,,3600.0,3.657,3.2638,13.1067,2.915,0.9781
RPC_US06,136,0.3905,charge,15.0,2.0,2.0,,60.0,3.626,3.7828,10.4533,2.915,0.9781
RPC_US06,136,0.3905,charge,15.0,10.0,9.0,,60.0,3.626,3.8187,12.8467,2.915,0.9781
RPC_US06,136,0.3169,discharge,-30.0,2.0,2.0,,3600.0,3.5988,3.2701,10.9567,2.915,0.9781
RPC_US06,136,0.3169,discharge,-30.0,10.0,9.0,,3600.0,3.5988,3.1918,13.5667,2.915,0.9781
RPC_US06,136,0.2933,charge,15.0,2.0,2.0,,60.0,3.5604,3.7179,10.5,2.915,0.9781
RPC_US06,136,0.2933,charge,15.0,10.0,9.0,,60.0,3.5604,3.7587,13.22,2.915,0.9781
RPC_US06,136,0.2197,discharge,-30.0,2.0,2.0,,3600.0,3.5161,3.17,11.5367,2.915,0.9781
RPC_US06,136,0.2197,discharge,-30.0,10.0,9.0,,3600.0,3.5161,3.0877,14.28,2.915,0.9781
RPC_US06,136,0.1961,charge,15.001,2.0,2.0,,60.0,3.4702,3.6348,10.9726,2.915,0.9781
RPC_US06,136,0.1961,charge,15.001,10.0,9.0,,60.0,3.4702,3.6772,13.7991,2.915,0.9781
RPC_US06,136,0.1711,discharge,-30.0,2.0,2.0,,3600.0,3.4532,3.0957,11.9167,2.915,0.9781
RPC_US06,136,0.1711,discharge,-30.0,10.0,9.0,,3600.0,3.4532,2.9961,15.2367,2.915,0.9781
RPC_US06,136,0.1474,charge,15.0,2.0,2.0,,60.0,3.4186,3.5831,10.9667,2.915,0.9781
RPC_US06,136,0.1474,charge,15.0,10.0,9.0,,60.0,3.4186,3.6135,12.9933,2.915,0.9781
RPC_US06,136,0.1225,discharge,-30.0,2.0,2.0,,3600.0,3.4118,2.9847,14.2367,2.915,0.9781
RPC_US06,136,0.1225,discharge,-30.0,10.0,9.0,,3600.0,3.4118,2.6432,25.62,2.915,0.9781
RPC_US06,136,0.0988,charge,15.001,2.0,2.0,,60.0,3.378,3.5589,12.0592,2.915,0.9781
RPC_US06,136,0.0988,charge,15.001,10.0,9.0,,60.0,3.378,3.5896,14.1057,2.915,0.9781
RPC_US06,136,0.0739,discharge,-17.466,2.0,2.0,,3600.0,3.3661,2.5987,43.9368,2.915,0.9781
RPC_US06,136,0.0739,discharge,-17.466,10.0,9.0,,3600.0,3.3661,2.5498,46.7365,2.915,0.9781
RPC_US06,136,0.0587,charge,15.0,2.0,2.0,,60.0,3.261,3.4892,15.2133,2.915,0.9781
RPC_US06,136,0.0587,charge,15.0,10.0,9.0,,60.0,3.261,3.5625,20.1,2.915,0.9781
RPC_US06,136,0.0447,discharge,-9.296,2.0,2.0,,3600.0,3.2243,2.549,72.6457,2.915,0.9781
RPC_US06,136,0.0447,discharge,-9.296,10.0,9.0,,3600.0,3.2243,2.5499,72.5489,2.915,0.9781
RPC_US06,136,0.0365,charge,15.0,2.0,2.0,,60.0,3.0896,3.3635,18.26,2.915,0.9781
RPC_US06,136,0.0365,charge,15.0,10.0,9.0,,60.0,3.0896,3.478,25.8933,2.915,0.9781
RPC_US06,136,0.0303,discharge,-6.759,2.0,1.0,,3600.0,3.1071,2.5485,82.6441,2.915,0.9781
RPC_US06,136,0.0303,discharge,-6.759,10.0,9.0,,3600.0,3.1071,2.5499,82.437,2.915,0.9781
RPC_US06,136,0.0249,charge,15.001,2.0,1.0,,60.0,2.9528,3.2378,18.9987,2.915,0.9781
RPC_US06,136,0.0249,charge,15.001,10.0,9.0,,60.0,2.9528,3.4145,30.7779,2.915,0.9781
RPC_US06,136,0.9973,discharge,-30.001,2.0,2.0,,1538.3,4.1802,3.8043,12.5296,2.915,0.9781
RPC_US06,136,0.9973,discharge,-30.001,10.0,9.0,,1538.3,4.1802,3.7441,14.5362,2.915,0.9781
RPC_US06,136,0.9487,discharge,-30.001,2.0,2.0,,300.0,4.097,3.763,11.133,2.915,0.9781
RPC_US06,136,0.9487,discharge,-30.001,10.0,9.0,,300.0,4.097,3.7173,12.6562,2.915,0.9781
RPC_US06,136,0.9001,discharge,-30.0,2.0,2.0,,300.0,4.0776,3.7516,10.8667,2.915,0.9781
RPC_US06,136,0.9001,discharge,-30.0,10.0,9.0,,300.0,4.0776,3.6969,12.69,2.915,0.9781
RPC_US06,136,0.8029,discharge,-30.0,2.0,2.0,,300.0,4.024,3.684,11.3333,2.915,0.9781
RPC_US06,136,0.8029,discharge,-30.0,10.0,9.0,,300.0,4.024,3.6121,13.73,2.915,0.9781
RPC_US06,136,0.7057,discharge,-30.001,2.0,2.0,,300.0,3.9212,3.5912,10.9996,2.915,0.9781
RPC_US06,136,0.7057,discharge,-30.001,10.0,9.0,,300.0,3.9212,3.5313,12.9962,2.915,0.9781
RPC_US06,136,0.6085,discharge,-30.001,2.0,1.0,,300.0,3.8412,3.5319,10.3097,2.915,0.9781
RPC_US06,136,0.6085,discharge,-30.001,10.0,9.01,,300.0,3.8412,3.4551,12.8696,2.915,0.9781
RPC_US06,136,0.5113,discharge,-30.001,2.0,2.0,,300.0,3.7331,3.4144,10.623,2.915,0.9781
RPC_US06,136,0.5113,discharge,-30.001,10.0,9.0,,300.0,3.7331,3.3461,12.8996,2.915,0.9781
RPC_US06,136,0.4141,discharge,-30.0,2.0,2.0,,300.0,3.6503,3.3316,10.6233,2.915,0.9781
RPC_US06,136,0.4141,discharge,-30.0,10.0,9.0,,300.0,3.6503,3.259,13.0433,2.915,0.9781
RPC_US06,136,0.3169,discharge,-30.001,2.0,2.0,,300.0,3.5897,3.2661,10.7863,2.915,0.9781
RPC_US06,136,0.3169,discharge,-30.001,10.0,9.0,,300.0,3.5897,3.1861,13.4529,2.915,0.9781
RPC_US06,136,0.2197,discharge,-30.001,2.0,2.0,,300.0,3.511,3.1722,11.293,2.915,0.9781
RPC_US06,136,0.2197,discharge,-30.001,10.0,9.01,,300.0,3.511,3.0884,14.0862,2.915,0.9781
RPC_US06,136,0.1711,discharge,-30.001,2.0,2.0,,300.0,3.449,3.0999,11.6363,2.915,0.9781
RPC_US06,136,0.1711,discharge,-30.001,10.0,9.0,,300.0,3.449,2.992,15.2328,2.915,0.9781
RPC_US06,136,0.1225,discharge,-30.0,2.0,2.0,,300.0,3.4046,2.9709,14.4567,2.915,0.9781
RPC_US06,136,0.1225,discharge,-30.0,10.0,9.0,,300.0,3.4046,2.5519,28.4233,2.915,0.9781
RPC_US06,136,0.0739,discharge,-15.704,2.0,1.0,,300.0,3.3551,2.718,40.5693,2.915,0.9781
RPC_US06,136,0.0739,discharge,-15.704,10.0,9.01,,300.0,3.3551,2.5499,51.2736,2.915,0.9781
RPC_US06,136,0.0447,discharge,-8.264,2.0,2.0,,300.0,3.201,2.5495,78.835,2.915,0.9781
RPC_US06,136,0.0447,discharge,-8.264,10.0,9.0,,300.0,3.201,2.5499,78.7866,2.915,0.9781
RPC_US06,136,0.0306,discharge,-5.424,2.0,1.0,,300.0,3.0575,2.5493,93.6956,2.915,0.9781
RPC_US06,136,0.0306,discharge,-5.424,10.0,9.0,,300.0,3.0575,2.55,93.5665,2.915,0.9781
RPC_US06,136,0.9973,discharge,-29.809,2.0,2.0,,1536.4,4.1802,3.8103,12.4088,2.915,0.9781
RPC_US06,136,0.9973,discharge,-29.809,10.0,9.0,,1536.4,4.1802,3.7445,14.6161,2.915,0.9781
RPC_US06,136,0.9487,discharge,-29.837,2.0,2.0,,300.0,4.0969,3.7666,11.07,2.915,0.9781
RPC_US06,136,0.9487,discharge,-29.837,10.0,9.0,,300.0,4.0969,3.7176,12.7122,2.915,0.9781
RPC_US06,136,0.9001,discharge,-29.794,2.0,2.0,,300.0,4.0775,3.7561,10.7876,2.915,0.9781
RPC_US06,136,0.9001,discharge,-29.794,10.0,9.0,,300.0,4.0775,3.6973,12.7612,2.915,0.9781
RPC_US06,136,0.8029,discharge,-29.728,2.0,2.0,,300.0,4.0238,3.6901,11.2251,2.915,0.9781
RPC_US06,136,0.8029,discharge,-29.728,10.0,9.01,,300.0,4.0238,3.6128,13.8253,2.915,0.9781
RPC_US06,136,0.7057,discharge,-29.762,2.0,2.0,,300.0,3.921,3.5962,10.9132,2.915,0.9781
RPC_US06,136,0.7057,discharge,-29.762,10.0,9.0,,300.0,3.921,3.5323,13.0603,2.915,0.9781
RPC_US06,136,0.6085,discharge,-29.74,2.0,2.0,,300.0,3.8411,3.5235,10.6792,2.915,0.9781
RPC_US06,136,0.6085,discharge,-29.74,10.0,9.0,,300.0,3.8411,3.4558,12.9556,2.915,0.9781
RPC_US06,136,0.5113,discharge,-29.714,2.0,2.0,,300.0,3.7328,3.4208,10.5003,2.915,0.9781
RPC_US06,136,0.5113,discharge,-29.714,10.0,9.0,,300.0,3.7328,3.3471,12.9806,2.915,0.9781
RPC_US06,136,0.4141,discharge,-29.689,2.0,1.0,,300.0,3.6503,3.3559,9.916,2.915,0.9781
RPC_US06,136,0.4141,discharge,-29.689,10.0,9.0,,300.0,3.6503,3.2601,13.1427,2.915,0.9781
RPC_US06,136,0.317,discharge,-29.645,2.0,2.0,,300.0,3.5897,3.2744,10.6359,2.915,0.9781
RPC_US06,136,0.317,discharge,-29.645,10.0,9.0,,300.0,3.5897,3.1874,13.5706,2.915,0.9781
RPC_US06,136,0.2198,discharge,-29.616,2.0,2.0,,300.0,3.5105,3.1816,11.1057,2.915,0.9781
RPC_US06,136,0.2198,discharge,-29.616,10.0,9.0,,300.0,3.5105,3.0896,14.2122,2.915,0.9781
RPC_US06,136,0.1712,discharge,-29.393,2.0,2.0,,300.0,3.4487,3.1124,11.4415,2.915,0.9781
RPC_US06,136,0.1712,discharge,-29.393,10.0,9.0,,300.0,3.4487,2.9947,15.4459,2.915,0.9781
RPC_US06,136,0.123,discharge,-26.349,2.0,2.0,,300.0,3.4042,3.0518,13.3741,2.915,0.9781
RPC_US06,136,0.123,discharge,-26.349,10.0,9.0,,300.0,3.4042,2.6839,27.3364,2.915,0.9781
RPC_US06,136,0.0758,discharge,-9.38,2.0,2.0,,300.0,3.3544,3.1885,17.6859,2.915,0.9781
RPC_US06,136,0.0758,discharge,-9.38,10.0,9.0,,300.0,3.3544,3.0374,33.794,2.915,0.9781
RPC_US06,136,0.047,discharge,-5.301,2.0,2.0,,300.0,3.1962,3.0657,24.6194,2.915,0.9781
RPC_US06,136,0.047,discharge,-5.301,10.0,9.0,,300.0,3.1962,2.9374,48.8237,2.915,0.9781
RPC_US06,136,0.0326,discharge,-3.495,2.0,2.0,,300.0,3.0459,2.9428,29.5001,2.915,0.9781
RPC_US06,136,0.0326,discharge,-3.495,10.0,9.0,,300.0,3.0459,2.8418,58.3994,2.915,0.9781
RPC_US06,136,0.9973,discharge,-29.814,2.0,2.0,,1537.7,4.1802,3.8094,12.4371,2.915,0.9781
RPC_US06,136,0.9973,discharge,-29.814,10.0,9.0,,1537.7,4.1802,3.744,14.6307,2.915,0.9781
RPC_US06,136,0.9487,discharge,-29.841,2.0,2.0,,300.0,4.0968,3.7662,11.0785,2.915,0.9781
RPC_US06,136,0.9487,discharge,-29.841,10.0,9.0,,300.0,4.0968,3.7172,12.7205,2.915,0.9781
RPC_US06,136,0.9001,discharge,-29.797,2.0,2.0,,300.0,4.0773,3.7557,10.7932,2.915,0.9781
RPC_US06,136,0.9001,discharge,-29.797,10.0,9.0,,300.0,4.0773,3.6969,12.7666,2.915,0.9781
RPC_US06,136,0.8029,discharge,-29.73,2.0,2.0,,300.0,4.0235,3.6895,11.2343,2.915,0.9781
RPC_US06,136,0.8029,discharge,-29.73,10.0,9.0,,300.0,4.0235,3.6122,13.8343,2.915,0.9781
RPC_US06,136,0.7057,discharge,-29.764,2.0,2.0,,300.0,3.921,3.5961,10.9157,2.915,0.9781
RPC_US06,136,0.7057,discharge,-29.764,10.0,9.0,,300.0,3.921,3.5318,13.076,2.915,0.9781
RPC_US06,136,0.6085,discharge,-29.744,2.0,2.0,,300.0,3.8411,3.5231,10.6911,2.915,0.9781
RPC_US06,136,0.6085,discharge,-29.744,10.0,9.0,,300.0,3.8411,3.4552,12.9738,2.915,0.9781
RPC_US06,136,0.5114,discharge,-29.718,2.0,2.0,,300.0,3.7325,3.4203,10.5054,2.915,0.9781
RPC_US06,136,0.5114,discharge,-29.718,10.0,9.0,,300.0,3.7325,3.3464,12.9921,2.915,0.9781
RPC_US06,136,0.4141,discharge,-29.694,2.0,2.0,,300.0,3.6499,3.3384,10.4905,2.915,0.9781
RPC_US06,136,0.4141,discharge,-29.694,10.0,9.0,,300.0,3.6499,3.2595,13.1477,2.915,0.9781
RPC_US06,136,0.317,discharge,-29.651,2.0,2.0,,300.0,3.5892,3.2737,10.6403,2.915,0.9781
RPC_US06,136,0.317,discharge,-29.651,10.0,9.0,,300.0,3.5892,3.1865,13.5811,2.915,0.9781
RPC_US06,136,0.2198,discharge,-29.625,2.0,2.0,,300.0,3.5103,3.1806,11.1289,2.915,0.9781
RPC_US06,136,0.2198,discharge,-29.625,10.0,9.0,,300.0,3.5103,3.0882,14.2479,2.915,0.9781
RPC_US06,136,0.1712,discharge,-29.413,2.0,2.0,,300.0,3.4485,3.1111,11.4711,2.915,0.9781
RPC_US06,136,0.1712,discharge,-29.413,10.0,9.0,,300.0,3.4485,2.9913,15.5441,2.915,0.9781
RPC_US06,136,0.1229,discharge,-27.763,2.0,2.0,,300.0,3.4037,3.0304,13.4462,2.915,0.9781
RPC_US06,136,0.1229,discharge,-27.763,10.0,9.0,,300.0,3.4037,2.5848,29.4966,2.915,0.9781
RPC_US06,136,0.0322,discharge,-8.486,2.0,1.0,,300.0,3.0444,2.8045,28.2688,2.915,0.9781
RPC_US06,136,0.9973,discharge,-29.816,2.0,2.0,,1539.0,4.18,3.8092,12.4363,2.915,0.9781
RPC_US06,136,0.9973,discharge,-29.816,10.0,9.0,,1539.0,4.18,3.7437,14.6331,2.915,0.9781
RPC_US06,136,0.9487,discharge,-29.843,2.0,2.0,,300.0,4.0969,3.7659,11.0914,2.915,0.9781
RPC_US06,136,0.9487,discharge,-29.843,10.0,9.0,,300.0,4.0969,3.7168,12.7367,2.915,0.9781
RPC_US06,136,0.9001,discharge,-29.799,2.0,2.0,,300.0,4.0773,3.7555,10.799,2.915,0.9781
RPC_US06,136,0.9001,discharge,-29.799,10.0,9.0,,300.0,4.0773,3.6965,12.779,2.915,0.9781
RPC_US06,136,0.8029,discharge,-29.735,2.0,2.0,,300.0,4.0233,3.6891,11.2393,2.915,0.9781
RPC_US06,136,0.8029,discharge,-29.735,10.0,9.0,,300.0,4.0233,3.6118,13.8389,2.915,0.9781
RPC_US06,136,0.7057,discharge,-29.767,2.0,2.0,,300.0,3.9208,3.5959,10.9148,2.915,0.9781
RPC_US06,136,0.7057,discharge,-29.767,10.0,9.0,,300.0,3.9208,3.5314,13.0816,2.915,0.9781
RPC_US06,136,0.6085,discharge,-29.746,2.0,1.0,,300.0,3.8407,3.5376,10.1894,2.915,0.9781
RPC_US06,136,0.6085,discharge,-29.746,10.0,9.0,,300.0,3.8407,3.4548,12.973,2.915,0.9781
RPC_US06,136,0.5113,discharge,-29.723,2.0,1.0,,300.0,3.7323,3.4367,9.9452,2.915,0.9781
RPC_US06,136,0.5113,discharge,-29.723,10.0,9.0,,300.0,3.7323,3.346,12.9967,2.915,0.9781
RPC_US06,136,0.4142,discharge,-29.697,2.0,2.0,,300.0,3.6496,3.3381,10.4891,2.915,0.9781
RPC_US06,136,0.4142,discharge,-29.697,10.0,9.0,,300.0,3.6496,3.259,13.1526,2.915,0.9781
RPC_US06,136,0.317,discharge,-29.655,2.0,2.0,,300.0,3.589,3.2733,10.6458,2.915,0.9781
RPC_US06,136,0.317,discharge,-29.655,10.0,9.0,,300.0,3.589,3.1861,13.5862,2.915,0.9781
RPC_US06,136,0.2198,discharge,-29.636,2.0,2.0,,300.0,3.51,3.1798,11.1417,2.915,0.9781
RPC_US06,136,0.2198,discharge,-29.636,10.0,9.0,,300.0,3.51,3.0869,14.2763,2.915,0.9781
RPC_US06,136,0.1712,discharge,-29.431,2.0,2.0,,300.0,3.4478,3.1099,11.4811,2.915,0.9781
RPC_US06,136,0.1712,discharge,-29.431,10.0,9.0,,300.0,3.4478,2.9881,15.6196,2.915,0.9781
RPC_US06,136,0.1229,discharge,-27.849,2.0,2.0,,300.0,3.4033,3.0272,13.505,2.915,0.9781
RPC_US06,136,0.1229,discharge,-27.849,10.0,9.0,,300.0,3.4033,2.5637,30.1483,2.915,0.9781
RPC_US06,136,0.0465,discharge,-12.407,2.0,2.0,,300.0,3.194,2.8198,30.1604,2.915,0.9781
RPC_US06,136,0.0323,discharge,-7.815,2.0,2.0,,300.0,3.0428,2.7693,34.9988,2.915,0.9781
RPC_US06,136,0.9973,discharge,-29.82,2.0,1.0,,1541.3,4.1801,3.8289,11.7773,2.915,0.9781
RPC_US06,136,0.9973,discharge,-29.82,10.0,9.0,,1541.3,4.1801,3.7433,14.6479,2.915,0.9781
RPC_US06,136,0.9487,discharge,-29.846,2.0,2.0,,300.0,4.0969,3.7657,11.097,2.915,0.9781
RPC_US06,136,0.9487,discharge,-29.846,10.0,9.0,,300.0,4.0969,3.7164,12.7488,2.915,0.9781
RPC_US06,136,0.9001,discharge,-29.801,2.0,2.0,,300.0,4.0773,3.7553,10.805,2.915,0.9781
RPC_US06,136,0.9001,discharge,-29.801,10.0,9.0,,300.0,4.0773,3.696,12.7949,2.915,0.9781
RPC_US06,136,0.8029,discharge,-29.739,2.0,2.0,,300.0,4.0231,3.6887,11.2447,2.915,0.9781
RPC_US06,136,0.8029,discharge,-29.739,10.0,9.0,,300.0,4.0231,3.6112,13.8507,2.915,0.9781
RPC_US06,136,0.7057,discharge,-29.771,2.0,2.0,,300.0,3.9205,3.5955,10.9167,2.915,0.9781
RPC_US06,136,0.7057,discharge,-29.771,10.0,9.0,,300.0,3.9205,3.531,13.0832,2.915,0.9781
RPC_US06,136,0.6085,discharge,-29.751,2.0,2.0,,300.0,3.8407,3.5223,10.7022,2.915,0.9781
RPC_US06,136,0.6085,discharge,-29.751,10.0,9.0,,300.0,3.8407,3.4544,12.9844,2.915,0.9781
RPC_US06,136,0.5114,discharge,-29.727,2.0,2.0,,300.0,3.7321,3.4196,10.5123,2.915,0.9781
RPC_US06,136,0.5114,discharge,-29.727,10.0,9.0,,300.0,3.7321,3.3456,13.0016,2.915,0.9781
RPC_US06,136,0.4142,discharge,-29.702,2.0,2.0,,300.0,3.6497,3.3376,10.5077,2.915,0.9781
RPC_US06,136,0.4142,discharge,-29.702,10.0,9.0,,300.0,3.6497,3.2586,13.1675,2.915,0.9781
RPC_US06,136,0.317,discharge,-29.662,2.0,2.0,,300.0,3.5887,3.2727,10.6535,2.915,0.9781
RPC_US06,136,0.317,discharge,-29.662,10.0,9.0,,300.0,3.5887,3.1853,13.6001,2.915,0.9781
RPC_US06,136,0.2198,discharge,-29.643,2.0,2.0,,300.0,3.5097,3.1791,11.1527,2.915,0.9781
RPC_US06,136,0.2198,discharge,-29.643,10.0,9.0,,300.0,3.5097,3.0859,14.2968,2.915,0.9781
RPC_US06,136,0.1712,discharge,-29.447,2.0,2.0,,300.0,3.4475,3.1089,11.4988,2.915,0.9781
RPC_US06,136,0.1712,discharge,-29.447,10.0,9.0,,300.0,3.4475,2.9854,15.6929,2.915,0.9781
RPC_US06,136,0.1229,discharge,-27.926,2.0,1.0,,300.0,3.4028,3.0665,12.0425,2.915,0.9781
RPC_US06,136,0.1229,discharge,-27.926,10.0,9.0,,300.0,3.4028,2.5449,30.7205,2.915,0.9781
RPC_US06,136,0.0465,discharge,-11.531,2.0,2.0,,300.0,3.1935,2.8469,30.0581,2.915,0.9781
RPC_US06,136,0.0323,discharge,-7.174,2.0,2.0,,300.0,3.0422,2.7962,34.2891,2.915,0.9781
RPC_US06,136,0.9973,discharge,-29.823,2.0,2.0,,1543.1,4.1801,3.8081,12.4736,2.915,0.9781
RPC_US06,136,0.9973,discharge,-29.823,10.0,9.0,,1543.1,4.1801,3.7429,14.6598,2.915,0.9781
RPC_US06,136,0.9487,discharge,-29.849,2.0,2.0,,300.0,4.0967,3.7654,11.0994,2.915,0.9781
RPC_US06,136,0.9487,discharge,-29.849,10.0,9.0,,300.0,4.0967,3.7161,12.7511,2.915,0.9781
RPC_US06,136,0.9001,discharge,-29.805,2.0,2.0,,300.0,4.0774,3.755,10.8172,2.915,0.9781
RPC_US06,136,0.9001,discharge,-29.805,10.0,9.0,,300.0,4.0774,3.6957,12.8068,2.915,0.9781
RPC_US06,136,0.8029,discharge,-29.742,2.0,2.0,,300.0,4.0226,3.6881,11.2465,2.915,0.9781
RPC_US06,136,0.8029,discharge,-29.742,10.0,9.0,,300.0,4.0226,3.6107,13.8489,2.915,0.9781
RPC_US06,136,0.7057,discharge,-29.774,2.0,2.0,,300.0,3.9205,3.5951,10.929,2.915,0.9781
RPC_US06,136,0.7057,discharge,-29.774,10.0,9.0,,300.0,3.9205,3.5308,13.0886,2.915,0.9781
RPC_US06,136,0.6085,discharge,-29.756,2.0,2.0,,300.0,3.8405,3.522,10.7037,2.915,0.9781
RPC_US06,136,0.6085,discharge,-29.756,10.0,9.0,,300.0,3.8405,3.4538,12.9957,2.915,0.9781
RPC_US06,136,0.5114,discharge,-29.731,2.0,2.0,,300.0,3.7318,3.4189,10.5244,2.915,0.9781
RPC_US06,136,0.5114,discharge,-29.731,10.0,9.0,,300.0,3.7318,3.3449,13.0134,2.915,0.9781
RPC_US06,136,0.4142,discharge,-29.706,2.0,2.0,,300.0,3.6493,3.3372,10.5065,2.915,0.9781
RPC_US06,136,0.4142,discharge,-29.706,10.0,9.0,,300.0,3.6493,3.2581,13.1693,2.915,0.9781
RPC_US06,136,0.317,discharge,-29.668,2.0,2.0,,300.0,3.5885,3.2722,10.6615,2.915,0.9781
RPC_US06,136,0.317,discharge,-29.668,10.0,9.0,,300.0,3.5885,3.1848,13.6075,2.915,0.9781
RPC_US06,136,0.2198,discharge,-29.654,2.0,2.0,,300.0,3.5094,3.1784,11.1621,2.915,0.9781
RPC_US06,136,0.2198,discharge,-29.654,10.0,9.0,,300.0,3.5094,3.0848,14.3185,2.915,0.9781
RPC_US06,136,0.1712,discharge,-29.467,2.0,2.0,,300.0,3.4473,3.1075,11.5315,2.915,0.9781
RPC_US06,136,0.1712,discharge,-29.467,10.0,9.0,,300.0,3.4473,2.982,15.7905,2.915,0.9781
RPC_US06,136,0.1229,discharge,-28.017,2.0,2.0,,300.0,3.4026,3.0209,13.6239,2.915,0.9781
RPC_US06,136,0.1229,discharge,-28.017,10.0,9.0,,300.0,3.4026,2.523,31.3952,2.915,0.9781
RPC_US06,136,0.075,discharge,-20.528,2.0,2.0,,300.0,3.3524,2.9138,21.3659,2.915,0.9781
RPC_US06,136,0.0466,discharge,-10.918,2.0,2.0,,300.0,3.1921,2.87,29.5017,2.915,0.9781
RPC_US06,136,0.0324,discharge,-6.595,2.0,2.0,,300.0,3.0401,2.8177,33.7233,2.915,0.9781
RPC_US06,136,0.9973,discharge,-29.826,2.0,1.0,,1544.2,4.1798,3.8278,11.8016,2.915,0.9781
RPC_US06,136,0.9973,discharge,-29.826,10.0,9.01,,1544.2,4.1798,3.7424,14.6648,2.915,0.9781
RPC_US06,136,0.9487,discharge,-29.851,2.0,2.0,,300.0,4.0968,3.7651,11.1119,2.915,0.9781
RPC_US06,136,0.9487,discharge,-29.851,10.0,9.01,,300.0,4.0968,3.7158,12.7634,2.915,0.9781
RPC_US06,136,0.9001,discharge,-29.807,2.0,2.0,,300.0,4.0772,3.7547,10.8194,2.915,0.9781
RPC_US06,136,0.9001,discharge,-29.807,10.0,9.0,,300.0,4.0772,3.6953,12.8122,2.915,0.9781
RPC_US06,136,0.8029,discharge,-29.748,2.0,2.0,,300.0,4.0226,3.6878,11.2547,2.915,0.9781
RPC_US06,136,0.8029,discharge,-29.748,10.0,9.0,,300.0,4.0226,3.6101,13.8667,2.915,0.9781
RPC_US06,136,0.7057,discharge,-29.777,2.0,2.0,,300.0,3.9204,3.5947,10.938,2.915,0.9781
RPC_US06,136,0.7057,discharge,-29.777,10.0,9.0,,300.0,3.9204,3.5302,13.1041,2.915,0.9781
RPC_US06,136,0.6085,discharge,-29.758,2.0,2.0,,300.0,3.8404,3.5216,10.7129,2.915,0.9781
RPC_US06,136,0.6085,discharge,-29.758,10.0,9.0,,300.0,3.8404,3.4535,13.0013,2.915,0.9781
RPC_US06,136,0.5114,discharge,-29.733,2.0,2.0,,300.0,3.7317,3.4187,10.5268,2.915,0.9781
RPC_US06,136,0.5114,discharge,-29.733,10.0,9.0,,300.0,3.7317,3.3445,13.0223,2.915,0.9781
RPC_US06,136,0.4142,discharge,-29.709,2.0,1.0,,300.0,3.6492,3.3541,9.9328,2.915,0.9781
RPC_US06,136,0.4142,discharge,-29.709,10.0,9.0,,300.0,3.6492,3.2577,13.1776,2.915,0.9781
RPC_US06,136,0.317,discharge,-29.671,2.0,2.0,,300.0,3.5884,3.2718,10.6704,2.915,0.9781
RPC_US06,136,0.317,discharge,-29.671,10.0,9.0,,300.0,3.5884,3.1841,13.6261,2.915,0.9781
RPC_US06,136,0.2198,discharge,-29.662,2.0,2.0,,300.0,3.5093,3.1776,11.1828,2.915,0.9781
RPC_US06,136,0.2198,discharge,-29.662,10.0,9.0,,300.0,3.5093,3.0835,14.3553,2.915,0.9781
RPC_US06,136,0.1712,discharge,-29.386,2.0,2.0,,300.0,3.4471,3.1075,11.5563,2.915,0.9781
RPC_US06,136,0.1712,discharge,-29.386,10.0,9.0,,300.0,3.4471,2.9813,15.8508,2.915,0.9781
RPC_US06,136,0.1229,discharge,-28.098,2.0,2.0,,300.0,3.4024,3.0179,13.6845,2.915,0.9781
RPC_US06,136,0.1229,discharge,-28.098,10.0,9.0,,300.0,3.4024,2.5042,31.9673,2.915,0.9781
RPC_US06,136,0.0751,discharge,-19.367,2.0,2.0,,300.0,3.352,2.9379,21.3817,2.915,0.9781
RPC_US06,136,0.0466,discharge,-10.296,2.0,2.0,,300.0,3.1916,2.8929,29.0113,2.915,0.9781
RPC_US06,136,0.0324,discharge,-5.998,2.0,2.0,,300.0,3.0391,2.8388,33.3964,2.915,0.9781
RPC_US06,136,0.0324,discharge,-5.998,10.0,9.0,,300.0,3.0391,2.5218,86.2504,2.915,0.9781
RPC_US06,136,0.9973,discharge,-29.831,2.0,2.0,,1545.6,4.1798,3.807,12.4973,2.915,0.9781
RPC_US06,136,0.9973,discharge,-29.831,10.0,9.0,,1545.6,4.1798,3.7419,14.6796,2.915,0.9781
RPC_US06,136,0.9487,discharge,-29.855,2.0,2.0,,300.0,4.0967,3.7648,11.1173,2.915,0.9781
RPC_US06,136,0.9487,discharge,-29.855,10.0,9.0,,300.0,4.0967,3.7152,12.7786,2.915,0.9781
RPC_US06,136,0.9001,discharge,-29.811,2.0,2.0,,300.0,4.0772,3.7544,10.8282,2.915,0.9781
RPC_US06,136,0.9001,discharge,-29.811,10.0,9.0,,300.0,4.0772,3.6948,12.8275,2.915,0.9781
RPC_US06,136,0.8029,discharge,-29.752,2.0,2.0,,300.0,4.0224,3.6875,11.2562,2.915,0.9781
RPC_US06,136,0.8029,discharge,-29.752,10.0,9.0,,300.0,4.0224,3.6096,13.8745,2.915,0.9781
RPC_US06,136,0.7057,discharge,-29.78,2.0,2.0,,300.0,3.9201,3.5943,10.9402,2.915,0.9781
RPC_US06,136,0.7057,discharge,-29.78,10.0,9.0,,300.0,3.9201,3.53,13.0994,2.915,0.9781
RPC_US06,136,0.6085,discharge,-29.762,2.0,2.0,,300.0,3.8403,3.5212,10.7215,2.915,0.9781
RPC_US06,136,0.6085,discharge,-29.762,10.0,9.0,,300.0,3.8403,3.4531,13.0097,2.915,0.9781
RPC_US06,136,0.5113,discharge,-29.739,2.0,2.0,,300.0,3.7314,3.4181,10.535,2.915,0.9781
RPC_US06,136,0.5113,discharge,-29.739,10.0,9.0,,300.0,3.7314,3.344,13.0267,2.915,0.9781
RPC_US06,136,0.4142,discharge,-29.714,2.0,2.0,,300.0,3.6489,3.3363,10.5205,2.915,0.9781
RPC_US06,136,0.4142,discharge,-29.714,10.0,9.0,,300.0,3.6489,3.2572,13.1826,2.915,0.9781
RPC_US06,136,0.317,discharge,-29.677,2.0,2.0,,300.0,3.5881,3.2712,10.6785,2.915,0.9781
RPC_US06,136,0.317,discharge,-29.677,10.0,9.0,,300.0,3.5881,3.1834,13.6371,2.915,0.9781
RPC_US06,136,0.2198,discharge,-29.671,2.0,1.0,,300.0,3.5088,3.1971,10.5054,2.915,0.9781
RPC_US06,136,0.2198,discharge,-29.671,10.0,9.0,,300.0,3.5088,3.0823,14.3745,2.915,0.9781
RPC_US06,136,0.1712,discharge,-29.404,2.0,2.0,,300.0,3.4469,3.1064,11.5799,2.915,0.9781
RPC_US06,136,0.1712,discharge,-29.404,10.0,9.0,,300.0,3.4469,2.9784,15.9329,2.915,0.9781
RPC_US06,136,0.123,discharge,-26.791,2.0,2.0,,300.0,3.4021,3.0337,13.7509,2.915,0.9781
RPC_US06,136,0.123,discharge,-26.791,10.0,9.0,,300.0,3.4021,2.5781,30.7566,2.915,0.9781
RPC_US06,136,0.0751,discharge,-18.717,2.0,2.0,,300.0,3.3515,2.9572,21.0664,2.915,0.9781
RPC_US06,136,0.0467,discharge,-9.592,2.0,2.0,,300.0,3.1905,2.9123,29.0027,2.915,0.9781
RPC_US06,136,0.0324,discharge,-6.014,2.0,2.0,,300.0,3.0376,2.8344,33.7878,2.915,0.9781
RPC_US06,136,0.0324,discharge,-6.014,10.0,9.0,,300.0,3.0376,2.5106,87.6289,2.915,0.9781
RPC_US06,136,0.9973,discharge,-29.834,2.0,2.0,,1547.1,4.1797,3.8065,12.5094,2.915,0.9781
RPC_US06,136,0.9973,discharge,-29.834,10.0,9.0,,1547.1,4.1797,3.7415,14.6882,2.915,0.9781
RPC_US06,136,0.9487,discharge,-29.858,2.0,2.0,,300.0,4.0966,3.7644,11.1262,2.915,0.9781
RPC_US06,136,0.9487,discharge,-29.858,10.0,9.0,,300.0,4.0966,3.7149,12.7841,2.915,0.9781
RPC_US06,136,0.9001,discharge,-29.812,2.0,2.0,,300.0,4.0773,3.754,10.8444,2.915,0.9781
RPC_US06,136,0.9001,discharge,-29.812,10.0,9.0,,300.0,4.0773,3.6944,12.8436,2.915,0.9781
RPC_US06,136,0.8029,discharge,-29.755,2.0,2.0,,300.0,4.0222,3.6869,11.2689,2.915,0.9781
RPC_US06,136,0.8029,discharge,-29.755,10.0,9.0,,300.0,4.0222,3.6092,13.8803,2.915,0.9781
RPC_US06,136,0.7057,discharge,-29.784,2.0,2.0,,300.0,3.9202,3.5941,10.949,2.915,0.9781
RPC_US06,136,0.7057,discharge,-29.784,10.0,9.0,,300.0,3.9202,3.5295,13.118,2.915,0.9781
RPC_US06,136,0.6085,discharge,-29.765,2.0,2.0,,300.0,3.8398,3.5208,10.7171,2.915,0.9781
RPC_US06,136,0.6085,discharge,-29.765,10.0,9.0,,300.0,3.8398,3.4526,13.0083,2.915,0.9781
RPC_US06,136,0.5113,discharge,-29.745,2.0,2.0,,300.0,3.7311,3.4177,10.5364,2.915,0.9781
RPC_US06,136,0.5113,discharge,-29.745,10.0,9.0,,300.0,3.7311,3.3434,13.0343,2.915,0.9781
RPC_US06,136,0.4142,discharge,-29.717,2.0,2.0,,300.0,3.6489,3.336,10.5293,2.915,0.9781
RPC_US06,136,0.4142,discharge,-29.717,10.0,9.0,,300.0,3.6489,3.2566,13.2012,2.915,0.9781
RPC_US06,136,0.317,discharge,-29.683,2.0,2.0,,300.0,3.5878,3.2707,10.6829,2.915,0.9781
RPC_US06,136,0.317,discharge,-29.683,10.0,9.0,,300.0,3.5878,3.1827,13.6475,2.915,0.9781
RPC_US06,136,0.2198,discharge,-29.681,2.0,2.0,,300.0,3.5088,3.1759,11.2159,2.915,0.9781
RPC_US06,136,0.2198,discharge,-29.681,10.0,9.0,,300.0,3.5088,3.0813,14.4032,2.915,0.9781
RPC_US06,136,0.1712,discharge,-29.422,2.0,1.0,,300.0,3.4464,3.1264,10.876,2.915,0.9781
RPC_US06,136,0.1712,discharge,-29.422,10.0,9.0,,300.0,3.4464,2.9753,16.0116,2.915,0.9781
RPC_US06,136,0.123,discharge,-26.863,2.0,2.0,,300.0,3.4019,3.0311,13.8036,2.915,0.9781
RPC_US06,136,0.123,discharge,-26.863,10.0,9.0,,300.0,3.4019,2.5613,31.2927,2.915,0.9781
RPC_US06,136,0.0752,discharge,-17.677,2.0,2.0,,300.0,3.3508,2.9781,21.0845,2.915,0.9781
RPC_US06,136,0.0467,discharge,-9.053,2.0,2.0,,300.0,3.1892,2.9308,28.5433,2.915,0.9781
RPC_US06,136,0.0467,discharge,-9.053,10.0,8.81,,300.0,3.1892,2.4997,76.1634,2.915,0.9781
RPC_US06,136,0.0324,discharge,-6.031,2.0,2.0,,300.0,3.0356,2.8301,34.0742,2.915,0.9781
RPC_US06,136,0.0324,discharge,-6.031,10.0,8.99,,300.0,3.0356,2.4995,88.8915,2.915,0.9781
RPC_US06,136,0.9973,discharge,-29.837,2.0,2.0,,1549.7,4.1796,3.806,12.5212,2.915,0.9781
RPC_US06,136,0.9973,discharge,-29.837,10.0,9.0,,1549.7,4.1796,3.7412,14.6929,2.915,0.9781
RPC_US06,136,0.9487,discharge,-29.861,2.0,2.0,,300.0,4.0966,3.764,11.1385,2.915,0.9781
RPC_US06,136,0.9487,discharge,-29.861,10.0,9.0,,300.0,4.0966,3.7145,12.7962,2.915,0.9781
RPC_US06,136,0.9001,discharge,-29.817,2.0,2.0,,300.0,4.0773,3.7537,10.8529,2.915,0.9781
RPC_US06,136,0.9001,discharge,-29.817,10.0,9.0,,300.0,4.0773,3.6937,12.8651,2.915,0.9781
RPC_US06,136,0.8029,discharge,-29.759,2.0,2.0,,300.0,4.022,3.6864,11.2773,2.915,0.9781
RPC_US06,136,0.8029,discharge,-29.759,10.0,9.0,,300.0,4.022,3.6088,13.8849,2.915,0.9781
RPC_US06,136,0.7057,discharge,-29.785,2.0,2.0,,300.0,3.92,3.5938,10.9516,2.915,0.9781
RPC_US06,136,0.7057,discharge,-29.785,10.0,9.0,,300.0,3.92,3.5292,13.1205,2.915,0.9781
RPC_US06,136,0.6085,discharge,-29.77,2.0,2.0,,300.0,3.8398,3.5204,10.7287,2.915,0.9781
RPC_US06,136,0.6085,discharge,-29.77,10.0,9.0,,300.0,3.8398,3.4524,13.0129,2.915,0.9781
RPC_US06,136,0.5113,discharge,-29.748,2.0,2.0,,300.0,3.7309,3.4172,10.5454,2.915,0.9781
RPC_US06,136,0.5113,discharge,-29.748,10.0,9.0,,300.0,3.7309,3.343,13.0398,2.915,0.9781
RPC_US06,136,0.4142,discharge,-29.723,2.0,2.0,,300.0,3.6485,3.3355,10.5307,2.915,0.9781
RPC_US06,136,0.4142,discharge,-29.723,10.0,9.0,,300.0,3.6485,3.2563,13.1954,2.915,0.9781
RPC_US06,136,0.317,discharge,-29.688,2.0,2.0,,300.0,3.5877,3.2702,10.6944,2.915,0.9781
RPC_US06,136,0.317,discharge,-29.688,10.0,9.0,,300.0,3.5877,3.1822,13.6585,2.915,0.9781
RPC_US06,136,0.2198,discharge,-29.689,2.0,2.0,,300.0,3.5086,3.1753,11.2262,2.915,0.9781
RPC_US06,136,0.2198,discharge,-29.689,10.0,9.0,,300.0,3.5086,3.08,14.4361,2.915,0.9781
RPC_US06,136,0.1712,discharge,-29.441,2.0,2.0,,300.0,3.4463,3.1041,11.6234,2.915,0.9781
RPC_US06,136,0.1712,discharge,-29.441,10.0,9.0,,300.0,3.4463,2.9724,16.0969,2.915,0.9781
RPC_US06,136,0.123,discharge,-26.931,2.0,2.0,,300.0,3.4014,3.0283,13.8542,2.915,0.9781
RPC_US06,136,0.123,discharge,-26.931,10.0,9.0,,300.0,3.4014,2.5452,31.7929,2.915,0.9781
RPC_US06,136,0.0753,discharge,-17.003,2.0,2.0,,300.0,3.3505,2.9978,20.7434,2.915,0.9781
RPC_US06,136,0.0468,discharge,-8.444,2.0,2.0,,300.0,3.1882,2.948,28.4447,2.915,0.9781
RPC_US06,136,0.0468,discharge,-8.444,10.0,9.0,,300.0,3.1882,2.5528,75.2447,2.915,0.9781
RPC_US06,136,0.0324,discharge,-5.496,2.0,2.0,,300.0,3.034,2.8477,33.8974,2.915,0.9781
RPC_US06,136,0.0324,discharge,-5.496,10.0,9.01,,300.0,3.034,2.5688,84.6434,2.915,0.9781
RPC_US06,136,0.9982,discharge,-19.819,2.0,2.0,,1552.9,4.1794,3.9231,12.9324,2.915,0.9781
RPC_US06,136,0.9982,discharge,-19.819,10.0,9.0,,1552.9,4.1794,3.8677,15.7277,2.915,0.9781
RPC_US06,136,0.9487,discharge,-29.876,2.0,2.0,,300.0,4.0963,3.7621,11.1864,2.915,0.9781
RPC_US06,136,0.9487,discharge,-29.876,10.0,9.0,,300.0,4.0963,3.7124,12.85,2.915,0.9781
RPC_US06,136,0.9001,discharge,-29.824,2.0,2.0,,300.0,4.0771,3.7529,10.8704,2.915,0.9781
RPC_US06,136,0.9001,discharge,-29.824,10.0,9.0,,300.0,4.0771,3.6931,12.8755,2.915,0.9781
RPC_US06,136,0.8029,discharge,-29.764,2.0,2.0,,300.0,4.0218,3.6859,11.2856,2.915,0.9781
RPC_US06,136,0.8029,discharge,-29.764,10.0,9.0,,300.0,4.0218,3.6082,13.8962,2.915,0.9781
RPC_US06,136,0.7057,discharge,-29.789,2.0,2.0,,300.0,3.9198,3.5935,10.9537,2.915,0.9781
RPC_US06,136,0.7057,discharge,-29.789,10.0,9.0,,300.0,3.9198,3.5288,13.1257,2.915,0.9781
RPC_US06,136,0.6085,discharge,-29.771,2.0,2.0,,300.0,3.8398,3.5202,10.7351,2.915,0.9781
RPC_US06,136,0.6085,discharge,-29.771,10.0,9.0,,300.0,3.8398,3.4516,13.0393,2.915,0.9781
RPC_US06,136,0.5113,discharge,-29.751,2.0,2.0,,300.0,3.731,3.4169,10.5576,2.915,0.9781
RPC_US06,136,0.5113,discharge,-29.751,10.0,9.0,,300.0,3.731,3.3428,13.0483,2.915,0.9781
RPC_US06,136,0.4142,discharge,-29.726,2.0,2.0,,300.0,3.6485,3.3351,10.543,2.915,0.9781
RPC_US06,136,0.4142,discharge,-29.726,10.0,9.0,,300.0,3.6485,3.2557,13.214,2.915,0.9781
RPC_US06,136,0.3169,discharge,-29.693,2.0,2.0,,300.0,3.5875,3.2697,10.703,2.915,0.9781
RPC_US06,136,0.3169,discharge,-29.693,10.0,9.0,,300.0,3.5875,3.1814,13.6769,2.915,0.9781
RPC_US06,136,0.2198,discharge,-29.696,2.0,1.0,,300.0,3.5086,3.1953,10.5502,2.915,0.9781
RPC_US06,136,0.2198,discharge,-29.696,10.0,9.0,,300.0,3.5086,3.0789,14.47,2.915,0.9781
RPC_US06,136,0.1712,discharge,-29.345,2.0,2.0,,300.0,3.4465,3.1046,11.651,2.915,0.9781
RPC_US06,136,0.1712,discharge,-29.345,10.0,9.0,,300.0,3.4465,2.9721,16.1663,2.915,0.9781
RPC_US06,136,0.123,discharge,-27.0,2.0,2.0,,300.0,3.4013,3.0255,13.9185,2.915,0.9781
RPC_US06,136,0.123,discharge,-27.0,10.0,9.0,,300.0,3.4013,2.5286,32.3222,2.915,0.9781
RPC_US06,136,0.0753,discharge,-16.073,2.0,2.0,,300.0,3.3506,3.0166,20.7802,2.915,0.9781
RPC_US06,136,0.0468,discharge,-8.446,2.0,2.0,,300.0,3.1921,2.9499,28.6753,2.915,0.9781
RPC_US06,136,0.0468,discharge,-8.446,10.0,9.0,,300.0,3.1921,2.5503,75.9859,2.915,0.9781
RPC_US06,136,0.0324,discharge,-5.483,2.0,2.0,,300.0,3.041,2.8543,34.0479,2.915,0.9781
RPC_US06,136,0.0324,discharge,-5.483,10.0,9.01,,300.0,3.041,2.5757,84.8553,2.915,0.9781
RPC_US06,136,0.9973,discharge,-29.541,2.0,1.0,,1551.2,4.1794,3.8295,11.8446,2.915,0.9781
RPC_US06,136,0.9973,discharge,-29.541,10.0,9.0,,1551.2,4.1794,3.7449,14.7084,2.915,0.9781
RPC_US06,136,0.9487,discharge,-29.861,2.0,2.0,,300.0,4.0965,3.764,11.1347,2.915,0.9781
RPC_US06,136,0.9487,discharge,-29.861,10.0,9.01,,300.0,4.0965,3.7144,12.7957,2.915,0.9781
RPC_US06,136,0.9001,discharge,-29.817,2.0,2.0,,300.0,4.0773,3.7536,10.8562,2.915,0.9781
RPC_US06,136,0.9001,discharge,-29.817,10.0,9.01,,300.0,4.0773,3.6937,12.8651,2.915,0.9781
RPC_US06,136,0.8029,discharge,-29.762,2.0,2.0,,300.0,4.0216,3.6861,11.2728,2.915,0.9781
RPC_US06,136,0.8029,discharge,-29.762,10.0,9.0,,300.0,4.0216,3.6085,13.8801,2.915,0.9781
RPC_US06,136,0.7057,discharge,-29.787,2.0,1.0,,300.0,3.9198,3.6086,10.4475,2.915,0.9781
RPC_US06,136,0.7057,discharge,-29.787,10.0,9.01,,300.0,3.9198,3.5291,13.1165,2.915,0.9781
RPC_US06,136,0.6085,discharge,-29.77,2.0,2.0,,300.0,3.8397,3.5202,10.7325,2.915,0.9781
RPC_US06,136,0.6085,discharge,-29.77,10.0,9.0,,300.0,3.8397,3.4518,13.0301,2.915,0.9781
RPC_US06,136,0.5113,discharge,-29.749,2.0,2.0,,300.0,3.7307,3.4172,10.538,2.915,0.9781
RPC_US06,136,0.5113,discharge,-29.749,10.0,9.0,,300.0,3.7307,3.3428,13.0389,2.915,0.9781
RPC_US06,136,0.4142,discharge,-29.724,2.0,2.0,,300.0,3.6484,3.3353,10.5336,2.915,0.9781
RPC_US06,136,0.4142,discharge,-29.724,10.0,9.0,,300.0,3.6484,3.2559,13.2048,2.915,0.9781
RPC_US06,136,0.317,discharge,-29.691,2.0,2.0,,300.0,3.5874,3.2699,10.6933,2.915,0.9781
RPC_US06,136,0.317,discharge,-29.691,10.0,9.0,,300.0,3.5874,3.1818,13.6605,2.915,0.9781
RPC_US06,136,0.2198,discharge,-29.696,2.0,2.0,,300.0,3.508,3.1747,11.2237,2.915,0.9781
RPC_US06,136,0.2198,discharge,-29.696,10.0,9.0,,300.0,3.508,3.079,14.4464,2.915,0.9781
RPC_US06,136,0.1712,discharge,-29.352,2.0,2.0,,300.0,3.446,3.1044,11.638,2.915,0.9781
RPC_US06,136,0.1712,discharge,-29.352,10.0,9.0,,300.0,3.446,2.9708,16.1897,2.915,0.9781
RPC_US06,136,0.123,discharge,-27.039,2.0,2.0,,300.0,3.401,3.0241,13.9391,2.915,0.9781
RPC_US06,136,0.123,discharge,-27.039,10.0,9.0,,300.0,3.401,2.5194,32.6048,2.915,0.9781
RPC_US06,136,0.0754,discharge,-15.431,2.0,2.0,,300.0,3.3498,3.0353,20.3811,2.915,0.9781
RPC_US06,136,0.0754,discharge,-15.431,10.0,8.55,,300.0,3.3498,2.4992,55.1228,2.915,0.9781
RPC_US06,136,0.0468,discharge,-8.466,2.0,2.0,,300.0,3.1889,2.9455,28.7508,2.915,0.9781
RPC_US06,136,0.0468,discharge,-8.466,10.0,9.0,,300.0,3.1889,2.5413,76.4956,2.915,0.9781
RPC_US06,136,0.0324,discharge,-5.501,2.0,2.0,,300.0,3.0357,2.8476,34.1966,2.915,0.9781
RPC_US06,136,0.0324,discharge,-5.501,10.0,9.0,,300.0,3.0357,2.5647,85.6278,2.915,0.9781
RPC_US06,136,0.9973,discharge,-29.816,2.0,2.0,,1551.5,4.1794,3.8055,12.5405,2.915,0.9781
RPC_US06,136,0.9973,discharge,-29.816,10.0,9.0,,1551.5,4.1794,3.7408,14.7105,2.915,0.9781
RPC_US06,136,0.9487,discharge,-29.866,2.0,2.0,,300.0,4.0963,3.7634,11.1465,2.915,0.9781
RPC_US06,136,0.9487,discharge,-29.866,10.0,9.0,,300.0,4.0963,3.7137,12.8106,2.915,0.9781
RPC_US06,136,0.9001,discharge,-29.822,2.0,2.0,,300.0,4.0771,3.7532,10.8609,2.915,0.9781
RPC_US06,136,0.9001,discharge,-29.822,10.0,9.0,,300.0,4.0771,3.6931,12.8762,2.915,0.9781
RPC_US06,136,0.8029,discharge,-29.768,2.0,2.0,,300.0,4.0214,3.6854,11.2871,2.915,0.9781
RPC_US06,136,0.8029,discharge,-29.768,10.0,9.0,,300.0,4.0214,3.6077,13.8972,2.915,0.9781
RPC_US06,136,0.7057,discharge,-29.794,2.0,2.0,,300.0,3.9196,3.5929,10.9655,2.915,0.9781
RPC_US06,136,0.7057,discharge,-29.794,10.0,9.0,,300.0,3.9196,3.5282,13.1371,2.915,0.9781
RPC_US06,136,0.6085,discharge,-29.779,2.0,1.0,,300.0,3.8396,3.5344,10.2488,2.915,0.9781
RPC_US06,136,0.6085,discharge,-29.779,10.0,9.0,,300.0,3.8396,3.4509,13.0528,2.915,0.9781
RPC_US06,136,0.5113,discharge,-29.758,2.0,1.0,,300.0,3.7303,3.4332,9.984,2.915,0.9781
RPC_US06,136,0.5113,discharge,-29.758,10.0,9.0,,300.0,3.7303,3.3417,13.0589,2.915,0.9781
RPC_US06,136,0.4141,discharge,-29.733,2.0,2.0,,300.0,3.6483,3.3344,10.5573,2.915,0.9781
RPC_US06,136,0.4141,discharge,-29.733,10.0,9.0,,300.0,3.6483,3.2549,13.2311,2.915,0.9781
RPC_US06,136,0.317,discharge,-29.703,2.0,2.0,,300.0,3.5872,3.2689,10.7161,2.915,0.9781
RPC_US06,136,0.317,discharge,-29.703,10.0,9.0,,300.0,3.5872,3.1805,13.6922,2.915,0.9781
RPC_US06,136,0.2198,discharge,-29.714,2.0,2.0,,300.0,3.5078,3.1734,11.254,2.915,0.9781
RPC_US06,136,0.2198,discharge,-29.714,10.0,9.0,,300.0,3.5078,3.0769,14.5016,2.915,0.9781
RPC_US06,136,0.1712,discharge,-29.381,2.0,2.0,,300.0,3.4457,3.1021,11.6948,2.915,0.9781
RPC_US06,136,0.1712,discharge,-29.381,10.0,9.0,,300.0,3.4457,2.9661,16.3238,2.915,0.9781
RPC_US06,136,0.123,discharge,-27.139,2.0,2.0,,300.0,3.4008,3.02,14.0312,2.915,0.9781
RPC_US06,136,0.123,discharge,-27.139,10.0,8.97,,300.0,3.4008,2.4995,33.2099,2.915,0.9781
RPC_US06,136,0.0754,discharge,-14.628,2.0,2.0,,300.0,3.3493,3.0498,20.4737,2.915,0.9781
RPC_US06,136,0.0754,discharge,-14.628,10.0,9.0,,300.0,3.3493,2.515,57.0325,2.915,0.9781
RPC_US06,136,0.0468,discharge,-8.503,2.0,2.0,,300.0,3.1875,2.939,29.2236,2.915,0.9781
RPC_US06,136,0.0468,discharge,-8.503,10.0,9.0,,300.0,3.1875,2.5224,78.2158,2.915,0.9781
RPC_US06,136,0.0324,discharge,-5.52,2.0,2.0,,300.0,3.0334,2.8418,34.7086,2.915,0.9781
RPC_US06,136,0.0324,discharge,-5.52,10.0,9.0,,300.0,3.0334,2.5497,87.6228,2.915,0.9781
RPC_US06,136,0.9973,discharge,-29.822,2.0,2.0,,1555.7,4.1793,3.8045,12.5679,2.915,0.9781
RPC_US06,136,0.9973,discharge,-29.822,10.0,9.0,,1555.7,4.1793,3.7399,14.7341,2.915,0.9781
RPC_US06,136,0.9487,discharge,-29.871,2.0,2.0,,300.0,4.0963,3.7627,11.168,2.915,0.9781
RPC_US06,136,0.9487,discharge,-29.871,10.0,9.0,,300.0,4.0963,3.7129,12.8352,2.915,0.9781
RPC_US06,136,0.9001,discharge,-29.828,2.0,2.0,,300.0,4.0772,3.7526,10.8824,2.915,0.9781
RPC_US06,136,0.9001,discharge,-29.828,10.0,9.0,,300.0,4.0772,3.6924,12.9006,2.915,0.9781
RPC_US06,136,0.8029,discharge,-29.773,2.0,2.0,,300.0,4.0212,3.6848,11.2986,2.915,0.9781
RPC_US06,136,0.8029,discharge,-29.773,10.0,9.0,,300.0,4.0212,3.6071,13.9083,2.915,0.9781
RPC_US06,136,0.7057,discharge,-29.796,2.0,1.0,,300.0,3.9196,3.6075,10.4746,2.915,0.9781
RPC_US06,136,0.7057,discharge,-29.796,10.0,9.01,,300.0,3.9196,3.5279,13.1461,2.915,0.9781
RPC_US06,136,0.6085,discharge,-29.783,2.0,2.0,,300.0,3.8392,3.5191,10.7477,2.915,0.9781
RPC_US06,136,0.6085,discharge,-29.783,10.0,9.0,,300.0,3.8392,3.4504,13.0544,2.915,0.9781
RPC_US06,136,0.5113,discharge,-29.764,2.0,2.0,,300.0,3.7302,3.4158,10.5633,2.915,0.9781
RPC_US06,136,0.5113,discharge,-29.764,10.0,9.0,,300.0,3.7302,3.3411,13.0731,2.915,0.9781
RPC_US06,136,0.4142,discharge,-29.737,2.0,2.0,,300.0,3.6481,3.3341,10.5591,2.915,0.9781
RPC_US06,136,0.4142,discharge,-29.737,10.0,9.0,,300.0,3.6481,3.2543,13.2425,2.915,0.9781
RPC_US06,136,0.317,discharge,-29.706,2.0,2.0,,300.0,3.587,3.2683,10.7283,2.915,0.9781
RPC_US06,136,0.317,discharge,-29.706,10.0,9.0,,300.0,3.587,3.1799,13.7041,2.915,0.9781
RPC_US06,136,0.2198,discharge,-29.613,2.0,2.0,,300.0,3.5075,3.1737,11.2721,2.915,0.9781
RPC_US06,136,0.2198,discharge,-29.613,10.0,9.0,,300.0,3.5075,3.0774,14.524,2.915,0.9781
RPC_US06,136,0.1712,discharge,-29.399,2.0,1.0,,300.0,3.4453,3.123,10.963,2.915,0.9781
RPC_US06,136,0.1712,discharge,-29.399,10.0,9.01,,300.0,3.4453,2.9631,16.4019,2.915,0.9781
RPC_US06,136,0.1231,discharge,-25.816,2.0,2.0,,300.0,3.4004,3.037,14.0768,2.915,0.9781
RPC_US06,136,0.1231,discharge,-25.816,10.0,9.0,,300.0,3.4004,2.5749,31.9769,2.915,0.9781
RPC_US06,136,0.0754,discharge,-14.693,2.0,2.0,,300.0,3.3486,3.0435,20.765,2.915,0.9781
RPC_US06,136,0.0754,discharge,-14.693,10.0,8.99,,300.0,3.3486,2.4994,57.7962,2.915,0.9781
RPC_US06,136,0.0468,discharge,-8.531,2.0,2.0,,300.0,3.1856,2.9339,29.5055,2.915,0.9781
RPC_US06,136,0.0468,discharge,-8.531,10.0,9.0,,300.0,3.1856,2.5083,79.3965,2.915,0.9781
RPC_US06,136,0.0324,discharge,-5.537,2.0,2.0,,300.0,3.0303,2.8365,35.0006,2.915,0.9781
RPC_US06,136,0.0324,discharge,-5.537,10.0,9.0,,300.0,3.0303,2.5383,88.856,2.915,0.9781
RPC_US06,136,0.9973,discharge,-29.826,2.0,2.0,,1556.4,4.1793,3.804,12.5828,2.915,0.9781
RPC_US06,136,0.9973,discharge,-29.826,10.0,9.0,,1556.4,4.1793,3.7394,14.7486,2.915,0.9781
RPC_US06,136,0.9487,discharge,-29.875,2.0,1.0,,300.0,4.0964,3.7754,10.7448,2.915,0.9781
RPC_US06,136,0.9487,discharge,-29.875,10.0,9.0,,300.0,4.0964,3.7127,12.8435,2.915,0.9781
RPC_US06,136,0.9001,discharge,-29.83,2.0,1.0,,300.0,4.0771,3.7653,10.4526,2.915,0.9781
RPC_US06,136,0.9001,discharge,-29.83,10.0,9.01,,300.0,4.0771,3.6918,12.9165,2.915,0.9781
RPC_US06,136,0.8029,discharge,-29.778,2.0,2.0,,300.0,4.021,3.6842,11.3106,2.915,0.9781
RPC_US06,136,0.8029,discharge,-29.778,10.0,9.0,,300.0,4.021,3.6065,13.9199,2.915,0.9781
RPC_US06,136,0.7057,discharge,-29.799,2.0,2.0,,300.0,3.9193,3.5922,10.9769,2.915,0.9781
RPC_US06,136,0.7057,discharge,-29.799,10.0,9.01,,300.0,3.9193,3.5273,13.1548,2.915,0.9781
RPC_US06,136,0.6085,discharge,-29.788,2.0,1.0,,300.0,3.8391,3.5335,10.2592,2.915,0.9781
RPC_US06,136,0.6085,discharge,-29.788,10.0,9.0,,300.0,3.8391,3.4499,13.0657,2.915,0.9781
RPC_US06,136,0.5113,discharge,-29.767,2.0,2.0,,300.0,3.73,3.4152,10.5755,2.915,0.9781
RPC_US06,136,0.5113,discharge,-29.767,10.0,9.0,,300.0,3.73,3.3405,13.085,2.915,0.9781
RPC_US06,136,0.4142,discharge,-29.742,2.0,2.0,,300.0,3.6478,3.3336,10.5644,2.915,0.9781
RPC_US06,136,0.4142,discharge,-29.742,10.0,9.0,,300.0,3.6478,3.2539,13.2441,2.915,0.9781
RPC_US06,136,0.3169,discharge,-29.713,2.0,2.0,,300.0,3.5869,3.2679,10.7359,2.915,0.9781
RPC_US06,136,0.3169,discharge,-29.713,10.0,9.0,,300.0,3.5869,3.1792,13.721,2.915,0.9781
RPC_US06,136,0.2198,discharge,-29.621,2.0,2.0,,300.0,3.5073,3.1731,11.2823,2.915,0.9781
RPC_US06,136,0.2198,discharge,-29.621,10.0,9.0,,300.0,3.5073,3.0761,14.557,2.915,0.9781
RPC_US06,136,0.1712,discharge,-29.309,2.0,2.0,,300.0,3.4449,3.101,11.7334,2.915,0.9781
RPC_US06,136,0.1712,discharge,-29.309,10.0,9.0,,300.0,3.4449,2.9623,16.4657,2.915,0.9781
RPC_US06,136,0.1231,discharge,-25.877,2.0,2.0,,300.0,3.4002,3.0343,14.1402,2.915,0.9781
RPC_US06,136,0.1231,discharge,-25.877,10.0,9.0,,300.0,3.4002,2.5602,32.4619,2.915,0.9781
RPC_US06,136,0.0755,discharge,-13.924,2.0,2.0,,300.0,3.3482,3.0588,20.7843,2.915,0.9781
RPC_US06,136,0.0755,discharge,-13.924,10.0,9.0,,300.0,3.3482,2.5652,56.2338,2.915,0.9781
RPC_US06,136,0.0468,discharge,-8.063,2.0,2.0,,300.0,3.1838,2.9452,29.5934,2.915,0.9781
RPC_US06,136,0.0468,discharge,-8.063,10.0,9.0,,300.0,3.1838,2.5601,77.3572,2.915,0.9781
RPC_US06,136,0.0324,discharge,-5.557,2.0,2.0,,300.0,3.0274,2.8301,35.5051,2.915,0.9781
RPC_US06,136,0.0324,discharge,-5.557,10.0,9.0,,300.0,3.0274,2.5239,90.6073,2.915,0.9781
RPC_US06,136,0.9519,charge,3.982,2.0,2.0,,300.0,4.0961,4.1501,13.5626,2.915,0.9781
RPC_US06,136,0.9519,charge,3.982,10.0,9.0,,300.0,4.0961,4.1501,13.5626,2.915,0.9781
RPC_US06,136,0.9035,charge,5.898,2.0,2.0,,300.0,4.0767,4.1501,12.4445,2.915,0.9781
RPC_US06,136,0.9035,charge,5.898,10.0,9.0,,300.0,4.0767,4.15,12.4275,2.915,0.9781
RPC_US06,136,0.8069,charge,10.036,2.0,2.0,,300.0,4.0208,4.1501,12.8836,2.915,0.9781
RPC_US06,136,0.8069,charge,10.036,10.0,9.0,,300.0,4.0208,4.15,12.8737,2.915,0.9781
RPC_US06,136,0.7098,charge,15.001,2.0,2.0,,300.0,3.9194,4.0811,10.7793,2.915,0.9781
RPC_US06,136,0.7098,charge,15.001,10.0,9.0,,300.0,3.9194,4.1118,12.8258,2.915,0.9781
RPC_US06,136,0.6126,charge,15.001,2.0,2.0,,300.0,3.8416,4.0104,11.2526,2.915,0.9781
RPC_US06,136,0.6126,charge,15.001,10.0,9.0,,300.0,3.8416,4.0439,13.4858,2.915,0.9781
RPC_US06,136,0.5154,charge,15.001,2.0,2.0,,300.0,3.7297,3.8892,10.6326,2.915,0.9781
RPC_US06,136,0.5154,charge,15.001,10.0,9.0,,300.0,3.7297,3.9227,12.8658,2.915,0.9781
RPC_US06,136,0.4182,charge,15.001,2.0,2.0,,300.0,3.648,3.8065,10.566,2.915,0.9781
RPC_US06,136,0.4182,charge,15.001,10.0,9.0,,300.0,3.648,3.8383,12.6858,2.915,0.9781
RPC_US06,136,0.321,charge,15.001,2.0,1.0,,300.0,3.5869,3.7397,10.186,2.915,0.9781
RPC_US06,136,0.321,charge,15.001,10.0,9.0,,300.0,3.5869,3.7799,12.8658,2.915,0.9781
RPC_US06,136,0.2238,charge,15.001,2.0,2.0,,300.0,3.5069,3.6713,10.9593,2.915,0.9781
RPC_US06,136,0.2238,charge,15.001,10.0,9.0,,300.0,3.5069,3.711,13.6058,2.915,0.9781
RPC_US06,136,0.1752,charge,15.001,2.0,1.0,,300.0,3.4449,3.6091,10.9459,2.915,0.9781
RPC_US06,136,0.1752,charge,15.001,10.0,9.0,,300.0,3.4449,3.6599,14.3324,2.915,0.9781
RPC_US06,136,0.1266,charge,15.001,2.0,2.0,,300.0,3.4001,3.5767,11.7725,2.915,0.9781
RPC_US06,136,0.1266,charge,15.001,10.0,9.0,,300.0,3.4001,3.6064,13.7524,2.915,0.9781
RPC_US06,136,0.078,charge,15.0,2.0,2.0,,300.0,3.3477,3.5561,13.8933,2.915,0.9781
RPC_US06,136,0.078,charge,15.0,10.0,9.0,,300.0,3.3477,3.59,16.1533,2.915,0.9781
RPC_US06,136,0.0489,charge,15.001,2.0,1.0,,300.0,3.1835,3.4213,15.8523,2.915,0.9781
RPC_US06,136,0.0489,charge,15.001,10.0,9.01,,300.0,3.1835,3.5334,23.3251,2.915,0.9781
RPC_US06,136,0.0343,charge,15.0,2.0,2.0,,300.0,3.0287,3.3214,19.5133,2.915,0.9781
RPC_US06,136,0.0343,charge,15.0,10.0,9.0,,300.0,3.0287,3.4476,27.9267,2.915,0.9781
RPC_US06,136,0.9517,charge,3.62,2.0,2.0,,300.1,4.0961,4.1394,11.9618,2.915,0.9781
RPC_US06,136,0.9517,charge,3.62,10.0,9.0,,300.1,4.0961,4.1484,14.4481,2.915,0.9781
RPC_US06,136,0.9033,charge,5.513,2.0,2.0,,300.1,4.0767,4.1392,11.3378,2.915,0.9781
RPC_US06,136,0.9033,charge,5.513,10.0,9.0,,300.1,4.0767,4.1492,13.1518,2.915,0.9781
RPC_US06,136,0.8065,charge,9.11,2.0,2.0,,300.1,4.0208,4.1251,11.4492,2.915,0.9781
RPC_US06,136,0.8065,charge,9.11,10.0,9.0,,300.1,4.0208,4.1467,13.8203,2.915,0.9781
RPC_US06,136,0.7098,charge,15.046,2.0,2.0,,300.1,3.9195,4.0826,10.8405,2.915,0.9781
RPC_US06,136,0.7098,charge,15.046,10.0,9.01,,300.1,3.9195,4.1123,12.8145,2.915,0.9781
RPC_US06,136,0.6126,charge,15.046,2.0,2.0,,300.1,3.8415,4.0123,11.3515,2.915,0.9781
RPC_US06,136,0.6126,charge,15.046,10.0,9.0,,300.1,3.8415,4.0445,13.4915,2.915,0.9781
RPC_US06,136,0.5154,charge,15.052,2.0,2.0,,300.1,3.7297,3.891,10.7162,2.915,0.9781
RPC_US06,136,0.5154,charge,15.052,10.0,9.0,,300.1,3.7297,3.9233,12.8621,2.915,0.9781
RPC_US06,136,0.4183,charge,15.05,2.0,2.0,,300.1,3.6479,3.8083,10.6582,2.915,0.9781
RPC_US06,136,0.4183,charge,15.05,10.0,9.0,,300.1,3.6479,3.8388,12.6848,2.915,0.9781
RPC_US06,136,0.321,charge,15.05,2.0,2.0,,300.1,3.5869,3.7491,10.7774,2.915,0.9781
RPC_US06,136,0.321,charge,15.05,10.0,9.0,,300.1,3.5869,3.7804,12.8571,2.915,0.9781
RPC_US06,136,0.2238,charge,15.067,2.0,2.0,,300.1,3.5068,3.6734,11.0573,2.915,0.9781
RPC_US06,136,0.2238,charge,15.067,10.0,9.0,,300.1,3.5068,3.7117,13.5993,2.915,0.9781
RPC_US06,136,0.1752,charge,15.071,2.0,2.0,,300.1,3.4447,3.6201,11.6382,2.915,0.9781
RPC_US06,136,0.1752,charge,15.071,10.0,9.0,,300.1,3.4447,3.6605,14.3189,2.915,0.9781
RPC_US06,136,0.1266,charge,15.049,2.0,2.0,,300.1,3.3999,3.5785,11.8683,2.915,0.9781
RPC_US06,136,0.1266,charge,15.049,10.0,9.0,,300.1,3.3999,3.607,13.7622,2.915,0.9781
RPC_US06,136,0.0781,charge,15.05,2.0,2.0,,300.1,3.3475,3.5585,14.0199,2.915,0.9781
RPC_US06,136,0.0781,charge,15.05,10.0,9.0,,300.1,3.3475,3.5907,16.1595,2.915,0.9781
RPC_US06,136,0.0489,charge,15.154,2.0,2.0,,300.1,3.183,3.4471,17.4272,2.915,0.9781
RPC_US06,136,0.0489,charge,15.154,10.0,9.0,,300.1,3.183,3.5358,23.2802,2.915,0.9781
RPC_US06,136,0.0344,charge,15.21,2.0,1.0,,300.1,3.0281,3.3067,18.3163,2.915,0.9781
RPC_US06,136,0.0344,charge,15.21,10.0,9.0,,300.1,3.0281,3.4518,27.8558,2.915,0.9781
RPC_US06,273,0.9973,discharge,-30.0,2.0,2.0,,4027.7,4.1698,3.7689,13.3633,2.8593,0.95942
RPC_US06,273,0.9973,discharge,-30.0,10.0,9.0,,4027.7,4.1698,3.715,15.16,2.8593,0.95942
RPC_US06,273,0.9727,charge,3.238,2.0,2.0,,60.0,4.1032,4.15,14.4534,2.8593,0.95942
RPC_US06,273,0.9727,charge,3.238,10.0,9.0,,60.0,4.1032,4.15,14.4534,2.8593,0.95942
RPC_US06,273,0.9496,discharge,-30.0,2.0,1.0,,3600.0,4.0976,3.7458,11.7267,2.8593,0.95942
RPC_US06,273,0.9496,discharge,-30.0,10.0,9.0,,3600.0,4.0976,3.6877,13.6633,2.8593,0.95942
RPC_US06,273,0.9253,charge,5.779,2.0,2.0,,60.0,4.0762,4.1501,12.7881,2.8593,0.95942
RPC_US06,273,0.9253,charge,5.779,10.0,9.0,,60.0,4.0762,4.15,12.7708,2.8593,0.95942
RPC_US06,273,0.9019,discharge,-30.0,2.0,2.0,,3600.0,4.0793,3.7252,11.8033,2.8593,0.95942
RPC_US06,273,0.9019,discharge,-30.0,10.0,9.0,,3600.0,4.0793,3.6709,13.6133,2.8593,0.95942
RPC_US06,273,0.8777,charge,6.693,2.0,2.0,,60.0,4.0659,4.1501,12.5811,2.8593,0.95942
RPC_US06,273,0.8777,charge,6.693,10.0,9.0,,60.0,4.0659,4.1501,12.5811,2.8593,0.95942
RPC_US06,273,0.8066,discharge,-30.0,2.0,1.0,,3600.0,4.0301,3.6854,11.49,2.8593,0.95942
RPC_US06,273,0.8066,discharge,-30.0,10.0,9.0,,3600.0,4.0301,3.595,14.5033,2.8593,0.95942
RPC_US06,273,0.7829,charge,12.89,2.0,2.0,,60.0,3.9793,4.1503,13.2661,2.8593,0.95942
RPC_US06,273,0.7829,charge,12.89,10.0,9.0,,60.0,3.9793,4.1501,13.2506,2.8593,0.95942
RPC_US06,273,0.7112,discharge,-30.0,2.0,2.0,,3600.0,3.9251,3.5746,11.6833,2.8593,0.95942
RPC_US06,273,0.7112,discharge,-30.0,10.0,9.0,,3600.0,3.9251,3.5152,13.6633,2.8593,0.95942
RPC_US06,273,0.6876,charge,15.001,2.0,2.0,,60.0,3.8812,4.0474,11.0793,2.8593,0.95942
RPC_US06,273,0.6876,charge,15.001,10.0,9.0,,60.0,3.8812,4.0899,13.9124,2.8593,0.95942
RPC_US06,273,0.6159,discharge,-30.0,2.0,2.0,,3600.0,3.8571,3.5056,11.7167,2.8593,0.95942
RPC_US06,273,0.6159,discharge,-30.0,10.0,9.0,,3600.0,3.8571,3.4394,13.9233,2.8593,0.95942
RPC_US06,273,0.5923,charge,15.001,2.0,2.0,,60.0,3.7989,3.9618,10.8593,2.8593,0.95942
RPC_US06,273,0.5923,charge,15.001,10.0,9.0,,60.0,3.7989,4.0057,13.7857,2.8593,0.95942
RPC_US06,273,0.5206,discharge,-30.0,2.0,2.0,,3600.0,3.7397,3.4042,11.1833,2.8593,0.95942
RPC_US06,273,0.5206,discharge,-30.0,10.0,9.0,,3600.0,3.7397,3.3339,13.5267,2.8593,0.95942
RPC_US06,273,0.4969,charge,15.001,2.0,2.0,,60.0,3.7043,3.8666,10.8193,2.8593,0.95942
RPC_US06,273,0.4969,charge,15.001,10.0,9.0,,60.0,3.7043,3.9029,13.2391,2.8593,0.95942
RPC_US06,273,0.4252,discharge,-30.0,2.0,2.0,,3600.0,3.6584,3.3234,11.1667,2.8593,0.95942
RPC_US06,273,0.4252,discharge,-30.0,10.0,9.0,,3600.0,3.6584,3.2497,13.6233,2.8593,0.95942
RPC_US06,273,0.4016,charge,15.001,2.0,2.0,,60.0,3.6254,3.7873,10.7926,2.8593,0.95942
RPC_US06,273,0.4016,charge,15.001,10.0,9.0,,60.0,3.6254,3.8249,13.2991,2.8593,0.95942
RPC_US06,273,0.3299,discharge,-30.0,2.0,2.0,,3600.0,3.5999,3.2578,11.4033,2.8593,0.95942
RPC_US06,273,0.3299,discharge,-30.0,10.0,9.0,,3600.0,3.5999,3.1754,14.15,2.8593,0.95942
RPC_US06,273,0.3062,charge,15.001,2.0,2.0,,60.0,3.5596,3.7228,10.8793,2.8593,0.95942
RPC_US06,273,0.3062,charge,15.001,10.0,9.0,,60.0,3.5596,3.7651,13.6991,2.8593,0.95942
RPC_US06,273,0.2346,discharge,-30.0,2.0,1.0,,3600.0,3.515,3.1708,11.4733,2.8593,0.95942
RPC_US06,273,0.2346,discharge,-30.0,10.0,9.0,,3600.0,3.515,3.0607,15.1433,2.8593,0.95942
RPC_US06,273,0.2109,charge,15.001,2.0,2.0,,60.0,3.4679,3.6392,11.4192,2.8593,0.95942
RPC_US06,273,0.2109,charge,15.001,10.0,9.0,,60.0,3.4679,3.6827,14.319,2.8593,0.95942
RPC_US06,273,0.1869,discharge,-30.0,2.0,2.0,,3600.0,3.4537,3.072,12.7233,2.8593,0.95942
RPC_US06,273,0.1869,discharge,-30.0,10.0,9.0,,3600.0,3.4537,2.948,16.8567,2.8593,0.95942
RPC_US06,273,0.1632,charge,15.001,2.0,2.0,,60.0,3.4181,3.5906,11.4992,2.8593,0.95942
RPC_US06,273,0.1632,charge,15.001,10.0,9.0,,60.0,3.4181,3.6218,13.5791,2.8593,0.95942
RPC_US06,273,0.1392,discharge,-30.0,2.0,2.0,,3600.0,3.4136,2.942,15.72,2.8593,0.95942
RPC_US06,273,0.1392,discharge,-30.0,10.0,9.0,,3600.0,3.4136,2.5486,28.8333,2.8593,0.95942
RPC_US06,273,0.1156,charge,15.001,2.0,2.0,,60.0,3.3777,3.5662,12.5658,2.8593,0.95942
RPC_US06,273,0.1156,charge,15.001,10.0,9.0,,60.0,3.3777,3.5977,14.6657,2.8593,0.95942
RPC_US06,273,0.0915,discharge,-16.478,2.0,2.0,,3600.0,3.3688,2.5462,49.9211,2.8593,0.95942
RPC_US06,273,0.0915,discharge,-16.478,10.0,9.0,,3600.0,3.3688,2.5497,49.7087,2.8593,0.95942
RPC_US06,273,0.0771,charge,15.001,2.0,2.0,,60.0,3.2673,3.5027,15.6923,2.8593,0.95942
RPC_US06,273,0.0771,charge,15.001,10.0,9.0,,60.0,3.2673,3.5742,20.4586,2.8593,0.95942
RPC_US06,273,0.0629,discharge,-8.909,2.0,2.0,,3600.0,3.2295,2.5491,76.3765,2.8593,0.95942
RPC_US06,273,0.0629,discharge,-8.909,10.0,9.0,,3600.0,3.2295,2.5499,76.2867,2.8593,0.95942
RPC_US06,273,0.0552,charge,15.001,2.0,2.0,,60.0,3.1016,3.3819,18.6854,2.8593,0.95942
RPC_US06,273,0.0552,charge,15.001,10.0,9.0,,60.0,3.1016,3.4939,26.1516,2.8593,0.95942
RPC_US06,273,0.0489,discharge,-6.41,2.0,1.0,,3600.0,3.1161,2.5487,88.5124,2.8593,0.95942
RPC_US06,273,0.0489,discharge,-6.41,10.0,9.0,,3600.0,3.1161,2.5499,88.3252,2.8593,0.95942
RPC_US06,273,0.0439,charge,15.001,2.0,1.0,,60.0,2.974,3.2634,19.292,2.8593,0.95942
RPC_US06,273,0.0439,charge,15.001,10.0,9.0,,60.0,2.974,3.4336,30.638,2.8593,0.95942
RPC_US06,273,0.9973,discharge,-30.0,2.0,2.0,,1637.9,4.1761,3.7754,13.3567,2.8593,0.95942
RPC_US06,273,0.9973,discharge,-30.0,10.0,9.0,,1637.9,4.1761,3.7192,15.23,2.8593,0.95942
RPC_US06,273,0.9496,discharge,-30.0,2.0,2.0,,300.0,4.0946,3.7423,11.7433,2.8593,0.95942
RPC_US06,273,0.9496,discharge,-30.0,10.0,9.0,,300.0,4.0946,3.6957,13.2967,2.8593,0.95942
RPC_US06,273,0.9019,discharge,-30.0,2.0,2.0,,300.0,4.0762,3.7338,11.4133,2.8593,0.95942
RPC_US06,273,0.9019,discharge,-30.0,10.0,9.0,,300.0,4.0762,3.6742,13.4,2.8593,0.95942
RPC_US06,273,0.8066,discharge,-30.0,2.0,1.0,,300.0,4.0189,3.6829,11.2,2.8593,0.95942
RPC_US06,273,0.8066,discharge,-30.0,10.0,9.01,,300.0,4.0189,3.5924,14.2167,2.8593,0.95942
RPC_US06,273,0.7112,discharge,-30.0,2.0,2.0,,300.0,3.9196,3.5789,11.3567,2.8593,0.95942
RPC_US06,273,0.7112,discharge,-30.0,10.0,9.0,,300.0,3.9196,3.5173,13.41,2.8593,0.95942
RPC_US06,273,0.6159,discharge,-30.0,2.0,2.0,,300.0,3.8389,3.5052,11.1233,2.8593,0.95942
RPC_US06,273,0.6159,discharge,-30.0,10.0,9.0,,300.0,3.8389,3.4395,13.3133,2.8593,0.95942
RPC_US06,273,0.5206,discharge,-30.0,2.0,2.0,,300.0,3.7316,3.402,10.9867,2.8593,0.95942
RPC_US06,273,0.5206,discharge,-30.0,10.0,9.0,,300.0,3.7316,3.3306,13.3667,2.8593,0.95942
RPC_US06,273,0.4252,discharge,-30.0,2.0,2.0,,300.0,3.6498,3.3197,11.0033,2.8593,0.95942
RPC_US06,273,0.4252,discharge,-30.0,10.0,9.0,,300.0,3.6498,3.2434,13.5467,2.8593,0.95942
RPC_US06,273,0.3299,discharge,-30.0,2.0,2.0,,300.0,3.5888,3.252,11.2267,2.8593,0.95942
RPC_US06,273,0.3299,discharge,-30.0,10.0,9.0,,300.0,3.5888,3.1675,14.0433,2.8593,0.95942
RPC_US06,273,0.2346,discharge,-30.0,2.0,1.0,,300.0,3.5082,3.1712,11.2333,2.8593,0.95942
RPC_US06,273,0.2346,discharge,-30.0,10.0,9.0,,300.0,3.5082,3.0562,15.0667,2.8593,0.95942
RPC_US06,273,0.1869,discharge,-30.0,2.0,2.0,,300.0,3.4472,3.0699,12.5767,2.8593,0.95942
RPC_US06,273,0.1869,discharge,-30.0,10.0,9.0,,300.0,3.4472,2.9226,17.4867,2.8593,0.95942
RPC_US06,273,0.1392,discharge,-30.0,2.0,2.0,,300.0,3.4037,2.8983,16.8467,2.8593,0.95942
RPC_US06,273,0.1392,discharge,-30.0,10.0,9.0,,300.0,3.4037,2.5496,28.47,2.8593,0.95942
RPC_US06,273,0.0915,discharge,-14.255,2.0,2.0,,300.0,3.3557,2.5486,56.6187,2.8593,0.95942
RPC_US06,273,0.0915,discharge,-14.255,10.0,9.0,,300.0,3.3557,2.55,56.5205,2.8593,0.95942
RPC_US06,273,0.063,discharge,-7.681,2.0,2.0,,300.0,3.2083,2.5495,85.769,2.8593,0.95942
RPC_US06,273,0.063,discharge,-7.681,10.0,9.0,,300.0,3.2083,2.55,85.7039,2.8593,0.95942
RPC_US06,273,0.0491,discharge,-5.071,2.0,2.0,,300.0,3.0726,2.5496,103.1345,2.8593,0.95942
RPC_US06,273,0.0491,discharge,-5.071,10.0,9.0,,300.0,3.0726,2.5499,103.0753,2.8593,0.95942
RPC_US06,273,0.9973,discharge,-29.819,2.0,2.0,,1635.5,4.1762,3.7809,13.2564,2.8593,0.95942
RPC_US06,273,0.9973,discharge,-29.819,10.0,9.0,,1635.5,4.1762,3.7195,15.3155,2.8593,0.95942
RPC_US06,273,0.9496,discharge,-29.831,2.0,1.0,,300.0,4.0947,3.7596,11.2335,2.8593,0.95942
RPC_US06,273,0.9496,discharge,-29.831,10.0,9.0,,300.0,4.0947,3.6959,13.3689,2.8593,0.95942
RPC_US06,273,0.902,discharge,-29.769,2.0,2.0,,300.0,4.0762,3.7391,11.3239,2.8593,0.95942
RPC_US06,273,0.902,discharge,-29.769,10.0,9.0,,300.0,4.0762,3.6748,13.4838,2.8593,0.95942
RPC_US06,273,0.8066,discharge,-29.722,2.0,2.0,,300.0,4.0186,3.672,11.6614,2.8593,0.95942
RPC_US06,273,0.8066,discharge,-29.722,10.0,9.0,,300.0,4.0186,3.5931,14.316,2.8593,0.95942
RPC_US06,273,0.7113,discharge,-29.753,2.0,2.0,,300.0,3.9194,3.5843,11.2627,2.8593,0.95942
RPC_US06,273,0.7113,discharge,-29.753,10.0,9.0,,300.0,3.9194,3.5178,13.4978,2.8593,0.95942
RPC_US06,273,0.616,discharge,-29.726,2.0,1.0,,300.0,3.8389,3.5267,10.5026,2.8593,0.95942
RPC_US06,273,0.616,discharge,-29.726,10.0,9.0,,300.0,3.8389,3.4403,13.4091,2.8593,0.95942
RPC_US06,273,0.5206,discharge,-29.699,2.0,2.0,,300.0,3.7312,3.4091,10.8457,2.8593,0.95942
RPC_US06,273,0.5206,discharge,-29.699,10.0,9.0,,300.0,3.7312,3.3316,13.4552,2.8593,0.95942
RPC_US06,273,0.4253,discharge,-29.669,2.0,2.0,,300.0,3.6496,3.3276,10.8531,2.8593,0.95942
RPC_US06,273,0.4253,discharge,-29.669,10.0,9.0,,300.0,3.6496,3.2447,13.6472,2.8593,0.95942
RPC_US06,273,0.33,discharge,-29.618,2.0,2.0,,300.0,3.5885,3.2614,11.0438,2.8593,0.95942
RPC_US06,273,0.33,discharge,-29.618,10.0,9.0,,300.0,3.5885,3.169,14.1634,2.8593,0.95942
RPC_US06,273,0.2347,discharge,-29.543,2.0,2.0,,300.0,3.508,3.1622,11.7052,2.8593,0.95942
RPC_US06,273,0.2347,discharge,-29.543,10.0,9.0,,300.0,3.508,3.0581,15.2289,2.8593,0.95942
RPC_US06,273,0.1871,discharge,-29.085,2.0,2.0,,300.0,3.447,3.0899,12.2778,2.8593,0.95942
RPC_US06,273,0.1871,discharge,-29.085,10.0,9.0,,300.0,3.447,2.9298,17.7824,2.8593,0.95942
RPC_US06,273,0.1401,discharge,-21.347,2.0,2.0,,300.0,3.4033,3.0867,14.8311,2.8593,0.95942
RPC_US06,273,0.1401,discharge,-21.347,10.0,9.0,,300.0,3.4033,2.7864,28.8987,2.8593,0.95942
RPC_US06,273,0.0935,discharge,-8.995,2.0,1.0,,300.0,3.3591,3.1953,18.2109,2.8593,0.95942
RPC_US06,273,0.0935,discharge,-8.995,10.0,9.01,,300.0,3.3591,2.9798,42.1697,2.8593,0.95942
RPC_US06,273,0.0652,discharge,-5.046,2.0,2.0,,300.0,3.2079,3.0631,28.698,2.8593,0.95942
RPC_US06,273,0.0652,discharge,-5.046,10.0,9.0,,300.0,3.2079,2.9105,58.9419,2.8593,0.95942
RPC_US06,273,0.0511,discharge,-3.35,2.0,2.0,,300.0,3.0672,2.9549,33.5189,2.8593,0.95942
RPC_US06,273,0.0511,discharge,-3.35,10.0,9.0,,300.0,3.0672,2.8415,67.3661,2.8593,0.95942
RPC_US06,273,0.9973,discharge,-29.825,2.0,2.0,,1634.1,4.1759,3.7802,13.2672,2.8593,0.95942
RPC_US06,273,0.9973,discharge,-29.825,10.0,9.0,,1634.1,4.1759,3.7189,15.3225,2.8593,0.95942
RPC_US06,273,0.9496,discharge,-29.834,2.0,2.0,,300.0,4.0945,3.7457,11.6912,2.8593,0.95942
RPC_US06,273,0.9496,discharge,-29.834,10.0,9.0,,300.0,4.0945,3.6954,13.3771,2.8593,0.95942
RPC_US06,273,0.902,discharge,-29.774,2.0,2.0,,300.0,4.0763,3.7388,11.3352,2.8593,0.95942
RPC_US06,273,0.902,discharge,-29.774,10.0,9.0,,300.0,4.0763,3.674,13.5116,2.8593,0.95942
RPC_US06,273,0.8067,discharge,-29.728,2.0,2.0,,300.0,4.0182,3.6716,11.659,2.8593,0.95942
RPC_US06,273,0.8067,discharge,-29.728,10.0,9.0,,300.0,4.0182,3.5924,14.3232,2.8593,0.95942
RPC_US06,273,0.7113,discharge,-29.756,2.0,2.0,,300.0,3.9191,3.5839,11.265,2.8593,0.95942
RPC_US06,273,0.7113,discharge,-29.756,10.0,9.0,,300.0,3.9191,3.5174,13.4998,2.8593,0.95942
RPC_US06,273,0.616,discharge,-29.73,2.0,2.0,,300.0,3.8387,3.5109,11.0259,2.8593,0.95942
RPC_US06,273,0.616,discharge,-29.73,10.0,9.0,,300.0,3.8387,3.4398,13.4174,2.8593,0.95942
RPC_US06,273,0.5206,discharge,-29.703,2.0,2.0,,300.0,3.7311,3.4084,10.8642,2.8593,0.95942
RPC_US06,273,0.5206,discharge,-29.703,10.0,9.0,,300.0,3.7311,3.3309,13.4734,2.8593,0.95942
RPC_US06,273,0.4253,discharge,-29.675,2.0,2.0,,300.0,3.6494,3.3271,10.861,2.8593,0.95942
RPC_US06,273,0.4253,discharge,-29.675,10.0,9.0,,300.0,3.6494,3.2441,13.658,2.8593,0.95942
RPC_US06,273,0.33,discharge,-29.625,2.0,2.0,,300.0,3.5883,3.2606,11.0616,2.8593,0.95942
RPC_US06,273,0.33,discharge,-29.625,10.0,9.0,,300.0,3.5883,3.1683,14.1772,2.8593,0.95942
RPC_US06,273,0.2347,discharge,-29.556,2.0,2.0,,300.0,3.5078,3.1612,11.7271,2.8593,0.95942
RPC_US06,273,0.2347,discharge,-29.556,10.0,9.0,,300.0,3.5078,3.0562,15.2797,2.8593,0.95942
RPC_US06,273,0.1871,discharge,-29.115,2.0,2.0,,300.0,3.4465,3.0882,12.3062,2.8593,0.95942
RPC_US06,273,0.1871,discharge,-29.115,10.0,9.0,,300.0,3.4465,2.9243,17.9355,2.8593,0.95942
RPC_US06,273,0.1396,discharge,-28.058,2.0,2.0,,300.0,3.4027,2.9739,15.2826,2.8593,0.95942
RPC_US06,273,0.0928,discharge,-18.963,2.0,2.0,,300.0,3.3543,2.8943,24.2578,2.8593,0.95942
RPC_US06,273,0.0648,discharge,-10.987,2.0,2.0,,300.0,3.2042,2.8334,33.749,2.8593,0.95942
RPC_US06,273,0.0507,discharge,-7.612,2.0,2.0,,300.0,3.0631,2.7602,39.7914,2.8593,0.95942
RPC_US06,273,0.9973,discharge,-29.826,2.0,2.0,,1637.7,4.1759,3.7799,13.277,2.8593,0.95942
RPC_US06,273,0.9973,discharge,-29.826,10.0,9.0,,1637.7,4.1759,3.7188,15.3256,2.8593,0.95942
RPC_US06,273,0.9496,discharge,-29.836,2.0,2.0,,300.0,4.0944,3.7456,11.6906,2.8593,0.95942
RPC_US06,273,0.9496,discharge,-29.836,10.0,9.0,,300.0,4.0944,3.6951,13.3832,2.8593,0.95942
RPC_US06,273,0.902,discharge,-29.775,2.0,2.0,,300.0,4.0761,3.7385,11.3384,2.8593,0.95942
RPC_US06,273,0.902,discharge,-29.775,10.0,9.0,,300.0,4.0761,3.6738,13.5113,2.8593,0.95942
RPC_US06,273,0.8066,discharge,-29.73,2.0,2.0,,300.0,4.018,3.6713,11.6616,2.8593,0.95942
RPC_US06,273,0.8066,discharge,-29.73,10.0,9.0,,300.0,4.018,3.5923,14.3189,2.8593,0.95942
RPC_US06,273,0.7113,discharge,-29.758,2.0,2.0,,300.0,3.9192,3.5837,11.2743,2.8593,0.95942
RPC_US06,273,0.7113,discharge,-29.758,10.0,9.0,,300.0,3.9192,3.5171,13.5123,2.8593,0.95942
RPC_US06,273,0.616,discharge,-29.733,2.0,2.0,,300.0,3.8387,3.5107,11.0317,2.8593,0.95942
RPC_US06,273,0.616,discharge,-29.733,10.0,9.0,,300.0,3.8387,3.4395,13.4264,2.8593,0.95942
RPC_US06,273,0.5206,discharge,-29.705,2.0,2.0,,300.0,3.7309,3.4082,10.8637,2.8593,0.95942
RPC_US06,273,0.5206,discharge,-29.705,10.0,9.0,,300.0,3.7309,3.3309,13.466,2.8593,0.95942
RPC_US06,273,0.4253,discharge,-29.677,2.0,2.0,,300.0,3.6492,3.3269,10.8604,2.8593,0.95942
RPC_US06,273,0.4253,discharge,-29.677,10.0,9.0,,300.0,3.6492,3.2438,13.6606,2.8593,0.95942
RPC_US06,273,0.33,discharge,-29.628,2.0,2.0,,300.0,3.5882,3.2604,11.0639,2.8593,0.95942
RPC_US06,273,0.33,discharge,-29.628,10.0,9.0,,300.0,3.5882,3.1677,14.1927,2.8593,0.95942
RPC_US06,273,0.2347,discharge,-29.562,2.0,2.0,,300.0,3.5079,3.161,11.7349,2.8593,0.95942
RPC_US06,273,0.2347,discharge,-29.562,10.0,9.0,,300.0,3.5079,3.0554,15.3071,2.8593,0.95942
RPC_US06,273,0.187,discharge,-29.131,2.0,2.0,,300.0,3.4465,3.0873,12.3303,2.8593,0.95942
RPC_US06,273,0.187,discharge,-29.131,10.0,9.0,,300.0,3.4465,2.9214,18.0252,2.8593,0.95942
RPC_US06,273,0.1397,discharge,-27.015,2.0,1.0,,300.0,3.4025,3.0468,13.1668,2.8593,0.95942
RPC_US06,273,0.0928,discharge,-17.894,2.0,2.0,,300.0,3.3546,2.9212,24.2204,2.8593,0.95942
RPC_US06,273,0.0648,discharge,-10.385,2.0,2.0,,300.0,3.2063,2.8633,33.0284,2.8593,0.95942
RPC_US06,273,0.0508,discharge,-7.014,2.0,2.0,,300.0,3.0666,2.7944,38.8084,2.8593,0.95942
RPC_US06,273,0.9973,discharge,-29.829,2.0,2.0,,1639.4,4.1758,3.7797,13.2788,2.8593,0.95942
RPC_US06,273,0.9973,discharge,-29.829,10.0,9.0,,1639.4,4.1758,3.7183,15.3372,2.8593,0.95942
RPC_US06,273,0.9496,discharge,-29.837,2.0,2.0,,300.0,4.0943,3.7455,11.69,2.8593,0.95942
RPC_US06,273,0.9496,discharge,-29.837,10.0,9.0,,300.0,4.0943,3.695,13.3825,2.8593,0.95942
RPC_US06,273,0.902,discharge,-29.779,2.0,2.0,,300.0,4.0761,3.7381,11.3501,2.8593,0.95942
RPC_US06,273,0.902,discharge,-29.779,10.0,9.0,,300.0,4.0761,3.6734,13.5227,2.8593,0.95942
RPC_US06,273,0.8067,discharge,-29.735,2.0,1.0,,300.0,4.0179,3.6892,11.0545,2.8593,0.95942
RPC_US06,273,0.8067,discharge,-29.735,10.0,9.0,,300.0,4.0179,3.5916,14.3369,2.8593,0.95942
RPC_US06,273,0.7113,discharge,-29.761,2.0,2.0,,300.0,3.919,3.5832,11.2832,2.8593,0.95942
RPC_US06,273,0.7113,discharge,-29.761,10.0,9.0,,300.0,3.919,3.5167,13.5177,2.8593,0.95942
RPC_US06,273,0.616,discharge,-29.736,2.0,2.0,,300.0,3.8386,3.5102,11.044,2.8593,0.95942
RPC_US06,273,0.616,discharge,-29.736,10.0,9.0,,300.0,3.8386,3.439,13.4385,2.8593,0.95942
RPC_US06,273,0.5206,discharge,-29.709,2.0,2.0,,300.0,3.7306,3.4077,10.8689,2.8593,0.95942
RPC_US06,273,0.5206,discharge,-29.709,10.0,9.0,,300.0,3.7306,3.3303,13.4743,2.8593,0.95942
RPC_US06,273,0.4253,discharge,-29.681,2.0,2.0,,300.0,3.649,3.3264,10.8687,2.8593,0.95942
RPC_US06,273,0.4253,discharge,-29.681,10.0,9.0,,300.0,3.649,3.2433,13.6684,2.8593,0.95942
RPC_US06,273,0.33,discharge,-29.633,2.0,2.0,,300.0,3.5881,3.2597,11.0821,2.8593,0.95942
RPC_US06,273,0.33,discharge,-29.633,10.0,9.0,,300.0,3.5881,3.1671,14.2069,2.8593,0.95942
RPC_US06,273,0.2347,discharge,-29.573,2.0,1.0,,300.0,3.5077,3.1819,11.0168,2.8593,0.95942
RPC_US06,273,0.2347,discharge,-29.573,10.0,9.0,,300.0,3.5077,3.0537,15.3518,2.8593,0.95942
RPC_US06,273,0.1871,discharge,-29.157,2.0,2.0,,300.0,3.4465,3.0857,12.3744,2.8593,0.95942
RPC_US06,273,0.1871,discharge,-29.157,10.0,9.0,,300.0,3.4465,2.9168,18.1672,2.8593,0.95942
RPC_US06,273,0.1397,discharge,-27.133,2.0,2.0,,300.0,3.4022,2.9898,15.1995,2.8593,0.95942
RPC_US06,273,0.0929,discharge,-17.292,2.0,2.0,,300.0,3.3542,2.9422,23.826,2.8593,0.95942
RPC_US06,273,0.0649,discharge,-9.825,2.0,2.0,,300.0,3.206,2.886,32.5703,2.8593,0.95942
RPC_US06,273,0.0508,discharge,-6.479,2.0,2.0,,300.0,3.0664,2.8186,38.2478,2.8593,0.95942
RPC_US06,273,0.9973,discharge,-29.832,2.0,2.0,,1640.8,4.1758,3.7792,13.2944,2.8593,0.95942
RPC_US06,273,0.9973,discharge,-29.832,10.0,9.0,,1640.8,4.1758,3.7181,15.3426,2.8593,0.95942
RPC_US06,273,0.9496,discharge,-29.84,2.0,2.0,,300.0,4.0943,3.7451,11.7022,2.8593,0.95942
RPC_US06,273,0.9496,discharge,-29.84,10.0,9.0,,300.0,4.0943,3.6946,13.3945,2.8593,0.95942
RPC_US06,273,0.902,discharge,-29.782,2.0,2.0,,300.0,4.076,3.7379,11.3525,2.8593,0.95942
RPC_US06,273,0.902,discharge,-29.782,10.0,9.0,,300.0,4.076,3.6729,13.535,2.8593,0.95942
RPC_US06,273,0.8067,discharge,-29.739,2.0,1.0,,300.0,4.0175,3.6887,11.0562,2.8593,0.95942
RPC_US06,273,0.8067,discharge,-29.739,10.0,9.0,,300.0,4.0175,3.5913,14.3313,2.8593,0.95942
RPC_US06,273,0.7113,discharge,-29.764,2.0,2.0,,300.0,3.919,3.5831,11.2856,2.8593,0.95942
RPC_US06,273,0.7113,discharge,-29.764,10.0,9.0,,300.0,3.919,3.5163,13.53,2.8593,0.95942
RPC_US06,273,0.616,discharge,-29.739,2.0,2.0,,300.0,3.8385,3.5099,11.0495,2.8593,0.95942
RPC_US06,273,0.616,discharge,-29.739,10.0,9.0,,300.0,3.8385,3.4387,13.4436,2.8593,0.95942
RPC_US06,273,0.5206,discharge,-29.714,2.0,2.0,,300.0,3.7303,3.4073,10.8703,2.8593,0.95942
RPC_US06,273,0.5206,discharge,-29.714,10.0,9.0,,300.0,3.7303,3.3298,13.4785,2.8593,0.95942
RPC_US06,273,0.4253,discharge,-29.685,2.0,2.0,,300.0,3.6489,3.3261,10.8742,2.8593,0.95942
RPC_US06,273,0.4253,discharge,-29.685,10.0,9.0,,300.0,3.6489,3.2427,13.6837,2.8593,0.95942
RPC_US06,273,0.33,discharge,-29.639,2.0,2.0,,300.0,3.5878,3.2593,11.0834,2.8593,0.95942
RPC_US06,273,0.33,discharge,-29.639,10.0,9.0,,300.0,3.5878,3.1663,14.2211,2.8593,0.95942
RPC_US06,273,0.2347,discharge,-29.583,2.0,2.0,,300.0,3.5075,3.1593,11.7703,2.8593,0.95942
RPC_US06,273,0.2347,discharge,-29.583,10.0,9.0,,300.0,3.5075,3.0524,15.3838,2.8593,0.95942
RPC_US06,273,0.187,discharge,-29.178,2.0,2.0,,300.0,3.4462,3.0845,12.3963,2.8593,0.95942
RPC_US06,273,0.187,discharge,-29.178,10.0,9.0,,300.0,3.4462,2.9126,18.2878,2.8593,0.95942
RPC_US06,273,0.1397,discharge,-27.221,2.0,2.0,,300.0,3.4019,2.9863,15.2676,2.8593,0.95942
RPC_US06,273,0.093,discharge,-16.346,2.0,2.0,,300.0,3.3539,2.9633,23.8965,2.8593,0.95942
RPC_US06,273,0.0649,discharge,-9.15,2.0,2.0,,300.0,3.2056,2.9088,32.4368,2.8593,0.95942
RPC_US06,273,0.0509,discharge,-5.977,2.0,2.0,,300.0,3.0663,2.8427,37.4094,2.8593,0.95942
RPC_US06,273,0.0509,discharge,-5.977,10.0,8.89,,300.0,3.0663,2.4997,94.7951,2.8593,0.95942
RPC_US06,273,0.9973,discharge,-29.832,2.0,2.0,,1642.0,4.1757,3.7791,13.2944,2.8593,0.95942
RPC_US06,273,0.9973,discharge,-29.832,10.0,9.0,,1642.0,4.1757,3.7182,15.3359,2.8593,0.95942
RPC_US06,273,0.9496,discharge,-29.837,2.0,2.0,,300.0,4.0945,3.7454,11.7,2.8593,0.95942
RPC_US06,273,0.9496,discharge,-29.837,10.0,9.0,,300.0,4.0945,3.6951,13.3858,2.8593,0.95942
RPC_US06,273,0.902,discharge,-29.777,2.0,2.0,,300.0,4.0761,3.7383,11.3441,2.8593,0.95942
RPC_US06,273,0.902,discharge,-29.777,10.0,9.0,,300.0,4.0761,3.6733,13.527,2.8593,0.95942
RPC_US06,273,0.8067,discharge,-29.736,2.0,1.0,,300.0,4.0175,3.6888,11.0538,2.8593,0.95942
RPC_US06,273,0.8067,discharge,-29.736,10.0,9.01,,300.0,4.0175,3.5915,14.3258,2.8593,0.95942
RPC_US06,273,0.7113,discharge,-29.762,2.0,2.0,,300.0,3.9188,3.5833,11.2728,2.8593,0.95942
RPC_US06,273,0.7113,discharge,-29.762,10.0,9.0,,300.0,3.9188,3.5167,13.5105,2.8593,0.95942
RPC_US06,273,0.616,discharge,-29.736,2.0,2.0,,300.0,3.8384,3.5104,11.0306,2.8593,0.95942
RPC_US06,273,0.616,discharge,-29.736,10.0,9.0,,300.0,3.8384,3.4391,13.4284,2.8593,0.95942
RPC_US06,273,0.5206,discharge,-29.71,2.0,2.0,,300.0,3.7303,3.4076,10.8617,2.8593,0.95942
RPC_US06,273,0.5206,discharge,-29.71,10.0,9.0,,300.0,3.7303,3.3304,13.4601,2.8593,0.95942
RPC_US06,273,0.4253,discharge,-29.681,2.0,2.0,,300.0,3.6488,3.3263,10.8655,2.8593,0.95942
RPC_US06,273,0.4253,discharge,-29.681,10.0,9.0,,300.0,3.6488,3.2434,13.6586,2.8593,0.95942
RPC_US06,273,0.33,discharge,-29.635,2.0,2.0,,300.0,3.5877,3.2598,11.0646,2.8593,0.95942
RPC_US06,273,0.33,discharge,-29.635,10.0,9.0,,300.0,3.5877,3.1669,14.1994,2.8593,0.95942
RPC_US06,273,0.2347,discharge,-29.581,2.0,2.0,,300.0,3.5075,3.1593,11.7711,2.8593,0.95942
RPC_US06,273,0.2347,discharge,-29.581,10.0,9.0,,300.0,3.5075,3.0528,15.3714,2.8593,0.95942
RPC_US06,273,0.1871,discharge,-29.082,2.0,2.0,,300.0,3.4461,3.0858,12.3889,2.8593,0.95942
RPC_US06,273,0.1871,discharge,-29.082,10.0,9.0,,300.0,3.4461,2.9149,18.2653,2.8593,0.95942
RPC_US06,273,0.1397,discharge,-26.839,2.0,2.0,,300.0,3.4017,2.9849,15.5296,2.8593,0.95942
RPC_US06,273,0.093,discharge,-15.69,2.0,2.0,,300.0,3.3538,2.986,23.4417,2.8593,0.95942
RPC_US06,273,0.065,discharge,-8.637,2.0,2.0,,300.0,3.2059,2.9306,31.8736,2.8593,0.95942
RPC_US06,273,0.065,discharge,-8.637,10.0,8.79,,300.0,3.2059,2.4997,81.7621,2.8593,0.95942
RPC_US06,273,0.0509,discharge,-5.466,2.0,2.0,,300.0,3.0665,2.8643,36.9923,2.8593,0.95942
RPC_US06,273,0.0509,discharge,-5.466,10.0,9.0,,300.0,3.0665,2.5665,91.4746,2.8593,0.95942
RPC_US06,273,0.9973,discharge,-29.837,2.0,2.0,,1641.8,4.1756,3.7786,13.3054,2.8593,0.95942
RPC_US06,273,0.9973,discharge,-29.837,10.0,9.0,,1641.8,4.1756,3.7176,15.3498,2.8593,0.95942
RPC_US06,273,0.9496,discharge,-29.842,2.0,2.0,,300.0,4.0942,3.7448,11.7083,2.8593,0.95942
RPC_US06,273,0.9496,discharge,-29.842,10.0,9.0,,300.0,4.0942,3.6943,13.4006,2.8593,0.95942
RPC_US06,273,0.902,discharge,-29.785,2.0,2.0,,300.0,4.076,3.7378,11.3549,2.8593,0.95942
RPC_US06,273,0.902,discharge,-29.785,10.0,9.0,,300.0,4.076,3.6725,13.5473,2.8593,0.95942
RPC_US06,273,0.8067,discharge,-29.743,2.0,2.0,,300.0,4.0173,3.6697,11.6868,2.8593,0.95942
RPC_US06,273,0.8067,discharge,-29.743,10.0,9.0,,300.0,4.0173,3.5907,14.3429,2.8593,0.95942
RPC_US06,273,0.7113,discharge,-29.767,2.0,2.0,,300.0,3.9187,3.5827,11.2877,2.8593,0.95942
RPC_US06,273,0.7113,discharge,-29.767,10.0,9.01,,300.0,3.9187,3.5158,13.5351,2.8593,0.95942
RPC_US06,273,0.616,discharge,-29.744,2.0,2.0,,300.0,3.8383,3.5093,11.0612,2.8593,0.95942
RPC_US06,273,0.616,discharge,-29.744,10.0,9.0,,300.0,3.8383,3.4381,13.455,2.8593,0.95942
RPC_US06,273,0.5206,discharge,-29.72,2.0,2.0,,300.0,3.7299,3.4068,10.8716,2.8593,0.95942
RPC_US06,273,0.5206,discharge,-29.72,10.0,9.0,,300.0,3.7299,3.3291,13.4861,2.8593,0.95942
RPC_US06,273,0.4253,discharge,-29.691,2.0,2.0,,300.0,3.6485,3.3255,10.8789,2.8593,0.95942
RPC_US06,273,0.4253,discharge,-29.691,10.0,9.0,,300.0,3.6485,3.242,13.6912,2.8593,0.95942
RPC_US06,273,0.33,discharge,-29.646,2.0,2.0,,300.0,3.5876,3.2588,11.0907,2.8593,0.95942
RPC_US06,273,0.33,discharge,-29.646,10.0,9.0,,300.0,3.5876,3.1655,14.2378,2.8593,0.95942
RPC_US06,273,0.2347,discharge,-29.597,2.0,2.0,,300.0,3.5071,3.1582,11.7884,2.8593,0.95942
RPC_US06,273,0.2347,discharge,-29.597,10.0,9.0,,300.0,3.5071,3.0503,15.434,2.8593,0.95942
RPC_US06,273,0.1871,discharge,-29.005,2.0,1.0,,300.0,3.4458,3.1089,11.6152,2.8593,0.95942
RPC_US06,273,0.1871,discharge,-29.005,10.0,9.0,,300.0,3.4458,2.9085,18.5244,2.8593,0.95942
RPC_US06,273,0.1398,discharge,-25.886,2.0,2.0,,300.0,3.4013,3.0028,15.3947,2.8593,0.95942
RPC_US06,273,0.1398,discharge,-25.886,10.0,8.6,,300.0,3.4013,2.4993,34.8458,2.8593,0.95942
RPC_US06,273,0.0931,discharge,-14.864,2.0,2.0,,300.0,3.3534,3.0037,23.5266,2.8593,0.95942
RPC_US06,273,0.065,discharge,-8.072,2.0,2.0,,300.0,3.2058,2.9489,31.8276,2.8593,0.95942
RPC_US06,273,0.065,discharge,-8.072,10.0,9.0,,300.0,3.2058,2.5463,81.7062,2.8593,0.95942
RPC_US06,273,0.0509,discharge,-5.479,2.0,2.0,,300.0,3.0669,2.8613,37.5265,2.8593,0.95942
RPC_US06,273,0.0509,discharge,-5.479,10.0,9.0,,300.0,3.0669,2.5567,93.1226,2.8593,0.95942
RPC_US06,273,0.9973,discharge,-29.839,2.0,2.0,,1645.8,4.1756,3.7781,13.3215,2.8593,0.95942
RPC_US06,273,0.9973,discharge,-29.839,10.0,9.0,,1645.8,4.1756,3.717,15.3691,2.8593,0.95942
RPC_US06,273,0.9496,discharge,-29.846,2.0,2.0,,300.0,4.0942,3.7446,11.7137,2.8593,0.95942
RPC_US06,273,0.9496,discharge,-29.846,10.0,9.0,,300.0,4.0942,3.6938,13.4158,2.8593,0.95942
RPC_US06,273,0.902,discharge,-29.787,2.0,2.0,,300.0,4.076,3.7374,11.3676,2.8593,0.95942
RPC_US06,273,0.902,discharge,-29.787,10.0,9.0,,300.0,4.076,3.672,13.5632,2.8593,0.95942
RPC_US06,273,0.8066,discharge,-29.747,2.0,2.0,,300.0,4.017,3.6693,11.6886,2.8593,0.95942
RPC_US06,273,0.8066,discharge,-29.747,10.0,9.0,,300.0,4.017,3.5902,14.3477,2.8593,0.95942
RPC_US06,273,0.7113,discharge,-29.77,2.0,2.0,,300.0,3.9186,3.5824,11.2931,2.8593,0.95942
RPC_US06,273,0.7113,discharge,-29.77,10.0,9.0,,300.0,3.9186,3.5156,13.5369,2.8593,0.95942
RPC_US06,273,0.616,discharge,-29.746,2.0,2.0,,300.0,3.8382,3.5092,11.0603,2.8593,0.95942
RPC_US06,273,0.616,discharge,-29.746,10.0,9.0,,300.0,3.8382,3.4376,13.4674,2.8593,0.95942
RPC_US06,273,0.5206,discharge,-29.723,2.0,1.0,,300.0,3.7297,3.4242,10.2784,2.8593,0.95942
RPC_US06,273,0.5206,discharge,-29.723,10.0,9.0,,300.0,3.7297,3.3286,13.4948,2.8593,0.95942
RPC_US06,273,0.4253,discharge,-29.694,2.0,2.0,,300.0,3.6485,3.3251,10.8913,2.8593,0.95942
RPC_US06,273,0.4253,discharge,-29.694,10.0,9.0,,300.0,3.6485,3.2417,13.7,2.8593,0.95942
RPC_US06,273,0.33,discharge,-29.651,2.0,2.0,,300.0,3.5873,3.2582,11.0991,2.8593,0.95942
RPC_US06,273,0.33,discharge,-29.651,10.0,9.0,,300.0,3.5873,3.165,14.2424,2.8593,0.95942
RPC_US06,273,0.2347,discharge,-29.607,2.0,2.0,,300.0,3.507,3.1574,11.808,2.8593,0.95942
RPC_US06,273,0.2347,discharge,-29.607,10.0,9.0,,300.0,3.507,3.0492,15.4626,2.8593,0.95942
RPC_US06,273,0.1871,discharge,-29.14,2.0,2.0,,300.0,3.4459,3.0823,12.4775,2.8593,0.95942
RPC_US06,273,0.1871,discharge,-29.14,10.0,9.0,,300.0,3.4459,2.9048,18.5687,2.8593,0.95942
RPC_US06,273,0.1399,discharge,-24.587,2.0,2.0,,300.0,3.4012,3.0213,15.4513,2.8593,0.95942
RPC_US06,273,0.1399,discharge,-24.587,10.0,9.0,,300.0,3.4012,2.5317,35.3642,2.8593,0.95942
RPC_US06,273,0.0931,discharge,-14.294,2.0,2.0,,300.0,3.3533,3.0208,23.2607,2.8593,0.95942
RPC_US06,273,0.0931,discharge,-14.294,10.0,8.67,,300.0,3.3533,2.4991,59.7572,2.8593,0.95942
RPC_US06,273,0.065,discharge,-8.087,2.0,2.0,,300.0,3.2059,2.9465,32.0752,2.8593,0.95942
RPC_US06,273,0.065,discharge,-8.087,10.0,9.0,,300.0,3.2059,2.5379,82.5992,2.8593,0.95942
RPC_US06,273,0.0509,discharge,-5.486,2.0,2.0,,300.0,3.0672,2.8596,37.8383,2.8593,0.95942
RPC_US06,273,0.0509,discharge,-5.486,10.0,9.0,,300.0,3.0672,2.5511,94.0673,2.8593,0.95942
RPC_US06,273,0.9973,discharge,-29.845,2.0,2.0,,1647.2,4.1756,3.7775,13.3389,2.8593,0.95942
RPC_US06,273,0.9973,discharge,-29.845,10.0,9.0,,1647.2,4.1756,3.7168,15.3728,2.8593,0.95942
RPC_US06,273,0.9496,discharge,-29.849,2.0,1.0,,300.0,4.0942,3.7573,11.287,2.8593,0.95942
RPC_US06,273,0.9496,discharge,-29.849,10.0,9.0,,300.0,4.0942,3.6934,13.4278,2.8593,0.95942
RPC_US06,273,0.902,discharge,-29.791,2.0,2.0,,300.0,4.076,3.7369,11.3826,2.8593,0.95942
RPC_US06,273,0.902,discharge,-29.791,10.0,9.0,,300.0,4.076,3.6715,13.5779,2.8593,0.95942
RPC_US06,273,0.8066,discharge,-29.752,2.0,2.0,,300.0,4.0168,3.6689,11.6935,2.8593,0.95942
RPC_US06,273,0.8066,discharge,-29.752,10.0,9.0,,300.0,4.0168,3.5897,14.3556,2.8593,0.95942
RPC_US06,273,0.7113,discharge,-29.774,2.0,2.0,,300.0,3.9183,3.5822,11.2884,2.8593,0.95942
RPC_US06,273,0.7113,discharge,-29.774,10.0,9.0,,300.0,3.9183,3.515,13.5454,2.8593,0.95942
RPC_US06,273,0.616,discharge,-29.75,2.0,2.0,,300.0,3.838,3.5087,11.0689,2.8593,0.95942
RPC_US06,273,0.616,discharge,-29.75,10.0,9.0,,300.0,3.838,3.4373,13.4689,2.8593,0.95942
RPC_US06,273,0.5206,discharge,-29.724,2.0,2.0,,300.0,3.7297,3.406,10.89,2.8593,0.95942
RPC_US06,273,0.5206,discharge,-29.724,10.0,9.0,,300.0,3.7297,3.3283,13.504,2.8593,0.95942
RPC_US06,273,0.4253,discharge,-29.697,2.0,2.0,,300.0,3.6481,3.3246,10.8932,2.8593,0.95942
RPC_US06,273,0.4253,discharge,-29.697,10.0,9.0,,300.0,3.6481,3.2412,13.7015,2.8593,0.95942
RPC_US06,273,0.33,discharge,-29.656,2.0,2.0,,300.0,3.5872,3.2578,11.1074,2.8593,0.95942
RPC_US06,273,0.33,discharge,-29.656,10.0,9.0,,300.0,3.5872,3.1643,14.2602,2.8593,0.95942
RPC_US06,273,0.2347,discharge,-29.614,2.0,2.0,,300.0,3.5068,3.1567,11.8219,2.8593,0.95942
RPC_US06,273,0.2347,discharge,-29.614,10.0,9.0,,300.0,3.5068,3.0479,15.4958,2.8593,0.95942
RPC_US06,273,0.1871,discharge,-29.062,2.0,2.0,,300.0,3.4457,3.0826,12.4938,2.8593,0.95942
RPC_US06,273,0.1871,discharge,-29.062,10.0,9.0,,300.0,3.4457,2.9039,18.6426,2.8593,0.95942
RPC_US06,273,0.1399,discharge,-24.645,2.0,2.0,,300.0,3.4012,3.0186,15.5244,2.8593,0.95942
RPC_US06,273,0.1399,discharge,-24.645,10.0,9.0,,300.0,3.4012,2.5191,35.7922,2.8593,0.95942
RPC_US06,273,0.0932,discharge,-13.529,2.0,2.0,,300.0,3.353,3.0385,23.2472,2.8593,0.95942
RPC_US06,273,0.0932,discharge,-13.529,10.0,9.0,,300.0,3.353,2.5333,60.5906,2.8593,0.95942
RPC_US06,273,0.065,discharge,-8.107,2.0,2.0,,300.0,3.2056,2.943,32.391,2.8593,0.95942
RPC_US06,273,0.065,discharge,-8.107,10.0,9.0,,300.0,3.2056,2.5296,83.3827,2.8593,0.95942
RPC_US06,273,0.0509,discharge,-5.493,2.0,2.0,,300.0,3.0667,2.8577,38.0505,2.8593,0.95942
RPC_US06,273,0.0509,discharge,-5.493,10.0,9.0,,300.0,3.0667,2.5461,94.7803,2.8593,0.95942
RPC_US06,273,0.9528,charge,3.891,2.0,2.0,,300.0,4.094,4.15,14.3913,2.8593,0.95942
RPC_US06,273,0.9528,charge,3.891,10.0,9.0,,300.0,4.094,4.1499,14.3656,2.8593,0.95942
RPC_US06,273,0.9054,charge,5.704,2.0,2.0,,300.0,4.0758,4.15,13.008,2.8593,0.95942
RPC_US06,273,0.9054,charge,5.704,10.0,9.0,,300.0,4.0758,4.15,13.008,2.8593,0.95942
RPC_US06,273,0.8106,charge,9.956,2.0,2.0,,300.0,4.0165,4.1502,13.429,2.8593,0.95942
RPC_US06,273,0.8106,charge,9.956,10.0,9.0,,300.0,4.0165,4.1501,13.4189,2.8593,0.95942
RPC_US06,273,0.7154,charge,15.001,2.0,2.0,,300.0,3.9186,4.0847,11.0726,2.8593,0.95942
RPC_US06,273,0.7154,charge,15.001,10.0,9.0,,300.0,3.9186,4.1164,13.1858,2.8593,0.95942
RPC_US06,273,0.62,charge,15.0,2.0,2.0,,300.0,3.8402,4.0137,11.5667,2.8593,0.95942
RPC_US06,273,0.62,charge,15.0,10.0,9.0,,300.0,3.8402,4.049,13.92,2.8593,0.95942
RPC_US06,273,0.5247,charge,15.001,2.0,2.0,,300.0,3.7296,3.8937,10.9393,2.8593,0.95942
RPC_US06,273,0.5247,charge,15.001,10.0,9.0,,300.0,3.7296,3.9284,13.2524,2.8593,0.95942
RPC_US06,273,0.4293,charge,15.0,2.0,2.0,,300.0,3.6485,3.8117,10.88,2.8593,0.95942
RPC_US06,273,0.4293,charge,15.0,10.0,9.0,,300.0,3.6485,3.8447,13.08,2.8593,0.95942
RPC_US06,273,0.334,charge,15.001,2.0,2.0,,300.0,3.5874,3.753,11.0393,2.8593,0.95942
RPC_US06,273,0.334,charge,15.001,10.0,9.0,,300.0,3.5874,3.7864,13.2658,2.8593,0.95942
RPC_US06,273,0.2387,charge,15.001,2.0,2.0,,300.0,3.5067,3.6775,11.3859,2.8593,0.95942
RPC_US06,273,0.2387,charge,15.001,10.0,9.0,,300.0,3.5067,3.718,14.0857,2.8593,0.95942
RPC_US06,273,0.191,charge,15.0,2.0,2.0,,300.0,3.446,3.626,12.0,2.8593,0.95942
RPC_US06,273,0.191,charge,15.0,10.0,9.0,,300.0,3.446,3.6689,14.86,2.8593,0.95942
RPC_US06,273,0.1433,charge,15.0,2.0,1.0,,300.0,3.4009,3.5787,11.8533,2.8593,0.95942
RPC_US06,273,0.1433,charge,15.0,10.0,9.0,,300.0,3.4009,3.616,14.34,2.8593,0.95942
RPC_US06,273,0.0956,charge,15.001,2.0,2.0,,300.0,3.3529,3.5682,14.3524,2.8593,0.95942
RPC_US06,273,0.0956,charge,15.001,10.0,9.0,,300.0,3.3529,3.6007,16.5189,2.8593,0.95942
RPC_US06,273,0.067,charge,15.0,2.0,2.0,,300.0,3.2067,3.4681,17.4267,2.8593,0.95942
RPC_US06,273,0.067,charge,15.0,10.0,9.0,,300.0,3.2067,3.5556,23.26,2.8593,0.95942
RPC_US06,273,0.0528,charge,15.0,2.0,2.0,,300.0,3.0702,3.362,19.4533,2.8593,0.95942
RPC_US06,273,0.0528,charge,15.0,10.0,9.0,,300.0,3.0702,3.4784,27.2133,2.8593,0.95942
RPC_US06,273,0.9527,charge,3.539,2.0,1.0,,300.1,4.0939,4.1365,12.0364,2.8593,0.95942
RPC_US06,273,0.9527,charge,3.539,10.0,9.0,,300.1,4.0939,4.1483,15.3705,2.8593,0.95942
RPC_US06,273,0.9052,charge,5.334,2.0,2.0,,300.1,4.0757,4.1392,11.9045,2.8593,0.95942
RPC_US06,273,0.9052,charge,5.334,10.0,9.0,,300.1,4.0757,4.1492,13.7793,2.8593,0.95942
RPC_US06,273,0.8102,charge,9.012,2.0,2.0,,300.1,4.0164,4.1237,11.9069,2.8593,0.95942
RPC_US06,273,0.8102,charge,9.012,10.0,9.0,,300.1,4.0164,4.1465,14.4369,2.8593,0.95942
RPC_US06,273,0.7154,charge,15.046,2.0,2.0,,300.1,3.9185,4.0864,11.1587,2.8593,0.95942
RPC_US06,273,0.7154,charge,15.046,10.0,9.0,,300.1,3.9185,4.117,13.1924,2.8593,0.95942
RPC_US06,273,0.62,charge,15.049,2.0,2.0,,300.1,3.8402,4.0156,11.6556,2.8593,0.95942
RPC_US06,273,0.62,charge,15.049,10.0,9.0,,300.1,3.8402,4.0496,13.915,2.8593,0.95942
RPC_US06,273,0.5247,charge,15.053,2.0,2.0,,300.1,3.7297,3.8956,11.0211,2.8593,0.95942
RPC_US06,273,0.5247,charge,15.053,10.0,9.0,,300.1,3.7297,3.929,13.2399,2.8593,0.95942
RPC_US06,273,0.4294,charge,15.05,2.0,2.0,,300.1,3.6485,3.8135,10.9635,2.8593,0.95942
RPC_US06,273,0.4294,charge,15.05,10.0,9.0,,300.1,3.6485,3.8455,13.0897,2.8593,0.95942
RPC_US06,273,0.334,charge,15.051,2.0,1.0,,300.1,3.5874,3.7472,10.6172,2.8593,0.95942
RPC_US06,273,0.334,charge,15.051,10.0,9.0,,300.1,3.5874,3.7869,13.2549,2.8593,0.95942
RPC_US06,273,0.2387,charge,15.067,2.0,2.0,,300.1,3.5067,3.68,11.502,2.8593,0.95942
RPC_US06,273,0.2387,charge,15.067,10.0,9.0,,300.1,3.5067,3.7188,14.0771,2.8593,0.95942
RPC_US06,273,0.191,charge,15.072,2.0,2.0,,300.1,3.4457,3.6285,12.1289,2.8593,0.95942
RPC_US06,273,0.191,charge,15.072,10.0,9.0,,300.1,3.4457,3.6699,14.8758,2.8593,0.95942
RPC_US06,273,0.1434,charge,15.048,2.0,2.0,,300.1,3.4009,3.5878,12.4203,2.8593,0.95942
RPC_US06,273,0.1434,charge,15.048,10.0,9.0,,300.1,3.4009,3.6165,14.3275,2.8593,0.95942
RPC_US06,273,0.0957,charge,15.05,2.0,2.0,,300.1,3.3527,3.5706,14.4789,2.8593,0.95942
RPC_US06,273,0.0957,charge,15.05,10.0,9.0,,300.1,3.3527,3.6013,16.5188,2.8593,0.95942
RPC_US06,273,0.0671,charge,15.143,2.0,2.0,,300.1,3.2066,3.4746,17.6979,2.8593,0.95942
RPC_US06,273,0.0671,charge,15.143,10.0,9.0,,300.1,3.2066,3.5577,23.1856,2.8593,0.95942
RPC_US06,273,0.0528,charge,15.194,2.0,1.0,,300.1,3.0704,3.3489,18.329,2.8593,0.95942
RPC_US06,273,0.0528,charge,15.194,10.0,9.01,,300.1,3.0704,3.4821,27.0953,2.8593,0.95942
RPC_US06,393,0.9973,discharge,-30.0,2.0,2.0,,4107.6,4.1652,3.7371,14.27,2.8203,0.94633
RPC_US06,393,0.9973,discharge,-30.0,10.0,9.0,,4107.6,4.1652,3.6872,15.9333,2.8203,0.94633
RPC_US06,393,0.9727,charge,3.406,2.0,2.0,,60.0,4.0978,4.1501,15.3553,2.8203,0.94633
RPC_US06,393,0.9727,charge,3.406,10.0,9.0,,60.0,4.0978,4.15,15.3259,2.8203,0.94633
RPC_US06,393,0.9502,discharge,-30.0,2.0,2.0,,3600.0,4.0955,3.7075,12.9333,2.8203,0.94633
RPC_US06,393,0.9502,discharge,-30.0,10.0,9.0,,3600.0,4.0955,3.6626,14.43,2.8203,0.94633
RPC_US06,393,0.9259,charge,5.601,2.0,2.0,,60.0,4.0743,4.1501,13.5328,2.8203,0.94633
RPC_US06,393,0.9259,charge,5.601,10.0,9.0,,60.0,4.0743,4.15,13.515,2.8203,0.94633
RPC_US06,393,0.9032,discharge,-30.0,2.0,2.0,,3600.0,4.0781,3.7025,12.52,2.8203,0.94633
RPC_US06,393,0.9032,discharge,-30.0,10.0,9.0,,3600.0,4.0781,3.647,14.37,2.8203,0.94633
RPC_US06,393,0.879,charge,6.437,2.0,2.0,,60.0,4.0642,4.1501,13.3445,2.8203,0.94633
RPC_US06,393,0.879,charge,6.437,10.0,9.0,,60.0,4.0642,4.15,13.329,2.8203,0.94633
RPC_US06,393,0.8092,discharge,-30.0,2.0,2.0,,3600.0,4.0286,3.6499,12.6233,2.8203,0.94633
RPC_US06,393,0.8092,discharge,-30.0,10.0,9.0,,3600.0,4.0286,3.5759,15.09,2.8203,0.94633
RPC_US06,393,0.7855,charge,12.551,2.0,2.0,,60.0,3.9766,4.1503,13.8395,2.8203,0.94633
RPC_US06,393,0.7855,charge,12.551,10.0,9.0,,60.0,3.9766,4.1501,13.8236,2.8203,0.94633
RPC_US06,393,0.7151,discharge,-30.0,2.0,2.0,,3600.0,3.9247,3.5606,12.1367,2.8203,0.94633
RPC_US06,393,0.7151,discharge,-30.0,10.0,9.0,,3600.0,3.9247,3.4995,14.1733,2.8203,0.94633
RPC_US06,393,0.6915,charge,15.001,2.0,2.0,,60.0,3.8806,4.0526,11.4659,2.8203,0.94633
RPC_US06,393,0.6915,charge,15.001,10.0,9.0,,60.0,3.8806,4.0955,14.3257,2.8203,0.94633
RPC_US06,393,0.6211,discharge,-30.0,2.0,2.0,,3600.0,3.8555,3.4925,12.1,2.8203,0.94633
RPC_US06,393,0.6211,discharge,-30.0,10.0,9.0,,3600.0,3.8555,3.4242,14.3767,2.8203,0.94633
RPC_US06,393,0.5975,charge,15.0,2.0,2.0,,60.0,3.798,3.9661,11.2067,2.8203,0.94633
RPC_US06,393,0.5975,charge,15.0,10.0,9.0,,60.0,3.798,4.0099,14.1267,2.8203,0.94633
RPC_US06,393,0.5271,discharge,-30.0,2.0,2.0,,3600.0,3.7412,3.3932,11.6,2.8203,0.94633
RPC_US06,393,0.5271,discharge,-30.0,10.0,9.0,,3600.0,3.7412,3.3205,14.0233,2.8203,0.94633
RPC_US06,393,0.5034,charge,15.001,2.0,2.0,,60.0,3.7047,3.8724,11.1793,2.8203,0.94633
RPC_US06,393,0.5034,charge,15.001,10.0,9.0,,60.0,3.7047,3.9099,13.6791,2.8203,0.94633
RPC_US06,393,0.433,discharge,-30.0,2.0,2.0,,3600.0,3.6596,3.3116,11.6,2.8203,0.94633
RPC_US06,393,0.433,discharge,-30.0,10.0,9.0,,3600.0,3.6596,3.2356,14.1333,2.8203,0.94633
RPC_US06,393,0.4094,charge,15.0,2.0,2.0,,60.0,3.6253,3.7927,11.16,2.8203,0.94633
RPC_US06,393,0.4094,charge,15.0,10.0,9.0,,60.0,3.6253,3.8315,13.7467,2.8203,0.94633
RPC_US06,393,0.339,discharge,-30.0,2.0,2.0,,3600.0,3.6009,3.2445,11.88,2.8203,0.94633
RPC_US06,393,0.339,discharge,-30.0,10.0,9.0,,3600.0,3.6009,3.1593,14.72,2.8203,0.94633
RPC_US06,393,0.3154,charge,15.001,2.0,2.0,,60.0,3.5593,3.7286,11.2859,2.8203,0.94633
RPC_US06,393,0.3154,charge,15.001,10.0,9.0,,60.0,3.5593,3.7716,14.1524,2.8203,0.94633
RPC_US06,393,0.245,discharge,-30.0,2.0,2.0,,3600.0,3.5158,3.1336,12.74,2.8203,0.94633
RPC_US06,393,0.245,discharge,-30.0,10.0,9.0,,3600.0,3.5158,3.036,15.9933,2.8203,0.94633
RPC_US06,393,0.2213,charge,15.001,2.0,2.0,,60.0,3.4683,3.6466,11.8859,2.8203,0.94633
RPC_US06,393,0.2213,charge,15.001,10.0,9.0,,60.0,3.4683,3.6901,14.7857,2.8203,0.94633
RPC_US06,393,0.1979,discharge,-30.0,2.0,2.0,,3600.0,3.456,3.0483,13.59,2.8203,0.94633
RPC_US06,393,0.1979,discharge,-30.0,10.0,9.0,,3600.0,3.456,2.9036,18.4133,2.8203,0.94633
RPC_US06,393,0.1743,charge,15.001,2.0,2.0,,60.0,3.4184,3.5991,12.0459,2.8203,0.94633
RPC_US06,393,0.1743,charge,15.001,10.0,9.0,,60.0,3.4184,3.6313,14.1924,2.8203,0.94633
RPC_US06,393,0.1509,discharge,-30.0,2.0,2.0,,3600.0,3.4149,2.8998,17.17,2.8203,0.94633
RPC_US06,393,0.1509,discharge,-30.0,10.0,9.0,,3600.0,3.4149,2.5493,28.8533,2.8203,0.94633
RPC_US06,393,0.1276,charge,15.001,2.0,1.0,,60.0,3.3781,3.5654,12.4858,2.8203,0.94633
RPC_US06,393,0.1276,charge,15.001,10.0,9.0,,60.0,3.3781,3.6063,15.2123,2.8203,0.94633
RPC_US06,393,0.1039,discharge,-15.714,2.0,2.0,,3600.0,3.3716,2.5477,52.431,2.8203,0.94633
RPC_US06,393,0.1039,discharge,-15.714,10.0,9.0,,3600.0,3.3716,2.5498,52.2973,2.8203,0.94633
RPC_US06,393,0.09,charge,15.001,2.0,2.0,,60.0,3.2776,3.5201,16.1656,2.8203,0.94633
RPC_US06,393,0.09,charge,15.001,10.0,9.0,,60.0,3.2776,3.5871,20.632,2.8203,0.94633
RPC_US06,393,0.0757,discharge,-8.722,2.0,2.0,,3600.0,3.2412,2.5491,79.3556,2.8203,0.94633
RPC_US06,393,0.0757,discharge,-8.722,10.0,9.0,,3600.0,3.2412,2.5498,79.2754,2.8203,0.94633
RPC_US06,393,0.0682,charge,15.001,2.0,2.0,,60.0,3.1211,3.4067,19.0387,2.8203,0.94633
RPC_US06,393,0.0682,charge,15.001,10.0,9.0,,60.0,3.1211,3.5141,26.1983,2.8203,0.94633
RPC_US06,393,0.0618,discharge,-6.264,2.0,2.0,,3600.0,3.1343,2.5494,93.3793,2.8203,0.94633
RPC_US06,393,0.0618,discharge,-6.264,10.0,9.0,,3600.0,3.1343,2.5499,93.2995,2.8203,0.94633
RPC_US06,393,0.057,charge,15.0,2.0,2.0,,60.0,3.0045,3.3239,21.2933,2.8203,0.94633
RPC_US06,393,0.057,charge,15.0,10.0,9.0,,60.0,3.0045,3.4572,30.18,2.8203,0.94633
RPC_US06,393,0.9973,discharge,-30.0,2.0,1.0,,1711.6,4.173,3.7654,13.5867,2.8203,0.94633
RPC_US06,393,0.9973,discharge,-30.0,10.0,9.0,,1711.6,4.173,3.6943,15.9567,2.8203,0.94633
RPC_US06,393,0.9502,discharge,-30.0,2.0,2.0,,300.0,4.0922,3.7209,12.3767,2.8203,0.94633
RPC_US06,393,0.9502,discharge,-30.0,10.0,9.0,,300.0,4.0922,3.674,13.94,2.8203,0.94633
RPC_US06,393,0.9032,discharge,-30.0,2.0,2.0,,300.0,4.0748,3.7151,11.99,2.8203,0.94633
RPC_US06,393,0.9032,discharge,-30.0,10.0,9.0,,300.0,4.0748,3.6515,14.11,2.8203,0.94633
RPC_US06,393,0.8092,discharge,-30.0,2.0,2.0,,300.0,4.0149,3.6483,12.22,2.8203,0.94633
RPC_US06,393,0.8092,discharge,-30.0,10.0,9.0,,300.0,4.0149,3.5744,14.6833,2.8203,0.94633
RPC_US06,393,0.7151,discharge,-30.0,2.0,2.0,,300.0,3.9186,3.5663,11.7433,2.8203,0.94633
RPC_US06,393,0.7151,discharge,-30.0,10.0,9.0,,300.0,3.9186,3.5029,13.8567,2.8203,0.94633
RPC_US06,393,0.6211,discharge,-30.0,2.0,2.0,,300.0,3.8366,3.4923,11.4767,2.8203,0.94633
RPC_US06,393,0.6211,discharge,-30.0,10.0,9.0,,300.0,3.8366,3.4243,13.7433,2.8203,0.94633
RPC_US06,393,0.5271,discharge,-30.0,2.0,2.0,,300.0,3.7314,3.3902,11.3733,2.8203,0.94633
RPC_US06,393,0.5271,discharge,-30.0,10.0,9.0,,300.0,3.7314,3.3164,13.8333,2.8203,0.94633
RPC_US06,393,0.433,discharge,-30.0,2.0,2.0,,300.0,3.65,3.308,11.4,2.8203,0.94633
RPC_US06,393,0.433,discharge,-30.0,10.0,9.0,,300.0,3.65,3.2294,14.02,2.8203,0.94633
RPC_US06,393,0.339,discharge,-30.0,2.0,2.0,,300.0,3.5888,3.2386,11.6733,2.8203,0.94633
RPC_US06,393,0.339,discharge,-30.0,10.0,9.0,,300.0,3.5888,3.1511,14.59,2.8203,0.94633
RPC_US06,393,0.245,discharge,-30.0,2.0,2.0,,300.0,3.5074,3.1314,12.5333,2.8203,0.94633
RPC_US06,393,0.245,discharge,-30.0,10.0,9.0,,300.0,3.5074,3.0274,16.0,2.8203,0.94633
RPC_US06,393,0.1979,discharge,-30.0,2.0,2.0,,300.0,3.4475,3.0412,13.5433,2.8203,0.94633
RPC_US06,393,0.1979,discharge,-30.0,10.0,9.0,,300.0,3.4475,2.8592,19.61,2.8203,0.94633
RPC_US06,393,0.1509,discharge,-29.64,2.0,2.0,,300.0,3.4037,2.8348,19.1937,2.8203,0.94633
RPC_US06,393,0.1509,discharge,-29.64,10.0,9.0,,300.0,3.4037,2.5497,28.8124,2.8203,0.94633
RPC_US06,393,0.1039,discharge,-14.069,2.0,2.0,,300.0,3.356,2.5493,57.3388,2.8203,0.94633
RPC_US06,393,0.1039,discharge,-14.069,10.0,9.0,,300.0,3.356,2.5499,57.2962,2.8203,0.94633
RPC_US06,393,0.0758,discharge,-7.353,2.0,2.0,,300.0,3.2174,2.5496,90.8176,2.8203,0.94633
RPC_US06,393,0.0758,discharge,-7.353,10.0,9.01,,300.0,3.2174,2.5499,90.7768,2.8203,0.94633
RPC_US06,393,0.0621,discharge,-4.846,2.0,2.0,,300.0,3.0892,2.5498,111.298,2.8203,0.94633
RPC_US06,393,0.0621,discharge,-4.846,10.0,9.0,,300.0,3.0892,2.5499,111.2773,2.8203,0.94633
RPC_US06,393,0.9973,discharge,-29.824,2.0,2.0,,1709.3,4.1731,3.7536,14.0659,2.8203,0.94633
RPC_US06,393,0.9973,discharge,-29.824,10.0,9.0,,1709.3,4.1731,3.6953,16.0207,2.8203,0.94633
RPC_US06,393,0.9503,discharge,-29.823,2.0,2.0,,300.0,4.0922,3.7258,12.286,2.8203,0.94633
RPC_US06,393,0.9503,discharge,-29.823,10.0,9.0,,300.0,4.0922,3.6746,14.0029,2.8203,0.94633
RPC_US06,393,0.9033,discharge,-29.746,2.0,2.0,,300.0,4.0748,3.7215,11.877,2.8203,0.94633
RPC_US06,393,0.9033,discharge,-29.746,10.0,9.0,,300.0,4.0748,3.6527,14.1899,2.8203,0.94633
RPC_US06,393,0.8093,discharge,-29.717,2.0,2.0,,300.0,4.0146,3.6555,12.0842,2.8203,0.94633
RPC_US06,393,0.8093,discharge,-29.717,10.0,9.0,,300.0,4.0146,3.5756,14.7729,2.8203,0.94633
RPC_US06,393,0.7152,discharge,-29.742,2.0,2.0,,300.0,3.9184,3.5724,11.6336,2.8203,0.94633
RPC_US06,393,0.7152,discharge,-29.742,10.0,9.0,,300.0,3.9184,3.5038,13.9401,2.8203,0.94633
RPC_US06,393,0.6211,discharge,-29.713,2.0,2.0,,300.0,3.8366,3.4992,11.3553,2.8203,0.94633
RPC_US06,393,0.6211,discharge,-29.713,10.0,9.0,,300.0,3.8366,3.4256,13.8323,2.8203,0.94633
RPC_US06,393,0.5271,discharge,-29.684,2.0,2.0,,300.0,3.7311,3.3981,11.2182,2.8203,0.94633
RPC_US06,393,0.5271,discharge,-29.684,10.0,9.0,,300.0,3.7311,3.3179,13.92,2.8203,0.94633
RPC_US06,393,0.4331,discharge,-29.653,2.0,2.0,,300.0,3.6499,3.3168,11.2333,2.8203,0.94633
RPC_US06,393,0.4331,discharge,-29.653,10.0,9.0,,300.0,3.6499,3.2311,14.1234,2.8203,0.94633
RPC_US06,393,0.3391,discharge,-29.596,2.0,2.0,,300.0,3.5887,3.2489,11.4811,2.8203,0.94633
RPC_US06,393,0.3391,discharge,-29.596,10.0,9.0,,300.0,3.5887,3.1529,14.7247,2.8203,0.94633
RPC_US06,393,0.2451,discharge,-29.468,2.0,2.0,,300.0,3.5074,3.1453,12.2879,2.8203,0.94633
RPC_US06,393,0.2451,discharge,-29.468,10.0,9.0,,300.0,3.5074,3.0301,16.1972,2.8203,0.94633
RPC_US06,393,0.1982,discharge,-28.796,2.0,2.0,,300.0,3.4473,3.0699,13.106,2.8203,0.94633
RPC_US06,393,0.1982,discharge,-28.796,10.0,9.0,,300.0,3.4473,2.8745,19.8917,2.8203,0.94633
RPC_US06,393,0.152,discharge,-19.181,2.0,2.0,,300.0,3.4035,3.0942,16.1249,2.8203,0.94633
RPC_US06,393,0.152,discharge,-19.181,10.0,9.0,,300.0,3.4035,2.8122,30.8266,2.8203,0.94633
RPC_US06,393,0.1059,discharge,-8.729,2.0,2.0,,300.0,3.3541,3.1508,23.2888,2.8203,0.94633
RPC_US06,393,0.1059,discharge,-8.729,10.0,9.0,,300.0,3.3541,2.9375,47.7232,2.8203,0.94633
RPC_US06,393,0.078,discharge,-4.868,2.0,2.0,,300.0,3.2131,3.0608,31.2859,2.8203,0.94633
RPC_US06,393,0.078,discharge,-4.868,10.0,9.0,,300.0,3.2131,2.8995,64.4207,2.8203,0.94633
RPC_US06,393,0.064,discharge,-3.216,2.0,2.0,,300.0,3.0804,2.9636,36.3218,2.8203,0.94633
RPC_US06,393,0.064,discharge,-3.216,10.0,9.0,,300.0,3.0804,2.845,73.2033,2.8203,0.94633
RPC_US06,393,0.9973,discharge,-29.833,2.0,2.0,,1712.1,4.1731,3.7526,14.0951,2.8203,0.94633
RPC_US06,393,0.9973,discharge,-29.833,10.0,9.0,,1712.1,4.1731,3.6943,16.0493,2.8203,0.94633
RPC_US06,393,0.9503,discharge,-29.828,2.0,2.0,,300.0,4.092,3.7248,12.3106,2.8203,0.94633
RPC_US06,393,0.9503,discharge,-29.828,10.0,9.0,,300.0,4.092,3.674,14.0137,2.8203,0.94633
RPC_US06,393,0.9033,discharge,-29.754,2.0,2.0,,300.0,4.0749,3.7207,11.9043,2.8203,0.94633
RPC_US06,393,0.9033,discharge,-29.754,10.0,9.0,,300.0,4.0749,3.6515,14.23,2.8203,0.94633
RPC_US06,393,0.8093,discharge,-29.724,2.0,2.0,,300.0,4.0144,3.6548,12.0982,2.8203,0.94633
RPC_US06,393,0.8093,discharge,-29.724,10.0,9.0,,300.0,4.0144,3.5746,14.7964,2.8203,0.94633
RPC_US06,393,0.7152,discharge,-29.746,2.0,2.0,,300.0,3.9183,3.5719,11.6451,2.8203,0.94633
RPC_US06,393,0.7152,discharge,-29.746,10.0,9.0,,300.0,3.9183,3.5032,13.9546,2.8203,0.94633
RPC_US06,393,0.6212,discharge,-29.718,2.0,2.0,,300.0,3.8364,3.4986,11.3668,2.8203,0.94633
RPC_US06,393,0.6212,discharge,-29.718,10.0,9.0,,300.0,3.8364,3.4248,13.8502,2.8203,0.94633
RPC_US06,393,0.5271,discharge,-29.69,2.0,2.0,,300.0,3.731,3.3974,11.2363,2.8203,0.94633
RPC_US06,393,0.5271,discharge,-29.69,10.0,9.0,,300.0,3.731,3.317,13.9443,2.8203,0.94633
RPC_US06,393,0.4331,discharge,-29.662,2.0,2.0,,300.0,3.6497,3.3161,11.2469,2.8203,0.94633
RPC_US06,393,0.4331,discharge,-29.662,10.0,9.0,,300.0,3.6497,3.2302,14.1429,2.8203,0.94633
RPC_US06,393,0.3391,discharge,-29.606,2.0,2.0,,300.0,3.5885,3.2481,11.4977,2.8203,0.94633
RPC_US06,393,0.3391,discharge,-29.606,10.0,9.0,,300.0,3.5885,3.1519,14.747,2.8203,0.94633
RPC_US06,393,0.2451,discharge,-29.486,2.0,2.0,,300.0,3.5075,3.144,12.3277,2.8203,0.94633
RPC_US06,393,0.2451,discharge,-29.486,10.0,9.0,,300.0,3.5075,3.0277,16.2719,2.8203,0.94633
RPC_US06,393,0.1981,discharge,-28.98,2.0,2.0,,300.0,3.4472,3.0656,13.1677,2.8203,0.94633
RPC_US06,393,0.1981,discharge,-28.98,10.0,9.0,,300.0,3.4472,2.8633,20.1484,2.8203,0.94633
RPC_US06,393,0.1514,discharge,-27.531,2.0,2.0,,300.0,3.4031,2.9418,16.7557,2.8203,0.94633
RPC_US06,393,0.1053,discharge,-16.655,2.0,2.0,,300.0,3.3549,2.9195,26.1423,2.8203,0.94633
RPC_US06,393,0.0776,discharge,-10.204,2.0,2.0,,300.0,3.2142,2.8497,35.723,2.8203,0.94633
RPC_US06,393,0.0637,discharge,-7.223,2.0,2.0,,300.0,3.0821,2.7792,41.9326,2.8203,0.94633
RPC_US06,393,0.9973,discharge,-29.834,2.0,2.0,,1714.0,4.1729,3.7524,14.0949,2.8203,0.94633
RPC_US06,393,0.9973,discharge,-29.834,10.0,9.0,,1714.0,4.1729,3.6944,16.039,2.8203,0.94633
RPC_US06,393,0.9503,discharge,-29.829,2.0,2.0,,300.0,4.0922,3.7249,12.3133,2.8203,0.94633
RPC_US06,393,0.9503,discharge,-29.829,10.0,9.0,,300.0,4.0922,3.6738,14.0264,2.8203,0.94633
RPC_US06,393,0.9033,discharge,-29.755,2.0,2.0,,300.0,4.0747,3.7206,11.9007,2.8203,0.94633
RPC_US06,393,0.9033,discharge,-29.755,10.0,9.0,,300.0,4.0747,3.6513,14.2298,2.8203,0.94633
RPC_US06,393,0.8093,discharge,-29.727,2.0,2.0,,300.0,4.0142,3.6545,12.1003,2.8203,0.94633
RPC_US06,393,0.8093,discharge,-29.727,10.0,9.0,,300.0,4.0142,3.5744,14.7949,2.8203,0.94633
RPC_US06,393,0.7152,discharge,-29.748,2.0,2.0,,300.0,3.9183,3.5718,11.6476,2.8203,0.94633
RPC_US06,393,0.7152,discharge,-29.748,10.0,9.0,,300.0,3.9183,3.503,13.9604,2.8203,0.94633
RPC_US06,393,0.6212,discharge,-29.721,2.0,2.0,,300.0,3.8363,3.4983,11.3722,2.8203,0.94633
RPC_US06,393,0.6212,discharge,-29.721,10.0,9.0,,300.0,3.8363,3.4246,13.8519,2.8203,0.94633
RPC_US06,393,0.5271,discharge,-29.694,2.0,2.0,,300.0,3.7307,3.397,11.2381,2.8203,0.94633
RPC_US06,393,0.5271,discharge,-29.694,10.0,9.0,,300.0,3.7307,3.3166,13.9458,2.8203,0.94633
RPC_US06,393,0.4331,discharge,-29.664,2.0,1.0,,300.0,3.6496,3.3347,10.6156,2.8203,0.94633
RPC_US06,393,0.4331,discharge,-29.664,10.0,9.0,,300.0,3.6496,3.2297,14.1552,2.8203,0.94633
RPC_US06,393,0.3391,discharge,-29.609,2.0,2.0,,300.0,3.5884,3.2478,11.5033,2.8203,0.94633
RPC_US06,393,0.3391,discharge,-29.609,10.0,9.0,,300.0,3.5884,3.1513,14.7624,2.8203,0.94633
RPC_US06,393,0.2451,discharge,-29.496,2.0,2.0,,300.0,3.5072,3.1434,12.3339,2.8203,0.94633
RPC_US06,393,0.2451,discharge,-29.496,10.0,9.0,,300.0,3.5072,3.0264,16.3005,2.8203,0.94633
RPC_US06,393,0.1981,discharge,-29.004,2.0,2.0,,300.0,3.4467,3.0643,13.1846,2.8203,0.94633
RPC_US06,393,0.1981,discharge,-29.004,10.0,9.0,,300.0,3.4467,2.859,20.2631,2.8203,0.94633
RPC_US06,393,0.1515,discharge,-26.103,2.0,2.0,,300.0,3.403,2.9637,16.8295,2.8203,0.94633
RPC_US06,393,0.1054,discharge,-15.739,2.0,2.0,,300.0,3.3549,2.9432,26.158,2.8203,0.94633
RPC_US06,393,0.0776,discharge,-9.507,2.0,1.0,,300.0,3.2156,2.9451,28.453,2.8203,0.94633
RPC_US06,393,0.0638,discharge,-6.675,2.0,2.0,,300.0,3.0843,2.8092,41.2116,2.8203,0.94633
RPC_US06,393,0.9973,discharge,-29.834,2.0,2.0,,1714.3,4.1728,3.7522,14.0978,2.8203,0.94633
RPC_US06,393,0.9973,discharge,-29.834,10.0,9.0,,1714.3,4.1728,3.6939,16.0519,2.8203,0.94633
RPC_US06,393,0.9503,discharge,-29.831,2.0,2.0,,300.0,4.0921,3.7246,12.3192,2.8203,0.94633
RPC_US06,393,0.9503,discharge,-29.831,10.0,9.0,,300.0,4.0921,3.6735,14.0321,2.8203,0.94633
RPC_US06,393,0.9033,discharge,-29.758,2.0,2.0,,300.0,4.0748,3.7203,11.913,2.8203,0.94633
RPC_US06,393,0.9033,discharge,-29.758,10.0,9.0,,300.0,4.0748,3.6507,14.2519,2.8203,0.94633
RPC_US06,393,0.8093,discharge,-29.73,2.0,2.0,,300.0,4.014,3.654,12.1088,2.8203,0.94633
RPC_US06,393,0.8093,discharge,-29.73,10.0,9.0,,300.0,4.014,3.5739,14.803,2.8203,0.94633
RPC_US06,393,0.7152,discharge,-29.751,2.0,2.0,,300.0,3.9182,3.5713,11.6601,2.8203,0.94633
RPC_US06,393,0.7152,discharge,-29.751,10.0,9.0,,300.0,3.9182,3.5025,13.9726,2.8203,0.94633
RPC_US06,393,0.6212,discharge,-29.725,2.0,2.0,,300.0,3.8362,3.498,11.3776,2.8203,0.94633
RPC_US06,393,0.6212,discharge,-29.725,10.0,9.0,,300.0,3.8362,3.4241,13.8638,2.8203,0.94633
RPC_US06,393,0.5271,discharge,-29.698,2.0,2.0,,300.0,3.7305,3.3965,11.2465,2.8203,0.94633
RPC_US06,393,0.5271,discharge,-29.698,10.0,9.0,,300.0,3.7305,3.3162,13.9504,2.8203,0.94633
RPC_US06,393,0.4331,discharge,-29.669,2.0,2.0,,300.0,3.6492,3.3153,11.254,2.8203,0.94633
RPC_US06,393,0.4331,discharge,-29.669,10.0,9.0,,300.0,3.6492,3.2291,14.1593,2.8203,0.94633
RPC_US06,393,0.3391,discharge,-29.615,2.0,2.0,,300.0,3.5881,3.2471,11.5142,2.8203,0.94633
RPC_US06,393,0.3391,discharge,-29.615,10.0,9.0,,300.0,3.5881,3.1505,14.776,2.8203,0.94633
RPC_US06,393,0.2451,discharge,-29.508,2.0,1.0,,300.0,3.507,3.1658,11.5628,2.8203,0.94633
RPC_US06,393,0.2451,discharge,-29.508,10.0,9.01,,300.0,3.507,3.0245,16.3512,2.8203,0.94633
RPC_US06,393,0.1982,discharge,-28.768,2.0,2.0,,300.0,3.4467,3.0647,13.2786,2.8203,0.94633
RPC_US06,393,0.1982,discharge,-28.768,10.0,9.0,,300.0,3.4467,2.8579,20.4672,2.8203,0.94633
RPC_US06,393,0.1516,discharge,-25.152,2.0,2.0,,300.0,3.4026,2.9839,16.6465,2.8203,0.94633
RPC_US06,393,0.1054,discharge,-15.14,2.0,2.0,,300.0,3.3549,2.9645,25.786,2.8203,0.94633
RPC_US06,393,0.0777,discharge,-9.001,2.0,2.0,,300.0,3.2158,2.8992,35.1758,2.8203,0.94633
RPC_US06,393,0.0638,discharge,-6.182,2.0,2.0,,300.0,3.0848,2.834,40.5664,2.8203,0.94633
RPC_US06,393,0.9982,discharge,-20.112,2.0,2.0,,1717.4,4.1727,3.8751,14.7971,2.8203,0.94633
RPC_US06,393,0.9982,discharge,-20.112,10.0,9.0,,1717.4,4.1727,3.825,17.2882,2.8203,0.94633
RPC_US06,393,0.9503,discharge,-29.854,2.0,2.0,,300.0,4.0919,3.7218,12.3972,2.8203,0.94633
RPC_US06,393,0.9503,discharge,-29.854,10.0,9.0,,300.0,4.0919,3.6706,14.1122,2.8203,0.94633
RPC_US06,393,0.9032,discharge,-29.766,2.0,2.0,,300.0,4.0746,3.7195,11.9297,2.8203,0.94633
RPC_US06,393,0.9032,discharge,-29.766,10.0,9.0,,300.0,4.0746,3.6498,14.2713,2.8203,0.94633
RPC_US06,393,0.8093,discharge,-29.733,2.0,2.0,,300.0,4.0138,3.6537,12.1111,2.8203,0.94633
RPC_US06,393,0.8093,discharge,-29.733,10.0,9.01,,300.0,4.0138,3.5735,14.8085,2.8203,0.94633
RPC_US06,393,0.7152,discharge,-29.753,2.0,2.0,,300.0,3.9181,3.5711,11.6625,2.8203,0.94633
RPC_US06,393,0.7152,discharge,-29.753,10.0,9.0,,300.0,3.9181,3.5022,13.9782,2.8203,0.94633
RPC_US06,393,0.6211,discharge,-29.724,2.0,2.0,,300.0,3.8364,3.4979,11.3879,2.8203,0.94633
RPC_US06,393,0.6211,discharge,-29.724,10.0,9.0,,300.0,3.8364,3.4239,13.8774,2.8203,0.94633
RPC_US06,393,0.5271,discharge,-29.699,2.0,2.0,,300.0,3.7303,3.3963,11.2462,2.8203,0.94633
RPC_US06,393,0.5271,discharge,-29.699,10.0,9.0,,300.0,3.7303,3.3159,13.9533,2.8203,0.94633
RPC_US06,393,0.4331,discharge,-29.673,2.0,2.0,,300.0,3.6492,3.315,11.2628,2.8203,0.94633
RPC_US06,393,0.4331,discharge,-29.673,10.0,9.0,,300.0,3.6492,3.2286,14.1745,2.8203,0.94633
RPC_US06,393,0.3391,discharge,-29.623,2.0,2.0,,300.0,3.588,3.2468,11.5181,2.8203,0.94633
RPC_US06,393,0.3391,discharge,-29.623,10.0,9.0,,300.0,3.588,3.1497,14.7959,2.8203,0.94633
RPC_US06,393,0.2451,discharge,-29.516,2.0,2.0,,300.0,3.5075,3.1422,12.3763,2.8203,0.94633
RPC_US06,393,0.2451,discharge,-29.516,10.0,9.0,,300.0,3.5075,3.023,16.4148,2.8203,0.94633
RPC_US06,393,0.1982,discharge,-28.927,2.0,2.0,,300.0,3.4475,3.0635,13.2748,2.8203,0.94633
RPC_US06,393,0.1982,discharge,-28.927,10.0,9.0,,300.0,3.4475,2.854,20.5172,2.8203,0.94633
RPC_US06,393,0.1517,discharge,-23.877,2.0,2.0,,300.0,3.4026,3.0032,16.7274,2.8203,0.94633
RPC_US06,393,0.1517,discharge,-23.877,10.0,9.0,,300.0,3.4026,2.5005,37.7811,2.8203,0.94633
RPC_US06,393,0.1055,discharge,-14.323,2.0,2.0,,300.0,3.356,2.9857,25.8535,2.8203,0.94633
RPC_US06,393,0.0777,discharge,-8.489,2.0,2.0,,300.0,3.2225,2.9281,34.6802,2.8203,0.94633
RPC_US06,393,0.0777,discharge,-8.489,10.0,8.61,,300.0,3.2225,2.4993,85.1926,2.8203,0.94633
RPC_US06,393,0.0638,discharge,-5.637,2.0,1.0,,300.0,3.0951,2.9115,32.5691,2.8203,0.94633
RPC_US06,393,0.0638,discharge,-5.637,10.0,9.01,,300.0,3.0951,2.532,99.8891,2.8203,0.94633
RPC_US06,393,0.9973,discharge,-29.501,2.0,2.0,,1717.3,4.1727,3.7554,14.1455,2.8203,0.94633
RPC_US06,393,0.9973,discharge,-29.501,10.0,9.0,,1717.3,4.1727,3.6976,16.1048,2.8203,0.94633
RPC_US06,393,0.9503,discharge,-29.84,2.0,2.0,,300.0,4.0919,3.7236,12.3425,2.8203,0.94633
RPC_US06,393,0.9503,discharge,-29.84,10.0,9.0,,300.0,4.0919,3.6722,14.065,2.8203,0.94633
RPC_US06,393,0.9033,discharge,-29.765,2.0,2.0,,300.0,4.0744,3.7195,11.9232,2.8203,0.94633
RPC_US06,393,0.9033,discharge,-29.765,10.0,9.0,,300.0,4.0744,3.6497,14.2682,2.8203,0.94633
RPC_US06,393,0.8093,discharge,-29.741,2.0,2.0,,300.0,4.0136,3.6529,12.128,2.8203,0.94633
RPC_US06,393,0.8093,discharge,-29.741,10.0,9.0,,300.0,4.0136,3.5727,14.8247,2.8203,0.94633
RPC_US06,393,0.7152,discharge,-29.76,2.0,2.0,,300.0,3.9179,3.5706,11.6702,2.8203,0.94633
RPC_US06,393,0.7152,discharge,-29.76,10.0,9.0,,300.0,3.9179,3.5014,13.9955,2.8203,0.94633
RPC_US06,393,0.6212,discharge,-29.733,2.0,2.0,,300.0,3.8362,3.497,11.4084,2.8203,0.94633
RPC_US06,393,0.6212,discharge,-29.733,10.0,9.0,,300.0,3.8362,3.4229,13.9006,2.8203,0.94633
RPC_US06,393,0.5271,discharge,-29.707,2.0,2.0,,300.0,3.7301,3.3956,11.26,2.8203,0.94633
RPC_US06,393,0.5271,discharge,-29.707,10.0,9.0,,300.0,3.7301,3.315,13.9731,2.8203,0.94633
RPC_US06,393,0.4331,discharge,-29.68,2.0,2.0,,300.0,3.649,3.3141,11.2837,2.8203,0.94633
RPC_US06,393,0.4331,discharge,-29.68,10.0,9.0,,300.0,3.649,3.2277,14.1947,2.8203,0.94633
RPC_US06,393,0.3391,discharge,-29.631,2.0,2.0,,300.0,3.5878,3.2458,11.542,2.8203,0.94633
RPC_US06,393,0.3391,discharge,-29.631,10.0,9.0,,300.0,3.5878,3.1487,14.8189,2.8203,0.94633
RPC_US06,393,0.2451,discharge,-29.533,2.0,2.0,,300.0,3.5071,3.1406,12.4098,2.8203,0.94633
RPC_US06,393,0.2451,discharge,-29.533,10.0,9.0,,300.0,3.5071,3.0208,16.4663,2.8203,0.94633
RPC_US06,393,0.1982,discharge,-28.968,2.0,1.0,,300.0,3.4468,3.0905,12.3,2.8203,0.94633
RPC_US06,393,0.1982,discharge,-28.968,10.0,9.0,,300.0,3.4468,2.8472,20.6991,2.8203,0.94633
RPC_US06,393,0.1518,discharge,-22.757,2.0,2.0,,300.0,3.402,3.0199,16.7908,2.8203,0.94633
RPC_US06,393,0.1518,discharge,-22.757,10.0,9.0,,300.0,3.402,2.561,36.9565,2.8203,0.94633
RPC_US06,393,0.1055,discharge,-13.798,2.0,2.0,,300.0,3.3552,3.0001,25.7356,2.8203,0.94633
RPC_US06,393,0.1055,discharge,-13.798,10.0,8.52,,300.0,3.3552,2.4993,62.0307,2.8203,0.94633
RPC_US06,393,0.0778,discharge,-7.953,2.0,1.0,,300.0,3.2204,2.9968,28.1161,2.8203,0.94633
RPC_US06,393,0.0778,discharge,-7.953,10.0,9.0,,300.0,3.2204,2.5274,87.1397,2.8203,0.94633
RPC_US06,393,0.0638,discharge,-5.659,2.0,2.0,,300.0,3.0926,2.8617,40.7997,2.8203,0.94633
RPC_US06,393,0.0638,discharge,-5.659,10.0,9.0,,300.0,3.0926,2.5177,101.5841,2.8203,0.94633
RPC_US06,393,0.9973,discharge,-29.826,2.0,1.0,,1718.7,4.1726,3.7702,13.4916,2.8203,0.94633
RPC_US06,393,0.9973,discharge,-29.826,10.0,9.0,,1718.7,4.1726,3.6928,16.0866,2.8203,0.94633
RPC_US06,393,0.9503,discharge,-29.841,2.0,2.0,,300.0,4.0919,3.7236,12.3421,2.8203,0.94633
RPC_US06,393,0.9503,discharge,-29.841,10.0,9.0,,300.0,4.0919,3.672,14.0712,2.8203,0.94633
RPC_US06,393,0.9033,discharge,-29.77,2.0,2.0,,300.0,4.0746,3.7193,11.935,2.8203,0.94633
RPC_US06,393,0.9033,discharge,-29.77,10.0,9.0,,300.0,4.0746,3.6493,14.2864,2.8203,0.94633
RPC_US06,393,0.8093,discharge,-29.743,2.0,2.0,,300.0,4.0134,3.6526,12.1306,2.8203,0.94633
RPC_US06,393,0.8093,discharge,-29.743,10.0,9.0,,300.0,4.0134,3.5722,14.8337,2.8203,0.94633
RPC_US06,393,0.7152,discharge,-29.764,2.0,2.0,,300.0,3.918,3.5701,11.6888,2.8203,0.94633
RPC_US06,393,0.7152,discharge,-29.764,10.0,9.0,,300.0,3.918,3.501,14.0104,2.8203,0.94633
RPC_US06,393,0.6211,discharge,-29.736,2.0,1.0,,300.0,3.836,3.5131,10.8591,2.8203,0.94633
RPC_US06,393,0.6211,discharge,-29.736,10.0,9.0,,300.0,3.836,3.4226,13.9026,2.8203,0.94633
RPC_US06,393,0.5271,discharge,-29.711,2.0,2.0,,300.0,3.7299,3.395,11.2721,2.8203,0.94633
RPC_US06,393,0.5271,discharge,-29.711,10.0,9.0,,300.0,3.7299,3.3145,13.9816,2.8203,0.94633
RPC_US06,393,0.4331,discharge,-29.684,2.0,2.0,,300.0,3.6489,3.3139,11.2854,2.8203,0.94633
RPC_US06,393,0.4331,discharge,-29.684,10.0,9.0,,300.0,3.6489,3.2273,14.2027,2.8203,0.94633
RPC_US06,393,0.3391,discharge,-29.637,2.0,2.0,,300.0,3.5878,3.2453,11.5567,2.8203,0.94633
RPC_US06,393,0.3391,discharge,-29.637,10.0,9.0,,300.0,3.5878,3.1481,14.8364,2.8203,0.94633
RPC_US06,393,0.2451,discharge,-29.544,2.0,2.0,,300.0,3.5071,3.14,12.4255,2.8203,0.94633
RPC_US06,393,0.2451,discharge,-29.544,10.0,9.0,,300.0,3.5071,3.0192,16.5144,2.8203,0.94633
RPC_US06,393,0.1982,discharge,-28.849,2.0,2.0,,300.0,3.4467,3.0618,13.3421,2.8203,0.94633
RPC_US06,393,0.1982,discharge,-28.849,10.0,9.0,,300.0,3.4467,2.8472,20.781,2.8203,0.94633
RPC_US06,393,0.1518,discharge,-22.809,2.0,2.0,,300.0,3.402,3.0169,16.8837,2.8203,0.94633
RPC_US06,393,0.1518,discharge,-22.809,10.0,9.0,,300.0,3.402,2.5499,37.3581,2.8203,0.94633
RPC_US06,393,0.1056,discharge,-13.065,2.0,2.0,,300.0,3.3553,3.0187,25.7635,2.8203,0.94633
RPC_US06,393,0.1056,discharge,-13.065,10.0,9.0,,300.0,3.3553,2.5193,63.9878,2.8203,0.94633
RPC_US06,393,0.0778,discharge,-7.966,2.0,2.0,,300.0,3.221,2.9419,35.0371,2.8203,0.94633
RPC_US06,393,0.0778,discharge,-7.966,10.0,9.0,,300.0,3.221,2.5208,87.9002,2.8203,0.94633
RPC_US06,393,0.0638,discharge,-5.663,2.0,2.0,,300.0,3.0934,2.8613,40.9857,2.8203,0.94633
RPC_US06,393,0.0638,discharge,-5.663,10.0,9.0,,300.0,3.0934,2.5141,102.2965,2.8203,0.94633
RPC_US06,393,0.9535,charge,3.795,2.0,2.0,,300.0,4.0917,4.1501,15.3895,2.8203,0.94633
RPC_US06,393,0.9535,charge,3.795,10.0,9.0,,300.0,4.0917,4.1501,15.3895,2.8203,0.94633
RPC_US06,393,0.9066,charge,5.495,2.0,2.0,,300.0,4.0745,4.1502,13.7765,2.8203,0.94633
RPC_US06,393,0.9066,charge,5.495,10.0,9.0,,300.0,4.0745,4.1501,13.7583,2.8203,0.94633
RPC_US06,393,0.8132,charge,9.781,2.0,2.0,,300.0,4.0128,4.1502,14.0474,2.8203,0.94633
RPC_US06,393,0.8132,charge,9.781,10.0,9.0,,300.0,4.0128,4.1501,14.0372,2.8203,0.94633
RPC_US06,393,0.7193,charge,15.001,2.0,2.0,,300.0,3.9179,4.0899,11.4659,2.8203,0.94633
RPC_US06,393,0.7193,charge,15.001,10.0,9.0,,300.0,3.9179,4.1227,13.6524,2.8203,0.94633
RPC_US06,393,0.6252,charge,15.001,2.0,2.0,,300.0,3.8377,4.0166,11.9259,2.8203,0.94633
RPC_US06,393,0.6252,charge,15.001,10.0,9.0,,300.0,3.8377,4.0546,14.459,2.8203,0.94633
RPC_US06,393,0.5312,charge,15.001,2.0,1.0,,300.0,3.73,3.8918,10.7859,2.8203,0.94633
RPC_US06,393,0.5312,charge,15.001,10.0,9.0,,300.0,3.73,3.9356,13.7058,2.8203,0.94633
RPC_US06,393,0.4371,charge,15.001,2.0,2.0,,300.0,3.6491,3.8183,11.2792,2.8203,0.94633
RPC_US06,393,0.4371,charge,15.001,10.0,9.0,,300.0,3.6491,3.8523,13.5458,2.8203,0.94633
RPC_US06,393,0.3431,charge,15.001,2.0,2.0,,300.0,3.5879,3.76,11.4726,2.8203,0.94633
RPC_US06,393,0.3431,charge,15.001,10.0,9.0,,300.0,3.5879,3.7942,13.7524,2.8203,0.94633
RPC_US06,393,0.2491,charge,15.001,2.0,2.0,,300.0,3.5069,3.6854,11.8992,2.8203,0.94633
RPC_US06,393,0.2491,charge,15.001,10.0,9.0,,300.0,3.5069,3.7264,14.6324,2.8203,0.94633
RPC_US06,393,0.202,charge,15.001,2.0,2.0,,300.0,3.4469,3.6351,12.5458,2.8203,0.94633
RPC_US06,393,0.202,charge,15.001,10.0,9.0,,300.0,3.4469,3.6786,15.4456,2.8203,0.94633
RPC_US06,393,0.155,charge,15.001,2.0,2.0,,300.0,3.4019,3.5959,12.9325,2.8203,0.94633
RPC_US06,393,0.155,charge,15.001,10.0,9.0,,300.0,3.4019,3.6265,14.9723,2.8203,0.94633
RPC_US06,393,0.108,charge,15.001,2.0,2.0,,300.0,3.355,3.5792,14.9457,2.8203,0.94633
RPC_US06,393,0.108,charge,15.001,10.0,9.0,,300.0,3.355,3.6114,17.0922,2.8203,0.94633
RPC_US06,393,0.0798,charge,15.001,2.0,2.0,,300.0,3.2215,3.4892,17.8455,2.8203,0.94633
RPC_US06,393,0.0798,charge,15.001,10.0,9.0,,300.0,3.2215,3.5727,23.4118,2.8203,0.94633
RPC_US06,393,0.0657,charge,15.001,2.0,2.0,,300.0,3.0957,3.3907,19.6654,2.8203,0.94633
RPC_US06,393,0.0657,charge,15.001,10.0,9.0,,300.0,3.0957,3.5013,27.0382,2.8203,0.94633
RPC_US06,393,0.9533,charge,3.459,2.0,2.0,,300.1,4.0917,4.1386,13.558,2.8203,0.94633
RPC_US06,393,0.9533,charge,3.459,10.0,9.0,,300.1,4.0917,4.1485,16.42,2.8203,0.94633
RPC_US06,393,0.9064,charge,5.145,2.0,2.0,,300.1,4.0743,4.1392,12.6147,2.8203,0.94633
RPC_US06,393,0.9064,charge,5.145,10.0,9.0,,300.1,4.0743,4.1492,14.5584,2.8203,0.94633
RPC_US06,393,0.8127,charge,8.842,2.0,2.0,,300.1,4.0127,4.1225,12.4184,2.8203,0.94633
RPC_US06,393,0.8127,charge,8.842,10.0,9.0,,300.1,4.0127,4.1462,15.0989,2.8203,0.94633
RPC_US06,393,0.7193,charge,15.049,2.0,2.0,,300.1,3.9179,4.0918,11.556,2.8203,0.94633
RPC_US06,393,0.7193,charge,15.049,10.0,9.0,,300.1,3.9179,4.1234,13.6558,2.8203,0.94633
RPC_US06,393,0.6253,charge,15.052,2.0,2.0,,300.1,3.8377,4.0188,12.032,2.8203,0.94633
RPC_US06,393,0.6253,charge,15.052,10.0,9.0,,300.1,3.8377,4.0552,14.4504,2.8203,0.94633
RPC_US06,393,0.5312,charge,15.054,2.0,2.0,,300.1,3.73,3.9017,11.4056,2.8203,0.94633
RPC_US06,393,0.5312,charge,15.054,10.0,9.0,,300.1,3.73,3.9361,13.6907,2.8203,0.94633
RPC_US06,393,0.4372,charge,15.053,2.0,2.0,,300.1,3.6491,3.8202,11.3669,2.8203,0.94633
RPC_US06,393,0.4372,charge,15.053,10.0,9.0,,300.1,3.6491,3.853,13.5459,2.8203,0.94633
RPC_US06,393,0.3431,charge,15.051,2.0,2.0,,300.1,3.588,3.762,11.5607,2.8203,0.94633
RPC_US06,393,0.3431,charge,15.051,10.0,9.0,,300.1,3.588,3.7947,13.7333,2.8203,0.94633
RPC_US06,393,0.2491,charge,15.069,2.0,2.0,,300.1,3.5068,3.6877,12.0048,2.8203,0.94633
RPC_US06,393,0.2491,charge,15.069,10.0,9.0,,300.1,3.5068,3.7272,14.6261,2.8203,0.94633
RPC_US06,393,0.2021,charge,15.073,2.0,2.0,,300.1,3.447,3.6379,12.6655,2.8203,0.94633
RPC_US06,393,0.2021,charge,15.073,10.0,9.0,,300.1,3.447,3.6795,15.4254,2.8203,0.94633
RPC_US06,393,0.1551,charge,15.05,2.0,2.0,,300.1,3.4019,3.5979,13.0237,2.8203,0.94633
RPC_US06,393,0.1551,charge,15.05,10.0,9.0,,300.1,3.4019,3.6272,14.9706,2.8203,0.94633
RPC_US06,393,0.1081,charge,15.049,2.0,2.0,,300.1,3.3551,3.5815,15.0442,2.8203,0.94633
RPC_US06,393,0.1081,charge,15.049,10.0,9.0,,300.1,3.3551,3.6121,17.0775,2.8203,0.94633
RPC_US06,393,0.0799,charge,15.131,2.0,2.0,,300.1,3.2222,3.496,18.0947,2.8203,0.94633
RPC_US06,393,0.0799,charge,15.131,10.0,9.0,,300.1,3.2222,3.575,23.3156,2.8203,0.94633
RPC_US06,393,0.0658,charge,15.181,2.0,2.0,,300.1,3.0969,3.4007,20.0119,2.8203,0.94633
RPC_US06,393,0.0658,charge,15.181,10.0,9.0,,300.1,3.0969,3.5056,26.9218,2.8203,0.94633
RPC_US06,522,0.9973,discharge,-30.0,2.0,2.0,,4211.1,4.1597,3.7084,15.0433,2.7835,0.934
RPC_US06,522,0.9973,discharge,-30.0,10.0,9.0,,4211.1,4.1597,3.6604,16.6433,2.7835,0.934
RPC_US06,522,0.9727,charge,3.488,2.0,2.0,,60.0,4.0936,4.1502,16.2266,2.7835,0.934
RPC_US06,522,0.9727,charge,3.488,10.0,9.0,,60.0,4.0936,4.1499,16.1406,2.7835,0.934
RPC_US06,522,0.9509,discharge,-30.0,2.0,2.0,,3600.0,4.0945,3.6822,13.7433,2.7835,0.934
RPC_US06,522,0.9509,discharge,-30.0,10.0,9.0,,3600.0,4.0945,3.6358,15.29,2.7835,0.934
RPC_US06,522,0.9265,charge,5.315,2.0,2.0,,60.0,4.0734,4.15,14.4115,2.7835,0.934
RPC_US06,522,0.9265,charge,5.315,10.0,9.0,,60.0,4.0734,4.15,14.4115,2.7835,0.934
RPC_US06,522,0.9044,discharge,-30.0,2.0,2.0,,3600.0,4.0779,3.6784,13.3167,2.7835,0.934
RPC_US06,522,0.9044,discharge,-30.0,10.0,9.0,,3600.0,4.0779,3.6194,15.2833,2.7835,0.934
RPC_US06,522,0.8802,charge,6.122,2.0,2.0,,60.0,4.0623,4.1502,14.3571,2.7835,0.934
RPC_US06,522,0.8802,charge,6.122,10.0,9.0,,60.0,4.0623,4.15,14.3244,2.7835,0.934
RPC_US06,522,0.8116,discharge,-30.0,2.0,2.0,,3600.0,4.0257,3.6268,13.2967,2.7835,0.934
RPC_US06,522,0.8116,discharge,-30.0,10.0,9.0,,3600.0,4.0257,3.5515,15.8067,2.7835,0.934
RPC_US06,522,0.788,charge,12.288,2.0,2.0,,60.0,3.9717,4.1504,14.5426,2.7835,0.934
RPC_US06,522,0.788,charge,12.288,10.0,9.0,,60.0,3.9717,4.1501,14.5182,2.7835,0.934
RPC_US06,522,0.7188,discharge,-30.0,2.0,2.0,,3600.0,3.9238,3.5422,12.72,2.7835,0.934
RPC_US06,522,0.7188,discharge,-30.0,10.0,9.0,,3600.0,3.9238,3.4785,14.8433,2.7835,0.934
RPC_US06,522,0.6952,charge,15.0,2.0,2.0,,60.0,3.8791,4.0591,12.0,2.7835,0.934
RPC_US06,522,0.6952,charge,15.0,10.0,9.0,,60.0,3.8791,4.1027,14.9067,2.7835,0.934
RPC_US06,522,0.626,discharge,-30.0,2.0,2.0,,3600.0,3.8554,3.4744,12.7,2.7835,0.934
RPC_US06,522,0.626,discharge,-30.0,10.0,9.0,,3600.0,3.8554,3.4034,15.0667,2.7835,0.934
RPC_US06,522,0.6024,charge,15.001,2.0,2.0,,60.0,3.7952,3.9702,11.6659,2.7835,0.934
RPC_US06,522,0.6024,charge,15.001,10.0,9.0,,60.0,3.7952,4.0141,14.5924,2.7835,0.934
RPC_US06,522,0.5332,discharge,-30.0,2.0,2.0,,3600.0,3.7404,3.3747,12.19,2.7835,0.934
RPC_US06,522,0.5332,discharge,-30.0,10.0,9.0,,3600.0,3.7404,3.2992,14.7067,2.7835,0.934
RPC_US06,522,0.5096,charge,15.001,2.0,2.0,,60.0,3.7025,3.8778,11.6859,2.7835,0.934
RPC_US06,522,0.5096,charge,15.001,10.0,9.0,,60.0,3.7025,3.9165,14.2657,2.7835,0.934
RPC_US06,522,0.4404,discharge,-30.0,2.0,2.0,,3600.0,3.6593,3.2929,12.2133,2.7835,0.934
RPC_US06,522,0.4404,discharge,-30.0,10.0,9.0,,3600.0,3.6593,3.2132,14.87,2.7835,0.934
RPC_US06,522,0.4167,charge,15.0,2.0,2.0,,60.0,3.6239,3.7994,11.7,2.7835,0.934
RPC_US06,522,0.4167,charge,15.0,10.0,9.0,,60.0,3.6239,3.839,14.34,2.7835,0.934
RPC_US06,522,0.3476,discharge,-30.0,2.0,2.0,,3600.0,3.6017,3.2238,12.5967,2.7835,0.934
RPC_US06,522,0.3476,discharge,-30.0,10.0,9.0,,3600.0,3.6017,3.1331,15.62,2.7835,0.934
RPC_US06,522,0.3239,charge,15.0,2.0,2.0,,60.0,3.5591,3.7374,11.8867,2.7835,0.934
RPC_US06,522,0.3239,charge,15.0,10.0,9.0,,60.0,3.5591,3.7813,14.8133,2.7835,0.934
RPC_US06,522,0.2547,discharge,-30.0,2.0,2.0,,3600.0,3.5197,3.1064,13.7767,2.7835,0.934
RPC_US06,522,0.2547,discharge,-30.0,10.0,9.0,,3600.0,3.5197,2.9936,17.5367,2.7835,0.934
RPC_US06,522,0.2311,charge,15.0,2.0,2.0,,60.0,3.4706,3.661,12.6933,2.7835,0.934
RPC_US06,522,0.2311,charge,15.0,10.0,9.0,,60.0,3.4706,3.7055,15.66,2.7835,0.934
RPC_US06,522,0.2083,discharge,-30.0,2.0,2.0,,3600.0,3.4605,3.0098,15.0233,2.7835,0.934
RPC_US06,522,0.2083,discharge,-30.0,10.0,9.0,,3600.0,3.4605,2.8296,21.03,2.7835,0.934
RPC_US06,522,0.1847,charge,15.0,2.0,2.0,,60.0,3.419,3.61,12.7333,2.7835,0.934
RPC_US06,522,0.1847,charge,15.0,10.0,9.0,,60.0,3.419,3.6434,14.96,2.7835,0.934
RPC_US06,522,0.1619,discharge,-30.0,2.0,2.0,,3600.0,3.4157,2.8179,19.9267,2.7835,0.934
RPC_US06,522,0.1619,discharge,-30.0,10.0,9.0,,3600.0,3.4157,2.5497,28.8667,2.7835,0.934
RPC_US06,522,0.1399,charge,15.0,2.0,2.0,,60.0,3.3851,3.5881,13.5333,2.7835,0.934
RPC_US06,522,0.1399,charge,15.0,10.0,9.0,,60.0,3.3851,3.6186,15.5667,2.7835,0.934
RPC_US06,522,0.1155,discharge,-13.552,2.0,2.0,,3600.0,3.3807,2.5485,61.4079,2.7835,0.934
RPC_US06,522,0.1155,discharge,-13.552,10.0,9.0,,3600.0,3.3807,2.5499,61.3046,2.7835,0.934
RPC_US06,522,0.1035,charge,15.0,2.0,2.0,,60.0,3.322,3.5667,16.3133,2.7835,0.934
RPC_US06,522,0.1035,charge,15.0,10.0,9.0,,60.0,3.322,3.611,19.2667,2.7835,0.934
RPC_US06,522,0.0877,discharge,-7.887,2.0,2.0,,3600.0,3.2836,2.5493,93.1014,2.7835,0.934
RPC_US06,522,0.0877,discharge,-7.887,10.0,9.0,,3600.0,3.2836,2.5499,93.0253,2.7835,0.934
RPC_US06,522,0.0811,charge,15.0,2.0,2.0,,60.0,3.1908,3.4765,19.0467,2.7835,0.934
RPC_US06,522,0.0811,charge,15.0,10.0,9.0,,60.0,3.1908,3.5681,25.1533,2.7835,0.934
RPC_US06,522,0.074,discharge,-5.903,2.0,2.0,,3600.0,3.1913,2.5495,108.7189,2.7835,0.934
RPC_US06,522,0.074,discharge,-5.903,10.0,9.0,,3600.0,3.1913,2.55,108.6342,2.7835,0.934
RPC_US06,522,0.0695,charge,15.0,2.0,2.0,,60.0,3.0921,3.4044,20.82,2.7835,0.934
RPC_US06,522,0.0695,charge,15.0,10.0,9.0,,60.0,3.0921,3.5159,28.2533,2.7835,0.934
RPC_US06,522,0.9973,discharge,-30.0,2.0,1.0,,1819.5,4.1696,3.7323,14.5767,2.7835,0.934
RPC_US06,522,0.9973,discharge,-30.0,10.0,9.0,,1819.5,4.1696,3.6648,16.8267,2.7835,0.934
RPC_US06,522,0.9509,discharge,-30.0,2.0,1.0,,300.0,4.0903,3.7077,12.7533,2.7835,0.934
RPC_US06,522,0.9509,discharge,-30.0,10.0,9.0,,300.0,4.0903,3.6466,14.79,2.7835,0.934
RPC_US06,522,0.9044,discharge,-30.0,2.0,2.0,,300.0,4.0738,3.6909,12.7633,2.7835,0.934
RPC_US06,522,0.9044,discharge,-30.0,10.0,9.0,,300.0,4.0738,3.6215,15.0767,2.7835,0.934
RPC_US06,522,0.8116,discharge,-30.0,2.0,2.0,,300.0,4.008,3.6234,12.82,2.7835,0.934
RPC_US06,522,0.8116,discharge,-30.0,10.0,9.0,,300.0,4.008,3.5488,15.3067,2.7835,0.934
RPC_US06,522,0.7188,discharge,-30.0,2.0,2.0,,300.0,3.9159,3.5473,12.2867,2.7835,0.934
RPC_US06,522,0.7188,discharge,-30.0,10.0,9.0,,300.0,3.9159,3.4811,14.4933,2.7835,0.934
RPC_US06,522,0.626,discharge,-30.0,2.0,1.0,,300.0,3.8338,3.489,11.4933,2.7835,0.934
RPC_US06,522,0.626,discharge,-30.0,10.0,9.0,,300.0,3.8338,3.4022,14.3867,2.7835,0.934
RPC_US06,522,0.5332,discharge,-30.0,2.0,2.0,,300.0,3.7283,3.3704,11.93,2.7835,0.934
RPC_US06,522,0.5332,discharge,-30.0,10.0,9.0,,300.0,3.7283,3.294,14.4767,2.7835,0.934
RPC_US06,522,0.4404,discharge,-30.0,2.0,2.0,,300.0,3.6479,3.2878,12.0033,2.7835,0.934
RPC_US06,522,0.4404,discharge,-30.0,10.0,9.0,,300.0,3.6479,3.2055,14.7467,2.7835,0.934
RPC_US06,522,0.3476,discharge,-30.0,2.0,2.0,,300.0,3.5866,3.2148,12.3933,2.7835,0.934
RPC_US06,522,0.3476,discharge,-30.0,10.0,9.01,,300.0,3.5866,3.1212,15.5133,2.7835,0.934
RPC_US06,522,0.2547,discharge,-30.0,2.0,2.0,,300.0,3.5074,3.0966,13.6933,2.7835,0.934
RPC_US06,522,0.2547,discharge,-30.0,10.0,9.0,,300.0,3.5074,2.9673,18.0033,2.7835,0.934
RPC_US06,522,0.2083,discharge,-30.0,2.0,2.0,,300.0,3.4488,2.9822,15.5533,2.7835,0.934
RPC_US06,522,0.2083,discharge,-30.0,10.0,9.0,,300.0,3.4488,2.7269,24.0633,2.7835,0.934
RPC_US06,522,0.1619,discharge,-23.758,2.0,2.0,,300.0,3.4013,2.6874,30.0495,2.7835,0.934
RPC_US06,522,0.1619,discharge,-23.758,10.0,9.0,,300.0,3.4013,2.5498,35.8413,2.7835,0.934
RPC_US06,522,0.1155,discharge,-11.399,2.0,2.0,,300.0,3.3608,2.5498,71.1435,2.7835,0.934
RPC_US06,522,0.1155,discharge,-11.399,10.0,9.0,,300.0,3.3608,2.55,71.1259,2.7835,0.934
RPC_US06,522,0.0879,discharge,-6.569,2.0,2.0,,300.0,3.2554,2.5498,107.421,2.7835,0.934
RPC_US06,522,0.0879,discharge,-6.569,10.0,9.0,,300.0,3.2554,2.55,107.3905,2.7835,0.934
RPC_US06,522,0.0744,discharge,-4.591,2.0,2.0,,300.0,3.1514,2.5498,131.0533,2.7835,0.934
RPC_US06,522,0.0744,discharge,-4.591,10.0,9.0,,300.0,3.1514,2.55,131.0097,2.7835,0.934
RPC_US06,522,0.9973,discharge,-29.847,2.0,2.0,,1200.1,4.1638,3.7183,14.9261,2.7835,0.934
RPC_US06,522,0.9973,discharge,-29.847,10.0,9.0,,1200.1,4.1638,3.6638,16.7521,2.7835,0.934
RPC_US06,522,0.9509,discharge,-29.821,2.0,2.0,,300.0,4.0889,3.6997,13.0514,2.7835,0.934
RPC_US06,522,0.9509,discharge,-29.821,10.0,9.0,,300.0,4.0889,3.6458,14.8589,2.7835,0.934
RPC_US06,522,0.9045,discharge,-29.736,2.0,2.0,,300.0,4.0732,3.6971,12.6478,2.7835,0.934
RPC_US06,522,0.9045,discharge,-29.736,10.0,9.0,,300.0,4.0732,3.6207,15.217,2.7835,0.934
RPC_US06,522,0.8117,discharge,-29.736,2.0,2.0,,300.0,4.0053,3.6283,12.6784,2.7835,0.934
RPC_US06,522,0.8117,discharge,-29.736,10.0,9.0,,300.0,4.0053,3.5478,15.3857,2.7835,0.934
RPC_US06,522,0.7189,discharge,-29.744,2.0,2.0,,300.0,3.9142,3.5521,12.1739,2.7835,0.934
RPC_US06,522,0.7189,discharge,-29.744,10.0,9.0,,300.0,3.9142,3.4799,14.6013,2.7835,0.934
RPC_US06,522,0.6261,discharge,-29.73,2.0,1.0,,300.0,3.8298,3.494,11.2948,2.7835,0.934
RPC_US06,522,0.6261,discharge,-29.73,10.0,9.01,,300.0,3.8298,3.3998,14.4633,2.7835,0.934
RPC_US06,522,0.5333,discharge,-29.697,2.0,2.0,,300.0,3.7255,3.3758,11.7756,2.7835,0.934
RPC_US06,522,0.5333,discharge,-29.697,10.0,9.0,,300.0,3.7255,3.2922,14.5907,2.7835,0.934
RPC_US06,522,0.4405,discharge,-29.652,2.0,2.0,,300.0,3.646,3.2953,11.827,2.7835,0.934
RPC_US06,522,0.4405,discharge,-29.652,10.0,9.0,,300.0,3.646,3.2049,14.8756,2.7835,0.934
RPC_US06,522,0.3477,discharge,-29.582,2.0,2.0,,300.0,3.5849,3.224,12.2,2.7835,0.934
RPC_US06,522,0.3477,discharge,-29.582,10.0,9.0,,300.0,3.5849,3.1204,15.7021,2.7835,0.934
RPC_US06,522,0.2549,discharge,-29.353,2.0,2.0,,300.0,3.5039,3.1101,13.416,2.7835,0.934
RPC_US06,522,0.2549,discharge,-29.353,10.0,9.0,,300.0,3.5039,2.9625,18.4445,2.7835,0.934
RPC_US06,522,0.2087,discharge,-28.319,2.0,1.0,,300.0,3.4441,3.0603,13.553,2.7835,0.934
RPC_US06,522,0.2087,discharge,-28.319,10.0,9.0,,300.0,3.4441,2.7277,25.298,2.7835,0.934
RPC_US06,522,0.1633,discharge,-16.139,2.0,2.0,,300.0,3.3989,3.086,19.3872,2.7835,0.934
RPC_US06,522,0.1633,discharge,-16.139,10.0,9.0,,300.0,3.3989,2.7804,38.3221,2.7835,0.934
RPC_US06,522,0.1176,discharge,-7.878,2.0,2.0,,300.0,3.3539,3.1149,30.3359,2.7835,0.934
RPC_US06,522,0.1176,discharge,-7.878,10.0,9.0,,300.0,3.3539,2.8507,63.8704,2.7835,0.934
RPC_US06,522,0.09,discharge,-4.581,2.0,2.0,,300.0,3.2282,3.0455,39.8821,2.7835,0.934
RPC_US06,522,0.09,discharge,-4.581,10.0,9.0,,300.0,3.2282,2.836,85.6145,2.7835,0.934
RPC_US06,522,0.0762,discharge,-3.257,2.0,2.0,,300.0,3.1084,2.9594,45.7427,2.7835,0.934
RPC_US06,522,0.0762,discharge,-3.257,10.0,9.0,,300.0,3.1084,2.7918,97.1956,2.7835,0.934
RPC_US06,522,0.9973,discharge,-29.842,2.0,1.0,,1818.2,4.1694,3.738,14.4561,2.7835,0.934
RPC_US06,522,0.9973,discharge,-29.842,10.0,9.0,,1818.2,4.1694,3.6643,16.9258,2.7835,0.934
RPC_US06,522,0.9509,discharge,-29.822,2.0,1.0,,300.0,4.0902,3.7125,12.6649,2.7835,0.934
RPC_US06,522,0.9509,discharge,-29.822,10.0,9.0,,300.0,4.0902,3.6461,14.8914,2.7835,0.934
RPC_US06,522,0.9045,discharge,-29.731,2.0,2.0,,300.0,4.0739,3.697,12.677,2.7835,0.934
RPC_US06,522,0.9045,discharge,-29.731,10.0,9.0,,300.0,4.0739,3.6216,15.2131,2.7835,0.934
RPC_US06,522,0.8117,discharge,-29.718,2.0,2.0,,300.0,4.0078,3.6305,12.6962,2.7835,0.934
RPC_US06,522,0.8117,discharge,-29.718,10.0,9.0,,300.0,4.0078,3.5495,15.4219,2.7835,0.934
RPC_US06,522,0.7189,discharge,-29.73,2.0,2.0,,300.0,3.9158,3.5536,12.183,2.7835,0.934
RPC_US06,522,0.7189,discharge,-29.73,10.0,9.0,,300.0,3.9158,3.4816,14.6048,2.7835,0.934
RPC_US06,522,0.6261,discharge,-29.703,2.0,2.0,,300.0,3.8334,3.4799,11.9014,2.7835,0.934
RPC_US06,522,0.6261,discharge,-29.703,10.0,9.0,,300.0,3.8334,3.4028,14.4971,2.7835,0.934
RPC_US06,522,0.5333,discharge,-29.672,2.0,2.0,,300.0,3.728,3.3786,11.7756,2.7835,0.934
RPC_US06,522,0.5333,discharge,-29.672,10.0,9.0,,300.0,3.728,3.2951,14.5898,2.7835,0.934
RPC_US06,522,0.4404,discharge,-29.634,2.0,2.0,,300.0,3.6477,3.2971,11.8308,2.7835,0.934
RPC_US06,522,0.4404,discharge,-29.634,10.0,9.0,,300.0,3.6477,3.2069,14.8746,2.7835,0.934
RPC_US06,522,0.3477,discharge,-29.56,2.0,2.0,,300.0,3.5865,3.2263,12.1854,2.7835,0.934
RPC_US06,522,0.3477,discharge,-29.56,10.0,9.0,,300.0,3.5865,3.1231,15.6766,2.7835,0.934
RPC_US06,522,0.2549,discharge,-29.291,2.0,2.0,,300.0,3.5069,3.1151,13.3759,2.7835,0.934
RPC_US06,522,0.2549,discharge,-29.291,10.0,9.0,,300.0,3.5069,2.9712,18.2886,2.7835,0.934
RPC_US06,522,0.2086,discharge,-28.155,2.0,2.0,,300.0,3.4482,3.0315,14.8,2.7835,0.934
RPC_US06,522,0.2086,discharge,-28.155,10.0,9.0,,300.0,3.4482,2.7558,24.592,2.7835,0.934
RPC_US06,522,0.1629,discharge,-21.867,2.0,2.0,,300.0,3.4006,2.9742,19.4997,2.7835,0.934
RPC_US06,522,0.1173,discharge,-12.326,2.0,2.0,,300.0,3.3588,2.9816,30.602,2.7835,0.934
RPC_US06,522,0.1173,discharge,-12.326,10.0,8.55,,300.0,3.3588,2.4996,69.7063,2.7835,0.934
RPC_US06,522,0.0898,discharge,-7.735,2.0,2.0,,300.0,3.2476,2.9328,40.7,2.7835,0.934
RPC_US06,522,0.0898,discharge,-7.735,10.0,8.67,,300.0,3.2476,2.4996,96.7077,2.7835,0.934
RPC_US06,522,0.076,discharge,-5.611,2.0,2.0,,300.0,3.1378,2.8739,47.0288,2.7835,0.934
RPC_US06,522,0.076,discharge,-5.611,10.0,8.83,,300.0,3.1378,2.4995,113.7496,2.7835,0.934
RPC_US06,522,0.9973,discharge,-29.852,2.0,2.0,,1818.4,4.1695,3.7181,15.1213,2.7835,0.934
RPC_US06,522,0.9973,discharge,-29.852,10.0,9.0,,1818.4,4.1695,3.6631,16.9637,2.7835,0.934
RPC_US06,522,0.9509,discharge,-29.831,2.0,2.0,,300.0,4.0902,3.6982,13.1409,2.7835,0.934
RPC_US06,522,0.9509,discharge,-29.831,10.0,9.0,,300.0,4.0902,3.6451,14.921,2.7835,0.934
RPC_US06,522,0.9045,discharge,-29.739,2.0,2.0,,300.0,4.0736,3.6962,12.6902,2.7835,0.934
RPC_US06,522,0.9045,discharge,-29.739,10.0,9.0,,300.0,4.0736,3.6206,15.2323,2.7835,0.934
RPC_US06,522,0.8117,discharge,-29.727,2.0,2.0,,300.0,4.0075,3.6296,12.7121,2.7835,0.934
RPC_US06,522,0.8117,discharge,-29.727,10.0,9.0,,300.0,4.0075,3.5486,15.4369,2.7835,0.934
RPC_US06,522,0.7189,discharge,-29.736,2.0,2.0,,300.0,3.9158,3.5529,12.2039,2.7835,0.934
RPC_US06,522,0.7189,discharge,-29.736,10.0,9.0,,300.0,3.9158,3.4807,14.6318,2.7835,0.934
RPC_US06,522,0.6261,discharge,-29.71,2.0,2.0,,300.0,3.8332,3.4792,11.915,2.7835,0.934
RPC_US06,522,0.6261,discharge,-29.71,10.0,9.0,,300.0,3.8332,3.4019,14.5168,2.7835,0.934
RPC_US06,522,0.5333,discharge,-29.68,2.0,2.0,,300.0,3.7278,3.3776,11.7994,2.7835,0.934
RPC_US06,522,0.5333,discharge,-29.68,10.0,9.0,,300.0,3.7278,3.2941,14.6128,2.7835,0.934
RPC_US06,522,0.4405,discharge,-29.643,2.0,2.0,,300.0,3.6477,3.2964,11.851,2.7835,0.934
RPC_US06,522,0.4405,discharge,-29.643,10.0,9.0,,300.0,3.6477,3.2061,14.8973,2.7835,0.934
RPC_US06,522,0.3477,discharge,-29.572,2.0,2.0,,300.0,3.5865,3.2253,12.2145,2.7835,0.934
RPC_US06,522,0.3477,discharge,-29.572,10.0,9.0,,300.0,3.5865,3.1218,15.7145,2.7835,0.934
RPC_US06,522,0.2549,discharge,-29.315,2.0,2.0,,300.0,3.5065,3.1135,13.4061,2.7835,0.934
RPC_US06,522,0.2549,discharge,-29.315,10.0,9.0,,300.0,3.5065,2.9681,18.366,2.7835,0.934
RPC_US06,522,0.2086,discharge,-28.497,2.0,2.0,,300.0,3.4476,3.0244,14.8507,2.7835,0.934
RPC_US06,522,0.2086,discharge,-28.497,10.0,9.0,,300.0,3.4476,2.737,24.936,2.7835,0.934
RPC_US06,522,0.163,discharge,-20.776,2.0,1.0,,300.0,3.4005,3.052,16.7746,2.7835,0.934
RPC_US06,522,0.163,discharge,-20.776,10.0,9.0,,300.0,3.4005,2.5102,42.8534,2.7835,0.934
RPC_US06,522,0.1173,discharge,-11.687,2.0,2.0,,300.0,3.3585,2.9992,30.7436,2.7835,0.934
RPC_US06,522,0.1173,discharge,-11.687,10.0,9.0,,300.0,3.3585,2.5166,72.0373,2.7835,0.934
RPC_US06,522,0.0898,discharge,-7.268,2.0,2.0,,300.0,3.2459,2.949,40.8509,2.7835,0.934
RPC_US06,522,0.0898,discharge,-7.268,10.0,9.0,,300.0,3.2459,2.5273,98.8731,2.7835,0.934
RPC_US06,522,0.0761,discharge,-5.208,2.0,2.0,,300.0,3.135,2.8894,47.1541,2.7835,0.934
RPC_US06,522,0.0761,discharge,-5.208,10.0,9.0,,300.0,3.135,2.5429,113.6807,2.7835,0.934
RPC_US06,522,0.9973,discharge,-29.858,2.0,2.0,,1820.8,4.1693,3.7175,15.1316,2.7835,0.934
RPC_US06,522,0.9973,discharge,-29.858,10.0,9.0,,1820.8,4.1693,3.6625,16.9737,2.7835,0.934
RPC_US06,522,0.9509,discharge,-29.834,2.0,2.0,,300.0,4.0901,3.6974,13.1628,2.7835,0.934
RPC_US06,522,0.9509,discharge,-29.834,10.0,9.0,,300.0,4.0901,3.6446,14.9326,2.7835,0.934
RPC_US06,522,0.9045,discharge,-29.743,2.0,2.0,,300.0,4.0739,3.6957,12.7154,2.7835,0.934
RPC_US06,522,0.9045,discharge,-29.743,10.0,9.0,,300.0,4.0739,3.62,15.2605,2.7835,0.934
RPC_US06,522,0.8117,discharge,-29.73,2.0,2.0,,300.0,4.0074,3.6291,12.7243,2.7835,0.934
RPC_US06,522,0.8117,discharge,-29.73,10.0,9.0,,300.0,4.0074,3.5481,15.4488,2.7835,0.934
RPC_US06,522,0.7189,discharge,-29.741,2.0,2.0,,300.0,3.9157,3.5523,12.2188,2.7835,0.934
RPC_US06,522,0.7189,discharge,-29.741,10.0,9.0,,300.0,3.9157,3.4803,14.6397,2.7835,0.934
RPC_US06,522,0.6261,discharge,-29.716,2.0,2.0,,300.0,3.8329,3.4788,11.9161,2.7835,0.934
RPC_US06,522,0.6261,discharge,-29.716,10.0,9.0,,300.0,3.8329,3.4014,14.5208,2.7835,0.934
RPC_US06,522,0.5333,discharge,-29.684,2.0,2.0,,300.0,3.7277,3.3772,11.8079,2.7835,0.934
RPC_US06,522,0.5333,discharge,-29.684,10.0,9.0,,300.0,3.7277,3.2936,14.6243,2.7835,0.934
RPC_US06,522,0.4405,discharge,-29.648,2.0,2.0,,300.0,3.6474,3.2959,11.8558,2.7835,0.934
RPC_US06,522,0.4405,discharge,-29.648,10.0,9.0,,300.0,3.6474,3.2055,14.9049,2.7835,0.934
RPC_US06,522,0.3477,discharge,-29.577,2.0,2.0,,300.0,3.5862,3.2247,12.2223,2.7835,0.934
RPC_US06,522,0.3477,discharge,-29.577,10.0,9.0,,300.0,3.5862,3.1211,15.7251,2.7835,0.934
RPC_US06,522,0.2549,discharge,-29.33,2.0,2.0,,300.0,3.5064,3.1123,13.4368,2.7835,0.934
RPC_US06,522,0.2549,discharge,-29.33,10.0,9.0,,300.0,3.5064,2.9661,18.4214,2.7835,0.934
RPC_US06,522,0.2087,discharge,-28.417,2.0,2.0,,300.0,3.4472,3.0241,14.8887,2.7835,0.934
RPC_US06,522,0.2087,discharge,-28.417,10.0,9.0,,300.0,3.4472,2.7356,25.0409,2.7835,0.934
RPC_US06,522,0.163,discharge,-20.825,2.0,2.0,,300.0,3.4003,2.9905,19.6787,2.7835,0.934
RPC_US06,522,0.163,discharge,-20.825,10.0,9.0,,300.0,3.4003,2.4996,43.2519,2.7835,0.934
RPC_US06,522,0.1173,discharge,-11.71,2.0,2.0,,300.0,3.358,2.9964,30.8783,2.7835,0.934
RPC_US06,522,0.1173,discharge,-11.71,10.0,9.01,,300.0,3.358,2.5089,72.5076,2.7835,0.934
RPC_US06,522,0.0898,discharge,-7.281,2.0,2.0,,300.0,3.2448,2.9462,41.0094,2.7835,0.934
RPC_US06,522,0.0898,discharge,-7.281,10.0,9.0,,300.0,3.2448,2.5202,99.5159,2.7835,0.934
RPC_US06,522,0.0761,discharge,-5.217,2.0,2.0,,300.0,3.1338,2.8865,47.4036,2.7835,0.934
RPC_US06,522,0.0761,discharge,-5.217,10.0,9.0,,300.0,3.1338,2.5363,114.5316,2.7835,0.934
RPC_US06,522,0.9973,discharge,-29.86,2.0,1.0,,1822.2,4.1693,3.7358,14.5177,2.7835,0.934
RPC_US06,522,0.9973,discharge,-29.86,10.0,9.01,,1822.2,4.1693,3.6621,16.9859,2.7835,0.934
RPC_US06,522,0.9509,discharge,-29.837,2.0,2.0,,300.0,4.09,3.6973,13.1615,2.7835,0.934
RPC_US06,522,0.9509,discharge,-29.837,10.0,9.0,,300.0,4.09,3.6442,14.9412,2.7835,0.934
RPC_US06,522,0.9045,discharge,-29.746,2.0,2.0,,300.0,4.0737,3.6954,12.7177,2.7835,0.934
RPC_US06,522,0.9045,discharge,-29.746,10.0,9.0,,300.0,4.0737,3.6197,15.2626,2.7835,0.934
RPC_US06,522,0.8117,discharge,-29.735,2.0,2.0,,300.0,4.0073,3.6287,12.7325,2.7835,0.934
RPC_US06,522,0.8117,discharge,-29.735,10.0,9.0,,300.0,4.0073,3.5478,15.4532,2.7835,0.934
RPC_US06,522,0.7189,discharge,-29.745,2.0,2.0,,300.0,3.9155,3.5521,12.2174,2.7835,0.934
RPC_US06,522,0.7189,discharge,-29.745,10.0,9.0,,300.0,3.9155,3.48,14.6414,2.7835,0.934
RPC_US06,522,0.6261,discharge,-29.719,2.0,2.0,,300.0,3.8328,3.4783,11.9284,2.7835,0.934
RPC_US06,522,0.6261,discharge,-29.719,10.0,9.0,,300.0,3.8328,3.4009,14.5328,2.7835,0.934
RPC_US06,522,0.5333,discharge,-29.687,2.0,2.0,,300.0,3.7276,3.3769,11.8135,2.7835,0.934
RPC_US06,522,0.5333,discharge,-29.687,10.0,9.0,,300.0,3.7276,3.2933,14.6295,2.7835,0.934
RPC_US06,522,0.4405,discharge,-29.65,2.0,2.0,,300.0,3.6473,3.2957,11.8583,2.7835,0.934
RPC_US06,522,0.4405,discharge,-29.65,10.0,9.0,,300.0,3.6473,3.205,14.9174,2.7835,0.934
RPC_US06,522,0.3477,discharge,-29.579,2.0,2.0,,300.0,3.5862,3.2244,12.2314,2.7835,0.934
RPC_US06,522,0.3477,discharge,-29.579,10.0,9.0,,300.0,3.5862,3.1208,15.7339,2.7835,0.934
RPC_US06,522,0.2549,discharge,-29.338,2.0,2.0,,300.0,3.5063,3.1116,13.4533,2.7835,0.934
RPC_US06,522,0.2549,discharge,-29.338,10.0,9.0,,300.0,3.5063,2.9646,18.4638,2.7835,0.934
RPC_US06,522,0.2087,discharge,-28.444,2.0,2.0,,300.0,3.4472,3.0225,14.9311,2.7835,0.934
RPC_US06,522,0.2087,discharge,-28.444,10.0,9.0,,300.0,3.4472,2.731,25.1793,2.7835,0.934
RPC_US06,522,0.1631,discharge,-19.785,2.0,1.0,,300.0,3.4003,3.0654,16.9265,2.7835,0.934
RPC_US06,522,0.1631,discharge,-19.785,10.0,9.0,,300.0,3.4003,2.5646,42.238,2.7835,0.934
RPC_US06,522,0.1174,discharge,-11.22,2.0,2.0,,300.0,3.3577,3.0083,31.1408,2.7835,0.934
RPC_US06,522,0.1174,discharge,-11.22,10.0,9.0,,300.0,3.3577,2.5503,71.9608,2.7835,0.934
RPC_US06,522,0.0898,discharge,-7.302,2.0,2.0,,300.0,3.2437,2.9414,41.3996,2.7835,0.934
RPC_US06,522,0.0898,discharge,-7.302,10.0,9.0,,300.0,3.2437,2.5129,100.0822,2.7835,0.934
RPC_US06,522,0.0761,discharge,-5.227,2.0,2.0,,300.0,3.1321,2.8831,47.6386,2.7835,0.934
RPC_US06,522,0.0761,discharge,-5.227,10.0,9.0,,300.0,3.1321,2.5297,115.2511,2.7835,0.934
RPC_US06,522,0.9541,charge,3.592,2.0,2.0,,300.0,4.0897,4.15,16.7882,2.7835,0.934
RPC_US06,522,0.9541,charge,3.592,10.0,9.0,,300.0,4.0897,4.15,16.7882,2.7835,0.934
RPC_US06,522,0.9078,charge,5.159,2.0,2.0,,300.0,4.0733,4.1501,14.8852,2.7835,0.934
RPC_US06,522,0.9078,charge,5.159,10.0,9.0,,300.0,4.0733,4.1501,14.8852,2.7835,0.934
RPC_US06,522,0.8156,charge,9.649,2.0,2.0,,300.0,4.0065,4.1502,14.8922,2.7835,0.934
RPC_US06,522,0.8156,charge,9.649,10.0,9.0,,300.0,4.0065,4.15,14.8715,2.7835,0.934
RPC_US06,522,0.7229,charge,15.0,2.0,2.0,,300.0,3.9157,4.0961,12.0263,2.7835,0.934
RPC_US06,522,0.7229,charge,15.0,10.0,9.0,,300.0,3.9157,4.1297,14.2662,2.7835,0.934
RPC_US06,522,0.6301,charge,15.0,2.0,2.0,,300.0,3.8344,4.0217,12.4867,2.7835,0.934
RPC_US06,522,0.6301,charge,15.0,10.0,9.0,,300.0,3.8344,4.0617,15.1533,2.7835,0.934
RPC_US06,522,0.5373,charge,15.0,2.0,2.0,,300.0,3.7279,3.906,11.8733,2.7835,0.934
RPC_US06,522,0.5373,charge,15.0,10.0,9.0,,300.0,3.7279,3.9429,14.3333,2.7835,0.934
RPC_US06,522,0.4445,charge,15.001,2.0,2.0,,300.0,3.6478,3.8255,11.8459,2.7835,0.934
RPC_US06,522,0.4445,charge,15.001,10.0,9.0,,300.0,3.6478,3.8605,14.1791,2.7835,0.934
RPC_US06,522,0.3517,charge,15.0,2.0,2.0,,300.0,3.5865,3.7681,12.1067,2.7835,0.934
RPC_US06,522,0.3517,charge,15.0,10.0,9.0,,300.0,3.5865,3.8028,14.42,2.7835,0.934
RPC_US06,522,0.2589,charge,15.0,2.0,2.0,,300.0,3.5062,3.6958,12.64,2.7835,0.934
RPC_US06,522,0.2589,charge,15.0,10.0,9.0,,300.0,3.5062,3.7372,15.4,2.7835,0.934
RPC_US06,522,0.2125,charge,15.001,2.0,2.0,,300.0,3.4475,3.6489,13.4258,2.7835,0.934
RPC_US06,522,0.2125,charge,15.001,10.0,9.0,,300.0,3.4475,3.6924,16.3256,2.7835,0.934
RPC_US06,522,0.166,charge,15.0,2.0,2.0,,300.0,3.4001,3.6089,13.92,2.7835,0.934
RPC_US06,522,0.166,charge,15.0,10.0,9.0,,300.0,3.4001,3.6397,15.9733,2.7835,0.934
RPC_US06,522,0.1196,charge,15.0,2.0,2.0,,300.0,3.3574,3.5939,15.7667,2.7835,0.934
RPC_US06,522,0.1196,charge,15.0,10.0,9.0,,300.0,3.3574,3.6245,17.8067,2.7835,0.934
RPC_US06,522,0.0918,charge,15.0,2.0,2.0,,300.0,3.2444,3.5217,18.4867,2.7835,0.934
RPC_US06,522,0.0918,charge,15.0,10.0,9.0,,300.0,3.2444,3.5962,23.4533,2.7835,0.934
RPC_US06,522,0.0779,charge,15.001,2.0,1.0,,300.0,3.1344,3.4139,18.6321,2.7835,0.934
RPC_US06,522,0.0779,charge,15.001,10.0,9.0,,300.0,3.1344,3.5361,26.7782,2.7835,0.934
RPC_US06,522,0.9539,charge,3.289,2.0,2.0,,300.1,4.0897,4.1386,14.8695,2.7835,0.934
RPC_US06,522,0.9539,charge,3.289,10.0,9.0,,300.1,4.0897,4.1486,17.9104,2.7835,0.934
RPC_US06,522,0.9076,charge,4.835,2.0,2.0,,300.1,4.0733,4.1391,13.6078,2.7835,0.934
RPC_US06,522,0.9076,charge,4.835,10.0,9.0,,300.1,4.0733,4.1492,15.6966,2.7835,0.934
RPC_US06,522,0.8152,charge,8.712,2.0,2.0,,300.1,4.0062,4.121,13.1769,2.7835,0.934
RPC_US06,522,0.8152,charge,8.712,10.0,9.0,,300.1,4.0062,4.146,16.0465,2.7835,0.934
RPC_US06,522,0.723,charge,15.049,2.0,2.0,,300.1,3.9157,4.0981,12.1208,2.7835,0.934
RPC_US06,522,0.723,charge,15.049,10.0,9.0,,300.1,3.9157,4.1306,14.2805,2.7835,0.934
RPC_US06,522,0.6302,charge,15.054,2.0,2.0,,300.1,3.8343,4.0242,12.6146,2.7835,0.934
RPC_US06,522,0.6302,charge,15.054,10.0,9.0,,300.1,3.8343,4.0624,15.1521,2.7835,0.934
RPC_US06,522,0.5373,charge,15.054,2.0,2.0,,300.1,3.728,3.9084,11.9835,2.7835,0.934
RPC_US06,522,0.5373,charge,15.054,10.0,9.0,,300.1,3.728,3.9437,14.3284,2.7835,0.934
RPC_US06,522,0.4445,charge,15.053,2.0,2.0,,300.1,3.6479,3.8276,11.9378,2.7835,0.934
RPC_US06,522,0.4445,charge,15.053,10.0,9.0,,300.1,3.6479,3.8611,14.1633,2.7835,0.934
RPC_US06,522,0.3517,charge,15.051,2.0,2.0,,300.1,3.5864,3.7703,12.2185,2.7835,0.934
RPC_US06,522,0.3517,charge,15.051,10.0,9.0,,300.1,3.5864,3.8036,14.4309,2.7835,0.934
RPC_US06,522,0.2589,charge,15.067,2.0,2.0,,300.1,3.5061,3.6984,12.7626,2.7835,0.934
RPC_US06,522,0.2589,charge,15.067,10.0,9.0,,300.1,3.5061,3.7381,15.3974,2.7835,0.934
RPC_US06,522,0.2125,charge,15.072,2.0,2.0,,300.1,3.4476,3.6518,13.5488,2.7835,0.934
RPC_US06,522,0.2125,charge,15.072,10.0,9.0,,300.1,3.4476,3.6935,16.3156,2.7835,0.934
RPC_US06,522,0.1661,charge,15.05,2.0,2.0,,300.1,3.3999,3.611,14.027,2.7835,0.934
RPC_US06,522,0.1661,charge,15.05,10.0,9.0,,300.1,3.3999,3.6404,15.9806,2.7835,0.934
RPC_US06,522,0.1197,charge,15.047,2.0,2.0,,300.1,3.3573,3.5961,15.8703,2.7835,0.934
RPC_US06,522,0.1197,charge,15.047,10.0,9.0,,300.1,3.3573,3.625,17.7909,2.7835,0.934
RPC_US06,522,0.0919,charge,15.111,2.0,1.0,,300.1,3.2446,3.5114,17.6554,2.7835,0.934
RPC_US06,522,0.0919,charge,15.111,10.0,9.01,,300.1,3.2446,3.5978,23.3729,2.7835,0.934
RPC_US06,522,0.0779,charge,15.167,2.0,1.0,,300.1,3.1345,3.423,19.0216,2.7835,0.934
RPC_US06,522,0.0779,charge,15.167,10.0,9.0,,300.1,3.1345,3.5391,26.6763,2.7835,0.934
RPC_US06,641,0.9973,discharge,-30.0,2.0,2.0,,4275.5,4.1571,3.6778,15.9767,2.7609,0.92641
RPC_US06,641,0.9973,discharge,-30.0,10.0,9.0,,4275.5,4.1571,3.6323,17.4933,2.7609,0.92641
RPC_US06,641,0.9727,charge,3.389,2.0,2.0,,60.0,4.0913,4.15,17.3218,2.7609,0.92641
RPC_US06,641,0.9727,charge,3.389,10.0,9.0,,60.0,4.0913,4.15,17.3218,2.7609,0.92641
RPC_US06,641,0.9512,discharge,-30.0,2.0,2.0,,3600.0,4.0938,3.6548,14.6333,2.7609,0.92641
RPC_US06,641,0.9512,discharge,-30.0,10.0,9.0,,3600.0,4.0938,3.6095,16.1433,2.7609,0.92641
RPC_US06,641,0.9268,charge,4.986,2.0,2.0,,60.0,4.0728,4.1501,15.5031,2.7609,0.92641
RPC_US06,641,0.9268,charge,4.986,10.0,9.0,,60.0,4.0728,4.15,15.483,2.7609,0.92641
RPC_US06,641,0.9052,discharge,-30.0,2.0,2.0,,3600.0,4.0776,3.6534,14.14,2.7609,0.92641
RPC_US06,641,0.9052,discharge,-30.0,10.0,9.0,,3600.0,4.0776,3.5948,16.0933,2.7609,0.92641
RPC_US06,641,0.8809,charge,5.809,2.0,2.0,,60.0,4.0607,4.1501,15.3891,2.7609,0.92641
RPC_US06,641,0.8809,charge,5.809,10.0,9.0,,60.0,4.0607,4.15,15.3719,2.7609,0.92641
RPC_US06,641,0.8131,discharge,-30.0,2.0,2.0,,3600.0,4.0249,3.6062,13.9567,2.7609,0.92641
RPC_US06,641,0.8131,discharge,-30.0,10.0,9.0,,3600.0,4.0249,3.5311,16.46,2.7609,0.92641
RPC_US06,641,0.7895,charge,11.864,2.0,2.0,,60.0,3.9693,4.1503,15.2562,2.7609,0.92641
RPC_US06,641,0.7895,charge,11.864,10.0,9.0,,60.0,3.9693,4.1501,15.2394,2.7609,0.92641
RPC_US06,641,0.7211,discharge,-30.0,2.0,2.0,,3600.0,3.9234,3.5249,13.2833,2.7609,0.92641
RPC_US06,641,0.7211,discharge,-30.0,10.0,9.0,,3600.0,3.9234,3.4606,15.4267,2.7609,0.92641
RPC_US06,641,0.6974,charge,15.0,2.0,1.0,,60.0,3.8775,4.0541,11.7733,2.7609,0.92641
RPC_US06,641,0.6974,charge,15.0,10.0,9.0,,60.0,3.8775,4.1091,15.44,2.7609,0.92641
RPC_US06,641,0.629,discharge,-30.0,2.0,2.0,,3600.0,3.8482,3.456,13.0733,2.7609,0.92641
RPC_US06,641,0.629,discharge,-30.0,10.0,9.0,,3600.0,3.8482,3.3847,15.45,2.7609,0.92641
RPC_US06,641,0.6054,charge,15.0,2.0,1.0,,60.0,3.7935,3.9667,11.5467,2.7609,0.92641
RPC_US06,641,0.6054,charge,15.0,10.0,9.0,,60.0,3.7935,4.0174,14.9267,2.7609,0.92641
RPC_US06,641,0.537,discharge,-30.0,2.0,2.0,,3600.0,3.7413,3.3594,12.73,2.7609,0.92641
RPC_US06,641,0.537,discharge,-30.0,10.0,9.0,,3600.0,3.7413,3.2817,15.32,2.7609,0.92641
RPC_US06,641,0.5133,charge,15.0,2.0,2.0,,60.0,3.7022,3.8847,12.1667,2.7609,0.92641
RPC_US06,641,0.5133,charge,15.0,10.0,9.0,,60.0,3.7022,3.9244,14.8133,2.7609,0.92641
RPC_US06,641,0.4449,discharge,-30.0,2.0,2.0,,3600.0,3.6603,3.2771,12.7733,2.7609,0.92641
RPC_US06,641,0.4449,discharge,-30.0,10.0,9.0,,3600.0,3.6603,3.1954,15.4967,2.7609,0.92641
RPC_US06,641,0.4213,charge,15.0,2.0,2.0,,60.0,3.6234,3.8061,12.18,2.7609,0.92641
RPC_US06,641,0.4213,charge,15.0,10.0,9.0,,60.0,3.6234,3.8467,14.8867,2.7609,0.92641
RPC_US06,641,0.3528,discharge,-30.0,2.0,2.0,,3600.0,3.6017,3.2063,13.18,2.7609,0.92641
RPC_US06,641,0.3528,discharge,-30.0,10.0,9.0,,3600.0,3.6017,3.1136,16.27,2.7609,0.92641
RPC_US06,641,0.3292,charge,15.0,2.0,2.0,,60.0,3.5578,3.7438,12.4,2.7609,0.92641
RPC_US06,641,0.3292,charge,15.0,10.0,9.0,,60.0,3.5578,3.7882,15.36,2.7609,0.92641
RPC_US06,641,0.2608,discharge,-30.0,2.0,2.0,,3600.0,3.5161,3.081,14.5033,2.7609,0.92641
RPC_US06,641,0.2608,discharge,-30.0,10.0,9.0,,3600.0,3.5161,2.9614,18.49,2.7609,0.92641
RPC_US06,641,0.2371,charge,15.0,2.0,1.0,,60.0,3.466,3.6549,12.5933,2.7609,0.92641
RPC_US06,641,0.2371,charge,15.0,10.0,9.0,,60.0,3.466,3.7087,16.18,2.7609,0.92641
RPC_US06,641,0.2147,discharge,-30.0,2.0,2.0,,3600.0,3.4568,2.9768,16.0,2.7609,0.92641
RPC_US06,641,0.2147,discharge,-30.0,10.0,9.0,,3600.0,3.4568,2.7699,22.8967,2.7609,0.92641
RPC_US06,641,0.1911,charge,15.0,2.0,2.0,,60.0,3.4175,3.6172,13.3133,2.7609,0.92641
RPC_US06,641,0.1911,charge,15.0,10.0,9.0,,60.0,3.4175,3.6499,15.4933,2.7609,0.92641
RPC_US06,641,0.1687,discharge,-29.515,2.0,2.0,,3600.0,3.4162,2.765,22.0634,2.7609,0.92641
RPC_US06,641,0.1687,discharge,-29.515,10.0,9.0,,3600.0,3.4162,2.5495,29.3647,2.7609,0.92641
RPC_US06,641,0.1476,charge,15.0,2.0,2.0,,60.0,3.3825,3.5955,14.2,2.7609,0.92641
RPC_US06,641,0.1476,charge,15.0,10.0,9.0,,60.0,3.3825,3.6272,16.3133,2.7609,0.92641
RPC_US06,641,0.1227,discharge,-12.924,2.0,2.0,,3600.0,3.3767,2.5487,64.0669,2.7609,0.92641
RPC_US06,641,0.1227,discharge,-12.924,10.0,9.0,,3600.0,3.3767,2.5498,63.9817,2.7609,0.92641
RPC_US06,641,0.1113,charge,15.001,2.0,2.0,,60.0,3.3046,3.5636,17.2655,2.7609,0.92641
RPC_US06,641,0.1113,charge,15.001,10.0,9.0,,60.0,3.3046,3.6171,20.8319,2.7609,0.92641
RPC_US06,641,0.0951,discharge,-7.486,2.0,2.0,,3600.0,3.2632,2.5492,95.3729,2.7609,0.92641
RPC_US06,641,0.0951,discharge,-7.486,10.0,9.0,,3600.0,3.2632,2.5499,95.2794,2.7609,0.92641
RPC_US06,641,0.0891,charge,15.0,2.0,2.0,,60.0,3.1656,3.4652,19.9733,2.7609,0.92641
RPC_US06,641,0.0891,charge,15.0,10.0,9.0,,60.0,3.1656,3.563,26.4933,2.7609,0.92641
RPC_US06,641,0.0816,discharge,-5.49,2.0,2.0,,3600.0,3.1669,2.5495,112.4611,2.7609,0.92641
RPC_US06,641,0.0816,discharge,-5.49,10.0,9.0,,3600.0,3.1669,2.55,112.37,2.7609,0.92641
RPC_US06,641,0.0776,charge,15.0,2.0,2.0,,60.0,3.0635,3.3916,21.8733,2.7609,0.92641
RPC_US06,641,0.0776,charge,15.0,10.0,9.0,,60.0,3.0635,3.5103,29.7867,2.7609,0.92641
RPC_US06,641,0.9973,discharge,-30.0,2.0,2.0,,1884.6,4.1677,3.6879,15.9933,2.7609,0.92641
RPC_US06,641,0.9973,discharge,-30.0,10.0,9.0,,1884.6,4.1677,3.6393,17.6133,2.7609,0.92641
RPC_US06,641,0.9512,discharge,-30.0,2.0,1.0,,300.0,4.0891,3.685,13.47,2.7609,0.92641
RPC_US06,641,0.9512,discharge,-30.0,10.0,9.01,,300.0,4.0891,3.6232,15.53,2.7609,0.92641
RPC_US06,641,0.9052,discharge,-30.0,2.0,2.0,,300.0,4.0732,3.6697,13.45,2.7609,0.92641
RPC_US06,641,0.9052,discharge,-30.0,10.0,9.0,,300.0,4.0732,3.5982,15.8333,2.7609,0.92641
RPC_US06,641,0.8131,discharge,-30.0,2.0,2.0,,300.0,4.0048,3.6046,13.34,2.7609,0.92641
RPC_US06,641,0.8131,discharge,-30.0,10.0,9.0,,300.0,4.0048,3.5302,15.82,2.7609,0.92641
RPC_US06,641,0.7211,discharge,-30.0,2.0,2.0,,300.0,3.9152,3.532,12.7733,2.7609,0.92641
RPC_US06,641,0.7211,discharge,-30.0,10.0,9.0,,300.0,3.9152,3.4646,15.02,2.7609,0.92641
RPC_US06,641,0.629,discharge,-30.0,2.0,2.0,,300.0,3.8298,3.457,12.4267,2.7609,0.92641
RPC_US06,641,0.629,discharge,-30.0,10.0,9.0,,300.0,3.8298,3.3846,14.84,2.7609,0.92641
RPC_US06,641,0.537,discharge,-30.0,2.0,2.0,,300.0,3.7282,3.3557,12.4167,2.7609,0.92641
RPC_US06,641,0.537,discharge,-30.0,10.0,9.0,,300.0,3.7282,3.2768,15.0467,2.7609,0.92641
RPC_US06,641,0.4449,discharge,-30.0,2.0,2.0,,300.0,3.6482,3.2731,12.5033,2.7609,0.92641
RPC_US06,641,0.4449,discharge,-30.0,10.0,9.0,,300.0,3.6482,3.1886,15.32,2.7609,0.92641
RPC_US06,641,0.3528,discharge,-30.0,2.0,2.0,,300.0,3.5868,3.1983,12.95,2.7609,0.92641
RPC_US06,641,0.3528,discharge,-30.0,10.0,9.0,,300.0,3.5868,3.1019,16.1633,2.7609,0.92641
RPC_US06,641,0.2608,discharge,-30.0,2.0,2.0,,300.0,3.5049,3.071,14.4633,2.7609,0.92641
RPC_US06,641,0.2608,discharge,-30.0,10.0,9.0,,300.0,3.5049,2.9305,19.1467,2.7609,0.92641
RPC_US06,641,0.2147,discharge,-30.0,2.0,2.0,,300.0,3.4459,2.9443,16.72,2.7609,0.92641
RPC_US06,641,0.2147,discharge,-30.0,10.0,9.0,,300.0,3.4459,2.6585,26.2467,2.7609,0.92641
RPC_US06,641,0.1687,discharge,-20.213,2.0,2.0,,300.0,3.4016,2.6224,38.5494,2.7609,0.92641
RPC_US06,641,0.1687,discharge,-20.213,10.0,9.0,,300.0,3.4016,2.6014,39.5884,2.7609,0.92641
RPC_US06,641,0.1227,discharge,-9.585,2.0,2.0,,300.0,3.3569,2.6297,75.8646,2.7609,0.92641
RPC_US06,641,0.1227,discharge,-9.585,10.0,9.0,,300.0,3.3569,2.6533,73.4025,2.7609,0.92641
RPC_US06,641,0.0956,discharge,-6.006,2.0,2.0,,300.0,3.2341,2.6877,90.9787,2.7609,0.92641
RPC_US06,641,0.0956,discharge,-6.006,10.0,9.0,,300.0,3.2341,2.66,95.5909,2.7609,0.92641
RPC_US06,641,0.0824,discharge,-5.069,2.0,2.0,,300.0,3.1177,2.6499,92.2783,2.7609,0.92641
RPC_US06,641,0.0824,discharge,-5.069,10.0,9.0,,300.0,3.1177,2.4319,135.2809,2.7609,0.92641
RPC_US06,641,0.9973,discharge,-29.848,2.0,2.0,,1200.1,4.1623,3.6916,15.7699,2.7609,0.92641
RPC_US06,641,0.9973,discharge,-29.848,10.0,9.0,,1200.1,4.1623,3.6385,17.5489,2.7609,0.92641
RPC_US06,641,0.9513,discharge,-29.814,2.0,2.0,,300.0,4.0879,3.6777,13.7586,2.7609,0.92641
RPC_US06,641,0.9513,discharge,-29.814,10.0,9.0,,300.0,4.0879,3.623,15.5933,2.7609,0.92641
RPC_US06,641,0.9053,discharge,-29.724,2.0,2.0,,300.0,4.0729,3.6768,13.3259,2.7609,0.92641
RPC_US06,641,0.9053,discharge,-29.724,10.0,9.0,,300.0,4.0729,3.598,15.977,2.7609,0.92641
RPC_US06,641,0.8132,discharge,-29.728,2.0,2.0,,300.0,4.0024,3.6105,13.1829,2.7609,0.92641
RPC_US06,641,0.8132,discharge,-29.728,10.0,9.0,,300.0,4.0024,3.5296,15.9042,2.7609,0.92641
RPC_US06,641,0.7211,discharge,-29.733,2.0,2.0,,300.0,3.9138,3.5378,12.6459,2.7609,0.92641
RPC_US06,641,0.7211,discharge,-29.733,10.0,9.0,,300.0,3.9138,3.4639,15.1313,2.7609,0.92641
RPC_US06,641,0.6291,discharge,-29.717,2.0,2.0,,300.0,3.8264,3.4621,12.259,2.7609,0.92641
RPC_US06,641,0.6291,discharge,-29.717,10.0,9.0,,300.0,3.8264,3.3829,14.9241,2.7609,0.92641
RPC_US06,641,0.5371,discharge,-29.678,2.0,2.0,,300.0,3.7256,3.3623,12.2412,2.7609,0.92641
RPC_US06,641,0.5371,discharge,-29.678,10.0,9.0,,300.0,3.7256,3.2759,15.1524,2.7609,0.92641
RPC_US06,641,0.445,discharge,-29.636,2.0,2.0,,300.0,3.6465,3.2815,12.3163,2.7609,0.92641
RPC_US06,641,0.445,discharge,-29.636,10.0,9.0,,300.0,3.6465,3.1883,15.4612,2.7609,0.92641
RPC_US06,641,0.353,discharge,-29.561,2.0,2.0,,300.0,3.5851,3.2087,12.733,2.7609,0.92641
RPC_US06,641,0.353,discharge,-29.561,10.0,9.0,,300.0,3.5851,3.1015,16.3594,2.7609,0.92641
RPC_US06,641,0.261,discharge,-29.258,2.0,2.0,,300.0,3.5019,3.0883,14.1363,2.7609,0.92641
RPC_US06,641,0.261,discharge,-29.258,10.0,9.0,,300.0,3.5019,2.9268,19.6562,2.7609,0.92641
RPC_US06,641,0.2151,discharge,-28.014,2.0,2.0,,300.0,3.4421,2.9976,15.8673,2.7609,0.92641
RPC_US06,641,0.2151,discharge,-28.014,10.0,9.0,,300.0,3.4421,2.668,27.6331,2.7609,0.92641
RPC_US06,641,0.1702,discharge,-14.171,2.0,2.0,,300.0,3.3993,3.1054,20.7403,2.7609,0.92641
RPC_US06,641,0.1702,discharge,-14.171,10.0,9.0,,300.0,3.3993,2.8387,39.5611,2.7609,0.92641
RPC_US06,641,0.1249,discharge,-6.475,2.0,2.0,,300.0,3.35,3.1441,31.7978,2.7609,0.92641
RPC_US06,641,0.1249,discharge,-6.475,10.0,9.0,,300.0,3.35,2.9329,64.414,2.7609,0.92641
RPC_US06,641,0.0975,discharge,-4.077,2.0,2.0,,300.0,3.2142,3.0445,41.6217,2.7609,0.92641
RPC_US06,641,0.0975,discharge,-4.077,10.0,9.0,,300.0,3.2142,2.8568,87.6582,2.7609,0.92641
RPC_US06,641,0.0836,discharge,-4.532,2.0,2.0,,300.0,3.0884,2.8571,51.0399,2.7609,0.92641
RPC_US06,641,0.0836,discharge,-4.532,10.0,9.0,,300.0,3.0884,2.5401,120.9908,2.7609,0.92641
RPC_US06,641,0.9973,discharge,-29.844,2.0,2.0,,1884.6,4.1676,3.6925,15.9194,2.7609,0.92641
RPC_US06,641,0.9973,discharge,-29.844,10.0,9.0,,1884.6,4.1676,3.639,17.7121,2.7609,0.92641
RPC_US06,641,0.9513,discharge,-29.816,2.0,2.0,,300.0,4.0889,3.6769,13.8181,2.7609,0.92641
RPC_US06,641,0.9513,discharge,-29.816,10.0,9.0,,300.0,4.0889,3.6231,15.6225,2.7609,0.92641
RPC_US06,641,0.9053,discharge,-29.72,2.0,2.0,,300.0,4.073,3.6764,13.3445,2.7609,0.92641
RPC_US06,641,0.9053,discharge,-29.72,10.0,9.0,,300.0,4.073,3.5984,15.969,2.7609,0.92641
RPC_US06,641,0.8132,discharge,-29.718,2.0,2.0,,300.0,4.0046,3.612,13.2106,2.7609,0.92641
RPC_US06,641,0.8132,discharge,-29.718,10.0,9.0,,300.0,4.0046,3.5306,15.9497,2.7609,0.92641
RPC_US06,641,0.7211,discharge,-29.724,2.0,1.0,,300.0,3.915,3.5554,12.098,2.7609,0.92641
RPC_US06,641,0.7211,discharge,-29.724,10.0,9.0,,300.0,3.915,3.465,15.1393,2.7609,0.92641
RPC_US06,641,0.6291,discharge,-29.695,2.0,2.0,,300.0,3.8295,3.4644,12.2948,2.7609,0.92641
RPC_US06,641,0.6291,discharge,-29.695,10.0,9.0,,300.0,3.8295,3.3853,14.9585,2.7609,0.92641
RPC_US06,641,0.5371,discharge,-29.659,2.0,2.0,,300.0,3.7279,3.3644,12.256,2.7609,0.92641
RPC_US06,641,0.5371,discharge,-29.659,10.0,9.0,,300.0,3.7279,3.2783,15.159,2.7609,0.92641
RPC_US06,641,0.445,discharge,-29.623,2.0,2.0,,300.0,3.6478,3.2831,12.3112,2.7609,0.92641
RPC_US06,641,0.445,discharge,-29.623,10.0,9.0,,300.0,3.6478,3.19,15.4539,2.7609,0.92641
RPC_US06,641,0.353,discharge,-29.544,2.0,2.0,,300.0,3.5864,3.2105,12.7232,2.7609,0.92641
RPC_US06,641,0.353,discharge,-29.544,10.0,9.0,,300.0,3.5864,3.1034,16.3482,2.7609,0.92641
RPC_US06,641,0.261,discharge,-29.208,2.0,2.0,,300.0,3.505,3.0923,14.1297,2.7609,0.92641
RPC_US06,641,0.261,discharge,-29.208,10.0,9.0,,300.0,3.505,2.9338,19.5563,2.7609,0.92641
RPC_US06,641,0.2151,discharge,-27.966,2.0,2.0,,300.0,3.4454,3.0038,15.7903,2.7609,0.92641
RPC_US06,641,0.2151,discharge,-27.966,10.0,9.0,,300.0,3.4454,2.6891,27.0431,2.7609,0.92641
RPC_US06,641,0.1698,discharge,-21.027,2.0,2.0,,300.0,3.401,2.9492,21.4867,2.7609,0.92641
RPC_US06,641,0.1245,discharge,-12.084,2.0,2.0,,300.0,3.356,2.9492,33.6643,2.7609,0.92641
RPC_US06,641,0.0972,discharge,-7.421,2.0,2.0,,300.0,3.2349,2.915,43.1048,2.7609,0.92641
RPC_US06,641,0.0836,discharge,-4.431,2.0,2.0,,300.0,3.1195,2.9036,48.7227,2.7609,0.92641
RPC_US06,641,0.0836,discharge,-4.431,10.0,9.0,,300.0,3.1195,2.6177,113.2425,2.7609,0.92641
RPC_US06,641,0.9973,discharge,-29.843,2.0,1.0,,1882.6,4.1673,3.7109,15.2936,2.7609,0.92641
RPC_US06,641,0.9973,discharge,-29.843,10.0,9.01,,1882.6,4.1673,3.6392,17.6962,2.7609,0.92641
RPC_US06,641,0.9513,discharge,-29.813,2.0,2.0,,300.0,4.0889,3.6771,13.8128,2.7609,0.92641
RPC_US06,641,0.9513,discharge,-29.813,10.0,9.0,,300.0,4.0889,3.6232,15.6207,2.7609,0.92641
RPC_US06,641,0.9053,discharge,-29.72,2.0,2.0,,300.0,4.0731,3.6768,13.3345,2.7609,0.92641
RPC_US06,641,0.9053,discharge,-29.72,10.0,9.01,,300.0,4.0731,3.5986,15.9657,2.7609,0.92641
RPC_US06,641,0.8132,discharge,-29.717,2.0,2.0,,300.0,4.0044,3.612,13.2046,2.7609,0.92641
RPC_US06,641,0.8132,discharge,-29.717,10.0,9.0,,300.0,4.0044,3.5309,15.9336,2.7609,0.92641
RPC_US06,641,0.7212,discharge,-29.724,2.0,2.0,,300.0,3.9149,3.5387,12.6564,2.7609,0.92641
RPC_US06,641,0.7212,discharge,-29.724,10.0,9.0,,300.0,3.9149,3.4651,15.1326,2.7609,0.92641
RPC_US06,641,0.6291,discharge,-29.696,2.0,2.0,,300.0,3.8294,3.4644,12.2912,2.7609,0.92641
RPC_US06,641,0.6291,discharge,-29.696,10.0,9.0,,300.0,3.8294,3.3853,14.9549,2.7609,0.92641
RPC_US06,641,0.5371,discharge,-29.66,2.0,2.0,,300.0,3.7275,3.3644,12.2423,2.7609,0.92641
RPC_US06,641,0.5371,discharge,-29.66,10.0,9.0,,300.0,3.7275,3.2782,15.1486,2.7609,0.92641
RPC_US06,641,0.445,discharge,-29.624,2.0,2.0,,300.0,3.6477,3.2829,12.3141,2.7609,0.92641
RPC_US06,641,0.445,discharge,-29.624,10.0,9.0,,300.0,3.6477,3.1897,15.4602,2.7609,0.92641
RPC_US06,641,0.353,discharge,-29.547,2.0,2.0,,300.0,3.5865,3.2101,12.739,2.7609,0.92641
RPC_US06,641,0.353,discharge,-29.547,10.0,9.01,,300.0,3.5865,3.1031,16.3604,2.7609,0.92641
RPC_US06,641,0.261,discharge,-29.218,2.0,2.0,,300.0,3.5046,3.0919,14.1249,2.7609,0.92641
RPC_US06,641,0.261,discharge,-29.218,10.0,9.0,,300.0,3.5046,2.9322,19.5907,2.7609,0.92641
RPC_US06,641,0.2151,discharge,-28.236,2.0,1.0,,300.0,3.4453,3.04,14.354,2.7609,0.92641
RPC_US06,641,0.2151,discharge,-28.236,10.0,9.0,,300.0,3.4453,2.6745,27.2985,2.7609,0.92641
RPC_US06,641,0.1698,discharge,-20.218,2.0,2.0,,300.0,3.4006,2.972,21.1984,2.7609,0.92641
RPC_US06,641,0.1698,discharge,-20.218,10.0,8.58,,300.0,3.4006,2.4996,44.5631,2.7609,0.92641
RPC_US06,641,0.1245,discharge,-11.601,2.0,2.0,,300.0,3.3561,2.971,33.1968,2.7609,0.92641
RPC_US06,641,0.1245,discharge,-11.601,10.0,8.52,,300.0,3.3561,2.4994,73.8503,2.7609,0.92641
RPC_US06,641,0.0972,discharge,-6.947,2.0,2.0,,300.0,3.2353,2.9361,43.0717,2.7609,0.92641
RPC_US06,641,0.0972,discharge,-6.947,10.0,9.0,,300.0,3.2353,2.5157,103.591,2.7609,0.92641
RPC_US06,641,0.0836,discharge,-5.013,2.0,2.0,,300.0,3.1206,2.872,49.5906,2.7609,0.92641
RPC_US06,641,0.0836,discharge,-5.013,10.0,9.0,,300.0,3.1206,2.5206,119.6876,2.7609,0.92641
RPC_US06,641,0.9973,discharge,-29.85,2.0,2.0,,1886.9,4.1676,3.6917,15.943,2.7609,0.92641
RPC_US06,641,0.9973,discharge,-29.85,10.0,9.0,,1886.9,4.1676,3.6383,17.732,2.7609,0.92641
RPC_US06,641,0.9513,discharge,-29.822,2.0,2.0,,300.0,4.0888,3.6763,13.8321,2.7609,0.92641
RPC_US06,641,0.9513,discharge,-29.822,10.0,9.0,,300.0,4.0888,3.6223,15.6428,2.7609,0.92641
RPC_US06,641,0.9053,discharge,-29.729,2.0,2.0,,300.0,4.073,3.6757,13.3641,2.7609,0.92641
RPC_US06,641,0.9053,discharge,-29.729,10.0,9.0,,300.0,4.073,3.5974,15.9978,2.7609,0.92641
RPC_US06,641,0.8132,discharge,-29.727,2.0,2.0,,300.0,4.0041,3.6109,13.2268,2.7609,0.92641
RPC_US06,641,0.8132,discharge,-29.727,10.0,9.0,,300.0,4.0041,3.5295,15.965,2.7609,0.92641
RPC_US06,641,0.7211,discharge,-29.733,2.0,1.0,,300.0,3.9148,3.5547,12.1111,2.7609,0.92641
RPC_US06,641,0.7211,discharge,-29.733,10.0,9.0,,300.0,3.9148,3.4639,15.165,2.7609,0.92641
RPC_US06,641,0.6291,discharge,-29.703,2.0,2.0,,300.0,3.8293,3.4633,12.3218,2.7609,0.92641
RPC_US06,641,0.6291,discharge,-29.703,10.0,9.0,,300.0,3.8293,3.3842,14.9848,2.7609,0.92641
RPC_US06,641,0.537,discharge,-29.671,2.0,1.0,,300.0,3.7271,3.3832,11.5906,2.7609,0.92641
RPC_US06,641,0.537,discharge,-29.671,10.0,9.0,,300.0,3.7271,3.2769,15.1733,2.7609,0.92641
RPC_US06,641,0.445,discharge,-29.635,2.0,1.0,,300.0,3.6475,3.302,11.6585,2.7609,0.92641
RPC_US06,641,0.445,discharge,-29.635,10.0,9.0,,300.0,3.6475,3.1887,15.4817,2.7609,0.92641
RPC_US06,641,0.353,discharge,-29.562,2.0,2.0,,300.0,3.586,3.2089,12.7565,2.7609,0.92641
RPC_US06,641,0.353,discharge,-29.562,10.0,9.0,,300.0,3.586,3.1014,16.3929,2.7609,0.92641
RPC_US06,641,0.261,discharge,-29.251,2.0,2.0,,300.0,3.5045,3.0895,14.1878,2.7609,0.92641
RPC_US06,641,0.261,discharge,-29.251,10.0,9.0,,300.0,3.5045,2.9275,19.7262,2.7609,0.92641
RPC_US06,641,0.2151,discharge,-28.315,2.0,2.0,,300.0,3.4452,2.9942,15.9282,2.7609,0.92641
RPC_US06,641,0.2151,discharge,-28.315,10.0,9.0,,300.0,3.4452,2.6617,27.6713,2.7609,0.92641
RPC_US06,641,0.1699,discharge,-19.244,2.0,2.0,,300.0,3.4004,2.9897,21.3423,2.7609,0.92641
RPC_US06,641,0.1699,discharge,-19.244,10.0,9.0,,300.0,3.4004,2.5199,45.7557,2.7609,0.92641
RPC_US06,641,0.1246,discharge,-11.014,2.0,2.0,,300.0,3.3558,2.9866,33.521,2.7609,0.92641
RPC_US06,641,0.1246,discharge,-11.014,10.0,9.0,,300.0,3.3558,2.5103,76.7659,2.7609,0.92641
RPC_US06,641,0.0972,discharge,-6.97,2.0,2.0,,300.0,3.2353,2.9317,43.5578,2.7609,0.92641
RPC_US06,641,0.0972,discharge,-6.97,10.0,9.0,,300.0,3.2353,2.5033,105.0208,2.7609,0.92641
RPC_US06,641,0.0836,discharge,-5.025,2.0,2.0,,300.0,3.1201,2.8684,50.0925,2.7609,0.92641
RPC_US06,641,0.0836,discharge,-5.025,10.0,9.0,,300.0,3.1201,2.5107,121.2809,2.7609,0.92641
RPC_US06,641,0.9973,discharge,-29.855,2.0,2.0,,1889.7,4.1674,3.6911,15.9535,2.7609,0.92641
RPC_US06,641,0.9973,discharge,-29.855,10.0,9.0,,1889.7,4.1674,3.6379,17.7354,2.7609,0.92641
RPC_US06,641,0.9513,discharge,-29.825,2.0,2.0,,300.0,4.0888,3.6758,13.8474,2.7609,0.92641
RPC_US06,641,0.9513,discharge,-29.825,10.0,9.0,,300.0,4.0888,3.6217,15.6614,2.7609,0.92641
RPC_US06,641,0.9053,discharge,-29.733,2.0,2.0,,300.0,4.073,3.6753,13.3759,2.7609,0.92641
RPC_US06,641,0.9053,discharge,-29.733,10.0,9.0,,300.0,4.073,3.5968,16.0161,2.7609,0.92641
RPC_US06,641,0.8132,discharge,-29.733,2.0,2.0,,300.0,4.0037,3.6102,13.2342,2.7609,0.92641
RPC_US06,641,0.8132,discharge,-29.733,10.0,9.0,,300.0,4.0037,3.529,15.9652,2.7609,0.92641
RPC_US06,641,0.7212,discharge,-29.736,2.0,2.0,,300.0,3.9145,3.5374,12.6816,2.7609,0.92641
RPC_US06,641,0.7212,discharge,-29.736,10.0,9.0,,300.0,3.9145,3.4635,15.1668,2.7609,0.92641
RPC_US06,641,0.6291,discharge,-29.709,2.0,2.0,,300.0,3.829,3.4631,12.3161,2.7609,0.92641
RPC_US06,641,0.6291,discharge,-29.709,10.0,9.0,,300.0,3.829,3.3838,14.9854,2.7609,0.92641
RPC_US06,641,0.5371,discharge,-29.675,2.0,2.0,,300.0,3.727,3.3628,12.2732,2.7609,0.92641
RPC_US06,641,0.5371,discharge,-29.675,10.0,9.01,,300.0,3.727,3.2764,15.1848,2.7609,0.92641
RPC_US06,641,0.445,discharge,-29.64,2.0,2.0,,300.0,3.6472,3.2812,12.3482,2.7609,0.92641
RPC_US06,641,0.445,discharge,-29.64,10.0,9.0,,300.0,3.6472,3.1878,15.4993,2.7609,0.92641
RPC_US06,641,0.353,discharge,-29.498,2.0,2.0,,300.0,3.586,3.2081,12.811,2.7609,0.92641
RPC_US06,641,0.353,discharge,-29.498,10.0,9.0,,300.0,3.586,3.1004,16.4621,2.7609,0.92641
RPC_US06,641,0.261,discharge,-29.269,2.0,2.0,,300.0,3.5044,3.0883,14.2166,2.7609,0.92641
RPC_US06,641,0.261,discharge,-29.269,10.0,9.0,,300.0,3.5044,2.9246,19.8097,2.7609,0.92641
RPC_US06,641,0.2151,discharge,-28.152,2.0,2.0,,300.0,3.445,2.9949,15.9882,2.7609,0.92641
RPC_US06,641,0.2151,discharge,-28.152,10.0,9.0,,300.0,3.445,2.6628,27.7849,2.7609,0.92641
RPC_US06,641,0.1699,discharge,-19.298,2.0,2.0,,300.0,3.4002,2.9856,21.4841,2.7609,0.92641
RPC_US06,641,0.1699,discharge,-19.298,10.0,9.0,,300.0,3.4002,2.5079,46.238,2.7609,0.92641
RPC_US06,641,0.1246,discharge,-11.041,2.0,2.0,,300.0,3.3557,2.9832,33.7364,2.7609,0.92641
RPC_US06,641,0.1246,discharge,-11.041,10.0,9.0,,300.0,3.3557,2.5013,77.3808,2.7609,0.92641
RPC_US06,641,0.0973,discharge,-6.565,2.0,2.0,,300.0,3.2352,2.9491,43.5806,2.7609,0.92641
RPC_US06,641,0.0973,discharge,-6.565,10.0,9.0,,300.0,3.2352,2.5524,104.0085,2.7609,0.92641
RPC_US06,641,0.0836,discharge,-5.033,2.0,2.0,,300.0,3.1205,2.8661,50.5424,2.7609,0.92641
RPC_US06,641,0.0836,discharge,-5.033,10.0,9.0,,300.0,3.1205,2.5036,122.5613,2.7609,0.92641
RPC_US06,641,0.9973,discharge,-29.861,2.0,2.0,,1891.3,4.167,3.6905,15.9575,2.7609,0.92641
RPC_US06,641,0.9973,discharge,-29.861,10.0,9.0,,1891.3,4.167,3.6373,17.7392,2.7609,0.92641
RPC_US06,641,0.9513,discharge,-29.828,2.0,2.0,,300.0,4.0888,3.6753,13.863,2.7609,0.92641
RPC_US06,641,0.9513,discharge,-29.828,10.0,9.0,,300.0,4.0888,3.6212,15.6768,2.7609,0.92641
RPC_US06,641,0.9053,discharge,-29.739,2.0,2.0,,300.0,4.0729,3.6748,13.3867,2.7609,0.92641
RPC_US06,641,0.9053,discharge,-29.739,10.0,9.0,,300.0,4.0729,3.5962,16.0297,2.7609,0.92641
RPC_US06,641,0.8132,discharge,-29.736,2.0,2.0,,300.0,4.0036,3.6096,13.2497,2.7609,0.92641
RPC_US06,641,0.8132,discharge,-29.736,10.0,9.0,,300.0,4.0036,3.5283,15.9837,2.7609,0.92641
RPC_US06,641,0.7212,discharge,-29.742,2.0,2.0,,300.0,3.9146,3.5367,12.7057,2.7609,0.92641
RPC_US06,641,0.7212,discharge,-29.742,10.0,9.0,,300.0,3.9146,3.4628,15.1904,2.7609,0.92641
RPC_US06,641,0.6291,discharge,-29.714,2.0,2.0,,300.0,3.8289,3.4624,12.3343,2.7609,0.92641
RPC_US06,641,0.6291,discharge,-29.714,10.0,9.0,,300.0,3.8289,3.383,15.0064,2.7609,0.92641
RPC_US06,641,0.5371,discharge,-29.681,2.0,2.0,,300.0,3.7268,3.3621,12.2873,2.7609,0.92641
RPC_US06,641,0.5371,discharge,-29.681,10.0,9.0,,300.0,3.7268,3.2757,15.1983,2.7609,0.92641
RPC_US06,641,0.445,discharge,-29.648,2.0,2.0,,300.0,3.6472,3.2806,12.3649,2.7609,0.92641
RPC_US06,641,0.445,discharge,-29.648,10.0,9.0,,300.0,3.6472,3.1871,15.5185,2.7609,0.92641
RPC_US06,641,0.353,discharge,-29.578,2.0,2.0,,300.0,3.5858,3.2075,12.7899,2.7609,0.92641
RPC_US06,641,0.353,discharge,-29.578,10.0,9.0,,300.0,3.5858,3.0994,16.4447,2.7609,0.92641
RPC_US06,641,0.261,discharge,-29.293,2.0,2.0,,300.0,3.504,3.0867,14.2457,2.7609,0.92641
RPC_US06,641,0.261,discharge,-29.293,10.0,9.0,,300.0,3.504,2.9216,19.8819,2.7609,0.92641
RPC_US06,641,0.2151,discharge,-28.205,2.0,2.0,,300.0,3.4447,2.9921,16.0468,2.7609,0.92641
RPC_US06,641,0.2151,discharge,-28.205,10.0,9.0,,300.0,3.4447,2.6541,28.0305,2.7609,0.92641
RPC_US06,641,0.17,discharge,-18.51,2.0,1.0,,300.0,3.3999,3.0587,18.4333,2.7609,0.92641
RPC_US06,641,0.17,discharge,-18.51,10.0,9.01,,300.0,3.3999,2.5544,45.678,2.7609,0.92641
RPC_US06,641,0.1246,discharge,-10.5,2.0,2.0,,300.0,3.3556,2.998,34.0571,2.7609,0.92641
RPC_US06,641,0.1246,discharge,-10.5,10.0,9.0,,300.0,3.3556,2.5464,77.0667,2.7609,0.92641
RPC_US06,641,0.0973,discharge,-6.584,2.0,2.0,,300.0,3.2351,2.9445,44.1393,2.7609,0.92641
RPC_US06,641,0.0973,discharge,-6.584,10.0,9.0,,300.0,3.2351,2.5427,105.1688,2.7609,0.92641
RPC_US06,641,0.0836,discharge,-4.683,2.0,2.0,,300.0,3.1203,2.8833,50.6134,2.7609,0.92641
RPC_US06,641,0.0836,discharge,-4.683,10.0,9.0,,300.0,3.1203,2.5569,120.3191,2.7609,0.92641
RPC_US06,641,0.9973,discharge,-29.861,2.0,2.0,,1894.1,4.1673,3.6902,15.9774,2.7609,0.92641
RPC_US06,641,0.9973,discharge,-29.861,10.0,9.0,,1894.1,4.1673,3.6369,17.7623,2.7609,0.92641
RPC_US06,641,0.9513,discharge,-29.832,2.0,2.0,,300.0,4.0888,3.675,13.871,2.7609,0.92641
RPC_US06,641,0.9513,discharge,-29.832,10.0,9.0,,300.0,4.0888,3.621,15.6811,2.7609,0.92641
RPC_US06,641,0.9053,discharge,-29.742,2.0,2.0,,300.0,4.0728,3.6744,13.3952,2.7609,0.92641
RPC_US06,641,0.9053,discharge,-29.742,10.0,9.01,,300.0,4.0728,3.5958,16.0379,2.7609,0.92641
RPC_US06,641,0.8132,discharge,-29.742,2.0,2.0,,300.0,4.0034,3.6092,13.2542,2.7609,0.92641
RPC_US06,641,0.8132,discharge,-29.742,10.0,9.0,,300.0,4.0034,3.528,15.9844,2.7609,0.92641
RPC_US06,641,0.7211,discharge,-29.745,2.0,2.0,,300.0,3.9144,3.5364,12.7082,2.7609,0.92641
RPC_US06,641,0.7211,discharge,-29.745,10.0,9.0,,300.0,3.9144,3.4626,15.1894,2.7609,0.92641
RPC_US06,641,0.6291,discharge,-29.718,2.0,2.0,,300.0,3.8288,3.4618,12.3496,2.7609,0.92641
RPC_US06,641,0.6291,discharge,-29.718,10.0,9.0,,300.0,3.8288,3.3826,15.0147,2.7609,0.92641
RPC_US06,641,0.537,discharge,-29.683,2.0,2.0,,300.0,3.7265,3.3617,12.2901,2.7609,0.92641
RPC_US06,641,0.537,discharge,-29.683,10.0,9.0,,300.0,3.7265,3.2754,15.1975,2.7609,0.92641
RPC_US06,641,0.445,discharge,-29.649,2.0,2.0,,300.0,3.647,3.2802,12.3712,2.7609,0.92641
RPC_US06,641,0.445,discharge,-29.649,10.0,9.0,,300.0,3.647,3.1869,15.518,2.7609,0.92641
RPC_US06,641,0.3529,discharge,-29.581,2.0,2.0,,300.0,3.5856,3.2071,12.7954,2.7609,0.92641
RPC_US06,641,0.3529,discharge,-29.581,10.0,9.0,,300.0,3.5856,3.0989,16.4531,2.7609,0.92641
RPC_US06,641,0.261,discharge,-29.3,2.0,2.0,,300.0,3.5041,3.086,14.2696,2.7609,0.92641
RPC_US06,641,0.261,discharge,-29.3,10.0,9.0,,300.0,3.5041,2.9198,19.942,2.7609,0.92641
RPC_US06,641,0.2151,discharge,-28.096,2.0,2.0,,300.0,3.4448,2.9926,16.0945,2.7609,0.92641
RPC_US06,641,0.2151,discharge,-28.096,10.0,9.0,,300.0,3.4448,2.655,28.1103,2.7609,0.92641
RPC_US06,641,0.17,discharge,-18.54,2.0,2.0,,300.0,3.3997,2.9981,21.6619,2.7609,0.92641
RPC_US06,641,0.17,discharge,-18.54,10.0,9.0,,300.0,3.3997,2.5478,45.9505,2.7609,0.92641
RPC_US06,641,0.1246,discharge,-10.515,2.0,2.0,,300.0,3.3554,2.996,34.1797,2.7609,0.92641
RPC_US06,641,0.1246,discharge,-10.515,10.0,9.01,,300.0,3.3554,2.5417,77.3847,2.7609,0.92641
RPC_US06,641,0.0973,discharge,-6.589,2.0,2.0,,300.0,3.2353,2.9434,44.3038,2.7609,0.92641
RPC_US06,641,0.0973,discharge,-6.589,10.0,9.0,,300.0,3.2353,2.5398,105.5611,2.7609,0.92641
RPC_US06,641,0.0836,discharge,-4.683,2.0,2.0,,300.0,3.1207,2.8828,50.8013,2.7609,0.92641
RPC_US06,641,0.0836,discharge,-4.683,10.0,9.0,,300.0,3.1207,2.5553,120.7359,2.7609,0.92641
RPC_US06,641,0.9973,discharge,-29.865,2.0,2.0,,1894.0,4.1673,3.6897,15.992,2.7609,0.92641
RPC_US06,641,0.9973,discharge,-29.865,10.0,9.0,,1894.0,4.1673,3.6364,17.7767,2.7609,0.92641
RPC_US06,641,0.9513,discharge,-29.835,2.0,2.0,,300.0,4.0886,3.6745,13.8794,2.7609,0.92641
RPC_US06,641,0.9513,discharge,-29.835,10.0,9.0,,300.0,4.0886,3.6205,15.6894,2.7609,0.92641
RPC_US06,641,0.9053,discharge,-29.747,2.0,2.0,,300.0,4.0729,3.6741,13.4066,2.7609,0.92641
RPC_US06,641,0.9053,discharge,-29.747,10.0,9.0,,300.0,4.0729,3.5953,16.0557,2.7609,0.92641
RPC_US06,641,0.8132,discharge,-29.745,2.0,2.0,,300.0,4.0032,3.6087,13.2627,2.7609,0.92641
RPC_US06,641,0.8132,discharge,-29.745,10.0,9.0,,300.0,4.0032,3.5274,15.996,2.7609,0.92641
RPC_US06,641,0.7211,discharge,-29.748,2.0,2.0,,300.0,3.9143,3.5359,12.7202,2.7609,0.92641
RPC_US06,641,0.7211,discharge,-29.748,10.0,9.01,,300.0,3.9143,3.4619,15.2077,2.7609,0.92641
RPC_US06,641,0.6291,discharge,-29.725,2.0,2.0,,300.0,3.8288,3.4613,12.3633,2.7609,0.92641
RPC_US06,641,0.6291,discharge,-29.725,10.0,9.0,,300.0,3.8288,3.382,15.0311,2.7609,0.92641
RPC_US06,641,0.537,discharge,-29.69,2.0,2.0,,300.0,3.7263,3.361,12.3038,2.7609,0.92641
RPC_US06,641,0.537,discharge,-29.69,10.0,9.0,,300.0,3.7263,3.2744,15.2206,2.7609,0.92641
RPC_US06,641,0.445,discharge,-29.66,2.0,2.0,,300.0,3.6467,3.2793,12.3873,2.7609,0.92641
RPC_US06,641,0.445,discharge,-29.66,10.0,9.0,,300.0,3.6467,3.1859,15.5363,2.7609,0.92641
RPC_US06,641,0.353,discharge,-29.593,2.0,2.0,,300.0,3.5855,3.2058,12.8307,2.7609,0.92641
RPC_US06,641,0.353,discharge,-29.593,10.0,9.0,,300.0,3.5855,3.0974,16.4938,2.7609,0.92641
RPC_US06,641,0.261,discharge,-29.227,2.0,2.0,,300.0,3.5037,3.0855,14.3089,2.7609,0.92641
RPC_US06,641,0.261,discharge,-29.227,10.0,9.0,,300.0,3.5037,2.9183,20.0298,2.7609,0.92641
RPC_US06,641,0.2151,discharge,-28.167,2.0,2.0,,300.0,3.4444,2.9889,16.1714,2.7609,0.92641
RPC_US06,641,0.2151,discharge,-28.167,10.0,9.0,,300.0,3.4444,2.6439,28.4198,2.7609,0.92641
RPC_US06,641,0.17,discharge,-18.604,2.0,2.0,,300.0,3.3994,2.9935,21.8179,2.7609,0.92641
RPC_US06,641,0.17,discharge,-18.604,10.0,9.0,,300.0,3.3994,2.5338,46.5276,2.7609,0.92641
RPC_US06,641,0.1246,discharge,-10.547,2.0,2.0,,300.0,3.3552,2.9913,34.5011,2.7609,0.92641
RPC_US06,641,0.1246,discharge,-10.547,10.0,9.0,,300.0,3.3552,2.5304,78.1986,2.7609,0.92641
RPC_US06,641,0.0973,discharge,-6.606,2.0,2.0,,300.0,3.2349,2.9398,44.6708,2.7609,0.92641
RPC_US06,641,0.0973,discharge,-6.606,10.0,9.0,,300.0,3.2349,2.53,106.7044,2.7609,0.92641
RPC_US06,641,0.0836,discharge,-4.694,2.0,2.0,,300.0,3.1202,2.8798,51.2132,2.7609,0.92641
RPC_US06,641,0.0836,discharge,-4.694,10.0,9.0,,300.0,3.1202,2.5472,122.0681,2.7609,0.92641
RPC_US06,641,0.9973,discharge,-29.877,2.0,2.0,,1897.8,4.1672,3.6884,16.026,2.7609,0.92641
RPC_US06,641,0.9973,discharge,-29.877,10.0,9.0,,1897.8,4.1672,3.6353,17.8033,2.7609,0.92641
RPC_US06,641,0.9513,discharge,-29.841,2.0,2.0,,300.0,4.0886,3.6738,13.9001,2.7609,0.92641
RPC_US06,641,0.9513,discharge,-29.841,10.0,9.0,,300.0,4.0886,3.6195,15.7197,2.7609,0.92641
RPC_US06,641,0.9053,discharge,-29.753,2.0,2.0,,300.0,4.073,3.6732,13.4373,2.7609,0.92641
RPC_US06,641,0.9053,discharge,-29.753,10.0,9.0,,300.0,4.073,3.5942,16.0925,2.7609,0.92641
RPC_US06,641,0.8132,discharge,-29.752,2.0,2.0,,300.0,4.0031,3.6079,13.2829,2.7609,0.92641
RPC_US06,641,0.8132,discharge,-29.752,10.0,9.0,,300.0,4.0031,3.5267,16.0121,2.7609,0.92641
RPC_US06,641,0.7211,discharge,-29.757,2.0,2.0,,300.0,3.9139,3.5352,12.7264,2.7609,0.92641
RPC_US06,641,0.7211,discharge,-29.757,10.0,9.0,,300.0,3.9139,3.461,15.2199,2.7609,0.92641
RPC_US06,641,0.6291,discharge,-29.729,2.0,2.0,,300.0,3.8283,3.4605,12.3718,2.7609,0.92641
RPC_US06,641,0.6291,discharge,-29.729,10.0,9.0,,300.0,3.8283,3.3812,15.0392,2.7609,0.92641
RPC_US06,641,0.537,discharge,-29.696,2.0,2.0,,300.0,3.7263,3.3603,12.3249,2.7609,0.92641
RPC_US06,641,0.537,discharge,-29.696,10.0,9.0,,300.0,3.7263,3.2738,15.2377,2.7609,0.92641
RPC_US06,641,0.445,discharge,-29.664,2.0,2.0,,300.0,3.6466,3.2788,12.3989,2.7609,0.92641
RPC_US06,641,0.445,discharge,-29.664,10.0,9.0,,300.0,3.6466,3.185,15.5609,2.7609,0.92641
RPC_US06,641,0.353,discharge,-29.601,2.0,2.0,,300.0,3.5852,3.2051,12.841,2.7609,0.92641
RPC_US06,641,0.353,discharge,-29.601,10.0,9.0,,300.0,3.5852,3.0963,16.5166,2.7609,0.92641
RPC_US06,641,0.261,discharge,-29.247,2.0,2.0,,300.0,3.5038,3.0842,14.347,2.7609,0.92641
RPC_US06,641,0.261,discharge,-29.247,10.0,9.0,,300.0,3.5038,2.9153,20.1221,2.7609,0.92641
RPC_US06,641,0.2151,discharge,-28.069,2.0,2.0,,300.0,3.4442,2.9887,16.2279,2.7609,0.92641
RPC_US06,641,0.2151,discharge,-28.069,10.0,9.0,,300.0,3.4442,2.6429,28.5475,2.7609,0.92641
RPC_US06,641,0.17,discharge,-18.646,2.0,2.0,,300.0,3.3992,2.9898,21.9559,2.7609,0.92641
RPC_US06,641,0.17,discharge,-18.646,10.0,9.0,,300.0,3.3992,2.5246,46.9042,2.7609,0.92641
RPC_US06,641,0.1246,discharge,-10.566,2.0,2.0,,300.0,3.3551,2.9885,34.6946,2.7609,0.92641
RPC_US06,641,0.1246,discharge,-10.566,10.0,9.0,,300.0,3.3551,2.5236,78.6921,2.7609,0.92641
RPC_US06,641,0.0973,discharge,-6.615,2.0,2.0,,300.0,3.2348,2.938,44.8677,2.7609,0.92641
RPC_US06,641,0.0973,discharge,-6.615,10.0,9.0,,300.0,3.2348,2.5249,107.3167,2.7609,0.92641
RPC_US06,641,0.0836,discharge,-4.699,2.0,2.0,,300.0,3.1202,2.8783,51.4845,2.7609,0.92641
RPC_US06,641,0.0836,discharge,-4.699,10.0,9.0,,300.0,3.1202,2.5435,122.7413,2.7609,0.92641
RPC_US06,641,0.9544,charge,3.402,2.0,2.0,,300.0,4.0883,4.1501,18.1658,2.7609,0.92641
RPC_US06,641,0.9544,charge,3.402,10.0,9.0,,300.0,4.0883,4.15,18.1364,2.7609,0.92641
RPC_US06,641,0.9085,charge,4.858,2.0,2.0,,300.0,4.0725,4.1501,15.9728,2.7609,0.92641
RPC_US06,641,0.9085,charge,4.858,10.0,9.0,,300.0,4.0725,4.15,15.9522,2.7609,0.92641
RPC_US06,641,0.8171,charge,9.468,2.0,2.0,,300.0,4.0017,4.1502,15.6852,2.7609,0.92641
RPC_US06,641,0.8171,charge,9.468,10.0,9.0,,300.0,4.0017,4.1501,15.6747,2.7609,0.92641
RPC_US06,641,0.7252,charge,15.0,2.0,2.0,,300.0,3.9141,4.1027,12.5733,2.7609,0.92641
RPC_US06,641,0.7252,charge,15.0,10.0,9.0,,300.0,3.9141,4.137,14.86,2.7609,0.92641
RPC_US06,641,0.6331,charge,15.001,2.0,2.0,,300.0,3.8294,4.0238,12.9591,2.7609,0.92641
RPC_US06,641,0.6331,charge,15.001,10.0,9.0,,300.0,3.8294,4.0668,15.8256,2.7609,0.92641
RPC_US06,641,0.5411,charge,15.001,2.0,2.0,,300.0,3.7265,3.9124,12.3925,2.7609,0.92641
RPC_US06,641,0.5411,charge,15.001,10.0,9.0,,300.0,3.7265,3.95,14.899,2.7609,0.92641
RPC_US06,641,0.449,charge,15.0,2.0,2.0,,300.0,3.647,3.8327,12.38,2.7609,0.92641
RPC_US06,641,0.449,charge,15.0,10.0,9.0,,300.0,3.647,3.8683,14.7533,2.7609,0.92641
RPC_US06,641,0.3569,charge,15.0,2.0,2.0,,300.0,3.5857,3.776,12.6867,2.7609,0.92641
RPC_US06,641,0.3569,charge,15.0,10.0,9.0,,300.0,3.5857,3.8113,15.04,2.7609,0.92641
RPC_US06,641,0.2649,charge,15.001,2.0,2.0,,300.0,3.5037,3.7041,13.3591,2.7609,0.92641
RPC_US06,641,0.2649,charge,15.001,10.0,9.0,,300.0,3.5037,3.7457,16.1323,2.7609,0.92641
RPC_US06,641,0.2189,charge,15.0,2.0,2.0,,300.0,3.4446,3.6572,14.1733,2.7609,0.92641
RPC_US06,641,0.2189,charge,15.0,10.0,9.0,,300.0,3.4446,3.7013,17.1133,2.7609,0.92641
RPC_US06,641,0.1728,charge,15.001,2.0,2.0,,300.0,3.3989,3.6199,14.7324,2.7609,0.92641
RPC_US06,641,0.1728,charge,15.001,10.0,9.0,,300.0,3.3989,3.6506,16.7789,2.7609,0.92641
RPC_US06,641,0.1268,charge,15.001,2.0,2.0,,300.0,3.3548,3.6036,16.5856,2.7609,0.92641
RPC_US06,641,0.1268,charge,15.001,10.0,9.0,,300.0,3.3548,3.6347,18.6588,2.7609,0.92641
RPC_US06,641,0.0992,charge,15.001,2.0,2.0,,300.0,3.236,3.5249,19.2587,2.7609,0.92641
RPC_US06,641,0.0992,charge,15.001,10.0,9.0,,300.0,3.236,3.6027,24.445,2.7609,0.92641
RPC_US06,641,0.0854,charge,15.001,2.0,2.0,,300.0,3.1236,3.4357,20.8053,2.7609,0.92641
RPC_US06,641,0.0854,charge,15.001,10.0,9.0,,300.0,3.1236,3.5397,27.7382,2.7609,0.92641
RPC_US06,641,0.9543,charge,3.126,2.0,2.0,,300.1,4.0881,4.1386,16.1572,2.7609,0.92641
RPC_US06,641,0.9543,charge,3.126,10.0,9.0,,300.1,4.0881,4.1485,19.3246,2.7609,0.92641
RPC_US06,641,0.9084,charge,4.557,2.0,2.0,,300.1,4.0724,4.139,14.6157,2.7609,0.92641
RPC_US06,641,0.9084,charge,4.557,10.0,9.0,,300.1,4.0724,4.149,16.8102,2.7609,0.92641
RPC_US06,641,0.8167,charge,8.546,2.0,2.0,,300.1,4.0016,4.1198,13.8314,2.7609,0.92641
RPC_US06,641,0.8167,charge,8.546,10.0,9.0,,300.1,4.0016,4.1457,16.8621,2.7609,0.92641
RPC_US06,641,0.7252,charge,15.049,2.0,2.0,,300.1,3.9141,4.1047,12.6657,2.7609,0.92641
RPC_US06,641,0.7252,charge,15.049,10.0,9.0,,300.1,3.9141,4.1375,14.8453,2.7609,0.92641
RPC_US06,641,0.6332,charge,15.059,2.0,2.0,,300.1,3.8294,4.0263,13.0757,2.7609,0.92641
RPC_US06,641,0.6332,charge,15.059,10.0,9.0,,300.1,3.8294,4.0676,15.8183,2.7609,0.92641
RPC_US06,641,0.5411,charge,15.056,2.0,1.0,,300.1,3.7264,3.9063,11.9487,2.7609,0.92641
RPC_US06,641,0.5411,charge,15.056,10.0,9.01,,300.1,3.7264,3.9506,14.8911,2.7609,0.92641
RPC_US06,641,0.449,charge,15.053,2.0,2.0,,300.1,3.647,3.8347,12.4689,2.7609,0.92641
RPC_US06,641,0.449,charge,15.053,10.0,9.0,,300.1,3.647,3.8689,14.7408,2.7609,0.92641
RPC_US06,641,0.357,charge,15.052,2.0,2.0,,300.1,3.5859,3.778,12.762,2.7609,0.92641
RPC_US06,641,0.357,charge,15.052,10.0,9.0,,300.1,3.5859,3.8118,15.0075,2.7609,0.92641
RPC_US06,641,0.2649,charge,15.068,2.0,2.0,,300.1,3.5036,3.7066,13.4723,2.7609,0.92641
RPC_US06,641,0.2649,charge,15.068,10.0,9.0,,300.1,3.5036,3.7464,16.1136,2.7609,0.92641
RPC_US06,641,0.2189,charge,15.072,2.0,2.0,,300.1,3.4443,3.6601,14.3184,2.7609,0.92641
RPC_US06,641,0.2189,charge,15.072,10.0,9.0,,300.1,3.4443,3.702,17.0985,2.7609,0.92641
RPC_US06,641,0.1729,charge,15.05,2.0,2.0,,300.1,3.3988,3.6219,14.8239,2.7609,0.92641
RPC_US06,641,0.1729,charge,15.05,10.0,9.01,,300.1,3.3988,3.6509,16.7508,2.7609,0.92641
RPC_US06,641,0.1268,charge,15.046,2.0,2.0,,300.1,3.3549,3.6059,16.6816,2.7609,0.92641
RPC_US06,641,0.1268,charge,15.046,10.0,9.0,,300.1,3.3549,3.6351,18.6223,2.7609,0.92641
RPC_US06,641,0.0992,charge,15.12,2.0,1.0,,300.1,3.2361,3.5145,18.4133,2.7609,0.92641
RPC_US06,641,0.0992,charge,15.12,10.0,9.0,,300.1,3.2361,3.6043,24.3527,2.7609,0.92641
RPC_US06,641,0.0855,charge,15.171,2.0,2.0,,300.1,3.1241,3.4445,21.1192,2.7609,0.92641
RPC_US06,641,0.0855,charge,15.171,10.0,9.0,,300.1,3.1241,3.5429,27.6053,2.7609,0.92641
RPC_US06,762,0.9973,discharge,-30.0,2.0,2.0,,4367.3,4.1532,3.6432,17.0,2.7391,0.91907
RPC_US06,762,0.9973,discharge,-30.0,10.0,9.0,,4367.3,4.1532,3.5997,18.45,2.7391,0.91907
RPC_US06,762,0.9727,charge,3.27,2.0,2.0,,60.0,4.0886,4.15,18.7768,2.7391,0.91907
RPC_US06,762,0.9727,charge,3.27,10.0,9.0,,60.0,4.0886,4.1499,18.7462,2.7391,0.91907
RPC_US06,762,0.9516,discharge,-30.0,2.0,2.0,,3600.0,4.0924,3.6238,15.62,2.7391,0.91907
RPC_US06,762,0.9516,discharge,-30.0,10.0,9.0,,3600.0,4.0924,3.5781,17.1433,2.7391,0.91907
RPC_US06,762,0.9272,charge,4.634,2.0,2.0,,60.0,4.0716,4.1501,16.94,2.7391,0.91907
RPC_US06,762,0.9272,charge,4.634,10.0,9.0,,60.0,4.0716,4.15,16.9184,2.7391,0.91907
RPC_US06,762,0.9059,discharge,-30.0,2.0,2.0,,3600.0,4.0769,3.6235,15.1133,2.7391,0.91907
RPC_US06,762,0.9059,discharge,-30.0,10.0,9.0,,3600.0,4.0769,3.5633,17.12,2.7391,0.91907
RPC_US06,762,0.8816,charge,5.515,2.0,2.0,,60.0,4.0573,4.1502,16.8437,2.7391,0.91907
RPC_US06,762,0.8816,charge,5.515,10.0,9.0,,60.0,4.0573,4.15,16.8075,2.7391,0.91907
RPC_US06,762,0.8146,discharge,-30.0,2.0,2.0,,3600.0,4.0214,3.578,14.78,2.7391,0.91907
RPC_US06,762,0.8146,discharge,-30.0,10.0,9.0,,3600.0,4.0214,3.5028,17.2867,2.7391,0.91907
RPC_US06,762,0.791,charge,11.535,2.0,2.0,,60.0,3.964,4.1503,16.1508,2.7391,0.91907
RPC_US06,762,0.791,charge,11.535,10.0,9.0,,60.0,3.964,4.1501,16.1335,2.7391,0.91907
RPC_US06,762,0.7233,discharge,-30.0,2.0,2.0,,3600.0,3.9219,3.5009,14.0333,2.7391,0.91907
RPC_US06,762,0.7233,discharge,-30.0,10.0,9.0,,3600.0,3.9219,3.435,16.23,2.7391,0.91907
RPC_US06,762,0.6996,charge,15.001,2.0,2.0,,60.0,3.875,4.0719,13.1258,2.7391,0.91907
RPC_US06,762,0.6996,charge,15.001,10.0,9.0,,60.0,3.875,4.1179,16.1923,2.7391,0.91907
RPC_US06,762,0.6319,discharge,-30.0,2.0,2.0,,3600.0,3.8422,3.4312,13.7,2.7391,0.91907
RPC_US06,762,0.6319,discharge,-30.0,10.0,9.0,,3600.0,3.8422,3.3586,16.12,2.7391,0.91907
RPC_US06,762,0.6083,charge,15.001,2.0,2.0,,60.0,3.7899,3.9813,12.7591,2.7391,0.91907
RPC_US06,762,0.6083,charge,15.001,10.0,9.0,,60.0,3.7899,4.0227,15.519,2.7391,0.91907
RPC_US06,762,0.5406,discharge,-30.0,2.0,2.0,,3600.0,3.7397,3.3359,13.46,2.7391,0.91907
RPC_US06,762,0.5406,discharge,-30.0,10.0,9.0,,3600.0,3.7397,3.256,16.1233,2.7391,0.91907
RPC_US06,762,0.517,charge,15.001,2.0,2.0,,60.0,3.6991,3.8915,12.8258,2.7391,0.91907
RPC_US06,762,0.517,charge,15.001,10.0,9.0,,60.0,3.6991,3.9323,15.5456,2.7391,0.91907
RPC_US06,762,0.4493,discharge,-30.0,2.0,2.0,,3600.0,3.6593,3.2535,13.5267,2.7391,0.91907
RPC_US06,762,0.4493,discharge,-30.0,10.0,9.0,,3600.0,3.6593,3.1692,16.3367,2.7391,0.91907
RPC_US06,762,0.4256,charge,15.001,2.0,2.0,,60.0,3.6211,3.814,12.8591,2.7391,0.91907
RPC_US06,762,0.4256,charge,15.001,10.0,9.0,,60.0,3.6211,3.8554,15.619,2.7391,0.91907
RPC_US06,762,0.3579,discharge,-30.0,2.0,1.0,,3600.0,3.6008,3.2007,13.3367,2.7391,0.91907
RPC_US06,762,0.3579,discharge,-30.0,10.0,9.0,,3600.0,3.6008,3.083,17.26,2.7391,0.91907
RPC_US06,762,0.3343,charge,15.001,2.0,2.0,,60.0,3.5555,3.7529,13.1591,2.7391,0.91907
RPC_US06,762,0.3343,charge,15.001,10.0,9.0,,60.0,3.5555,3.7977,16.1456,2.7391,0.91907
RPC_US06,762,0.2666,discharge,-30.0,2.0,2.0,,3600.0,3.5144,3.0435,15.6967,2.7391,0.91907
RPC_US06,762,0.2666,discharge,-30.0,10.0,9.0,,3600.0,3.5144,2.907,20.2467,2.7391,0.91907
RPC_US06,762,0.243,charge,15.001,2.0,2.0,,60.0,3.4632,3.6738,14.0391,2.7391,0.91907
RPC_US06,762,0.243,charge,15.001,10.0,9.0,,60.0,3.4632,3.7188,17.0389,2.7391,0.91907
RPC_US06,762,0.221,discharge,-30.0,2.0,2.0,,3600.0,3.4552,2.9223,17.7633,2.7391,0.91907
RPC_US06,762,0.221,discharge,-30.0,10.0,9.0,,3600.0,3.4552,2.666,26.3067,2.7391,0.91907
RPC_US06,762,0.1973,charge,15.001,2.0,2.0,,60.0,3.4157,3.6267,14.0657,2.7391,0.91907
RPC_US06,762,0.1973,charge,15.001,10.0,9.0,,60.0,3.4157,3.6595,16.2522,2.7391,0.91907
RPC_US06,762,0.1753,discharge,-24.085,2.0,2.0,,3600.0,3.4154,2.6553,31.5591,2.7391,0.91907
RPC_US06,762,0.1753,discharge,-24.085,10.0,9.0,,3600.0,3.4154,2.5497,35.9435,2.7391,0.91907
RPC_US06,762,0.1562,charge,15.0,2.0,2.0,,60.0,3.3837,3.6091,15.0267,2.7391,0.91907
RPC_US06,762,0.1562,charge,15.0,10.0,9.0,,60.0,3.3837,3.6407,17.1333,2.7391,0.91907
RPC_US06,762,0.1296,discharge,-11.168,2.0,2.0,,3600.0,3.3754,2.549,73.9971,2.7391,0.91907
RPC_US06,762,0.1296,discharge,-11.168,10.0,9.0,,3600.0,3.3754,2.5499,73.9165,2.7391,0.91907
RPC_US06,762,0.1199,charge,15.0,2.0,2.0,,60.0,3.3098,3.5822,18.16,2.7391,0.91907
RPC_US06,762,0.1199,charge,15.0,10.0,9.0,,60.0,3.3098,3.6328,21.5333,2.7391,0.91907
RPC_US06,762,0.1024,discharge,-6.532,2.0,2.0,,3600.0,3.2628,2.5494,109.2229,2.7391,0.91907
RPC_US06,762,0.1024,discharge,-6.532,10.0,9.0,,3600.0,3.2628,2.5499,109.1463,2.7391,0.91907
RPC_US06,762,0.0973,charge,15.001,2.0,1.0,,60.0,3.1748,3.4682,19.5587,2.7391,0.91907
RPC_US06,762,0.0973,charge,15.001,10.0,9.0,,60.0,3.1748,3.5834,27.2382,2.7391,0.91907
RPC_US06,762,0.089,discharge,-4.793,2.0,2.0,,3600.0,3.1672,2.5496,128.8653,2.7391,0.91907
RPC_US06,762,0.089,discharge,-4.793,10.0,9.0,,3600.0,3.1672,2.55,128.7819,2.7391,0.91907
RPC_US06,762,0.0857,charge,15.0,2.0,2.0,,60.0,3.0742,3.415,22.72,2.7391,0.91907
RPC_US06,762,0.0857,charge,15.0,10.0,9.0,,60.0,3.0742,3.5308,30.44,2.7391,0.91907
RPC_US06,762,0.9973,discharge,-30.0,2.0,2.0,,1976.7,4.165,3.6546,17.0133,2.7391,0.91907
RPC_US06,762,0.9973,discharge,-30.0,10.0,9.0,,1976.7,4.165,3.6079,18.57,2.7391,0.91907
RPC_US06,762,0.9516,discharge,-30.0,2.0,2.0,,300.0,4.0874,3.6445,14.7633,2.7391,0.91907
RPC_US06,762,0.9516,discharge,-30.0,10.0,9.0,,300.0,4.0874,3.5934,16.4667,2.7391,0.91907
RPC_US06,762,0.9059,discharge,-30.0,2.0,2.0,,300.0,4.0722,3.6421,14.3367,2.7391,0.91907
RPC_US06,762,0.9059,discharge,-30.0,10.0,9.0,,300.0,4.0722,3.5677,16.8167,2.7391,0.91907
RPC_US06,762,0.8146,discharge,-30.0,2.0,2.0,,300.0,3.9988,3.5779,14.03,2.7391,0.91907
RPC_US06,762,0.8146,discharge,-30.0,10.0,9.0,,300.0,3.9988,3.5035,16.51,2.7391,0.91907
RPC_US06,762,0.7233,discharge,-30.0,2.0,2.0,,300.0,3.9127,3.5094,13.4433,2.7391,0.91907
RPC_US06,762,0.7233,discharge,-30.0,10.0,9.0,,300.0,3.9127,3.4399,15.76,2.7391,0.91907
RPC_US06,762,0.6319,discharge,-30.0,2.0,2.0,,300.0,3.8246,3.433,13.0533,2.7391,0.91907
RPC_US06,762,0.6319,discharge,-30.0,10.0,9.0,,300.0,3.8246,3.3585,15.5367,2.7391,0.91907
RPC_US06,762,0.5406,discharge,-30.0,2.0,2.0,,300.0,3.7248,3.3322,13.0867,2.7391,0.91907
RPC_US06,762,0.5406,discharge,-30.0,10.0,9.0,,300.0,3.7248,3.2513,15.7833,2.7391,0.91907
RPC_US06,762,0.4493,discharge,-30.0,2.0,2.0,,300.0,3.6459,3.2494,13.2167,2.7391,0.91907
RPC_US06,762,0.4493,discharge,-30.0,10.0,9.0,,300.0,3.6459,3.1621,16.1267,2.7391,0.91907
RPC_US06,762,0.3579,discharge,-30.0,2.0,2.0,,300.0,3.5845,3.1708,13.79,2.7391,0.91907
RPC_US06,762,0.3579,discharge,-30.0,10.0,9.0,,300.0,3.5845,3.0689,17.1867,2.7391,0.91907
RPC_US06,762,0.2666,discharge,-30.0,2.0,2.0,,300.0,3.5018,3.0258,15.8667,2.7391,0.91907
RPC_US06,762,0.2666,discharge,-30.0,10.0,9.0,,300.0,3.5018,2.8553,21.55,2.7391,0.91907
RPC_US06,762,0.221,discharge,-30.0,2.0,1.0,,300.0,3.4428,2.9221,17.3567,2.7391,0.91907
RPC_US06,762,0.221,discharge,-30.0,10.0,9.0,,300.0,3.4428,2.5494,29.78,2.7391,0.91907
RPC_US06,762,0.1753,discharge,-18.351,2.0,2.0,,300.0,3.3993,2.5479,46.3966,2.7391,0.91907
RPC_US06,762,0.1753,discharge,-18.351,10.0,9.0,,300.0,3.3993,2.5497,46.2985,2.7391,0.91907
RPC_US06,762,0.1296,discharge,-9.201,2.0,2.0,,300.0,3.3543,2.5492,87.5009,2.7391,0.91907
RPC_US06,762,0.1296,discharge,-9.201,10.0,9.0,,300.0,3.3543,2.5498,87.4357,2.7391,0.91907
RPC_US06,762,0.1025,discharge,-5.301,2.0,2.0,,300.0,3.2343,2.5496,129.1546,2.7391,0.91907
RPC_US06,762,0.1025,discharge,-5.301,10.0,9.0,,300.0,3.2343,2.5499,129.098,2.7391,0.91907
RPC_US06,762,0.0893,discharge,-3.515,2.0,2.0,,300.0,3.1263,2.5498,164.0207,2.7391,0.91907
RPC_US06,762,0.0893,discharge,-3.515,10.0,9.0,,300.0,3.1263,2.5499,163.9923,2.7391,0.91907
RPC_US06,762,0.9973,discharge,-29.841,2.0,2.0,,1974.2,4.1651,3.66,16.9261,2.7391,0.91907
RPC_US06,762,0.9973,discharge,-29.841,10.0,9.0,,1974.2,4.1651,3.6082,18.6619,2.7391,0.91907
RPC_US06,762,0.9516,discharge,-29.8,2.0,2.0,,300.0,4.0873,3.6499,14.6779,2.7391,0.91907
RPC_US06,762,0.9516,discharge,-29.8,10.0,9.0,,300.0,4.0873,3.5937,16.5638,2.7391,0.91907
RPC_US06,762,0.906,discharge,-29.706,2.0,2.0,,300.0,4.0721,3.6503,14.1994,2.7391,0.91907
RPC_US06,762,0.906,discharge,-29.706,10.0,9.0,,300.0,4.0721,3.5686,16.9497,2.7391,0.91907
RPC_US06,762,0.8147,discharge,-29.711,2.0,2.0,,300.0,3.9987,3.5862,13.8837,2.7391,0.91907
RPC_US06,762,0.8147,discharge,-29.711,10.0,9.0,,300.0,3.9987,3.5045,16.6336,2.7391,0.91907
RPC_US06,762,0.7233,discharge,-29.709,2.0,2.0,,300.0,3.9127,3.5171,13.3156,2.7391,0.91907
RPC_US06,762,0.7233,discharge,-29.709,10.0,9.0,,300.0,3.9127,3.4408,15.8838,2.7391,0.91907
RPC_US06,762,0.632,discharge,-29.678,2.0,2.0,,300.0,3.8245,3.4417,12.8987,2.7391,0.91907
RPC_US06,762,0.632,discharge,-29.678,10.0,9.0,,300.0,3.8245,3.36,15.6516,2.7391,0.91907
RPC_US06,762,0.5407,discharge,-29.639,2.0,2.0,,300.0,3.7248,3.3423,12.9053,2.7391,0.91907
RPC_US06,762,0.5407,discharge,-29.639,10.0,9.0,,300.0,3.7248,3.2533,15.9081,2.7391,0.91907
RPC_US06,762,0.4494,discharge,-29.599,2.0,2.0,,300.0,3.6457,3.261,12.9973,2.7391,0.91907
RPC_US06,762,0.4494,discharge,-29.599,10.0,9.0,,300.0,3.6457,3.1644,16.261,2.7391,0.91907
RPC_US06,762,0.3581,discharge,-29.496,2.0,2.0,,300.0,3.5844,3.1852,13.5338,2.7391,0.91907
RPC_US06,762,0.3581,discharge,-29.496,10.0,9.0,,300.0,3.5844,3.0719,17.3749,2.7391,0.91907
RPC_US06,762,0.2668,discharge,-28.933,2.0,2.0,,300.0,3.5017,3.0575,15.3527,2.7391,0.91907
RPC_US06,762,0.2668,discharge,-28.933,10.0,9.0,,300.0,3.5017,2.8662,21.9645,2.7391,0.91907
RPC_US06,762,0.2215,discharge,-26.267,2.0,2.0,,300.0,3.4425,2.9773,17.7104,2.7391,0.91907
RPC_US06,762,0.2215,discharge,-26.267,10.0,9.0,,300.0,3.4425,2.6167,31.4387,2.7391,0.91907
RPC_US06,762,0.1769,discharge,-13.064,2.0,2.0,,300.0,3.3985,3.0863,23.8986,2.7391,0.91907
RPC_US06,762,0.1769,discharge,-13.064,10.0,9.0,,300.0,3.3985,2.8005,45.7764,2.7391,0.91907
RPC_US06,762,0.1318,discharge,-6.456,2.0,2.0,,300.0,3.3521,3.1128,37.0654,2.7391,0.91907
RPC_US06,762,0.1318,discharge,-6.456,10.0,9.0,,300.0,3.3521,2.8587,76.4233,2.7391,0.91907
RPC_US06,762,0.1046,discharge,-3.591,2.0,2.0,,300.0,3.2275,3.0467,50.3495,2.7391,0.91907
RPC_US06,762,0.1046,discharge,-3.591,10.0,9.0,,300.0,3.2275,2.8538,104.0686,2.7391,0.91907
RPC_US06,762,0.091,discharge,-2.498,2.0,2.0,,300.0,3.1147,2.971,57.526,2.7391,0.91907
RPC_US06,762,0.091,discharge,-2.498,10.0,9.0,,300.0,3.1147,2.8175,118.9752,2.7391,0.91907
RPC_US06,762,0.9973,discharge,-29.858,2.0,2.0,,1979.5,4.1649,3.6581,16.9737,2.7391,0.91907
RPC_US06,762,0.9973,discharge,-29.858,10.0,9.0,,1979.5,4.1649,3.6064,18.7052,2.7391,0.91907
RPC_US06,762,0.9516,discharge,-29.813,2.0,2.0,,300.0,4.0873,3.6484,14.7218,2.7391,0.91907
RPC_US06,762,0.9516,discharge,-29.813,10.0,9.0,,300.0,4.0873,3.5922,16.6068,2.7391,0.91907
RPC_US06,762,0.906,discharge,-29.718,2.0,2.0,,300.0,4.072,3.6489,14.2374,2.7391,0.91907
RPC_US06,762,0.906,discharge,-29.718,10.0,9.0,,300.0,4.072,3.5672,16.9866,2.7391,0.91907
RPC_US06,762,0.8147,discharge,-29.72,2.0,2.0,,300.0,3.9985,3.5851,13.9101,2.7391,0.91907
RPC_US06,762,0.8147,discharge,-29.72,10.0,9.0,,300.0,3.9985,3.5033,16.6625,2.7391,0.91907
RPC_US06,762,0.7233,discharge,-29.718,2.0,2.0,,300.0,3.9125,3.5162,13.3356,2.7391,0.91907
RPC_US06,762,0.7233,discharge,-29.718,10.0,9.0,,300.0,3.9125,3.4397,15.9098,2.7391,0.91907
RPC_US06,762,0.632,discharge,-29.686,2.0,1.0,,300.0,3.8243,3.4587,12.3156,2.7391,0.91907
RPC_US06,762,0.632,discharge,-29.686,10.0,9.0,,300.0,3.8243,3.3588,15.6808,2.7391,0.91907
RPC_US06,762,0.5407,discharge,-29.649,2.0,2.0,,300.0,3.7246,3.3412,12.9313,2.7391,0.91907
RPC_US06,762,0.5407,discharge,-29.649,10.0,9.0,,300.0,3.7246,3.2522,15.9331,2.7391,0.91907
RPC_US06,762,0.4494,discharge,-29.607,2.0,2.0,,300.0,3.6457,3.2598,13.0341,2.7391,0.91907
RPC_US06,762,0.4494,discharge,-29.607,10.0,9.0,,300.0,3.6457,3.163,16.3036,2.7391,0.91907
RPC_US06,762,0.358,discharge,-29.508,2.0,2.0,,300.0,3.5842,3.184,13.5627,2.7391,0.91907
RPC_US06,762,0.358,discharge,-29.508,10.0,9.0,,300.0,3.5842,3.0703,17.4159,2.7391,0.91907
RPC_US06,762,0.2668,discharge,-29.071,2.0,2.0,,300.0,3.5018,3.0538,15.4105,2.7391,0.91907
RPC_US06,762,0.2668,discharge,-29.071,10.0,9.0,,300.0,3.5018,2.859,22.1114,2.7391,0.91907
RPC_US06,762,0.2214,discharge,-27.912,2.0,2.0,,300.0,3.4425,2.9463,17.7773,2.7391,0.91907
RPC_US06,762,0.2214,discharge,-27.912,10.0,9.0,,300.0,3.4425,2.5296,32.7064,2.7391,0.91907
RPC_US06,762,0.1766,discharge,-18.252,2.0,2.0,,300.0,3.3985,2.9455,24.8192,2.7391,0.91907
RPC_US06,762,0.1315,discharge,-10.361,2.0,2.0,,300.0,3.353,2.9538,38.531,2.7391,0.91907
RPC_US06,762,0.1044,discharge,-6.404,2.0,2.0,,300.0,3.2297,2.8977,51.845,2.7391,0.91907
RPC_US06,762,0.0909,discharge,-4.685,2.0,2.0,,300.0,3.1168,2.8389,59.3227,2.7391,0.91907
RPC_US06,762,0.9973,discharge,-29.857,2.0,2.0,,1977.9,4.1649,3.6582,16.9709,2.7391,0.91907
RPC_US06,762,0.9973,discharge,-29.857,10.0,9.0,,1977.9,4.1649,3.6065,18.7025,2.7391,0.91907
RPC_US06,762,0.9516,discharge,-29.812,2.0,2.0,,300.0,4.0872,3.6485,14.7156,2.7391,0.91907
RPC_US06,762,0.9516,discharge,-29.812,10.0,9.0,,300.0,4.0872,3.5923,16.6007,2.7391,0.91907
RPC_US06,762,0.906,discharge,-29.717,2.0,2.0,,300.0,4.0721,3.6489,14.241,2.7391,0.91907
RPC_US06,762,0.906,discharge,-29.717,10.0,9.0,,300.0,4.0721,3.5673,16.9869,2.7391,0.91907
RPC_US06,762,0.8147,discharge,-29.72,2.0,2.0,,300.0,3.9982,3.5848,13.9098,2.7391,0.91907
RPC_US06,762,0.8147,discharge,-29.72,10.0,9.0,,300.0,3.9982,3.5032,16.6555,2.7391,0.91907
RPC_US06,762,0.7233,discharge,-29.719,2.0,2.0,,300.0,3.9124,3.5161,13.3349,2.7391,0.91907
RPC_US06,762,0.7233,discharge,-29.719,10.0,9.0,,300.0,3.9124,3.4395,15.9124,2.7391,0.91907
RPC_US06,762,0.632,discharge,-29.689,2.0,2.0,,300.0,3.8244,3.4404,12.9341,2.7391,0.91907
RPC_US06,762,0.632,discharge,-29.689,10.0,9.0,,300.0,3.8244,3.3587,15.6859,2.7391,0.91907
RPC_US06,762,0.5407,discharge,-29.651,2.0,2.0,,300.0,3.7243,3.3412,12.9201,2.7391,0.91907
RPC_US06,762,0.5407,discharge,-29.651,10.0,9.0,,300.0,3.7243,3.2519,15.9317,2.7391,0.91907
RPC_US06,762,0.4494,discharge,-29.61,2.0,2.0,,300.0,3.6456,3.2595,13.0395,2.7391,0.91907
RPC_US06,762,0.4494,discharge,-29.61,10.0,9.0,,300.0,3.6456,3.1627,16.3087,2.7391,0.91907
RPC_US06,762,0.3581,discharge,-29.514,2.0,2.0,,300.0,3.5842,3.1835,13.5766,2.7391,0.91907
RPC_US06,762,0.3581,discharge,-29.514,10.0,9.0,,300.0,3.5842,3.0694,17.4426,2.7391,0.91907
RPC_US06,762,0.2668,discharge,-29.091,2.0,2.0,,300.0,3.5016,3.0526,15.4343,2.7391,0.91907
RPC_US06,762,0.2668,discharge,-29.091,10.0,9.01,,300.0,3.5016,2.8558,22.1993,2.7391,0.91907
RPC_US06,762,0.2214,discharge,-27.965,2.0,2.0,,300.0,3.4425,2.9437,17.8366,2.7391,0.91907
RPC_US06,762,0.2214,discharge,-27.965,10.0,9.0,,300.0,3.4425,2.5195,33.0055,2.7391,0.91907
RPC_US06,762,0.1766,discharge,-17.567,2.0,2.0,,300.0,3.3984,2.9671,24.5524,2.7391,0.91907
RPC_US06,762,0.1766,discharge,-17.567,10.0,8.71,,300.0,3.3984,2.4992,51.1883,2.7391,0.91907
RPC_US06,762,0.1316,discharge,-9.819,2.0,2.0,,300.0,3.3529,2.9739,38.6004,2.7391,0.91907
RPC_US06,762,0.1316,discharge,-9.819,10.0,9.0,,300.0,3.3529,2.5081,86.0412,2.7391,0.91907
RPC_US06,762,0.1045,discharge,-6.006,2.0,2.0,,300.0,3.23,2.9169,52.1351,2.7391,0.91907
RPC_US06,762,0.1045,discharge,-6.006,10.0,9.0,,300.0,3.23,2.5169,118.7402,2.7391,0.91907
RPC_US06,762,0.0909,discharge,-4.329,2.0,2.0,,300.0,3.1172,2.859,59.6456,2.7391,0.91907
RPC_US06,762,0.0909,discharge,-4.329,10.0,9.0,,300.0,3.1172,2.5235,137.148,2.7391,0.91907
RPC_US06,762,0.9973,discharge,-29.861,2.0,2.0,,1981.3,4.1649,3.6575,16.9923,2.7391,0.91907
RPC_US06,762,0.9973,discharge,-29.861,10.0,9.0,,1981.3,4.1649,3.6061,18.7137,2.7391,0.91907
RPC_US06,762,0.9516,discharge,-29.816,2.0,2.0,,300.0,4.0873,3.6481,14.7301,2.7391,0.91907
RPC_US06,762,0.9516,discharge,-29.816,10.0,9.0,,300.0,4.0873,3.5917,16.6217,2.7391,0.91907
RPC_US06,762,0.906,discharge,-29.723,2.0,2.0,,300.0,4.072,3.6484,14.2516,2.7391,0.91907
RPC_US06,762,0.906,discharge,-29.723,10.0,9.0,,300.0,4.072,3.5666,17.0037,2.7391,0.91907
RPC_US06,762,0.8147,discharge,-29.727,2.0,2.0,,300.0,3.9981,3.5842,13.9236,2.7391,0.91907
RPC_US06,762,0.8147,discharge,-29.727,10.0,9.0,,300.0,3.9981,3.5026,16.6686,2.7391,0.91907
RPC_US06,762,0.7233,discharge,-29.723,2.0,2.0,,300.0,3.9122,3.5156,13.3434,2.7391,0.91907
RPC_US06,762,0.7233,discharge,-29.723,10.0,9.0,,300.0,3.9122,3.4391,15.9172,2.7391,0.91907
RPC_US06,762,0.632,discharge,-29.694,2.0,2.0,,300.0,3.8242,3.4399,12.9418,2.7391,0.91907
RPC_US06,762,0.632,discharge,-29.694,10.0,9.0,,300.0,3.8242,3.358,15.6999,2.7391,0.91907
RPC_US06,762,0.5407,discharge,-29.657,2.0,2.0,,300.0,3.724,3.3405,12.931,2.7391,0.91907
RPC_US06,762,0.5407,discharge,-29.657,10.0,9.0,,300.0,3.724,3.2512,15.942,2.7391,0.91907
RPC_US06,762,0.4494,discharge,-29.615,2.0,2.0,,300.0,3.6453,3.259,13.0438,2.7391,0.91907
RPC_US06,762,0.4494,discharge,-29.615,10.0,9.0,,300.0,3.6453,3.1621,16.3158,2.7391,0.91907
RPC_US06,762,0.3581,discharge,-29.524,2.0,2.0,,300.0,3.584,3.1827,13.5921,2.7391,0.91907
RPC_US06,762,0.3581,discharge,-29.524,10.0,9.0,,300.0,3.584,3.0685,17.4601,2.7391,0.91907
RPC_US06,762,0.2668,discharge,-29.119,2.0,2.0,,300.0,3.5016,3.051,15.4747,2.7391,0.91907
RPC_US06,762,0.2668,discharge,-29.119,10.0,9.0,,300.0,3.5016,2.8518,22.3157,2.7391,0.91907
RPC_US06,762,0.2214,discharge,-28.032,2.0,2.0,,300.0,3.4422,2.9402,17.9084,2.7391,0.91907
RPC_US06,762,0.2214,discharge,-28.032,10.0,9.0,,300.0,3.4422,2.5084,33.3125,2.7391,0.91907
RPC_US06,762,0.1767,discharge,-16.688,2.0,2.0,,300.0,3.3982,2.9869,24.6465,2.7391,0.91907
RPC_US06,762,0.1767,discharge,-16.688,10.0,9.0,,300.0,3.3982,2.5333,51.8277,2.7391,0.91907
RPC_US06,762,0.1316,discharge,-9.398,2.0,2.0,,300.0,3.353,2.9878,38.8577,2.7391,0.91907
RPC_US06,762,0.1316,discharge,-9.398,10.0,9.0,,300.0,3.353,2.5436,86.121,2.7391,0.91907
RPC_US06,762,0.1045,discharge,-6.021,2.0,2.0,,300.0,3.23,2.9131,52.6351,2.7391,0.91907
RPC_US06,762,0.1045,discharge,-6.021,10.0,9.0,,300.0,3.23,2.51,119.5874,2.7391,0.91907
RPC_US06,762,0.0909,discharge,-4.335,2.0,2.0,,300.0,3.1175,2.857,60.0874,2.7391,0.91907
RPC_US06,762,0.0909,discharge,-4.335,10.0,9.0,,300.0,3.1175,2.5179,138.3049,2.7391,0.91907
RPC_US06,762,0.9973,discharge,-29.865,2.0,2.0,,1983.9,4.1646,3.6571,16.9929,2.7391,0.91907
RPC_US06,762,0.9973,discharge,-29.865,10.0,9.0,,1983.9,4.1646,3.6055,18.7206,2.7391,0.91907
RPC_US06,762,0.9516,discharge,-29.82,2.0,1.0,,300.0,4.0871,3.6617,14.2656,2.7391,0.91907
RPC_US06,762,0.9516,discharge,-29.82,10.0,9.0,,300.0,4.0871,3.5912,16.6298,2.7391,0.91907
RPC_US06,762,0.906,discharge,-29.728,2.0,2.0,,300.0,4.072,3.6479,14.266,2.7391,0.91907
RPC_US06,762,0.906,discharge,-29.728,10.0,9.0,,300.0,4.072,3.5661,17.0176,2.7391,0.91907
RPC_US06,762,0.8147,discharge,-29.732,2.0,2.0,,300.0,3.9978,3.5837,13.9278,2.7391,0.91907
RPC_US06,762,0.8147,discharge,-29.732,10.0,9.0,,300.0,3.9978,3.5019,16.679,2.7391,0.91907
RPC_US06,762,0.7233,discharge,-29.727,2.0,2.0,,300.0,3.9122,3.5151,13.3585,2.7391,0.91907
RPC_US06,762,0.7233,discharge,-29.727,10.0,9.0,,300.0,3.9122,3.4385,15.9353,2.7391,0.91907
RPC_US06,762,0.632,discharge,-29.7,2.0,2.0,,300.0,3.824,3.4396,12.9425,2.7391,0.91907
RPC_US06,762,0.632,discharge,-29.7,10.0,9.0,,300.0,3.824,3.3576,15.7034,2.7391,0.91907
RPC_US06,762,0.5407,discharge,-29.664,2.0,2.0,,300.0,3.7239,3.3396,12.9551,2.7391,0.91907
RPC_US06,762,0.5407,discharge,-29.664,10.0,9.0,,300.0,3.7239,3.2507,15.952,2.7391,0.91907
RPC_US06,762,0.4494,discharge,-29.624,2.0,2.0,,300.0,3.6452,3.2583,13.0604,2.7391,0.91907
RPC_US06,762,0.4494,discharge,-29.624,10.0,9.0,,300.0,3.6452,3.1612,16.3381,2.7391,0.91907
RPC_US06,762,0.3581,discharge,-29.532,2.0,1.0,,300.0,3.5838,3.205,12.8265,2.7391,0.91907
RPC_US06,762,0.3581,discharge,-29.532,10.0,9.01,,300.0,3.5838,3.0673,17.4892,2.7391,0.91907
RPC_US06,762,0.2668,discharge,-29.026,2.0,2.0,,300.0,3.5015,3.0511,15.5174,2.7391,0.91907
RPC_US06,762,0.2668,discharge,-29.026,10.0,9.0,,300.0,3.5015,2.8514,22.3975,2.7391,0.91907
RPC_US06,762,0.2215,discharge,-26.946,2.0,2.0,,300.0,3.442,2.957,17.999,2.7391,0.91907
RPC_US06,762,0.2215,discharge,-26.946,10.0,9.0,,300.0,3.442,2.5566,32.8583,2.7391,0.91907
RPC_US06,762,0.1767,discharge,-16.762,2.0,2.0,,300.0,3.3977,2.9796,24.9426,2.7391,0.91907
RPC_US06,762,0.1767,discharge,-16.762,10.0,9.0,,300.0,3.3977,2.5183,52.4623,2.7391,0.91907
RPC_US06,762,0.1316,discharge,-9.421,2.0,2.0,,300.0,3.3529,2.9843,39.1256,2.7391,0.91907
RPC_US06,762,0.1316,discharge,-9.421,10.0,9.0,,300.0,3.3529,2.5353,86.7853,2.7391,0.91907
RPC_US06,762,0.1045,discharge,-6.031,2.0,2.0,,300.0,3.2299,2.9104,52.9728,2.7391,0.91907
RPC_US06,762,0.1045,discharge,-6.031,10.0,9.0,,300.0,3.2299,2.5034,120.453,2.7391,0.91907
RPC_US06,762,0.0909,discharge,-4.341,2.0,2.0,,300.0,3.1175,2.8549,60.4867,2.7391,0.91907
RPC_US06,762,0.0909,discharge,-4.341,10.0,9.0,,300.0,3.1175,2.5129,139.2622,2.7391,0.91907
RPC_US06,762,0.9973,discharge,-29.872,2.0,2.0,,1985.6,4.1647,3.6561,17.0257,2.7391,0.91907
RPC_US06,762,0.9973,discharge,-29.872,10.0,9.0,,1985.6,4.1647,3.6047,18.7463,2.7391,0.91907
RPC_US06,762,0.9516,discharge,-29.826,2.0,2.0,,300.0,4.0871,3.647,14.7558,2.7391,0.91907
RPC_US06,762,0.9516,discharge,-29.826,10.0,9.0,,300.0,4.0871,3.5903,16.6569,2.7391,0.91907
RPC_US06,762,0.906,discharge,-29.734,2.0,2.0,,300.0,4.072,3.647,14.2934,2.7391,0.91907
RPC_US06,762,0.906,discharge,-29.734,10.0,9.0,,300.0,4.072,3.565,17.0512,2.7391,0.91907
RPC_US06,762,0.8147,discharge,-29.737,2.0,2.0,,300.0,3.9976,3.5829,13.9456,2.7391,0.91907
RPC_US06,762,0.8147,discharge,-29.737,10.0,9.0,,300.0,3.9976,3.5011,16.6964,2.7391,0.91907
RPC_US06,762,0.7233,discharge,-29.735,2.0,2.0,,300.0,3.9121,3.5143,13.3784,2.7391,0.91907
RPC_US06,762,0.7233,discharge,-29.735,10.0,9.0,,300.0,3.9121,3.4375,15.9613,2.7391,0.91907
RPC_US06,762,0.632,discharge,-29.706,2.0,2.0,,300.0,3.8238,3.4385,12.9702,2.7391,0.91907
RPC_US06,762,0.632,discharge,-29.706,10.0,9.0,,300.0,3.8238,3.3567,15.7238,2.7391,0.91907
RPC_US06,762,0.5407,discharge,-29.67,2.0,2.0,,300.0,3.7236,3.3389,12.966,2.7391,0.91907
RPC_US06,762,0.5407,discharge,-29.67,10.0,9.0,,300.0,3.7236,3.2498,15.969,2.7391,0.91907
RPC_US06,762,0.4494,discharge,-29.63,2.0,2.0,,300.0,3.6451,3.2577,13.0746,2.7391,0.91907
RPC_US06,762,0.4494,discharge,-29.63,10.0,9.0,,300.0,3.6451,3.1606,16.3517,2.7391,0.91907
RPC_US06,762,0.3581,discharge,-29.543,2.0,2.0,,300.0,3.5836,3.1809,13.631,2.7391,0.91907
RPC_US06,762,0.3581,discharge,-29.543,10.0,9.0,,300.0,3.5836,3.0661,17.5168,2.7391,0.91907
RPC_US06,762,0.2668,discharge,-29.056,2.0,1.0,,300.0,3.5013,3.0823,14.4204,2.7391,0.91907
RPC_US06,762,0.2668,discharge,-29.056,10.0,9.01,,300.0,3.5013,2.8468,22.5255,2.7391,0.91907
RPC_US06,762,0.2215,discharge,-27.016,2.0,2.0,,300.0,3.4418,2.9532,18.0856,2.7391,0.91907
RPC_US06,762,0.2215,discharge,-27.016,10.0,9.0,,300.0,3.4418,2.545,33.1951,2.7391,0.91907
RPC_US06,762,0.1767,discharge,-16.812,2.0,2.0,,300.0,3.3976,2.9753,25.1182,2.7391,0.91907
RPC_US06,762,0.1767,discharge,-16.812,10.0,9.0,,300.0,3.3976,2.5064,53.0082,2.7391,0.91907
RPC_US06,762,0.1316,discharge,-9.445,2.0,2.0,,300.0,3.3528,2.9805,39.4166,2.7391,0.91907
RPC_US06,762,0.1316,discharge,-9.445,10.0,9.0,,300.0,3.3528,2.5259,87.5467,2.7391,0.91907
RPC_US06,762,0.1045,discharge,-5.688,2.0,2.0,,300.0,3.2299,2.9265,53.3404,2.7391,0.91907
RPC_US06,762,0.1045,discharge,-5.688,10.0,9.0,,300.0,3.2299,2.5439,120.6048,2.7391,0.91907
RPC_US06,762,0.0909,discharge,-4.353,2.0,2.0,,300.0,3.1171,2.8514,61.0447,2.7391,0.91907
RPC_US06,762,0.0909,discharge,-4.353,10.0,9.0,,300.0,3.1171,2.5044,140.7681,2.7391,0.91907
RPC_US06,762,0.9973,discharge,-29.878,2.0,2.0,,1988.2,4.1645,3.6555,17.0357,2.7391,0.91907
RPC_US06,762,0.9973,discharge,-29.878,10.0,9.0,,1988.2,4.1645,3.6041,18.756,2.7391,0.91907
RPC_US06,762,0.9516,discharge,-29.832,2.0,2.0,,300.0,4.0871,3.6463,14.7761,2.7391,0.91907
RPC_US06,762,0.9516,discharge,-29.832,10.0,9.0,,300.0,4.0871,3.5894,16.6834,2.7391,0.91907
RPC_US06,762,0.906,discharge,-29.739,2.0,2.0,,300.0,4.0718,3.6465,14.3008,2.7391,0.91907
RPC_US06,762,0.906,discharge,-29.739,10.0,9.0,,300.0,4.0718,3.5644,17.0615,2.7391,0.91907
RPC_US06,762,0.8147,discharge,-29.744,2.0,2.0,,300.0,3.9974,3.5823,13.956,2.7391,0.91907
RPC_US06,762,0.8147,discharge,-29.744,10.0,9.0,,300.0,3.9974,3.5004,16.7095,2.7391,0.91907
RPC_US06,762,0.7233,discharge,-29.739,2.0,2.0,,300.0,3.912,3.5138,13.3898,2.7391,0.91907
RPC_US06,762,0.7233,discharge,-29.739,10.0,9.0,,300.0,3.912,3.4369,15.9757,2.7391,0.91907
RPC_US06,762,0.632,discharge,-29.714,2.0,2.0,,300.0,3.8236,3.4378,12.984,2.7391,0.91907
RPC_US06,762,0.632,discharge,-29.714,10.0,9.0,,300.0,3.8236,3.3558,15.7437,2.7391,0.91907
RPC_US06,762,0.5407,discharge,-29.677,2.0,2.0,,300.0,3.7235,3.3382,12.9831,2.7391,0.91907
RPC_US06,762,0.5407,discharge,-29.677,10.0,9.0,,300.0,3.7235,3.2489,15.9922,2.7391,0.91907
RPC_US06,762,0.4494,discharge,-29.637,2.0,2.0,,300.0,3.6451,3.2568,13.1019,2.7391,0.91907
RPC_US06,762,0.4494,discharge,-29.637,10.0,9.0,,300.0,3.6451,3.1596,16.3816,2.7391,0.91907
RPC_US06,762,0.3581,discharge,-29.553,2.0,2.0,,300.0,3.5835,3.18,13.6534,2.7391,0.91907
RPC_US06,762,0.3581,discharge,-29.553,10.0,9.0,,300.0,3.5835,3.0647,17.5549,2.7391,0.91907
RPC_US06,762,0.2668,discharge,-29.084,2.0,2.0,,300.0,3.5011,3.0472,15.6065,2.7391,0.91907
RPC_US06,762,0.2668,discharge,-29.084,10.0,9.0,,300.0,3.5011,2.843,22.6276,2.7391,0.91907
RPC_US06,762,0.2215,discharge,-27.074,2.0,2.0,,300.0,3.4418,2.9499,18.1687,2.7391,0.91907
RPC_US06,762,0.2215,discharge,-27.074,10.0,9.01,,300.0,3.4418,2.5353,33.4823,2.7391,0.91907
RPC_US06,762,0.1767,discharge,-16.089,2.0,2.0,,300.0,3.3973,2.992,25.1911,2.7391,0.91907
RPC_US06,762,0.1767,discharge,-16.089,10.0,9.0,,300.0,3.3973,2.5525,52.5079,2.7391,0.91907
RPC_US06,762,0.1316,discharge,-9.472,2.0,2.0,,300.0,3.3526,2.9761,39.7494,2.7391,0.91907
RPC_US06,762,0.1316,discharge,-9.472,10.0,9.0,,300.0,3.3526,2.5195,87.9554,2.7391,0.91907
RPC_US06,762,0.1045,discharge,-5.696,2.0,2.0,,300.0,3.2296,2.9239,53.6735,2.7391,0.91907
RPC_US06,762,0.1045,discharge,-5.696,10.0,9.0,,300.0,3.2296,2.5387,121.3052,2.7391,0.91907
RPC_US06,762,0.0909,discharge,-4.055,2.0,2.0,,300.0,3.1172,2.8685,61.3302,2.7391,0.91907
RPC_US06,762,0.0909,discharge,-4.055,10.0,9.0,,300.0,3.1172,2.551,139.6266,2.7391,0.91907
RPC_US06,762,0.9973,discharge,-29.884,2.0,2.0,,1989.4,4.1646,3.6546,17.066,2.7391,0.91907
RPC_US06,762,0.9973,discharge,-29.884,10.0,9.0,,1989.4,4.1646,3.6035,18.7759,2.7391,0.91907
RPC_US06,762,0.9516,discharge,-29.837,2.0,2.0,,300.0,4.0869,3.6457,14.787,2.7391,0.91907
RPC_US06,762,0.9516,discharge,-29.837,10.0,9.0,,300.0,4.0869,3.5889,16.6907,2.7391,0.91907
RPC_US06,762,0.906,discharge,-29.745,2.0,2.0,,300.0,4.072,3.646,14.3217,2.7391,0.91907
RPC_US06,762,0.906,discharge,-29.745,10.0,9.0,,300.0,4.072,3.5638,17.0852,2.7391,0.91907
RPC_US06,762,0.8147,discharge,-29.75,2.0,2.0,,300.0,3.9972,3.5816,13.97,2.7391,0.91907
RPC_US06,762,0.8147,discharge,-29.75,10.0,9.0,,300.0,3.9972,3.4997,16.723,2.7391,0.91907
RPC_US06,762,0.7233,discharge,-29.745,2.0,2.0,,300.0,3.912,3.513,13.414,2.7391,0.91907
RPC_US06,762,0.7233,discharge,-29.745,10.0,9.0,,300.0,3.912,3.4363,15.9926,2.7391,0.91907
RPC_US06,762,0.632,discharge,-29.718,2.0,1.0,,300.0,3.8234,3.4554,12.3829,2.7391,0.91907
RPC_US06,762,0.632,discharge,-29.718,10.0,9.0,,300.0,3.8234,3.3551,15.7579,2.7391,0.91907
RPC_US06,762,0.5407,discharge,-29.684,2.0,2.0,,300.0,3.7233,3.3375,12.9967,2.7391,0.91907
RPC_US06,762,0.5407,discharge,-29.684,10.0,9.0,,300.0,3.7233,3.2482,16.005,2.7391,0.91907
RPC_US06,762,0.4494,discharge,-29.645,2.0,2.0,,300.0,3.6446,3.2563,13.0983,2.7391,0.91907
RPC_US06,762,0.4494,discharge,-29.645,10.0,9.0,,300.0,3.6446,3.1587,16.3906,2.7391,0.91907
RPC_US06,762,0.3581,discharge,-29.562,2.0,2.0,,300.0,3.5833,3.1791,13.6727,2.7391,0.91907
RPC_US06,762,0.3581,discharge,-29.562,10.0,9.0,,300.0,3.5833,3.0638,17.5729,2.7391,0.91907
RPC_US06,762,0.2668,discharge,-28.993,2.0,2.0,,300.0,3.501,3.0472,15.6521,2.7391,0.91907
RPC_US06,762,0.2668,discharge,-28.993,10.0,9.0,,300.0,3.501,2.8425,22.7124,2.7391,0.91907
RPC_US06,762,0.2215,discharge,-27.137,2.0,2.0,,300.0,3.4415,2.9466,18.2371,2.7391,0.91907
RPC_US06,762,0.2215,discharge,-27.137,10.0,9.0,,300.0,3.4415,2.5251,33.7694,2.7391,0.91907
RPC_US06,762,0.1767,discharge,-16.126,2.0,2.0,,300.0,3.3973,2.9889,25.3256,2.7391,0.91907
RPC_US06,762,0.1767,discharge,-16.126,10.0,9.0,,300.0,3.3973,2.5437,52.9332,2.7391,0.91907
RPC_US06,762,0.1316,discharge,-9.491,2.0,2.0,,300.0,3.3523,2.973,39.9648,2.7391,0.91907
RPC_US06,762,0.1316,discharge,-9.491,10.0,9.0,,300.0,3.3523,2.5124,88.4958,2.7391,0.91907
RPC_US06,762,0.1045,discharge,-5.706,2.0,2.0,,300.0,3.229,2.9212,53.9442,2.7391,0.91907
RPC_US06,762,0.1045,discharge,-5.706,10.0,9.0,,300.0,3.229,2.5325,122.0666,2.7391,0.91907
RPC_US06,762,0.0909,discharge,-4.061,2.0,2.0,,300.0,3.1163,2.866,61.6427,2.7391,0.91907
RPC_US06,762,0.0909,discharge,-4.061,10.0,9.0,,300.0,3.1163,2.5455,140.5738,2.7391,0.91907
RPC_US06,762,0.9548,charge,3.176,2.0,2.0,,300.0,4.0866,4.15,19.9635,2.7391,0.91907
RPC_US06,762,0.9548,charge,3.176,10.0,9.01,,300.0,4.0866,4.15,19.9635,2.7391,0.91907
RPC_US06,762,0.9092,charge,4.5,2.0,2.0,,300.0,4.0714,4.1501,17.4891,2.7391,0.91907
RPC_US06,762,0.9092,charge,4.5,10.0,9.0,,300.0,4.0714,4.15,17.4669,2.7391,0.91907
RPC_US06,762,0.8185,charge,9.256,2.0,2.0,,300.0,3.9955,4.1502,16.7133,2.7391,0.91907
RPC_US06,762,0.8185,charge,9.256,10.0,9.0,,300.0,3.9955,4.1501,16.7025,2.7391,0.91907
RPC_US06,762,0.7274,charge,15.001,2.0,2.0,,300.0,3.9118,4.1114,13.3058,2.7391,0.91907
RPC_US06,762,0.7274,charge,15.001,10.0,9.0,,300.0,3.9118,4.1461,15.619,2.7391,0.91907
RPC_US06,762,0.636,charge,15.001,2.0,2.0,,300.0,3.8241,4.0282,13.6058,2.7391,0.91907
RPC_US06,762,0.636,charge,15.001,10.0,9.0,,300.0,3.8241,4.0737,16.6389,2.7391,0.91907
RPC_US06,762,0.5447,charge,15.001,2.0,2.0,,300.0,3.7236,3.9202,13.1058,2.7391,0.91907
RPC_US06,762,0.5447,charge,15.001,10.0,9.0,,300.0,3.7236,3.9586,15.6656,2.7391,0.91907
RPC_US06,762,0.4534,charge,15.001,2.0,2.0,,300.0,3.6452,3.8419,13.1125,2.7391,0.91907
RPC_US06,762,0.4534,charge,15.001,10.0,9.0,,300.0,3.6452,3.8781,15.5256,2.7391,0.91907
RPC_US06,762,0.3621,charge,15.001,2.0,2.0,,300.0,3.5837,3.7863,13.5058,2.7391,0.91907
RPC_US06,762,0.3621,charge,15.001,10.0,9.0,,300.0,3.5837,3.8219,15.8789,2.7391,0.91907
RPC_US06,762,0.2707,charge,15.001,2.0,2.0,,300.0,3.5009,3.7157,14.319,2.7391,0.91907
RPC_US06,762,0.2707,charge,15.001,10.0,9.0,,300.0,3.5009,3.7572,17.0855,2.7391,0.91907
RPC_US06,762,0.2251,charge,15.001,2.0,2.0,,300.0,3.4417,3.6696,15.1923,2.7391,0.91907
RPC_US06,762,0.2251,charge,15.001,10.0,9.0,,300.0,3.4417,3.7137,18.1321,2.7391,0.91907
RPC_US06,762,0.1794,charge,15.001,2.0,2.0,,300.0,3.3966,3.634,15.8256,2.7391,0.91907
RPC_US06,762,0.1794,charge,15.001,10.0,9.0,,300.0,3.3966,3.6646,17.8655,2.7391,0.91907
RPC_US06,762,0.1337,charge,15.001,2.0,2.0,,300.0,3.3523,3.6159,17.5722,2.7391,0.91907
RPC_US06,762,0.1337,charge,15.001,10.0,9.01,,300.0,3.3523,3.6472,19.6587,2.7391,0.91907
RPC_US06,762,0.1062,charge,15.001,2.0,2.0,,4757.9,3.2515,3.5622,20.712,2.7391,0.91907
RPC_US06,762,0.1062,charge,15.001,10.0,9.0,,4757.9,3.2515,3.6366,25.6716,2.7391,0.91907
RPC_US06,762,0.0926,charge,15.001,2.0,1.0,,300.0,3.1304,3.4534,21.5319,2.7391,0.91907
RPC_US06,762,0.0926,charge,15.001,10.0,9.01,,300.0,3.1304,3.5749,29.6314,2.7391,0.91907
RPC_US06,762,0.9546,charge,2.931,2.0,2.0,,300.1,4.0864,4.1389,17.9126,2.7391,0.91907
RPC_US06,762,0.9546,charge,2.931,10.0,9.0,,300.1,4.0864,4.1487,21.2563,2.7391,0.91907
RPC_US06,762,0.9091,charge,4.221,2.0,1.0,,300.1,4.0713,4.1361,15.3516,2.7391,0.91907
RPC_US06,762,0.9091,charge,4.221,10.0,9.0,,300.1,4.0713,4.1493,18.4788,2.7391,0.91907
RPC_US06,762,0.8181,charge,8.361,2.0,2.0,,300.1,3.9954,4.1192,14.8076,2.7391,0.91907
RPC_US06,762,0.8181,charge,8.361,10.0,9.0,,300.1,3.9954,4.1459,18.0012,2.7391,0.91907
RPC_US06,762,0.7274,charge,15.05,2.0,2.0,,300.1,3.9118,4.1138,13.4224,2.7391,0.91907
RPC_US06,762,0.7274,charge,15.05,10.0,9.0,,300.1,3.9118,4.1472,15.6417,2.7391,0.91907
RPC_US06,762,0.6361,charge,15.061,2.0,2.0,,300.1,3.8242,4.0314,13.7574,2.7391,0.91907
RPC_US06,762,0.6361,charge,15.061,10.0,9.0,,300.1,3.8242,4.0748,16.639,2.7391,0.91907
RPC_US06,762,0.5447,charge,15.056,2.0,2.0,,300.1,3.7236,3.923,13.2439,2.7391,0.91907
RPC_US06,762,0.5447,charge,15.056,10.0,9.0,,300.1,3.7236,3.9598,15.6881,2.7391,0.91907
RPC_US06,762,0.4534,charge,15.053,2.0,2.0,,300.1,3.6452,3.8445,13.2399,2.7391,0.91907
RPC_US06,762,0.4534,charge,15.053,10.0,9.0,,300.1,3.6452,3.8791,15.5384,2.7391,0.91907
RPC_US06,762,0.3621,charge,15.051,2.0,2.0,,300.1,3.5836,3.7888,13.6336,2.7391,0.91907
RPC_US06,762,0.3621,charge,15.051,10.0,9.0,,300.1,3.5836,3.8227,15.886,2.7391,0.91907
RPC_US06,762,0.2708,charge,15.066,2.0,2.0,,300.1,3.5009,3.719,14.4768,2.7391,0.91907
RPC_US06,762,0.2708,charge,15.066,10.0,9.0,,300.1,3.5009,3.7584,17.092,2.7391,0.91907
RPC_US06,762,0.2251,charge,15.069,2.0,2.0,,300.1,3.4418,3.6734,15.3688,2.7391,0.91907
RPC_US06,762,0.2251,charge,15.069,10.0,9.0,,300.1,3.4418,3.7151,18.136,2.7391,0.91907
RPC_US06,762,0.1794,charge,15.046,2.0,2.0,,300.1,3.3964,3.6366,15.9644,2.7391,0.91907
RPC_US06,762,0.1794,charge,15.046,10.0,9.0,,300.1,3.3964,3.6657,17.8984,2.7391,0.91907
RPC_US06,762,0.1338,charge,15.045,2.0,2.0,,300.1,3.3527,3.6187,17.6803,2.7391,0.91907
RPC_US06,762,0.1338,charge,15.045,10.0,9.0,,300.1,3.3527,3.6483,19.6477,2.7391,0.91907
RPC_US06,762,0.1064,charge,15.166,2.0,2.0,,300.1,3.2307,3.5538,21.3049,2.7391,0.91907
RPC_US06,762,0.1064,charge,15.166,10.0,9.0,,300.1,3.2307,3.6264,26.0921,2.7391,0.91907
RPC_US06,762,0.0927,charge,15.195,2.0,2.0,,300.1,3.1219,3.4746,23.2116,2.7391,0.91907
RPC_US06,762,0.0927,charge,15.195,10.0,9.0,,300.1,3.1219,3.5714,29.5821,2.7391,0.91907
RPC_US06,867,0.9973,discharge,-30.0,2.0,1.0,,4512.6,4.1476,3.6146,17.7667,2.713,0.91032
RPC_US06,867,0.9973,discharge,-30.0,10.0,9.0,,4512.6,4.1476,3.5582,19.6467,2.713,0.91032
RPC_US06,867,0.9727,charge,3.064,2.0,2.0,,60.0,4.0856,4.1501,21.0489,2.713,0.91032
RPC_US06,867,0.9727,charge,3.064,10.0,9.0,,60.0,4.0856,4.15,21.0162,2.713,0.91032
RPC_US06,867,0.952,discharge,-30.0,2.0,2.0,,3600.0,4.0905,3.584,16.8833,2.713,0.91032
RPC_US06,867,0.952,discharge,-30.0,10.0,9.0,,3600.0,4.0905,3.5365,18.4667,2.713,0.91032
RPC_US06,867,0.9276,charge,4.205,2.0,1.0,,60.0,4.0696,4.1501,19.1462,2.713,0.91032
RPC_US06,867,0.9276,charge,4.205,10.0,9.0,,60.0,4.0696,4.15,19.1224,2.713,0.91032
RPC_US06,867,0.9068,discharge,-30.0,2.0,2.0,,3600.0,4.0758,3.5843,16.3833,2.713,0.91032
RPC_US06,867,0.9068,discharge,-30.0,10.0,9.0,,3600.0,4.0758,3.5205,18.51,2.713,0.91032
RPC_US06,867,0.8825,charge,5.247,2.0,1.0,,60.0,4.0505,4.1502,19.0013,2.713,0.91032
RPC_US06,867,0.8825,charge,5.247,10.0,9.0,,60.0,4.0505,4.1501,18.9823,2.713,0.91032
RPC_US06,867,0.8163,discharge,-30.0,2.0,2.0,,3600.0,4.0144,3.5371,15.91,2.713,0.91032
RPC_US06,867,0.8163,discharge,-30.0,10.0,9.0,,3600.0,4.0144,3.4617,18.4233,2.713,0.91032
RPC_US06,867,0.7927,charge,11.221,2.0,2.0,,60.0,3.9546,4.1502,17.4316,2.713,0.91032
RPC_US06,867,0.7927,charge,11.221,10.0,9.0,,60.0,3.9546,4.1501,17.4227,2.713,0.91032
RPC_US06,867,0.7259,discharge,-30.0,2.0,2.0,,3600.0,3.9185,3.4653,15.1067,2.713,0.91032
RPC_US06,867,0.7259,discharge,-30.0,10.0,9.0,,3600.0,3.9185,3.3966,17.3967,2.713,0.91032
RPC_US06,867,0.7022,charge,15.001,2.0,2.0,,60.0,3.8705,4.083,14.1657,2.713,0.91032
RPC_US06,867,0.7022,charge,15.001,10.0,9.0,,60.0,3.8705,4.1302,17.3122,2.713,0.91032
RPC_US06,867,0.6354,discharge,-30.0,2.0,2.0,,3600.0,3.8382,3.3947,14.7833,2.713,0.91032
RPC_US06,867,0.6354,discharge,-30.0,10.0,9.0,,3600.0,3.8382,3.3195,17.29,2.713,0.91032
RPC_US06,867,0.6118,charge,15.001,2.0,2.0,,60.0,3.7835,3.9905,13.7991,2.713,0.91032
RPC_US06,867,0.6118,charge,15.001,10.0,9.0,,60.0,3.7835,4.0332,16.6456,2.713,0.91032
RPC_US06,867,0.545,discharge,-30.0,2.0,2.0,,3600.0,3.7351,3.2991,14.5333,2.713,0.91032
RPC_US06,867,0.545,discharge,-30.0,10.0,9.0,,3600.0,3.7351,3.2172,17.2633,2.713,0.91032
RPC_US06,867,0.5213,charge,15.001,2.0,2.0,,60.0,3.6925,3.9002,13.8457,2.713,0.91032
RPC_US06,867,0.5213,charge,15.001,10.0,9.0,,60.0,3.6925,3.9421,16.6389,2.713,0.91032
RPC_US06,867,0.4545,discharge,-30.0,2.0,2.0,,3600.0,3.6559,3.2161,14.66,2.713,0.91032
RPC_US06,867,0.4545,discharge,-30.0,10.0,9.0,,3600.0,3.6559,3.1284,17.5833,2.713,0.91032
RPC_US06,867,0.4309,charge,15.001,2.0,2.0,,60.0,3.6164,3.8254,13.9324,2.713,0.91032
RPC_US06,867,0.4309,charge,15.001,10.0,9.0,,60.0,3.6164,3.8671,16.7122,2.713,0.91032
RPC_US06,867,0.364,discharge,-30.0,2.0,2.0,,3600.0,3.598,3.1381,15.33,2.713,0.91032
RPC_US06,867,0.364,discharge,-30.0,10.0,9.0,,3600.0,3.598,3.0334,18.82,2.713,0.91032
RPC_US06,867,0.3404,charge,15.001,2.0,2.0,,60.0,3.5512,3.7664,14.3457,2.713,0.91032
RPC_US06,867,0.3404,charge,15.001,10.0,9.0,,60.0,3.5512,3.8113,17.3388,2.713,0.91032
RPC_US06,867,0.2736,discharge,-30.0,2.0,2.0,,3600.0,3.514,2.9817,17.7433,2.713,0.91032
RPC_US06,867,0.2736,discharge,-30.0,10.0,9.0,,3600.0,3.514,2.8077,23.5433,2.713,0.91032
RPC_US06,867,0.2499,charge,15.001,2.0,2.0,,60.0,3.4623,3.6914,15.2723,2.713,0.91032
RPC_US06,867,0.2499,charge,15.001,10.0,9.0,,60.0,3.4623,3.7362,18.2588,2.713,0.91032
RPC_US06,867,0.2283,discharge,-30.0,2.0,2.0,,3600.0,3.4563,2.8219,21.1467,2.713,0.91032
RPC_US06,867,0.2283,discharge,-30.0,10.0,9.0,,3600.0,3.4563,2.5496,30.2233,2.713,0.91032
RPC_US06,867,0.205,charge,15.001,2.0,2.0,,60.0,3.4144,3.6394,14.999,2.713,0.91032
RPC_US06,867,0.205,charge,15.001,10.0,9.0,,60.0,3.4144,3.6735,17.2722,2.713,0.91032
RPC_US06,867,0.1831,discharge,-18.242,2.0,2.0,,3600.0,3.4128,2.5483,47.3906,2.713,0.91032
RPC_US06,867,0.1831,discharge,-18.242,10.0,9.0,,3600.0,3.4128,2.5498,47.3084,2.713,0.91032
RPC_US06,867,0.1677,charge,15.001,2.0,1.0,,60.0,3.3862,3.6222,15.7323,2.713,0.91032
RPC_US06,867,0.1677,charge,15.001,10.0,9.0,,60.0,3.3862,3.6611,18.3254,2.713,0.91032
RPC_US06,867,0.1379,discharge,-8.811,2.0,2.0,,3600.0,3.3765,2.5493,93.8816,2.713,0.91032
RPC_US06,867,0.1379,discharge,-8.811,10.0,9.0,,3600.0,3.3765,2.5499,93.8135,2.713,0.91032
RPC_US06,867,0.1306,charge,15.001,2.0,2.0,,60.0,3.3315,3.6181,19.1054,2.713,0.91032
RPC_US06,867,0.1306,charge,15.001,10.0,9.0,,60.0,3.3315,3.657,21.6986,2.713,0.91032
RPC_US06,867,0.111,discharge,-5.342,2.0,2.0,,3600.0,3.287,2.5495,138.0517,2.713,0.91032
RPC_US06,867,0.111,discharge,-5.342,10.0,9.0,,3600.0,3.287,2.5499,137.9769,2.713,0.91032
RPC_US06,867,0.107,charge,15.001,2.0,2.0,,60.0,3.2176,3.5449,21.8185,2.713,0.91032
RPC_US06,867,0.107,charge,15.001,10.0,9.0,,60.0,3.2176,3.6282,27.3715,2.713,0.91032
RPC_US06,867,0.0978,discharge,-3.99,2.0,2.0,,3600.0,3.2009,2.5496,163.2249,2.713,0.91032
RPC_US06,867,0.0978,discharge,-3.99,10.0,9.0,,3600.0,3.2009,2.55,163.1247,2.713,0.91032
RPC_US06,867,0.0952,charge,15.001,2.0,2.0,,60.0,3.1276,3.4783,23.3784,2.713,0.91032
RPC_US06,867,0.0952,charge,15.001,10.0,9.0,,60.0,3.1276,3.581,30.2247,2.713,0.91032
RPC_US06,867,0.9973,discharge,-30.0,2.0,2.0,,2123.1,4.1613,3.6109,18.3467,2.713,0.91032
RPC_US06,867,0.9973,discharge,-30.0,10.0,9.0,,2123.1,4.1613,3.5663,19.8333,2.713,0.91032
RPC_US06,867,0.952,discharge,-30.0,2.0,2.0,,300.0,4.0851,3.6068,15.9433,2.713,0.91032
RPC_US06,867,0.952,discharge,-30.0,10.0,9.0,,300.0,4.0851,3.5515,17.7867,2.713,0.91032
RPC_US06,867,0.9068,discharge,-30.0,2.0,2.0,,300.0,4.0703,3.603,15.5767,2.713,0.91032
RPC_US06,867,0.9068,discharge,-30.0,10.0,9.0,,300.0,4.0703,3.526,18.1433,2.713,0.91032
RPC_US06,867,0.8163,discharge,-30.0,2.0,2.0,,300.0,3.9889,3.5387,15.0067,2.713,0.91032
RPC_US06,867,0.8163,discharge,-30.0,10.0,9.0,,300.0,3.9889,3.4645,17.48,2.713,0.91032
RPC_US06,867,0.7259,discharge,-30.0,2.0,2.0,,300.0,3.9077,3.4745,14.44,2.713,0.91032
RPC_US06,867,0.7259,discharge,-30.0,10.0,9.0,,300.0,3.9077,3.4015,16.8733,2.713,0.91032
RPC_US06,867,0.6354,discharge,-30.0,2.0,2.0,,300.0,3.8175,3.3961,14.0467,2.713,0.91032
RPC_US06,867,0.6354,discharge,-30.0,10.0,9.0,,300.0,3.8175,3.319,16.6167,2.713,0.91032
RPC_US06,867,0.545,discharge,-30.0,2.0,2.0,,300.0,3.7171,3.2944,14.09,2.713,0.91032
RPC_US06,867,0.545,discharge,-30.0,10.0,9.0,,300.0,3.7171,3.2119,16.84,2.713,0.91032
RPC_US06,867,0.4545,discharge,-30.0,2.0,2.0,,300.0,3.6402,3.2108,14.3133,2.713,0.91032
RPC_US06,867,0.4545,discharge,-30.0,10.0,9.0,,300.0,3.6402,3.1197,17.35,2.713,0.91032
RPC_US06,867,0.364,discharge,-30.0,2.0,2.0,,300.0,3.5785,3.1239,15.1533,2.713,0.91032
RPC_US06,867,0.364,discharge,-30.0,10.0,9.0,,300.0,3.5785,3.0114,18.9033,2.713,0.91032
RPC_US06,867,0.2736,discharge,-30.0,2.0,2.0,,300.0,3.4976,2.9366,18.7,2.713,0.91032
RPC_US06,867,0.2736,discharge,-30.0,10.0,9.0,,300.0,3.4976,2.6955,26.7367,2.713,0.91032
RPC_US06,867,0.2283,discharge,-26.686,2.0,2.0,,300.0,3.4401,2.699,27.7711,2.713,0.91032
RPC_US06,867,0.2283,discharge,-26.686,10.0,9.0,,300.0,3.4401,2.5497,33.3658,2.713,0.91032
RPC_US06,867,0.1831,discharge,-14.098,2.0,2.0,,300.0,3.3938,2.5489,59.9326,2.713,0.91032
RPC_US06,867,0.1831,discharge,-14.098,10.0,9.0,,300.0,3.3938,2.5499,59.8617,2.713,0.91032
RPC_US06,867,0.1379,discharge,-7.254,2.0,2.0,,300.0,3.3523,2.5494,110.6891,2.713,0.91032
RPC_US06,867,0.1379,discharge,-7.254,10.0,9.0,,300.0,3.3523,2.5499,110.6202,2.713,0.91032
RPC_US06,867,0.1113,discharge,-4.107,2.0,1.0,,300.0,3.2507,2.5492,170.7851,2.713,0.91032
RPC_US06,867,0.1113,discharge,-4.107,10.0,9.0,,300.0,3.2507,2.55,170.5904,2.713,0.91032
RPC_US06,867,0.098,discharge,-2.877,2.0,2.0,,300.0,3.1555,2.5497,210.5995,2.713,0.91032
RPC_US06,867,0.098,discharge,-2.877,10.0,9.0,,300.0,3.1555,2.55,210.4952,2.713,0.91032
RPC_US06,867,0.9973,discharge,-29.849,2.0,2.0,,2121.0,4.1613,3.6156,18.2817,2.713,0.91032
RPC_US06,867,0.9973,discharge,-29.849,10.0,9.0,,2121.0,4.1613,3.5658,19.9501,2.713,0.91032
RPC_US06,867,0.9521,discharge,-29.784,2.0,2.0,,300.0,4.0851,3.6125,15.8676,2.713,0.91032
RPC_US06,867,0.9521,discharge,-29.784,10.0,9.0,,300.0,4.0851,3.5515,17.9157,2.713,0.91032
RPC_US06,867,0.9069,discharge,-29.702,2.0,2.0,,300.0,4.0702,3.6117,15.4369,2.713,0.91032
RPC_US06,867,0.9069,discharge,-29.702,10.0,9.0,,300.0,4.0702,3.5264,18.3088,2.713,0.91032
RPC_US06,867,0.8164,discharge,-29.709,2.0,1.0,,300.0,3.9888,3.5675,14.1806,2.713,0.91032
RPC_US06,867,0.8164,discharge,-29.709,10.0,9.0,,300.0,3.9888,3.4652,17.624,2.713,0.91032
RPC_US06,867,0.726,discharge,-29.692,2.0,2.0,,300.0,3.9076,3.483,14.3001,2.713,0.91032
RPC_US06,867,0.726,discharge,-29.692,10.0,9.0,,300.0,3.9076,3.4026,17.0079,2.713,0.91032
RPC_US06,867,0.6355,discharge,-29.666,2.0,2.0,,300.0,3.8173,3.4053,13.888,2.713,0.91032
RPC_US06,867,0.6355,discharge,-29.666,10.0,9.0,,300.0,3.8173,3.3199,16.7667,2.713,0.91032
RPC_US06,867,0.5451,discharge,-29.627,2.0,2.0,,300.0,3.7172,3.3054,13.8992,2.713,0.91032
RPC_US06,867,0.5451,discharge,-29.627,10.0,9.0,,300.0,3.7172,3.2137,16.9943,2.713,0.91032
RPC_US06,867,0.4546,discharge,-29.569,2.0,2.0,,300.0,3.6403,3.2236,14.0922,2.713,0.91032
RPC_US06,867,0.4546,discharge,-29.569,10.0,9.0,,300.0,3.6403,3.1218,17.535,2.713,0.91032
RPC_US06,867,0.3642,discharge,-29.416,2.0,2.0,,300.0,3.5785,3.1412,14.8661,2.713,0.91032
RPC_US06,867,0.3642,discharge,-29.416,10.0,9.0,,300.0,3.5785,3.0149,19.1596,2.713,0.91032
RPC_US06,867,0.2739,discharge,-28.268,2.0,2.0,,300.0,3.4973,2.9948,17.776,2.713,0.91032
RPC_US06,867,0.2739,discharge,-28.268,10.0,9.0,,300.0,3.4973,2.7226,27.4051,2.713,0.91032
RPC_US06,867,0.2295,discharge,-19.276,2.0,2.0,,300.0,3.4395,3.02,21.7622,2.713,0.91032
RPC_US06,867,0.2295,discharge,-19.276,10.0,9.0,,300.0,3.4395,2.7161,37.5276,2.713,0.91032
RPC_US06,867,0.185,discharge,-10.398,2.0,2.0,,300.0,3.3921,3.0636,31.5926,2.713,0.91032
RPC_US06,867,0.185,discharge,-10.398,10.0,9.0,,300.0,3.3921,2.773,59.5403,2.713,0.91032
RPC_US06,867,0.1402,discharge,-5.181,2.0,2.0,,300.0,3.35,3.1083,46.6467,2.713,0.91032
RPC_US06,867,0.1402,discharge,-5.181,10.0,9.0,,300.0,3.35,2.8508,96.3428,2.713,0.91032
RPC_US06,867,0.1132,discharge,-2.93,2.0,2.0,,300.0,3.241,3.0592,62.0499,2.713,0.91032
RPC_US06,867,0.1132,discharge,-2.93,10.0,9.0,,300.0,3.241,2.8566,131.199,2.713,0.91032
RPC_US06,867,0.0997,discharge,-2.071,2.0,2.0,,300.0,3.1398,2.9939,70.4542,2.713,0.91032
RPC_US06,867,0.0997,discharge,-2.071,10.0,9.0,,300.0,3.1398,2.8293,149.9384,2.713,0.91032
RPC_US06,867,0.9973,discharge,-29.876,2.0,1.0,,2129.6,4.1613,3.6297,17.7938,2.713,0.91032
RPC_US06,867,0.9973,discharge,-29.876,10.0,9.01,,2129.6,4.1613,3.5631,20.0231,2.713,0.91032
RPC_US06,867,0.9521,discharge,-29.803,2.0,2.0,,300.0,4.0849,3.6104,15.9215,2.713,0.91032
RPC_US06,867,0.9521,discharge,-29.803,10.0,9.0,,300.0,4.0849,3.549,17.9817,2.713,0.91032
RPC_US06,867,0.9069,discharge,-29.718,2.0,2.0,,300.0,4.0702,3.6096,15.499,2.713,0.91032
RPC_US06,867,0.9069,discharge,-29.718,10.0,9.0,,300.0,4.0702,3.5245,18.3626,2.713,0.91032
RPC_US06,867,0.8164,discharge,-29.725,2.0,2.0,,300.0,3.9885,3.5454,14.9066,2.713,0.91032
RPC_US06,867,0.8164,discharge,-29.725,10.0,9.0,,300.0,3.9885,3.4631,17.6754,2.713,0.91032
RPC_US06,867,0.726,discharge,-29.704,2.0,2.0,,300.0,3.9075,3.4813,14.348,2.713,0.91032
RPC_US06,867,0.726,discharge,-29.704,10.0,9.0,,300.0,3.9075,3.4009,17.0547,2.713,0.91032
RPC_US06,867,0.6355,discharge,-29.684,2.0,2.0,,300.0,3.8169,3.4035,13.9269,2.713,0.91032
RPC_US06,867,0.6355,discharge,-29.684,10.0,9.0,,300.0,3.8169,3.318,16.8073,2.713,0.91032
RPC_US06,867,0.5451,discharge,-29.642,2.0,1.0,,300.0,3.7169,3.3249,13.2243,2.713,0.91032
RPC_US06,867,0.5451,discharge,-29.642,10.0,9.0,,300.0,3.7169,3.2117,17.0431,2.713,0.91032
RPC_US06,867,0.4546,discharge,-29.587,2.0,2.0,,300.0,3.6401,3.222,14.1314,2.713,0.91032
RPC_US06,867,0.4546,discharge,-29.587,10.0,9.0,,300.0,3.6401,3.12,17.579,2.713,0.91032
RPC_US06,867,0.3642,discharge,-29.441,2.0,1.0,,300.0,3.5784,3.1643,14.0657,2.713,0.91032
RPC_US06,867,0.3642,discharge,-29.441,10.0,9.0,,300.0,3.5784,3.0122,19.232,2.713,0.91032
RPC_US06,867,0.2739,discharge,-28.598,2.0,2.0,,300.0,3.497,2.9862,17.8617,2.713,0.91032
RPC_US06,867,0.2739,discharge,-28.598,10.0,9.0,,300.0,3.497,2.7044,27.7157,2.713,0.91032
RPC_US06,867,0.2292,discharge,-23.608,2.0,2.0,,300.0,3.4392,2.923,21.865,2.713,0.91032
RPC_US06,867,0.2292,discharge,-23.608,10.0,8.61,,300.0,3.4392,2.4995,39.8035,2.713,0.91032
RPC_US06,867,0.1847,discharge,-13.978,2.0,2.0,,300.0,3.3922,2.9492,31.6927,2.713,0.91032
RPC_US06,867,0.1847,discharge,-13.978,10.0,8.92,,300.0,3.3922,2.4998,63.8432,2.713,0.91032
RPC_US06,867,0.14,discharge,-8.132,2.0,2.0,,300.0,3.3499,2.9645,47.3936,2.713,0.91032
RPC_US06,867,0.14,discharge,-8.132,10.0,9.0,,300.0,3.3499,2.5108,103.1862,2.713,0.91032
RPC_US06,867,0.1131,discharge,-5.131,2.0,2.0,,300.0,3.2402,2.9189,62.62,2.713,0.91032
RPC_US06,867,0.1131,discharge,-5.131,10.0,9.0,,300.0,3.2402,2.5156,141.2214,2.713,0.91032
RPC_US06,867,0.0996,discharge,-3.843,2.0,2.0,,300.0,3.1382,2.8656,70.9286,2.713,0.91032
RPC_US06,867,0.0996,discharge,-3.843,10.0,9.0,,300.0,3.1382,2.5109,163.2191,2.713,0.91032
RPC_US06,867,0.9973,discharge,-29.877,2.0,2.0,,2128.2,4.1612,3.6125,18.3656,2.713,0.91032
RPC_US06,867,0.9973,discharge,-29.877,10.0,9.0,,2128.2,4.1612,3.5627,20.0325,2.713,0.91032
RPC_US06,867,0.9521,discharge,-29.806,2.0,2.0,,300.0,4.085,3.6101,15.9328,2.713,0.91032
RPC_US06,867,0.9521,discharge,-29.806,10.0,9.0,,300.0,4.085,3.5488,17.9894,2.713,0.91032
RPC_US06,867,0.9069,discharge,-29.721,2.0,2.0,,300.0,4.0702,3.6092,15.5107,2.713,0.91032
RPC_US06,867,0.9069,discharge,-29.721,10.0,9.01,,300.0,4.0702,3.5241,18.3739,2.713,0.91032
RPC_US06,867,0.8164,discharge,-29.729,2.0,2.0,,300.0,3.9882,3.5451,14.9049,2.713,0.91032
RPC_US06,867,0.8164,discharge,-29.729,10.0,9.0,,300.0,3.9882,3.4626,17.68,2.713,0.91032
RPC_US06,867,0.7259,discharge,-29.71,2.0,2.0,,300.0,3.9076,3.4811,14.3554,2.713,0.91032
RPC_US06,867,0.7259,discharge,-29.71,10.0,9.0,,300.0,3.9076,3.4002,17.0784,2.713,0.91032
RPC_US06,867,0.6355,discharge,-29.688,2.0,2.0,,300.0,3.8167,3.403,13.9349,2.713,0.91032
RPC_US06,867,0.6355,discharge,-29.688,10.0,9.0,,300.0,3.8167,3.3173,16.8216,2.713,0.91032
RPC_US06,867,0.5451,discharge,-29.649,2.0,2.0,,300.0,3.7168,3.3031,13.953,2.713,0.91032
RPC_US06,867,0.5451,discharge,-29.649,10.0,9.0,,300.0,3.7168,3.2111,17.0559,2.713,0.91032
RPC_US06,867,0.4546,discharge,-29.591,2.0,2.0,,300.0,3.6399,3.2215,14.1394,2.713,0.91032
RPC_US06,867,0.4546,discharge,-29.591,10.0,9.0,,300.0,3.6399,3.1192,17.5966,2.713,0.91032
RPC_US06,867,0.3642,discharge,-29.448,2.0,2.0,,300.0,3.5782,3.1384,14.9345,2.713,0.91032
RPC_US06,867,0.3642,discharge,-29.448,10.0,9.0,,300.0,3.5782,3.0111,19.2573,2.713,0.91032
RPC_US06,867,0.2739,discharge,-28.526,2.0,2.0,,300.0,3.4968,2.9861,17.9027,2.713,0.91032
RPC_US06,867,0.2739,discharge,-28.526,10.0,9.01,,300.0,3.4968,2.7033,27.8162,2.713,0.91032
RPC_US06,867,0.2293,discharge,-22.484,2.0,2.0,,300.0,3.4388,2.9449,21.9667,2.713,0.91032
RPC_US06,867,0.2293,discharge,-22.484,10.0,9.0,,300.0,3.4388,2.5297,40.4332,2.713,0.91032
RPC_US06,867,0.1848,discharge,-13.286,2.0,2.0,,300.0,3.3922,2.9686,31.8832,2.713,0.91032
RPC_US06,867,0.1848,discharge,-13.286,10.0,9.0,,300.0,3.3922,2.5412,64.0524,2.713,0.91032
RPC_US06,867,0.14,discharge,-8.149,2.0,2.0,,300.0,3.3496,2.9614,47.6395,2.713,0.91032
RPC_US06,867,0.14,discharge,-8.149,10.0,9.0,,300.0,3.3496,2.5052,103.6239,2.713,0.91032
RPC_US06,867,0.1131,discharge,-5.138,2.0,2.0,,300.0,3.2391,2.9166,62.7627,2.713,0.91032
RPC_US06,867,0.1131,discharge,-5.138,10.0,9.0,,300.0,3.2391,2.5106,141.7757,2.713,0.91032
RPC_US06,867,0.0996,discharge,-3.849,2.0,2.0,,300.0,3.1371,2.8633,71.1437,2.713,0.91032
RPC_US06,867,0.0996,discharge,-3.849,10.0,9.0,,300.0,3.1371,2.5059,164.0098,2.713,0.91032
RPC_US06,867,0.9973,discharge,-29.884,2.0,2.0,,2129.8,4.1609,3.6116,18.3811,2.713,0.91032
RPC_US06,867,0.9973,discharge,-29.884,10.0,9.0,,2129.8,4.1609,3.562,20.0408,2.713,0.91032
RPC_US06,867,0.9521,discharge,-29.812,2.0,2.0,,300.0,4.0849,3.6093,15.953,2.713,0.91032
RPC_US06,867,0.9521,discharge,-29.812,10.0,9.0,,300.0,4.0849,3.5478,18.0159,2.713,0.91032
RPC_US06,867,0.9069,discharge,-29.726,2.0,2.0,,300.0,4.0701,3.6085,15.5288,2.713,0.91032
RPC_US06,867,0.9069,discharge,-29.726,10.0,9.0,,300.0,4.0701,3.5233,18.395,2.713,0.91032
RPC_US06,867,0.8164,discharge,-29.736,2.0,2.0,,300.0,3.9881,3.544,14.9348,2.713,0.91032
RPC_US06,867,0.8164,discharge,-29.736,10.0,9.0,,300.0,3.9881,3.4619,17.6957,2.713,0.91032
RPC_US06,867,0.726,discharge,-29.716,2.0,2.0,,300.0,3.9073,3.4803,14.3694,2.713,0.91032
RPC_US06,867,0.726,discharge,-29.716,10.0,9.0,,300.0,3.9073,3.3996,17.0851,2.713,0.91032
RPC_US06,867,0.6355,discharge,-29.695,2.0,2.0,,300.0,3.8164,3.402,13.955,2.713,0.91032
RPC_US06,867,0.6355,discharge,-29.695,10.0,9.0,,300.0,3.8164,3.3166,16.8308,2.713,0.91032
RPC_US06,867,0.545,discharge,-29.657,2.0,2.0,,300.0,3.7165,3.3023,13.9666,2.713,0.91032
RPC_US06,867,0.545,discharge,-29.657,10.0,9.0,,300.0,3.7165,3.2103,17.0688,2.713,0.91032
RPC_US06,867,0.4546,discharge,-29.601,2.0,2.0,,300.0,3.6398,3.2203,14.1721,2.713,0.91032
RPC_US06,867,0.4546,discharge,-29.601,10.0,9.0,,300.0,3.6398,3.1182,17.6213,2.713,0.91032
RPC_US06,867,0.3642,discharge,-29.46,2.0,2.0,,300.0,3.578,3.1374,14.9559,2.713,0.91032
RPC_US06,867,0.3642,discharge,-29.46,10.0,9.0,,300.0,3.578,3.0096,19.294,2.713,0.91032
RPC_US06,867,0.2739,discharge,-28.568,2.0,1.0,,300.0,3.4965,3.027,16.4348,2.713,0.91032
RPC_US06,867,0.2739,discharge,-28.568,10.0,9.01,,300.0,3.4965,2.6971,27.9828,2.713,0.91032
RPC_US06,867,0.2293,discharge,-22.54,2.0,1.0,,300.0,3.4385,3.0019,19.37,2.713,0.91032
RPC_US06,867,0.2293,discharge,-22.54,10.0,9.0,,300.0,3.4385,2.5195,40.772,2.713,0.91032
RPC_US06,867,0.1848,discharge,-13.317,2.0,2.0,,300.0,3.3921,2.9651,32.0643,2.713,0.91032
RPC_US06,867,0.1848,discharge,-13.317,10.0,9.0,,300.0,3.3921,2.5328,64.5265,2.713,0.91032
RPC_US06,867,0.14,discharge,-7.776,2.0,2.0,,300.0,3.3494,2.9773,47.8508,2.713,0.91032
RPC_US06,867,0.14,discharge,-7.776,10.0,9.0,,300.0,3.3494,2.5395,104.1505,2.713,0.91032
RPC_US06,867,0.1131,discharge,-5.151,2.0,2.0,,300.0,3.2377,2.9123,63.1673,2.713,0.91032
RPC_US06,867,0.1131,discharge,-5.151,10.0,9.0,,300.0,3.2377,2.5034,142.5438,2.713,0.91032
RPC_US06,867,0.0996,discharge,-3.609,2.0,2.0,,300.0,3.1347,2.8764,71.578,2.713,0.91032
RPC_US06,867,0.0996,discharge,-3.609,10.0,9.0,,300.0,3.1347,2.5429,163.9948,2.713,0.91032
RPC_US06,867,0.9973,discharge,-29.893,2.0,2.0,,2131.9,4.161,3.6106,18.412,2.713,0.91032
RPC_US06,867,0.9973,discharge,-29.893,10.0,9.0,,2131.9,4.161,3.5609,20.0746,2.713,0.91032
RPC_US06,867,0.9521,discharge,-29.819,2.0,2.0,,300.0,4.0849,3.6085,15.9761,2.713,0.91032
RPC_US06,867,0.9521,discharge,-29.819,10.0,9.0,,300.0,4.0849,3.5468,18.0452,2.713,0.91032
RPC_US06,867,0.9069,discharge,-29.735,2.0,2.0,,300.0,4.07,3.6075,15.5541,2.713,0.91032
RPC_US06,867,0.9069,discharge,-29.735,10.0,9.0,,300.0,4.07,3.5224,18.416,2.713,0.91032
RPC_US06,867,0.8164,discharge,-29.741,2.0,2.0,,300.0,3.988,3.5435,14.9457,2.713,0.91032
RPC_US06,867,0.8164,discharge,-29.741,10.0,9.0,,300.0,3.988,3.4613,17.7096,2.713,0.91032
RPC_US06,867,0.726,discharge,-29.724,2.0,2.0,,300.0,3.9074,3.4796,14.3924,2.713,0.91032
RPC_US06,867,0.726,discharge,-29.724,10.0,9.0,,300.0,3.9074,3.3987,17.1141,2.713,0.91032
RPC_US06,867,0.6355,discharge,-29.704,2.0,2.0,,300.0,3.8162,3.4013,13.9678,2.713,0.91032
RPC_US06,867,0.6355,discharge,-29.704,10.0,9.0,,300.0,3.8162,3.3158,16.8462,2.713,0.91032
RPC_US06,867,0.5451,discharge,-29.664,2.0,2.0,,300.0,3.7165,3.3015,13.99,2.713,0.91032
RPC_US06,867,0.5451,discharge,-29.664,10.0,9.0,,300.0,3.7165,3.2092,17.1015,2.713,0.91032
RPC_US06,867,0.4546,discharge,-29.609,2.0,2.0,,300.0,3.6397,3.2198,14.1815,2.713,0.91032
RPC_US06,867,0.4546,discharge,-29.609,10.0,9.0,,300.0,3.6397,3.1172,17.6467,2.713,0.91032
RPC_US06,867,0.3642,discharge,-29.471,2.0,2.0,,300.0,3.5777,3.1362,14.9806,2.713,0.91032
RPC_US06,867,0.3642,discharge,-29.471,10.0,9.0,,300.0,3.5777,3.0082,19.3238,2.713,0.91032
RPC_US06,867,0.2739,discharge,-28.506,2.0,2.0,,300.0,3.4963,2.9828,18.0138,2.713,0.91032
RPC_US06,867,0.2739,discharge,-28.506,10.0,9.0,,300.0,3.4963,2.6953,28.0993,2.713,0.91032
RPC_US06,867,0.2293,discharge,-22.595,2.0,2.0,,300.0,3.4382,2.9376,22.1553,2.713,0.91032
RPC_US06,867,0.2293,discharge,-22.595,10.0,9.0,,300.0,3.4382,2.5097,41.0932,2.713,0.91032
RPC_US06,867,0.1848,discharge,-13.346,2.0,2.0,,300.0,3.3918,2.9619,32.2131,2.713,0.91032
RPC_US06,867,0.1848,discharge,-13.346,10.0,9.0,,300.0,3.3918,2.5249,64.9582,2.713,0.91032
RPC_US06,867,0.14,discharge,-7.789,2.0,1.0,,300.0,3.3491,3.0503,38.3628,2.713,0.91032
RPC_US06,867,0.14,discharge,-7.789,10.0,9.01,,300.0,3.3491,2.534,104.6503,2.713,0.91032
RPC_US06,867,0.1131,discharge,-4.863,2.0,2.0,,300.0,3.2366,2.9277,63.5198,2.713,0.91032
RPC_US06,867,0.1131,discharge,-4.863,10.0,9.0,,300.0,3.2366,2.5406,143.1201,2.713,0.91032
RPC_US06,867,0.0996,discharge,-3.615,2.0,2.0,,300.0,3.133,2.8726,72.0262,2.713,0.91032
RPC_US06,867,0.0996,discharge,-3.615,10.0,9.0,,300.0,3.133,2.5358,165.1846,2.713,0.91032
RPC_US06,867,0.9973,discharge,-29.901,2.0,2.0,,2132.6,4.161,3.6097,18.4372,2.713,0.91032
RPC_US06,867,0.9973,discharge,-29.901,10.0,9.0,,2132.6,4.161,3.5601,20.096,2.713,0.91032
RPC_US06,867,0.9521,discharge,-29.828,2.0,2.0,,300.0,4.0848,3.6078,15.9917,2.713,0.91032
RPC_US06,867,0.9521,discharge,-29.828,10.0,9.01,,300.0,4.0848,3.546,18.0636,2.713,0.91032
RPC_US06,867,0.9069,discharge,-29.742,2.0,2.0,,300.0,4.07,3.607,15.5669,2.713,0.91032
RPC_US06,867,0.9069,discharge,-29.742,10.0,9.0,,300.0,4.07,3.5216,18.4383,2.713,0.91032
RPC_US06,867,0.8164,discharge,-29.748,2.0,2.0,,300.0,3.9878,3.5426,14.9657,2.713,0.91032
RPC_US06,867,0.8164,discharge,-29.748,10.0,9.0,,300.0,3.9878,3.4604,17.7289,2.713,0.91032
RPC_US06,867,0.726,discharge,-29.73,2.0,2.0,,300.0,3.9073,3.479,14.4066,2.713,0.91032
RPC_US06,867,0.726,discharge,-29.73,10.0,9.0,,300.0,3.9073,3.398,17.1311,2.713,0.91032
RPC_US06,867,0.6355,discharge,-29.712,2.0,2.0,,300.0,3.8161,3.4005,13.9878,2.713,0.91032
RPC_US06,867,0.6355,discharge,-29.712,10.0,9.0,,300.0,3.8161,3.3148,16.8723,2.713,0.91032
RPC_US06,867,0.5451,discharge,-29.672,2.0,2.0,,300.0,3.7161,3.3008,13.9964,2.713,0.91032
RPC_US06,867,0.5451,discharge,-29.672,10.0,9.0,,300.0,3.7161,3.2083,17.1138,2.713,0.91032
RPC_US06,867,0.4546,discharge,-29.617,2.0,2.0,,300.0,3.6395,3.2189,14.2011,2.713,0.91032
RPC_US06,867,0.4546,discharge,-29.617,10.0,9.0,,300.0,3.6395,3.1161,17.672,2.713,0.91032
RPC_US06,867,0.3642,discharge,-29.483,2.0,2.0,,300.0,3.5777,3.1352,15.0086,2.713,0.91032
RPC_US06,867,0.3642,discharge,-29.483,10.0,9.0,,300.0,3.5777,3.0067,19.3671,2.713,0.91032
RPC_US06,867,0.2739,discharge,-28.548,2.0,2.0,,300.0,3.4961,2.9801,18.0748,2.713,0.91032
RPC_US06,867,0.2739,discharge,-28.548,10.0,9.0,,300.0,3.4961,2.6887,28.2822,2.713,0.91032
RPC_US06,867,0.2293,discharge,-21.748,2.0,2.0,,300.0,3.438,2.9536,22.2738,2.713,0.91032
RPC_US06,867,0.2293,discharge,-21.748,10.0,9.0,,300.0,3.438,2.5515,40.7633,2.713,0.91032
RPC_US06,867,0.1848,discharge,-13.393,2.0,2.0,,300.0,3.3915,2.9556,32.5469,2.713,0.91032
RPC_US06,867,0.1848,discharge,-13.393,10.0,9.0,,300.0,3.3915,2.5144,65.4894,2.713,0.91032
RPC_US06,867,0.14,discharge,-7.802,2.0,2.0,,300.0,3.3487,2.972,48.2797,2.713,0.91032
RPC_US06,867,0.14,discharge,-7.802,10.0,9.0,,300.0,3.3487,2.5275,105.249,2.713,0.91032
RPC_US06,867,0.1131,discharge,-4.872,2.0,2.0,,300.0,3.2352,2.9249,63.6937,2.713,0.91032
RPC_US06,867,0.1131,discharge,-4.872,10.0,9.0,,300.0,3.2352,2.5342,143.8908,2.713,0.91032
RPC_US06,867,0.0996,discharge,-3.623,2.0,2.0,,300.0,3.1309,2.869,72.2812,2.713,0.91032
RPC_US06,867,0.0996,discharge,-3.623,10.0,9.01,,300.0,3.1309,2.5292,166.0618,2.713,0.91032
RPC_US06,867,0.9973,discharge,-29.907,2.0,2.0,,2135.7,4.1609,3.6087,18.4636,2.713,0.91032
RPC_US06,867,0.9973,discharge,-29.907,10.0,9.0,,2135.7,4.1609,3.559,20.1254,2.713,0.91032
RPC_US06,867,0.9521,discharge,-29.834,2.0,1.0,,300.0,4.0848,3.6218,15.5192,2.713,0.91032
RPC_US06,867,0.9521,discharge,-29.834,10.0,9.0,,300.0,4.0848,3.5452,18.0867,2.713,0.91032
RPC_US06,867,0.9069,discharge,-29.749,2.0,2.0,,300.0,4.0699,3.6061,15.5904,2.713,0.91032
RPC_US06,867,0.9069,discharge,-29.749,10.0,9.0,,300.0,4.0699,3.5208,18.4578,2.713,0.91032
RPC_US06,867,0.8164,discharge,-29.755,2.0,2.0,,300.0,3.9876,3.5419,14.9792,2.713,0.91032
RPC_US06,867,0.8164,discharge,-29.755,10.0,9.0,,300.0,3.9876,3.4596,17.7452,2.713,0.91032
RPC_US06,867,0.726,discharge,-29.736,2.0,2.0,,300.0,3.907,3.4783,14.4171,2.713,0.91032
RPC_US06,867,0.726,discharge,-29.736,10.0,9.0,,300.0,3.907,3.3971,17.1479,2.713,0.91032
RPC_US06,867,0.6355,discharge,-29.719,2.0,2.0,,300.0,3.8158,3.3997,14.0011,2.713,0.91032
RPC_US06,867,0.6355,discharge,-29.719,10.0,9.0,,300.0,3.8158,3.3139,16.8882,2.713,0.91032
RPC_US06,867,0.5451,discharge,-29.68,2.0,2.0,,300.0,3.716,3.2999,14.0195,2.713,0.91032
RPC_US06,867,0.5451,discharge,-29.68,10.0,9.0,,300.0,3.716,3.2075,17.1327,2.713,0.91032
RPC_US06,867,0.4546,discharge,-29.627,2.0,2.0,,300.0,3.6394,3.2182,14.217,2.713,0.91032
RPC_US06,867,0.4546,discharge,-29.627,10.0,9.0,,300.0,3.6394,3.1153,17.6902,2.713,0.91032
RPC_US06,867,0.3642,discharge,-29.496,2.0,2.0,,300.0,3.5775,3.1341,15.0325,2.713,0.91032
RPC_US06,867,0.3642,discharge,-29.496,10.0,9.0,,300.0,3.5775,3.0053,19.3992,2.713,0.91032
RPC_US06,867,0.2739,discharge,-28.472,2.0,2.0,,300.0,3.4958,2.9799,18.1196,2.713,0.91032
RPC_US06,867,0.2739,discharge,-28.472,10.0,9.0,,300.0,3.4958,2.6877,28.3823,2.713,0.91032
RPC_US06,867,0.2293,discharge,-21.793,2.0,2.0,,300.0,3.4377,2.9505,22.3558,2.713,0.91032
RPC_US06,867,0.2293,discharge,-21.793,10.0,9.0,,300.0,3.4377,2.5435,41.0315,2.713,0.91032
RPC_US06,867,0.1848,discharge,-13.419,2.0,2.0,,300.0,3.3914,2.9528,32.685,2.713,0.91032
RPC_US06,867,0.1848,discharge,-13.419,10.0,9.0,,300.0,3.3914,2.5077,65.8544,2.713,0.91032
RPC_US06,867,0.14,discharge,-7.813,2.0,2.0,,300.0,3.3483,2.9703,48.3794,2.713,0.91032
RPC_US06,867,0.14,discharge,-7.813,10.0,9.0,,300.0,3.3483,2.5229,105.6411,2.713,0.91032
RPC_US06,867,0.1131,discharge,-4.879,2.0,2.0,,300.0,3.2342,2.9225,63.886,2.713,0.91032
RPC_US06,867,0.1131,discharge,-4.879,10.0,9.01,,300.0,3.2342,2.5291,144.5173,2.713,0.91032
RPC_US06,867,0.0996,discharge,-3.628,2.0,2.0,,300.0,3.1295,2.8663,72.5409,2.713,0.91032
RPC_US06,867,0.0996,discharge,-3.628,10.0,9.0,,300.0,3.1295,2.524,166.8826,2.713,0.91032
RPC_US06,867,0.9973,discharge,-29.913,2.0,2.0,,2135.1,4.1607,3.6079,18.4803,2.713,0.91032
RPC_US06,867,0.9973,discharge,-29.913,10.0,9.0,,2135.1,4.1607,3.5584,20.1351,2.713,0.91032
RPC_US06,867,0.9521,discharge,-29.839,2.0,2.0,,300.0,4.0847,3.6062,16.0361,2.713,0.91032
RPC_US06,867,0.9521,discharge,-29.839,10.0,9.0,,300.0,4.0847,3.5442,18.1139,2.713,0.91032
RPC_US06,867,0.9069,discharge,-29.755,2.0,2.0,,300.0,4.0699,3.6055,15.6075,2.713,0.91032
RPC_US06,867,0.9069,discharge,-29.755,10.0,9.0,,300.0,4.0699,3.5199,18.4843,2.713,0.91032
RPC_US06,867,0.8164,discharge,-29.761,2.0,2.0,,300.0,3.9874,3.5413,14.9894,2.713,0.91032
RPC_US06,867,0.8164,discharge,-29.761,10.0,9.0,,300.0,3.9874,3.4589,17.7581,2.713,0.91032
RPC_US06,867,0.726,discharge,-29.742,2.0,2.0,,300.0,3.9071,3.4775,14.444,2.713,0.91032
RPC_US06,867,0.726,discharge,-29.742,10.0,9.0,,300.0,3.9071,3.3963,17.1741,2.713,0.91032
RPC_US06,867,0.6355,discharge,-29.726,2.0,2.0,,300.0,3.8155,3.3989,14.0149,2.713,0.91032
RPC_US06,867,0.6355,discharge,-29.726,10.0,9.0,,300.0,3.8155,3.313,16.9047,2.713,0.91032
RPC_US06,867,0.5451,discharge,-29.689,2.0,2.0,,300.0,3.7158,3.2992,14.0321,2.713,0.91032
RPC_US06,867,0.5451,discharge,-29.689,10.0,9.0,,300.0,3.7158,3.2066,17.1511,2.713,0.91032
RPC_US06,867,0.4546,discharge,-29.634,2.0,2.0,,300.0,3.6393,3.2172,14.244,2.713,0.91032
RPC_US06,867,0.4546,discharge,-29.634,10.0,9.0,,300.0,3.6393,3.1143,17.7164,2.713,0.91032
RPC_US06,867,0.3642,discharge,-29.509,2.0,2.0,,300.0,3.5775,3.1331,15.0598,2.713,0.91032
RPC_US06,867,0.3642,discharge,-29.509,10.0,9.0,,300.0,3.5775,3.0039,19.4381,2.713,0.91032
RPC_US06,867,0.2739,discharge,-28.513,2.0,2.0,,300.0,3.4957,2.9774,18.178,2.713,0.91032
RPC_US06,867,0.2739,discharge,-28.513,10.0,9.0,,300.0,3.4957,2.6819,28.5419,2.713,0.91032
RPC_US06,867,0.2293,discharge,-21.841,2.0,2.0,,300.0,3.4373,2.9472,22.4394,2.713,0.91032
RPC_US06,867,0.2293,discharge,-21.841,10.0,9.0,,300.0,3.4373,2.5349,41.3168,2.713,0.91032
RPC_US06,867,0.1848,discharge,-12.861,2.0,2.0,,300.0,3.3912,2.969,32.8279,2.713,0.91032
RPC_US06,867,0.1848,discharge,-12.861,10.0,9.0,,300.0,3.3912,2.5457,65.7414,2.713,0.91032
RPC_US06,867,0.14,discharge,-7.831,2.0,2.0,,300.0,3.348,2.9668,48.6796,2.713,0.91032
RPC_US06,867,0.14,discharge,-7.831,10.0,9.0,,300.0,3.348,2.5179,106.0045,2.713,0.91032
RPC_US06,867,0.1131,discharge,-4.888,2.0,1.0,,300.0,3.233,2.9876,50.2066,2.713,0.91032
RPC_US06,867,0.1131,discharge,-4.888,10.0,9.0,,300.0,3.233,2.5239,145.0755,2.713,0.91032
RPC_US06,867,0.0996,discharge,-3.634,2.0,2.0,,300.0,3.1277,2.8636,72.6687,2.713,0.91032
RPC_US06,867,0.0996,discharge,-3.634,10.0,9.0,,300.0,3.1277,2.5182,167.7077,2.713,0.91032
RPC_US06,867,0.9973,discharge,-29.922,2.0,2.0,,2139.0,4.1608,3.607,18.5081,2.713,0.91032
RPC_US06,867,0.9973,discharge,-29.922,10.0,9.0,,2139.0,4.1608,3.5575,20.1624,2.713,0.91032
RPC_US06,867,0.9521,discharge,-29.847,2.0,2.0,,300.0,4.0847,3.6055,16.0552,2.713,0.91032
RPC_US06,867,0.9521,discharge,-29.847,10.0,9.0,,300.0,4.0847,3.5435,18.1325,2.713,0.91032
RPC_US06,867,0.9069,discharge,-29.762,2.0,2.0,,300.0,4.0697,3.6046,15.627,2.713,0.91032
RPC_US06,867,0.9069,discharge,-29.762,10.0,9.0,,300.0,4.0697,3.5192,18.4964,2.713,0.91032
RPC_US06,867,0.8164,discharge,-29.767,2.0,2.0,,300.0,3.9874,3.5404,15.0169,2.713,0.91032
RPC_US06,867,0.8164,discharge,-29.767,10.0,9.0,,300.0,3.9874,3.4582,17.7784,2.713,0.91032
RPC_US06,867,0.726,discharge,-29.748,2.0,2.0,,300.0,3.907,3.4769,14.4581,2.713,0.91032
RPC_US06,867,0.726,discharge,-29.748,10.0,9.0,,300.0,3.907,3.3957,17.1877,2.713,0.91032
RPC_US06,867,0.6355,discharge,-29.733,2.0,2.0,,300.0,3.8154,3.3984,14.0248,2.713,0.91032
RPC_US06,867,0.6355,discharge,-29.733,10.0,9.0,,300.0,3.8154,3.3122,16.924,2.713,0.91032
RPC_US06,867,0.5451,discharge,-29.695,2.0,2.0,,300.0,3.7158,3.2985,14.0526,2.713,0.91032
RPC_US06,867,0.5451,discharge,-29.695,10.0,9.0,,300.0,3.7158,3.2059,17.171,2.713,0.91032
RPC_US06,867,0.4546,discharge,-29.641,2.0,2.0,,300.0,3.6391,3.2164,14.2607,2.713,0.91032
RPC_US06,867,0.4546,discharge,-29.641,10.0,9.0,,300.0,3.6391,3.1134,17.7356,2.713,0.91032
RPC_US06,867,0.3642,discharge,-29.52,2.0,1.0,,300.0,3.5773,3.1576,14.2172,2.713,0.91032
RPC_US06,867,0.3642,discharge,-29.52,10.0,9.0,,300.0,3.5773,3.0024,19.4746,2.713,0.91032
RPC_US06,867,0.2739,discharge,-28.444,2.0,2.0,,300.0,3.4953,2.9769,18.2253,2.713,0.91032
RPC_US06,867,0.2739,discharge,-28.444,10.0,9.0,,300.0,3.4953,2.6805,28.6458,2.713,0.91032
RPC_US06,867,0.2293,discharge,-21.886,2.0,2.0,,300.0,3.4372,2.944,22.5355,2.713,0.91032
RPC_US06,867,0.2293,discharge,-21.886,10.0,9.0,,300.0,3.4372,2.5268,41.5983,2.713,0.91032
RPC_US06,867,0.1848,discharge,-12.884,2.0,2.0,,300.0,3.3911,2.9663,32.9698,2.713,0.91032
RPC_US06,867,0.1848,discharge,-12.884,10.0,9.0,,300.0,3.3911,2.5396,66.0872,2.713,0.91032
RPC_US06,867,0.14,discharge,-7.84,2.0,2.0,,300.0,3.3479,2.9652,48.8163,2.713,0.91032
RPC_US06,867,0.14,discharge,-7.84,10.0,9.0,,300.0,3.3479,2.5135,106.434,2.713,0.91032
RPC_US06,867,0.1131,discharge,-4.893,2.0,2.0,,300.0,3.2322,2.9176,64.3012,2.713,0.91032
RPC_US06,867,0.1131,discharge,-4.893,10.0,9.0,,300.0,3.2322,2.5196,145.6485,2.713,0.91032
RPC_US06,867,0.0996,discharge,-3.639,2.0,2.0,,300.0,3.1266,2.8612,72.9281,2.713,0.91032
RPC_US06,867,0.0996,discharge,-3.639,10.0,9.0,,300.0,3.1266,2.5138,168.3887,2.713,0.91032
RPC_US06,867,0.9552,charge,2.852,2.0,2.0,,300.0,4.0842,4.15,23.0703,2.713,0.91032
RPC_US06,867,0.9552,charge,2.852,10.0,9.0,,300.0,4.0842,4.15,23.0703,2.713,0.91032
RPC_US06,867,0.9101,charge,4.024,2.0,2.0,,300.0,4.069,4.1501,20.1526,2.713,0.91032
RPC_US06,867,0.9101,charge,4.024,10.0,9.0,,300.0,4.069,4.15,20.1277,2.713,0.91032
RPC_US06,867,0.8203,charge,9.007,2.0,2.0,,300.0,3.9852,4.1503,18.331,2.713,0.91032
RPC_US06,867,0.8203,charge,9.007,10.0,9.0,,300.0,3.9852,4.15,18.2977,2.713,0.91032
RPC_US06,867,0.73,charge,15.001,2.0,2.0,,300.0,3.9068,4.1244,14.5057,2.713,0.91032
RPC_US06,867,0.73,charge,15.001,10.0,9.0,,300.0,3.9068,4.1501,16.2189,2.713,0.91032
RPC_US06,867,0.6395,charge,15.001,2.0,2.0,,300.0,3.8158,4.0368,14.7324,2.713,0.91032
RPC_US06,867,0.6395,charge,15.001,10.0,9.0,,300.0,3.8158,4.0841,17.8855,2.713,0.91032
RPC_US06,867,0.5491,charge,15.001,2.0,2.0,,300.0,3.716,3.9306,14.3057,2.713,0.91032
RPC_US06,867,0.5491,charge,15.001,10.0,9.0,,300.0,3.716,3.9701,16.9389,2.713,0.91032
RPC_US06,867,0.4586,charge,15.001,2.0,2.0,,300.0,3.6398,3.8549,14.339,2.713,0.91032
RPC_US06,867,0.4586,charge,15.001,10.0,9.0,,300.0,3.6398,3.8912,16.7589,2.713,0.91032
RPC_US06,867,0.3681,charge,15.001,2.0,2.0,,300.0,3.5777,3.8008,14.8723,2.713,0.91032
RPC_US06,867,0.3681,charge,15.001,10.0,9.0,,300.0,3.5777,3.8365,17.2522,2.713,0.91032
RPC_US06,867,0.2777,charge,15.001,2.0,2.0,,300.0,3.4955,3.734,15.8989,2.713,0.91032
RPC_US06,867,0.2777,charge,15.001,10.0,9.0,,300.0,3.4955,3.7748,18.6188,2.713,0.91032
RPC_US06,867,0.2325,charge,15.001,2.0,2.0,,300.0,3.4367,3.6901,16.8922,2.713,0.91032
RPC_US06,867,0.2325,charge,15.001,10.0,9.0,,300.0,3.4367,3.7336,19.792,2.713,0.91032
RPC_US06,867,0.1872,charge,15.001,2.0,1.0,,300.0,3.3905,3.646,17.0322,2.713,0.91032
RPC_US06,867,0.1872,charge,15.001,10.0,9.01,,300.0,3.3905,3.6841,19.572,2.713,0.91032
RPC_US06,867,0.142,charge,15.001,2.0,2.0,,300.0,3.3478,3.6328,18.9987,2.713,0.91032
RPC_US06,867,0.142,charge,15.001,10.0,9.0,,300.0,3.3478,3.6641,21.0853,2.713,0.91032
RPC_US06,867,0.1148,charge,15.001,2.0,2.0,,4729.5,3.2556,3.5911,22.3652,2.713,0.91032
RPC_US06,867,0.1148,charge,15.001,10.0,9.01,,4729.5,3.2556,3.6609,27.0182,2.713,0.91032
RPC_US06,867,0.1013,charge,15.001,2.0,2.0,,300.0,3.139,3.5065,24.4984,2.713,0.91032
RPC_US06,867,0.1013,charge,15.001,10.0,9.0,,300.0,3.139,3.604,30.9979,2.713,0.91032
RPC_US06,867,0.955,charge,2.65,2.0,2.0,,300.1,4.0839,4.1395,20.9815,2.713,0.91032
RPC_US06,867,0.955,charge,2.65,10.0,9.0,,300.1,4.0839,4.1489,24.5288,2.713,0.91032
RPC_US06,867,0.9099,charge,3.773,2.0,2.0,,300.1,4.0689,4.1386,18.4712,2.713,0.91032
RPC_US06,867,0.9099,charge,3.773,10.0,9.0,,300.1,4.0689,4.1493,21.3068,2.713,0.91032
RPC_US06,867,0.8198,charge,8.147,2.0,2.0,,300.1,3.985,4.1179,16.312,2.713,0.91032
RPC_US06,867,0.8198,charge,8.147,10.0,9.0,,300.1,3.985,4.1458,19.7364,2.713,0.91032
RPC_US06,867,0.73,charge,14.447,2.0,2.0,,300.1,3.9068,4.1188,14.6738,2.713,0.91032
RPC_US06,867,0.73,charge,14.447,10.0,9.0,,300.1,3.9068,4.1514,16.9303,2.713,0.91032
RPC_US06,867,0.6396,charge,15.065,2.0,2.0,,300.1,3.8158,4.0401,14.8893,2.713,0.91032
RPC_US06,867,0.6396,charge,15.065,10.0,9.0,,300.1,3.8158,4.0853,17.8897,2.713,0.91032
RPC_US06,867,0.5491,charge,15.058,2.0,2.0,,300.1,3.716,3.9335,14.4441,2.713,0.91032
RPC_US06,867,0.5491,charge,15.058,10.0,9.0,,300.1,3.716,3.971,16.9345,2.713,0.91032
RPC_US06,867,0.4586,charge,15.052,2.0,2.0,,300.1,3.6397,3.8578,14.4898,2.713,0.91032
RPC_US06,867,0.4586,charge,15.052,10.0,9.0,,300.1,3.6397,3.8923,16.7818,2.713,0.91032
RPC_US06,867,0.3682,charge,15.051,2.0,2.0,,300.1,3.5779,3.8038,15.009,2.713,0.91032
RPC_US06,867,0.3682,charge,15.051,10.0,9.0,,300.1,3.5779,3.8376,17.2547,2.713,0.91032
RPC_US06,867,0.2777,charge,15.062,2.0,1.0,,300.1,3.4954,3.7293,15.5286,2.713,0.91032
RPC_US06,867,0.2777,charge,15.062,10.0,9.0,,300.1,3.4954,3.7761,18.6357,2.713,0.91032
RPC_US06,867,0.2325,charge,15.066,2.0,2.0,,300.1,3.4369,3.694,17.0649,2.713,0.91032
RPC_US06,867,0.2325,charge,15.066,10.0,9.0,,300.1,3.4369,3.7351,19.7929,2.713,0.91032
RPC_US06,867,0.9552,charge,2.869,2.0,2.0,,300.0,4.0841,4.15,22.9717,2.713,0.91032
RPC_US06,867,0.9552,charge,2.869,10.0,9.0,,300.0,4.0841,4.1501,23.0065,2.713,0.91032
RPC_US06,867,0.9101,charge,4.036,2.0,2.0,,300.0,4.0689,4.1501,20.1174,2.713,0.91032
RPC_US06,867,0.9101,charge,4.036,10.0,9.0,,300.0,4.0689,4.15,20.0927,2.713,0.91032
RPC_US06,867,0.8203,charge,9.05,2.0,2.0,,300.0,3.9839,4.1501,18.3641,2.713,0.91032
RPC_US06,867,0.8203,charge,9.05,10.0,9.0,,300.0,3.9839,4.1501,18.3641,2.713,0.91032
RPC_US06,867,0.73,charge,15.001,2.0,2.0,,300.0,3.9061,4.1243,14.5457,2.713,0.91032
RPC_US06,867,0.73,charge,15.001,10.0,9.0,,300.0,3.9061,4.1501,16.2656,2.713,0.91032
RPC_US06,867,0.6395,charge,15.001,2.0,2.0,,300.0,3.8144,4.036,14.7723,2.713,0.91032
RPC_US06,867,0.6395,charge,15.001,10.0,9.0,,300.0,3.8144,4.0838,17.9588,2.713,0.91032
RPC_US06,867,0.5491,charge,15.001,2.0,2.0,,300.0,3.7149,3.9303,14.359,2.713,0.91032
RPC_US06,867,0.5491,charge,15.001,10.0,9.0,,300.0,3.7149,3.9699,16.9989,2.713,0.91032
RPC_US06,867,0.4586,charge,15.001,2.0,2.0,,300.0,3.6387,3.8555,14.4524,2.713,0.91032
RPC_US06,867,0.4586,charge,15.001,10.0,9.0,,300.0,3.6387,3.8918,16.8722,2.713,0.91032
RPC_US06,867,0.3681,charge,15.001,2.0,2.0,,300.0,3.5767,3.8018,15.0057,2.713,0.91032
RPC_US06,867,0.3681,charge,15.001,10.0,9.0,,300.0,3.5767,3.8376,17.3922,2.713,0.91032
RPC_US06,867,0.2777,charge,15.001,2.0,2.0,,300.0,3.4934,3.7349,16.0989,2.713,0.91032
RPC_US06,867,0.2777,charge,15.001,10.0,9.0,,300.0,3.4934,3.7755,18.8054,2.713,0.91032
RPC_US06,867,0.2324,charge,15.0,2.0,2.0,,300.0,3.4348,3.6913,17.1,2.713,0.91032
RPC_US06,867,0.2324,charge,15.0,10.0,9.0,,300.0,3.4348,3.7347,19.9933,2.713,0.91032
RPC_US06,867,0.1872,charge,15.001,2.0,2.0,,300.0,3.389,3.6556,17.7721,2.713,0.91032
RPC_US06,867,0.1872,charge,15.001,10.0,9.0,,300.0,3.389,3.6859,19.792,2.713,0.91032
RPC_US06,867,0.142,charge,15.001,2.0,2.0,,300.0,3.3455,3.634,19.2321,2.713,0.91032
RPC_US06,867,0.142,charge,15.001,10.0,9.0,,300.0,3.3455,3.6656,21.3386,2.713,0.91032
RPC_US06,867,0.1147,charge,15.001,2.0,2.0,,4729.6,3.2479,3.5878,22.6585,2.713,0.91032
RPC_US06,867,0.1147,charge,15.001,10.0,9.0,,4729.6,3.2479,3.6608,27.5248,2.713,0.91032
RPC_US06,867,0.1013,charge,15.001,2.0,2.0,,300.0,3.1278,3.5001,24.8183,2.713,0.91032
RPC_US06,867,0.1013,charge,15.001,10.0,9.0,,300.0,3.1278,3.5998,31.4646,2.713,0.91032
RPC_US06,867,0.955,charge,2.667,2.0,2.0,,300.1,4.0839,4.1397,20.9259,2.713,0.91032
RPC_US06,867,0.955,charge,2.667,10.0,9.01,,300.1,4.0839,4.149,24.4136,2.713,0.91032
RPC_US06,867,0.9099,charge,3.783,2.0,2.0,,300.1,4.0689,4.1384,18.3731,2.713,0.91032
RPC_US06,867,0.9099,charge,3.783,10.0,9.0,,300.1,4.0689,4.1494,21.2811,2.713,0.91032
RPC_US06,867,0.8198,charge,8.186,2.0,2.0,,300.1,3.9846,4.118,16.2967,2.713,0.91032
RPC_US06,867,0.8198,charge,8.186,10.0,9.0,,300.1,3.9846,4.1462,19.7417,2.713,0.91032
RPC_US06,867,0.73,charge,14.448,2.0,2.0,,300.1,3.9064,4.1187,14.6941,2.713,0.91032
RPC_US06,867,0.73,charge,14.448,10.0,9.01,,300.1,3.9064,4.1514,16.9574,2.713,0.91032
RPC_US06,867,0.6396,charge,15.065,2.0,2.0,,300.1,3.8151,4.04,14.9291,2.713,0.91032
RPC_US06,867,0.6396,charge,15.065,10.0,9.0,,300.1,3.8151,4.0851,17.9229,2.713,0.91032
RPC_US06,867,0.5491,charge,15.056,2.0,2.0,,300.1,3.7155,3.9331,14.4522,2.713,0.91032
RPC_US06,867,0.5491,charge,15.056,10.0,9.0,,300.1,3.7155,3.971,16.9694,2.713,0.91032
RPC_US06,867,0.4586,charge,15.053,2.0,2.0,,300.1,3.6391,3.8578,14.5287,2.713,0.91032
RPC_US06,867,0.4586,charge,15.053,10.0,9.0,,300.1,3.6391,3.8924,16.8272,2.713,0.91032
RPC_US06,867,0.3682,charge,15.053,2.0,2.0,,300.1,3.5772,3.8042,15.0801,2.713,0.91032
RPC_US06,867,0.3682,charge,15.053,10.0,9.0,,300.1,3.5772,3.8381,17.3321,2.713,0.91032
RPC_US06,867,0.2777,charge,15.063,2.0,1.0,,300.1,3.4947,3.73,15.6211,2.713,0.91032
RPC_US06,867,0.2777,charge,15.063,10.0,9.0,,300.1,3.4947,3.7767,18.7214,2.713,0.91032
RPC_US06,867,0.2325,charge,15.068,2.0,2.0,,300.1,3.4357,3.6946,17.1821,2.713,0.91032
RPC_US06,867,0.2325,charge,15.068,10.0,9.0,,300.1,3.4357,3.7357,19.9097,2.713,0.91032
RPC_US06,867,0.1873,charge,15.05,2.0,2.0,,300.1,3.3897,3.6574,17.788,2.713,0.91032
RPC_US06,867,0.1873,charge,15.05,10.0,9.0,,300.1,3.3897,3.6859,19.6817,2.713,0.91032
RPC_US06,867,0.142,charge,15.047,2.0,2.0,,300.1,3.3471,3.6366,19.2397,2.713,0.91032
RPC_US06,867,0.142,charge,15.047,10.0,9.0,,300.1,3.3471,3.6661,21.2002,2.713,0.91032
RPC_US06,867,0.1149,charge,15.168,2.0,1.0,,300.1,3.2289,3.5611,21.9021,2.713,0.91032
RPC_US06,867,0.1149,charge,15.168,10.0,9.0,,300.1,3.2289,3.648,27.6314,2.713,0.91032
RPC_US06,867,0.1014,charge,15.184,2.0,2.0,,300.1,3.1243,3.5026,24.9144,2.713,0.91032
RPC_US06,867,0.1014,charge,15.184,10.0,9.01,,300.1,3.1243,3.5976,31.171,2.713,0.91032
RPC_US06,986,0.9973,discharge,-30.0,2.0,2.0,,4595.7,4.1445,3.5605,19.4667,2.6663,0.89464
RPC_US06,986,0.9973,discharge,-30.0,10.0,9.0,,4595.7,4.1445,3.5192,20.8433,2.6663,0.89464
RPC_US06,986,0.9727,charge,2.806,2.0,2.0,,60.0,4.0839,4.15,23.5558,2.6663,0.89464
RPC_US06,986,0.9727,charge,2.806,10.0,9.0,,60.0,4.0839,4.1501,23.5915,2.6663,0.89464
RPC_US06,986,0.9528,discharge,-29.999,2.0,2.0,,3600.0,4.0894,3.5474,18.0673,2.6663,0.89464
RPC_US06,986,0.9528,discharge,-29.999,10.0,9.0,,3600.0,4.0894,3.4993,19.6707,2.6663,0.89464
RPC_US06,986,0.9283,charge,3.825,2.0,2.0,,60.0,4.0679,4.1501,21.4913,2.6663,0.89464
RPC_US06,986,0.9283,charge,3.825,10.0,9.0,,60.0,4.0679,4.1499,21.439,2.6663,0.89464
RPC_US06,986,0.9084,discharge,-29.999,2.0,1.0,,3600.0,4.0752,3.5645,17.0239,2.6663,0.89464
RPC_US06,986,0.9084,discharge,-29.999,10.0,9.0,,3600.0,4.0752,3.4839,19.7107,2.6663,0.89464
RPC_US06,986,0.884,charge,4.98,2.0,2.0,,60.0,4.0457,4.1502,20.9848,2.6663,0.89464
RPC_US06,986,0.884,charge,4.98,10.0,9.0,,60.0,4.0457,4.15,20.9446,2.6663,0.89464
RPC_US06,986,0.8195,discharge,-29.999,2.0,2.0,,3600.0,4.0126,3.5058,16.8939,2.6663,0.89464
RPC_US06,986,0.8195,discharge,-29.999,10.0,9.0,,3600.0,4.0126,3.4298,19.4273,2.6663,0.89464
RPC_US06,986,0.7958,charge,10.688,2.0,2.0,,60.0,3.9509,4.1503,18.6564,2.6663,0.89464
RPC_US06,986,0.7958,charge,10.688,10.0,9.0,,60.0,3.9509,4.1501,18.6377,2.6663,0.89464
RPC_US06,986,0.7305,discharge,-29.999,2.0,2.0,,3600.0,3.9179,3.4376,16.0105,2.6663,0.89464
RPC_US06,986,0.7305,discharge,-29.999,10.0,9.0,,3600.0,3.9179,3.3672,18.3573,2.6663,0.89464
RPC_US06,986,0.7069,charge,15.001,2.0,2.0,,60.0,3.869,4.0951,15.0723,2.6663,0.89464
RPC_US06,986,0.7069,charge,15.001,10.0,9.0,,60.0,3.869,4.1428,18.2521,2.6663,0.89464
RPC_US06,986,0.6416,discharge,-29.999,2.0,2.0,,3600.0,3.8362,3.3678,15.6139,2.6663,0.89464
RPC_US06,986,0.6416,discharge,-29.999,10.0,9.0,,3600.0,3.8362,3.2908,18.1806,2.6663,0.89464
RPC_US06,986,0.618,charge,15.001,2.0,2.0,,60.0,3.783,4.0032,14.679,2.6663,0.89464
RPC_US06,986,0.618,charge,15.001,10.0,9.0,,60.0,3.783,4.0459,17.5255,2.6663,0.89464
RPC_US06,986,0.5527,discharge,-30.0,2.0,2.0,,3600.0,3.7377,3.2748,15.43,2.6663,0.89464
RPC_US06,986,0.5527,discharge,-30.0,10.0,9.0,,3600.0,3.7377,3.1905,18.24,2.6663,0.89464
RPC_US06,986,0.5291,charge,15.001,2.0,2.0,,60.0,3.6933,3.9143,14.7324,2.6663,0.89464
RPC_US06,986,0.5291,charge,15.001,10.0,9.0,,60.0,3.6933,3.9571,17.5855,2.6663,0.89464
RPC_US06,986,0.4638,discharge,-29.999,2.0,2.0,,3600.0,3.6581,3.1912,15.5639,2.6663,0.89464
RPC_US06,986,0.4638,discharge,-29.999,10.0,9.0,,3600.0,3.6581,3.1012,18.564,2.6663,0.89464
RPC_US06,986,0.4402,charge,15.001,2.0,2.0,,60.0,3.6171,3.8396,14.8323,2.6663,0.89464
RPC_US06,986,0.4402,charge,15.001,10.0,9.0,,60.0,3.6171,3.8819,17.6522,2.6663,0.89464
RPC_US06,986,0.3749,discharge,-29.999,2.0,1.0,,3600.0,3.5997,3.1338,15.5305,2.6663,0.89464
RPC_US06,986,0.3749,discharge,-29.999,10.0,9.0,,3600.0,3.5997,3.0029,19.894,2.6663,0.89464
RPC_US06,986,0.3513,charge,15.001,2.0,1.0,,60.0,3.5517,3.7716,14.659,2.6663,0.89464
RPC_US06,986,0.3513,charge,15.001,10.0,9.0,,60.0,3.5517,3.8261,18.2921,2.6663,0.89464
RPC_US06,986,0.286,discharge,-29.999,2.0,2.0,,3600.0,3.5159,2.9485,18.914,2.6663,0.89464
RPC_US06,986,0.286,discharge,-29.999,10.0,9.0,,3600.0,3.5159,2.7614,25.1508,2.6663,0.89464
RPC_US06,986,0.2624,charge,15.001,2.0,2.0,,60.0,3.4646,3.7064,16.1189,2.6663,0.89464
RPC_US06,986,0.2624,charge,15.001,10.0,9.0,,60.0,3.4646,3.7507,19.0721,2.6663,0.89464
RPC_US06,986,0.2416,discharge,-29.999,2.0,2.0,,3600.0,3.4612,2.7804,22.6941,2.6663,0.89464
RPC_US06,986,0.2416,discharge,-29.999,10.0,9.0,,3600.0,3.4612,2.5496,30.3877,2.6663,0.89464
RPC_US06,986,0.2188,charge,15.001,2.0,2.0,,60.0,3.4179,3.6559,15.8656,2.6663,0.89464
RPC_US06,986,0.2188,charge,15.001,10.0,9.0,,60.0,3.4179,3.6919,18.2654,2.6663,0.89464
RPC_US06,986,0.1971,discharge,-17.739,2.0,2.0,,3600.0,3.4157,2.5484,48.8923,2.6663,0.89464
RPC_US06,986,0.1971,discharge,-17.739,10.0,9.0,,3600.0,3.4157,2.5498,48.8133,2.6663,0.89464
RPC_US06,986,0.1821,charge,15.0,2.0,2.0,,60.0,3.3865,3.6449,17.2267,2.6663,0.89464
RPC_US06,986,0.1821,charge,15.0,10.0,9.0,,60.0,3.3865,3.6775,19.4,2.6663,0.89464
RPC_US06,986,0.1527,discharge,-9.091,2.0,2.0,,3600.0,3.3803,2.5493,91.4131,2.6663,0.89464
RPC_US06,986,0.1527,discharge,-9.091,10.0,9.0,,3600.0,3.3803,2.5499,91.3471,2.6663,0.89464
RPC_US06,986,0.1451,charge,15.0,2.0,2.0,,60.0,3.3336,3.6331,19.9667,2.6663,0.89464
RPC_US06,986,0.1451,charge,15.0,10.0,9.0,,60.0,3.3336,3.6731,22.6333,2.6663,0.89464
RPC_US06,986,0.1262,discharge,-5.797,2.0,2.0,,3600.0,3.3073,2.5495,130.725,2.6663,0.89464
RPC_US06,986,0.1262,discharge,-5.797,10.0,9.0,,3600.0,3.3073,2.5499,130.656,2.6663,0.89464
RPC_US06,986,0.1219,charge,15.0,2.0,2.0,,60.0,3.2345,3.5722,22.5133,2.6663,0.89464
RPC_US06,986,0.1219,charge,15.0,10.0,9.0,,60.0,3.2345,3.6515,27.8,2.6663,0.89464
RPC_US06,986,0.1131,discharge,-4.38,2.0,2.0,,3600.0,3.2315,2.5496,155.7027,2.6663,0.89464
RPC_US06,986,0.1131,discharge,-4.38,10.0,9.0,,3600.0,3.2315,2.55,155.6114,2.6663,0.89464
RPC_US06,986,0.1101,charge,15.001,2.0,2.0,,60.0,3.1559,3.5141,23.8784,2.6663,0.89464
RPC_US06,986,0.1101,charge,15.001,10.0,9.0,,60.0,3.1559,3.6123,30.4246,2.6663,0.89464
RPC_US06,986,0.9973,discharge,-30.001,2.0,2.0,,2201.6,4.1591,3.5746,19.4827,2.6663,0.89464
RPC_US06,986,0.9973,discharge,-30.001,10.0,9.0,,2201.6,4.1591,3.5302,20.9626,2.6663,0.89464
RPC_US06,986,0.9528,discharge,-29.999,2.0,2.0,,300.0,4.0841,3.5751,16.9672,2.6663,0.89464
RPC_US06,986,0.9528,discharge,-29.999,10.0,9.0,,300.0,4.0841,3.5169,18.9073,2.6663,0.89464
RPC_US06,986,0.9084,discharge,-30.001,2.0,2.0,,300.0,4.0691,3.572,16.5694,2.6663,0.89464
RPC_US06,986,0.9084,discharge,-30.001,10.0,9.0,,300.0,4.0691,3.4941,19.166,2.6663,0.89464
RPC_US06,986,0.8194,discharge,-29.999,2.0,2.0,,300.0,3.9856,3.5106,15.8339,2.6663,0.89464
RPC_US06,986,0.8194,discharge,-29.999,10.0,9.0,,300.0,3.9856,3.4356,18.3339,2.6663,0.89464
RPC_US06,986,0.7305,discharge,-29.999,2.0,1.0,,300.0,3.9066,3.4669,14.6572,2.6663,0.89464
RPC_US06,986,0.7305,discharge,-29.999,10.0,9.0,,300.0,3.9066,3.3746,17.7339,2.6663,0.89464
RPC_US06,986,0.6416,discharge,-29.999,2.0,2.0,,300.0,3.8154,3.3704,14.8338,2.6663,0.89464
RPC_US06,986,0.6416,discharge,-29.999,10.0,9.0,,300.0,3.8154,3.2911,17.4772,2.6663,0.89464
RPC_US06,986,0.5527,discharge,-29.999,2.0,2.0,,300.0,3.7181,3.2709,14.9069,2.6663,0.89464
RPC_US06,986,0.5527,discharge,-29.999,10.0,9.0,,300.0,3.7181,3.1859,17.7403,2.6663,0.89464
RPC_US06,986,0.4638,discharge,-29.999,2.0,2.0,,300.0,3.6418,3.1869,15.1638,2.6663,0.89464
RPC_US06,986,0.4638,discharge,-29.999,10.0,9.0,,300.0,3.6418,3.093,18.2939,2.6663,0.89464
RPC_US06,986,0.3749,discharge,-29.999,2.0,2.0,,300.0,3.5802,3.0972,16.1005,2.6663,0.89464
RPC_US06,986,0.3749,discharge,-29.999,10.0,9.0,,300.0,3.5802,2.9801,20.004,2.6663,0.89464
RPC_US06,986,0.286,discharge,-29.999,2.0,2.0,,300.0,3.4994,2.8981,20.044,2.6663,0.89464
RPC_US06,986,0.286,discharge,-29.999,10.0,9.0,,300.0,3.4994,2.6429,28.551,2.6663,0.89464
RPC_US06,986,0.2416,discharge,-25.125,2.0,2.0,,300.0,3.4446,2.6547,31.4388,2.6663,0.89464
RPC_US06,986,0.2416,discharge,-25.125,10.0,9.0,,300.0,3.4446,2.5499,35.61,2.6663,0.89464
RPC_US06,986,0.1971,discharge,-13.745,2.0,2.0,,300.0,3.3973,2.5491,61.7097,2.6663,0.89464
RPC_US06,986,0.1971,discharge,-13.745,10.0,9.0,,300.0,3.3973,2.5498,61.6588,2.6663,0.89464
RPC_US06,986,0.1527,discharge,-7.353,2.0,1.0,,300.0,3.3563,2.5488,109.8146,2.6663,0.89464
RPC_US06,986,0.1527,discharge,-7.353,10.0,9.01,,300.0,3.3563,2.5499,109.665,2.6663,0.89464
RPC_US06,986,0.1264,discharge,-4.394,2.0,2.0,,300.0,3.2711,2.5496,164.1937,2.6663,0.89464
RPC_US06,986,0.1264,discharge,-4.394,10.0,9.0,,300.0,3.2711,2.55,164.1027,2.6663,0.89464
RPC_US06,986,0.1134,discharge,-3.179,2.0,2.0,,300.0,3.1887,2.5497,200.9876,2.6663,0.89464
RPC_US06,986,0.1134,discharge,-3.179,10.0,9.0,,300.0,3.1887,2.5499,200.9247,2.6663,0.89464
RPC_US06,986,0.9973,discharge,-29.846,2.0,1.0,,2200.5,4.1592,3.5966,18.8498,2.6663,0.89464
RPC_US06,986,0.9973,discharge,-29.846,10.0,9.0,,2200.5,4.1592,3.5301,21.0778,2.6663,0.89464
RPC_US06,986,0.9529,discharge,-29.769,2.0,2.0,,300.0,4.084,3.5819,16.8668,2.6663,0.89464
RPC_US06,986,0.9529,discharge,-29.769,10.0,9.0,,300.0,4.084,3.5169,19.0503,2.6663,0.89464
RPC_US06,986,0.9084,discharge,-29.695,2.0,2.0,,300.0,4.069,3.5814,16.42,2.6663,0.89464
RPC_US06,986,0.9084,discharge,-29.695,10.0,9.0,,300.0,4.069,3.4946,19.343,2.6663,0.89464
RPC_US06,986,0.8195,discharge,-29.702,2.0,1.0,,300.0,3.9853,3.5403,14.9822,2.6663,0.89464
RPC_US06,986,0.8195,discharge,-29.702,10.0,9.01,,300.0,3.9853,3.4362,18.487,2.6663,0.89464
RPC_US06,986,0.7306,discharge,-29.681,2.0,2.0,,300.0,3.9066,3.4582,15.1076,2.6663,0.89464
RPC_US06,986,0.7306,discharge,-29.681,10.0,9.0,,300.0,3.9066,3.3753,17.9006,2.6663,0.89464
RPC_US06,986,0.6417,discharge,-29.653,2.0,2.0,,300.0,3.8152,3.3804,14.6629,2.6663,0.89464
RPC_US06,986,0.6417,discharge,-29.653,10.0,9.0,,300.0,3.8152,3.2923,17.634,2.6663,0.89464
RPC_US06,986,0.5528,discharge,-29.611,2.0,2.0,,300.0,3.7179,3.2825,14.7037,2.6663,0.89464
RPC_US06,986,0.5528,discharge,-29.611,10.0,9.0,,300.0,3.7179,3.1875,17.912,2.6663,0.89464
RPC_US06,986,0.464,discharge,-29.549,2.0,2.0,,300.0,3.6417,3.2007,14.9244,2.6663,0.89464
RPC_US06,986,0.464,discharge,-29.549,10.0,9.0,,300.0,3.6417,3.0952,18.4947,2.6663,0.89464
RPC_US06,986,0.3751,discharge,-29.377,2.0,2.0,,300.0,3.5803,3.1166,15.7847,2.6663,0.89464
RPC_US06,986,0.3751,discharge,-29.377,10.0,9.0,,300.0,3.5803,2.9838,20.3053,2.6663,0.89464
RPC_US06,986,0.2864,discharge,-28.086,2.0,2.0,,300.0,3.4995,2.9654,19.0169,2.6663,0.89464
RPC_US06,986,0.2864,discharge,-28.086,10.0,9.0,,300.0,3.4995,2.6759,29.3247,2.6663,0.89464
RPC_US06,986,0.2428,discharge,-18.527,2.0,2.0,,300.0,3.444,3.0116,23.3383,2.6663,0.89464
RPC_US06,986,0.2428,discharge,-18.527,10.0,9.0,,300.0,3.444,2.7128,39.4657,2.6663,0.89464
RPC_US06,986,0.199,discharge,-10.253,2.0,2.0,,300.0,3.3956,3.0504,33.6682,2.6663,0.89464
RPC_US06,986,0.199,discharge,-10.253,10.0,9.0,,300.0,3.3956,2.7598,62.0111,2.6663,0.89464
RPC_US06,986,0.155,discharge,-5.279,2.0,2.0,,300.0,3.3544,3.102,47.8103,2.6663,0.89464
RPC_US06,986,0.155,discharge,-5.279,10.0,9.0,,300.0,3.3544,2.8395,97.5337,2.6663,0.89464
RPC_US06,986,0.1285,discharge,-3.122,2.0,2.0,,300.0,3.2641,3.0704,62.0515,2.6663,0.89464
RPC_US06,986,0.1285,discharge,-3.122,10.0,9.0,,300.0,3.2641,2.8577,130.1896,2.6663,0.89464
RPC_US06,986,0.1152,discharge,-2.265,2.0,2.0,,300.0,3.1768,3.0184,69.9307,2.6663,0.89464
RPC_US06,986,0.1152,discharge,-2.265,10.0,9.0,,300.0,3.1768,2.8413,148.1171,2.6663,0.89464
RPC_US06,986,0.9973,discharge,-29.871,2.0,2.0,,2212.3,4.1589,3.5769,19.4838,2.6663,0.89464
RPC_US06,986,0.9973,discharge,-29.871,10.0,9.0,,2212.3,4.1589,3.5273,21.1443,2.6663,0.89464
RPC_US06,986,0.9529,discharge,-29.79,2.0,2.0,,300.0,4.0839,3.5794,16.9352,2.6663,0.89464
RPC_US06,986,0.9529,discharge,-29.79,10.0,9.0,,300.0,4.0839,3.5144,19.1172,2.6663,0.89464
RPC_US06,986,0.9084,discharge,-29.715,2.0,2.0,,300.0,4.069,3.5792,16.4835,2.6663,0.89464
RPC_US06,986,0.9084,discharge,-29.715,10.0,9.0,,300.0,4.069,3.4924,19.4047,2.6663,0.89464
RPC_US06,986,0.8195,discharge,-29.721,2.0,2.0,,300.0,3.9851,3.5175,15.7327,2.6663,0.89464
RPC_US06,986,0.8195,discharge,-29.721,10.0,9.0,,300.0,3.9851,3.434,18.5421,2.6663,0.89464
RPC_US06,986,0.7306,discharge,-29.699,2.0,2.0,,300.0,3.9066,3.4564,15.159,2.6663,0.89464
RPC_US06,986,0.7306,discharge,-29.699,10.0,9.0,,300.0,3.9066,3.3732,17.9605,2.6663,0.89464
RPC_US06,986,0.6417,discharge,-29.673,2.0,2.0,,300.0,3.8148,3.3782,14.7137,2.6663,0.89464
RPC_US06,986,0.6417,discharge,-29.673,10.0,9.0,,300.0,3.8148,3.2899,17.6895,2.6663,0.89464
RPC_US06,986,0.5528,discharge,-29.633,2.0,1.0,,300.0,3.7177,3.3028,14.001,2.6663,0.89464
RPC_US06,986,0.5528,discharge,-29.633,10.0,9.0,,300.0,3.7177,3.1853,17.9662,2.6663,0.89464
RPC_US06,986,0.464,discharge,-29.569,2.0,2.0,,300.0,3.6415,3.1986,14.9783,2.6663,0.89464
RPC_US06,986,0.464,discharge,-29.569,10.0,9.0,,300.0,3.6415,3.0929,18.5529,2.6663,0.89464
RPC_US06,986,0.3751,discharge,-29.404,2.0,2.0,,300.0,3.58,3.1141,15.8448,2.6663,0.89464
RPC_US06,986,0.3751,discharge,-29.404,10.0,9.0,,300.0,3.58,2.9808,20.3782,2.6663,0.89464
RPC_US06,986,0.2864,discharge,-28.488,2.0,2.0,,300.0,3.4992,2.955,19.1028,2.6663,0.89464
RPC_US06,986,0.2864,discharge,-28.488,10.0,9.0,,300.0,3.4992,2.6531,29.7002,2.6663,0.89464
RPC_US06,986,0.2425,discharge,-22.534,2.0,2.0,,300.0,3.4438,2.9175,23.3563,2.6663,0.89464
RPC_US06,986,0.2425,discharge,-22.534,10.0,8.76,,300.0,3.4438,2.4997,41.8976,2.6663,0.89464
RPC_US06,986,0.1988,discharge,-13.463,2.0,2.0,,300.0,3.3958,2.9444,33.5302,2.6663,0.89464
RPC_US06,986,0.1988,discharge,-13.463,10.0,9.0,,300.0,3.3958,2.5077,65.9684,2.6663,0.89464
RPC_US06,986,0.1548,discharge,-8.067,2.0,2.0,,300.0,3.3549,2.9649,48.3436,2.6663,0.89464
RPC_US06,986,0.1548,discharge,-8.067,10.0,9.0,,300.0,3.3549,2.5207,103.4057,2.6663,0.89464
RPC_US06,986,0.1283,discharge,-5.333,2.0,2.0,,300.0,3.2653,2.9334,62.2398,2.6663,0.89464
RPC_US06,986,0.1283,discharge,-5.333,10.0,9.0,,300.0,3.2653,2.5263,138.5816,2.6663,0.89464
RPC_US06,986,0.1151,discharge,-4.117,2.0,2.0,,300.0,3.1781,2.8903,69.9019,2.6663,0.89464
RPC_US06,986,0.1151,discharge,-4.117,10.0,9.0,,300.0,3.1781,2.5222,159.3073,2.6663,0.89464
RPC_US06,986,0.9973,discharge,-29.87,2.0,2.0,,2213.5,4.1588,3.5771,19.4747,2.6663,0.89464
RPC_US06,986,0.9973,discharge,-29.87,10.0,9.0,,2213.5,4.1588,3.5274,21.1386,2.6663,0.89464
RPC_US06,986,0.9529,discharge,-29.792,2.0,2.0,,300.0,4.084,3.5795,16.9341,2.6663,0.89464
RPC_US06,986,0.9529,discharge,-29.792,10.0,9.0,,300.0,4.084,3.5141,19.1293,2.6663,0.89464
RPC_US06,986,0.9084,discharge,-29.715,2.0,2.0,,300.0,4.0689,3.5791,16.4835,2.6663,0.89464
RPC_US06,986,0.9084,discharge,-29.715,10.0,9.0,,300.0,4.0689,3.4921,19.4114,2.6663,0.89464
RPC_US06,986,0.8196,discharge,-29.721,2.0,1.0,,300.0,3.985,3.5381,15.0363,2.6663,0.89464
RPC_US06,986,0.8196,discharge,-29.721,10.0,9.01,,300.0,3.985,3.4338,18.5455,2.6663,0.89464
RPC_US06,986,0.7306,discharge,-29.7,2.0,2.0,,300.0,3.9065,3.4562,15.1616,2.6663,0.89464
RPC_US06,986,0.7306,discharge,-29.7,10.0,9.0,,300.0,3.9065,3.3727,17.9731,2.6663,0.89464
RPC_US06,986,0.6417,discharge,-29.676,2.0,2.0,,300.0,3.8146,3.378,14.7122,2.6663,0.89464
RPC_US06,986,0.6417,discharge,-29.676,10.0,9.0,,300.0,3.8146,3.2897,17.6877,2.6663,0.89464
RPC_US06,986,0.5528,discharge,-29.636,2.0,2.0,,300.0,3.7174,3.2802,14.7523,2.6663,0.89464
RPC_US06,986,0.5528,discharge,-29.636,10.0,9.0,,300.0,3.7174,3.1848,17.9714,2.6663,0.89464
RPC_US06,986,0.464,discharge,-29.574,2.0,2.0,,300.0,3.6414,3.1983,14.9828,2.6663,0.89464
RPC_US06,986,0.464,discharge,-29.574,10.0,9.0,,300.0,3.6414,3.0923,18.567,2.6663,0.89464
RPC_US06,986,0.3751,discharge,-29.41,2.0,2.0,,300.0,3.5798,3.1135,15.8549,2.6663,0.89464
RPC_US06,986,0.3751,discharge,-29.41,10.0,9.0,,300.0,3.5798,2.9798,20.4009,2.6663,0.89464
RPC_US06,986,0.2864,discharge,-28.395,2.0,2.0,,300.0,3.4993,2.9554,19.1551,2.6663,0.89464
RPC_US06,986,0.2864,discharge,-28.395,10.0,9.0,,300.0,3.4993,2.6527,29.8156,2.6663,0.89464
RPC_US06,986,0.2426,discharge,-21.472,2.0,2.0,,300.0,3.4436,2.9392,23.4911,2.6663,0.89464
RPC_US06,986,0.2426,discharge,-21.472,10.0,9.0,,300.0,3.4436,2.5383,42.1619,2.6663,0.89464
RPC_US06,986,0.1988,discharge,-12.915,2.0,2.0,,300.0,3.3956,2.959,33.8043,2.6663,0.89464
RPC_US06,986,0.1988,discharge,-12.915,10.0,9.0,,300.0,3.3956,2.543,66.0137,2.6663,0.89464
RPC_US06,986,0.1548,discharge,-8.088,2.0,2.0,,300.0,3.3549,2.9614,48.6508,2.6663,0.89464
RPC_US06,986,0.1548,discharge,-8.088,10.0,9.0,,300.0,3.3549,2.5135,104.0274,2.6663,0.89464
RPC_US06,986,0.1283,discharge,-5.342,2.0,2.0,,300.0,3.2653,2.9312,62.5456,2.6663,0.89464
RPC_US06,986,0.1283,discharge,-5.342,10.0,9.0,,300.0,3.2653,2.5209,139.3564,2.6663,0.89464
RPC_US06,986,0.1151,discharge,-4.123,2.0,2.0,,300.0,3.1783,2.8893,70.1022,2.6663,0.89464
RPC_US06,986,0.1151,discharge,-4.123,10.0,9.01,,300.0,3.1783,2.5174,160.3134,2.6663,0.89464
RPC_US06,986,0.9559,charge,2.62,2.0,2.0,,300.0,4.0835,4.1501,25.4242,2.6663,0.89464
RPC_US06,986,0.9559,charge,2.62,10.0,9.0,,300.0,4.0835,4.15,25.386,2.6663,0.89464
RPC_US06,986,0.9116,charge,3.72,2.0,2.0,,300.0,4.0679,4.15,22.0678,2.6663,0.89464
RPC_US06,986,0.9116,charge,3.72,10.0,9.0,,300.0,4.0679,4.15,22.0678,2.6663,0.89464
RPC_US06,986,0.8233,charge,8.606,2.0,2.0,,300.0,3.9823,4.1501,19.4981,2.6663,0.89464
RPC_US06,986,0.8233,charge,8.606,10.0,9.0,,300.0,3.9823,4.15,19.4865,2.6663,0.89464
RPC_US06,986,0.7347,charge,14.657,2.0,2.0,,300.0,3.906,4.1364,15.7195,2.6663,0.89464
RPC_US06,986,0.7347,charge,14.657,10.0,9.0,,300.0,3.906,4.1501,16.6542,2.6663,0.89464
RPC_US06,986,0.6458,charge,15.001,2.0,2.0,,300.0,3.8148,4.047,15.479,2.6663,0.89464
RPC_US06,986,0.6458,charge,15.001,10.0,9.0,,300.0,3.8148,4.0944,18.6388,2.6663,0.89464
RPC_US06,986,0.5568,charge,15.001,2.0,2.0,,300.0,3.7178,3.9442,15.0923,2.6663,0.89464
RPC_US06,986,0.5568,charge,15.001,10.0,9.01,,300.0,3.7178,3.984,17.7455,2.6663,0.89464
RPC_US06,986,0.468,charge,15.0,2.0,2.0,,300.0,3.6418,3.8692,15.16,2.6663,0.89464
RPC_US06,986,0.468,charge,15.0,10.0,9.0,,300.0,3.6418,3.9058,17.6,2.6663,0.89464
RPC_US06,986,0.379,charge,15.001,2.0,2.0,,300.0,3.5803,3.8159,15.7056,2.6663,0.89464
RPC_US06,986,0.379,charge,15.001,10.0,9.01,,300.0,3.5803,3.8518,18.0988,2.6663,0.89464
RPC_US06,986,0.2901,charge,15.001,2.0,2.0,,300.0,3.4993,3.7506,16.7522,2.6663,0.89464
RPC_US06,986,0.2901,charge,15.001,10.0,9.0,,300.0,3.4993,3.7918,19.4987,2.6663,0.89464
RPC_US06,986,0.2457,charge,15.001,2.0,2.0,,300.0,3.4432,3.7085,17.6855,2.6663,0.89464
RPC_US06,986,0.2457,charge,15.001,10.0,9.0,,300.0,3.4432,3.7521,20.592,2.6663,0.89464
RPC_US06,986,0.2012,charge,15.001,2.0,2.0,,300.0,3.3949,3.6694,18.2988,2.6663,0.89464
RPC_US06,986,0.2012,charge,15.001,10.0,9.0,,300.0,3.3949,3.7015,20.4386,2.6663,0.89464
RPC_US06,986,0.1568,charge,15.001,2.0,2.0,,300.0,3.3552,3.6479,19.512,2.6663,0.89464
RPC_US06,986,0.1568,charge,15.001,10.0,9.0,,300.0,3.3552,3.6794,21.6119,2.6663,0.89464
RPC_US06,986,0.1301,charge,15.001,2.0,2.0,,300.0,3.2659,3.6092,22.8851,2.6663,0.89464
RPC_US06,986,0.1301,charge,15.001,10.0,9.0,,300.0,3.2659,3.67,26.9382,2.6663,0.89464
RPC_US06,986,0.1168,charge,15.001,2.0,2.0,,300.0,3.1818,3.5496,24.5184,2.6663,0.89464
RPC_US06,986,0.1168,charge,15.001,10.0,9.0,,300.0,3.1818,3.6394,30.5046,2.6663,0.89464
RPC_US06,986,0.9558,charge,2.444,2.0,2.0,,300.1,4.0832,4.1398,23.1602,2.6663,0.89464
RPC_US06,986,0.9558,charge,2.444,10.0,9.0,,300.1,4.0832,4.1491,26.9656,2.6663,0.89464
RPC_US06,986,0.9114,charge,3.487,2.0,2.0,,300.1,4.0677,4.1384,20.2759,2.6663,0.89464
RPC_US06,986,0.9114,charge,3.487,10.0,9.0,,300.1,4.0677,4.1492,23.3732,2.6663,0.89464
RPC_US06,986,0.8229,charge,7.802,2.0,2.0,,300.1,3.982,4.1181,17.4438,2.6663,0.89464
RPC_US06,986,0.8229,charge,7.802,10.0,9.0,,300.1,3.982,4.1459,21.0069,2.6663,0.89464
RPC_US06,986,0.7346,charge,13.586,2.0,2.0,,300.1,3.9061,4.1181,15.6043,2.6663,0.89464
RPC_US06,986,0.7346,charge,13.586,10.0,9.0,,300.1,3.9061,4.1493,17.9008,2.6663,0.89464
RPC_US06,986,0.6458,charge,15.065,2.0,2.0,,300.1,3.8145,4.0503,15.6522,2.6663,0.89464
RPC_US06,986,0.6458,charge,15.065,10.0,9.0,,300.1,3.8145,4.0957,18.6658,2.6663,0.89464
RPC_US06,986,0.5569,charge,15.058,2.0,2.0,,300.1,3.7177,3.9472,15.2416,2.6663,0.89464
RPC_US06,986,0.5569,charge,15.058,10.0,9.0,,300.1,3.7177,3.985,17.752,2.6663,0.89464
RPC_US06,986,0.468,charge,15.052,2.0,2.0,,300.1,3.6417,3.8721,15.3069,2.6663,0.89464
RPC_US06,986,0.468,charge,15.052,10.0,9.0,,300.1,3.6417,3.9069,17.6189,2.6663,0.89464
RPC_US06,986,0.3791,charge,15.049,2.0,2.0,,300.1,3.5804,3.8191,15.861,2.6663,0.89464
RPC_US06,986,0.3791,charge,15.049,10.0,9.0,,300.1,3.5804,3.8528,18.1003,2.6663,0.89464
RPC_US06,986,0.2902,charge,15.063,2.0,2.0,,300.1,3.4993,3.7542,16.9223,2.6663,0.89464
RPC_US06,986,0.2902,charge,15.063,10.0,9.0,,300.1,3.4993,3.793,19.4981,2.6663,0.89464
RPC_US06,986,0.2457,charge,15.066,2.0,2.0,,300.1,3.4432,3.7124,17.8675,2.6663,0.89464
RPC_US06,986,0.2457,charge,15.066,10.0,9.0,,300.1,3.4432,3.7537,20.6086,2.6663,0.89464
RPC_US06,986,0.2013,charge,15.049,2.0,2.0,,300.1,3.3949,3.6723,18.4337,2.6663,0.89464
RPC_US06,986,0.2013,charge,15.049,10.0,9.0,,300.1,3.3949,3.7026,20.4472,2.6663,0.89464
RPC_US06,986,0.1568,charge,15.044,2.0,1.0,,300.1,3.3556,3.6427,19.0834,2.6663,0.89464
RPC_US06,986,0.1568,charge,15.044,10.0,9.0,,300.1,3.3556,3.6804,21.5893,2.6663,0.89464
RPC_US06,986,0.1302,charge,15.078,2.0,2.0,,300.1,3.2667,3.6155,23.1338,2.6663,0.89464
RPC_US06,986,0.1302,charge,15.078,10.0,9.0,,300.1,3.2667,3.6718,26.8678,2.6663,0.89464
RPC_US06,986,0.1168,charge,15.135,2.0,2.0,,300.1,3.1831,3.5587,24.8167,2.6663,0.89464
RPC_US06,986,0.1168,charge,15.135,10.0,9.0,,300.1,3.1831,3.6426,30.3601,2.6663,0.89464
RPC_US06,1100,0.9973,discharge,-30.0,2.0,2.0,,4684.3,4.1417,3.5312,20.35,2.6463,0.88794
RPC_US06,1100,0.9973,discharge,-30.0,10.0,9.0,,4684.3,4.1417,3.4889,21.76,2.6463,0.88794
RPC_US06,1100,0.9726,charge,2.629,2.0,2.0,,60.0,4.0826,4.1501,25.6713,2.6463,0.88794
RPC_US06,1100,0.9726,charge,2.629,10.0,9.0,,60.0,4.0826,4.1501,25.6713,2.6463,0.88794
RPC_US06,1100,0.9531,discharge,-30.0,2.0,2.0,,3600.0,4.0885,3.5194,18.97,2.6463,0.88794
RPC_US06,1100,0.9531,discharge,-30.0,10.0,9.0,,3600.0,4.0885,3.4688,20.6567,2.6463,0.88794
RPC_US06,1100,0.9286,charge,3.572,2.0,2.0,,60.0,4.0662,4.15,23.4596,2.6463,0.88794
RPC_US06,1100,0.9286,charge,3.572,10.0,9.0,,60.0,4.0662,4.15,23.4596,2.6463,0.88794
RPC_US06,1100,0.909,discharge,-30.0,2.0,2.0,,3600.0,4.0746,3.5214,18.44,2.6463,0.88794
RPC_US06,1100,0.909,discharge,-30.0,10.0,9.0,,3600.0,4.0746,3.4535,20.7033,2.6463,0.88794
RPC_US06,1100,0.8847,charge,4.849,2.0,2.0,,60.0,4.0405,4.1501,22.6007,2.6463,0.88794
RPC_US06,1100,0.8847,charge,4.849,10.0,9.0,,60.0,4.0405,4.1501,22.6007,2.6463,0.88794
RPC_US06,1100,0.8208,discharge,-30.0,2.0,2.0,,3600.0,4.0084,3.4777,17.69,2.6463,0.88794
RPC_US06,1100,0.8208,discharge,-30.0,10.0,9.0,,3600.0,4.0084,3.4005,20.2633,2.6463,0.88794
RPC_US06,1100,0.7971,charge,10.382,2.0,2.0,,60.0,3.9458,4.1502,19.6879,2.6463,0.88794
RPC_US06,1100,0.7971,charge,10.382,10.0,9.0,,60.0,3.9458,4.15,19.6687,2.6463,0.88794
RPC_US06,1100,0.7326,discharge,-30.0,2.0,2.0,,3600.0,3.9163,3.4119,16.8133,2.6463,0.88794
RPC_US06,1100,0.7326,discharge,-30.0,10.0,9.0,,3600.0,3.9163,3.3392,19.2367,2.6463,0.88794
RPC_US06,1100,0.7089,charge,15.0,2.0,2.0,,60.0,3.8655,4.104,15.9,2.6463,0.88794
RPC_US06,1100,0.7089,charge,15.0,10.0,9.0,,60.0,3.8655,4.1501,18.9733,2.6463,0.88794
RPC_US06,1100,0.6443,discharge,-30.0,2.0,2.0,,3600.0,3.8296,3.3401,16.3167,2.6463,0.88794
RPC_US06,1100,0.6443,discharge,-30.0,10.0,9.0,,3600.0,3.8296,3.2615,18.9367,2.6463,0.88794
RPC_US06,1100,0.6207,charge,15.0,2.0,2.0,,60.0,3.7785,4.0111,15.5067,2.6463,0.88794
RPC_US06,1100,0.6207,charge,15.0,10.0,9.0,,60.0,3.7785,4.0531,18.3067,2.6463,0.88794
RPC_US06,1100,0.5561,discharge,-30.0,2.0,2.0,,3600.0,3.7349,3.2479,16.2333,2.6463,0.88794
RPC_US06,1100,0.5561,discharge,-30.0,10.0,9.0,,3600.0,3.7349,3.1612,19.1233,2.6463,0.88794
RPC_US06,1100,0.5324,charge,15.001,2.0,2.0,,60.0,3.6894,3.9228,15.559,2.6463,0.88794
RPC_US06,1100,0.5324,charge,15.001,10.0,9.0,,60.0,3.6894,3.966,18.4388,2.6463,0.88794
RPC_US06,1100,0.4678,discharge,-30.0,2.0,2.0,,3600.0,3.6566,3.1641,16.4167,2.6463,0.88794
RPC_US06,1100,0.4678,discharge,-30.0,10.0,9.0,,3600.0,3.6566,3.0711,19.5167,2.6463,0.88794
RPC_US06,1100,0.4442,charge,15.0,2.0,1.0,,60.0,3.6145,3.8401,15.04,2.6463,0.88794
RPC_US06,1100,0.4442,charge,15.0,10.0,9.0,,60.0,3.6145,3.8925,18.5333,2.6463,0.88794
RPC_US06,1100,0.3796,discharge,-29.999,2.0,1.0,,3600.0,3.5985,3.1053,16.4405,2.6463,0.88794
RPC_US06,1100,0.3796,discharge,-29.999,10.0,9.0,,3600.0,3.5985,2.9679,21.0207,2.6463,0.88794
RPC_US06,1100,0.356,charge,15.001,2.0,2.0,,60.0,3.5495,3.7923,16.1856,2.6463,0.88794
RPC_US06,1100,0.356,charge,15.001,10.0,9.0,,60.0,3.5495,3.8374,19.1921,2.6463,0.88794
RPC_US06,1100,0.2913,discharge,-30.0,2.0,2.0,,3600.0,3.5141,2.9032,20.3633,2.6463,0.88794
RPC_US06,1100,0.2913,discharge,-30.0,10.0,9.0,,3600.0,3.5141,2.692,27.4033,2.6463,0.88794
RPC_US06,1100,0.2677,charge,15.0,2.0,2.0,,60.0,3.4618,3.7155,16.9133,2.6463,0.88794
RPC_US06,1100,0.2677,charge,15.0,10.0,9.0,,60.0,3.4618,3.7605,19.9133,2.6463,0.88794
RPC_US06,1100,0.2473,discharge,-29.301,2.0,2.0,,3600.0,3.4589,2.7111,25.5213,2.6463,0.88794
RPC_US06,1100,0.2473,discharge,-29.301,10.0,9.0,,3600.0,3.4589,2.5497,31.0297,2.6463,0.88794
RPC_US06,1100,0.2257,charge,15.0,2.0,2.0,,60.0,3.4174,3.6683,16.7267,2.6463,0.88794
RPC_US06,1100,0.2257,charge,15.0,10.0,9.0,,60.0,3.4174,3.7047,19.1533,2.6463,0.88794
RPC_US06,1100,0.2031,discharge,-15.718,2.0,2.0,,3600.0,3.4149,2.5489,55.0961,2.6463,0.88794
RPC_US06,1100,0.2031,discharge,-15.718,10.0,9.0,,3600.0,3.4149,2.5498,55.0388,2.6463,0.88794
RPC_US06,1100,0.1898,charge,15.001,2.0,2.0,,60.0,3.388,3.6598,18.1188,2.6463,0.88794
RPC_US06,1100,0.1898,charge,15.001,10.0,9.0,,60.0,3.388,3.6921,20.272,2.6463,0.88794
RPC_US06,1100,0.159,discharge,-8.108,2.0,1.0,,3600.0,3.3798,2.5485,102.5233,2.6463,0.88794
RPC_US06,1100,0.159,discharge,-8.108,10.0,9.0,,3600.0,3.3798,2.5499,102.3506,2.6463,0.88794
RPC_US06,1100,0.1525,charge,15.001,2.0,2.0,,60.0,3.3364,3.6486,20.8119,2.6463,0.88794
RPC_US06,1100,0.1525,charge,15.001,10.0,9.0,,60.0,3.3364,3.6875,23.4051,2.6463,0.88794
RPC_US06,1100,0.1328,discharge,-5.202,2.0,1.0,,3600.0,3.3075,2.5489,145.8285,2.6463,0.88794
RPC_US06,1100,0.1328,discharge,-5.202,10.0,9.0,,3600.0,3.3075,2.5499,145.6363,2.6463,0.88794
RPC_US06,1100,0.129,charge,15.001,2.0,2.0,,60.0,3.2399,3.5895,23.3051,2.6463,0.88794
RPC_US06,1100,0.129,charge,15.001,10.0,9.0,,60.0,3.2399,3.6668,28.4581,2.6463,0.88794
RPC_US06,1100,0.1198,discharge,-3.953,2.0,2.0,,3600.0,3.2324,2.5497,172.7086,2.6463,0.88794
RPC_US06,1100,0.1198,discharge,-3.953,10.0,9.0,,3600.0,3.2324,2.55,172.6328,2.6463,0.88794
RPC_US06,1100,0.1173,charge,15.0,2.0,2.0,,60.0,3.1614,3.5313,24.66,2.6463,0.88794
RPC_US06,1100,0.1173,charge,15.0,10.0,9.0,,60.0,3.1614,3.6284,31.1333,2.6463,0.88794
RPC_US06,1100,0.9973,discharge,-30.0,2.0,2.0,,2291.3,4.1572,3.5449,20.41,2.6463,0.88794
RPC_US06,1100,0.9973,discharge,-30.0,10.0,9.0,,2291.3,4.1572,3.4998,21.9133,2.6463,0.88794
RPC_US06,1100,0.9531,discharge,-30.0,2.0,2.0,,300.0,4.0831,3.5483,17.8267,2.6463,0.88794
RPC_US06,1100,0.9531,discharge,-30.0,10.0,9.01,,300.0,4.0831,3.4864,19.89,2.6463,0.88794
RPC_US06,1100,0.909,discharge,-30.0,2.0,1.0,,300.0,4.0674,3.5643,16.77,2.6463,0.88794
RPC_US06,1100,0.909,discharge,-30.0,10.0,9.01,,300.0,4.0674,3.4654,20.0667,2.6463,0.88794
RPC_US06,1100,0.8208,discharge,-30.0,2.0,2.0,,300.0,3.9801,3.4839,16.54,2.6463,0.88794
RPC_US06,1100,0.8208,discharge,-30.0,10.0,9.0,,300.0,3.9801,3.4079,19.0733,2.6463,0.88794
RPC_US06,1100,0.7325,discharge,-30.0,2.0,2.0,,300.0,3.9038,3.424,15.9933,2.6463,0.88794
RPC_US06,1100,0.7325,discharge,-30.0,10.0,9.0,,300.0,3.9038,3.3467,18.57,2.6463,0.88794
RPC_US06,1100,0.6443,discharge,-30.0,2.0,2.0,,300.0,3.8091,3.3426,15.55,2.6463,0.88794
RPC_US06,1100,0.6443,discharge,-30.0,10.0,9.01,,300.0,3.8091,3.2613,18.26,2.6463,0.88794
RPC_US06,1100,0.5561,discharge,-30.0,2.0,2.0,,300.0,3.7134,3.2433,15.67,2.6463,0.88794
RPC_US06,1100,0.5561,discharge,-30.0,10.0,9.0,,300.0,3.7134,3.1563,18.57,2.6463,0.88794
RPC_US06,1100,0.4678,discharge,-30.0,2.0,2.0,,300.0,3.6386,3.1589,15.99,2.6463,0.88794
RPC_US06,1100,0.4678,discharge,-30.0,10.0,9.0,,300.0,3.6386,3.0616,19.2333,2.6463,0.88794
RPC_US06,1100,0.3796,discharge,-29.999,2.0,2.0,,300.0,3.5772,3.0636,17.1206,2.6463,0.88794
RPC_US06,1100,0.3796,discharge,-29.999,10.0,9.0,,300.0,3.5772,2.9381,21.304,2.6463,0.88794
RPC_US06,1100,0.2914,discharge,-30.0,2.0,2.0,,300.0,3.4962,2.8329,22.11,2.6463,0.88794
RPC_US06,1100,0.2914,discharge,-30.0,10.0,9.0,,300.0,3.4962,2.5493,31.5633,2.6463,0.88794
RPC_US06,1100,0.2472,discharge,-21.944,2.0,2.0,,300.0,3.4415,2.5541,40.4402,2.6463,0.88794
RPC_US06,1100,0.2472,discharge,-21.944,10.0,9.0,,300.0,3.4415,2.5497,40.6407,2.6463,0.88794
RPC_US06,1100,0.2031,discharge,-12.14,2.0,2.0,,300.0,3.3949,2.5491,69.6705,2.6463,0.88794
RPC_US06,1100,0.2031,discharge,-12.14,10.0,9.0,,300.0,3.3949,2.55,69.5964,2.6463,0.88794
RPC_US06,1100,0.1591,discharge,-6.59,2.0,2.0,,300.0,3.3551,2.5495,122.2486,2.6463,0.88794
RPC_US06,1100,0.1591,discharge,-6.59,10.0,9.0,,300.0,3.3551,2.55,122.1727,2.6463,0.88794
RPC_US06,1100,0.1331,discharge,-3.947,2.0,2.0,,300.0,3.2689,2.5497,182.2028,2.6463,0.88794
RPC_US06,1100,0.1331,discharge,-3.947,10.0,9.0,,300.0,3.2689,2.5501,182.1015,2.6463,0.88794
RPC_US06,1100,0.1201,discharge,-2.859,2.0,2.0,,300.0,3.1874,2.5497,223.0773,2.6463,0.88794
RPC_US06,1100,0.1201,discharge,-2.859,10.0,9.0,,300.0,3.1874,2.55,222.9724,2.6463,0.88794
RPC_US06,1100,0.9973,discharge,-29.846,2.0,2.0,,2289.4,4.157,3.5503,20.328,2.6463,0.88794
RPC_US06,1100,0.9973,discharge,-29.846,10.0,9.0,,2289.4,4.157,3.4994,22.0335,2.6463,0.88794
RPC_US06,1100,0.9532,discharge,-29.758,2.0,2.0,,300.0,4.0831,3.5557,17.7233,2.6463,0.88794
RPC_US06,1100,0.9532,discharge,-29.758,10.0,9.0,,300.0,4.0831,3.4863,20.0554,2.6463,0.88794
RPC_US06,1100,0.9091,discharge,-29.688,2.0,2.0,,300.0,4.0673,3.5548,17.2629,2.6463,0.88794
RPC_US06,1100,0.9091,discharge,-29.688,10.0,9.0,,300.0,4.0673,3.4658,20.2607,2.6463,0.88794
RPC_US06,1100,0.8209,discharge,-29.695,2.0,2.0,,300.0,3.9799,3.4933,16.3863,2.6463,0.88794
RPC_US06,1100,0.8209,discharge,-29.695,10.0,9.0,,300.0,3.9799,3.4083,19.2487,2.6463,0.88794
RPC_US06,1100,0.7326,discharge,-29.668,2.0,2.0,,300.0,3.9036,3.4336,15.842,2.6463,0.88794
RPC_US06,1100,0.7326,discharge,-29.668,10.0,9.0,,300.0,3.9036,3.3472,18.7542,2.6463,0.88794
RPC_US06,1100,0.6444,discharge,-29.644,2.0,2.0,,300.0,3.8088,3.3529,15.3792,2.6463,0.88794
RPC_US06,1100,0.6444,discharge,-29.644,10.0,9.0,,300.0,3.8088,3.2622,18.4388,2.6463,0.88794
RPC_US06,1100,0.5562,discharge,-29.599,2.0,2.0,,300.0,3.7131,3.2556,15.4569,2.6463,0.88794
RPC_US06,1100,0.5562,discharge,-29.599,10.0,9.0,,300.0,3.7131,3.1579,18.7577,2.6463,0.88794
RPC_US06,1100,0.468,discharge,-29.526,2.0,1.0,,300.0,3.6385,3.1972,14.9464,2.6463,0.88794
RPC_US06,1100,0.468,discharge,-29.526,10.0,9.0,,300.0,3.6385,3.0638,19.4645,2.6463,0.88794
RPC_US06,1100,0.3798,discharge,-29.313,2.0,2.0,,300.0,3.5772,3.0852,16.7844,2.6463,0.88794
RPC_US06,1100,0.3798,discharge,-29.313,10.0,9.0,,300.0,3.5772,2.9424,21.6559,2.6463,0.88794
RPC_US06,1100,0.2918,discharge,-27.537,2.0,2.0,,300.0,3.4958,2.9242,20.7575,2.6463,0.88794
RPC_US06,1100,0.2918,discharge,-27.537,10.0,9.0,,300.0,3.4958,2.5826,33.1627,2.6463,0.88794
RPC_US06,1100,0.2486,discharge,-16.546,2.0,2.0,,300.0,3.4405,3.0106,25.9821,2.6463,0.88794
RPC_US06,1100,0.2486,discharge,-16.546,10.0,9.0,,300.0,3.4405,2.7109,44.0952,2.6463,0.88794
RPC_US06,1100,0.2051,discharge,-9.137,2.0,2.0,,300.0,3.3931,3.0459,37.9989,2.6463,0.88794
RPC_US06,1100,0.2051,discharge,-9.137,10.0,9.0,,300.0,3.3931,2.7561,69.7158,2.6463,0.88794
RPC_US06,1100,0.1613,discharge,-4.746,2.0,2.0,,300.0,3.3527,3.105,52.1902,2.6463,0.88794
RPC_US06,1100,0.1613,discharge,-4.746,10.0,9.0,,300.0,3.3527,2.846,106.7613,2.6463,0.88794
RPC_US06,1100,0.135,discharge,-2.813,2.0,2.0,,300.0,3.2602,3.0727,66.6643,2.6463,0.88794
RPC_US06,1100,0.135,discharge,-2.813,10.0,9.0,,300.0,3.2602,2.862,141.5772,2.6463,0.88794
RPC_US06,1100,0.1219,discharge,-2.044,2.0,2.0,,300.0,3.173,3.0197,74.9853,2.6463,0.88794
RPC_US06,1100,0.1219,discharge,-2.044,10.0,9.0,,300.0,3.173,2.8435,161.172,2.6463,0.88794
RPC_US06,1100,0.9973,discharge,-29.87,2.0,2.0,,2299.8,4.1566,3.5473,20.3984,2.6463,0.88794
RPC_US06,1100,0.9973,discharge,-29.87,10.0,9.0,,2299.8,4.1566,3.4964,22.1024,2.6463,0.88794
RPC_US06,1100,0.9532,discharge,-29.78,2.0,2.0,,300.0,4.0829,3.5531,17.7905,2.6463,0.88794
RPC_US06,1100,0.9532,discharge,-29.78,10.0,9.0,,300.0,4.0829,3.4835,20.1276,2.6463,0.88794
RPC_US06,1100,0.9091,discharge,-29.709,2.0,2.0,,300.0,4.0672,3.5523,17.3312,2.6463,0.88794
RPC_US06,1100,0.9091,discharge,-29.709,10.0,9.01,,300.0,4.0672,3.4634,20.3235,2.6463,0.88794
RPC_US06,1100,0.8209,discharge,-29.716,2.0,2.0,,300.0,3.9795,3.491,16.439,2.6463,0.88794
RPC_US06,1100,0.8209,discharge,-29.716,10.0,9.01,,300.0,3.9795,3.4061,19.296,2.6463,0.88794
RPC_US06,1100,0.7326,discharge,-29.685,2.0,2.0,,300.0,3.9034,3.4319,15.8832,2.6463,0.88794
RPC_US06,1100,0.7326,discharge,-29.685,10.0,9.0,,300.0,3.9034,3.3453,18.8004,2.6463,0.88794
RPC_US06,1100,0.6444,discharge,-29.663,2.0,2.0,,300.0,3.8082,3.3509,15.4165,2.6463,0.88794
RPC_US06,1100,0.6444,discharge,-29.663,10.0,9.0,,300.0,3.8082,3.2599,18.4843,2.6463,0.88794
RPC_US06,1100,0.5562,discharge,-29.619,2.0,2.0,,300.0,3.7126,3.2535,15.5002,2.6463,0.88794
RPC_US06,1100,0.5562,discharge,-29.619,10.0,9.0,,300.0,3.7126,3.1555,18.8089,2.6463,0.88794
RPC_US06,1100,0.468,discharge,-29.549,2.0,2.0,,300.0,3.638,3.1714,15.7907,2.6463,0.88794
RPC_US06,1100,0.468,discharge,-29.549,10.0,9.0,,300.0,3.638,3.0613,19.5167,2.6463,0.88794
RPC_US06,1100,0.3798,discharge,-29.345,2.0,2.0,,300.0,3.5767,3.0825,16.841,2.6463,0.88794
RPC_US06,1100,0.3798,discharge,-29.345,10.0,9.0,,300.0,3.5767,2.9386,21.7448,2.6463,0.88794
RPC_US06,1100,0.2918,discharge,-27.627,2.0,2.0,,300.0,3.4954,2.9185,20.8817,2.6463,0.88794
RPC_US06,1100,0.2918,discharge,-27.627,10.0,9.0,,300.0,3.4954,2.5696,33.5107,2.6463,0.88794
RPC_US06,1100,0.2484,discharge,-20.092,2.0,1.0,,300.0,3.4401,2.9834,22.7304,2.6463,0.88794
RPC_US06,1100,0.2484,discharge,-20.092,10.0,8.91,,300.0,3.4401,2.4997,46.8047,2.6463,0.88794
RPC_US06,1100,0.2049,discharge,-11.909,2.0,2.0,,300.0,3.3932,2.944,37.7194,2.6463,0.88794
RPC_US06,1100,0.2049,discharge,-11.909,10.0,9.0,,300.0,3.3932,2.5237,73.012,2.6463,0.88794
RPC_US06,1100,0.1612,discharge,-7.334,2.0,2.0,,300.0,3.3528,2.9688,52.3582,2.6463,0.88794
RPC_US06,1100,0.1612,discharge,-7.334,10.0,9.0,,300.0,3.3528,2.5292,112.2974,2.6463,0.88794
RPC_US06,1100,0.1349,discharge,-4.867,2.0,2.0,,300.0,3.2598,2.9361,66.5119,2.6463,0.88794
RPC_US06,1100,0.1349,discharge,-4.867,10.0,9.0,,300.0,3.2598,2.5344,149.0507,2.6463,0.88794
RPC_US06,1100,0.1217,discharge,-3.757,2.0,1.0,,300.0,3.1723,2.9546,57.9475,2.6463,0.88794
RPC_US06,1100,0.1217,discharge,-3.757,10.0,9.01,,300.0,3.1723,2.5304,170.8612,2.6463,0.88794
RPC_US06,1100,0.9973,discharge,-29.874,2.0,2.0,,2302.3,4.1568,3.5469,20.4157,2.6463,0.88794
RPC_US06,1100,0.9973,discharge,-29.874,10.0,9.0,,2302.3,4.1568,3.496,22.1196,2.6463,0.88794
RPC_US06,1100,0.9532,discharge,-29.784,2.0,2.0,,300.0,4.0829,3.5526,17.8049,2.6463,0.88794
RPC_US06,1100,0.9532,discharge,-29.784,10.0,9.0,,300.0,4.0829,3.483,20.1417,2.6463,0.88794
RPC_US06,1100,0.9091,discharge,-29.713,2.0,1.0,,300.0,4.0671,3.573,16.6288,2.6463,0.88794
RPC_US06,1100,0.9091,discharge,-29.713,10.0,9.01,,300.0,4.0671,3.4627,20.3409,2.6463,0.88794
RPC_US06,1100,0.8209,discharge,-29.72,2.0,2.0,,300.0,3.9793,3.4903,16.4536,2.6463,0.88794
RPC_US06,1100,0.8209,discharge,-29.72,10.0,9.0,,300.0,3.9793,3.4056,19.3035,2.6463,0.88794
RPC_US06,1100,0.7326,discharge,-29.693,2.0,2.0,,300.0,3.9032,3.4311,15.8994,2.6463,0.88794
RPC_US06,1100,0.7326,discharge,-29.693,10.0,9.0,,300.0,3.9032,3.3444,18.8193,2.6463,0.88794
RPC_US06,1100,0.6444,discharge,-29.671,2.0,2.0,,300.0,3.808,3.3501,15.4328,2.6463,0.88794
RPC_US06,1100,0.6444,discharge,-29.671,10.0,9.0,,300.0,3.808,3.259,18.5032,2.6463,0.88794
RPC_US06,1100,0.5562,discharge,-29.628,2.0,2.0,,300.0,3.7125,3.2528,15.5157,2.6463,0.88794
RPC_US06,1100,0.5562,discharge,-29.628,10.0,9.0,,300.0,3.7125,3.1548,18.8234,2.6463,0.88794
RPC_US06,1100,0.468,discharge,-29.557,2.0,2.0,,300.0,3.6379,3.1707,15.8067,2.6463,0.88794
RPC_US06,1100,0.468,discharge,-29.557,10.0,9.0,,300.0,3.6379,3.0602,19.5453,2.6463,0.88794
RPC_US06,1100,0.3798,discharge,-29.36,2.0,2.0,,300.0,3.5766,3.0813,16.8699,2.6463,0.88794
RPC_US06,1100,0.3798,discharge,-29.36,10.0,9.0,,300.0,3.5766,2.9367,21.795,2.6463,0.88794
RPC_US06,1100,0.2918,discharge,-27.68,2.0,2.0,,300.0,3.4952,2.9156,20.9393,2.6463,0.88794
RPC_US06,1100,0.2918,discharge,-27.68,10.0,9.0,,300.0,3.4952,2.561,33.75,2.6463,0.88794
RPC_US06,1100,0.2484,discharge,-19.152,2.0,2.0,,300.0,3.4397,2.9385,26.1689,2.6463,0.88794
RPC_US06,1100,0.2484,discharge,-19.152,10.0,9.0,,300.0,3.4397,2.5436,46.7876,2.6463,0.88794
RPC_US06,1100,0.2049,discharge,-11.947,2.0,2.0,,300.0,3.3929,2.9387,38.0195,2.6463,0.88794
RPC_US06,1100,0.2049,discharge,-11.947,10.0,9.0,,300.0,3.3929,2.5142,73.5529,2.6463,0.88794
RPC_US06,1100,0.1612,discharge,-7.347,2.0,2.0,,300.0,3.353,2.9663,52.6312,2.6463,0.88794
RPC_US06,1100,0.1612,discharge,-7.347,10.0,9.0,,300.0,3.353,2.5229,112.9795,2.6463,0.88794
RPC_US06,1100,0.1349,discharge,-4.874,2.0,2.0,,300.0,3.2595,2.9339,66.8076,2.6463,0.88794
RPC_US06,1100,0.1349,discharge,-4.874,10.0,9.01,,300.0,3.2595,2.5287,149.9477,2.6463,0.88794
RPC_US06,1100,0.1217,discharge,-3.762,2.0,2.0,,300.0,3.1717,2.8905,74.7554,2.6463,0.88794
RPC_US06,1100,0.1217,discharge,-3.762,10.0,9.0,,300.0,3.1717,2.5256,171.762,2.6463,0.88794
RPC_US06,1100,0.9562,charge,2.416,2.0,2.0,,300.0,4.0822,4.15,28.067,2.6463,0.88794
RPC_US06,1100,0.9562,charge,2.416,10.0,9.0,,300.0,4.0822,4.15,28.067,2.6463,0.88794
RPC_US06,1100,0.9123,charge,3.469,2.0,2.0,,300.0,4.0655,4.15,24.3576,2.6463,0.88794
RPC_US06,1100,0.9123,charge,3.469,10.0,9.0,,300.0,4.0655,4.15,24.3576,2.6463,0.88794
RPC_US06,1100,0.8246,charge,8.382,2.0,2.0,,300.0,3.9763,4.1501,20.7355,2.6463,0.88794
RPC_US06,1100,0.8246,charge,8.382,10.0,9.0,,300.0,3.9763,4.1501,20.7355,2.6463,0.88794
RPC_US06,1100,0.7367,charge,13.936,2.0,2.0,,300.0,3.903,4.1467,17.4865,2.6463,0.88794
RPC_US06,1100,0.7367,charge,13.936,10.0,9.0,,300.0,3.903,4.15,17.7232,2.6463,0.88794
RPC_US06,1100,0.6484,charge,15.0,2.0,2.0,,300.0,3.8078,4.0522,16.2933,2.6463,0.88794
RPC_US06,1100,0.6484,charge,15.0,10.0,9.0,,300.0,3.8078,4.1009,19.54,2.6463,0.88794
RPC_US06,1100,0.5602,charge,15.0,2.0,2.0,,300.0,3.7128,3.9525,15.98,2.6463,0.88794
RPC_US06,1100,0.5602,charge,15.0,10.0,9.01,,300.0,3.7128,3.9927,18.66,2.6463,0.88794
RPC_US06,1100,0.4719,charge,15.0,2.0,2.0,,300.0,3.6383,3.8798,16.1,2.6463,0.88794
RPC_US06,1100,0.4719,charge,15.0,10.0,9.0,,300.0,3.6383,3.9164,18.54,2.6463,0.88794
RPC_US06,1100,0.3837,charge,15.0,2.0,1.0,,300.0,3.5767,3.8188,16.14,2.6463,0.88794
RPC_US06,1100,0.3837,charge,15.0,10.0,9.0,,300.0,3.5767,3.8634,19.1133,2.6463,0.88794
RPC_US06,1100,0.2955,charge,15.0,2.0,2.0,,300.0,3.4951,3.7632,17.8733,2.6463,0.88794
RPC_US06,1100,0.2955,charge,15.0,10.0,9.0,,300.0,3.4951,3.8041,20.6,2.6463,0.88794
RPC_US06,1100,0.2513,charge,15.0,2.0,2.0,,300.0,3.4389,3.7209,18.8,2.6463,0.88794
RPC_US06,1100,0.2513,charge,15.0,10.0,9.0,,300.0,3.4389,3.7646,21.7133,2.6463,0.88794
RPC_US06,1100,0.2072,charge,15.0,2.0,2.0,,300.0,3.3923,3.6815,19.28,2.6463,0.88794
RPC_US06,1100,0.2072,charge,15.0,10.0,9.0,,300.0,3.3923,3.7136,21.42,2.6463,0.88794
RPC_US06,1100,0.1631,charge,15.001,2.0,1.0,,300.0,3.3531,3.65,19.792,2.6463,0.88794
RPC_US06,1100,0.1631,charge,15.001,10.0,9.01,,300.0,3.3531,3.6911,22.5318,2.6463,0.88794
RPC_US06,1100,0.1366,charge,15.001,2.0,2.0,,300.0,3.2595,3.6179,23.8917,2.6463,0.88794
RPC_US06,1100,0.1366,charge,15.001,10.0,9.0,,300.0,3.2595,3.6816,28.1381,2.6463,0.88794
RPC_US06,1100,0.1234,charge,15.001,2.0,2.0,,300.0,3.1744,3.5579,25.565,2.6463,0.88794
RPC_US06,1100,0.1234,charge,15.001,10.0,9.0,,300.0,3.1744,3.6497,31.6846,2.6463,0.88794
RPC_US06,1100,0.9561,charge,2.26,2.0,2.0,,300.1,4.0822,4.1399,25.5321,2.6463,0.88794
RPC_US06,1100,0.9561,charge,2.26,10.0,9.0,,300.1,4.0822,4.149,29.5588,2.6463,0.88794
RPC_US06,1100,0.9121,charge,3.244,2.0,1.0,,300.1,4.0655,4.1344,21.2372,2.6463,0.88794
RPC_US06,1100,0.9121,charge,3.244,10.0,9.0,,300.1,4.0655,4.149,25.7374,2.6463,0.88794
RPC_US06,1100,0.8242,charge,7.615,2.0,2.0,,300.1,3.976,4.1181,18.6596,2.6463,0.88794
RPC_US06,1100,0.8242,charge,7.615,10.0,9.0,,300.1,3.976,4.1461,22.3363,2.6463,0.88794
RPC_US06,1100,0.7365,charge,12.97,2.0,1.0,,300.1,3.9029,4.1114,16.0762,2.6463,0.88794
RPC_US06,1100,0.7365,charge,12.97,10.0,9.0,,300.1,3.9029,4.1489,18.9676,2.6463,0.88794
RPC_US06,1100,0.6485,charge,15.067,2.0,2.0,,300.1,3.8077,4.0559,16.4731,2.6463,0.88794
RPC_US06,1100,0.6485,charge,15.067,10.0,9.0,,300.1,3.8077,4.1023,19.5527,2.6463,0.88794
RPC_US06,1100,0.5602,charge,15.056,2.0,1.0,,300.1,3.7127,3.9469,15.5547,2.6463,0.88794
RPC_US06,1100,0.5602,charge,15.056,10.0,9.01,,300.1,3.7127,3.9936,18.6564,2.6463,0.88794
RPC_US06,1100,0.472,charge,15.052,2.0,2.0,,300.1,3.6383,3.8826,16.2309,2.6463,0.88794
RPC_US06,1100,0.472,charge,15.052,10.0,9.0,,300.1,3.6383,3.9174,18.543,2.6463,0.88794
RPC_US06,1100,0.3837,charge,15.049,2.0,2.0,,300.1,3.5767,3.8306,16.8721,2.6463,0.88794
RPC_US06,1100,0.3837,charge,15.049,10.0,9.0,,300.1,3.5767,3.8644,19.1182,2.6463,0.88794
RPC_US06,1100,0.2955,charge,15.061,2.0,2.0,,300.1,3.4951,3.7668,18.04,2.6463,0.88794
RPC_US06,1100,0.2955,charge,15.061,10.0,9.0,,300.1,3.4951,3.8053,20.5962,2.6463,0.88794
RPC_US06,1100,0.2514,charge,15.066,2.0,2.0,,300.1,3.4391,3.7248,18.9632,2.6463,0.88794
RPC_US06,1100,0.2514,charge,15.066,10.0,9.0,,300.1,3.4391,3.7659,21.6912,2.6463,0.88794
RPC_US06,1100,0.2073,charge,15.047,2.0,2.0,,300.1,3.3923,3.6844,19.4125,2.6463,0.88794
RPC_US06,1100,0.2073,charge,15.047,10.0,9.0,,300.1,3.3923,3.7147,21.4262,2.6463,0.88794
RPC_US06,1100,0.1632,charge,15.046,2.0,2.0,,300.1,3.3532,3.662,20.5244,2.6463,0.88794
RPC_US06,1100,0.1632,charge,15.046,10.0,9.0,,300.1,3.3532,3.6921,22.525,2.6463,0.88794
RPC_US06,1100,0.1367,charge,15.082,2.0,2.0,,300.1,3.2602,3.6241,24.1289,2.6463,0.88794
RPC_US06,1100,0.1367,charge,15.082,10.0,9.0,,300.1,3.2602,3.6831,28.041,2.6463,0.88794
RPC_US06,1100,0.1235,charge,15.139,2.0,1.0,,300.1,3.175,3.5482,24.6507,2.6463,0.88794
RPC_US06,1100,0.1235,charge,15.139,10.0,9.0,,300.1,3.175,3.6529,31.5664,2.6463,0.88794
RPC_US06,1220,0.9973,discharge,-29.999,2.0,2.0,,4823.1,4.1377,3.4963,21.3807,2.578,0.86502
RPC_US06,1220,0.9973,discharge,-29.999,10.0,9.0,,4823.1,4.1377,3.4516,22.8708,2.578,0.86502
RPC_US06,1220,0.9726,charge,2.437,2.0,1.0,,60.0,4.0807,4.1501,28.4811,2.578,0.86502
RPC_US06,1220,0.9726,charge,2.437,10.0,9.0,,60.0,4.0807,4.15,28.4401,2.578,0.86502
RPC_US06,1220,0.9543,discharge,-30.0,2.0,1.0,,3600.0,4.0874,3.4997,19.59,2.578,0.86502
RPC_US06,1220,0.9543,discharge,-30.0,10.0,9.0,,3600.0,4.0874,3.4306,21.8933,2.578,0.86502
RPC_US06,1220,0.9298,charge,3.304,2.0,2.0,,60.0,4.0631,4.1501,26.3301,2.578,0.86502
RPC_US06,1220,0.9298,charge,3.304,10.0,9.0,,60.0,4.0631,4.15,26.2999,2.578,0.86502
RPC_US06,1220,0.9113,discharge,-30.0,2.0,2.0,,3600.0,4.074,3.4861,19.5967,2.578,0.86502
RPC_US06,1220,0.9113,discharge,-30.0,10.0,9.0,,3600.0,4.074,3.4139,22.0033,2.578,0.86502
RPC_US06,1220,0.887,charge,4.693,2.0,2.0,,60.0,4.0332,4.1501,24.9073,2.578,0.86502
RPC_US06,1220,0.887,charge,4.693,10.0,9.0,,60.0,4.0332,4.15,24.886,2.578,0.86502
RPC_US06,1220,0.8253,discharge,-30.001,2.0,2.0,,3600.0,4.0052,3.4424,18.7594,2.578,0.86502
RPC_US06,1220,0.8253,discharge,-30.001,10.0,9.0,,3600.0,4.0052,3.363,21.406,2.578,0.86502
RPC_US06,1220,0.8016,charge,9.863,2.0,1.0,,60.0,3.9409,4.1502,21.2212,2.578,0.86502
RPC_US06,1220,0.8016,charge,9.863,10.0,9.0,,60.0,3.9409,4.15,21.2009,2.578,0.86502
RPC_US06,1220,0.7394,discharge,-29.999,2.0,2.0,,3600.0,3.9159,3.3797,17.8739,2.578,0.86502
RPC_US06,1220,0.7394,discharge,-29.999,10.0,9.0,,3600.0,3.9159,3.3039,20.4007,2.578,0.86502
RPC_US06,1220,0.7157,charge,15.0,2.0,2.0,,60.0,3.8638,4.1201,17.0867,2.578,0.86502
RPC_US06,1220,0.7157,charge,15.0,10.0,9.0,,60.0,3.8638,4.1501,19.0867,2.578,0.86502
RPC_US06,1220,0.6534,discharge,-30.0,2.0,2.0,,3600.0,3.8302,3.3086,17.3867,2.578,0.86502
RPC_US06,1220,0.6534,discharge,-30.0,10.0,9.0,,3600.0,3.8302,3.2277,20.0833,2.578,0.86502
RPC_US06,1220,0.6298,charge,15.0,2.0,2.0,,60.0,3.7768,4.0269,16.6733,2.578,0.86502
RPC_US06,1220,0.6298,charge,15.0,10.0,9.0,,60.0,3.7768,4.0697,19.5267,2.578,0.86502
RPC_US06,1220,0.5675,discharge,-29.999,2.0,2.0,,3600.0,3.7368,3.2176,17.3072,2.578,0.86502
RPC_US06,1220,0.5675,discharge,-29.999,10.0,9.0,,3600.0,3.7368,3.1284,20.2807,2.578,0.86502
RPC_US06,1220,0.5438,charge,15.0,2.0,2.0,,60.0,3.6896,3.9404,16.72,2.578,0.86502
RPC_US06,1220,0.5438,charge,15.0,10.0,9.0,,60.0,3.6896,3.984,19.6267,2.578,0.86502
RPC_US06,1220,0.4815,discharge,-29.999,2.0,2.0,,3600.0,3.6591,3.1333,17.5273,2.578,0.86502
RPC_US06,1220,0.4815,discharge,-29.999,10.0,9.0,,3600.0,3.6591,3.0368,20.744,2.578,0.86502
RPC_US06,1220,0.4578,charge,15.0,2.0,2.0,,60.0,3.6161,3.8695,16.8933,2.578,0.86502
RPC_US06,1220,0.4578,charge,15.0,10.0,9.0,,60.0,3.6161,3.9117,19.7067,2.578,0.86502
RPC_US06,1220,0.3955,discharge,-29.999,2.0,2.0,,3600.0,3.6023,3.0493,18.4339,2.578,0.86502
RPC_US06,1220,0.3955,discharge,-29.999,10.0,9.0,,3600.0,3.6023,2.9307,22.3874,2.578,0.86502
RPC_US06,1220,0.3719,charge,15.0,2.0,2.0,,60.0,3.5531,3.814,17.3933,2.578,0.86502
RPC_US06,1220,0.3719,charge,15.0,10.0,9.0,,60.0,3.5531,3.8587,20.3733,2.578,0.86502
RPC_US06,1220,0.3096,discharge,-30.0,2.0,2.0,,3600.0,3.5241,2.8726,21.7167,2.578,0.86502
RPC_US06,1220,0.3096,discharge,-30.0,10.0,9.0,,3600.0,3.5241,2.6536,29.0167,2.578,0.86502
RPC_US06,1220,0.2859,charge,15.0,2.0,2.0,,60.0,3.4718,3.7425,18.0467,2.578,0.86502
RPC_US06,1220,0.2859,charge,15.0,10.0,9.0,,60.0,3.4718,3.7873,21.0333,2.578,0.86502
RPC_US06,1220,0.2666,discharge,-28.061,2.0,2.0,,3600.0,3.4724,2.6789,28.2777,2.578,0.86502
RPC_US06,1220,0.2666,discharge,-28.061,10.0,9.0,,3600.0,3.4724,2.5497,32.8819,2.578,0.86502
RPC_US06,1220,0.2454,charge,15.0,2.0,2.0,,60.0,3.4267,3.6943,17.84,2.578,0.86502
RPC_US06,1220,0.2454,charge,15.0,10.0,9.0,,60.0,3.4267,3.7366,20.66,2.578,0.86502
RPC_US06,1220,0.2236,discharge,-15.899,2.0,2.0,,3600.0,3.421,2.5489,54.8525,2.578,0.86502
RPC_US06,1220,0.2236,discharge,-15.899,10.0,9.0,,3600.0,3.421,2.5499,54.7896,2.578,0.86502
RPC_US06,1220,0.2102,charge,15.0,2.0,2.0,,60.0,3.3969,3.6822,19.02,2.578,0.86502
RPC_US06,1220,0.2102,charge,15.0,10.0,9.0,,60.0,3.3969,3.7146,21.18,2.578,0.86502
RPC_US06,1220,0.1806,discharge,-8.468,2.0,2.0,,3600.0,3.3912,2.5493,99.4167,2.578,0.86502
RPC_US06,1220,0.1806,discharge,-8.468,10.0,9.0,,3600.0,3.3912,2.5499,99.3458,2.578,0.86502
RPC_US06,1220,0.1738,charge,15.0,2.0,2.0,,60.0,3.3629,3.6775,20.9733,2.578,0.86502
RPC_US06,1220,0.1738,charge,15.0,10.0,9.0,,60.0,3.3629,3.7111,23.2133,2.578,0.86502
RPC_US06,1220,0.155,discharge,-5.823,2.0,2.0,,3600.0,3.36,2.5495,139.1918,2.578,0.86502
RPC_US06,1220,0.155,discharge,-5.823,10.0,9.0,,3600.0,3.36,2.5499,139.1231,2.578,0.86502
RPC_US06,1220,0.1506,charge,15.0,2.0,2.0,,60.0,3.3095,3.6573,23.1867,2.578,0.86502
RPC_US06,1220,0.1506,charge,15.0,10.0,9.0,,60.0,3.3095,3.7043,26.32,2.578,0.86502
RPC_US06,1220,0.1422,discharge,-4.676,2.0,2.0,,3600.0,3.3155,2.5495,163.8012,2.578,0.86502
RPC_US06,1220,0.1422,discharge,-4.676,10.0,9.0,,3600.0,3.3155,2.55,163.6943,2.578,0.86502
RPC_US06,1220,0.139,charge,15.0,2.0,2.0,,60.0,3.2551,3.6204,24.3533,2.578,0.86502
RPC_US06,1220,0.139,charge,15.0,10.0,9.0,,60.0,3.2551,3.6917,29.1067,2.578,0.86502
RPC_US06,1220,0.9973,discharge,-29.999,2.0,1.0,,2424.7,4.154,3.5212,21.094,2.578,0.86502
RPC_US06,1220,0.9973,discharge,-29.999,10.0,9.0,,2424.7,4.154,3.46,23.1341,2.578,0.86502
RPC_US06,1220,0.9543,discharge,-29.999,2.0,2.0,,300.0,4.0823,3.5125,18.994,2.578,0.86502
RPC_US06,1220,0.9543,discharge,-29.999,10.0,9.0,,300.0,4.0823,3.4469,21.1807,2.578,0.86502
RPC_US06,1220,0.9113,discharge,-30.001,2.0,2.0,,300.0,4.0651,3.5091,18.5327,2.578,0.86502
RPC_US06,1220,0.9113,discharge,-30.001,10.0,9.01,,300.0,4.0651,3.4279,21.2393,2.578,0.86502
RPC_US06,1220,0.8253,discharge,-30.001,2.0,2.0,,300.0,3.9755,3.4497,17.5261,2.578,0.86502
RPC_US06,1220,0.8253,discharge,-30.001,10.0,9.0,,300.0,3.9755,3.3722,20.1093,2.578,0.86502
RPC_US06,1220,0.7394,discharge,-29.999,2.0,2.0,,300.0,3.9017,3.3913,17.0139,2.578,0.86502
RPC_US06,1220,0.7394,discharge,-29.999,10.0,9.0,,300.0,3.9017,3.311,19.6907,2.578,0.86502
RPC_US06,1220,0.6534,discharge,-30.001,2.0,2.0,,300.0,3.807,3.3097,16.5761,2.578,0.86502
RPC_US06,1220,0.6534,discharge,-30.001,10.0,9.0,,300.0,3.807,3.2262,19.3594,2.578,0.86502
RPC_US06,1220,0.5675,discharge,-30.001,2.0,2.0,,300.0,3.7121,3.211,16.7028,2.578,0.86502
RPC_US06,1220,0.5675,discharge,-30.001,10.0,9.0,,300.0,3.7121,3.122,19.6693,2.578,0.86502
RPC_US06,1220,0.4815,discharge,-30.001,2.0,2.0,,300.0,3.6387,3.1255,17.1061,2.578,0.86502
RPC_US06,1220,0.4815,discharge,-30.001,10.0,9.0,,300.0,3.6387,3.0246,20.4693,2.578,0.86502
RPC_US06,1220,0.3955,discharge,-29.999,2.0,2.0,,300.0,3.5785,3.0259,18.4206,2.578,0.86502
RPC_US06,1220,0.3955,discharge,-29.999,10.0,9.0,,300.0,3.5785,2.8931,22.8474,2.578,0.86502
RPC_US06,1220,0.3096,discharge,-29.999,2.0,2.0,,300.0,3.5027,2.7806,24.0708,2.578,0.86502
RPC_US06,1220,0.3096,discharge,-29.999,10.0,9.0,,300.0,3.5027,2.5496,31.7711,2.578,0.86502
RPC_US06,1220,0.2666,discharge,-21.043,2.0,2.0,,300.0,3.4529,2.5482,42.9929,2.578,0.86502
RPC_US06,1220,0.2666,discharge,-21.043,10.0,9.0,,300.0,3.4529,2.5497,42.9216,2.578,0.86502
RPC_US06,1220,0.2236,discharge,-12.164,2.0,1.0,,300.0,3.4007,2.5483,70.0756,2.578,0.86502
RPC_US06,1220,0.2236,discharge,-12.164,10.0,9.0,,300.0,3.4007,2.5499,69.9441,2.578,0.86502
RPC_US06,1220,0.1807,discharge,-6.885,2.0,2.0,,300.0,3.3674,2.5496,118.7748,2.578,0.86502
RPC_US06,1220,0.1807,discharge,-6.885,10.0,9.0,,300.0,3.3674,2.5499,118.7312,2.578,0.86502
RPC_US06,1220,0.1552,discharge,-4.532,2.0,2.0,,300.0,3.3241,2.5497,170.8738,2.578,0.86502
RPC_US06,1220,0.1552,discharge,-4.532,10.0,9.0,,300.0,3.3241,2.5499,170.8297,2.578,0.86502
RPC_US06,1220,0.1425,discharge,-3.537,2.0,1.0,,300.0,3.2757,2.5492,205.4059,2.578,0.86502
RPC_US06,1220,0.1425,discharge,-3.537,10.0,9.01,,300.0,3.2757,2.55,205.1797,2.578,0.86502
RPC_US06,1220,0.9974,discharge,-29.843,2.0,2.0,,2418.2,4.1539,3.5109,21.5457,2.578,0.86502
RPC_US06,1220,0.9974,discharge,-29.843,10.0,9.0,,2418.2,4.1539,3.4587,23.2949,2.578,0.86502
RPC_US06,1220,0.9544,discharge,-29.745,2.0,2.0,,300.0,4.082,3.5203,18.8835,2.578,0.86502
RPC_US06,1220,0.9544,discharge,-29.745,10.0,9.0,,300.0,4.082,3.4462,21.3747,2.578,0.86502
RPC_US06,1220,0.9114,discharge,-29.684,2.0,2.0,,300.0,4.0651,3.5192,18.3901,2.578,0.86502
RPC_US06,1220,0.9114,discharge,-29.684,10.0,9.0,,300.0,4.0651,3.4277,21.4725,2.578,0.86502
RPC_US06,1220,0.8254,discharge,-29.689,2.0,2.0,,300.0,3.9752,3.4594,17.3734,2.578,0.86502
RPC_US06,1220,0.8254,discharge,-29.689,10.0,9.0,,300.0,3.9752,3.3721,20.3139,2.578,0.86502
RPC_US06,1220,0.7395,discharge,-29.652,2.0,1.0,,300.0,3.9014,3.4226,16.147,2.578,0.86502
RPC_US06,1220,0.7395,discharge,-29.652,10.0,9.01,,300.0,3.9014,3.3115,19.8938,2.578,0.86502
RPC_US06,1220,0.6535,discharge,-29.633,2.0,2.0,,300.0,3.8064,3.3209,16.3838,2.578,0.86502
RPC_US06,1220,0.6535,discharge,-29.633,10.0,9.0,,300.0,3.8064,3.2266,19.566,2.578,0.86502
RPC_US06,1220,0.5676,discharge,-29.584,2.0,2.0,,300.0,3.7118,3.2243,16.4785,2.578,0.86502
RPC_US06,1220,0.5676,discharge,-29.584,10.0,9.0,,300.0,3.7118,3.1233,19.8925,2.578,0.86502
RPC_US06,1220,0.4816,discharge,-29.498,2.0,2.0,,300.0,3.6386,3.1418,16.8418,2.578,0.86502
RPC_US06,1220,0.4816,discharge,-29.498,10.0,9.0,,300.0,3.6386,3.0273,20.7234,2.578,0.86502
RPC_US06,1220,0.3957,discharge,-29.251,2.0,2.0,,300.0,3.5783,3.0506,18.0407,2.578,0.86502
RPC_US06,1220,0.3957,discharge,-29.251,10.0,9.0,,300.0,3.5783,2.8977,23.268,2.578,0.86502
RPC_US06,1220,0.3102,discharge,-25.169,2.0,2.0,,300.0,3.5019,2.9296,22.7378,2.578,0.86502
RPC_US06,1220,0.3102,discharge,-25.169,10.0,9.0,,300.0,3.5019,2.6172,35.1497,2.578,0.86502
RPC_US06,1220,0.268,discharge,-16.257,2.0,2.0,,300.0,3.4511,2.9868,28.56,2.578,0.86502
RPC_US06,1220,0.268,discharge,-16.257,10.0,9.0,,300.0,3.4511,2.6822,47.2965,2.578,0.86502
RPC_US06,1220,0.2256,discharge,-9.349,2.0,2.0,,300.0,3.3985,3.0206,40.4195,2.578,0.86502
RPC_US06,1220,0.2256,discharge,-9.349,10.0,9.0,,300.0,3.3985,2.7269,71.8331,2.578,0.86502
RPC_US06,1220,0.1829,discharge,-5.067,2.0,2.0,,300.0,3.3651,3.0879,54.7058,2.578,0.86502
RPC_US06,1220,0.1829,discharge,-5.067,10.0,9.0,,300.0,3.3651,2.8135,108.8591,2.578,0.86502
RPC_US06,1220,0.1573,discharge,-3.268,2.0,2.0,,300.0,3.3157,3.0924,68.3219,2.578,0.86502
RPC_US06,1220,0.1573,discharge,-3.268,10.0,9.0,,300.0,3.3157,2.8509,142.2124,2.578,0.86502
RPC_US06,1220,0.1445,discharge,-2.537,2.0,2.0,,300.0,3.2613,3.0697,75.5327,2.578,0.86502
RPC_US06,1220,0.1445,discharge,-2.537,10.0,9.0,,300.0,3.2613,2.8556,159.9353,2.578,0.86502
RPC_US06,1220,0.9973,discharge,-29.882,2.0,2.0,,2436.4,4.1536,3.5068,21.6451,2.578,0.86502
RPC_US06,1220,0.9973,discharge,-29.882,10.0,9.0,,2436.4,4.1536,3.4544,23.3987,2.578,0.86502
RPC_US06,1220,0.9544,discharge,-29.779,2.0,2.0,,300.0,4.0821,3.5167,18.9862,2.578,0.86502
RPC_US06,1220,0.9544,discharge,-29.779,10.0,9.0,,300.0,4.0821,3.4422,21.4879,2.578,0.86502
RPC_US06,1220,0.9114,discharge,-29.715,2.0,2.0,,300.0,4.0647,3.5158,18.4722,2.578,0.86502
RPC_US06,1220,0.9114,discharge,-29.715,10.0,9.0,,300.0,4.0647,3.4241,21.5581,2.578,0.86502
RPC_US06,1220,0.8254,discharge,-29.716,2.0,2.0,,300.0,3.9747,3.4563,17.4451,2.578,0.86502
RPC_US06,1220,0.8254,discharge,-29.716,10.0,9.0,,300.0,3.9747,3.369,20.383,2.578,0.86502
RPC_US06,1220,0.7395,discharge,-29.681,2.0,2.0,,300.0,3.9011,3.3986,16.93,2.578,0.86502
RPC_US06,1220,0.7395,discharge,-29.681,10.0,9.0,,300.0,3.9011,3.3081,19.9791,2.578,0.86502
RPC_US06,1220,0.6535,discharge,-29.664,2.0,2.0,,300.0,3.8056,3.3176,16.4509,2.578,0.86502
RPC_US06,1220,0.6535,discharge,-29.664,10.0,9.0,,300.0,3.8056,3.223,19.64,2.578,0.86502
RPC_US06,1220,0.5676,discharge,-29.614,2.0,2.0,,300.0,3.7113,3.2211,16.5527,2.578,0.86502
RPC_US06,1220,0.5676,discharge,-29.614,10.0,9.0,,300.0,3.7113,3.1198,19.9733,2.578,0.86502
RPC_US06,1220,0.4816,discharge,-29.531,2.0,2.0,,300.0,3.6381,3.1387,16.911,2.578,0.86502
RPC_US06,1220,0.4816,discharge,-29.531,10.0,9.0,,300.0,3.6381,3.0238,20.8019,2.578,0.86502
RPC_US06,1220,0.3957,discharge,-29.291,2.0,2.0,,300.0,3.5778,3.047,18.1213,2.578,0.86502
RPC_US06,1220,0.3957,discharge,-29.291,10.0,9.0,,300.0,3.5778,2.8928,23.3856,2.578,0.86502
RPC_US06,1220,0.3101,discharge,-27.021,2.0,1.0,,300.0,3.5013,2.9454,20.5729,2.578,0.86502
RPC_US06,1220,0.3101,discharge,-27.021,10.0,9.01,,300.0,3.5013,2.5235,36.1867,2.578,0.86502
RPC_US06,1220,0.2678,discharge,-18.886,2.0,2.0,,300.0,3.4505,2.9177,28.2114,2.578,0.86502
RPC_US06,1220,0.2678,discharge,-18.886,10.0,9.0,,300.0,3.4505,2.5253,48.9887,2.578,0.86502
RPC_US06,1220,0.2254,discharge,-11.633,2.0,2.0,,300.0,3.3986,2.935,39.8521,2.578,0.86502
RPC_US06,1220,0.2254,discharge,-11.633,10.0,9.0,,300.0,3.3986,2.5407,73.7471,2.578,0.86502
RPC_US06,1220,0.1828,discharge,-7.294,2.0,2.0,,300.0,3.3649,2.9702,54.113,2.578,0.86502
RPC_US06,1220,0.1828,discharge,-7.294,10.0,9.0,,300.0,3.3649,2.5552,111.009,2.578,0.86502
RPC_US06,1220,0.1572,discharge,-5.19,2.0,2.0,,300.0,3.3148,2.9673,66.9537,2.578,0.86502
RPC_US06,1220,0.1572,discharge,-5.19,10.0,9.0,,300.0,3.3148,2.5683,143.8301,2.578,0.86502
RPC_US06,1220,0.1443,discharge,-4.285,2.0,2.0,,300.0,3.2597,2.945,73.4414,2.578,0.86502
RPC_US06,1220,0.1443,discharge,-4.285,10.0,9.01,,300.0,3.2597,2.5629,162.6119,2.578,0.86502
RPC_US06,1220,0.9574,charge,2.141,2.0,2.0,,300.0,4.0813,4.1501,32.142,2.578,0.86502
RPC_US06,1220,0.9574,charge,2.141,10.0,9.0,,300.0,4.0813,4.15,32.0953,2.578,0.86502
RPC_US06,1220,0.9145,charge,3.146,2.0,1.0,,300.0,4.0626,4.1501,27.8166,2.578,0.86502
RPC_US06,1220,0.9145,charge,3.146,10.0,9.01,,300.0,4.0626,4.15,27.7848,2.578,0.86502
RPC_US06,1220,0.8292,charge,7.895,2.0,2.0,,300.0,3.9713,4.1502,22.6603,2.578,0.86502
RPC_US06,1220,0.8292,charge,7.895,10.0,9.01,,300.0,3.9713,4.15,22.635,2.578,0.86502
RPC_US06,1220,0.7435,charge,12.879,2.0,2.0,,300.0,3.9006,4.1502,19.3811,2.578,0.86502
RPC_US06,1220,0.7435,charge,12.879,10.0,9.0,,300.0,3.9006,4.15,19.3656,2.578,0.86502
RPC_US06,1220,0.6575,charge,15.0,2.0,2.0,,300.0,3.8053,4.0689,17.5733,2.578,0.86502
RPC_US06,1220,0.6575,charge,15.0,10.0,9.0,,300.0,3.8053,4.1186,20.8867,2.578,0.86502
RPC_US06,1220,0.5716,charge,15.0,2.0,2.0,,300.0,3.7116,3.9705,17.26,2.578,0.86502
RPC_US06,1220,0.5716,charge,15.0,10.0,9.0,,300.0,3.7116,4.0111,19.9667,2.578,0.86502
RPC_US06,1220,0.4856,charge,15.0,2.0,2.0,,300.0,3.6385,3.8994,17.3933,2.578,0.86502
RPC_US06,1220,0.4856,charge,15.0,10.0,9.0,,300.0,3.6385,3.9362,19.8467,2.578,0.86502
RPC_US06,1220,0.3996,charge,15.0,2.0,2.0,,300.0,3.5783,3.849,18.0467,2.578,0.86502
RPC_US06,1220,0.3996,charge,15.0,10.0,9.0,,300.0,3.5783,3.8845,20.4133,2.578,0.86502
RPC_US06,1220,0.3137,charge,15.0,2.0,2.0,,300.0,3.501,3.7885,19.1667,2.578,0.86502
RPC_US06,1220,0.3137,charge,15.0,10.0,9.0,,300.0,3.501,3.8296,21.9067,2.578,0.86502
RPC_US06,1220,0.2707,charge,15.0,2.0,2.0,,300.0,3.4495,3.7516,20.14,2.578,0.86502
RPC_US06,1220,0.2707,charge,15.0,10.0,9.0,,300.0,3.4495,3.795,23.0333,2.578,0.86502
RPC_US06,1220,0.2277,charge,15.0,2.0,2.0,,300.0,3.3981,3.7053,20.48,2.578,0.86502
RPC_US06,1220,0.2277,charge,15.0,10.0,9.0,,300.0,3.3981,3.7404,22.82,2.578,0.86502
RPC_US06,1220,0.1847,charge,15.0,2.0,2.0,,300.0,3.3651,3.6828,21.18,2.578,0.86502
RPC_US06,1220,0.1847,charge,15.0,10.0,9.0,,300.0,3.3651,3.7142,23.2733,2.578,0.86502
RPC_US06,1220,0.1589,charge,15.0,2.0,2.0,,300.0,3.3143,3.6733,23.9333,2.578,0.86502
RPC_US06,1220,0.1589,charge,15.0,10.0,9.0,,300.0,3.3143,3.7141,26.6533,2.578,0.86502
RPC_US06,1220,0.146,charge,15.001,2.0,2.0,,300.0,3.2596,3.6442,25.6383,2.578,0.86502
RPC_US06,1220,0.146,charge,15.001,10.0,9.0,,300.0,3.2596,3.7079,29.8847,2.578,0.86502
RPC_US06,1220,0.9572,charge,2.011,2.0,2.0,,300.1,4.0813,4.14,29.1902,2.578,0.86502
RPC_US06,1220,0.9572,charge,2.011,10.0,9.01,,300.1,4.0813,4.1491,33.7154,2.578,0.86502
RPC_US06,1220,0.9143,charge,2.935,2.0,2.0,,300.1,4.0627,4.1366,25.1772,2.578,0.86502
RPC_US06,1220,0.9143,charge,2.935,10.0,9.0,,300.1,4.0627,4.1492,29.4699,2.578,0.86502
RPC_US06,1220,0.8287,charge,7.19,2.0,2.0,,300.1,3.9713,4.1184,20.4593,2.578,0.86502
RPC_US06,1220,0.8287,charge,7.19,10.0,9.0,,300.1,3.9713,4.1463,24.3397,2.578,0.86502
RPC_US06,1220,0.7432,charge,12.034,2.0,2.0,,300.1,3.9006,4.1191,18.1576,2.578,0.86502
RPC_US06,1220,0.7432,charge,12.034,10.0,9.0,,300.1,3.9006,4.1485,20.6008,2.578,0.86502
RPC_US06,1220,0.6576,charge,15.068,2.0,2.0,,300.1,3.8053,4.0726,17.7396,2.578,0.86502
RPC_US06,1220,0.6576,charge,15.068,10.0,9.0,,300.1,3.8053,4.1197,20.8654,2.578,0.86502
RPC_US06,1220,0.5716,charge,15.056,2.0,2.0,,300.1,3.7117,3.9738,17.4078,2.578,0.86502
RPC_US06,1220,0.5716,charge,15.056,10.0,9.0,,300.1,3.7117,4.0122,19.9582,2.578,0.86502
RPC_US06,1220,0.4857,charge,15.051,2.0,2.0,,300.1,3.6388,3.9026,17.5271,2.578,0.86502
RPC_US06,1220,0.4857,charge,15.051,10.0,9.0,,300.1,3.6388,3.9372,19.8259,2.578,0.86502
RPC_US06,1220,0.3997,charge,15.048,2.0,2.0,,300.1,3.5781,3.8522,18.215,2.578,0.86502
RPC_US06,1220,0.3997,charge,15.048,10.0,9.0,,300.1,3.5781,3.8857,20.4413,2.578,0.86502
RPC_US06,1220,0.3137,charge,15.06,2.0,2.0,,300.1,3.5009,3.7922,19.3426,2.578,0.86502
RPC_US06,1220,0.3137,charge,15.06,10.0,9.0,,300.1,3.5009,3.8309,21.9124,2.578,0.86502
RPC_US06,1220,0.2707,charge,15.063,2.0,2.0,,300.1,3.4496,3.7557,20.3213,2.578,0.86502
RPC_US06,1220,0.2707,charge,15.063,10.0,9.0,,300.1,3.4496,3.7963,23.0167,2.578,0.86502
RPC_US06,1220,0.2278,charge,15.053,2.0,2.0,,300.1,3.398,3.7086,20.6338,2.578,0.86502
RPC_US06,1220,0.2278,charge,15.053,10.0,9.0,,300.1,3.398,3.7418,22.8393,2.578,0.86502
RPC_US06,1220,0.1848,charge,15.044,2.0,2.0,,300.1,3.3649,3.6859,21.3374,2.578,0.86502
RPC_US06,1220,0.1848,charge,15.044,10.0,9.0,,300.1,3.3649,3.7153,23.2917,2.578,0.86502
RPC_US06,1220,0.159,charge,15.051,2.0,2.0,,300.1,3.3141,3.6774,24.1379,2.578,0.86502
RPC_US06,1220,0.159,charge,15.051,10.0,9.0,,300.1,3.3141,3.7154,26.6627,2.578,0.86502
RPC_US06,1220,0.1461,charge,15.081,2.0,2.0,,300.1,3.2594,3.6504,25.9275,2.578,0.86502
RPC_US06,1220,0.1461,charge,15.081,10.0,9.0,,300.1,3.2594,3.7093,29.8332,2.578,0.86502
RPC_US06,1333,0.9973,discharge,-30.0,2.0,2.0,,4869.5,4.1367,3.4754,22.0433,2.5416,0.85281
RPC_US06,1333,0.9973,discharge,-30.0,10.0,9.0,,4869.5,4.1367,3.4293,23.58,2.5416,0.85281
RPC_US06,1333,0.9726,charge,2.309,2.0,2.0,,60.0,4.0802,4.15,30.2348,2.5416,0.85281
RPC_US06,1333,0.9726,charge,2.309,10.0,9.0,,60.0,4.0802,4.15,30.2348,2.5416,0.85281
RPC_US06,1333,0.9549,discharge,-30.0,2.0,2.0,,3600.0,4.0873,3.4653,20.7333,2.5416,0.85281
RPC_US06,1333,0.9549,discharge,-30.0,10.0,9.0,,3600.0,4.0873,3.4095,22.5933,2.5416,0.85281
RPC_US06,1333,0.9304,charge,3.148,2.0,2.0,,60.0,4.062,4.1501,27.9842,2.5416,0.85281
RPC_US06,1333,0.9304,charge,3.148,10.0,9.0,,60.0,4.062,4.15,27.9525,2.5416,0.85281
RPC_US06,1333,0.9125,discharge,-30.0,2.0,2.0,,3600.0,4.0741,3.4672,20.23,2.5416,0.85281
RPC_US06,1333,0.9125,discharge,-30.0,10.0,9.0,,3600.0,4.0741,3.3937,22.68,2.5416,0.85281
RPC_US06,1333,0.8882,charge,4.558,2.0,2.0,,60.0,4.0308,4.1501,26.1766,2.5416,0.85281
RPC_US06,1333,0.8882,charge,4.558,10.0,9.0,,60.0,4.0308,4.1501,26.1766,2.5416,0.85281
RPC_US06,1333,0.8278,discharge,-30.0,2.0,2.0,,3600.0,4.0049,3.4252,19.3233,2.5416,0.85281
RPC_US06,1333,0.8278,discharge,-30.0,10.0,9.0,,3600.0,4.0049,3.3447,22.0067,2.5416,0.85281
RPC_US06,1333,0.804,charge,9.544,2.0,2.0,,60.0,3.9394,4.1501,22.0762,2.5416,0.85281
RPC_US06,1333,0.804,charge,9.544,10.0,9.0,,60.0,3.9394,4.1501,22.0762,2.5416,0.85281
RPC_US06,1333,0.743,discharge,-30.0,2.0,2.0,,3600.0,3.9163,3.3634,18.43,2.5416,0.85281
RPC_US06,1333,0.743,discharge,-30.0,10.0,9.0,,3600.0,3.9163,3.2866,20.99,2.5416,0.85281
RPC_US06,1333,0.7194,charge,14.899,2.0,2.0,,60.0,3.8623,4.1273,17.7864,2.5416,0.85281
RPC_US06,1333,0.7194,charge,14.899,10.0,9.0,,60.0,3.8623,4.1501,19.3167,2.5416,0.85281
RPC_US06,1333,0.6583,discharge,-30.0,2.0,2.0,,3600.0,3.8277,3.292,17.8567,2.5416,0.85281
RPC_US06,1333,0.6583,discharge,-30.0,10.0,9.0,,3600.0,3.8277,3.2095,20.6067,2.5416,0.85281
RPC_US06,1333,0.6346,charge,15.0,2.0,2.0,,60.0,3.7767,4.0356,17.26,2.5416,0.85281
RPC_US06,1333,0.6346,charge,15.0,10.0,9.0,,60.0,3.7767,4.0777,20.0667,2.5416,0.85281
RPC_US06,1333,0.5735,discharge,-30.0,2.0,2.0,,3600.0,3.739,3.2033,17.8567,2.5416,0.85281
RPC_US06,1333,0.5735,discharge,-30.0,10.0,9.0,,3600.0,3.739,3.1119,20.9033,2.5416,0.85281
RPC_US06,1333,0.5499,charge,15.0,2.0,2.0,,60.0,3.6906,3.9507,17.34,2.5416,0.85281
RPC_US06,1333,0.5499,charge,15.0,10.0,9.0,,60.0,3.6906,3.9948,20.28,2.5416,0.85281
RPC_US06,1333,0.4888,discharge,-30.0,2.0,2.0,,3600.0,3.6617,3.1193,18.08,2.5416,0.85281
RPC_US06,1333,0.4888,discharge,-30.0,10.0,9.0,,3600.0,3.6617,3.0211,21.3533,2.5416,0.85281
RPC_US06,1333,0.4651,charge,15.0,2.0,2.0,,60.0,3.6175,3.8801,17.5067,2.5416,0.85281
RPC_US06,1333,0.4651,charge,15.0,10.0,9.0,,60.0,3.6175,3.9228,20.3533,2.5416,0.85281
RPC_US06,1333,0.404,discharge,-30.0,2.0,2.0,,3600.0,3.6049,3.0363,18.9533,2.5416,0.85281
RPC_US06,1333,0.404,discharge,-30.0,10.0,9.0,,3600.0,3.6049,2.917,22.93,2.5416,0.85281
RPC_US06,1333,0.3804,charge,15.001,2.0,2.0,,60.0,3.5551,3.8249,17.9855,2.5416,0.85281
RPC_US06,1333,0.3804,charge,15.001,10.0,9.0,,60.0,3.5551,3.8699,20.9853,2.5416,0.85281
RPC_US06,1333,0.3193,discharge,-30.0,2.0,2.0,,3600.0,3.5267,2.8639,22.0933,2.5416,0.85281
RPC_US06,1333,0.3193,discharge,-30.0,10.0,9.0,,3600.0,3.5267,2.653,29.1233,2.5416,0.85281
RPC_US06,1333,0.2956,charge,15.0,2.0,2.0,,60.0,3.4731,3.7526,18.6333,2.5416,0.85281
RPC_US06,1333,0.2956,charge,15.0,10.0,9.0,,60.0,3.4731,3.7982,21.6733,2.5416,0.85281
RPC_US06,1333,0.2769,discharge,-28.657,2.0,2.0,,3600.0,3.476,2.684,27.6372,2.5416,0.85281
RPC_US06,1333,0.2769,discharge,-28.657,10.0,9.0,,3600.0,3.476,2.5497,32.3237,2.5416,0.85281
RPC_US06,1333,0.2554,charge,15.001,2.0,2.0,,60.0,3.4297,3.7054,18.3788,2.5416,0.85281
RPC_US06,1333,0.2554,charge,15.001,10.0,9.0,,60.0,3.4297,3.7478,21.2053,2.5416,0.85281
RPC_US06,1333,0.2345,discharge,-16.587,2.0,2.0,,3600.0,3.4251,2.5489,52.8245,2.5416,0.85281
RPC_US06,1333,0.2345,discharge,-16.587,10.0,9.0,,3600.0,3.4251,2.5498,52.7702,2.5416,0.85281
RPC_US06,1333,0.2206,charge,15.0,2.0,2.0,,60.0,3.4002,3.6919,19.4467,2.5416,0.85281
RPC_US06,1333,0.2206,charge,15.0,10.0,9.0,,60.0,3.4002,3.725,21.6533,2.5416,0.85281
RPC_US06,1333,0.1922,discharge,-9.459,2.0,2.0,,3600.0,3.3955,2.5493,89.4588,2.5416,0.85281
RPC_US06,1333,0.1922,discharge,-9.459,10.0,9.0,,3600.0,3.3955,2.5498,89.406,2.5416,0.85281
RPC_US06,1333,0.1848,charge,15.001,2.0,2.0,,60.0,3.365,3.6858,21.3852,2.5416,0.85281
RPC_US06,1333,0.1848,charge,15.001,10.0,9.0,,60.0,3.365,3.7206,23.7051,2.5416,0.85281
RPC_US06,1333,0.1669,discharge,-6.34,2.0,2.0,,3600.0,3.3668,2.5495,128.9117,2.5416,0.85281
RPC_US06,1333,0.1669,discharge,-6.34,10.0,9.0,,3600.0,3.3668,2.5499,128.8486,2.5416,0.85281
RPC_US06,1333,0.162,charge,15.0,2.0,2.0,,60.0,3.3157,3.6673,23.44,2.5416,0.85281
RPC_US06,1333,0.162,charge,15.0,10.0,9.0,,60.0,3.3157,3.714,26.5533,2.5416,0.85281
RPC_US06,1333,0.1543,discharge,-5.22,2.0,2.0,,3600.0,3.3316,2.5495,149.8276,2.5416,0.85281
RPC_US06,1333,0.1543,discharge,-5.22,10.0,9.0,,3600.0,3.3316,2.55,149.7318,2.5416,0.85281
RPC_US06,1333,0.1505,charge,15.0,2.0,2.0,,60.0,3.2693,3.637,24.5133,2.5416,0.85281
RPC_US06,1333,0.1505,charge,15.0,10.0,9.0,,60.0,3.2693,3.7043,29.0,2.5416,0.85281
RPC_US06,1333,0.9973,discharge,-30.0,2.0,2.0,,2470.1,4.1531,3.4862,22.23,2.5416,0.85281
RPC_US06,1333,0.9973,discharge,-30.0,10.0,9.0,,2470.1,4.1531,3.4387,23.8133,2.5416,0.85281
RPC_US06,1333,0.9549,discharge,-30.0,2.0,2.0,,300.0,4.0823,3.4939,19.6133,2.5416,0.85281
RPC_US06,1333,0.9549,discharge,-30.0,10.0,9.0,,300.0,4.0823,3.4266,21.8567,2.5416,0.85281
RPC_US06,1333,0.9125,discharge,-30.0,2.0,2.0,,300.0,4.0645,3.4915,19.1,2.5416,0.85281
RPC_US06,1333,0.9125,discharge,-30.0,10.0,9.01,,300.0,4.0645,3.4092,21.8433,2.5416,0.85281
RPC_US06,1333,0.8278,discharge,-30.0,2.0,2.0,,300.0,3.9743,3.4334,18.03,2.5416,0.85281
RPC_US06,1333,0.8278,discharge,-30.0,10.0,9.01,,300.0,3.9743,3.3549,20.6467,2.5416,0.85281
RPC_US06,1333,0.743,discharge,-30.0,2.0,2.0,,300.0,3.9011,3.3758,17.51,2.5416,0.85281
RPC_US06,1333,0.743,discharge,-30.0,10.0,9.0,,300.0,3.9011,3.2942,20.23,2.5416,0.85281
RPC_US06,1333,0.6583,discharge,-30.0,2.0,2.0,,300.0,3.805,3.2932,17.06,2.5416,0.85281
RPC_US06,1333,0.6583,discharge,-30.0,10.0,9.0,,300.0,3.805,3.208,19.9,2.5416,0.85281
RPC_US06,1333,0.5735,discharge,-30.0,2.0,2.0,,300.0,3.7127,3.1963,17.2133,2.5416,0.85281
RPC_US06,1333,0.5735,discharge,-30.0,10.0,9.0,,300.0,3.7127,3.1052,20.25,2.5416,0.85281
RPC_US06,1333,0.4888,discharge,-30.0,2.0,2.0,,300.0,3.64,3.1115,17.6167,2.5416,0.85281
RPC_US06,1333,0.4888,discharge,-30.0,10.0,9.01,,300.0,3.64,3.0093,21.0233,2.5416,0.85281
RPC_US06,1333,0.404,discharge,-30.0,2.0,2.0,,300.0,3.5802,3.0125,18.9233,2.5416,0.85281
RPC_US06,1333,0.404,discharge,-30.0,10.0,9.0,,300.0,3.5802,2.879,23.3733,2.5416,0.85281
RPC_US06,1333,0.3193,discharge,-30.0,2.0,2.0,,300.0,3.5045,2.7752,24.31,2.5416,0.85281
RPC_US06,1333,0.3193,discharge,-30.0,10.0,9.0,,300.0,3.5045,2.5496,31.83,2.5416,0.85281
RPC_US06,1333,0.2769,discharge,-21.48,2.0,2.0,,300.0,3.4557,2.5481,42.2542,2.5416,0.85281
RPC_US06,1333,0.2769,discharge,-21.48,10.0,9.0,,300.0,3.4557,2.5497,42.1798,2.5416,0.85281
RPC_US06,1333,0.2345,discharge,-12.589,2.0,1.0,,300.0,3.405,2.5483,68.0515,2.5416,0.85281
RPC_US06,1333,0.2345,discharge,-12.589,10.0,9.0,,300.0,3.405,2.55,67.9164,2.5416,0.85281
RPC_US06,1333,0.1922,discharge,-7.232,2.0,2.0,,300.0,3.3714,2.5494,113.6615,2.5416,0.85281
RPC_US06,1333,0.1922,discharge,-7.232,10.0,9.0,,300.0,3.3714,2.5499,113.5924,2.5416,0.85281
RPC_US06,1333,0.167,discharge,-4.879,2.0,1.0,,300.0,3.3311,2.5492,160.2468,2.5416,0.85281
RPC_US06,1333,0.167,discharge,-4.879,10.0,9.01,,300.0,3.3311,2.5499,160.1033,2.5416,0.85281
RPC_US06,1333,0.1545,discharge,-3.905,2.0,2.0,,300.0,3.2905,2.5497,189.7006,2.5416,0.85281
RPC_US06,1333,0.1545,discharge,-3.905,10.0,9.01,,300.0,3.2905,2.55,189.6238,2.5416,0.85281
RPC_US06,1333,0.9974,discharge,-29.828,2.0,2.0,,2463.5,4.153,3.4926,22.1399,2.5416,0.85281
RPC_US06,1333,0.9974,discharge,-29.828,10.0,9.0,,2463.5,4.153,3.4386,23.9502,2.5416,0.85281
RPC_US06,1333,0.955,discharge,-29.732,2.0,2.0,,300.1,4.0821,3.5031,19.474,2.5416,0.85281
RPC_US06,1333,0.955,discharge,-29.732,10.0,9.0,,300.1,4.0821,3.4268,22.0402,2.5416,0.85281
RPC_US06,1333,0.9126,discharge,-29.671,2.0,1.0,,300.1,4.0645,3.5254,18.1693,2.5416,0.85281
RPC_US06,1333,0.9126,discharge,-29.671,10.0,9.0,,300.1,4.0645,3.4099,22.0619,2.5416,0.85281
RPC_US06,1333,0.8279,discharge,-29.675,2.0,2.0,,300.0,3.9742,3.4443,17.8571,2.5416,0.85281
RPC_US06,1333,0.8279,discharge,-29.675,10.0,9.0,,300.0,3.9742,3.3558,20.8394,2.5416,0.85281
RPC_US06,1333,0.7431,discharge,-29.639,2.0,2.0,,300.0,3.9011,3.3873,17.3353,2.5416,0.85281
RPC_US06,1333,0.7431,discharge,-29.639,10.0,9.0,,300.0,3.9011,3.2956,20.4292,2.5416,0.85281
RPC_US06,1333,0.6584,discharge,-29.614,2.0,2.0,,300.0,3.8047,3.3056,16.8535,2.5416,0.85281
RPC_US06,1333,0.6584,discharge,-29.614,10.0,9.0,,300.0,3.8047,3.2095,20.0986,2.5416,0.85281
RPC_US06,1333,0.5737,discharge,-29.566,2.0,2.0,,300.0,3.7125,3.2107,16.9725,2.5416,0.85281
RPC_US06,1333,0.5737,discharge,-29.566,10.0,9.0,,300.0,3.7125,3.1076,20.4597,2.5416,0.85281
RPC_US06,1333,0.4889,discharge,-29.478,2.0,2.0,,300.1,3.6398,3.1289,17.3316,2.5416,0.85281
RPC_US06,1333,0.4889,discharge,-29.478,10.0,9.0,,300.1,3.6398,3.0124,21.2837,2.5416,0.85281
RPC_US06,1333,0.4042,discharge,-29.236,2.0,2.0,,300.0,3.5799,3.0387,18.5117,2.5416,0.85281
RPC_US06,1333,0.4042,discharge,-29.236,10.0,9.0,,300.0,3.5799,2.8845,23.7862,2.5416,0.85281
RPC_US06,1333,0.3199,discharge,-25.4,2.0,2.0,,300.0,3.5039,2.9175,23.0866,2.5416,0.85281
RPC_US06,1333,0.3199,discharge,-25.4,10.0,9.0,,300.0,3.5039,2.6109,35.1575,2.5416,0.85281
RPC_US06,1333,0.2783,discharge,-16.642,2.0,2.0,,300.1,3.454,2.9776,28.6255,2.5416,0.85281
RPC_US06,1333,0.2783,discharge,-16.642,10.0,9.0,,300.1,3.454,2.6767,46.7057,2.5416,0.85281
RPC_US06,1333,0.2365,discharge,-9.727,2.0,2.0,,300.0,3.4026,3.0129,40.0633,2.5416,0.85281
RPC_US06,1333,0.2365,discharge,-9.727,10.0,9.0,,300.0,3.4026,2.718,70.3807,2.5416,0.85281
RPC_US06,1333,0.1944,discharge,-5.355,2.0,2.0,,300.0,3.3692,3.0815,53.7295,2.5416,0.85281
RPC_US06,1333,0.1944,discharge,-5.355,10.0,9.0,,300.0,3.3692,2.8023,105.8716,2.5416,0.85281
RPC_US06,1333,0.1692,discharge,-3.532,2.0,2.0,,300.0,3.3239,3.0893,66.4298,2.5416,0.85281
RPC_US06,1333,0.1692,discharge,-3.532,10.0,9.0,,300.0,3.3239,2.8421,136.4273,2.5416,0.85281
RPC_US06,1333,0.1565,discharge,-2.803,2.0,2.0,,300.0,3.2774,3.0735,72.7383,2.5416,0.85281
RPC_US06,1333,0.1565,discharge,-2.803,10.0,9.0,,300.0,3.2774,2.8511,152.0762,2.5416,0.85281
RPC_US06,1333,0.9974,discharge,-29.872,2.0,2.0,,2487.6,4.1525,3.4877,22.2546,2.5416,0.85281
RPC_US06,1333,0.9974,discharge,-29.872,10.0,9.0,,2487.6,4.1525,3.4337,24.0623,2.5416,0.85281
RPC_US06,1333,0.955,discharge,-29.771,2.0,2.0,,300.1,4.0821,3.4988,19.5926,2.5416,0.85281
RPC_US06,1333,0.955,discharge,-29.771,10.0,9.0,,300.1,4.0821,3.4222,22.1655,2.5416,0.85281
RPC_US06,1333,0.9126,discharge,-29.707,2.0,2.0,,300.0,4.064,3.499,19.0191,2.5416,0.85281
RPC_US06,1333,0.9126,discharge,-29.707,10.0,9.0,,300.0,4.064,3.4058,22.1564,2.5416,0.85281
RPC_US06,1333,0.8279,discharge,-29.709,2.0,1.0,,300.0,3.9733,3.4627,17.1867,2.5416,0.85281
RPC_US06,1333,0.8279,discharge,-29.709,10.0,9.01,,300.0,3.9733,3.352,20.9129,2.5416,0.85281
RPC_US06,1333,0.7431,discharge,-29.671,2.0,2.0,,300.0,3.9003,3.3838,17.4076,2.5416,0.85281
RPC_US06,1333,0.7431,discharge,-29.671,10.0,9.0,,300.0,3.9003,3.2916,20.515,2.5416,0.85281
RPC_US06,1333,0.6584,discharge,-29.65,2.0,2.0,,300.0,3.8037,3.3018,16.9275,2.5416,0.85281
RPC_US06,1333,0.6584,discharge,-29.65,10.0,9.0,,300.0,3.8037,3.2055,20.1754,2.5416,0.85281
RPC_US06,1333,0.5737,discharge,-29.6,2.0,2.0,,300.0,3.7116,3.2073,17.0372,2.5416,0.85281
RPC_US06,1333,0.5737,discharge,-29.6,10.0,9.0,,300.0,3.7116,3.1038,20.5338,2.5416,0.85281
RPC_US06,1333,0.4889,discharge,-29.516,2.0,2.0,,300.0,3.6393,3.1256,17.4041,2.5416,0.85281
RPC_US06,1333,0.4889,discharge,-29.516,10.0,9.0,,300.0,3.6393,3.0082,21.3816,2.5416,0.85281
RPC_US06,1333,0.4042,discharge,-29.289,2.0,2.0,,300.1,3.5795,3.0344,18.6111,2.5416,0.85281
RPC_US06,1333,0.4042,discharge,-29.289,10.0,9.0,,300.1,3.5795,2.8785,23.9339,2.5416,0.85281
RPC_US06,1333,0.3198,discharge,-27.101,2.0,2.0,,300.0,3.5032,2.8784,23.0549,2.5416,0.85281
RPC_US06,1333,0.3198,discharge,-27.101,10.0,9.0,,300.0,3.5032,2.5226,36.1838,2.5416,0.85281
RPC_US06,1333,0.2781,discharge,-19.208,2.0,2.0,,300.1,3.4536,2.9097,28.3171,2.5416,0.85281
RPC_US06,1333,0.2781,discharge,-19.208,10.0,9.0,,300.1,3.4536,2.5229,48.455,2.5416,0.85281
RPC_US06,1333,0.2363,discharge,-11.947,2.0,2.0,,300.0,3.4026,2.9306,39.5095,2.5416,0.85281
RPC_US06,1333,0.2363,discharge,-11.947,10.0,9.0,,300.0,3.4026,2.5394,72.2555,2.5416,0.85281
RPC_US06,1333,0.1943,discharge,-7.546,2.0,2.0,,300.0,3.369,2.967,53.275,2.5416,0.85281
RPC_US06,1333,0.1943,discharge,-7.546,10.0,9.0,,300.0,3.369,2.5555,107.809,2.5416,0.85281
RPC_US06,1333,0.169,discharge,-5.486,2.0,2.0,,300.0,3.3236,2.9663,65.1253,2.5416,0.85281
RPC_US06,1333,0.169,discharge,-5.486,10.0,9.01,,300.0,3.3236,2.5656,138.1611,2.5416,0.85281
RPC_US06,1333,0.1564,discharge,-4.613,2.0,2.0,,300.0,3.277,2.9502,70.8379,2.5416,0.85281
RPC_US06,1333,0.1564,discharge,-4.613,10.0,9.0,,300.0,3.277,2.5612,155.1584,2.5416,0.85281
RPC_US06,1333,0.958,charge,2.018,2.0,2.0,,300.0,4.0812,4.15,34.0965,2.5416,0.85281
RPC_US06,1333,0.958,charge,2.018,10.0,9.01,,300.0,4.0812,4.1501,34.1461,2.5416,0.85281
RPC_US06,1333,0.9157,charge,3.002,2.0,2.0,,300.0,4.0617,4.1501,29.4515,2.5416,0.85281
RPC_US06,1333,0.9157,charge,3.002,10.0,9.0,,300.0,4.0617,4.15,29.4181,2.5416,0.85281
RPC_US06,1333,0.8316,charge,7.633,2.0,2.0,,300.0,3.9699,4.1502,23.6219,2.5416,0.85281
RPC_US06,1333,0.8316,charge,7.633,10.0,9.0,,300.0,3.9699,4.15,23.5957,2.5416,0.85281
RPC_US06,1333,0.7471,charge,12.402,2.0,1.0,,300.0,3.8999,4.1503,20.1911,2.5416,0.85281
RPC_US06,1333,0.7471,charge,12.402,10.0,9.0,,300.0,3.8999,4.1501,20.175,2.5416,0.85281
RPC_US06,1333,0.6624,charge,15.001,2.0,1.0,,300.0,3.803,4.064,17.3988,2.5416,0.85281
RPC_US06,1333,0.6624,charge,15.001,10.0,9.01,,300.0,3.803,4.1241,21.4052,2.5416,0.85281
RPC_US06,1333,0.5776,charge,15.001,2.0,2.0,,300.0,3.7122,3.9797,17.8321,2.5416,0.85281
RPC_US06,1333,0.5776,charge,15.001,10.0,9.01,,300.0,3.7122,4.0205,20.552,2.5416,0.85281
RPC_US06,1333,0.4929,charge,15.001,2.0,2.0,,300.0,3.6397,3.9097,17.9988,2.5416,0.85281
RPC_US06,1333,0.4929,charge,15.001,10.0,9.0,,300.0,3.6397,3.9467,20.4653,2.5416,0.85281
RPC_US06,1333,0.4081,charge,15.001,2.0,2.0,,300.0,3.5799,3.8599,18.6654,2.5416,0.85281
RPC_US06,1333,0.4081,charge,15.001,10.0,9.0,,300.0,3.5799,3.8955,21.0386,2.5416,0.85281
RPC_US06,1333,0.3234,charge,15.0,2.0,2.0,,300.0,3.5031,3.7998,19.78,2.5416,0.85281
RPC_US06,1333,0.3234,charge,15.0,10.0,9.0,,300.0,3.5031,3.8414,22.5533,2.5416,0.85281
RPC_US06,1333,0.281,charge,15.0,2.0,2.0,,300.0,3.4527,3.7634,20.7133,2.5416,0.85281
RPC_US06,1333,0.281,charge,15.0,10.0,9.0,,300.0,3.4527,3.8073,23.64,2.5416,0.85281
RPC_US06,1333,0.2386,charge,15.0,2.0,2.0,,300.0,3.4018,3.7175,21.0467,2.5416,0.85281
RPC_US06,1333,0.2386,charge,15.0,10.0,9.0,,300.0,3.4018,3.754,23.48,2.5416,0.85281
RPC_US06,1333,0.1963,charge,15.001,2.0,2.0,,300.0,3.3692,3.6938,21.6386,2.5416,0.85281
RPC_US06,1333,0.1963,charge,15.001,10.0,9.01,,300.0,3.3692,3.7258,23.7717,2.5416,0.85281
RPC_US06,1333,0.1708,charge,15.001,2.0,2.0,,300.0,3.3235,3.6865,24.1984,2.5416,0.85281
RPC_US06,1333,0.1708,charge,15.001,10.0,9.0,,300.0,3.3235,3.726,26.8315,2.5416,0.85281
RPC_US06,1333,0.1581,charge,15.001,2.0,2.0,,300.0,3.2778,3.6652,25.8249,2.5416,0.85281
RPC_US06,1333,0.1581,charge,15.001,10.0,9.0,,300.0,3.2778,3.7227,29.658,2.5416,0.85281
RPC_US06,1333,0.9578,charge,1.898,2.0,2.0,,300.1,4.0809,4.1399,31.0919,2.5416,0.85281
RPC_US06,1333,0.9578,charge,1.898,10.0,9.0,,300.1,4.0809,4.1491,35.9401,2.5416,0.85281
RPC_US06,1333,0.9155,charge,2.798,2.0,2.0,,300.1,4.0615,4.1364,26.7663,2.5416,0.85281
RPC_US06,1333,0.9155,charge,2.798,10.0,9.0,,300.1,4.0615,4.1489,31.2332,2.5416,0.85281
RPC_US06,1333,0.8312,charge,6.966,2.0,2.0,,300.1,3.9696,4.1188,21.4189,2.5416,0.85281
RPC_US06,1333,0.8312,charge,6.966,10.0,9.0,,300.1,3.9696,4.1465,25.3955,2.5416,0.85281
RPC_US06,1333,0.7468,charge,11.601,2.0,2.0,,300.1,3.8997,4.1196,18.9544,2.5416,0.85281
RPC_US06,1333,0.7468,charge,11.601,10.0,9.0,,300.1,3.8997,4.1488,21.4714,2.5416,0.85281
RPC_US06,1333,0.6624,charge,15.079,2.0,2.0,,300.1,3.8029,4.0789,18.3036,2.5416,0.85281
RPC_US06,1333,0.6624,charge,15.079,10.0,9.0,,300.1,3.8029,4.1256,21.4006,2.5416,0.85281
RPC_US06,1333,0.5777,charge,15.056,2.0,2.0,,300.1,3.7119,3.9834,18.0327,2.5416,0.85281
RPC_US06,1333,0.5777,charge,15.056,10.0,9.0,,300.1,3.7119,4.0216,20.5699,2.5416,0.85281
RPC_US06,1333,0.4929,charge,15.052,2.0,2.0,,300.1,3.6396,3.9132,18.1776,2.5416,0.85281
RPC_US06,1333,0.4929,charge,15.052,10.0,9.0,,300.1,3.6396,3.948,20.4897,2.5416,0.85281
RPC_US06,1333,0.4082,charge,15.047,2.0,2.0,,300.1,3.5797,3.8631,18.8337,2.5416,0.85281
RPC_US06,1333,0.4082,charge,15.047,10.0,9.0,,300.1,3.5797,3.8968,21.0733,2.5416,0.85281
RPC_US06,1333,0.3234,charge,15.059,2.0,2.0,,300.1,3.503,3.8037,19.9675,2.5416,0.85281
RPC_US06,1333,0.3234,charge,15.059,10.0,9.0,,300.1,3.503,3.8426,22.5505,2.5416,0.85281
RPC_US06,1333,0.2811,charge,15.063,2.0,2.0,,300.1,3.4526,3.7677,20.9188,2.5416,0.85281
RPC_US06,1333,0.2811,charge,15.063,10.0,9.0,,300.1,3.4526,3.8089,23.654,2.5416,0.85281
RPC_US06,1333,0.2387,charge,15.055,2.0,2.0,,300.1,3.402,3.7212,21.203,2.5416,0.85281
RPC_US06,1333,0.2387,charge,15.055,10.0,9.0,,300.1,3.402,3.7556,23.488,2.5416,0.85281
RPC_US06,1333,0.1963,charge,15.045,2.0,2.0,,300.1,3.3695,3.6971,21.7747,2.5416,0.85281
RPC_US06,1333,0.1963,charge,15.045,10.0,9.0,,300.1,3.3695,3.727,23.762,2.5416,0.85281
RPC_US06,1333,0.1709,charge,15.049,2.0,2.0,,300.1,3.3238,3.6909,24.3928,2.5416,0.85281
RPC_US06,1333,0.1709,charge,15.049,10.0,9.0,,300.1,3.3238,3.7275,26.8248,2.5416,0.85281
RPC_US06,1333,0.1582,charge,15.067,2.0,2.0,,300.1,3.2781,3.6716,26.1158,2.5416,0.85281
RPC_US06,1333,0.1582,charge,15.067,10.0,9.0,,300.1,3.2781,3.7243,29.6134,2.5416,0.85281
RPC_US06,1559,0.9973,discharge,-30.0,2.0,2.0,,5080.1,4.1316,3.4202,23.7133,2.4949,0.83713
RPC_US06,1559,0.9973,discharge,-30.0,10.0,9.0,,5080.1,4.1316,3.3707,25.3633,2.4949,0.83713
RPC_US06,1559,0.9726,charge,2.022,2.0,2.0,,60.0,4.0771,4.15,36.0605,2.4949,0.83713
RPC_US06,1559,0.9726,charge,2.022,10.0,9.0,,60.0,4.0771,4.15,36.0605,2.4949,0.83713
RPC_US06,1559,0.9557,discharge,-30.0,2.0,2.0,,3600.0,4.0854,3.4117,22.4567,2.4949,0.83713
RPC_US06,1559,0.9557,discharge,-30.0,10.0,9.0,,3600.0,4.0854,3.3503,24.5033,2.4949,0.83713
RPC_US06,1559,0.9311,charge,2.86,2.0,2.0,,60.0,4.055,4.15,33.2121,2.4949,0.83713
RPC_US06,1559,0.9311,charge,2.86,10.0,9.0,,60.0,4.055,4.15,33.2121,2.4949,0.83713
RPC_US06,1559,0.9141,discharge,-30.0,2.0,2.0,,3600.0,4.0726,3.413,21.9867,2.4949,0.83713
RPC_US06,1559,0.9141,discharge,-30.0,10.0,9.0,,3600.0,4.0726,3.3338,24.6267,2.4949,0.83713
RPC_US06,1559,0.8898,charge,4.426,2.0,2.0,,60.0,4.0171,4.1501,30.0531,2.4949,0.83713
RPC_US06,1559,0.8898,charge,4.426,10.0,9.0,,60.0,4.0171,4.15,30.0305,2.4949,0.83713
RPC_US06,1559,0.8309,discharge,-30.0,2.0,2.0,,3600.0,3.9938,3.3684,20.8467,2.4949,0.83713
RPC_US06,1559,0.8309,discharge,-30.0,10.0,9.0,,3600.0,3.9938,3.2852,23.62,2.4949,0.83713
RPC_US06,1559,0.8071,charge,9.08,2.0,2.0,,60.0,3.9272,4.1502,24.5595,2.4949,0.83713
RPC_US06,1559,0.8071,charge,9.08,10.0,9.0,,60.0,3.9272,4.1501,24.5485,2.4949,0.83713
RPC_US06,1559,0.7477,discharge,-30.0,2.0,2.0,,3600.0,3.9108,3.3105,20.01,2.4949,0.83713
RPC_US06,1559,0.7477,discharge,-30.0,10.0,9.0,,3600.0,3.9108,3.2282,22.7533,2.4949,0.83713
RPC_US06,1559,0.724,charge,13.809,2.0,1.0,,60.0,3.852,4.1328,20.3346,2.4949,0.83713
RPC_US06,1559,0.724,charge,13.809,10.0,9.0,,60.0,3.852,4.1501,21.5874,2.4949,0.83713
RPC_US06,1559,0.6645,discharge,-30.0,2.0,2.0,,3600.0,3.8157,3.2335,19.4067,2.4949,0.83713
RPC_US06,1559,0.6645,discharge,-30.0,10.0,9.0,,3600.0,3.8157,3.1463,22.3133,2.4949,0.83713
RPC_US06,1559,0.6409,charge,15.0,2.0,2.0,,60.0,3.7647,4.0527,19.2,2.4949,0.83713
RPC_US06,1559,0.6409,charge,15.0,10.0,9.0,,60.0,3.7647,4.0955,22.0533,2.4949,0.83713
RPC_US06,1559,0.5813,discharge,-30.0,2.0,1.0,,3600.0,3.7309,3.1688,18.7367,2.4949,0.83713
RPC_US06,1559,0.5813,discharge,-30.0,10.0,9.0,,3600.0,3.7309,3.0489,22.7333,2.4949,0.83713
RPC_US06,1559,0.5577,charge,15.0,2.0,2.0,,60.0,3.6798,3.9687,19.26,2.4949,0.83713
RPC_US06,1559,0.5577,charge,15.0,10.0,9.0,,60.0,3.6798,4.0135,22.2467,2.4949,0.83713
RPC_US06,1559,0.4981,discharge,-30.0,2.0,2.0,,3600.0,3.6565,3.0606,19.8633,2.4949,0.83713
RPC_US06,1559,0.4981,discharge,-30.0,10.0,9.0,,3600.0,3.6565,2.9557,23.36,2.4949,0.83713
RPC_US06,1559,0.4745,charge,15.0,2.0,2.0,,60.0,3.6101,3.9027,19.5067,2.4949,0.83713
RPC_US06,1559,0.4745,charge,15.0,10.0,9.0,,60.0,3.6101,3.9458,22.38,2.4949,0.83713
RPC_US06,1559,0.4149,discharge,-30.0,2.0,2.0,,3600.0,3.6006,2.9707,20.9967,2.4949,0.83713
RPC_US06,1559,0.4149,discharge,-30.0,10.0,9.0,,3600.0,3.6006,2.8393,25.3767,2.4949,0.83713
RPC_US06,1559,0.3913,charge,15.0,2.0,2.0,,60.0,3.5482,3.8486,20.0267,2.4949,0.83713
RPC_US06,1559,0.3913,charge,15.0,10.0,9.0,,60.0,3.5482,3.8937,23.0333,2.4949,0.83713
RPC_US06,1559,0.3317,discharge,-30.0,2.0,2.0,,3600.0,3.5211,2.763,25.27,2.4949,0.83713
RPC_US06,1559,0.3317,discharge,-30.0,10.0,9.0,,3600.0,3.5211,2.5495,32.3867,2.4949,0.83713
RPC_US06,1559,0.3083,charge,15.0,2.0,2.0,,60.0,3.4669,3.7727,20.3867,2.4949,0.83713
RPC_US06,1559,0.3083,charge,15.0,10.0,9.0,,60.0,3.4669,3.8194,23.5,2.4949,0.83713
RPC_US06,1559,0.2901,discharge,-22.885,2.0,2.0,,3600.0,3.4709,2.5477,40.3408,2.4949,0.83713
RPC_US06,1559,0.2901,discharge,-22.885,10.0,9.0,,3600.0,3.4709,2.5499,40.2447,2.4949,0.83713
RPC_US06,1559,0.2716,charge,15.0,2.0,2.0,,60.0,3.428,3.737,20.6,2.4949,0.83713
RPC_US06,1559,0.2716,charge,15.0,10.0,9.0,,60.0,3.428,3.7805,23.5,2.4949,0.83713
RPC_US06,1559,0.2486,discharge,-13.703,2.0,2.0,,3600.0,3.4219,2.5491,63.6941,2.4949,0.83713
RPC_US06,1559,0.2486,discharge,-13.703,10.0,9.0,,3600.0,3.4219,2.5498,63.643,2.4949,0.83713
RPC_US06,1559,0.2372,charge,15.0,2.0,2.0,,60.0,3.3986,3.725,21.76,2.4949,0.83713
RPC_US06,1559,0.2372,charge,15.0,10.0,9.0,,60.0,3.3986,3.7593,24.0467,2.4949,0.83713
RPC_US06,1559,0.207,discharge,-7.768,2.0,2.0,,3600.0,3.3928,2.5494,108.575,2.4949,0.83713
RPC_US06,1559,0.207,discharge,-7.768,10.0,9.0,,3600.0,3.3928,2.5499,108.5107,2.4949,0.83713
RPC_US06,1559,0.2009,charge,15.0,2.0,1.0,,60.0,3.363,3.707,22.9333,2.4949,0.83713
RPC_US06,1559,0.2009,charge,15.0,10.0,9.0,,60.0,3.363,3.7536,26.04,2.4949,0.83713
RPC_US06,1559,0.1822,discharge,-5.614,2.0,2.0,,3600.0,3.3635,2.5496,144.9743,2.4949,0.83713
RPC_US06,1559,0.1822,discharge,-5.614,10.0,9.0,,3600.0,3.3635,2.5499,144.9208,2.4949,0.83713
RPC_US06,1559,0.1781,charge,15.001,2.0,2.0,,60.0,3.3134,3.6979,25.6316,2.4949,0.83713
RPC_US06,1559,0.1781,charge,15.001,10.0,9.0,,60.0,3.3134,3.7461,28.8447,2.4949,0.83713
RPC_US06,1559,0.1698,discharge,-4.663,2.0,2.0,,3600.0,3.3266,2.5495,166.6381,2.4949,0.83713
RPC_US06,1559,0.1698,discharge,-4.663,10.0,9.0,,3600.0,3.3266,2.55,166.5309,2.4949,0.83713
RPC_US06,1559,0.1666,charge,15.001,2.0,2.0,,60.0,3.2666,3.6664,26.6516,2.4949,0.83713
RPC_US06,1559,0.1666,charge,15.001,10.0,9.0,,60.0,3.2666,3.7354,31.2512,2.4949,0.83713
RPC_US06,1559,0.9973,discharge,-30.0,2.0,2.0,,2674.5,4.1488,3.4291,23.99,2.4949,0.83713
RPC_US06,1559,0.9973,discharge,-30.0,10.0,9.0,,2674.5,4.1488,3.3789,25.6633,2.4949,0.83713
RPC_US06,1559,0.9557,discharge,-30.0,2.0,2.0,,300.0,4.0808,3.4402,21.3533,2.4949,0.83713
RPC_US06,1559,0.9557,discharge,-30.0,10.0,9.0,,300.0,4.0808,3.3679,23.7633,2.4949,0.83713
RPC_US06,1559,0.9141,discharge,-30.0,2.0,2.0,,300.0,4.0592,3.4383,20.6967,2.4949,0.83713
RPC_US06,1559,0.9141,discharge,-30.0,10.0,9.0,,300.0,4.0592,3.3533,23.53,2.4949,0.83713
RPC_US06,1559,0.8309,discharge,-30.0,2.0,2.0,,300.0,3.9633,3.3801,19.44,2.4949,0.83713
RPC_US06,1559,0.8309,discharge,-30.0,10.0,9.0,,300.0,3.9633,3.2992,22.1367,2.4949,0.83713
RPC_US06,1559,0.7477,discharge,-30.0,2.0,2.0,,300.0,3.8929,3.3221,19.0267,2.4949,0.83713
RPC_US06,1559,0.7477,discharge,-30.0,10.0,9.0,,300.0,3.8929,3.2353,21.92,2.4949,0.83713
RPC_US06,1559,0.6645,discharge,-30.0,2.0,2.0,,300.0,3.7898,3.2323,18.5833,2.4949,0.83713
RPC_US06,1559,0.6645,discharge,-30.0,10.0,9.0,,300.0,3.7898,3.1433,21.55,2.4949,0.83713
RPC_US06,1559,0.5813,discharge,-30.0,2.0,2.0,,300.0,3.6999,3.1357,18.8067,2.4949,0.83713
RPC_US06,1559,0.5813,discharge,-30.0,10.0,9.0,,300.0,3.6999,3.0407,21.9733,2.4949,0.83713
RPC_US06,1559,0.4981,discharge,-30.0,2.0,1.0,,300.0,3.6309,3.0733,18.5867,2.4949,0.83713
RPC_US06,1559,0.4981,discharge,-30.0,10.0,9.0,,300.0,3.6309,2.9386,23.0767,2.4949,0.83713
RPC_US06,1559,0.4149,discharge,-30.0,2.0,2.0,,300.0,3.5712,2.9314,21.3267,2.4949,0.83713
RPC_US06,1559,0.4149,discharge,-30.0,10.0,9.01,,300.0,3.5712,2.779,26.4067,2.4949,0.83713
RPC_US06,1559,0.3317,discharge,-25.709,2.0,2.0,,300.0,3.4947,2.6198,34.0315,2.4949,0.83713
RPC_US06,1559,0.3317,discharge,-25.709,10.0,9.0,,300.0,3.4947,2.5498,36.7544,2.4949,0.83713
RPC_US06,1559,0.2901,discharge,-17.395,2.0,2.0,,300.0,3.4467,2.549,51.6053,2.4949,0.83713
RPC_US06,1559,0.2901,discharge,-17.395,10.0,9.0,,300.0,3.4467,2.5499,51.5536,2.4949,0.83713
RPC_US06,1559,0.2485,discharge,-10.544,2.0,2.0,,300.0,3.3996,2.5494,80.6297,2.4949,0.83713
RPC_US06,1559,0.2485,discharge,-10.544,10.0,9.0,,300.0,3.3996,2.5499,80.5823,2.4949,0.83713
RPC_US06,1559,0.2071,discharge,-6.42,2.0,2.0,,300.0,3.3675,2.5495,127.4243,2.4949,0.83713
RPC_US06,1559,0.2071,discharge,-6.42,10.0,9.0,,300.0,3.3675,2.55,127.3464,2.4949,0.83713
RPC_US06,1559,0.1824,discharge,-4.399,2.0,2.0,,300.0,3.3242,2.5496,176.0735,2.4949,0.83713
RPC_US06,1559,0.1824,discharge,-4.399,10.0,9.0,,300.0,3.3242,2.5499,176.0053,2.4949,0.83713
RPC_US06,1559,0.1701,discharge,-3.53,2.0,2.0,,300.0,3.2821,2.5497,207.467,2.4949,0.83713
RPC_US06,1559,0.1701,discharge,-3.53,10.0,9.0,,300.0,3.2821,2.5499,207.4103,2.4949,0.83713
RPC_US06,1559,0.9974,discharge,-29.822,2.0,2.0,,2672.0,4.1485,3.4354,23.9115,2.4949,0.83713
RPC_US06,1559,0.9974,discharge,-29.822,10.0,9.0,,2672.0,4.1485,3.3777,25.8463,2.4949,0.83713
RPC_US06,1559,0.9558,discharge,-29.721,2.0,2.0,,300.0,4.0807,3.4499,21.2241,2.4949,0.83713
RPC_US06,1559,0.9558,discharge,-29.721,10.0,9.0,,300.0,4.0807,3.3673,24.0032,2.4949,0.83713
RPC_US06,1559,0.9142,discharge,-29.662,2.0,2.0,,300.0,4.0589,3.4499,20.5313,2.4949,0.83713
RPC_US06,1559,0.9142,discharge,-29.662,10.0,9.0,,300.0,4.0589,3.3532,23.7914,2.4949,0.83713
RPC_US06,1559,0.831,discharge,-29.663,2.0,2.0,,300.0,3.9628,3.3913,19.2664,2.4949,0.83713
RPC_US06,1559,0.831,discharge,-29.663,10.0,9.0,,300.0,3.9628,3.2995,22.3612,2.4949,0.83713
RPC_US06,1559,0.7478,discharge,-29.614,2.0,2.0,,300.0,3.8925,3.3347,18.836,2.4949,0.83713
RPC_US06,1559,0.7478,discharge,-29.614,10.0,9.0,,300.0,3.8925,3.2359,22.1723,2.4949,0.83713
RPC_US06,1559,0.6646,discharge,-29.594,2.0,2.0,,300.0,3.7892,3.2458,18.3618,2.4949,0.83713
RPC_US06,1559,0.6646,discharge,-29.594,10.0,9.0,,300.0,3.7892,3.1444,21.7882,2.4949,0.83713
RPC_US06,1559,0.5815,discharge,-29.534,2.0,2.0,,300.0,3.6995,3.1517,18.5481,2.4949,0.83713
RPC_US06,1559,0.5815,discharge,-29.534,10.0,9.0,,300.0,3.6995,3.0426,22.2422,2.4949,0.83713
RPC_US06,1559,0.4983,discharge,-29.42,2.0,2.0,,300.0,3.6306,3.0685,19.1061,2.4949,0.83713
RPC_US06,1559,0.4983,discharge,-29.42,10.0,9.01,,300.0,3.6306,2.9416,23.4194,2.4949,0.83713
RPC_US06,1559,0.4152,discharge,-29.074,2.0,2.0,,300.0,3.5708,2.9653,20.8265,2.4949,0.83713
RPC_US06,1559,0.4152,discharge,-29.074,10.0,9.0,,300.0,3.5708,2.7851,27.0246,2.4949,0.83713
RPC_US06,1559,0.3328,discharge,-20.469,2.0,2.0,,300.0,3.4938,2.921,27.9838,2.4949,0.83713
RPC_US06,1559,0.3328,discharge,-20.469,10.0,9.0,,300.0,3.4938,2.6414,41.6435,2.4949,0.83713
RPC_US06,1559,0.2917,discharge,-13.892,2.0,2.0,,300.0,3.4439,2.9533,35.3153,2.4949,0.83713
RPC_US06,1559,0.2917,discharge,-13.892,10.0,9.0,,300.0,3.4439,2.6569,56.6513,2.4949,0.83713
RPC_US06,1559,0.2506,discharge,-8.274,2.0,2.0,,300.0,3.3971,2.9999,48.0064,2.4949,0.83713
RPC_US06,1559,0.2506,discharge,-8.274,10.0,9.0,,300.0,3.3971,2.7095,83.1047,2.4949,0.83713
RPC_US06,1559,0.2093,discharge,-4.797,2.0,2.0,,300.0,3.3648,3.0727,60.8884,2.4949,0.83713
RPC_US06,1559,0.2093,discharge,-4.797,10.0,9.0,,300.0,3.3648,2.794,118.9836,2.4949,0.83713
RPC_US06,1559,0.1845,discharge,-3.212,2.0,2.0,,300.0,3.3157,3.0808,73.1206,2.4949,0.83713
RPC_US06,1559,0.1845,discharge,-3.212,10.0,9.0,,300.0,3.3157,2.8314,150.7549,2.4949,0.83713
RPC_US06,1559,0.172,discharge,-2.558,2.0,2.0,,300.0,3.2673,3.0639,79.5246,2.4949,0.83713
RPC_US06,1559,0.172,discharge,-2.558,10.0,9.01,,300.0,3.2673,2.8389,167.4942,2.4949,0.83713
RPC_US06,1559,0.9974,discharge,-29.871,2.0,2.0,,2699.5,4.1481,3.43,24.04,2.4949,0.83713
RPC_US06,1559,0.9974,discharge,-29.871,10.0,9.0,,2699.5,4.1481,3.3725,25.965,2.4949,0.83713
RPC_US06,1559,0.9558,discharge,-29.765,2.0,1.0,,300.0,4.0804,3.4668,20.6145,2.4949,0.83713
RPC_US06,1559,0.9558,discharge,-29.765,10.0,9.0,,300.0,4.0804,3.3623,24.1252,2.4949,0.83713
RPC_US06,1559,0.9142,discharge,-29.702,2.0,2.0,,300.0,4.0584,3.4456,20.6316,2.4949,0.83713
RPC_US06,1559,0.9142,discharge,-29.702,10.0,9.0,,300.0,4.0584,3.3486,23.8974,2.4949,0.83713
RPC_US06,1559,0.831,discharge,-29.699,2.0,2.0,,300.0,3.962,3.3872,19.3542,2.4949,0.83713
RPC_US06,1559,0.831,discharge,-29.699,10.0,9.0,,300.0,3.962,3.2952,22.4519,2.4949,0.83713
RPC_US06,1559,0.7478,discharge,-29.652,2.0,2.0,,300.0,3.8918,3.3305,18.9293,2.4949,0.83713
RPC_US06,1559,0.7478,discharge,-29.652,10.0,9.0,,300.0,3.8918,3.2316,22.2646,2.4949,0.83713
RPC_US06,1559,0.6646,discharge,-29.633,2.0,2.0,,300.0,3.788,3.2418,18.4322,2.4949,0.83713
RPC_US06,1559,0.6646,discharge,-29.633,10.0,9.0,,300.0,3.788,3.1396,21.881,2.4949,0.83713
RPC_US06,1559,0.5814,discharge,-29.577,2.0,2.0,,300.0,3.6985,3.1477,18.6226,2.4949,0.83713
RPC_US06,1559,0.5814,discharge,-29.577,10.0,9.0,,300.0,3.6985,3.0382,22.3248,2.4949,0.83713
RPC_US06,1559,0.4983,discharge,-29.465,2.0,2.0,,300.0,3.6299,3.0647,19.1824,2.4949,0.83713
RPC_US06,1559,0.4983,discharge,-29.465,10.0,9.0,,300.0,3.6299,2.9372,23.5096,2.4949,0.83713
RPC_US06,1559,0.4152,discharge,-29.138,2.0,1.0,,300.0,3.5702,2.9954,19.7268,2.4949,0.83713
RPC_US06,1559,0.4152,discharge,-29.138,10.0,9.01,,300.0,3.5702,2.778,27.1879,2.4949,0.83713
RPC_US06,1559,0.3327,discharge,-22.54,2.0,2.0,,300.0,3.493,2.8668,27.7817,2.4949,0.83713
RPC_US06,1559,0.3327,discharge,-22.54,10.0,9.0,,300.0,3.493,2.5328,42.5998,2.4949,0.83713
RPC_US06,1559,0.2916,discharge,-15.636,2.0,2.0,,300.0,3.4436,2.8995,34.7979,2.4949,0.83713
RPC_US06,1559,0.2916,discharge,-15.636,10.0,9.0,,300.0,3.4436,2.545,57.4699,2.4949,0.83713
RPC_US06,1559,0.2505,discharge,-10.02,2.0,2.0,,300.0,3.3971,2.9239,47.2267,2.4949,0.83713
RPC_US06,1559,0.2505,discharge,-10.02,10.0,9.0,,300.0,3.3971,2.56,83.545,2.4949,0.83713
RPC_US06,1559,0.2092,discharge,-6.653,2.0,2.0,,300.0,3.3646,2.9678,59.6459,2.4949,0.83713
RPC_US06,1559,0.2092,discharge,-6.653,10.0,9.0,,300.0,3.3646,2.5749,118.7055,2.4949,0.83713
RPC_US06,1559,0.1843,discharge,-4.896,2.0,2.0,,300.0,3.3149,2.9674,70.9807,2.4949,0.83713
RPC_US06,1559,0.1843,discharge,-4.896,10.0,9.0,,300.0,3.3149,2.5837,149.3556,2.4949,0.83713
RPC_US06,1559,0.1719,discharge,-4.122,2.0,2.0,,300.0,3.2661,2.9496,76.7747,2.4949,0.83713
RPC_US06,1559,0.1719,discharge,-4.122,10.0,9.0,,300.0,3.2661,2.5792,166.6242,2.4949,0.83713
RPC_US06,1559,0.9587,charge,1.703,2.0,2.0,,300.0,4.0795,4.15,41.3902,2.4949,0.83713
RPC_US06,1559,0.9587,charge,1.703,10.0,9.0,,300.0,4.0795,4.15,41.3902,2.4949,0.83713
RPC_US06,1559,0.9173,charge,2.69,2.0,2.0,,300.0,4.055,4.1501,35.3505,2.4949,0.83713
RPC_US06,1559,0.9173,charge,2.69,10.0,9.0,,300.0,4.055,4.15,35.3134,2.4949,0.83713
RPC_US06,1559,0.8346,charge,7.199,2.0,2.0,,300.0,3.9585,4.1501,26.6152,2.4949,0.83713
RPC_US06,1559,0.8346,charge,7.199,10.0,9.0,,300.0,3.9585,4.1501,26.6152,2.4949,0.83713
RPC_US06,1559,0.7518,charge,11.322,2.0,2.0,,300.0,3.8912,4.1502,22.8748,2.4949,0.83713
RPC_US06,1559,0.7518,charge,11.322,10.0,9.0,,300.0,3.8912,4.15,22.8571,2.4949,0.83713
RPC_US06,1559,0.6686,charge,15.001,2.0,2.0,,300.0,3.7871,4.0873,20.012,2.4949,0.83713
RPC_US06,1559,0.6686,charge,15.001,10.0,9.0,,300.0,3.7871,4.1361,23.2651,2.4949,0.83713
RPC_US06,1559,0.5854,charge,15.001,2.0,2.0,,300.0,3.6991,3.9972,19.872,2.4949,0.83713
RPC_US06,1559,0.5854,charge,15.001,10.0,9.0,,300.0,3.6991,4.0385,22.6252,2.4949,0.83713
RPC_US06,1559,0.5022,charge,15.001,2.0,2.0,,300.0,3.6305,3.9329,20.1587,2.4949,0.83713
RPC_US06,1559,0.5022,charge,15.001,10.0,9.0,,300.0,3.6305,3.9697,22.6118,2.4949,0.83713
RPC_US06,1559,0.419,charge,15.001,2.0,1.0,,300.0,3.5704,3.8759,20.3653,2.4949,0.83713
RPC_US06,1559,0.419,charge,15.001,10.0,9.0,,300.0,3.5704,3.9211,23.3784,2.4949,0.83713
RPC_US06,1559,0.3358,charge,15.0,2.0,2.0,,300.0,3.4925,3.8259,22.2267,2.4949,0.83713
RPC_US06,1559,0.3358,charge,15.0,10.0,9.0,,300.0,3.4925,3.8678,25.02,2.4949,0.83713
RPC_US06,1559,0.2942,charge,15.001,2.0,2.0,,300.0,3.4427,3.7878,23.0051,2.4949,0.83713
RPC_US06,1559,0.2942,charge,15.001,10.0,9.0,,300.0,3.4427,3.8329,26.0116,2.4949,0.83713
RPC_US06,1559,0.2527,charge,15.0,2.0,2.0,,300.0,3.3971,3.7439,23.12,2.4949,0.83713
RPC_US06,1559,0.2527,charge,15.0,10.0,9.0,,300.0,3.3971,3.7807,25.5733,2.4949,0.83713
RPC_US06,1559,0.211,charge,15.001,2.0,2.0,,300.0,3.3651,3.7204,23.6851,2.4949,0.83713
RPC_US06,1559,0.211,charge,15.001,10.0,9.01,,300.0,3.3651,3.7541,25.9316,2.4949,0.83713
RPC_US06,1559,0.1861,charge,15.0,2.0,2.0,,300.0,3.3149,3.7121,26.48,2.4949,0.83713
RPC_US06,1559,0.1861,charge,15.0,10.0,9.0,,300.0,3.3149,3.7556,29.38,2.4949,0.83713
RPC_US06,1559,0.1736,charge,15.001,2.0,2.0,,300.0,3.2666,3.6886,28.1315,2.4949,0.83713
RPC_US06,1559,0.1736,charge,15.001,10.0,9.0,,300.0,3.2666,3.7518,32.3445,2.4949,0.83713
RPC_US06,1559,0.9586,charge,1.607,2.0,2.0,,300.1,4.0795,4.1398,37.5257,2.4949,0.83713
RPC_US06,1559,0.9586,charge,1.607,10.0,9.0,,300.1,4.0795,4.1489,43.1887,2.4949,0.83713
RPC_US06,1559,0.917,charge,2.497,2.0,2.0,,300.1,4.0549,4.1344,31.842,2.4949,0.83713
RPC_US06,1559,0.917,charge,2.497,10.0,9.0,,300.1,4.0549,4.1482,37.3693,2.4949,0.83713
RPC_US06,1559,0.8342,charge,6.599,2.0,2.0,,300.1,3.9582,4.119,24.3688,2.4949,0.83713
RPC_US06,1559,0.8342,charge,6.599,10.0,9.0,,300.1,3.9582,4.1465,28.5364,2.4949,0.83713
RPC_US06,1559,0.7514,charge,10.62,2.0,1.0,,300.1,3.8911,4.1128,20.8767,2.4949,0.83713
RPC_US06,1559,0.7514,charge,10.62,10.0,9.01,,300.1,3.8911,4.1489,24.2761,2.4949,0.83713
RPC_US06,1559,0.6686,charge,15.067,2.0,2.0,,300.1,3.7869,4.0915,20.2157,2.4949,0.83713
RPC_US06,1559,0.6686,charge,15.067,10.0,9.0,,300.1,3.7869,4.1378,23.2885,2.4949,0.83713
RPC_US06,1559,0.5855,charge,15.056,2.0,2.0,,300.1,3.6989,4.0009,20.0584,2.4949,0.83713
RPC_US06,1559,0.5855,charge,15.056,10.0,9.0,,300.1,3.6989,4.0398,22.6421,2.4949,0.83713
RPC_US06,1559,0.5023,charge,15.05,2.0,2.0,,300.1,3.6305,3.9363,20.3189,2.4949,0.83713
RPC_US06,1559,0.5023,charge,15.05,10.0,9.01,,300.1,3.6305,3.9709,22.6179,2.4949,0.83713
RPC_US06,1559,0.4191,charge,15.046,2.0,2.0,,300.1,3.5703,3.8889,21.1744,2.4949,0.83713
RPC_US06,1559,0.4191,charge,15.046,10.0,9.0,,300.1,3.5703,3.9223,23.3941,2.4949,0.83713
RPC_US06,1559,0.3359,charge,15.059,2.0,2.0,,300.1,3.4925,3.8301,22.4177,2.4949,0.83713
RPC_US06,1559,0.3359,charge,15.059,10.0,9.0,,300.1,3.4925,3.8691,25.0075,2.4949,0.83713
RPC_US06,1559,0.2943,charge,15.063,2.0,2.0,,300.1,3.4429,3.7923,23.1959,2.4949,0.83713
RPC_US06,1559,0.2943,charge,15.063,10.0,9.01,,300.1,3.4429,3.8345,25.9975,2.4949,0.83713
RPC_US06,1559,0.2527,charge,15.052,2.0,1.0,,300.1,3.397,3.7391,22.7279,2.4949,0.83713
RPC_US06,1559,0.2527,charge,15.052,10.0,9.0,,300.1,3.397,3.7821,25.5846,2.4949,0.83713
RPC_US06,1559,0.2111,charge,15.046,2.0,1.0,,300.1,3.3652,3.7148,23.2362,2.4949,0.83713
RPC_US06,1559,0.2111,charge,15.046,10.0,9.01,,300.1,3.3652,3.7553,25.928,2.4949,0.83713
RPC_US06,1559,0.1862,charge,15.051,2.0,2.0,,300.1,3.3153,3.717,26.6893,2.4949,0.83713
RPC_US06,1559,0.1862,charge,15.051,10.0,9.0,,300.1,3.3153,3.7571,29.3535,2.4949,0.83713
RPC_US06,1559,0.1737,charge,15.076,2.0,2.0,,300.1,3.2676,3.6959,28.4094,2.4949,0.83713
RPC_US06,1559,0.1737,charge,15.076,10.0,9.0,,300.1,3.2676,3.7538,32.2499,2.4949,0.83713
RPC_US06,1685,0.9973,discharge,-30.0,2.0,2.0,,5445.4,4.123,3.3515,25.7167,2.4378,0.81798
RPC_US06,1685,0.9973,discharge,-30.0,10.0,9.0,,5445.4,4.123,3.301,27.4,2.4378,0.81798
RPC_US06,1685,0.9726,charge,1.725,2.0,2.0,,60.0,4.0697,4.15,46.5507,2.4378,0.81798
RPC_US06,1685,0.9726,charge,1.725,10.0,9.0,,60.0,4.0697,4.1499,46.4928,2.4378,0.81798
RPC_US06,1685,0.9566,discharge,-30.0,2.0,2.0,,3600.0,4.0815,3.3466,24.4967,2.4378,0.81798
RPC_US06,1685,0.9566,discharge,-30.0,10.0,9.0,,3600.0,4.0815,3.2795,26.7333,2.4378,0.81798
RPC_US06,1685,0.9321,charge,2.744,2.0,1.0,,60.0,4.0376,4.1501,40.9941,2.4378,0.81798
RPC_US06,1685,0.9321,charge,2.744,10.0,9.0,,60.0,4.0376,4.15,40.9576,2.4378,0.81798
RPC_US06,1685,0.916,discharge,-30.0,2.0,2.0,,3600.0,4.068,3.3464,24.0533,2.4378,0.81798
RPC_US06,1685,0.916,discharge,-30.0,10.0,9.0,,3600.0,4.068,3.2636,26.8133,2.4378,0.81798
RPC_US06,1685,0.8917,charge,4.384,2.0,2.0,,60.0,3.9941,4.1501,35.5848,2.4378,0.81798
RPC_US06,1685,0.8917,charge,4.384,10.0,9.0,,60.0,3.9941,4.15,35.5619,2.4378,0.81798
RPC_US06,1685,0.8347,discharge,-30.0,2.0,1.0,,3600.0,3.9727,3.317,21.8567,2.4378,0.81798
RPC_US06,1685,0.8347,discharge,-30.0,10.0,9.0,,3600.0,3.9727,3.2112,25.3833,2.4378,0.81798
RPC_US06,1685,0.8109,charge,8.584,2.0,2.0,,60.0,3.908,4.1502,28.2169,2.4378,0.81798
RPC_US06,1685,0.8109,charge,8.584,10.0,9.0,,60.0,3.908,4.15,28.1936,2.4378,0.81798
RPC_US06,1685,0.7534,discharge,-30.0,2.0,2.0,,3600.0,3.8989,3.2394,21.9833,2.4378,0.81798
RPC_US06,1685,0.7534,discharge,-30.0,10.0,9.0,,3600.0,3.8989,3.152,24.8967,2.4378,0.81798
RPC_US06,1685,0.7298,charge,12.926,2.0,2.0,,60.0,3.8298,4.1501,24.7795,2.4378,0.81798
RPC_US06,1685,0.7298,charge,12.926,10.0,9.0,,60.0,3.8298,4.1501,24.7795,2.4378,0.81798
RPC_US06,1685,0.6721,discharge,-30.0,2.0,2.0,,3600.0,3.7955,3.1537,21.3933,2.4378,0.81798
RPC_US06,1685,0.6721,discharge,-30.0,10.0,9.0,,3600.0,3.7955,3.0619,24.4533,2.4378,0.81798
RPC_US06,1685,0.6485,charge,15.0,2.0,2.0,,60.0,3.741,4.0697,21.9133,2.4378,0.81798
RPC_US06,1685,0.6485,charge,15.0,10.0,9.0,,60.0,3.741,4.1156,24.9733,2.4378,0.81798
RPC_US06,1685,0.5908,discharge,-30.0,2.0,2.0,,3600.0,3.7128,3.0649,21.5967,2.4378,0.81798
RPC_US06,1685,0.5908,discharge,-30.0,10.0,9.0,,3600.0,3.7128,2.9643,24.95,2.4378,0.81798
RPC_US06,1685,0.5672,charge,15.001,2.0,2.0,,60.0,3.6595,3.9881,21.9052,2.4378,0.81798
RPC_US06,1685,0.5672,charge,15.001,10.0,9.0,,60.0,3.6595,4.0337,24.945,2.4378,0.81798
RPC_US06,1685,0.5095,discharge,-30.0,2.0,1.0,,3600.0,3.6444,3.0058,21.2867,2.4378,0.81798
RPC_US06,1685,0.5095,discharge,-30.0,10.0,9.0,,3600.0,3.6444,2.8659,25.95,2.4378,0.81798
RPC_US06,1685,0.4859,charge,15.001,2.0,2.0,,60.0,3.5948,3.9279,22.2052,2.4378,0.81798
RPC_US06,1685,0.4859,charge,15.001,10.0,9.0,,60.0,3.5948,3.9722,25.1583,2.4378,0.81798
RPC_US06,1685,0.4282,discharge,-30.0,2.0,2.0,,3600.0,3.5892,2.8707,23.95,2.4378,0.81798
RPC_US06,1685,0.4282,discharge,-30.0,10.0,9.0,,3600.0,3.5892,2.7134,29.1933,2.4378,0.81798
RPC_US06,1685,0.4046,charge,15.001,2.0,2.0,,60.0,3.5334,3.8721,22.5785,2.4378,0.81798
RPC_US06,1685,0.4046,charge,15.001,10.0,9.0,,60.0,3.5334,3.9186,25.6783,2.4378,0.81798
RPC_US06,1685,0.3469,discharge,-24.985,2.0,2.0,,3600.0,3.5069,2.5734,37.3624,2.4378,0.81798
RPC_US06,1685,0.3469,discharge,-24.985,10.0,9.0,,3600.0,3.5069,2.5497,38.311,2.4378,0.81798
RPC_US06,1685,0.327,charge,15.001,2.0,2.0,,60.0,3.4571,3.8036,23.0985,2.4378,0.81798
RPC_US06,1685,0.327,charge,15.001,10.0,9.0,,60.0,3.4571,3.8528,26.3782,2.4378,0.81798
RPC_US06,1685,0.3063,discharge,-17.158,2.0,2.0,,3600.0,3.4567,2.5492,52.8908,2.4378,0.81798
RPC_US06,1685,0.3063,discharge,-17.158,10.0,9.0,,3600.0,3.4567,2.5498,52.8558,2.4378,0.81798
RPC_US06,1685,0.2921,charge,15.001,2.0,2.0,,60.0,3.4203,3.775,23.6451,2.4378,0.81798
RPC_US06,1685,0.2921,charge,15.001,10.0,9.0,,60.0,3.4203,3.8201,26.6516,2.4378,0.81798
RPC_US06,1685,0.2657,discharge,-10.665,2.0,2.0,,3600.0,3.4133,2.5494,81.0033,2.4378,0.81798
RPC_US06,1685,0.2657,discharge,-10.665,10.0,9.0,,3600.0,3.4133,2.5499,80.9564,2.4378,0.81798
RPC_US06,1685,0.2571,charge,15.001,2.0,2.0,,60.0,3.3914,3.7646,24.8783,2.4378,0.81798
RPC_US06,1685,0.2571,charge,15.001,10.0,9.0,,60.0,3.3914,3.8008,27.2915,2.4378,0.81798
RPC_US06,1685,0.2252,discharge,-6.594,2.0,2.0,,3600.0,3.385,2.5495,126.7061,2.4378,0.81798
RPC_US06,1685,0.2252,discharge,-6.594,10.0,9.0,,3600.0,3.385,2.5499,126.6454,2.4378,0.81798
RPC_US06,1685,0.2202,charge,15.001,2.0,2.0,,60.0,3.3519,3.7555,26.9049,2.4378,0.81798
RPC_US06,1685,0.2202,charge,15.001,10.0,9.0,,60.0,3.3519,3.7944,29.498,2.4378,0.81798
RPC_US06,1685,0.2009,discharge,-4.901,2.0,2.0,,3600.0,3.3492,2.5496,163.1504,2.4378,0.81798
RPC_US06,1685,0.2009,discharge,-4.901,10.0,9.0,,3600.0,3.3492,2.55,163.0688,2.4378,0.81798
RPC_US06,1685,0.1975,charge,15.001,2.0,2.0,,60.0,3.2944,3.7277,28.8847,2.4378,0.81798
RPC_US06,1685,0.1975,charge,15.001,10.0,9.0,,60.0,3.2944,3.785,32.7045,2.4378,0.81798
RPC_US06,1685,0.1889,discharge,-4.029,2.0,2.0,,3600.0,3.3011,2.5496,186.5088,2.4378,0.81798
RPC_US06,1685,0.1889,discharge,-4.029,10.0,9.0,,3600.0,3.3011,2.55,186.4096,2.4378,0.81798
RPC_US06,1685,0.1863,charge,15.001,2.0,2.0,,60.0,3.2395,3.6871,29.838,2.4378,0.81798
RPC_US06,1685,0.1863,charge,15.001,10.0,9.0,,60.0,3.2395,3.768,35.231,2.4378,0.81798
RPC_US06,1685,0.9973,discharge,-30.0,2.0,1.0,,3021.7,4.1413,3.3773,25.4667,2.4378,0.81798
RPC_US06,1685,0.9973,discharge,-30.0,10.0,9.01,,3021.7,4.1413,3.3102,27.7033,2.4378,0.81798
RPC_US06,1685,0.9566,discharge,-30.0,2.0,2.0,,300.0,4.0776,3.3754,23.4067,2.4378,0.81798
RPC_US06,1685,0.9566,discharge,-30.0,10.0,9.0,,300.0,4.0776,3.2997,25.93,2.4378,0.81798
RPC_US06,1685,0.916,discharge,-30.0,2.0,1.0,,300.0,4.0477,3.3956,21.7367,2.4378,0.81798
RPC_US06,1685,0.916,discharge,-30.0,10.0,9.01,,300.0,4.0477,3.2862,25.3833,2.4378,0.81798
RPC_US06,1685,0.8347,discharge,-30.0,2.0,2.0,,300.0,3.9454,3.3124,21.1,2.4378,0.81798
RPC_US06,1685,0.8347,discharge,-30.0,10.0,9.0,,300.0,3.9454,3.2299,23.85,2.4378,0.81798
RPC_US06,1685,0.7534,discharge,-30.0,2.0,2.0,,300.0,3.8754,3.2493,20.87,2.4378,0.81798
RPC_US06,1685,0.7534,discharge,-30.0,10.0,9.0,,300.0,3.8754,3.1585,23.8967,2.4378,0.81798
RPC_US06,1685,0.6721,discharge,-30.0,2.0,2.0,,300.0,3.7641,3.1499,20.4733,2.4378,0.81798
RPC_US06,1685,0.6721,discharge,-30.0,10.0,9.0,,300.0,3.7641,3.0581,23.5333,2.4378,0.81798
RPC_US06,1685,0.5908,discharge,-30.0,2.0,1.0,,300.0,3.6779,3.0784,19.9833,2.4378,0.81798
RPC_US06,1685,0.5908,discharge,-30.0,10.0,9.01,,300.0,3.6779,2.9544,24.1167,2.4378,0.81798
RPC_US06,1685,0.5095,discharge,-30.0,2.0,2.0,,300.0,3.6139,2.9577,21.8733,2.4378,0.81798
RPC_US06,1685,0.5095,discharge,-30.0,10.0,9.0,,300.0,3.6139,2.8347,25.9733,2.4378,0.81798
RPC_US06,1685,0.4282,discharge,-30.0,2.0,2.0,,300.0,3.5536,2.7918,25.3933,2.4378,0.81798
RPC_US06,1685,0.4282,discharge,-30.0,10.0,9.0,,300.0,3.5536,2.5967,31.8967,2.4378,0.81798
RPC_US06,1685,0.3469,discharge,-19.225,2.0,2.0,,300.0,3.4762,2.549,48.2289,2.4378,0.81798
RPC_US06,1685,0.3469,discharge,-19.225,10.0,9.0,,300.0,3.4762,2.5499,48.1821,2.4378,0.81798
RPC_US06,1685,0.3063,discharge,-13.367,2.0,2.0,,300.0,3.4293,2.5494,65.8288,2.4378,0.81798
RPC_US06,1685,0.3063,discharge,-13.367,10.0,9.0,,300.0,3.4293,2.5499,65.7913,2.4378,0.81798
RPC_US06,1685,0.2657,discharge,-8.75,2.0,2.0,,300.0,3.3893,2.5496,95.9608,2.4378,0.81798
RPC_US06,1685,0.2657,discharge,-8.75,10.0,9.0,,300.0,3.3893,2.55,95.9151,2.4378,0.81798
RPC_US06,1685,0.2252,discharge,-5.764,2.0,2.0,,300.0,3.3584,2.5496,140.3131,2.4378,0.81798
RPC_US06,1685,0.2252,discharge,-5.764,10.0,9.0,,300.0,3.3584,2.5499,140.2611,2.4378,0.81798
RPC_US06,1685,0.2011,discharge,-4.01,2.0,2.0,,300.0,3.3066,2.5496,188.7569,2.4378,0.81798
RPC_US06,1685,0.2011,discharge,-4.01,10.0,9.0,,300.0,3.3066,2.55,188.6571,2.4378,0.81798
RPC_US06,1685,0.1891,discharge,-3.2,2.0,2.0,,300.0,3.2594,2.5497,221.7882,2.4378,0.81798
RPC_US06,1685,0.1891,discharge,-3.2,10.0,9.0,,300.0,3.2594,2.5501,221.6632,2.4378,0.81798
RPC_US06,1685,0.9974,discharge,-29.828,2.0,1.0,,3009.5,4.1409,3.3855,25.3252,2.4378,0.81798
RPC_US06,1685,0.9974,discharge,-29.828,10.0,9.01,,3009.5,4.1409,3.3075,27.9402,2.4378,0.81798
RPC_US06,1685,0.9568,discharge,-29.716,2.0,2.0,,300.0,4.0774,3.3858,23.2737,2.4378,0.81798
RPC_US06,1685,0.9568,discharge,-29.716,10.0,9.0,,300.0,4.0774,3.2983,26.2182,2.4378,0.81798
RPC_US06,1685,0.9161,discharge,-29.66,2.0,2.0,,300.0,4.0471,3.3843,22.3462,2.4378,0.81798
RPC_US06,1685,0.9161,discharge,-29.66,10.0,9.01,,300.0,4.0471,3.2852,25.6874,2.4378,0.81798
RPC_US06,1685,0.8348,discharge,-29.648,2.0,2.0,,300.0,3.9448,3.3247,20.9154,2.4378,0.81798
RPC_US06,1685,0.8348,discharge,-29.648,10.0,9.0,,300.0,3.9448,3.2295,24.1264,2.4378,0.81798
RPC_US06,1685,0.7535,discharge,-29.593,2.0,2.0,,300.0,3.8748,3.2631,20.6701,2.4378,0.81798
RPC_US06,1685,0.7535,discharge,-29.593,10.0,9.0,,300.0,3.8748,3.1585,24.2046,2.4378,0.81798
RPC_US06,1685,0.6723,discharge,-29.571,2.0,2.0,,300.0,3.7631,3.1648,20.2327,2.4378,0.81798
RPC_US06,1685,0.6723,discharge,-29.571,10.0,9.0,,300.0,3.7631,3.0586,23.824,2.4378,0.81798
RPC_US06,1685,0.591,discharge,-29.498,2.0,2.0,,300.0,3.6772,3.072,20.5166,2.4378,0.81798
RPC_US06,1685,0.591,discharge,-29.498,10.0,9.0,,300.0,3.6772,2.9559,24.4525,2.4378,0.81798
RPC_US06,1685,0.5097,discharge,-29.316,2.0,2.0,,300.0,3.6134,2.9828,21.5108,2.4378,0.81798
RPC_US06,1685,0.5097,discharge,-29.316,10.0,9.0,,300.0,3.6134,2.8377,26.4604,2.4378,0.81798
RPC_US06,1685,0.4286,discharge,-28.666,2.0,2.0,,300.0,3.5528,2.8483,24.5757,2.4378,0.81798
RPC_US06,1685,0.4286,discharge,-28.666,10.0,9.0,,300.0,3.5528,2.6068,33.0002,2.4378,0.81798
RPC_US06,1685,0.3484,discharge,-15.925,2.0,2.0,,300.0,3.4749,2.8966,36.3128,2.4378,0.81798
RPC_US06,1685,0.3484,discharge,-15.925,10.0,9.0,,300.0,3.4749,2.633,52.8649,2.4378,0.81798
RPC_US06,1685,0.3082,discharge,-10.973,2.0,2.0,,300.0,3.4267,2.9259,45.6372,2.4378,0.81798
RPC_US06,1685,0.3082,discharge,-10.973,10.0,9.0,,300.0,3.4267,2.6462,71.1259,2.4378,0.81798
RPC_US06,1685,0.2678,discharge,-6.996,2.0,2.0,,300.0,3.3874,2.9799,58.2459,2.4378,0.81798
RPC_US06,1685,0.2678,discharge,-6.996,10.0,9.0,,300.0,3.3874,2.6923,99.3539,2.4378,0.81798
RPC_US06,1685,0.2274,discharge,-4.383,2.0,2.0,,300.1,3.3553,3.0495,69.7735,2.4378,0.81798
RPC_US06,1685,0.2274,discharge,-4.383,10.0,9.0,,300.1,3.3553,2.7692,133.7288,2.4378,0.81798
RPC_US06,1685,0.2031,discharge,-2.976,2.0,2.0,,300.1,3.2964,3.0567,80.543,2.4378,0.81798
RPC_US06,1685,0.2031,discharge,-2.976,10.0,9.0,,300.1,3.2964,2.8042,165.387,2.4378,0.81798
RPC_US06,1685,0.191,discharge,-2.359,2.0,2.0,,300.0,3.2429,3.0375,87.0837,2.4378,0.81798
RPC_US06,1685,0.191,discharge,-2.359,10.0,9.0,,300.0,3.2429,2.8096,183.7068,2.4378,0.81798
RPC_US06,1685,0.9974,discharge,-29.877,2.0,2.0,,3042.0,4.1405,3.3612,26.0832,2.4378,0.81798
RPC_US06,1685,0.9974,discharge,-29.877,10.0,9.0,,3042.0,4.1405,3.302,28.0646,2.4378,0.81798
RPC_US06,1685,0.9568,discharge,-29.76,2.0,2.0,,300.0,4.0772,3.381,23.3938,2.4378,0.81798
RPC_US06,1685,0.9568,discharge,-29.76,10.0,9.0,,300.0,4.0772,3.2934,26.3374,2.4378,0.81798
RPC_US06,1685,0.9161,discharge,-29.701,2.0,2.0,,300.0,4.0466,3.38,22.4437,2.4378,0.81798
RPC_US06,1685,0.9161,discharge,-29.701,10.0,9.0,,300.0,4.0466,3.2808,25.7836,2.4378,0.81798
RPC_US06,1685,0.8348,discharge,-29.689,2.0,2.0,,300.0,3.944,3.3202,21.0111,2.4378,0.81798
RPC_US06,1685,0.8348,discharge,-29.689,10.0,9.0,,300.0,3.944,3.2252,24.211,2.4378,0.81798
RPC_US06,1685,0.7535,discharge,-29.637,2.0,1.0,,300.0,3.8737,3.2842,19.8907,2.4378,0.81798
RPC_US06,1685,0.7535,discharge,-29.637,10.0,9.01,,300.0,3.8737,3.1541,24.2805,2.4378,0.81798
RPC_US06,1685,0.6723,discharge,-29.617,2.0,2.0,,300.0,3.7619,3.16,20.3228,2.4378,0.81798
RPC_US06,1685,0.6723,discharge,-29.617,10.0,9.0,,300.0,3.7619,3.0535,23.9187,2.4378,0.81798
RPC_US06,1685,0.591,discharge,-29.544,2.0,2.0,,300.0,3.6763,3.0672,20.6171,2.4378,0.81798
RPC_US06,1685,0.591,discharge,-29.544,10.0,9.0,,300.0,3.6763,2.9508,24.557,2.4378,0.81798
RPC_US06,1685,0.5097,discharge,-29.373,2.0,2.0,,300.0,3.6127,2.9778,21.6155,2.4378,0.81798
RPC_US06,1685,0.5097,discharge,-29.373,10.0,9.0,,300.0,3.6127,2.8318,26.5861,2.4378,0.81798
RPC_US06,1685,0.4286,discharge,-28.866,2.0,1.0,,300.0,3.5521,2.8878,23.0132,2.4378,0.81798
RPC_US06,1685,0.4286,discharge,-28.866,10.0,9.0,,300.0,3.5521,2.5922,33.2537,2.4378,0.81798
RPC_US06,1685,0.3483,discharge,-17.367,2.0,2.0,,300.0,3.4738,2.8481,36.0281,2.4378,0.81798
RPC_US06,1685,0.3483,discharge,-17.367,10.0,9.0,,300.0,3.4738,2.5536,52.9855,2.4378,0.81798
RPC_US06,1685,0.3081,discharge,-12.183,2.0,2.0,,300.0,3.4261,2.8776,45.0199,2.4378,0.81798
RPC_US06,1685,0.3081,discharge,-12.183,10.0,9.0,,300.0,3.4261,2.564,70.7596,2.4378,0.81798
RPC_US06,1685,0.2678,discharge,-8.26,2.0,2.0,,300.0,3.387,2.9154,57.0975,2.4378,0.81798
RPC_US06,1685,0.2678,discharge,-8.26,10.0,9.0,,300.0,3.387,2.5824,97.4145,2.4378,0.81798
RPC_US06,1685,0.2273,discharge,-5.836,2.0,2.0,,300.0,3.3545,2.9614,67.356,2.4378,0.81798
RPC_US06,1685,0.2273,discharge,-5.836,10.0,9.0,,300.0,3.3545,2.5955,130.0515,2.4378,0.81798
RPC_US06,1685,0.203,discharge,-4.348,2.0,2.0,,300.0,3.2946,2.9583,77.3512,2.4378,0.81798
RPC_US06,1685,0.203,discharge,-4.348,10.0,9.01,,300.0,3.2946,2.5986,160.0846,2.4378,0.81798
RPC_US06,1685,0.1909,discharge,-3.633,2.0,2.0,,300.0,3.2401,2.9374,83.3127,2.4378,0.81798
RPC_US06,1685,0.1909,discharge,-3.633,10.0,9.0,,300.0,3.2401,2.5924,178.2677,2.4378,0.81798
RPC_US06,1685,0.9974,discharge,-29.889,2.0,1.0,,3047.8,4.1404,3.3786,25.4881,2.4378,0.81798
RPC_US06,1685,0.9974,discharge,-29.889,10.0,9.0,,3047.8,4.1404,3.3008,28.0911,2.4378,0.81798
RPC_US06,1685,0.9568,discharge,-29.77,2.0,2.0,,300.0,4.0772,3.3799,23.4229,2.4378,0.81798
RPC_US06,1685,0.9568,discharge,-29.77,10.0,9.0,,300.0,4.0772,3.2924,26.3621,2.4378,0.81798
RPC_US06,1685,0.9161,discharge,-29.71,2.0,2.0,,300.0,4.0465,3.3789,22.4702,2.4378,0.81798
RPC_US06,1685,0.9161,discharge,-29.71,10.0,9.0,,300.0,4.0465,3.2797,25.8091,2.4378,0.81798
RPC_US06,1685,0.8348,discharge,-29.697,2.0,1.0,,300.0,3.944,3.3433,20.2276,2.4378,0.81798
RPC_US06,1685,0.8348,discharge,-29.697,10.0,9.01,,300.0,3.944,3.2241,24.2415,2.4378,0.81798
RPC_US06,1685,0.7535,discharge,-29.645,2.0,2.0,,300.0,3.8735,3.2577,20.7725,2.4378,0.81798
RPC_US06,1685,0.7535,discharge,-29.645,10.0,9.0,,300.0,3.8735,3.1528,24.311,2.4378,0.81798
RPC_US06,1685,0.6723,discharge,-29.629,2.0,2.0,,300.0,3.7618,3.1589,20.3483,2.4378,0.81798
RPC_US06,1685,0.6723,discharge,-29.629,10.0,9.0,,300.0,3.7618,3.0525,23.9394,2.4378,0.81798
RPC_US06,1685,0.591,discharge,-29.557,2.0,2.0,,300.0,3.6762,3.0661,20.6415,2.4378,0.81798
RPC_US06,1685,0.591,discharge,-29.557,10.0,9.0,,300.0,3.6762,2.9495,24.5864,2.4378,0.81798
RPC_US06,1685,0.5097,discharge,-29.389,2.0,2.0,,300.0,3.6124,2.9762,21.6479,2.4378,0.81798
RPC_US06,1685,0.5097,discharge,-29.389,10.0,9.0,,300.0,3.6124,2.8299,26.6261,2.4378,0.81798
RPC_US06,1685,0.4286,discharge,-28.796,2.0,2.0,,300.0,3.5517,2.8385,24.7678,2.4378,0.81798
RPC_US06,1685,0.4286,discharge,-28.796,10.0,9.0,,300.0,3.5517,2.5914,33.349,2.4378,0.81798
RPC_US06,1685,0.3483,discharge,-17.392,2.0,2.0,,300.0,3.4737,2.8457,36.1086,2.4378,0.81798
RPC_US06,1685,0.3483,discharge,-17.392,10.0,9.0,,300.0,3.4737,2.5493,53.1509,2.4378,0.81798
RPC_US06,1685,0.3081,discharge,-12.198,2.0,2.0,,300.0,3.4258,2.8754,45.1203,2.4378,0.81798
RPC_US06,1685,0.3081,discharge,-12.198,10.0,9.0,,300.0,3.4258,2.5601,70.9677,2.4378,0.81798
RPC_US06,1685,0.2677,discharge,-8.266,2.0,2.0,,300.0,3.3868,2.9142,57.1733,2.4378,0.81798
RPC_US06,1685,0.2677,discharge,-8.266,10.0,9.0,,300.0,3.3868,2.5797,97.6398,2.4378,0.81798
RPC_US06,1685,0.2273,discharge,-6.147,2.0,2.0,,300.0,3.3545,2.9429,66.9633,2.4378,0.81798
RPC_US06,1685,0.2273,discharge,-6.147,10.0,9.0,,300.0,3.3545,2.5605,129.1761,2.4378,0.81798
RPC_US06,1685,0.203,discharge,-4.617,2.0,2.0,,300.0,3.2943,2.94,76.7448,2.4378,0.81798
RPC_US06,1685,0.203,discharge,-4.617,10.0,9.0,,300.0,3.2943,2.5607,158.9048,2.4378,0.81798
RPC_US06,1685,0.1909,discharge,-3.848,2.0,2.0,,300.0,3.2393,2.9214,82.6197,2.4378,0.81798
RPC_US06,1685,0.1909,discharge,-3.848,10.0,9.0,,300.0,3.2393,2.5573,177.2464,2.4378,0.81798
RPC_US06,1685,0.9597,charge,1.381,2.0,1.0,,300.0,4.0759,4.15,53.6645,2.4378,0.81798
RPC_US06,1685,0.9597,charge,1.381,10.0,9.0,,300.0,4.0759,4.15,53.6645,2.4378,0.81798
RPC_US06,1685,0.9192,charge,2.458,2.0,2.0,,300.0,4.0414,4.1501,44.2158,2.4378,0.81798
RPC_US06,1685,0.9192,charge,2.458,10.0,9.0,,300.0,4.0414,4.15,44.1751,2.4378,0.81798
RPC_US06,1685,0.8384,charge,6.769,2.0,2.0,,300.0,3.9405,4.1501,30.9645,2.4378,0.81798
RPC_US06,1685,0.8384,charge,6.769,10.0,9.0,,300.0,3.9405,4.1501,30.9645,2.4378,0.81798
RPC_US06,1685,0.7574,charge,10.267,2.0,2.0,,300.0,3.8722,4.1501,27.0686,2.4378,0.81798
RPC_US06,1685,0.7574,charge,10.267,10.0,9.0,,300.0,3.8722,4.1501,27.0686,2.4378,0.81798
RPC_US06,1685,0.6762,charge,15.001,2.0,2.0,,300.0,3.7607,4.1014,22.7118,2.4378,0.81798
RPC_US06,1685,0.6762,charge,15.001,10.0,9.01,,300.0,3.7607,4.1492,25.8983,2.4378,0.81798
RPC_US06,1685,0.5949,charge,15.001,2.0,2.0,,300.0,3.6762,4.0166,22.6918,2.4378,0.81798
RPC_US06,1685,0.5949,charge,15.001,10.0,9.0,,300.0,3.6762,4.0584,25.4783,2.4378,0.81798
RPC_US06,1685,0.5136,charge,15.001,2.0,2.0,,300.0,3.613,3.9603,23.1518,2.4378,0.81798
RPC_US06,1685,0.5136,charge,15.001,10.0,9.0,,300.0,3.613,3.9975,25.6316,2.4378,0.81798
RPC_US06,1685,0.4323,charge,15.001,2.0,2.0,,300.0,3.5515,3.9151,24.2384,2.4378,0.81798
RPC_US06,1685,0.4323,charge,15.001,10.0,9.0,,300.0,3.5515,3.9523,26.7182,2.4378,0.81798
RPC_US06,1685,0.3511,charge,15.001,2.0,1.0,,300.0,3.473,3.8423,24.6184,2.4378,0.81798
RPC_US06,1685,0.3511,charge,15.001,10.0,9.01,,300.0,3.473,3.8978,28.3181,2.4378,0.81798
RPC_US06,1685,0.3104,charge,15.001,2.0,2.0,,300.0,3.4256,3.8114,25.7183,2.4378,0.81798
RPC_US06,1685,0.3104,charge,15.001,10.0,9.0,,300.0,3.4256,3.8585,28.8581,2.4378,0.81798
RPC_US06,1685,0.2698,charge,15.001,2.0,1.0,,300.0,3.3873,3.7642,25.125,2.4378,0.81798
RPC_US06,1685,0.2698,charge,15.001,10.0,9.0,,300.0,3.3873,3.8122,28.3248,2.4378,0.81798
RPC_US06,1685,0.2291,charge,15.001,2.0,2.0,,300.0,3.3557,3.7537,26.5316,2.4378,0.81798
RPC_US06,1685,0.2291,charge,15.001,10.0,9.0,,300.0,3.3557,3.7904,28.9781,2.4378,0.81798
RPC_US06,1685,0.2047,charge,15.001,2.0,2.0,,300.0,3.2955,3.7405,29.6647,2.4378,0.81798
RPC_US06,1685,0.2047,charge,15.001,10.0,9.0,,300.0,3.2955,3.7936,33.2045,2.4378,0.81798
RPC_US06,1685,0.1925,charge,15.001,2.0,2.0,,300.0,3.2419,3.7099,31.1979,2.4378,0.81798
RPC_US06,1685,0.1925,charge,15.001,10.0,9.01,,300.0,3.2419,3.7866,36.3109,2.4378,0.81798
RPC_US06,1685,0.9595,charge,1.305,2.0,2.0,,300.1,4.0758,4.138,47.6683,2.4378,0.81798
RPC_US06,1685,0.9595,charge,1.305,10.0,9.0,,300.1,4.0758,4.1487,55.8685,2.4378,0.81798
RPC_US06,1685,0.9189,charge,2.268,2.0,2.0,,300.1,4.0414,4.1305,39.2814,2.4378,0.81798
RPC_US06,1685,0.9189,charge,2.268,10.0,9.0,,300.1,4.0414,4.1474,46.7321,2.4378,0.81798
RPC_US06,1685,0.838,charge,6.259,2.0,2.0,,300.1,3.9403,4.1199,28.6954,2.4378,0.81798
RPC_US06,1685,0.838,charge,6.259,10.0,9.01,,300.1,3.9403,4.147,33.0252,2.4378,0.81798
RPC_US06,1685,0.757,charge,9.627,2.0,2.0,,300.1,3.8722,4.1181,25.5421,2.4378,0.81798
RPC_US06,1685,0.757,charge,9.627,10.0,9.0,,300.1,3.8722,4.1483,28.679,2.4378,0.81798
RPC_US06,1685,0.6763,charge,15.065,2.0,2.0,,300.1,3.7603,4.1057,22.9281,2.4378,0.81798
RPC_US06,1685,0.6763,charge,15.065,10.0,9.0,,300.1,3.7603,4.1507,25.9152,2.4378,0.81798
RPC_US06,1685,0.595,charge,15.057,2.0,2.0,,300.1,3.6762,4.0206,22.8731,2.4378,0.81798
RPC_US06,1685,0.595,charge,15.057,10.0,9.0,,300.1,3.6762,4.0596,25.4632,2.4378,0.81798
RPC_US06,1685,0.5137,charge,15.049,2.0,2.0,,300.1,3.6129,3.964,23.3312,2.4378,0.81798
RPC_US06,1685,0.5137,charge,15.049,10.0,9.01,,300.1,3.6129,3.9987,25.6371,2.4378,0.81798
RPC_US06,1685,0.4324,charge,15.047,2.0,2.0,,300.1,3.5517,3.9189,24.4035,2.4378,0.81798
RPC_US06,1685,0.4324,charge,15.047,10.0,9.0,,300.1,3.5517,3.9535,26.703,2.4378,0.81798
RPC_US06,1685,0.3511,charge,15.06,2.0,2.0,,300.1,3.4732,3.8582,25.5644,2.4378,0.81798
RPC_US06,1685,0.3511,charge,15.06,10.0,9.0,,300.1,3.4732,3.8993,28.2935,2.4378,0.81798
RPC_US06,1685,0.3105,charge,15.066,2.0,2.0,,300.1,3.4262,3.8165,25.906,2.4378,0.81798
RPC_US06,1685,0.3105,charge,15.066,10.0,9.01,,300.1,3.4262,3.8605,28.8265,2.4378,0.81798
RPC_US06,1685,0.2698,charge,15.052,2.0,2.0,,300.1,3.3876,3.7787,25.9841,2.4378,0.81798
RPC_US06,1685,0.2698,charge,15.052,10.0,9.0,,300.1,3.3876,3.8138,28.3161,2.4378,0.81798
RPC_US06,1685,0.2292,charge,15.048,2.0,2.0,,300.1,3.3561,3.7576,26.6813,2.4378,0.81798
RPC_US06,1685,0.2292,charge,15.048,10.0,9.0,,300.1,3.3561,3.7915,28.9341,2.4378,0.81798
RPC_US06,1685,0.2048,charge,15.058,2.0,2.0,,300.1,3.2974,3.7476,29.8977,2.4378,0.81798
RPC_US06,1685,0.2048,charge,15.058,10.0,9.0,,300.1,3.2974,3.7953,33.0655,2.4378,0.81798
RPC_US06,1685,0.1926,charge,15.09,2.0,2.0,,300.1,3.2451,3.7204,31.4977,2.4378,0.81798
RPC_US06,1685,0.1926,charge,15.09,10.0,9.0,,300.1,3.2451,3.7895,36.0769,2.4378,0.81798
RPC_US06,1799,0.9973,discharge,-30.0,2.0,2.0,,5786.0,4.1169,3.2696,28.2433,2.3953,0.80373
RPC_US06,1799,0.9973,discharge,-30.0,10.0,9.0,,5786.0,4.1169,3.2154,30.05,2.3953,0.80373
RPC_US06,1799,0.9726,charge,1.492,2.0,1.0,,60.0,4.0612,4.1501,59.5845,2.3953,0.80373
RPC_US06,1799,0.9726,charge,1.492,10.0,9.0,,60.0,4.0612,4.1501,59.5845,2.3953,0.80373
RPC_US06,1799,0.9573,discharge,-30.0,2.0,2.0,,3600.0,4.0789,3.2672,27.0567,2.3953,0.80373
RPC_US06,1799,0.9573,discharge,-30.0,10.0,9.0,,3600.0,4.0789,3.1931,29.5267,2.3953,0.80373
RPC_US06,1799,0.9329,charge,2.702,2.0,2.0,,60.0,4.0174,4.15,49.0802,2.3953,0.80373
RPC_US06,1799,0.9329,charge,2.702,10.0,9.0,,60.0,4.0174,4.15,49.0802,2.3953,0.80373
RPC_US06,1799,0.9174,discharge,-30.0,2.0,2.0,,3600.0,4.0612,3.2673,26.4633,2.3953,0.80373
RPC_US06,1799,0.9174,discharge,-30.0,10.0,9.0,,3600.0,4.0612,3.1798,29.38,2.3953,0.80373
RPC_US06,1799,0.8931,charge,4.191,2.0,2.0,,60.0,3.9745,4.15,41.8744,2.3953,0.80373
RPC_US06,1799,0.8931,charge,4.191,10.0,9.0,,60.0,3.9745,4.1499,41.8506,2.3953,0.80373
RPC_US06,1799,0.8375,discharge,-30.0,2.0,2.0,,3600.0,3.9549,3.2122,24.7567,2.3953,0.80373
RPC_US06,1799,0.8375,discharge,-30.0,10.0,9.0,,3600.0,3.9549,3.1257,27.64,2.3953,0.80373
RPC_US06,1799,0.8137,charge,7.859,2.0,2.0,,60.0,3.8913,4.1501,32.9283,2.3953,0.80373
RPC_US06,1799,0.8137,charge,7.859,10.0,9.0,,60.0,3.8913,4.15,32.9156,2.3953,0.80373
RPC_US06,1799,0.7576,discharge,-30.0,2.0,2.0,,3600.0,3.885,3.1552,24.3267,2.3953,0.80373
RPC_US06,1799,0.7576,discharge,-30.0,10.0,9.0,,3600.0,3.885,3.0609,27.47,2.3953,0.80373
RPC_US06,1799,0.734,charge,12.043,2.0,1.0,,60.0,3.8065,4.1503,28.5477,2.3953,0.80373
RPC_US06,1799,0.734,charge,12.043,10.0,9.0,,60.0,3.8065,4.1501,28.5311,2.3953,0.80373
RPC_US06,1799,0.6778,discharge,-30.0,2.0,2.0,,3600.0,3.7777,3.0625,23.84,2.3953,0.80373
RPC_US06,1799,0.6778,discharge,-30.0,10.0,9.0,,3600.0,3.7777,2.9634,27.1433,2.3953,0.80373
RPC_US06,1799,0.6541,charge,15.001,2.0,2.0,,60.0,3.7171,4.0916,24.965,2.3953,0.80373
RPC_US06,1799,0.6541,charge,15.001,10.0,9.0,,60.0,3.7171,4.1402,28.2048,2.3953,0.80373
RPC_US06,1799,0.5979,discharge,-30.0,2.0,2.0,,3600.0,3.6959,2.9712,24.1567,2.3953,0.80373
RPC_US06,1799,0.5979,discharge,-30.0,10.0,9.0,,3600.0,3.6959,2.8643,27.72,2.3953,0.80373
RPC_US06,1799,0.5743,charge,15.001,2.0,2.0,,60.0,3.6412,4.0166,25.025,2.3953,0.80373
RPC_US06,1799,0.5743,charge,15.001,10.0,9.0,,60.0,3.6412,4.062,28.0515,2.3953,0.80373
RPC_US06,1799,0.518,discharge,-30.0,2.0,2.0,,3600.0,3.6326,2.8821,25.0167,2.3953,0.80373
RPC_US06,1799,0.518,discharge,-30.0,10.0,9.0,,3600.0,3.6326,2.7563,29.21,2.3953,0.80373
RPC_US06,1799,0.4944,charge,15.001,2.0,2.0,,60.0,3.5795,3.9602,25.3783,2.3953,0.80373
RPC_US06,1799,0.4944,charge,15.001,10.0,9.0,,60.0,3.5795,4.0057,28.4114,2.3953,0.80373
RPC_US06,1799,0.4385,discharge,-30.0,2.0,2.0,,3600.0,3.5764,2.749,27.58,2.3953,0.80373
RPC_US06,1799,0.4385,discharge,-30.0,10.0,9.0,,3600.0,3.5764,2.5541,34.0767,2.3953,0.80373
RPC_US06,1799,0.4149,charge,15.001,2.0,2.0,,60.0,3.5186,3.9024,25.585,2.3953,0.80373
RPC_US06,1799,0.4149,charge,15.001,10.0,9.0,,60.0,3.5186,3.9506,28.7981,2.3953,0.80373
RPC_US06,1799,0.3583,discharge,-19.702,2.0,2.0,,3600.0,3.492,2.549,47.8632,2.3953,0.80373
RPC_US06,1799,0.3583,discharge,-19.702,10.0,9.0,,3600.0,3.492,2.55,47.8124,2.3953,0.80373
RPC_US06,1799,0.3421,charge,15.001,2.0,2.0,,60.0,3.448,3.85,26.7982,2.3953,0.80373
RPC_US06,1799,0.3421,charge,15.001,10.0,9.0,,60.0,3.448,3.902,30.2646,2.3953,0.80373
RPC_US06,1799,0.3183,discharge,-14.163,2.0,2.0,,3600.0,3.4425,2.5493,63.0657,2.3953,0.80373
RPC_US06,1799,0.3183,discharge,-14.163,10.0,9.0,,3600.0,3.4425,2.5499,63.0234,2.3953,0.80373
RPC_US06,1799,0.3068,charge,15.001,2.0,2.0,,60.0,3.4109,3.8217,27.3848,2.3953,0.80373
RPC_US06,1799,0.3068,charge,15.001,10.0,9.0,,60.0,3.4109,3.8679,30.4646,2.3953,0.80373
RPC_US06,1799,0.2785,discharge,-9.471,2.0,2.0,,3600.0,3.4048,2.5494,90.3169,2.3953,0.80373
RPC_US06,1799,0.2785,discharge,-9.471,10.0,9.0,,3600.0,3.4048,2.5499,90.2641,2.3953,0.80373
RPC_US06,1799,0.2711,charge,15.0,2.0,2.0,,60.0,3.3818,3.8116,28.6533,2.3953,0.80373
RPC_US06,1799,0.2711,charge,15.0,10.0,9.0,,60.0,3.3818,3.8506,31.2533,2.3953,0.80373
RPC_US06,1799,0.2387,discharge,-6.176,2.0,2.0,,3600.0,3.3762,2.5495,133.8634,2.3953,0.80373
RPC_US06,1799,0.2387,discharge,-6.176,10.0,9.0,,3600.0,3.3762,2.5499,133.7986,2.3953,0.80373
RPC_US06,1799,0.2341,charge,15.001,2.0,2.0,,60.0,3.3366,3.7998,30.8779,2.3953,0.80373
RPC_US06,1799,0.2341,charge,15.001,10.0,9.0,,60.0,3.3366,3.8437,33.8044,2.3953,0.80373
RPC_US06,1799,0.2149,discharge,-4.498,2.0,2.0,,3600.0,3.327,2.5496,172.8208,2.3953,0.80373
RPC_US06,1799,0.2149,discharge,-4.498,10.0,9.0,,3600.0,3.327,2.5499,172.7542,2.3953,0.80373
RPC_US06,1799,0.2119,charge,15.001,2.0,2.0,,60.0,3.2664,3.7579,32.7645,2.3953,0.80373
RPC_US06,1799,0.2119,charge,15.001,10.0,9.0,,60.0,3.2664,3.8295,37.5375,2.3953,0.80373
RPC_US06,1799,0.2031,discharge,-3.621,2.0,2.0,,3600.0,3.2684,2.5497,198.492,2.3953,0.80373
RPC_US06,1799,0.2031,discharge,-3.621,10.0,9.0,,3600.0,3.2684,2.55,198.4092,2.3953,0.80373
RPC_US06,1799,0.2009,charge,15.001,2.0,2.0,,60.0,3.2028,3.7093,33.7644,2.3953,0.80373
RPC_US06,1799,0.2009,charge,15.001,10.0,9.0,,60.0,3.2028,3.803,40.0107,2.3953,0.80373
RPC_US06,1799,0.9973,discharge,-30.0,2.0,1.0,,3351.7,4.1347,3.2952,27.9833,2.3953,0.80373
RPC_US06,1799,0.9973,discharge,-30.0,10.0,9.01,,3351.7,4.1347,3.2235,30.3733,2.3953,0.80373
RPC_US06,1799,0.9573,discharge,-30.0,2.0,2.0,,300.0,4.0741,3.2966,25.9167,2.3953,0.80373
RPC_US06,1799,0.9573,discharge,-30.0,10.0,9.01,,300.0,4.0741,3.2178,28.5433,2.3953,0.80373
RPC_US06,1799,0.9174,discharge,-30.0,2.0,1.0,,300.0,4.0356,3.3201,23.85,2.3953,0.80373
RPC_US06,1799,0.9174,discharge,-30.0,10.0,9.0,,300.0,4.0356,3.2068,27.6267,2.3953,0.80373
RPC_US06,1799,0.8375,discharge,-30.0,2.0,1.0,,300.0,3.931,3.2581,22.43,2.3953,0.80373
RPC_US06,1799,0.8375,discharge,-30.0,10.0,9.01,,300.0,3.931,3.1469,26.1367,2.3953,0.80373
RPC_US06,1799,0.7576,discharge,-30.0,2.0,2.0,,300.0,3.8524,3.1612,23.04,2.3953,0.80373
RPC_US06,1799,0.7576,discharge,-30.0,10.0,9.0,,300.0,3.8524,3.0665,26.1967,2.3953,0.80373
RPC_US06,1799,0.6778,discharge,-30.0,2.0,2.0,,300.0,3.738,3.0537,22.81,2.3953,0.80373
RPC_US06,1799,0.6778,discharge,-30.0,10.0,9.0,,300.0,3.738,2.9588,25.9733,2.3953,0.80373
RPC_US06,1799,0.5979,discharge,-30.0,2.0,2.0,,300.0,3.6573,2.9557,23.3867,2.3953,0.80373
RPC_US06,1799,0.5979,discharge,-30.0,10.0,9.0,,300.0,3.6573,2.8495,26.9267,2.3953,0.80373
RPC_US06,1799,0.518,discharge,-30.0,2.0,1.0,,300.0,3.5959,2.874,24.0633,2.3953,0.80373
RPC_US06,1799,0.518,discharge,-30.0,10.0,9.0,,300.0,3.5959,2.7022,29.79,2.3953,0.80373
RPC_US06,1799,0.4382,discharge,-27.926,2.0,2.0,,300.0,3.5351,2.621,32.7329,2.3953,0.80373
RPC_US06,1799,0.4382,discharge,-27.926,10.0,9.0,,300.0,3.5351,2.5499,35.279,2.3953,0.80373
RPC_US06,1799,0.3583,discharge,-16.202,2.0,2.0,,300.0,3.4576,2.5493,56.061,2.3953,0.80373
RPC_US06,1799,0.3583,discharge,-16.202,10.0,9.0,,300.0,3.4576,2.55,56.0178,2.3953,0.80373
RPC_US06,1799,0.3184,discharge,-11.71,2.0,2.0,,300.0,3.4149,2.5495,73.9026,2.3953,0.80373
RPC_US06,1799,0.3184,discharge,-11.71,10.0,9.0,,300.0,3.4149,2.5499,73.8685,2.3953,0.80373
RPC_US06,1799,0.2785,discharge,-8.189,2.0,2.0,,300.0,3.3802,2.5496,101.4275,2.3953,0.80373
RPC_US06,1799,0.2785,discharge,-8.189,10.0,9.0,,300.0,3.3802,2.5499,101.3909,2.3953,0.80373
RPC_US06,1799,0.2387,discharge,-5.588,2.0,2.0,,300.0,3.3472,2.5496,142.7255,2.3953,0.80373
RPC_US06,1799,0.2387,discharge,-5.588,10.0,9.01,,300.0,3.3472,2.55,142.6539,2.3953,0.80373
RPC_US06,1799,0.2151,discharge,-3.828,2.0,2.0,,300.0,3.2853,2.5496,192.1841,2.3953,0.80373
RPC_US06,1799,0.2151,discharge,-3.828,10.0,9.0,,300.0,3.2853,2.55,192.0796,2.3953,0.80373
RPC_US06,1799,0.2033,discharge,-2.982,2.0,2.0,,300.0,3.2305,2.5498,228.2313,2.3953,0.80373
RPC_US06,1799,0.2033,discharge,-2.982,10.0,9.0,,300.0,3.2305,2.5501,228.1308,2.3953,0.80373
RPC_US06,1799,0.9974,discharge,-29.812,2.0,2.0,,3351.3,4.134,3.2846,28.4919,2.3953,0.80373
RPC_US06,1799,0.9974,discharge,-29.812,10.0,9.0,,3351.3,4.134,3.2216,30.6051,2.3953,0.80373
RPC_US06,1799,0.9575,discharge,-29.696,2.0,2.0,,300.0,4.0738,3.3094,25.7408,2.3953,0.80373
RPC_US06,1799,0.9575,discharge,-29.696,10.0,9.0,,300.0,4.0738,3.217,28.8524,2.3953,0.80373
RPC_US06,1799,0.9176,discharge,-29.645,2.0,2.0,,300.0,4.0348,3.3087,24.4932,2.3953,0.80373
RPC_US06,1799,0.9176,discharge,-29.645,10.0,9.0,,300.0,4.0348,3.2062,27.9508,2.3953,0.80373
RPC_US06,1799,0.8377,discharge,-29.611,2.0,2.0,,300.0,3.9303,3.249,23.0083,2.3953,0.80373
RPC_US06,1799,0.8377,discharge,-29.611,10.0,9.0,,300.0,3.9303,3.1467,26.4631,2.3953,0.80373
RPC_US06,1799,0.7578,discharge,-29.566,2.0,2.0,,300.0,3.8511,3.1772,22.7935,2.3953,0.80373
RPC_US06,1799,0.7578,discharge,-29.566,10.0,9.0,,300.0,3.8511,3.0666,26.5343,2.3953,0.80373
RPC_US06,1799,0.678,discharge,-29.538,2.0,2.0,,300.0,3.7367,3.071,22.5375,2.3953,0.80373
RPC_US06,1799,0.678,discharge,-29.538,10.0,9.0,,300.0,3.7367,2.9593,26.3191,2.3953,0.80373
RPC_US06,1799,0.5981,discharge,-29.435,2.0,2.0,,300.0,3.6564,2.9773,23.0708,2.3953,0.80373
RPC_US06,1799,0.5981,discharge,-29.435,10.0,9.0,,300.0,3.6564,2.8514,27.3479,2.3953,0.80373
RPC_US06,1799,0.5183,discharge,-29.185,2.0,2.0,,300.0,3.5952,2.8738,24.7182,2.3953,0.80373
RPC_US06,1799,0.5183,discharge,-29.185,10.0,9.01,,300.0,3.5952,2.7057,30.478,2.3953,0.80373
RPC_US06,1799,0.439,discharge,-23.891,2.0,2.0,,300.0,3.5341,2.804,30.5596,2.3953,0.80373
RPC_US06,1799,0.439,discharge,-23.891,10.0,9.0,,300.0,3.5341,2.5769,40.0653,2.3953,0.80373
RPC_US06,1799,0.3599,discharge,-13.803,2.0,2.0,,300.0,3.4556,2.8487,43.9687,2.3953,0.80373
RPC_US06,1799,0.3599,discharge,-13.803,10.0,9.0,,300.0,3.4556,2.6125,61.0809,2.3953,0.80373
RPC_US06,1799,0.3203,discharge,-9.82,2.0,2.0,,300.0,3.4125,2.8869,53.5256,2.3953,0.80373
RPC_US06,1799,0.3203,discharge,-9.82,10.0,9.0,,300.0,3.4125,2.6336,79.3209,2.3953,0.80373
RPC_US06,1799,0.2806,discharge,-6.644,2.0,2.0,,300.0,3.3783,2.9484,64.7006,2.3953,0.80373
RPC_US06,1799,0.2806,discharge,-6.644,10.0,9.0,,300.0,3.3783,2.6785,105.321,2.3953,0.80373
RPC_US06,1799,0.2409,discharge,-4.301,2.0,2.0,,300.0,3.3431,3.0227,74.5012,2.3953,0.80373
RPC_US06,1799,0.2409,discharge,-4.301,10.0,9.0,,300.0,3.3431,2.7533,137.1437,2.3953,0.80373
RPC_US06,1799,0.217,discharge,-2.869,2.0,2.0,,300.0,3.2733,3.0298,84.8654,2.3953,0.80373
RPC_US06,1799,0.217,discharge,-2.869,10.0,9.0,,300.0,3.2733,2.7876,169.2777,2.3953,0.80373
RPC_US06,1799,0.2051,discharge,-2.223,2.0,2.0,,300.0,3.2111,3.0072,91.7064,2.3953,0.80373
RPC_US06,1799,0.2051,discharge,-2.223,10.0,9.0,,300.0,3.2111,2.7899,189.4396,2.3953,0.80373
RPC_US06,1799,0.9974,discharge,-29.865,2.0,2.0,,3390.9,4.1337,3.2786,28.6317,2.3953,0.80373
RPC_US06,1799,0.9974,discharge,-29.865,10.0,9.0,,3390.9,4.1337,3.2161,30.7244,2.3953,0.80373
RPC_US06,1799,0.9575,discharge,-29.741,2.0,2.0,,300.0,4.0736,3.3046,25.857,2.3953,0.80373
RPC_US06,1799,0.9575,discharge,-29.741,10.0,9.0,,300.0,4.0736,3.2124,28.9571,2.3953,0.80373
RPC_US06,1799,0.9176,discharge,-29.682,2.0,1.0,,300.0,4.0342,3.3331,23.62,2.3953,0.80373
RPC_US06,1799,0.9176,discharge,-29.682,10.0,9.0,,300.0,4.0342,3.202,28.0367,2.3953,0.80373
RPC_US06,1799,0.8377,discharge,-29.651,2.0,2.0,,300.0,3.9296,3.2451,23.0856,2.3953,0.80373
RPC_US06,1799,0.8377,discharge,-29.651,10.0,9.0,,300.0,3.9296,3.1426,26.5426,2.3953,0.80373
RPC_US06,1799,0.7578,discharge,-29.61,2.0,2.0,,300.0,3.8495,3.1726,22.8609,2.3953,0.80373
RPC_US06,1799,0.7578,discharge,-29.61,10.0,9.0,,300.0,3.8495,3.0621,26.5928,2.3953,0.80373
RPC_US06,1799,0.678,discharge,-29.583,2.0,2.0,,300.0,3.7354,3.0664,22.6143,2.3953,0.80373
RPC_US06,1799,0.678,discharge,-29.583,10.0,9.0,,300.0,3.7354,2.9547,26.3902,2.3953,0.80373
RPC_US06,1799,0.5981,discharge,-29.485,2.0,2.0,,300.0,3.6555,2.973,23.1474,2.3953,0.80373
RPC_US06,1799,0.5981,discharge,-29.485,10.0,9.0,,300.0,3.6555,2.8463,27.4445,2.3953,0.80373
RPC_US06,1799,0.5183,discharge,-29.247,2.0,1.0,,300.0,3.5944,2.907,23.5029,2.3953,0.80373
RPC_US06,1799,0.5183,discharge,-29.247,10.0,9.0,,300.0,3.5944,2.6994,30.6009,2.3953,0.80373
RPC_US06,1799,0.439,discharge,-23.962,2.0,2.0,,300.0,3.5333,2.7975,30.707,2.3953,0.80373
RPC_US06,1799,0.439,discharge,-23.962,10.0,9.0,,300.0,3.5333,2.5688,40.2512,2.3953,0.80373
RPC_US06,1799,0.3599,discharge,-14.707,2.0,2.0,,300.0,3.4545,2.8146,43.5114,2.3953,0.80373
RPC_US06,1799,0.3599,discharge,-14.707,10.0,9.0,,300.0,3.4545,2.5632,60.6059,2.3953,0.80373
RPC_US06,1799,0.3202,discharge,-10.732,2.0,2.0,,300.0,3.4119,2.847,52.637,2.3953,0.80373
RPC_US06,1799,0.3202,discharge,-10.732,10.0,9.0,,300.0,3.4119,2.5731,78.1588,2.3953,0.80373
RPC_US06,1799,0.2805,discharge,-7.699,2.0,2.0,,300.0,3.3778,2.8933,62.9274,2.3953,0.80373
RPC_US06,1799,0.2805,discharge,-7.699,10.0,9.0,,300.0,3.3778,2.5899,102.3333,2.3953,0.80373
RPC_US06,1799,0.2408,discharge,-5.6,2.0,2.0,,300.0,3.3421,2.9438,71.1282,2.3953,0.80373
RPC_US06,1799,0.2408,discharge,-5.6,10.0,9.0,,300.0,3.3421,2.6013,132.2916,2.3953,0.80373
RPC_US06,1799,0.2169,discharge,-4.122,2.0,2.0,,300.0,3.2701,2.9386,80.4319,2.3953,0.80373
RPC_US06,1799,0.2169,discharge,-4.122,10.0,9.0,,300.0,3.2701,2.5988,162.8776,2.3953,0.80373
RPC_US06,1799,0.205,discharge,-3.366,2.0,2.0,,300.0,3.2065,2.914,86.9061,2.3953,0.80373
RPC_US06,1799,0.205,discharge,-3.366,10.0,9.0,,300.0,3.2065,2.5921,182.5475,2.3953,0.80373
RPC_US06,1799,0.9974,discharge,-29.882,2.0,2.0,,3392.7,4.1335,3.2767,28.6728,2.3953,0.80373
RPC_US06,1799,0.9974,discharge,-29.882,10.0,9.0,,3392.7,4.1335,3.2144,30.7576,2.3953,0.80373
RPC_US06,1799,0.9575,discharge,-29.755,2.0,2.0,,300.0,4.0735,3.3031,25.891,2.3953,0.80373
RPC_US06,1799,0.9575,discharge,-29.755,10.0,9.0,,300.0,4.0735,3.211,28.9862,2.3953,0.80373
RPC_US06,1799,0.9176,discharge,-29.696,2.0,2.0,,300.0,4.0339,3.3029,24.6161,2.3953,0.80373
RPC_US06,1799,0.9176,discharge,-29.696,10.0,9.0,,300.0,4.0339,3.2006,28.061,2.3953,0.80373
RPC_US06,1799,0.8377,discharge,-29.662,2.0,2.0,,300.0,3.9294,3.2438,23.1141,2.3953,0.80373
RPC_US06,1799,0.8377,discharge,-29.662,10.0,9.0,,300.0,3.9294,3.1413,26.5698,2.3953,0.80373
RPC_US06,1799,0.7578,discharge,-29.623,2.0,2.0,,300.0,3.8491,3.171,22.891,2.3953,0.80373
RPC_US06,1799,0.7578,discharge,-29.623,10.0,9.0,,300.0,3.8491,3.0607,26.6145,2.3953,0.80373
RPC_US06,1799,0.678,discharge,-29.599,2.0,2.0,,300.0,3.7352,3.0649,22.6464,2.3953,0.80373
RPC_US06,1799,0.678,discharge,-29.599,10.0,9.0,,300.0,3.7352,2.9533,26.4169,2.3953,0.80373
RPC_US06,1799,0.5981,discharge,-29.502,2.0,2.0,,300.0,3.6552,2.9713,23.1819,2.3953,0.80373
RPC_US06,1799,0.5981,discharge,-29.502,10.0,9.0,,300.0,3.6552,2.8447,27.4732,2.3953,0.80373
RPC_US06,1799,0.5183,discharge,-29.271,2.0,2.0,,300.0,3.5941,2.8663,24.8638,2.3953,0.80373
RPC_US06,1799,0.5183,discharge,-29.271,10.0,9.0,,300.0,3.5941,2.6971,30.6441,2.3953,0.80373
RPC_US06,1799,0.439,discharge,-23.848,2.0,2.0,,300.0,3.5327,2.795,30.9334,2.3953,0.80373
RPC_US06,1799,0.439,discharge,-23.848,10.0,9.0,,300.0,3.5327,2.5655,40.5569,2.3953,0.80373
RPC_US06,1799,0.3599,discharge,-14.72,2.0,2.0,,300.0,3.4541,2.8129,43.5613,2.3953,0.80373
RPC_US06,1799,0.3599,discharge,-14.72,10.0,9.0,,300.0,3.4541,2.5605,60.7086,2.3953,0.80373
RPC_US06,1799,0.3202,discharge,-10.739,2.0,1.0,,300.0,3.4116,2.9322,44.6389,2.3953,0.80373
RPC_US06,1799,0.3202,discharge,-10.739,10.0,9.0,,300.0,3.4116,2.5707,78.2997,2.3953,0.80373
RPC_US06,1799,0.2805,discharge,-7.705,2.0,2.0,,300.0,3.3776,2.8923,62.9855,2.3953,0.80373
RPC_US06,1799,0.2805,discharge,-7.705,10.0,9.0,,300.0,3.3776,2.5875,102.5445,2.3953,0.80373
RPC_US06,1799,0.2407,discharge,-5.941,2.0,2.0,,300.0,3.3416,2.9238,70.3249,2.3953,0.80373
RPC_US06,1799,0.2407,discharge,-5.941,10.0,9.0,,300.0,3.3416,2.5633,131.0049,2.3953,0.80373
RPC_US06,1799,0.2169,discharge,-4.39,2.0,2.0,,300.0,3.2689,2.9194,79.6118,2.3953,0.80373
RPC_US06,1799,0.2169,discharge,-4.39,10.0,9.0,,300.0,3.2689,2.5592,161.661,2.3953,0.80373
RPC_US06,1799,0.205,discharge,-3.574,2.0,2.0,,300.0,3.2044,2.8967,86.0928,2.3953,0.80373
RPC_US06,1799,0.205,discharge,-3.574,10.0,9.0,,300.0,3.2044,2.5549,181.7266,2.3953,0.80373
RPC_US06,1799,0.9604,charge,1.137,2.0,2.0,,300.0,4.0708,4.15,69.6356,2.3953,0.80373
RPC_US06,1799,0.9604,charge,1.137,10.0,9.0,,300.0,4.0708,4.1501,69.7235,2.3953,0.80373
RPC_US06,1799,0.9206,charge,2.27,2.0,2.0,,300.0,4.0266,4.1501,54.4089,2.3953,0.80373
RPC_US06,1799,0.9206,charge,2.27,10.0,9.0,,300.0,4.0266,4.15,54.3648,2.3953,0.80373
RPC_US06,1799,0.8412,charge,6.143,2.0,2.0,,300.0,3.9261,4.1501,36.4613,2.3953,0.80373
RPC_US06,1799,0.8412,charge,6.143,10.0,9.0,,300.0,3.9261,4.15,36.445,2.3953,0.80373
RPC_US06,1799,0.7616,charge,9.405,2.0,2.0,,300.0,3.8466,4.1501,32.2684,2.3953,0.80373
RPC_US06,1799,0.7616,charge,9.405,10.0,9.0,,300.0,3.8466,4.15,32.2577,2.3953,0.80373
RPC_US06,1799,0.6819,charge,14.982,2.0,2.0,,300.0,3.7334,4.1214,25.8969,2.3953,0.80373
RPC_US06,1799,0.6819,charge,14.982,10.0,9.0,,300.0,3.7334,4.1501,27.8124,2.3953,0.80373
RPC_US06,1799,0.602,charge,15.001,2.0,2.0,,300.0,3.6551,4.0446,25.9649,2.3953,0.80373
RPC_US06,1799,0.602,charge,15.001,10.0,9.0,,300.0,3.6551,4.0859,28.7181,2.3953,0.80373
RPC_US06,1799,0.5221,charge,15.001,2.0,2.0,,300.0,3.5943,3.9948,26.6982,2.3953,0.80373
RPC_US06,1799,0.5221,charge,15.001,10.0,9.0,,300.0,3.5943,4.0323,29.1981,2.3953,0.80373
RPC_US06,1799,0.4422,charge,15.001,2.0,2.0,,300.0,3.5316,3.9499,27.8848,2.3953,0.80373
RPC_US06,1799,0.4422,charge,15.001,10.0,9.0,,300.0,3.5316,3.9901,30.5646,2.3953,0.80373
RPC_US06,1799,0.3624,charge,15.001,2.0,2.0,,300.0,3.4537,3.8838,28.6714,2.3953,0.80373
RPC_US06,1799,0.3624,charge,15.001,10.0,9.0,,300.0,3.4537,3.9318,31.8712,2.3953,0.80373
RPC_US06,1799,0.3224,charge,15.001,2.0,2.0,,300.0,3.412,3.8444,28.8247,2.3953,0.80373
RPC_US06,1799,0.3224,charge,15.001,10.0,9.0,,300.0,3.412,3.8922,32.0112,2.3953,0.80373
RPC_US06,1799,0.2825,charge,15.001,2.0,2.0,,300.0,3.3786,3.8155,29.1247,2.3953,0.80373
RPC_US06,1799,0.2825,charge,15.001,10.0,9.0,,300.0,3.3786,3.8549,31.7512,2.3953,0.80373
RPC_US06,1799,0.2426,charge,15.001,2.0,2.0,,300.0,3.3449,3.7968,30.1247,2.3953,0.80373
RPC_US06,1799,0.2426,charge,15.001,10.0,9.0,,300.0,3.3449,3.838,32.8711,2.3953,0.80373
RPC_US06,1799,0.2186,charge,15.001,2.0,2.0,,300.0,3.272,3.7721,33.3378,2.3953,0.80373
RPC_US06,1799,0.2186,charge,15.001,10.0,9.0,,300.0,3.272,3.8398,37.8508,2.3953,0.80373
RPC_US06,1799,0.2066,charge,15.001,2.0,2.0,,300.0,3.2085,3.7298,34.751,2.3953,0.80373
RPC_US06,1799,0.2066,charge,15.001,10.0,9.0,,300.0,3.2085,3.8222,40.9106,2.3953,0.80373
RPC_US06,1799,0.9602,charge,1.071,2.0,2.0,,300.1,4.071,4.1341,58.9141,2.3953,0.80373
RPC_US06,1799,0.9602,charge,1.071,10.0,9.0,,300.1,4.071,4.1476,71.5186,2.3953,0.80373
RPC_US06,1799,0.9203,charge,2.09,2.0,2.0,,300.1,4.027,4.126,47.3673,2.3953,0.80373
RPC_US06,1799,0.9203,charge,2.09,10.0,9.0,,300.1,4.027,4.1462,57.0321,2.3953,0.80373
RPC_US06,1799,0.8408,charge,5.732,2.0,2.0,,300.1,3.9262,4.121,33.9823,2.3953,0.80373
RPC_US06,1799,0.8408,charge,5.732,10.0,9.0,,300.1,3.9262,4.1471,38.5353,2.3953,0.80373
RPC_US06,1799,0.7612,charge,8.78,2.0,2.0,,300.1,3.8469,4.1132,30.3319,2.3953,0.80373
RPC_US06,1799,0.7612,charge,8.78,10.0,9.0,,300.1,3.8469,4.1473,34.2159,2.3953,0.80373
RPC_US06,1799,0.6818,charge,14.13,2.0,2.0,,300.1,3.7337,4.1074,26.4473,2.3953,0.80373
RPC_US06,1799,0.6818,charge,14.13,10.0,9.0,,300.1,3.7337,4.1508,29.5188,2.3953,0.80373
RPC_US06,1799,0.602,charge,15.055,2.0,2.0,,300.1,3.6554,4.0483,26.0985,2.3953,0.80373
RPC_US06,1799,0.602,charge,15.055,10.0,9.0,,300.1,3.6554,4.0866,28.6426,2.3953,0.80373
RPC_US06,1799,0.5222,charge,15.049,2.0,2.0,,300.1,3.5946,3.9982,26.8199,2.3953,0.80373
RPC_US06,1799,0.5222,charge,15.049,10.0,9.0,,300.1,3.5946,4.0332,29.1458,2.3953,0.80373
RPC_US06,1799,0.4423,charge,15.049,2.0,2.0,,300.1,3.5321,3.9539,28.0284,2.3953,0.80373
RPC_US06,1799,0.4423,charge,15.049,10.0,9.0,,300.1,3.5321,3.991,30.4937,2.3953,0.80373
RPC_US06,1799,0.3624,charge,15.065,2.0,2.0,,300.1,3.4543,3.8888,28.8426,2.3953,0.80373
RPC_US06,1799,0.3624,charge,15.065,10.0,9.0,,300.1,3.4543,3.9331,31.7833,2.3953,0.80373
RPC_US06,1799,0.3225,charge,15.066,2.0,2.0,,300.1,3.4127,3.8494,28.9858,2.3953,0.80373
RPC_US06,1799,0.3225,charge,15.066,10.0,9.0,,300.1,3.4127,3.8937,31.9262,2.3953,0.80373
RPC_US06,1799,0.2826,charge,15.053,2.0,2.0,,300.1,3.379,3.8195,29.2623,2.3953,0.80373
RPC_US06,1799,0.2826,charge,15.053,10.0,9.0,,300.1,3.379,3.8558,31.6737,2.3953,0.80373
RPC_US06,1799,0.2427,charge,15.052,2.0,1.0,,300.1,3.3456,3.7882,29.4038,2.3953,0.80373
RPC_US06,1799,0.2427,charge,15.052,10.0,9.01,,300.1,3.3456,3.8388,32.7653,2.3953,0.80373
RPC_US06,1799,0.2187,charge,15.074,2.0,2.0,,300.1,3.2745,3.7812,33.6142,2.3953,0.80373
RPC_US06,1799,0.2187,charge,15.074,10.0,9.0,,300.1,3.2745,3.8415,37.6144,2.3953,0.80373
RPC_US06,1799,0.2067,charge,15.111,2.0,2.0,,300.1,3.2125,3.7427,35.0859,2.3953,0.80373
RPC_US06,1799,0.2067,charge,15.111,10.0,9.0,,300.1,3.2125,3.8262,40.6115,2.3953,0.80373
