temp_set_C,T_cell_C,tau_s,SOC,direction,I_A,rest_before_s,V_pre_V,V_tau_V,R_mOhm
0,1.29,10.0,1.0043,discharge,-29.998,2988.1,4.193,3.3084,29.4886
0,1.6,10.0,1.0069,discharge,-30.0,20.2,4.1984,3.3067,29.7233
0,1.16,10.0,1.0092,discharge,-2.271,20.0,4.1705,4.0484,53.7554
0,1.17,10.0,0.9618,charge,3.349,20.2,4.0964,4.1998,30.8795
0,1.22,10.0,0.9616,discharge,-29.416,20.2,4.0865,3.3948,23.5144
0,1.56,10.0,0.9642,discharge,-29.778,20.2,4.0943,3.4134,22.8659
0,1.47,10.0,0.9196,charge,4.773,20.2,4.0805,4.2013,25.309
0,1.48,10.0,0.9192,discharge,-29.553,20.2,4.0707,3.3886,23.0806
0,1.6,10.0,0.9219,charge,1.115,20.2,4.0837,4.111,24.4887
0,0.94,10.0,0.8744,charge,4.999,20.2,4.0506,4.1786,25.6072
0,1.28,10.0,0.874,discharge,-29.691,20.2,4.0401,3.3544,23.0945
0,1.16,10.0,0.8767,charge,2.397,20.2,4.0615,4.1199,24.3679
0,0.88,10.0,0.8291,charge,4.998,20.2,3.9947,4.1215,25.3717
0,1.45,10.0,0.8286,discharge,-29.717,20.2,3.9849,3.3207,22.3508
0,0.91,10.0,0.8313,charge,4.631,20.2,4.0099,4.1212,24.0326
0,1.39,10.0,0.8308,charge,4.267,20.2,3.999,4.1096,25.922
0,1.23,10.0,0.7829,charge,5.0,20.2,3.9359,4.0613,25.0825
0,1.01,10.0,0.7825,discharge,-29.591,20.2,3.9262,3.2883,21.5572
0,1.28,10.0,0.7852,charge,4.984,20.2,3.9542,4.0703,23.295
0,1.28,10.0,0.7373,charge,5.0,20.2,3.8923,4.0111,23.7619
0,1.49,10.0,0.7368,discharge,-29.497,20.2,3.8817,3.2565,21.1954
0,1.21,10.0,0.7395,charge,4.98,20.2,3.9046,4.0218,23.5327
0,1.78,10.0,0.6912,charge,4.998,20.2,3.8545,3.9682,22.7509
0,1.23,10.0,0.6907,discharge,-28.806,20.2,3.8435,3.2257,21.4469
0,1.65,10.0,0.6933,charge,4.986,20.2,3.8612,3.9742,22.6657
0,0.9,10.0,0.6929,discharge,-29.687,20.2,3.8489,3.2275,20.9317
0,1.02,10.0,0.6476,charge,4.997,20.2,3.8126,3.9252,22.5317
0,1.78,10.0,0.6471,discharge,-26.784,20.2,3.8013,3.2168,21.8227
0,1.27,10.0,0.6495,charge,4.986,20.2,3.8174,3.9283,22.2427
0,1.73,10.0,0.6008,charge,5.0,20.2,3.7634,3.8768,22.6818
0,1.58,10.0,0.6003,discharge,-24.182,20.2,3.753,3.2104,22.4382
0,1.21,10.0,0.6025,charge,4.99,20.2,3.769,3.8804,22.3264
0,1.15,10.0,0.5531,charge,5.0,20.2,3.7107,3.826,23.0614
0,1.76,10.0,0.5527,discharge,-21.961,20.2,3.7014,3.1984,22.9042
0,1.19,10.0,0.5546,charge,4.986,20.2,3.7182,3.8314,22.7017
0,1.56,10.0,0.5052,charge,4.999,20.2,3.6609,3.7773,23.2833
0,1.71,10.0,0.5047,discharge,-19.592,20.2,3.6536,3.1963,23.3412
0,1.22,10.0,0.5065,charge,4.985,20.2,3.6713,3.7859,22.9899
0,1.73,10.0,0.457,charge,5.0,20.2,3.6178,3.7357,23.5814
0,1.43,10.0,0.4566,discharge,-17.33,20.2,3.6129,3.1963,24.0392
0,1.41,10.0,0.4581,charge,4.982,20.2,3.6312,3.7477,23.3861
0,1.61,10.0,0.408,charge,4.997,20.2,3.5761,3.6977,24.3336
0,1.3,10.0,0.4076,discharge,-14.96,20.2,3.5741,3.198,25.1404
0,1.24,10.0,0.4089,charge,4.985,20.2,3.5924,3.7121,24.014
0,1.39,10.0,0.3588,charge,5.001,20.2,3.5311,3.6587,25.5144
0,1.81,10.0,0.3584,discharge,-12.233,20.2,3.5317,3.2015,26.9926
0,1.82,10.0,0.3595,charge,4.98,20.2,3.5496,3.6751,25.1988
0,1.65,10.0,0.3091,charge,4.999,20.2,3.4825,3.6177,27.0443
0,1.79,10.0,0.3086,discharge,-9.069,20.2,3.4839,3.2084,30.3782
0,1.5,10.0,0.3095,charge,4.983,20.2,3.4996,3.6344,27.0498
0,1.39,10.0,0.2588,charge,4.999,20.2,3.4341,3.5778,28.744
0,1.22,10.0,0.2583,discharge,-5.626,20.2,3.4338,3.2222,37.6098
0,1.01,10.0,0.2588,charge,4.989,20.2,3.4456,3.5897,28.8818
0,1.69,10.0,0.2584,discharge,-6.574,20.2,3.4418,3.1934,37.7869
0,1.79,10.0,0.2085,charge,5.0,20.2,3.3687,3.5318,32.622
0,1.12,10.0,0.208,discharge,-2.75,20.2,3.3772,3.233,52.4364
0,1.34,10.0,0.2083,charge,4.989,20.2,3.3914,3.5461,31.0113
0,1.25,10.0,0.2078,discharge,-3.656,20.2,3.3879,3.1885,54.5405
0,1.28,10.0,0.1598,charge,4.999,28.3,3.2592,3.4964,47.4504
0,1.29,10.0,0.1594,charge,4.975,20.2,3.2983,3.5116,42.8778
0,1.27,10.0,0.159,discharge,-5.112,20.2,3.2944,2.5326,149.0277
0,1.22,10.0,0.1595,discharge,-1.561,20.3,3.3301,3.1811,95.47
0,1.4,10.0,0.1219,charge,5.001,20.3,3.0754,3.3993,64.7683
0,1.73,10.0,0.1187,charge,4.491,20.2,2.8643,3.3409,106.1234
0,1.37,10.0,0.1181,charge,4.883,20.3,2.803,3.3565,113.3455
10,11.4,10.0,1.0,discharge,-29.998,2326.7,4.1916,3.5194,22.4082
10,10.92,10.0,1.0019,discharge,-29.944,20.2,4.1968,3.5276,22.3484
10,10.77,10.0,0.9571,charge,4.777,20.2,4.0991,4.2,21.1207
10,10.72,10.0,0.9568,discharge,-29.721,20.2,4.0911,3.5455,18.3574
10,11.15,10.0,0.9121,charge,4.998,20.2,4.0814,4.1769,19.1061
10,10.84,10.0,0.9116,discharge,-29.606,20.2,4.0742,3.5349,18.2159
10,10.67,10.0,0.9143,charge,1.407,20.2,4.0836,4.1085,17.6985
10,11.13,10.0,0.8669,charge,4.999,20.2,4.0613,4.1545,18.6448
10,11.31,10.0,0.8664,discharge,-29.743,20.2,4.0535,3.4986,18.6565
10,11.11,10.0,0.8691,charge,2.576,20.2,4.0662,4.1133,18.2835
10,10.62,10.0,0.8216,charge,4.998,20.2,4.0109,4.105,18.8287
10,10.82,10.0,0.8211,discharge,-29.833,20.2,4.0031,3.4604,18.1913
10,11.19,10.0,0.8238,charge,4.99,20.2,4.0178,4.1096,18.3983
10,10.76,10.0,0.776,charge,5.0,20.2,3.9578,4.0486,18.16
10,10.88,10.0,0.7756,discharge,-29.891,20.2,3.9496,3.4247,17.5605
10,11.34,10.0,0.7782,charge,4.987,20.2,3.9632,4.0516,17.7243
10,10.67,10.0,0.7304,charge,5.0,20.2,3.9119,4.005,18.6211
10,11.4,10.0,0.7299,discharge,-29.828,20.2,3.9047,3.3905,17.2388
10,10.68,10.0,0.7325,charge,4.99,20.2,3.9237,4.009,17.0935
10,11.28,10.0,0.6848,charge,5.0,20.2,3.8631,3.9551,18.4007
10,10.84,10.0,0.6844,discharge,-29.697,20.2,3.8549,3.3493,17.0253
10,10.62,10.0,0.687,charge,4.976,20.2,3.8758,3.9686,18.6495
10,10.86,10.0,0.6392,charge,5.0,20.2,3.8163,3.9037,17.4807
10,11.54,10.0,0.6388,discharge,-29.708,20.2,3.8076,3.2972,17.1806
10,11.34,10.0,0.6414,charge,4.988,20.2,3.8208,3.907,17.2804
10,10.74,10.0,0.5936,charge,5.0,20.2,3.7676,3.8541,17.3017
10,10.75,10.0,0.5932,discharge,-29.731,20.2,3.7592,3.2427,17.3724
10,10.86,10.0,0.5958,charge,4.992,20.2,3.7713,3.8566,17.086
10,10.74,10.0,0.5478,charge,4.998,20.2,3.7183,3.8049,17.3252
10,11.36,10.0,0.5473,discharge,-28.697,20.2,3.7096,3.2057,17.5596
10,10.83,10.0,0.5499,charge,4.991,20.2,3.7217,3.8071,17.1098
10,10.58,10.0,0.5012,charge,5.0,20.2,3.6735,3.7601,17.3193
10,10.97,10.0,0.5008,discharge,-26.186,20.2,3.6646,3.2006,17.7194
10,10.91,10.0,0.5031,charge,4.991,20.2,3.6775,3.7629,17.1098
10,11.17,10.0,0.4541,charge,4.999,20.2,3.6356,3.7237,17.6242
10,10.78,10.0,0.4537,discharge,-23.631,20.2,3.628,3.1986,18.171
10,10.75,10.0,0.4558,charge,4.99,20.2,3.642,3.7285,17.3357
10,10.74,10.0,0.4066,charge,4.998,20.2,3.5979,3.6884,18.1069
10,11.13,10.0,0.4062,discharge,-20.884,20.2,3.5926,3.2,18.7991
10,10.96,10.0,0.4081,charge,4.986,20.2,3.6084,3.6967,17.7114
10,10.81,10.0,0.3583,charge,4.998,20.2,3.5577,3.6508,18.6271
10,10.77,10.0,0.3579,discharge,-17.904,20.2,3.5541,3.1996,19.8
10,11.11,10.0,0.3595,charge,4.98,20.2,3.5702,3.6629,18.6156
10,10.84,10.0,0.3096,charge,4.998,20.2,3.5105,3.6097,19.8479
10,11.1,10.0,0.3092,discharge,-14.247,20.2,3.5098,3.2016,21.6326
10,11.02,10.0,0.3105,charge,4.985,20.2,3.5253,3.6221,19.4186
10,10.53,10.0,0.2602,charge,4.998,20.2,3.4543,3.5602,21.1885
10,10.62,10.0,0.2597,discharge,-9.449,20.2,3.4533,3.2164,25.0725
10,11.22,10.0,0.2606,charge,4.988,20.2,3.4653,3.571,21.19
10,10.56,10.0,0.2099,charge,5.0,20.2,3.3996,3.5155,23.1814
10,10.53,10.0,0.2095,discharge,-4.775,20.2,3.3969,3.2317,34.5969
10,10.56,10.0,0.2099,charge,4.989,20.2,3.4074,3.5214,22.8526
10,10.61,10.0,0.2094,discharge,-6.053,20.2,3.4017,3.1851,35.7863
10,11.11,10.0,0.1591,charge,5.0,20.2,3.3221,3.4742,30.4188
10,10.72,10.0,0.1587,discharge,-2.141,20.2,3.3332,3.2099,57.5913
10,10.61,10.0,0.1588,charge,4.994,20.2,3.3484,3.4881,27.9724
10,10.76,10.0,0.1135,charge,5.0,20.3,3.131,3.372,48.2039
10,10.73,10.0,0.1105,charge,4.729,20.2,3.0751,3.3441,56.8795
10,10.6,10.0,0.1018,discharge,-1.363,27.0,2.9278,2.6009,239.8298
25,25.3,10.0,1.0,discharge,-30.0,128.6,4.1402,3.6843,15.1967
25,25.34,10.0,1.002,charge,2.78,20.2,4.1491,4.2,18.3126
25,25.81,10.0,1.0019,discharge,-29.843,20.2,4.1412,3.6989,14.8209
25,25.44,10.0,1.0046,charge,1.837,20.2,4.1488,4.1829,18.5679
25,25.34,10.0,0.957,charge,5.0,20.2,4.0901,4.1615,14.28
25,25.6,10.0,0.9565,discharge,-29.802,20.2,4.0858,3.6807,13.593
25,25.66,10.0,0.9592,charge,1.088,20.2,4.0919,4.1062,13.1458
25,25.86,10.0,0.9118,charge,4.998,20.2,4.0777,4.1423,12.9247
25,25.85,10.0,0.9113,discharge,-29.708,20.2,4.0735,3.6581,13.9828
25,25.97,10.0,0.914,charge,2.123,20.2,4.0784,4.1061,13.05
25,25.83,10.0,0.8665,charge,5.0,20.2,4.0482,4.1179,13.9408
25,25.97,10.0,0.8661,discharge,-29.811,20.2,4.0435,3.6143,14.3974
25,26.2,10.0,0.8688,charge,4.147,20.2,4.0519,4.1089,13.7459
25,25.68,10.0,0.8211,charge,5.0,20.2,3.9927,4.0625,13.9592
25,25.91,10.0,0.8206,discharge,-29.859,20.2,3.9876,3.5705,13.969
25,25.87,10.0,0.8233,charge,4.997,20.2,3.9953,4.0643,13.8077
25,25.57,10.0,1.0495,discharge,-29.998,2150.0,4.1993,3.6965,16.7611
25,25.36,10.0,1.05,discharge,-29.913,20.2,4.1977,3.7014,16.5914
25,25.24,10.0,1.0077,charge,4.998,20.2,4.1023,4.1813,15.8063
25,25.65,10.0,1.0072,discharge,-29.864,20.2,4.0976,3.6852,13.8093
25,25.02,10.0,0.9624,charge,5.001,20.2,4.0824,4.1501,13.5384
25,25.39,10.0,0.9619,discharge,-29.706,20.2,4.078,3.6694,13.7546
25,25.36,10.0,0.9646,charge,1.7,20.2,4.0838,4.1058,12.945
25,25.5,10.0,0.9172,charge,4.998,20.2,4.0679,4.1346,13.3453
25,25.8,10.0,0.9168,discharge,-29.774,20.2,4.0632,3.6337,14.4253
25,25.87,10.0,0.9195,charge,2.855,20.2,4.0707,4.1082,13.1335
25,25.59,10.0,0.8718,charge,5.0,20.2,4.0202,4.0909,14.1406
25,25.65,10.0,0.8714,discharge,-29.845,20.2,4.0154,3.5892,14.2804
25,25.95,10.0,0.8741,charge,4.997,20.2,4.0241,4.0936,13.9083
25,25.78,10.0,0.8263,charge,5.0,20.2,3.9635,4.0312,13.5411
25,25.45,10.0,0.8258,discharge,-29.889,20.2,3.9586,3.5495,13.6873
25,25.78,10.0,0.8285,charge,4.995,20.2,3.9657,4.0332,13.5146
25,25.71,10.0,0.7807,charge,5.0,20.2,3.9226,3.9878,13.041
25,25.77,10.0,0.7803,discharge,-29.901,20.2,3.9172,3.5142,13.4776
25,25.98,10.0,0.783,charge,4.994,20.2,3.9247,3.9886,12.7951
25,26.17,10.0,0.7352,charge,5.0,20.2,3.8818,3.9525,14.1406
25,25.74,10.0,0.7348,discharge,-29.963,20.2,3.8766,3.4745,13.4199
25,25.3,10.0,0.7375,charge,4.994,20.2,3.8897,3.9554,13.1563
25,25.39,10.0,0.6897,charge,4.997,20.2,3.8222,3.8896,13.487
25,25.97,10.0,0.6893,discharge,-29.837,20.2,3.8153,3.4243,13.1045
25,25.98,10.0,0.6919,charge,4.988,20.2,3.8266,3.8951,13.733
25,26.04,10.0,0.6441,charge,5.0,20.2,3.7708,3.8371,13.2613
25,25.39,10.0,0.6437,discharge,-29.823,20.2,3.7652,3.3676,13.332
25,25.46,10.0,0.6464,charge,4.993,20.2,3.7728,3.8389,13.2385
25,26.08,10.0,0.5986,charge,5.0,20.2,3.7208,3.7872,13.2813
25,25.99,10.0,0.5981,discharge,-29.837,20.2,3.7151,3.3145,13.4263
25,25.87,10.0,0.6008,charge,4.994,20.2,3.7232,3.7888,13.1368
25,25.3,10.0,0.553,charge,5.0,20.2,3.6763,3.7424,13.2211
25,25.33,10.0,0.5526,discharge,-29.864,20.2,3.67,3.2702,13.3874
25,25.7,10.0,0.5553,charge,4.993,20.2,3.6792,3.7443,13.0377
25,25.27,10.0,0.5074,charge,4.999,20.2,3.6414,3.7068,13.0821
25,25.92,10.0,0.507,discharge,-29.857,20.2,3.6346,3.2323,13.4742
25,25.56,10.0,0.5097,charge,4.992,20.2,3.6444,3.7094,13.0198
25,25.9,10.0,0.4616,charge,4.999,20.2,3.6103,3.6762,13.1816
25,25.72,10.0,0.4611,discharge,-29.639,20.2,3.6033,3.1956,13.7555
25,25.37,10.0,0.4638,charge,4.99,20.2,3.6135,3.6789,13.1052
25,25.31,10.0,0.4152,charge,5.0,20.2,3.5763,3.6438,13.5014
25,25.69,10.0,0.4148,discharge,-26.163,20.2,3.5702,3.199,14.188
25,26.02,10.0,0.4171,charge,4.992,20.2,3.581,3.6471,13.2422
25,25.8,10.0,0.3678,charge,5.0,20.2,3.5309,3.6002,13.8608
25,26.01,10.0,0.3673,discharge,-22.119,20.2,3.5255,3.1996,14.7339
25,25.57,10.0,0.3693,charge,4.99,20.2,3.5362,3.6057,13.9284
25,25.66,10.0,0.3196,charge,5.0,20.2,3.4724,3.5454,14.6003
25,25.64,10.0,0.3191,discharge,-16.81,20.2,3.4672,3.2028,15.7287
25,25.65,10.0,0.3206,charge,4.992,20.2,3.4761,3.5492,14.6449
25,26.18,10.0,0.2703,charge,4.997,20.2,3.4137,3.4875,14.7677
25,26.14,10.0,0.2699,discharge,-10.129,20.2,3.408,3.2175,18.8074
25,26.01,10.0,0.2708,charge,4.989,20.2,3.4172,3.4905,14.6926
25,26.02,10.0,0.22,charge,4.999,20.2,3.3523,3.4536,20.2624
25,25.71,10.0,0.2195,discharge,-4.334,20.2,3.3521,3.2234,29.6961
25,25.8,10.0,0.2199,charge,4.997,20.2,3.3631,3.4591,19.2096
25,26.12,10.0,0.2195,discharge,-5.56,20.2,3.3588,3.1834,31.5462
25,25.42,10.0,0.1735,charge,4.999,20.3,3.1419,3.3043,32.4839
25,25.95,10.0,0.169,charge,4.956,20.2,3.1159,3.2817,33.4517
25,25.7,10.0,0.1549,charge,4.781,25.0,2.6043,2.9818,78.9534
40,40.08,10.0,1.0,discharge,-30.0,2258.1,4.1878,3.7879,13.33
40,39.86,10.0,1.0021,discharge,-29.866,20.2,4.1909,3.7933,13.3128
40,40.37,10.0,0.9572,charge,4.998,20.2,4.1044,4.1657,12.2652
40,40.39,10.0,0.9567,discharge,-29.922,20.2,4.1015,3.7645,11.2626
40,40.26,10.0,0.9117,charge,5.0,20.2,4.084,4.1381,10.8196
40,40.81,10.0,0.9112,discharge,-29.852,20.2,4.081,3.7437,11.2991
40,40.44,10.0,0.9139,charge,1.841,20.2,4.085,4.1037,10.1586
40,39.94,10.0,0.8663,charge,4.999,20.2,4.0722,4.1258,10.723
40,39.83,10.0,0.8659,discharge,-29.814,20.2,4.0689,3.7093,12.0614
40,40.33,10.0,0.8686,charge,2.991,20.2,4.0738,4.1055,10.5974
40,40.39,10.0,0.821,charge,4.998,20.2,4.0263,4.0853,11.8045
40,40.48,10.0,0.8205,discharge,-29.862,20.2,4.0228,3.6585,12.1995
40,40.11,10.0,0.8232,charge,4.998,20.2,4.0285,4.0868,11.6643
40,39.89,10.0,0.7754,charge,4.998,20.2,3.9674,4.0251,11.5446
40,39.91,10.0,0.775,discharge,-29.894,20.2,3.964,3.6143,11.698
40,39.96,10.0,0.7776,charge,4.997,20.2,3.9686,4.0252,11.3277
40,40.64,10.0,0.7299,charge,5.0,20.2,3.9245,3.9784,10.7802
40,40.21,10.0,0.7294,discharge,-29.913,20.2,3.9209,3.5791,11.4265
40,40.83,10.0,0.7321,charge,4.995,20.2,3.9257,3.9797,10.8106
40,40.65,10.0,0.6845,charge,5.0,20.2,3.8913,3.9465,11.0407
40,40.22,10.0,0.684,discharge,-29.955,20.2,3.8874,3.5405,11.5807
40,40.32,10.0,0.6867,charge,4.995,20.2,3.893,3.9473,10.872
40,40.28,10.0,0.6388,charge,4.999,20.2,3.8309,3.8915,12.1219
40,40.09,10.0,0.6383,discharge,-29.904,20.2,3.825,3.4915,11.1524
40,40.45,10.0,0.641,charge,4.99,20.2,3.8343,3.8942,12.0035
40,40.68,10.0,0.5935,charge,4.999,20.2,3.7762,3.8324,11.2416
40,40.53,10.0,0.593,discharge,-29.821,20.2,3.7721,3.4336,11.3511
40,40.56,10.0,0.5957,charge,4.998,20.2,3.7774,3.8332,11.1636
40,40.38,10.0,0.548,charge,4.999,20.2,3.7261,3.7831,11.4018
40,39.95,10.0,0.5475,discharge,-29.872,20.2,3.7226,3.3785,11.5191
40,40.19,10.0,0.5502,charge,4.997,20.2,3.7278,3.7843,11.307
40,40.38,10.0,0.5025,charge,5.001,20.2,3.6823,3.738,11.1373
40,40.44,10.0,0.502,discharge,-29.841,20.2,3.6777,3.3346,11.4976
40,40.45,10.0,0.5047,charge,4.997,20.2,3.6842,3.7402,11.2072
40,40.28,10.0,0.4571,charge,5.0,20.2,3.646,3.7021,11.2211
40,40.61,10.0,0.4566,discharge,-29.906,20.2,3.6414,3.2973,11.5061
40,40.53,10.0,0.4594,charge,4.994,20.2,3.6494,3.7048,11.0942
40,40.41,10.0,0.4115,charge,4.998,20.2,3.6124,3.6691,11.3434
40,40.4,10.0,0.411,discharge,-29.892,20.2,3.6081,3.2609,11.6151
40,40.68,10.0,0.4137,charge,4.993,20.2,3.6171,3.673,11.195
40,40.23,10.0,0.3661,charge,5.001,20.2,3.5783,3.6356,11.4584
40,40.21,10.0,0.3656,discharge,-29.9,20.2,3.573,3.2192,11.8328
40,40.89,10.0,0.3683,charge,4.991,20.2,3.5806,3.6375,11.4014
40,40.3,10.0,0.3202,charge,4.999,20.2,3.5362,3.5951,11.7821
40,40.74,10.0,0.3197,discharge,-27.767,20.2,3.5314,3.194,12.1511
40,40.25,10.0,0.3222,charge,4.994,20.2,3.5387,3.5977,11.8137
40,40.04,10.0,0.2728,charge,5.002,20.2,3.479,3.5401,12.2163
40,40.06,10.0,0.2724,discharge,-22.082,20.2,3.4744,3.1987,12.4853
40,40.03,10.0,0.2744,charge,4.994,20.2,3.4806,3.5419,12.2757
40,40.08,10.0,0.2245,charge,4.999,20.2,3.419,3.4781,11.8231
40,40.4,10.0,0.224,discharge,-15.222,20.2,3.414,3.2051,13.7236
40,40.72,10.0,0.2254,charge,4.993,20.2,3.4215,3.48,11.7157
40,40.22,10.0,0.175,charge,4.999,20.2,3.3749,3.4447,13.9625
40,40.35,10.0,0.1745,discharge,-8.357,20.2,3.3705,3.2151,18.5943
40,40.31,10.0,0.1753,charge,4.993,20.2,3.3788,3.4476,13.7796
40,40.21,10.0,0.1271,charge,4.999,20.3,3.1738,3.2936,23.9643
40,40.01,10.0,0.1237,charge,4.999,20.2,3.1564,3.2782,24.3634
40,40.0,10.0,0.0979,charge,4.821,33.0,2.6014,2.9406,70.3661
40,40.29,10.0,0.1002,charge,4.818,26.0,2.6018,2.9473,71.7095
40,40.43,10.0,0.1042,charge,4.816,32.0,2.6014,2.9465,71.6622
-10,-8.1,10.0,1.0,discharge,-22.747,3562.1,4.1814,3.2,43.1442
-10,-8.01,10.0,1.0008,discharge,-23.034,20.2,4.1932,3.1906,43.527
-10,-7.71,10.0,1.0028,discharge,-2.325,31.3,4.1484,3.9516,84.6324
-10,-7.79,10.0,0.9544,charge,2.318,20.2,4.0905,4.2002,47.3171
-10,-7.89,10.0,0.9543,discharge,-24.982,20.2,4.0801,3.2765,32.1672
-10,-7.91,10.0,0.9565,discharge,-27.694,20.2,4.0884,3.2474,30.3676
-10,-8.46,10.0,0.9591,discharge,-29.261,20.3,4.1013,3.2631,28.6456
-10,-7.99,10.0,0.9617,discharge,-29.581,20.3,4.1044,3.2837,27.7442
-10,-8.34,10.0,0.9163,charge,3.334,20.2,4.0752,4.1996,37.3069
-10,-7.72,10.0,0.9161,discharge,-27.006,20.2,4.0645,3.246,30.3081
-10,-8.06,10.0,0.9185,discharge,-29.025,20.2,4.0744,3.2274,29.1817
-10,-8.4,10.0,0.9211,discharge,-29.311,20.3,4.0865,3.272,27.7882
-10,-7.79,10.0,0.9237,discharge,-29.529,20.3,4.0881,3.2898,27.0344
-10,-7.9,10.0,0.8781,charge,4.84,20.2,4.0332,4.2001,34.4863
-10,-8.33,10.0,0.8777,discharge,-26.406,20.2,4.0194,3.2267,30.0197
-10,-8.68,10.0,0.8801,charge,2.196,20.2,4.0502,4.129,35.8883
-10,-8.06,10.0,0.8799,discharge,-28.503,20.2,4.0391,3.2037,29.3092
-10,-8.66,10.0,0.8824,charge,1.7,20.2,4.0595,4.1183,34.5984
-10,-8.77,10.0,0.8338,charge,4.998,20.2,3.9662,4.1484,36.456
-10,-8.53,10.0,0.8334,discharge,-24.306,20.2,3.953,3.2243,29.9803
-10,-8.77,10.0,0.8356,charge,4.105,20.2,3.9851,4.1318,35.7343
-10,-7.89,10.0,0.8352,discharge,-26.484,20.2,3.9704,3.1963,29.229
-10,-7.89,10.0,0.8375,charge,3.656,20.2,3.9985,4.1249,34.5714
-10,-7.87,10.0,0.8372,charge,3.362,20.3,3.9844,4.1128,38.1893
-10,-8.64,10.0,0.7882,charge,5.0,20.2,3.913,4.0902,35.4393
-10,-8.52,10.0,0.7877,discharge,-22.347,20.2,3.9,3.2269,30.1204
-10,-8.11,10.0,0.7897,charge,4.978,20.2,3.9251,4.0992,34.9739
-10,-8.56,10.0,0.7893,discharge,-24.313,20.2,3.9099,3.1991,29.2354
-10,-7.84,10.0,0.7427,charge,4.998,20.2,3.8725,4.0394,33.3907
-10,-7.98,10.0,0.7422,discharge,-21.407,20.2,3.8606,3.2179,30.0229
-10,-8.4,10.0,0.7441,charge,4.98,20.2,3.8824,4.0486,33.3735
-10,-8.62,10.0,0.6948,charge,4.998,20.2,3.8294,3.9969,33.5147
-10,-8.26,10.0,0.6943,discharge,-19.568,20.2,3.8191,3.2098,31.1376
-10,-8.59,10.0,0.6961,charge,4.979,20.2,3.8408,4.006,33.1767
-10,-8.32,10.0,0.6464,charge,4.999,20.2,3.7807,3.9514,34.1455
-10,-8.13,10.0,0.646,discharge,-17.712,20.2,3.7722,3.2023,32.1759
-10,-8.57,10.0,0.6476,charge,4.98,20.2,3.7944,3.9622,33.6955
-10,-8.19,10.0,0.5979,charge,4.999,20.2,3.7264,3.9001,34.7449
-10,-8.76,10.0,0.5975,discharge,-15.74,20.2,3.7212,3.1982,33.2274
-10,-8.63,10.0,0.5989,charge,4.981,20.2,3.7437,3.9145,34.2903
-10,-7.96,10.0,0.549,charge,4.999,20.2,3.6711,3.8461,35.0063
-10,-8.17,10.0,0.5485,discharge,-13.797,20.2,3.6681,3.1971,34.1379
-10,-8.04,10.0,0.5498,charge,4.98,20.2,3.6899,3.8632,34.8013
-10,-8.08,10.0,0.4999,charge,4.998,20.2,3.6218,3.7988,35.417
-10,-7.98,10.0,0.4994,discharge,-11.973,20.2,3.6214,3.1983,35.3378
-10,-8.06,10.0,0.5005,charge,4.983,20.2,3.6423,3.818,35.2592
-10,-8.3,10.0,0.4504,charge,4.999,20.2,3.5778,3.7577,35.9886
-10,-8.35,10.0,0.45,discharge,-10.206,20.2,3.5795,3.2018,37.0076
-10,-7.77,10.0,0.4509,charge,4.978,20.2,3.5991,3.7799,36.3191
-10,-7.96,10.0,0.4007,charge,4.999,20.2,3.5359,3.7217,37.1652
-10,-7.95,10.0,0.4002,discharge,-8.422,20.2,3.5385,3.2048,39.6234
-10,-8.18,10.0,0.401,charge,4.979,20.2,3.5569,3.7434,37.4558
-10,-8.35,10.0,0.3507,charge,4.999,20.2,3.4934,3.6868,38.6846
-10,-8.09,10.0,0.3502,discharge,-6.504,20.2,3.4962,3.2085,44.2364
-10,-8.42,10.0,0.3508,charge,4.978,20.2,3.5109,3.7073,39.4528
-10,-7.93,10.0,0.3001,charge,4.999,20.2,3.4528,3.6533,40.1088
-10,-8.1,10.0,0.2996,discharge,-4.502,20.2,3.4552,3.2187,52.5334
-10,-8.15,10.0,0.3001,charge,4.981,20.2,3.4675,3.6709,40.8376
-10,-8.39,10.0,0.2496,charge,4.999,20.2,3.4074,3.606,39.7311
-10,-8.45,10.0,0.2491,discharge,-2.993,20.2,3.4161,3.2255,63.6798
-10,-7.86,10.0,0.2494,charge,4.986,20.2,3.4284,3.6275,39.9334
-10,-8.12,10.0,0.2489,discharge,-3.618,20.2,3.4258,3.1878,65.7877
-10,-8.41,10.0,0.1984,charge,4.999,20.2,3.3532,3.5819,45.7501
-10,-7.79,10.0,0.1981,charge,4.985,20.2,3.3798,3.6008,44.3339
-10,-7.86,10.0,0.1976,discharge,-2.341,20.2,3.3782,3.1148,112.5064
-10,-8.43,10.0,0.1979,discharge,-2.566,20.3,3.3951,3.1132,109.8768
-10,-7.93,10.0,0.1981,discharge,-1.311,20.3,3.4003,3.2807,91.242
-10,-8.34,10.0,0.1509,charge,4.999,27.3,3.2538,3.5957,68.3978
-10,-7.57,10.0,0.1499,charge,4.672,50.6,3.2751,3.5892,67.2361
-10,-8.11,10.0,0.1494,charge,4.803,20.3,3.2302,3.593,75.5346
-20,-17.74,10.0,1.0,discharge,-11.747,5694.5,4.1908,3.2004,84.3109
-20,-17.67,10.0,1.0004,discharge,-11.711,2520.2,4.1975,3.1779,87.0634
-20,-17.8,10.0,1.0016,discharge,-11.545,2892.3,4.1978,3.1773,88.3932
-20,-18.28,10.0,1.0028,discharge,-11.333,2974.3,4.1981,3.1876,89.1644
-20,-18.02,10.0,0.9544,charge,1.538,20.2,4.0711,4.1997,83.6096
-20,-17.98,10.0,0.9544,discharge,-15.379,20.2,4.0661,3.2467,53.2804
-20,-18.16,10.0,0.9558,discharge,-16.561,20.2,4.0793,3.2359,50.9269
-20,-17.49,10.0,0.9573,discharge,-17.558,20.2,4.0848,3.2211,49.1913
-20,-17.7,10.0,0.959,discharge,-18.105,20.3,4.0965,3.2381,47.4123
-20,-17.79,10.0,0.9607,discharge,-18.895,20.3,4.0995,3.2342,45.7952
-20,-17.62,10.0,0.9131,charge,2.761,20.2,4.0389,4.1999,58.3143
-20,-18.24,10.0,0.913,discharge,-18.468,20.2,4.0318,3.2086,44.5744
-20,-18.3,10.0,0.9147,charge,1.11,20.2,4.0642,4.1342,63.0574
-20,-17.79,10.0,0.8653,charge,4.522,20.2,3.9631,4.2,52.393
-20,-17.8,10.0,0.8649,discharge,-16.579,20.2,3.9585,3.2106,45.1113
-20,-18.26,10.0,0.8664,charge,2.516,20.2,3.9976,4.1489,60.1256
-20,-18.19,10.0,0.8662,charge,1.903,20.3,3.9867,4.1155,67.6826
-20,-17.64,10.0,0.8166,charge,5.0,20.2,3.9066,4.1736,53.4053
-20,-17.93,10.0,0.8161,discharge,-14.769,20.2,3.9009,3.217,46.3065
-20,-17.51,10.0,0.8174,charge,3.784,20.2,3.9306,4.1428,56.0842
-20,-18.15,10.0,0.8171,charge,3.259,20.3,3.9191,4.1197,61.5507
-20,-18.01,10.0,0.7675,charge,5.0,20.2,3.8652,4.1273,52.4252
-20,-18.26,10.0,0.767,discharge,-13.71,20.2,3.8605,3.2156,47.0387
-20,-17.63,10.0,0.7682,charge,4.617,20.2,3.8866,4.1319,53.1355
-20,-17.53,10.0,0.7678,charge,4.279,20.3,3.8749,4.1191,57.0747
-20,-17.68,10.0,0.7179,charge,5.0,20.2,3.8229,4.083,52.0231
-20,-17.65,10.0,0.7174,discharge,-12.673,20.2,3.8204,3.2134,47.8971
-20,-17.61,10.0,0.7186,charge,4.976,20.2,3.8464,4.1053,52.0256
-20,-17.29,10.0,0.6684,charge,4.999,20.2,3.7754,4.0329,51.5072
-20,-17.81,10.0,0.6679,discharge,-11.652,20.2,3.7748,3.2095,48.5153
-20,-18.02,10.0,0.669,charge,4.973,20.2,3.8008,4.0579,51.6981
-20,-17.09,10.0,0.6189,charge,5.0,20.2,3.7247,3.9799,51.04
-20,-17.57,10.0,0.6184,discharge,-10.52,20.2,3.7261,3.2072,49.3251
-20,-16.86,10.0,0.6194,charge,4.972,20.2,3.7517,4.0079,51.5275
-20,-16.39,10.0,0.5693,charge,4.998,20.2,3.6719,3.9238,50.4002
-20,-16.63,10.0,0.5688,discharge,-9.343,20.2,3.6745,3.2057,50.1782
-20,-16.56,10.0,0.5697,charge,4.976,20.2,3.6987,3.954,51.3032
-20,-16.11,10.0,0.5195,charge,5.0,20.2,3.6242,3.873,49.763
-20,-15.94,10.0,0.519,discharge,-8.245,20.2,3.6275,3.2064,51.0703
-20,-16.23,10.0,0.5198,charge,4.977,20.2,3.6485,3.9015,50.8349
-20,-15.86,10.0,0.4695,charge,5.0,20.2,3.5831,3.8295,49.2849
-20,-15.98,10.0,0.469,discharge,-7.214,20.2,3.5867,3.2075,52.5652
-20,-16.34,10.0,0.4697,charge,4.971,20.2,3.6051,3.8571,50.6899
-20,-15.73,10.0,0.4192,charge,4.999,20.2,3.5447,3.7937,49.811
-20,-15.98,10.0,0.4187,discharge,-6.123,20.2,3.5488,3.2105,55.2489
-20,-16.27,10.0,0.4193,charge,4.979,20.2,3.565,3.8193,51.0766
-20,-16.04,10.0,0.3685,charge,4.999,20.2,3.5057,3.7595,50.7671
-20,-16.24,10.0,0.368,discharge,-4.993,20.2,3.5112,3.2114,60.0453
-20,-15.51,10.0,0.3685,charge,4.98,20.2,3.5254,3.7842,51.9679
-20,-15.99,10.0,0.318,charge,4.999,20.2,3.4655,3.724,51.7072
-20,-15.53,10.0,0.3176,discharge,-3.837,20.2,3.4738,3.2134,67.8673
-20,-15.36,10.0,0.3179,charge,4.974,20.2,3.487,3.7506,52.9934
-20,-15.41,10.0,0.2676,charge,4.999,20.2,3.4225,3.6795,51.4134
-20,-15.26,10.0,0.2671,discharge,-2.928,20.2,3.4384,3.2127,77.0965
-20,-15.7,10.0,0.2674,charge,4.978,20.2,3.4529,3.7119,52.0268
-20,-15.39,10.0,0.217,charge,4.999,20.2,3.3792,3.6538,54.931
-20,-15.51,10.0,0.2166,discharge,-1.747,20.2,3.3998,3.2193,103.3082
-20,-15.89,10.0,0.2167,charge,4.98,20.2,3.4171,3.6858,53.9547
-20,-15.35,10.0,0.1677,charge,4.999,20.2,3.3371,3.6627,65.1356
-20,-15.81,10.0,0.1674,charge,4.957,20.2,3.3666,3.6779,62.8051
-20,-15.04,10.0,0.1676,discharge,-1.522,20.3,3.3852,3.1152,177.4448
-20,-15.49,10.0,0.1677,discharge,-1.088,20.3,3.3917,3.2135,163.8169
25,25.6,30.0,1.0,discharge,-29.999,35.0,4.1827,3.6323,18.3473
25,25.63,30.0,1.0021,discharge,-29.746,20.2,4.1923,3.6433,18.4563
25,25.52,30.0,0.9575,charge,4.614,20.2,4.1124,4.1992,18.8111
25,25.64,30.0,0.9573,discharge,-29.701,20.2,4.0981,3.6222,16.0228
25,25.63,30.0,0.9126,charge,4.999,20.2,4.0898,4.1752,17.0827
25,25.52,30.0,0.9121,discharge,-29.477,20.2,4.0796,3.5989,16.3076
25,25.73,30.0,0.9147,charge,1.309,20.2,4.0914,4.1103,14.4407
25,25.69,30.0,0.8673,charge,4.999,20.2,4.0766,4.1525,15.1821
25,25.52,30.0,0.8669,discharge,-29.521,20.2,4.0683,3.5596,17.2318
25,25.63,30.0,0.8695,charge,2.24,20.2,4.0778,4.1103,14.5096
25,25.94,30.0,0.822,charge,5.0,20.2,4.0305,4.1203,17.9611
25,25.87,30.0,0.8216,discharge,-29.591,20.2,4.0201,3.5186,16.9477
25,26.01,30.0,0.8243,charge,4.593,20.2,4.0325,4.115,17.9609
25,25.54,30.0,0.7766,charge,4.998,20.2,3.9695,4.0569,17.4877
25,25.62,30.0,0.7761,discharge,-29.6,20.2,3.9594,3.4804,16.1824
25,25.7,30.0,0.7788,charge,4.994,20.2,3.9711,4.0596,17.7216
25,25.76,30.0,0.731,charge,5.0,20.2,3.9274,4.0065,15.8209
25,25.53,30.0,0.7305,discharge,-29.573,20.2,3.9177,3.44,16.1532
25,25.67,30.0,0.7332,charge,4.993,20.2,3.9283,4.0079,15.9414
25,25.24,30.0,0.6853,charge,5.0,20.2,3.894,3.9705,15.2997
25,25.47,30.0,0.6849,discharge,-29.632,20.2,3.8841,3.3888,16.715
25,25.67,30.0,0.6875,charge,4.991,20.2,3.8952,3.972,15.3889
25,25.52,30.0,0.6397,charge,5.0,20.2,3.8332,3.924,18.1607
25,25.5,30.0,0.6392,discharge,-29.552,20.2,3.8164,3.3321,16.3881
25,25.57,30.0,0.6419,charge,4.988,20.2,3.8355,3.9252,17.9841
25,25.24,30.0,0.5941,charge,5.0,20.2,3.7789,3.8616,16.5413
25,25.38,30.0,0.5936,discharge,-29.487,20.2,3.7655,3.274,16.6684
25,25.35,30.0,0.5963,charge,4.99,20.2,3.78,3.8628,16.5935
25,25.76,30.0,0.5485,charge,4.999,20.2,3.7292,3.8117,16.5033
25,25.32,30.0,0.548,discharge,-29.371,20.2,3.717,3.2236,16.7986
25,25.55,30.0,0.5507,charge,4.991,20.2,3.7305,3.8128,16.4897
25,25.53,30.0,0.5022,charge,4.999,20.2,3.6856,3.7659,16.0622
25,25.81,30.0,0.5018,discharge,-26.968,20.2,3.673,3.2202,16.7903
25,25.61,30.0,0.5042,charge,4.989,20.2,3.6868,3.7669,16.054
25,25.46,30.0,0.5037,discharge,-29.316,20.2,3.6741,3.1817,16.7963
25,25.43,30.0,0.458,charge,4.999,20.2,3.6515,3.7293,15.5619
25,25.6,30.0,0.4576,discharge,-24.748,20.2,3.6385,3.215,17.1125
25,25.69,30.0,0.4598,charge,4.99,20.2,3.6523,3.73,15.5721
25,25.81,30.0,0.4106,charge,5.0,20.2,3.6201,3.698,15.5816
25,25.57,30.0,0.4102,discharge,-22.22,20.2,3.6066,3.2129,17.7183
25,25.65,30.0,0.4122,charge,4.987,20.2,3.6216,3.6986,15.4405
25,25.71,30.0,0.3627,charge,4.999,20.2,3.5871,3.6677,16.1229
25,25.75,30.0,0.3622,discharge,-19.651,20.2,3.5703,3.2047,18.6047
25,25.46,30.0,0.364,charge,4.982,20.2,3.5891,3.6693,16.0992
25,25.67,30.0,0.3137,charge,4.999,20.2,3.5411,3.6306,17.9036
25,25.68,30.0,0.3133,discharge,-15.985,20.2,3.5256,3.2058,20.0063
25,25.64,30.0,0.3147,charge,4.989,20.2,3.5437,3.6339,18.0798
25,25.62,30.0,0.2642,charge,4.999,20.2,3.4778,3.5745,19.3446
25,25.44,30.0,0.2638,discharge,-11.345,20.2,3.4622,3.2139,21.8863
25,25.55,30.0,0.2648,charge,4.992,20.2,3.4791,3.5759,19.3902
25,25.86,30.0,0.214,charge,4.999,20.2,3.4195,3.5125,18.6037
25,25.95,30.0,0.2135,discharge,-6.558,20.2,3.4045,3.2243,27.4783
25,25.44,30.0,0.2141,charge,4.988,20.2,3.4214,3.5149,18.7461
25,25.66,30.0,0.2137,discharge,-8.243,20.2,3.4064,3.1488,31.2508
25,25.58,30.0,0.2144,discharge,-7.314,20.3,3.4245,3.2128,28.9441
25,25.78,30.0,0.1646,charge,4.999,20.2,3.3578,3.4796,24.3658
25,25.42,30.0,0.1641,discharge,-3.192,20.2,3.3441,3.1771,52.3117
25,25.29,30.0,0.1644,charge,4.979,20.2,3.3692,3.4844,23.1374
25,25.55,30.0,0.164,discharge,-3.338,20.2,3.3513,3.1774,52.1033
25,25.66,30.0,0.1643,discharge,-3.42,20.3,3.3733,3.1916,53.1333
25,25.73,30.0,0.1234,charge,4.999,20.3,3.1695,3.3957,45.2518
25,25.86,30.0,0.1147,charge,4.89,20.2,3.0782,3.3462,54.8102
40,40.23,30.0,1.0,discharge,-29.999,2498.8,4.1879,3.7256,15.4105
40,40.09,30.0,1.0021,discharge,-29.707,20.2,4.1923,3.7332,15.4543
40,40.08,30.0,0.9572,charge,5.0,20.2,4.1121,4.1978,17.1417
40,40.17,30.0,0.9568,discharge,-29.744,20.2,4.1021,3.701,13.4851
40,40.29,30.0,0.9118,charge,5.0,20.2,4.0896,4.1558,13.2411
40,40.17,30.0,0.9113,discharge,-29.538,20.2,4.0826,3.6723,13.8906
40,40.18,30.0,0.914,charge,1.439,20.2,4.0907,4.1076,11.7467
40,40.88,30.0,0.8664,charge,4.999,20.2,4.0775,4.1382,12.1415
40,40.51,30.0,0.866,discharge,-29.497,20.2,4.0713,3.6299,14.9642
40,40.53,30.0,0.8686,charge,2.467,20.2,4.0782,4.1074,11.8367
40,40.54,30.0,0.8211,charge,4.999,20.2,4.0324,4.1078,15.0818
40,40.34,30.0,0.8207,discharge,-29.599,20.2,4.0254,3.5868,14.8181
40,40.23,30.0,0.8234,charge,4.998,20.2,4.0336,4.1082,14.9266
40,40.35,30.0,0.7757,charge,5.0,20.2,3.9707,4.0447,14.8012
40,40.42,30.0,0.7752,discharge,-29.603,20.2,3.964,3.5499,13.9884
40,40.48,30.0,0.7778,charge,4.998,20.2,3.9716,4.0467,15.0263
40,40.39,30.0,0.7301,charge,5.0,20.2,3.927,3.994,13.4008
40,40.44,30.0,0.7296,discharge,-29.562,20.2,3.9203,3.5112,13.8387
40,40.26,30.0,0.7323,charge,4.997,20.2,3.9277,3.995,13.4667
40,40.25,30.0,0.6845,charge,5.0,20.2,3.8936,3.9585,12.9808
40,40.25,30.0,0.6841,discharge,-29.566,20.2,3.8869,3.4611,14.4017
40,40.49,30.0,0.6867,charge,4.994,20.2,3.8942,3.9589,12.9553
40,40.45,30.0,0.6388,charge,5.0,20.2,3.8361,3.9133,15.4409
40,39.89,30.0,0.6384,discharge,-29.567,20.2,3.8237,3.4,14.3302
40,40.23,30.0,0.6411,charge,4.991,20.2,3.8369,3.9132,15.2863
40,40.1,30.0,0.5935,charge,4.999,20.2,3.7813,3.8518,14.1025
40,40.18,30.0,0.5931,discharge,-29.507,20.2,3.7714,3.3417,14.5626
40,40.34,30.0,0.5958,charge,4.994,20.2,3.7821,3.8528,14.1566
40,40.22,30.0,0.5479,charge,4.999,20.2,3.7318,3.8028,14.2023
40,40.28,30.0,0.5475,discharge,-29.512,20.2,3.7229,3.2906,14.6483
40,40.32,30.0,0.5501,charge,4.996,20.2,3.7327,3.8028,14.0307
40,40.38,30.0,0.5025,charge,4.999,20.2,3.6881,3.7571,13.8028
40,40.6,30.0,0.5021,discharge,-29.483,20.2,3.6786,3.249,14.5711
40,40.32,30.0,0.5047,charge,4.994,20.2,3.6889,3.7571,13.6578
40,40.27,30.0,0.4569,charge,4.999,20.2,3.6536,3.72,13.2835
40,40.31,30.0,0.4564,discharge,-29.415,20.2,3.6437,3.2129,14.6456
40,40.49,30.0,0.4591,charge,4.994,20.2,3.6546,3.7211,13.3164
40,40.43,30.0,0.4106,charge,5.001,20.2,3.6227,3.6883,13.1174
40,40.47,30.0,0.4101,discharge,-27.096,20.2,3.6127,3.2057,15.0207
40,40.31,30.0,0.4125,charge,4.993,20.2,3.6236,3.6892,13.1379
40,40.5,30.0,0.3637,charge,4.998,20.2,3.587,3.6566,13.9247
40,40.46,30.0,0.3633,discharge,-23.884,20.2,3.572,3.2028,15.458
40,40.31,30.0,0.3654,charge,4.985,20.2,3.5879,3.6576,13.9828
40,40.24,30.0,0.3161,charge,4.999,20.2,3.5431,3.6189,15.1639
40,40.46,30.0,0.3157,discharge,-19.699,20.2,3.5313,3.2095,16.3359
40,40.52,30.0,0.3175,charge,4.99,20.2,3.5444,3.6208,15.3094
40,40.47,30.0,0.267,charge,4.998,20.2,3.4791,3.5606,16.3049
40,40.49,30.0,0.2665,discharge,-14.632,20.2,3.4673,3.2198,16.915
40,40.35,30.0,0.2679,charge,4.997,20.2,3.4797,3.5617,16.4082
40,40.38,30.0,0.2172,charge,4.999,20.2,3.4238,3.4998,15.2026
40,40.57,30.0,0.2168,discharge,-9.849,20.2,3.4108,3.2233,19.0371
40,40.39,30.0,0.2177,charge,4.991,20.2,3.4247,3.5004,15.1673
40,40.34,30.0,0.2172,discharge,-11.989,20.2,3.4119,3.1615,20.8858
40,40.45,30.0,0.2183,discharge,-11.002,20.3,3.4264,3.2008,20.5054
40,40.23,30.0,0.1689,charge,4.999,20.2,3.3786,3.4644,17.1645
40,40.39,30.0,0.1684,discharge,-5.048,20.2,3.3653,3.2184,29.0983
40,40.19,30.0,0.1689,charge,4.987,20.2,3.3814,3.4662,17.0059
40,40.56,30.0,0.1262,charge,4.999,20.3,3.1815,3.3691,37.529
40,40.58,30.0,0.1177,charge,4.996,20.2,3.1086,3.3241,43.1319
-10,-8.44,30.0,1.0,discharge,-23.514,3519.3,4.1939,3.2004,42.2514
-10,-8.67,30.0,1.0013,discharge,-25.425,6389.5,4.1993,3.1995,39.3235
-10,-9.07,30.0,0.9552,charge,1.404,20.2,4.1157,4.1992,59.4814
-10,-9.08,30.0,0.9553,discharge,-25.907,20.2,4.0943,3.2588,32.25
-10,-9.31,30.0,0.9576,discharge,-28.817,20.2,4.1123,3.2225,30.8776
-10,-9.26,30.0,0.9603,discharge,-29.768,20.3,4.135,3.2347,30.2439
-10,-9.39,30.0,0.9148,charge,2.196,20.2,4.0989,4.2,46.0466
-10,-9.42,30.0,0.9148,discharge,-26.24,20.2,4.0772,3.2416,31.8445
-10,-9.11,30.0,0.9171,discharge,-28.472,20.2,4.088,3.2151,30.6582
-10,-9.12,30.0,0.8713,charge,3.095,20.2,4.0794,4.2,38.9636
-10,-9.26,30.0,0.8711,discharge,-25.629,20.2,4.0582,3.2051,33.2865
-10,-9.28,30.0,0.8734,charge,1.058,20.2,4.0841,4.1227,36.4667
-10,-8.99,30.0,0.8244,charge,4.668,20.2,4.0204,4.2001,38.4978
-10,-8.83,30.0,0.8241,discharge,-23.455,20.2,3.986,3.1874,34.0482
-10,-8.94,30.0,0.8262,charge,2.655,20.2,4.0342,4.1438,41.2853
-10,-8.93,30.0,0.8259,charge,2.321,20.3,4.0076,4.1267,51.3097
-10,-8.89,30.0,0.8257,charge,1.969,20.3,4.0034,4.1132,55.7615
-10,-8.88,30.0,0.7765,charge,4.999,20.2,3.9494,4.1639,42.9051
-10,-8.66,30.0,0.776,discharge,-20.68,20.2,3.9109,3.2051,34.1296
-10,-8.84,30.0,0.7779,charge,4.541,20.2,3.9674,4.1537,41.0276
-10,-8.59,30.0,0.7775,charge,4.173,20.3,3.9337,4.1378,48.912
-10,-7.08,30.0,0.7771,charge,3.616,20.2,3.9292,4.12,52.7582
-10,-8.76,30.0,0.7275,charge,4.997,20.2,3.8981,4.1038,41.1606
-10,-8.92,30.0,0.727,discharge,-18.939,20.2,3.8642,3.2063,34.7378
-10,-8.74,30.0,0.7287,charge,4.963,20.2,3.9145,4.1128,39.9525
-10,-8.44,30.0,0.679,charge,5.0,20.2,3.858,4.0557,39.5424
-10,-8.44,30.0,0.6785,discharge,-17.708,20.2,3.8265,3.1933,35.7578
-10,-7.94,30.0,0.6801,charge,4.965,20.2,3.8684,4.0643,39.4594
-10,-8.12,30.0,0.6302,charge,5.0,20.2,3.8136,4.0083,38.9439
-10,-8.06,30.0,0.6298,discharge,-16.361,20.2,3.7821,3.1745,37.1371
-10,-8.05,30.0,0.6312,charge,4.968,20.2,3.8222,4.0144,38.6837
-10,-8.05,30.0,0.6308,discharge,-17.175,20.2,3.7876,3.1638,36.3202
-10,-8.04,30.0,0.6323,discharge,-17.441,20.3,3.8272,3.1937,36.3214
-10,-7.81,30.0,0.5843,charge,4.999,20.2,3.7683,3.962,38.7443
-10,-7.97,30.0,0.5838,discharge,-15.146,20.2,3.7366,3.1603,38.0497
-10,-8.14,30.0,0.5852,charge,4.968,20.2,3.7759,3.9674,38.5428
-10,-7.89,30.0,0.5847,discharge,-15.564,20.2,3.7424,3.156,37.6767
-10,-7.79,30.0,0.5861,discharge,-15.626,20.3,3.7796,3.1865,37.956
-10,-7.61,30.0,0.538,charge,4.999,20.2,3.7145,3.9124,39.5844
-10,-7.71,30.0,0.5376,discharge,-13.55,20.2,3.6846,3.1536,39.1882
-10,-7.51,30.0,0.5388,charge,4.971,20.2,3.7251,3.9175,38.7037
-10,-7.54,30.0,0.5383,discharge,-13.787,20.2,3.6921,3.1554,38.928
-10,-7.58,30.0,0.5396,discharge,-13.833,20.3,3.7285,3.1829,39.4419
-10,-7.48,30.0,0.491,charge,4.999,20.2,3.6643,3.864,39.9448
-10,-7.32,30.0,0.4905,discharge,-11.937,20.2,3.6375,3.1546,40.4541
-10,-7.2,30.0,0.4916,charge,4.969,20.2,3.6789,3.8721,38.8818
-10,-7.44,30.0,0.4911,discharge,-12.169,20.2,3.6476,3.1563,40.3731
-10,-7.32,30.0,0.4922,discharge,-12.217,20.3,3.6835,3.1823,41.0248
-10,-7.22,30.0,0.4436,charge,4.999,20.2,3.6201,3.8241,40.8057
-10,-7.27,30.0,0.4431,discharge,-10.37,20.2,3.5977,3.1582,42.3819
-10,-7.03,30.0,0.444,charge,4.971,20.2,3.6387,3.8357,39.6283
-10,-6.98,30.0,0.4436,discharge,-10.642,20.2,3.6104,3.1601,42.3135
-10,-6.88,30.0,0.4445,discharge,-10.729,20.3,3.6452,3.1825,43.1261
-10,-6.87,30.0,0.3956,charge,4.999,20.2,3.5781,3.7866,41.7117
-10,-6.73,30.0,0.3952,discharge,-8.715,20.2,3.5598,3.1651,45.2913
-10,-6.46,30.0,0.396,charge,4.974,20.2,3.5991,3.8022,40.8299
-10,-6.54,30.0,0.3955,discharge,-9.039,20.2,3.5731,3.1644,45.2157
-10,-6.3,30.0,0.3963,discharge,-9.186,20.3,3.6074,3.1828,46.224
-10,-6.24,30.0,0.3471,charge,5.0,20.2,3.5311,3.7484,43.4557
-10,-6.07,30.0,0.3467,discharge,-6.824,20.2,3.5171,3.1728,50.4543
-10,-5.92,30.0,0.3473,charge,4.973,20.2,3.5546,3.7669,42.6905
-10,-6.01,30.0,0.3468,discharge,-7.2,20.2,3.5324,3.1672,50.725
-10,-6.06,30.0,0.3475,discharge,-7.344,20.3,3.5651,3.1822,52.1392
-10,-5.83,30.0,0.2979,charge,4.999,20.2,3.4817,3.7084,45.3518
-10,-5.52,30.0,0.2974,discharge,-4.603,20.2,3.4679,3.1888,60.637
-10,-5.81,30.0,0.2979,charge,4.975,20.2,3.5008,3.7277,45.6099
-10,-5.51,30.0,0.2469,charge,4.999,20.2,3.4334,3.652,43.7322
-10,-5.66,30.0,0.2464,discharge,-2.859,20.2,3.4175,3.1791,83.3727
-10,-5.55,30.0,0.2467,charge,4.962,20.2,3.446,3.673,45.7509
-10,-5.55,30.0,0.2462,discharge,-3.022,20.2,3.4258,3.1731,83.6091
-10,-5.36,30.0,0.2465,discharge,-3.076,20.3,3.4524,3.1912,84.9072
-10,-5.3,30.0,0.1974,charge,4.999,20.2,3.3746,3.6107,47.2332
-10,-5.07,30.0,0.197,discharge,-3.373,20.2,3.3608,2.6025,224.808
-10,-5.21,30.0,0.1973,charge,4.959,20.2,3.4118,3.624,42.7883
-10,-5.3,30.0,0.1968,discharge,-1.027,20.2,3.3786,3.2831,93.0165
-10,-5.16,30.0,0.1969,discharge,-2.246,20.3,3.4028,3.0594,152.9076
-10,-5.06,30.0,0.1971,discharge,-1.44,20.3,3.414,3.2508,113.3648
-10,-5.01,30.0,0.1507,charge,4.999,20.2,3.2725,3.6134,68.1964
-10,-4.74,30.0,0.1502,charge,4.576,20.2,3.2904,3.5977,67.1562
-10,-4.44,30.0,0.1497,charge,4.656,20.3,3.1673,3.5931,91.4597
-10,-4.74,30.0,0.1492,charge,4.864,20.3,3.1937,3.5977,83.0592
-20,-17.83,30.0,1.0,discharge,-11.242,4657.1,4.1774,3.2,86.9418
-20,-18.14,30.0,1.0002,discharge,-12.212,20.2,4.1914,3.1828,82.5909
-20,-17.71,30.0,0.9518,discharge,-15.704,20.2,4.0798,3.2074,55.5527
-20,-17.89,30.0,0.9036,charge,1.741,20.2,4.0739,4.1998,72.3085
-20,-17.91,30.0,0.9036,discharge,-16.882,20.2,4.0521,3.1929,50.8944
-20,-17.82,30.0,0.8554,charge,2.881,20.2,4.0236,4.2,61.2351
-20,-17.79,30.0,0.8554,discharge,-16.434,20.2,3.989,3.1856,48.8865
-20,-17.76,30.0,0.8568,charge,1.647,20.2,4.0528,4.1566,63.016
-20,-18.07,30.0,0.8567,charge,1.212,20.3,4.0267,4.1269,82.6596
-20,-18.09,30.0,0.8068,charge,4.14,20.2,3.9565,4.2008,59.0139
-20,-18.04,30.0,0.8066,discharge,-14.475,20.2,3.9165,3.1823,50.7219
-20,-18.34,30.0,0.8079,charge,2.755,20.2,3.9851,4.1636,64.7913
-20,-18.21,30.0,0.8076,charge,2.42,20.3,3.946,4.1434,81.577
-20,-18.27,30.0,0.8074,charge,2.022,20.3,3.9411,4.1249,90.8934
-20,-18.38,30.0,0.8072,charge,1.808,20.3,3.9411,4.1178,97.7539
-20,-18.18,30.0,0.7576,charge,4.999,20.2,3.9081,4.2,58.3893
-20,-18.13,30.0,0.7572,discharge,-12.792,20.2,3.8688,3.1894,53.1113
-20,-18.15,30.0,0.7583,charge,3.793,20.2,3.9282,4.1627,61.8212
-20,-18.3,30.0,0.758,charge,3.535,20.3,3.8855,4.1484,74.3769
-20,-18.41,30.0,0.7576,charge,3.017,20.3,3.8807,4.1262,81.3668
-20,-18.4,30.0,0.7573,charge,2.759,20.3,3.8814,4.1206,86.7075
-20,-18.13,30.0,0.7571,charge,2.577,20.3,3.8826,4.1168,90.8915
-20,-18.34,30.0,0.707,charge,4.999,20.2,3.8688,4.1758,61.4111
-20,-18.3,30.0,0.7065,discharge,-11.481,20.2,3.8324,3.1812,56.7198
-20,-18.43,30.0,0.7075,charge,4.431,20.2,3.8865,4.1576,61.184
-20,-18.37,30.0,0.7071,charge,4.226,20.3,3.8448,4.1467,71.4472
-20,-18.45,30.0,0.7067,charge,3.697,20.3,3.8409,4.1261,77.1499
-20,-18.55,30.0,0.7064,charge,3.425,20.3,3.8413,4.1193,81.1797
-20,-18.61,30.0,0.6563,charge,4.999,20.2,3.8234,4.1371,62.7526
-20,-18.68,30.0,0.6558,discharge,-10.372,20.2,3.7895,3.1672,59.9981
-20,-18.66,30.0,0.6568,charge,4.961,20.2,3.8435,4.1476,61.3031
-20,-18.43,30.0,0.6563,discharge,-11.013,20.2,3.802,3.1573,58.5399
-20,-18.63,30.0,0.6573,charge,4.901,20.2,3.853,4.1515,60.9022
-20,-18.66,30.0,0.6568,discharge,-11.499,20.2,3.8091,3.1493,57.3789
-20,-18.77,30.0,0.6579,charge,4.823,20.2,3.8599,4.153,60.7763
-20,-18.62,30.0,0.6574,discharge,-11.899,20.2,3.8142,3.1414,56.5426
-20,-18.85,30.0,0.6585,charge,4.743,20.2,3.8656,4.1532,60.6316
-20,-18.62,30.0,0.658,discharge,-12.208,20.2,3.8183,3.1349,55.9797
-20,-18.81,30.0,0.6591,charge,4.694,20.2,3.8706,4.1563,60.8675
-20,-18.94,30.0,0.6089,charge,4.998,20.2,3.7828,4.1076,64.9912
-20,-19.05,30.0,0.6084,discharge,-9.494,20.2,3.7492,3.1479,63.3347
-20,-18.99,30.0,0.6093,charge,4.961,20.2,3.8029,4.1215,64.2235
-20,-18.76,30.0,0.6088,discharge,-9.806,20.2,3.7617,3.1441,62.9793
-20,-18.93,30.0,0.6097,charge,4.963,20.2,3.8111,4.1286,63.9798
-20,-18.85,30.0,0.6092,discharge,-10.032,20.2,3.7674,3.1415,62.3904
-20,-19.01,30.0,0.6101,charge,4.965,20.2,3.8164,4.1333,63.83
-20,-19.05,30.0,0.6097,discharge,-10.222,20.2,3.7712,3.1383,61.9155
-20,-19.25,30.0,0.6106,charge,4.966,20.2,3.8203,4.1364,63.6567
-20,-19.04,30.0,0.6101,discharge,-10.388,20.2,3.7743,3.1362,61.4266
-20,-18.75,30.0,0.611,charge,4.967,20.2,3.8228,4.1386,63.5835
-20,-18.61,30.0,0.5607,charge,4.999,20.2,3.7261,4.0608,66.9507
-20,-18.73,30.0,0.5602,discharge,-8.221,20.2,3.6974,3.1508,66.4899
-20,-18.18,30.0,0.5609,charge,4.965,20.2,3.7506,4.0748,65.2984
-20,-17.4,30.0,0.5605,discharge,-8.501,20.2,3.7123,3.1589,65.0975
-20,-17.56,30.0,0.5612,discharge,-8.713,20.3,3.7592,3.1882,65.5358
-20,-17.04,30.0,0.5121,charge,4.997,20.2,3.6725,3.9818,61.8934
-20,-16.96,30.0,0.5117,discharge,-7.798,20.2,3.6474,3.1599,62.5144
-20,-16.81,30.0,0.5124,charge,4.967,20.2,3.6972,3.9993,60.819
-20,-16.63,30.0,0.5119,discharge,-8.177,20.2,3.6626,3.1533,62.2875
-20,-16.61,30.0,0.5126,discharge,-8.305,20.3,3.7074,3.1785,63.6838
-20,-16.41,30.0,0.5134,discharge,-8.226,20.3,3.7146,3.1944,63.2354
-20,-16.32,30.0,0.4642,charge,4.999,20.2,3.627,3.9278,60.172
-20,-16.07,30.0,0.4637,discharge,-7.066,20.2,3.6052,3.1605,62.937
-20,-16.07,30.0,0.4643,charge,4.967,20.2,3.6515,3.9478,59.6513
-20,-16.12,30.0,0.4639,discharge,-7.38,20.2,3.6207,3.1547,63.1419
-20,-16.09,30.0,0.4645,discharge,-7.458,20.3,3.662,3.1777,64.9396
-20,-15.9,30.0,0.4652,discharge,-7.372,20.3,3.6696,3.1936,64.5695
-20,-15.55,30.0,0.4158,charge,4.997,20.2,3.5848,3.883,59.6722
-20,-15.72,30.0,0.4154,discharge,-6.119,20.2,3.5658,3.1657,65.3886
-20,-15.71,30.0,0.4159,charge,4.968,20.2,3.6095,3.9059,59.657
-20,-15.87,30.0,0.4155,discharge,-6.429,20.2,3.5825,3.1572,66.1503
-20,-15.53,30.0,0.4161,discharge,-6.5,20.3,3.6216,3.1773,68.3528
-20,-15.66,30.0,0.4166,discharge,-6.402,20.3,3.6295,3.1925,68.2546
-20,-15.65,30.0,0.3671,charge,5.0,20.2,3.5421,3.8448,60.5448
-20,-15.35,30.0,0.3666,discharge,-4.989,20.2,3.5252,3.1705,71.0921
-20,-15.45,30.0,0.3671,charge,4.964,20.2,3.5658,3.8707,61.421
-20,-15.57,30.0,0.3666,discharge,-5.268,20.2,3.5425,3.1621,72.2055
-20,-15.46,30.0,0.3671,discharge,-5.351,20.3,3.5791,3.1759,75.3462
-20,-15.36,30.0,0.3676,discharge,-5.249,20.3,3.588,3.1909,75.6539
-20,-15.32,30.0,0.3179,charge,4.999,20.2,3.4977,3.8062,61.7086
-20,-15.24,30.0,0.3174,discharge,-3.842,20.2,3.4822,3.1652,82.5113
-20,-15.49,30.0,0.3178,charge,4.963,20.2,3.5179,3.8348,63.8486
-20,-15.33,30.0,0.3173,discharge,-3.957,20.2,3.4974,3.1655,83.8746
-20,-15.51,30.0,0.3177,discharge,-4.029,20.3,3.5312,3.1762,88.109
-20,-15.0,30.0,0.318,discharge,-3.948,20.3,3.5407,3.1899,88.8551
-20,-15.03,30.0,0.2682,charge,4.999,20.2,3.4562,3.7564,60.0568
-20,-14.65,30.0,0.2678,discharge,-2.921,20.2,3.4418,3.1467,101.0098
-20,-14.96,30.0,0.2681,charge,4.96,20.2,3.4746,3.7858,62.7419
-20,-14.52,30.0,0.2676,discharge,-2.787,20.2,3.4523,3.1703,101.2022
-20,-14.55,30.0,0.2678,discharge,-2.838,20.3,3.4824,3.1809,106.248
-20,-14.43,30.0,0.218,charge,4.999,20.2,3.412,3.7169,60.9922
-20,-14.34,30.0,0.2176,charge,4.957,20.2,3.4227,3.7416,64.3359
-20,-14.25,30.0,0.2171,discharge,-2.991,20.2,3.4058,2.8669,180.1799
-20,-14.5,30.0,0.2174,discharge,-1.411,20.3,3.4457,3.2661,127.2856
-20,-14.18,30.0,0.2175,discharge,-1.966,20.3,3.4458,3.1609,144.8988
-20,-14.33,30.0,0.2177,discharge,-1.771,20.3,3.4501,3.1983,142.2117
-20,-13.86,30.0,0.1695,charge,4.998,20.2,3.3635,3.712,69.7223
-20,-13.71,30.0,0.1694,charge,4.822,20.2,3.3795,3.7035,67.1948
-20,-13.46,30.0,0.1261,charge,4.999,47.3,3.2611,3.7324,94.2807
-20,-13.14,30.0,0.1254,charge,4.376,20.2,3.1944,3.6913,113.5564
-20,-12.98,30.0,0.1249,charge,4.567,20.3,2.9307,3.6878,165.7653
-20,-12.87,30.0,0.1243,charge,4.942,20.3,2.9609,3.6968,148.8983
10,10.88,30.0,1.0,discharge,-29.996,2345.2,4.1943,3.4686,24.1932
10,11.0,30.0,1.0019,discharge,-29.997,20.2,4.1988,3.4647,24.4724
10,11.08,30.0,0.9569,charge,2.631,20.2,4.12,4.2002,30.4781
10,11.06,30.0,0.9568,discharge,-29.685,20.2,4.0983,3.4872,20.5862
10,10.82,30.0,0.9122,charge,4.472,20.2,4.0934,4.1991,23.6381
10,11.09,30.0,0.9119,discharge,-29.45,20.2,4.0773,3.4669,20.7267
10,10.91,30.0,0.8671,charge,5.0,20.2,4.078,4.1899,22.3818
10,11.13,30.0,0.8666,discharge,-29.479,20.2,4.0647,3.426,21.6666
10,10.94,30.0,0.8693,charge,1.732,20.2,4.08,4.1154,20.4447
10,10.9,30.0,0.8216,charge,4.999,20.2,4.0324,4.1521,23.9443
10,10.76,30.0,0.8212,discharge,-29.605,20.2,4.0146,3.3838,21.3072
10,11.26,30.0,0.8238,charge,3.725,20.2,4.0365,4.1248,23.706
10,11.43,30.0,0.8235,charge,3.496,20.3,4.0202,4.1147,27.034
10,11.34,30.0,0.7758,charge,4.999,20.2,3.9721,4.088,23.1832
10,11.06,30.0,0.7754,discharge,-29.62,20.2,3.9551,3.3432,20.6583
10,10.98,30.0,0.778,charge,4.987,20.2,3.9755,4.0918,23.323
10,10.98,30.0,0.7303,charge,5.0,20.2,3.9307,4.036,21.0617
10,11.11,30.0,0.7298,discharge,-29.627,20.2,3.9146,3.3021,20.6737
10,10.96,30.0,0.7325,charge,4.987,20.2,3.9331,4.0382,21.0731
10,11.05,30.0,0.6846,charge,4.997,20.2,3.8909,3.9979,21.4111
10,11.09,30.0,0.6841,discharge,-29.633,20.2,3.8725,3.2526,20.9192
10,10.87,30.0,0.6867,charge,4.983,20.2,3.8976,3.9997,20.4897
10,10.88,30.0,0.6385,charge,5.0,20.2,3.8291,3.9442,23.0223
10,10.82,30.0,0.6381,discharge,-28.918,20.2,3.8074,3.2074,20.7483
10,10.95,30.0,0.6407,charge,4.979,20.2,3.8337,3.949,23.1549
10,10.83,30.0,0.5921,charge,4.998,20.2,3.7787,3.8857,21.4098
10,10.41,30.0,0.5916,discharge,-25.852,20.2,3.7595,3.2083,21.3214
10,10.57,30.0,0.5939,charge,4.982,20.2,3.781,3.8885,21.5794
10,10.9,30.0,0.545,charge,4.999,20.2,3.7282,3.8363,21.6226
10,10.77,30.0,0.5445,discharge,-22.904,20.2,3.7091,3.2102,21.7822
10,10.71,30.0,0.5466,charge,4.985,20.2,3.7303,3.838,21.6035
10,10.95,30.0,0.4971,charge,4.997,20.2,3.6833,3.7899,21.3319
10,10.85,30.0,0.4966,discharge,-20.732,20.2,3.6644,3.2034,22.2362
10,10.79,30.0,0.4985,charge,4.982,20.2,3.685,3.7918,21.4372
10,10.82,30.0,0.4488,charge,4.999,20.2,3.648,3.7533,21.0642
10,11.07,30.0,0.4483,discharge,-18.641,20.2,3.6281,3.1979,23.0782
10,10.95,30.0,0.45,charge,4.982,20.2,3.6509,3.7557,21.0362
10,10.9,30.0,0.4001,charge,4.999,20.2,3.6152,3.723,21.563
10,11.17,30.0,0.3997,discharge,-16.529,20.2,3.5944,3.1904,24.4419
10,10.96,30.0,0.4012,charge,4.976,20.2,3.6199,3.726,21.3245
10,11.21,30.0,0.3508,charge,4.999,20.2,3.5756,3.6924,23.3642
10,11.03,30.0,0.3504,discharge,-13.938,20.2,3.5571,3.1871,26.5461
10,10.85,30.0,0.3516,charge,4.977,20.2,3.5854,3.6975,22.5223
10,10.97,30.0,0.3012,charge,4.999,20.2,3.5268,3.6519,25.026
10,11.12,30.0,0.3008,discharge,-10.561,20.2,3.5098,3.1927,30.0256
10,11.01,30.0,0.3017,charge,4.98,20.2,3.5364,3.6611,25.0402
10,11.01,30.0,0.251,charge,4.999,20.2,3.464,3.6011,27.4271
10,10.9,30.0,0.2506,discharge,-6.483,20.2,3.4488,3.2119,36.5398
10,11.05,30.0,0.2512,charge,4.987,20.2,3.4717,3.6085,27.4335
10,10.91,30.0,0.2001,charge,5.001,20.2,3.4037,3.5432,27.8939
10,11.09,30.0,0.1997,discharge,-3.262,20.2,3.3869,3.2009,57.0132
10,11.15,30.0,0.2,charge,4.976,20.2,3.4102,3.5495,27.9916
10,10.72,30.0,0.1502,charge,4.999,20.2,3.309,3.5076,39.7295
10,11.01,30.0,0.1507,charge,4.967,20.2,3.3326,3.5144,36.5994
10,11.07,30.0,0.1502,discharge,-1.998,20.2,3.3127,3.0436,134.6982
10,11.4,30.0,0.1504,discharge,-1.169,20.3,3.3531,3.247,90.7225
10,11.08,30.0,0.1505,discharge,-1.774,20.3,3.3578,3.1595,111.7813
10,10.91,30.0,0.1122,charge,5.001,20.3,3.1468,3.4563,61.8889
10,11.11,30.0,0.1054,charge,4.513,20.2,2.9607,3.3947,96.173
10,10.96,30.0,0.1048,charge,4.864,20.3,2.8784,3.4105,109.4046
0,1.41,30.0,1.0,discharge,-29.999,2846.2,4.1923,3.3149,29.2476
0,1.16,30.0,1.0018,discharge,-29.998,20.2,4.1988,3.3916,26.9085
0,1.58,30.0,0.9585,charge,2.034,20.2,4.1216,4.2004,38.749
0,1.59,30.0,0.9586,discharge,-29.335,20.2,4.0988,3.3993,23.8452
0,1.52,30.0,0.9612,discharge,-29.939,20.2,4.1141,3.4088,23.5579
0,1.73,30.0,0.9164,charge,3.404,20.2,4.0969,4.2,30.2879
0,1.63,30.0,0.9163,discharge,-29.305,20.2,4.0775,3.3772,23.8969
0,1.76,30.0,0.9188,discharge,-29.733,20.2,4.087,3.3883,23.4987
0,1.81,30.0,0.8742,charge,4.741,20.2,4.0799,4.1999,25.3095
0,1.77,30.0,0.8739,discharge,-29.436,20.2,4.0634,3.3307,24.8913
0,1.49,30.0,0.8765,charge,1.42,20.2,4.0817,4.1168,24.7253
0,1.87,30.0,0.829,charge,5.0,20.2,4.0327,4.1754,28.5429
0,1.9,30.0,0.8285,discharge,-29.539,20.2,4.0097,3.2844,24.554
0,1.68,30.0,0.8312,charge,3.318,20.2,4.0378,4.1301,27.818
0,1.85,30.0,0.8309,charge,3.076,20.3,4.0177,4.1199,33.2239
0,1.32,30.0,0.783,charge,4.998,20.2,3.973,4.1184,29.0916
0,1.56,30.0,0.7825,discharge,-29.638,20.2,3.9491,3.2126,24.8499
0,1.1,30.0,0.7852,charge,4.98,20.2,3.9781,4.1225,28.9977
0,1.19,30.0,0.7847,charge,4.997,20.3,3.9535,4.1201,33.3373
0,1.28,30.0,0.7842,charge,4.659,20.2,3.9495,4.1123,34.9416
0,1.18,30.0,0.7357,charge,5.0,20.2,3.9284,4.0653,27.3822
0,1.26,30.0,0.7352,discharge,-27.702,20.2,3.9057,3.1994,25.4964
0,1.08,30.0,0.7376,charge,4.981,20.2,3.9347,4.0684,26.8442
0,1.2,30.0,0.6888,charge,5.0,20.2,3.8757,4.0225,29.3629
0,1.14,30.0,0.6884,discharge,-25.302,20.2,3.848,3.2022,25.5237
0,1.04,30.0,0.6906,charge,4.971,20.2,3.8907,4.0259,27.1961
0,1.22,30.0,0.6415,charge,5.0,20.2,3.8234,3.9637,28.0628
0,1.1,30.0,0.641,discharge,-22.802,20.2,3.7976,3.1981,26.2916
0,1.31,30.0,0.6431,charge,4.974,20.2,3.8282,3.9706,28.6289
0,1.43,30.0,0.5936,charge,5.0,20.2,3.7738,3.9128,27.8022
0,1.42,30.0,0.5931,discharge,-20.096,20.2,3.7487,3.1964,27.4838
0,1.41,30.0,0.5949,charge,4.978,20.2,3.7776,3.9158,27.7599
0,1.33,30.0,0.545,charge,5.0,20.2,3.7221,3.8628,28.1423
0,1.29,30.0,0.5445,discharge,-18.119,20.2,3.6977,3.1835,28.379
0,1.37,30.0,0.5462,charge,4.978,20.2,3.7267,3.8658,27.9446
0,1.2,30.0,0.4959,charge,4.999,20.2,3.6769,3.8177,28.1634
0,0.89,30.0,0.4955,discharge,-16.183,20.2,3.6521,3.1765,29.3889
0,0.74,30.0,0.4969,charge,4.974,20.2,3.6824,3.8211,27.8839
0,0.76,30.0,0.4965,discharge,-16.826,20.2,3.657,3.1669,29.1275
0,0.69,30.0,0.498,discharge,-16.915,20.3,3.6848,3.1891,29.3054
0,0.75,30.0,0.4499,charge,5.0,20.2,3.6404,3.7837,28.6617
0,1.05,30.0,0.4494,discharge,-14.497,20.2,3.6164,3.1684,30.9029
0,0.68,30.0,0.4507,charge,4.976,20.2,3.6484,3.7881,28.0753
0,0.6,30.0,0.4503,discharge,-14.884,20.2,3.6225,3.1652,30.7243
0,0.67,30.0,0.4516,discharge,-14.94,20.3,3.6511,3.1865,31.0977
0,0.73,30.0,0.4027,charge,5.0,20.2,3.5998,3.7529,30.6224
0,0.7,30.0,0.4023,discharge,-12.306,20.2,3.5789,3.1682,33.374
0,0.59,30.0,0.4034,charge,4.977,20.2,3.6134,3.7605,29.5574
0,0.6,30.0,0.4029,discharge,-12.701,20.2,3.5887,3.1651,33.3517
0,0.74,30.0,0.4041,discharge,-12.783,20.3,3.6184,3.185,33.9044
0,0.45,30.0,0.3551,charge,5.0,20.2,3.5551,3.7176,32.5033
0,0.64,30.0,0.3547,discharge,-9.825,20.2,3.537,3.1714,37.2112
0,0.83,30.0,0.3555,charge,4.973,20.2,3.5706,3.7306,32.1744
0,0.69,30.0,0.3551,discharge,-10.208,20.2,3.5485,3.1664,37.4314
0,0.83,30.0,0.356,discharge,-10.291,20.3,3.5772,3.1846,38.1498
0,0.69,30.0,0.3066,charge,4.999,20.2,3.5019,3.679,35.4264
0,0.6,30.0,0.3062,discharge,-6.777,20.2,3.4881,3.1864,44.5182
0,0.32,30.0,0.3068,charge,4.98,20.2,3.5187,3.6924,34.8788
0,0.53,30.0,0.2557,charge,4.999,20.2,3.4427,3.6272,36.9096
0,0.59,30.0,0.2553,discharge,-3.746,20.2,3.4277,3.2039,59.7485
0,0.63,30.0,0.2556,charge,4.978,20.2,3.4533,3.6418,37.8678
0,0.65,30.0,0.2051,charge,4.999,20.2,3.385,3.5696,36.9274
0,0.6,30.0,0.2046,discharge,-3.008,20.2,3.3698,3.0008,122.6729
0,0.46,30.0,0.2049,charge,4.96,20.2,3.4061,3.5841,35.8878
0,0.79,30.0,0.2044,discharge,-1.232,20.2,3.3804,3.2981,66.8128
0,0.78,30.0,0.2045,discharge,-3.119,20.3,3.402,3.0271,120.1872
0,0.97,30.0,0.2049,discharge,-2.979,20.3,3.4086,3.0697,113.7477
0,0.64,30.0,0.157,charge,5.001,20.2,3.2726,3.5603,57.5331
0,0.77,30.0,0.1566,charge,4.761,20.2,3.294,3.5582,55.496
25,25.92,2.0,1.0,discharge,-30.0,30.8,4.1939,3.7539,14.6667
25,25.17,2.0,1.0018,discharge,-30.569,20.2,4.195,3.7444,14.7404
25,25.22,2.0,1.0044,discharge,-30.572,20.2,4.1953,3.747,14.6637
25,25.54,2.0,1.0073,discharge,-30.0,84.1,4.1961,3.7564,14.6567
25,25.98,2.0,0.9628,charge,5.0,20.2,4.0933,4.1596,13.2589
25,26.11,2.0,0.9623,discharge,-30.0,20.2,4.0928,3.7227,12.3367
25,25.36,2.0,0.9175,charge,4.999,20.2,4.074,4.1346,12.1215
25,25.98,2.0,0.917,discharge,-30.002,20.2,4.0735,3.7178,11.8559
25,25.27,2.0,0.9198,charge,2.209,20.2,4.0759,4.103,12.2652
25,25.56,2.0,0.8722,charge,4.998,20.2,4.0514,4.1118,12.0856
25,25.99,2.0,0.8718,discharge,-30.002,20.2,4.0516,3.6927,11.9625
25,26.3,2.0,0.8745,charge,4.076,20.2,4.0555,4.1047,12.0704
25,25.63,2.0,0.8269,charge,4.999,20.2,4.003,4.0626,11.9226
25,26.23,2.0,0.8264,discharge,-29.998,20.2,4.0027,3.649,11.7908
25,25.96,2.0,0.8291,charge,4.994,20.2,4.0072,4.0664,11.8552
25,25.27,2.0,0.7813,charge,5.0,20.2,3.9492,4.0077,11.7002
25,25.14,2.0,0.7808,discharge,-30.001,20.2,3.9487,3.6034,11.5096
25,26.07,2.0,0.7836,charge,4.999,20.2,3.9531,4.011,11.5828
25,25.54,2.0,0.7358,charge,5.0,20.2,3.9085,3.9667,11.6407
25,25.94,2.0,0.7353,discharge,-29.999,20.2,3.9088,3.5695,11.3104
25,25.43,2.0,0.7381,charge,4.999,20.2,3.9135,3.9707,11.4427
25,25.36,2.0,0.6902,charge,4.997,20.2,3.865,3.9221,11.4257
25,25.57,2.0,0.6898,discharge,-30.002,20.2,3.8665,3.5329,11.1193
25,26.11,2.0,0.6925,charge,4.994,20.2,3.8728,3.9304,11.5336
25,25.59,2.0,0.6447,charge,4.999,20.2,3.8093,3.864,10.9415
25,26.01,2.0,0.6442,discharge,-29.995,20.2,3.8097,3.4838,10.8651
25,25.94,2.0,0.647,charge,4.995,20.2,3.8133,3.8682,10.9899
25,25.47,2.0,0.5992,charge,4.999,20.2,3.7589,3.8131,10.8417
25,25.73,2.0,0.5987,discharge,-30.002,20.2,3.7589,3.433,10.8626
25,25.97,2.0,0.6014,charge,4.997,20.2,3.7615,3.8154,10.7861
25,25.63,2.0,0.5536,charge,4.999,20.2,3.7072,3.7605,10.6617
25,25.21,2.0,0.5531,discharge,-29.998,20.2,3.7073,3.3816,10.8574
25,25.9,2.0,0.5558,charge,4.993,20.2,3.7105,3.7645,10.8145
25,25.57,2.0,0.5082,charge,4.998,20.2,3.6611,3.7141,10.604
25,26.09,2.0,0.5077,discharge,-30.002,20.2,3.6619,3.3374,10.8159
25,25.36,2.0,0.5104,charge,4.997,20.2,3.6659,3.7196,10.7471
25,25.17,2.0,0.4625,charge,4.998,20.2,3.6234,3.6772,10.7652
25,25.5,2.0,0.4621,discharge,-29.995,20.2,3.6252,3.3001,10.8385
25,25.23,2.0,0.4648,charge,4.993,20.2,3.6301,3.6836,10.7146
25,25.91,2.0,0.4172,charge,5.0,20.2,3.588,3.6421,10.8206
25,25.89,2.0,0.4167,discharge,-29.971,20.2,3.5909,3.2621,10.9706
25,25.2,2.0,0.4195,charge,4.99,20.2,3.5966,3.6509,10.8813
25,25.81,2.0,0.3718,charge,4.998,20.2,3.5514,3.6063,10.9835
25,25.86,2.0,0.3713,discharge,-29.959,20.2,3.5545,3.219,11.1986
25,25.16,2.0,0.374,charge,4.987,20.2,3.5607,3.6154,10.9692
25,25.76,2.0,0.3256,charge,5.001,20.2,3.5095,3.5659,11.2775
25,26.1,2.0,0.3251,discharge,-26.115,20.2,3.5126,3.2071,11.6983
25,25.72,2.0,0.3275,charge,4.991,20.2,3.5179,3.5745,11.3402
25,25.63,2.0,0.2786,charge,4.999,20.2,3.4545,3.5145,12.0022
25,25.49,2.0,0.2781,discharge,-19.562,20.2,3.4571,3.2086,12.7032
25,25.59,2.0,0.2799,charge,4.994,20.2,3.4611,3.5207,11.9343
25,25.38,2.0,0.2303,charge,5.0,20.2,3.3965,3.4635,13.4013
25,26.05,2.0,0.2298,discharge,-11.791,20.2,3.3986,3.2182,15.2998
25,25.25,2.0,0.2309,charge,4.996,20.2,3.4023,3.4684,13.2303
25,25.52,2.0,0.1805,charge,4.999,20.2,3.325,3.4139,17.7832
25,26.12,2.0,0.18,discharge,-4.086,20.2,3.3353,3.2447,22.1738
25,26.14,2.0,0.1804,charge,4.993,20.2,3.3418,3.4259,16.8449
25,26.08,2.0,0.1799,discharge,-6.321,20.2,3.3452,3.2017,22.7017
25,25.59,2.0,0.1322,charge,5.0,20.3,3.0462,3.1794,26.6421
25,25.85,2.0,0.1308,discharge,-5.675,20.2,3.0518,2.8139,41.9214
25,25.72,2.0,0.1313,charge,4.961,20.2,3.0744,3.1959,24.4895
25,25.72,2.0,0.1156,discharge,-2.203,27.0,2.8379,2.6664,77.8484
-10,-8.58,2.0,1.0,discharge,-26.133,3590.3,4.1886,3.1994,37.8525
-10,-8.65,2.0,1.0016,discharge,-23.513,409.9,4.1939,3.1995,42.2915
-10,-8.1,2.0,0.9558,charge,3.63,20.2,4.0539,4.201,40.5223
-10,-8.03,2.0,0.9555,discharge,-27.044,20.2,4.0592,3.2233,30.9089
-10,-8.12,2.0,0.9577,discharge,-28.82,20.2,4.0706,3.2009,30.177
-10,-8.15,2.0,0.9126,charge,4.879,20.2,4.0209,4.2,36.7106
-10,-8.38,2.0,0.9122,discharge,-28.26,20.2,4.0248,3.2142,28.6837
-10,-8.4,2.0,0.9147,charge,2.011,20.2,4.0388,4.1205,40.6245
-10,-8.54,2.0,0.9145,charge,1.516,20.3,4.038,4.103,42.8816
-10,-7.8,2.0,0.8666,charge,5.0,20.2,3.9619,4.1386,35.3386
-10,-8.35,2.0,0.8662,discharge,-26.742,20.2,3.9666,3.2144,28.128
-10,-7.89,2.0,0.8685,charge,3.837,20.2,3.979,4.1196,36.6461
-10,-7.62,2.0,0.8202,charge,5.0,20.2,3.9106,4.0787,33.6187
-10,-7.66,2.0,0.8198,discharge,-25.272,20.2,3.9139,3.212,27.7738
-10,-7.69,2.0,0.822,charge,4.986,20.2,3.9234,4.0927,33.9544
-10,-8.09,2.0,0.7735,charge,5.001,20.2,3.8604,4.0199,31.8955
-10,-8.52,2.0,0.773,discharge,-23.521,20.2,3.8657,3.2188,27.5031
-10,-7.66,2.0,0.7751,charge,4.982,20.2,3.8754,4.037,32.4342
-10,-8.52,2.0,0.7265,charge,4.999,20.2,3.8152,3.971,31.1644
-10,-7.99,2.0,0.726,discharge,-21.76,20.2,3.8227,3.2213,27.6379
-10,-8.07,2.0,0.7279,charge,4.981,20.2,3.8337,3.9918,31.7438
-10,-7.88,2.0,0.7275,discharge,-22.873,20.2,3.8358,3.2074,27.4734
-10,-8.55,2.0,0.6811,charge,5.0,20.2,3.7711,3.9263,31.0419
-10,-8.63,2.0,0.6806,discharge,-20.019,20.2,3.7798,3.2206,27.9335
-10,-8.38,2.0,0.6824,charge,4.982,20.2,3.7905,3.9471,31.4351
-10,-7.69,2.0,0.6819,discharge,-21.092,20.2,3.7933,3.2069,27.802
-10,-8.6,2.0,0.6353,charge,4.999,20.2,3.7235,3.8782,30.9446
-10,-8.07,2.0,0.6349,discharge,-17.976,20.2,3.7328,3.2208,28.4824
-10,-7.63,2.0,0.6365,charge,4.979,20.2,3.744,3.9003,31.3944
-10,-8.24,2.0,0.636,discharge,-19.039,20.2,3.7473,3.2061,28.4259
-10,-8.05,2.0,0.5889,charge,4.999,20.2,3.6726,3.8278,31.0443
-10,-8.48,2.0,0.5885,discharge,-15.853,20.2,3.6828,3.2198,29.2058
-10,-8.48,2.0,0.5899,charge,4.98,20.2,3.6941,3.851,31.5041
-10,-8.19,2.0,0.5402,charge,5.0,20.2,3.6244,3.78,31.1219
-10,-7.58,2.0,0.5397,discharge,-13.774,20.2,3.6344,3.2193,30.1365
-10,-8.11,2.0,0.541,charge,4.981,20.2,3.6451,3.8029,31.6804
-10,-8.52,2.0,0.4914,charge,5.0,20.2,3.5824,3.7415,31.8225
-10,-8.42,2.0,0.4909,discharge,-11.901,20.2,3.592,3.2181,31.4175
-10,-7.67,2.0,0.492,charge,4.979,20.2,3.602,3.7637,32.4744
-10,-8.51,2.0,0.4422,charge,4.999,20.2,3.5434,3.7073,32.7866
-10,-8.27,2.0,0.4417,discharge,-10.046,20.2,3.553,3.2184,33.3068
-10,-7.58,2.0,0.4426,charge,4.981,20.2,3.5621,3.7283,33.3675
-10,-8.44,2.0,0.3927,charge,4.997,20.2,3.5055,3.6762,34.1578
-10,-7.54,2.0,0.3922,discharge,-8.165,20.2,3.5144,3.2194,36.1289
-10,-7.5,2.0,0.393,charge,4.982,20.2,3.5222,3.6953,34.7416
-10,-8.47,2.0,0.3428,charge,4.999,20.2,3.4682,3.6482,36.0079
-10,-8.53,2.0,0.3424,discharge,-6.193,20.2,3.4765,3.2226,40.9959
-10,-7.76,2.0,0.3429,charge,4.982,20.2,3.483,3.6653,36.5947
-10,-8.41,2.0,0.3425,discharge,-6.858,20.2,3.487,3.2047,41.1612
-10,-8.25,2.0,0.2931,charge,5.0,20.2,3.4286,3.6133,36.9422
-10,-8.46,2.0,0.2927,discharge,-4.17,20.2,3.4404,3.2425,47.4569
-10,-7.7,2.0,0.293,charge,4.98,20.2,3.447,3.6338,37.51
-10,-7.91,2.0,0.2926,discharge,-5.163,20.2,3.45,3.2059,47.276
-10,-8.41,2.0,0.2435,charge,4.999,20.2,3.386,3.5683,36.468
-10,-7.61,2.0,0.243,discharge,-2.548,20.2,3.4025,3.2689,52.4271
-10,-8.12,2.0,0.2432,charge,4.979,20.2,3.412,3.5951,36.7708
-10,-7.92,2.0,0.2428,discharge,-3.971,20.2,3.4169,3.2026,53.9676
-10,-7.98,2.0,0.1953,charge,5.0,20.2,3.3392,3.5555,43.2574
-10,-7.61,2.0,0.1949,discharge,-1.487,20.2,3.3576,3.2456,75.3144
-10,-7.62,2.0,0.195,charge,4.981,20.2,3.3676,3.5793,42.5049
-10,-8.13,2.0,0.1945,discharge,-2.171,20.2,3.3731,3.2082,75.9453
-10,-8.44,2.0,0.1479,charge,5.0,20.3,3.1618,3.5513,77.8938
-10,-8.6,2.0,0.1471,charge,5.3,20.2,3.1739,3.5749,75.6561
-10,-8.18,2.0,0.1433,discharge,-2.342,27.0,3.2414,2.8808,153.9414
-10,-8.42,2.0,0.1379,discharge,-2.549,31.0,3.1985,2.7001,195.5123
-10,-8.27,2.0,0.137,discharge,-2.369,26.0,3.2225,2.6791,229.4085
-10,-8.08,2.0,0.1326,charge,1.59,31.0,2.6697,3.1496,301.8524
-10,-8.02,2.0,0.1321,discharge,-2.239,31.0,3.1759,2.6635,228.8931
-10,-8.8,2.0,0.132,discharge,-2.59,26.0,3.2053,2.9126,113.0334
-10,-8.16,2.0,0.1285,charge,1.587,31.0,2.6669,3.1498,304.3232
-20,-17.92,2.0,1.0,discharge,-14.257,5348.6,4.1908,3.1994,69.5378
-20,-18.1,2.0,1.0009,discharge,-11.851,711.2,4.1952,3.2002,83.9592
-20,-18.11,2.0,0.9528,charge,2.886,20.2,4.0162,4.1997,63.5762
-20,-17.94,2.0,0.9527,discharge,-15.63,20.2,4.0283,3.2232,51.5099
-20,-17.26,2.0,0.9539,discharge,-17.12,20.2,4.0507,3.1805,50.8294
-20,-18.12,2.0,0.9063,charge,4.904,20.2,3.9387,4.2001,53.3045
-20,-18.1,2.0,0.9058,discharge,-16.093,20.2,3.9558,3.2281,45.2184
-20,-17.63,2.0,0.9073,charge,2.7,20.2,3.9777,4.1497,63.7155
-20,-17.25,2.0,0.907,discharge,-17.135,20.2,3.9844,3.2041,45.5384
-20,-17.14,2.0,0.9085,charge,1.854,20.2,3.9988,4.1273,69.3003
-20,-17.31,2.0,0.9084,charge,1.441,20.2,4.0011,4.1073,73.6886
-20,-17.73,2.0,0.8594,charge,5.0,20.2,3.8888,4.144,51.039
-20,-17.16,2.0,0.8589,discharge,-15.399,20.2,3.9019,3.2272,43.8145
-20,-17.52,2.0,0.8603,charge,3.947,20.2,3.9175,4.1359,55.3332
-20,-17.24,2.0,0.8599,discharge,-16.308,20.2,3.923,3.2051,44.0213
-20,-17.34,2.0,0.8614,charge,3.23,20.2,3.9338,4.1242,58.9419
-20,-17.58,2.0,0.8611,charge,2.801,20.2,3.9365,4.1098,61.8774
-20,-17.79,2.0,0.812,charge,4.999,20.2,3.8481,4.0963,49.647
-20,-17.52,2.0,0.8116,discharge,-14.562,20.2,3.8609,3.2272,43.5174
-20,-18.08,2.0,0.8129,charge,4.892,20.2,3.8743,4.1259,51.4351
-20,-18.11,2.0,0.8124,discharge,-15.426,20.2,3.879,3.207,43.5628
-20,-18.12,2.0,0.8138,charge,4.323,20.2,3.8874,4.121,54.039
-20,-18.09,2.0,0.8134,charge,3.924,20.3,3.8893,4.1102,56.2917
-20,-17.11,2.0,0.7639,charge,4.998,20.2,3.8065,4.0499,48.6985
-20,-17.26,2.0,0.7635,discharge,-13.527,20.2,3.8197,3.2277,43.7643
-20,-17.88,2.0,0.7647,charge,4.967,20.2,3.8332,4.084,50.4892
-20,-17.68,2.0,0.7642,discharge,-14.395,20.2,3.8385,3.2071,43.8625
-20,-17.41,2.0,0.7161,charge,5.0,20.2,3.7594,4.0026,48.641
-20,-17.55,2.0,0.7156,discharge,-12.246,20.2,3.7734,3.223,44.9453
-20,-17.3,2.0,0.7167,charge,4.966,20.2,3.787,4.0379,50.5195
-20,-17.73,2.0,0.7163,discharge,-12.981,20.2,3.7927,3.2052,45.2585
-20,-18.14,2.0,0.6681,charge,5.0,20.2,3.7111,3.9534,48.4639
-20,-17.53,2.0,0.6677,discharge,-10.864,20.2,3.7251,3.2232,46.1985
-20,-17.85,2.0,0.6687,charge,4.968,20.2,3.7382,3.9882,50.321
-20,-18.13,2.0,0.6682,discharge,-11.581,20.2,3.7445,3.2052,46.5697
-20,-18.07,2.0,0.6198,charge,4.996,20.2,3.6623,3.9035,48.2748
-20,-17.52,2.0,0.6194,discharge,-9.565,20.2,3.6758,3.222,47.4463
-20,-17.88,2.0,0.6202,charge,4.969,20.2,3.6884,3.9369,50.0091
-20,-17.7,2.0,0.6198,discharge,-10.22,20.2,3.6948,3.2044,47.9843
-20,-17.54,2.0,0.5712,charge,4.999,20.2,3.6181,3.8595,48.2858
-20,-17.7,2.0,0.5707,discharge,-8.328,20.2,3.6305,3.22,49.2892
-20,-18.27,2.0,0.5715,charge,4.97,20.2,3.6409,3.8899,50.1026
-20,-17.53,2.0,0.5214,charge,5.0,20.2,3.578,3.8205,48.5019
-20,-17.37,2.0,0.5209,discharge,-7.23,20.2,3.59,3.2195,51.2448
-20,-18.24,2.0,0.5216,charge,4.974,20.2,3.5994,3.8489,50.1558
-20,-18.2,2.0,0.4714,charge,4.999,20.2,3.5398,3.7848,49.0078
-20,-17.37,2.0,0.4709,discharge,-6.117,20.2,3.5523,3.223,53.8362
-20,-18.16,2.0,0.4715,charge,4.972,20.2,3.5614,3.8125,50.5018
-20,-18.18,2.0,0.471,discharge,-6.66,20.2,3.5667,3.2032,54.582
-20,-17.27,2.0,0.4218,charge,5.0,20.2,3.5007,3.751,50.064
-20,-18.04,2.0,0.4214,discharge,-4.945,20.2,3.5156,3.2289,57.9778
-20,-17.14,2.0,0.4218,charge,4.972,20.2,3.525,3.7818,51.6503
-20,-17.86,2.0,0.4213,discharge,-5.556,20.2,3.5306,3.2041,58.7611
-20,-17.88,2.0,0.3718,charge,5.0,20.2,3.4641,3.7173,50.6451
-20,-17.08,2.0,0.3714,discharge,-3.951,20.2,3.4811,3.2333,62.7151
-20,-17.87,2.0,0.3717,charge,4.97,20.2,3.4909,3.7513,52.3923
-20,-18.21,2.0,0.3712,discharge,-4.589,20.2,3.4968,3.2039,63.821
-20,-18.13,2.0,0.322,charge,4.999,20.2,3.42,3.6702,50.049
-20,-18.05,2.0,0.3215,discharge,-2.891,20.2,3.444,3.2507,66.8581
-20,-17.32,2.0,0.3218,charge,4.964,20.2,3.4569,3.7139,51.7748
-20,-17.64,2.0,0.3213,discharge,-3.776,20.2,3.4642,3.2055,68.5044
-20,-17.3,2.0,0.2715,charge,4.999,20.2,3.3894,3.648,51.7314
-20,-17.15,2.0,0.271,discharge,-1.973,20.2,3.4131,3.2624,76.3811
-20,-17.32,2.0,0.2712,charge,4.962,20.2,3.4263,3.6914,53.4271
-20,-17.75,2.0,0.2707,discharge,-2.903,20.2,3.4344,3.2054,78.8812
-20,-17.91,2.0,0.2218,charge,4.999,20.2,3.3675,3.6564,57.7869
-20,-17.97,2.0,0.2215,charge,5.518,20.2,3.3979,3.7143,57.3365
-20,-17.46,2.0,0.2211,discharge,-2.05,20.2,3.4049,3.2016,99.1659
-20,-18.11,2.0,0.2213,charge,4.966,20.2,3.4109,3.7128,60.7934
-20,-17.75,2.0,0.1735,charge,5.0,21.3,3.304,3.6966,78.5247
-20,-17.76,2.0,0.1731,charge,5.478,20.2,3.3438,3.7426,72.8003
-20,-17.7,2.0,0.1727,discharge,-2.058,20.2,3.3447,3.054,141.2399
-20,-17.78,2.0,0.1729,charge,4.928,20.2,3.3587,3.7323,75.8148
-20,-17.65,2.0,0.1724,discharge,-1.113,20.2,3.3572,3.1951,145.6948
-20,-17.87,2.0,0.16,discharge,-2.715,27.0,3.3049,2.8811,156.1101
-20,-17.54,2.0,0.1515,discharge,-2.095,31.0,3.2813,2.6879,283.1918
-20,-17.17,2.0,0.1493,discharge,-2.434,26.0,3.2984,2.6456,268.1619
-20,-17.48,2.0,0.1434,charge,1.55,31.0,2.6931,3.2475,357.7813
-20,-17.13,2.0,0.1465,discharge,-2.071,27.0,3.2894,2.8388,217.5288
-20,-17.13,2.0,0.1405,discharge,-2.106,26.0,3.2855,2.6128,319.4131
-20,-17.12,2.0,0.1362,charge,1.558,31.0,2.6864,3.0253,217.4806
-20,-16.79,2.0,0.1407,discharge,-2.117,27.0,3.2804,2.8228,216.1958
0,1.58,2.0,1.0,discharge,-30.0,2964.1,4.1942,3.3464,28.26
0,1.8,2.0,1.0021,discharge,-29.994,343.0,4.1969,3.3461,28.3657
0,1.56,2.0,0.9573,charge,4.42,20.2,4.0759,4.2009,28.278
0,1.62,2.0,0.957,discharge,-29.95,20.2,4.0757,3.3974,22.6477
0,0.96,2.0,0.9121,charge,4.998,20.2,4.0483,4.178,25.9483
0,1.37,2.0,0.9116,discharge,-30.001,20.2,4.0501,3.4003,21.6593
0,0.95,2.0,0.9144,charge,1.974,20.2,4.0593,4.1109,26.1411
0,1.62,2.0,0.8669,charge,5.0,20.2,3.9992,4.1203,24.2193
0,0.68,2.0,0.8665,discharge,-30.002,20.2,4.0028,3.3766,20.8719
0,1.58,2.0,0.8692,charge,4.092,20.2,4.0144,4.1127,24.0204
0,1.2,2.0,0.8213,charge,4.999,20.2,3.9443,4.0602,23.1842
0,1.42,2.0,0.8209,discharge,-30.003,20.2,3.9476,3.3416,20.198
0,1.47,2.0,0.8236,charge,4.989,20.2,3.9591,4.0742,23.0703
0,1.93,2.0,0.7757,charge,5.0,20.2,3.8982,4.0093,22.2204
0,1.38,2.0,0.7753,discharge,-29.984,20.2,3.9005,3.3095,19.7105
0,1.67,2.0,0.778,charge,4.987,20.2,3.9092,4.0197,22.1585
0,0.69,2.0,0.7302,charge,4.999,20.2,3.8604,3.9687,21.6661
0,1.66,2.0,0.7297,discharge,-29.963,20.2,3.8622,3.2777,19.5074
0,1.46,2.0,0.7324,charge,4.992,20.2,3.8695,3.9767,21.4731
0,1.28,2.0,0.6846,charge,5.0,20.2,3.8138,3.9188,21.0021
0,0.99,2.0,0.6841,discharge,-29.925,20.2,3.8162,3.2384,19.3083
0,1.79,2.0,0.6868,charge,4.99,20.2,3.8241,3.9287,20.9619
0,1.36,2.0,0.639,charge,4.999,20.2,3.7684,3.872,20.7225
0,1.36,2.0,0.6386,discharge,-28.846,20.2,3.7708,3.213,19.3372
0,1.14,2.0,0.6412,charge,4.986,20.2,3.7785,3.8816,20.6796
0,0.98,2.0,0.593,charge,5.002,20.2,3.7157,3.8194,20.7313
0,1.82,2.0,0.5925,discharge,-25.816,20.2,3.7204,3.2139,19.6196
0,1.55,2.0,0.5949,charge,4.991,20.2,3.7288,3.8319,20.6572
0,1.24,2.0,0.5463,charge,4.999,20.2,3.6644,3.7684,20.8058
0,1.95,2.0,0.5459,discharge,-22.733,20.2,3.67,3.2154,19.9974
0,1.03,2.0,0.5479,charge,4.987,20.2,3.6782,3.7819,20.7932
0,1.88,2.0,0.4992,charge,4.998,20.2,3.6187,3.7247,21.2089
0,1.47,2.0,0.4988,discharge,-19.908,20.2,3.6258,3.2154,20.6148
0,0.94,2.0,0.5006,charge,4.986,20.2,3.6344,3.7398,21.1388
0,0.95,2.0,0.4512,charge,4.999,20.2,3.5778,3.6867,21.7839
0,1.81,2.0,0.4508,discharge,-17.249,20.2,3.5862,3.2171,21.3983
0,1.18,2.0,0.4524,charge,4.985,20.2,3.5954,3.704,21.7849
0,1.77,2.0,0.403,charge,5.0,20.2,3.537,3.6502,22.6418
0,1.92,2.0,0.4025,discharge,-14.447,20.2,3.5462,3.2191,22.6414
0,1.86,2.0,0.4038,charge,4.981,20.2,3.5558,3.6688,22.6862
0,1.68,2.0,0.3541,charge,4.999,20.2,3.4949,3.6145,23.9248
0,0.99,2.0,0.3537,discharge,-11.428,20.2,3.5035,3.2197,24.8337
0,1.81,2.0,0.3547,charge,4.984,20.2,3.5126,3.6323,24.0149
0,1.34,2.0,0.3047,charge,4.999,20.2,3.4534,3.5821,25.7454
0,2.2,2.0,0.3042,discharge,-8.165,20.2,3.4607,3.2246,28.9172
0,1.63,2.0,0.305,charge,4.987,20.2,3.4675,3.5961,25.785
0,2.05,2.0,0.3045,discharge,-9.195,20.2,3.4714,3.2078,28.6665
0,1.95,2.0,0.2558,charge,4.999,20.2,3.4115,3.5478,27.2657
0,2.06,2.0,0.2553,discharge,-4.887,20.2,3.4192,3.2473,35.1778
0,1.5,2.0,0.2558,charge,4.99,20.2,3.4247,3.56,27.1131
0,1.45,2.0,0.2553,discharge,-6.333,20.2,3.4277,3.2053,35.1174
0,1.69,2.0,0.206,charge,5.0,20.2,3.3567,3.5006,28.7788
0,1.75,2.0,0.2056,discharge,-2.29,20.2,3.3711,3.275,41.9706
0,1.31,2.0,0.2058,charge,4.99,20.2,3.3796,3.5187,27.8755
0,1.24,2.0,0.2053,discharge,-4.197,20.2,3.3839,3.1999,43.8367
10,10.56,2.0,1.0,discharge,-30.0,2425.0,4.1917,3.5492,21.4167
10,10.67,2.0,1.0018,discharge,-30.183,20.2,4.1943,3.5461,21.4757
10,10.92,2.0,0.9573,charge,5.0,20.2,4.0829,4.1859,20.5988
10,11.6,2.0,0.9568,discharge,-30.003,20.2,4.0821,3.5619,17.3383
10,10.91,2.0,0.9121,charge,4.997,20.2,4.0653,4.1568,18.3092
10,11.28,2.0,0.9116,discharge,-30.0,20.2,4.064,3.5622,16.7267
10,11.6,2.0,0.9143,charge,1.943,20.2,4.0697,4.1056,18.4785
10,10.51,2.0,0.8669,charge,4.997,20.2,4.0242,4.112,17.5695
10,10.96,2.0,0.8664,discharge,-30.002,20.2,4.0254,3.5346,16.3589
10,11.51,2.0,0.8691,charge,4.308,20.2,4.0332,4.1083,17.4335
10,10.45,2.0,0.8214,charge,4.998,20.2,3.9726,4.0577,17.0254
10,10.95,2.0,0.8209,discharge,-30.0,20.2,3.9739,3.4962,15.9233
10,10.98,2.0,0.8237,charge,4.987,20.2,3.9819,4.0658,16.8244
10,10.85,2.0,0.7759,charge,5.001,20.2,3.9235,4.0069,16.6763
10,10.68,2.0,0.7754,discharge,-29.998,20.2,3.926,3.4609,15.5044
10,10.62,2.0,0.7782,charge,4.992,20.2,3.9343,4.0164,16.4458
10,10.74,2.0,0.7303,charge,5.0,20.2,3.8809,3.9602,15.859
10,10.67,2.0,0.7299,discharge,-29.997,20.2,3.8832,3.4287,15.1515
10,10.94,2.0,0.7326,charge,4.987,20.2,3.8913,3.9725,16.281
10,10.48,2.0,0.6849,charge,5.0,20.2,3.8371,3.915,15.58
10,11.25,2.0,0.6845,discharge,-30.002,20.2,3.8383,3.3893,14.9657
10,10.48,2.0,0.6872,charge,4.988,20.2,3.8443,3.9222,15.6165
10,11.29,2.0,0.6394,charge,5.001,20.2,3.7901,3.8667,15.3177
10,10.36,2.0,0.6389,discharge,-29.999,20.2,3.7904,3.3428,14.9205
10,11.35,2.0,0.6416,charge,4.995,20.2,3.7952,3.8717,15.3168
10,11.04,2.0,0.5938,charge,4.997,20.2,3.7389,3.8147,15.1679
10,10.77,2.0,0.5933,discharge,-29.978,20.2,3.7398,3.2933,14.8943
10,11.34,2.0,0.596,charge,4.997,20.2,3.7452,3.8207,15.1091
10,11.07,2.0,0.5483,charge,5.0,20.2,3.6866,3.7622,15.1206
10,10.53,2.0,0.5478,discharge,-29.966,20.2,3.6887,3.2435,14.8568
10,11.31,2.0,0.5505,charge,4.99,20.2,3.6947,3.7699,15.0707
10,10.66,2.0,0.5025,charge,4.999,20.2,3.6419,3.7173,15.0836
10,10.46,2.0,0.502,discharge,-29.096,20.2,3.6447,3.2098,14.9471
10,10.72,2.0,0.5046,charge,4.991,20.2,3.6513,3.7264,15.0483
10,10.63,2.0,0.4564,charge,4.999,20.2,3.6024,3.679,15.3225
10,11.42,2.0,0.4559,discharge,-25.93,20.2,3.6067,3.2106,15.2757
10,11.32,2.0,0.4582,charge,4.988,20.2,3.614,3.6899,15.2164
10,11.31,2.0,0.4095,charge,4.999,20.2,3.5637,3.6428,15.8235
10,10.99,2.0,0.4091,discharge,-22.419,20.2,3.5697,3.2141,15.8615
10,10.59,2.0,0.4111,charge,4.986,20.2,3.5777,3.6558,15.6629
10,11.26,2.0,0.3619,charge,4.999,20.2,3.5221,3.6052,16.622
10,10.27,2.0,0.3614,discharge,-18.521,20.2,3.5291,3.2166,16.8727
10,10.82,2.0,0.3631,charge,4.983,20.2,3.5379,3.6203,16.5349
10,10.83,2.0,0.3137,charge,4.999,20.2,3.4766,3.5649,17.6635
10,11.13,2.0,0.3132,discharge,-14.053,20.2,3.483,3.2197,18.7362
10,11.19,2.0,0.3145,charge,4.987,20.2,3.4915,3.5798,17.7057
10,10.3,2.0,0.2646,charge,5.0,20.2,3.4273,3.5248,19.4984
10,11.09,2.0,0.2641,discharge,-8.993,20.2,3.4326,3.2292,22.6173
10,10.49,2.0,0.2649,charge,4.993,20.2,3.4377,3.5345,19.3883
10,10.21,2.0,0.2645,discharge,-10.47,20.2,3.4403,3.2052,22.4546
10,11.12,2.0,0.2152,charge,5.0,20.2,3.3735,3.4845,22.2018
10,10.34,2.0,0.2147,discharge,-4.119,20.2,3.3814,3.2588,29.7631
10,10.79,2.0,0.2151,charge,4.991,20.2,3.3867,3.4946,21.6198
10,11.21,2.0,0.2146,discharge,-6.224,20.2,3.3889,3.1997,30.3965
10,10.44,2.0,0.1658,charge,4.999,32.4,3.2659,3.4203,30.8837
10,10.37,2.0,0.1653,charge,4.992,42.6,3.3057,3.444,27.7049
10,10.86,2.0,0.1648,discharge,-1.934,20.2,3.3141,3.2267,45.2007
10,10.31,2.0,0.165,discharge,-2.632,20.3,3.3213,3.1996,46.2368
10,11.35,2.0,0.1184,charge,5.001,20.3,2.9576,3.2121,50.8939
10,11.47,2.0,0.117,discharge,-4.334,20.2,2.8936,2.4985,91.1724
10,10.51,2.0,0.1174,charge,4.824,20.2,2.9462,3.2004,52.696
10,10.96,2.0,0.1171,discharge,-1.587,27.0,3.0008,2.7381,165.5272
10,10.49,2.0,0.1141,discharge,-2.15,31.0,2.9382,2.6054,154.7907
10,10.9,2.0,0.1146,discharge,-1.656,26.0,2.9528,2.6034,210.9394
10,10.96,2.0,0.1112,charge,1.645,33.0,2.6472,2.8358,114.6609
10,10.74,2.0,0.1164,discharge,-2.456,27.0,2.9506,2.7755,71.3006
10,10.46,2.0,0.1155,discharge,-1.458,31.0,2.8993,2.7198,123.1307
10,11.34,2.0,0.1168,discharge,-1.556,26.0,2.9185,2.7136,131.6584
10,10.8,2.0,0.1144,charge,1.649,33.0,2.6453,2.9278,171.3159
10,11.2,2.0,0.121,discharge,-1.863,27.0,2.9273,2.6522,147.6532
40,39.6,2.0,1.0,discharge,-29.999,2120.9,4.1837,3.8416,11.4037
40,40.32,2.0,1.002,charge,1.322,20.2,4.1854,4.1996,10.7397
40,39.69,2.0,1.0019,discharge,-30.571,20.2,4.1846,3.8318,11.5403
40,39.74,2.0,1.0044,discharge,-30.568,20.2,4.1851,3.8341,11.4826
40,39.83,2.0,1.0073,discharge,-29.999,20.3,4.1864,3.8422,11.4737
40,40.12,2.0,0.9627,charge,5.0,20.2,4.0962,4.1477,10.3004
40,40.68,2.0,0.9623,discharge,-30.001,20.2,4.0961,3.7971,9.9663
40,39.79,2.0,0.9173,charge,4.998,20.2,4.0777,4.1263,9.7239
40,39.97,2.0,0.9168,discharge,-30.0,20.2,4.0772,3.7859,9.71
40,40.18,2.0,0.9195,charge,2.354,20.2,4.0789,4.101,9.3863
40,40.17,2.0,0.872,charge,5.001,20.2,4.0605,4.1096,9.8184
40,40.7,2.0,0.8715,discharge,-30.002,20.2,4.0603,3.7622,9.936
40,40.64,2.0,0.8742,charge,4.086,20.2,4.0624,4.1028,9.8877
40,40.81,2.0,0.8266,charge,5.0,20.2,4.0106,4.0599,9.8596
40,39.9,2.0,0.8261,discharge,-29.999,20.2,4.0103,3.7125,9.927
40,40.71,2.0,0.8289,charge,4.997,20.2,4.0132,4.0624,9.8453
40,40.18,2.0,0.7811,charge,4.998,20.2,3.9543,4.0027,9.6835
40,39.88,2.0,0.7807,discharge,-30.001,20.2,3.9528,3.6616,9.7063
40,40.4,2.0,0.7834,charge,4.998,20.2,3.9565,4.004,9.5032
40,39.86,2.0,0.7357,charge,4.999,20.2,3.9139,3.9619,9.6019
40,40.45,2.0,0.7352,discharge,-29.999,20.2,3.9134,3.6257,9.5903
40,40.27,2.0,0.7379,charge,4.996,20.2,3.9163,3.9636,9.467
40,40.29,2.0,0.6901,charge,5.0,20.2,3.8766,3.9253,9.739
40,40.52,2.0,0.6897,discharge,-29.999,20.2,3.8772,3.5899,9.577
40,40.54,2.0,0.6924,charge,4.995,20.2,3.8808,3.9289,9.6292
40,40.61,2.0,0.6446,charge,5.0,20.2,3.8171,3.8636,9.2998
40,39.88,2.0,0.6442,discharge,-29.999,20.2,3.8171,3.5412,9.197
40,40.62,2.0,0.6469,charge,4.996,20.2,3.8202,3.8668,9.3269
40,40.67,2.0,0.5991,charge,5.0,20.2,3.7642,3.8101,9.1807
40,40.65,2.0,0.5987,discharge,-30.0,20.2,3.7641,3.4889,9.1733
40,40.72,2.0,0.6014,charge,4.996,20.2,3.7654,3.8118,9.2871
40,40.66,2.0,0.5536,charge,4.999,20.2,3.7133,3.759,9.1411
40,40.74,2.0,0.5532,discharge,-29.997,20.2,3.7135,3.4376,9.1976
40,39.99,2.0,0.5559,charge,4.996,20.2,3.7158,3.7615,9.1481
40,40.57,2.0,0.5082,charge,4.999,20.2,3.6676,3.7131,9.1016
40,40.04,2.0,0.5078,discharge,-29.999,20.2,3.668,3.3939,9.137
40,40.89,2.0,0.5105,charge,4.996,20.2,3.6713,3.7167,9.0876
40,40.58,2.0,0.4627,charge,5.0,20.2,3.6296,3.6749,9.0598
40,40.47,2.0,0.4623,discharge,-30.002,20.2,3.6306,3.3565,9.1361
40,40.74,2.0,0.465,charge,4.994,20.2,3.6339,3.6792,9.0712
40,40.39,2.0,0.4172,charge,5.0,20.2,3.5959,3.6414,9.0993
40,40.26,2.0,0.4167,discharge,-29.996,20.2,3.5973,3.3208,9.2179
40,40.31,2.0,0.4195,charge,4.995,20.2,3.6006,3.6464,9.169
40,40.59,2.0,0.3717,charge,4.997,20.2,3.5591,3.6054,9.2646
40,39.94,2.0,0.3713,discharge,-30.002,20.2,3.5607,3.2817,9.2994
40,40.74,2.0,0.374,charge,4.996,20.2,3.5645,3.6106,9.2278
40,40.74,2.0,0.3262,charge,5.0,20.2,3.5168,3.5634,9.3207
40,40.91,2.0,0.3257,discharge,-30.0,20.2,3.5175,3.2325,9.5
40,40.85,2.0,0.3284,charge,4.998,20.2,3.5208,3.5672,9.2837
40,40.13,2.0,0.2802,charge,4.999,20.2,3.4622,3.5104,9.6427
40,40.34,2.0,0.2797,discharge,-26.318,20.2,3.4626,3.2014,9.9248
40,40.32,2.0,0.2821,charge,4.994,20.2,3.4652,3.5137,9.7124
40,40.02,2.0,0.2332,charge,4.999,20.2,3.4035,3.4548,10.2616
40,40.38,2.0,0.2327,discharge,-18.1,20.2,3.4037,3.2041,11.0276
40,40.53,2.0,0.2343,charge,4.999,20.2,3.4066,3.4578,10.2425
40,40.5,2.0,0.1845,charge,4.998,20.2,3.3488,3.4114,12.524
40,40.8,2.0,0.184,discharge,-9.422,20.2,3.3524,3.2188,14.1794
40,40.01,2.0,0.1849,charge,4.993,20.2,3.3563,3.4177,12.2965
40,40.71,2.0,0.1346,charge,4.998,20.3,3.0991,3.1858,17.3459
40,40.67,2.0,0.1332,discharge,-5.811,20.2,3.0991,2.9726,21.7679
40,40.85,2.0,0.1337,charge,4.985,20.2,3.1073,3.1899,16.5687
40,40.42,2.0,0.1123,charge,1.717,31.0,2.6206,2.7615,82.0641
40,40.27,2.0,0.1131,charge,4.141,26.0,2.6017,2.8274,54.5097
40,40.61,2.0,0.1156,discharge,-3.197,27.0,2.8197,2.7157,32.5351
40,40.37,2.0,0.1158,discharge,-2.207,31.0,2.8114,2.6613,68.014
40,40.59,2.0,0.1152,charge,1.711,33.0,2.618,2.7644,85.5515
40,40.57,2.0,0.1188,discharge,-3.238,27.0,2.8221,2.7166,32.5828
40,40.74,2.0,0.1196,discharge,-2.407,31.0,2.8132,2.6596,63.8059
40,40.39,2.0,0.121,discharge,-2.847,26.0,2.8375,2.6864,53.0781
40,40.44,2.0,0.1191,charge,1.711,33.0,2.6177,2.7659,86.6059
40,40.26,2.0,0.1195,charge,4.132,26.0,2.601,2.7867,44.9419
40,40.5,2.0,0.122,discharge,-3.064,27.0,2.8225,2.7161,34.7292
-10,-9.06,2.0,1.05,discharge,-22.057,27744.3,4.1766,3.1996,44.2943
-10,-9.05,2.0,1.05,discharge,-18.945,310.3,4.1773,3.2063,51.2536
-10,-7.58,2.0,1.05,discharge,-23.392,564.7,4.0702,3.1997,37.2136
-10,-8.84,2.0,1.05,discharge,-21.81,310.2,4.0759,3.1479,42.5493
-10,-8.69,2.0,1.05,discharge,-21.639,310.2,4.0782,3.1316,43.7451
-10,-9.48,2.0,1.05,discharge,-20.394,600.3,4.0797,3.1523,45.4742
-10,-9.06,2.0,1.05,discharge,-19.4,600.3,4.0808,3.194,45.7113
-10,-8.36,2.0,1.05,discharge,-23.599,372.2,4.0373,3.1998,35.4888
-10,-7.45,2.0,1.05,discharge,-21.433,310.2,4.058,3.1939,40.3163
-10,-8.15,2.0,1.05,discharge,-22.686,300.1,3.9721,3.1991,34.0739
-10,-7.9,2.0,1.05,charge,1.876,600.2,4.0052,4.0999,50.4878
-10,-8.83,2.0,1.05,discharge,-20.842,310.2,4.0121,3.1863,39.6219
-10,-8.77,2.0,1.05,charge,1.471,600.2,4.0203,4.1172,65.8915
-10,-8.87,2.0,1.05,discharge,-21.154,300.7,3.9206,3.1996,34.0834
-10,-9.49,2.0,1.05,charge,3.118,600.2,3.9498,4.1001,48.204
-10,-8.71,2.0,1.05,discharge,-19.449,310.2,3.9573,3.1679,40.5882
-10,-8.83,2.0,1.05,charge,2.567,600.2,3.9663,4.1216,60.4939
-10,-9.59,2.0,1.05,discharge,-18.887,310.2,3.9694,3.1857,41.4941
-10,-9.15,2.0,1.05,charge,2.208,600.2,3.9743,4.1133,62.9415
-10,-9.19,2.0,1.05,discharge,-19.573,300.1,3.8829,3.1998,34.9001
-10,-9.05,2.0,1.05,charge,3.971,600.2,3.9044,4.0998,49.2105
-10,-8.79,2.0,1.05,discharge,-17.781,310.2,3.9115,3.1831,40.9651
-10,-9.05,2.0,1.05,charge,3.598,600.2,3.9218,4.123,55.9137
-10,-9.49,2.0,1.05,charge,3.21,310.3,3.9246,4.1085,57.2951
-10,-8.47,2.0,1.05,discharge,-18.441,301.2,3.846,3.1998,35.0415
-10,-9.67,2.0,1.05,charge,4.79,600.2,3.8647,4.1011,49.3508
-10,-8.71,2.0,1.05,discharge,-16.626,310.2,3.8702,3.1895,40.9419
-10,-9.12,2.0,1.05,charge,4.604,600.2,3.8795,4.1205,52.3515
-10,-9.56,2.0,1.05,charge,4.262,310.2,3.8834,4.1118,53.5886
-10,-9.13,2.0,1.05,discharge,-17.081,300.1,3.805,3.1996,35.4429
-10,-8.55,2.0,1.05,charge,5.001,600.2,3.8211,4.0697,49.713
-10,-9.7,2.0,1.05,discharge,-15.372,310.2,3.8262,3.192,41.2568
-10,-9.07,2.0,1.05,charge,4.981,600.2,3.8331,4.0851,50.5872
-10,-9.32,2.0,1.05,discharge,-15.569,300.1,3.76,3.2,35.9689
-10,-9.08,2.0,1.05,charge,4.999,600.2,3.7749,4.0181,48.6507
-10,-9.48,2.0,1.05,discharge,-13.96,310.2,3.7783,3.1933,41.9054
-10,-9.47,2.0,1.05,charge,4.981,600.2,3.783,4.0317,49.9317
-10,-9.06,2.0,1.05,discharge,-14.026,300.1,3.7133,3.1999,36.6035
-10,-8.54,2.0,1.05,charge,5.0,600.2,3.7274,3.97,48.5229
-10,-9.15,2.0,1.05,discharge,-12.459,310.2,3.7306,3.195,42.989
-10,-8.6,2.0,1.05,charge,4.984,600.2,3.7352,3.9803,49.1774
-10,-9.02,2.0,1.05,discharge,-12.385,300.1,3.6665,3.1999,37.6746
-10,-9.36,2.0,1.05,charge,4.998,600.2,3.6798,3.9231,48.6824
-10,-9.01,2.0,1.05,discharge,-10.926,310.2,3.6823,3.1922,44.8563
-10,-8.7,2.0,1.05,charge,4.989,600.2,3.6866,3.9338,49.546
-10,-9.21,2.0,1.05,discharge,-10.845,300.1,3.625,3.1997,39.2162
-10,-8.85,2.0,1.05,charge,4.997,600.2,3.6401,3.8819,48.391
-10,-9.03,2.0,1.05,discharge,-9.386,310.2,3.643,3.2115,45.9713
-10,-9.64,2.0,1.05,charge,4.981,600.2,3.6467,3.8957,49.992
-10,-8.6,2.0,1.05,discharge,-9.51,302.7,3.5885,3.2007,40.7798
-10,-9.44,2.0,1.05,charge,4.998,600.2,3.6062,3.859,50.5823
-10,-9.28,2.0,1.05,discharge,-8.223,310.2,3.6093,3.192,50.7491
-10,-9.04,2.0,1.05,charge,4.996,600.2,3.6135,3.8632,49.976
-10,-8.46,2.0,1.05,discharge,-8.232,303.0,3.5504,3.1999,42.5793
-10,-8.58,2.0,1.05,charge,4.999,600.2,3.5728,3.824,50.246
-10,-8.71,2.0,1.05,discharge,-6.994,310.2,3.5772,3.2143,51.8888
-10,-8.55,2.0,1.05,charge,4.989,600.2,3.5821,3.8336,50.4089
-10,-7.4,2.0,1.05,discharge,-6.866,458.5,3.5189,3.2005,46.3755
-10,-8.26,2.0,1.05,charge,5.0,600.2,3.5373,3.8036,53.2621
-10,-7.79,2.0,1.05,discharge,-5.497,310.2,3.5421,3.2189,58.7914
-10,-9.1,2.0,1.05,charge,4.986,600.2,3.5478,3.8151,53.608
-10,-8.17,2.0,1.05,discharge,-5.248,484.3,3.4746,3.2002,52.2856
-10,-7.89,2.0,1.05,charge,5.0,600.2,3.4902,3.7771,57.3834
-10,-8.41,2.0,1.05,discharge,-3.771,310.2,3.4944,3.2217,72.3093
-10,-8.43,2.0,1.05,charge,4.984,600.2,3.5015,3.789,57.6811
-10,-8.86,2.0,1.05,discharge,-4.113,310.2,3.5038,3.207,72.1649
-10,-7.81,2.0,1.05,discharge,-3.978,533.6,3.433,3.1999,58.6032
-10,-8.89,2.0,1.05,charge,4.999,600.2,3.4407,3.7366,59.1895
-10,-8.68,2.0,1.05,discharge,-2.461,310.2,3.4433,3.2315,86.0591
-10,-8.04,2.0,1.05,charge,4.992,600.2,3.4466,3.741,58.9767
-10,-7.82,2.0,1.05,discharge,-2.835,310.2,3.4477,3.2082,84.4678
-10,-9.16,10.0,1.0,discharge,-16.671,4232.7,4.1658,3.2,57.9347
-10,-8.0,10.0,1.0002,discharge,-16.562,319.3,4.1687,3.2158,57.5353
-10,-8.19,10.0,0.9522,discharge,-18.415,560.2,4.0681,3.2,47.1409
-10,-7.85,10.0,0.9532,discharge,-17.918,310.2,4.0767,3.1953,49.1908
-10,-8.82,10.0,0.905,discharge,-17.842,342.8,4.0257,3.1999,46.284
-10,-7.43,10.0,0.9058,discharge,-17.346,310.2,4.0565,3.2185,48.3108
-10,-7.98,10.0,0.8575,discharge,-17.58,300.2,3.9658,3.1993,43.6007
-10,-8.61,10.0,0.8584,charge,1.197,600.2,4.007,4.1011,78.6198
-10,-8.85,10.0,0.8584,discharge,-17.53,310.2,4.0112,3.1594,48.591
-10,-9.52,10.0,0.8599,charge,1.119,600.2,4.0209,4.1186,87.3257
-10,-9.29,10.0,0.8598,discharge,-17.01,310.2,4.0232,3.1757,49.8236
-10,-8.99,10.0,0.8613,discharge,-16.736,600.3,4.0293,3.1885,50.239
-10,-8.32,10.0,0.813,discharge,-16.49,301.4,3.9223,3.2001,43.7962
-10,-8.67,10.0,0.8138,charge,2.077,600.2,3.9557,4.0992,69.0801
-10,-8.64,10.0,0.8139,discharge,-16.214,310.2,3.9608,3.1793,48.1991
-10,-8.68,10.0,0.8153,charge,1.994,600.2,3.9702,4.1208,75.5266
-10,-9.1,10.0,0.8151,discharge,-16.053,310.2,3.9716,3.1837,49.0812
-10,-8.66,10.0,0.8165,charge,1.772,600.2,3.9776,4.1138,76.8797
-10,-8.41,10.0,0.7666,discharge,-15.449,300.1,3.8822,3.1993,44.2035
-10,-9.6,10.0,0.7673,charge,3.003,600.2,3.9081,4.1005,64.0757
-10,-8.78,10.0,0.7672,discharge,-14.977,310.2,3.9139,3.1875,48.501
-10,-8.44,10.0,0.7685,charge,2.905,600.2,3.924,4.116,66.0986
-10,-8.02,10.0,0.7185,discharge,-14.757,300.1,3.8446,3.1994,43.7216
-10,-9.2,10.0,0.7192,charge,4.029,600.2,3.8675,4.1,57.7066
-10,-8.46,10.0,0.7189,discharge,-14.21,310.2,3.8718,3.1927,47.7903
-10,-9.0,10.0,0.7202,charge,3.938,600.2,3.8829,4.1264,61.835
-10,-8.99,10.0,0.7198,charge,3.679,310.3,3.8848,4.1157,62.7582
-10,-8.0,10.0,0.6697,discharge,-13.909,306.7,3.8049,3.1999,43.497
-10,-7.94,10.0,0.6704,charge,4.999,600.2,3.825,4.0973,54.4709
-10,-8.0,10.0,0.6699,discharge,-13.254,310.2,3.8279,3.2063,46.899
-10,-7.53,10.0,0.6711,charge,4.985,600.2,3.8365,4.1079,54.4401
-10,-7.63,10.0,0.6209,discharge,-12.697,496.1,3.7661,3.1992,44.6483
-10,-8.63,10.0,0.6215,charge,5.0,600.2,3.7788,4.0536,54.9644
-10,-8.11,10.0,0.621,discharge,-12.022,310.2,3.7803,3.1881,49.2597
-10,-9.23,10.0,0.6221,charge,4.988,600.2,3.7864,4.0665,56.157
-10,-8.88,10.0,0.5719,discharge,-10.835,302.3,3.7119,3.2,47.245
-10,-9.51,10.0,0.5723,charge,4.999,600.2,3.7279,4.0055,55.5322
-10,-8.66,10.0,0.5718,discharge,-10.299,310.2,3.73,3.1964,51.8109
-10,-9.1,10.0,0.5728,charge,4.987,600.2,3.7348,4.0167,56.5213
-10,-9.03,10.0,0.5225,discharge,-9.44,301.8,3.6637,3.2002,49.0996
-10,-9.14,10.0,0.5228,charge,4.999,600.2,3.6792,3.9554,55.2466
-10,-8.77,10.0,0.5224,discharge,-8.964,310.2,3.681,3.2,53.6579
-10,-9.16,10.0,0.5232,charge,4.988,600.2,3.6857,3.9648,55.9577
-10,-9.04,10.0,0.473,discharge,-8.207,301.4,3.6224,3.1994,51.5439
-10,-9.48,10.0,0.4732,charge,4.999,600.2,3.6388,3.9154,55.3277
-10,-9.29,10.0,0.4728,discharge,-7.813,310.2,3.6407,3.2055,55.6992
-10,-9.08,10.0,0.4735,charge,4.991,600.2,3.6448,3.9238,55.8973
-10,-8.44,10.0,0.4232,discharge,-6.988,300.2,3.5847,3.1997,55.096
-10,-8.63,10.0,0.4234,charge,4.999,600.2,3.6042,3.8849,56.1535
-10,-9.43,10.0,0.423,discharge,-6.687,310.2,3.6066,3.2093,59.4111
-10,-9.43,10.0,0.4235,charge,4.985,600.2,3.6115,3.895,56.8672
-10,-8.22,10.0,0.3733,discharge,-5.67,300.1,3.5458,3.2,60.9844
-10,-8.91,10.0,0.3734,charge,4.999,600.2,3.5691,3.8596,58.107
-10,-9.67,10.0,0.3729,discharge,-5.469,310.2,3.573,3.2131,65.8025
-10,-9.13,10.0,0.3734,charge,4.981,600.2,3.5786,3.8714,58.7775
-10,-8.97,10.0,0.3232,discharge,-4.158,302.5,3.5033,3.1993,73.1086
-10,-9.55,10.0,0.3231,charge,5.0,600.2,3.5284,3.8325,60.8249
-10,-8.99,10.0,0.3227,discharge,-3.992,310.2,3.5341,3.2258,77.2333
-10,-9.34,10.0,0.323,charge,4.985,600.2,3.5413,3.8447,60.8669
-10,-9.53,10.0,0.3226,discharge,-4.367,310.2,3.5424,3.2126,75.514
-10,-8.75,10.0,0.2732,discharge,-2.811,302.5,3.4624,3.2002,93.2797
-10,-9.56,10.0,0.273,charge,4.999,600.2,3.4813,3.8043,64.609
-10,-9.44,10.0,0.2725,discharge,-2.614,310.2,3.4866,3.2297,98.286
-10,-9.03,10.0,0.2727,charge,4.977,600.2,3.4938,3.8171,64.9536
-10,-9.19,10.0,0.2723,discharge,-2.947,310.2,3.4956,3.2126,96.0136
-10,-8.6,10.0,0.2228,discharge,-1.77,483.1,3.4255,3.1999,127.4648
-10,-9.81,10.0,0.2225,charge,5.0,600.2,3.4343,3.7649,66.1253
-10,-9.37,10.0,0.2221,discharge,-1.552,310.2,3.4354,3.2349,129.1715
-10,-9.67,10.0,0.2222,charge,4.98,600.2,3.4398,3.7705,66.4083
-10,-8.89,10.0,0.2217,discharge,-1.834,310.2,3.4392,3.2091,125.484
-10,-8.24,30.0,1.0,discharge,-17.909,4346.9,4.1811,3.2002,54.7713
-10,-8.2,30.0,0.9997,discharge,-19.555,337.3,4.1817,3.2184,49.2611
-10,-7.53,30.0,0.9523,discharge,-18.073,323.4,4.0656,3.1999,47.9002
-10,-8.23,30.0,0.9533,discharge,-19.053,310.2,4.0873,3.187,47.2524
-10,-7.49,30.0,0.9053,discharge,-17.326,300.1,4.0416,3.1999,48.5802
-10,-8.25,30.0,0.9061,discharge,-18.122,310.2,4.0719,3.1782,49.3157
-10,-8.09,30.0,0.9077,discharge,-17.854,310.2,4.075,3.1934,49.3783
-10,-7.67,30.0,0.8594,discharge,-16.599,300.1,4.0024,3.1999,48.3463
-10,-8.4,30.0,0.8602,discharge,-17.498,310.2,4.0428,3.1582,50.5543
-10,-8.23,30.0,0.8617,discharge,-17.084,310.2,4.0518,3.177,51.2058
-10,-8.22,30.0,0.8632,discharge,-16.867,600.3,4.0586,3.192,51.3784
-10,-7.76,30.0,0.8149,discharge,-15.685,300.1,3.9468,3.2008,47.5614
-10,-9.09,30.0,0.8155,charge,1.326,600.2,3.9883,4.0998,84.0875
-10,-8.44,30.0,0.8155,discharge,-16.456,310.2,3.9877,3.1563,50.5226
-10,-9.01,30.0,0.817,charge,1.281,600.2,3.9993,4.1148,90.1851
-10,-8.33,30.0,0.8168,discharge,-15.999,310.2,3.9976,3.1749,51.422
-10,-8.29,30.0,0.8183,discharge,-15.754,600.3,4.0045,3.1893,51.7456
-10,-7.92,30.0,0.7699,discharge,-14.629,300.5,3.896,3.1993,47.6246
-10,-9.09,30.0,0.7704,charge,2.239,600.2,3.9327,4.1,74.7175
-10,-8.36,30.0,0.7704,discharge,-15.011,310.2,3.9337,3.1689,50.9493
-10,-8.84,30.0,0.7717,charge,2.161,600.2,3.9445,4.1175,80.0704
-10,-8.55,30.0,0.7715,discharge,-14.759,310.2,3.9429,3.1802,51.6769
-10,-8.15,30.0,0.7231,discharge,-13.495,300.1,3.8564,3.2,48.6402
-10,-8.93,30.0,0.7235,charge,3.077,600.2,3.8874,4.0996,68.9588
-10,-8.32,30.0,0.7233,discharge,-13.498,310.2,3.8882,3.1833,52.2226
-10,-9.37,30.0,0.7245,charge,3.021,600.2,3.903,4.125,73.4844
-10,-8.9,30.0,0.7243,charge,2.908,310.3,3.9018,4.1168,73.9467
-10,-7.98,30.0,0.6742,discharge,-12.643,300.1,3.815,3.1999,48.6514
-10,-9.44,30.0,0.6746,charge,3.934,600.2,3.8413,4.0997,65.6771
-10,-8.4,30.0,0.6744,discharge,-12.428,310.2,3.8381,3.1731,53.5082
-10,-9.0,30.0,0.6755,charge,3.823,600.2,3.8514,4.1169,69.4553
-10,-8.27,30.0,0.6751,discharge,-12.165,310.2,3.8474,3.2007,53.1607
-10,-8.39,30.0,0.6264,discharge,-11.143,300.1,3.77,3.1999,51.1622
-10,-8.61,30.0,0.6266,charge,4.998,600.2,3.7923,4.0993,61.4295
-10,-8.64,30.0,0.6262,discharge,-10.762,310.2,3.7879,3.1823,56.2721
-10,-8.75,30.0,0.6272,charge,4.995,600.2,3.7985,4.119,64.1667
-10,-8.1,30.0,0.577,discharge,-9.778,300.1,3.719,3.2001,53.067
-10,-9.3,30.0,0.5771,charge,5.0,600.2,3.741,4.0548,62.765
-10,-8.39,30.0,0.5767,discharge,-9.396,310.2,3.7388,3.1939,57.9952
-10,-8.99,30.0,0.5775,charge,4.985,600.2,3.7466,4.0673,64.3369
-10,-7.95,30.0,0.5273,discharge,-8.687,300.2,3.6697,3.2,54.0712
-10,-8.41,30.0,0.5274,charge,5.0,600.2,3.69,3.9995,61.9037
-10,-8.54,30.0,0.527,discharge,-8.217,310.2,3.6888,3.1905,60.6433
-10,-9.44,30.0,0.5277,charge,4.985,600.2,3.6957,4.0132,63.6924
-10,-8.57,30.0,0.4775,discharge,-7.263,300.1,3.627,3.1999,58.8041
-10,-8.73,30.0,0.4775,charge,4.999,600.2,3.6477,3.9582,62.1099
-10,-8.61,30.0,0.4771,discharge,-6.812,310.2,3.6462,3.2091,64.1681
-10,-8.65,30.0,0.4777,charge,4.997,600.2,3.6531,3.9604,61.4957
-10,-8.01,30.0,0.4275,discharge,-6.445,300.2,3.5894,3.2006,60.3296
-10,-8.56,30.0,0.4274,charge,4.997,600.2,3.6131,3.9211,61.6333
-10,-8.06,30.0,0.427,discharge,-6.048,310.2,3.6123,3.2092,66.6556
-10,-8.82,30.0,0.4275,charge,4.992,600.2,3.6193,3.9288,62.0042
-10,-8.27,30.0,0.3773,discharge,-5.228,365.3,3.5554,3.2001,67.9584
-10,-8.56,30.0,0.3772,charge,5.002,600.2,3.5794,3.8936,62.8212
-10,-8.67,30.0,0.3767,discharge,-4.84,310.2,3.5791,3.219,74.4016
-10,-8.4,30.0,0.3772,charge,4.991,600.2,3.5869,3.9,62.7317
-10,-8.25,30.0,0.3269,discharge,-3.945,405.3,3.5162,3.201,79.8946
-10,-8.82,30.0,0.3267,charge,4.999,600.2,3.54,3.8669,65.3918
-10,-8.21,30.0,0.3263,discharge,-3.613,310.2,3.5415,3.2322,85.6099
-10,-8.31,30.0,0.3266,charge,4.993,600.2,3.5503,3.8747,64.9697
-10,-8.14,30.0,0.3261,discharge,-4.06,310.2,3.549,3.207,84.2302
-10,-8.52,30.0,0.2767,discharge,-2.638,553.4,3.4785,3.1997,105.6741
-10,-8.45,30.0,0.2764,charge,4.999,600.2,3.4938,3.8363,68.511
-10,-8.3,30.0,0.276,discharge,-2.299,310.2,3.4956,3.2436,109.6367
-10,-8.65,30.0,0.2762,charge,4.984,600.2,3.5031,3.8485,69.2976
-10,-8.04,30.0,0.2758,discharge,-2.732,310.2,3.5027,3.2123,106.2802
-10,-8.67,30.0,0.2262,discharge,-1.509,562.2,3.4329,3.1999,154.4069
-10,-8.33,30.0,0.2259,charge,4.999,600.2,3.4408,3.7856,68.9724
-10,-8.26,30.0,0.2254,discharge,-1.244,310.2,3.4385,3.2583,144.8553
-10,-8.1,30.0,0.2255,charge,4.984,600.2,3.4443,3.7908,69.5225
-10,-8.56,30.0,0.2251,discharge,-1.668,310.2,3.4426,3.1952,148.348
-20,-18.61,30.0,1.0,discharge,-8.141,4790.5,4.1866,3.2004,121.1354
-20,-18.3,30.0,0.9981,discharge,-8.603,4392.5,4.1803,3.1682,117.6505
-20,-17.82,30.0,0.9985,discharge,-8.387,4867.6,4.1862,3.2035,117.1638
-20,-17.91,30.0,0.949,discharge,-8.561,659.8,4.0609,3.2,100.5595
-20,-17.79,30.0,0.949,discharge,-8.531,310.2,4.0766,3.22,100.4114
-20,-17.7,30.0,0.9498,discharge,-8.832,310.2,4.0805,3.1965,100.0883
-20,-17.26,30.0,0.9008,discharge,-8.822,614.8,4.0214,3.1996,93.1514
-20,-17.36,30.0,0.9009,discharge,-8.886,310.2,4.056,3.1965,96.7295
-20,-17.57,30.0,0.8519,discharge,-8.253,575.0,3.9584,3.1999,91.906
-20,-18.22,30.0,0.8521,discharge,-8.273,310.2,3.9999,3.1803,99.0729
-20,-17.49,30.0,0.803,discharge,-7.822,646.3,3.9102,3.2,90.7906
-20,-18.2,30.0,0.8031,discharge,-7.635,310.2,3.9406,3.1909,98.1938
-20,-17.68,30.0,0.7538,discharge,-7.21,473.8,3.8659,3.2006,92.2682
-20,-18.43,30.0,0.7539,charge,1.461,600.2,3.8901,4.1,143.6884
-20,-18.41,30.0,0.754,discharge,-6.995,310.2,3.8924,3.1895,100.4789
-20,-18.29,30.0,0.7546,charge,1.452,600.2,3.9037,4.1241,151.8325
-20,-18.27,30.0,0.7544,charge,1.393,310.3,3.9052,4.1231,156.4811
-20,-17.83,30.0,0.7543,charge,1.33,310.3,3.9076,4.1166,157.1783
-20,-17.21,30.0,0.7044,discharge,-6.991,597.5,3.8336,3.2,90.6269
-20,-18.56,30.0,0.7045,charge,1.838,600.2,3.8539,4.1,133.8955
-20,-17.87,30.0,0.7045,discharge,-6.717,310.2,3.8551,3.1838,99.9419
-20,-18.27,30.0,0.7051,charge,1.834,600.2,3.8659,4.1178,137.3351
-20,-17.93,30.0,0.6552,discharge,-5.985,457.9,3.7856,3.1999,97.858
-20,-17.84,30.0,0.6551,charge,2.495,600.2,3.808,4.1006,117.2511
-20,-17.34,30.0,0.6551,discharge,-5.621,310.2,3.8096,3.2317,102.8091
-20,-18.14,30.0,0.6556,charge,2.441,600.2,3.8197,4.123,124.2727
-20,-18.08,30.0,0.6554,discharge,-6.027,310.2,3.8183,3.1914,104.0084
-20,-18.07,30.0,0.6559,charge,2.397,600.2,3.8272,4.1288,125.8082
-20,-17.77,30.0,0.6557,charge,2.317,310.3,3.8242,4.1228,128.8791
-20,-18.06,30.0,0.6555,charge,2.253,310.3,3.8255,4.1224,131.7565
-20,-18.11,30.0,0.6553,charge,2.197,310.3,3.8265,4.1202,133.664
-20,-17.97,30.0,0.6551,charge,2.154,310.3,3.8271,4.1186,135.3171
-20,-17.3,30.0,0.6051,discharge,-5.605,668.9,3.7521,3.2,98.5031
-20,-17.75,30.0,0.6051,charge,3.09,600.2,3.7686,4.1009,107.5335
-20,-17.61,30.0,0.6049,discharge,-5.242,310.2,3.7684,3.2146,105.6487
-20,-17.53,30.0,0.6054,charge,2.983,600.2,3.7769,4.1216,115.5509
-20,-18.09,30.0,0.6051,charge,2.95,310.3,3.7751,4.1217,117.5035
-20,-18.32,30.0,0.6049,charge,2.891,310.3,3.7759,4.1238,120.3307
-20,-17.71,30.0,0.6046,charge,2.817,310.3,3.7764,4.1168,120.8206
-20,-17.74,30.0,0.5546,discharge,-4.944,545.0,3.7019,3.2001,101.4988
-20,-17.85,30.0,0.5545,charge,3.729,600.2,3.7199,4.1,101.9308
-20,-17.91,30.0,0.5543,discharge,-4.643,310.2,3.7199,3.206,110.6899
-20,-18.4,30.0,0.5547,charge,3.58,600.2,3.7281,4.1264,111.2539
-20,-18.52,30.0,0.5544,charge,3.498,310.3,3.7265,4.1258,114.1346
-20,-18.51,30.0,0.554,charge,3.405,310.3,3.7272,4.1255,116.975
-20,-17.94,30.0,0.5537,charge,3.319,310.3,3.7286,4.1122,115.5839
-20,-18.07,30.0,0.5036,discharge,-4.155,621.2,3.657,3.1997,110.0469
-20,-18.4,30.0,0.5036,charge,4.232,600.2,3.6722,4.1,101.0798
-20,-18.3,30.0,0.5033,discharge,-3.861,310.2,3.672,3.2076,120.2641
-20,-18.2,30.0,0.5036,charge,4.081,600.2,3.6797,4.1169,107.1332
-20,-17.98,30.0,0.4535,discharge,-3.511,551.4,3.6121,3.2,117.3673
-20,-18.42,30.0,0.4534,charge,4.959,600.2,3.6295,4.0992,94.7186
-20,-18.38,30.0,0.453,discharge,-3.308,310.2,3.6302,3.2072,127.8757
-20,-18.68,30.0,0.4533,charge,4.743,600.2,3.6383,4.1307,103.8162
-20,-17.77,30.0,0.4528,charge,4.641,310.3,3.6366,4.1101,102.0188
-20,-17.77,30.0,0.4027,discharge,-2.921,605.6,3.5764,3.1999,128.8766
-20,-18.55,30.0,0.4025,charge,4.999,600.2,3.594,4.0934,99.892
-20,-18.11,30.0,0.4021,discharge,-2.746,310.2,3.5958,3.2147,138.7837
-20,-18.54,30.0,0.4023,charge,4.972,600.2,3.6041,4.1141,102.5662
-20,-17.99,30.0,0.3521,discharge,-2.195,545.1,3.5339,3.1997,152.2621
-20,-18.49,30.0,0.3519,charge,5.0,600.2,3.5534,4.0702,103.3703
-20,-18.34,30.0,0.3515,discharge,-2.068,310.2,3.5578,3.223,161.9034
-20,-18.09,30.0,0.3516,charge,4.986,600.2,3.5678,4.0775,102.2324
-20,-18.28,30.0,0.3512,discharge,-2.25,310.2,3.5679,3.2194,154.8614
-20,-18.2,30.0,0.3016,discharge,-1.569,585.3,3.4966,3.1997,189.2167
-20,-18.57,30.0,0.3014,charge,5.0,600.2,3.5123,4.0474,107.0286
-20,-17.96,30.0,0.3009,discharge,-1.452,310.2,3.5174,3.234,195.2328
-20,-17.66,30.0,0.3011,charge,4.985,600.2,3.5278,4.0512,105.0034
-20,-17.74,30.0,0.3006,discharge,-1.648,310.2,3.5291,3.2232,185.6415
-20,-18.25,30.0,0.3008,discharge,-1.799,600.3,3.5363,3.2023,185.6277
-20,-17.99,30.0,0.2509,charge,5.0,600.2,3.4728,4.0101,107.4686
-20,-18.25,30.0,0.2505,charge,4.962,600.2,3.4831,4.0218,108.5563
-20,-18.37,30.0,0.2501,discharge,-1.097,310.2,3.4831,3.2147,244.7342
-20,-18.51,10.0,1.0192,discharge,-7.571,7097.9,4.1941,3.2,131.3019
-20,-18.71,10.0,1.0183,discharge,-7.522,310.3,4.1942,3.1971,132.5508
-20,-18.04,10.0,0.9694,discharge,-8.955,660.4,4.0571,3.1996,95.7523
-20,-18.37,10.0,0.9692,discharge,-8.704,310.2,4.0702,3.1635,104.1717
-20,-18.54,10.0,0.97,discharge,-8.439,310.2,4.0737,3.1822,105.643
-20,-17.76,10.0,0.921,discharge,-8.967,769.0,4.0151,3.1998,90.9233
-20,-18.88,10.0,0.9207,discharge,-8.792,310.2,4.0402,3.164,99.6554
-20,-17.93,10.0,0.9215,discharge,-8.482,310.2,4.0499,3.2096,99.0686
-20,-17.73,10.0,0.8724,discharge,-8.534,606.3,3.9487,3.1994,87.8048
-20,-18.33,10.0,0.8722,discharge,-8.363,310.2,3.9831,3.1671,97.5726
-20,-17.99,10.0,0.8729,discharge,-8.127,310.2,3.9996,3.203,98.0153
-20,-18.0,10.0,0.8238,discharge,-8.247,719.8,3.908,3.2007,85.7624
-20,-18.82,10.0,0.8235,charge,1.216,600.2,3.9261,4.0998,142.8219
-20,-18.01,10.0,0.8236,discharge,-7.979,310.2,3.9314,3.184,93.6732
-20,-18.16,10.0,0.8243,charge,1.177,600.2,3.9426,4.1245,154.598
-20,-18.55,10.0,0.8242,charge,1.044,310.3,3.9461,4.1137,160.5057
-20,-17.95,10.0,0.7743,discharge,-7.921,584.7,3.8668,3.1996,84.2355
-20,-17.98,10.0,0.774,charge,1.708,600.2,3.8821,4.0996,127.3717
-20,-18.48,10.0,0.774,discharge,-7.524,310.2,3.8871,3.1889,92.8013
-20,-18.84,10.0,0.7747,charge,1.671,600.2,3.8958,4.1235,136.2983
-20,-18.55,10.0,0.7745,charge,1.542,310.3,3.8984,4.1147,140.2542
-20,-18.18,10.0,0.7246,discharge,-7.33,564.5,3.8294,3.1999,85.8741
-20,-17.79,10.0,0.7243,charge,2.2,600.2,3.8454,4.1002,115.8024
-20,-18.35,10.0,0.7242,discharge,-7.014,310.2,3.8493,3.1972,92.9765
-20,-18.87,10.0,0.7249,charge,2.14,600.2,3.8572,4.1252,125.2161
-20,-18.59,10.0,0.7247,charge,1.99,310.3,3.8592,4.116,129.0258
-20,-18.0,10.0,0.6747,discharge,-6.676,563.3,3.7887,3.1998,88.2168
-20,-18.17,10.0,0.6745,charge,2.669,600.2,3.8043,4.0995,110.5866
-20,-18.2,10.0,0.6745,discharge,-6.375,310.2,3.8083,3.1952,96.1756
-20,-18.16,10.0,0.675,charge,2.601,600.2,3.8154,4.1191,116.7448
-20,-18.28,10.0,0.625,discharge,-6.107,592.5,3.7453,3.1998,89.3164
-20,-19.0,10.0,0.6247,charge,3.317,600.2,3.7605,4.1001,102.3909
-20,-18.54,10.0,0.6246,discharge,-5.832,310.2,3.7635,3.1933,97.7676
-20,-18.53,10.0,0.6251,charge,3.219,600.2,3.7711,4.121,108.7017
-20,-18.95,10.0,0.6248,charge,3.079,310.3,3.7731,4.1124,110.191
-20,-18.38,10.0,0.5747,discharge,-5.269,546.4,3.6973,3.1994,94.4961
-20,-19.05,10.0,0.5745,charge,3.987,600.2,3.7135,4.0997,96.8745
-20,-18.14,10.0,0.5742,discharge,-5.048,310.2,3.7173,3.1997,102.5418
-20,-18.95,10.0,0.5747,charge,3.876,600.2,3.7243,4.1206,102.2525
-20,-18.89,10.0,0.5743,charge,3.735,310.3,3.726,4.1145,104.0133
-20,-18.05,10.0,0.5242,discharge,-4.633,568.6,3.6526,3.2,97.6884
-20,-18.76,10.0,0.524,charge,4.661,600.2,3.6677,4.0996,92.6585
-20,-18.36,10.0,0.5236,discharge,-4.456,310.2,3.6712,3.1956,106.7253
-20,-19.08,10.0,0.524,charge,4.542,600.2,3.6776,4.1178,96.9262
-20,-18.12,10.0,0.4738,discharge,-3.97,602.5,3.6127,3.2,103.9599
-20,-18.84,10.0,0.4735,charge,4.998,600.2,3.6276,4.0864,91.7967
-20,-17.98,10.0,0.4731,discharge,-3.817,310.2,3.6314,3.2084,110.8142
-20,-18.37,10.0,0.4734,charge,4.984,600.2,3.6378,4.0989,92.5123
-20,-18.41,10.0,0.4232,discharge,-3.328,608.4,3.5754,3.2003,112.7171
-20,-18.35,10.0,0.4229,charge,4.998,600.2,3.5912,4.0549,92.7753
-20,-18.46,10.0,0.4224,discharge,-3.212,310.2,3.596,3.2151,118.6013
-20,-17.97,10.0,0.4227,charge,4.983,600.2,3.603,4.0676,93.2389
-20,-17.85,10.0,0.3725,discharge,-2.755,771.9,3.5428,3.2008,124.1447
-20,-18.35,10.0,0.3722,charge,5.0,600.2,3.5575,4.0282,94.1344
-20,-18.24,10.0,0.3718,discharge,-2.611,310.2,3.5624,3.2152,132.9912
-20,-18.61,10.0,0.372,charge,4.977,600.2,3.5695,4.0444,95.4132
-20,-18.02,10.0,0.3218,discharge,-2.034,752.9,3.5024,3.2003,148.4886
-20,-17.83,10.0,0.3214,charge,5.0,600.2,3.5163,4.0056,97.8639
-20,-18.5,10.0,0.3209,discharge,-1.933,310.2,3.5218,3.2151,158.6571
-20,-18.53,10.0,0.3211,charge,4.978,600.2,3.5301,4.02,98.4209
-20,-17.82,10.0,0.2709,discharge,-1.401,698.4,3.4631,3.1997,187.9549
-20,-17.99,10.0,0.2705,charge,4.998,600.2,3.4729,3.977,100.8523
-20,-18.49,10.0,0.27,discharge,-1.287,310.2,3.4772,3.2183,201.1186
-20,-18.09,10.0,0.2702,charge,4.975,600.2,3.4844,3.9886,101.3488
-20,-18.44,2.0,1.0,discharge,-12.42,5187.2,4.1868,3.1995,79.4928
-20,-18.26,2.0,1.0006,discharge,-9.996,1561.1,4.1869,3.147,104.0316
-20,-18.29,2.0,1.0016,discharge,-9.69,1609.2,4.1882,3.1396,108.2202
-20,-18.35,2.0,1.0025,discharge,-9.272,1256.4,4.1887,3.1562,111.3604
-20,-19.33,2.0,1.0033,discharge,-8.927,1252.3,4.1891,3.1875,112.1989
-20,-18.41,2.0,0.9544,discharge,-12.99,694.2,4.0613,3.2001,66.2972
-20,-18.23,2.0,0.9551,discharge,-11.217,310.2,4.0704,3.1596,81.1982
-20,-17.62,2.0,0.9559,discharge,-11.035,310.2,4.0732,3.166,82.2111
-20,-17.71,2.0,0.957,discharge,-10.707,600.3,4.0744,3.1761,83.8984
-20,-17.96,2.0,0.9579,discharge,-10.526,600.3,4.0749,3.1709,85.8826
-20,-18.34,2.0,0.9589,discharge,-10.313,603.9,4.0763,3.1647,88.3933
-20,-19.23,2.0,0.9598,discharge,-9.981,612.0,4.077,3.1812,89.7541
-20,-17.66,2.0,0.911,discharge,-12.595,513.9,4.0107,3.1995,64.4065
-20,-19.2,2.0,0.9117,discharge,-10.6,310.2,4.0383,3.1661,82.283
-20,-18.68,2.0,0.9126,discharge,-10.983,310.2,4.0479,3.1509,81.6717
-20,-19.05,2.0,0.9135,discharge,-10.484,600.3,4.0519,3.1765,83.4987
-20,-18.2,2.0,0.9144,discharge,-10.252,600.3,4.0546,3.1899,84.3445
-20,-18.26,2.0,0.8655,discharge,-10.88,502.3,3.9491,3.2004,68.8166
-20,-17.8,2.0,0.8663,charge,1.232,600.2,3.9749,4.0999,101.494
-20,-18.22,2.0,0.8662,discharge,-10.075,310.2,3.9828,3.1934,78.3524
-20,-18.31,2.0,0.8172,discharge,-11.04,494.3,3.8999,3.1998,63.4149
-20,-18.25,2.0,0.8179,charge,1.903,600.2,3.9183,4.1,95.4909
-20,-18.25,2.0,0.8178,discharge,-9.378,310.2,3.9246,3.1835,79.0245
-20,-18.29,2.0,0.8187,charge,1.429,600.2,3.9352,4.1183,128.1674
-20,-18.7,2.0,0.7688,discharge,-10.595,524.7,3.863,3.1997,62.605
-20,-17.82,2.0,0.7694,charge,2.515,600.2,3.8785,4.1002,88.1441
-20,-18.25,2.0,0.7693,discharge,-8.967,310.2,3.8835,3.191,77.2311
-20,-19.2,2.0,0.7701,charge,2.0,600.2,3.8916,4.1232,115.8116
-20,-19.23,2.0,0.7699,charge,1.805,310.2,3.8948,4.1114,119.9734
-20,-18.41,2.0,0.72,discharge,-9.781,540.1,3.8265,3.2001,64.0438
-20,-18.33,2.0,0.7206,charge,2.998,600.2,3.8413,4.0992,86.0211
-20,-19.23,2.0,0.7205,discharge,-8.299,310.2,3.8458,3.1853,79.5865
-20,-19.24,2.0,0.7212,charge,2.433,600.2,3.8531,4.1168,108.3713
-20,-18.36,2.0,0.6712,discharge,-9.039,502.2,3.7822,3.1997,64.4401
-20,-18.21,2.0,0.6718,charge,3.571,600.2,3.7981,4.1001,84.5654
-20,-18.21,2.0,0.6715,discharge,-7.636,310.2,3.8024,3.1891,80.318
-20,-19.41,2.0,0.6722,charge,3.095,600.2,3.81,4.1263,102.1971
-20,-19.01,2.0,0.6719,charge,2.847,310.3,3.8128,4.1108,104.6624
-20,-17.91,2.0,0.6219,discharge,-8.123,491.0,3.7375,3.1998,66.1964
-20,-18.96,2.0,0.6224,charge,4.14,600.2,3.7538,4.1,83.6232
-20,-18.77,2.0,0.6221,discharge,-6.814,310.2,3.7585,3.1978,82.2828
-20,-18.45,2.0,0.6227,charge,3.783,600.2,3.7654,4.1211,94.0284
-20,-18.31,2.0,0.6223,charge,3.563,310.3,3.7679,4.11,96.02
-20,-18.32,2.0,0.5722,discharge,-7.189,535.4,3.6924,3.1998,68.5185
-20,-18.95,2.0,0.5726,charge,4.668,600.2,3.7078,4.0999,83.9902
-20,-19.2,2.0,0.5722,discharge,-5.927,310.2,3.7123,3.1945,87.357
-20,-19.14,2.0,0.5727,charge,4.454,600.2,3.7187,4.1149,88.9637
-20,-17.82,2.0,0.5226,discharge,-6.236,509.9,3.6451,3.2004,71.3072
-20,-18.67,2.0,0.5229,charge,4.998,600.2,3.6607,4.0817,84.2387
-20,-19.27,2.0,0.5225,discharge,-5.07,310.2,3.6652,3.1985,92.044
-20,-19.27,2.0,0.5229,charge,4.979,600.2,3.6713,4.1009,86.2867
-20,-17.78,2.0,0.4727,discharge,-5.347,494.8,3.6037,3.1993,75.634
-20,-18.45,2.0,0.473,charge,4.997,600.2,3.6202,4.0512,86.2431
-20,-19.36,2.0,0.4725,discharge,-4.26,310.2,3.6252,3.2006,99.6643
-20,-18.5,2.0,0.4729,charge,4.98,600.2,3.6312,4.0672,87.5555
-20,-18.52,2.0,0.4227,discharge,-4.57,500.9,3.5659,3.1999,80.0893
-20,-18.45,2.0,0.4229,charge,4.999,600.2,3.5832,4.0213,87.6445
-20,-19.3,2.0,0.4224,discharge,-3.529,310.2,3.5891,3.2083,107.9151
-20,-18.21,2.0,0.4227,charge,4.977,600.2,3.5961,4.0371,88.6147
-20,-18.68,2.0,0.3725,discharge,-3.826,518.2,3.5287,3.1997,85.9973
-20,-19.0,2.0,0.3727,charge,5.001,600.2,3.5457,3.9976,90.3601
-20,-19.33,2.0,0.3722,discharge,-2.802,310.2,3.5518,3.2112,121.5387
-20,-18.71,2.0,0.3724,charge,4.976,600.2,3.5599,4.0152,91.5047
-20,-17.96,2.0,0.3222,discharge,-3.165,592.2,3.4928,3.2001,92.489
-20,-18.38,2.0,0.3223,charge,5.0,600.2,3.5061,3.9764,94.0675
-20,-18.5,2.0,0.3219,discharge,-2.103,310.2,3.512,3.2183,139.6709
-20,-18.8,2.0,0.3221,charge,4.976,600.2,3.5203,3.9946,95.3156
-20,-17.89,2.0,0.2718,discharge,-2.577,683.0,3.4584,3.2001,100.2212
-20,-17.68,2.0,0.2719,charge,5.0,600.2,3.4677,3.9365,93.7694
-20,-18.21,2.0,0.2714,discharge,-1.548,310.2,3.4717,3.2325,154.5419
-20,-18.48,2.0,0.2716,charge,4.965,600.2,3.4783,3.9595,96.9262
-20,-18.26,2.0,0.2711,discharge,-1.784,310.2,3.4811,3.2053,154.5531
