cell,cycle,SOH,SOC_true,SOC_ekf,soc_err,extrap,I_meas_A,I_oracle_A,I_ekf_A
BOOST,40,0.99259,1.0,0.9897,-0.0103,3.616,-123.844,-124.249,-126.914
BOOST,40,0.99259,0.9494,0.9435,-0.0059,3.838,-131.429,-130.831,-130.697
BOOST,40,0.99259,0.8998,0.8934,-0.0064,3.813,-130.589,-128.869,-128.266
BOOST,40,0.99259,0.8006,0.7959,-0.0047,3.391,-116.133,-115.747,-115.942
BOOST,40,0.99259,0.7013,0.6993,-0.002,3.347,-114.621,-113.627,-113.589
BOOST,40,0.99259,0.602,0.6104,0.0084,3.127,-107.074,-108.262,-107.436
BOOST,40,0.99259,0.5027,0.4954,-0.0073,2.898,-99.238,-98.994,-98.945
BOOST,40,0.99259,0.4035,0.3959,-0.0076,2.726,-93.361,-92.987,-92.815
BOOST,40,0.99259,0.3042,0.3018,-0.0024,2.495,-85.425,-86.369,-86.509
BOOST,40,0.99259,0.2049,0.207,0.0021,2.161,-74.001,-74.571,-74.515
BOOST,40,0.99259,0.1553,0.1548,-0.0005,1.808,-61.899,-64.526,-64.491
BOOST,76,0.99032,1.0,0.9896,-0.0104,3.61,-123.248,-121.628,-124.208
BOOST,76,0.99032,0.9496,0.9434,-0.0062,3.807,-129.982,-128.025,-127.893
BOOST,76,0.99032,0.9001,0.8935,-0.0066,3.772,-128.79,-126.099,-125.5
BOOST,76,0.99032,0.8012,0.7958,-0.0054,3.429,-117.079,-113.492,-113.64
BOOST,76,0.99032,0.7022,0.6998,-0.0024,3.342,-114.105,-111.365,-111.47
BOOST,76,0.99032,0.6032,0.6097,0.0065,3.128,-106.799,-105.803,-104.886
BOOST,76,0.99032,0.5042,0.4949,-0.0093,2.89,-98.659,-96.874,-96.943
BOOST,76,0.99032,0.4053,0.3956,-0.0097,2.715,-92.711,-91.004,-90.931
BOOST,76,0.99032,0.3063,0.3021,-0.0042,2.486,-84.887,-84.544,-84.782
BOOST,76,0.99032,0.2073,0.2072,-0.0001,2.136,-72.914,-72.86,-72.861
BOOST,76,0.99032,0.1579,0.154,-0.0039,1.742,-59.47,-63.138,-62.894
BOOST,112,0.97994,1.0,0.9896,-0.0104,3.615,-122.018,-114.148,-116.484
BOOST,112,0.97994,0.9503,0.9432,-0.0071,3.811,-128.656,-119.875,-119.825
BOOST,112,0.97994,0.9014,0.8938,-0.0076,3.79,-127.933,-117.958,-117.521
BOOST,112,0.97994,0.8036,0.7976,-0.006,3.382,-114.171,-107.201,-107.076
BOOST,112,0.97994,0.7057,0.7025,-0.0032,3.357,-113.308,-104.825,-105.023
BOOST,112,0.97994,0.6079,0.6139,0.006,3.143,-106.103,-99.147,-98.111
BOOST,112,0.97994,0.51,0.5004,-0.0096,2.917,-98.473,-91.288,-92.22
BOOST,112,0.97994,0.4122,0.4022,-0.01,2.742,-92.573,-85.656,-86.295
BOOST,112,0.97994,0.3143,0.3102,-0.0041,2.506,-84.594,-79.61,-79.826
BOOST,112,0.97994,0.2165,0.2164,-0.0001,2.153,-72.692,-68.384,-68.386
BOOST,112,0.97994,0.1675,0.1643,-0.0032,1.768,-59.689,-59.576,-59.464
BOOST,150,0.97312,1.0,0.9896,-0.0104,3.599,-120.641,-121.043,-123.564
BOOST,150,0.97312,0.9511,0.9435,-0.0076,3.788,-126.962,-127.3,-127.433
BOOST,150,0.97312,0.9025,0.8947,-0.0078,3.694,-123.831,-125.855,-125.508
BOOST,150,0.97312,0.8054,0.799,-0.0064,3.369,-112.95,-114.179,-113.72
BOOST,150,0.97312,0.7082,0.7044,-0.0038,3.351,-112.323,-111.156,-111.491
BOOST,150,0.97312,0.6111,0.6145,0.0034,3.168,-106.214,-106.155,-105.526
BOOST,150,0.97312,0.5139,0.503,-0.0109,2.893,-96.987,-97.714,-98.416
BOOST,150,0.97312,0.4167,0.4056,-0.0111,2.705,-90.682,-91.835,-92.378
BOOST,150,0.97312,0.3196,0.3148,-0.0048,2.509,-84.115,-85.358,-85.399
BOOST,150,0.97312,0.2224,0.222,-0.0004,2.136,-71.603,-72.627,-72.637
BOOST,150,0.97312,0.1738,0.1705,-0.0033,1.722,-57.732,-61.64,-61.621
BOOST,187,0.96527,1.0,0.9896,-0.0104,3.565,-118.505,-117.391,-119.763
BOOST,187,0.96527,0.9516,0.9436,-0.008,3.733,-124.082,-123.19,-123.439
BOOST,187,0.96527,0.9034,0.8954,-0.008,3.689,-122.609,-122.55,-122.304
BOOST,187,0.96527,0.8071,0.8016,-0.0055,3.389,-112.631,-111.356,-110.9
BOOST,187,0.96527,0.7107,0.7073,-0.0034,3.325,-110.512,-107.747,-108.169
BOOST,187,0.96527,0.6144,0.6162,0.0018,3.127,-103.934,-103.536,-103.461
BOOST,187,0.96527,0.518,0.508,-0.01,2.899,-96.347,-95.766,-96.392
BOOST,187,0.96527,0.4217,0.4119,-0.0098,2.745,-91.247,-90.132,-90.598
BOOST,187,0.96527,0.3254,0.3212,-0.0042,2.488,-82.707,-82.944,-82.786
BOOST,187,0.96527,0.229,0.2288,-0.0002,2.119,-70.427,-64.599,-64.551
BOOST,187,0.96527,0.1808,0.1795,-0.0013,1.723,-57.252,-59.058,-59.044
BOOST,225,0.96037,1.0,0.9892,-0.0108,3.589,-118.732,-115.681,-118.074
BOOST,225,0.96037,0.9521,0.9435,-0.0086,3.674,-121.529,-121.359,-121.877
BOOST,225,0.96037,0.9041,0.8956,-0.0085,3.619,-119.725,-121.13,-120.915
BOOST,225,0.96037,0.8083,0.8021,-0.0062,3.318,-109.768,-110.155,-109.65
BOOST,225,0.96037,0.7124,0.7086,-0.0038,3.299,-109.136,-106.367,-106.822
BOOST,225,0.96037,0.6165,0.615,-0.0015,3.119,-103.19,-102.037,-102.099
BOOST,225,0.96037,0.5206,0.5092,-0.0114,2.896,-95.795,-94.819,-95.52
BOOST,225,0.96037,0.4247,0.4138,-0.0109,2.713,-89.727,-89.401,-89.913
BOOST,225,0.96037,0.3288,0.3238,-0.005,2.462,-81.449,-81.648,-81.108
BOOST,225,0.96037,0.2329,0.2319,-0.001,2.075,-68.646,-62.884,-62.792
BOOST,225,0.96037,0.185,0.1826,-0.0024,1.644,-54.394,-57.406,-57.378
BOOST,262,0.95475,1.0,0.9888,-0.0112,3.505,-115.272,-110.416,-112.724
BOOST,262,0.95475,0.9523,0.9432,-0.0091,3.627,-119.29,-115.247,-115.743
BOOST,262,0.95475,0.9047,0.8957,-0.009,3.575,-117.579,-115.193,-115.122
BOOST,262,0.95475,0.8094,0.8021,-0.0073,3.311,-108.895,-105.36,-104.799
BOOST,262,0.95475,0.7141,0.7091,-0.005,3.309,-108.813,-101.97,-102.548
BOOST,262,0.95475,0.6187,0.6149,-0.0038,3.067,-100.875,-97.856,-98.003
BOOST,262,0.95475,0.5234,0.5106,-0.0128,2.835,-93.226,-91.083,-91.647
BOOST,262,0.95475,0.4281,0.4154,-0.0127,2.651,-87.18,-85.661,-86.222
BOOST,262,0.95475,0.3327,0.3257,-0.007,2.45,-80.565,-78.188,-75.622
BOOST,262,0.95475,0.2374,0.2346,-0.0028,2.06,-67.744,-56.594,-56.904
BOOST,262,0.95475,0.1897,0.1849,-0.0048,1.564,-51.443,-54.308,-54.259
BOOST,300,0.94965,1.0,0.9885,-0.0115,3.528,-115.397,-110.692,-113.03
BOOST,300,0.94965,0.9526,0.9429,-0.0097,3.583,-117.193,-115.058,-115.598
BOOST,300,0.94965,0.9052,0.8959,-0.0093,3.558,-116.38,-115.019,-114.962
BOOST,300,0.94965,0.8104,0.8029,-0.0075,3.249,-106.27,-105.699,-105.111
BOOST,300,0.94965,0.7156,0.7106,-0.005,3.259,-106.588,-102.513,-102.95
BOOST,300,0.94965,0.6208,0.6168,-0.004,3.043,-99.521,-98.497,-98.719
BOOST,300,0.94965,0.526,0.5134,-0.0126,2.827,-92.47,-91.8,-91.631
BOOST,300,0.94965,0.4312,0.4187,-0.0125,2.64,-86.331,-86.018,-85.933
BOOST,300,0.94965,0.3363,0.3293,-0.007,2.419,-79.104,-77.784,-74.994
BOOST,300,0.94965,0.2415,0.2391,-0.0024,2.037,-66.617,-57.751,-57.172
BOOST,300,0.94965,0.1941,0.1896,-0.0045,1.54,-50.359,-53.665,-53.619
BOOST,337,0.94484,1.0,0.9883,-0.0117,3.468,-112.9,-108.156,-110.424
BOOST,337,0.94484,0.9528,0.943,-0.0098,3.528,-114.852,-111.934,-112.492
BOOST,337,0.94484,0.9057,0.8961,-0.0096,3.479,-113.251,-111.93,-111.906
BOOST,337,0.94484,0.8113,0.8033,-0.008,3.271,-106.473,-103.46,-102.854
BOOST,337,0.94484,0.717,0.7114,-0.0056,3.209,-104.449,-100.498,-100.808
BOOST,337,0.94484,0.6226,0.6178,-0.0048,3.053,-99.382,-96.883,-97.146
BOOST,337,0.94484,0.5283,0.5155,-0.0128,2.788,-90.74,-89.585,-89.217
BOOST,337,0.94484,0.4339,0.4206,-0.0133,2.616,-85.156,-83.944,-83.386
BOOST,337,0.94484,0.3396,0.3314,-0.0082,2.417,-78.689,-75.221,-72.395
BOOST,337,0.94484,0.2452,0.2415,-0.0037,1.963,-63.902,-58.181,-56.803
BOOST,337,0.94484,0.198,0.1922,-0.0058,1.539,-50.095,-51.864,-51.953
BOOST,375,0.93983,1.0,0.9881,-0.0119,3.444,-111.529,-105.939,-107.807
BOOST,375,0.93983,0.9531,0.9428,-0.0103,3.485,-112.835,-109.108,-109.684
BOOST,375,0.93983,0.9062,0.8963,-0.0099,3.429,-111.039,-109.221,-109.207
BOOST,375,0.93983,0.8123,0.8035,-0.0088,3.222,-104.317,-101.194,-100.678
BOOST,375,0.93983,0.7185,0.7123,-0.0062,3.172,-102.695,-98.538,-98.869
BOOST,375,0.93983,0.6246,0.6185,-0.0061,2.999,-97.116,-95.386,-95.709
BOOST,375,0.93983,0.5307,0.5175,-0.0132,2.797,-90.549,-87.52,-86.938
BOOST,375,0.93983,0.4369,0.4229,-0.014,2.583,-83.627,-81.646,-81.082
BOOST,375,0.93983,0.343,0.3338,-0.0092,2.372,-76.787,-72.92,-70.112
BOOST,375,0.93983,0.2492,0.2443,-0.0049,1.96,-63.472,-60.517,-56.653
BOOST,375,0.93983,0.2023,0.1954,-0.0069,1.454,-47.088,-50.054,-50.348
BOOST,412,0.93536,1.0,0.988,-0.012,3.37,-108.634,-103.905,-105.72
BOOST,412,0.93536,0.9533,0.943,-0.0103,3.472,-111.921,-106.914,-107.343
BOOST,412,0.93536,0.9066,0.9046,-0.002,3.299,-106.35,-106.714,-106.761
BOOST,412,0.93536,0.7922,0.7818,-0.0104,3.125,-100.735,-97.656,-98.543
BOOST,412,0.93536,0.6988,0.6926,-0.0062,3.092,-99.68,-97.367,-97.228
BOOST,412,0.93536,0.6054,0.596,-0.0094,2.923,-94.22,-92.931,-92.825
BOOST,412,0.93536,0.512,0.4972,-0.0148,2.697,-86.958,-83.315,-82.787
BOOST,412,0.93536,0.4185,0.4037,-0.0148,2.524,-81.363,-78.046,-77.476
BOOST,412,0.93536,0.3251,0.3158,-0.0093,2.271,-73.207,-65.121,-63.468
BOOST,412,0.93536,0.2316,0.225,-0.0066,1.69,-54.478,-50.871,-50.821
BOOST,450,0.92996,1.0,0.9875,-0.0125,3.395,-108.773,-102.508,-104.351
BOOST,450,0.92996,0.9536,0.9427,-0.0109,3.417,-109.482,-105.251,-105.707
BOOST,450,0.92996,0.9071,0.8971,-0.01,3.392,-108.677,-104.898,-104.854
BOOST,450,0.92996,0.8143,0.8056,-0.0087,3.138,-100.556,-96.874,-96.862
BOOST,450,0.92996,0.7214,0.7148,-0.0066,3.155,-101.096,-96.551,-97.032
BOOST,450,0.92996,0.6286,0.6216,-0.007,2.93,-93.889,-93.242,-93.457
BOOST,450,0.92996,0.5357,0.5224,-0.0133,2.761,-88.445,-85.064,-84.253
BOOST,450,0.92996,0.4428,0.4287,-0.0141,2.536,-81.249,-79.164,-78.218
BOOST,450,0.92996,0.3499,0.3411,-0.0088,2.313,-74.123,-73.402,-69.413
BOOST,450,0.92996,0.2571,0.2528,-0.0043,1.896,-60.745,-58.886,-59.112
BOOST,450,0.92996,0.2106,0.205,-0.0056,1.391,-44.557,-48.184,-48.237
BOOST,487,0.91359,1.0,0.987,-0.013,3.33,-104.678,-96.798,-98.334
BOOST,487,0.91359,0.9544,0.9424,-0.012,3.401,-106.923,-99.336,-99.839
BOOST,487,0.91359,0.9088,0.8983,-0.0105,3.334,-104.827,-98.622,-98.342
BOOST,487,0.91359,0.8177,0.8117,-0.006,3.143,-98.824,-91.091,-91.698
BOOST,487,0.91359,0.7266,0.7214,-0.0052,3.131,-98.412,-93.503,-93.863
BOOST,487,0.91359,0.6355,0.6317,-0.0038,2.958,-92.988,-88.947,-88.855
BOOST,487,0.91359,0.5444,0.5335,-0.0109,2.744,-86.268,-81.217,-80.465
BOOST,487,0.91359,0.4532,0.4411,-0.0121,2.567,-80.711,-76.285,-75.656
BOOST,487,0.91359,0.3621,0.3538,-0.0083,2.345,-73.718,-69.752,-70.415
BOOST,487,0.91359,0.271,0.2688,-0.0022,1.902,-59.808,-55.256,-55.329
BOOST,487,0.91359,0.2254,0.224,-0.0014,1.464,-46.021,-44.859,-44.877
BOOST,525,0.91742,1.0,0.9863,-0.0137,3.267,-103.239,-97.288,-98.927
BOOST,525,0.91742,0.9542,0.9417,-0.0125,3.362,-106.254,-99.963,-100.446
BOOST,525,0.91742,0.9084,0.8969,-0.0115,3.249,-102.688,-99.363,-98.955
BOOST,525,0.91742,0.8168,0.8076,-0.0092,3.094,-97.771,-91.505,-92.46
BOOST,525,0.91742,0.7251,0.7176,-0.0075,3.048,-96.337,-93.767,-94.292
BOOST,525,0.91742,0.6335,0.6246,-0.0089,2.896,-91.522,-89.02,-88.755
BOOST,525,0.91742,0.5419,0.5265,-0.0154,2.711,-85.673,-81.156,-80.307
BOOST,525,0.91742,0.4503,0.4341,-0.0162,2.499,-78.992,-76.754,-75.058
BOOST,525,0.91742,0.3587,0.3473,-0.0114,2.301,-72.71,-69.973,-69.36
BOOST,525,0.91742,0.2671,0.2601,-0.007,1.793,-56.679,-55.14,-55.384
BOOST,525,0.91742,0.2213,0.2131,-0.0082,1.346,-42.528,-45.258,-45.234
BOOST,562,0.91367,1.0,0.9854,-0.0146,3.234,-101.8,-93.369,-95.051
BOOST,562,0.91367,0.9544,0.9408,-0.0136,3.288,-103.497,-95.934,-96.419
BOOST,562,0.91367,0.9087,0.8964,-0.0123,3.218,-101.281,-95.328,-94.871
BOOST,562,0.91367,0.8175,0.8087,-0.0088,3.055,-96.139,-87.977,-88.857
BOOST,562,0.91367,0.7263,0.7191,-0.0072,3.034,-95.485,-90.312,-90.796
BOOST,562,0.91367,0.635,0.6264,-0.0086,2.865,-90.178,-85.698,-85.175
BOOST,562,0.91367,0.5438,0.5287,-0.0151,2.644,-83.21,-78.223,-77.316
BOOST,562,0.91367,0.4526,0.4373,-0.0153,2.475,-77.905,-73.734,-72.679
BOOST,562,0.91367,0.3614,0.3507,-0.0107,2.248,-70.755,-67.399,-68.231
BOOST,562,0.91367,0.2701,0.265,-0.0051,1.783,-56.131,-53.377,-52.225
BOOST,562,0.91367,0.2245,0.2182,-0.0063,1.338,-42.104,-43.284,-43.356
BOOST,600,0.91,1.0,0.9845,-0.0155,3.2,-100.327,-93.825,-95.589
BOOST,600,0.91,0.9545,0.9401,-0.0144,3.245,-101.726,-96.408,-96.891
BOOST,600,0.91,0.9091,0.896,-0.0131,3.167,-99.272,-95.619,-95.114
BOOST,600,0.91,0.8182,0.8088,-0.0094,3.018,-94.612,-88.312,-89.311
BOOST,600,0.91,0.7273,0.7195,-0.0078,2.998,-93.991,-90.973,-91.237
BOOST,600,0.91,0.6365,0.6265,-0.01,2.832,-88.776,-85.919,-85.099
BOOST,600,0.91,0.5456,0.5291,-0.0165,2.616,-82.007,-78.885,-77.517
BOOST,600,0.91,0.4547,0.4382,-0.0165,2.446,-76.676,-73.901,-73.164
BOOST,600,0.91,0.3639,0.352,-0.0119,2.222,-69.674,-67.85,-68.777
BOOST,600,0.91,0.273,0.2673,-0.0057,1.748,-54.8,-50.95,-47.463
BOOST,600,0.91,0.2276,0.2204,-0.0072,1.308,-41.01,-43.015,-43.238
BOOST,637,0.90625,1.0,0.984,-0.016,3.159,-98.62,-93.22,-95.008
BOOST,637,0.90625,0.9547,0.9397,-0.015,3.202,-99.956,-95.773,-96.26
BOOST,637,0.90625,0.9095,0.8958,-0.0137,3.125,-97.582,-94.9,-94.367
BOOST,637,0.90625,0.819,0.8094,-0.0096,2.986,-93.24,-87.641,-88.722
BOOST,637,0.90625,0.7286,0.7203,-0.0083,2.962,-92.492,-90.262,-90.424
BOOST,637,0.90625,0.6381,0.6273,-0.0108,2.799,-87.401,-84.99,-84.129
BOOST,637,0.90625,0.5476,0.5303,-0.0173,2.583,-80.65,-78.647,-76.866
BOOST,637,0.90625,0.4571,0.4399,-0.0172,2.415,-75.408,-73.204,-72.893
BOOST,637,0.90625,0.3666,0.3538,-0.0128,2.19,-68.375,-67.476,-68.461
BOOST,637,0.90625,0.2761,0.2697,-0.0064,1.715,-53.541,-47.005,-45.509
BOOST,637,0.90625,0.2308,0.223,-0.0078,1.279,-39.921,-42.342,-42.638
BOOST,675,0.90177,1.0,0.9833,-0.0167,3.129,-97.185,-89.779,-91.546
BOOST,675,0.90177,0.955,0.9392,-0.0158,3.163,-98.238,-92.187,-92.601
BOOST,675,0.90177,0.9099,0.8956,-0.0143,3.086,-95.87,-91.286,-90.759
BOOST,675,0.90177,0.8199,0.8103,-0.0096,2.955,-91.8,-84.47,-85.548
BOOST,675,0.90177,0.7299,0.7214,-0.0085,2.931,-91.041,-86.817,-86.988
BOOST,675,0.90177,0.6398,0.6284,-0.0114,2.772,-86.093,-81.598,-80.738
BOOST,675,0.90177,0.5498,0.5317,-0.0181,2.557,-79.441,-76.293,-74.344
BOOST,675,0.90177,0.4597,0.442,-0.0177,2.394,-74.352,-70.421,-70.594
BOOST,675,0.90177,0.3697,0.3562,-0.0135,2.169,-67.374,-65.301,-66.295
BOOST,675,0.90177,0.2796,0.2729,-0.0067,1.695,-52.638,-44.111,-43.38
BOOST,675,0.90177,0.2346,0.2265,-0.0081,1.268,-39.382,-40.721,-41.027
BOOST,712,0.89668,1.0,0.9834,-0.0166,3.076,-95.019,-89.971,-91.723
BOOST,712,0.89668,0.9552,0.9398,-0.0154,3.146,-97.157,-92.242,-92.573
BOOST,712,0.89668,0.9104,0.8963,-0.0141,3.032,-93.656,-91.254,-90.867
BOOST,712,0.89668,0.8209,0.8119,-0.009,2.932,-90.554,-84.854,-85.84
BOOST,712,0.89668,0.7314,0.7238,-0.0076,2.897,-89.491,-86.816,-87.0
BOOST,712,0.89668,0.6419,0.631,-0.0109,2.736,-84.516,-81.451,-80.651
BOOST,712,0.89668,0.5523,0.5348,-0.0175,2.568,-79.323,-76.271,-75.191
BOOST,712,0.89668,0.4628,0.4454,-0.0174,2.364,-73.003,-70.461,-71.342
BOOST,712,0.89668,0.3733,0.3605,-0.0128,2.177,-67.244,-65.495,-66.425
BOOST,712,0.89668,0.2837,0.2773,-0.0064,1.673,-51.678,-43.957,-43.339
BOOST,712,0.89668,0.239,0.2315,-0.0075,1.288,-39.776,-40.518,-40.82
BOOST,750,0.89296,1.0,0.9827,-0.0173,3.041,-93.534,-88.049,-89.836
BOOST,750,0.89296,0.9554,0.9393,-0.0161,3.086,-94.934,-90.085,-90.443
BOOST,750,0.89296,0.9108,0.8962,-0.0146,2.968,-91.303,-89.26,-88.881
BOOST,750,0.89296,0.8217,0.8117,-0.01,2.886,-88.767,-83.278,-84.449
BOOST,750,0.89296,0.7325,0.7241,-0.0084,2.905,-89.36,-85.087,-85.307
BOOST,750,0.89296,0.6433,0.6312,-0.0121,2.699,-83.025,-79.71,-78.794
BOOST,750,0.89296,0.5542,0.5352,-0.019,2.531,-77.838,-74.417,-73.831
BOOST,750,0.89296,0.465,0.4463,-0.0187,2.331,-71.704,-69.082,-70.313
BOOST,750,0.89296,0.3759,0.3625,-0.0134,2.129,-65.497,-64.249,-64.935
BOOST,750,0.89296,0.2867,0.279,-0.0077,1.637,-50.35,-43.424,-42.409
BOOST,750,0.89296,0.2421,0.2329,-0.0092,1.242,-38.19,-39.54,-40.017
BOOST,787,0.88871,1.0,0.9817,-0.0183,3.015,-92.283,-86.859,-88.717
BOOST,787,0.88871,0.9556,0.9388,-0.0168,3.086,-94.458,-88.71,-89.079
BOOST,787,0.88871,0.9112,0.896,-0.0152,2.955,-90.451,-87.94,-87.552
BOOST,787,0.88871,0.8225,0.8116,-0.0109,2.889,-88.455,-82.462,-83.786
BOOST,787,0.88871,0.7338,0.7246,-0.0092,2.818,-86.269,-83.997,-84.094
BOOST,787,0.88871,0.645,0.6316,-0.0134,2.692,-82.412,-78.645,-77.486
BOOST,787,0.88871,0.5563,0.536,-0.0203,2.459,-75.265,-73.166,-72.846
BOOST,787,0.88871,0.4675,0.4474,-0.0201,2.319,-70.987,-68.274,-69.853
BOOST,787,0.88871,0.3788,0.3648,-0.014,2.076,-63.54,-63.563,-63.859
BOOST,787,0.88871,0.2901,0.2811,-0.009,1.616,-49.463,-43.844,-42.203
BOOST,787,0.88871,0.2457,0.2351,-0.0106,1.216,-37.213,-38.808,-39.714
BOOST,825,0.88536,1.0,0.9812,-0.0188,3.008,-91.735,-85.722,-87.498
BOOST,825,0.88536,0.9558,0.9381,-0.0177,2.98,-90.873,-87.373,-87.755
BOOST,825,0.88536,0.9116,0.8955,-0.0161,2.925,-89.22,-86.696,-86.273
BOOST,825,0.88536,0.8232,0.8114,-0.0118,2.825,-86.147,-81.705,-83.12
BOOST,825,0.88536,0.7348,0.7246,-0.0102,2.786,-84.97,-82.93,-82.802
BOOST,825,0.88536,0.6464,0.6316,-0.0148,2.673,-81.531,-77.685,-76.309
BOOST,825,0.88536,0.5579,0.5361,-0.0218,2.429,-74.084,-71.923,-71.759
BOOST,825,0.88536,0.4696,0.4481,-0.0215,2.306,-70.331,-67.441,-69.267
BOOST,825,0.88536,0.3811,0.3659,-0.0152,2.046,-62.395,-62.553,-61.935
BOOST,825,0.88536,0.2928,0.2824,-0.0104,1.607,-49.002,-44.244,-42.044
BOOST,825,0.88536,0.2486,0.236,-0.0126,1.176,-35.879,-38.135,-39.513
BOOST,862,0.88153,1.0,0.9806,-0.0194,2.944,-89.427,-84.412,-86.012
BOOST,862,0.88153,0.956,0.9379,-0.0181,2.93,-88.991,-85.866,-86.265
BOOST,862,0.88153,0.9119,0.8955,-0.0164,2.876,-87.365,-85.321,-84.945
BOOST,862,0.88153,0.8239,0.8116,-0.0123,2.822,-85.717,-80.82,-82.272
BOOST,862,0.88153,0.7358,0.7253,-0.0105,2.748,-83.473,-81.739,-81.41
BOOST,862,0.88153,0.6478,0.6324,-0.0154,2.644,-80.309,-76.571,-75.166
BOOST,862,0.88153,0.5598,0.5373,-0.0225,2.398,-72.842,-70.691,-70.765
BOOST,862,0.88153,0.4718,0.4494,-0.0224,2.282,-69.319,-66.554,-68.694
BOOST,862,0.88153,0.3837,0.3683,-0.0154,2.017,-61.258,-61.433,-60.049
BOOST,862,0.88153,0.2957,0.2847,-0.011,1.579,-47.959,-44.921,-41.994
BOOST,862,0.88153,0.2516,0.2378,-0.0138,1.154,-35.059,-37.507,-39.158
BOOST,900,0.88192,1.0,0.9808,-0.0192,2.942,-89.386,-83.09,-84.67
BOOST,900,0.88192,0.9559,0.9377,-0.0182,2.946,-89.509,-84.481,-84.871
BOOST,900,0.88192,0.9119,0.895,-0.0169,2.873,-87.294,-83.968,-83.564
BOOST,900,0.88192,0.8238,0.8108,-0.013,2.784,-84.598,-79.501,-81.016
BOOST,900,0.88192,0.7358,0.7248,-0.011,2.749,-83.532,-80.45,-80.122
BOOST,900,0.88192,0.6477,0.6311,-0.0166,2.598,-78.923,-75.283,-73.792
BOOST,900,0.88192,0.5596,0.5364,-0.0232,2.397,-72.845,-69.597,-69.601
BOOST,900,0.88192,0.4715,0.4487,-0.0228,2.24,-68.056,-65.5,-67.519
BOOST,900,0.88192,0.3834,0.367,-0.0164,2.011,-61.102,-60.441,-58.867
BOOST,900,0.88192,0.2954,0.2829,-0.0125,1.537,-46.704,-44.056,-41.053
BOOST,900,0.88192,0.2513,0.2359,-0.0154,1.149,-34.902,-36.944,-38.815
BOOST,937,0.87596,1.0,0.9803,-0.0197,2.889,-87.241,-77.008,-78.505
BOOST,937,0.87596,0.9562,0.9372,-0.019,2.889,-87.246,-78.324,-78.757
BOOST,937,0.87596,0.9124,0.8957,-0.0167,2.818,-85.098,-77.979,-78.118
BOOST,937,0.87596,0.8249,0.812,-0.0129,2.739,-82.714,-74.934,-76.373
BOOST,937,0.87596,0.7374,0.7264,-0.011,2.704,-81.647,-75.093,-74.574
BOOST,937,0.87596,0.6498,0.6331,-0.0167,2.551,-77.033,-70.536,-68.959
BOOST,937,0.87596,0.5623,0.5384,-0.0239,2.353,-71.053,-64.687,-65.755
BOOST,937,0.87596,0.4748,0.4513,-0.0235,2.196,-66.321,-61.6,-62.659
BOOST,937,0.87596,0.3873,0.3707,-0.0166,1.969,-59.457,-56.29,-53.989
BOOST,937,0.87596,0.2997,0.2874,-0.0123,1.498,-45.231,-43.403,-39.767
BOOST,937,0.87596,0.256,0.2401,-0.0159,1.125,-33.982,-35.453,-36.63
BOOST,975,0.86816,1.0,0.9779,-0.0221,2.804,-83.864,-79.455,-81.281
BOOST,975,0.86816,0.9566,0.9351,-0.0215,2.84,-84.936,-81.089,-81.552
BOOST,975,0.86816,0.9133,0.8956,-0.0177,2.725,-81.511,-80.799,-80.899
BOOST,975,0.86816,0.8266,0.8121,-0.0145,2.678,-80.104,-78.354,-78.713
BOOST,975,0.86816,0.7399,0.7274,-0.0125,2.608,-78.002,-77.502,-76.859
BOOST,975,0.86816,0.6532,0.6339,-0.0193,2.472,-73.932,-72.633,-71.315
BOOST,975,0.86816,0.5665,0.54,-0.0265,2.299,-68.77,-66.857,-68.593
BOOST,975,0.86816,0.4798,0.454,-0.0258,2.129,-63.688,-64.471,-63.675
BOOST,975,0.86816,0.3931,0.375,-0.0181,1.933,-57.809,-57.79,-54.383
BOOST,975,0.86816,0.3064,0.2927,-0.0137,1.436,-42.96,-44.417,-41.574
BOOST,975,0.86816,0.263,0.2455,-0.0175,1.087,-32.516,-37.731,-37.798
BOOST,1012,0.86271,1.0,0.9776,-0.0224,2.771,-82.339,-76.867,-78.663
BOOST,1012,0.86271,0.9569,0.9346,-0.0223,2.744,-81.535,-78.552,-79.057
BOOST,1012,0.86271,0.9138,0.8962,-0.0176,2.685,-79.774,-78.352,-78.442
BOOST,1012,0.86271,0.8277,0.8137,-0.014,2.667,-79.24,-75.77,-76.238
BOOST,1012,0.86271,0.7416,0.7293,-0.0123,2.571,-76.403,-75.084,-74.511
BOOST,1012,0.86271,0.6554,0.6362,-0.0192,2.449,-72.772,-70.483,-69.587
BOOST,1012,0.86271,0.5693,0.5425,-0.0268,2.243,-66.647,-65.115,-67.181
BOOST,1012,0.86271,0.4832,0.4573,-0.0259,2.106,-62.59,-62.486,-61.309
BOOST,1012,0.86271,0.397,0.3792,-0.0178,1.872,-55.615,-55.954,-52.323
BOOST,1012,0.86271,0.3109,0.2971,-0.0138,1.415,-42.051,-42.906,-41.025
BOOST,1012,0.86271,0.2679,0.2504,-0.0175,1.097,-32.582,-37.231,-36.768
BOOST,1050,0.85829,1.0,0.9766,-0.0234,2.743,-81.139,-74.642,-76.471
BOOST,1050,0.85829,0.9571,0.9335,-0.0236,2.69,-79.549,-76.306,-76.888
BOOST,1050,0.85829,0.9143,0.8958,-0.0185,2.652,-78.421,-76.234,-76.339
BOOST,1050,0.85829,0.8285,0.814,-0.0145,2.568,-75.962,-73.656,-74.205
BOOST,1050,0.85829,0.7428,0.73,-0.0128,2.533,-74.905,-73.012,-72.471
BOOST,1050,0.85829,0.6571,0.637,-0.0201,2.364,-69.901,-68.623,-68.22
BOOST,1050,0.85829,0.5714,0.5436,-0.0278,2.205,-65.22,-63.654,-65.612
BOOST,1050,0.85829,0.4856,0.459,-0.0266,2.092,-61.883,-60.766,-59.235
BOOST,1050,0.85829,0.3999,0.3812,-0.0187,1.827,-54.019,-54.438,-50.481
BOOST,1050,0.85829,0.3142,0.2996,-0.0146,1.395,-41.261,-41.639,-39.03
BOOST,1050,0.85829,0.2714,0.2529,-0.0185,1.033,-30.558,-36.321,-36.174
BOOST,1087,0.85147,1.0,0.9756,-0.0244,2.703,-79.287,-71.79,-73.613
BOOST,1087,0.85147,0.9575,0.9332,-0.0243,2.647,-77.637,-73.289,-73.951
BOOST,1087,0.85147,0.915,0.8973,-0.0177,2.63,-77.121,-73.369,-73.445
BOOST,1087,0.85147,0.83,0.817,-0.013,2.535,-74.359,-70.95,-71.416
BOOST,1087,0.85147,0.7449,0.7337,-0.0112,2.508,-73.566,-70.339,-69.939
BOOST,1087,0.85147,0.6599,0.6413,-0.0186,2.334,-68.464,-66.17,-66.412
BOOST,1087,0.85147,0.5749,0.5491,-0.0258,2.18,-63.922,-62.283,-63.007
BOOST,1087,0.85147,0.4899,0.4651,-0.0248,2.014,-59.058,-58.6,-56.892
BOOST,1087,0.85147,0.4049,0.3873,-0.0176,1.811,-53.113,-52.387,-49.162
BOOST,1087,0.85147,0.3199,0.3067,-0.0132,1.348,-39.54,-39.448,-36.66
BOOST,1087,0.85147,0.2774,0.2612,-0.0162,1.036,-30.395,-34.829,-34.9
BOOST,1125,0.84743,1.0,0.9743,-0.0257,2.656,-77.552,-70.649,-72.508
BOOST,1125,0.84743,0.9577,0.932,-0.0257,2.588,-75.566,-72.103,-72.781
BOOST,1125,0.84743,0.9153,0.8967,-0.0186,2.557,-74.662,-72.232,-72.322
BOOST,1125,0.84743,0.8307,0.8166,-0.0141,2.485,-72.554,-69.875,-70.344
BOOST,1125,0.84743,0.7461,0.7337,-0.0124,2.451,-71.545,-69.3,-68.918
BOOST,1125,0.84743,0.6615,0.6417,-0.0198,2.283,-66.643,-65.068,-65.336
BOOST,1125,0.84743,0.5769,0.5498,-0.0271,2.132,-62.249,-61.364,-61.834
BOOST,1125,0.84743,0.4922,0.4663,-0.0259,1.97,-57.508,-57.664,-55.655
BOOST,1125,0.84743,0.4076,0.3884,-0.0192,1.755,-51.24,-51.53,-48.859
BOOST,1125,0.84743,0.323,0.3079,-0.0151,1.298,-37.878,-37.364,-35.86
BOOST,1125,0.84743,0.2806,0.2627,-0.0179,1.01,-29.477,-34.275,-34.236
BOOST,1162,0.84313,1.0,0.9733,-0.0267,2.551,-74.087,-68.615,-70.445
BOOST,1162,0.84313,0.9579,0.9312,-0.0267,2.571,-74.677,-69.989,-70.663
BOOST,1162,0.84313,0.9158,0.8965,-0.0193,2.474,-71.842,-70.178,-70.305
BOOST,1162,0.84313,0.8316,0.8166,-0.015,2.461,-71.476,-67.837,-68.305
BOOST,1162,0.84313,0.7475,0.7343,-0.0132,2.366,-68.705,-67.298,-66.933
BOOST,1162,0.84313,0.6633,0.6425,-0.0208,2.243,-65.146,-63.073,-63.365
BOOST,1162,0.84313,0.5791,0.5513,-0.0278,2.085,-60.56,-59.298,-59.817
BOOST,1162,0.84313,0.4949,0.4676,-0.0273,1.925,-55.9,-55.872,-53.734
BOOST,1162,0.84313,0.4108,0.3898,-0.021,1.736,-50.412,-49.937,-47.912
BOOST,1162,0.84313,0.3266,0.3091,-0.0175,1.24,-36.015,-35.732,-34.748
BOOST,1162,0.84313,0.2845,0.2647,-0.0198,1.002,-29.09,-33.207,-33.063
BOOST,1200,0.83719,1.0,0.9729,-0.0271,2.504,-72.192,-67.13,-68.825
BOOST,1200,0.83719,0.9582,0.9312,-0.027,2.515,-72.513,-68.323,-68.841
BOOST,1200,0.83719,0.9164,0.8972,-0.0192,2.421,-69.81,-68.335,-68.504
BOOST,1200,0.83719,0.8328,0.8186,-0.0142,2.405,-69.336,-66.432,-66.862
BOOST,1200,0.83719,0.7492,0.7369,-0.0123,2.333,-67.268,-65.822,-65.577
BOOST,1200,0.83719,0.6657,0.6457,-0.02,2.195,-63.299,-61.638,-61.854
BOOST,1200,0.83719,0.5821,0.5551,-0.027,2.04,-58.829,-57.771,-58.307
BOOST,1200,0.83719,0.4985,0.472,-0.0265,1.885,-54.356,-54.421,-52.403
BOOST,1200,0.83719,0.4149,0.3946,-0.0203,1.676,-48.333,-48.837,-47.281
BOOST,1200,0.83719,0.3313,0.3148,-0.0165,1.216,-35.078,-35.053,-34.304
BOOST,1200,0.83719,0.2895,0.2717,-0.0178,0.997,-28.758,-32.498,-32.343
BOOST,1237,0.83228,1.0,0.9707,-0.0293,2.446,-70.146,-65.915,-67.58
BOOST,1237,0.83228,0.9584,0.9298,-0.0286,2.46,-70.535,-67.01,-67.276
BOOST,1237,0.83228,0.9169,0.8965,-0.0204,2.37,-67.971,-66.801,-66.984
BOOST,1237,0.83228,0.8337,0.816,-0.0177,2.365,-67.824,-65.192,-65.716
BOOST,1237,0.83228,0.7506,0.7341,-0.0165,2.266,-64.968,-64.443,-64.291
BOOST,1237,0.83228,0.6675,0.6429,-0.0246,2.149,-61.618,-60.437,-60.496
BOOST,1237,0.83228,0.5844,0.5529,-0.0315,1.972,-56.542,-56.431,-57.084
BOOST,1237,0.83228,0.5013,0.4709,-0.0304,1.839,-52.73,-53.148,-50.927
BOOST,1237,0.83228,0.4182,0.3946,-0.0236,1.591,-45.634,-47.833,-44.465
BOOST,1237,0.83228,0.335,0.3152,-0.0198,1.157,-33.167,-34.648,-33.663
BOOST,1275,0.82629,1.0,0.9717,-0.0283,2.403,-68.358,-64.119,-65.567
BOOST,1275,0.82629,0.9587,0.9318,-0.0269,2.407,-68.476,-64.985,-65.28
BOOST,1275,0.82629,0.9175,0.8985,-0.019,2.326,-66.186,-64.524,-64.633
BOOST,1275,0.82629,0.835,0.8182,-0.0168,2.315,-65.867,-63.447,-63.929
BOOST,1275,0.82629,0.7526,0.7371,-0.0155,2.231,-63.482,-62.427,-62.483
BOOST,1275,0.82629,0.6701,0.646,-0.0241,2.1,-59.731,-58.595,-58.693
BOOST,1275,0.82629,0.5876,0.5568,-0.0308,1.965,-55.908,-54.699,-55.307
BOOST,1275,0.82629,0.5052,0.4757,-0.0295,1.797,-51.112,-51.343,-49.576
BOOST,1275,0.82629,0.4227,0.4006,-0.0221,1.603,-45.596,-46.209,-43.366
BOOST,1275,0.82629,0.3402,0.3231,-0.0171,1.135,-32.285,-34.241,-33.023
BOOST,1275,0.82629,0.299,0.2812,-0.0178,0.978,-27.815,-30.949,-30.648
BOOST,1312,0.8193,1.0,0.9715,-0.0285,2.377,-67.048,-63.982,-65.414
BOOST,1312,0.8193,0.9591,0.9325,-0.0266,2.312,-65.227,-64.755,-64.945
BOOST,1312,0.8193,0.9182,0.9,-0.0182,2.301,-64.923,-64.169,-63.952
BOOST,1312,0.8193,0.8364,0.8199,-0.0165,2.248,-63.402,-63.26,-63.727
BOOST,1312,0.8193,0.7547,0.7394,-0.0153,2.234,-63.033,-62.046,-62.101
BOOST,1312,0.8193,0.6729,0.6496,-0.0233,2.047,-57.751,-58.257,-58.344
BOOST,1312,0.8193,0.5911,0.5611,-0.03,1.931,-54.465,-54.273,-54.855
BOOST,1312,0.8193,0.5093,0.4806,-0.0287,1.751,-49.404,-51.031,-49.451
BOOST,1312,0.8193,0.4276,0.4061,-0.0215,1.546,-43.622,-45.726,-42.593
BOOST,1312,0.8193,0.3458,0.3297,-0.0161,1.102,-31.088,-34.435,-32.884
BOOST,1312,0.8193,0.3049,0.2886,-0.0163,0.965,-27.23,-30.795,-30.325
BOOST,1350,0.81393,1.0,0.9684,-0.0316,2.34,-65.587,-60.922,-62.435
BOOST,1350,0.81393,0.9594,0.9321,-0.0273,2.265,-63.501,-61.561,-61.58
BOOST,1350,0.81393,0.9187,0.902,-0.0167,2.257,-63.255,-60.812,-60.857
BOOST,1350,0.81393,0.8375,0.8206,-0.0169,2.2,-61.666,-59.877,-60.328
BOOST,1350,0.81393,0.7562,0.739,-0.0172,2.139,-59.947,-58.772,-58.886
BOOST,1350,0.81393,0.675,0.6502,-0.0248,1.945,-54.527,-55.376,-54.924
BOOST,1350,0.81393,0.5937,0.5618,-0.0319,1.843,-51.66,-51.288,-51.834
BOOST,1350,0.81393,0.5125,0.4819,-0.0306,1.705,-47.793,-48.356,-46.796
BOOST,1350,0.81393,0.4312,0.4082,-0.023,1.456,-40.807,-42.863,-39.906
BOOST,1350,0.81393,0.35,0.3323,-0.0177,1.05,-29.437,-33.345,-30.295
BOOST,1350,0.81393,0.3094,0.2905,-0.0189,0.935,-26.218,-28.874,-28.478
BOOST,1387,0.80278,1.0,0.9668,-0.0332,2.268,-62.733,-61.123,-62.006
BOOST,1387,0.80278,0.9599,0.9356,-0.0243,2.23,-61.666,-61.087,-61.298
BOOST,1387,0.80278,0.9198,0.9101,-0.0097,2.204,-60.954,-60.72,-60.772
BOOST,1387,0.80278,0.8396,0.8311,-0.0085,2.216,-61.287,-59.375,-59.611
BOOST,1387,0.80278,0.7595,0.7507,-0.0088,2.088,-57.745,-58.291,-58.55
BOOST,1387,0.80278,0.6793,0.6676,-0.0117,1.985,-54.903,-54.847,-54.416
BOOST,1387,0.80278,0.5992,0.5816,-0.0176,1.809,-50.029,-50.927,-51.189
BOOST,1387,0.80278,0.519,0.5,-0.019,1.688,-46.695,-47.965,-47.495
BOOST,1387,0.80278,0.4388,0.4258,-0.013,1.424,-39.375,-41.229,-39.854
BOOST,1387,0.80278,0.3587,0.3498,-0.0089,1.04,-28.757,-32.726,-32.421
BOOST,1387,0.80278,0.3186,0.3088,-0.0098,0.932,-25.764,-28.199,-27.737
BOOST,1425,0.79486,1.0,0.9664,-0.0336,2.22,-60.757,-57.138,-57.843
BOOST,1425,0.79486,0.9603,0.9356,-0.0247,2.175,-59.51,-56.965,-57.418
BOOST,1425,0.79486,0.9207,0.9091,-0.0116,2.192,-59.988,-56.788,-56.849
BOOST,1425,0.79486,0.8413,0.8293,-0.012,2.121,-58.026,-55.91,-56.237
BOOST,1425,0.79486,0.762,0.748,-0.014,2.066,-56.535,-54.852,-54.739
BOOST,1425,0.79486,0.6827,0.665,-0.0177,1.895,-51.836,-51.003,-50.699
BOOST,1425,0.79486,0.6034,0.5803,-0.0231,1.788,-48.917,-47.575,-47.607
BOOST,1425,0.79486,0.5241,0.5003,-0.0238,1.612,-44.102,-44.705,-43.913
BOOST,1425,0.79486,0.4448,0.4269,-0.0179,1.393,-38.126,-38.583,-36.881
BOOST,1425,0.79486,0.3655,0.3517,-0.0138,0.996,-27.255,-31.241,-30.225
BOOST,1425,0.79486,0.3258,0.3115,-0.0143,0.922,-25.236,-26.948,-26.304
BOOST,1500,0.78427,1.0,0.9667,-0.0333,2.075,-56.05,-52.121,-52.754
BOOST,1500,0.78427,0.9593,0.9324,-0.0269,2.058,-55.599,-52.042,-52.492
BOOST,1500,0.78427,0.9201,0.8999,-0.0202,2.027,-54.755,-51.816,-52.004
BOOST,1500,0.78427,0.8418,0.8162,-0.0256,2.022,-54.644,-51.639,-52.507
BOOST,1500,0.78427,0.7635,0.7315,-0.032,1.897,-51.259,-50.767,-49.816
BOOST,1500,0.78427,0.6852,0.6441,-0.0411,1.792,-48.41,-46.467,-46.067
BOOST,1500,0.78427,0.6068,0.5604,-0.0464,1.635,-44.17,-43.269,-43.103
BOOST,1500,0.78427,0.5286,0.4849,-0.0437,1.516,-40.952,-40.259,-39.06
BOOST,1500,0.78427,0.4502,0.4136,-0.0366,1.236,-33.38,-36.019,-33.065
BOOST,1500,0.78427,0.3719,0.34,-0.0319,0.962,-25.991,-28.327,-26.412
BOOST,1537,0.7754,1.0,0.9669,-0.0331,2.007,-53.602,-48.906,-49.783
BOOST,1537,0.7754,0.9597,0.9341,-0.0256,2.017,-53.863,-49.142,-49.546
BOOST,1537,0.7754,0.9209,0.9008,-0.0201,1.971,-52.645,-48.702,-48.502
BOOST,1537,0.7754,0.8435,0.8167,-0.0268,1.971,-52.632,-48.911,-50.153
BOOST,1537,0.7754,0.7661,0.7295,-0.0366,1.829,-48.838,-47.972,-46.211
BOOST,1537,0.7754,0.6887,0.6438,-0.0449,1.728,-46.142,-43.785,-43.412
BOOST,1537,0.7754,0.6113,0.5615,-0.0498,1.573,-41.996,-40.753,-40.146
BOOST,1537,0.7754,0.5339,0.4868,-0.0471,1.445,-38.599,-37.425,-36.519
BOOST,1537,0.7754,0.4565,0.4175,-0.039,1.168,-31.195,-33.906,-31.453
BOOST,1537,0.7754,0.3791,0.3453,-0.0338,0.94,-25.092,-26.945,-25.02
BOOST,1575,0.76704,1.0,0.9675,-0.0325,1.958,-51.731,-47.53,-48.921
BOOST,1575,0.76704,0.9597,0.9378,-0.0219,1.899,-50.174,-48.328,-48.678
BOOST,1575,0.76704,0.9214,0.9076,-0.0138,1.92,-50.715,-47.246,-46.846
BOOST,1575,0.76704,0.8448,0.826,-0.0188,1.9,-50.182,-47.452,-49.404
BOOST,1575,0.76704,0.7682,0.7302,-0.038,1.775,-46.893,-47.049,-44.182
BOOST,1575,0.76704,0.6917,0.6532,-0.0385,1.653,-43.662,-42.423,-42.571
BOOST,1575,0.76704,0.6151,0.5758,-0.0393,1.526,-40.306,-39.825,-38.58
BOOST,1575,0.76704,0.5386,0.4994,-0.0392,1.366,-36.089,-36.278,-35.786
BOOST,1575,0.76704,0.462,0.4322,-0.0298,1.13,-29.851,-32.664,-30.822
BOOST,1575,0.76704,0.3854,0.3598,-0.0256,0.918,-24.25,-26.824,-25.33
BOOST,1612,0.75891,1.0,0.9671,-0.0329,1.894,-49.49,-44.362,-45.705
BOOST,1612,0.75891,0.9591,0.9397,-0.0194,1.823,-47.63,-45.35,-45.281
BOOST,1612,0.75891,0.9213,0.9097,-0.0116,1.858,-48.564,-43.548,-43.248
BOOST,1612,0.75891,0.8455,0.8303,-0.0152,1.837,-47.994,-44.32,-46.141
BOOST,1612,0.75891,0.7698,0.7359,-0.0339,1.703,-44.496,-43.722,-40.683
BOOST,1612,0.75891,0.694,0.6596,-0.0344,1.615,-42.199,-39.27,-40.142
BOOST,1612,0.75891,0.6183,0.5851,-0.0332,1.459,-38.12,-37.007,-35.436
BOOST,1612,0.75891,0.5425,0.5079,-0.0346,1.33,-34.75,-33.875,-33.598
BOOST,1612,0.75891,0.4668,0.4416,-0.0252,1.053,-27.517,-30.256,-28.467
BOOST,1612,0.75891,0.391,0.3696,-0.0214,0.906,-23.25,-24.768,-23.942
BOOST,1612,0.75891,0.3532,0.335,-0.0182,0.935,-18.915,-22.86,-21.58
BOOST,1650,0.75197,1.0,0.9647,-0.0353,1.806,-46.794,-44.961,-46.826
BOOST,1650,0.75197,0.958,0.9357,-0.0223,1.825,-47.29,-46.838,-45.301
BOOST,1650,0.75197,0.9205,0.901,-0.0195,1.791,-46.41,-42.641,-42.11
BOOST,1650,0.75197,0.8454,0.8202,-0.0252,1.751,-45.392,-45.15,-48.213
BOOST,1650,0.75197,0.7702,0.739,-0.0312,1.628,-42.188,-43.899,-39.087
BOOST,1650,0.75197,0.6951,0.6548,-0.0403,1.529,-39.629,-39.62,-40.955
BOOST,1650,0.75197,0.62,0.5761,-0.0439,1.389,-35.986,-37.302,-34.65
BOOST,1650,0.75197,0.5449,0.5012,-0.0437,1.248,-32.351,-34.31,-34.188
BOOST,1650,0.75197,0.4698,0.4339,-0.0359,0.992,-25.697,-30.363,-28.904
BOOST,1650,0.75197,0.3947,0.3632,-0.0315,0.893,-21.253,-25.726,-24.085
BOOST,1687,0.74426,1.0,0.9638,-0.0362,1.773,-45.461,-41.524,-44.54
BOOST,1687,0.74426,0.958,0.9317,-0.0263,1.734,-44.454,-44.38,-42.297
BOOST,1687,0.74426,0.9209,0.893,-0.0279,1.752,-44.915,-39.258,-38.059
BOOST,1687,0.74426,0.8465,0.8123,-0.0342,1.656,-42.443,-41.973,-45.758
BOOST,1687,0.74426,0.7722,0.7268,-0.0454,1.625,-41.658,-38.764,-35.694
BOOST,1687,0.74426,0.6979,0.6483,-0.0496,1.48,-37.949,-37.072,-38.793
BOOST,1687,0.74426,0.6236,0.5701,-0.0535,1.39,-35.643,-33.81,-32.236
BOOST,1687,0.74426,0.5493,0.501,-0.0483,1.202,-30.822,-31.884,-32.039
BOOST,1687,0.74426,0.475,0.4309,-0.0441,0.987,-25.305,-28.555,-27.343
BOOST,1687,0.74426,0.4007,0.3621,-0.0386,0.896,-20.302,-24.765,-21.823
BOOST,1687,0.74426,0.3635,0.3325,-0.031,0.956,-17.786,-21.112,-18.963
BOOST,1725,0.73295,1.0,0.96,-0.04,1.708,-43.137,-38.196,-41.797
BOOST,1725,0.73295,0.9571,0.9284,-0.0287,1.673,-42.26,-41.278,-38.819
BOOST,1725,0.73295,0.9205,0.8887,-0.0318,1.694,-42.782,-36.22,-35.061
BOOST,1725,0.73295,0.8473,0.8074,-0.0399,1.644,-41.526,-38.39,-41.575
BOOST,1725,0.73295,0.7741,0.722,-0.0521,1.524,-38.502,-33.79,-33.234
BOOST,1725,0.73295,0.7008,0.6378,-0.063,1.432,-36.183,-33.428,-33.065
BOOST,1725,0.73295,0.6276,0.5627,-0.0649,1.307,-33.002,-30.103,-29.919
BOOST,1725,0.73295,0.5544,0.4963,-0.0581,1.17,-29.552,-28.982,-29.806
BOOST,1725,0.73295,0.4812,0.4302,-0.051,0.962,-24.292,-26.535,-25.84
BOOST,1725,0.73295,0.4079,0.369,-0.0389,0.909,-19.412,-22.691,-20.244
BOOST,1725,0.73295,0.3714,0.3424,-0.029,0.965,-16.802,-19.269,-17.122
BOOST,1762,0.7253,1.0,0.9552,-0.0448,1.658,-41.437,-39.35,-43.376
BOOST,1762,0.7253,0.9568,0.9265,-0.0303,1.631,-40.763,-42.25,-39.235
BOOST,1762,0.7253,0.9206,0.8873,-0.0333,1.645,-41.116,-36.652,-35.641
BOOST,1762,0.7253,0.8482,0.8045,-0.0437,1.553,-38.81,-38.933,-40.993
BOOST,1762,0.7253,0.7758,0.7213,-0.0545,1.467,-36.663,-34.798,-34.294
BOOST,1762,0.7253,0.7034,0.6394,-0.064,1.358,-33.935,-33.721,-33.215
BOOST,1762,0.7253,0.6309,0.5646,-0.0663,1.259,-31.452,-31.059,-30.496
BOOST,1762,0.7253,0.5585,0.4991,-0.0594,1.092,-27.298,-29.302,-31.629
BOOST,1762,0.7253,0.4861,0.4341,-0.052,0.949,-23.703,-27.981,-26.643
BOOST,1762,0.7253,0.4136,0.3753,-0.0383,0.922,-18.368,-22.757,-20.618
BOOST,1762,0.7253,0.3774,0.3514,-0.026,0.958,-16.0,-19.864,-18.32
BOOST,1800,0.71505,1.0,0.9556,-0.0444,1.556,-38.347,-37.91,-41.673
BOOST,1800,0.71505,0.9545,0.9296,-0.0249,1.575,-38.833,-40.668,-37.388
BOOST,1800,0.71505,0.9188,0.8922,-0.0266,1.596,-39.346,-34.25,-32.936
BOOST,1800,0.71505,0.8473,0.8114,-0.0359,1.493,-36.811,-37.242,-38.588
BOOST,1800,0.71505,0.7759,0.7304,-0.0455,1.425,-35.119,-34.439,-33.423
BOOST,1800,0.71505,0.7045,0.6495,-0.055,1.307,-32.21,-32.287,-32.532
BOOST,1800,0.71505,0.633,0.5749,-0.0581,1.216,-29.972,-31.592,-31.122
BOOST,1800,0.71505,0.5616,0.5122,-0.0494,1.048,-25.821,-29.373,-27.471
BOOST,1800,0.71505,0.4902,0.4492,-0.041,0.934,-23.021,-26.858,-25.951
BOOST,1800,0.71505,0.4187,0.3917,-0.027,0.931,-17.865,-21.778,-19.575
BOOST,1800,0.71505,0.383,0.3673,-0.0157,0.958,-15.579,-18.243,-17.918
BOOST,1800,0.71505,0.3473,0.348,0.0007,0.938,-12.08,-15.865,-15.904
BOOST,1837,0.70491,1.0,0.9661,-0.0339,1.527,-37.105,-35.355,-38.069
BOOST,1837,0.70491,0.9552,0.9393,-0.0159,1.529,-37.163,-37.876,-36.315
BOOST,1837,0.70491,0.92,0.9024,-0.0176,1.546,-37.562,-31.585,-29.505
BOOST,1837,0.70491,0.8496,0.8246,-0.025,1.445,-35.118,-34.537,-35.98
BOOST,1837,0.70491,0.7791,0.7462,-0.0329,1.38,-33.537,-33.162,-31.274
BOOST,1837,0.70491,0.7087,0.6677,-0.041,1.269,-30.829,-29.584,-29.925
BOOST,1837,0.70491,0.6383,0.5948,-0.0435,1.177,-28.605,-29.497,-31.071
BOOST,1837,0.70491,0.5678,0.5331,-0.0347,0.997,-24.222,-23.753,-19.019
BOOST,1837,0.70491,0.4974,0.4707,-0.0267,0.922,-22.388,-23.682,-23.406
BOOST,1837,0.70491,0.4269,0.4111,-0.0158,0.937,-17.494,-20.841,-20.022
BOOST,1837,0.70491,0.3565,0.3649,0.0084,0.945,-12.318,-14.629,-15.036
BOOST,1875,0.69674,1.0,0.9689,-0.0311,1.478,-35.522,-35.833,-37.944
BOOST,1875,0.69674,0.9552,0.9414,-0.0138,1.469,-35.298,-37.775,-36.621
BOOST,1875,0.69674,0.9204,0.903,-0.0174,1.469,-35.306,-31.581,-30.068
BOOST,1875,0.69674,0.8508,0.8271,-0.0237,1.385,-33.275,-34.541,-35.572
BOOST,1875,0.69674,0.7811,0.7508,-0.0303,1.306,-31.385,-33.377,-31.922
BOOST,1875,0.69674,0.7115,0.6732,-0.0383,1.245,-29.905,-29.769,-29.965
BOOST,1875,0.69674,0.6418,0.6017,-0.0401,1.109,-26.64,-28.812,-31.395
BOOST,1875,0.69674,0.5722,0.5404,-0.0318,0.985,-23.673,-22.096,-17.824
BOOST,1875,0.69674,0.5025,0.4796,-0.0229,0.909,-21.402,-22.621,-22.616
BOOST,1875,0.69674,0.4329,0.4192,-0.0137,0.951,-16.749,-20.382,-19.627
BOOST,1875,0.69674,0.3632,0.3726,0.0094,0.939,-11.272,-14.845,-15.46
BOOST_NEGPULSE,40,0.99146,1.0,0.9897,-0.0103,3.65,-124.011,-127.895,-130.614
BOOST_NEGPULSE,40,0.99146,0.9493,0.944,-0.0053,3.891,-132.215,-134.754,-134.691
BOOST_NEGPULSE,40,0.99146,0.9001,0.8947,-0.0054,3.786,-128.638,-132.881,-132.41
BOOST_NEGPULSE,40,0.99146,0.8016,0.7988,-0.0028,3.425,-116.349,-119.759,-119.688
BOOST_NEGPULSE,40,0.99146,0.7031,0.7031,-0.0,3.378,-114.757,-117.412,-117.413
BOOST_NEGPULSE,40,0.99146,0.6046,0.6006,-0.004,3.208,-108.991,-109.09,-109.846
BOOST_NEGPULSE,40,0.99146,0.5062,0.5023,-0.0039,2.944,-100.021,-102.403,-102.826
BOOST_NEGPULSE,40,0.99146,0.4077,0.4054,-0.0023,2.727,-92.662,-95.894,-96.074
BOOST_NEGPULSE,40,0.99146,0.3092,0.3093,0.0001,2.535,-86.119,-89.009,-89.006
BOOST_NEGPULSE,40,0.99146,0.2107,0.2114,0.0007,2.222,-75.478,-76.64,-76.625
BOOST_NEGPULSE,40,0.99146,0.1614,0.1596,-0.0018,1.954,-66.394,-66.557,-66.407
BOOST_NEGPULSE,76,0.98832,1.0,0.9896,-0.0104,3.604,-122.072,-127.716,-130.421
BOOST_NEGPULSE,76,0.98832,0.9495,0.9438,-0.0057,3.802,-128.768,-134.626,-134.561
BOOST_NEGPULSE,76,0.98832,0.9004,0.8948,-0.0056,3.777,-127.925,-132.834,-132.38
BOOST_NEGPULSE,76,0.98832,0.8023,0.799,-0.0033,3.444,-116.646,-119.738,-119.595
BOOST_NEGPULSE,76,0.98832,0.7041,0.7033,-0.0008,3.361,-113.813,-117.365,-117.421
BOOST_NEGPULSE,76,0.98832,0.6059,0.5997,-0.0062,3.183,-107.787,-108.914,-109.983
BOOST_NEGPULSE,76,0.98832,0.5077,0.502,-0.0057,2.898,-98.139,-102.257,-102.864
BOOST_NEGPULSE,76,0.98832,0.4096,0.4056,-0.004,2.738,-92.726,-95.832,-96.146
BOOST_NEGPULSE,76,0.98832,0.3114,0.3093,-0.0021,2.541,-86.065,-88.942,-89.057
BOOST_NEGPULSE,76,0.98832,0.2132,0.2109,-0.0023,2.187,-74.062,-76.343,-76.388
BOOST_NEGPULSE,76,0.98832,0.1642,0.1592,-0.005,1.868,-63.261,-66.404,-66.015
BOOST_NEGPULSE,112,0.97558,1.0,0.9896,-0.0104,3.622,-120.981,-125.316,-127.69
BOOST_NEGPULSE,112,0.97558,0.9505,0.9444,-0.0061,3.84,-128.253,-131.523,-131.615
BOOST_NEGPULSE,112,0.97558,0.9022,0.8962,-0.006,3.734,-124.697,-130.142,-129.858
BOOST_NEGPULSE,112,0.97558,0.8054,0.8023,-0.0031,3.401,-113.59,-118.129,-117.872
BOOST_NEGPULSE,112,0.97558,0.7086,0.7075,-0.0011,3.368,-112.483,-114.952,-115.026
BOOST_NEGPULSE,112,0.97558,0.6117,0.6065,-0.0052,3.203,-106.974,-107.582,-108.533
BOOST_NEGPULSE,112,0.97558,0.5149,0.5099,-0.005,2.951,-98.543,-101.063,-101.545
BOOST_NEGPULSE,112,0.97558,0.4181,0.4145,-0.0036,2.731,-91.223,-94.83,-95.107
BOOST_NEGPULSE,112,0.97558,0.3213,0.3201,-0.0012,2.539,-84.787,-87.91,-87.975
BOOST_NEGPULSE,112,0.97558,0.2245,0.2229,-0.0016,2.212,-73.856,-75.003,-75.031
BOOST_NEGPULSE,112,0.97558,0.1761,0.1729,-0.0032,1.918,-64.067,-64.042,-63.984
BOOST_NEGPULSE,150,0.9707,1.0,0.9896,-0.0104,3.597,-119.569,-123.507,-125.813
BOOST_NEGPULSE,150,0.9707,0.9511,0.9446,-0.0065,3.73,-123.993,-129.346,-129.58
BOOST_NEGPULSE,150,0.9707,0.903,0.8967,-0.0063,3.689,-122.632,-128.235,-128.02
BOOST_NEGPULSE,150,0.9707,0.8066,0.8031,-0.0035,3.376,-112.219,-116.718,-116.436
BOOST_NEGPULSE,150,0.9707,0.7103,0.7085,-0.0018,3.377,-112.256,-112.999,-113.114
BOOST_NEGPULSE,150,0.9707,0.6139,0.6077,-0.0062,3.162,-105.125,-106.681,-107.308
BOOST_NEGPULSE,150,0.9707,0.5176,0.511,-0.0066,2.897,-96.313,-99.904,-100.352
BOOST_NEGPULSE,150,0.9707,0.4212,0.4163,-0.0049,2.725,-90.593,-94.061,-94.307
BOOST_NEGPULSE,150,0.9707,0.3248,0.3231,-0.0017,2.548,-84.716,-87.176,-87.253
BOOST_NEGPULSE,150,0.9707,0.2285,0.2271,-0.0014,2.175,-72.305,-73.942,-73.966
BOOST_NEGPULSE,150,0.9707,0.1803,0.1765,-0.0038,1.84,-61.176,-62.115,-62.109
BOOST_NEGPULSE,187,0.96088,1.0,0.9895,-0.0105,3.551,-116.792,-119.243,-121.407
BOOST_NEGPULSE,187,0.96088,0.952,0.9449,-0.0071,3.721,-122.367,-124.03,-124.471
BOOST_NEGPULSE,187,0.96088,0.9044,0.898,-0.0064,3.708,-121.95,-123.487,-123.419
BOOST_NEGPULSE,187,0.96088,0.8091,0.8062,-0.0029,3.343,-109.925,-113.109,-112.882
BOOST_NEGPULSE,187,0.96088,0.7138,0.7119,-0.0019,3.33,-109.522,-108.504,-108.743
BOOST_NEGPULSE,187,0.96088,0.6184,0.6142,-0.0042,3.178,-104.506,-103.639,-103.863
BOOST_NEGPULSE,187,0.96088,0.5231,0.5181,-0.005,2.951,-97.063,-97.158,-97.482
BOOST_NEGPULSE,187,0.96088,0.4278,0.424,-0.0038,2.707,-89.029,-91.63,-91.815
BOOST_NEGPULSE,187,0.96088,0.3324,0.3322,-0.0002,2.515,-82.69,-83.954,-83.948
BOOST_NEGPULSE,187,0.96088,0.2371,0.2389,0.0018,2.194,-72.138,-64.76,-65.07
BOOST_NEGPULSE,187,0.96088,0.1895,0.189,-0.0005,1.821,-59.882,-58.731,-58.717
BOOST_NEGPULSE,225,0.95339,1.0,0.9891,-0.0109,3.515,-114.746,-117.638,-119.805
BOOST_NEGPULSE,225,0.95339,0.9527,0.9446,-0.0081,3.66,-119.48,-121.929,-122.485
BOOST_NEGPULSE,225,0.95339,0.9054,0.8983,-0.0071,3.634,-118.621,-121.51,-121.533
BOOST_NEGPULSE,225,0.95339,0.8108,0.808,-0.0028,3.36,-109.673,-112.159,-111.944
BOOST_NEGPULSE,225,0.95339,0.7162,0.7141,-0.0021,3.298,-107.633,-107.75,-108.015
BOOST_NEGPULSE,225,0.95339,0.6215,0.6175,-0.004,3.121,-101.887,-103.307,-103.516
BOOST_NEGPULSE,225,0.95339,0.5269,0.522,-0.0049,2.879,-93.981,-97.035,-97.352
BOOST_NEGPULSE,225,0.95339,0.4323,0.4286,-0.0037,2.71,-88.455,-90.977,-91.15
BOOST_NEGPULSE,225,0.95339,0.3377,0.3372,-0.0005,2.526,-82.446,-83.185,-83.168
BOOST_NEGPULSE,225,0.95339,0.2431,0.2447,0.0016,2.138,-69.797,-65.03,-65.471
BOOST_NEGPULSE,225,0.95339,0.1958,0.1964,0.0006,1.774,-57.919,-56.935,-56.952
BOOST_NEGPULSE,262,0.94553,1.0,0.9889,-0.0111,3.471,-112.307,-111.397,-113.388
BOOST_NEGPULSE,262,0.94553,0.9531,0.9447,-0.0084,3.596,-116.37,-114.902,-115.491
BOOST_NEGPULSE,262,0.94553,0.9062,0.8991,-0.0071,3.55,-114.891,-114.831,-114.915
BOOST_NEGPULSE,262,0.94553,0.8124,0.8096,-0.0028,3.3,-106.787,-106.799,-106.6
BOOST_NEGPULSE,262,0.94553,0.7186,0.7163,-0.0023,3.309,-107.076,-102.951,-103.104
BOOST_NEGPULSE,262,0.94553,0.6248,0.6211,-0.0037,3.083,-99.774,-99.075,-99.229
BOOST_NEGPULSE,262,0.94553,0.531,0.5266,-0.0044,2.85,-92.226,-92.953,-92.894
BOOST_NEGPULSE,262,0.94553,0.4372,0.4336,-0.0036,2.669,-86.368,-86.833,-86.872
BOOST_NEGPULSE,262,0.94553,0.3434,0.3425,-0.0009,2.476,-80.114,-79.518,-79.248
BOOST_NEGPULSE,262,0.94553,0.2496,0.2511,0.0015,2.142,-69.308,-65.347,-65.879
BOOST_NEGPULSE,262,0.94553,0.2027,0.2042,0.0015,1.783,-57.694,-53.311,-53.419
BOOST_NEGPULSE,300,0.94211,1.0,0.9886,-0.0114,3.483,-112.378,-111.919,-113.885
BOOST_NEGPULSE,300,0.94211,0.9532,0.9442,-0.009,3.541,-114.24,-115.367,-115.97
BOOST_NEGPULSE,300,0.94211,0.9065,0.8986,-0.0079,3.517,-113.471,-115.248,-115.318
BOOST_NEGPULSE,300,0.94211,0.813,0.8095,-0.0035,3.235,-104.358,-107.376,-107.149
BOOST_NEGPULSE,300,0.94211,0.7195,0.7167,-0.0028,3.247,-104.752,-103.558,-103.709
BOOST_NEGPULSE,300,0.94211,0.626,0.6216,-0.0044,3.055,-98.57,-99.921,-100.107
BOOST_NEGPULSE,300,0.94211,0.5324,0.5276,-0.0048,2.826,-91.171,-93.293,-93.227
BOOST_NEGPULSE,300,0.94211,0.4389,0.4352,-0.0037,2.685,-86.629,-87.191,-87.179
BOOST_NEGPULSE,300,0.94211,0.3454,0.3443,-0.0011,2.442,-78.791,-79.158,-78.677
BOOST_NEGPULSE,300,0.94211,0.2519,0.2532,0.0013,2.108,-67.995,-65.911,-65.868
BOOST_NEGPULSE,300,0.94211,0.2052,0.2062,0.001,1.692,-54.589,-52.678,-52.734
BOOST_NEGPULSE,337,0.93563,1.0,0.9884,-0.0116,3.394,-108.77,-108.805,-110.588
BOOST_NEGPULSE,337,0.93563,0.9536,0.9444,-0.0092,3.458,-110.795,-112.041,-112.685
BOOST_NEGPULSE,337,0.93563,0.9071,0.8992,-0.0079,3.413,-109.351,-111.918,-111.807
BOOST_NEGPULSE,337,0.93563,0.8142,0.8112,-0.003,3.228,-103.428,-103.976,-103.8
BOOST_NEGPULSE,337,0.93563,0.7214,0.7186,-0.0028,3.178,-101.831,-101.351,-101.499
BOOST_NEGPULSE,337,0.93563,0.6285,0.6246,-0.0039,3.032,-97.146,-97.957,-98.115
BOOST_NEGPULSE,337,0.93563,0.5356,0.5314,-0.0042,2.772,-88.833,-91.189,-91.131
BOOST_NEGPULSE,337,0.93563,0.4427,0.439,-0.0037,2.605,-83.474,-84.99,-84.975
BOOST_NEGPULSE,337,0.93563,0.3498,0.3484,-0.0014,2.432,-77.944,-78.081,-77.23
BOOST_NEGPULSE,337,0.93563,0.2569,0.2584,0.0015,2.03,-65.036,-63.172,-63.117
BOOST_NEGPULSE,337,0.93563,0.2105,0.2127,0.0022,1.681,-53.863,-50.631,-50.681
BOOST_NEGPULSE,375,0.92907,1.0,0.9883,-0.0117,3.369,-107.205,-105.964,-107.66
BOOST_NEGPULSE,375,0.92907,0.9539,0.9447,-0.0092,3.434,-109.283,-108.913,-109.578
BOOST_NEGPULSE,375,0.92907,0.9078,0.9002,-0.0076,3.367,-107.165,-108.342,-108.281
BOOST_NEGPULSE,375,0.92907,0.8155,0.8134,-0.0021,3.175,-101.028,-100.5,-100.382
BOOST_NEGPULSE,375,0.92907,0.7233,0.7209,-0.0024,3.168,-100.822,-99.521,-99.72
BOOST_NEGPULSE,375,0.92907,0.6311,0.6279,-0.0032,2.978,-94.762,-95.917,-96.042
BOOST_NEGPULSE,375,0.92907,0.5388,0.5356,-0.0032,2.774,-88.277,-89.25,-88.957
BOOST_NEGPULSE,375,0.92907,0.4466,0.4437,-0.0029,2.576,-81.985,-83.017,-83.002
BOOST_NEGPULSE,375,0.92907,0.3544,0.3531,-0.0013,2.379,-75.695,-76.022,-76.092
BOOST_NEGPULSE,375,0.92907,0.2621,0.2639,0.0018,2.028,-64.526,-60.537,-60.493
BOOST_NEGPULSE,375,0.92907,0.216,0.2202,0.0042,1.598,-50.847,-48.475,-48.375
BOOST_NEGPULSE,412,0.92277,1.0,0.9883,-0.0117,3.253,-102.888,-104.136,-105.742
BOOST_NEGPULSE,412,0.92277,0.9542,0.9452,-0.009,3.345,-105.788,-106.85,-107.537
BOOST_NEGPULSE,412,0.92277,0.9083,0.9016,-0.0067,3.345,-105.784,-105.878,-105.819
BOOST_NEGPULSE,412,0.92277,0.8167,0.8157,-0.001,3.084,-97.544,-98.11,-98.056
BOOST_NEGPULSE,412,0.92277,0.725,0.7232,-0.0018,3.098,-97.978,-98.88,-99.03
BOOST_NEGPULSE,412,0.92277,0.6334,0.632,-0.0014,2.959,-93.576,-94.543,-94.56
BOOST_NEGPULSE,412,0.92277,0.5417,0.5398,-0.0019,2.694,-85.207,-87.755,-87.581
BOOST_NEGPULSE,412,0.92277,0.45,0.448,-0.002,2.546,-80.518,-81.775,-81.763
BOOST_NEGPULSE,412,0.92277,0.3583,0.3577,-0.0006,2.327,-73.588,-74.625,-74.657
BOOST_NEGPULSE,412,0.92277,0.2666,0.2694,0.0028,1.95,-61.682,-58.661,-58.615
BOOST_NEGPULSE,412,0.92277,0.2208,0.2268,0.006,1.585,-50.135,-47.574,-47.948
BOOST_NEGPULSE,450,0.91495,1.0,0.9879,-0.0121,3.304,-103.561,-102.148,-103.733
BOOST_NEGPULSE,450,0.91495,0.9546,0.9447,-0.0099,3.316,-103.95,-104.588,-105.085
BOOST_NEGPULSE,450,0.91495,0.9092,0.9013,-0.0079,3.296,-103.322,-103.436,-103.373
BOOST_NEGPULSE,450,0.91495,0.8183,0.8183,-0.0,3.078,-96.495,-96.132,-96.135
BOOST_NEGPULSE,450,0.91495,0.7275,0.7254,-0.0021,3.096,-97.035,-97.937,-98.11
BOOST_NEGPULSE,450,0.91495,0.6366,0.636,-0.0006,2.863,-89.741,-93.187,-93.194
BOOST_NEGPULSE,450,0.91495,0.5458,0.5453,-0.0005,2.715,-85.102,-86.522,-86.459
BOOST_NEGPULSE,450,0.91495,0.4549,0.4534,-0.0015,2.485,-77.883,-80.039,-80.219
BOOST_NEGPULSE,450,0.91495,0.3641,0.3637,-0.0004,2.339,-73.321,-73.274,-73.296
BOOST_NEGPULSE,450,0.91495,0.2732,0.2767,0.0035,1.954,-61.228,-57.664,-57.621
BOOST_NEGPULSE,450,0.91495,0.2278,0.2368,0.009,1.52,-47.655,-45.911,-46.011
BOOST_NEGPULSE,487,0.90892,1.0,0.9871,-0.0129,3.165,-98.513,-99.986,-101.63
BOOST_NEGPULSE,487,0.90892,0.9549,0.9441,-0.0108,3.223,-100.326,-102.171,-102.684
BOOST_NEGPULSE,487,0.90892,0.9098,0.9013,-0.0085,3.171,-98.684,-101.081,-101.026
BOOST_NEGPULSE,487,0.90892,0.8196,0.8198,0.0002,3.006,-93.565,-94.519,-94.494
BOOST_NEGPULSE,487,0.90892,0.7294,0.7268,-0.0026,3.003,-93.463,-96.567,-96.713
BOOST_NEGPULSE,487,0.90892,0.6392,0.6388,-0.0004,2.834,-88.219,-91.65,-91.651
BOOST_NEGPULSE,487,0.90892,0.5489,0.549,0.0001,2.633,-81.934,-85.359,-85.366
BOOST_NEGPULSE,487,0.90892,0.4587,0.4574,-0.0013,2.471,-76.907,-78.309,-78.458
BOOST_NEGPULSE,487,0.90892,0.3685,0.3678,-0.0007,2.269,-70.619,-71.931,-71.971
BOOST_NEGPULSE,487,0.90892,0.2783,0.2818,0.0035,1.886,-58.707,-56.802,-56.767
BOOST_NEGPULSE,487,0.90892,0.2332,0.2818,0.0486,1.018,-26.502,-44.261,-54.299
BOOST_NEGPULSE,525,0.89765,1.0,0.9865,-0.0135,3.23,-99.254,-95.899,-97.176
BOOST_NEGPULSE,525,0.89765,0.9554,0.9445,-0.0109,3.317,-101.924,-97.997,-98.553
BOOST_NEGPULSE,525,0.89765,0.9109,0.9031,-0.0078,3.269,-100.462,-97.03,-96.95
BOOST_NEGPULSE,525,0.89765,0.8218,0.8251,0.0033,3.085,-94.795,-91.606,-91.343
BOOST_NEGPULSE,525,0.89765,0.7327,0.7317,-0.001,3.132,-96.247,-92.752,-92.765
BOOST_NEGPULSE,525,0.89765,0.6436,0.6455,0.0019,2.907,-89.35,-88.086,-88.263
BOOST_NEGPULSE,525,0.89765,0.5546,0.5579,0.0033,2.726,-83.766,-82.39,-82.131
BOOST_NEGPULSE,525,0.89765,0.4655,0.4672,0.0017,2.539,-78.015,-75.475,-75.293
BOOST_NEGPULSE,525,0.89765,0.3764,0.3777,0.0013,2.35,-72.223,-69.677,-69.605
BOOST_NEGPULSE,525,0.89765,0.2873,0.2936,0.0063,1.916,-58.869,-46.123,-47.764
BOOST_NEGPULSE,525,0.89765,0.2428,0.2529,0.0101,1.592,-48.919,-41.786,-41.819
BOOST_NEGPULSE,562,0.89393,1.0,0.9856,-0.0144,3.165,-96.878,-93.594,-94.642
BOOST_NEGPULSE,562,0.89393,0.9556,0.9436,-0.012,3.221,-98.577,-95.306,-95.845
BOOST_NEGPULSE,562,0.89393,0.9112,0.9025,-0.0087,3.169,-97.0,-94.425,-94.34
BOOST_NEGPULSE,562,0.89393,0.8225,0.8251,0.0026,3.02,-92.44,-89.39,-89.187
BOOST_NEGPULSE,562,0.89393,0.7338,0.7322,-0.0016,3.014,-92.251,-90.277,-90.282
BOOST_NEGPULSE,562,0.89393,0.6451,0.6458,0.0007,2.845,-87.103,-85.877,-85.978
BOOST_NEGPULSE,562,0.89393,0.5563,0.5582,0.0019,2.637,-80.708,-79.986,-79.809
BOOST_NEGPULSE,562,0.89393,0.4676,0.4679,0.0003,2.485,-76.077,-73.551,-73.522
BOOST_NEGPULSE,562,0.89393,0.3789,0.3791,0.0002,2.277,-69.712,-67.924,-67.913
BOOST_NEGPULSE,562,0.89393,0.2901,0.295,0.0049,1.896,-58.043,-44.9,-47.505
BOOST_NEGPULSE,562,0.89393,0.2458,0.254,0.0082,1.531,-46.881,-40.366,-40.417
BOOST_NEGPULSE,600,0.88938,1.0,0.9849,-0.0151,3.094,-94.246,-90.571,-91.622
BOOST_NEGPULSE,600,0.88938,0.9558,0.9428,-0.013,3.138,-95.595,-91.848,-92.374
BOOST_NEGPULSE,600,0.88938,0.9117,0.9023,-0.0094,3.083,-93.915,-91.083,-91.004
BOOST_NEGPULSE,600,0.88938,0.8234,0.8254,0.002,2.951,-89.892,-86.626,-86.433
BOOST_NEGPULSE,600,0.88938,0.7351,0.7329,-0.0022,2.945,-89.698,-87.022,-86.967
BOOST_NEGPULSE,600,0.88938,0.6468,0.6467,-0.0001,2.78,-84.684,-83.249,-83.231
BOOST_NEGPULSE,600,0.88938,0.5585,0.5595,0.001,2.583,-78.67,-77.083,-76.993
BOOST_NEGPULSE,600,0.88938,0.4702,0.4693,-0.0009,2.434,-74.133,-71.248,-71.346
BOOST_NEGPULSE,600,0.88938,0.3819,0.3807,-0.0012,2.228,-67.86,-65.7,-65.759
BOOST_NEGPULSE,600,0.88938,0.2936,0.2967,0.0031,1.839,-56.013,-45.267,-47.389
BOOST_NEGPULSE,600,0.88938,0.2494,0.2559,0.0065,1.477,-44.994,-38.719,-38.767
BOOST_NEGPULSE,637,0.88278,1.0,0.9841,-0.0159,2.991,-90.423,-88.741,-89.791
BOOST_NEGPULSE,637,0.88278,0.9562,0.9418,-0.0144,3.031,-91.644,-89.427,-89.953
BOOST_NEGPULSE,637,0.88278,0.9123,0.9023,-0.01,2.979,-90.084,-88.747,-88.659
BOOST_NEGPULSE,637,0.88278,0.8247,0.8265,0.0018,2.866,-86.658,-85.155,-84.986
BOOST_NEGPULSE,637,0.88278,0.7371,0.7351,-0.002,2.857,-86.379,-84.637,-84.59
BOOST_NEGPULSE,637,0.88278,0.6494,0.6492,-0.0002,2.698,-81.581,-81.701,-81.679
BOOST_NEGPULSE,637,0.88278,0.5618,0.563,0.0012,2.507,-75.804,-74.981,-74.877
BOOST_NEGPULSE,637,0.88278,0.4741,0.4733,-0.0008,2.359,-71.313,-69.84,-69.932
BOOST_NEGPULSE,637,0.88278,0.3865,0.3851,-0.0014,2.158,-65.254,-63.968,-63.98
BOOST_NEGPULSE,637,0.88278,0.2989,0.301,0.0021,1.775,-53.674,-48.638,-50.268
BOOST_NEGPULSE,637,0.88278,0.255,0.2603,0.0053,1.423,-43.031,-37.202,-37.373
BOOST_NEGPULSE,675,0.87665,1.0,0.9836,-0.0164,2.969,-89.149,-86.62,-87.444
BOOST_NEGPULSE,675,0.87665,0.9565,0.9412,-0.0153,3.002,-90.147,-87.023,-87.393
BOOST_NEGPULSE,675,0.87665,0.9129,0.9027,-0.0102,2.947,-88.49,-86.253,-86.172
BOOST_NEGPULSE,675,0.87665,0.8259,0.8281,0.0022,2.837,-85.19,-83.881,-83.676
BOOST_NEGPULSE,675,0.87665,0.7389,0.7377,-0.0012,2.827,-84.893,-82.278,-82.252
BOOST_NEGPULSE,675,0.87665,0.6518,0.6523,0.0005,2.669,-80.142,-79.587,-79.566
BOOST_NEGPULSE,675,0.87665,0.5648,0.5667,0.0019,2.483,-74.557,-72.906,-72.746
BOOST_NEGPULSE,675,0.87665,0.4777,0.4776,-0.0001,2.34,-70.256,-68.615,-68.623
BOOST_NEGPULSE,675,0.87665,0.3907,0.3901,-0.0006,2.139,-64.216,-62.084,-62.088
BOOST_NEGPULSE,675,0.87665,0.3037,0.3065,0.0028,1.755,-52.701,-48.307,-48.339
BOOST_NEGPULSE,675,0.87665,0.2601,0.2657,0.0056,1.409,-42.304,-36.777,-37.126
BOOST_NEGPULSE,712,0.86938,1.0,0.9838,-0.0162,2.879,-85.711,-84.462,-85.058
BOOST_NEGPULSE,712,0.86938,0.9568,0.9411,-0.0157,2.945,-87.693,-84.365,-84.745
BOOST_NEGPULSE,712,0.86938,0.9137,0.9047,-0.009,2.857,-85.079,-83.727,-83.656
BOOST_NEGPULSE,712,0.86938,0.8273,0.832,0.0047,2.778,-82.73,-83.098,-82.675
BOOST_NEGPULSE,712,0.86938,0.7411,0.7433,0.0022,2.757,-82.096,-80.048,-80.099
BOOST_NEGPULSE,712,0.86938,0.6547,0.6588,0.0041,2.604,-77.544,-77.323,-77.146
BOOST_NEGPULSE,712,0.86938,0.5684,0.5738,0.0054,2.472,-73.588,-71.243,-70.617
BOOST_NEGPULSE,712,0.86938,0.4821,0.4853,0.0032,2.282,-67.958,-67.762,-67.435
BOOST_NEGPULSE,712,0.86938,0.3958,0.3991,0.0033,2.123,-63.224,-60.243,-60.218
BOOST_NEGPULSE,712,0.86938,0.3095,0.3169,0.0074,1.709,-50.897,-45.942,-46.081
BOOST_NEGPULSE,712,0.86938,0.2663,0.2761,0.0098,1.407,-41.885,-37.161,-37.265
BOOST_NEGPULSE,750,0.86386,1.0,0.9834,-0.0166,2.911,-86.11,-85.251,-85.848
BOOST_NEGPULSE,750,0.86386,0.9571,0.9404,-0.0167,2.884,-85.334,-84.857,-85.243
BOOST_NEGPULSE,750,0.86386,0.9142,0.9057,-0.0085,2.881,-85.246,-84.182,-84.104
BOOST_NEGPULSE,750,0.86386,0.8285,0.8337,0.0052,2.743,-81.157,-83.161,-83.348
BOOST_NEGPULSE,750,0.86386,0.7427,0.7455,0.0028,2.748,-81.308,-80.444,-80.519
BOOST_NEGPULSE,750,0.86386,0.657,0.6619,0.0049,2.57,-76.027,-77.628,-77.404
BOOST_NEGPULSE,750,0.86386,0.5712,0.577,0.0058,2.415,-71.458,-71.951,-71.292
BOOST_NEGPULSE,750,0.86386,0.4854,0.4893,0.0039,2.222,-65.751,-68.315,-68.344
BOOST_NEGPULSE,750,0.86386,0.3997,0.4036,0.0039,2.065,-61.101,-60.489,-60.768
BOOST_NEGPULSE,750,0.86386,0.3139,0.3224,0.0085,1.722,-50.934,-45.643,-45.846
BOOST_NEGPULSE,750,0.86386,0.2711,0.2819,0.0108,1.355,-40.099,-38.626,-39.026
BOOST_NEGPULSE,787,0.85611,1.0,0.983,-0.017,2.787,-81.734,-82.119,-82.726
BOOST_NEGPULSE,787,0.85611,0.9575,0.9409,-0.0166,2.86,-83.857,-81.805,-82.141
BOOST_NEGPULSE,787,0.85611,0.915,0.9082,-0.0068,2.754,-80.772,-81.136,-81.078
BOOST_NEGPULSE,787,0.85611,0.83,0.8375,0.0075,2.711,-79.504,-80.045,-80.294
BOOST_NEGPULSE,787,0.85611,0.745,0.7505,0.0055,2.649,-77.67,-77.929,-78.08
BOOST_NEGPULSE,787,0.85611,0.66,0.6684,0.0084,2.535,-74.324,-75.158,-74.817
BOOST_NEGPULSE,787,0.85611,0.575,0.5846,0.0096,2.339,-68.587,-70.392,-69.354
BOOST_NEGPULSE,787,0.85611,0.49,0.4975,0.0075,2.221,-65.121,-65.726,-65.776
BOOST_NEGPULSE,787,0.85611,0.405,0.4123,0.0073,2.007,-58.843,-58.537,-58.844
BOOST_NEGPULSE,787,0.85611,0.32,0.332,0.012,1.646,-48.259,-43.882,-44.113
BOOST_NEGPULSE,787,0.85611,0.2775,0.2929,0.0154,1.332,-39.067,-38.971,-39.925
BOOST_NEGPULSE,825,0.85085,1.0,0.9827,-0.0173,2.768,-80.7,-78.653,-79.267
BOOST_NEGPULSE,825,0.85085,0.9577,0.941,-0.0167,2.836,-82.687,-78.719,-79.069
BOOST_NEGPULSE,825,0.85085,0.9155,0.9099,-0.0056,2.729,-79.575,-77.957,-77.915
BOOST_NEGPULSE,825,0.85085,0.8309,0.8396,0.0087,2.687,-78.333,-77.096,-77.264
BOOST_NEGPULSE,825,0.85085,0.7464,0.7524,0.006,2.622,-76.435,-75.376,-75.385
BOOST_NEGPULSE,825,0.85085,0.6619,0.6717,0.0098,2.501,-72.913,-72.56,-72.204
BOOST_NEGPULSE,825,0.85085,0.5774,0.589,0.0116,2.314,-67.466,-68.492,-67.285
BOOST_NEGPULSE,825,0.85085,0.4929,0.5023,0.0094,2.19,-63.848,-63.233,-63.338
BOOST_NEGPULSE,825,0.85085,0.4084,0.4169,0.0085,1.981,-57.759,-56.377,-56.541
BOOST_NEGPULSE,825,0.85085,0.3239,0.3362,0.0123,1.617,-47.136,-42.161,-42.363
BOOST_NEGPULSE,825,0.85085,0.2817,0.2975,0.0158,1.303,-37.98,-38.12,-38.788
BOOST_NEGPULSE,862,0.84305,1.0,0.9834,-0.0166,2.691,-77.723,-76.271,-77.045
BOOST_NEGPULSE,862,0.84305,0.9581,0.9419,-0.0162,2.689,-77.663,-76.766,-77.142
BOOST_NEGPULSE,862,0.84305,0.9163,0.9129,-0.0034,2.656,-76.711,-75.91,-75.841
BOOST_NEGPULSE,862,0.84305,0.8325,0.8438,0.0113,2.628,-75.896,-75.218,-75.356
BOOST_NEGPULSE,862,0.84305,0.7488,0.7569,0.0081,2.56,-73.94,-74.043,-73.748
BOOST_NEGPULSE,862,0.84305,0.6651,0.6785,0.0134,2.47,-71.352,-70.869,-70.66
BOOST_NEGPULSE,862,0.84305,0.5814,0.5981,0.0167,2.265,-65.416,-66.974,-66.092
BOOST_NEGPULSE,862,0.84305,0.4976,0.5126,0.015,2.17,-62.666,-61.543,-61.685
BOOST_NEGPULSE,862,0.84305,0.4139,0.4272,0.0133,1.937,-55.938,-54.508,-54.379
BOOST_NEGPULSE,862,0.84305,0.3302,0.3464,0.0162,1.603,-46.286,-39.982,-41.314
BOOST_NEGPULSE,862,0.84305,0.2883,0.3076,0.0193,1.268,-36.625,-37.723,-38.213
BOOST_NEGPULSE,900,0.84036,1.0,0.9856,-0.0144,2.764,-79.561,-75.345,-76.13
BOOST_NEGPULSE,900,0.84036,0.9583,0.9439,-0.0144,2.77,-79.728,-75.854,-76.278
BOOST_NEGPULSE,900,0.84036,0.9165,0.9144,-0.0021,2.724,-78.421,-75.032,-74.99
BOOST_NEGPULSE,900,0.84036,0.8331,0.8456,0.0125,2.646,-76.155,-74.394,-74.544
BOOST_NEGPULSE,900,0.84036,0.7497,0.7587,0.009,2.622,-75.484,-73.38,-72.921
BOOST_NEGPULSE,900,0.84036,0.6662,0.681,0.0148,2.479,-71.349,-70.107,-69.956
BOOST_NEGPULSE,900,0.84036,0.5828,0.6017,0.0189,2.318,-66.731,-66.222,-65.747
BOOST_NEGPULSE,900,0.84036,0.4993,0.5164,0.0171,2.179,-62.718,-60.871,-60.738
BOOST_NEGPULSE,900,0.84036,0.4159,0.4307,0.0148,1.984,-57.107,-53.649,-53.509
BOOST_NEGPULSE,900,0.84036,0.3325,0.3493,0.0168,1.61,-46.357,-39.391,-40.786
BOOST_NEGPULSE,900,0.84036,0.2907,0.3105,0.0198,1.31,-37.706,-37.327,-37.936
BOOST_NEGPULSE,937,0.83123,1.0,0.9866,-0.0134,2.669,-76.048,-68.197,-68.825
BOOST_NEGPULSE,937,0.83123,0.9587,0.9462,-0.0125,2.678,-76.293,-68.64,-69.123
BOOST_NEGPULSE,937,0.83123,0.9174,0.9182,0.0008,2.634,-75.046,-68.09,-68.102
BOOST_NEGPULSE,937,0.83123,0.8348,0.8512,0.0164,2.566,-73.099,-68.166,-67.918
BOOST_NEGPULSE,937,0.83123,0.7522,0.7656,0.0134,2.541,-72.386,-67.132,-66.545
BOOST_NEGPULSE,937,0.83123,0.6696,0.6903,0.0207,2.405,-68.533,-64.12,-64.206
BOOST_NEGPULSE,937,0.83123,0.587,0.6133,0.0263,2.247,-64.022,-60.35,-60.073
BOOST_NEGPULSE,937,0.83123,0.5045,0.5289,0.0244,2.109,-60.072,-55.138,-54.565
BOOST_NEGPULSE,937,0.83123,0.4219,0.4434,0.0215,1.918,-54.637,-48.495,-48.307
BOOST_NEGPULSE,937,0.83123,0.3393,0.3611,0.0218,1.551,-44.183,-36.704,-38.446
BOOST_NEGPULSE,937,0.83123,0.298,0.3223,0.0243,1.266,-36.08,-34.51,-35.244
BOOST_NEGPULSE,975,0.81896,1.0,0.9871,-0.0129,2.583,-72.46,-70.475,-71.056
BOOST_NEGPULSE,975,0.81896,0.9593,0.9492,-0.0101,2.64,-74.066,-70.694,-71.163
BOOST_NEGPULSE,975,0.81896,0.9187,0.9234,0.0047,2.643,-74.143,-70.038,-70.113
BOOST_NEGPULSE,975,0.81896,0.8373,0.8591,0.0218,2.532,-71.028,-70.63,-69.518
BOOST_NEGPULSE,975,0.81896,0.756,0.7756,0.0196,2.527,-70.881,-69.38,-68.567
BOOST_NEGPULSE,975,0.81896,0.6747,0.7034,0.0287,2.366,-66.377,-65.878,-66.287
BOOST_NEGPULSE,975,0.81896,0.5934,0.6294,0.036,2.232,-62.604,-61.36,-61.892
BOOST_NEGPULSE,975,0.81896,0.5121,0.5473,0.0352,2.08,-58.349,-56.176,-55.137
BOOST_NEGPULSE,975,0.81896,0.4308,0.4623,0.0315,1.9,-53.298,-51.287,-49.988
BOOST_NEGPULSE,975,0.81896,0.3495,0.3797,0.0302,1.578,-44.263,-38.192,-43.861
BOOST_NEGPULSE,975,0.81896,0.3088,0.34,0.0312,1.27,-35.629,-35.172,-35.409
BOOST_NEGPULSE,1012,0.81164,1.0,0.987,-0.013,2.553,-70.956,-66.477,-67.049
BOOST_NEGPULSE,1012,0.81164,0.9597,0.9506,-0.0091,2.571,-71.448,-66.743,-67.176
BOOST_NEGPULSE,1012,0.81164,0.9194,0.9258,0.0064,2.511,-69.803,-66.328,-66.418
BOOST_NEGPULSE,1012,0.81164,0.8389,0.8633,0.0244,2.496,-69.378,-66.979,-65.568
BOOST_NEGPULSE,1012,0.81164,0.7583,0.7824,0.0241,2.421,-67.291,-65.133,-64.218
BOOST_NEGPULSE,1012,0.81164,0.6777,0.7123,0.0346,2.311,-64.232,-62.33,-62.626
BOOST_NEGPULSE,1012,0.81164,0.5972,0.6403,0.0431,2.149,-59.739,-58.12,-58.347
BOOST_NEGPULSE,1012,0.81164,0.5166,0.5588,0.0422,2.028,-56.367,-53.157,-52.453
BOOST_NEGPULSE,1012,0.81164,0.436,0.4744,0.0384,1.851,-51.454,-47.763,-47.922
BOOST_NEGPULSE,1012,0.81164,0.3555,0.3927,0.0372,1.49,-41.403,-37.078,-45.008
BOOST_NEGPULSE,1012,0.81164,0.3152,0.3532,0.038,1.254,-34.845,-34.415,-35.568
BOOST_NEGPULSE,1050,0.80426,1.0,0.9875,-0.0125,2.525,-69.605,-66.806,-67.339
BOOST_NEGPULSE,1050,0.80426,0.96,0.9527,-0.0073,2.562,-70.608,-67.043,-67.378
BOOST_NEGPULSE,1050,0.80426,0.9201,0.9283,0.0082,2.49,-68.629,-66.635,-66.713
BOOST_NEGPULSE,1050,0.80426,0.8402,0.8676,0.0274,2.458,-67.738,-67.547,-65.814
BOOST_NEGPULSE,1050,0.80426,0.7603,0.789,0.0287,2.397,-66.059,-64.947,-64.211
BOOST_NEGPULSE,1050,0.80426,0.6804,0.7212,0.0408,2.285,-62.987,-62.365,-62.696
BOOST_NEGPULSE,1050,0.80426,0.6005,0.6518,0.0513,2.123,-58.519,-58.283,-58.82
BOOST_NEGPULSE,1050,0.80426,0.5206,0.5706,0.05,2.006,-55.297,-53.192,-53.036
BOOST_NEGPULSE,1050,0.80426,0.4407,0.4865,0.0458,1.86,-51.265,-47.234,-49.233
BOOST_NEGPULSE,1050,0.80426,0.3608,0.4048,0.044,1.472,-40.583,-37.682,-47.577
BOOST_NEGPULSE,1050,0.80426,0.3209,0.3654,0.0445,1.234,-33.997,-35.71,-37.248
BOOST_NEGPULSE,1087,0.79359,1.0,0.9881,-0.0119,2.468,-67.101,-66.054,-66.526
BOOST_NEGPULSE,1087,0.79359,0.9606,0.9544,-0.0062,2.52,-68.515,-66.143,-66.35
BOOST_NEGPULSE,1087,0.79359,0.9212,0.9295,0.0083,2.433,-66.151,-65.583,-65.68
BOOST_NEGPULSE,1087,0.79359,0.8424,0.8701,0.0277,2.42,-65.792,-68.072,-65.246
BOOST_NEGPULSE,1087,0.79359,0.7636,0.7932,0.0296,2.346,-63.779,-65.287,-64.73
BOOST_NEGPULSE,1087,0.79359,0.6847,0.7246,0.0399,2.25,-61.171,-61.192,-61.413
BOOST_NEGPULSE,1087,0.79359,0.6059,0.6548,0.0489,2.093,-56.918,-57.143,-58.066
BOOST_NEGPULSE,1087,0.79359,0.5271,0.5757,0.0486,1.98,-53.835,-52.423,-52.415
BOOST_NEGPULSE,1087,0.79359,0.4483,0.494,0.0457,1.782,-48.441,-45.292,-48.586
BOOST_NEGPULSE,1087,0.79359,0.3695,0.4139,0.0444,1.457,-39.619,-40.333,-46.381
BOOST_NEGPULSE,1087,0.79359,0.3301,0.3736,0.0435,1.213,-32.988,-36.592,-39.774
BOOST_NEGPULSE,1135,0.81795,1.0,0.9824,-0.0176,2.643,-74.078,-74.126,-74.941
BOOST_NEGPULSE,1135,0.81795,0.9593,0.946,-0.0133,2.562,-71.83,-74.424,-74.866
BOOST_NEGPULSE,1135,0.81795,0.9187,0.9207,0.002,2.582,-72.382,-73.777,-73.815
BOOST_NEGPULSE,1135,0.81795,0.8374,0.8524,0.015,2.523,-70.723,-73.738,-73.183
BOOST_NEGPULSE,1135,0.81795,0.7562,0.7675,0.0113,2.491,-69.835,-72.454,-71.96
BOOST_NEGPULSE,1135,0.81795,0.6749,0.6934,0.0185,2.292,-64.253,-68.591,-68.866
BOOST_NEGPULSE,1135,0.81795,0.5937,0.616,0.0223,2.182,-61.177,-63.606,-64.084
BOOST_NEGPULSE,1135,0.81795,0.5124,0.5323,0.0199,2.036,-57.069,-58.328,-57.361
BOOST_NEGPULSE,1135,0.81795,0.4312,0.4498,0.0186,1.846,-51.758,-53.367,-51.179
BOOST_NEGPULSE,1135,0.81795,0.3499,0.3691,0.0192,1.464,-41.034,-39.677,-42.888
BOOST_NEGPULSE,1135,0.81795,0.3093,0.3292,0.0199,1.244,-34.863,-36.302,-36.145
BOOST_NEGPULSE,1172,0.80758,1.0,0.9828,-0.0172,2.576,-71.256,-72.916,-73.685
BOOST_NEGPULSE,1172,0.80758,0.9599,0.9488,-0.0111,2.62,-72.479,-73.202,-73.661
BOOST_NEGPULSE,1172,0.80758,0.9198,0.925,0.0052,2.523,-69.777,-72.633,-72.707
BOOST_NEGPULSE,1172,0.80758,0.8396,0.8594,0.0198,2.519,-69.661,-72.894,-71.783
BOOST_NEGPULSE,1172,0.80758,0.7594,0.778,0.0186,2.43,-67.212,-70.44,-69.675
BOOST_NEGPULSE,1172,0.80758,0.6793,0.7069,0.0276,2.307,-63.815,-67.35,-67.64
BOOST_NEGPULSE,1172,0.80758,0.5991,0.6327,0.0336,2.146,-59.357,-62.563,-62.626
BOOST_NEGPULSE,1172,0.80758,0.5189,0.5499,0.031,2.015,-55.724,-57.171,-56.056
BOOST_NEGPULSE,1172,0.80758,0.4387,0.4688,0.0301,1.807,-49.975,-51.211,-51.272
BOOST_NEGPULSE,1172,0.80758,0.3586,0.3894,0.0308,1.476,-40.814,-39.974,-47.136
BOOST_NEGPULSE,1172,0.80758,0.3185,0.3493,0.0308,1.214,-33.575,-37.246,-37.42
BOOST_NEGPULSE,1210,0.79712,1.0,0.9838,-0.0162,2.577,-70.341,-64.429,-65.08
BOOST_NEGPULSE,1210,0.79712,0.9604,0.9515,-0.0089,2.599,-70.925,-64.723,-65.059
BOOST_NEGPULSE,1210,0.79712,0.9209,0.9278,0.0069,2.523,-68.863,-64.283,-64.352
BOOST_NEGPULSE,1210,0.79712,0.8418,0.8645,0.0227,2.534,-69.157,-65.589,-63.797
BOOST_NEGPULSE,1210,0.79712,0.7626,0.7854,0.0228,2.432,-66.366,-62.928,-62.516
BOOST_NEGPULSE,1210,0.79712,0.6835,0.7163,0.0328,2.327,-63.512,-59.599,-59.91
BOOST_NEGPULSE,1210,0.79712,0.6044,0.644,0.0396,2.147,-58.609,-55.537,-56.132
BOOST_NEGPULSE,1210,0.79712,0.5253,0.5625,0.0372,2.029,-55.372,-50.808,-50.345
BOOST_NEGPULSE,1210,0.79712,0.4462,0.482,0.0358,1.813,-49.486,-44.644,-46.587
BOOST_NEGPULSE,1210,0.79712,0.3671,0.4033,0.0362,1.491,-40.685,-38.316,-46.114
BOOST_NEGPULSE,1210,0.79712,0.3275,0.3637,0.0362,1.22,-33.288,-35.222,-36.407
BOOST_NEGPULSE,1247,0.79034,1.0,0.9832,-0.0168,2.515,-68.068,-64.338,-64.991
BOOST_NEGPULSE,1247,0.79034,0.9607,0.9514,-0.0093,2.474,-66.973,-64.488,-64.79
BOOST_NEGPULSE,1247,0.79034,0.9215,0.9268,0.0053,2.46,-66.574,-63.992,-64.025
BOOST_NEGPULSE,1247,0.79034,0.8431,0.862,0.0189,2.423,-65.589,-66.363,-64.009
BOOST_NEGPULSE,1247,0.79034,0.7646,0.7829,0.0183,2.365,-64.01,-63.95,-63.605
BOOST_NEGPULSE,1247,0.79034,0.6861,0.7113,0.0252,2.237,-60.539,-59.227,-59.474
BOOST_NEGPULSE,1247,0.79034,0.6077,0.6376,0.0299,2.093,-56.646,-55.044,-55.751
BOOST_NEGPULSE,1247,0.79034,0.5292,0.5574,0.0282,1.946,-52.675,-50.594,-50.074
BOOST_NEGPULSE,1247,0.79034,0.4508,0.4783,0.0275,1.754,-47.469,-43.477,-45.287
BOOST_NEGPULSE,1247,0.79034,0.3723,0.401,0.0287,1.444,-39.074,-40.021,-46.645
BOOST_NEGPULSE,1247,0.79034,0.3331,0.3617,0.0286,1.193,-32.296,-35.759,-36.863
BOOST_NEGPULSE,1285,0.78893,1.0,0.9817,-0.0183,2.415,-65.303,-63.121,-63.823
BOOST_NEGPULSE,1285,0.78893,0.9608,0.95,-0.0108,2.449,-66.23,-63.263,-63.61
BOOST_NEGPULSE,1285,0.78893,0.9216,0.9255,0.0039,2.366,-63.977,-62.825,-62.828
BOOST_NEGPULSE,1285,0.78893,0.8432,0.8587,0.0155,2.37,-64.095,-65.03,-63.002
BOOST_NEGPULSE,1285,0.78893,0.7648,0.7793,0.0145,2.271,-61.428,-62.981,-62.707
BOOST_NEGPULSE,1285,0.78893,0.6864,0.7071,0.0207,2.154,-58.245,-58.048,-58.263
BOOST_NEGPULSE,1285,0.78893,0.608,0.6328,0.0248,2.037,-55.102,-53.881,-54.499
BOOST_NEGPULSE,1285,0.78893,0.5297,0.5524,0.0227,1.879,-50.803,-49.558,-48.956
BOOST_NEGPULSE,1285,0.78893,0.4513,0.4739,0.0226,1.716,-46.415,-42.534,-43.926
BOOST_NEGPULSE,1285,0.78893,0.3729,0.397,0.0241,1.347,-36.437,-39.551,-45.104
BOOST_NEGPULSE,1285,0.78893,0.3337,0.3575,0.0238,1.142,-30.887,-35.201,-35.755
BOOST_NEGPULSE,1322,0.77735,1.0,0.9824,-0.0176,2.374,-63.221,-54.848,-55.21
BOOST_NEGPULSE,1322,0.77735,0.9614,0.9525,-0.0089,2.41,-64.172,-54.732,-54.991
BOOST_NEGPULSE,1322,0.77735,0.9228,0.9273,0.0045,2.33,-62.045,-54.716,-54.713
BOOST_NEGPULSE,1322,0.77735,0.8456,0.8594,0.0138,2.337,-62.231,-56.674,-54.855
BOOST_NEGPULSE,1322,0.77735,0.7684,0.7823,0.0139,2.235,-59.529,-56.891,-56.758
BOOST_NEGPULSE,1322,0.77735,0.6912,0.7089,0.0177,2.125,-56.584,-50.963,-50.631
BOOST_NEGPULSE,1322,0.77735,0.614,0.6347,0.0207,1.982,-52.78,-47.499,-48.112
BOOST_NEGPULSE,1322,0.77735,0.5368,0.5563,0.0195,1.851,-49.305,-42.544,-42.922
BOOST_NEGPULSE,1322,0.77735,0.4596,0.4805,0.0209,1.697,-45.184,-37.358,-38.789
BOOST_NEGPULSE,1322,0.77735,0.3825,0.4049,0.0224,1.333,-35.509,-37.446,-40.241
BOOST_NEGPULSE,1322,0.77735,0.3439,0.3655,0.0216,1.141,-30.388,-32.369,-34.046
BOOST_NEGPULSE,1360,0.77257,1.0,0.984,-0.016,2.312,-61.196,-57.083,-57.174
BOOST_NEGPULSE,1360,0.77257,0.9616,0.9551,-0.0065,2.316,-61.317,-56.639,-56.815
BOOST_NEGPULSE,1360,0.77257,0.9232,0.9305,0.0073,2.331,-61.708,-56.699,-56.704
BOOST_NEGPULSE,1360,0.77257,0.8465,0.8629,0.0164,2.26,-59.825,-58.233,-56.313
BOOST_NEGPULSE,1360,0.77257,0.7698,0.7878,0.018,2.219,-58.74,-59.123,-59.574
BOOST_NEGPULSE,1360,0.77257,0.693,0.718,0.025,2.066,-54.703,-52.692,-52.186
BOOST_NEGPULSE,1360,0.77257,0.6163,0.645,0.0287,1.955,-51.757,-49.35,-50.226
BOOST_NEGPULSE,1360,0.77257,0.5396,0.5667,0.0271,1.808,-47.864,-43.71,-44.194
BOOST_NEGPULSE,1360,0.77257,0.4628,0.4899,0.0271,1.622,-42.93,-38.831,-40.705
BOOST_NEGPULSE,1360,0.77257,0.3861,0.4158,0.0297,1.335,-35.341,-38.587,-39.142
BOOST_NEGPULSE,1360,0.77257,0.3477,0.3757,0.028,1.096,-29.025,-33.664,-36.136
BOOST_NEGPULSE,1397,0.76186,1.0,0.9838,-0.0162,2.269,-59.218,-61.745,-61.721
BOOST_NEGPULSE,1397,0.76186,0.9622,0.9623,0.0001,2.213,-57.762,-60.579,-60.58
BOOST_NEGPULSE,1397,0.76186,0.9243,0.9388,0.0145,2.225,-58.077,-60.455,-60.227
BOOST_NEGPULSE,1397,0.76186,0.8487,0.8717,0.023,2.171,-56.65,-61.072,-59.09
BOOST_NEGPULSE,1397,0.76186,0.773,0.8003,0.0273,2.115,-55.186,-63.775,-65.617
BOOST_NEGPULSE,1397,0.76186,0.6974,0.7366,0.0392,1.996,-52.082,-55.123,-55.253
BOOST_NEGPULSE,1397,0.76186,0.6217,0.6692,0.0475,1.872,-48.852,-53.149,-53.844
BOOST_NEGPULSE,1397,0.76186,0.5461,0.5919,0.0458,1.781,-46.471,-46.044,-47.446
BOOST_NEGPULSE,1397,0.76186,0.4704,0.5132,0.0428,1.553,-40.54,-41.647,-43.713
BOOST_NEGPULSE,1397,0.76186,0.3948,0.4402,0.0454,1.273,-33.226,-40.866,-36.548
BOOST_NEGPULSE,1397,0.76186,0.357,0.4032,0.0462,1.057,-27.589,-36.965,-40.253
BOOST_NEGPULSE,1435,0.75837,1.0,0.9835,-0.0165,2.224,-57.84,-60.806,-60.771
BOOST_NEGPULSE,1435,0.75837,0.9623,0.9625,0.0002,2.256,-58.666,-59.671,-59.671
BOOST_NEGPULSE,1435,0.75837,0.9246,0.9392,0.0146,2.188,-56.916,-59.725,-59.505
BOOST_NEGPULSE,1435,0.75837,0.8492,0.871,0.0218,2.194,-57.064,-59.626,-57.885
BOOST_NEGPULSE,1435,0.75837,0.7738,0.8005,0.0267,2.085,-54.219,-62.745,-65.246
BOOST_NEGPULSE,1435,0.75837,0.6984,0.738,0.0396,1.979,-51.471,-53.862,-54.113
BOOST_NEGPULSE,1435,0.75837,0.6231,0.6713,0.0482,1.864,-48.475,-52.189,-53.024
BOOST_NEGPULSE,1435,0.75837,0.5477,0.5944,0.0467,1.716,-44.627,-45.05,-46.603
BOOST_NEGPULSE,1435,0.75837,0.4723,0.5168,0.0445,1.556,-40.459,-40.747,-42.856
BOOST_NEGPULSE,1435,0.75837,0.3969,0.4425,0.0456,1.209,-31.437,-40.547,-35.454
BOOST_NEGPULSE,1435,0.75837,0.3592,0.4054,0.0462,1.042,-27.099,-36.524,-39.168
BOOST_NEGPULSE,1472,0.74786,1.0,0.9817,-0.0183,2.167,-55.549,-56.855,-56.821
BOOST_NEGPULSE,1472,0.74786,0.9628,0.9628,0.0,2.153,-55.189,-57.58,-57.577
BOOST_NEGPULSE,1472,0.74786,0.9257,0.9413,0.0156,2.131,-54.613,-58.024,-58.348
BOOST_NEGPULSE,1472,0.74786,0.8514,0.8745,0.0231,2.149,-55.084,-55.32,-53.771
BOOST_NEGPULSE,1472,0.74786,0.7771,0.8055,0.0284,2.025,-51.894,-59.175,-63.431
BOOST_NEGPULSE,1472,0.74786,0.7028,0.7472,0.0444,1.94,-49.714,-50.41,-49.447
BOOST_NEGPULSE,1472,0.74786,0.6285,0.6799,0.0514,1.795,-46.005,-49.229,-48.839
BOOST_NEGPULSE,1472,0.74786,0.5542,0.6052,0.051,1.682,-43.107,-41.864,-44.355
BOOST_NEGPULSE,1472,0.74786,0.4799,0.5303,0.0504,1.471,-37.712,-38.475,-39.932
BOOST_NEGPULSE,1472,0.74786,0.4056,0.4572,0.0516,1.181,-30.269,-39.84,-33.804
BOOST_NEGPULSE,1472,0.74786,0.3685,0.4178,0.0493,1.009,-25.863,-34.414,-36.903
BOOST_NEGPULSE,1510,0.73448,1.0,0.9869,-0.0131,2.267,-57.051,-53.897,-55.022
BOOST_NEGPULSE,1510,0.73448,0.9635,0.9658,0.0023,2.29,-57.634,-56.494,-56.224
BOOST_NEGPULSE,1510,0.73448,0.927,0.9433,0.0163,2.241,-56.388,-55.264,-56.947
BOOST_NEGPULSE,1510,0.73448,0.8541,0.8784,0.0243,2.22,-55.871,-52.518,-50.858
BOOST_NEGPULSE,1510,0.73448,0.7812,0.8092,0.028,2.168,-54.547,-53.338,-56.263
BOOST_NEGPULSE,1510,0.73448,0.7082,0.7506,0.0424,2.019,-50.818,-47.854,-47.431
BOOST_NEGPULSE,1510,0.73448,0.6353,0.6866,0.0513,1.924,-48.417,-46.48,-45.228
BOOST_NEGPULSE,1510,0.73448,0.5623,0.6151,0.0528,1.755,-44.15,-39.911,-42.21
BOOST_NEGPULSE,1510,0.73448,0.4894,0.5423,0.0529,1.574,-39.613,-39.979,-37.269
BOOST_NEGPULSE,1510,0.73448,0.4164,0.4718,0.0554,1.233,-31.024,-31.241,-36.214
BOOST_NEGPULSE,1547,0.72047,1.0,0.9881,-0.0119,2.273,-56.056,-52.988,-54.375
BOOST_NEGPULSE,1547,0.72047,0.9642,0.9655,0.0013,2.191,-54.036,-56.723,-56.53
BOOST_NEGPULSE,1547,0.72047,0.9285,0.9415,0.013,2.23,-55.004,-55.555,-56.89
BOOST_NEGPULSE,1547,0.72047,0.857,0.8769,0.0199,2.235,-55.116,-52.352,-51.015
BOOST_NEGPULSE,1547,0.72047,0.7855,0.8084,0.0229,2.116,-52.183,-51.033,-50.476
BOOST_NEGPULSE,1547,0.72047,0.714,0.748,0.034,2.031,-50.077,-48.517,-50.106
BOOST_NEGPULSE,1547,0.72047,0.6425,0.685,0.0425,1.876,-46.261,-45.328,-45.102
BOOST_NEGPULSE,1547,0.72047,0.5711,0.613,0.0419,1.76,-43.401,-42.08,-45.77
BOOST_NEGPULSE,1547,0.72047,0.4996,0.5437,0.0441,1.544,-38.067,-43.313,-37.202
BOOST_NEGPULSE,1547,0.72047,0.4281,0.4745,0.0464,1.26,-31.083,-33.352,-36.788
BOOST_NEGPULSE,1585,0.72476,1.0,0.988,-0.012,2.117,-52.674,-53.559,-54.531
BOOST_NEGPULSE,1585,0.72476,0.9639,0.9647,0.0008,2.137,-53.157,-57.032,-56.909
BOOST_NEGPULSE,1585,0.72476,0.9279,0.9402,0.0123,2.089,-51.971,-55.758,-57.035
BOOST_NEGPULSE,1585,0.72476,0.8557,0.8726,0.0169,2.078,-51.691,-52.473,-51.313
BOOST_NEGPULSE,1585,0.72476,0.7836,0.8025,0.0189,2.011,-50.037,-50.355,-52.47
BOOST_NEGPULSE,1585,0.72476,0.7115,0.7413,0.0298,1.876,-46.681,-47.572,-48.896
BOOST_NEGPULSE,1585,0.72476,0.6394,0.6764,0.037,1.798,-44.729,-44.691,-44.882
BOOST_NEGPULSE,1585,0.72476,0.5673,0.6033,0.036,1.626,-40.455,-40.305,-45.665
BOOST_NEGPULSE,1585,0.72476,0.4952,0.5342,0.039,1.457,-36.258,-42.127,-37.559
BOOST_NEGPULSE,1585,0.72476,0.4231,0.4644,0.0413,1.153,-28.68,-32.437,-34.759
BOOST_NEGPULSE,1660,0.70178,1.0,0.9825,-0.0175,2.049,-49.291,-44.914,-46.842
BOOST_NEGPULSE,1660,0.70178,0.9651,0.9601,-0.005,2.078,-50.004,-48.164,-48.802
BOOST_NEGPULSE,1660,0.70178,0.9302,0.935,0.0048,2.024,-48.702,-46.361,-47.006
BOOST_NEGPULSE,1660,0.70178,0.8605,0.8655,0.005,2.026,-48.754,-43.784,-43.219
BOOST_NEGPULSE,1660,0.70178,0.7908,0.7976,0.0068,1.912,-46.011,-45.675,-45.653
BOOST_NEGPULSE,1660,0.70178,0.721,0.7358,0.0148,1.818,-43.749,-40.719,-42.5
BOOST_NEGPULSE,1660,0.70178,0.6513,0.6706,0.0193,1.691,-40.685,-37.821,-37.05
BOOST_NEGPULSE,1660,0.70178,0.5815,0.5979,0.0164,1.569,-37.744,-38.378,-43.351
BOOST_NEGPULSE,1660,0.70178,0.5118,0.5318,0.02,1.378,-33.163,-35.742,-31.672
BOOST_NEGPULSE_1S,81,0.98469,1.0,0.9897,-0.0103,3.641,-122.681,-122.537,-125.095
BOOST_NEGPULSE_1S,81,0.98469,0.9498,0.9443,-0.0055,3.845,-129.558,-129.709,-129.59
BOOST_NEGPULSE_1S,81,0.98469,0.901,0.8955,-0.0055,3.785,-127.526,-127.634,-127.238
BOOST_NEGPULSE_1S,81,0.98469,0.8033,0.7985,-0.0048,3.434,-115.717,-115.455,-115.274
BOOST_NEGPULSE_1S,81,0.98469,0.7056,0.7036,-0.002,3.395,-114.396,-112.542,-112.664
BOOST_NEGPULSE_1S,81,0.98469,0.6079,0.6076,-0.0003,3.208,-108.106,-105.343,-105.393
BOOST_NEGPULSE_1S,81,0.98469,0.5103,0.5014,-0.0089,2.941,-99.092,-98.315,-99.25
BOOST_NEGPULSE_1S,81,0.98469,0.4126,0.4047,-0.0079,2.75,-92.677,-92.152,-92.44
BOOST_NEGPULSE_1S,81,0.98469,0.315,0.3112,-0.0038,2.543,-85.691,-85.607,-85.758
BOOST_NEGPULSE_1S,81,0.98469,0.2173,0.2146,-0.0027,2.189,-73.747,-73.525,-73.582
BOOST_NEGPULSE_1S,81,0.98469,0.1685,0.1616,-0.0069,1.844,-62.122,-64.042,-63.586
BOOST_NEGPULSE_1S,118,0.97493,1.0,0.9897,-0.0103,3.621,-120.743,-121.552,-123.873
BOOST_NEGPULSE_1S,118,0.97493,0.9505,0.9439,-0.0066,3.809,-126.993,-128.331,-128.332
BOOST_NEGPULSE_1S,118,0.97493,0.9022,0.8955,-0.0067,3.76,-125.37,-126.56,-126.261
BOOST_NEGPULSE_1S,118,0.97493,0.8056,0.8009,-0.0047,3.428,-114.286,-114.967,-114.559
BOOST_NEGPULSE_1S,118,0.97493,0.7089,0.7065,-0.0024,3.4,-113.358,-111.427,-111.572
BOOST_NEGPULSE_1S,118,0.97493,0.6123,0.6101,-0.0022,3.208,-106.951,-105.199,-105.555
BOOST_NEGPULSE_1S,118,0.97493,0.5156,0.5068,-0.0088,2.945,-98.198,-98.38,-99.11
BOOST_NEGPULSE_1S,118,0.97493,0.4191,0.4111,-0.008,2.757,-91.92,-91.92,-92.241
BOOST_NEGPULSE_1S,118,0.97493,0.3224,0.3184,-0.004,2.553,-85.131,-85.499,-85.659
BOOST_NEGPULSE_1S,118,0.97493,0.2258,0.2227,-0.0031,2.191,-73.047,-72.897,-72.959
BOOST_NEGPULSE_1S,118,0.97493,0.1775,0.1715,-0.006,1.84,-61.351,-61.901,-61.865
BOOST_NEGPULSE_1S,156,0.96731,1.0,0.9897,-0.0103,3.591,-118.775,-117.539,-119.745
BOOST_NEGPULSE_1S,156,0.96731,0.9513,0.9438,-0.0075,3.76,-124.381,-123.573,-123.764
BOOST_NEGPULSE_1S,156,0.96731,0.9034,0.8956,-0.0078,3.713,-122.819,-122.729,-122.477
BOOST_NEGPULSE_1S,156,0.96731,0.8075,0.8027,-0.0048,3.396,-112.327,-111.504,-111.096
BOOST_NEGPULSE_1S,156,0.96731,0.7116,0.7086,-0.003,3.374,-111.599,-107.583,-107.932
BOOST_NEGPULSE_1S,156,0.96731,0.6157,0.6116,-0.0041,3.191,-105.54,-102.781,-103.001
BOOST_NEGPULSE_1S,156,0.96731,0.5198,0.5104,-0.0094,2.932,-96.979,-95.765,-96.42
BOOST_NEGPULSE_1S,156,0.96731,0.424,0.4156,-0.0084,2.745,-90.804,-89.837,-90.293
BOOST_NEGPULSE_1S,156,0.96731,0.3281,0.3236,-0.0045,2.537,-83.927,-83.287,-83.178
BOOST_NEGPULSE_1S,156,0.96731,0.2322,0.2293,-0.0029,2.169,-71.733,-70.581,-66.252
BOOST_NEGPULSE_1S,156,0.96731,0.1843,0.178,-0.0063,1.804,-59.665,-58.752,-58.79
BOOST_NEGPULSE_1S,193,0.96224,1.0,0.9896,-0.0104,3.566,-117.363,-117.624,-119.792
BOOST_NEGPULSE_1S,193,0.96224,0.9519,0.9438,-0.0081,3.723,-122.53,-123.244,-123.596
BOOST_NEGPULSE_1S,193,0.96224,0.9042,0.896,-0.0082,3.677,-121.015,-122.985,-122.804
BOOST_NEGPULSE_1S,193,0.96224,0.8088,0.8036,-0.0052,3.366,-110.793,-111.901,-111.465
BOOST_NEGPULSE_1S,193,0.96224,0.7134,0.7098,-0.0036,3.35,-110.236,-107.707,-108.232
BOOST_NEGPULSE_1S,193,0.96224,0.618,0.612,-0.006,3.179,-104.623,-103.085,-103.406
BOOST_NEGPULSE_1S,193,0.96224,0.5226,0.512,-0.0106,2.914,-95.912,-96.334,-97.075
BOOST_NEGPULSE_1S,193,0.96224,0.4272,0.4176,-0.0096,2.726,-89.726,-90.675,-91.196
BOOST_NEGPULSE_1S,193,0.96224,0.3318,0.326,-0.0058,2.514,-82.731,-83.378,-83.241
BOOST_NEGPULSE_1S,193,0.96224,0.2364,0.2324,-0.004,2.138,-70.374,-64.218,-63.509
BOOST_NEGPULSE_1S,193,0.96224,0.1887,0.1806,-0.0081,1.753,-57.707,-58.284,-58.275
BOOST_NEGPULSE_1S,231,0.95644,1.0,0.9891,-0.0109,3.521,-115.163,-114.89,-117.068
BOOST_NEGPULSE_1S,231,0.95644,0.9526,0.9432,-0.0094,3.666,-119.908,-119.905,-120.428
BOOST_NEGPULSE_1S,231,0.95644,0.9052,0.8951,-0.0101,3.612,-118.135,-119.846,-119.755
BOOST_NEGPULSE_1S,231,0.95644,0.8104,0.8035,-0.0069,3.328,-108.838,-109.565,-108.995
BOOST_NEGPULSE_1S,231,0.95644,0.7155,0.7102,-0.0053,3.32,-108.588,-105.541,-106.31
BOOST_NEGPULSE_1S,231,0.95644,0.6207,0.6108,-0.0099,3.147,-102.939,-100.979,-101.493
BOOST_NEGPULSE_1S,231,0.95644,0.5259,0.5121,-0.0138,2.886,-94.407,-94.48,-95.42
BOOST_NEGPULSE_1S,231,0.95644,0.4311,0.4178,-0.0133,2.7,-88.318,-88.964,-89.662
BOOST_NEGPULSE_1S,231,0.95644,0.3363,0.3266,-0.0097,2.487,-81.347,-81.552,-80.021
BOOST_NEGPULSE_1S,231,0.95644,0.2415,0.2332,-0.0083,2.08,-68.031,-59.368,-59.701
BOOST_NEGPULSE_1S,231,0.95644,0.1941,0.1807,-0.0134,1.66,-54.286,-55.992,-55.98
BOOST_NEGPULSE_1S,268,0.94571,1.0,0.9888,-0.0112,3.49,-112.805,-111.356,-113.441
BOOST_NEGPULSE_1S,268,0.94571,0.9531,0.9429,-0.0102,3.62,-116.996,-115.136,-115.711
BOOST_NEGPULSE_1S,268,0.94571,0.9063,0.8953,-0.011,3.574,-115.515,-115.155,-115.115
BOOST_NEGPULSE_1S,268,0.94571,0.8126,0.8063,-0.0063,3.309,-106.949,-106.736,-106.237
BOOST_NEGPULSE_1S,268,0.94571,0.7189,0.714,-0.0049,3.301,-106.706,-103.104,-103.542
BOOST_NEGPULSE_1S,268,0.94571,0.6252,0.6163,-0.0089,3.139,-101.462,-98.952,-99.245
BOOST_NEGPULSE_1S,268,0.94571,0.5315,0.5198,-0.0117,2.884,-93.231,-92.661,-92.53
BOOST_NEGPULSE_1S,268,0.94571,0.4379,0.426,-0.0119,2.695,-87.106,-86.87,-86.458
BOOST_NEGPULSE_1S,268,0.94571,0.3442,0.3351,-0.0091,2.478,-80.103,-79.604,-76.255
BOOST_NEGPULSE_1S,268,0.94571,0.2505,0.243,-0.0075,2.074,-67.039,-65.363,-58.694
BOOST_NEGPULSE_1S,268,0.94571,0.2036,0.1923,-0.0113,1.659,-53.62,-53.011,-53.144
BOOST_NEGPULSE_1S,306,0.94596,1.0,0.9886,-0.0114,3.44,-111.279,-112.417,-114.578
BOOST_NEGPULSE_1S,306,0.94596,0.9531,0.9422,-0.0109,3.561,-115.199,-116.441,-117.029
BOOST_NEGPULSE_1S,306,0.94596,0.9062,0.8945,-0.0117,3.496,-113.101,-116.424,-116.341
BOOST_NEGPULSE_1S,306,0.94596,0.8124,0.8047,-0.0077,3.26,-105.452,-107.713,-107.09
BOOST_NEGPULSE_1S,306,0.94596,0.7187,0.7128,-0.0059,3.256,-105.322,-104.146,-104.675
BOOST_NEGPULSE_1S,306,0.94596,0.6249,0.6129,-0.012,3.083,-99.724,-99.718,-100.116
BOOST_NEGPULSE_1S,306,0.94596,0.5311,0.5168,-0.0143,2.819,-91.194,-93.427,-93.194
BOOST_NEGPULSE_1S,306,0.94596,0.4373,0.4231,-0.0142,2.652,-85.8,-87.607,-87.07
BOOST_NEGPULSE_1S,306,0.94596,0.3436,0.3326,-0.011,2.433,-78.714,-80.285,-76.071
BOOST_NEGPULSE_1S,306,0.94596,0.2498,0.2405,-0.0093,2.003,-64.795,-65.474,-58.364
BOOST_NEGPULSE_1S,306,0.94596,0.2029,0.1888,-0.0141,1.567,-50.692,-53.319,-53.568
BOOST_NEGPULSE_1S,343,0.9414,1.0,0.9884,-0.0116,3.412,-109.844,-109.583,-111.48
BOOST_NEGPULSE_1S,343,0.9414,0.9533,0.9421,-0.0112,3.513,-113.099,-113.134,-113.737
BOOST_NEGPULSE_1S,343,0.9414,0.9066,0.8943,-0.0123,3.45,-111.083,-113.163,-113.088
BOOST_NEGPULSE_1S,343,0.9414,0.8133,0.805,-0.0083,3.233,-104.08,-105.063,-104.539
BOOST_NEGPULSE_1S,343,0.9414,0.72,0.7134,-0.0066,3.219,-103.63,-101.721,-102.21
BOOST_NEGPULSE_1S,343,0.9414,0.6267,0.6143,-0.0124,3.051,-98.225,-97.509,-97.906
BOOST_NEGPULSE_1S,343,0.9414,0.5333,0.5189,-0.0144,2.809,-90.435,-90.957,-90.406
BOOST_NEGPULSE_1S,343,0.9414,0.44,0.4255,-0.0145,2.627,-84.596,-85.093,-84.341
BOOST_NEGPULSE_1S,343,0.9414,0.3467,0.3351,-0.0116,2.406,-77.458,-77.847,-73.493
BOOST_NEGPULSE_1S,343,0.9414,0.2533,0.2434,-0.0099,1.972,-63.488,-63.721,-58.147
BOOST_NEGPULSE_1S,343,0.9414,0.2067,0.1924,-0.0143,1.533,-49.37,-51.456,-51.808
BOOST_NEGPULSE_1S,381,0.93698,1.0,0.9882,-0.0118,3.374,-108.113,-108.24,-110.03
BOOST_NEGPULSE_1S,381,0.93698,0.9535,0.942,-0.0115,3.467,-111.107,-111.632,-112.004
BOOST_NEGPULSE_1S,381,0.93698,0.9071,0.8946,-0.0125,3.411,-109.284,-111.456,-111.316
BOOST_NEGPULSE_1S,381,0.93698,0.8142,0.8059,-0.0083,3.198,-102.494,-103.43,-102.946
BOOST_NEGPULSE_1S,381,0.93698,0.7213,0.7146,-0.0067,3.195,-102.39,-100.963,-101.459
BOOST_NEGPULSE_1S,381,0.93698,0.6284,0.616,-0.0124,3.032,-97.158,-96.821,-97.211
BOOST_NEGPULSE_1S,381,0.93698,0.5355,0.5211,-0.0144,2.788,-89.336,-90.03,-89.193
BOOST_NEGPULSE_1S,381,0.93698,0.4427,0.428,-0.0147,2.608,-83.553,-83.81,-83.067
BOOST_NEGPULSE_1S,381,0.93698,0.3498,0.338,-0.0118,2.384,-76.402,-77.626,-72.394
BOOST_NEGPULSE_1S,381,0.93698,0.2569,0.2472,-0.0097,1.944,-62.279,-62.552,-58.372
BOOST_NEGPULSE_1S,381,0.93698,0.2105,0.1962,-0.0143,1.502,-48.117,-50.889,-50.833
BOOST_NEGPULSE_1S,418,0.9313,1.0,0.9881,-0.0119,3.336,-106.22,-104.211,-105.926
BOOST_NEGPULSE_1S,418,0.9313,0.9538,0.9423,-0.0115,3.422,-108.961,-107.77,-108.136
BOOST_NEGPULSE_1S,418,0.9313,0.9077,0.8956,-0.0121,3.364,-107.132,-106.956,-106.815
BOOST_NEGPULSE_1S,418,0.9313,0.8153,0.808,-0.0073,3.174,-101.059,-99.027,-98.607
BOOST_NEGPULSE_1S,418,0.9313,0.723,0.7165,-0.0065,3.165,-100.8,-98.033,-98.558
BOOST_NEGPULSE_1S,418,0.9313,0.6307,0.619,-0.0117,3.004,-95.656,-93.87,-94.124
BOOST_NEGPULSE_1S,418,0.9313,0.5384,0.5247,-0.0137,2.766,-88.073,-87.112,-86.035
BOOST_NEGPULSE_1S,418,0.9313,0.4461,0.4319,-0.0142,2.585,-82.317,-80.942,-79.827
BOOST_NEGPULSE_1S,418,0.9313,0.3538,0.3422,-0.0116,2.363,-75.25,-75.013,-71.038
BOOST_NEGPULSE_1S,418,0.9313,0.2615,0.2513,-0.0102,1.916,-61.026,-59.37,-59.785
BOOST_NEGPULSE_1S,418,0.9313,0.2153,0.2014,-0.0139,1.478,-47.056,-48.464,-48.487
BOOST_NEGPULSE_1S,456,0.92534,1.0,0.9879,-0.0121,3.311,-104.717,-103.896,-105.583
BOOST_NEGPULSE_1S,456,0.92534,0.9541,0.9426,-0.0115,3.388,-107.146,-107.468,-107.871
BOOST_NEGPULSE_1S,456,0.92534,0.9083,0.8965,-0.0118,3.327,-105.219,-106.121,-106.064
BOOST_NEGPULSE_1S,456,0.92534,0.8166,0.8093,-0.0073,3.141,-99.329,-98.158,-98.27
BOOST_NEGPULSE_1S,456,0.92534,0.7249,0.7181,-0.0068,3.139,-99.29,-98.697,-99.264
BOOST_NEGPULSE_1S,456,0.92534,0.6333,0.6219,-0.0114,2.981,-94.277,-94.069,-94.012
BOOST_NEGPULSE_1S,456,0.92534,0.5416,0.527,-0.0146,2.741,-86.686,-87.126,-85.783
BOOST_NEGPULSE_1S,456,0.92534,0.4499,0.435,-0.0149,2.568,-81.207,-81.351,-79.733
BOOST_NEGPULSE_1S,456,0.92534,0.3583,0.3459,-0.0124,2.339,-73.982,-74.922,-72.709
BOOST_NEGPULSE_1S,456,0.92534,0.2666,0.2553,-0.0113,1.893,-59.879,-58.582,-58.957
BOOST_NEGPULSE_1S,456,0.92534,0.2207,0.2063,-0.0144,1.462,-46.226,-48.08,-48.083
BOOST_NEGPULSE_1S,493,0.92515,1.0,0.9872,-0.0128,3.256,-103.05,-102.62,-104.375
BOOST_NEGPULSE_1S,493,0.92515,0.9541,0.9417,-0.0124,3.321,-105.091,-106.183,-106.561
BOOST_NEGPULSE_1S,493,0.92515,0.9082,0.8953,-0.0129,3.265,-103.341,-104.909,-104.778
BOOST_NEGPULSE_1S,493,0.92515,0.8165,0.8079,-0.0086,3.093,-97.898,-96.998,-97.313
BOOST_NEGPULSE_1S,493,0.92515,0.7248,0.7166,-0.0082,3.087,-97.686,-97.594,-98.266
BOOST_NEGPULSE_1S,493,0.92515,0.633,0.6201,-0.0129,2.931,-92.764,-92.94,-92.879
BOOST_NEGPULSE_1S,493,0.92515,0.5413,0.5256,-0.0157,2.692,-85.188,-86.082,-84.658
BOOST_NEGPULSE_1S,493,0.92515,0.4496,0.4334,-0.0162,2.521,-79.781,-80.392,-78.677
BOOST_NEGPULSE_1S,493,0.92515,0.3578,0.3438,-0.014,2.292,-72.527,-74.076,-70.973
BOOST_NEGPULSE_1S,493,0.92515,0.2661,0.2527,-0.0134,1.823,-57.683,-57.859,-58.3
BOOST_NEGPULSE_1S,493,0.92515,0.2202,0.2035,-0.0167,1.384,-43.789,-47.515,-47.577
BOOST_NEGPULSE_1S,531,0.91689,1.0,0.9865,-0.0135,3.224,-101.066,-98.697,-100.392
BOOST_NEGPULSE_1S,531,0.91689,0.9545,0.9414,-0.0131,3.283,-102.938,-101.934,-102.327
BOOST_NEGPULSE_1S,531,0.91689,0.9091,0.8957,-0.0134,3.226,-101.123,-100.608,-100.052
BOOST_NEGPULSE_1S,531,0.91689,0.8182,0.811,-0.0072,3.073,-96.337,-92.76,-93.578
BOOST_NEGPULSE_1S,531,0.91689,0.7273,0.7199,-0.0074,3.066,-96.129,-94.831,-95.421
BOOST_NEGPULSE_1S,531,0.91689,0.6365,0.6245,-0.012,2.91,-91.226,-89.693,-89.236
BOOST_NEGPULSE_1S,531,0.91689,0.5456,0.5308,-0.0148,2.682,-84.071,-82.964,-81.703
BOOST_NEGPULSE_1S,531,0.91689,0.4547,0.4397,-0.015,2.509,-78.656,-77.074,-76.533
BOOST_NEGPULSE_1S,531,0.91689,0.3638,0.3505,-0.0133,2.28,-71.493,-70.759,-71.332
BOOST_NEGPULSE_1S,531,0.91689,0.273,0.2607,-0.0123,1.821,-57.089,-55.445,-55.764
BOOST_NEGPULSE_1S,531,0.91689,0.2275,0.2132,-0.0143,1.392,-43.639,-45.252,-45.196
BOOST_NEGPULSE_1S,568,0.91428,1.0,0.9855,-0.0145,3.171,-99.163,-98.825,-100.501
BOOST_NEGPULSE_1S,568,0.91428,0.9547,0.9405,-0.0142,3.223,-100.793,-101.923,-102.316
BOOST_NEGPULSE_1S,568,0.91428,0.9093,0.895,-0.0143,3.164,-98.953,-100.619,-99.957
BOOST_NEGPULSE_1S,568,0.91428,0.8187,0.8104,-0.0083,3.023,-94.528,-92.715,-93.64
BOOST_NEGPULSE_1S,568,0.91428,0.7281,0.7197,-0.0084,3.016,-94.314,-95.024,-95.688
BOOST_NEGPULSE_1S,568,0.91428,0.6374,0.6242,-0.0132,2.862,-89.511,-89.652,-88.862
BOOST_NEGPULSE_1S,568,0.91428,0.5468,0.5306,-0.0162,2.637,-82.476,-83.036,-81.55
BOOST_NEGPULSE_1S,568,0.91428,0.4561,0.4398,-0.0163,2.467,-77.156,-76.919,-76.587
BOOST_NEGPULSE_1S,568,0.91428,0.3655,0.351,-0.0145,2.238,-69.975,-70.613,-71.394
BOOST_NEGPULSE_1S,568,0.91428,0.2749,0.262,-0.0129,1.771,-55.377,-55.461,-52.24
BOOST_NEGPULSE_1S,568,0.91428,0.2295,0.2144,-0.0151,1.344,-42.022,-44.495,-44.654
BOOST_NEGPULSE_1S,606,0.90836,1.0,0.9844,-0.0156,3.133,-97.309,-96.383,-98.112
BOOST_NEGPULSE_1S,606,0.90836,0.955,0.9397,-0.0153,3.178,-98.743,-98.979,-99.386
BOOST_NEGPULSE_1S,606,0.90836,0.9099,0.8946,-0.0153,3.12,-96.918,-97.827,-97.145
BOOST_NEGPULSE_1S,606,0.90836,0.8199,0.8115,-0.0084,2.991,-92.929,-90.45,-91.358
BOOST_NEGPULSE_1S,606,0.90836,0.7298,0.7212,-0.0086,2.981,-92.593,-92.923,-93.313
BOOST_NEGPULSE_1S,606,0.90836,0.6398,0.6265,-0.0133,2.829,-87.866,-87.545,-86.352
BOOST_NEGPULSE_1S,606,0.90836,0.5498,0.5332,-0.0166,2.61,-81.065,-81.256,-79.508
BOOST_NEGPULSE_1S,606,0.90836,0.4597,0.443,-0.0167,2.443,-75.885,-74.754,-75.231
BOOST_NEGPULSE_1S,606,0.90836,0.3697,0.3553,-0.0144,2.213,-68.73,-68.762,-69.543
BOOST_NEGPULSE_1S,606,0.90836,0.2796,0.2679,-0.0117,1.747,-54.263,-54.412,-46.445
BOOST_NEGPULSE_1S,606,0.90836,0.2346,0.2213,-0.0133,1.33,-41.329,-42.382,-42.879
BOOST_NEGPULSE_1S,643,0.90059,1.0,0.9837,-0.0163,3.098,-95.373,-94.4,-96.118
BOOST_NEGPULSE_1S,643,0.90059,0.9554,0.9394,-0.016,3.141,-96.673,-96.537,-96.915
BOOST_NEGPULSE_1S,643,0.90059,0.9108,0.8952,-0.0156,3.083,-94.881,-95.443,-94.829
BOOST_NEGPULSE_1S,643,0.90059,0.8215,0.8134,-0.0081,2.966,-91.286,-88.532,-89.382
BOOST_NEGPULSE_1S,643,0.90059,0.7323,0.7236,-0.0087,2.953,-90.883,-90.752,-91.059
BOOST_NEGPULSE_1S,643,0.90059,0.6431,0.6305,-0.0126,2.806,-86.362,-85.289,-84.204
BOOST_NEGPULSE_1S,643,0.90059,0.5538,0.5373,-0.0165,2.591,-79.758,-79.235,-78.164
BOOST_NEGPULSE_1S,643,0.90059,0.4646,0.4478,-0.0168,2.424,-74.619,-72.808,-74.333
BOOST_NEGPULSE_1S,643,0.90059,0.3754,0.3613,-0.0141,2.199,-67.682,-67.188,-67.922
BOOST_NEGPULSE_1S,643,0.90059,0.2862,0.2758,-0.0104,1.745,-53.709,-45.638,-44.011
BOOST_NEGPULSE_1S,643,0.90059,0.2416,0.2298,-0.0118,1.34,-41.25,-40.542,-41.038
BOOST_NEGPULSE_1S,681,0.89744,1.0,0.9826,-0.0174,3.047,-93.491,-92.728,-94.517
BOOST_NEGPULSE_1S,681,0.89744,0.9555,0.9382,-0.0173,3.078,-94.431,-94.801,-95.058
BOOST_NEGPULSE_1S,681,0.89744,0.911,0.8941,-0.0169,3.021,-92.688,-93.684,-93.006
BOOST_NEGPULSE_1S,681,0.89744,0.8221,0.813,-0.0091,2.914,-89.431,-87.032,-87.966
BOOST_NEGPULSE_1S,681,0.89744,0.7332,0.7234,-0.0098,2.904,-89.112,-89.132,-89.169
BOOST_NEGPULSE_1S,681,0.89744,0.6442,0.63,-0.0142,2.751,-84.404,-83.594,-82.416
BOOST_NEGPULSE_1S,681,0.89744,0.5553,0.5373,-0.018,2.546,-78.115,-77.514,-76.77
BOOST_NEGPULSE_1S,681,0.89744,0.4663,0.448,-0.0183,2.379,-72.99,-71.455,-73.218
BOOST_NEGPULSE_1S,681,0.89744,0.3774,0.3621,-0.0153,2.153,-66.049,-66.122,-66.898
BOOST_NEGPULSE_1S,681,0.89744,0.2884,0.2765,-0.0119,1.691,-51.897,-43.997,-42.636
BOOST_NEGPULSE_1S,681,0.89744,0.244,0.2304,-0.0136,1.296,-39.776,-39.478,-40.058
BOOST_NEGPULSE_1S,718,0.87569,1.0,0.9811,-0.0189,2.921,-87.368,-86.586,-88.125
BOOST_NEGPULSE_1S,718,0.87569,0.9566,0.9378,-0.0188,2.942,-87.99,-87.576,-87.984
BOOST_NEGPULSE_1S,718,0.87569,0.9133,0.8971,-0.0162,2.891,-86.473,-87.098,-86.899
BOOST_NEGPULSE_1S,718,0.87569,0.8266,0.8197,-0.0069,2.808,-83.987,-82.51,-83.133
BOOST_NEGPULSE_1S,718,0.87569,0.7399,0.7323,-0.0076,2.788,-83.391,-82.526,-82.389
BOOST_NEGPULSE_1S,718,0.87569,0.6532,0.6425,-0.0107,2.654,-79.374,-78.914,-78.198
BOOST_NEGPULSE_1S,718,0.87569,0.5665,0.5504,-0.0161,2.462,-73.628,-71.698,-73.509
BOOST_NEGPULSE_1S,718,0.87569,0.4798,0.4623,-0.0175,2.302,-68.856,-67.12,-68.987
BOOST_NEGPULSE_1S,718,0.87569,0.3931,0.3802,-0.0129,2.083,-62.297,-58.979,-57.282
BOOST_NEGPULSE_1S,718,0.87569,0.3064,0.2961,-0.0103,1.652,-49.405,-48.342,-45.406
BOOST_NEGPULSE_1S,718,0.87569,0.2631,0.2504,-0.0127,1.291,-38.599,-37.29,-36.425
BOOST_NEGPULSE_1S,756,0.87784,1.0,0.9802,-0.0198,2.859,-85.827,-86.29,-87.768
BOOST_NEGPULSE_1S,756,0.87784,0.9565,0.9368,-0.0197,2.875,-86.317,-87.239,-87.632
BOOST_NEGPULSE_1S,756,0.87784,0.913,0.8953,-0.0177,2.822,-84.721,-86.738,-86.784
BOOST_NEGPULSE_1S,756,0.87784,0.826,0.8175,-0.0085,2.728,-81.903,-81.796,-82.561
BOOST_NEGPULSE_1S,756,0.87784,0.7389,0.7301,-0.0088,2.688,-80.691,-81.684,-81.527
BOOST_NEGPULSE_1S,756,0.87784,0.6519,0.638,-0.0139,2.572,-77.208,-78.521,-77.15
BOOST_NEGPULSE_1S,756,0.87784,0.5649,0.5465,-0.0184,2.395,-71.908,-71.384,-72.922
BOOST_NEGPULSE_1S,756,0.87784,0.4779,0.4582,-0.0197,2.243,-67.342,-66.572,-68.677
BOOST_NEGPULSE_1S,756,0.87784,0.3908,0.3751,-0.0157,2.023,-60.725,-59.047,-56.914
BOOST_NEGPULSE_1S,756,0.87784,0.3038,0.289,-0.0148,1.578,-47.359,-47.989,-42.165
BOOST_NEGPULSE_1S,756,0.87784,0.2603,0.2432,-0.0171,1.213,-36.412,-36.241,-37.645
BOOST_NEGPULSE_1S,793,0.86867,1.0,0.9797,-0.0203,2.83,-83.938,-82.201,-83.958
BOOST_NEGPULSE_1S,793,0.86867,0.957,0.9364,-0.0206,2.841,-84.266,-83.638,-84.096
BOOST_NEGPULSE_1S,793,0.86867,0.914,0.8975,-0.0165,2.789,-82.734,-82.902,-82.651
BOOST_NEGPULSE_1S,793,0.86867,0.828,0.8212,-0.0068,2.722,-80.741,-80.225,-80.109
BOOST_NEGPULSE_1S,793,0.86867,0.742,0.7339,-0.0081,2.696,-79.958,-78.917,-78.838
BOOST_NEGPULSE_1S,793,0.86867,0.656,0.6443,-0.0117,2.564,-76.042,-75.329,-74.857
BOOST_NEGPULSE_1S,793,0.86867,0.5701,0.5536,-0.0165,2.376,-70.476,-68.682,-70.445
BOOST_NEGPULSE_1S,793,0.86867,0.4841,0.4668,-0.0173,2.22,-65.855,-65.15,-66.018
BOOST_NEGPULSE_1S,793,0.86867,0.3981,0.3913,-0.0068,1.959,-58.098,-58.362,-55.594
BOOST_NEGPULSE_1S,793,0.86867,0.3122,0.3064,-0.0058,1.597,-47.368,-46.219,-45.297
BOOST_NEGPULSE_1S,793,0.86867,0.2691,0.2589,-0.0102,1.282,-38.015,-38.639,-37.493
BOOST_NEGPULSE_1S,831,0.87076,1.0,0.9787,-0.0213,2.77,-82.449,-82.2,-84.044
BOOST_NEGPULSE_1S,831,0.87076,0.9568,0.9352,-0.0216,2.775,-82.609,-83.574,-84.007
BOOST_NEGPULSE_1S,831,0.87076,0.9137,0.8954,-0.0183,2.726,-81.126,-82.988,-82.836
BOOST_NEGPULSE_1S,831,0.87076,0.8274,0.8175,-0.0099,2.664,-79.302,-79.706,-79.987
BOOST_NEGPULSE_1S,831,0.87076,0.7411,0.7304,-0.0107,2.634,-78.417,-78.815,-78.71
BOOST_NEGPULSE_1S,831,0.87076,0.6549,0.6388,-0.0161,2.499,-74.387,-75.087,-74.073
BOOST_NEGPULSE_1S,831,0.87076,0.5686,0.5481,-0.0205,2.313,-68.844,-68.413,-70.357
BOOST_NEGPULSE_1S,831,0.87076,0.4823,0.4617,-0.0206,2.161,-64.315,-64.816,-66.031
BOOST_NEGPULSE_1S,831,0.87076,0.396,0.3806,-0.0154,1.943,-57.823,-57.281,-53.765
BOOST_NEGPULSE_1S,831,0.87076,0.3097,0.2952,-0.0145,1.511,-44.98,-45.803,-42.794
BOOST_NEGPULSE_1S,831,0.87076,0.2666,0.249,-0.0176,1.168,-34.763,-37.36,-36.261
BOOST_NEGPULSE_1S,868,0.86256,1.0,0.978,-0.022,2.737,-80.647,-78.632,-80.483
BOOST_NEGPULSE_1S,868,0.86256,0.9573,0.9349,-0.0224,2.74,-80.743,-80.332,-80.633
BOOST_NEGPULSE_1S,868,0.86256,0.9146,0.8971,-0.0175,2.692,-79.325,-79.461,-79.251
BOOST_NEGPULSE_1S,868,0.86256,0.8292,0.8208,-0.0084,2.635,-77.646,-76.829,-76.794
BOOST_NEGPULSE_1S,868,0.86256,0.7437,0.7343,-0.0094,2.602,-76.686,-75.922,-75.881
BOOST_NEGPULSE_1S,868,0.86256,0.6583,0.6453,-0.013,2.47,-72.794,-72.362,-71.999
BOOST_NEGPULSE_1S,868,0.86256,0.5729,0.5552,-0.0177,2.291,-67.514,-66.154,-67.927
BOOST_NEGPULSE_1S,868,0.86256,0.4874,0.4693,-0.0181,2.138,-63.005,-63.079,-63.288
BOOST_NEGPULSE_1S,868,0.86256,0.402,0.3886,-0.0134,1.923,-56.656,-57.199,-53.028
BOOST_NEGPULSE_1S,868,0.86256,0.3166,0.3037,-0.0129,1.504,-44.328,-43.866,-42.1
BOOST_NEGPULSE_1S,868,0.86256,0.2739,0.258,-0.0159,1.175,-34.615,-37.897,-37.386
BOOST_NEGPULSE_1S,906,0.85267,1.0,0.9769,-0.0231,2.697,-78.559,-76.052,-77.92
BOOST_NEGPULSE_1S,906,0.85267,0.9578,0.9346,-0.0232,2.699,-78.614,-77.38,-77.855
BOOST_NEGPULSE_1S,906,0.85267,0.9156,0.8997,-0.0159,2.654,-77.299,-76.864,-76.567
BOOST_NEGPULSE_1S,906,0.85267,0.8311,0.8255,-0.0056,2.602,-75.78,-74.377,-74.855
BOOST_NEGPULSE_1S,906,0.85267,0.7467,0.7401,-0.0066,2.567,-74.767,-73.655,-73.645
BOOST_NEGPULSE_1S,906,0.85267,0.6623,0.6521,-0.0102,2.439,-71.013,-70.205,-70.036
BOOST_NEGPULSE_1S,906,0.85267,0.5779,0.5628,-0.0151,2.266,-65.985,-64.96,-66.091
BOOST_NEGPULSE_1S,906,0.85267,0.4935,0.4776,-0.0159,2.115,-61.598,-61.122,-60.996
BOOST_NEGPULSE_1S,906,0.85267,0.4091,0.3969,-0.0122,1.904,-55.441,-55.968,-54.283
BOOST_NEGPULSE_1S,906,0.85267,0.3247,0.3144,-0.0103,1.494,-43.519,-42.278,-40.289
BOOST_NEGPULSE_1S,906,0.85267,0.2824,0.2698,-0.0126,1.178,-34.294,-36.765,-36.593
BOOST_NEGPULSE_1S,943,0.85414,1.0,0.9759,-0.0241,2.636,-76.942,-76.134,-78.094
BOOST_NEGPULSE_1S,943,0.85414,0.9577,0.9333,-0.0244,2.634,-76.893,-77.613,-78.036
BOOST_NEGPULSE_1S,943,0.85414,0.9154,0.8975,-0.0179,2.589,-75.568,-77.001,-76.778
BOOST_NEGPULSE_1S,943,0.85414,0.8307,0.8222,-0.0085,2.545,-74.287,-74.285,-75.005
BOOST_NEGPULSE_1S,943,0.85414,0.7461,0.7364,-0.0097,2.509,-73.233,-73.673,-73.673
BOOST_NEGPULSE_1S,943,0.85414,0.6615,0.6474,-0.0141,2.373,-69.285,-70.15,-69.965
BOOST_NEGPULSE_1S,943,0.85414,0.5769,0.558,-0.0189,2.203,-64.299,-64.773,-66.208
BOOST_NEGPULSE_1S,943,0.85414,0.4923,0.4731,-0.0192,2.056,-60.017,-61.147,-60.9
BOOST_NEGPULSE_1S,943,0.85414,0.4077,0.3931,-0.0146,1.841,-53.754,-55.888,-53.047
BOOST_NEGPULSE_1S,943,0.85414,0.323,0.3099,-0.0131,1.43,-41.74,-42.247,-39.878
BOOST_NEGPULSE_1S,943,0.85414,0.2807,0.2645,-0.0162,1.115,-32.558,-36.723,-36.461
BOOST_NEGPULSE_1S,981,0.84827,1.0,0.9748,-0.0252,2.592,-75.127,-73.551,-75.395
BOOST_NEGPULSE_1S,981,0.84827,0.958,0.9327,-0.0253,2.586,-74.949,-74.613,-75.101
BOOST_NEGPULSE_1S,981,0.84827,0.916,0.8987,-0.0173,2.543,-73.719,-74.42,-74.168
BOOST_NEGPULSE_1S,981,0.84827,0.8319,0.824,-0.0079,2.503,-72.567,-72.212,-72.74
BOOST_NEGPULSE_1S,981,0.84827,0.7479,0.7392,-0.0087,2.463,-71.403,-71.284,-71.297
BOOST_NEGPULSE_1S,981,0.84827,0.6639,0.6504,-0.0135,2.332,-67.587,-67.871,-67.522
BOOST_NEGPULSE_1S,981,0.84827,0.5799,0.565,-0.0149,2.149,-62.289,-63.062,-63.676
BOOST_NEGPULSE_1S,981,0.84827,0.4958,0.4801,-0.0157,2.013,-58.369,-59.237,-58.923
BOOST_NEGPULSE_1S,981,0.84827,0.4118,0.3992,-0.0126,1.811,-52.492,-54.353,-53.542
BOOST_NEGPULSE_1S,981,0.84827,0.3278,0.3167,-0.0111,1.413,-40.974,-40.431,-38.317
BOOST_NEGPULSE_1S,981,0.84827,0.2858,0.2722,-0.0136,1.11,-32.191,-35.611,-35.44
BOOST_NEGPULSE_1S,1018,0.84645,1.0,0.9737,-0.0263,2.532,-73.259,-72.848,-74.617
BOOST_NEGPULSE_1S,1018,0.84645,0.958,0.9315,-0.0265,2.522,-72.977,-73.828,-74.318
BOOST_NEGPULSE_1S,1018,0.84645,0.9161,0.8979,-0.0182,2.482,-71.805,-73.792,-73.566
BOOST_NEGPULSE_1S,1018,0.84645,0.8322,0.8224,-0.0098,2.448,-70.846,-71.616,-72.159
BOOST_NEGPULSE_1S,1018,0.84645,0.7484,0.738,-0.0104,2.404,-69.564,-70.642,-70.671
BOOST_NEGPULSE_1S,1018,0.84645,0.6645,0.6487,-0.0158,2.272,-65.743,-67.157,-66.762
BOOST_NEGPULSE_1S,1018,0.84645,0.5806,0.5594,-0.0212,2.112,-61.1,-62.612,-63.222
BOOST_NEGPULSE_1S,1018,0.84645,0.4967,0.4753,-0.0214,1.968,-56.934,-58.542,-57.91
BOOST_NEGPULSE_1S,1018,0.84645,0.4129,0.3964,-0.0165,1.753,-50.733,-53.656,-52.002
BOOST_NEGPULSE_1S,1018,0.84645,0.329,0.3147,-0.0143,1.347,-38.967,-39.322,-37.556
BOOST_NEGPULSE_1S,1018,0.84645,0.287,0.2702,-0.0168,1.05,-30.374,-35.23,-34.989
BOOST_NEGPULSE_1S,1056,0.8388,1.0,0.973,-0.027,2.5,-71.639,-70.596,-71.991
BOOST_NEGPULSE_1S,1056,0.8388,0.9584,0.9316,-0.0268,2.49,-71.352,-71.207,-71.665
BOOST_NEGPULSE_1S,1056,0.8388,0.9169,0.8999,-0.017,2.451,-70.251,-71.129,-71.162
BOOST_NEGPULSE_1S,1056,0.8388,0.8338,0.8254,-0.0084,2.421,-69.397,-69.733,-70.046
BOOST_NEGPULSE_1S,1056,0.8388,0.7507,0.7421,-0.0086,2.375,-68.072,-68.506,-68.513
BOOST_NEGPULSE_1S,1056,0.8388,0.6677,0.6534,-0.0143,2.245,-64.347,-64.964,-64.542
BOOST_NEGPULSE_1S,1056,0.8388,0.5846,0.5647,-0.0199,2.087,-59.81,-60.606,-61.031
BOOST_NEGPULSE_1S,1056,0.8388,0.5015,0.4811,-0.0204,1.944,-55.72,-56.724,-55.886
BOOST_NEGPULSE_1S,1056,0.8388,0.4185,0.4027,-0.0158,1.733,-49.676,-51.767,-51.741
BOOST_NEGPULSE_1S,1056,0.8388,0.3354,0.3232,-0.0122,1.336,-38.303,-37.438,-36.6
BOOST_NEGPULSE_1S,1056,0.8388,0.2938,0.28,-0.0138,1.05,-30.096,-34.235,-34.027
BOOST_NEGPULSE_1S,1093,0.82741,1.0,0.9734,-0.0266,2.474,-69.915,-68.383,-69.988
BOOST_NEGPULSE_1S,1093,0.82741,0.959,0.9336,-0.0254,2.465,-69.655,-69.252,-69.553
BOOST_NEGPULSE_1S,1093,0.82741,0.9181,0.902,-0.0161,2.428,-68.607,-68.81,-68.843
BOOST_NEGPULSE_1S,1093,0.82741,0.8362,0.8275,-0.0087,2.398,-67.748,-67.994,-68.305
BOOST_NEGPULSE_1S,1093,0.82741,0.7543,0.7459,-0.0084,2.35,-66.396,-66.765,-66.872
BOOST_NEGPULSE_1S,1093,0.82741,0.6724,0.6587,-0.0137,2.224,-62.849,-63.021,-62.677
BOOST_NEGPULSE_1S,1093,0.82741,0.5905,0.5714,-0.0191,2.072,-58.558,-58.82,-59.028
BOOST_NEGPULSE_1S,1093,0.82741,0.5086,0.489,-0.0196,1.927,-54.461,-55.272,-54.465
BOOST_NEGPULSE_1S,1093,0.82741,0.4267,0.4117,-0.015,1.72,-48.591,-49.996,-50.295
BOOST_NEGPULSE_1S,1093,0.82741,0.3448,0.3336,-0.0112,1.334,-37.692,-37.832,-36.398
BOOST_NEGPULSE_1S,1093,0.82741,0.3038,0.2919,-0.0119,1.06,-29.964,-33.322,-33.123
BOOST_NEGPULSE_1S,1131,0.82867,1.0,0.9718,-0.0282,2.407,-68.163,-67.739,-69.423
BOOST_NEGPULSE_1S,1131,0.82867,0.9589,0.9318,-0.0271,2.394,-67.807,-68.634,-68.918
BOOST_NEGPULSE_1S,1131,0.82867,0.9179,0.8998,-0.0181,2.36,-66.844,-68.298,-68.343
BOOST_NEGPULSE_1S,1131,0.82867,0.8358,0.8241,-0.0117,2.337,-66.198,-67.265,-67.681
BOOST_NEGPULSE_1S,1131,0.82867,0.7537,0.7413,-0.0124,2.286,-64.742,-66.025,-66.097
BOOST_NEGPULSE_1S,1131,0.82867,0.6716,0.6528,-0.0188,2.156,-61.062,-62.3,-61.858
BOOST_NEGPULSE_1S,1131,0.82867,0.5895,0.5654,-0.0241,2.006,-56.799,-58.149,-58.419
BOOST_NEGPULSE_1S,1131,0.82867,0.5074,0.4837,-0.0237,1.865,-52.81,-54.678,-53.6
BOOST_NEGPULSE_1S,1131,0.82867,0.4254,0.4068,-0.0186,1.655,-46.877,-49.445,-49.814
BOOST_NEGPULSE_1S,1131,0.82867,0.3433,0.3281,-0.0152,1.268,-35.904,-37.105,-35.609
BOOST_NEGPULSE_1S,1131,0.82867,0.3022,0.2858,-0.0164,1.01,-28.595,-32.902,-32.468
BOOST_NEGPULSE_1S,1168,0.82315,1.0,0.9711,-0.0289,2.365,-66.519,-55.365,-56.752
BOOST_NEGPULSE_1S,1168,0.82315,0.9592,0.9316,-0.0276,2.352,-66.148,-56.169,-56.526
BOOST_NEGPULSE_1S,1168,0.82315,0.9184,0.8996,-0.0188,2.32,-65.261,-56.043,-56.059
BOOST_NEGPULSE_1S,1168,0.82315,0.8369,0.8234,-0.0135,2.298,-64.64,-55.431,-55.816
BOOST_NEGPULSE_1S,1168,0.82315,0.7554,0.7408,-0.0146,2.244,-63.129,-54.388,-54.585
BOOST_NEGPULSE_1S,1168,0.82315,0.6739,0.6526,-0.0213,2.116,-59.527,-51.379,-50.855
BOOST_NEGPULSE_1S,1168,0.82315,0.5924,0.5661,-0.0263,1.971,-55.443,-47.825,-48.093
BOOST_NEGPULSE_1S,1168,0.82315,0.5108,0.4852,-0.0256,1.831,-51.489,-45.058,-44.287
BOOST_NEGPULSE_1S,1168,0.82315,0.4293,0.4092,-0.0201,1.621,-45.598,-40.835,-41.149
BOOST_NEGPULSE_1S,1168,0.82315,0.3478,0.3313,-0.0165,1.237,-34.805,-31.647,-29.582
BOOST_NEGPULSE_1S,1168,0.82315,0.307,0.2898,-0.0172,1.004,-28.231,-27.381,-26.751
BOOST_NEGPULSE_1S,1206,0.81716,1.0,0.97,-0.03,2.329,-65.016,-64.697,-66.389
BOOST_NEGPULSE_1S,1206,0.81716,0.9595,0.9322,-0.0273,2.314,-64.609,-65.664,-65.818
BOOST_NEGPULSE_1S,1206,0.81716,0.9191,0.9019,-0.0172,2.285,-63.795,-65.143,-65.065
BOOST_NEGPULSE_1S,1206,0.81716,0.8381,0.8254,-0.0127,2.265,-63.233,-64.179,-64.603
BOOST_NEGPULSE_1S,1206,0.81716,0.7572,0.7435,-0.0137,2.206,-61.591,-62.983,-63.203
BOOST_NEGPULSE_1S,1206,0.81716,0.6763,0.6572,-0.0191,2.079,-58.042,-59.327,-58.938
BOOST_NEGPULSE_1S,1206,0.81716,0.5954,0.5714,-0.024,1.937,-54.073,-55.206,-55.5
BOOST_NEGPULSE_1S,1206,0.81716,0.5144,0.4904,-0.024,1.796,-50.153,-52.116,-51.109
BOOST_NEGPULSE_1S,1206,0.81716,0.4335,0.4144,-0.0191,1.588,-44.333,-46.959,-47.289
BOOST_NEGPULSE_1S,1206,0.81716,0.3526,0.3373,-0.0153,1.21,-33.768,-36.818,-33.439
BOOST_NEGPULSE_1S,1206,0.81716,0.3121,0.2965,-0.0156,0.998,-27.851,-31.173,-30.795
BOOST_NEGPULSE_1S,1243,0.81122,1.0,0.9685,-0.0315,2.287,-63.388,-63.041,-64.625
BOOST_NEGPULSE_1S,1243,0.81122,0.9598,0.934,-0.0258,2.274,-63.016,-63.581,-63.706
BOOST_NEGPULSE_1S,1243,0.81122,0.9196,0.9066,-0.013,2.246,-62.25,-63.092,-63.165
BOOST_NEGPULSE_1S,1243,0.81122,0.8393,0.8298,-0.0095,2.228,-61.75,-62.141,-62.442
BOOST_NEGPULSE_1S,1243,0.81122,0.759,0.7482,-0.0108,2.169,-60.106,-60.924,-61.203
BOOST_NEGPULSE_1S,1243,0.81122,0.6787,0.6654,-0.0133,2.04,-56.548,-57.637,-57.314
BOOST_NEGPULSE_1S,1243,0.81122,0.5983,0.5809,-0.0174,1.902,-52.721,-53.477,-53.893
BOOST_NEGPULSE_1S,1243,0.81122,0.518,0.4995,-0.0185,1.763,-48.872,-50.508,-49.02
BOOST_NEGPULSE_1S,1243,0.81122,0.4377,0.4227,-0.015,1.555,-43.088,-45.097,-45.325
BOOST_NEGPULSE_1S,1243,0.81122,0.3573,0.3454,-0.0119,1.181,-32.733,-35.458,-33.649
BOOST_NEGPULSE_1S,1243,0.81122,0.3172,0.3053,-0.0119,0.991,-27.473,-29.792,-29.812
BOOST_NEGPULSE_1S,1281,0.80837,1.0,0.967,-0.033,2.232,-61.664,-61.93,-63.286
BOOST_NEGPULSE_1S,1281,0.80837,0.9599,0.9338,-0.0261,2.215,-61.191,-62.235,-62.372
BOOST_NEGPULSE_1S,1281,0.80837,0.9199,0.9073,-0.0126,2.195,-60.628,-61.856,-61.926
BOOST_NEGPULSE_1S,1281,0.80837,0.8398,0.8296,-0.0102,2.177,-60.15,-60.757,-61.073
BOOST_NEGPULSE_1S,1281,0.80837,0.7598,0.7473,-0.0125,2.113,-58.384,-59.533,-59.832
BOOST_NEGPULSE_1S,1281,0.80837,0.6797,0.6653,-0.0144,1.986,-54.875,-56.421,-56.007
BOOST_NEGPULSE_1S,1281,0.80837,0.5996,0.5815,-0.0181,1.85,-51.121,-52.24,-52.663
BOOST_NEGPULSE_1S,1281,0.80837,0.5195,0.5006,-0.0189,1.713,-47.32,-49.103,-47.62
BOOST_NEGPULSE_1S,1281,0.80837,0.4395,0.4236,-0.0159,1.501,-41.473,-43.897,-43.352
BOOST_NEGPULSE_1S,1281,0.80837,0.3594,0.3458,-0.0136,1.132,-31.26,-34.535,-32.959
BOOST_NEGPULSE_1S,1281,0.80837,0.3193,0.3059,-0.0134,0.977,-26.998,-28.799,-28.939
BOOST_NEGPULSE_1S,1356,0.79297,1.0,0.9667,-0.0333,2.146,-58.164,-59.298,-60.027
BOOST_NEGPULSE_1S,1356,0.79297,0.9602,0.9356,-0.0246,2.128,-57.675,-59.243,-59.658
BOOST_NEGPULSE_1S,1356,0.79297,0.921,0.9097,-0.0113,2.114,-57.295,-59.052,-59.1
BOOST_NEGPULSE_1S,1356,0.79297,0.8424,0.8311,-0.0113,2.101,-56.93,-57.866,-58.187
BOOST_NEGPULSE_1S,1356,0.79297,0.7639,0.7468,-0.0171,2.031,-55.037,-56.546,-56.679
BOOST_NEGPULSE_1S,1356,0.79297,0.6853,0.6671,-0.0182,1.904,-51.604,-53.318,-52.721
BOOST_NEGPULSE_1S,1356,0.79297,0.6067,0.587,-0.0197,1.776,-48.141,-49.743,-49.556
BOOST_NEGPULSE_1S,1356,0.79297,0.5281,0.5084,-0.0197,1.639,-44.422,-45.797,-43.973
BOOST_NEGPULSE_1S,1356,0.79297,0.4496,0.4326,-0.017,1.427,-38.675,-41.257,-38.316
BOOST_NEGPULSE_1S,1356,0.79297,0.371,0.3546,-0.0164,1.069,-28.969,-32.822,-31.448
BOOST_NEGPULSE_1S,1356,0.79297,0.3318,0.3154,-0.0164,0.959,-25.982,-28.385,-27.508
BOOST_NEGPULSE_1S,1393,0.78817,1.0,0.9661,-0.0339,2.091,-56.336,-55.764,-56.727
BOOST_NEGPULSE_1S,1393,0.78817,0.9601,0.9337,-0.0264,2.076,-55.913,-56.017,-56.426
BOOST_NEGPULSE_1S,1393,0.78817,0.9211,0.9054,-0.0157,2.068,-55.69,-55.715,-55.788
BOOST_NEGPULSE_1S,1393,0.78817,0.843,0.8251,-0.0179,2.048,-55.176,-54.722,-55.162
BOOST_NEGPULSE_1S,1393,0.78817,0.7649,0.7404,-0.0245,1.973,-53.148,-53.428,-53.382
BOOST_NEGPULSE_1S,1393,0.78817,0.6869,0.6586,-0.0283,1.849,-49.814,-50.038,-49.195
BOOST_NEGPULSE_1S,1393,0.78817,0.6088,0.5782,-0.0306,1.724,-46.446,-46.919,-46.667
BOOST_NEGPULSE_1S,1393,0.78817,0.5307,0.5011,-0.0296,1.587,-42.742,-43.135,-41.485
BOOST_NEGPULSE_1S,1393,0.78817,0.4526,0.4272,-0.0254,1.372,-36.959,-39.169,-35.876
BOOST_NEGPULSE_1S,1393,0.78817,0.3745,0.351,-0.0235,1.022,-27.528,-30.717,-29.258
BOOST_NEGPULSE_1S,1393,0.78817,0.3355,0.3127,-0.0228,0.943,-25.41,-26.948,-25.748
BOOST_NEGPULSE_1S,1431,0.78603,1.0,0.9646,-0.0354,2.029,-54.531,-55.978,-57.092
BOOST_NEGPULSE_1S,1431,0.78603,0.9598,0.9313,-0.0285,2.011,-54.056,-56.362,-56.739
BOOST_NEGPULSE_1S,1431,0.78603,0.9209,0.9006,-0.0203,2.009,-54.006,-55.884,-55.934
BOOST_NEGPULSE_1S,1431,0.78603,0.843,0.8186,-0.0244,1.989,-53.456,-54.805,-55.394
BOOST_NEGPULSE_1S,1431,0.78603,0.765,0.7331,-0.0319,1.908,-51.295,-53.451,-53.265
BOOST_NEGPULSE_1S,1431,0.78603,0.6871,0.6491,-0.038,1.784,-47.964,-49.853,-48.798
BOOST_NEGPULSE_1S,1431,0.78603,0.6092,0.5678,-0.0414,1.662,-44.688,-46.736,-46.489
BOOST_NEGPULSE_1S,1431,0.78603,0.5313,0.4921,-0.0392,1.523,-40.94,-42.825,-41.458
BOOST_NEGPULSE_1S,1431,0.78603,0.4534,0.4197,-0.0337,1.305,-35.084,-39.154,-35.272
BOOST_NEGPULSE_1S,1431,0.78603,0.3755,0.3444,-0.0311,0.988,-26.559,-30.331,-28.55
BOOST_NEGPULSE_1S,1468,0.77231,1.0,0.9676,-0.0324,2.005,-52.899,-51.162,-52.503
BOOST_NEGPULSE_1S,1468,0.77231,0.96,0.9352,-0.0248,1.991,-52.526,-51.932,-52.298
BOOST_NEGPULSE_1S,1468,0.77231,0.9218,0.9061,-0.0157,1.986,-52.392,-51.351,-50.918
BOOST_NEGPULSE_1S,1468,0.77231,0.8453,0.825,-0.0203,1.959,-51.683,-51.168,-52.196
BOOST_NEGPULSE_1S,1468,0.77231,0.7689,0.735,-0.0339,1.877,-49.52,-50.354,-48.161
BOOST_NEGPULSE_1S,1468,0.77231,0.6924,0.6554,-0.037,1.758,-46.367,-46.172,-45.458
BOOST_NEGPULSE_1S,1468,0.77231,0.6159,0.5776,-0.0383,1.636,-43.173,-43.224,-42.268
BOOST_NEGPULSE_1S,1468,0.77231,0.5395,0.5039,-0.0356,1.496,-39.457,-38.793,-38.799
BOOST_NEGPULSE_1S,1468,0.77231,0.463,0.4335,-0.0295,1.277,-33.694,-36.873,-33.922
BOOST_NEGPULSE_1S,1468,0.77231,0.3865,0.3594,-0.0271,0.983,-25.923,-28.686,-27.181
BOOST_NEGPULSE_1S,1468,0.77231,0.3483,0.3239,-0.0244,0.916,-24.146,-25.703,-24.362
BOOST_NEGPULSE_1S,1506,0.7708,1.0,0.9661,-0.0339,1.93,-50.882,-53.058,-54.535
BOOST_NEGPULSE_1S,1506,0.7708,0.9594,0.933,-0.0264,1.916,-50.49,-53.941,-54.271
BOOST_NEGPULSE_1S,1506,0.7708,0.9212,0.9023,-0.0189,1.917,-50.539,-53.083,-52.405
BOOST_NEGPULSE_1S,1506,0.7708,0.8448,0.8203,-0.0245,1.89,-49.809,-52.896,-54.266
BOOST_NEGPULSE_1S,1506,0.7708,0.7684,0.7286,-0.0398,1.8,-47.445,-52.082,-49.352
BOOST_NEGPULSE_1S,1506,0.7708,0.692,0.6482,-0.0438,1.683,-44.348,-47.441,-46.779
BOOST_NEGPULSE_1S,1506,0.7708,0.6156,0.5696,-0.046,1.566,-41.282,-44.587,-43.329
BOOST_NEGPULSE_1S,1506,0.7708,0.5392,0.4975,-0.0417,1.425,-37.567,-39.88,-40.249
BOOST_NEGPULSE_1S,1506,0.7708,0.4628,0.4279,-0.0349,1.203,-31.715,-38.125,-34.591
BOOST_NEGPULSE_1S,1506,0.7708,0.3864,0.3538,-0.0326,0.959,-25.276,-29.515,-27.738
BOOST_NEGPULSE_1S,1543,0.76439,1.0,0.9656,-0.0344,1.863,-48.703,-47.92,-49.415
BOOST_NEGPULSE_1S,1543,0.76439,0.9588,0.9341,-0.0247,1.853,-48.427,-48.952,-49.127
BOOST_NEGPULSE_1S,1543,0.76439,0.921,0.9042,-0.0168,1.857,-48.542,-47.535,-47.023
BOOST_NEGPULSE_1S,1543,0.76439,0.8452,0.8231,-0.0221,1.822,-47.63,-47.794,-50.098
BOOST_NEGPULSE_1S,1543,0.76439,0.7694,0.7272,-0.0422,1.733,-45.302,-47.912,-44.388
BOOST_NEGPULSE_1S,1543,0.76439,0.6936,0.6503,-0.0433,1.618,-42.295,-42.609,-42.821
BOOST_NEGPULSE_1S,1543,0.76439,0.6179,0.574,-0.0439,1.504,-39.324,-40.602,-38.794
BOOST_NEGPULSE_1S,1543,0.76439,0.5421,0.5029,-0.0392,1.364,-35.645,-36.394,-37.082
BOOST_NEGPULSE_1S,1543,0.76439,0.4663,0.434,-0.0323,1.14,-29.804,-34.485,-31.01
BOOST_NEGPULSE_1S,1543,0.76439,0.3905,0.3598,-0.0307,0.939,-24.54,-27.173,-25.488
BOOST_NEGPULSE_1S,1581,0.75798,1.0,0.965,-0.035,1.809,-46.904,-47.517,-49.045
BOOST_NEGPULSE_1S,1581,0.75798,0.9582,0.9346,-0.0236,1.803,-46.741,-48.6,-48.209
BOOST_NEGPULSE_1S,1581,0.75798,0.9206,0.9044,-0.0162,1.806,-46.832,-46.405,-45.895
BOOST_NEGPULSE_1S,1581,0.75798,0.8455,0.8238,-0.0217,1.765,-45.759,-47.281,-50.471
BOOST_NEGPULSE_1S,1581,0.75798,0.7703,0.7281,-0.0422,1.673,-43.388,-46.921,-43.132
BOOST_NEGPULSE_1S,1581,0.75798,0.6952,0.652,-0.0432,1.562,-40.486,-41.81,-42.848
BOOST_NEGPULSE_1S,1581,0.75798,0.62,0.5768,-0.0432,1.45,-37.597,-39.852,-37.712
BOOST_NEGPULSE_1S,1581,0.75798,0.5449,0.5099,-0.035,1.308,-33.908,-36.519,-37.192
BOOST_NEGPULSE_1S,1581,0.75798,0.4697,0.44,-0.0297,1.085,-28.134,-33.756,-30.285
BOOST_NEGPULSE_1S,1581,0.75798,0.3946,0.3663,-0.0283,0.919,-23.812,-26.747,-25.379
BOOST_NEGPULSE_1S,1618,0.75233,1.0,0.9642,-0.0358,1.755,-45.184,-44.094,-45.916
BOOST_NEGPULSE_1S,1618,0.75233,0.9576,0.9342,-0.0234,1.754,-45.14,-45.916,-44.369
BOOST_NEGPULSE_1S,1618,0.75233,0.9203,0.9017,-0.0186,1.757,-45.223,-42.172,-41.638
BOOST_NEGPULSE_1S,1618,0.75233,0.8457,0.8207,-0.025,1.712,-44.066,-44.039,-47.2
BOOST_NEGPULSE_1S,1618,0.75233,0.7711,0.7398,-0.0313,1.618,-41.646,-43.109,-38.361
BOOST_NEGPULSE_1S,1618,0.75233,0.6965,0.6581,-0.0384,1.511,-38.898,-38.732,-40.213
BOOST_NEGPULSE_1S,1618,0.75233,0.6219,0.5787,-0.0432,1.403,-36.11,-36.749,-34.234
BOOST_NEGPULSE_1S,1618,0.75233,0.5472,0.5097,-0.0375,1.261,-32.469,-33.791,-35.068
BOOST_NEGPULSE_1S,1618,0.75233,0.4726,0.4425,-0.0301,1.043,-26.847,-31.057,-27.884
BOOST_NEGPULSE_1S,1618,0.75233,0.398,0.3711,-0.0269,0.91,-22.869,-25.226,-22.934
BOOST_NEGPULSE_1S,1656,0.74459,1.0,0.9627,-0.0373,1.707,-43.475,-44.421,-47.726
BOOST_NEGPULSE_1S,1656,0.74459,0.9569,0.934,-0.0229,1.709,-43.532,-47.555,-45.823
BOOST_NEGPULSE_1S,1656,0.74459,0.92,0.8991,-0.0209,1.711,-43.58,-42.225,-40.871
BOOST_NEGPULSE_1S,1656,0.74459,0.8462,0.8177,-0.0285,1.66,-42.3,-44.615,-47.999
BOOST_NEGPULSE_1S,1656,0.74459,0.7723,0.7356,-0.0367,1.567,-39.925,-41.559,-37.231
BOOST_NEGPULSE_1S,1656,0.74459,0.6985,0.6537,-0.0448,1.464,-37.303,-39.052,-40.98
BOOST_NEGPULSE_1S,1656,0.74459,0.6246,0.577,-0.0476,1.358,-34.585,-36.325,-34.138
BOOST_NEGPULSE_1S,1656,0.74459,0.5508,0.5096,-0.0412,1.216,-30.977,-33.945,-36.152
BOOST_NEGPULSE_1S,1656,0.74459,0.4769,0.4482,-0.0287,1.003,-25.54,-31.558,-29.25
BOOST_NEGPULSE_1S,1656,0.74459,0.4031,0.3787,-0.0244,0.903,-21.645,-26.405,-23.975
BOOST_NEGPULSE_1S,1656,0.74459,0.3662,0.3481,-0.0181,0.935,-18.362,-22.215,-21.889
BOOST_NEGPULSE_1S,1693,0.73512,1.0,0.958,-0.042,1.647,-41.423,-45.636,-50.261
BOOST_NEGPULSE_1S,1693,0.73512,0.9562,0.9319,-0.0243,1.656,-41.641,-49.512,-47.34
BOOST_NEGPULSE_1S,1693,0.73512,0.9198,0.8959,-0.0239,1.655,-41.615,-43.736,-41.355
BOOST_NEGPULSE_1S,1693,0.73512,0.8469,0.8138,-0.0331,1.6,-40.238,-45.489,-49.447
BOOST_NEGPULSE_1S,1693,0.73512,0.774,0.7331,-0.0409,1.509,-37.957,-40.917,-38.362
BOOST_NEGPULSE_1S,1693,0.73512,0.701,0.6527,-0.0483,1.412,-35.507,-39.613,-41.278
BOOST_NEGPULSE_1S,1693,0.73512,0.6282,0.5789,-0.0493,1.309,-32.916,-36.417,-34.892
BOOST_NEGPULSE_1S,1693,0.73512,0.5552,0.513,-0.0422,1.167,-29.34,-34.467,-36.666
BOOST_NEGPULSE_1S,1693,0.73512,0.4823,0.4514,-0.0309,0.973,-24.476,-32.492,-30.4
BOOST_NEGPULSE_1S,1693,0.73512,0.4094,0.3847,-0.0247,0.898,-20.367,-27.579,-25.101
BOOST_NEGPULSE_1S,1693,0.73512,0.373,0.3568,-0.0162,0.946,-17.733,-23.466,-22.598
BOOST_NEGPULSE_1S,1731,0.72655,1.0,0.9524,-0.0476,1.606,-39.918,-41.559,-46.339
BOOST_NEGPULSE_1S,1731,0.72655,0.9555,0.9291,-0.0264,1.619,-40.261,-44.984,-42.35
BOOST_NEGPULSE_1S,1731,0.72655,0.9195,0.8941,-0.0254,1.616,-40.18,-38.924,-36.869
BOOST_NEGPULSE_1S,1731,0.72655,0.8474,0.8107,-0.0367,1.558,-38.727,-41.009,-43.655
BOOST_NEGPULSE_1S,1731,0.72655,0.7753,0.7321,-0.0432,1.467,-36.463,-36.915,-35.279
BOOST_NEGPULSE_1S,1731,0.72655,0.7033,0.6543,-0.049,1.373,-34.139,-35.634,-36.454
BOOST_NEGPULSE_1S,1731,0.72655,0.6312,0.5811,-0.0501,1.269,-31.554,-32.803,-32.325
BOOST_NEGPULSE_1S,1731,0.72655,0.5591,0.5162,-0.0429,1.128,-28.047,-31.268,-32.937
BOOST_NEGPULSE_1S,1731,0.72655,0.4871,0.4511,-0.036,0.961,-23.903,-29.913,-27.667
BOOST_NEGPULSE_1S,1731,0.72655,0.415,0.3886,-0.0264,0.899,-19.45,-24.331,-22.3
BOOST_NEGPULSE_1S,1768,0.71429,1.0,0.9482,-0.0518,1.561,-38.161,-40.749,-45.2
BOOST_NEGPULSE_1S,1768,0.71429,0.955,0.9261,-0.0289,1.579,-38.593,-43.822,-40.177
BOOST_NEGPULSE_1S,1768,0.71429,0.9196,0.8919,-0.0277,1.573,-38.454,-37.314,-35.691
BOOST_NEGPULSE_1S,1768,0.71429,0.8487,0.8077,-0.041,1.513,-36.991,-39.671,-41.944
BOOST_NEGPULSE_1S,1768,0.71429,0.7779,0.7304,-0.0475,1.426,-34.865,-37.635,-35.78
BOOST_NEGPULSE_1S,1768,0.71429,0.707,0.6546,-0.0524,1.337,-32.671,-34.691,-34.831
BOOST_NEGPULSE_1S,1768,0.71429,0.6362,0.5819,-0.0543,1.233,-30.15,-34.116,-33.613
BOOST_NEGPULSE_1S,1768,0.71429,0.5653,0.5172,-0.0481,1.095,-26.753,-32.138,-29.764
BOOST_NEGPULSE_1S,1768,0.71429,0.4945,0.4538,-0.0407,0.952,-23.273,-29.812,-27.454
BOOST_NEGPULSE_1S,1768,0.71429,0.4236,0.3933,-0.0303,0.905,-18.808,-23.593,-21.553
BOOST_NEGPULSE_1S,1768,0.71429,0.3528,0.3481,-0.0047,0.951,-13.347,-18.01,-17.712
BOOST_NEGPULSE_1S,1806,0.71601,1.0,0.9448,-0.0552,1.489,-36.53,-37.363,-40.926
BOOST_NEGPULSE_1S,1806,0.71601,0.9539,0.9206,-0.0333,1.508,-37.002,-40.148,-35.846
BOOST_NEGPULSE_1S,1806,0.71601,0.9183,0.8833,-0.035,1.502,-36.863,-33.84,-33.678
BOOST_NEGPULSE_1S,1806,0.71601,0.8472,0.7964,-0.0508,1.443,-35.406,-36.255,-38.267
BOOST_NEGPULSE_1S,1806,0.71601,0.7761,0.7181,-0.058,1.355,-33.248,-33.796,-33.162
BOOST_NEGPULSE_1S,1806,0.71601,0.705,0.6415,-0.0635,1.268,-31.103,-31.689,-32.412
BOOST_NEGPULSE_1S,1806,0.71601,0.6338,0.5687,-0.0651,1.165,-28.591,-30.832,-30.494
BOOST_NEGPULSE_1S,1806,0.71601,0.5627,0.5061,-0.0566,1.024,-25.126,-29.066,-28.553
BOOST_NEGPULSE_1S,1806,0.71601,0.4916,0.4436,-0.048,0.924,-22.666,-25.704,-24.794
BOOST_NEGPULSE_1S,1806,0.71601,0.4205,0.3841,-0.0364,0.968,-16.904,-21.44,-18.822
BOOST_NEGPULSE_1S,1806,0.71601,0.3849,0.361,-0.0239,0.947,-14.199,-18.051,-17.125
BOOST_NEGPULSE_1S,1806,0.71601,0.3494,0.3411,-0.0083,0.952,-10.618,-15.727,-15.352
BOOST_NEGPULSE_1S,1843,0.70208,1.0,0.9399,-0.0601,1.441,-34.638,-37.7,-40.353
BOOST_NEGPULSE_1S,1843,0.70208,0.9529,0.9148,-0.0381,1.462,-35.164,-40.258,-35.21
BOOST_NEGPULSE_1S,1843,0.70208,0.9181,0.8756,-0.0425,1.453,-34.935,-33.932,-34.941
BOOST_NEGPULSE_1S,1843,0.70208,0.8484,0.7886,-0.0598,1.393,-33.498,-36.339,-38.254
BOOST_NEGPULSE_1S,1843,0.70208,0.7787,0.7124,-0.0663,1.31,-31.505,-35.198,-32.935
BOOST_NEGPULSE_1S,1843,0.70208,0.709,0.6364,-0.0726,1.227,-29.496,-30.988,-32.774
BOOST_NEGPULSE_1S,1843,0.70208,0.6393,0.5685,-0.0708,1.128,-27.115,-31.059,-26.707
BOOST_NEGPULSE_1S,1843,0.70208,0.5696,0.5061,-0.0635,0.994,-23.891,-25.294,-28.316
BOOST_NEGPULSE_1S,1843,0.70208,0.4999,0.4439,-0.056,0.916,-21.965,-26.35,-24.136
BOOST_NEGPULSE_1S,1843,0.70208,0.4303,0.385,-0.0453,0.971,-16.483,-21.675,-19.196
BOOST_NEGPULSE_1S,1881,0.69114,1.0,0.9363,-0.0637,1.393,-32.996,-37.638,-38.492
BOOST_NEGPULSE_1S,1881,0.69114,0.9521,0.9072,-0.0449,1.415,-33.526,-38.717,-35.194
BOOST_NEGPULSE_1S,1881,0.69114,0.9177,0.8663,-0.0514,1.402,-33.221,-33.311,-35.887
BOOST_NEGPULSE_1S,1881,0.69114,0.8491,0.78,-0.0691,1.343,-31.808,-35.769,-35.955
BOOST_NEGPULSE_1S,1881,0.69114,0.7804,0.7046,-0.0758,1.267,-30.025,-33.853,-33.129
BOOST_NEGPULSE_1S,1881,0.69114,0.7117,0.6318,-0.0799,1.186,-28.104,-31.331,-31.237
BOOST_NEGPULSE_1S,1881,0.69114,0.6431,0.5647,-0.0784,1.088,-25.769,-30.009,-24.171
BOOST_NEGPULSE_1S,1881,0.69114,0.5744,0.5036,-0.0708,0.963,-22.818,-23.48,-25.212
BOOST_REST,40,0.99363,1.0,0.9897,-0.0103,3.583,-121.372,-121.624,-124.205
BOOST_REST,40,0.99363,0.9493,0.9417,-0.0076,3.812,-129.136,-127.86,-127.85
BOOST_REST,40,0.99363,0.9002,0.8909,-0.0093,3.763,-127.486,-126.642,-125.831
BOOST_REST,40,0.99363,0.802,0.7979,-0.0041,3.399,-115.153,-114.024,-113.977
BOOST_REST,40,0.99363,0.7038,0.7018,-0.002,3.37,-114.174,-111.48,-111.602
BOOST_REST,40,0.99363,0.6056,0.5948,-0.0108,3.197,-108.314,-102.917,-103.405
BOOST_REST,40,0.99363,0.5074,0.4996,-0.0078,2.872,-97.303,-97.399,-97.997
BOOST_REST,40,0.99363,0.4092,0.4033,-0.0059,2.706,-91.695,-91.361,-91.694
BOOST_REST,40,0.99363,0.311,0.3072,-0.0038,2.513,-85.149,-84.918,-84.896
BOOST_REST,40,0.99363,0.2128,0.2083,-0.0045,2.214,-74.995,-72.647,-72.748
BOOST_REST,40,0.99363,0.1637,0.1564,-0.0073,1.904,-64.497,-63.519,-62.891
BOOST_REST,76,0.98915,1.0,0.9896,-0.0104,3.6,-121.508,-126.752,-129.458
BOOST_REST,76,0.98915,0.9498,0.9418,-0.008,3.76,-126.893,-133.525,-133.51
BOOST_REST,76,0.98915,0.9009,0.8914,-0.0095,3.721,-125.611,-132.22,-131.416
BOOST_REST,76,0.98915,0.8031,0.7982,-0.0049,3.369,-113.72,-119.077,-118.907
BOOST_REST,76,0.98915,0.7053,0.7023,-0.003,3.339,-112.697,-116.313,-116.508
BOOST_REST,76,0.98915,0.6075,0.5963,-0.0112,3.193,-107.786,-107.325,-108.403
BOOST_REST,76,0.98915,0.5096,0.5003,-0.0093,2.862,-96.579,-101.472,-102.281
BOOST_REST,76,0.98915,0.4118,0.4042,-0.0076,2.695,-90.963,-95.145,-95.705
BOOST_REST,76,0.98915,0.314,0.3082,-0.0058,2.497,-84.29,-88.29,-88.527
BOOST_REST,76,0.98915,0.2161,0.2098,-0.0063,2.178,-73.516,-75.499,-75.643
BOOST_REST,76,0.98915,0.1672,0.159,-0.0082,1.88,-63.44,-66.12,-65.433
BOOST_REST,112,0.97716,1.0,0.9896,-0.0104,3.56,-118.629,-124.694,-127.137
BOOST_REST,112,0.97716,0.9506,0.9423,-0.0083,3.691,-122.98,-130.984,-131.129
BOOST_REST,112,0.97716,0.9023,0.8926,-0.0097,3.649,-121.586,-129.848,-129.238
BOOST_REST,112,0.97716,0.8058,0.8008,-0.005,3.325,-110.801,-117.412,-116.959
BOOST_REST,112,0.97716,0.7092,0.7055,-0.0037,3.312,-110.357,-114.257,-114.501
BOOST_REST,112,0.97716,0.6126,0.6043,-0.0083,3.16,-105.297,-106.492,-108.047
BOOST_REST,112,0.97716,0.516,0.5072,-0.0088,2.84,-94.641,-100.168,-100.916
BOOST_REST,112,0.97716,0.4194,0.4121,-0.0073,2.67,-88.977,-94.033,-94.556
BOOST_REST,112,0.97716,0.3227,0.3172,-0.0055,2.478,-82.561,-87.25,-87.495
BOOST_REST,112,0.97716,0.2262,0.2206,-0.0056,2.17,-72.323,-67.012,-67.066
BOOST_REST,112,0.97716,0.1779,0.1717,-0.0062,1.821,-60.672,-64.089,-63.92
BOOST_REST,150,0.96752,1.0,0.9896,-0.0104,3.505,-115.611,-121.12,-123.334
BOOST_REST,150,0.96752,0.9513,0.943,-0.0083,3.682,-121.474,-126.307,-126.622
BOOST_REST,150,0.96752,0.9035,0.8939,-0.0096,3.655,-120.571,-125.85,-125.432
BOOST_REST,150,0.96752,0.8078,0.8034,-0.0044,3.368,-111.1,-113.955,-113.572
BOOST_REST,150,0.96752,0.7123,0.7078,-0.0045,3.296,-108.722,-110.278,-110.732
BOOST_REST,150,0.96752,0.6166,0.6099,-0.0067,3.122,-102.997,-104.858,-105.302
BOOST_REST,150,0.96752,0.521,0.5122,-0.0088,2.875,-94.843,-98.042,-98.575
BOOST_REST,150,0.96752,0.4253,0.4182,-0.0071,2.685,-88.561,-92.209,-92.551
BOOST_REST,150,0.96752,0.3297,0.3241,-0.0056,2.48,-81.82,-85.574,-85.387
BOOST_REST,150,0.96752,0.2341,0.2298,-0.0043,2.155,-71.082,-64.298,-63.897
BOOST_REST,150,0.96752,0.1863,0.1822,-0.0041,1.835,-60.525,-60.504,-60.54
BOOST_REST,187,0.95751,1.0,0.9896,-0.0104,3.469,-113.285,-118.994,-121.112
BOOST_REST,187,0.95751,0.9523,0.9428,-0.0095,3.554,-116.04,-123.247,-123.724
BOOST_REST,187,0.95751,0.905,0.8926,-0.0124,3.555,-116.074,-123.283,-123.079
BOOST_REST,187,0.95751,0.8104,0.8066,-0.0038,3.282,-107.164,-112.28,-111.93
BOOST_REST,187,0.95751,0.7157,0.7117,-0.004,3.282,-107.174,-108.321,-108.828
BOOST_REST,187,0.95751,0.6211,0.6172,-0.0039,3.119,-101.845,-103.936,-104.108
BOOST_REST,187,0.95751,0.5264,0.5194,-0.007,2.828,-92.325,-97.288,-97.708
BOOST_REST,187,0.95751,0.4318,0.4256,-0.0062,2.649,-86.498,-91.391,-91.683
BOOST_REST,187,0.95751,0.3371,0.3322,-0.0049,2.476,-80.845,-84.069,-83.915
BOOST_REST,187,0.95751,0.2425,0.2399,-0.0026,2.106,-68.776,-65.25,-64.746
BOOST_REST,187,0.95751,0.1951,0.1949,-0.0002,1.76,-57.455,-58.167,-58.163
BOOST_REST,225,0.94743,1.0,0.9893,-0.0107,3.445,-111.282,-115.012,-117.026
BOOST_REST,225,0.94743,0.9531,0.9439,-0.0092,3.612,-116.677,-118.163,-118.735
BOOST_REST,225,0.94743,0.9063,0.8963,-0.01,3.525,-113.878,-118.145,-118.182
BOOST_REST,225,0.94743,0.8127,0.809,-0.0037,3.261,-105.354,-109.434,-109.109
BOOST_REST,225,0.94743,0.719,0.7141,-0.0049,3.246,-104.869,-105.537,-106.05
BOOST_REST,225,0.94743,0.6254,0.6216,-0.0038,3.069,-99.148,-101.68,-101.795
BOOST_REST,225,0.94743,0.5317,0.5257,-0.006,2.858,-92.32,-95.402,-95.363
BOOST_REST,225,0.94743,0.4381,0.4324,-0.0057,2.687,-86.783,-89.117,-89.373
BOOST_REST,225,0.94743,0.3445,0.3394,-0.0051,2.442,-78.897,-81.886,-81.349
BOOST_REST,225,0.94743,0.2508,0.2487,-0.0021,2.1,-67.85,-67.789,-66.116
BOOST_REST,225,0.94743,0.204,0.2047,0.0007,1.736,-56.071,-55.118,-55.175
BOOST_REST,262,0.93814,1.0,0.989,-0.011,3.332,-106.576,-108.93,-110.575
BOOST_REST,262,0.93814,0.9536,0.9438,-0.0098,3.462,-110.748,-111.351,-111.862
BOOST_REST,262,0.93814,0.9073,0.8969,-0.0104,3.453,-110.477,-111.265,-111.233
BOOST_REST,262,0.93814,0.8146,0.8106,-0.004,3.222,-103.07,-103.799,-103.579
BOOST_REST,262,0.93814,0.7219,0.7167,-0.0052,3.16,-101.098,-100.748,-101.092
BOOST_REST,262,0.93814,0.6291,0.626,-0.0031,2.984,-95.441,-97.531,-97.618
BOOST_REST,262,0.93814,0.5364,0.5315,-0.0049,2.771,-88.649,-90.725,-90.678
BOOST_REST,262,0.93814,0.4437,0.4377,-0.006,2.597,-83.063,-84.838,-84.79
BOOST_REST,262,0.93814,0.3509,0.3453,-0.0056,2.412,-77.152,-78.159,-76.351
BOOST_REST,262,0.93814,0.2582,0.2564,-0.0018,2.031,-64.979,-63.732,-63.796
BOOST_REST,262,0.93814,0.2119,0.2131,0.0012,1.659,-53.068,-51.121,-51.165
BOOST_REST,300,0.9312,1.0,0.989,-0.011,3.311,-105.187,-107.925,-109.54
BOOST_REST,300,0.9312,0.9539,0.9445,-0.0094,3.464,-110.042,-110.531,-111.029
BOOST_REST,300,0.9312,0.9079,0.8987,-0.0092,3.382,-107.426,-109.757,-109.804
BOOST_REST,300,0.9312,0.8159,0.8134,-0.0025,3.177,-100.933,-102.002,-101.865
BOOST_REST,300,0.9312,0.7238,0.7193,-0.0045,3.145,-99.915,-100.754,-101.081
BOOST_REST,300,0.9312,0.6317,0.6298,-0.0019,2.976,-94.539,-97.268,-97.321
BOOST_REST,300,0.9312,0.5396,0.5368,-0.0028,2.799,-88.924,-90.383,-90.353
BOOST_REST,300,0.9312,0.4475,0.443,-0.0045,2.579,-81.941,-84.346,-84.309
BOOST_REST,300,0.9312,0.3554,0.3506,-0.0048,2.404,-76.386,-77.522,-77.458
BOOST_REST,300,0.9312,0.2633,0.2622,-0.0011,2.012,-63.911,-62.658,-62.698
BOOST_REST,300,0.9312,0.2173,0.2208,0.0035,1.655,-52.565,-50.066,-50.087
BOOST_REST,337,0.92178,1.0,0.9888,-0.0112,3.151,-99.111,-103.78,-105.389
BOOST_REST,337,0.92178,0.9544,0.9445,-0.0099,3.261,-102.554,-106.468,-106.996
BOOST_REST,337,0.92178,0.9088,0.8994,-0.0094,3.27,-102.825,-105.126,-105.105
BOOST_REST,337,0.92178,0.8177,0.8164,-0.0013,3.028,-95.238,-97.317,-97.247
BOOST_REST,337,0.92178,0.7265,0.7231,-0.0034,3.061,-96.267,-98.353,-98.606
BOOST_REST,337,0.92178,0.6354,0.6353,-0.0001,2.841,-89.351,-94.262,-94.261
BOOST_REST,337,0.92178,0.5442,0.5434,-0.0008,2.664,-83.769,-87.53,-87.468
BOOST_REST,337,0.92178,0.453,0.4499,-0.0031,2.479,-77.972,-81.514,-81.621
BOOST_REST,337,0.92178,0.3619,0.3576,-0.0043,2.281,-71.722,-74.41,-74.515
BOOST_REST,337,0.92178,0.2707,0.2711,0.0004,1.947,-61.208,-59.796,-59.816
BOOST_REST,337,0.92178,0.2251,0.2311,0.006,1.546,-48.623,-48.517,-48.973
BOOST_REST,375,0.9129,1.0,0.9884,-0.0116,3.124,-97.343,-99.895,-101.476
BOOST_REST,375,0.9129,0.9548,0.9447,-0.0101,3.218,-100.266,-102.132,-102.629
BOOST_REST,375,0.9129,0.9097,0.9003,-0.0094,3.211,-100.047,-100.901,-100.827
BOOST_REST,375,0.9129,0.8194,0.8182,-0.0012,3.01,-93.767,-93.291,-93.424
BOOST_REST,375,0.9129,0.7291,0.7251,-0.004,2.998,-93.41,-95.359,-95.64
BOOST_REST,375,0.9129,0.6388,0.639,0.0002,2.85,-88.79,-90.891,-90.892
BOOST_REST,375,0.9129,0.5485,0.5491,0.0006,2.628,-81.872,-84.738,-84.803
BOOST_REST,375,0.9129,0.4582,0.4549,-0.0033,2.465,-76.79,-77.826,-78.188
BOOST_REST,375,0.9129,0.3679,0.3632,-0.0047,2.286,-71.228,-71.072,-71.314
BOOST_REST,375,0.9129,0.2776,0.2784,0.0008,1.892,-58.948,-56.905,-56.943
BOOST_REST,375,0.9129,0.2324,0.2409,0.0085,1.514,-47.168,-44.929,-44.774
BOOST_REST,412,0.90105,1.0,0.9872,-0.0128,2.991,-92.007,-94.53,-95.939
BOOST_REST,412,0.90105,0.9554,0.9438,-0.0116,3.032,-93.259,-95.429,-95.958
BOOST_REST,412,0.90105,0.9108,0.9002,-0.0106,3.003,-92.364,-95.142,-95.066
BOOST_REST,412,0.90105,0.8217,0.8215,-0.0002,2.884,-88.728,-88.399,-88.417
BOOST_REST,412,0.90105,0.7325,0.7292,-0.0033,2.844,-87.476,-90.25,-90.285
BOOST_REST,412,0.90105,0.6434,0.6447,0.0013,2.692,-82.799,-85.787,-85.912
BOOST_REST,412,0.90105,0.5542,0.5562,0.002,2.544,-78.258,-80.468,-80.28
BOOST_REST,412,0.90105,0.4651,0.4627,-0.0024,2.353,-72.368,-73.426,-73.664
BOOST_REST,412,0.90105,0.3759,0.3725,-0.0034,2.163,-66.543,-67.362,-67.528
BOOST_REST,412,0.90105,0.2867,0.2909,0.0042,1.819,-55.945,-46.124,-47.659
BOOST_REST,412,0.90105,0.2421,0.2516,0.0095,1.426,-43.859,-41.226,-40.921
BOOST_REST,450,0.89044,1.0,0.9879,-0.0121,3.031,-92.085,-91.433,-92.415
BOOST_REST,450,0.89044,0.9559,0.9451,-0.0108,3.131,-95.105,-92.229,-92.84
BOOST_REST,450,0.89044,0.9119,0.9031,-0.0088,3.066,-93.134,-91.543,-91.49
BOOST_REST,450,0.89044,0.8238,0.8263,0.0025,2.93,-89.017,-86.14,-85.891
BOOST_REST,450,0.89044,0.7357,0.7352,-0.0005,2.883,-87.569,-87.208,-87.155
BOOST_REST,450,0.89044,0.6477,0.6518,0.0041,2.761,-83.89,-83.154,-83.418
BOOST_REST,450,0.89044,0.5596,0.5652,0.0056,2.529,-76.84,-77.097,-76.609
BOOST_REST,450,0.89044,0.4716,0.4718,0.0002,2.453,-74.517,-71.214,-71.201
BOOST_REST,450,0.89044,0.3835,0.3816,-0.0019,2.199,-66.789,-65.432,-65.518
BOOST_REST,450,0.89044,0.2954,0.3,0.0046,1.805,-54.827,-46.712,-51.744
BOOST_REST,450,0.89044,0.2514,0.2612,0.0098,1.493,-45.347,-39.049,-39.241
BOOST_REST,487,0.868,1.0,0.9882,-0.0118,3.254,-96.219,-82.61,-83.435
BOOST_REST,487,0.868,0.9571,0.946,-0.0111,3.363,-99.421,-82.788,-83.207
BOOST_REST,487,0.868,0.9143,0.9083,-0.006,3.327,-98.366,-81.986,-81.899
BOOST_REST,487,0.868,0.8286,0.8384,0.0098,3.15,-93.131,-80.721,-79.968
BOOST_REST,487,0.868,0.7429,0.7509,0.008,3.139,-92.798,-78.552,-79.04
BOOST_REST,487,0.868,0.6572,0.6702,0.013,2.989,-88.367,-75.434,-74.35
BOOST_REST,487,0.868,0.5715,0.5862,0.0147,2.782,-82.256,-69.863,-68.696
BOOST_REST,487,0.868,0.4858,0.4945,0.0087,2.614,-77.272,-66.17,-65.487
BOOST_REST,487,0.868,0.4001,0.405,0.0049,2.396,-70.831,-59.178,-59.496
BOOST_REST,487,0.868,0.3144,0.3251,0.0107,2.0,-59.118,-45.086,-45.469
BOOST_REST,487,0.868,0.2717,0.2868,0.0151,1.641,-48.527,-37.511,-38.663
BOOST_REST,525,0.86722,1.0,0.988,-0.012,3.089,-91.329,-85.909,-86.783
BOOST_REST,525,0.86722,0.9571,0.9451,-0.012,3.222,-95.259,-86.208,-86.614
BOOST_REST,525,0.86722,0.9143,0.9079,-0.0064,3.125,-92.404,-85.247,-85.13
BOOST_REST,525,0.86722,0.8286,0.8368,0.0082,3.024,-89.418,-83.621,-83.089
BOOST_REST,525,0.86722,0.7428,0.7488,0.006,2.971,-87.849,-81.389,-81.856
BOOST_REST,525,0.86722,0.6572,0.6679,0.0107,2.835,-83.831,-78.106,-77.146
BOOST_REST,525,0.86722,0.5714,0.5845,0.0131,2.626,-77.64,-72.399,-71.319
BOOST_REST,525,0.86722,0.4857,0.4937,0.008,2.482,-73.374,-68.656,-68.014
BOOST_REST,525,0.86722,0.4,0.4045,0.0045,2.264,-66.95,-61.284,-61.587
BOOST_REST,525,0.86722,0.3143,0.3237,0.0094,1.89,-55.89,-46.411,-46.755
BOOST_REST,525,0.86722,0.2715,0.2859,0.0144,1.572,-46.48,-38.755,-39.625
BOOST_REST,562,0.86055,1.0,0.9871,-0.0129,2.885,-84.679,-83.732,-84.429
BOOST_REST,562,0.86055,0.9574,0.9434,-0.014,2.949,-86.542,-83.765,-84.108
BOOST_REST,562,0.86055,0.9149,0.908,-0.0069,2.922,-85.765,-82.738,-82.616
BOOST_REST,562,0.86055,0.8298,0.8388,0.009,2.809,-82.443,-81.801,-81.513
BOOST_REST,562,0.86055,0.7447,0.7517,0.007,2.791,-81.922,-79.367,-79.623
BOOST_REST,562,0.86055,0.6597,0.6719,0.0122,2.649,-77.763,-76.015,-74.878
BOOST_REST,562,0.86055,0.5746,0.5886,0.014,2.478,-72.744,-70.743,-69.63
BOOST_REST,562,0.86055,0.4895,0.4988,0.0093,2.333,-68.464,-67.05,-66.793
BOOST_REST,562,0.86055,0.4044,0.4098,0.0054,2.133,-62.595,-59.853,-60.144
BOOST_REST,562,0.86055,0.3194,0.3299,0.0105,1.769,-51.907,-44.991,-45.318
BOOST_REST,562,0.86055,0.2768,0.2917,0.0149,1.432,-42.038,-39.492,-40.795
BOOST_REST,600,0.85242,1.0,0.9869,-0.0131,2.845,-82.728,-78.507,-79.165
BOOST_REST,600,0.85242,0.9578,0.9437,-0.0141,2.894,-84.144,-78.585,-79.021
BOOST_REST,600,0.85242,0.9157,0.9107,-0.005,2.869,-83.422,-77.96,-77.885
BOOST_REST,600,0.85242,0.8314,0.8435,0.0121,2.757,-80.172,-77.179,-77.035
BOOST_REST,600,0.85242,0.7471,0.757,0.0099,2.742,-79.751,-75.234,-75.365
BOOST_REST,600,0.85242,0.6629,0.679,0.0161,2.606,-75.782,-71.539,-70.126
BOOST_REST,600,0.85242,0.5786,0.5971,0.0185,2.441,-70.982,-67.707,-66.318
BOOST_REST,600,0.85242,0.4943,0.5079,0.0136,2.297,-66.782,-63.18,-63.14
BOOST_REST,600,0.85242,0.41,0.4192,0.0092,2.095,-60.936,-56.472,-56.691
BOOST_REST,600,0.85242,0.3257,0.3394,0.0137,1.726,-50.193,-42.349,-42.694
BOOST_REST,600,0.85242,0.2836,0.3014,0.0178,1.393,-40.509,-37.779,-38.277
BOOST_REST,637,0.84206,1.0,0.9859,-0.0141,2.682,-77.052,-76.702,-77.362
BOOST_REST,637,0.84206,0.9583,0.9435,-0.0148,2.729,-78.394,-76.811,-77.265
BOOST_REST,637,0.84206,0.9167,0.9135,-0.0032,2.708,-77.805,-76.423,-76.41
BOOST_REST,637,0.84206,0.8334,0.8491,0.0157,2.619,-75.242,-75.284,-75.727
BOOST_REST,637,0.84206,0.7502,0.7639,0.0137,2.599,-74.672,-74.665,-74.025
BOOST_REST,637,0.84206,0.6669,0.6886,0.0217,2.477,-71.146,-69.925,-68.125
BOOST_REST,637,0.84206,0.5836,0.6088,0.0252,2.324,-66.768,-66.826,-66.561
BOOST_REST,637,0.84206,0.5004,0.5212,0.0208,2.187,-62.815,-61.898,-61.856
BOOST_REST,637,0.84206,0.4171,0.4329,0.0158,1.994,-57.293,-54.552,-54.37
BOOST_REST,637,0.84206,0.3338,0.3526,0.0188,1.632,-46.892,-39.586,-41.833
BOOST_REST,637,0.84206,0.2922,0.315,0.0228,1.315,-37.772,-37.604,-37.579
BOOST_REST,675,0.83263,1.0,0.9881,-0.0119,2.696,-76.572,-72.901,-73.441
BOOST_REST,675,0.83263,0.9588,0.9456,-0.0132,2.733,-77.633,-73.082,-73.589
BOOST_REST,675,0.83263,0.9176,0.9145,-0.0031,2.713,-77.052,-72.765,-72.71
BOOST_REST,675,0.83263,0.8353,0.852,0.0167,2.614,-74.244,-72.23,-72.261
BOOST_REST,675,0.83263,0.753,0.7692,0.0162,2.599,-73.81,-71.759,-70.956
BOOST_REST,675,0.83263,0.6706,0.694,0.0234,2.476,-70.333,-66.889,-65.025
BOOST_REST,675,0.83263,0.5883,0.6146,0.0263,2.324,-66.003,-63.924,-64.272
BOOST_REST,675,0.83263,0.506,0.5289,0.0229,2.189,-62.174,-59.201,-59.202
BOOST_REST,675,0.83263,0.4236,0.4427,0.0191,1.996,-56.687,-51.513,-51.305
BOOST_REST,675,0.83263,0.3413,0.3633,0.022,1.627,-46.207,-37.6,-41.202
BOOST_REST,675,0.83263,0.3002,0.3256,0.0254,1.314,-37.33,-36.258,-35.662
BOOST_REST,712,0.82042,1.0,0.9886,-0.0114,2.585,-72.348,-70.615,-71.148
BOOST_REST,712,0.82042,0.9594,0.9474,-0.012,2.65,-74.158,-70.775,-71.256
BOOST_REST,712,0.82042,0.9189,0.9155,-0.0034,2.597,-72.693,-70.073,-70.01
BOOST_REST,712,0.82042,0.8377,0.8546,0.0169,2.529,-70.784,-70.783,-69.939
BOOST_REST,712,0.82042,0.7566,0.7758,0.0192,2.554,-71.472,-70.285,-69.318
BOOST_REST,712,0.82042,0.6755,0.701,0.0255,2.392,-66.936,-65.05,-63.222
BOOST_REST,712,0.82042,0.5944,0.6213,0.0269,2.293,-64.187,-62.179,-62.748
BOOST_REST,712,0.82042,0.5132,0.5371,0.0239,2.115,-59.208,-57.586,-57.663
BOOST_REST,712,0.82042,0.4321,0.4539,0.0218,1.958,-54.799,-51.083,-49.504
BOOST_REST,712,0.82042,0.351,0.3764,0.0254,1.568,-43.882,-38.891,-43.429
BOOST_REST,712,0.82042,0.3104,0.3398,0.0294,1.29,-36.093,-35.118,-35.612
BOOST_REST,750,0.81105,1.0,0.9887,-0.0113,2.588,-71.678,-66.393,-66.706
BOOST_REST,750,0.81105,0.9598,0.9507,-0.0091,2.672,-73.994,-66.165,-66.616
BOOST_REST,750,0.81105,0.9197,0.922,0.0023,2.587,-71.636,-65.596,-65.579
BOOST_REST,750,0.81105,0.8394,0.8634,0.024,2.547,-70.534,-66.683,-65.435
BOOST_REST,750,0.81105,0.7592,0.7851,0.0259,2.487,-68.865,-65.363,-64.194
BOOST_REST,750,0.81105,0.6789,0.7142,0.0353,2.398,-66.407,-61.827,-60.59
BOOST_REST,750,0.81105,0.5986,0.6392,0.0406,2.233,-61.824,-58.409,-58.417
BOOST_REST,750,0.81105,0.5183,0.555,0.0367,2.113,-58.523,-54.081,-54.319
BOOST_REST,750,0.81105,0.4381,0.4705,0.0324,1.868,-51.726,-47.192,-47.483
BOOST_REST,750,0.81105,0.3578,0.3912,0.0334,1.542,-42.701,-37.577,-42.697
BOOST_REST,750,0.81105,0.3177,0.3528,0.0351,1.278,-35.389,-33.968,-35.815
BOOST_REST,787,0.79809,1.0,0.9889,-0.0111,2.474,-67.415,-65.377,-65.657
BOOST_REST,787,0.79809,0.9605,0.9547,-0.0058,2.553,-69.562,-64.821,-64.986
BOOST_REST,787,0.79809,0.921,0.9289,0.0079,2.477,-67.501,-64.644,-64.607
BOOST_REST,787,0.79809,0.842,0.8733,0.0313,2.44,-66.473,-66.123,-64.18
BOOST_REST,787,0.79809,0.763,0.7977,0.0347,2.388,-65.063,-63.996,-63.129
BOOST_REST,787,0.79809,0.684,0.731,0.047,2.305,-62.794,-59.916,-60.862
BOOST_REST,787,0.79809,0.6051,0.6622,0.0571,2.152,-58.623,-56.849,-56.859
BOOST_REST,787,0.79809,0.5261,0.5812,0.0551,2.034,-55.427,-52.406,-53.256
BOOST_REST,787,0.79809,0.4471,0.4956,0.0485,1.855,-50.55,-44.419,-47.753
BOOST_REST,787,0.79809,0.3681,0.4148,0.0467,1.482,-40.371,-37.823,-41.272
BOOST_REST,787,0.79809,0.3286,0.3729,0.0443,1.23,-33.508,-32.881,-36.986
BOOST_REST,825,0.77219,1.0,0.9892,-0.0108,2.894,-76.091,-59.092,-58.907
BOOST_REST,825,0.77219,0.9619,0.9635,0.0016,2.922,-76.834,-57.695,-57.656
BOOST_REST,825,0.77219,0.9238,0.938,0.0142,2.919,-76.742,-58.156,-57.834
BOOST_REST,825,0.77219,0.8475,0.8857,0.0382,2.873,-75.529,-60.24,-56.807
BOOST_REST,825,0.77219,0.7713,0.8184,0.0471,2.791,-73.379,-60.498,-59.773
BOOST_REST,825,0.77219,0.6951,0.754,0.0589,2.729,-71.759,-54.756,-54.972
BOOST_REST,825,0.77219,0.6189,0.6906,0.0717,2.534,-66.616,-52.085,-52.471
BOOST_REST,825,0.77219,0.5427,0.6158,0.0731,2.391,-62.864,-45.859,-48.57
BOOST_REST,825,0.77219,0.4665,0.5294,0.0629,2.178,-57.271,-38.695,-42.239
BOOST_REST,825,0.77219,0.3902,0.4507,0.0605,1.81,-47.588,-36.492,-36.13
BOOST_REST,825,0.77219,0.3521,0.4133,0.0612,1.534,-40.346,-32.076,-35.936
BOOST_REST,862,0.77213,1.0,0.989,-0.011,2.676,-70.412,-65.725,-65.434
BOOST_REST,862,0.77213,0.9618,0.9633,0.0015,2.685,-70.658,-64.088,-64.055
BOOST_REST,862,0.77213,0.9237,0.938,0.0143,2.685,-70.648,-64.583,-64.237
BOOST_REST,862,0.77213,0.8475,0.8842,0.0367,2.659,-69.974,-66.516,-62.881
BOOST_REST,862,0.77213,0.7712,0.8159,0.0447,2.577,-67.811,-66.592,-65.874
BOOST_REST,862,0.77213,0.6949,0.7509,0.056,2.521,-66.329,-60.281,-60.122
BOOST_REST,862,0.77213,0.6186,0.6868,0.0682,2.339,-61.541,-57.212,-57.781
BOOST_REST,862,0.77213,0.5424,0.6119,0.0695,2.214,-58.262,-50.306,-53.239
BOOST_REST,862,0.77213,0.4661,0.5267,0.0606,2.009,-52.855,-42.43,-46.306
BOOST_REST,862,0.77213,0.3899,0.4476,0.0577,1.665,-43.822,-39.637,-39.474
BOOST_REST,862,0.77213,0.3517,0.41,0.0583,1.382,-36.349,-34.739,-39.34
BOOST_REST,900,0.77165,1.0,0.9889,-0.0111,2.582,-67.969,-64.873,-64.592
BOOST_REST,900,0.77165,0.9618,0.9626,0.0008,2.666,-70.18,-63.222,-63.204
BOOST_REST,900,0.77165,0.9237,0.9376,0.0139,2.599,-68.403,-63.773,-63.387
BOOST_REST,900,0.77165,0.8474,0.8827,0.0353,2.555,-67.245,-65.599,-62.125
BOOST_REST,900,0.77165,0.7711,0.8144,0.0433,2.457,-64.673,-65.657,-65.111
BOOST_REST,900,0.77165,0.6948,0.7494,0.0546,2.406,-63.343,-59.459,-59.174
BOOST_REST,900,0.77165,0.6185,0.6849,0.0664,2.317,-60.979,-56.423,-57.014
BOOST_REST,900,0.77165,0.5422,0.6095,0.0673,2.119,-55.781,-49.518,-52.322
BOOST_REST,900,0.77165,0.4659,0.5245,0.0586,1.968,-51.802,-41.869,-45.661
BOOST_REST,900,0.77165,0.3896,0.4457,0.0561,1.583,-41.668,-39.115,-38.896
BOOST_REST,900,0.77165,0.3515,0.4077,0.0562,1.341,-35.294,-34.293,-38.925
BOOST_REST,937,0.76327,1.0,0.9887,-0.0113,2.431,-63.265,-63.924,-63.619
BOOST_REST,937,0.76327,0.9623,0.9673,0.005,2.512,-65.368,-61.546,-61.672
BOOST_REST,937,0.76327,0.9246,0.9455,0.0209,2.448,-63.691,-62.05,-61.115
BOOST_REST,937,0.76327,0.8491,0.8903,0.0412,2.418,-62.912,-63.557,-60.675
BOOST_REST,937,0.76327,0.7737,0.823,0.0493,2.338,-60.843,-64.144,-64.055
BOOST_REST,937,0.76327,0.6983,0.7638,0.0655,2.281,-59.349,-57.412,-59.828
BOOST_REST,937,0.76327,0.6229,0.7042,0.0813,2.158,-56.149,-55.653,-54.41
BOOST_REST,937,0.76327,0.5475,0.6306,0.0831,2.014,-52.403,-48.217,-52.317
BOOST_REST,937,0.76327,0.472,0.5463,0.0743,1.874,-48.763,-41.447,-44.817
BOOST_REST,937,0.76327,0.3966,0.467,0.0704,1.502,-39.07,-38.912,-38.552
BOOST_REST,937,0.76327,0.3589,0.4272,0.0683,1.288,-33.508,-34.075,-36.731
BOOST_REST,975,0.75267,1.0,0.9899,-0.0101,2.671,-68.502,-56.691,-57.38
BOOST_REST,975,0.75267,0.9628,0.9772,0.0144,2.748,-70.48,-56.33,-56.552
BOOST_REST,975,0.75267,0.9256,0.9512,0.0256,2.709,-69.493,-54.342,-55.43
BOOST_REST,975,0.75267,0.8513,0.8966,0.0453,2.622,-67.255,-56.087,-53.297
BOOST_REST,975,0.75267,0.7769,0.8294,0.0525,2.644,-67.811,-57.544,-56.108
BOOST_REST,975,0.75267,0.7026,0.7724,0.0698,2.488,-63.818,-51.005,-54.546
BOOST_REST,975,0.75267,0.6282,0.7166,0.0884,2.369,-60.765,-50.216,-48.582
BOOST_REST,975,0.75267,0.5539,0.6434,0.0895,2.179,-55.902,-42.737,-47.767
BOOST_REST,975,0.75267,0.4795,0.561,0.0815,2.003,-51.379,-37.904,-39.98
BOOST_REST,975,0.75267,0.4052,0.484,0.0788,1.582,-40.586,-34.817,-36.024
BOOST_REST,975,0.75267,0.3681,0.4418,0.0737,1.362,-34.929,-31.612,-32.365
BOOST_REST,1012,0.74315,1.0,0.9896,-0.0104,2.645,-66.921,-58.343,-58.957
BOOST_REST,1012,0.74315,0.9633,0.9695,0.0062,2.713,-68.654,-59.578,-59.044
BOOST_REST,1012,0.74315,0.9266,0.9484,0.0218,2.667,-67.486,-57.211,-58.955
BOOST_REST,1012,0.74315,0.8533,0.8972,0.0439,2.604,-65.89,-57.158,-54.097
BOOST_REST,1012,0.74315,0.78,0.8308,0.0508,2.517,-63.688,-58.463,-56.961
BOOST_REST,1012,0.74315,0.7066,0.7767,0.0701,2.466,-62.4,-52.279,-55.449
BOOST_REST,1012,0.74315,0.6333,0.7198,0.0865,2.312,-58.505,-51.68,-49.249
BOOST_REST,1012,0.74315,0.56,0.6472,0.0872,2.156,-54.557,-43.439,-49.405
BOOST_REST,1012,0.74315,0.4866,0.5686,0.082,1.981,-50.129,-40.091,-40.971
BOOST_REST,1012,0.74315,0.4133,0.4932,0.0799,1.607,-40.658,-34.627,-37.668
BOOST_REST,1012,0.74315,0.3766,0.4535,0.0769,1.391,-35.182,-33.225,-34.402
BOOST_REST,1050,0.74967,1.0,0.9893,-0.0107,2.453,-62.755,-61.461,-62.121
BOOST_REST,1050,0.74967,0.9629,0.9702,0.0073,2.522,-64.529,-61.686,-61.841
BOOST_REST,1050,0.74967,0.9258,0.948,0.0222,2.467,-63.12,-58.812,-60.467
BOOST_REST,1050,0.74967,0.8517,0.8924,0.0407,2.422,-61.974,-60.139,-57.341
BOOST_REST,1050,0.74967,0.7775,0.8244,0.0469,2.39,-61.145,-61.705,-60.966
BOOST_REST,1050,0.74967,0.7034,0.7684,0.065,2.272,-58.13,-54.716,-57.392
BOOST_REST,1050,0.74967,0.6292,0.7109,0.0817,2.178,-55.714,-53.734,-52.032
BOOST_REST,1050,0.74967,0.555,0.6375,0.0825,1.993,-51.001,-45.591,-50.929
BOOST_REST,1050,0.74967,0.4809,0.5567,0.0758,1.836,-46.963,-40.613,-42.557
BOOST_REST,1050,0.74967,0.4068,0.48,0.0732,1.473,-37.676,-36.632,-38.071
BOOST_REST,1050,0.74967,0.3697,0.4385,0.0688,1.263,-32.309,-33.797,-34.58
BOOST_REST,1125,0.73773,1.0,0.9888,-0.0112,2.381,-59.936,-53.243,-53.922
BOOST_REST,1125,0.73773,0.9635,0.9672,0.0037,2.418,-60.864,-54.78,-54.46
BOOST_REST,1125,0.73773,0.927,0.9457,0.0187,2.377,-59.818,-53.668,-55.156
BOOST_REST,1125,0.73773,0.8541,0.891,0.0369,2.368,-59.582,-52.277,-49.855
BOOST_REST,1125,0.73773,0.7811,0.8234,0.0423,2.277,-57.302,-52.631,-52.529
BOOST_REST,1125,0.73773,0.7082,0.7672,0.059,2.204,-55.465,-47.546,-48.121
BOOST_REST,1125,0.73773,0.6352,0.7084,0.0732,2.044,-51.437,-46.97,-45.038
BOOST_REST,1125,0.73773,0.5623,0.6354,0.0731,1.924,-48.428,-39.803,-43.93
BOOST_REST,1125,0.73773,0.4893,0.5598,0.0705,1.699,-42.747,-38.375,-37.14
BOOST_REST,1125,0.73773,0.4163,0.4853,0.069,1.376,-34.625,-32.279,-36.077
BOOST_REST,1125,0.73773,0.3799,0.4448,0.0649,1.152,-28.988,-31.174,-31.649
BOOST_REST,1162,0.72517,1.0,0.9884,-0.0116,2.142,-52.965,-53.481,-54.128
BOOST_REST,1162,0.72517,0.9641,0.9671,0.003,2.138,-52.858,-56.185,-55.763
BOOST_REST,1162,0.72517,0.9283,0.9457,0.0174,2.177,-53.822,-55.45,-57.01
BOOST_REST,1162,0.72517,0.8566,0.8941,0.0375,2.093,-51.751,-53.23,-50.741
BOOST_REST,1162,0.72517,0.785,0.8296,0.0446,2.097,-51.842,-50.616,-50.82
BOOST_REST,1162,0.72517,0.7133,0.7704,0.0571,1.975,-48.846,-48.216,-49.086
BOOST_REST,1162,0.72517,0.6416,0.7127,0.0711,1.868,-46.201,-45.781,-45.68
BOOST_REST,1162,0.72517,0.5699,0.6434,0.0735,1.739,-43.006,-40.934,-42.949
BOOST_REST,1162,0.72517,0.4982,0.5695,0.0713,1.559,-38.541,-42.196,-38.297
BOOST_REST,1162,0.72517,0.4266,0.4976,0.071,1.264,-31.261,-33.91,-39.628
BOOST_REST,1200,0.718,1.0,0.9884,-0.0116,2.058,-50.42,-51.012,-52.131
BOOST_REST,1200,0.718,0.9645,0.9689,0.0044,2.115,-51.813,-54.074,-53.487
BOOST_REST,1200,0.718,0.929,0.9478,0.0188,2.15,-52.663,-53.195,-54.985
BOOST_REST,1200,0.718,0.858,0.8962,0.0382,2.065,-50.579,-51.09,-48.705
BOOST_REST,1200,0.718,0.787,0.8328,0.0458,2.062,-50.513,-50.045,-48.831
BOOST_REST,1200,0.718,0.716,0.7732,0.0572,1.939,-47.489,-47.884,-48.541
BOOST_REST,1200,0.718,0.645,0.7153,0.0703,1.848,-45.263,-44.265,-45.307
BOOST_REST,1200,0.718,0.574,0.6454,0.0714,1.684,-41.248,-40.909,-41.393
BOOST_REST,1200,0.718,0.503,0.5718,0.0688,1.525,-37.354,-41.331,-38.12
BOOST_REST,1200,0.718,0.432,0.5026,0.0706,1.243,-30.434,-33.381,-38.826
BOOST_REST,1237,0.70998,1.0,0.99,-0.01,2.014,-48.799,-50.492,-51.228
BOOST_REST,1237,0.70998,0.9649,0.9873,0.0224,2.038,-49.376,-52.678,-50.522
BOOST_REST,1237,0.70998,0.9298,0.9641,0.0343,2.02,-48.948,-51.843,-51.82
BOOST_REST,1237,0.70998,0.8595,0.9029,0.0434,1.992,-48.261,-50.452,-48.114
BOOST_REST,1237,0.70998,0.7893,0.8372,0.0479,2.001,-48.471,-51.198,-48.346
BOOST_REST,1237,0.70998,0.719,0.7763,0.0573,1.865,-45.183,-49.456,-49.875
BOOST_REST,1237,0.70998,0.6488,0.7177,0.0689,1.802,-43.674,-42.839,-46.739
BOOST_REST,1237,0.70998,0.5786,0.6484,0.0698,1.634,-39.589,-42.508,-40.145
BOOST_REST,1237,0.70998,0.5084,0.5744,0.066,1.483,-35.936,-39.182,-39.371
BOOST_REST,1237,0.70998,0.4381,0.5062,0.0681,1.165,-28.231,-33.822,-36.938
BOOST_REST,1275,0.70165,1.0,0.99,-0.01,1.929,-46.194,-46.877,-47.552
BOOST_REST,1275,0.70165,0.9653,0.9873,0.022,1.955,-46.815,-48.519,-46.876
BOOST_REST,1275,0.70165,0.9306,0.9649,0.0343,1.966,-47.076,-48.16,-47.66
BOOST_REST,1275,0.70165,0.8611,0.9047,0.0436,1.96,-46.949,-46.796,-44.836
BOOST_REST,1275,0.70165,0.7917,0.8406,0.0489,1.898,-45.462,-47.553,-45.013
BOOST_REST,1275,0.70165,0.7223,0.7802,0.0579,1.823,-43.66,-47.969,-47.721
BOOST_REST,1275,0.70165,0.6529,0.7216,0.0687,1.707,-40.886,-39.415,-45.214
BOOST_REST,1275,0.70165,0.5835,0.6535,0.07,1.591,-38.101,-40.408,-36.913
BOOST_REST,1275,0.70165,0.5141,0.5797,0.0656,1.415,-33.882,-35.05,-37.191
BOOST_REST,1312,0.6905,1.0,0.99,-0.01,2.3,-54.136,-51.1,-51.948
BOOST_REST,1312,0.6905,0.9659,0.9858,0.0199,2.32,-54.607,-52.529,-51.231
BOOST_REST,1312,0.6905,0.9317,0.9638,0.0321,2.299,-54.11,-51.269,-51.613
BOOST_REST,1312,0.6905,0.8635,0.9052,0.0417,2.258,-53.151,-50.59,-48.92
BOOST_REST,1312,0.6905,0.7953,0.8429,0.0476,2.215,-52.142,-49.649,-48.909
BOOST_REST,1312,0.6905,0.7271,0.7856,0.0585,2.102,-49.49,-47.926,-47.806
BOOST_REST,1312,0.6905,0.6588,0.725,0.0662,1.966,-46.268,-43.447,-44.824
BOOST_REST,1312,0.6905,0.5906,0.6563,0.0657,1.802,-42.423,-41.825,-40.683
BOOST_REST,1312,0.6905,0.5224,0.5842,0.0618,1.585,-37.321,-33.778,-37.933
BOOST_REST,1350,0.69008,1.0,0.99,-0.01,2.132,-50.256,-46.23,-47.041
BOOST_REST,1350,0.69008,0.9658,0.9859,0.0201,2.149,-50.663,-47.678,-46.484
BOOST_REST,1350,0.69008,0.9317,0.9625,0.0308,2.116,-49.867,-46.536,-46.867
BOOST_REST,1350,0.69008,0.8633,0.9011,0.0378,2.095,-49.383,-45.674,-44.298
BOOST_REST,1350,0.69008,0.795,0.8377,0.0427,2.045,-48.198,-44.977,-44.414
BOOST_REST,1350,0.69008,0.7267,0.7788,0.0521,1.936,-45.647,-43.061,-43.374
BOOST_REST,1350,0.69008,0.6584,0.7166,0.0582,1.82,-42.91,-39.239,-40.117
BOOST_REST,1350,0.69008,0.5901,0.6468,0.0567,1.673,-39.444,-37.627,-37.083
BOOST_REST,1350,0.69008,0.5217,0.5754,0.0537,1.461,-34.428,-30.606,-32.636
CC,40,0.99362,1.0,0.9897,-0.0103,3.632,-123.417,-124.072,-126.704
CC,40,0.99362,0.9497,0.944,-0.0057,3.844,-130.628,-130.618,-130.484
CC,40,0.99362,0.9005,0.8943,-0.0062,3.804,-129.262,-128.912,-128.362
CC,40,0.99362,0.8019,0.7971,-0.0048,3.452,-117.293,-115.716,-115.74
CC,40,0.99362,0.7034,0.7014,-0.002,3.36,-114.168,-113.463,-113.603
CC,40,0.99362,0.6049,0.6105,0.0056,3.159,-107.354,-107.224,-107.125
CC,40,0.99362,0.5064,0.4974,-0.009,2.907,-98.8,-98.568,-99.039
CC,40,0.99362,0.4079,0.3987,-0.0092,2.724,-92.567,-92.736,-93.097
CC,40,0.99362,0.3094,0.3045,-0.0049,2.544,-86.458,-86.045,-86.198
CC,40,0.99362,0.2109,0.2082,-0.0027,2.185,-74.249,-74.157,-74.218
CC,40,0.99362,0.1616,0.1551,-0.0065,1.86,-63.215,-64.791,-64.229
CC,76,0.99023,1.0,0.9896,-0.0104,3.621,-122.674,-124.302,-126.93
CC,76,0.99023,0.9497,0.9438,-0.0059,3.83,-129.763,-130.915,-130.781
CC,76,0.99023,0.9006,0.8947,-0.0059,3.779,-128.025,-129.065,-128.556
CC,76,0.99023,0.8025,0.7972,-0.0053,3.422,-115.92,-116.091,-116.058
CC,76,0.99023,0.7042,0.7018,-0.0024,3.406,-115.389,-113.84,-114.003
CC,76,0.99023,0.606,0.6097,0.0037,3.163,-107.17,-107.356,-106.927
CC,76,0.99023,0.5078,0.4975,-0.0103,2.905,-98.435,-98.841,-99.458
CC,76,0.99023,0.4096,0.3992,-0.0104,2.72,-92.165,-92.951,-93.47
CC,76,0.99023,0.3114,0.3054,-0.006,2.53,-85.688,-86.163,-86.475
CC,76,0.99023,0.2132,0.2087,-0.0045,2.202,-74.602,-74.144,-74.242
CC,76,0.99023,0.1641,0.1548,-0.0093,1.803,-61.099,-64.668,-63.95
CC,112,0.98022,1.0,0.9896,-0.0104,3.637,-121.87,-121.665,-124.195
CC,112,0.98022,0.9507,0.9436,-0.0071,3.832,-128.402,-127.943,-127.982
CC,112,0.98022,0.9021,0.8948,-0.0073,3.785,-126.847,-125.918,-125.503
CC,112,0.98022,0.805,0.799,-0.006,3.447,-115.516,-114.422,-114.086
CC,112,0.98022,0.7078,0.7047,-0.0031,3.418,-114.543,-111.722,-111.928
CC,112,0.98022,0.6107,0.6139,0.0032,3.183,-106.648,-105.041,-104.428
CC,112,0.98022,0.5136,0.5026,-0.011,2.931,-98.213,-97.126,-98.217
CC,112,0.98022,0.4164,0.4056,-0.0108,2.745,-91.984,-91.192,-91.853
CC,112,0.98022,0.3193,0.3135,-0.0058,2.562,-85.857,-84.62,-84.911
CC,112,0.98022,0.2222,0.2177,-0.0045,2.181,-73.064,-72.669,-72.759
CC,112,0.98022,0.1736,0.165,-0.0086,1.83,-61.316,-63.013,-62.661
CC,150,0.97467,1.0,0.9896,-0.0104,3.623,-120.732,-120.698,-123.141
CC,150,0.97467,0.9513,0.9437,-0.0076,3.787,-126.2,-126.734,-126.917
CC,150,0.97467,0.903,0.8952,-0.0078,3.741,-124.66,-125.16,-124.854
CC,150,0.97467,0.8064,0.7996,-0.0068,3.425,-114.115,-113.957,-113.451
CC,150,0.97467,0.7099,0.7054,-0.0045,3.359,-111.916,-110.69,-110.987
CC,150,0.97467,0.6133,0.6137,0.0004,3.171,-105.653,-104.785,-104.705
CC,150,0.97467,0.5167,0.5044,-0.0123,2.929,-97.612,-97.145,-98.044
CC,150,0.97467,0.4201,0.4077,-0.0124,2.721,-90.654,-91.245,-91.942
CC,150,0.97467,0.3235,0.3158,-0.0077,2.52,-83.985,-84.598,-84.983
CC,150,0.97467,0.2269,0.2209,-0.006,2.16,-71.989,-63.825,-63.854
CC,150,0.97467,0.1786,0.168,-0.0106,1.809,-60.263,-61.216,-61.151
CC,187,0.96734,1.0,0.9896,-0.0104,3.62,-119.701,-117.449,-119.753
CC,187,0.96734,0.9521,0.944,-0.0081,3.797,-125.572,-122.907,-123.27
CC,187,0.96734,0.9042,0.8958,-0.0084,3.703,-122.456,-122.088,-121.873
CC,187,0.96734,0.8083,0.8017,-0.0066,3.384,-111.897,-111.625,-111.131
CC,187,0.96734,0.7125,0.7075,-0.005,3.379,-111.738,-107.496,-108.038
CC,187,0.96734,0.6166,0.615,-0.0016,3.138,-103.764,-102.917,-103.103
CC,187,0.96734,0.5207,0.5086,-0.0121,2.911,-96.266,-95.427,-96.167
CC,187,0.96734,0.4249,0.4123,-0.0126,2.733,-90.372,-89.776,-90.396
CC,187,0.96734,0.3291,0.3208,-0.0083,2.549,-84.299,-83.171,-82.986
CC,187,0.96734,0.2332,0.2261,-0.0071,2.141,-70.803,-62.536,-61.988
CC,187,0.96734,0.1853,0.1741,-0.0112,1.758,-58.139,-58.813,-58.803
CC,225,0.9588,1.0,0.9891,-0.0109,3.607,-118.134,-115.511,-117.829
CC,225,0.9588,0.9525,0.9442,-0.0083,3.78,-123.813,-120.747,-121.236
CC,225,0.9588,0.905,0.8972,-0.0078,3.727,-122.088,-120.357,-120.327
CC,225,0.9588,0.81,0.8034,-0.0066,3.355,-109.892,-110.39,-109.898
CC,225,0.9588,0.715,0.7097,-0.0053,3.338,-109.334,-105.803,-106.515
CC,225,0.9588,0.6201,0.6159,-0.0042,3.155,-103.364,-101.585,-101.792
CC,225,0.9588,0.5251,0.5122,-0.0129,2.913,-95.408,-94.635,-95.409
CC,225,0.9588,0.4302,0.4169,-0.0133,2.74,-89.748,-89.263,-89.907
CC,225,0.9588,0.3352,0.3265,-0.0087,2.542,-83.272,-81.926,-81.74
CC,225,0.9588,0.2402,0.233,-0.0072,2.13,-69.771,-63.147,-62.292
CC,225,0.9588,0.1927,0.1808,-0.0119,1.745,-57.148,-56.869,-56.788
CC,262,0.95737,1.0,0.9888,-0.0112,3.533,-115.626,-111.989,-114.278
CC,262,0.95737,0.9525,0.9431,-0.0094,3.662,-119.862,-116.91,-117.371
CC,262,0.95737,0.9051,0.8957,-0.0094,3.61,-118.175,-116.594,-116.511
CC,262,0.95737,0.8102,0.8016,-0.0086,3.338,-109.258,-107.091,-106.487
CC,262,0.95737,0.7153,0.7082,-0.0071,3.337,-109.236,-102.717,-103.651
CC,262,0.95737,0.6204,0.6122,-0.0082,3.109,-101.747,-98.426,-98.823
CC,262,0.95737,0.5255,0.5099,-0.0156,2.853,-93.39,-91.923,-92.831
CC,262,0.95737,0.4307,0.4147,-0.016,2.674,-87.528,-86.598,-87.344
CC,262,0.95737,0.3358,0.324,-0.0118,2.474,-80.967,-79.498,-77.994
CC,262,0.95737,0.2409,0.2301,-0.0108,2.09,-68.399,-61.431,-60.277
CC,262,0.95737,0.1934,0.1773,-0.0161,1.617,-52.933,-54.941,-54.878
CC,300,0.95292,1.0,0.9885,-0.0115,3.546,-115.517,-111.897,-114.217
CC,300,0.95292,0.9527,0.941,-0.0117,3.614,-117.752,-116.578,-117.065
CC,300,0.95292,0.9055,0.8923,-0.0132,3.577,-116.539,-116.236,-116.0
CC,300,0.95292,0.8111,0.802,-0.0091,3.27,-106.538,-107.048,-106.398
CC,300,0.95292,0.7166,0.7092,-0.0074,3.274,-106.663,-103.009,-103.985
CC,300,0.95292,0.6222,0.6132,-0.009,3.085,-100.496,-98.717,-99.122
CC,300,0.95292,0.5278,0.5117,-0.0161,2.837,-92.409,-92.345,-92.831
CC,300,0.95292,0.4333,0.4172,-0.0161,2.69,-87.633,-86.888,-87.587
CC,300,0.95292,0.3389,0.3273,-0.0116,2.438,-79.439,-79.632,-77.522
CC,300,0.95292,0.2445,0.2339,-0.0106,2.054,-66.907,-62.245,-60.648
CC,300,0.95292,0.1973,0.1813,-0.016,1.58,-51.469,-54.324,-54.357
CC,337,0.94852,1.0,0.9883,-0.0117,3.498,-113.46,-110.423,-112.716
CC,337,0.94852,0.953,0.9422,-0.0108,3.575,-115.957,-114.624,-115.151
CC,337,0.94852,0.9059,0.8947,-0.0112,3.517,-114.078,-114.294,-114.184
CC,337,0.94852,0.8119,0.8026,-0.0093,3.295,-106.878,-105.559,-104.9
CC,337,0.94852,0.7179,0.7099,-0.008,3.238,-105.023,-101.895,-102.71
CC,337,0.94852,0.6239,0.6138,-0.0101,3.092,-100.274,-97.619,-98.047
CC,337,0.94852,0.5299,0.5133,-0.0166,2.812,-91.188,-91.605,-91.376
CC,337,0.94852,0.4359,0.4191,-0.0168,2.637,-85.519,-85.93,-85.817
CC,337,0.94852,0.3419,0.3297,-0.0122,2.453,-79.554,-78.79,-75.926
CC,337,0.94852,0.2479,0.2365,-0.0114,1.994,-64.682,-62.882,-60.166
CC,337,0.94852,0.2008,0.1844,-0.0164,1.582,-51.311,-53.104,-53.214
CC,375,0.94398,1.0,0.9881,-0.0119,3.472,-112.097,-109.117,-111.341
CC,375,0.94398,0.9532,0.9422,-0.011,3.532,-114.023,-112.928,-113.48
CC,375,0.94398,0.9064,0.8951,-0.0113,3.467,-111.923,-112.596,-112.524
CC,375,0.94398,0.8128,0.8026,-0.0102,3.247,-104.799,-104.316,-103.602
CC,375,0.94398,0.7192,0.711,-0.0082,3.211,-103.642,-100.985,-101.634
CC,375,0.94398,0.6256,0.6145,-0.0111,3.042,-98.206,-96.743,-97.204
CC,375,0.94398,0.532,0.5147,-0.0173,2.812,-90.76,-90.435,-89.951
CC,375,0.94398,0.4384,0.4213,-0.0171,2.604,-84.071,-85.062,-84.302
CC,375,0.94398,0.3449,0.3322,-0.0127,2.396,-77.344,-78.053,-74.549
CC,375,0.94398,0.2513,0.2397,-0.0116,1.987,-64.138,-64.246,-59.854
CC,375,0.94398,0.2045,0.1878,-0.0167,1.496,-48.283,-52.068,-52.132
CC,412,0.93964,1.0,0.988,-0.012,3.409,-109.597,-105.726,-107.646
CC,412,0.93964,0.9534,0.9424,-0.011,3.515,-113.022,-109.15,-109.692
CC,412,0.93964,0.9067,0.896,-0.0107,3.495,-112.372,-108.89,-108.84
CC,412,0.93964,0.8135,0.8032,-0.0103,3.196,-102.75,-101.011,-100.443
CC,412,0.93964,0.7203,0.712,-0.0083,3.201,-102.908,-98.079,-98.714
CC,412,0.93964,0.6271,0.6156,-0.0115,3.06,-98.395,-94.137,-94.596
CC,412,0.93964,0.534,0.5164,-0.0176,2.766,-88.941,-87.619,-87.01
CC,412,0.93964,0.4407,0.4235,-0.0172,2.607,-83.807,-82.08,-81.354
CC,412,0.93964,0.3475,0.3349,-0.0126,2.373,-76.277,-75.212,-72.015
CC,412,0.93964,0.2544,0.2428,-0.0116,1.929,-62.019,-61.945,-56.16
CC,412,0.93964,0.2078,0.191,-0.0168,1.494,-48.03,-50.122,-50.205
CC,450,0.93437,1.0,0.9872,-0.0128,3.435,-109.772,-105.758,-107.79
CC,450,0.93437,0.9537,0.9417,-0.012,3.455,-110.387,-109.018,-109.41
CC,450,0.93437,0.9073,0.8953,-0.012,3.425,-109.451,-108.447,-108.345
CC,450,0.93437,0.8147,0.8044,-0.0103,3.167,-101.209,-100.418,-99.882
CC,450,0.93437,0.7221,0.7135,-0.0086,3.182,-101.678,-98.719,-99.381
CC,450,0.93437,0.6295,0.6177,-0.0118,2.938,-93.859,-94.716,-95.184
CC,450,0.93437,0.5369,0.5197,-0.0172,2.778,-88.757,-87.911,-87.201
CC,450,0.93437,0.4442,0.4272,-0.017,2.538,-81.093,-81.998,-81.208
CC,450,0.93437,0.3516,0.3393,-0.0123,2.349,-75.072,-76.036,-72.214
CC,450,0.93437,0.259,0.2482,-0.0108,1.924,-61.493,-61.638,-58.831
CC,450,0.93437,0.2127,0.1969,-0.0158,1.409,-45.022,-50.457,-49.7
CC,487,0.91932,1.0,0.9868,-0.0132,3.354,-105.329,-97.205,-98.875
CC,487,0.91932,0.9545,0.9424,-0.0121,3.428,-107.643,-100.127,-100.585
CC,487,0.91932,0.9089,0.8977,-0.0112,3.362,-105.568,-99.16,-98.987
CC,487,0.91932,0.8179,0.8099,-0.008,3.163,-99.341,-91.948,-92.634
CC,487,0.91932,0.7269,0.7197,-0.0072,3.154,-99.04,-93.203,-93.759
CC,487,0.91932,0.6359,0.6274,-0.0085,2.991,-93.931,-88.916,-88.899
CC,487,0.91932,0.5449,0.5307,-0.0142,2.76,-86.666,-82.177,-81.518
CC,487,0.91932,0.4538,0.4391,-0.0147,2.581,-81.052,-76.9,-76.091
CC,487,0.91932,0.3628,0.3513,-0.0115,2.364,-74.23,-70.388,-70.537
CC,487,0.91932,0.2718,0.261,-0.0108,1.928,-60.55,-56.473,-56.052
CC,487,0.91932,0.2263,0.2136,-0.0127,1.496,-46.963,-45.989,-45.657
CC,525,0.92367,1.0,0.9861,-0.0139,3.285,-103.753,-100.831,-102.828
CC,525,0.92367,0.9542,0.9412,-0.013,3.379,-106.723,-104.223,-104.632
CC,525,0.92367,0.9084,0.8959,-0.0125,3.272,-103.325,-103.16,-103.11
CC,525,0.92367,0.8169,0.8065,-0.0104,3.106,-98.093,-95.583,-96.125
CC,525,0.92367,0.7253,0.717,-0.0083,3.095,-97.736,-96.147,-96.82
CC,525,0.92367,0.6338,0.6213,-0.0125,2.924,-92.351,-91.783,-91.753
CC,525,0.92367,0.5422,0.5249,-0.0173,2.721,-85.922,-84.887,-84.06
CC,525,0.92367,0.4507,0.4335,-0.0172,2.513,-79.357,-79.668,-78.106
CC,525,0.92367,0.3591,0.3461,-0.013,2.32,-73.263,-73.023,-71.441
CC,525,0.92367,0.2676,0.2551,-0.0125,1.836,-57.978,-58.492,-57.971
CC,525,0.92367,0.2218,0.2055,-0.0163,1.404,-44.351,-47.872,-47.144
CC,562,0.91962,1.0,0.9852,-0.0148,3.27,-102.836,-96.276,-98.157
CC,562,0.91962,0.9544,0.9407,-0.0137,3.329,-104.669,-99.368,-99.783
CC,562,0.91962,0.9088,0.896,-0.0128,3.254,-102.324,-98.441,-98.23
CC,562,0.91962,0.8177,0.8067,-0.011,3.083,-96.954,-91.124,-92.096
CC,562,0.91962,0.7266,0.7173,-0.0093,3.068,-96.463,-92.444,-93.16
CC,562,0.91962,0.6354,0.6219,-0.0135,2.908,-91.438,-87.892,-87.561
CC,562,0.91962,0.5443,0.5259,-0.0184,2.672,-84.004,-81.337,-80.497
CC,562,0.91962,0.4531,0.4351,-0.018,2.501,-78.636,-76.24,-75.05
CC,562,0.91962,0.362,0.3479,-0.0141,2.277,-71.603,-69.793,-69.114
CC,562,0.91962,0.2708,0.2574,-0.0134,1.814,-57.046,-55.913,-55.39
CC,562,0.91962,0.2253,0.2081,-0.0172,1.369,-43.04,-45.416,-45.005
CC,600,0.91629,1.0,0.9845,-0.0155,3.233,-101.308,-95.841,-97.668
CC,600,0.91629,0.9546,0.9402,-0.0144,3.283,-102.853,-98.743,-99.17
CC,600,0.91629,0.9092,0.8955,-0.0137,3.205,-100.418,-97.865,-97.401
CC,600,0.91629,0.8183,0.8066,-0.0117,3.049,-95.524,-90.498,-91.614
CC,600,0.91629,0.7275,0.7175,-0.01,3.029,-94.918,-92.246,-93.005
CC,600,0.91629,0.6367,0.6216,-0.0151,2.873,-90.016,-87.39,-86.694
CC,600,0.91629,0.5458,0.5259,-0.0199,2.639,-82.684,-80.881,-79.977
CC,600,0.91629,0.455,0.4356,-0.0194,2.469,-77.352,-75.651,-74.672
CC,600,0.91629,0.3642,0.349,-0.0152,2.247,-70.42,-69.215,-69.312
CC,600,0.91629,0.2734,0.2593,-0.0141,1.773,-55.567,-55.36,-54.837
CC,600,0.91629,0.228,0.21,-0.018,1.33,-41.669,-44.662,-44.544
CC,637,0.91262,1.0,0.9839,-0.0161,3.202,-99.927,-93.259,-94.995
CC,637,0.91262,0.9547,0.9399,-0.0148,3.243,-101.203,-95.933,-96.366
CC,637,0.91262,0.9095,0.8954,-0.0141,3.167,-98.832,-95.224,-94.773
CC,637,0.91262,0.8191,0.8073,-0.0118,3.021,-94.271,-88.126,-89.244
CC,637,0.91262,0.7286,0.7186,-0.01,3.001,-93.642,-90.233,-90.976
CC,637,0.91262,0.6381,0.6225,-0.0156,2.845,-88.795,-85.138,-84.177
CC,637,0.91262,0.5477,0.527,-0.0207,2.614,-81.585,-78.946,-77.923
CC,637,0.91262,0.4572,0.4375,-0.0197,2.443,-76.247,-73.641,-73.021
CC,637,0.91262,0.3667,0.3513,-0.0154,2.221,-69.322,-67.342,-68.102
CC,637,0.91262,0.2763,0.2621,-0.0142,1.747,-54.529,-53.788,-48.178
CC,637,0.91262,0.231,0.2131,-0.0179,1.307,-40.792,-43.292,-43.182
CC,675,0.90869,1.0,0.9833,-0.0167,3.165,-98.337,-93.02,-94.797
CC,675,0.90869,0.9549,0.9393,-0.0156,3.204,-99.529,-95.531,-95.971
CC,675,0.90869,0.9099,0.8952,-0.0147,3.127,-97.157,-94.966,-94.477
CC,675,0.90869,0.8198,0.8079,-0.0119,2.99,-92.91,-87.793,-88.952
CC,675,0.90869,0.7298,0.7195,-0.0103,2.967,-92.175,-90.371,-90.432
CC,675,0.90869,0.6397,0.6235,-0.0162,2.816,-87.481,-84.897,-83.644
CC,675,0.90869,0.5497,0.5281,-0.0216,2.588,-80.395,-78.839,-77.681
CC,675,0.90869,0.4596,0.4393,-0.0203,2.42,-75.183,-73.352,-73.069
CC,675,0.90869,0.3696,0.3534,-0.0162,2.195,-68.188,-67.192,-67.991
CC,675,0.90869,0.2795,0.2653,-0.0142,1.72,-53.451,-53.389,-46.388
CC,675,0.90869,0.2345,0.2167,-0.0178,1.288,-40.009,-42.834,-42.584
CC,712,0.90374,1.0,0.9833,-0.0167,3.128,-96.659,-92.593,-94.322
CC,712,0.90374,0.9552,0.9397,-0.0155,3.2,-98.894,-94.841,-95.324
CC,712,0.90374,0.9104,0.8959,-0.0145,3.083,-95.28,-94.293,-93.876
CC,712,0.90374,0.8209,0.8098,-0.0111,2.975,-91.931,-87.263,-88.364
CC,712,0.90374,0.7313,0.7218,-0.0095,2.948,-91.093,-89.558,-89.492
CC,712,0.90374,0.6417,0.6263,-0.0154,2.792,-86.273,-84.056,-82.852
CC,712,0.90374,0.5521,0.5309,-0.0212,2.61,-80.645,-78.355,-77.259
CC,712,0.90374,0.4626,0.4426,-0.02,2.399,-74.12,-72.826,-73.076
CC,712,0.90374,0.373,0.3574,-0.0156,2.213,-68.396,-66.85,-67.616
CC,712,0.90374,0.2834,0.2702,-0.0132,1.708,-52.77,-47.862,-45.478
CC,712,0.90374,0.2386,0.2223,-0.0163,1.315,-40.629,-42.328,-41.902
CC,750,0.90025,1.0,0.9824,-0.0176,3.088,-95.045,-91.486,-93.274
CC,750,0.90025,0.9554,0.9389,-0.0165,3.134,-96.475,-93.675,-94.2
CC,750,0.90025,0.9108,0.8955,-0.0153,3.056,-94.062,-93.26,-92.807
CC,750,0.90025,0.8215,0.8093,-0.0122,2.929,-90.155,-86.26,-87.447
CC,750,0.90025,0.7323,0.7217,-0.0106,2.946,-90.676,-88.25,-88.263
CC,750,0.90025,0.6431,0.6261,-0.017,2.753,-84.72,-82.871,-81.582
CC,750,0.90025,0.5539,0.5307,-0.0232,2.564,-78.93,-77.226,-76.383
CC,750,0.90025,0.4647,0.443,-0.0217,2.368,-72.886,-71.907,-72.339
CC,750,0.90025,0.3754,0.3584,-0.017,2.16,-66.481,-66.129,-66.953
CC,750,0.90025,0.2862,0.2714,-0.0148,1.668,-51.329,-46.175,-44.718
CC,750,0.90025,0.2416,0.2232,-0.0184,1.258,-38.704,-41.454,-41.325
CC,787,0.89629,1.0,0.9817,-0.0183,3.068,-94.016,-86.736,-88.495
CC,787,0.89629,0.9556,0.9384,-0.0172,3.141,-96.266,-88.699,-89.095
CC,787,0.89629,0.9111,0.8947,-0.0164,3.008,-92.18,-88.26,-87.973
CC,787,0.89629,0.8223,0.8094,-0.0129,2.937,-89.997,-82.096,-83.299
CC,787,0.89629,0.7335,0.7223,-0.0112,2.867,-87.841,-83.668,-83.804
CC,787,0.89629,0.6446,0.6264,-0.0182,2.746,-84.162,-78.64,-77.356
CC,787,0.89629,0.5558,0.5313,-0.0245,2.5,-76.616,-73.104,-72.755
CC,787,0.89629,0.467,0.4441,-0.0229,2.355,-72.171,-68.402,-69.021
CC,787,0.89629,0.3782,0.3603,-0.0179,2.113,-64.743,-62.978,-63.779
CC,787,0.89629,0.2893,0.2735,-0.0158,1.646,-50.449,-43.446,-42.157
CC,787,0.89629,0.2449,0.2252,-0.0197,1.236,-37.871,-39.22,-39.663
CC,825,0.89316,1.0,0.9811,-0.0189,3.054,-93.273,-88.204,-90.042
CC,825,0.89316,0.9557,0.9379,-0.0178,3.028,-92.484,-90.035,-90.43
CC,825,0.89316,0.9114,0.8942,-0.0172,2.973,-90.808,-89.559,-89.224
CC,825,0.89316,0.8229,0.8092,-0.0137,2.895,-88.411,-83.466,-84.611
CC,825,0.89316,0.7344,0.7222,-0.0122,2.833,-86.527,-84.868,-85.104
CC,825,0.89316,0.6459,0.6263,-0.0196,2.726,-83.25,-79.903,-78.371
CC,825,0.89316,0.5574,0.5314,-0.026,2.469,-75.391,-73.972,-73.957
CC,825,0.89316,0.4688,0.4446,-0.0242,2.337,-71.368,-69.489,-70.136
CC,825,0.89316,0.3803,0.3614,-0.0189,2.081,-63.55,-63.96,-64.493
CC,825,0.89316,0.2918,0.275,-0.0168,1.632,-49.845,-44.572,-42.146
CC,825,0.89316,0.2475,0.2264,-0.0211,1.191,-36.378,-39.391,-40.377
CC,862,0.88952,1.0,0.9804,-0.0196,2.997,-91.162,-78.451,-80.144
CC,862,0.88952,0.9559,0.9376,-0.0183,2.994,-91.095,-79.911,-80.316
CC,862,0.88952,0.9118,0.8943,-0.0175,2.93,-89.121,-79.609,-79.348
CC,862,0.88952,0.8236,0.8093,-0.0143,2.882,-87.652,-74.636,-75.646
CC,862,0.88952,0.7355,0.7227,-0.0128,2.799,-85.14,-75.663,-75.701
CC,862,0.88952,0.6473,0.6269,-0.0204,2.702,-82.2,-71.464,-69.89
CC,862,0.88952,0.5591,0.5325,-0.0266,2.441,-74.263,-65.944,-66.088
CC,862,0.88952,0.4709,0.4458,-0.0251,2.32,-70.567,-62.052,-62.81
CC,862,0.88952,0.3827,0.3635,-0.0192,2.053,-62.457,-57.273,-57.433
CC,862,0.88952,0.2945,0.2774,-0.0171,1.608,-48.912,-41.033,-37.678
CC,862,0.88952,0.2505,0.2289,-0.0216,1.17,-35.586,-35.158,-36.412
CC,900,0.89017,1.0,0.9808,-0.0192,2.994,-91.138,-85.229,-87.028
CC,900,0.89017,0.9559,0.9376,-0.0183,3.001,-91.362,-86.77,-87.185
CC,900,0.89017,0.9117,0.8937,-0.018,2.925,-89.049,-86.413,-86.072
CC,900,0.89017,0.8235,0.8088,-0.0147,2.833,-86.234,-80.859,-81.957
CC,900,0.89017,0.7352,0.7223,-0.0129,2.799,-85.199,-82.05,-82.11
CC,900,0.89017,0.647,0.626,-0.021,2.655,-80.812,-77.351,-75.639
CC,900,0.89017,0.5588,0.5318,-0.027,2.441,-74.304,-71.419,-71.547
CC,900,0.89017,0.4705,0.4453,-0.0252,2.279,-69.386,-67.217,-67.962
CC,900,0.89017,0.3823,0.3623,-0.02,2.049,-62.373,-61.948,-62.161
CC,900,0.89017,0.294,0.2758,-0.0182,1.568,-47.721,-44.025,-40.388
CC,900,0.89017,0.2499,0.2268,-0.0231,1.164,-35.432,-37.908,-39.478
CC,937,0.88411,1.0,0.98,-0.02,2.943,-89.06,-78.516,-80.033
CC,937,0.88411,0.9561,0.9371,-0.019,2.945,-89.126,-79.675,-80.138
CC,937,0.88411,0.9123,0.8938,-0.0185,2.871,-86.879,-79.497,-79.243
CC,937,0.88411,0.8245,0.8092,-0.0153,2.787,-84.353,-74.878,-75.992
CC,937,0.88411,0.7368,0.7231,-0.0137,2.754,-83.339,-75.957,-75.725
CC,937,0.88411,0.6491,0.6272,-0.0219,2.609,-78.941,-71.861,-69.977
CC,937,0.88411,0.5613,0.5331,-0.0282,2.398,-72.561,-66.001,-66.298
CC,937,0.88411,0.4736,0.4469,-0.0267,2.236,-67.661,-62.241,-63.223
CC,937,0.88411,0.3859,0.3653,-0.0206,2.007,-60.723,-57.485,-55.883
CC,937,0.88411,0.2982,0.2795,-0.0187,1.527,-46.209,-43.28,-38.441
CC,937,0.88411,0.2543,0.2311,-0.0232,1.139,-34.474,-35.043,-37.139
CC,975,0.87647,1.0,0.9772,-0.0228,2.854,-85.531,-80.727,-82.322
CC,975,0.87647,0.9565,0.9347,-0.0218,2.888,-86.528,-81.865,-82.325
CC,975,0.87647,0.9131,0.8934,-0.0197,2.774,-83.115,-81.63,-81.838
CC,975,0.87647,0.8263,0.8089,-0.0174,2.72,-81.495,-77.323,-78.528
CC,975,0.87647,0.7394,0.7238,-0.0156,2.662,-79.772,-77.964,-77.332
CC,975,0.87647,0.6525,0.6278,-0.0247,2.525,-75.655,-73.372,-71.651
CC,975,0.87647,0.5657,0.5345,-0.0312,2.372,-71.075,-67.168,-68.126
CC,975,0.87647,0.4788,0.4489,-0.0299,2.168,-64.958,-63.895,-64.337
CC,975,0.87647,0.392,0.3691,-0.0229,1.967,-58.941,-58.427,-55.274
CC,975,0.87647,0.3051,0.2842,-0.0209,1.464,-43.88,-44.935,-39.699
CC,1012,0.87107,1.0,0.9775,-0.0225,2.828,-84.209,-78.4,-80.026
CC,1012,0.87107,0.9568,0.9349,-0.0219,2.81,-83.675,-79.608,-80.098
CC,1012,0.87107,0.9137,0.8951,-0.0186,2.739,-81.566,-79.384,-79.513
CC,1012,0.87107,0.8273,0.8112,-0.0161,2.717,-80.921,-76.174,-76.136
CC,1012,0.87107,0.741,0.7263,-0.0147,2.625,-78.182,-76.079,-75.327
CC,1012,0.87107,0.6547,0.631,-0.0237,2.507,-74.652,-71.336,-70.178
CC,1012,0.87107,0.5684,0.5375,-0.0309,2.29,-68.199,-65.377,-66.819
CC,1012,0.87107,0.4821,0.4526,-0.0295,2.148,-63.976,-62.596,-62.148
CC,1012,0.87107,0.3957,0.3736,-0.0221,1.917,-57.095,-56.781,-53.426
CC,1012,0.87107,0.3094,0.2893,-0.0201,1.447,-43.079,-43.143,-39.577
CC,1012,0.87107,0.2663,0.2409,-0.0254,1.111,-33.097,-35.761,-36.938
CC,1050,0.86691,1.0,0.9765,-0.0235,2.796,-82.905,-77.912,-79.611
CC,1050,0.86691,0.957,0.9338,-0.0232,2.747,-81.44,-79.208,-79.719
CC,1050,0.86691,0.914,0.8949,-0.0191,2.702,-80.098,-78.941,-79.07
CC,1050,0.86691,0.8281,0.8113,-0.0168,2.621,-77.711,-75.972,-75.775
CC,1050,0.86691,0.7422,0.7268,-0.0154,2.584,-76.61,-75.684,-74.921
CC,1050,0.86691,0.6562,0.6317,-0.0245,2.439,-72.315,-70.872,-69.871
CC,1050,0.86691,0.5703,0.5381,-0.0322,2.25,-66.7,-65.182,-66.775
CC,1050,0.86691,0.4844,0.4539,-0.0305,2.133,-63.228,-62.558,-61.368
CC,1050,0.86691,0.3984,0.3751,-0.0233,1.867,-55.352,-56.344,-52.443
CC,1050,0.86691,0.3125,0.2913,-0.0212,1.42,-42.104,-42.685,-39.719
CC,1087,0.86118,1.0,0.976,-0.024,2.726,-80.318,-74.253,-75.923
CC,1087,0.86118,0.9573,0.9334,-0.0239,2.757,-81.242,-75.586,-76.084
CC,1087,0.86118,0.9146,0.8957,-0.0189,2.637,-77.698,-75.395,-75.511
CC,1087,0.86118,0.8292,0.812,-0.0172,2.622,-77.263,-72.227,-72.447
CC,1087,0.86118,0.7438,0.7282,-0.0156,2.529,-74.515,-72.283,-71.609
CC,1087,0.86118,0.6584,0.6333,-0.0251,2.418,-71.258,-67.601,-66.866
CC,1087,0.86118,0.573,0.5399,-0.0331,2.208,-65.056,-62.489,-64.243
CC,1087,0.86118,0.4875,0.4561,-0.0314,2.073,-61.086,-59.697,-58.141
CC,1087,0.86118,0.4021,0.378,-0.0241,1.826,-53.803,-53.868,-49.657
CC,1087,0.86118,0.3167,0.2949,-0.0218,1.373,-40.443,-40.983,-38.767
CC,1125,0.85578,1.0,0.9748,-0.0252,2.719,-79.545,-72.517,-74.231
CC,1125,0.85578,0.9576,0.9324,-0.0252,2.646,-77.412,-73.779,-74.231
CC,1125,0.85578,0.9152,0.8954,-0.0198,2.612,-76.422,-73.589,-73.706
CC,1125,0.85578,0.8304,0.8127,-0.0177,2.535,-74.162,-70.382,-70.965
CC,1125,0.85578,0.7455,0.7295,-0.016,2.498,-73.095,-70.733,-70.119
CC,1125,0.85578,0.6607,0.6349,-0.0258,2.339,-68.434,-66.135,-66.043
CC,1125,0.85578,0.5759,0.542,-0.0339,2.179,-63.753,-61.409,-62.736
CC,1125,0.85578,0.4911,0.4589,-0.0322,1.979,-57.908,-58.302,-56.564
CC,1125,0.85578,0.4063,0.3811,-0.0252,1.789,-52.352,-52.396,-48.322
CC,1125,0.85578,0.3215,0.2992,-0.0223,1.363,-39.864,-40.317,-37.072
CC,1162,0.85112,1.0,0.9735,-0.0265,2.626,-76.411,-70.883,-72.649
CC,1162,0.85112,0.9578,0.9314,-0.0264,2.598,-75.595,-72.014,-72.515
CC,1162,0.85112,0.9156,0.8943,-0.0213,2.532,-73.68,-71.917,-72.058
CC,1162,0.85112,0.8313,0.8117,-0.0196,2.536,-73.815,-68.925,-69.559
CC,1162,0.85112,0.7469,0.7289,-0.018,2.429,-70.695,-69.128,-68.667
CC,1162,0.85112,0.6626,0.6343,-0.0283,2.324,-67.627,-64.719,-64.734
CC,1162,0.85112,0.5782,0.542,-0.0362,2.118,-61.628,-60.45,-61.251
CC,1162,0.85112,0.4939,0.4591,-0.0348,1.989,-57.885,-56.972,-54.947
CC,1162,0.85112,0.4095,0.382,-0.0275,1.733,-50.43,-51.115,-47.163
CC,1162,0.85112,0.3251,0.2998,-0.0253,1.278,-37.195,-39.606,-35.65
CC,1200,0.84578,1.0,0.9737,-0.0263,2.56,-74.032,-69.266,-70.797
CC,1200,0.84578,0.9581,0.9314,-0.0267,2.556,-73.916,-70.09,-70.591
CC,1200,0.84578,0.9161,0.8946,-0.0215,2.441,-70.59,-70.054,-70.176
CC,1200,0.84578,0.8323,0.8129,-0.0194,2.447,-70.762,-67.432,-68.052
CC,1200,0.84578,0.7485,0.731,-0.0175,2.432,-70.327,-67.406,-67.192
CC,1200,0.84578,0.6646,0.6368,-0.0278,2.245,-64.938,-63.1,-63.073
CC,1200,0.84578,0.5808,0.5448,-0.036,2.114,-61.156,-59.102,-59.749
CC,1200,0.84578,0.497,0.462,-0.035,1.922,-55.582,-55.532,-53.414
CC,1200,0.84578,0.4132,0.3855,-0.0277,1.719,-49.715,-49.815,-46.828
CC,1200,0.84578,0.3293,0.3043,-0.025,1.233,-35.659,-37.376,-34.833
CC,1237,0.8392,1.0,0.9715,-0.0285,2.543,-72.943,-66.521,-67.921
CC,1237,0.8392,0.9584,0.9296,-0.0288,2.484,-71.27,-67.241,-67.74
CC,1237,0.8392,0.9168,0.8936,-0.0232,2.466,-70.737,-67.239,-67.462
CC,1237,0.8392,0.8337,0.8125,-0.0212,2.403,-68.941,-65.08,-65.732
CC,1237,0.8392,0.7505,0.7309,-0.0196,2.348,-67.367,-64.77,-64.682
CC,1237,0.8392,0.6674,0.6378,-0.0296,2.189,-62.793,-60.716,-60.669
CC,1237,0.8392,0.5842,0.5462,-0.038,2.041,-58.543,-56.676,-57.464
CC,1237,0.8392,0.5011,0.4642,-0.0369,1.871,-53.667,-53.475,-51.182
CC,1237,0.8392,0.418,0.3882,-0.0298,1.654,-47.436,-47.91,-45.921
CC,1237,0.8392,0.3348,0.3079,-0.0269,1.194,-34.241,-35.324,-33.801
CC,1275,0.8347,1.0,0.9702,-0.0298,2.454,-70.038,-67.53,-69.044
CC,1275,0.8347,0.9586,0.929,-0.0296,2.453,-70.008,-68.299,-68.622
CC,1275,0.8347,0.9173,0.8938,-0.0235,2.369,-67.611,-68.08,-68.254
CC,1275,0.8347,0.8345,0.8127,-0.0218,2.357,-67.273,-66.046,-66.724
CC,1275,0.8347,0.7518,0.7317,-0.0201,2.274,-64.898,-65.441,-65.46
CC,1275,0.8347,0.6691,0.6384,-0.0307,2.146,-61.226,-61.34,-61.233
CC,1275,0.8347,0.5864,0.5474,-0.039,2.004,-57.176,-57.191,-58.123
CC,1275,0.8347,0.5036,0.466,-0.0376,1.83,-52.218,-53.979,-51.645
CC,1275,0.8347,0.4209,0.3912,-0.0297,1.632,-46.576,-48.474,-47.246
CC,1275,0.8347,0.3382,0.3114,-0.0268,1.139,-32.495,-35.547,-34.05
CC,1312,0.82713,1.0,0.9722,-0.0278,2.426,-68.613,-62.806,-64.199
CC,1312,0.82713,0.9585,0.932,-0.0265,2.365,-66.879,-63.517,-63.788
CC,1312,0.82713,0.9175,0.8983,-0.0192,2.345,-66.324,-63.129,-63.23
CC,1312,0.82713,0.8356,0.8193,-0.0163,2.291,-64.791,-62.028,-62.498
CC,1312,0.82713,0.7536,0.7394,-0.0142,2.28,-64.471,-61.047,-61.276
CC,1312,0.82713,0.6716,0.6489,-0.0227,2.105,-59.534,-57.463,-57.428
CC,1312,0.82713,0.5897,0.5581,-0.0316,1.977,-55.897,-53.495,-54.318
CC,1312,0.82713,0.5077,0.4772,-0.0305,1.798,-50.853,-50.435,-48.741
CC,1312,0.82713,0.4257,0.4025,-0.0232,1.594,-45.086,-45.422,-46.672
CC,1312,0.82713,0.3438,0.3256,-0.0182,1.145,-32.374,-34.155,-32.556
CC,1312,0.82713,0.3028,0.2822,-0.0206,0.973,-27.52,-30.529,-30.105
CC,1350,0.82108,1.0,0.9684,-0.0316,2.369,-66.505,-59.013,-60.49
CC,1350,0.82108,0.9593,0.9298,-0.0295,2.303,-64.65,-59.82,-60.142
CC,1350,0.82108,0.9186,0.8961,-0.0225,2.279,-63.974,-59.488,-59.506
CC,1350,0.82108,0.8372,0.8138,-0.0234,2.274,-63.84,-58.366,-58.997
CC,1350,0.82108,0.7559,0.7317,-0.0242,2.171,-60.939,-57.318,-57.502
CC,1350,0.82108,0.6745,0.6378,-0.0367,2.075,-58.236,-53.695,-53.57
CC,1350,0.82108,0.5931,0.549,-0.0441,1.878,-52.711,-49.96,-50.979
CC,1350,0.82108,0.5117,0.4705,-0.0412,1.753,-49.199,-47.394,-45.243
CC,1350,0.82108,0.4303,0.3976,-0.0327,1.484,-41.653,-42.554,-43.46
CC,1350,0.82108,0.349,0.3205,-0.0285,1.053,-29.55,-32.704,-30.278
CC,1425,0.80602,1.0,0.9646,-0.0354,2.232,-61.499,-72.544,-74.012
CC,1425,0.80602,0.96,0.9333,-0.0267,2.239,-61.701,-72.889,-73.026
CC,1425,0.80602,0.9201,0.9058,-0.0143,2.164,-59.644,-72.123,-72.08
CC,1425,0.80602,0.8402,0.8228,-0.0174,2.174,-59.908,-70.152,-70.698
CC,1425,0.80602,0.7603,0.7395,-0.0208,2.054,-56.593,-68.621,-68.885
CC,1425,0.80602,0.6804,0.654,-0.0264,1.942,-53.527,-64.486,-63.307
CC,1425,0.80602,0.6005,0.5675,-0.033,1.77,-48.776,-59.63,-60.135
CC,1425,0.80602,0.5207,0.4876,-0.0331,1.644,-45.312,-56.516,-54.985
CC,1425,0.80602,0.4408,0.4128,-0.028,1.366,-37.639,-50.375,-47.761
CC,1425,0.80602,0.3609,0.3352,-0.0257,0.988,-27.227,-37.603,-36.452
CC,1462,0.80131,1.0,0.9625,-0.0375,2.172,-59.528,-53.547,-54.59
CC,1462,0.80131,0.9596,0.9328,-0.0268,2.117,-58.027,-53.749,-54.086
CC,1462,0.80131,0.9199,0.9056,-0.0143,2.103,-57.636,-53.376,-53.44
CC,1462,0.80131,0.8405,0.8221,-0.0184,2.11,-57.816,-52.183,-52.611
CC,1462,0.80131,0.761,0.7375,-0.0235,1.983,-54.33,-50.988,-51.336
CC,1462,0.80131,0.6816,0.6541,-0.0275,1.872,-51.295,-47.639,-46.886
CC,1462,0.80131,0.6022,0.5692,-0.033,1.703,-46.667,-44.539,-44.918
CC,1462,0.80131,0.5227,0.4893,-0.0334,1.564,-42.853,-42.116,-41.057
CC,1462,0.80131,0.4433,0.4141,-0.0292,1.287,-35.277,-37.199,-35.171
CC,1462,0.80131,0.3639,0.3354,-0.0285,0.96,-26.307,-28.705,-26.791
CC,1537,0.78499,1.0,0.9636,-0.0364,2.038,-54.684,-51.745,-52.485
CC,1537,0.78499,0.958,0.9287,-0.0293,2.005,-53.792,-51.774,-52.236
CC,1537,0.78499,0.9192,0.8943,-0.0249,2.001,-53.705,-51.331,-51.662
CC,1537,0.78499,0.8414,0.8098,-0.0316,1.991,-53.413,-51.207,-52.169
CC,1537,0.78499,0.7636,0.7232,-0.0404,1.858,-49.849,-50.071,-49.059
CC,1537,0.78499,0.6858,0.6346,-0.0512,1.754,-47.053,-45.611,-45.168
CC,1537,0.78499,0.6081,0.5504,-0.0577,1.584,-42.515,-42.463,-42.533
CC,1537,0.78499,0.5303,0.4763,-0.054,1.456,-39.065,-39.635,-38.328
CC,1537,0.78499,0.4525,0.406,-0.0465,1.158,-31.08,-35.681,-32.471
CC,1537,0.78499,0.3747,0.3312,-0.0435,0.926,-24.841,-27.88,-25.247
CC,1575,0.77766,1.0,0.9623,-0.0377,1.99,-52.912,-50.493,-51.34
CC,1575,0.77766,0.958,0.928,-0.03,1.932,-51.375,-50.642,-51.076
CC,1575,0.77766,0.9195,0.8906,-0.0289,1.94,-51.593,-49.929,-50.68
CC,1575,0.77766,0.8424,0.8063,-0.0361,1.876,-49.889,-50.337,-51.811
CC,1575,0.77766,0.7653,0.7178,-0.0475,1.793,-47.689,-49.155,-47.417
CC,1575,0.77766,0.6882,0.6287,-0.0595,1.642,-43.659,-44.699,-44.291
CC,1575,0.77766,0.6112,0.5453,-0.0659,1.529,-40.656,-41.611,-40.717
CC,1575,0.77766,0.5341,0.474,-0.0601,1.353,-35.968,-38.066,-37.266
CC,1575,0.77766,0.457,0.4049,-0.0521,1.097,-29.183,-34.813,-31.755
CC,1575,0.77766,0.3799,0.3305,-0.0494,0.9,-22.269,-27.313,-24.731
CC,1612,0.76788,1.0,0.9641,-0.0359,1.939,-50.894,-45.172,-46.724
CC,1612,0.76788,0.9574,0.9335,-0.0239,1.873,-49.153,-46.147,-46.476
CC,1612,0.76788,0.9194,0.8991,-0.0203,1.885,-49.473,-44.904,-44.49
CC,1612,0.76788,0.8433,0.8171,-0.0262,1.812,-47.557,-45.692,-48.178
CC,1612,0.76788,0.7672,0.7295,-0.0377,1.724,-45.247,-45.273,-41.939
CC,1612,0.76788,0.6912,0.6454,-0.0458,1.58,-41.455,-40.521,-40.733
CC,1612,0.76788,0.6151,0.5628,-0.0523,1.465,-38.438,-38.397,-36.532
CC,1612,0.76788,0.539,0.4918,-0.0472,1.289,-33.837,-34.275,-34.421
CC,1612,0.76788,0.463,0.4238,-0.0392,1.03,-27.041,-31.575,-29.603
CC,1612,0.76788,0.3869,0.3485,-0.0384,0.898,-20.796,-24.928,-23.653
CC,1650,0.75634,1.0,0.9625,-0.0375,1.832,-47.384,-42.907,-44.647
CC,1650,0.75634,0.9536,0.9359,-0.0177,1.823,-47.128,-44.615,-43.244
CC,1650,0.75634,0.9161,0.9028,-0.0133,1.775,-45.902,-41.372,-41.071
CC,1650,0.75634,0.8412,0.8228,-0.0184,1.754,-45.347,-43.352,-46.335
CC,1650,0.75634,0.7662,0.7434,-0.0228,1.652,-42.715,-41.628,-38.373
CC,1650,0.75634,0.6913,0.6592,-0.0321,1.525,-39.441,-37.753,-39.415
CC,1650,0.75634,0.6163,0.5784,-0.0379,1.404,-36.317,-35.507,-33.67
CC,1650,0.75634,0.5414,0.5048,-0.0366,1.232,-31.86,-32.646,-33.029
CC,1650,0.75634,0.4664,0.4365,-0.0299,0.995,-25.718,-28.468,-26.329
CC,1650,0.75634,0.3915,0.3617,-0.0298,0.913,-19.628,-22.843,-22.764
CC,1687,0.74655,1.0,0.96,-0.04,1.793,-45.775,-43.781,-47.107
CC,1687,0.74655,0.9545,0.9306,-0.0239,1.75,-44.674,-46.874,-43.826
CC,1687,0.74655,0.9175,0.8918,-0.0257,1.763,-45.011,-40.076,-40.038
CC,1687,0.74655,0.8435,0.8113,-0.0322,1.663,-42.452,-44.12,-47.636
CC,1687,0.74655,0.7696,0.7224,-0.0472,1.581,-40.348,-40.178,-37.632
CC,1687,0.74655,0.6956,0.6456,-0.05,1.48,-37.77,-38.728,-40.158
CC,1687,0.74655,0.6216,0.5679,-0.0537,1.379,-35.204,-35.109,-33.744
CC,1687,0.74655,0.5476,0.4984,-0.0492,1.179,-30.092,-33.241,-33.185
CC,1687,0.74655,0.4736,0.4292,-0.0444,0.966,-24.661,-28.768,-27.245
CC,1687,0.74655,0.3996,0.3575,-0.0421,0.93,-18.628,-24.712,-21.951
CC,1687,0.74655,0.3626,0.3278,-0.0348,0.96,-15.861,-20.837,-19.25
CC,1725,0.73707,1.0,0.9536,-0.0464,1.693,-42.676,-39.134,-43.538
CC,1725,0.73707,0.9525,0.9213,-0.0312,1.711,-43.123,-42.663,-38.306
CC,1725,0.73707,0.9159,0.8783,-0.0376,1.68,-42.347,-35.898,-36.871
CC,1725,0.73707,0.8429,0.7979,-0.045,1.637,-41.257,-39.346,-41.847
CC,1725,0.73707,0.7698,0.7096,-0.0602,1.503,-37.884,-33.509,-34.94
CC,1725,0.73707,0.6968,0.6239,-0.0729,1.415,-35.66,-33.875,-31.853
CC,1725,0.73707,0.6237,0.55,-0.0737,1.27,-32.02,-30.158,-31.025
CC,1725,0.73707,0.5507,0.484,-0.0667,1.12,-28.224,-29.523,-28.317
CC,1725,0.73707,0.4776,0.4193,-0.0583,0.932,-23.482,-26.106,-24.678
CC,1725,0.73707,0.4046,0.3547,-0.0499,0.948,-17.728,-21.639,-17.741
CC,1725,0.73707,0.368,0.3285,-0.0395,0.954,-14.001,-17.483,-16.328
CC,1762,0.7304,1.0,0.9472,-0.0528,1.655,-41.341,-39.082,-43.083
CC,1762,0.7304,0.9515,0.9186,-0.0329,1.625,-40.597,-42.263,-37.686
CC,1762,0.7304,0.9153,0.8763,-0.039,1.635,-40.84,-35.624,-36.941
CC,1762,0.7304,0.8429,0.7947,-0.0482,1.539,-38.445,-38.988,-39.328
CC,1762,0.7304,0.7705,0.7084,-0.0621,1.447,-36.134,-32.629,-34.719
CC,1762,0.7304,0.6981,0.6248,-0.0733,1.331,-33.239,-33.565,-31.36
CC,1762,0.7304,0.6257,0.5508,-0.0749,1.222,-30.516,-29.828,-30.672
CC,1762,0.7304,0.5533,0.4854,-0.0679,1.04,-25.985,-29.08,-29.164
CC,1762,0.7304,0.4809,0.4224,-0.0585,0.92,-22.783,-26.855,-25.578
CC,1762,0.7304,0.4085,0.3612,-0.0473,0.97,-16.488,-21.809,-18.054
CC,1762,0.7304,0.3723,0.3369,-0.0354,0.954,-13.343,-16.422,-16.928
CC,1800,0.71932,1.0,0.9408,-0.0592,1.548,-38.128,-37.027,-39.589
CC,1800,0.71932,0.9487,0.9163,-0.0324,1.565,-38.533,-39.305,-35.464
CC,1800,0.71932,0.913,0.877,-0.036,1.578,-38.854,-33.504,-34.846
CC,1800,0.71932,0.8417,0.7945,-0.0472,1.474,-36.294,-35.998,-35.599
CC,1800,0.71932,0.7703,0.7124,-0.0579,1.394,-34.336,-31.883,-32.263
CC,1800,0.71932,0.6989,0.6306,-0.0683,1.274,-31.381,-31.404,-31.654
CC,1800,0.71932,0.6275,0.5575,-0.07,1.168,-28.763,-30.124,-29.098
CC,1800,0.71932,0.5561,0.4944,-0.0617,0.989,-24.368,-27.512,-29.831
CC,1800,0.71932,0.4847,0.4325,-0.0522,0.907,-21.419,-25.965,-24.399
CC,1800,0.71932,0.4133,0.3759,-0.0374,0.964,-15.928,-20.693,-16.337
CC,1800,0.71932,0.3776,0.3527,-0.0249,0.953,-12.793,-14.963,-16.041
CC,1800,0.71932,0.3419,0.3342,-0.0077,0.943,-9.819,-14.804,-14.571
CC,1837,0.70882,1.0,0.9513,-0.0487,1.51,-36.637,-34.569,-38.378
CC,1837,0.70882,0.9486,0.9258,-0.0228,1.511,-36.649,-36.748,-33.115
CC,1837,0.70882,0.9134,0.8876,-0.0258,1.521,-36.892,-30.305,-30.355
CC,1837,0.70882,0.8431,0.8089,-0.0342,1.417,-34.367,-33.485,-33.511
CC,1837,0.70882,0.7728,0.729,-0.0438,1.345,-32.626,-30.5,-29.973
CC,1837,0.70882,0.7025,0.6494,-0.0531,1.227,-29.761,-28.502,-29.323
CC,1837,0.70882,0.6322,0.5773,-0.0549,1.127,-27.335,-28.986,-29.045
CC,1837,0.70882,0.5619,0.5143,-0.0476,0.954,-23.139,-23.467,-24.213
CC,1837,0.70882,0.4916,0.4527,-0.0389,0.902,-20.157,-22.924,-23.433
CC,1837,0.70882,0.4213,0.3955,-0.0258,0.955,-15.613,-19.385,-16.32
CC,1837,0.70882,0.351,0.3515,0.0005,0.94,-9.864,-13.293,-13.272
CC,1875,0.7009,1.0,0.9543,-0.0457,1.446,-34.699,-34.798,-38.549
CC,1875,0.7009,0.9479,0.9288,-0.0191,1.442,-34.611,-36.771,-33.688
CC,1875,0.7009,0.9131,0.8913,-0.0218,1.428,-34.278,-30.082,-29.623
CC,1875,0.7009,0.8435,0.8157,-0.0278,1.378,-33.065,-33.461,-33.465
CC,1875,0.7009,0.7739,0.7381,-0.0358,1.262,-30.292,-31.076,-30.705
CC,1875,0.7009,0.7044,0.6604,-0.044,1.182,-28.371,-28.266,-29.103
CC,1875,0.7009,0.6348,0.5907,-0.0441,1.048,-25.147,-28.893,-29.245
CC,1875,0.7009,0.5652,0.5293,-0.0359,0.942,-22.618,-21.184,-20.161
CC,1875,0.7009,0.4957,0.469,-0.0267,0.91,-18.869,-22.511,-22.565
CC,1875,0.7009,0.4261,0.4069,-0.0192,0.959,-14.068,-19.501,-18.58
CC,1875,0.7009,0.3565,0.3614,0.0049,0.952,-9.087,-13.421,-13.819
CC_CELL2,43,0.98234,1.0,0.9897,-0.0103,3.646,-123.604,-122.819,-125.415
CC_CELL2,43,0.98234,0.9495,0.9442,-0.0053,3.86,-130.878,-130.25,-130.194
CC_CELL2,43,0.98234,0.9004,0.895,-0.0054,3.806,-129.052,-128.349,-127.896
CC_CELL2,43,0.98234,0.8021,0.7977,-0.0044,3.434,-116.455,-116.071,-116.032
CC_CELL2,43,0.98234,0.7038,0.7023,-0.0015,3.39,-114.943,-113.372,-113.465
CC_CELL2,43,0.98234,0.6055,0.6033,-0.0022,3.208,-108.785,-106.023,-106.388
CC_CELL2,43,0.98234,0.5072,0.4994,-0.0078,2.913,-98.78,-99.251,-99.843
CC_CELL2,43,0.98234,0.4089,0.403,-0.0059,2.736,-92.767,-92.802,-92.993
CC_CELL2,43,0.98234,0.3107,0.3099,-0.0008,2.535,-85.973,-86.134,-86.166
CC_CELL2,43,0.98234,0.2124,0.2124,0.0,2.198,-74.525,-73.204,-73.204
CC_CELL2,43,0.98234,0.1632,0.1586,-0.0046,1.879,-63.723,-63.116,-62.889
CC_CELL2,81,0.97564,1.0,0.9897,-0.0103,3.638,-122.533,-120.826,-123.325
CC_CELL2,81,0.97564,0.95,0.9446,-0.0054,3.838,-129.258,-128.177,-128.125
CC_CELL2,81,0.97564,0.9012,0.8959,-0.0053,3.784,-127.436,-126.402,-126.128
CC_CELL2,81,0.97564,0.8036,0.7992,-0.0044,3.424,-115.318,-114.633,-114.362
CC_CELL2,81,0.97564,0.7059,0.7038,-0.0021,3.386,-114.027,-111.619,-111.742
CC_CELL2,81,0.97564,0.6083,0.6047,-0.0036,3.203,-107.89,-105.126,-105.64
CC_CELL2,81,0.97564,0.5107,0.5019,-0.0088,2.914,-98.145,-98.473,-98.984
CC_CELL2,81,0.97564,0.413,0.4059,-0.0071,2.735,-92.122,-91.914,-92.235
CC_CELL2,81,0.97564,0.3154,0.3134,-0.002,2.532,-85.276,-85.361,-85.446
CC_CELL2,81,0.97564,0.2178,0.2162,-0.0016,2.18,-73.435,-72.059,-72.063
CC_CELL2,81,0.97564,0.169,0.1629,-0.0061,1.828,-61.579,-61.148,-61.025
CC_CELL2,118,0.9578,1.0,0.9897,-0.0103,3.621,-119.647,-115.099,-117.126
CC_CELL2,118,0.9578,0.9512,0.9439,-0.0073,3.819,-126.166,-120.709,-120.981
CC_CELL2,118,0.9578,0.9033,0.8959,-0.0074,3.772,-124.614,-119.917,-119.803
CC_CELL2,118,0.9578,0.8075,0.8058,-0.0017,3.428,-113.25,-109.96,-109.833
CC_CELL2,118,0.9578,0.7117,0.7118,0.0001,3.438,-113.571,-106.729,-106.719
CC_CELL2,118,0.9578,0.616,0.6159,-0.0001,3.208,-106.003,-102.129,-102.133
CC_CELL2,118,0.9578,0.5202,0.5165,-0.0037,2.986,-98.656,-95.665,-95.869
CC_CELL2,118,0.9578,0.4244,0.4222,-0.0022,2.759,-91.148,-90.008,-90.112
CC_CELL2,118,0.9578,0.3287,0.3311,0.0024,2.576,-85.123,-81.624,-81.711
CC_CELL2,118,0.9578,0.2329,0.2369,0.004,2.214,-73.133,-60.698,-60.689
CC_CELL2,118,0.9578,0.185,0.1875,0.0025,1.887,-62.357,-56.453,-56.496
CC_CELL2,156,0.95916,1.0,0.9896,-0.0104,3.591,-118.874,-116.955,-119.178
CC_CELL2,156,0.95916,0.9513,0.9441,-0.0072,3.752,-124.194,-123.036,-123.337
CC_CELL2,156,0.95916,0.9034,0.8965,-0.0069,3.731,-123.473,-122.268,-122.179
CC_CELL2,156,0.95916,0.8074,0.8049,-0.0025,3.372,-111.623,-111.961,-111.771
CC_CELL2,156,0.95916,0.7115,0.7106,-0.0009,3.364,-111.326,-108.481,-108.62
CC_CELL2,156,0.95916,0.6155,0.6117,-0.0038,3.145,-104.076,-103.418,-103.628
CC_CELL2,156,0.95916,0.5196,0.5129,-0.0067,2.906,-96.2,-97.043,-97.419
CC_CELL2,156,0.95916,0.3169,0.3209,0.004,2.507,-82.976,-78.495,-80.116
CC_CELL2,156,0.95916,0.2209,0.2247,0.0038,2.139,-70.811,-61.395,-61.579
CC_CELL2,156,0.95916,0.173,0.1744,0.0014,1.733,-57.352,-56.662,-56.675
CC_CELL2,193,0.95614,1.0,0.9896,-0.0104,3.592,-118.613,-111.575,-113.37
CC_CELL2,193,0.95614,0.9517,0.9446,-0.0071,3.765,-124.314,-116.961,-117.324
CC_CELL2,193,0.95614,0.9038,0.8974,-0.0064,3.706,-122.35,-116.281,-116.238
CC_CELL2,193,0.95614,0.8081,0.8055,-0.0026,3.388,-111.873,-106.768,-106.573
CC_CELL2,193,0.95614,0.7124,0.7111,-0.0013,3.373,-111.372,-103.637,-103.83
CC_CELL2,193,0.95614,0.6167,0.612,-0.0047,3.194,-105.452,-98.91,-99.156
CC_CELL2,193,0.95614,0.521,0.5139,-0.0071,2.922,-96.471,-92.747,-93.122
CC_CELL2,193,0.95614,0.4253,0.4202,-0.0051,2.736,-90.349,-87.228,-87.465
CC_CELL2,193,0.95614,0.3297,0.3288,-0.0009,2.529,-83.493,-78.975,-78.549
CC_CELL2,193,0.95614,0.2341,0.2337,-0.0004,2.157,-71.231,-57.413,-57.444
CC_CELL2,193,0.95614,0.1862,0.1831,-0.0031,1.767,-58.348,-54.082,-54.028
CC_CELL2,231,0.94642,1.0,0.989,-0.011,3.552,-116.02,-108.832,-110.554
CC_CELL2,231,0.94642,0.9526,0.9442,-0.0084,3.65,-119.228,-112.74,-113.252
CC_CELL2,231,0.94642,0.9053,0.8977,-0.0076,3.597,-117.498,-112.268,-112.271
CC_CELL2,231,0.94642,0.8106,0.8071,-0.0035,3.332,-108.857,-104.205,-103.956
CC_CELL2,231,0.94642,0.7159,0.7135,-0.0024,3.292,-107.551,-101.51,-101.633
CC_CELL2,231,0.94642,0.6212,0.6151,-0.0061,3.156,-103.098,-97.169,-97.383
CC_CELL2,231,0.94642,0.5265,0.5188,-0.0077,2.857,-93.313,-90.497,-90.241
CC_CELL2,231,0.94642,0.4318,0.4257,-0.0061,2.7,-88.197,-84.999,-84.99
CC_CELL2,231,0.94642,0.3371,0.3356,-0.0015,2.47,-80.673,-75.422,-74.852
CC_CELL2,231,0.94642,0.2424,0.2424,-0.0,2.108,-68.854,-56.463,-56.448
CC_CELL2,231,0.94642,0.1951,0.1918,-0.0033,1.699,-55.499,-51.391,-51.334
CC_CELL2,268,0.94191,1.0,0.9887,-0.0113,3.512,-114.213,-110.469,-112.205
CC_CELL2,268,0.94191,0.9528,0.9439,-0.0089,3.59,-116.759,-113.93,-114.474
CC_CELL2,268,0.94191,0.9057,0.8975,-0.0082,3.552,-115.521,-113.507,-113.518
CC_CELL2,268,0.94191,0.8114,0.8074,-0.004,3.262,-106.102,-105.806,-105.548
CC_CELL2,268,0.94191,0.7172,0.714,-0.0032,3.272,-106.416,-102.98,-103.144
CC_CELL2,268,0.94191,0.6228,0.6163,-0.0065,3.075,-100.009,-98.978,-99.209
CC_CELL2,268,0.94191,0.5286,0.5206,-0.008,2.837,-92.259,-91.546,-91.227
CC_CELL2,268,0.94191,0.4343,0.4277,-0.0066,2.654,-86.326,-85.968,-85.952
CC_CELL2,268,0.94191,0.34,0.3376,-0.0024,2.444,-79.484,-75.785,-74.957
CC_CELL2,268,0.94191,0.2458,0.2448,-0.001,2.096,-68.172,-59.308,-58.679
CC_CELL2,268,0.94191,0.1986,0.1949,-0.0037,1.649,-53.631,-51.408,-51.424
CC_CELL2,306,0.93672,1.0,0.9886,-0.0114,3.445,-111.412,-107.88,-109.559
CC_CELL2,306,0.93672,0.9531,0.9439,-0.0092,3.588,-116.044,-111.03,-111.414
CC_CELL2,306,0.93672,0.9062,0.8978,-0.0084,3.488,-112.832,-110.513,-110.469
CC_CELL2,306,0.93672,0.8125,0.8086,-0.0039,3.252,-105.189,-102.923,-102.711
CC_CELL2,306,0.93672,0.7187,0.7153,-0.0034,3.27,-105.769,-100.964,-101.134
CC_CELL2,306,0.93672,0.625,0.6186,-0.0064,3.055,-98.82,-97.084,-97.304
CC_CELL2,306,0.93672,0.5312,0.5235,-0.0077,2.852,-92.243,-89.414,-89.038
CC_CELL2,306,0.93672,0.4374,0.4306,-0.0068,2.635,-85.213,-83.885,-83.861
CC_CELL2,306,0.93672,0.3437,0.3407,-0.003,2.449,-79.203,-73.882,-72.747
CC_CELL2,306,0.93672,0.2499,0.25,0.0001,2.027,-65.547,-62.419,-62.616
CC_CELL2,306,0.93672,0.2031,0.2005,-0.0026,1.628,-52.657,-49.844,-49.621
CC_CELL2,343,0.92806,1.0,0.9885,-0.0115,3.464,-110.94,-104.002,-105.57
CC_CELL2,343,0.92806,0.9536,0.9448,-0.0088,3.521,-112.794,-106.83,-107.262
CC_CELL2,343,0.92806,0.9071,0.8999,-0.0072,3.483,-111.553,-105.945,-106.041
CC_CELL2,343,0.92806,0.8143,0.8134,-0.0009,3.218,-103.076,-98.555,-98.506
CC_CELL2,343,0.92806,0.7214,0.7195,-0.0019,3.23,-103.469,-98.292,-98.384
CC_CELL2,343,0.92806,0.6286,0.625,-0.0036,3.062,-98.091,-94.271,-94.321
CC_CELL2,343,0.92806,0.5358,0.5303,-0.0055,2.81,-89.992,-86.476,-86.199
CC_CELL2,343,0.92806,0.4429,0.4382,-0.0047,2.67,-85.514,-81.249,-81.12
CC_CELL2,343,0.92806,0.3501,0.3486,-0.0015,2.417,-77.422,-74.735,-73.969
CC_CELL2,343,0.92806,0.2572,0.2588,0.0016,2.044,-65.477,-58.952,-58.941
CC_CELL2,343,0.92806,0.2108,0.2129,0.0021,1.607,-51.478,-47.631,-47.803
CC_CELL2,381,0.92385,1.0,0.9886,-0.0114,3.388,-108.04,-102.826,-104.329
CC_CELL2,381,0.92385,0.9538,0.945,-0.0088,3.504,-111.745,-105.503,-105.95
CC_CELL2,381,0.92385,0.9075,0.9007,-0.0068,3.422,-109.112,-104.538,-104.623
CC_CELL2,381,0.92385,0.8151,0.8146,-0.0005,3.199,-102.029,-97.058,-97.03
CC_CELL2,381,0.92385,0.7227,0.7211,-0.0016,3.249,-103.598,-97.637,-97.713
CC_CELL2,381,0.92385,0.6302,0.6274,-0.0028,3.01,-96.001,-93.26,-93.299
CC_CELL2,381,0.92385,0.5378,0.5327,-0.0051,2.809,-89.577,-85.523,-85.276
CC_CELL2,381,0.92385,0.4454,0.4408,-0.0046,2.607,-83.141,-80.403,-80.116
CC_CELL2,381,0.92385,0.3529,0.3514,-0.0015,2.409,-76.826,-73.858,-73.92
CC_CELL2,381,0.92385,0.2605,0.2624,0.0019,1.987,-63.371,-57.76,-57.751
CC_CELL2,381,0.92385,0.2143,0.2175,0.0032,1.578,-50.334,-46.565,-46.798
CC_CELL2,418,0.91576,1.0,0.9883,-0.0117,3.363,-106.289,-99.666,-101.019
CC_CELL2,418,0.91576,0.9542,0.9447,-0.0095,3.502,-110.683,-102.088,-102.481
CC_CELL2,418,0.91576,0.9084,0.9011,-0.0073,3.384,-106.945,-101.045,-101.047
CC_CELL2,418,0.91576,0.8168,0.817,0.0002,3.21,-101.436,-94.148,-94.129
CC_CELL2,418,0.91576,0.7252,0.7241,-0.0011,3.172,-100.241,-95.544,-95.597
CC_CELL2,418,0.91576,0.6335,0.6323,-0.0012,3.012,-95.21,-90.888,-90.904
CC_CELL2,418,0.91576,0.5419,0.538,-0.0039,2.768,-87.497,-83.295,-83.118
CC_CELL2,418,0.91576,0.4503,0.4463,-0.004,2.608,-82.422,-78.374,-78.047
CC_CELL2,418,0.91576,0.3587,0.3573,-0.0014,2.382,-75.278,-71.758,-71.832
CC_CELL2,418,0.91576,0.2671,0.2696,0.0025,1.977,-62.48,-56.024,-56.016
CC_CELL2,418,0.91576,0.2213,0.2272,0.0059,1.605,-50.73,-44.02,-44.161
CC_CELL2,456,0.91301,1.0,0.988,-0.012,3.328,-104.899,-97.343,-98.684
CC_CELL2,456,0.91301,0.9543,0.9443,-0.01,3.414,-107.609,-99.734,-100.125
CC_CELL2,456,0.91301,0.9086,0.9007,-0.0079,3.328,-104.889,-98.675,-98.683
CC_CELL2,456,0.91301,0.8173,0.8169,-0.0004,3.174,-100.033,-92.132,-92.164
CC_CELL2,456,0.91301,0.7259,0.7239,-0.002,3.131,-98.681,-93.658,-93.751
CC_CELL2,456,0.91301,0.6345,0.632,-0.0025,2.982,-93.995,-88.925,-88.8
CC_CELL2,456,0.91301,0.5432,0.538,-0.0052,2.734,-86.157,-81.562,-81.234
CC_CELL2,456,0.91301,0.4518,0.4468,-0.005,2.576,-81.182,-76.629,-76.48
CC_CELL2,456,0.91301,0.3605,0.3581,-0.0024,2.342,-73.805,-70.303,-70.425
CC_CELL2,456,0.91301,0.2691,0.271,0.0019,1.939,-61.118,-54.919,-54.914
CC_CELL2,456,0.91301,0.2235,0.2284,0.0049,1.508,-47.515,-42.674,-42.725
CC_CELL2,493,0.90804,1.0,0.9875,-0.0125,3.317,-103.962,-95.997,-97.365
CC_CELL2,493,0.90804,0.9546,0.9437,-0.0109,3.343,-104.761,-98.298,-98.703
CC_CELL2,493,0.90804,0.9091,0.9007,-0.0084,3.292,-103.186,-97.148,-97.159
CC_CELL2,493,0.90804,0.8183,0.8181,-0.0002,3.051,-95.613,-91.015,-91.032
CC_CELL2,493,0.90804,0.7274,0.7252,-0.0022,3.098,-97.093,-92.62,-92.59
CC_CELL2,493,0.90804,0.6366,0.6343,-0.0023,2.944,-92.271,-87.643,-87.472
CC_CELL2,493,0.90804,0.5457,0.541,-0.0047,2.701,-84.67,-81.069,-80.627
CC_CELL2,493,0.90804,0.4549,0.45,-0.0049,2.567,-80.475,-75.592,-75.983
CC_CELL2,493,0.90804,0.364,0.3619,-0.0021,2.316,-72.576,-69.519,-69.626
CC_CELL2,493,0.90804,0.2732,0.276,0.0028,1.942,-60.862,-48.069,-49.826
CC_CELL2,493,0.90804,0.2278,0.2336,0.0058,1.485,-46.556,-41.649,-41.621
CC_CELL2,531,0.90355,1.0,0.9866,-0.0134,3.253,-101.479,-94.933,-96.373
CC_CELL2,531,0.90355,0.9548,0.943,-0.0118,3.364,-104.945,-97.248,-97.664
CC_CELL2,531,0.90355,0.9095,0.9002,-0.0093,3.241,-101.101,-95.993,-96.006
CC_CELL2,531,0.90355,0.8191,0.8184,-0.0007,3.105,-96.879,-90.294,-90.354
CC_CELL2,531,0.90355,0.7287,0.7258,-0.0029,3.071,-95.797,-91.593,-91.554
CC_CELL2,531,0.90355,0.6382,0.6353,-0.0029,2.914,-90.919,-86.654,-86.452
CC_CELL2,531,0.90355,0.5478,0.5428,-0.005,2.675,-83.46,-80.809,-80.343
CC_CELL2,531,0.90355,0.4574,0.4515,-0.0059,2.526,-78.814,-74.896,-75.359
CC_CELL2,531,0.90355,0.367,0.364,-0.003,2.293,-71.524,-69.029,-69.175
CC_CELL2,531,0.90355,0.2765,0.2791,0.0026,1.874,-58.468,-45.487,-46.079
CC_CELL2,531,0.90355,0.2313,0.2362,0.0049,1.472,-45.934,-40.985,-40.958
CC_CELL2,568,0.89613,1.0,0.9888,-0.0112,3.196,-98.873,-91.587,-92.451
CC_CELL2,568,0.89613,0.9531,0.9466,-0.0065,3.251,-100.577,-93.226,-93.505
CC_CELL2,568,0.89613,0.9082,0.9046,-0.0036,3.221,-99.664,-91.85,-91.828
CC_CELL2,568,0.89613,0.8185,0.8288,0.0103,3.059,-94.624,-87.555,-86.683
CC_CELL2,568,0.89613,0.7289,0.7369,0.008,3.056,-94.539,-87.927,-88.058
CC_CELL2,568,0.89613,0.6392,0.6486,0.0094,2.881,-89.132,-82.803,-83.571
CC_CELL2,568,0.89613,0.5495,0.5566,0.0071,2.697,-83.43,-78.459,-78.019
CC_CELL2,568,0.89613,0.4599,0.4655,0.0056,2.508,-77.576,-72.455,-72.046
CC_CELL2,568,0.89613,0.3702,0.3781,0.0079,2.314,-71.588,-66.664,-66.305
CC_CELL2,568,0.89613,0.2805,0.2946,0.0141,1.908,-59.033,-42.699,-46.225
CC_CELL2,568,0.89613,0.2356,0.2512,0.0156,1.541,-47.675,-39.333,-39.282
CC_CELL2,606,0.89117,1.0,0.9859,-0.0141,3.18,-97.837,-89.79,-90.794
CC_CELL2,606,0.89117,0.9554,0.9428,-0.0126,3.253,-100.085,-91.164,-91.602
CC_CELL2,606,0.89117,0.9108,0.9017,-0.0091,3.157,-97.136,-90.25,-90.19
CC_CELL2,606,0.89117,0.8216,0.8231,0.0015,3.028,-93.15,-85.838,-85.714
CC_CELL2,606,0.89117,0.7324,0.7307,-0.0017,3.03,-93.218,-85.934,-85.855
CC_CELL2,606,0.89117,0.6433,0.6424,-0.0009,2.837,-87.266,-81.745,-81.649
CC_CELL2,606,0.89117,0.5541,0.5511,-0.003,2.674,-82.252,-76.316,-76.525
CC_CELL2,606,0.89117,0.4649,0.4605,-0.0044,2.472,-76.047,-70.984,-71.385
CC_CELL2,606,0.89117,0.3758,0.3739,-0.0019,2.286,-70.333,-65.036,-65.12
CC_CELL2,606,0.89117,0.2866,0.2902,0.0036,1.827,-56.2,-42.053,-43.121
CC_CELL2,606,0.89117,0.242,0.2472,0.0052,1.46,-44.92,-37.959,-37.922
CC_CELL2,643,0.88943,1.0,0.9849,-0.0151,3.2,-98.22,-89.086,-90.15
CC_CELL2,643,0.88943,0.9555,0.9415,-0.014,3.184,-97.734,-90.348,-90.766
CC_CELL2,643,0.88943,0.911,0.9006,-0.0104,3.164,-97.128,-89.51,-89.443
CC_CELL2,643,0.88943,0.822,0.8217,-0.0003,2.987,-91.671,-85.22,-85.251
CC_CELL2,643,0.88943,0.7331,0.7303,-0.0028,2.996,-91.95,-85.206,-85.084
CC_CELL2,643,0.88943,0.6441,0.641,-0.0031,2.798,-85.878,-81.091,-80.77
CC_CELL2,643,0.88943,0.5551,0.5499,-0.0052,2.606,-79.983,-75.529,-75.877
CC_CELL2,643,0.88943,0.4662,0.4598,-0.0064,2.411,-73.989,-70.48,-71.051
CC_CELL2,643,0.88943,0.3772,0.374,-0.0032,2.219,-68.109,-64.479,-64.58
CC_CELL2,643,0.88943,0.2882,0.2901,0.0019,1.827,-56.072,-42.211,-42.811
CC_CELL2,643,0.88943,0.2438,0.2462,0.0024,1.398,-42.897,-37.457,-37.44
CC_CELL2,681,0.88374,1.0,0.9847,-0.0153,3.095,-94.408,-89.461,-90.503
CC_CELL2,681,0.88374,0.9558,0.9412,-0.0146,3.151,-96.112,-90.276,-90.7
CC_CELL2,681,0.88374,0.9115,0.9013,-0.0102,3.121,-95.215,-89.534,-89.451
CC_CELL2,681,0.88374,0.8231,0.8234,0.0003,2.958,-90.24,-85.721,-85.691
CC_CELL2,681,0.88374,0.7347,0.7319,-0.0028,2.997,-91.417,-84.942,-84.825
CC_CELL2,681,0.88374,0.6463,0.6441,-0.0022,2.772,-84.551,-81.448,-81.219
CC_CELL2,681,0.88374,0.5579,0.5538,-0.0041,2.618,-79.86,-75.32,-75.593
CC_CELL2,681,0.88374,0.4694,0.4637,-0.0057,2.413,-73.622,-70.813,-71.317
CC_CELL2,681,0.88374,0.381,0.3781,-0.0029,2.234,-68.153,-64.241,-64.321
CC_CELL2,681,0.88374,0.2926,0.2943,0.0017,1.76,-53.691,-43.789,-44.583
CC_CELL2,681,0.88374,0.2484,0.2508,0.0024,1.411,-43.055,-36.966,-36.956
CC_CELL2,718,0.87935,1.0,0.9845,-0.0155,3.043,-92.387,-87.071,-88.081
CC_CELL2,718,0.87935,0.956,0.9417,-0.0143,3.102,-94.185,-87.767,-88.102
CC_CELL2,718,0.87935,0.912,0.9021,-0.0099,2.959,-89.829,-86.963,-86.886
CC_CELL2,718,0.87935,0.824,0.825,0.001,2.907,-88.264,-83.722,-83.637
CC_CELL2,718,0.87935,0.736,0.7339,-0.0021,2.932,-89.004,-82.462,-82.381
CC_CELL2,718,0.87935,0.648,0.6469,-0.0011,2.721,-82.612,-79.517,-79.409
CC_CELL2,718,0.87935,0.56,0.5573,-0.0027,2.573,-78.101,-73.162,-73.333
CC_CELL2,718,0.87935,0.472,0.4675,-0.0045,2.369,-71.929,-69.167,-69.547
CC_CELL2,718,0.87935,0.384,0.3821,-0.0019,2.188,-66.432,-62.387,-62.437
CC_CELL2,718,0.87935,0.296,0.2985,0.0025,1.726,-52.393,-44.479,-46.446
CC_CELL2,718,0.87935,0.252,0.2552,0.0032,1.381,-41.941,-35.917,-36.086
CC_CELL2,756,0.875,1.0,0.9834,-0.0166,3.04,-91.864,-84.737,-85.801
CC_CELL2,756,0.875,0.9562,0.9404,-0.0158,3.03,-91.553,-85.456,-85.673
CC_CELL2,756,0.875,0.9124,0.9018,-0.0106,2.992,-90.383,-84.591,-84.521
CC_CELL2,756,0.875,0.8248,0.8256,0.0008,2.861,-86.457,-82.303,-82.236
CC_CELL2,756,0.875,0.7372,0.7347,-0.0025,2.868,-86.663,-80.368,-80.342
CC_CELL2,756,0.875,0.6497,0.6487,-0.001,2.639,-79.715,-77.64,-77.568
CC_CELL2,756,0.875,0.5621,0.5595,-0.0026,2.498,-75.476,-71.283,-71.468
CC_CELL2,756,0.875,0.4745,0.4703,-0.0042,2.347,-70.909,-67.739,-68.082
CC_CELL2,756,0.875,0.387,0.3852,-0.0018,2.125,-64.195,-60.735,-60.781
CC_CELL2,756,0.875,0.2994,0.3017,0.0023,1.682,-50.812,-45.654,-46.315
CC_CELL2,756,0.875,0.2556,0.2587,0.0031,1.321,-39.925,-35.603,-35.732
CC_CELL2,793,0.86296,1.0,0.9828,-0.0172,3.045,-90.622,-81.674,-82.721
CC_CELL2,793,0.86296,0.9568,0.9393,-0.0175,2.993,-89.077,-82.226,-82.45
CC_CELL2,793,0.86296,0.9137,0.9044,-0.0093,2.978,-88.605,-81.174,-81.024
CC_CELL2,793,0.86296,0.8275,0.8323,0.0048,2.902,-86.359,-79.667,-79.715
CC_CELL2,793,0.86296,0.7412,0.743,0.0018,2.85,-84.798,-77.71,-77.722
CC_CELL2,793,0.86296,0.655,0.6602,0.0052,2.713,-80.727,-74.752,-74.614
CC_CELL2,793,0.86296,0.5687,0.5735,0.0048,2.483,-73.896,-68.994,-68.682
CC_CELL2,793,0.86296,0.4825,0.4848,0.0023,2.362,-70.269,-64.862,-64.965
CC_CELL2,793,0.86296,0.3962,0.3999,0.0037,2.132,-63.433,-58.564,-58.529
CC_CELL2,793,0.86296,0.31,0.318,0.008,1.732,-51.533,-43.636,-43.798
CC_CELL2,793,0.86296,0.2668,0.2764,0.0096,1.342,-39.928,-36.128,-36.761
CC_CELL2,831,0.86091,1.0,0.9825,-0.0175,2.96,-87.984,-81.071,-82.123
CC_CELL2,831,0.86091,0.9569,0.9391,-0.0178,3.031,-90.078,-81.661,-81.896
CC_CELL2,831,0.86091,0.9138,0.9045,-0.0093,2.92,-86.769,-80.629,-80.445
CC_CELL2,831,0.86091,0.8277,0.8325,0.0048,2.867,-85.218,-78.982,-79.031
CC_CELL2,831,0.86091,0.7415,0.7425,0.001,2.807,-83.425,-77.104,-77.109
CC_CELL2,831,0.86091,0.6554,0.6598,0.0044,2.681,-79.697,-74.256,-74.147
CC_CELL2,831,0.86091,0.5692,0.5735,0.0043,2.459,-73.078,-68.578,-68.3
CC_CELL2,831,0.86091,0.4831,0.4855,0.0024,2.354,-69.974,-64.111,-64.213
CC_CELL2,831,0.86091,0.3969,0.4005,0.0036,2.094,-62.236,-57.317,-58.182
CC_CELL2,831,0.86091,0.3108,0.3182,0.0074,1.719,-51.089,-43.215,-43.353
CC_CELL2,831,0.86091,0.2677,0.276,0.0083,1.327,-39.454,-36.134,-36.711
CC_CELL2,868,0.85491,1.0,0.9811,-0.0189,2.926,-86.308,-77.952,-79.19
CC_CELL2,868,0.85491,0.9572,0.939,-0.0182,2.881,-84.963,-78.665,-78.914
CC_CELL2,868,0.85491,0.9145,0.907,-0.0075,2.866,-84.534,-77.784,-77.535
CC_CELL2,868,0.85491,0.829,0.8354,0.0064,2.838,-83.707,-76.313,-76.341
CC_CELL2,868,0.85491,0.7435,0.7458,0.0023,2.759,-81.366,-74.968,-74.899
CC_CELL2,868,0.85491,0.658,0.6647,0.0067,2.645,-78.005,-72.124,-71.987
CC_CELL2,868,0.85491,0.5725,0.5797,0.0072,2.42,-71.36,-66.805,-66.362
CC_CELL2,868,0.85491,0.487,0.492,0.005,2.31,-68.14,-61.431,-61.623
CC_CELL2,868,0.85491,0.4016,0.4072,0.0056,2.056,-60.626,-55.901,-55.979
CC_CELL2,868,0.85491,0.3161,0.3261,0.01,1.683,-49.629,-41.691,-41.848
CC_CELL2,868,0.85491,0.2733,0.285,0.0117,1.309,-38.616,-35.704,-36.456
CC_CELL2,906,0.8468,1.0,0.9805,-0.0195,2.944,-85.998,-77.504,-78.813
CC_CELL2,906,0.8468,0.9576,0.9392,-0.0184,2.912,-85.058,-78.401,-78.655
CC_CELL2,906,0.8468,0.9153,0.9107,-0.0046,2.875,-83.989,-77.173,-76.995
CC_CELL2,906,0.8468,0.8306,0.8401,0.0095,2.776,-81.1,-76.265,-76.218
CC_CELL2,906,0.8468,0.7459,0.7509,0.005,2.768,-80.859,-74.896,-74.744
CC_CELL2,906,0.8468,0.6613,0.6719,0.0106,2.567,-74.991,-72.067,-72.328
CC_CELL2,906,0.8468,0.5766,0.5894,0.0128,2.424,-70.815,-67.053,-66.668
CC_CELL2,906,0.8468,0.492,0.5023,0.0103,2.257,-65.937,-61.163,-61.949
CC_CELL2,906,0.8468,0.4073,0.417,0.0097,2.06,-60.176,-55.287,-55.414
CC_CELL2,906,0.8468,0.3226,0.3361,0.0135,1.634,-47.748,-39.877,-41.62
CC_CELL2,906,0.8468,0.2803,0.2963,0.016,1.319,-38.527,-36.486,-37.361
CC_CELL2,943,0.84323,1.0,0.9799,-0.0201,2.842,-82.682,-77.041,-78.375
CC_CELL2,943,0.84323,0.9578,0.9391,-0.0187,2.888,-84.004,-78.001,-78.212
CC_CELL2,943,0.84323,0.9157,0.9117,-0.004,2.786,-81.036,-76.703,-76.547
CC_CELL2,943,0.84323,0.8313,0.8412,0.0099,2.769,-80.542,-76.036,-75.987
CC_CELL2,943,0.84323,0.747,0.7521,0.0051,2.685,-78.094,-74.723,-74.533
CC_CELL2,943,0.84323,0.6627,0.6762,0.0135,2.492,-72.48,-71.519,-72.012
CC_CELL2,943,0.84323,0.5784,0.5943,0.0159,2.359,-68.627,-66.848,-66.699
CC_CELL2,943,0.84323,0.494,0.5069,0.0129,2.205,-64.13,-61.078,-61.69
CC_CELL2,943,0.84323,0.4097,0.4215,0.0118,2.012,-58.515,-54.978,-55.124
CC_CELL2,943,0.84323,0.3254,0.3404,0.015,1.599,-46.523,-39.472,-41.144
CC_CELL2,943,0.84323,0.2833,0.3001,0.0168,1.282,-37.299,-36.794,-37.626
CC_CELL2,981,0.83777,1.0,0.9804,-0.0196,2.804,-81.074,-75.735,-76.89
CC_CELL2,981,0.83777,0.9581,0.94,-0.0181,2.821,-81.571,-76.573,-76.771
CC_CELL2,981,0.83777,0.9162,0.913,-0.0032,2.744,-79.338,-75.238,-75.115
CC_CELL2,981,0.83777,0.8323,0.8429,0.0106,2.695,-77.928,-75.009,-74.864
CC_CELL2,981,0.83777,0.7485,0.7551,0.0066,2.649,-76.583,-73.695,-73.323
CC_CELL2,981,0.83777,0.6647,0.6768,0.0121,2.502,-72.343,-70.619,-71.456
CC_CELL2,981,0.83777,0.5809,0.5956,0.0147,2.332,-67.429,-65.598,-65.592
CC_CELL2,981,0.83777,0.4971,0.5097,0.0126,2.189,-63.293,-60.206,-61.129
CC_CELL2,981,0.83777,0.4133,0.4259,0.0126,1.949,-56.346,-53.892,-54.036
CC_CELL2,981,0.83777,0.3295,0.3456,0.0161,1.571,-45.438,-38.835,-40.018
CC_CELL2,981,0.83777,0.2875,0.3059,0.0184,1.291,-37.339,-36.863,-37.255
CC_CELL2,1018,0.83311,1.0,0.9798,-0.0202,2.753,-79.134,-72.078,-73.024
CC_CELL2,1018,0.83311,0.9583,0.9397,-0.0186,2.753,-79.117,-72.764,-72.966
CC_CELL2,1018,0.83311,0.9167,0.9117,-0.005,2.69,-77.306,-71.577,-71.509
CC_CELL2,1018,0.83311,0.8334,0.8408,0.0074,2.682,-77.094,-71.704,-71.496
CC_CELL2,1018,0.83311,0.75,0.7545,0.0045,2.592,-74.493,-70.305,-70.032
CC_CELL2,1018,0.83311,0.6667,0.6751,0.0084,2.47,-71.006,-67.385,-67.946
CC_CELL2,1018,0.83311,0.5834,0.593,0.0096,2.274,-65.363,-62.504,-62.481
CC_CELL2,1018,0.83311,0.5,0.5083,0.0083,2.151,-61.824,-57.417,-58.478
CC_CELL2,1018,0.83311,0.4167,0.4261,0.0094,1.92,-55.197,-51.233,-51.343
CC_CELL2,1018,0.83311,0.3334,0.3472,0.0138,1.496,-43.002,-37.296,-38.384
CC_CELL2,1018,0.83311,0.2918,0.3073,0.0155,1.21,-34.783,-35.786,-35.914
CC_CELL2,1056,0.82984,1.0,0.9793,-0.0207,2.732,-78.241,-80.257,-81.178
CC_CELL2,1056,0.82984,0.9585,0.9394,-0.0191,2.683,-76.84,-80.682,-80.812
CC_CELL2,1056,0.82984,0.917,0.9105,-0.0065,2.655,-76.024,-79.342,-79.2
CC_CELL2,1056,0.82984,0.834,0.8395,0.0055,2.585,-74.017,-79.311,-79.097
CC_CELL2,1056,0.82984,0.751,0.7539,0.0029,2.552,-73.097,-77.612,-77.416
CC_CELL2,1056,0.82984,0.6679,0.6736,0.0057,2.39,-68.438,-74.07,-74.442
CC_CELL2,1056,0.82984,0.5849,0.5908,0.0059,2.235,-64.002,-68.836,-68.66
CC_CELL2,1056,0.82984,0.5019,0.5071,0.0052,2.127,-60.914,-63.363,-64.072
CC_CELL2,1056,0.82984,0.4189,0.4262,0.0073,1.877,-53.747,-56.021,-56.32
CC_CELL2,1056,0.82984,0.3359,0.3481,0.0122,1.48,-42.395,-40.806,-42.037
CC_CELL2,1056,0.82984,0.2944,0.3085,0.0141,1.189,-34.051,-39.224,-39.222
CC_CELL2,1093,0.82222,1.0,0.9798,-0.0202,2.667,-75.645,-70.678,-71.535
CC_CELL2,1093,0.82222,0.9589,0.9405,-0.0184,2.636,-74.752,-70.915,-71.193
CC_CELL2,1093,0.82222,0.9178,0.9098,-0.008,2.605,-73.879,-70.301,-70.189
CC_CELL2,1093,0.82222,0.8356,0.8391,0.0035,2.577,-73.096,-70.619,-70.5
CC_CELL2,1093,0.82222,0.7534,0.756,0.0026,2.507,-71.109,-68.921,-68.831
CC_CELL2,1093,0.82222,0.6711,0.6741,0.003,2.392,-67.823,-66.073,-66.271
CC_CELL2,1093,0.82222,0.589,0.5902,0.0012,2.206,-62.563,-61.555,-61.486
CC_CELL2,1093,0.82222,0.5067,0.508,0.0013,2.056,-58.307,-56.72,-56.87
CC_CELL2,1093,0.82222,0.4246,0.4296,0.005,1.846,-52.364,-49.755,-49.787
CC_CELL2,1093,0.82222,0.3424,0.3536,0.0112,1.478,-41.914,-37.025,-38.048
CC_CELL2,1093,0.82222,0.3013,0.3152,0.0139,1.18,-33.458,-36.182,-35.682
CC_CELL2,1131,0.82103,1.0,0.9787,-0.0213,2.617,-74.15,-71.916,-72.814
CC_CELL2,1131,0.82103,0.9589,0.9392,-0.0197,2.569,-72.797,-72.144,-72.396
CC_CELL2,1131,0.82103,0.9178,0.9082,-0.0096,2.538,-71.931,-71.482,-71.329
CC_CELL2,1131,0.82103,0.8357,0.8364,0.0007,2.547,-72.176,-71.659,-71.635
CC_CELL2,1131,0.82103,0.7535,0.7532,-0.0003,2.438,-69.091,-69.937,-69.946
CC_CELL2,1131,0.82103,0.6714,0.6704,-0.001,2.327,-65.949,-66.891,-66.83
CC_CELL2,1131,0.82103,0.5893,0.586,-0.0033,2.14,-60.643,-62.363,-62.566
CC_CELL2,1131,0.82103,0.5071,0.5044,-0.0027,2.017,-57.167,-57.417,-57.094
CC_CELL2,1131,0.82103,0.425,0.427,0.002,1.783,-50.526,-50.362,-50.368
CC_CELL2,1131,0.82103,0.3428,0.3506,0.0078,1.4,-39.663,-37.343,-38.128
CC_CELL2,1131,0.82103,0.3018,0.312,0.0102,1.161,-32.902,-36.524,-36.135
CC_CELL2,1168,0.81252,1.0,0.9775,-0.0225,2.55,-71.487,-68.252,-69.15
CC_CELL2,1168,0.81252,0.9593,0.9419,-0.0174,2.59,-72.612,-68.42,-68.71
CC_CELL2,1168,0.81252,0.9187,0.9154,-0.0033,2.496,-69.976,-67.887,-67.837
CC_CELL2,1168,0.81252,0.8375,0.8448,0.0073,2.49,-69.792,-68.29,-68.056
CC_CELL2,1168,0.81252,0.7562,0.7639,0.0077,2.399,-67.265,-66.146,-66.013
CC_CELL2,1168,0.81252,0.6749,0.6863,0.0114,2.273,-63.714,-62.919,-63.555
CC_CELL2,1168,0.81252,0.5937,0.6067,0.013,2.128,-59.657,-59.189,-58.566
CC_CELL2,1168,0.81252,0.5124,0.5232,0.0108,1.974,-55.343,-55.105,-56.317
CC_CELL2,1168,0.81252,0.4311,0.4444,0.0133,1.799,-50.43,-48.153,-47.749
CC_CELL2,1168,0.81252,0.3499,0.3689,0.019,1.379,-38.655,-36.611,-39.874
CC_CELL2,1168,0.81252,0.3092,0.3299,0.0207,1.137,-31.886,-35.74,-35.276
CC_CELL2,1206,0.80949,1.0,0.9766,-0.0234,2.497,-69.768,-64.595,-65.5
CC_CELL2,1206,0.80949,0.9595,0.9425,-0.017,2.521,-70.438,-64.727,-65.031
CC_CELL2,1206,0.80949,0.919,0.9175,-0.0015,2.443,-68.256,-64.357,-64.339
CC_CELL2,1206,0.80949,0.838,0.8466,0.0086,2.427,-67.817,-64.769,-64.51
CC_CELL2,1206,0.80949,0.757,0.7657,0.0087,2.393,-66.861,-62.57,-62.424
CC_CELL2,1206,0.80949,0.676,0.6899,0.0139,2.215,-61.902,-59.406,-60.121
CC_CELL2,1206,0.80949,0.595,0.6114,0.0164,2.112,-59.02,-55.904,-55.426
CC_CELL2,1206,0.80949,0.514,0.5275,0.0135,1.928,-53.872,-52.378,-53.797
CC_CELL2,1206,0.80949,0.433,0.4482,0.0152,1.743,-48.695,-45.889,-44.85
CC_CELL2,1206,0.80949,0.352,0.3725,0.0205,1.337,-37.371,-35.367,-38.799
CC_CELL2,1206,0.80949,0.3114,0.3333,0.0219,1.098,-30.691,-34.058,-33.92
CC_CELL2,1243,0.8042,1.0,0.9752,-0.0248,2.48,-68.807,-65.883,-66.743
CC_CELL2,1243,0.8042,0.9598,0.9437,-0.0161,2.418,-67.08,-65.963,-66.267
CC_CELL2,1243,0.8042,0.9196,0.9207,0.0011,2.411,-66.902,-65.556,-65.564
CC_CELL2,1243,0.8042,0.8391,0.8516,0.0125,2.35,-65.203,-66.124,-65.686
CC_CELL2,1243,0.8042,0.7587,0.7708,0.0121,2.3,-63.806,-63.493,-63.289
CC_CELL2,1243,0.8042,0.6783,0.698,0.0197,2.182,-60.537,-60.219,-61.064
CC_CELL2,1243,0.8042,0.5978,0.622,0.0242,2.019,-56.006,-56.502,-56.124
CC_CELL2,1243,0.8042,0.5174,0.5377,0.0203,1.916,-53.157,-53.642,-55.804
CC_CELL2,1243,0.8042,0.437,0.4582,0.0212,1.666,-46.213,-46.28,-45.409
CC_CELL2,1243,0.8042,0.3566,0.382,0.0254,1.321,-36.647,-37.097,-41.579
CC_CELL2,1243,0.8042,0.3164,0.3421,0.0257,1.056,-29.298,-34.874,-34.814
CC_CELL2,1281,0.79974,1.0,0.9751,-0.0249,2.451,-67.64,-67.147,-67.915
CC_CELL2,1281,0.79974,0.96,0.9451,-0.0149,2.395,-66.103,-67.053,-67.359
CC_CELL2,1281,0.79974,0.92,0.9229,0.0029,2.381,-65.718,-66.573,-66.6
CC_CELL2,1281,0.79974,0.84,0.8538,0.0138,2.303,-63.566,-67.094,-66.503
CC_CELL2,1281,0.79974,0.76,0.7732,0.0132,2.268,-62.6,-64.309,-64.087
CC_CELL2,1281,0.79974,0.6799,0.7024,0.0225,2.171,-59.93,-60.829,-61.573
CC_CELL2,1281,0.79974,0.6,0.6288,0.0288,1.991,-54.954,-56.964,-57.064
CC_CELL2,1281,0.79974,0.52,0.5445,0.0245,1.874,-51.727,-54.56,-57.167
CC_CELL2,1281,0.79974,0.4399,0.4647,0.0248,1.636,-45.145,-46.267,-46.471
CC_CELL2,1281,0.79974,0.3599,0.3875,0.0276,1.281,-35.357,-38.34,-43.496
CC_CELL2,1281,0.79974,0.3199,0.3476,0.0277,1.044,-28.821,-35.284,-35.44
CC_CELL2,1318,0.79386,1.0,0.9754,-0.0246,2.359,-64.642,-63.626,-64.365
CC_CELL2,1318,0.79386,0.9603,0.9441,-0.0162,2.374,-65.051,-63.607,-63.979
CC_CELL2,1318,0.79386,0.9206,0.9197,-0.0009,2.309,-63.272,-63.335,-63.328
CC_CELL2,1318,0.79386,0.8411,0.8456,0.0045,2.331,-63.857,-65.268,-64.967
CC_CELL2,1318,0.79386,0.7617,0.7652,0.0035,2.211,-60.584,-62.679,-62.619
CC_CELL2,1318,0.79386,0.6823,0.6916,0.0093,2.101,-57.568,-57.866,-58.135
CC_CELL2,1318,0.79386,0.6029,0.6153,0.0124,1.944,-53.26,-54.099,-53.944
CC_CELL2,1318,0.79386,0.5235,0.5337,0.0102,1.817,-49.788,-50.669,-51.601
CC_CELL2,1318,0.79386,0.4441,0.456,0.0119,1.588,-43.501,-43.51,-43.357
CC_CELL2,1318,0.79386,0.3647,0.3799,0.0152,1.236,-33.854,-38.054,-41.062
CC_CELL2,1318,0.79386,0.325,0.3412,0.0162,1.02,-27.937,-34.088,-35.316
CC_CELL2,1356,0.77636,1.0,0.98,-0.02,2.406,-64.432,-59.147,-59.459
CC_CELL2,1356,0.77636,0.9612,0.9484,-0.0128,2.396,-64.156,-58.857,-59.174
CC_CELL2,1356,0.77636,0.9224,0.9205,-0.0019,2.353,-63.011,-58.653,-58.657
CC_CELL2,1356,0.77636,0.8448,0.8408,-0.004,2.372,-63.497,-61.223,-62.421
CC_CELL2,1356,0.77636,0.7672,0.7613,-0.0059,2.258,-60.451,-62.338,-60.546
CC_CELL2,1356,0.77636,0.6896,0.6841,-0.0055,2.141,-57.318,-55.924,-56.402
CC_CELL2,1356,0.77636,0.6119,0.6055,-0.0064,1.985,-53.151,-52.308,-51.722
CC_CELL2,1356,0.77636,0.5343,0.5296,-0.0047,1.855,-49.654,-47.8,-48.039
CC_CELL2,1356,0.77636,0.4567,0.4557,-0.001,1.619,-43.352,-41.117,-41.009
CC_CELL2,1356,0.77636,0.3791,0.3841,0.005,1.287,-34.451,-37.928,-38.443
CC_CELL2,1356,0.77636,0.3403,0.3463,0.006,1.099,-29.44,-33.054,-33.845
CC_CELL2,1393,0.76477,1.0,0.9811,-0.0189,2.387,-62.865,-58.821,-58.819
CC_CELL2,1393,0.76477,0.9618,0.9606,-0.0012,2.301,-60.584,-57.761,-57.79
CC_CELL2,1393,0.76477,0.9237,0.9352,0.0115,2.331,-61.368,-57.685,-57.437
CC_CELL2,1393,0.76477,0.8473,0.8636,0.0163,2.34,-61.618,-59.286,-57.24
CC_CELL2,1393,0.76477,0.771,0.7884,0.0174,2.229,-58.703,-63.543,-66.03
CC_CELL2,1393,0.76477,0.6947,0.7214,0.0267,2.127,-56.014,-54.322,-53.094
CC_CELL2,1393,0.76477,0.6184,0.6488,0.0304,1.965,-51.736,-54.321,-57.5
CC_CELL2,1393,0.76477,0.5421,0.5712,0.0291,1.841,-48.487,-46.364,-45.121
CC_CELL2,1393,0.76477,0.4657,0.4949,0.0292,1.612,-42.441,-42.509,-47.421
CC_CELL2,1393,0.76477,0.3894,0.4237,0.0343,1.291,-34.001,-38.409,-37.735
CC_CELL2,1393,0.76477,0.3512,0.3872,0.036,1.091,-28.715,-33.675,-36.743
CC_CELL2,1431,0.77156,1.0,0.9785,-0.0215,2.286,-60.834,-59.127,-59.16
CC_CELL2,1431,0.77156,0.9614,0.9493,-0.0121,2.223,-59.154,-58.541,-58.837
CC_CELL2,1431,0.77156,0.9228,0.9231,0.0003,2.225,-59.224,-58.206,-58.205
CC_CELL2,1431,0.77156,0.8457,0.8439,-0.0018,2.249,-59.859,-60.272,-60.951
CC_CELL2,1431,0.77156,0.7686,0.7637,-0.0049,2.118,-56.37,-62.577,-61.094
CC_CELL2,1431,0.77156,0.6914,0.6889,-0.0025,2.025,-53.898,-55.73,-56.349
CC_CELL2,1431,0.77156,0.6143,0.611,-0.0033,1.86,-49.492,-52.775,-52.473
CC_CELL2,1431,0.77156,0.5371,0.5357,-0.0014,1.739,-46.278,-48.048,-48.119
CC_CELL2,1431,0.77156,0.46,0.4628,0.0028,1.507,-40.106,-41.773,-42.278
CC_CELL2,1431,0.77156,0.3829,0.3915,0.0086,1.189,-31.63,-36.917,-38.866
CC_CELL2,1431,0.77156,0.3443,0.354,0.0097,1.009,-26.849,-33.044,-33.939
CC_CELL2,1506,0.76099,1.0,0.9815,-0.0185,2.163,-56.847,-55.058,-55.079
CC_CELL2,1506,0.76099,0.9619,0.959,-0.0029,2.126,-55.87,-54.193,-54.198
CC_CELL2,1506,0.76099,0.9238,0.9335,0.0097,2.158,-56.707,-53.945,-53.748
CC_CELL2,1506,0.76099,0.8476,0.8572,0.0096,2.094,-55.025,-54.695,-53.381
CC_CELL2,1506,0.76099,0.7715,0.7826,0.0111,2.021,-53.112,-59.16,-62.704
CC_CELL2,1506,0.76099,0.6953,0.7161,0.0208,1.876,-49.284,-49.963,-48.948
CC_CELL2,1506,0.76099,0.6192,0.6424,0.0232,1.772,-46.568,-50.027,-53.105
CC_CELL2,1506,0.76099,0.543,0.5658,0.0228,1.612,-42.359,-42.455,-41.33
CC_CELL2,1506,0.76099,0.4668,0.4894,0.0226,1.407,-36.982,-38.966,-43.828
CC_CELL2,1506,0.76099,0.3907,0.4183,0.0276,1.09,-28.643,-35.926,-35.528
CC_CELL2,1506,0.76099,0.3526,0.3802,0.0276,0.979,-25.737,-31.327,-33.2
CC_CELL2,1543,0.7539,1.0,0.9795,-0.0205,2.022,-52.621,-56.44,-59.962
CC_CELL2,1543,0.7539,0.9623,0.9553,-0.007,2.027,-52.746,-59.038,-59.051
CC_CELL2,1543,0.7539,0.9246,0.9285,0.0039,2.045,-53.219,-58.637,-58.548
CC_CELL2,1543,0.7539,0.8491,0.851,0.0019,1.996,-51.929,-55.008,-54.647
CC_CELL2,1543,0.7539,0.7737,0.7742,0.0005,1.913,-49.785,-60.408,-60.611
CC_CELL2,1543,0.7539,0.6983,0.7052,0.0069,1.787,-46.487,-49.831,-49.268
CC_CELL2,1543,0.7539,0.6229,0.6308,0.0079,1.671,-43.47,-51.1,-53.451
CC_CELL2,1543,0.7539,0.5474,0.5564,0.009,1.534,-39.924,-41.693,-41.515
CC_CELL2,1543,0.7539,0.472,0.4829,0.0109,1.327,-34.539,-39.969,-44.773
CC_CELL2,1543,0.7539,0.3966,0.4133,0.0167,1.041,-27.098,-38.214,-36.951
CC_CELL2,1543,0.7539,0.3589,0.3775,0.0186,0.968,-25.184,-32.339,-33.651
CC_CELL2,1581,0.74859,1.0,0.9751,-0.0249,1.988,-51.375,-53.493,-59.116
CC_CELL2,1581,0.74859,0.9625,0.9498,-0.0127,2.012,-51.994,-59.229,-59.3
CC_CELL2,1581,0.74859,0.9251,0.9204,-0.0047,1.973,-50.992,-57.687,-56.553
CC_CELL2,1581,0.74859,0.8502,0.8382,-0.012,1.968,-50.859,-51.469,-55.105
CC_CELL2,1581,0.74859,0.7753,0.7632,-0.0121,1.839,-47.514,-57.025,-52.559
CC_CELL2,1581,0.74859,0.7004,0.6884,-0.012,1.742,-45.024,-46.591,-48.958
CC_CELL2,1581,0.74859,0.6255,0.6133,-0.0122,1.594,-41.196,-48.496,-45.833
CC_CELL2,1581,0.74859,0.5506,0.5407,-0.0099,1.481,-38.281,-38.689,-40.436
CC_CELL2,1581,0.74859,0.4757,0.47,-0.0057,1.301,-33.616,-38.248,-36.901
CC_CELL2,1581,0.74859,0.4008,0.3993,-0.0015,0.999,-25.824,-37.198,-37.102
CC_CELL2,1581,0.74859,0.3633,0.3667,0.0034,0.956,-24.707,-31.074,-31.256
CC_CELL2,1618,0.74035,1.0,0.9762,-0.0238,1.897,-48.501,-52.315,-57.387
CC_CELL2,1618,0.74035,0.9629,0.9464,-0.0165,1.932,-49.401,-59.83,-62.485
CC_CELL2,1618,0.74035,0.9259,0.9148,-0.0111,1.891,-48.33,-55.944,-53.487
CC_CELL2,1618,0.74035,0.8518,0.8312,-0.0206,1.898,-48.532,-49.828,-55.607
CC_CELL2,1618,0.74035,0.7777,0.7499,-0.0278,1.767,-45.177,-54.986,-46.084
CC_CELL2,1618,0.74035,0.7036,0.6696,-0.034,1.686,-43.103,-45.127,-51.492
CC_CELL2,1618,0.74035,0.6295,0.5967,-0.0328,1.554,-39.734,-47.981,-41.977
CC_CELL2,1618,0.74035,0.5554,0.5268,-0.0286,1.442,-36.853,-37.573,-41.748
CC_CELL2,1618,0.74035,0.4813,0.4624,-0.0189,1.22,-31.196,-39.546,-36.16
CC_CELL2,1618,0.74035,0.4072,0.3915,-0.0157,0.992,-25.37,-35.816,-34.467
CC_CELL2,1618,0.74035,0.3701,0.3618,-0.0083,0.934,-23.868,-31.064,-30.543
CC_CELL2,1656,0.73442,1.0,0.9742,-0.0258,1.881,-47.696,-47.739,-52.758
CC_CELL2,1656,0.73442,0.9632,0.9438,-0.0194,1.886,-47.827,-54.575,-57.189
CC_CELL2,1656,0.73442,0.9265,0.9099,-0.0166,1.911,-48.472,-51.547,-48.271
CC_CELL2,1656,0.73442,0.853,0.8236,-0.0294,1.853,-46.981,-45.699,-49.331
CC_CELL2,1656,0.73442,0.7795,0.7423,-0.0372,1.763,-44.708,-47.165,-43.006
CC_CELL2,1656,0.73442,0.7059,0.6652,-0.0407,1.643,-41.675,-41.349,-48.109
CC_CELL2,1656,0.73442,0.6325,0.5926,-0.0399,1.544,-39.143,-41.739,-38.725
CC_CELL2,1656,0.73442,0.5589,0.5242,-0.0347,1.405,-35.626,-34.521,-38.997
CC_CELL2,1656,0.73442,0.4854,0.4575,-0.0279,1.199,-30.407,-38.083,-33.927
CC_CELL2,1656,0.73442,0.412,0.3919,-0.0201,0.984,-24.949,-33.648,-31.163
CC_CELL2,1656,0.73442,0.3752,0.3644,-0.0108,0.929,-23.556,-28.583,-27.93
CC_CELL2,1693,0.71876,1.0,0.9757,-0.0243,1.902,-47.164,-47.748,-53.688
CC_CELL2,1693,0.71876,0.964,0.946,-0.018,1.91,-47.381,-56.235,-59.685
CC_CELL2,1693,0.71876,0.9281,0.914,-0.0141,1.917,-47.544,-53.44,-50.303
CC_CELL2,1693,0.71876,0.8562,0.8331,-0.0231,1.859,-46.104,-46.35,-47.484
CC_CELL2,1693,0.71876,0.7843,0.7526,-0.0317,1.789,-44.38,-45.662,-46.818
CC_CELL2,1693,0.71876,0.7124,0.6787,-0.0337,1.659,-41.155,-42.865,-41.873
CC_CELL2,1693,0.71876,0.6405,0.6046,-0.0359,1.555,-38.581,-40.235,-44.165
CC_CELL2,1693,0.71876,0.5686,0.5381,-0.0305,1.442,-35.77,-37.194,-36.396
CC_CELL2,1693,0.71876,0.4967,0.468,-0.0287,1.215,-30.133,-41.663,-38.026
CC_CELL2,1693,0.71876,0.4248,0.4099,-0.0149,0.99,-24.55,-32.51,-31.22
CC_CELL2,1693,0.71876,0.3889,0.385,-0.0039,0.941,-23.351,-29.242,-29.182
CC_CELL2,1731,0.72287,1.0,0.9703,-0.0297,1.806,-45.162,-46.829,-53.769
CC_CELL2,1731,0.72287,0.9637,0.9399,-0.0238,1.801,-45.035,-54.905,-56.58
CC_CELL2,1731,0.72287,0.9275,0.9062,-0.0213,1.81,-45.246,-51.761,-47.284
CC_CELL2,1731,0.72287,0.855,0.822,-0.033,1.766,-44.153,-45.136,-45.689
CC_CELL2,1731,0.72287,0.7826,0.7405,-0.0421,1.672,-41.788,-43.678,-44.413
CC_CELL2,1731,0.72287,0.7101,0.6651,-0.045,1.569,-39.23,-40.798,-41.697
CC_CELL2,1731,0.72287,0.6377,0.5918,-0.0459,1.468,-36.703,-38.421,-40.88
CC_CELL2,1731,0.72287,0.5652,0.5261,-0.0391,1.334,-33.349,-34.781,-38.004
CC_CELL2,1731,0.72287,0.4927,0.456,-0.0367,1.151,-28.777,-39.623,-35.901
CC_CELL2,1731,0.72287,0.4203,0.3995,-0.0208,0.971,-24.282,-31.752,-29.988
CC_CELL2,1731,0.72287,0.3841,0.3762,-0.0079,0.921,-23.036,-28.165,-28.012
CC_CELL2,1768,0.70802,1.0,0.99,-0.01,1.763,-43.111,-44.997,-47.075
CC_CELL2,1768,0.70802,0.9645,0.9689,0.0044,1.764,-43.154,-53.002,-51.671
CC_CELL2,1768,0.70802,0.9291,0.9282,-0.0009,1.767,-43.212,-50.167,-49.956
CC_CELL2,1768,0.70802,0.8582,0.8494,-0.0088,1.729,-42.296,-43.311,-43.878
CC_CELL2,1768,0.70802,0.7873,0.7731,-0.0142,1.637,-40.03,-46.717,-45.554
CC_CELL2,1768,0.70802,0.7164,0.7025,-0.0139,1.541,-37.684,-40.852,-39.134
CC_CELL2,1768,0.70802,0.6455,0.6277,-0.0178,1.44,-35.22,-37.347,-40.943
CC_CELL2,1768,0.70802,0.5747,0.5622,-0.0125,1.308,-32.0,-37.786,-34.326
CC_CELL2,1768,0.70802,0.5038,0.4994,-0.0044,1.134,-27.723,-38.712,-39.603
CC_CELL2,1768,0.70802,0.4329,0.4326,-0.0003,0.967,-23.641,-30.678,-30.654
CC_CELL2,1768,0.70802,0.3974,0.4063,0.0089,0.922,-22.557,-27.881,-28.267
CC_CELL2,1806,0.70185,1.0,0.9893,-0.0107,1.705,-41.361,-35.164,-37.004
CC_CELL2,1806,0.70185,0.9648,0.9712,0.0064,1.706,-41.394,-41.639,-40.138
CC_CELL2,1806,0.70185,0.9297,0.934,0.0043,1.71,-41.489,-39.513,-40.359
CC_CELL2,1806,0.70185,0.8593,0.8577,-0.0016,1.662,-40.311,-33.774,-33.853
CC_CELL2,1806,0.70185,0.789,0.785,-0.004,1.577,-38.26,-39.391,-39.061
CC_CELL2,1806,0.70185,0.7187,0.716,-0.0027,1.485,-36.025,-31.908,-31.649
CC_CELL2,1806,0.70185,0.6484,0.6431,-0.0053,1.387,-33.657,-28.485,-29.58
CC_CELL2,1806,0.70185,0.5781,0.5756,-0.0025,1.258,-30.514,-30.015,-29.438
CC_CELL2,1806,0.70185,0.5077,0.5146,0.0069,1.087,-26.367,-19.372,-18.995
CC_CELL2,1806,0.70185,0.4374,0.4487,0.0113,0.955,-23.164,-24.601,-25.299
CC_CELL2,1806,0.70185,0.4023,0.4184,0.0161,0.909,-22.062,-22.487,-23.134
