cell,zipname,file,kind,cycle,n,bad_frac,T_min,T_med,T_lowV_med,note
CC,03-CONSTANT CURRENT protocol_Cycles 0 to 1000.zip,05-01-21_12.49_CC_protocol_whole_Schedule_IN21700_30T_cycle_#1_week#1.mat,schedule,1,283158,0.0,24.62,26.11,26.14,
CC,03-CONSTANT CURRENT protocol_Cycles 0 to 1000.zip,05-01-21_14.43_CC_protocol_OCV_0.05C_IN21700_30T_cycle_#1.mat,OCV,1,2473,0.0,24.62,25.56,25.44,
CC,03-CONSTANT CURRENT protocol_Cycles 0 to 1000.zip,05-03-21_08.52_CC_protocol_halfC_0.5C_dchg_(a)_IN21700_30T_cycle_#2.mat,halfC,2,7130,0.0,24.73,25.43,25.59,
CC,03-CONSTANT CURRENT protocol_Cycles 0 to 1000.zip,05-03-21_08.52_CC_protocol_halfC_0.5C_dchg_(a1)_IN21700_30T_cycle_#2.mat,halfC,2,7130,0.0,24.73,25.43,25.59,
CC,03-CONSTANT CURRENT protocol_Cycles 0 to 1000.zip,05-03-21_08.52_CC_protocol_halfC_CAP_(a)_forexcel_cycle_#2.mat,CAP,2,0,1.0,,,,read:KeyError
CC,03-CONSTANT CURRENT protocol_Cycles 0 to 1000.zip,05-03-21_08.52_CC_protocol_halfC_CAP_(a1)_forexcel_cycle_#2.mat,CAP,2,0,1.0,,,,read:KeyError
CC,03-CONSTANT CURRENT protocol_Cycles 0 to 1000.zip,05-03-21_11.06_CC_protocol_ONE_C_charge_IN21700_30T_cycle_#2.mat,other,2,342,0.0,24.77,26.07,25.48,
CC,03-CONSTANT CURRENT protocol_Cycles 0 to 1000.zip,05-03-21_12.23_CC_protocol_OneC_1C_dchg_IN21700_30T_cycle_#3.mat,other,3,3536,0.0,24.89,25.83,26.1,
CC,03-CONSTANT CURRENT protocol_Cycles 0 to 1000.zip,05-03-21_14.53_CC_protocol_TwoC_2C_dchg_IN21700_30T_cycle_#4.mat,other,4,1753,0.0,25.29,27.32,27.83,
CC,03-CONSTANT CURRENT protocol_Cycles 0 to 1000.zip,05-03-21_16.59_CC_protocol_HPPC_IN21700_30T_cycle_#5.mat,HPPC,5,35047,0.0,24.65,25.83,25.95,
CC,03-CONSTANT CURRENT protocol_Cycles 0 to 1000.zip,05-04-21_23.06_CC_protocol_tenpercent_chg_a_IN21700_30T_cycle_#6.mat,other,6,1071,0.0,24.72,25.41,25.41,
CC,03-CONSTANT CURRENT protocol_Cycles 0 to 1000.zip,05-05-21_00.04_CC_protocol__Fifteen_Drive_Cycles_set_IN21700_30T_cycle_#7_to_21.mat,drive,7,106153,0.0,24.78,26.23,26.28,
CC,03-CONSTANT CURRENT protocol_Cycles 0 to 1000.zip,05-06-21_06.39_CC_protocol_halfC_0.5C_dchg_(b)_IN21700_30T_cycle_#21.mat,halfC,21,7137,0.0,24.68,25.46,25.63,
CC,03-CONSTANT CURRENT protocol_Cycles 0 to 1000.zip,05-06-21_06.39_CC_protocol_halfC_CAP_(b)_forexcel_cycle_#21.mat,CAP,21,0,1.0,,,,read:KeyError
CC,03-CONSTANT CURRENT protocol_Cycles 0 to 1000.zip,05-06-21_08.38_CC_protocol_tenpercent_chg_b_IN21700_30T_cycle_#22.mat,other,22,1072,0.0,24.8,25.52,25.52,
CC,03-CONSTANT CURRENT protocol_Cycles 0 to 1000.zip,05-06-21_09.36_CC_protocol__Fifteen_Drive_Cycles_set_IN21700_30T_cycle_#22_to_36.mat,drive,22,106062,0.0,24.73,26.2,26.23,
CC,03-CONSTANT CURRENT protocol_Cycles 0 to 1000.zip,05-09-21_17.20_CC_protocol_whole_Schedule_IN21700_30T_cycle_#37_week#2.mat,schedule,37,280232,0.0,24.53,26.16,26.16,
CC,03-CONSTANT CURRENT protocol_Cycles 0 to 1000.zip,05-09-21_17.47_CC_protocol_halfC_0.5C_dchg_(a)_IN21700_30T_cycle_#37.mat,halfC,37,7082,0.0,24.59,25.48,25.75,
CC,03-CONSTANT CURRENT protocol_Cycles 0 to 1000.zip,05-09-21_17.47_CC_protocol_halfC_CAP_(a)_forexcel_cycle_#37.mat,CAP,37,0,1.0,,,,read:KeyError
CC,03-CONSTANT CURRENT protocol_Cycles 0 to 1000.zip,05-09-21_20.00_CC_protocol_ONE_C_charge_IN21700_30T_cycle_#37.mat,other,37,339,0.0,24.67,26.32,25.58,
CC,03-CONSTANT CURRENT protocol_Cycles 0 to 1000.zip,05-09-21_21.16_CC_protocol_OneC_1C_dchg_IN21700_30T_cycle_#38.mat,other,38,3504,0.0,25.08,26.21,26.58,
CC,03-CONSTANT CURRENT protocol_Cycles 0 to 1000.zip,05-09-21_23.45_CC_protocol_TwoC_2C_dchg_IN21700_30T_cycle_#39.mat,other,39,1736,0.0,25.62,27.4,27.56,
CC,03-CONSTANT CURRENT protocol_Cycles 0 to 1000.zip,05-10-21_01.48_CC_protocol_HPPC_IN21700_30T_cycle_#40.mat,HPPC,40,35028,0.0,24.53,25.81,25.78,
CC,03-CONSTANT CURRENT protocol_Cycles 0 to 1000.zip,05-11-21_07.55_CC_protocol_tenpercent_chg_a_IN21700_30T_cycle_#41.mat,other,41,1066,0.0,24.74,25.61,25.61,
CC,03-CONSTANT CURRENT protocol_Cycles 0 to 1000.zip,05-11-21_08.54_CC_protocol__Fifteen_Drive_Cycles_set_IN21700_30T_cycle_#42_to_56.mat,drive,42,106159,0.0,24.67,26.22,26.17,
CC,03-CONSTANT CURRENT protocol_Cycles 0 to 1000.zip,05-12-21_15.29_CC_protocol_halfC_0.5C_dchg_(b)_IN21700_30T_cycle_#56.mat,halfC,56,7084,0.0,24.89,25.9,26.29,
CC,03-CONSTANT CURRENT protocol_Cycles 0 to 1000.zip,05-12-21_15.29_CC_protocol_halfC_CAP_(b)_forexcel_cycle_#56.mat,CAP,56,0,1.0,,,,read:KeyError
CC,03-CONSTANT CURRENT protocol_Cycles 0 to 1000.zip,05-12-21_17.27_CC_protocol_tenpercent_chg_b_IN21700_30T_cycle_#57.mat,other,57,1064,0.0,25.23,26.24,26.24,
CC,03-CONSTANT CURRENT protocol_Cycles 0 to 1000.zip,05-12-21_18.27_CC_protocol__Fifteen_Drive_Cycles_set_IN21700_30T_cycle_#57_to_71.mat,drive,57,106041,0.0,24.57,26.26,26.31,
CC,03-CONSTANT CURRENT protocol_Cycles 0 to 1000.zip,Cover20 is not performed this week_#2.mat,other,-1,0,1.0,,,,read:KeyError
CC,03-CONSTANT CURRENT protocol_Cycles 0 to 1000.zip,05-15-21_10.42_CC_protocol_whole_Schedule_IN21700_30T_cycle_#72_week#3.mat,schedule,72,282033,0.0,24.48,26.16,26.19,
CC,03-CONSTANT CURRENT protocol_Cycles 0 to 1000.zip,05-15-21_12.00_CC_protocol_OCV_0.05C_IN21700_30T_cycle_#72.mat,OCV,72,2444,0.0,24.57,25.56,25.43,
CC,03-CONSTANT CURRENT protocol_Cycles 0 to 1000.zip,05-17-21_05.50_CC_protocol_halfC_0.5C_dchg_(a)_IN21700_30T_cycle_#73.mat,halfC,73,7059,0.0,24.7,25.45,25.65,
CC,03-CONSTANT CURRENT protocol_Cycles 0 to 1000.zip,05-17-21_05.50_CC_protocol_halfC_CAP_(a)_forexcel_cycle_#73.mat,CAP,73,0,1.0,,,,read:KeyError
CC,03-CONSTANT CURRENT protocol_Cycles 0 to 1000.zip,05-17-21_07.47_CC_protocol_1C_charge_IN21700_30T_cycle_#2.mat,other,2,155084,0.0,24.48,26.17,26.16,
CC,03-CONSTANT CURRENT protocol_Cycles 0 to 1000.zip,05-17-21_07.47_CC_protocol_halfC_CAP_(a1)_forexcel_cycle_#2.mat,CAP,2,0,1.0,,,,read:KeyError
CC,03-CONSTANT CURRENT protocol_Cycles 0 to 1000.zip,05-17-21_08.02_CC_protocol_ONE_C_charge_IN21700_30T_cycle_#73.mat,other,73,338,0.0,24.78,26.13,25.4,
CC,03-CONSTANT CURRENT protocol_Cycles 0 to 1000.zip,05-17-21_09.18_CC_protocol_OneC_1C_dchg_IN21700_30T_cycle_#74.mat,other,74,3489,0.0,24.95,25.82,26.09,
CC,03-CONSTANT CURRENT protocol_Cycles 0 to 1000.zip,05-17-21_11.46_CC_protocol_TwoC_2C_dchg_IN21700_30T_cycle_#75.mat,other,75,1733,0.0,25.28,27.39,27.9,
CC,03-CONSTANT CURRENT protocol_Cycles 0 to 1000.zip,05-17-21_13.52_CC_protocol_HPPC_IN21700_30T_cycle_#76.mat,HPPC,76,35059,0.0,24.48,25.84,25.86,
CC,03-CONSTANT CURRENT protocol_Cycles 0 to 1000.zip,05-18-21_19.58_CC_protocol_tenpercent_chg_a_IN21700_30T_cycle_#77.mat,other,77,1062,0.0,24.72,25.5,25.5,
CC,03-CONSTANT CURRENT protocol_Cycles 0 to 1000.zip,05-18-21_20.57_CC_protocol__Fifteen_Drive_Cycles_set_IN21700_30T_cycle_#78_to_92.mat,drive,78,105647,0.0,24.8,26.26,26.26,
CC,03-CONSTANT CURRENT protocol_Cycles 0 to 1000.zip,05-20-21_03.23_CC_protocol_halfC_0.5C_dchg_(b)_IN21700_30T_cycle_#92.mat,halfC,92,7046,0.0,25.12,25.93,26.3,
CC,03-CONSTANT CURRENT protocol_Cycles 0 to 1000.zip,05-20-21_03.23_CC_protocol_halfC_CAP_(b)_forexcel_cycle_#92.mat,CAP,92,0,1.0,,,,read:KeyError
CC,03-CONSTANT CURRENT protocol_Cycles 0 to 1000.zip,05-20-21_05.21_CC_protocol_tenpercent_chg_b_IN21700_30T_cycle_#93.mat,other,93,1058,0.0,25.51,26.3,26.3,
CC,03-CONSTANT CURRENT protocol_Cycles 0 to 1000.zip,05-20-21_06.21_CC_protocol__Fifteen_Drive_Cycles_set_IN21700_30T_cycle_#93_to_107.mat,drive,93,105809,0.0,24.64,26.23,26.27,
CC,03-CONSTANT CURRENT protocol_Cycles 0 to 1000.zip,05-22-21_11.51_CC_protocol_whole_Schedule_IN21700_30T_cycle_#108_week#4.mat,schedule,108,295534,0.0,24.34,25.95,25.92,
CC,03-CONSTANT CURRENT protocol_Cycles 0 to 1000.zip,05-22-21_12.19_CC_protocol_halfC_0.5C_dchg_(a1)_IN21700_30T_cycle_#108.mat,halfC,108,7012,0.0,24.6,25.46,25.52,
CC,03-CONSTANT CURRENT protocol_Cycles 0 to 1000.zip,05-22-21_12.19_CC_protocol_halfC_CAP_(a1)_forexcel_cycle_#108.mat,CAP,108,0,1.0,,,,read:KeyError
CC,03-CONSTANT CURRENT protocol_Cycles 0 to 1000.zip,05-22-21_15.46_CC_protocol_halfC_0.5C_dchg_(a2)_IN21700_30T_cycle_#109.mat,halfC,109,6984,0.0,24.63,25.47,25.7,
CC,03-CONSTANT CURRENT protocol_Cycles 0 to 1000.zip,05-22-21_15.46_CC_protocol_halfC_CAP_(a2)_forexcel_cycle_#109.mat,CAP,109,0,1.0,,,,read:KeyError
CC,03-CONSTANT CURRENT protocol_Cycles 0 to 1000.zip,05-22-21_17.58_CC_protocol_ONE_C_charge_IN21700_30T_cycle_#109.mat,other,109,335,0.0,24.79,26.15,25.45,
CC,03-CONSTANT CURRENT protocol_Cycles 0 to 1000.zip,05-22-21_19.14_CC_protocol_OneC_1C_dchg_IN21700_30T_cycle_#110.mat,other,110,3465,0.0,24.97,25.96,26.28,
CC,03-CONSTANT CURRENT protocol_Cycles 0 to 1000.zip,05-22-21_21.42_CC_protocol_TwoC_2C_dchg_IN21700_30T_cycle_#111.mat,other,111,1722,0.0,25.55,27.61,28.17,
CC,03-CONSTANT CURRENT protocol_Cycles 0 to 1000.zip,05-22-21_23.48_CC_protocol_HPPC_IN21700_30T_cycle_#112.mat,HPPC,112,35040,0.0,24.57,25.87,25.84,
CC,03-CONSTANT CURRENT protocol_Cycles 0 to 1000.zip,05-24-21_05.56_CC_protocol_tenpercent_chg_a_IN21700_30T_cycle_#112.mat,other,112,1051,0.0,24.96,25.66,25.66,
CC,03-CONSTANT CURRENT protocol_Cycles 0 to 1000.zip,05-24-21_06.55_CC_protocol__Fifteen_Drive_Cycles_set_IN21700_30T_cycle_#113_to_127.mat,drive,113,104373,0.0,24.6,26.05,25.97,
CC,03-CONSTANT CURRENT protocol_Cycles 0 to 1000.zip,05-25-21_12.59_CC_protocol_halfC_0.5C_dchg_(b1)_IN21700_30T_cycle_#128.mat,halfC,128,7005,0.0,24.67,25.52,25.84,
CC,03-CONSTANT CURRENT protocol_Cycles 0 to 1000.zip,05-25-21_12.59_CC_protocol_halfC_CAP_(b1)_forexcel_cycle_#128.mat,CAP,128,0,1.0,,,,read:KeyError
CC,03-CONSTANT CURRENT protocol_Cycles 0 to 1000.zip,05-25-21_16.03_CC_protocol_halfC_0.5C_dchg_(b2)_IN21700_30T_cycle_#129.mat,halfC,129,7001,0.0,24.4,25.41,25.35,
CC,03-CONSTANT CURRENT protocol_Cycles 0 to 1000.zip,05-25-21_16.03_CC_protocol_halfC_CAP_(b2)_forexcel_cycle_#129.mat,CAP,129,0,1.0,,,,read:KeyError
CC,03-CONSTANT CURRENT protocol_Cycles 0 to 1000.zip,05-25-21_18.00_CC_protocol_tenpercent_chg_b_IN21700_30T_cycle_#129.mat,other,129,1051,0.0,24.34,25.19,25.19,
CC,03-CONSTANT CURRENT protocol_Cycles 0 to 1000.zip,05-25-21_18.57_CC_protocol__Fifteen_Drive_Cycles_set_IN21700_30T_cycle_#130_to_144.mat,drive,130,104998,0.0,24.38,25.97,26.03,
CC,03-CONSTANT CURRENT protocol_Cycles 0 to 1000.zip,Cover20 is not performed this week_#4.mat,other,-1,0,1.0,,,,read:KeyError
CC,03-CONSTANT CURRENT protocol_Cycles 0 to 1000.zip,05-27-21_15.34_CC_protocol_whole_Schedule_IN21700_30T_cycle_#145_week#5.mat,schedule,145,300551,0.0,23.19,25.94,25.95,
CC,03-CONSTANT CURRENT protocol_Cycles 0 to 1000.zip,05-27-21_16.53_CC_protocol_OCV_0.05C_IN21700_30T_cycle_#145.mat,OCV,145,2427,0.0,24.35,25.37,25.27,
CC,03-CONSTANT CURRENT protocol_Cycles 0 to 1000.zip,05-29-21_10.25_CC_protocol_halfC_0.5C_dchg_(a1)_IN21700_30T_cycle_#146.mat,halfC,146,7000,0.0,24.44,25.24,25.49,
CC,03-CONSTANT CURRENT protocol_Cycles 0 to 1000.zip,05-29-21_10.25_CC_protocol_halfC_CAP_(a1)_forexcel_cycle_#146.mat,CAP,146,0,1.0,,,,read:KeyError
CC,03-CONSTANT CURRENT protocol_Cycles 0 to 1000.zip,05-31-21_08.00_CC_protocol_halfC_0.5C_dchg_(a2)_IN21700_30T_cycle_#147.mat,halfC,147,6943,0.0,24.65,25.7,25.49,
CC,03-CONSTANT CURRENT protocol_Cycles 0 to 1000.zip,05-31-21_08.00_CC_protocol_halfC_CAP_(a2)_forexcel_cycle_#147.mat,CAP,147,0,1.0,,,,read:KeyError
CC,03-CONSTANT CURRENT protocol_Cycles 0 to 1000.zip,05-31-21_10.10_CC_protocol_ONE_C_charge_IN21700_30T_cycle_#147.mat,other,147,332,0.0,24.51,25.75,25.17,
CC,03-CONSTANT CURRENT protocol_Cycles 0 to 1000.zip,05-31-21_11.27_CC_protocol_OneC_1C_dchg_IN21700_30T_cycle_#148.mat,other,148,3447,0.0,24.52,25.52,25.76,
CC,03-CONSTANT CURRENT protocol_Cycles 0 to 1000.zip,05-31-21_13.55_CC_protocol_TwoC_2C_dchg_IN21700_30T_cycle_#149.mat,other,149,1711,0.0,24.7,26.8,27.3,
CC,03-CONSTANT CURRENT protocol_Cycles 0 to 1000.zip,05-31-21_15.59_CC_protocol_HPPC_IN21700_30T_cycle_#150.mat,HPPC,150,35063,0.0,23.19,25.64,25.61,
CC,03-CONSTANT CURRENT protocol_Cycles 0 to 1000.zip,06-01-21_22.06_CC_protocol_tenpercent_chg_a_IN21700_30T_cycle_#150.mat,other,150,1045,0.0,24.41,25.17,25.17,
CC,03-CONSTANT CURRENT protocol_Cycles 0 to 1000.zip,06-01-21_23.03_CC_protocol__Fifteen_Drive_Cycles_set_IN21700_30T_cycle_#151_to_165.mat,drive,151,104600,0.0,24.49,26.09,26.15,
CC,03-CONSTANT CURRENT protocol_Cycles 0 to 1000.zip,06-03-21_05.12_CC_protocol_halfC_0.5C_dchg_(b1)_IN21700_30T_cycle_#166.mat,halfC,166,6965,0.0,24.68,25.55,25.88,
CC,03-CONSTANT CURRENT protocol_Cycles 0 to 1000.zip,06-03-21_05.12_CC_protocol_halfC_CAP_(b1)_forexcel_cycle_#166.mat,CAP,166,0,1.0,,,,read:KeyError
CC,03-CONSTANT CURRENT protocol_Cycles 0 to 1000.zip,06-03-21_08.15_CC_protocol_halfC_0.5C_dchg_(b2)_IN21700_30T_cycle_#167.mat,halfC,167,6962,0.0,24.48,25.5,25.4,
CC,03-CONSTANT CURRENT protocol_Cycles 0 to 1000.zip,06-03-21_08.15_CC_protocol_halfC_CAP_(b2)_forexcel_cycle_#167.mat,CAP,167,0,1.0,,,,read:KeyError
CC,03-CONSTANT CURRENT protocol_Cycles 0 to 1000.zip,06-03-21_10.11_CC_protocol_tenpercent_chg_b_IN21700_30T_cycle_#167.mat,other,167,1046,0.0,24.43,25.23,25.23,
CC,03-CONSTANT CURRENT protocol_Cycles 0 to 1000.zip,06-03-21_11.09_CC_protocol__Fifteen_Drive_Cycles_set_IN21700_30T_cycle_#168_to_182.mat,drive,168,104859,0.0,24.27,26.05,26.1,
CC,03-CONSTANT CURRENT protocol_Cycles 0 to 1000.zip,06-06-21_10.36_CC_protocol_whole_Schedule_IN21700_30T_cycle_#183_week#6.mat,schedule,183,294588,0.0,22.93,25.94,25.94,
CC,03-CONSTANT CURRENT protocol_Cycles 0 to 1000.zip,06-06-21_11.05_CC_protocol_halfC_0.5C_dchg_(a1)_IN21700_30T_cycle_#183.mat,halfC,183,6921,0.0,24.41,25.21,25.43,
CC,03-CONSTANT CURRENT protocol_Cycles 0 to 1000.zip,06-06-21_11.05_CC_protocol_halfC_CAP_(a1)_forexcel_cycle_#183.mat,CAP,183,0,1.0,,,,read:KeyError
CC,03-CONSTANT CURRENT protocol_Cycles 0 to 1000.zip,06-06-21_14.31_CC_protocol_halfC_0.5C_dchg_(a2)_IN21700_30T_cycle_#184.mat,halfC,184,6893,0.0,24.52,25.41,25.74,
CC,03-CONSTANT CURRENT protocol_Cycles 0 to 1000.zip,06-06-21_14.31_CC_protocol_halfC_CAP_(a2)_forexcel_cycle_#184.mat,CAP,184,0,1.0,,,,read:KeyError
CC,03-CONSTANT CURRENT protocol_Cycles 0 to 1000.zip,06-06-21_16.41_CC_protocol_ONE_C_charge_IN21700_30T_cycle_#184.mat,other,184,329,0.0,25.0,26.56,25.71,
CC,03-CONSTANT CURRENT protocol_Cycles 0 to 1000.zip,06-06-21_17.57_CC_protocol_OneC_1C_dchg_IN21700_30T_cycle_#185.mat,other,185,3419,0.0,25.02,26.11,26.0,
CC,03-CONSTANT CURRENT protocol_Cycles 0 to 1000.zip,06-06-21_20.25_CC_protocol_TwoC_2C_dchg_IN21700_30T_cycle_#186.mat,other,186,1694,0.0,24.64,26.77,27.29,
CC,03-CONSTANT CURRENT protocol_Cycles 0 to 1000.zip,06-06-21_22.28_CC_protocol_HPPC_IN21700_30T_cycle_#187.mat,HPPC,187,35065,0.0,22.93,25.72,25.78,
CC,03-CONSTANT CURRENT protocol_Cycles 0 to 1000.zip,06-08-21_04.37_CC_protocol_tenpercent_chg_a_IN21700_30T_cycle_#187.mat,other,187,1037,0.0,24.62,25.52,25.52,
CC,03-CONSTANT CURRENT protocol_Cycles 0 to 1000.zip,06-08-21_05.34_CC_protocol__Fifteen_Drive_Cycles_set_IN21700_30T_cycle_#188_to_202.mat,drive,188,103371,0.0,24.06,26.08,26.11,
CC,03-CONSTANT CURRENT protocol_Cycles 0 to 1000.zip,06-09-21_11.35_CC_protocol_halfC_0.5C_dchg_(b1)_IN21700_30T_cycle_#203.mat,halfC,203,6915,0.0,24.21,25.18,25.41,
CC,03-CONSTANT CURRENT protocol_Cycles 0 to 1000.zip,06-09-21_11.35_CC_protocol_halfC_CAP_(b1)_forexcel_cycle_#203.mat,CAP,203,0,1.0,,,,read:KeyError
CC,03-CONSTANT CURRENT protocol_Cycles 0 to 1000.zip,06-09-21_14.47_CC_protocol_halfC_0.5C_dchg_(b2)_IN21700_30T_cycle_#204.mat,halfC,204,6919,0.0,24.48,25.34,25.65,
CC,03-CONSTANT CURRENT protocol_Cycles 0 to 1000.zip,06-09-21_14.47_CC_protocol_halfC_CAP_(b2)_forexcel_cycle_#204.mat,CAP,204,0,1.0,,,,read:KeyError
CC,03-CONSTANT CURRENT protocol_Cycles 0 to 1000.zip,06-09-21_16.42_CC_protocol_tenpercent_chg_b_IN21700_30T_cycle_#204.mat,other,204,1039,0.0,24.8,25.63,25.63,
CC,03-CONSTANT CURRENT protocol_Cycles 0 to 1000.zip,06-09-21_17.40_CC_protocol__Fifteen_Drive_Cycles_set_IN21700_30T_cycle_#205_to_219.mat,drive,205,104220,0.0,24.51,26.07,26.03,
CC,03-CONSTANT CURRENT protocol_Cycles 0 to 1000.zip,Cover20 is not performed this week_#6.mat,other,-1,0,1.0,,,,read:KeyError
CC,03-CONSTANT CURRENT protocol_Cycles 0 to 1000.zip,06-11-21_16.31_CC_protocol_whole_Schedule_IN21700_30T_cycle_#220_week#7.mat,schedule,220,297773,0.0,23.82,25.86,25.84,
CC,03-CONSTANT CURRENT protocol_Cycles 0 to 1000.zip,06-12-21_14.25_CC_protocol_OCV_0.05C_IN21700_30T_cycle_#220.mat,OCV,220,1244,0.0,24.36,25.28,25.14,
CC,03-CONSTANT CURRENT protocol_Cycles 0 to 1000.zip,06-13-21_11.05_CC_protocol_halfC_0.5C_dchg_(a1)_IN21700_30T_cycle_#221.mat,halfC,221,6927,0.0,25.0,25.79,26.08,
CC,03-CONSTANT CURRENT protocol_Cycles 0 to 1000.zip,06-13-21_11.05_CC_protocol_halfC_CAP_(a1)_forexcel_cycle_#221.mat,CAP,221,0,1.0,,,,read:KeyError
CC,03-CONSTANT CURRENT protocol_Cycles 0 to 1000.zip,06-13-21_14.33_CC_protocol_halfC_0.5C_dchg_(a2)_IN21700_30T_cycle_#222.mat,halfC,222,6848,0.0,24.21,25.25,25.25,
CC,03-CONSTANT CURRENT protocol_Cycles 0 to 1000.zip,06-13-21_14.33_CC_protocol_halfC_CAP_(a2)_forexcel_cycle_#222.mat,CAP,222,0,1.0,,,,read:KeyError
CC,03-CONSTANT CURRENT protocol_Cycles 0 to 1000.zip,06-14-21_12.36_CC_protocol_ONE_C_charge_IN21700_30T_cycle_#222.mat,other,222,325,0.0,24.28,25.82,24.97,
CC,03-CONSTANT CURRENT protocol_Cycles 0 to 1000.zip,06-14-21_13.53_CC_protocol_OneC_1C_dchg_IN21700_30T_cycle_#223.mat,other,223,3400,0.0,24.52,25.5,25.75,
CC,03-CONSTANT CURRENT protocol_Cycles 0 to 1000.zip,06-14-21_16.21_CC_protocol_TwoC_2C_dchg_IN21700_30T_cycle_#224.mat,other,224,1686,0.0,24.6,26.8,27.26,
CC,03-CONSTANT CURRENT protocol_Cycles 0 to 1000.zip,06-14-21_18.25_CC_protocol_HPPC_IN21700_30T_cycle_#225.mat,HPPC,225,35064,0.0,23.82,25.59,25.45,
CC,03-CONSTANT CURRENT protocol_Cycles 0 to 1000.zip,06-16-21_00.34_CC_protocol_tenpercent_chg_a_IN21700_30T_cycle_#225.mat,other,225,1027,0.0,24.52,25.26,25.26,
CC,03-CONSTANT CURRENT protocol_Cycles 0 to 1000.zip,06-16-21_01.31_CC_protocol__Fifteen_Drive_Cycles_set_IN21700_30T_cycle_#226_to_240.mat,drive,226,103317,0.0,24.51,25.98,26.02,
CC,03-CONSTANT CURRENT protocol_Cycles 0 to 1000.zip,06-17-21_07.29_CC_protocol_halfC_0.5C_dchg_(b1)_IN21700_30T_cycle_#241.mat,halfC,241,7477,0.0,24.22,25.05,25.28,
CC,03-CONSTANT CURRENT protocol_Cycles 0 to 1000.zip,06-17-21_07.29_CC_protocol_halfC_CAP_(b1)_forexcel_cycle_#241.mat,CAP,241,0,1.0,,,,read:KeyError
CC,03-CONSTANT CURRENT protocol_Cycles 0 to 1000.zip,06-17-21_10.50_CC_protocol_halfC_0.5C_dchg_(b2)_IN21700_30T_cycle_#242.mat,halfC,242,7478,0.0,24.27,25.11,25.32,
CC,03-CONSTANT CURRENT protocol_Cycles 0 to 1000.zip,06-17-21_10.50_CC_protocol_halfC_CAP_(b2)_forexcel_cycle_#242.mat,CAP,242,0,1.0,,,,read:KeyError
CC,03-CONSTANT CURRENT protocol_Cycles 0 to 1000.zip,06-17-21_12.55_CC_protocol_tenpercent_chg_b_IN21700_30T_cycle_#242.mat,other,242,1033,0.0,24.48,25.26,25.26,
CC,03-CONSTANT CURRENT protocol_Cycles 0 to 1000.zip,06-17-21_13.52_CC_protocol__Fifteen_Drive_Cycles_set_IN21700_30T_cycle_#243_to_257.mat,drive,243,103929,0.0,24.47,26.05,26.1,
CC,03-CONSTANT CURRENT protocol_Cycles 0 to 1000.zip,06-21-21_13.36_CC_protocol_whole_Schedule_IN21700_30T_cycle_#258_week#8.mat,schedule,258,296892,0.0,23.75,26.17,26.18,
CC,03-CONSTANT CURRENT protocol_Cycles 0 to 1000.zip,06-21-21_14.51_CC_protocol_halfC_0.5C_dchg_(a1)_IN21700_30T_cycle_#258.mat,halfC,258,6817,0.0,24.5,25.44,25.68,
CC,03-CONSTANT CURRENT protocol_Cycles 0 to 1000.zip,06-21-21_14.51_CC_protocol_halfC_CAP_(a1)_forexcel_cycle_#258.mat,CAP,258,0,1.0,,,,read:KeyError
CC,03-CONSTANT CURRENT protocol_Cycles 0 to 1000.zip,06-21-21_18.17_CC_protocol_halfC_0.5C_dchg_(a2)_IN21700_30T_cycle_#259.mat,halfC,259,6823,0.0,24.58,25.54,25.84,
CC,03-CONSTANT CURRENT protocol_Cycles 0 to 1000.zip,06-21-21_18.17_CC_protocol_halfC_CAP_(a2)_forexcel_cycle_#259.mat,CAP,259,0,1.0,,,,read:KeyError
CC,03-CONSTANT CURRENT protocol_Cycles 0 to 1000.zip,06-21-21_20.26_CC_protocol_ONE_C_charge_IN21700_30T_cycle_#259.mat,other,259,323,0.0,24.98,26.47,25.66,
CC,03-CONSTANT CURRENT protocol_Cycles 0 to 1000.zip,06-21-21_21.43_CC_protocol_OneC_1C_dchg_IN21700_30T_cycle_#260.mat,other,260,3387,0.0,25.21,26.38,26.69,
CC,03-CONSTANT CURRENT protocol_Cycles 0 to 1000.zip,06-22-21_00.15_CC_protocol_TwoC_2C_dchg_IN21700_30T_cycle_#261.mat,other,261,1678,0.0,25.78,27.47,27.8,
CC,03-CONSTANT CURRENT protocol_Cycles 0 to 1000.zip,06-22-21_02.20_CC_protocol_HPPC_IN21700_30T_cycle_#262.mat,HPPC,262,35015,0.0,23.75,25.87,25.91,
CC,03-CONSTANT CURRENT protocol_Cycles 0 to 1000.zip,06-24-21_14.19_CC_protocol_tenpercent_chg_a_IN21700_30T_cycle_#262.mat,other,262,1026,0.0,24.52,25.31,25.31,
CC,03-CONSTANT CURRENT protocol_Cycles 0 to 1000.zip,06-24-21_15.16_CC_protocol__Fifteen_Drive_Cycles_set_IN21700_30T_cycle_#263_to_277.mat,drive,263,104371,0.0,24.56,26.33,26.36,
CC,03-CONSTANT CURRENT protocol_Cycles 0 to 1000.zip,06-25-21_21.43_CC_protocol_halfC_0.5C_dchg_(b1)_IN21700_30T_cycle_#278.mat,halfC,278,6840,0.0,24.56,25.43,25.69,
CC,03-CONSTANT CURRENT protocol_Cycles 0 to 1000.zip,06-25-21_21.43_CC_protocol_halfC_CAP_(b1)_forexcel_cycle_#278.mat,CAP,278,0,1.0,,,,read:KeyError
CC,03-CONSTANT CURRENT protocol_Cycles 0 to 1000.zip,06-26-21_01.05_CC_protocol_halfC_0.5C_dchg_(b2)_IN21700_30T_cycle_#279.mat,halfC,279,6841,0.0,24.54,25.5,25.75,
CC,03-CONSTANT CURRENT protocol_Cycles 0 to 1000.zip,06-26-21_01.05_CC_protocol_halfC_CAP_(b2)_forexcel_cycle_#279.mat,CAP,279,0,1.0,,,,read:KeyError
CC,03-CONSTANT CURRENT protocol_Cycles 0 to 1000.zip,06-26-21_02.59_CC_protocol_tenpercent_chg_b_IN21700_30T_cycle_#279.mat,other,279,1027,0.0,24.8,25.78,25.78,
CC,03-CONSTANT CURRENT protocol_Cycles 0 to 1000.zip,06-26-21_03.57_CC_protocol__Fifteen_Drive_Cycles_set_IN21700_30T_cycle_#280_to_294.mat,drive,280,104262,0.0,23.77,26.32,26.3,
CC,03-CONSTANT CURRENT protocol_Cycles 0 to 1000.zip,Cover20 is not performed this week_#8.mat,other,-1,0,1.0,,,,read:KeyError
CC,03-CONSTANT CURRENT protocol_Cycles 0 to 1000.zip,06-28-21_15.48_CC_protocol_whole_Schedule_IN21700_30T_cycle_#295_week#9.mat,schedule,295,299339,0.0,20.31,26.29,26.3,
CC,03-CONSTANT CURRENT protocol_Cycles 0 to 1000.zip,06-28-21_17.08_CC_protocol_OCV_0.05C_IN21700_30T_cycle_#295.mat,OCV,295,2390,0.0,24.24,25.56,25.48,
CC,03-CONSTANT CURRENT protocol_Cycles 0 to 1000.zip,06-30-21_10.07_CC_protocol_halfC_0.5C_dchg_(a1)_IN21700_30T_cycle_#296.mat,halfC,296,6850,0.0,24.65,25.86,25.72,
CC,03-CONSTANT CURRENT protocol_Cycles 0 to 1000.zip,06-30-21_10.07_CC_protocol_halfC_CAP_(a1)_forexcel_cycle_#296.mat,CAP,296,0,1.0,,,,read:KeyError
CC,03-CONSTANT CURRENT protocol_Cycles 0 to 1000.zip,06-30-21_13.34_CC_protocol_halfC_0.5C_dchg_(a2)_IN21700_30T_cycle_#297.mat,halfC,297,6792,0.0,24.54,25.46,25.69,
CC,03-CONSTANT CURRENT protocol_Cycles 0 to 1000.zip,06-30-21_13.34_CC_protocol_halfC_CAP_(a2)_forexcel_cycle_#297.mat,CAP,297,0,1.0,,,,read:KeyError
CC,03-CONSTANT CURRENT protocol_Cycles 0 to 1000.zip,06-30-21_15.42_CC_protocol_ONE_C_charge_IN21700_30T_cycle_#297.mat,other,297,320,0.0,24.69,26.15,25.66,
CC,03-CONSTANT CURRENT protocol_Cycles 0 to 1000.zip,06-30-21_17.00_CC_protocol_OneC_1C_dchg_IN21700_30T_cycle_#298.mat,other,298,3368,0.0,24.35,25.49,26.1,
CC,03-CONSTANT CURRENT protocol_Cycles 0 to 1000.zip,06-30-21_19.31_CC_protocol_TwoC_2C_dchg_IN21700_30T_cycle_#299.mat,other,299,1668,0.0,24.71,27.28,27.79,
CC,03-CONSTANT CURRENT protocol_Cycles 0 to 1000.zip,06-30-21_21.37_CC_protocol_HPPC_IN21700_30T_cycle_#300.mat,HPPC,300,34916,0.0,20.31,26.05,26.09,
CC,03-CONSTANT CURRENT protocol_Cycles 0 to 1000.zip,07-02-21_03.43_CC_protocol_tenpercent_chg_a_IN21700_30T_cycle_#300.mat,other,300,1021,0.0,24.61,25.48,25.48,
CC,03-CONSTANT CURRENT protocol_Cycles 0 to 1000.zip,07-02-21_04.40_CC_protocol__Fifteen_Drive_Cycles_set_IN21700_30T_cycle_#301_to_315.mat,drive,301,104754,0.0,24.49,26.45,26.52,
CC,03-CONSTANT CURRENT protocol_Cycles 0 to 1000.zip,07-03-21_11.14_CC_protocol_halfC_0.5C_dchg_(b1)_IN21700_30T_cycle_#316.mat,halfC,316,6806,0.0,24.96,25.9,26.34,
CC,03-CONSTANT CURRENT protocol_Cycles 0 to 1000.zip,07-03-21_11.14_CC_protocol_halfC_CAP_(b1)_forexcel_cycle_#316.mat,CAP,316,0,1.0,,,,read:KeyError
CC,03-CONSTANT CURRENT protocol_Cycles 0 to 1000.zip,07-03-21_14.35_CC_protocol_halfC_0.5C_dchg_(b2)_IN21700_30T_cycle_#317.mat,halfC,317,6802,0.0,24.61,25.54,25.79,
CC,03-CONSTANT CURRENT protocol_Cycles 0 to 1000.zip,07-03-21_14.35_CC_protocol_halfC_CAP_(b2)_forexcel_cycle_#317.mat,CAP,317,0,1.0,,,,read:KeyError
CC,03-CONSTANT CURRENT protocol_Cycles 0 to 1000.zip,07-03-21_16.29_CC_protocol_tenpercent_chg_b_IN21700_30T_cycle_#317.mat,other,317,1022,0.0,25.0,25.82,25.82,
CC,03-CONSTANT CURRENT protocol_Cycles 0 to 1000.zip,07-03-21_17.27_CC_protocol__Fifteen_Drive_Cycles_set_IN21700_30T_cycle_#318_to_332.mat,drive,318,104229,0.0,24.2,26.43,26.39,
CC,03-CONSTANT CURRENT protocol_Cycles 0 to 1000.zip,07-05-21_09.13_CC_protocol_whole_Schedule_IN21700_30T_cycle_#333_week#10.mat,schedule,333,295927,0.0,21.07,26.27,26.25,
CC,03-CONSTANT CURRENT protocol_Cycles 0 to 1000.zip,07-05-21_09.42_CC_protocol_halfC_0.5C_dchg_(a1)_IN21700_30T_cycle_#333.mat,halfC,333,6830,0.0,24.65,25.49,25.75,
CC,03-CONSTANT CURRENT protocol_Cycles 0 to 1000.zip,07-05-21_09.42_CC_protocol_halfC_CAP_(a1)_forexcel_cycle_#333.mat,CAP,333,0,1.0,,,,read:KeyError
CC,03-CONSTANT CURRENT protocol_Cycles 0 to 1000.zip,07-05-21_13.09_CC_protocol_halfC_0.5C_dchg_(a2)_IN21700_30T_cycle_#334.mat,halfC,334,6754,0.0,25.11,26.05,25.83,
CC,03-CONSTANT CURRENT protocol_Cycles 0 to 1000.zip,07-05-21_13.09_CC_protocol_halfC_CAP_(a2)_forexcel_cycle_#334.mat,CAP,334,0,1.0,,,,read:KeyError
CC,03-CONSTANT CURRENT protocol_Cycles 0 to 1000.zip,07-05-21_15.16_CC_protocol_ONE_C_charge_IN21700_30T_cycle_#334.mat,other,334,318,0.0,24.73,26.14,25.53,
CC,03-CONSTANT CURRENT protocol_Cycles 0 to 1000.zip,07-05-21_16.34_CC_protocol_OneC_1C_dchg_IN21700_30T_cycle_#335.mat,other,335,3348,0.0,24.8,25.94,26.3,
CC,03-CONSTANT CURRENT protocol_Cycles 0 to 1000.zip,07-05-21_19.05_CC_protocol_TwoC_2C_dchg_IN21700_30T_cycle_#336.mat,other,336,1662,0.0,25.96,27.88,28.2,
CC,03-CONSTANT CURRENT protocol_Cycles 0 to 1000.zip,07-05-21_21.11_CC_protocol_HPPC_IN21700_30T_cycle_#337.mat,HPPC,337,34881,0.0,21.07,26.04,25.97,
CC,03-CONSTANT CURRENT protocol_Cycles 0 to 1000.zip,07-07-21_03.16_CC_protocol_tenpercent_chg_a_IN21700_30T_cycle_#337.mat,other,337,1017,0.0,25.44,26.24,26.24,
CC,03-CONSTANT CURRENT protocol_Cycles 0 to 1000.zip,07-07-21_04.14_CC_protocol__Fifteen_Drive_Cycles_set_IN21700_30T_cycle_#338_to_352.mat,drive,338,103977,0.0,23.9,26.37,26.48,
CC,03-CONSTANT CURRENT protocol_Cycles 0 to 1000.zip,07-08-21_10.35_CC_protocol_halfC_0.5C_dchg_(b1)_IN21700_30T_cycle_#353.mat,halfC,353,6769,0.0,25.02,26.08,25.86,
CC,03-CONSTANT CURRENT protocol_Cycles 0 to 1000.zip,07-08-21_10.35_CC_protocol_halfC_CAP_(b1)_forexcel_cycle_#353.mat,CAP,353,0,1.0,,,,read:KeyError
CC,03-CONSTANT CURRENT protocol_Cycles 0 to 1000.zip,07-08-21_13.56_CC_protocol_halfC_0.5C_dchg_(b2)_IN21700_30T_cycle_#354.mat,halfC,354,6770,0.0,24.72,25.58,25.9,
CC,03-CONSTANT CURRENT protocol_Cycles 0 to 1000.zip,07-08-21_13.56_CC_protocol_halfC_CAP_(b2)_forexcel_cycle_#354.mat,CAP,354,0,1.0,,,,read:KeyError
CC,03-CONSTANT CURRENT protocol_Cycles 0 to 1000.zip,07-08-21_15.49_CC_protocol_tenpercent_chg_b_IN21700_30T_cycle_#354.mat,other,354,1017,0.0,25.06,25.89,25.89,
CC,03-CONSTANT CURRENT protocol_Cycles 0 to 1000.zip,07-08-21_16.47_CC_protocol__Fifteen_Drive_Cycles_set_IN21700_30T_cycle_#355_to_369.mat,drive,355,104203,0.0,24.16,26.39,26.32,
CC,03-CONSTANT CURRENT protocol_Cycles 0 to 1000.zip,Cover20 is not performed this week_#10.mat,other,-1,0,1.0,,,,read:KeyError
CC,03-CONSTANT CURRENT protocol_Cycles 0 to 1000.zip,07-10-21_09.43_CC_protocol_whole_Schedule_IN21700_30T_cycle_#370_week#11.mat,schedule,370,297991,0.0,24.09,26.25,26.23,
CC,03-CONSTANT CURRENT protocol_Cycles 0 to 1000.zip,07-10-21_11.03_CC_protocol_OCV_0.05C_IN21700_30T_cycle_#370.mat,OCV,370,2379,0.0,24.09,25.58,25.51,
CC,03-CONSTANT CURRENT protocol_Cycles 0 to 1000.zip,07-12-21_03.50_CC_protocol_halfC_0.5C_dchg_(a1)_IN21700_30T_cycle_#371.mat,halfC,371,6793,0.0,25.27,26.13,25.98,
CC,03-CONSTANT CURRENT protocol_Cycles 0 to 1000.zip,07-12-21_03.50_CC_protocol_halfC_CAP_(a1)_forexcel_cycle_#371.mat,CAP,371,0,1.0,,,,read:KeyError
CC,03-CONSTANT CURRENT protocol_Cycles 0 to 1000.zip,07-12-21_07.17_CC_protocol_halfC_0.5C_dchg_(a2)_IN21700_30T_cycle_#372.mat,halfC,372,6721,0.0,24.72,25.55,25.9,
CC,03-CONSTANT CURRENT protocol_Cycles 0 to 1000.zip,07-12-21_07.17_CC_protocol_halfC_CAP_(a2)_forexcel_cycle_#372.mat,CAP,372,0,1.0,,,,read:KeyError
CC,03-CONSTANT CURRENT protocol_Cycles 0 to 1000.zip,07-12-21_09.24_CC_protocol_ONE_C_charge_IN21700_30T_cycle_#372.mat,other,372,316,0.0,25.09,26.68,25.92,
CC,03-CONSTANT CURRENT protocol_Cycles 0 to 1000.zip,07-12-21_10.42_CC_protocol_OneC_1C_dchg_IN21700_30T_cycle_#373.mat,other,373,3340,0.0,25.55,26.69,27.09,
CC,03-CONSTANT CURRENT protocol_Cycles 0 to 1000.zip,07-12-21_13.16_CC_protocol_TwoC_2C_dchg_IN21700_30T_cycle_#374.mat,other,374,1653,0.0,24.72,27.13,27.64,
CC,03-CONSTANT CURRENT protocol_Cycles 0 to 1000.zip,07-12-21_15.23_CC_protocol_HPPC_IN21700_30T_cycle_#375.mat,HPPC,375,35043,0.0,24.14,25.94,25.91,
CC,03-CONSTANT CURRENT protocol_Cycles 0 to 1000.zip,07-13-21_21.30_CC_protocol_tenpercent_chg_a_IN21700_30T_cycle_#375.mat,other,375,1012,0.0,25.35,26.14,26.14,
CC,03-CONSTANT CURRENT protocol_Cycles 0 to 1000.zip,07-13-21_22.28_CC_protocol__Fifteen_Drive_Cycles_set_IN21700_30T_cycle_#376_to_390.mat,drive,376,103723,0.0,24.11,26.36,26.35,
CC,03-CONSTANT CURRENT protocol_Cycles 0 to 1000.zip,07-15-21_04.46_CC_protocol_halfC_0.5C_dchg_(b1)_IN21700_30T_cycle_#391.mat,halfC,391,6736,0.0,24.75,25.84,25.75,
CC,03-CONSTANT CURRENT protocol_Cycles 0 to 1000.zip,07-15-21_04.46_CC_protocol_halfC_CAP_(b1)_forexcel_cycle_#391.mat,CAP,391,0,1.0,,,,read:KeyError
CC,03-CONSTANT CURRENT protocol_Cycles 0 to 1000.zip,07-15-21_08.07_CC_protocol_halfC_0.5C_dchg_(b2)_IN21700_30T_cycle_#392.mat,halfC,392,6738,0.0,24.82,25.68,26.04,
CC,03-CONSTANT CURRENT protocol_Cycles 0 to 1000.zip,07-15-21_08.07_CC_protocol_halfC_CAP_(b2)_forexcel_cycle_#392.mat,CAP,392,0,1.0,,,,read:KeyError
CC,03-CONSTANT CURRENT protocol_Cycles 0 to 1000.zip,07-15-21_09.59_CC_protocol_tenpercent_chg_b_IN21700_30T_cycle_#392.mat,other,392,1012,0.0,25.31,26.15,26.15,
CC,03-CONSTANT CURRENT protocol_Cycles 0 to 1000.zip,07-15-21_10.58_CC_protocol__Fifteen_Drive_Cycles_set_IN21700_30T_cycle_#393_to_407.mat,drive,393,103852,0.0,24.64,26.38,26.33,
CC,03-CONSTANT CURRENT protocol_Cycles 0 to 1000.zip,07-16-21_19.16_CC_protocol_whole_Schedule_IN21700_30T_cycle_#408_week#12.mat,schedule,408,309480,0.0,22.02,26.32,26.27,
CC,03-CONSTANT CURRENT protocol_Cycles 0 to 1000.zip,07-16-21_19.45_CC_protocol_halfC_0.5C_dchg_(a1)_IN21700_30T_cycle_#408.mat,halfC,408,6759,0.0,24.56,25.43,25.75,
CC,03-CONSTANT CURRENT protocol_Cycles 0 to 1000.zip,07-16-21_19.45_CC_protocol_halfC_CAP_(a1)_forexcel_cycle_#408.mat,CAP,408,0,1.0,,,,read:KeyError
CC,03-CONSTANT CURRENT protocol_Cycles 0 to 1000.zip,07-16-21_23.11_CC_protocol_halfC_0.5C_dchg_(a2)_IN21700_30T_cycle_#409.mat,halfC,409,6704,0.0,25.32,26.24,26.46,
CC,03-CONSTANT CURRENT protocol_Cycles 0 to 1000.zip,07-16-21_23.11_CC_protocol_halfC_CAP_(a2)_forexcel_cycle_#409.mat,CAP,409,0,1.0,,,,read:KeyError
CC,03-CONSTANT CURRENT protocol_Cycles 0 to 1000.zip,07-17-21_01.18_CC_protocol_ONE_C_charge_IN21700_30T_cycle_#409.mat,other,409,313,0.0,24.92,26.39,25.6,
CC,03-CONSTANT CURRENT protocol_Cycles 0 to 1000.zip,07-17-21_02.37_CC_protocol_OneC_1C_dchg_IN21700_30T_cycle_#410.mat,other,410,3318,0.0,24.8,25.9,26.26,
CC,03-CONSTANT CURRENT protocol_Cycles 0 to 1000.zip,07-17-21_05.08_CC_protocol_TwoC_2C_dchg_IN21700_30T_cycle_#411.mat,other,411,1647,0.0,25.16,27.83,28.39,
CC,03-CONSTANT CURRENT protocol_Cycles 0 to 1000.zip,07-17-21_07.16_CC_protocol_HPPC_IN21700_30T_cycle_#412.mat,HPPC,412,35004,0.0,23.63,25.91,25.77,
CC,03-CONSTANT CURRENT protocol_Cycles 0 to 1000.zip,07-18-21_13.24_CC_protocol_tenpercent_chg_a_IN21700_30T_cycle_#412.mat,other,412,1008,0.0,24.11,25.05,25.05,
CC,03-CONSTANT CURRENT protocol_Cycles 0 to 1000.zip,07-18-21_14.34_CC_protocol__Fifteen_Drive_Cycles_set_IN21700_30T_cycle_#413_to_427.mat,drive,413,116662,0.0,23.67,26.99,26.95,
CC,03-CONSTANT CURRENT protocol_Cycles 0 to 1000.zip,07-20-21_00.34_CC_protocol_halfC_0.5C_dchg_(b1)_IN21700_30T_cycle_#428.mat,halfC,428,6682,0.0,22.35,23.56,23.84,
CC,03-CONSTANT CURRENT protocol_Cycles 0 to 1000.zip,07-20-21_00.34_CC_protocol_halfC_CAP_(b1)_forexcel_cycle_#428.mat,CAP,428,0,1.0,,,,read:KeyError
CC,03-CONSTANT CURRENT protocol_Cycles 0 to 1000.zip,07-20-21_03.54_CC_protocol_halfC_0.5C_dchg_(b2)_IN21700_30T_cycle_#429.mat,halfC,429,6683,0.0,22.02,23.25,23.5,
CC,03-CONSTANT CURRENT protocol_Cycles 0 to 1000.zip,07-20-21_03.54_CC_protocol_halfC_CAP_(b2)_forexcel_cycle_#429.mat,CAP,429,0,1.0,,,,read:KeyError
CC,03-CONSTANT CURRENT protocol_Cycles 0 to 1000.zip,07-20-21_05.45_CC_protocol_tenpercent_chg_b_IN21700_30T_cycle_#429.mat,other,429,1004,0.0,22.95,24.26,24.26,
CC,03-CONSTANT CURRENT protocol_Cycles 0 to 1000.zip,07-20-21_06.49_CC_protocol__Fifteen_Drive_Cycles_set_IN21700_30T_cycle_#430_to_444.mat,drive,430,103715,0.0,22.08,26.27,26.22,
CC,03-CONSTANT CURRENT protocol_Cycles 0 to 1000.zip,Cover20 is not performed this week_#12.mat,other,-1,0,1.0,,,,read:KeyError
CC,03-CONSTANT CURRENT protocol_Cycles 0 to 1000.zip,07-22-21_15.02_CC_protocol_whole_Schedule_IN21700_30T_cycle_#445_week#13.mat,schedule,445,299047,0.0,19.45,26.22,26.22,
CC,03-CONSTANT CURRENT protocol_Cycles 0 to 1000.zip,07-22-21_16.23_CC_protocol_OCV_0.05C_IN21700_30T_cycle_#445.mat,OCV,445,2362,0.0,24.21,25.67,25.62,
CC,03-CONSTANT CURRENT protocol_Cycles 0 to 1000.zip,07-24-21_08.59_CC_protocol_halfC_0.5C_dchg_(a1)_IN21700_30T_cycle_#446.mat,halfC,446,6734,0.0,24.77,25.58,25.92,
CC,03-CONSTANT CURRENT protocol_Cycles 0 to 1000.zip,07-24-21_08.59_CC_protocol_halfC_CAP_(a1)_forexcel_cycle_#446.mat,CAP,446,0,1.0,,,,read:KeyError
CC,03-CONSTANT CURRENT protocol_Cycles 0 to 1000.zip,07-24-21_12.25_CC_protocol_halfC_0.5C_dchg_(a2)_IN21700_30T_cycle_#447.mat,halfC,447,6662,0.0,24.88,25.83,25.83,
CC,03-CONSTANT CURRENT protocol_Cycles 0 to 1000.zip,07-24-21_12.25_CC_protocol_halfC_CAP_(a2)_forexcel_cycle_#447.mat,CAP,447,0,1.0,,,,read:KeyError
CC,03-CONSTANT CURRENT protocol_Cycles 0 to 1000.zip,07-24-21_14.31_CC_protocol_ONE_C_charge_IN21700_30T_cycle_#447.mat,other,447,310,0.0,24.85,26.38,25.5,
CC,03-CONSTANT CURRENT protocol_Cycles 0 to 1000.zip,07-24-21_15.50_CC_protocol_OneC_1C_dchg_IN21700_30T_cycle_#448.mat,other,448,3302,0.0,25.27,26.63,27.03,
CC,03-CONSTANT CURRENT protocol_Cycles 0 to 1000.zip,07-24-21_18.24_CC_protocol_TwoC_2C_dchg_IN21700_30T_cycle_#449.mat,other,449,1634,0.0,24.96,27.5,28.05,
CC,03-CONSTANT CURRENT protocol_Cycles 0 to 1000.zip,07-24-21_20.32_CC_protocol_HPPC_IN21700_30T_cycle_#450.mat,HPPC,450,34833,0.0,19.45,25.91,25.88,
CC,03-CONSTANT CURRENT protocol_Cycles 0 to 1000.zip,07-26-21_02.36_CC_protocol_tenpercent_chg_a_IN21700_30T_cycle_#450.mat,other,450,1002,0.0,24.81,25.55,25.55,
CC,03-CONSTANT CURRENT protocol_Cycles 0 to 1000.zip,07-26-21_04.34_CC_protocol__Fifteen_Drive_Cycles_set_IN21700_30T_cycle_#451_to_465.mat,drive,451,99284,0.0,24.69,26.46,26.41,
CC,03-CONSTANT CURRENT protocol_Cycles 0 to 1000.zip,07-27-21_16.37_CC_protocol_halfC_0.5C_dchg_(b1)_IN21700_30T_cycle_#466.mat,halfC,466,6665,0.0,24.7,25.59,25.85,
CC,03-CONSTANT CURRENT protocol_Cycles 0 to 1000.zip,07-27-21_16.37_CC_protocol_halfC_CAP_(b1)_forexcel_cycle_#466.mat,CAP,466,0,1.0,,,,read:KeyError
CC,03-CONSTANT CURRENT protocol_Cycles 0 to 1000.zip,07-27-21_19.57_CC_protocol_halfC_0.5C_dchg_(b2)_IN21700_30T_cycle_#467.mat,halfC,467,6667,0.0,24.67,25.46,25.75,
CC,03-CONSTANT CURRENT protocol_Cycles 0 to 1000.zip,07-27-21_19.57_CC_protocol_halfC_CAP_(b2)_forexcel_cycle_#467.mat,CAP,467,0,1.0,,,,read:KeyError
CC,03-CONSTANT CURRENT protocol_Cycles 0 to 1000.zip,07-27-21_21.48_CC_protocol_tenpercent_chg_b_IN21700_30T_cycle_#467.mat,other,467,1001,0.0,24.89,25.71,25.71,
CC,03-CONSTANT CURRENT protocol_Cycles 0 to 1000.zip,07-28-21_01.08_CC_protocol__Fifteen_Drive_Cycles_set_IN21700_30T_cycle_#468_to_482.mat,drive,468,105835,0.0,24.91,26.31,26.32,
CC,03-CONSTANT CURRENT protocol_Cycles 0 to 1000.zip,08-09-21_07.34_CC_protocol_whole_Schedule_IN21700_30T_cycle_#483_week#14.mat,schedule,483,294934,0.0,24.34,26.2,26.23,
CC,03-CONSTANT CURRENT protocol_Cycles 0 to 1000.zip,08-09-21_08.04_CC_protocol_halfC_0.5C_dchg_(a1)_IN21700_30T_cycle_#483.mat,halfC,483,6634,0.0,24.6,25.47,25.78,
CC,03-CONSTANT CURRENT protocol_Cycles 0 to 1000.zip,08-09-21_08.04_CC_protocol_halfC_CAP_(a1)_forexcel_cycle_#483.mat,CAP,483,0,1.0,,,,read:KeyError
CC,03-CONSTANT CURRENT protocol_Cycles 0 to 1000.zip,08-09-21_11.28_CC_protocol_halfC_0.5C_dchg_(a2)_IN21700_30T_cycle_#484.mat,halfC,484,6551,0.0,24.76,25.58,25.75,
CC,03-CONSTANT CURRENT protocol_Cycles 0 to 1000.zip,08-09-21_11.28_CC_protocol_halfC_CAP_(a2)_forexcel_cycle_#484.mat,CAP,484,0,1.0,,,,read:KeyError
CC,03-CONSTANT CURRENT protocol_Cycles 0 to 1000.zip,08-09-21_13.32_CC_protocol_ONE_C_charge_IN21700_30T_cycle_#484.mat,other,484,304,0.0,24.79,26.62,25.35,
CC,03-CONSTANT CURRENT protocol_Cycles 0 to 1000.zip,08-09-21_14.50_CC_protocol_OneC_1C_dchg_IN21700_30T_cycle_#485.mat,other,485,3247,0.0,24.75,26.01,26.38,
CC,03-CONSTANT CURRENT protocol_Cycles 0 to 1000.zip,08-09-21_17.22_CC_protocol_TwoC_2C_dchg_IN21700_30T_cycle_#486.mat,other,486,1611,0.0,25.05,28.15,28.78,
CC,03-CONSTANT CURRENT protocol_Cycles 0 to 1000.zip,08-09-21_19.30_CC_protocol_HPPC_IN21700_30T_cycle_#487.mat,HPPC,487,35081,0.0,24.45,25.75,25.76,
CC,03-CONSTANT CURRENT protocol_Cycles 0 to 1000.zip,08-11-21_01.38_CC_protocol_tenpercent_chg_a_IN21700_30T_cycle_#487.mat,other,487,1,0.0,25.89,25.89,25.89,
CC,03-CONSTANT CURRENT protocol_Cycles 0 to 1000.zip,08-11-21_02.37_CC_protocol__Fifteen_Drive_Cycles_set_IN21700_30T_cycle_#488_to_502.mat,drive,488,103637,0.0,24.63,26.41,26.43,
CC,03-CONSTANT CURRENT protocol_Cycles 0 to 1000.zip,08-12-21_08.55_CC_protocol_halfC_0.5C_dchg_(b1)_IN21700_30T_cycle_#503.mat,halfC,503,6599,0.0,24.59,25.44,25.77,
CC,03-CONSTANT CURRENT protocol_Cycles 0 to 1000.zip,08-12-21_08.55_CC_protocol_halfC_CAP_(b1)_forexcel_cycle_#503.mat,CAP,503,0,1.0,,,,read:KeyError
CC,03-CONSTANT CURRENT protocol_Cycles 0 to 1000.zip,08-12-21_12.15_CC_protocol_halfC_0.5C_dchg_(b2)_IN21700_30T_cycle_#504.mat,halfC,504,6603,0.0,24.49,25.48,25.73,
CC,03-CONSTANT CURRENT protocol_Cycles 0 to 1000.zip,08-12-21_12.15_CC_protocol_halfC_CAP_(b2)_forexcel_cycle_#504.mat,CAP,504,0,1.0,,,,read:KeyError
CC,03-CONSTANT CURRENT protocol_Cycles 0 to 1000.zip,08-12-21_15.04_CC_protocol__Fifteen_Drive_Cycles_set_IN21700_30T_cycle_#505_to_519.mat,drive,505,103792,0.0,24.34,26.36,26.39,
CC,03-CONSTANT CURRENT protocol_Cycles 0 to 1000.zip,Cover20 is not performed this week_#14.mat,other,-1,0,1.0,,,,read:KeyError
CC,03-CONSTANT CURRENT protocol_Cycles 0 to 1000.zip,08-14-21_08.05_CC_protocol_whole_Schedule_IN21700_30T_cycle_#520_week#15.mat,schedule,520,296706,0.0,23.98,26.36,26.33,
CC,03-CONSTANT CURRENT protocol_Cycles 0 to 1000.zip,08-14-21_09.22_CC_protocol_OCV_0.05C_IN21700_30T_cycle_#520.mat,OCV,520,2339,0.0,23.98,25.64,25.61,
CC,03-CONSTANT CURRENT protocol_Cycles 0 to 1000.zip,08-16-21_01.20_CC_protocol_halfC_0.5C_dchg_(a1)_IN21700_30T_cycle_#521.mat,halfC,521,6640,0.0,24.41,25.86,25.44,
CC,03-CONSTANT CURRENT protocol_Cycles 0 to 1000.zip,08-16-21_01.20_CC_protocol_halfC_CAP_(a1)_forexcel_cycle_#521.mat,CAP,521,0,1.0,,,,read:KeyError
CC,03-CONSTANT CURRENT protocol_Cycles 0 to 1000.zip,08-16-21_04.45_CC_protocol_halfC_0.5C_dchg_(a2)_IN21700_30T_cycle_#522.mat,halfC,522,6580,0.0,24.92,25.81,26.27,
CC,03-CONSTANT CURRENT protocol_Cycles 0 to 1000.zip,08-16-21_04.45_CC_protocol_halfC_CAP_(a2)_forexcel_cycle_#522.mat,CAP,522,0,1.0,,,,read:KeyError
CC,03-CONSTANT CURRENT protocol_Cycles 0 to 1000.zip,08-16-21_06.51_CC_protocol_ONE_C_charge_IN21700_30T_cycle_#522.mat,other,522,305,0.0,25.63,27.14,26.43,
CC,03-CONSTANT CURRENT protocol_Cycles 0 to 1000.zip,08-16-21_08.10_CC_protocol_OneC_1C_dchg_IN21700_30T_cycle_#523.mat,other,523,3257,0.0,24.38,25.97,26.42,
CC,03-CONSTANT CURRENT protocol_Cycles 0 to 1000.zip,08-16-21_10.42_CC_protocol_TwoC_2C_dchg_IN21700_30T_cycle_#524.mat,other,524,1617,0.0,25.1,27.94,28.48,
CC,03-CONSTANT CURRENT protocol_Cycles 0 to 1000.zip,08-16-21_12.51_CC_protocol_HPPC_IN21700_30T_cycle_#525.mat,HPPC,525,34997,0.0,24.09,25.99,25.96,
CC,03-CONSTANT CURRENT protocol_Cycles 0 to 1000.zip,08-17-21_18.57_CC_protocol_tenpercent_chg_a_IN21700_30T_cycle_#525.mat,other,525,1,0.0,25.86,25.86,25.86,
CC,03-CONSTANT CURRENT protocol_Cycles 0 to 1000.zip,08-17-21_19.55_CC_protocol__Fifteen_Drive_Cycles_set_IN21700_30T_cycle_#526_to_540.mat,drive,526,103426,0.0,24.61,26.52,26.43,
CC,03-CONSTANT CURRENT protocol_Cycles 0 to 1000.zip,08-19-21_02.11_CC_protocol_halfC_0.5C_dchg_(b1)_IN21700_30T_cycle_#541.mat,halfC,541,6594,0.0,24.5,25.53,25.74,
CC,03-CONSTANT CURRENT protocol_Cycles 0 to 1000.zip,08-19-21_02.11_CC_protocol_halfC_CAP_(b1)_forexcel_cycle_#541.mat,CAP,541,0,1.0,,,,read:KeyError
CC,03-CONSTANT CURRENT protocol_Cycles 0 to 1000.zip,08-19-21_05.31_CC_protocol_halfC_0.5C_dchg_(b2)_IN21700_30T_cycle_#542.mat,halfC,542,6591,0.0,25.32,26.12,26.13,
CC,03-CONSTANT CURRENT protocol_Cycles 0 to 1000.zip,08-19-21_05.31_CC_protocol_halfC_CAP_(b2)_forexcel_cycle_#542.mat,CAP,542,0,1.0,,,,read:KeyError
CC,03-CONSTANT CURRENT protocol_Cycles 0 to 1000.zip,08-19-21_08.19_CC_protocol__Fifteen_Drive_Cycles_set_IN21700_30T_cycle_#543_to_557.mat,drive,543,103378,0.0,24.58,26.5,26.53,
CC,03-CONSTANT CURRENT protocol_Cycles 0 to 1000.zip,08-20-21_21.40_CC_protocol_whole_Schedule_IN21700_30T_cycle_#558_week#16.mat,schedule,558,295527,0.0,24.55,26.36,26.41,
CC,03-CONSTANT CURRENT protocol_Cycles 0 to 1000.zip,08-20-21_22.09_CC_protocol_halfC_0.5C_dchg_(a1)_IN21700_30T_cycle_#558.mat,halfC,558,6638,0.0,24.88,25.71,25.93,
CC,03-CONSTANT CURRENT protocol_Cycles 0 to 1000.zip,08-20-21_22.09_CC_protocol_halfC_CAP_(a1)_forexcel_cycle_#558.mat,CAP,558,0,1.0,,,,read:KeyError
CC,03-CONSTANT CURRENT protocol_Cycles 0 to 1000.zip,08-21-21_01.35_CC_protocol_halfC_0.5C_dchg_(a2)_IN21700_30T_cycle_#559.mat,halfC,559,6553,0.0,24.68,25.61,25.94,
CC,03-CONSTANT CURRENT protocol_Cycles 0 to 1000.zip,08-21-21_01.35_CC_protocol_halfC_CAP_(a2)_forexcel_cycle_#559.mat,CAP,559,0,1.0,,,,read:KeyError
CC,03-CONSTANT CURRENT protocol_Cycles 0 to 1000.zip,08-21-21_03.39_CC_protocol_ONE_C_charge_IN21700_30T_cycle_#559.mat,other,559,303,0.0,25.07,26.92,25.77,
CC,03-CONSTANT CURRENT protocol_Cycles 0 to 1000.zip,08-21-21_04.59_CC_protocol_OneC_1C_dchg_IN21700_30T_cycle_#560.mat,other,560,3249,0.0,25.05,26.26,26.59,
CC,03-CONSTANT CURRENT protocol_Cycles 0 to 1000.zip,08-21-21_07.32_CC_protocol_TwoC_2C_dchg_IN21700_30T_cycle_#561.mat,other,561,1611,0.0,25.16,28.52,29.32,
CC,03-CONSTANT CURRENT protocol_Cycles 0 to 1000.zip,08-21-21_09.44_CC_protocol_HPPC_IN21700_30T_cycle_#562.mat,HPPC,562,35019,0.0,24.61,25.86,25.87,
CC,03-CONSTANT CURRENT protocol_Cycles 0 to 1000.zip,08-22-21_15.50_CC_protocol_tenpercent_chg_a_IN21700_30T_cycle_#562.mat,other,562,1,0.0,26.27,26.27,26.27,
CC,03-CONSTANT CURRENT protocol_Cycles 0 to 1000.zip,08-22-21_16.49_CC_protocol__Fifteen_Drive_Cycles_set_IN21700_30T_cycle_#563_to_577.mat,drive,563,103690,0.0,24.55,26.5,26.55,
CC,03-CONSTANT CURRENT protocol_Cycles 0 to 1000.zip,08-23-21_23.10_CC_protocol_halfC_0.5C_dchg_(b1)_IN21700_30T_cycle_#578.mat,halfC,578,6565,0.0,24.9,25.8,26.15,
CC,03-CONSTANT CURRENT protocol_Cycles 0 to 1000.zip,08-23-21_23.10_CC_protocol_halfC_CAP_(b1)_forexcel_cycle_#578.mat,CAP,578,0,1.0,,,,read:KeyError
CC,03-CONSTANT CURRENT protocol_Cycles 0 to 1000.zip,08-24-21_02.30_CC_protocol_halfC_0.5C_dchg_(b2)_IN21700_30T_cycle_#579.mat,halfC,579,6567,0.0,24.91,25.76,26.06,
CC,03-CONSTANT CURRENT protocol_Cycles 0 to 1000.zip,08-24-21_02.30_CC_protocol_halfC_CAP_(b2)_forexcel_cycle_#579.mat,CAP,579,0,1.0,,,,read:KeyError
CC,03-CONSTANT CURRENT protocol_Cycles 0 to 1000.zip,08-24-21_05.19_CC_protocol__Fifteen_Drive_Cycles_set_IN21700_30T_cycle_#580_to_594.mat,drive,580,104178,0.0,24.95,26.59,26.62,
CC,03-CONSTANT CURRENT protocol_Cycles 0 to 1000.zip,Cover20 is not performed this week_#16.mat,other,-1,0,1.0,,,,read:KeyError
CC,03-CONSTANT CURRENT protocol_Cycles 0 to 1000.zip,08-25-21_14.20_CC_protocol_OCV_0.05C_IN21700_30T_cycle_#595.mat,OCV,595,2325,0.0,24.69,25.47,25.44,
CC,03-CONSTANT CURRENT protocol_Cycles 0 to 1000.zip,08-27-21_06.02_CC_protocol_halfC_0.5C_dchg_(a1)_IN21700_30T_cycle_#596.mat,halfC,596,6586,0.0,24.87,25.79,26.11,
CC,03-CONSTANT CURRENT protocol_Cycles 0 to 1000.zip,08-27-21_06.02_CC_protocol_halfC_CAP_(a1)_forexcel_cycle_#596.mat,CAP,596,0,1.0,,,,read:KeyError
CC,03-CONSTANT CURRENT protocol_Cycles 0 to 1000.zip,08-27-21_09.29_CC_protocol_halfC_0.5C_dchg_(a2)_IN21700_30T_cycle_#597.mat,halfC,597,6536,0.0,24.9,25.72,26.04,
CC,03-CONSTANT CURRENT protocol_Cycles 0 to 1000.zip,08-27-21_09.29_CC_protocol_halfC_CAP_(a2)_forexcel_cycle_#597.mat,CAP,597,0,1.0,,,,read:KeyError
CC,03-CONSTANT CURRENT protocol_Cycles 0 to 1000.zip,08-27-21_11.33_CC_protocol_ONE_C_charge_IN21700_30T_cycle_#597.mat,other,597,301,0.0,25.0,26.92,25.78,
CC,03-CONSTANT CURRENT protocol_Cycles 0 to 1000.zip,08-27-21_12.53_CC_protocol_OneC_1C_dchg_IN21700_30T_cycle_#598.mat,other,598,3235,0.0,25.11,26.34,26.65,
CC,03-CONSTANT CURRENT protocol_Cycles 0 to 1000.zip,08-27-21_15.26_CC_protocol_TwoC_2C_dchg_IN21700_30T_cycle_#599.mat,other,599,1604,0.0,25.11,28.35,28.97,
CC,03-CONSTANT CURRENT protocol_Cycles 0 to 1000.zip,08-27-21_17.36_CC_protocol_HPPC_IN21700_30T_cycle_#600.mat,HPPC,600,34973,0.0,24.72,25.93,25.98,
CC,03-CONSTANT CURRENT protocol_Cycles 0 to 1000.zip,08-28-21_23.42_CC_protocol_tenpercent_chg_a_IN21700_30T_cycle_#600.mat,other,600,1,0.0,26.09,26.09,26.09,
CC,03-CONSTANT CURRENT protocol_Cycles 0 to 1000.zip,08-29-21_00.41_CC_protocol__Fifteen_Drive_Cycles_set_IN21700_30T_cycle_#601_to_615.mat,drive,601,103844,0.0,24.81,26.6,26.64,
CC,03-CONSTANT CURRENT protocol_Cycles 0 to 1000.zip,08-30-21_07.05_CC_protocol_halfC_0.5C_dchg_(b1)_IN21700_30T_cycle_#616.mat,halfC,616,6539,0.0,24.85,25.71,26.03,
CC,03-CONSTANT CURRENT protocol_Cycles 0 to 1000.zip,08-30-21_07.05_CC_protocol_halfC_CAP_(b1)_forexcel_cycle_#616.mat,CAP,616,0,1.0,,,,read:KeyError
CC,03-CONSTANT CURRENT protocol_Cycles 0 to 1000.zip,08-30-21_10.26_CC_protocol_halfC_0.5C_dchg_(b2)_IN21700_30T_cycle_#617.mat,halfC,617,6540,0.0,24.86,25.79,26.05,
CC,03-CONSTANT CURRENT protocol_Cycles 0 to 1000.zip,08-30-21_10.26_CC_protocol_halfC_CAP_(b2)_forexcel_cycle_#617.mat,CAP,617,0,1.0,,,,read:KeyError
CC,03-CONSTANT CURRENT protocol_Cycles 0 to 1000.zip,08-30-21_13.14_CC_protocol__Fifteen_Drive_Cycles_set_IN21700_30T_cycle_#618_to_632.mat,drive,618,103965,0.0,24.89,26.59,26.62,
CC,03-CONSTANT CURRENT protocol_Cycles 0 to 1000.zip,08-31-21_21.45_CC_protocol_whole_Schedule_IN21700_30T_cycle_#633_week#18.mat,schedule,633,294807,0.0,24.75,26.41,26.47,
CC,03-CONSTANT CURRENT protocol_Cycles 0 to 1000.zip,08-31-21_22.14_CC_protocol_halfC_0.5C_dchg_(a1)_IN21700_30T_cycle_#633.mat,halfC,633,6585,0.0,24.95,25.8,26.12,
CC,03-CONSTANT CURRENT protocol_Cycles 0 to 1000.zip,08-31-21_22.14_CC_protocol_halfC_CAP_(a1)_forexcel_cycle_#633.mat,CAP,633,0,1.0,,,,read:KeyError
CC,03-CONSTANT CURRENT protocol_Cycles 0 to 1000.zip,09-01-21_01.40_CC_protocol_halfC_0.5C_dchg_(a2)_IN21700_30T_cycle_#634.mat,halfC,634,6510,0.0,24.91,25.73,26.07,
CC,03-CONSTANT CURRENT protocol_Cycles 0 to 1000.zip,09-01-21_01.40_CC_protocol_halfC_CAP_(a2)_forexcel_cycle_#634.mat,CAP,634,0,1.0,,,,read:KeyError
CC,03-CONSTANT CURRENT protocol_Cycles 0 to 1000.zip,09-01-21_03.44_CC_protocol_ONE_C_charge_IN21700_30T_cycle_#634.mat,other,634,299,0.0,25.09,26.91,25.8,
CC,03-CONSTANT CURRENT protocol_Cycles 0 to 1000.zip,09-01-21_05.04_CC_protocol_OneC_1C_dchg_IN21700_30T_cycle_#635.mat,other,635,3223,0.0,25.1,26.39,26.72,
CC,03-CONSTANT CURRENT protocol_Cycles 0 to 1000.zip,09-01-21_07.38_CC_protocol_TwoC_2C_dchg_IN21700_30T_cycle_#636.mat,other,636,1598,0.0,25.07,28.42,29.03,
CC,03-CONSTANT CURRENT protocol_Cycles 0 to 1000.zip,09-01-21_09.49_CC_protocol_HPPC_IN21700_30T_cycle_#637.mat,HPPC,637,34941,0.0,24.75,25.95,25.96,
CC,03-CONSTANT CURRENT protocol_Cycles 0 to 1000.zip,09-02-21_15.54_CC_protocol_tenpercent_chg_a_IN21700_30T_cycle_#637.mat,other,637,1,0.0,26.83,26.83,26.83,
CC,03-CONSTANT CURRENT protocol_Cycles 0 to 1000.zip,09-02-21_16.53_CC_protocol__Fifteen_Drive_Cycles_set_IN21700_30T_cycle_#638_to_652.mat,drive,638,103521,0.0,24.89,26.6,26.66,
CC,03-CONSTANT CURRENT protocol_Cycles 0 to 1000.zip,09-03-21_23.13_CC_protocol_halfC_0.5C_dchg_(b1)_IN21700_30T_cycle_#653.mat,halfC,653,6511,0.0,24.87,25.73,26.04,
CC,03-CONSTANT CURRENT protocol_Cycles 0 to 1000.zip,09-03-21_23.13_CC_protocol_halfC_CAP_(b1)_forexcel_cycle_#653.mat,CAP,653,0,1.0,,,,read:KeyError
CC,03-CONSTANT CURRENT protocol_Cycles 0 to 1000.zip,09-04-21_02.34_CC_protocol_halfC_0.5C_dchg_(b2)_IN21700_30T_cycle_#654.mat,halfC,654,6513,0.0,24.79,25.68,26.02,
CC,03-CONSTANT CURRENT protocol_Cycles 0 to 1000.zip,09-04-21_02.34_CC_protocol_halfC_CAP_(b2)_forexcel_cycle_#654.mat,CAP,654,0,1.0,,,,read:KeyError
CC,03-CONSTANT CURRENT protocol_Cycles 0 to 1000.zip,09-04-21_05.22_CC_protocol__Fifteen_Drive_Cycles_set_IN21700_30T_cycle_#655_to_669.mat,drive,655,103765,0.0,24.9,26.6,26.64,
CC,03-CONSTANT CURRENT protocol_Cycles 0 to 1000.zip,Cover20 is not performed this week_#18.mat,other,-1,0,1.0,,,,read:KeyError
CC,03-CONSTANT CURRENT protocol_Cycles 0 to 1000.zip,09-05-21_12.57_CC_protocol_whole_Schedule_IN21700_30T_cycle_#670_week#19.mat,schedule,670,292012,0.0,24.39,26.4,26.42,
CC,03-CONSTANT CURRENT protocol_Cycles 0 to 1000.zip,09-05-21_14.17_CC_protocol_OCV_0.05C_IN21700_30T_cycle_#670.mat,OCV,670,2313,0.0,24.73,25.49,25.48,
CC,03-CONSTANT CURRENT protocol_Cycles 0 to 1000.zip,09-07-21_05.52_CC_protocol_halfC_0.5C_dchg_(a1)_IN21700_30T_cycle_#671.mat,halfC,671,6554,0.0,24.97,25.82,26.07,
CC,03-CONSTANT CURRENT protocol_Cycles 0 to 1000.zip,09-07-21_05.52_CC_protocol_halfC_CAP_(a1)_forexcel_cycle_#671.mat,CAP,671,0,1.0,,,,read:KeyError
CC,03-CONSTANT CURRENT protocol_Cycles 0 to 1000.zip,09-07-21_09.18_CC_protocol_halfC_0.5C_dchg_(a2)_IN21700_30T_cycle_#672.mat,halfC,672,6472,0.0,24.91,25.75,26.06,
CC,03-CONSTANT CURRENT protocol_Cycles 0 to 1000.zip,09-07-21_09.18_CC_protocol_halfC_CAP_(a2)_forexcel_cycle_#672.mat,CAP,672,0,1.0,,,,read:KeyError
CC,03-CONSTANT CURRENT protocol_Cycles 0 to 1000.zip,09-07-21_11.23_CC_protocol_ONE_C_charge_IN21700_30T_cycle_#672.mat,other,672,297,0.0,25.09,26.98,25.87,
CC,03-CONSTANT CURRENT protocol_Cycles 0 to 1000.zip,09-07-21_12.43_CC_protocol_OneC_1C_dchg_IN21700_30T_cycle_#673.mat,other,673,3208,0.0,25.01,26.27,26.57,
CC,03-CONSTANT CURRENT protocol_Cycles 0 to 1000.zip,09-07-21_15.17_CC_protocol_TwoC_2C_dchg_IN21700_30T_cycle_#674.mat,other,674,1591,0.0,25.12,28.47,29.11,
CC,03-CONSTANT CURRENT protocol_Cycles 0 to 1000.zip,09-07-21_17.28_CC_protocol_HPPC_IN21700_30T_cycle_#675.mat,HPPC,675,34939,0.0,24.79,25.96,25.98,
CC,03-CONSTANT CURRENT protocol_Cycles 0 to 1000.zip,09-08-21_23.33_CC_protocol_tenpercent_chg_a_IN21700_30T_cycle_#675.mat,other,675,1,0.0,26.91,26.91,26.91,
CC,03-CONSTANT CURRENT protocol_Cycles 0 to 1000.zip,09-09-21_00.33_CC_protocol__Fifteen_Drive_Cycles_set_IN21700_30T_cycle_#676_to_690.mat,drive,676,101624,0.0,24.53,26.63,26.68,
CC,03-CONSTANT CURRENT protocol_Cycles 0 to 1000.zip,09-10-21_09.16_CC_protocol_halfC_0.5C_dchg_(b1)_IN21700_30T_cycle_#691.mat,halfC,691,6488,0.0,25.02,25.99,26.46,
CC,03-CONSTANT CURRENT protocol_Cycles 0 to 1000.zip,09-10-21_09.16_CC_protocol_halfC_CAP_(b1)_forexcel_cycle_#691.mat,CAP,691,0,1.0,,,,read:KeyError
CC,03-CONSTANT CURRENT protocol_Cycles 0 to 1000.zip,09-10-21_12.38_CC_protocol_halfC_0.5C_dchg_(b2)_IN21700_30T_cycle_#692.mat,halfC,692,6485,0.0,24.77,25.67,25.98,
CC,03-CONSTANT CURRENT protocol_Cycles 0 to 1000.zip,09-10-21_12.38_CC_protocol_halfC_CAP_(b2)_forexcel_cycle_#692.mat,CAP,692,0,1.0,,,,read:KeyError
CC,03-CONSTANT CURRENT protocol_Cycles 0 to 1000.zip,09-10-21_15.24_CC_protocol__Fifteen_Drive_Cycles_set_IN21700_30T_cycle_#693_to_707.mat,drive,693,100706,0.0,24.39,26.56,26.5,
CC,03-CONSTANT CURRENT protocol_Cycles 0 to 1000.zip,09-12-21_06.41_CC_protocol_whole_Schedule_IN21700_30T_cycle_#708_week#20.mat,schedule,708,287256,0.0,22.03,26.47,26.48,
CC,03-CONSTANT CURRENT protocol_Cycles 0 to 1000.zip,09-12-21_07.11_CC_protocol_halfC_0.5C_dchg_(a1)_IN21700_30T_cycle_#708.mat,halfC,708,6555,0.0,25.38,26.25,26.15,
CC,03-CONSTANT CURRENT protocol_Cycles 0 to 1000.zip,09-12-21_07.11_CC_protocol_halfC_CAP_(a1)_forexcel_cycle_#708.mat,CAP,708,0,1.0,,,,read:KeyError
CC,03-CONSTANT CURRENT protocol_Cycles 0 to 1000.zip,09-12-21_10.37_CC_protocol_halfC_0.5C_dchg_(a2)_IN21700_30T_cycle_#709.mat,halfC,709,6438,0.0,24.75,25.75,26.14,
CC,03-CONSTANT CURRENT protocol_Cycles 0 to 1000.zip,09-12-21_10.37_CC_protocol_halfC_CAP_(a2)_forexcel_cycle_#709.mat,CAP,709,0,1.0,,,,read:KeyError
CC,03-CONSTANT CURRENT protocol_Cycles 0 to 1000.zip,09-12-21_12.40_CC_protocol_ONE_C_charge_IN21700_30T_cycle_#709.mat,other,709,295,0.0,25.48,27.13,26.28,
CC,03-CONSTANT CURRENT protocol_Cycles 0 to 1000.zip,09-12-21_14.02_CC_protocol_OneC_1C_dchg_IN21700_30T_cycle_#710.mat,other,710,3189,0.0,25.41,26.4,26.54,
CC,03-CONSTANT CURRENT protocol_Cycles 0 to 1000.zip,09-12-21_16.34_CC_protocol_TwoC_2C_dchg_IN21700_30T_cycle_#711.mat,other,711,1579,0.0,25.21,28.0,28.52,
CC,03-CONSTANT CURRENT protocol_Cycles 0 to 1000.zip,09-12-21_18.44_CC_protocol_HPPC_IN21700_30T_cycle_#712.mat,HPPC,712,34917,0.0,24.76,26.14,26.11,
CC,03-CONSTANT CURRENT protocol_Cycles 0 to 1000.zip,09-14-21_00.50_CC_protocol_tenpercent_chg_a_IN21700_30T_cycle_#712.mat,other,712,1,0.0,27.07,27.07,27.07,
CC,03-CONSTANT CURRENT protocol_Cycles 0 to 1000.zip,09-14-21_01.46_CC_protocol__Fifteen_Drive_Cycles_set_IN21700_30T_cycle_#713_to_727.mat,drive,713,100315,0.0,22.03,26.61,26.62,
CC,03-CONSTANT CURRENT protocol_Cycles 0 to 1000.zip,09-15-21_07.14_CC_protocol_halfC_0.5C_dchg_(b1)_IN21700_30T_cycle_#728.mat,halfC,728,6453,0.0,24.82,25.74,26.1,
CC,03-CONSTANT CURRENT protocol_Cycles 0 to 1000.zip,09-15-21_07.14_CC_protocol_halfC_CAP_(b1)_forexcel_cycle_#728.mat,CAP,728,0,1.0,,,,read:KeyError
CC,03-CONSTANT CURRENT protocol_Cycles 0 to 1000.zip,09-15-21_10.33_CC_protocol_halfC_0.5C_dchg_(b2)_IN21700_30T_cycle_#729.mat,halfC,729,6459,0.0,24.94,26.06,25.91,
CC,03-CONSTANT CURRENT protocol_Cycles 0 to 1000.zip,09-15-21_10.33_CC_protocol_halfC_CAP_(b2)_forexcel_cycle_#729.mat,CAP,729,0,1.0,,,,read:KeyError
CC,03-CONSTANT CURRENT protocol_Cycles 0 to 1000.zip,09-15-21_13.17_CC_protocol__Fifteen_Drive_Cycles_set_IN21700_30T_cycle_#730_to_744.mat,drive,730,99997,0.0,23.0,26.61,26.65,
CC,03-CONSTANT CURRENT protocol_Cycles 0 to 1000.zip,Cover20 is not performed this week_#20.mat,other,-1,0,1.0,,,,read:KeyError
CC,03-CONSTANT CURRENT protocol_Cycles 0 to 1000.zip,09-16-21_19.43_CC_protocol_whole_Schedule_IN21700_30T_cycle_#745_week#21.mat,schedule,745,289952,0.0,23.97,26.46,26.53,
CC,03-CONSTANT CURRENT protocol_Cycles 0 to 1000.zip,09-16-21_21.04_CC_protocol_OCV_0.05C_IN21700_30T_cycle_#745.mat,OCV,745,2299,0.0,24.02,25.73,25.75,
CC,03-CONSTANT CURRENT protocol_Cycles 0 to 1000.zip,09-18-21_13.46_CC_protocol_halfC_0.5C_dchg_(a1)_IN21700_30T_cycle_#746.mat,halfC,746,6505,0.0,25.04,26.08,26.56,
CC,03-CONSTANT CURRENT protocol_Cycles 0 to 1000.zip,09-18-21_13.46_CC_protocol_halfC_CAP_(a1)_forexcel_cycle_#746.mat,CAP,746,0,1.0,,,,read:KeyError
CC,03-CONSTANT CURRENT protocol_Cycles 0 to 1000.zip,09-18-21_17.14_CC_protocol_halfC_0.5C_dchg_(a2)_IN21700_30T_cycle_#747.mat,halfC,747,6421,0.0,24.9,25.7,26.03,
CC,03-CONSTANT CURRENT protocol_Cycles 0 to 1000.zip,09-18-21_17.14_CC_protocol_halfC_CAP_(a2)_forexcel_cycle_#747.mat,CAP,747,0,1.0,,,,read:KeyError
CC,03-CONSTANT CURRENT protocol_Cycles 0 to 1000.zip,09-18-21_19.16_CC_protocol_ONE_C_charge_IN21700_30T_cycle_#747.mat,other,747,293,0.0,25.16,26.92,25.83,
CC,03-CONSTANT CURRENT protocol_Cycles 0 to 1000.zip,09-18-21_20.38_CC_protocol_OneC_1C_dchg_IN21700_30T_cycle_#748.mat,other,748,3177,0.0,25.92,26.96,26.95,
CC,03-CONSTANT CURRENT protocol_Cycles 0 to 1000.zip,09-18-21_23.10_CC_protocol_TwoC_2C_dchg_IN21700_30T_cycle_#749.mat,other,749,1571,0.0,25.1,27.88,28.4,
CC,03-CONSTANT CURRENT protocol_Cycles 0 to 1000.zip,09-19-21_01.19_CC_protocol_HPPC_IN21700_30T_cycle_#750.mat,HPPC,750,34893,0.0,23.97,26.09,26.13,
CC,03-CONSTANT CURRENT protocol_Cycles 0 to 1000.zip,09-20-21_07.24_CC_protocol_tenpercent_chg_a_IN21700_30T_cycle_#750.mat,other,750,1,0.0,26.98,26.98,26.98,
CC,03-CONSTANT CURRENT protocol_Cycles 0 to 1000.zip,09-20-21_08.22_CC_protocol__Fifteen_Drive_Cycles_set_IN21700_30T_cycle_#751_to_765.mat,drive,751,99861,0.0,24.22,26.63,26.63,
CC,03-CONSTANT CURRENT protocol_Cycles 0 to 1000.zip,09-21-21_13.40_CC_protocol_halfC_0.5C_dchg_(b1)_IN21700_30T_cycle_#766.mat,halfC,766,6430,0.0,24.96,26.04,25.95,
CC,03-CONSTANT CURRENT protocol_Cycles 0 to 1000.zip,09-21-21_13.40_CC_protocol_halfC_CAP_(b1)_forexcel_cycle_#766.mat,CAP,766,0,1.0,,,,read:KeyError
CC,03-CONSTANT CURRENT protocol_Cycles 0 to 1000.zip,09-21-21_17.00_CC_protocol_halfC_0.5C_dchg_(b2)_IN21700_30T_cycle_#767.mat,halfC,767,6437,0.0,25.11,26.18,26.74,
CC,03-CONSTANT CURRENT protocol_Cycles 0 to 1000.zip,09-21-21_17.00_CC_protocol_halfC_CAP_(b2)_forexcel_cycle_#767.mat,CAP,767,0,1.0,,,,read:KeyError
CC,03-CONSTANT CURRENT protocol_Cycles 0 to 1000.zip,09-21-21_19.43_CC_protocol__Fifteen_Drive_Cycles_set_IN21700_30T_cycle_#768_to_782.mat,drive,768,100892,0.0,24.31,26.59,26.65,
CC,03-CONSTANT CURRENT protocol_Cycles 0 to 1000.zip,09-23-21_09.10_CC_protocol_whole_Schedule_IN21700_30T_cycle_#783_week#22.mat,schedule,783,285840,0.0,24.23,26.46,26.53,
CC,03-CONSTANT CURRENT protocol_Cycles 0 to 1000.zip,09-23-21_09.41_CC_protocol_halfC_0.5C_dchg_(a1)_IN21700_30T_cycle_#783.mat,halfC,783,6502,0.0,24.98,25.83,25.95,
CC,03-CONSTANT CURRENT protocol_Cycles 0 to 1000.zip,09-23-21_09.41_CC_protocol_halfC_CAP_(a1)_forexcel_cycle_#783.mat,CAP,783,0,1.0,,,,read:KeyError
CC,03-CONSTANT CURRENT protocol_Cycles 0 to 1000.zip,09-23-21_13.06_CC_protocol_halfC_0.5C_dchg_(a2)_IN21700_30T_cycle_#784.mat,halfC,784,6410,0.0,25.41,26.38,26.66,
CC,03-CONSTANT CURRENT protocol_Cycles 0 to 1000.zip,09-23-21_13.06_CC_protocol_halfC_CAP_(a2)_forexcel_cycle_#784.mat,CAP,784,0,1.0,,,,read:KeyError
CC,03-CONSTANT CURRENT protocol_Cycles 0 to 1000.zip,09-23-21_15.08_CC_protocol_ONE_C_charge_IN21700_30T_cycle_#784.mat,other,784,289,0.0,24.67,26.02,25.24,
CC,03-CONSTANT CURRENT protocol_Cycles 0 to 1000.zip,09-23-21_16.30_CC_protocol_OneC_1C_dchg_IN21700_30T_cycle_#785.mat,other,785,3158,0.0,24.92,26.2,26.58,
CC,03-CONSTANT CURRENT protocol_Cycles 0 to 1000.zip,09-23-21_19.03_CC_protocol_TwoC_2C_dchg_IN21700_30T_cycle_#786.mat,other,786,1567,0.0,25.68,28.63,29.18,
CC,03-CONSTANT CURRENT protocol_Cycles 0 to 1000.zip,09-23-21_21.14_CC_protocol_HPPC_IN21700_30T_cycle_#787.mat,HPPC,787,34909,0.0,24.23,26.12,26.17,
CC,03-CONSTANT CURRENT protocol_Cycles 0 to 1000.zip,09-25-21_03.19_CC_protocol_tenpercent_chg_a_IN21700_30T_cycle_#787.mat,other,787,1,0.0,27.61,27.61,27.61,
CC,03-CONSTANT CURRENT protocol_Cycles 0 to 1000.zip,09-25-21_04.16_CC_protocol__Fifteen_Drive_Cycles_set_IN21700_30T_cycle_#788_to_802.mat,drive,788,99653,0.0,24.37,26.61,26.65,
CC,03-CONSTANT CURRENT protocol_Cycles 0 to 1000.zip,09-26-21_09.31_CC_protocol_halfC_0.5C_dchg_(b1)_IN21700_30T_cycle_#803.mat,halfC,803,6399,0.0,24.84,25.75,26.12,
CC,03-CONSTANT CURRENT protocol_Cycles 0 to 1000.zip,09-26-21_09.31_CC_protocol_halfC_CAP_(b1)_forexcel_cycle_#803.mat,CAP,803,0,1.0,,,,read:KeyError
CC,03-CONSTANT CURRENT protocol_Cycles 0 to 1000.zip,09-26-21_12.50_CC_protocol_halfC_0.5C_dchg_(b2)_IN21700_30T_cycle_#804.mat,halfC,804,6404,0.0,24.93,25.93,25.9,
CC,03-CONSTANT CURRENT protocol_Cycles 0 to 1000.zip,09-26-21_12.50_CC_protocol_halfC_CAP_(b2)_forexcel_cycle_#804.mat,CAP,804,0,1.0,,,,read:KeyError
CC,03-CONSTANT CURRENT protocol_Cycles 0 to 1000.zip,09-26-21_15.33_CC_protocol__Fifteen_Drive_Cycles_set_IN21700_30T_cycle_#805_to_819.mat,drive,805,99509,0.0,24.52,26.63,26.71,
CC,03-CONSTANT CURRENT protocol_Cycles 0 to 1000.zip,Cover20 is not performed this week_#22.mat,other,-1,0,1.0,,,,read:KeyError
CC,03-CONSTANT CURRENT protocol_Cycles 0 to 1000.zip,09-27-21_21.48_CC_protocol_whole_Schedule_IN21700_30T_cycle_#820_week#23.mat,schedule,820,287400,0.0,22.62,26.51,26.55,
CC,03-CONSTANT CURRENT protocol_Cycles 0 to 1000.zip,09-27-21_23.08_CC_protocol_OCV_0.05C_IN21700_30T_cycle_#820.mat,OCV,820,2286,0.0,24.15,25.8,25.79,
CC,03-CONSTANT CURRENT protocol_Cycles 0 to 1000.zip,09-29-21_14.13_CC_protocol_halfC_0.5C_dchg_(a1)_IN21700_30T_cycle_#821.mat,halfC,821,6447,0.0,24.95,25.74,26.07,
CC,03-CONSTANT CURRENT protocol_Cycles 0 to 1000.zip,09-29-21_14.13_CC_protocol_halfC_CAP_(a1)_forexcel_cycle_#821.mat,CAP,821,0,1.0,,,,read:KeyError
CC,03-CONSTANT CURRENT protocol_Cycles 0 to 1000.zip,09-29-21_17.39_CC_protocol_halfC_0.5C_dchg_(a2)_IN21700_30T_cycle_#822.mat,halfC,822,6378,0.0,25.07,26.21,26.0,
CC,03-CONSTANT CURRENT protocol_Cycles 0 to 1000.zip,09-29-21_17.39_CC_protocol_halfC_CAP_(a2)_forexcel_cycle_#822.mat,CAP,822,0,1.0,,,,read:KeyError
CC,03-CONSTANT CURRENT protocol_Cycles 0 to 1000.zip,09-29-21_19.40_CC_protocol_ONE_C_charge_IN21700_30T_cycle_#822.mat,other,822,287,0.0,25.07,26.5,25.67,
CC,03-CONSTANT CURRENT protocol_Cycles 0 to 1000.zip,09-29-21_21.03_CC_protocol_OneC_1C_dchg_IN21700_30T_cycle_#823.mat,other,823,3148,0.0,25.11,26.5,26.9,
CC,03-CONSTANT CURRENT protocol_Cycles 0 to 1000.zip,09-29-21_23.36_CC_protocol_TwoC_2C_dchg_IN21700_30T_cycle_#824.mat,other,824,1555,0.0,24.73,27.24,27.69,
CC,03-CONSTANT CURRENT protocol_Cycles 0 to 1000.zip,09-30-21_01.46_CC_protocol_HPPC_IN21700_30T_cycle_#825.mat,HPPC,825,34868,0.0,24.48,26.09,26.06,
CC,03-CONSTANT CURRENT protocol_Cycles 0 to 1000.zip,10-01-21_07.50_CC_protocol_tenpercent_chg_a_IN21700_30T_cycle_#825.mat,other,825,1,0.0,26.31,26.31,26.31,
CC,03-CONSTANT CURRENT protocol_Cycles 0 to 1000.zip,10-01-21_08.45_CC_protocol__Fifteen_Drive_Cycles_set_IN21700_30T_cycle_#826_to_840.mat,drive,826,99598,0.0,22.62,26.71,26.82,
CC,03-CONSTANT CURRENT protocol_Cycles 0 to 1000.zip,10-02-21_14.00_CC_protocol_halfC_0.5C_dchg_(b1)_IN21700_30T_cycle_#841.mat,halfC,841,6377,0.0,25.02,26.01,26.48,
CC,03-CONSTANT CURRENT protocol_Cycles 0 to 1000.zip,10-02-21_14.00_CC_protocol_halfC_CAP_(b1)_forexcel_cycle_#841.mat,CAP,841,0,1.0,,,,read:KeyError
CC,03-CONSTANT CURRENT protocol_Cycles 0 to 1000.zip,10-02-21_17.21_CC_protocol_halfC_0.5C_dchg_(b2)_IN21700_30T_cycle_#842.mat,halfC,842,6373,0.0,24.81,25.7,26.02,
CC,03-CONSTANT CURRENT protocol_Cycles 0 to 1000.zip,10-02-21_17.21_CC_protocol_halfC_CAP_(b2)_forexcel_cycle_#842.mat,CAP,842,0,1.0,,,,read:KeyError
CC,03-CONSTANT CURRENT protocol_Cycles 0 to 1000.zip,10-02-21_20.04_CC_protocol__Fifteen_Drive_Cycles_set_IN21700_30T_cycle_#843_to_857.mat,drive,843,98803,0.0,24.39,26.72,26.68,
CC,03-CONSTANT CURRENT protocol_Cycles 0 to 1000.zip,10-04-21_08.21_CC_protocol_whole_Schedule_IN21700_30T_cycle_#858_week#24.mat,schedule,858,284410,0.0,22.2,26.5,26.56,
CC,03-CONSTANT CURRENT protocol_Cycles 0 to 1000.zip,10-04-21_08.53_CC_protocol_halfC_0.5C_dchg_(a1)_IN21700_30T_cycle_#858.mat,halfC,858,6453,0.0,24.96,25.85,25.96,
CC,03-CONSTANT CURRENT protocol_Cycles 0 to 1000.zip,10-04-21_08.53_CC_protocol_halfC_CAP_(a1)_forexcel_cycle_#858.mat,CAP,858,0,1.0,,,,read:KeyError
CC,03-CONSTANT CURRENT protocol_Cycles 0 to 1000.zip,10-04-21_12.18_CC_protocol_halfC_0.5C_dchg_(a2)_IN21700_30T_cycle_#859.mat,halfC,859,6344,0.0,25.42,26.45,26.95,
CC,03-CONSTANT CURRENT protocol_Cycles 0 to 1000.zip,10-04-21_12.18_CC_protocol_halfC_CAP_(a2)_forexcel_cycle_#859.mat,CAP,859,0,1.0,,,,read:KeyError
CC,03-CONSTANT CURRENT protocol_Cycles 0 to 1000.zip,10-04-21_14.21_CC_protocol_ONE_C_charge_IN21700_30T_cycle_#859.mat,other,859,285,0.0,25.19,26.61,25.85,
CC,03-CONSTANT CURRENT protocol_Cycles 0 to 1000.zip,10-04-21_15.45_CC_protocol_OneC_1C_dchg_IN21700_30T_cycle_#860.mat,other,860,3133,0.0,25.01,26.34,26.73,
CC,03-CONSTANT CURRENT protocol_Cycles 0 to 1000.zip,10-04-21_18.18_CC_protocol_TwoC_2C_dchg_IN21700_30T_cycle_#861.mat,other,861,1550,0.0,25.91,28.86,29.33,
CC,03-CONSTANT CURRENT protocol_Cycles 0 to 1000.zip,10-04-21_20.28_CC_protocol_HPPC_IN21700_30T_cycle_#862.mat,HPPC,862,34848,0.0,22.2,26.12,26.06,
CC,03-CONSTANT CURRENT protocol_Cycles 0 to 1000.zip,10-06-21_03.28_CC_protocol__Fifteen_Drive_Cycles_set_IN21700_30T_cycle_#863_to_877.mat,drive,863,98968,0.0,24.24,26.68,26.8,
CC,03-CONSTANT CURRENT protocol_Cycles 0 to 1000.zip,10-07-21_08.31_CC_protocol_halfC_0.5C_dchg_(b1)_IN21700_30T_cycle_#878.mat,halfC,878,6345,0.0,24.96,25.87,26.25,
CC,03-CONSTANT CURRENT protocol_Cycles 0 to 1000.zip,10-07-21_08.31_CC_protocol_halfC_CAP_(b1)_forexcel_cycle_#878.mat,CAP,878,0,1.0,,,,read:KeyError
CC,03-CONSTANT CURRENT protocol_Cycles 0 to 1000.zip,10-07-21_11.51_CC_protocol_halfC_0.5C_dchg_(b2)_IN21700_30T_cycle_#879.mat,halfC,879,6351,0.0,24.94,25.9,25.95,
CC,03-CONSTANT CURRENT protocol_Cycles 0 to 1000.zip,10-07-21_11.51_CC_protocol_halfC_CAP_(b2)_forexcel_cycle_#879.mat,CAP,879,0,1.0,,,,read:KeyError
CC,03-CONSTANT CURRENT protocol_Cycles 0 to 1000.zip,10-07-21_14.34_CC_protocol__Fifteen_Drive_Cycles_set_IN21700_30T_cycle_#880_to_894.mat,drive,880,98973,0.0,22.68,26.65,26.67,
CC,03-CONSTANT CURRENT protocol_Cycles 0 to 1000.zip,Cover20 is not performed this week_#24.mat,other,-1,0,1.0,,,,read:KeyError
CC,03-CONSTANT CURRENT protocol_Cycles 0 to 1000.zip,10-09-21_07.38_CC_protocol_whole_Schedule_IN21700_30T_cycle_#895_week#25.mat,schedule,895,381446,0.0,24.12,28.49,28.57,
CC,03-CONSTANT CURRENT protocol_Cycles 0 to 1000.zip,10-09-21_09.01_CC_protocol_OCV_0.05C_IN21700_30T_cycle_#895.mat,OCV,895,2275,0.0,24.12,25.74,25.71,
CC,03-CONSTANT CURRENT protocol_Cycles 0 to 1000.zip,10-11-21_08.26_CC_protocol_halfC_0.5C_dchg_(a1)_IN21700_30T_cycle_#896.mat,halfC,896,6463,0.0,25.3,26.69,27.23,
CC,03-CONSTANT CURRENT protocol_Cycles 0 to 1000.zip,10-11-21_08.26_CC_protocol_halfC_CAP_(a1)_forexcel_cycle_#896.mat,CAP,896,0,1.0,,,,read:KeyError
CC,03-CONSTANT CURRENT protocol_Cycles 0 to 1000.zip,10-11-21_12.09_CC_protocol_halfC_0.5C_dchg_(a2)_IN21700_30T_cycle_#897.mat,halfC,897,6349,0.0,25.89,26.91,27.33,
CC,03-CONSTANT CURRENT protocol_Cycles 0 to 1000.zip,10-11-21_12.09_CC_protocol_halfC_CAP_(a2)_forexcel_cycle_#897.mat,CAP,897,0,1.0,,,,read:KeyError
CC,03-CONSTANT CURRENT protocol_Cycles 0 to 1000.zip,10-11-21_14.27_CC_protocol_ONE_C_charge_IN21700_30T_cycle_#897.mat,other,897,289,0.0,26.18,29.65,26.82,
CC,03-CONSTANT CURRENT protocol_Cycles 0 to 1000.zip,10-11-21_15.51_CC_protocol_OneC_1C_dchg_IN21700_30T_cycle_#898.mat,other,898,3149,0.0,26.42,28.61,29.26,
CC,03-CONSTANT CURRENT protocol_Cycles 0 to 1000.zip,10-11-21_18.51_CC_protocol_TwoC_2C_dchg_IN21700_30T_cycle_#899.mat,other,899,1568,0.0,26.46,32.45,33.85,
CC,03-CONSTANT CURRENT protocol_Cycles 0 to 1000.zip,10-11-21_21.34_CC_protocol_HPPC_IN21700_30T_cycle_#900.mat,HPPC,900,34836,0.0,25.4,26.88,26.89,
CC,03-CONSTANT CURRENT protocol_Cycles 0 to 1000.zip,10-13-21_05.01_CC_protocol__Fifteen_Drive_Cycles_set_IN21700_30T_cycle_#901_to_915.mat,drive,901,144412,0.0,25.53,28.97,29.07,
CC,03-CONSTANT CURRENT protocol_Cycles 0 to 1000.zip,10-14-21_23.13_CC_protocol_halfC_0.5C_dchg_(b1)_IN21700_30T_cycle_#916.mat,halfC,916,6347,0.0,25.9,26.94,27.34,
CC,03-CONSTANT CURRENT protocol_Cycles 0 to 1000.zip,10-14-21_23.13_CC_protocol_halfC_CAP_(b1)_forexcel_cycle_#916.mat,CAP,916,0,1.0,,,,read:KeyError
CC,03-CONSTANT CURRENT protocol_Cycles 0 to 1000.zip,10-15-21_02.50_CC_protocol_halfC_0.5C_dchg_(b2)_IN21700_30T_cycle_#917.mat,halfC,917,6353,0.0,25.95,26.98,27.38,
CC,03-CONSTANT CURRENT protocol_Cycles 0 to 1000.zip,10-15-21_02.50_CC_protocol_halfC_CAP_(b2)_forexcel_cycle_#917.mat,CAP,917,0,1.0,,,,read:KeyError
CC,03-CONSTANT CURRENT protocol_Cycles 0 to 1000.zip,10-15-21_06.01_CC_protocol__Fifteen_Drive_Cycles_set_IN21700_30T_cycle_#918_to_932.mat,drive,918,141250,0.0,25.68,28.96,29.02,
CC,03-CONSTANT CURRENT protocol_Cycles 0 to 1000.zip,10-02-21_20.04_CC_protocol__Fifteen_Drive_Cycles_set_IN21700_30T_cycle_#843_to_857.mat,drive,843,98829,0.0,24.77,26.67,26.72,
CC,03-CONSTANT CURRENT protocol_Cycles 0 to 1000.zip,10-17-21_08.21_CC_protocol_whole_Schedule_IN21700_30T_cycle_#933_week#26.mat,schedule,933,325350,0.0,22.41,27.54,27.63,
CC,03-CONSTANT CURRENT protocol_Cycles 0 to 1000.zip,10-17-21_08.52_CC_protocol_halfC_0.5C_dchg_(a1)_IN21700_30T_cycle_#933.mat,halfC,933,6424,0.0,25.44,26.75,27.28,
CC,03-CONSTANT CURRENT protocol_Cycles 0 to 1000.zip,10-17-21_08.52_CC_protocol_halfC_CAP_(a1)_forexcel_cycle_#933.mat,CAP,933,0,1.0,,,,read:KeyError
CC,03-CONSTANT CURRENT protocol_Cycles 0 to 1000.zip,10-17-21_12.34_CC_protocol_halfC_0.5C_dchg_(a2)_IN21700_30T_cycle_#934.mat,halfC,934,6313,0.0,25.92,26.95,27.34,
CC,03-CONSTANT CURRENT protocol_Cycles 0 to 1000.zip,10-17-21_12.34_CC_protocol_halfC_CAP_(a2)_forexcel_cycle_#934.mat,CAP,934,0,1.0,,,,read:KeyError
CC,03-CONSTANT CURRENT protocol_Cycles 0 to 1000.zip,10-17-21_14.52_CC_protocol_ONE_C_charge_IN21700_30T_cycle_#934.mat,other,934,286,0.0,26.0,29.72,26.77,
CC,03-CONSTANT CURRENT protocol_Cycles 0 to 1000.zip,10-17-21_16.15_CC_protocol_OneC_1C_dchg_IN21700_30T_cycle_#935.mat,other,935,3130,0.0,26.33,28.61,29.26,
CC,03-CONSTANT CURRENT protocol_Cycles 0 to 1000.zip,10-17-21_19.12_CC_protocol_TwoC_2C_dchg_IN21700_30T_cycle_#936.mat,other,936,1559,0.0,26.51,32.55,33.91,
CC,03-CONSTANT CURRENT protocol_Cycles 0 to 1000.zip,10-17-21_21.53_CC_protocol_HPPC_IN21700_30T_cycle_#937.mat,HPPC,937,34838,0.0,25.27,26.8,26.76,
CC,03-CONSTANT CURRENT protocol_Cycles 0 to 1000.zip,10-19-21_05.23_CC_protocol__Fifteen_Drive_Cycles_set_IN21700_30T_cycle_#938_to_952.mat,drive,938,136354,0.0,23.26,29.1,29.22,
CC,03-CONSTANT CURRENT protocol_Cycles 0 to 1000.zip,10-21-21_12.53_CC_protocol_halfC_0.5C_dchg_(b1)_IN21700_30T_cycle_#953.mat,halfC,953,6276,0.0,22.41,26.47,26.07,
CC,03-CONSTANT CURRENT protocol_Cycles 0 to 1000.zip,10-21-21_12.53_CC_protocol_halfC_CAP_(b1)_forexcel_cycle_#953.mat,CAP,953,0,1.0,,,,read:KeyError
CC,03-CONSTANT CURRENT protocol_Cycles 0 to 1000.zip,10-21-21_16.12_CC_protocol_halfC_0.5C_dchg_(b2)_IN21700_30T_cycle_#954.mat,halfC,954,6271,0.0,25.06,25.93,26.29,
CC,03-CONSTANT CURRENT protocol_Cycles 0 to 1000.zip,10-21-21_16.12_CC_protocol_halfC_CAP_(b2)_forexcel_cycle_#954.mat,CAP,954,0,1.0,,,,read:KeyError
CC,03-CONSTANT CURRENT protocol_Cycles 0 to 1000.zip,10-21-21_18.55_CC_protocol__Fifteen_Drive_Cycles_set_IN21700_30T_cycle_#955_to_969.mat,drive,955,98829,0.0,24.77,26.67,26.72,
CC,03-CONSTANT CURRENT protocol_Cycles 0 to 1000.zip,Cover20 is not performed this week_#26.mat,other,-1,0,1.0,,,,read:KeyError
CC,03-CONSTANT CURRENT protocol_Cycles 0 to 1000.zip,10-23-21_12.04_CC_protocol_whole_Schedule_IN21700_30T_cycle_#970_week#27.mat,schedule,970,285975,0.0,21.57,26.62,26.66,
CC,03-CONSTANT CURRENT protocol_Cycles 0 to 1000.zip,10-23-21_13.28_CC_protocol_OCV_0.05C_IN21700_30T_cycle_#970.mat,OCV,970,2256,0.0,24.16,25.71,25.75,
CC,03-CONSTANT CURRENT protocol_Cycles 0 to 1000.zip,10-25-21_04.27_CC_protocol_halfC_0.5C_dchg_(a1)_IN21700_30T_cycle_#971.mat,halfC,971,6366,0.0,25.13,26.19,26.13,
CC,03-CONSTANT CURRENT protocol_Cycles 0 to 1000.zip,10-25-21_04.27_CC_protocol_halfC_CAP_(a1)_forexcel_cycle_#971.mat,CAP,971,0,1.0,,,,read:KeyError
CC,03-CONSTANT CURRENT protocol_Cycles 0 to 1000.zip,10-25-21_07.54_CC_protocol_halfC_0.5C_dchg_(a2)_IN21700_30T_cycle_#972.mat,halfC,972,6249,0.0,25.14,26.23,26.74,
CC,03-CONSTANT CURRENT protocol_Cycles 0 to 1000.zip,10-25-21_07.54_CC_protocol_halfC_CAP_(a2)_forexcel_cycle_#972.mat,CAP,972,0,1.0,,,,read:KeyError
CC,03-CONSTANT CURRENT protocol_Cycles 0 to 1000.zip,10-25-21_09.57_CC_protocol_ONE_C_charge_IN21700_30T_cycle_#972.mat,other,972,278,0.0,26.02,27.09,26.75,
CC,03-CONSTANT CURRENT protocol_Cycles 0 to 1000.zip,10-25-21_11.21_CC_protocol_OneC_1C_dchg_IN21700_30T_cycle_#973.mat,other,973,3079,0.0,25.06,26.39,26.68,
CC,03-CONSTANT CURRENT protocol_Cycles 0 to 1000.zip,10-25-21_13.55_CC_protocol_TwoC_2C_dchg_IN21700_30T_cycle_#974.mat,other,974,1526,0.0,25.49,28.76,29.32,
CC,03-CONSTANT CURRENT protocol_Cycles 0 to 1000.zip,10-25-21_16.08_CC_protocol_HPPC_IN21700_30T_cycle_#975.mat,HPPC,975,34750,0.0,21.57,26.18,26.17,
CC,03-CONSTANT CURRENT protocol_Cycles 0 to 1000.zip,10-26-21_23.08_CC_protocol__Fifteen_Drive_Cycles_set_IN21700_30T_cycle_#976_to_990.mat,drive,976,98767,0.0,25.06,26.8,26.82,
CC,03-CONSTANT CURRENT protocol_Cycles 0 to 1000.zip,10-28-21_04.12_CC_protocol_halfC_0.5C_dchg_(b1)_IN21700_30T_cycle_#991.mat,halfC,991,6260,0.0,25.44,26.5,26.97,
CC,03-CONSTANT CURRENT protocol_Cycles 0 to 1000.zip,10-28-21_04.12_CC_protocol_halfC_CAP_(b1)_forexcel_cycle_#991.mat,CAP,991,0,1.0,,,,read:KeyError
CC,03-CONSTANT CURRENT protocol_Cycles 0 to 1000.zip,10-28-21_07.34_CC_protocol_halfC_0.5C_dchg_(b2)_IN21700_30T_cycle_#992.mat,halfC,992,6250,0.0,25.02,25.81,26.09,
CC,03-CONSTANT CURRENT protocol_Cycles 0 to 1000.zip,10-28-21_07.34_CC_protocol_halfC_CAP_(b2)_forexcel_cycle_#992.mat,CAP,992,0,1.0,,,,read:KeyError
CC,03-CONSTANT CURRENT protocol_Cycles 0 to 1000.zip,10-28-21_10.15_CC_protocol__Fifteen_Drive_Cycles_set_IN21700_30T_cycle_#993_to_1007.mat,drive,993,98276,0.0,22.74,26.83,26.87,
CC,04-CONSTANT CURRENT protocol_Cycles 1000 to 1908.zip,10-29-21_23.58_CC_protocol_whole_Schedule_IN21700_30T_cycle_#1008_week#28.mat,schedule,1008,282699,0.0,21.39,26.59,26.7,
CC,04-CONSTANT CURRENT protocol_Cycles 1000 to 1908.zip,10-30-21_00.31_CC_protocol_halfC_0.5C_dchg_(a1)_IN21700_30T_cycle_#1008.mat,halfC,1008,6341,0.0,25.02,25.91,26.16,
CC,04-CONSTANT CURRENT protocol_Cycles 1000 to 1908.zip,10-30-21_00.31_CC_protocol_halfC_CAP_(a1)_forexcel_cycle_#1008.mat,CAP,1008,0,1.0,,,,read:KeyError
CC,04-CONSTANT CURRENT protocol_Cycles 1000 to 1908.zip,10-30-21_03.58_CC_protocol_halfC_0.5C_dchg_(a2)_IN21700_30T_cycle_#1009.mat,halfC,1009,6212,0.0,25.46,26.44,26.25,
CC,04-CONSTANT CURRENT protocol_Cycles 1000 to 1908.zip,10-30-21_03.58_CC_protocol_halfC_CAP_(a2)_forexcel_cycle_#1009.mat,CAP,1009,0,1.0,,,,read:KeyError
CC,04-CONSTANT CURRENT protocol_Cycles 1000 to 1908.zip,10-30-21_05.58_CC_protocol_ONE_C_charge_IN21700_30T_cycle_#1009.mat,other,1009,275,0.0,25.1,26.77,25.78,
CC,04-CONSTANT CURRENT protocol_Cycles 1000 to 1908.zip,10-30-21_07.23_CC_protocol_OneC_1C_dchg_IN21700_30T_cycle_#1010.mat,other,1010,3065,0.0,25.09,26.55,26.93,
CC,04-CONSTANT CURRENT protocol_Cycles 1000 to 1908.zip,10-30-21_09.58_CC_protocol_TwoC_2C_dchg_IN21700_30T_cycle_#1011.mat,other,1011,1515,0.0,25.31,28.26,28.77,
CC,04-CONSTANT CURRENT protocol_Cycles 1000 to 1908.zip,10-30-21_12.09_CC_protocol_HPPC_IN21700_30T_cycle_#1012.mat,HPPC,1012,34842,0.0,24.32,26.19,26.17,
CC,04-CONSTANT CURRENT protocol_Cycles 1000 to 1908.zip,10-31-21_19.09_CC_protocol__Fifteen_Drive_Cycles_set_IN21700_30T_cycle_#1013_to_1027.mat,drive,1013,98200,0.0,22.98,26.79,26.91,
CC,04-CONSTANT CURRENT protocol_Cycles 1000 to 1908.zip,11-02-21_00.04_CC_protocol_halfC_0.5C_dchg_(b1)_IN21700_30T_cycle_#1028.mat,halfC,1028,6222,0.0,25.32,26.36,26.2,
CC,04-CONSTANT CURRENT protocol_Cycles 1000 to 1908.zip,11-02-21_00.04_CC_protocol_halfC_CAP_(b1)_forexcel_cycle_#1028.mat,CAP,1028,0,1.0,,,,read:KeyError
CC,04-CONSTANT CURRENT protocol_Cycles 1000 to 1908.zip,11-02-21_03.25_CC_protocol_halfC_0.5C_dchg_(b2)_IN21700_30T_cycle_#1029.mat,halfC,1029,6225,0.0,25.05,26.07,26.59,
CC,04-CONSTANT CURRENT protocol_Cycles 1000 to 1908.zip,11-02-21_03.25_CC_protocol_halfC_CAP_(b2)_forexcel_cycle_#1029.mat,CAP,1029,0,1.0,,,,read:KeyError
CC,04-CONSTANT CURRENT protocol_Cycles 1000 to 1908.zip,11-02-21_06.06_CC_protocol__Fifteen_Drive_Cycles_set_IN21700_30T_cycle_#1030_to_1044.mat,drive,1030,98034,0.0,21.39,26.74,26.88,
CC,04-CONSTANT CURRENT protocol_Cycles 1000 to 1908.zip,Cover20 is not performed this week_#28.mat,other,-1,0,1.0,,,,read:KeyError
CC,04-CONSTANT CURRENT protocol_Cycles 1000 to 1908.zip,11-03-21_16.11_CC_protocol_whole_Schedule_IN21700_30T_cycle_#1045_week#29.mat,schedule,1045,283526,0.0,23.37,26.64,26.75,
CC,04-CONSTANT CURRENT protocol_Cycles 1000 to 1908.zip,11-03-21_17.35_CC_protocol_OCV_0.05C_IN21700_30T_cycle_#1045.mat,OCV,1045,2240,0.0,24.19,25.83,25.92,
CC,04-CONSTANT CURRENT protocol_Cycles 1000 to 1908.zip,11-05-21_08.12_CC_protocol_halfC_0.5C_dchg_(a1)_IN21700_30T_cycle_#1046.mat,halfC,1046,6315,0.0,25.0,25.88,26.15,
CC,04-CONSTANT CURRENT protocol_Cycles 1000 to 1908.zip,11-05-21_08.12_CC_protocol_halfC_CAP_(a1)_forexcel_cycle_#1046.mat,CAP,1046,0,1.0,,,,read:KeyError
CC,04-CONSTANT CURRENT protocol_Cycles 1000 to 1908.zip,11-05-21_11.39_CC_protocol_halfC_0.5C_dchg_(a2)_IN21700_30T_cycle_#1047.mat,halfC,1047,6183,0.0,25.25,26.33,26.19,
CC,04-CONSTANT CURRENT protocol_Cycles 1000 to 1908.zip,11-05-21_11.39_CC_protocol_halfC_CAP_(a2)_forexcel_cycle_#1047.mat,CAP,1047,0,1.0,,,,read:KeyError
CC,04-CONSTANT CURRENT protocol_Cycles 1000 to 1908.zip,11-05-21_13.38_CC_protocol_ONE_C_charge_IN21700_30T_cycle_#1047.mat,other,1047,272,0.0,25.17,26.75,25.76,
CC,04-CONSTANT CURRENT protocol_Cycles 1000 to 1908.zip,11-05-21_15.04_CC_protocol_OneC_1C_dchg_IN21700_30T_cycle_#1048.mat,other,1048,3050,0.0,25.26,26.76,27.18,
CC,04-CONSTANT CURRENT protocol_Cycles 1000 to 1908.zip,11-05-21_17.40_CC_protocol_TwoC_2C_dchg_IN21700_30T_cycle_#1049.mat,other,1049,1505,0.0,24.44,28.03,28.79,
CC,04-CONSTANT CURRENT protocol_Cycles 1000 to 1908.zip,11-05-21_19.53_CC_protocol_HPPC_IN21700_30T_cycle_#1050.mat,HPPC,1050,34763,0.0,24.07,26.21,26.24,
CC,04-CONSTANT CURRENT protocol_Cycles 1000 to 1908.zip,11-07-21_02.51_CC_protocol__Fifteen_Drive_Cycles_set_IN21700_30T_cycle_#1051_to_1065.mat,drive,1051,97228,0.0,24.39,26.84,27.02,
CC,04-CONSTANT CURRENT protocol_Cycles 1000 to 1908.zip,11-09-21_01.18_CC_protocol_halfC_0.5C_dchg_(b1)_IN21700_30T_cycle_#1066.mat,halfC,1066,6181,0.0,24.99,26.04,26.47,
CC,04-CONSTANT CURRENT protocol_Cycles 1000 to 1908.zip,11-09-21_01.18_CC_protocol_halfC_CAP_(b1)_forexcel_cycle_#1066.mat,CAP,1066,0,1.0,,,,read:KeyError
CC,04-CONSTANT CURRENT protocol_Cycles 1000 to 1908.zip,11-09-21_04.39_CC_protocol_halfC_0.5C_dchg_(b2)_IN21700_30T_cycle_#1067.mat,halfC,1067,6177,0.0,24.36,25.8,26.13,
CC,04-CONSTANT CURRENT protocol_Cycles 1000 to 1908.zip,11-09-21_04.39_CC_protocol_halfC_CAP_(b2)_forexcel_cycle_#1067.mat,CAP,1067,0,1.0,,,,read:KeyError
CC,04-CONSTANT CURRENT protocol_Cycles 1000 to 1908.zip,11-09-21_07.18_CC_protocol__Fifteen_Drive_Cycles_set_IN21700_30T_cycle_#1068_to_1082.mat,drive,1068,97897,0.0,24.59,26.89,26.98,
CC,04-CONSTANT CURRENT protocol_Cycles 1000 to 1908.zip,11-10-21_15.24_CC_protocol_whole_Schedule_IN21700_30T_cycle_#1083_week#30.mat,schedule,1083,280088,0.0,20.88,26.67,26.73,
CC,04-CONSTANT CURRENT protocol_Cycles 1000 to 1908.zip,11-10-21_15.57_CC_protocol_halfC_0.5C_dchg_(a1)_IN21700_30T_cycle_#1083.mat,halfC,1083,6270,0.0,25.1,25.92,26.14,
CC,04-CONSTANT CURRENT protocol_Cycles 1000 to 1908.zip,11-10-21_15.57_CC_protocol_halfC_CAP_(a1)_forexcel_cycle_#1083.mat,CAP,1083,0,1.0,,,,read:KeyError
CC,04-CONSTANT CURRENT protocol_Cycles 1000 to 1908.zip,11-10-21_19.24_CC_protocol_halfC_0.5C_dchg_(a2)_IN21700_30T_cycle_#1084.mat,halfC,1084,6147,0.0,25.65,26.49,26.44,
CC,04-CONSTANT CURRENT protocol_Cycles 1000 to 1908.zip,11-10-21_19.24_CC_protocol_halfC_CAP_(a2)_forexcel_cycle_#1084.mat,CAP,1084,0,1.0,,,,read:KeyError
CC,04-CONSTANT CURRENT protocol_Cycles 1000 to 1908.zip,11-10-21_21.23_CC_protocol_ONE_C_charge_IN21700_30T_cycle_#1084.mat,other,1084,269,0.0,25.09,26.84,25.75,
CC,04-CONSTANT CURRENT protocol_Cycles 1000 to 1908.zip,11-10-21_22.50_CC_protocol_OneC_1C_dchg_IN21700_30T_cycle_#1085.mat,other,1085,3030,0.0,25.1,26.58,26.98,
CC,04-CONSTANT CURRENT protocol_Cycles 1000 to 1908.zip,11-11-21_01.26_CC_protocol_TwoC_2C_dchg_IN21700_30T_cycle_#1086.mat,other,1086,1498,0.0,25.99,29.07,29.5,
CC,04-CONSTANT CURRENT protocol_Cycles 1000 to 1908.zip,11-11-21_03.39_CC_protocol_HPPC_IN21700_30T_cycle_#1087.mat,HPPC,1087,34746,0.0,20.88,26.22,26.3,
CC,04-CONSTANT CURRENT protocol_Cycles 1000 to 1908.zip,11-12-21_10.37_CC_protocol__Fifteen_Drive_Cycles_set_IN21700_30T_cycle_#1088_to_1102.mat,drive,1088,97100,0.0,24.64,26.87,26.93,
CC,04-CONSTANT CURRENT protocol_Cycles 1000 to 1908.zip,11-14-21_23.51_CC_protocol_halfC_0.5C_dchg_(b1)_IN21700_30T_cycle_#1103.mat,halfC,1103,6127,0.0,25.02,25.9,26.13,
CC,04-CONSTANT CURRENT protocol_Cycles 1000 to 1908.zip,11-14-21_23.51_CC_protocol_halfC_CAP_(b1)_forexcel_cycle_#1103.mat,CAP,1103,0,1.0,,,,read:KeyError
CC,04-CONSTANT CURRENT protocol_Cycles 1000 to 1908.zip,11-15-21_03.12_CC_protocol_halfC_0.5C_dchg_(b2)_IN21700_30T_cycle_#1104.mat,halfC,1104,6129,0.0,25.01,26.26,25.86,
CC,04-CONSTANT CURRENT protocol_Cycles 1000 to 1908.zip,11-15-21_03.12_CC_protocol_halfC_CAP_(b2)_forexcel_cycle_#1104.mat,CAP,1104,0,1.0,,,,read:KeyError
CC,04-CONSTANT CURRENT protocol_Cycles 1000 to 1908.zip,11-15-21_05.49_CC_protocol__Fifteen_Drive_Cycles_set_IN21700_30T_cycle_#1105_to_1119.mat,drive,1105,96935,0.0,24.91,26.84,26.92,
CC,04-CONSTANT CURRENT protocol_Cycles 1000 to 1908.zip,Cover20 is not performed this week_#30.mat,other,-1,0,1.0,,,,read:KeyError
CC,04-CONSTANT CURRENT protocol_Cycles 1000 to 1908.zip,11-16-21_14.59_CC_protocol_whole_Schedule_IN21700_30T_cycle_#1120_week#31.mat,schedule,1120,282525,0.0,19.7,26.67,26.81,
CC,04-CONSTANT CURRENT protocol_Cycles 1000 to 1908.zip,11-16-21_17.53_CC_protocol_OCV_0.05C_IN21700_30T_cycle_#1120.mat,OCV,1120,2218,0.0,24.29,25.82,25.85,
CC,04-CONSTANT CURRENT protocol_Cycles 1000 to 1908.zip,11-18-21_08.12_CC_protocol_halfC_0.5C_dchg_(a1)_IN21700_30T_cycle_#1121.mat,halfC,1121,6252,0.0,25.03,26.12,26.52,
CC,04-CONSTANT CURRENT protocol_Cycles 1000 to 1908.zip,11-18-21_08.12_CC_protocol_halfC_CAP_(a1)_forexcel_cycle_#1121.mat,CAP,1121,0,1.0,,,,read:KeyError
CC,04-CONSTANT CURRENT protocol_Cycles 1000 to 1908.zip,11-18-21_11.40_CC_protocol_halfC_0.5C_dchg_(a2)_IN21700_30T_cycle_#1122.mat,halfC,1122,6102,0.0,25.02,25.88,26.08,
CC,04-CONSTANT CURRENT protocol_Cycles 1000 to 1908.zip,11-18-21_11.40_CC_protocol_halfC_CAP_(a2)_forexcel_cycle_#1122.mat,CAP,1122,0,1.0,,,,read:KeyError
CC,04-CONSTANT CURRENT protocol_Cycles 1000 to 1908.zip,11-18-21_13.38_CC_protocol_ONE_C_charge_IN21700_30T_cycle_#1122.mat,other,1122,266,0.0,20.37,26.77,25.72,
CC,04-CONSTANT CURRENT protocol_Cycles 1000 to 1908.zip,11-18-21_15.06_CC_protocol_OneC_1C_dchg_IN21700_30T_cycle_#1123.mat,other,1123,3015,0.0,21.89,27.31,27.61,
CC,04-CONSTANT CURRENT protocol_Cycles 1000 to 1908.zip,11-18-21_17.45_CC_protocol_TwoC_2C_dchg_IN21700_30T_cycle_#1124.mat,other,1124,1485,0.0,25.11,28.49,29.05,
CC,04-CONSTANT CURRENT protocol_Cycles 1000 to 1908.zip,11-18-21_19.58_CC_protocol_HPPC_IN21700_30T_cycle_#1125.mat,HPPC,1125,34672,0.0,19.7,26.13,26.2,
CC,04-CONSTANT CURRENT protocol_Cycles 1000 to 1908.zip,11-20-21_02.57_CC_protocol__Fifteen_Drive_Cycles_set_IN21700_30T_cycle_#1126_to_1140.mat,drive,1126,97035,0.0,24.7,26.89,27.05,
CC,04-CONSTANT CURRENT protocol_Cycles 1000 to 1908.zip,11-21-21_07.37_CC_protocol_halfC_0.5C_dchg_(b1)_IN21700_30T_cycle_#1141.mat,halfC,1141,6111,0.0,25.01,25.85,26.21,
CC,04-CONSTANT CURRENT protocol_Cycles 1000 to 1908.zip,11-21-21_07.37_CC_protocol_halfC_CAP_(b1)_forexcel_cycle_#1141.mat,CAP,1141,0,1.0,,,,read:KeyError
CC,04-CONSTANT CURRENT protocol_Cycles 1000 to 1908.zip,11-21-21_10.59_CC_protocol_halfC_0.5C_dchg_(b2)_IN21700_30T_cycle_#1142.mat,halfC,1142,6117,0.0,24.34,25.97,26.09,
CC,04-CONSTANT CURRENT protocol_Cycles 1000 to 1908.zip,11-21-21_10.59_CC_protocol_halfC_CAP_(b2)_forexcel_cycle_#1142.mat,CAP,1142,0,1.0,,,,read:KeyError
CC,04-CONSTANT CURRENT protocol_Cycles 1000 to 1908.zip,11-21-21_13.37_CC_protocol__Fifteen_Drive_Cycles_set_IN21700_30T_cycle_#1143_to_1157.mat,drive,1143,96924,0.0,24.8,26.9,27.01,
CC,04-CONSTANT CURRENT protocol_Cycles 1000 to 1908.zip,11-23-21_09.27_CC_protocol_whole_Schedule_IN21700_30T_cycle_#1158_week#32.mat,schedule,1158,279835,0.0,24.14,26.73,26.85,
CC,04-CONSTANT CURRENT protocol_Cycles 1000 to 1908.zip,11-23-21_10.01_CC_protocol_halfC_0.5C_dchg_(a1)_IN21700_30T_cycle_#1158.mat,halfC,1158,6218,0.0,25.25,26.17,26.23,
CC,04-CONSTANT CURRENT protocol_Cycles 1000 to 1908.zip,11-23-21_10.01_CC_protocol_halfC_CAP_(a1)_forexcel_cycle_#1158.mat,CAP,1158,0,1.0,,,,read:KeyError
CC,04-CONSTANT CURRENT protocol_Cycles 1000 to 1908.zip,11-23-21_13.29_CC_protocol_halfC_0.5C_dchg_(a2)_IN21700_30T_cycle_#1159.mat,halfC,1159,6069,0.0,25.41,26.5,26.96,
CC,04-CONSTANT CURRENT protocol_Cycles 1000 to 1908.zip,11-23-21_13.29_CC_protocol_halfC_CAP_(a2)_forexcel_cycle_#1159.mat,CAP,1159,0,1.0,,,,read:KeyError
CC,04-CONSTANT CURRENT protocol_Cycles 1000 to 1908.zip,11-23-21_15.32_CC_protocol_ONE_C_charge_IN21700_30T_cycle_#1159.mat,other,1159,263,0.0,25.64,26.93,26.16,
CC,04-CONSTANT CURRENT protocol_Cycles 1000 to 1908.zip,11-23-21_17.00_CC_protocol_OneC_1C_dchg_IN21700_30T_cycle_#1160.mat,other,1160,2986,0.0,25.01,26.55,26.91,
CC,04-CONSTANT CURRENT protocol_Cycles 1000 to 1908.zip,11-23-21_19.36_CC_protocol_TwoC_2C_dchg_IN21700_30T_cycle_#1161.mat,other,1161,1479,0.0,25.6,29.3,29.87,
CC,04-CONSTANT CURRENT protocol_Cycles 1000 to 1908.zip,11-23-21_21.54_CC_protocol_HPPC_IN21700_30T_cycle_#1162.mat,HPPC,1162,34712,0.0,24.86,26.2,26.29,
CC,04-CONSTANT CURRENT protocol_Cycles 1000 to 1908.zip,11-25-21_04.51_CC_protocol__Fifteen_Drive_Cycles_set_IN21700_30T_cycle_#1163_to_1177.mat,drive,1163,97192,0.0,24.85,26.98,27.05,
CC,04-CONSTANT CURRENT protocol_Cycles 1000 to 1908.zip,11-26-21_09.32_CC_protocol_halfC_0.5C_dchg_(b1)_IN21700_30T_cycle_#1178.mat,halfC,1178,6077,0.0,25.58,26.65,27.03,
CC,04-CONSTANT CURRENT protocol_Cycles 1000 to 1908.zip,11-26-21_09.32_CC_protocol_halfC_CAP_(b1)_forexcel_cycle_#1178.mat,CAP,1178,0,1.0,,,,read:KeyError
CC,04-CONSTANT CURRENT protocol_Cycles 1000 to 1908.zip,11-26-21_12.55_CC_protocol_halfC_0.5C_dchg_(b2)_IN21700_30T_cycle_#1179.mat,halfC,1179,6077,0.0,25.0,26.05,26.49,
CC,04-CONSTANT CURRENT protocol_Cycles 1000 to 1908.zip,11-26-21_12.55_CC_protocol_halfC_CAP_(b2)_forexcel_cycle_#1179.mat,CAP,1179,0,1.0,,,,read:KeyError
CC,04-CONSTANT CURRENT protocol_Cycles 1000 to 1908.zip,11-26-21_15.35_CC_protocol__Fifteen_Drive_Cycles_set_IN21700_30T_cycle_#1180_to_1194.mat,drive,1180,96398,0.0,24.14,26.95,27.01,
CC,04-CONSTANT CURRENT protocol_Cycles 1000 to 1908.zip,Cover20 is not performed this week_#32.mat,other,-1,0,1.0,,,,read:KeyError
CC,04-CONSTANT CURRENT protocol_Cycles 1000 to 1908.zip,11-27-21_22.39_CC_protocol_whole_Schedule_IN21700_30T_cycle_#1195_week#33.mat,schedule,1195,281262,0.0,24.21,26.75,26.91,
CC,04-CONSTANT CURRENT protocol_Cycles 1000 to 1908.zip,11-28-21_00.04_CC_protocol_OCV_0.05C_IN21700_30T_cycle_#1195.mat,OCV,1195,2197,0.0,24.38,25.79,25.68,
CC,04-CONSTANT CURRENT protocol_Cycles 1000 to 1908.zip,11-29-21_13.50_CC_protocol_halfC_0.5C_dchg_(a1)_IN21700_30T_cycle_#1196.mat,halfC,1196,6156,0.0,25.39,26.6,26.95,
CC,04-CONSTANT CURRENT protocol_Cycles 1000 to 1908.zip,11-29-21_13.50_CC_protocol_halfC_CAP_(a1)_forexcel_cycle_#1196.mat,CAP,1196,0,1.0,,,,read:KeyError
CC,04-CONSTANT CURRENT protocol_Cycles 1000 to 1908.zip,11-29-21_17.19_CC_protocol_halfC_0.5C_dchg_(a2)_IN21700_30T_cycle_#1197.mat,halfC,1197,6030,0.0,24.85,25.94,26.32,
CC,04-CONSTANT CURRENT protocol_Cycles 1000 to 1908.zip,11-29-21_17.19_CC_protocol_halfC_CAP_(a2)_forexcel_cycle_#1197.mat,CAP,1197,0,1.0,,,,read:KeyError
CC,04-CONSTANT CURRENT protocol_Cycles 1000 to 1908.zip,11-29-21_19.17_CC_protocol_ONE_C_charge_IN21700_30T_cycle_#1197.mat,other,1197,260,0.0,25.47,27.45,26.18,
CC,04-CONSTANT CURRENT protocol_Cycles 1000 to 1908.zip,11-29-21_20.46_CC_protocol_OneC_1C_dchg_IN21700_30T_cycle_#1198.mat,other,1198,2975,0.0,25.92,26.96,27.11,
CC,04-CONSTANT CURRENT protocol_Cycles 1000 to 1908.zip,11-29-21_23.23_CC_protocol_TwoC_2C_dchg_IN21700_30T_cycle_#1199.mat,other,1199,1468,0.0,25.19,28.85,29.51,
CC,04-CONSTANT CURRENT protocol_Cycles 1000 to 1908.zip,11-30-21_01.40_CC_protocol_HPPC_IN21700_30T_cycle_#1200.mat,HPPC,1200,34639,0.0,24.21,26.15,26.11,
CC,04-CONSTANT CURRENT protocol_Cycles 1000 to 1908.zip,12-01-21_08.40_CC_protocol__Fifteen_Drive_Cycles_set_IN21700_30T_cycle_#1201_to_1215.mat,drive,1201,96351,0.0,24.54,26.97,27.13,
CC,04-CONSTANT CURRENT protocol_Cycles 1000 to 1908.zip,12-02-21_13.12_CC_protocol_halfC_0.5C_dchg_(b1)_IN21700_30T_cycle_#1216.mat,halfC,1216,6034,0.0,25.08,25.93,26.29,
CC,04-CONSTANT CURRENT protocol_Cycles 1000 to 1908.zip,12-02-21_13.12_CC_protocol_halfC_CAP_(b1)_forexcel_cycle_#1216.mat,CAP,1216,0,1.0,,,,read:KeyError
CC,04-CONSTANT CURRENT protocol_Cycles 1000 to 1908.zip,12-02-21_16.35_CC_protocol_halfC_0.5C_dchg_(b2)_IN21700_30T_cycle_#1217.mat,halfC,1217,6042,0.0,25.5,26.49,26.35,
CC,04-CONSTANT CURRENT protocol_Cycles 1000 to 1908.zip,12-02-21_16.35_CC_protocol_halfC_CAP_(b2)_forexcel_cycle_#1217.mat,CAP,1217,0,1.0,,,,read:KeyError
CC,04-CONSTANT CURRENT protocol_Cycles 1000 to 1908.zip,12-02-21_19.11_CC_protocol__Fifteen_Drive_Cycles_set_IN21700_30T_cycle_#1218_to_1232.mat,drive,1218,96240,0.0,24.44,27.02,27.23,
CC,04-CONSTANT CURRENT protocol_Cycles 1000 to 1908.zip,12-04-21_09.10_CC_protocol_whole_Schedule_IN21700_30T_cycle_#1233_week#34.mat,schedule,1233,276709,0.0,20.59,26.75,26.91,
CC,04-CONSTANT CURRENT protocol_Cycles 1000 to 1908.zip,12-04-21_09.45_CC_protocol_halfC_0.5C_dchg_(a1)_IN21700_30T_cycle_#1233.mat,halfC,1233,6151,0.0,24.98,26.14,26.54,
CC,04-CONSTANT CURRENT protocol_Cycles 1000 to 1908.zip,12-04-21_09.45_CC_protocol_halfC_CAP_(a1)_forexcel_cycle_#1233.mat,CAP,1233,0,1.0,,,,read:KeyError
CC,04-CONSTANT CURRENT protocol_Cycles 1000 to 1908.zip,12-04-21_13.15_CC_protocol_halfC_0.5C_dchg_(a2)_IN21700_30T_cycle_#1234.mat,halfC,1234,5980,0.0,24.45,25.82,26.16,
CC,04-CONSTANT CURRENT protocol_Cycles 1000 to 1908.zip,12-04-21_13.15_CC_protocol_halfC_CAP_(a2)_forexcel_cycle_#1234.mat,CAP,1234,0,1.0,,,,read:KeyError
CC,04-CONSTANT CURRENT protocol_Cycles 1000 to 1908.zip,12-04-21_15.12_CC_protocol_ONE_C_charge_IN21700_30T_cycle_#1234.mat,other,1234,256,0.0,25.2,27.07,25.44,
CC,04-CONSTANT CURRENT protocol_Cycles 1000 to 1908.zip,12-04-21_16.42_CC_protocol_OneC_1C_dchg_IN21700_30T_cycle_#1235.mat,other,1235,2957,0.0,25.48,27.28,27.72,
CC,04-CONSTANT CURRENT protocol_Cycles 1000 to 1908.zip,12-04-21_19.24_CC_protocol_TwoC_2C_dchg_IN21700_30T_cycle_#1236.mat,other,1236,1455,0.0,25.27,28.89,29.44,
CC,04-CONSTANT CURRENT protocol_Cycles 1000 to 1908.zip,12-04-21_21.40_CC_protocol_HPPC_IN21700_30T_cycle_#1237.mat,HPPC,1237,34621,0.0,24.25,26.21,26.24,
CC,04-CONSTANT CURRENT protocol_Cycles 1000 to 1908.zip,12-06-21_04.39_CC_protocol__Fifteen_Drive_Cycles_set_IN21700_30T_cycle_#1238_to_1252.mat,drive,1238,95431,0.0,24.57,27.03,27.2,
CC,04-CONSTANT CURRENT protocol_Cycles 1000 to 1908.zip,12-07-21_08.51_CC_protocol_halfC_0.5C_dchg_(b1)_IN21700_30T_cycle_#1253.mat,halfC,1253,6001,0.0,25.09,26.14,26.62,
CC,04-CONSTANT CURRENT protocol_Cycles 1000 to 1908.zip,12-07-21_08.51_CC_protocol_halfC_CAP_(b1)_forexcel_cycle_#1253.mat,CAP,1253,0,1.0,,,,read:KeyError
CC,04-CONSTANT CURRENT protocol_Cycles 1000 to 1908.zip,12-07-21_12.15_CC_protocol_halfC_0.5C_dchg_(b2)_IN21700_30T_cycle_#1254.mat,halfC,1254,5995,0.0,25.01,25.94,26.21,
CC,04-CONSTANT CURRENT protocol_Cycles 1000 to 1908.zip,12-07-21_12.15_CC_protocol_halfC_CAP_(b2)_forexcel_cycle_#1254.mat,CAP,1254,0,1.0,,,,read:KeyError
CC,04-CONSTANT CURRENT protocol_Cycles 1000 to 1908.zip,12-07-21_14.51_CC_protocol__Fifteen_Drive_Cycles_set_IN21700_30T_cycle_#1255_to_1269.mat,drive,1255,95349,0.0,21.16,27.05,27.21,
CC,04-CONSTANT CURRENT protocol_Cycles 1000 to 1908.zip,Cover20 is not performed this week_#34.mat,other,-1,0,1.0,,,,read:KeyError
CC,04-CONSTANT CURRENT protocol_Cycles 1000 to 1908.zip,12-10-21_10.20_CC_protocol_whole_Schedule_IN21700_30T_cycle_#1270_week#35.mat,schedule,1270,277176,0.0,21.94,26.69,26.88,
CC,04-CONSTANT CURRENT protocol_Cycles 1000 to 1908.zip,12-10-21_10.59_CC_protocol_OCV_0.05C_IN21700_30T_cycle_#1270.mat,OCV,1270,2181,0.0,21.94,25.75,25.81,
CC,04-CONSTANT CURRENT protocol_Cycles 1000 to 1908.zip,12-12-21_08.49_CC_protocol_halfC_0.5C_dchg_(a1)_IN21700_30T_cycle_#1271.mat,halfC,1271,6144,0.0,25.14,26.4,26.88,
CC,04-CONSTANT CURRENT protocol_Cycles 1000 to 1908.zip,12-12-21_08.49_CC_protocol_halfC_CAP_(a1)_forexcel_cycle_#1271.mat,CAP,1271,0,1.0,,,,read:KeyError
CC,04-CONSTANT CURRENT protocol_Cycles 1000 to 1908.zip,12-12-21_12.22_CC_protocol_halfC_0.5C_dchg_(a2)_IN21700_30T_cycle_#1272.mat,halfC,1272,5951,0.0,25.01,25.85,26.2,
CC,04-CONSTANT CURRENT protocol_Cycles 1000 to 1908.zip,12-12-21_12.22_CC_protocol_halfC_CAP_(a2)_forexcel_cycle_#1272.mat,CAP,1272,0,1.0,,,,read:KeyError
CC,04-CONSTANT CURRENT protocol_Cycles 1000 to 1908.zip,12-12-21_14.19_CC_protocol_ONE_C_charge_IN21700_30T_cycle_#1272.mat,other,1272,253,0.0,25.36,27.37,25.8,
CC,04-CONSTANT CURRENT protocol_Cycles 1000 to 1908.zip,12-12-21_15.50_CC_protocol_OneC_1C_dchg_IN21700_30T_cycle_#1273.mat,other,1273,2933,0.0,25.86,27.46,27.67,
CC,04-CONSTANT CURRENT protocol_Cycles 1000 to 1908.zip,12-12-21_18.29_CC_protocol_TwoC_2C_dchg_IN21700_30T_cycle_#1274.mat,other,1274,1446,0.0,24.95,28.93,29.57,
CC,04-CONSTANT CURRENT protocol_Cycles 1000 to 1908.zip,12-12-21_20.45_CC_protocol_HPPC_IN21700_30T_cycle_#1275.mat,HPPC,1275,34541,0.0,24.77,26.15,26.09,
CC,04-CONSTANT CURRENT protocol_Cycles 1000 to 1908.zip,12-14-21_03.52_CC_protocol__Fifteen_Drive_Cycles_set_IN21700_30T_cycle_#1276_to_1290.mat,drive,1276,94034,0.0,24.61,26.95,27.15,
CC,04-CONSTANT CURRENT protocol_Cycles 1000 to 1908.zip,12-15-21_07.46_CC_protocol_halfC_0.5C_dchg_(b1)_IN21700_30T_cycle_#1291.mat,halfC,1291,5963,0.0,25.33,26.36,26.29,
CC,04-CONSTANT CURRENT protocol_Cycles 1000 to 1908.zip,12-15-21_07.46_CC_protocol_halfC_CAP_(b1)_forexcel_cycle_#1291.mat,CAP,1291,0,1.0,,,,read:KeyError
CC,04-CONSTANT CURRENT protocol_Cycles 1000 to 1908.zip,12-15-21_11.09_CC_protocol_halfC_0.5C_dchg_(b2)_IN21700_30T_cycle_#1292.mat,halfC,1292,5963,0.0,25.02,26.17,26.66,
CC,04-CONSTANT CURRENT protocol_Cycles 1000 to 1908.zip,12-15-21_11.09_CC_protocol_halfC_CAP_(b2)_forexcel_cycle_#1292.mat,CAP,1292,0,1.0,,,,read:KeyError
CC,04-CONSTANT CURRENT protocol_Cycles 1000 to 1908.zip,12-15-21_13.47_CC_protocol__Fifteen_Drive_Cycles_set_IN21700_30T_cycle_#1293_to_1307.mat,drive,1293,94349,0.0,24.6,26.97,27.13,
CC,04-CONSTANT CURRENT protocol_Cycles 1000 to 1908.zip,12-17-21_10.18_CC_protocol_whole_Schedule_IN21700_30T_cycle_#1308_week#36.mat,schedule,1308,271249,0.0,24.42,26.53,26.73,
CC,04-CONSTANT CURRENT protocol_Cycles 1000 to 1908.zip,12-17-21_12.02_CC_protocol_halfC_0.5C_dchg_(a1)_IN21700_30T_cycle_#1308.mat,halfC,1308,6074,0.0,25.0,25.85,25.98,
CC,04-CONSTANT CURRENT protocol_Cycles 1000 to 1908.zip,12-17-21_12.02_CC_protocol_halfC_CAP_(a1)_forexcel_cycle_#1308.mat,CAP,1308,0,1.0,,,,read:KeyError
CC,04-CONSTANT CURRENT protocol_Cycles 1000 to 1908.zip,12-17-21_15.32_CC_protocol_halfC_0.5C_dchg_(a2)_IN21700_30T_cycle_#1309.mat,halfC,1309,5898,0.0,25.34,26.25,26.12,
CC,04-CONSTANT CURRENT protocol_Cycles 1000 to 1908.zip,12-17-21_15.32_CC_protocol_halfC_CAP_(a2)_forexcel_cycle_#1309.mat,CAP,1309,0,1.0,,,,read:KeyError
CC,04-CONSTANT CURRENT protocol_Cycles 1000 to 1908.zip,12-17-21_17.27_CC_protocol_ONE_C_charge_IN21700_30T_cycle_#1309.mat,other,1309,248,0.0,24.92,26.78,25.35,
CC,04-CONSTANT CURRENT protocol_Cycles 1000 to 1908.zip,12-17-21_18.59_CC_protocol_OneC_1C_dchg_IN21700_30T_cycle_#1310.mat,other,1310,2904,0.0,25.15,26.63,27.05,
CC,04-CONSTANT CURRENT protocol_Cycles 1000 to 1908.zip,12-17-21_21.38_CC_protocol_TwoC_2C_dchg_IN21700_30T_cycle_#1311.mat,other,1311,1434,0.0,25.33,28.97,29.42,
CC,04-CONSTANT CURRENT protocol_Cycles 1000 to 1908.zip,12-18-21_10.45_CC_protocol_HPPC_IN21700_30T_cycle_#1312.mat,HPPC,1312,34517,0.0,24.42,25.88,25.86,
CC,04-CONSTANT CURRENT protocol_Cycles 1000 to 1908.zip,12-19-21_19.26_CC_protocol__Fifteen_Drive_Cycles_set_IN21700_30T_cycle_#1313_to_1327.mat,drive,1313,92670,0.0,24.45,26.83,27.09,
CC,04-CONSTANT CURRENT protocol_Cycles 1000 to 1908.zip,12-22-21_02.52_CC_protocol_halfC_0.5C_dchg_(b1)_IN21700_30T_cycle_#1328.mat,halfC,1328,5910,0.0,25.0,26.21,26.69,
CC,04-CONSTANT CURRENT protocol_Cycles 1000 to 1908.zip,12-22-21_02.52_CC_protocol_halfC_CAP_(b1)_forexcel_cycle_#1328.mat,CAP,1328,0,1.0,,,,read:KeyError
CC,04-CONSTANT CURRENT protocol_Cycles 1000 to 1908.zip,12-22-21_06.17_CC_protocol_halfC_0.5C_dchg_(b2)_IN21700_30T_cycle_#1329.mat,halfC,1329,5897,0.0,24.83,25.71,26.06,
CC,04-CONSTANT CURRENT protocol_Cycles 1000 to 1908.zip,12-22-21_06.17_CC_protocol_halfC_CAP_(b2)_forexcel_cycle_#1329.mat,CAP,1329,0,1.0,,,,read:KeyError
CC,04-CONSTANT CURRENT protocol_Cycles 1000 to 1908.zip,12-22-21_08.51_CC_protocol__Fifteen_Drive_Cycles_set_IN21700_30T_cycle_#1330_to_1344.mat,drive,1330,92424,0.0,24.56,26.9,27.1,
CC,04-CONSTANT CURRENT protocol_Cycles 1000 to 1908.zip,Cover20 is not performed this week_#36.mat,other,-1,0,1.0,,,,read:KeyError
CC,04-CONSTANT CURRENT protocol_Cycles 1000 to 1908.zip,12-24-21_10.06_CC_protocol_whole_Schedule_IN21700_30T_cycle_#1345_week#37.mat,schedule,1345,272612,0.0,24.07,26.58,26.82,
CC,04-CONSTANT CURRENT protocol_Cycles 1000 to 1908.zip,12-24-21_10.46_CC_protocol_OCV_0.05C_IN21700_30T_cycle_#1345.mat,OCV,1345,2150,0.0,24.14,25.55,25.62,
CC,04-CONSTANT CURRENT protocol_Cycles 1000 to 1908.zip,12-26-21_00.30_CC_protocol_halfC_0.5C_dchg_(a1)_IN21700_30T_cycle_#1346.mat,halfC,1346,6035,0.0,25.11,25.93,26.11,
CC,04-CONSTANT CURRENT protocol_Cycles 1000 to 1908.zip,12-26-21_00.30_CC_protocol_halfC_CAP_(a1)_forexcel_cycle_#1346.mat,CAP,1346,0,1.0,,,,read:KeyError
CC,04-CONSTANT CURRENT protocol_Cycles 1000 to 1908.zip,12-26-21_04.01_CC_protocol_halfC_0.5C_dchg_(a2)_IN21700_30T_cycle_#1347.mat,halfC,1347,5854,0.0,25.16,26.44,26.76,
CC,04-CONSTANT CURRENT protocol_Cycles 1000 to 1908.zip,12-26-21_04.01_CC_protocol_halfC_CAP_(a2)_forexcel_cycle_#1347.mat,CAP,1347,0,1.0,,,,read:KeyError
CC,04-CONSTANT CURRENT protocol_Cycles 1000 to 1908.zip,12-26-21_05.55_CC_protocol_ONE_C_charge_IN21700_30T_cycle_#1347.mat,other,1347,244,0.0,24.42,26.83,25.02,
CC,04-CONSTANT CURRENT protocol_Cycles 1000 to 1908.zip,12-26-21_07.28_CC_protocol_OneC_1C_dchg_IN21700_30T_cycle_#1348.mat,other,1348,2877,0.0,24.65,26.57,27.0,
CC,04-CONSTANT CURRENT protocol_Cycles 1000 to 1908.zip,12-26-21_10.08_CC_protocol_TwoC_2C_dchg_IN21700_30T_cycle_#1349.mat,other,1349,1429,0.0,25.85,29.94,30.61,
CC,04-CONSTANT CURRENT protocol_Cycles 1000 to 1908.zip,12-26-21_12.30_CC_protocol_HPPC_IN21700_30T_cycle_#1350.mat,HPPC,1350,34496,0.0,24.07,25.93,25.9,
CC,04-CONSTANT CURRENT protocol_Cycles 1000 to 1908.zip,12-27-21_19.23_CC_protocol__Fifteen_Drive_Cycles_set_IN21700_30T_cycle_#1351_to_1365.mat,drive,1351,92252,0.0,24.29,26.92,27.19,
CC,04-CONSTANT CURRENT protocol_Cycles 1000 to 1908.zip,12-28-21_22.49_CC_protocol_halfC_0.5C_dchg_(b1)_IN21700_30T_cycle_#1366.mat,halfC,1366,5866,0.0,24.71,25.74,26.17,
CC,04-CONSTANT CURRENT protocol_Cycles 1000 to 1908.zip,12-28-21_22.49_CC_protocol_halfC_CAP_(b1)_forexcel_cycle_#1366.mat,CAP,1366,0,1.0,,,,read:KeyError
CC,04-CONSTANT CURRENT protocol_Cycles 1000 to 1908.zip,12-29-21_02.13_CC_protocol_halfC_0.5C_dchg_(b2)_IN21700_30T_cycle_#1367.mat,halfC,1367,5874,0.0,25.06,26.02,26.14,
CC,04-CONSTANT CURRENT protocol_Cycles 1000 to 1908.zip,12-29-21_02.13_CC_protocol_halfC_CAP_(b2)_forexcel_cycle_#1367.mat,CAP,1367,0,1.0,,,,read:KeyError
CC,04-CONSTANT CURRENT protocol_Cycles 1000 to 1908.zip,12-29-21_04.46_CC_protocol__Fifteen_Drive_Cycles_set_IN21700_30T_cycle_#1368_to_1382.mat,drive,1368,103965,0.0,24.89,26.59,26.62,
CC,04-CONSTANT CURRENT protocol_Cycles 1000 to 1908.zip,01-05-22_07.02_CC_protocol_whole_Schedule_IN21700_30T_cycle_#1383_week#38.mat,schedule,1383,267321,1.0,0.0,1.25,,
CC,04-CONSTANT CURRENT protocol_Cycles 1000 to 1908.zip,01-05-22_07.40_CC_protocol_halfC_0.5C_dchg_(a1)_IN21700_30T_cycle_#1383.mat,halfC,1383,5958,1.0,,,,
CC,04-CONSTANT CURRENT protocol_Cycles 1000 to 1908.zip,01-05-22_07.40_CC_protocol_halfC_CAP_(a1)_forexcel_cycle_#1383.mat,CAP,1383,0,1.0,,,,read:KeyError
CC,04-CONSTANT CURRENT protocol_Cycles 1000 to 1908.zip,01-05-22_11.09_CC_protocol_halfC_0.5C_dchg_(a2)_IN21700_30T_cycle_#1384.mat,halfC,1384,5755,1.0,,,,
CC,04-CONSTANT CURRENT protocol_Cycles 1000 to 1908.zip,01-05-22_11.09_CC_protocol_halfC_CAP_(a2)_forexcel_cycle_#1384.mat,CAP,1384,0,1.0,,,,read:KeyError
CC,04-CONSTANT CURRENT protocol_Cycles 1000 to 1908.zip,01-05-22_13.02_CC_protocol_ONE_C_charge_IN21700_30T_cycle_#1384.mat,other,1384,238,1.0,,,,
CC,04-CONSTANT CURRENT protocol_Cycles 1000 to 1908.zip,01-05-22_14.36_CC_protocol_OneC_1C_dchg_IN21700_30T_cycle_#1385.mat,other,1385,2843,1.0,,,,
CC,04-CONSTANT CURRENT protocol_Cycles 1000 to 1908.zip,01-05-22_17.19_CC_protocol_TwoC_2C_dchg_IN21700_30T_cycle_#1386.mat,other,1386,1401,1.0,,,,
CC,04-CONSTANT CURRENT protocol_Cycles 1000 to 1908.zip,01-05-22_19.38_CC_protocol_HPPC_IN21700_30T_cycle_#1387.mat,HPPC,1387,34514,1.0,,,,
CC,04-CONSTANT CURRENT protocol_Cycles 1000 to 1908.zip,01-07-22_02.34_CC_protocol__Fifteen_Drive_Cycles_set_IN21700_30T_cycle_#1388_to_1402.mat,drive,1388,90586,1.0,,,,
CC,04-CONSTANT CURRENT protocol_Cycles 1000 to 1908.zip,01-08-22_05.32_CC_protocol_halfC_0.5C_dchg_(b1)_IN21700_30T_cycle_#1403.mat,halfC,1403,5804,1.0,,,,
CC,04-CONSTANT CURRENT protocol_Cycles 1000 to 1908.zip,01-08-22_05.32_CC_protocol_halfC_CAP_(b1)_forexcel_cycle_#1403.mat,CAP,1403,0,1.0,,,,read:KeyError
CC,04-CONSTANT CURRENT protocol_Cycles 1000 to 1908.zip,01-08-22_08.55_CC_protocol_halfC_0.5C_dchg_(b2)_IN21700_30T_cycle_#1404.mat,halfC,1404,5793,1.0,,,,
CC,04-CONSTANT CURRENT protocol_Cycles 1000 to 1908.zip,01-08-22_08.55_CC_protocol_halfC_CAP_(b2)_forexcel_cycle_#1404.mat,CAP,1404,0,1.0,,,,read:KeyError
CC,04-CONSTANT CURRENT protocol_Cycles 1000 to 1908.zip,01-08-22_11.25_CC_protocol__Fifteen_Drive_Cycles_set_IN21700_30T_cycle_#1405_to_1419.mat,drive,1405,91035,1.0,,,,
CC,04-CONSTANT CURRENT protocol_Cycles 1000 to 1908.zip,Cover20 is not performed this week_#38.mat,other,-1,0,1.0,,,,read:KeyError
CC,04-CONSTANT CURRENT protocol_Cycles 1000 to 1908.zip,01-11-22_07.18_CC_protocol_whole_Schedule_IN21700_30T_cycle_#1420_week#39.mat,schedule,1420,271032,0.0,22.38,26.74,27.03,
CC,04-CONSTANT CURRENT protocol_Cycles 1000 to 1908.zip,01-11-22_08.00_CC_protocol_OCV_0.05C_IN21700_30T_cycle_#1420.mat,OCV,1420,2113,0.0,23.7,25.4,25.46,
CC,04-CONSTANT CURRENT protocol_Cycles 1000 to 1908.zip,01-12-22_20.38_CC_protocol_halfC_0.5C_dchg_(a1)_IN21700_30T_cycle_#1421.mat,halfC,1421,5943,0.0,22.38,26.31,26.83,
CC,04-CONSTANT CURRENT protocol_Cycles 1000 to 1908.zip,01-12-22_20.38_CC_protocol_halfC_CAP_(a1)_forexcel_cycle_#1421.mat,CAP,1421,0,1.0,,,,read:KeyError
CC,04-CONSTANT CURRENT protocol_Cycles 1000 to 1908.zip,01-13-22_00.13_CC_protocol_halfC_0.5C_dchg_(a2)_IN21700_30T_cycle_#1422.mat,halfC,1422,5756,0.0,24.63,25.88,26.3,
CC,04-CONSTANT CURRENT protocol_Cycles 1000 to 1908.zip,01-13-22_00.13_CC_protocol_halfC_CAP_(a2)_forexcel_cycle_#1422.mat,CAP,1422,0,1.0,,,,read:KeyError
CC,04-CONSTANT CURRENT protocol_Cycles 1000 to 1908.zip,01-13-22_02.07_CC_protocol_ONE_C_charge_IN21700_30T_cycle_#1422.mat,other,1422,237,0.0,25.44,27.52,25.88,
CC,04-CONSTANT CURRENT protocol_Cycles 1000 to 1908.zip,01-13-22_03.41_CC_protocol_OneC_1C_dchg_IN21700_30T_cycle_#1423.mat,other,1423,2828,0.0,25.08,26.91,27.26,
CC,04-CONSTANT CURRENT protocol_Cycles 1000 to 1908.zip,01-13-22_06.24_CC_protocol_TwoC_2C_dchg_IN21700_30T_cycle_#1424.mat,other,1424,1401,0.0,25.09,29.62,30.27,
CC,04-CONSTANT CURRENT protocol_Cycles 1000 to 1908.zip,01-13-22_08.46_CC_protocol_HPPC_IN21700_30T_cycle_#1425.mat,HPPC,1425,34384,0.0,23.93,25.95,25.93,
CC,04-CONSTANT CURRENT protocol_Cycles 1000 to 1908.zip,01-14-22_15.37_CC_protocol__Fifteen_Drive_Cycles_set_IN21700_30T_cycle_#1426_to_1440.mat,drive,1426,91079,0.0,24.47,27.12,27.39,
CC,04-CONSTANT CURRENT protocol_Cycles 1000 to 1908.zip,01-15-22_18.46_CC_protocol_halfC_0.5C_dchg_(b1)_IN21700_30T_cycle_#1441.mat,halfC,1441,5760,0.0,25.14,26.14,26.41,
CC,04-CONSTANT CURRENT protocol_Cycles 1000 to 1908.zip,01-15-22_18.46_CC_protocol_halfC_CAP_(b1)_forexcel_cycle_#1441.mat,CAP,1441,0,1.0,,,,read:KeyError
CC,04-CONSTANT CURRENT protocol_Cycles 1000 to 1908.zip,01-15-22_22.12_CC_protocol_halfC_0.5C_dchg_(b2)_IN21700_30T_cycle_#1442.mat,halfC,1442,5776,0.0,25.24,26.51,26.99,
CC,04-CONSTANT CURRENT protocol_Cycles 1000 to 1908.zip,01-15-22_22.12_CC_protocol_halfC_CAP_(b2)_forexcel_cycle_#1442.mat,CAP,1442,0,1.0,,,,read:KeyError
CC,04-CONSTANT CURRENT protocol_Cycles 1000 to 1908.zip,01-16-22_00.42_CC_protocol__Fifteen_Drive_Cycles_set_IN21700_30T_cycle_#1443_to_1457.mat,drive,1443,91834,0.0,24.85,27.18,27.48,
CC,04-CONSTANT CURRENT protocol_Cycles 1000 to 1908.zip,01-17-22_17.57_CC_protocol_whole_Schedule_IN21700_30T_cycle_#1458_week#40.mat,schedule,1458,266670,0.0,23.89,26.82,27.11,
CC,04-CONSTANT CURRENT protocol_Cycles 1000 to 1908.zip,01-17-22_19.18_CC_protocol_halfC_0.5C_dchg_(a1)_IN21700_30T_cycle_#1458.mat,halfC,1458,5900,0.0,25.44,26.68,26.86,
CC,04-CONSTANT CURRENT protocol_Cycles 1000 to 1908.zip,01-17-22_19.18_CC_protocol_halfC_CAP_(a1)_forexcel_cycle_#1458.mat,CAP,1458,0,1.0,,,,read:KeyError
CC,04-CONSTANT CURRENT protocol_Cycles 1000 to 1908.zip,01-17-22_22.52_CC_protocol_halfC_0.5C_dchg_(a2)_IN21700_30T_cycle_#1459.mat,halfC,1459,5717,0.0,24.93,26.19,26.7,
CC,04-CONSTANT CURRENT protocol_Cycles 1000 to 1908.zip,01-17-22_22.52_CC_protocol_halfC_CAP_(a2)_forexcel_cycle_#1459.mat,CAP,1459,0,1.0,,,,read:KeyError
CC,04-CONSTANT CURRENT protocol_Cycles 1000 to 1908.zip,01-18-22_00.46_CC_protocol_ONE_C_charge_IN21700_30T_cycle_#1459.mat,other,1459,231,0.0,26.07,27.5,26.51,
CC,04-CONSTANT CURRENT protocol_Cycles 1000 to 1908.zip,01-18-22_02.25_CC_protocol_OneC_1C_dchg_IN21700_30T_cycle_#1460.mat,other,1460,2803,0.0,24.97,26.89,27.25,
CC,04-CONSTANT CURRENT protocol_Cycles 1000 to 1908.zip,01-18-22_05.09_CC_protocol_TwoC_2C_dchg_IN21700_30T_cycle_#1461.mat,other,1461,1396,0.0,25.47,30.04,30.69,
CC,04-CONSTANT CURRENT protocol_Cycles 1000 to 1908.zip,01-18-22_07.34_CC_protocol_HPPC_IN21700_30T_cycle_#1462.mat,HPPC,1462,34281,0.0,23.89,25.97,25.96,
CC,04-CONSTANT CURRENT protocol_Cycles 1000 to 1908.zip,01-19-22_14.23_CC_protocol__Fifteen_Drive_Cycles_set_IN21700_30T_cycle_#1463_to_1477.mat,drive,1463,89280,0.0,24.34,27.04,27.37,
CC,04-CONSTANT CURRENT protocol_Cycles 1000 to 1908.zip,01-22-22_04.25_CC_protocol_halfC_0.5C_dchg_(b1)_IN21700_30T_cycle_#1478.mat,halfC,1478,5716,0.0,25.23,26.32,26.67,
CC,04-CONSTANT CURRENT protocol_Cycles 1000 to 1908.zip,01-22-22_04.25_CC_protocol_halfC_CAP_(b1)_forexcel_cycle_#1478.mat,CAP,1478,0,1.0,,,,read:KeyError
CC,04-CONSTANT CURRENT protocol_Cycles 1000 to 1908.zip,01-22-22_07.53_CC_protocol_halfC_0.5C_dchg_(b2)_IN21700_30T_cycle_#1479.mat,halfC,1479,5724,0.0,25.44,26.7,27.09,
CC,04-CONSTANT CURRENT protocol_Cycles 1000 to 1908.zip,01-22-22_07.53_CC_protocol_halfC_CAP_(b2)_forexcel_cycle_#1479.mat,CAP,1479,0,1.0,,,,read:KeyError
CC,04-CONSTANT CURRENT protocol_Cycles 1000 to 1908.zip,01-22-22_10.22_CC_protocol__Fifteen_Drive_Cycles_set_IN21700_30T_cycle_#1480_to_1494.mat,drive,1480,91592,0.0,24.69,27.38,27.72,
CC,04-CONSTANT CURRENT protocol_Cycles 1000 to 1908.zip,01-22-22_10.22_CC_protocol__Fifteen_Drive_Cycles_set_IN21700_30T_cycle_#1482_to_1496.mat,drive,1482,91592,0.0,24.69,27.38,27.72,
CC,04-CONSTANT CURRENT protocol_Cycles 1000 to 1908.zip,Cover20 is not performed this week_#40.mat,other,-1,0,1.0,,,,read:KeyError
CC,04-CONSTANT CURRENT protocol_Cycles 1000 to 1908.zip,01-24-22_12.23_CC_protocol_whole_Schedule_IN21700_30T_cycle_#1495_week#41.mat,schedule,1495,266772,1.0,-0.57,-0.0,0.0,
CC,04-CONSTANT CURRENT protocol_Cycles 1000 to 1908.zip,01-24-22_13.04_CC_protocol_OCV_0.05C_IN21700_30T_cycle_#1495.mat,OCV,1495,2076,1.0,-0.36,0.0,-0.01,
CC,04-CONSTANT CURRENT protocol_Cycles 1000 to 1908.zip,01-26-22_00.53_CC_protocol_halfC_0.5C_dchg_(a1)_IN21700_30T_cycle_#1496.mat,halfC,1496,5824,1.0,-0.34,0.0,0.02,
CC,04-CONSTANT CURRENT protocol_Cycles 1000 to 1908.zip,01-26-22_00.53_CC_protocol_halfC_CAP_(a1)_forexcel_cycle_#1496.mat,CAP,1496,0,1.0,,,,read:KeyError
CC,04-CONSTANT CURRENT protocol_Cycles 1000 to 1908.zip,01-26-22_04.26_CC_protocol_halfC_0.5C_dchg_(a2)_IN21700_30T_cycle_#1497.mat,halfC,1497,5674,1.0,-0.34,0.0,0.01,
CC,04-CONSTANT CURRENT protocol_Cycles 1000 to 1908.zip,01-26-22_04.26_CC_protocol_halfC_CAP_(a2)_forexcel_cycle_#1497.mat,CAP,1497,0,1.0,,,,read:KeyError
CC,04-CONSTANT CURRENT protocol_Cycles 1000 to 1908.zip,01-26-22_06.20_CC_protocol_ONE_C_charge_IN21700_30T_cycle_#1497.mat,other,1497,227,1.0,-0.33,-0.01,-0.05,
CC,04-CONSTANT CURRENT protocol_Cycles 1000 to 1908.zip,01-26-22_08.00_CC_protocol_OneC_1C_dchg_IN21700_30T_cycle_#1498.mat,other,1498,2785,1.0,-0.33,-0.0,-0.0,
CC,04-CONSTANT CURRENT protocol_Cycles 1000 to 1908.zip,01-26-22_10.45_CC_protocol_TwoC_2C_dchg_IN21700_30T_cycle_#1499.mat,other,1499,1385,1.0,-0.33,0.01,0.0,
CC,04-CONSTANT CURRENT protocol_Cycles 1000 to 1908.zip,01-26-22_13.10_CC_protocol_HPPC_IN21700_30T_cycle_#1500.mat,HPPC,1500,34150,1.0,-0.36,-0.0,0.0,
CC,04-CONSTANT CURRENT protocol_Cycles 1000 to 1908.zip,01-27-22_19.58_CC_protocol__Fifteen_Drive_Cycles_set_IN21700_30T_cycle_#1501_to_1515.mat,drive,1501,88949,1.0,-0.57,0.0,-0.0,
CC,04-CONSTANT CURRENT protocol_Cycles 1000 to 1908.zip,01-28-22_22.35_CC_protocol_halfC_0.5C_dchg_(b1)_IN21700_30T_cycle_#1516.mat,halfC,1516,5670,1.0,-0.33,-0.0,0.0,
CC,04-CONSTANT CURRENT protocol_Cycles 1000 to 1908.zip,01-28-22_22.35_CC_protocol_halfC_CAP_(b1)_forexcel_cycle_#1516.mat,CAP,1516,0,1.0,,,,read:KeyError
CC,04-CONSTANT CURRENT protocol_Cycles 1000 to 1908.zip,01-29-22_02.01_CC_protocol_halfC_0.5C_dchg_(b2)_IN21700_30T_cycle_#1517.mat,halfC,1517,5661,1.0,-0.35,0.01,0.01,
CC,04-CONSTANT CURRENT protocol_Cycles 1000 to 1908.zip,01-29-22_02.01_CC_protocol_halfC_CAP_(b2)_forexcel_cycle_#1517.mat,CAP,1517,0,1.0,,,,read:KeyError
CC,04-CONSTANT CURRENT protocol_Cycles 1000 to 1908.zip,01-29-22_04.30_CC_protocol__Fifteen_Drive_Cycles_set_IN21700_30T_cycle_#1518_to_1532.mat,drive,1518,90023,1.0,-0.36,0.0,0.0,
CC,04-CONSTANT CURRENT protocol_Cycles 1000 to 1908.zip,variables.mat,other,-1,0,1.0,,,,read:KeyError
CC,04-CONSTANT CURRENT protocol_Cycles 1000 to 1908.zip,week_.mat,other,-1,0,1.0,,,,read:KeyError
CC,04-CONSTANT CURRENT protocol_Cycles 1000 to 1908.zip,01-31-22_14.45_CC_protocol_whole_Schedule_IN21700_30T_cycle_#1533_week#42.mat,schedule,1533,263397,0.0,24.06,26.88,27.17,
CC,04-CONSTANT CURRENT protocol_Cycles 1000 to 1908.zip,01-31-22_15.41_CC_protocol_halfC_0.5C_dchg_(a1)_IN21700_30T_cycle_#1533.mat,halfC,1533,5803,0.0,25.54,26.79,26.64,
CC,04-CONSTANT CURRENT protocol_Cycles 1000 to 1908.zip,01-31-22_15.41_CC_protocol_halfC_CAP_(a1)_forexcel_cycle_#1533.mat,CAP,1533,0,1.0,,,,read:KeyError
CC,04-CONSTANT CURRENT protocol_Cycles 1000 to 1908.zip,01-31-22_19.16_CC_protocol_halfC_0.5C_dchg_(a2)_IN21700_30T_cycle_#1534.mat,halfC,1534,5594,0.0,25.38,26.59,26.98,
CC,04-CONSTANT CURRENT protocol_Cycles 1000 to 1908.zip,01-31-22_19.16_CC_protocol_halfC_CAP_(a2)_forexcel_cycle_#1534.mat,CAP,1534,0,1.0,,,,read:KeyError
CC,04-CONSTANT CURRENT protocol_Cycles 1000 to 1908.zip,01-31-22_21.10_CC_protocol_ONE_C_charge_IN21700_30T_cycle_#1534.mat,other,1534,222,0.0,25.78,28.13,26.42,
CC,04-CONSTANT CURRENT protocol_Cycles 1000 to 1908.zip,01-31-22_22.51_CC_protocol_OneC_1C_dchg_IN21700_30T_cycle_#1535.mat,other,1535,2760,0.0,25.41,27.17,27.62,
CC,04-CONSTANT CURRENT protocol_Cycles 1000 to 1908.zip,02-01-22_01.38_CC_protocol_TwoC_2C_dchg_IN21700_30T_cycle_#1536.mat,other,1536,1366,0.0,25.37,30.32,31.03,
CC,04-CONSTANT CURRENT protocol_Cycles 1000 to 1908.zip,02-01-22_04.06_CC_protocol_HPPC_IN21700_30T_cycle_#1537.mat,HPPC,1537,34110,0.0,24.06,26.14,26.01,
CC,04-CONSTANT CURRENT protocol_Cycles 1000 to 1908.zip,02-02-22_10.53_CC_protocol__Fifteen_Drive_Cycles_set_IN21700_30T_cycle_#1538_to_1552.mat,drive,1538,88967,0.0,24.85,27.3,27.69,
CC,04-CONSTANT CURRENT protocol_Cycles 1000 to 1908.zip,02-03-22_13.31_CC_protocol_halfC_0.5C_dchg_(b1)_IN21700_30T_cycle_#1553.mat,halfC,1553,5615,0.0,24.89,26.2,26.65,
CC,04-CONSTANT CURRENT protocol_Cycles 1000 to 1908.zip,02-03-22_13.31_CC_protocol_halfC_CAP_(b1)_forexcel_cycle_#1553.mat,CAP,1553,0,1.0,,,,read:KeyError
CC,04-CONSTANT CURRENT protocol_Cycles 1000 to 1908.zip,02-03-22_16.59_CC_protocol_halfC_0.5C_dchg_(b2)_IN21700_30T_cycle_#1554.mat,halfC,1554,5603,0.0,24.95,25.99,26.3,
CC,04-CONSTANT CURRENT protocol_Cycles 1000 to 1908.zip,02-03-22_16.59_CC_protocol_halfC_CAP_(b2)_forexcel_cycle_#1554.mat,CAP,1554,0,1.0,,,,read:KeyError
CC,04-CONSTANT CURRENT protocol_Cycles 1000 to 1908.zip,02-03-22_19.27_CC_protocol__Fifteen_Drive_Cycles_set_IN21700_30T_cycle_#1555_to_1569.mat,drive,1555,88795,0.0,24.37,27.36,27.67,
CC,04-CONSTANT CURRENT protocol_Cycles 1000 to 1908.zip,Cover20 is not performed this week_#42.mat,other,-1,0,1.0,,,,read:KeyError
CC,04-CONSTANT CURRENT protocol_Cycles 1000 to 1908.zip,02-07-22_12.33_CC_protocol_whole_Schedule_IN21700_30T_cycle_#1570_week#43.mat,schedule,1570,265459,0.0,24.03,26.89,27.23,
CC,04-CONSTANT CURRENT protocol_Cycles 1000 to 1908.zip,02-07-22_13.18_CC_protocol_OCV_0.05C_IN21700_30T_cycle_#1570.mat,OCV,1570,2040,0.0,24.06,25.61,25.71,
CC,04-CONSTANT CURRENT protocol_Cycles 1000 to 1908.zip,02-09-22_00.44_CC_protocol_halfC_0.5C_dchg_(a1)_IN21700_30T_cycle_#1571.mat,halfC,1571,5719,0.0,25.55,26.54,26.44,
CC,04-CONSTANT CURRENT protocol_Cycles 1000 to 1908.zip,02-09-22_00.44_CC_protocol_halfC_CAP_(a1)_forexcel_cycle_#1571.mat,CAP,1571,0,1.0,,,,read:KeyError
CC,04-CONSTANT CURRENT protocol_Cycles 1000 to 1908.zip,02-09-22_04.19_CC_protocol_halfC_0.5C_dchg_(a2)_IN21700_30T_cycle_#1572.mat,halfC,1572,5553,0.0,24.95,26.37,26.88,
CC,04-CONSTANT CURRENT protocol_Cycles 1000 to 1908.zip,02-09-22_04.19_CC_protocol_halfC_CAP_(a2)_forexcel_cycle_#1572.mat,CAP,1572,0,1.0,,,,read:KeyError
CC,04-CONSTANT CURRENT protocol_Cycles 1000 to 1908.zip,02-09-22_06.11_CC_protocol_ONE_C_charge_IN21700_30T_cycle_#1572.mat,other,1572,215,0.0,25.83,28.12,25.94,
CC,04-CONSTANT CURRENT protocol_Cycles 1000 to 1908.zip,02-09-22_07.55_CC_protocol_OneC_1C_dchg_IN21700_30T_cycle_#1573.mat,other,1573,2725,0.0,24.85,27.32,27.69,
CC,04-CONSTANT CURRENT protocol_Cycles 1000 to 1908.zip,02-09-22_10.44_CC_protocol_TwoC_2C_dchg_IN21700_30T_cycle_#1574.mat,other,1574,1360,0.0,25.59,30.85,31.73,
CC,04-CONSTANT CURRENT protocol_Cycles 1000 to 1908.zip,02-09-22_13.16_CC_protocol_HPPC_IN21700_30T_cycle_#1575.mat,HPPC,1575,33980,0.0,24.1,26.02,25.93,
CC,04-CONSTANT CURRENT protocol_Cycles 1000 to 1908.zip,02-10-22_20.03_CC_protocol__Fifteen_Drive_Cycles_set_IN21700_30T_cycle_#1576_to_1590.mat,drive,1576,88868,0.0,24.72,27.48,27.9,
CC,04-CONSTANT CURRENT protocol_Cycles 1000 to 1908.zip,02-11-22_22.42_CC_protocol_halfC_0.5C_dchg_(b1)_IN21700_30T_cycle_#1591.mat,halfC,1591,5554,0.0,25.41,26.47,26.35,
CC,04-CONSTANT CURRENT protocol_Cycles 1000 to 1908.zip,02-11-22_22.42_CC_protocol_halfC_CAP_(b1)_forexcel_cycle_#1591.mat,CAP,1591,0,1.0,,,,read:KeyError
CC,04-CONSTANT CURRENT protocol_Cycles 1000 to 1908.zip,02-12-22_02.12_CC_protocol_halfC_0.5C_dchg_(b2)_IN21700_30T_cycle_#1592.mat,halfC,1592,5550,0.0,25.01,26.47,26.98,
CC,04-CONSTANT CURRENT protocol_Cycles 1000 to 1908.zip,02-12-22_02.12_CC_protocol_halfC_CAP_(b2)_forexcel_cycle_#1592.mat,CAP,1592,0,1.0,,,,read:KeyError
CC,04-CONSTANT CURRENT protocol_Cycles 1000 to 1908.zip,02-12-22_04.40_CC_protocol__Fifteen_Drive_Cycles_set_IN21700_30T_cycle_#1593_to_1607.mat,drive,1593,88598,0.0,24.03,27.39,27.77,
CC,04-CONSTANT CURRENT protocol_Cycles 1000 to 1908.zip,02-14-22_09.26_CC_protocol_whole_Schedule_IN21700_30T_cycle_#1608_week#44.mat,schedule,1608,260767,0.0,24.12,26.98,27.32,
CC,04-CONSTANT CURRENT protocol_Cycles 1000 to 1908.zip,02-14-22_10.08_CC_protocol_halfC_0.5C_dchg_(a1)_IN21700_30T_cycle_#1608.mat,halfC,1608,5686,0.0,24.96,26.25,26.53,
CC,04-CONSTANT CURRENT protocol_Cycles 1000 to 1908.zip,02-14-22_10.08_CC_protocol_halfC_CAP_(a1)_forexcel_cycle_#1608.mat,CAP,1608,0,1.0,,,,read:KeyError
CC,04-CONSTANT CURRENT protocol_Cycles 1000 to 1908.zip,02-14-22_13.45_CC_protocol_halfC_0.5C_dchg_(a2)_IN21700_30T_cycle_#1609.mat,halfC,1609,5473,0.0,24.91,26.5,26.4,
CC,04-CONSTANT CURRENT protocol_Cycles 1000 to 1908.zip,02-14-22_13.45_CC_protocol_halfC_CAP_(a2)_forexcel_cycle_#1609.mat,CAP,1609,0,1.0,,,,read:KeyError
CC,04-CONSTANT CURRENT protocol_Cycles 1000 to 1908.zip,02-14-22_15.33_CC_protocol_ONE_C_charge_IN21700_30T_cycle_#1609.mat,other,1609,208,0.0,25.12,27.42,25.67,
CC,04-CONSTANT CURRENT protocol_Cycles 1000 to 1908.zip,02-14-22_17.19_CC_protocol_OneC_1C_dchg_IN21700_30T_cycle_#1610.mat,other,1610,2695,0.0,25.01,27.57,28.14,
CC,04-CONSTANT CURRENT protocol_Cycles 1000 to 1908.zip,02-14-22_20.06_CC_protocol_TwoC_2C_dchg_IN21700_30T_cycle_#1611.mat,other,1611,1339,0.0,25.27,30.55,31.29,
CC,04-CONSTANT CURRENT protocol_Cycles 1000 to 1908.zip,02-14-22_22.37_CC_protocol_HPPC_IN21700_30T_cycle_#1612.mat,HPPC,1612,33889,0.0,24.13,26.02,25.92,
CC,04-CONSTANT CURRENT protocol_Cycles 1000 to 1908.zip,02-16-22_05.23_CC_protocol__Fifteen_Drive_Cycles_set_IN21700_30T_cycle_#1613_to_1627.mat,drive,1613,87733,0.0,24.68,27.57,28.03,
CC,04-CONSTANT CURRENT protocol_Cycles 1000 to 1908.zip,02-17-22_07.46_CC_protocol_halfC_0.5C_dchg_(b1)_IN21700_30T_cycle_#1628.mat,halfC,1628,5496,0.0,25.65,26.92,27.02,
CC,04-CONSTANT CURRENT protocol_Cycles 1000 to 1908.zip,02-17-22_07.46_CC_protocol_halfC_CAP_(b1)_forexcel_cycle_#1628.mat,CAP,1628,0,1.0,,,,read:KeyError
CC,04-CONSTANT CURRENT protocol_Cycles 1000 to 1908.zip,02-17-22_11.17_CC_protocol_halfC_0.5C_dchg_(b2)_IN21700_30T_cycle_#1629.mat,halfC,1629,5491,0.0,25.09,26.59,27.1,
CC,04-CONSTANT CURRENT protocol_Cycles 1000 to 1908.zip,02-17-22_11.17_CC_protocol_halfC_CAP_(b2)_forexcel_cycle_#1629.mat,CAP,1629,0,1.0,,,,read:KeyError
CC,04-CONSTANT CURRENT protocol_Cycles 1000 to 1908.zip,02-17-22_13.43_CC_protocol__Fifteen_Drive_Cycles_set_IN21700_30T_cycle_#1630_to_1644.mat,drive,1630,87304,0.0,24.12,27.53,27.95,
CC,04-CONSTANT CURRENT protocol_Cycles 1000 to 1908.zip,Cover20 is not performed this week_#44.mat,other,-1,0,1.0,,,,read:KeyError
CC,04-CONSTANT CURRENT protocol_Cycles 1000 to 1908.zip,02-26-22_10.56_CC_protocol_whole_Schedule_IN21700_30T_cycle_#1645_week#45.mat,schedule,1645,259037,0.0,18.49,26.96,27.35,
CC,04-CONSTANT CURRENT protocol_Cycles 1000 to 1908.zip,02-26-22_11.42_CC_protocol_OCV_0.05C_IN21700_30T_cycle_#1645.mat,OCV,1645,1987,0.0,24.23,25.65,25.61,
CC,04-CONSTANT CURRENT protocol_Cycles 1000 to 1908.zip,02-27-22_22.15_CC_protocol_halfC_0.5C_dchg_(a1)_IN21700_30T_cycle_#1646.mat,halfC,1646,5587,0.0,24.97,26.27,26.66,
CC,04-CONSTANT CURRENT protocol_Cycles 1000 to 1908.zip,02-27-22_22.15_CC_protocol_halfC_CAP_(a1)_forexcel_cycle_#1646.mat,CAP,1646,0,1.0,,,,read:KeyError
CC,04-CONSTANT CURRENT protocol_Cycles 1000 to 1908.zip,02-28-22_01.52_CC_protocol_halfC_0.5C_dchg_(a2)_IN21700_30T_cycle_#1647.mat,halfC,1647,5392,0.0,25.37,26.36,26.63,
CC,04-CONSTANT CURRENT protocol_Cycles 1000 to 1908.zip,02-28-22_01.52_CC_protocol_halfC_CAP_(a2)_forexcel_cycle_#1647.mat,CAP,1647,0,1.0,,,,read:KeyError
CC,04-CONSTANT CURRENT protocol_Cycles 1000 to 1908.zip,02-28-22_03.39_CC_protocol_ONE_C_charge_IN21700_30T_cycle_#1647.mat,other,1647,201,0.0,24.99,27.52,25.5,
CC,04-CONSTANT CURRENT protocol_Cycles 1000 to 1908.zip,02-28-22_05.27_CC_protocol_OneC_1C_dchg_IN21700_30T_cycle_#1648.mat,other,1648,2658,0.0,25.62,28.33,28.92,
CC,04-CONSTANT CURRENT protocol_Cycles 1000 to 1908.zip,02-28-22_08.19_CC_protocol_TwoC_2C_dchg_IN21700_30T_cycle_#1649.mat,other,1649,1316,0.0,25.0,30.59,31.32,
CC,04-CONSTANT CURRENT protocol_Cycles 1000 to 1908.zip,02-28-22_10.52_CC_protocol_HPPC_IN21700_30T_cycle_#1650.mat,HPPC,1650,33754,0.0,24.04,26.1,26.13,
CC,04-CONSTANT CURRENT protocol_Cycles 1000 to 1908.zip,03-01-22_17.30_CC_protocol__Fifteen_Drive_Cycles_set_IN21700_30T_cycle_#1651_to_1665.mat,drive,1651,85608,0.0,20.45,27.67,28.03,
CC,04-CONSTANT CURRENT protocol_Cycles 1000 to 1908.zip,03-02-22_19.16_CC_protocol_halfC_0.5C_dchg_(b1)_IN21700_30T_cycle_#1666.mat,halfC,1666,5404,0.0,25.57,26.7,26.7,
CC,04-CONSTANT CURRENT protocol_Cycles 1000 to 1908.zip,03-02-22_19.16_CC_protocol_halfC_CAP_(b1)_forexcel_cycle_#1666.mat,CAP,1666,0,1.0,,,,read:KeyError
CC,04-CONSTANT CURRENT protocol_Cycles 1000 to 1908.zip,03-02-22_22.47_CC_protocol_halfC_0.5C_dchg_(b2)_IN21700_30T_cycle_#1667.mat,halfC,1667,5398,0.0,24.91,26.51,27.09,
CC,04-CONSTANT CURRENT protocol_Cycles 1000 to 1908.zip,03-02-22_22.47_CC_protocol_halfC_CAP_(b2)_forexcel_cycle_#1667.mat,CAP,1667,0,1.0,,,,read:KeyError
CC,04-CONSTANT CURRENT protocol_Cycles 1000 to 1908.zip,03-03-22_01.12_CC_protocol__Fifteen_Drive_Cycles_set_IN21700_30T_cycle_#1668_to_1682.mat,drive,1668,86395,0.0,18.49,27.55,28.02,
CC,04-CONSTANT CURRENT protocol_Cycles 1000 to 1908.zip,03-05-22_12.24_CC_protocol_whole_Schedule_IN21700_30T_cycle_#1683_week#46.mat,schedule,1683,254969,0.0,19.55,27.04,27.4,
CC,04-CONSTANT CURRENT protocol_Cycles 1000 to 1908.zip,03-05-22_13.09_CC_protocol_halfC_0.5C_dchg_(a1)_IN21700_30T_cycle_#1683.mat,halfC,1683,5550,0.0,25.57,26.56,26.82,
CC,04-CONSTANT CURRENT protocol_Cycles 1000 to 1908.zip,03-05-22_13.09_CC_protocol_halfC_CAP_(a1)_forexcel_cycle_#1683.mat,CAP,1683,0,1.0,,,,read:KeyError
CC,04-CONSTANT CURRENT protocol_Cycles 1000 to 1908.zip,03-05-22_16.47_CC_protocol_halfC_0.5C_dchg_(a2)_IN21700_30T_cycle_#1684.mat,halfC,1684,5322,0.0,25.32,26.99,27.4,
CC,04-CONSTANT CURRENT protocol_Cycles 1000 to 1908.zip,03-05-22_16.47_CC_protocol_halfC_CAP_(a2)_forexcel_cycle_#1684.mat,CAP,1684,0,1.0,,,,read:KeyError
CC,04-CONSTANT CURRENT protocol_Cycles 1000 to 1908.zip,03-05-22_18.33_CC_protocol_ONE_C_charge_IN21700_30T_cycle_#1684.mat,other,1684,195,0.0,25.09,27.72,25.67,
CC,04-CONSTANT CURRENT protocol_Cycles 1000 to 1908.zip,03-05-22_20.22_CC_protocol_OneC_1C_dchg_IN21700_30T_cycle_#1685.mat,other,1685,2623,0.0,25.0,27.8,28.38,
CC,04-CONSTANT CURRENT protocol_Cycles 1000 to 1908.zip,03-05-22_23.12_CC_protocol_TwoC_2C_dchg_IN21700_30T_cycle_#1686.mat,other,1686,1298,0.0,24.17,30.95,31.76,
CC,04-CONSTANT CURRENT protocol_Cycles 1000 to 1908.zip,03-06-22_01.46_CC_protocol_HPPC_IN21700_30T_cycle_#1687.mat,HPPC,1687,33620,0.0,24.21,26.0,25.95,
CC,04-CONSTANT CURRENT protocol_Cycles 1000 to 1908.zip,03-08-22_07.31_CC_protocol__Fifteen_Drive_Cycles_set_IN21700_30T_cycle_#1688_to_1702.mat,drive,1688,85112,0.0,24.06,27.66,28.11,
CC,04-CONSTANT CURRENT protocol_Cycles 1000 to 1908.zip,03-09-22_21.59_CC_protocol_halfC_0.5C_dchg_(b1)_IN21700_30T_cycle_#1703.mat,halfC,1703,5332,0.0,24.99,26.29,26.63,
CC,04-CONSTANT CURRENT protocol_Cycles 1000 to 1908.zip,03-09-22_21.59_CC_protocol_halfC_CAP_(b1)_forexcel_cycle_#1703.mat,CAP,1703,0,1.0,,,,read:KeyError
CC,04-CONSTANT CURRENT protocol_Cycles 1000 to 1908.zip,03-10-22_01.29_CC_protocol_halfC_0.5C_dchg_(b2)_IN21700_30T_cycle_#1704.mat,halfC,1704,5339,0.0,24.8,26.21,26.72,
CC,04-CONSTANT CURRENT protocol_Cycles 1000 to 1908.zip,03-10-22_01.29_CC_protocol_halfC_CAP_(b2)_forexcel_cycle_#1704.mat,CAP,1704,0,1.0,,,,read:KeyError
CC,04-CONSTANT CURRENT protocol_Cycles 1000 to 1908.zip,03-10-22_03.52_CC_protocol__Fifteen_Drive_Cycles_set_IN21700_30T_cycle_#1705_to_1719.mat,drive,1705,84767,0.0,19.55,27.71,28.09,
CC,04-CONSTANT CURRENT protocol_Cycles 1000 to 1908.zip,Cover20 is not performed this week_#46.mat,other,-1,0,1.0,,,,read:KeyError
CC,04-CONSTANT CURRENT protocol_Cycles 1000 to 1908.zip,03-14-22_08.55_CC_protocol_whole_Schedule_IN21700_30T_cycle_#1720_week#47.mat,schedule,1720,255439,0.0,24.06,27.07,27.49,
CC,04-CONSTANT CURRENT protocol_Cycles 1000 to 1908.zip,03-14-22_09.44_CC_protocol_OCV_0.05C_IN21700_30T_cycle_#1720.mat,OCV,1720,1942,0.0,24.07,25.58,25.5,
CC,04-CONSTANT CURRENT protocol_Cycles 1000 to 1908.zip,03-15-22_19.33_CC_protocol_halfC_0.5C_dchg_(a1)_IN21700_30T_cycle_#1721.mat,halfC,1721,5456,0.0,24.95,26.71,27.21,
CC,04-CONSTANT CURRENT protocol_Cycles 1000 to 1908.zip,03-15-22_19.33_CC_protocol_halfC_CAP_(a1)_forexcel_cycle_#1721.mat,CAP,1721,0,1.0,,,,read:KeyError
CC,04-CONSTANT CURRENT protocol_Cycles 1000 to 1908.zip,03-15-22_23.16_CC_protocol_halfC_0.5C_dchg_(a2)_IN21700_30T_cycle_#1722.mat,halfC,1722,5257,0.0,24.92,26.33,26.73,
CC,04-CONSTANT CURRENT protocol_Cycles 1000 to 1908.zip,03-15-22_23.16_CC_protocol_halfC_CAP_(a2)_forexcel_cycle_#1722.mat,CAP,1722,0,1.0,,,,read:KeyError
CC,04-CONSTANT CURRENT protocol_Cycles 1000 to 1908.zip,03-16-22_01.01_CC_protocol_ONE_C_charge_IN21700_30T_cycle_#1722.mat,other,1722,190,0.0,25.28,28.0,26.01,
CC,04-CONSTANT CURRENT protocol_Cycles 1000 to 1908.zip,03-16-22_02.53_CC_protocol_OneC_1C_dchg_IN21700_30T_cycle_#1723.mat,other,1723,2599,0.0,25.56,28.07,28.53,
CC,04-CONSTANT CURRENT protocol_Cycles 1000 to 1908.zip,03-16-22_05.47_CC_protocol_TwoC_2C_dchg_IN21700_30T_cycle_#1724.mat,other,1724,1290,0.0,25.14,31.6,32.21,
CC,04-CONSTANT CURRENT protocol_Cycles 1000 to 1908.zip,03-16-22_08.23_CC_protocol_HPPC_IN21700_30T_cycle_#1725.mat,HPPC,1725,33517,0.0,24.06,26.05,25.93,
CC,04-CONSTANT CURRENT protocol_Cycles 1000 to 1908.zip,03-17-22_14.57_CC_protocol__Fifteen_Drive_Cycles_set_IN21700_30T_cycle_#1726_to_1740.mat,drive,1726,84562,0.0,24.67,27.85,28.26,
CC,04-CONSTANT CURRENT protocol_Cycles 1000 to 1908.zip,03-18-22_16.36_CC_protocol_halfC_0.5C_dchg_(b1)_IN21700_30T_cycle_#1741.mat,halfC,1741,5261,0.0,25.04,26.42,26.87,
CC,04-CONSTANT CURRENT protocol_Cycles 1000 to 1908.zip,03-18-22_16.36_CC_protocol_halfC_CAP_(b1)_forexcel_cycle_#1741.mat,CAP,1741,0,1.0,,,,read:KeyError
CC,04-CONSTANT CURRENT protocol_Cycles 1000 to 1908.zip,03-18-22_20.06_CC_protocol_halfC_0.5C_dchg_(b2)_IN21700_30T_cycle_#1742.mat,halfC,1742,5233,0.0,24.93,26.48,26.69,
CC,04-CONSTANT CURRENT protocol_Cycles 1000 to 1908.zip,03-18-22_20.06_CC_protocol_halfC_CAP_(b2)_forexcel_cycle_#1742.mat,CAP,1742,0,1.0,,,,read:KeyError
CC,04-CONSTANT CURRENT protocol_Cycles 1000 to 1908.zip,03-18-22_22.29_CC_protocol__Fifteen_Drive_Cycles_set_IN21700_30T_cycle_#1743_to_1757.mat,drive,1743,83874,0.0,24.43,27.88,28.28,
CC,04-CONSTANT CURRENT protocol_Cycles 1000 to 1908.zip,03-21-22_10.21_CC_protocol_whole_Schedule_IN21700_30T_cycle_#1758_week#48.mat,schedule,1758,255949,0.0,24.15,27.32,27.77,
CC,04-CONSTANT CURRENT protocol_Cycles 1000 to 1908.zip,03-21-22_11.08_CC_protocol_halfC_0.5C_dchg_(a1)_IN21700_30T_cycle_#1758.mat,halfC,1758,5398,0.0,24.88,26.83,27.29,
CC,04-CONSTANT CURRENT protocol_Cycles 1000 to 1908.zip,03-21-22_11.08_CC_protocol_halfC_CAP_(a1)_forexcel_cycle_#1758.mat,CAP,1758,0,1.0,,,,read:KeyError
CC,04-CONSTANT CURRENT protocol_Cycles 1000 to 1908.zip,03-21-22_14.50_CC_protocol_halfC_0.5C_dchg_(a2)_IN21700_30T_cycle_#1759.mat,halfC,1759,5208,0.0,25.29,26.39,26.42,
CC,04-CONSTANT CURRENT protocol_Cycles 1000 to 1908.zip,03-21-22_14.50_CC_protocol_halfC_CAP_(a2)_forexcel_cycle_#1759.mat,CAP,1759,0,1.0,,,,read:KeyError
CC,04-CONSTANT CURRENT protocol_Cycles 1000 to 1908.zip,03-21-22_16.34_CC_protocol_ONE_C_charge_IN21700_30T_cycle_#1759.mat,other,1759,183,0.0,25.14,27.8,25.42,
CC,04-CONSTANT CURRENT protocol_Cycles 1000 to 1908.zip,03-21-22_18.27_CC_protocol_OneC_1C_dchg_IN21700_30T_cycle_#1760.mat,other,1760,2560,0.0,25.09,28.43,29.13,
CC,04-CONSTANT CURRENT protocol_Cycles 1000 to 1908.zip,03-21-22_21.22_CC_protocol_TwoC_2C_dchg_IN21700_30T_cycle_#1761.mat,other,1761,1272,0.0,24.96,32.05,32.56,
CC,04-CONSTANT CURRENT protocol_Cycles 1000 to 1908.zip,03-22-22_00.01_CC_protocol_HPPC_IN21700_30T_cycle_#1762.mat,HPPC,1762,33343,0.0,24.15,26.09,25.95,
CC,04-CONSTANT CURRENT protocol_Cycles 1000 to 1908.zip,03-23-22_06.33_CC_protocol__Fifteen_Drive_Cycles_set_IN21700_30T_cycle_#1763_to_1777.mat,drive,1763,85955,0.0,24.85,28.12,28.52,
CC,04-CONSTANT CURRENT protocol_Cycles 1000 to 1908.zip,03-24-22_11.57_CC_protocol_halfC_0.5C_dchg_(b1)_IN21700_30T_cycle_#1778.mat,halfC,1778,5213,0.0,25.68,27.29,27.39,
CC,04-CONSTANT CURRENT protocol_Cycles 1000 to 1908.zip,03-24-22_11.57_CC_protocol_halfC_CAP_(b1)_forexcel_cycle_#1778.mat,CAP,1778,0,1.0,,,,read:KeyError
CC,04-CONSTANT CURRENT protocol_Cycles 1000 to 1908.zip,03-24-22_15.32_CC_protocol_halfC_0.5C_dchg_(b2)_IN21700_30T_cycle_#1779.mat,halfC,1779,5191,0.0,25.18,26.99,27.16,
CC,04-CONSTANT CURRENT protocol_Cycles 1000 to 1908.zip,03-24-22_15.32_CC_protocol_halfC_CAP_(b2)_forexcel_cycle_#1779.mat,CAP,1779,0,1.0,,,,read:KeyError
CC,04-CONSTANT CURRENT protocol_Cycles 1000 to 1908.zip,03-24-22_17.52_CC_protocol__Fifteen_Drive_Cycles_set_IN21700_30T_cycle_#1780_to_1794.mat,drive,1780,85013,0.0,24.6,28.23,28.67,
CC,04-CONSTANT CURRENT protocol_Cycles 1000 to 1908.zip,Cover20 is not performed this week_#48.mat,other,-1,0,1.0,,,,read:KeyError
CC,04-CONSTANT CURRENT protocol_Cycles 1000 to 1908.zip,03-26-22_17.08_CC_protocol_whole_Schedule_IN21700_30T_cycle_#1795_week#49.mat,schedule,1795,255929,0.0,24.03,27.41,27.87,
CC,04-CONSTANT CURRENT protocol_Cycles 1000 to 1908.zip,03-26-22_17.54_CC_protocol_OCV_0.05C_IN21700_30T_cycle_#1795.mat,OCV,1795,1895,0.0,24.03,25.6,25.55,
CC,04-CONSTANT CURRENT protocol_Cycles 1000 to 1908.zip,03-28-22_02.55_CC_protocol_halfC_0.5C_dchg_(a1)_IN21700_30T_cycle_#1796.mat,halfC,1796,5319,0.0,24.7,26.77,27.24,
CC,04-CONSTANT CURRENT protocol_Cycles 1000 to 1908.zip,03-28-22_02.55_CC_protocol_halfC_CAP_(a1)_forexcel_cycle_#1796.mat,CAP,1796,0,1.0,,,,read:KeyError
CC,04-CONSTANT CURRENT protocol_Cycles 1000 to 1908.zip,03-28-22_06.34_CC_protocol_halfC_0.5C_dchg_(a2)_IN21700_30T_cycle_#1797.mat,halfC,1797,5135,0.0,25.04,26.73,26.98,
CC,04-CONSTANT CURRENT protocol_Cycles 1000 to 1908.zip,03-28-22_06.34_CC_protocol_halfC_CAP_(a2)_forexcel_cycle_#1797.mat,CAP,1797,0,1.0,,,,read:KeyError
CC,04-CONSTANT CURRENT protocol_Cycles 1000 to 1908.zip,03-28-22_08.17_CC_protocol_ONE_C_charge_IN21700_30T_cycle_#1797.mat,other,1797,179,0.0,25.02,28.36,25.29,
CC,04-CONSTANT CURRENT protocol_Cycles 1000 to 1908.zip,03-28-22_10.13_CC_protocol_OneC_1C_dchg_IN21700_30T_cycle_#1798.mat,other,1798,2543,0.0,25.6,28.75,29.34,
CC,04-CONSTANT CURRENT protocol_Cycles 1000 to 1908.zip,03-28-22_13.13_CC_protocol_TwoC_2C_dchg_IN21700_30T_cycle_#1799.mat,other,1799,1263,0.0,24.91,32.53,32.96,
CC,04-CONSTANT CURRENT protocol_Cycles 1000 to 1908.zip,03-28-22_15.54_CC_protocol_HPPC_IN21700_30T_cycle_#1800.mat,HPPC,1800,33167,0.0,24.07,26.09,25.94,
CC,04-CONSTANT CURRENT protocol_Cycles 1000 to 1908.zip,03-29-22_22.23_CC_protocol__Fifteen_Drive_Cycles_set_IN21700_30T_cycle_#1801_to_1815.mat,drive,1801,84363,0.0,24.74,28.37,28.79,
CC,04-CONSTANT CURRENT protocol_Cycles 1000 to 1908.zip,03-30-22_23.58_CC_protocol_halfC_0.5C_dchg_(b1)_IN21700_30T_cycle_#1816.mat,halfC,1816,5100,0.0,24.2,26.79,27.09,
CC,04-CONSTANT CURRENT protocol_Cycles 1000 to 1908.zip,03-30-22_23.58_CC_protocol_halfC_CAP_(b1)_forexcel_cycle_#1816.mat,CAP,1816,0,1.0,,,,read:KeyError
CC,04-CONSTANT CURRENT protocol_Cycles 1000 to 1908.zip,03-31-22_03.33_CC_protocol_halfC_0.5C_dchg_(b2)_IN21700_30T_cycle_#1817.mat,halfC,1817,5138,0.0,25.63,27.48,27.68,
CC,04-CONSTANT CURRENT protocol_Cycles 1000 to 1908.zip,03-31-22_03.33_CC_protocol_halfC_CAP_(b2)_forexcel_cycle_#1817.mat,CAP,1817,0,1.0,,,,read:KeyError
CC,04-CONSTANT CURRENT protocol_Cycles 1000 to 1908.zip,03-31-22_05.54_CC_protocol__Fifteen_Drive_Cycles_set_IN21700_30T_cycle_#1818_to_1832.mat,drive,1818,84946,0.0,24.78,28.36,28.79,
CC,04-CONSTANT CURRENT protocol_Cycles 1000 to 1908.zip,04-03-22_11.47_CC_protocol_whole_Schedule_IN21700_30T_cycle_#1833_week#50.mat,schedule,1833,252729,0.0,24.16,27.5,27.94,
CC,04-CONSTANT CURRENT protocol_Cycles 1000 to 1908.zip,04-03-22_12.32_CC_protocol_halfC_0.5C_dchg_(a1)_IN21700_30T_cycle_#1833.mat,halfC,1833,5245,0.0,24.83,27.01,27.3,
CC,04-CONSTANT CURRENT protocol_Cycles 1000 to 1908.zip,04-03-22_12.32_CC_protocol_halfC_CAP_(a1)_forexcel_cycle_#1833.mat,CAP,1833,0,1.0,,,,read:KeyError
CC,04-CONSTANT CURRENT protocol_Cycles 1000 to 1908.zip,04-03-22_16.14_CC_protocol_halfC_0.5C_dchg_(a2)_IN21700_30T_cycle_#1834.mat,halfC,1834,5058,0.0,26.05,27.17,27.24,
CC,04-CONSTANT CURRENT protocol_Cycles 1000 to 1908.zip,04-03-22_16.14_CC_protocol_halfC_CAP_(a2)_forexcel_cycle_#1834.mat,CAP,1834,0,1.0,,,,read:KeyError
CC,04-CONSTANT CURRENT protocol_Cycles 1000 to 1908.zip,04-03-22_17.57_CC_protocol_ONE_C_charge_IN21700_30T_cycle_#1834.mat,other,1834,170,0.0,25.13,28.32,25.84,
CC,04-CONSTANT CURRENT protocol_Cycles 1000 to 1908.zip,04-03-22_19.54_CC_protocol_OneC_1C_dchg_IN21700_30T_cycle_#1835.mat,other,1835,2489,0.0,25.68,29.23,29.6,
CC,04-CONSTANT CURRENT protocol_Cycles 1000 to 1908.zip,04-03-22_22.54_CC_protocol_TwoC_2C_dchg_IN21700_30T_cycle_#1836.mat,other,1836,1237,0.0,24.98,33.1,33.29,
CC,04-CONSTANT CURRENT protocol_Cycles 1000 to 1908.zip,04-04-22_01.36_CC_protocol_HPPC_IN21700_30T_cycle_#1837.mat,HPPC,1837,33076,0.0,24.36,26.21,26.08,
CC,04-CONSTANT CURRENT protocol_Cycles 1000 to 1908.zip,04-05-22_08.05_CC_protocol__Fifteen_Drive_Cycles_set_IN21700_30T_cycle_#1838_to_1852.mat,drive,1838,84421,0.0,24.94,28.42,28.81,
CC,04-CONSTANT CURRENT protocol_Cycles 1000 to 1908.zip,04-06-22_09.50_CC_protocol_halfC_0.5C_dchg_(b1)_IN21700_30T_cycle_#1853.mat,halfC,1853,5039,0.0,24.83,26.88,27.26,
CC,04-CONSTANT CURRENT protocol_Cycles 1000 to 1908.zip,04-06-22_09.50_CC_protocol_halfC_CAP_(b1)_forexcel_cycle_#1853.mat,CAP,1853,0,1.0,,,,read:KeyError
CC,04-CONSTANT CURRENT protocol_Cycles 1000 to 1908.zip,04-06-22_13.23_CC_protocol_halfC_0.5C_dchg_(b2)_IN21700_30T_cycle_#1854.mat,halfC,1854,5043,0.0,25.17,27.0,27.24,
CC,04-CONSTANT CURRENT protocol_Cycles 1000 to 1908.zip,04-06-22_13.23_CC_protocol_halfC_CAP_(b2)_forexcel_cycle_#1854.mat,CAP,1854,0,1.0,,,,read:KeyError
CC,04-CONSTANT CURRENT protocol_Cycles 1000 to 1908.zip,04-06-22_15.42_CC_protocol__Fifteen_Drive_Cycles_set_IN21700_30T_cycle_#1855_to_1869.mat,drive,1855,83576,0.0,24.88,28.45,28.82,
CC,04-CONSTANT CURRENT protocol_Cycles 1000 to 1908.zip,Cover20 is not performed this week_#50.mat,other,-1,0,1.0,,,,read:KeyError
CC,04-CONSTANT CURRENT protocol_Cycles 1000 to 1908.zip,04-08-22_13.52_CC_protocol_whole_Schedule_IN21700_30T_cycle_#1870_week#51.mat,schedule,1870,254042,0.0,24.15,27.6,28.04,
CC,04-CONSTANT CURRENT protocol_Cycles 1000 to 1908.zip,04-08-22_14.39_CC_protocol_OCV_0.05C_IN21700_30T_cycle_#1870.mat,OCV,1870,1842,0.0,24.15,25.6,25.46,
CC,04-CONSTANT CURRENT protocol_Cycles 1000 to 1908.zip,04-09-22_22.47_CC_protocol_halfC_0.5C_dchg_(a1)_IN21700_30T_cycle_#1871.mat,halfC,1871,5169,0.0,25.84,27.42,27.5,
CC,04-CONSTANT CURRENT protocol_Cycles 1000 to 1908.zip,04-09-22_22.47_CC_protocol_halfC_CAP_(a1)_forexcel_cycle_#1871.mat,CAP,1871,0,1.0,,,,read:KeyError
CC,04-CONSTANT CURRENT protocol_Cycles 1000 to 1908.zip,04-10-22_02.30_CC_protocol_halfC_0.5C_dchg_(a2)_IN21700_30T_cycle_#1872.mat,halfC,1872,5008,0.0,25.39,27.49,27.91,
CC,04-CONSTANT CURRENT protocol_Cycles 1000 to 1908.zip,04-10-22_02.30_CC_protocol_halfC_CAP_(a2)_forexcel_cycle_#1872.mat,CAP,1872,0,1.0,,,,read:KeyError
CC,04-CONSTANT CURRENT protocol_Cycles 1000 to 1908.zip,04-10-22_04.15_CC_protocol_ONE_C_charge_IN21700_30T_cycle_#1872.mat,other,1872,165,0.0,25.61,28.63,26.34,
CC,04-CONSTANT CURRENT protocol_Cycles 1000 to 1908.zip,04-10-22_06.13_CC_protocol_OneC_1C_dchg_IN21700_30T_cycle_#1873.mat,other,1873,2455,0.0,25.01,29.15,29.64,
CC,04-CONSTANT CURRENT protocol_Cycles 1000 to 1908.zip,04-10-22_09.11_CC_protocol_TwoC_2C_dchg_IN21700_30T_cycle_#1874.mat,other,1874,1227,0.0,25.25,33.6,33.63,
CC,04-CONSTANT CURRENT protocol_Cycles 1000 to 1908.zip,04-10-22_11.54_CC_protocol_HPPC_IN21700_30T_cycle_#1875.mat,HPPC,1875,32834,0.0,24.8,26.26,26.09,
CC,04-CONSTANT CURRENT protocol_Cycles 1000 to 1908.zip,04-11-22_18.19_CC_protocol__Fifteen_Drive_Cycles_set_IN21700_30T_cycle_#1876_to_1890.mat,drive,1876,84150,0.0,25.04,28.5,28.89,
CC,04-CONSTANT CURRENT protocol_Cycles 1000 to 1908.zip,04-12-22_20.01_CC_protocol_halfC_0.5C_dchg_(b1)_IN21700_30T_cycle_#1891.mat,halfC,1891,4966,0.0,25.08,27.27,27.68,
CC,04-CONSTANT CURRENT protocol_Cycles 1000 to 1908.zip,04-12-22_20.01_CC_protocol_halfC_CAP_(b1)_forexcel_cycle_#1891.mat,CAP,1891,0,1.0,,,,read:KeyError
CC,04-CONSTANT CURRENT protocol_Cycles 1000 to 1908.zip,04-12-22_23.34_CC_protocol_halfC_0.5C_dchg_(b2)_IN21700_30T_cycle_#1892.mat,halfC,1892,4958,0.0,25.09,27.1,27.31,
CC,04-CONSTANT CURRENT protocol_Cycles 1000 to 1908.zip,04-12-22_23.34_CC_protocol_halfC_CAP_(b2)_forexcel_cycle_#1892.mat,CAP,1892,0,1.0,,,,read:KeyError
CC,04-CONSTANT CURRENT protocol_Cycles 1000 to 1908.zip,04-13-22_01.52_CC_protocol__Fifteen_Drive_Cycles_set_IN21700_30T_cycle_#1893_to_1907.mat,drive,1893,83433,0.0,24.76,28.69,29.04,
CC,04-CONSTANT CURRENT protocol_Cycles 1000 to 1908.zip,04-17-22_04.18_CC_protocol_halfC_0.5C_dchg_(a1)_IN21700_30T_cycle_#1908.mat,halfC,1908,5072,0.0,25.93,27.3,27.31,
CC,04-CONSTANT CURRENT protocol_Cycles 1000 to 1908.zip,04-17-22_04.18_CC_protocol_halfC_CAP_(a1)_forexcel_cycle_#1908.mat,CAP,1908,0,1.0,,,,read:KeyError
CC,04-CONSTANT CURRENT protocol_Cycles 1000 to 1908.zip,04-17-22_08.01_CC_protocol_halfC_0.5C_dchg_(a2)_IN21700_30T_cycle_#1909.mat,halfC,1909,4910,0.0,25.32,27.47,27.78,
CC,04-CONSTANT CURRENT protocol_Cycles 1000 to 1908.zip,04-17-22_08.01_CC_protocol_halfC_CAP_(a2)_forexcel_cycle_#1909.mat,CAP,1909,0,1.0,,,,read:KeyError
CC,04-CONSTANT CURRENT protocol_Cycles 1000 to 1908.zip,04-17-22_09.43_CC_protocol_ONE_C_charge_IN21700_30T_cycle_#1909.mat,other,1909,161,0.0,26.17,29.74,26.42,
CC,04-CONSTANT CURRENT protocol_Cycles 1000 to 1908.zip,04-17-22_11.43_CC_protocol_OneC_1C_dchg_IN21700_30T_cycle_#1910.mat,other,1910,2410,0.0,25.08,29.46,29.78,
CC,04-CONSTANT CURRENT protocol_Cycles 1000 to 1908.zip,04-17-22_17.34_CC_protocol_HPPC_IN21700_30T_cycle_#1912.mat,HPPC,1912,32669,0.0,24.23,26.37,26.22,
CC,04-CONSTANT CURRENT protocol_Cycles 1000 to 1908.zip,Cover20 is not performed this week_#52.mat,other,-1,0,1.0,,,,read:KeyError
BOOST,05-BOOST CHARGING protocol_Cycles 0 to 1000.zip,05-01-21_12.50_BOOST_protocol_whole_Schedule_IN21700_30T_cycle_#1_week#1.mat,schedule,1,285352,0.0,24.72,26.26,26.27,
BOOST,05-BOOST CHARGING protocol_Cycles 0 to 1000.zip,05-01-21_17.44_BOOST_protocol_OCV_0.05C_IN21700_30T_cycle_#1.mat,OCV,1,2492,0.0,24.72,25.51,25.59,
BOOST,05-BOOST CHARGING protocol_Cycles 0 to 1000.zip,05-03-21_12.11_BOOST_protocol_halfC_0.5C_dchg_(a)_IN21700_30T_cycle_#2.mat,halfC,2,7167,0.0,24.85,25.62,25.89,
BOOST,05-BOOST CHARGING protocol_Cycles 0 to 1000.zip,05-03-21_12.11_BOOST_protocol_halfC_CAP_(a)_forexcel_cycle_#2.mat,CAP,2,0,1.0,,,,read:KeyError
BOOST,05-BOOST CHARGING protocol_Cycles 0 to 1000.zip,05-03-21_14.26_BOOST_protocol_ONE_C_charge_IN21700_30T_cycle_#2.mat,other,2,345,0.0,25.18,26.67,25.91,
BOOST,05-BOOST CHARGING protocol_Cycles 0 to 1000.zip,05-03-21_15.43_BOOST_protocol_OneC_1C_dchg_IN21700_30T_cycle_#3.mat,other,3,3562,0.0,25.57,26.56,26.92,
BOOST,05-BOOST CHARGING protocol_Cycles 0 to 1000.zip,05-03-21_18.18_BOOST_protocol_TwoC_2C_dchg_IN21700_30T_cycle_#4.mat,other,4,1759,0.0,24.95,27.27,27.83,
BOOST,05-BOOST CHARGING protocol_Cycles 0 to 1000.zip,05-03-21_20.24_BOOST_protocol_HPPC_IN21700_30T_cycle_#5.mat,HPPC,5,35055,0.0,24.77,25.91,25.84,
BOOST,05-BOOST CHARGING protocol_Cycles 0 to 1000.zip,05-05-21_02.31_BOOST_protocol_tenpercent_chg_a_IN21700_30T_cycle_#6.mat,other,6,1078,0.0,25.05,25.72,25.72,
BOOST,05-BOOST CHARGING protocol_Cycles 0 to 1000.zip,05-05-21_03.31_BOOST_protocol__Fifteen_Drive_Cycles_set_IN21700_30T_cycle_#7_to_21.mat,drive,7,106598,0.0,24.9,26.36,26.34,
BOOST,05-BOOST CHARGING protocol_Cycles 0 to 1000.zip,05-06-21_10.25_BOOST_protocol_halfC_0.5C_dchg_(b)_IN21700_30T_cycle_#21.mat,halfC,21,7190,0.0,25.16,25.95,26.29,
BOOST,05-BOOST CHARGING protocol_Cycles 0 to 1000.zip,05-06-21_10.25_BOOST_protocol_halfC_CAP_(b)_forexcel_cycle_#21.mat,CAP,21,0,1.0,,,,read:KeyError
BOOST,05-BOOST CHARGING protocol_Cycles 0 to 1000.zip,05-06-21_12.24_BOOST_protocol_tenpercent_chg_b_IN21700_30T_cycle_#22.mat,other,22,1080,0.0,25.5,26.29,26.29,
BOOST,05-BOOST CHARGING protocol_Cycles 0 to 1000.zip,05-06-21_13.25_BOOST_protocol__Fifteen_Drive_Cycles_set_IN21700_30T_cycle_#22_to_36.mat,drive,22,106718,0.0,24.8,26.29,26.36,
BOOST,05-BOOST CHARGING protocol_Cycles 0 to 1000.zip,Boost_charging_15min_sam30T.mat,other,-1,901,0.0,25.3,30.4,25.84,
BOOST,05-BOOST CHARGING protocol_Cycles 0 to 1000.zip,05-09-21_17.20_BOOST_protocol_whole_Schedule_IN21700_30T_cycle_#37_week#2.mat,schedule,37,281871,0.0,24.5,26.28,26.31,
BOOST,05-BOOST CHARGING protocol_Cycles 0 to 1000.zip,05-09-21_20.48_BOOST_protocol_halfC_0.5C_dchg_(a)_IN21700_30T_cycle_#37.mat,halfC,37,7134,0.0,24.93,25.97,26.37,
BOOST,05-BOOST CHARGING protocol_Cycles 0 to 1000.zip,05-09-21_20.48_BOOST_protocol_halfC_CAP_(a)_forexcel_cycle_#37.mat,CAP,37,0,1.0,,,,read:KeyError
BOOST,05-BOOST CHARGING protocol_Cycles 0 to 1000.zip,05-09-21_23.02_BOOST_protocol_ONE_C_charge_IN21700_30T_cycle_#37.mat,other,37,342,0.0,25.44,27.19,26.22,
BOOST,05-BOOST CHARGING protocol_Cycles 0 to 1000.zip,05-10-21_00.18_BOOST_protocol_OneC_1C_dchg_IN21700_30T_cycle_#38.mat,other,38,3514,0.0,24.95,25.85,26.1,
BOOST,05-BOOST CHARGING protocol_Cycles 0 to 1000.zip,05-10-21_02.47_BOOST_protocol_TwoC_2C_dchg_IN21700_30T_cycle_#39.mat,other,39,1743,0.0,25.17,27.16,27.73,
BOOST,05-BOOST CHARGING protocol_Cycles 0 to 1000.zip,05-10-21_04.52_BOOST_protocol_HPPC_IN21700_30T_cycle_#40.mat,HPPC,40,35031,0.0,24.52,25.97,25.98,
BOOST,05-BOOST CHARGING protocol_Cycles 0 to 1000.zip,05-11-21_10.58_BOOST_protocol_tenpercent_chg_a_IN21700_30T_cycle_#41.mat,other,41,1074,0.0,25.57,26.37,26.37,
BOOST,05-BOOST CHARGING protocol_Cycles 0 to 1000.zip,05-11-21_11.56_BOOST_protocol__Fifteen_Drive_Cycles_set_IN21700_30T_cycle_#42_to_56.mat,drive,42,106692,0.0,24.56,26.36,26.38,
BOOST,05-BOOST CHARGING protocol_Cycles 0 to 1000.zip,05-12-21_18.54_BOOST_protocol_halfC_0.5C_dchg_(b)_IN21700_30T_cycle_#56.mat,halfC,56,7125,0.0,24.5,25.48,25.73,
BOOST,05-BOOST CHARGING protocol_Cycles 0 to 1000.zip,05-12-21_18.54_BOOST_protocol_halfC_CAP_(b)_forexcel_cycle_#56.mat,CAP,56,0,1.0,,,,read:KeyError
BOOST,05-BOOST CHARGING protocol_Cycles 0 to 1000.zip,05-13-21_14.43_BOOST_protocol_tenpercent_chg_b_IN21700_30T_cycle_#57.mat,other,57,1063,0.0,24.83,25.61,25.61,
BOOST,05-BOOST CHARGING protocol_Cycles 0 to 1000.zip,05-13-21_15.41_BOOST_protocol__Fifteen_Drive_Cycles_set_IN21700_30T_cycle_#57_to_71.mat,drive,57,106331,0.0,24.88,26.35,26.39,
BOOST,05-BOOST CHARGING protocol_Cycles 0 to 1000.zip,Cover20 is not performed this week_#2.mat,other,-1,0,1.0,,,,read:KeyError
BOOST,05-BOOST CHARGING protocol_Cycles 0 to 1000.zip,05-15-21_10.42_BOOST_protocol_whole_Schedule_IN21700_30T_cycle_#72_week#3.mat,schedule,72,284864,0.0,24.56,26.31,26.34,
BOOST,05-BOOST CHARGING protocol_Cycles 0 to 1000.zip,05-15-21_15.01_BOOST_protocol_OCV_0.05C_IN21700_30T_cycle_#72.mat,OCV,72,2468,0.0,24.56,25.53,25.59,
BOOST,05-BOOST CHARGING protocol_Cycles 0 to 1000.zip,05-17-21_09.13_BOOST_protocol_halfC_0.5C_dchg_(a)_IN21700_30T_cycle_#73.mat,halfC,73,7111,0.0,24.9,25.61,25.92,
BOOST,05-BOOST CHARGING protocol_Cycles 0 to 1000.zip,05-17-21_09.13_BOOST_protocol_halfC_CAP_(a)_forexcel_cycle_#73.mat,CAP,73,0,1.0,,,,read:KeyError
BOOST,05-BOOST CHARGING protocol_Cycles 0 to 1000.zip,05-17-21_11.27_BOOST_protocol_ONE_C_charge_IN21700_30T_cycle_#73.mat,other,73,341,0.0,25.16,26.75,25.77,
BOOST,05-BOOST CHARGING protocol_Cycles 0 to 1000.zip,05-17-21_12.43_BOOST_protocol_OneC_1C_dchg_IN21700_30T_cycle_#74.mat,other,74,3513,0.0,25.65,26.61,26.96,
BOOST,05-BOOST CHARGING protocol_Cycles 0 to 1000.zip,05-17-21_15.17_BOOST_protocol_TwoC_2C_dchg_IN21700_30T_cycle_#75.mat,other,75,1738,0.0,24.97,27.19,27.67,
BOOST,05-BOOST CHARGING protocol_Cycles 0 to 1000.zip,05-17-21_17.23_BOOST_protocol_HPPC_IN21700_30T_cycle_#76.mat,HPPC,76,35001,0.0,24.64,25.95,25.93,
BOOST,05-BOOST CHARGING protocol_Cycles 0 to 1000.zip,05-18-21_23.28_BOOST_protocol_tenpercent_chg_a_IN21700_30T_cycle_#77.mat,other,77,1071,0.0,25.59,26.28,26.28,
BOOST,05-BOOST CHARGING protocol_Cycles 0 to 1000.zip,05-19-21_00.29_BOOST_protocol__Fifteen_Drive_Cycles_set_IN21700_30T_cycle_#78_to_92.mat,drive,78,106496,0.0,24.71,26.39,26.4,
BOOST,05-BOOST CHARGING protocol_Cycles 0 to 1000.zip,05-20-21_07.23_BOOST_protocol_halfC_0.5C_dchg_(b)_IN21700_30T_cycle_#92.mat,halfC,92,7089,0.0,24.6,25.46,25.74,
BOOST,05-BOOST CHARGING protocol_Cycles 0 to 1000.zip,05-20-21_07.23_BOOST_protocol_halfC_CAP_(b)_forexcel_cycle_#92.mat,CAP,92,0,1.0,,,,read:KeyError
BOOST,05-BOOST CHARGING protocol_Cycles 0 to 1000.zip,05-20-21_09.21_BOOST_protocol_tenpercent_chg_b_IN21700_30T_cycle_#93.mat,other,93,1065,0.0,24.87,25.64,25.64,
BOOST,05-BOOST CHARGING protocol_Cycles 0 to 1000.zip,05-20-21_10.19_BOOST_protocol__Fifteen_Drive_Cycles_set_IN21700_30T_cycle_#93_to_107.mat,drive,93,106802,0.0,24.85,26.47,26.51,
BOOST,05-BOOST CHARGING protocol_Cycles 0 to 1000.zip,05-22-21_11.51_BOOST_protocol_whole_Schedule_IN21700_30T_cycle_#108_week#4.mat,schedule,108,298549,0.0,24.45,26.08,26.1,
BOOST,05-BOOST CHARGING protocol_Cycles 0 to 1000.zip,05-22-21_15.19_BOOST_protocol_halfC_0.5C_dchg_(a1)_IN21700_30T_cycle_#108.mat,halfC,108,7059,0.0,24.74,25.52,25.78,
BOOST,05-BOOST CHARGING protocol_Cycles 0 to 1000.zip,05-22-21_15.19_BOOST_protocol_halfC_CAP_(a1)_forexcel_cycle_#108.mat,CAP,108,0,1.0,,,,read:KeyError
BOOST,05-BOOST CHARGING protocol_Cycles 0 to 1000.zip,05-22-21_18.48_BOOST_protocol_halfC_0.5C_dchg_(a2)_IN21700_30T_cycle_#109.mat,halfC,109,7034,0.0,24.92,25.71,26.07,
BOOST,05-BOOST CHARGING protocol_Cycles 0 to 1000.zip,05-22-21_18.48_BOOST_protocol_halfC_CAP_(a2)_forexcel_cycle_#109.mat,CAP,109,0,1.0,,,,read:KeyError
BOOST,05-BOOST CHARGING protocol_Cycles 0 to 1000.zip,05-22-21_21.00_BOOST_protocol_ONE_C_charge_IN21700_30T_cycle_#109.mat,other,109,338,0.0,25.24,26.88,26.07,
BOOST,05-BOOST CHARGING protocol_Cycles 0 to 1000.zip,05-22-21_22.16_BOOST_protocol_OneC_1C_dchg_IN21700_30T_cycle_#110.mat,other,110,3488,0.0,25.83,26.79,27.2,
BOOST,05-BOOST CHARGING protocol_Cycles 0 to 1000.zip,05-23-21_00.50_BOOST_protocol_TwoC_2C_dchg_IN21700_30T_cycle_#111.mat,other,111,1727,0.0,24.79,27.19,27.74,
BOOST,05-BOOST CHARGING protocol_Cycles 0 to 1000.zip,05-23-21_02.56_BOOST_protocol_HPPC_IN21700_30T_cycle_#112.mat,HPPC,112,35041,0.0,24.65,25.98,26.0,
BOOST,05-BOOST CHARGING protocol_Cycles 0 to 1000.zip,05-24-21_09.03_BOOST_protocol_tenpercent_chg_a_IN21700_30T_cycle_#112.mat,other,112,1058,0.0,25.16,25.96,25.96,
BOOST,05-BOOST CHARGING protocol_Cycles 0 to 1000.zip,05-24-21_10.00_BOOST_protocol__Fifteen_Drive_Cycles_set_IN21700_30T_cycle_#113_to_127.mat,drive,113,105258,0.0,24.65,26.16,26.18,
BOOST,05-BOOST CHARGING protocol_Cycles 0 to 1000.zip,05-25-21_16.32_BOOST_protocol_halfC_0.5C_dchg_(b1)_IN21700_30T_cycle_#128.mat,halfC,128,7047,0.0,24.45,25.28,25.4,
BOOST,05-BOOST CHARGING protocol_Cycles 0 to 1000.zip,05-25-21_16.32_BOOST_protocol_halfC_CAP_(b1)_forexcel_cycle_#128.mat,CAP,128,0,1.0,,,,read:KeyError
BOOST,05-BOOST CHARGING protocol_Cycles 0 to 1000.zip,05-25-21_19.46_BOOST_protocol_halfC_0.5C_dchg_(b2)_IN21700_30T_cycle_#129.mat,halfC,129,7046,0.0,24.46,25.26,25.49,
BOOST,05-BOOST CHARGING protocol_Cycles 0 to 1000.zip,05-25-21_19.46_BOOST_protocol_halfC_CAP_(b2)_forexcel_cycle_#129.mat,CAP,129,0,1.0,,,,read:KeyError
BOOST,05-BOOST CHARGING protocol_Cycles 0 to 1000.zip,05-25-21_21.44_BOOST_protocol_tenpercent_chg_b_IN21700_30T_cycle_#129.mat,other,129,1058,0.0,24.66,25.45,25.45,
BOOST,05-BOOST CHARGING protocol_Cycles 0 to 1000.zip,05-25-21_22.41_BOOST_protocol__Fifteen_Drive_Cycles_set_IN21700_30T_cycle_#130_to_144.mat,drive,130,105596,0.0,24.67,26.18,26.19,
BOOST,05-BOOST CHARGING protocol_Cycles 0 to 1000.zip,Cover20 is not performed this week_#4.mat,other,-1,0,1.0,,,,read:KeyError
BOOST,05-BOOST CHARGING protocol_Cycles 0 to 1000.zip,05-27-21_15.35_BOOST_protocol_whole_Schedule_IN21700_30T_cycle_#145_week#5.mat,schedule,145,303973,0.0,24.17,26.15,26.21,
BOOST,05-BOOST CHARGING protocol_Cycles 0 to 1000.zip,05-27-21_19.53_BOOST_protocol_OCV_0.05C_IN21700_30T_cycle_#145.mat,OCV,145,2449,0.0,24.57,25.43,25.41,
BOOST,05-BOOST CHARGING protocol_Cycles 0 to 1000.zip,05-29-21_13.48_BOOST_protocol_halfC_0.5C_dchg_(a1)_IN21700_30T_cycle_#146.mat,halfC,146,7041,0.0,25.11,26.03,26.28,
BOOST,05-BOOST CHARGING protocol_Cycles 0 to 1000.zip,05-29-21_13.48_BOOST_protocol_halfC_CAP_(a1)_forexcel_cycle_#146.mat,CAP,146,0,1.0,,,,read:KeyError
BOOST,05-BOOST CHARGING protocol_Cycles 0 to 1000.zip,05-31-21_11.43_BOOST_protocol_halfC_0.5C_dchg_(a2)_IN21700_30T_cycle_#147.mat,halfC,147,6984,0.0,24.61,25.37,25.61,
BOOST,05-BOOST CHARGING protocol_Cycles 0 to 1000.zip,05-31-21_11.43_BOOST_protocol_halfC_CAP_(a2)_forexcel_cycle_#147.mat,CAP,147,0,1.0,,,,read:KeyError
BOOST,05-BOOST CHARGING protocol_Cycles 0 to 1000.zip,05-31-21_13.55_BOOST_protocol_ONE_C_charge_IN21700_30T_cycle_#147.mat,other,147,334,0.0,24.91,26.32,25.54,
BOOST,05-BOOST CHARGING protocol_Cycles 0 to 1000.zip,05-31-21_15.11_BOOST_protocol_OneC_1C_dchg_IN21700_30T_cycle_#148.mat,other,148,3469,0.0,25.09,26.1,26.45,
BOOST,05-BOOST CHARGING protocol_Cycles 0 to 1000.zip,05-31-21_17.43_BOOST_protocol_TwoC_2C_dchg_IN21700_30T_cycle_#149.mat,other,149,1718,0.0,24.98,27.24,27.74,
BOOST,05-BOOST CHARGING protocol_Cycles 0 to 1000.zip,05-31-21_19.48_BOOST_protocol_HPPC_IN21700_30T_cycle_#150.mat,HPPC,150,35073,0.0,24.47,25.81,25.89,
BOOST,05-BOOST CHARGING protocol_Cycles 0 to 1000.zip,06-02-21_01.56_BOOST_protocol_tenpercent_chg_a_IN21700_30T_cycle_#150.mat,other,150,1051,0.0,25.41,26.14,26.14,
BOOST,05-BOOST CHARGING protocol_Cycles 0 to 1000.zip,06-02-21_02.53_BOOST_protocol__Fifteen_Drive_Cycles_set_IN21700_30T_cycle_#151_to_165.mat,drive,151,105480,0.0,24.6,26.32,26.36,
BOOST,05-BOOST CHARGING protocol_Cycles 0 to 1000.zip,06-03-21_09.30_BOOST_protocol_halfC_0.5C_dchg_(b1)_IN21700_30T_cycle_#166.mat,halfC,166,7002,0.0,24.54,25.33,25.62,
BOOST,05-BOOST CHARGING protocol_Cycles 0 to 1000.zip,06-03-21_09.30_BOOST_protocol_halfC_CAP_(b1)_forexcel_cycle_#166.mat,CAP,166,0,1.0,,,,read:KeyError
BOOST,05-BOOST CHARGING protocol_Cycles 0 to 1000.zip,06-03-21_12.44_BOOST_protocol_halfC_0.5C_dchg_(b2)_IN21700_30T_cycle_#167.mat,halfC,167,7006,0.0,24.81,25.58,25.91,
BOOST,05-BOOST CHARGING protocol_Cycles 0 to 1000.zip,06-03-21_12.44_BOOST_protocol_halfC_CAP_(b2)_forexcel_cycle_#167.mat,CAP,167,0,1.0,,,,read:KeyError
BOOST,05-BOOST CHARGING protocol_Cycles 0 to 1000.zip,06-03-21_14.41_BOOST_protocol_tenpercent_chg_b_IN21700_30T_cycle_#167.mat,other,167,1052,0.0,25.2,25.94,25.94,
BOOST,05-BOOST CHARGING protocol_Cycles 0 to 1000.zip,06-03-21_15.40_BOOST_protocol__Fifteen_Drive_Cycles_set_IN21700_30T_cycle_#168_to_182.mat,drive,168,105554,0.0,24.17,26.28,26.34,
BOOST,05-BOOST CHARGING protocol_Cycles 0 to 1000.zip,variables.mat,other,-1,0,1.0,,,,read:KeyError
BOOST,05-BOOST CHARGING protocol_Cycles 0 to 1000.zip,week_.mat,other,-1,0,1.0,,,,read:KeyError
BOOST,05-BOOST CHARGING protocol_Cycles 0 to 1000.zip,06-06-21_10.37_BOOST_protocol_whole_Schedule_IN21700_30T_cycle_#183_week#6.mat,schedule,183,296897,0.0,24.02,26.18,26.18,
BOOST,05-BOOST CHARGING protocol_Cycles 0 to 1000.zip,06-06-21_14.05_BOOST_protocol_halfC_0.5C_dchg_(a1)_IN21700_30T_cycle_#183.mat,halfC,183,6965,0.0,24.69,25.49,25.78,
BOOST,05-BOOST CHARGING protocol_Cycles 0 to 1000.zip,06-06-21_14.05_BOOST_protocol_halfC_CAP_(a1)_forexcel_cycle_#183.mat,CAP,183,0,1.0,,,,read:KeyError
BOOST,05-BOOST CHARGING protocol_Cycles 0 to 1000.zip,06-06-21_17.32_BOOST_protocol_halfC_0.5C_dchg_(a2)_IN21700_30T_cycle_#184.mat,halfC,184,6935,0.0,24.75,25.82,25.66,
BOOST,05-BOOST CHARGING protocol_Cycles 0 to 1000.zip,06-06-21_17.32_BOOST_protocol_halfC_CAP_(a2)_forexcel_cycle_#184.mat,CAP,184,0,1.0,,,,read:KeyError
BOOST,05-BOOST CHARGING protocol_Cycles 0 to 1000.zip,06-06-21_19.43_BOOST_protocol_ONE_C_charge_IN21700_30T_cycle_#184.mat,other,184,330,0.0,24.61,26.18,25.25,
BOOST,05-BOOST CHARGING protocol_Cycles 0 to 1000.zip,06-06-21_21.00_BOOST_protocol_OneC_1C_dchg_IN21700_30T_cycle_#185.mat,other,185,3432,0.0,24.77,25.78,26.07,
BOOST,05-BOOST CHARGING protocol_Cycles 0 to 1000.zip,06-06-21_23.30_BOOST_protocol_TwoC_2C_dchg_IN21700_30T_cycle_#186.mat,other,186,1703,0.0,25.04,27.48,28.0,
BOOST,05-BOOST CHARGING protocol_Cycles 0 to 1000.zip,06-07-21_01.36_BOOST_protocol_HPPC_IN21700_30T_cycle_#187.mat,HPPC,187,35054,0.0,24.02,25.84,25.89,
BOOST,05-BOOST CHARGING protocol_Cycles 0 to 1000.zip,06-08-21_07.44_BOOST_protocol_tenpercent_chg_a_IN21700_30T_cycle_#187.mat,other,187,1042,0.0,24.57,25.37,25.37,
BOOST,05-BOOST CHARGING protocol_Cycles 0 to 1000.zip,06-08-21_08.41_BOOST_protocol__Fifteen_Drive_Cycles_set_IN21700_30T_cycle_#188_to_202.mat,drive,188,104411,0.0,24.72,26.32,26.38,
BOOST,05-BOOST CHARGING protocol_Cycles 0 to 1000.zip,06-09-21_14.58_BOOST_protocol_halfC_0.5C_dchg_(b1)_IN21700_30T_cycle_#203.mat,halfC,203,6955,0.0,24.71,25.55,25.86,
BOOST,05-BOOST CHARGING protocol_Cycles 0 to 1000.zip,06-09-21_14.58_BOOST_protocol_halfC_CAP_(b1)_forexcel_cycle_#203.mat,CAP,203,0,1.0,,,,read:KeyError
BOOST,05-BOOST CHARGING protocol_Cycles 0 to 1000.zip,06-09-21_18.11_BOOST_protocol_halfC_0.5C_dchg_(b2)_IN21700_30T_cycle_#204.mat,halfC,204,6955,0.0,24.68,25.81,25.66,
BOOST,05-BOOST CHARGING protocol_Cycles 0 to 1000.zip,06-09-21_18.11_BOOST_protocol_halfC_CAP_(b2)_forexcel_cycle_#204.mat,CAP,204,0,1.0,,,,read:KeyError
BOOST,05-BOOST CHARGING protocol_Cycles 0 to 1000.zip,06-09-21_20.07_BOOST_protocol_tenpercent_chg_b_IN21700_30T_cycle_#204.mat,other,204,1045,0.0,24.67,25.55,25.55,
BOOST,05-BOOST CHARGING protocol_Cycles 0 to 1000.zip,06-09-21_21.04_BOOST_protocol__Fifteen_Drive_Cycles_set_IN21700_30T_cycle_#205_to_219.mat,drive,205,105590,0.0,24.59,26.33,26.36,
BOOST,05-BOOST CHARGING protocol_Cycles 0 to 1000.zip,Cover20 is not performed this week_#6.mat,other,-1,0,1.0,,,,read:KeyError
BOOST,05-BOOST CHARGING protocol_Cycles 0 to 1000.zip,06-11-21_16.32_BOOST_protocol_whole_Schedule_IN21700_30T_cycle_#220_week#7.mat,schedule,220,300976,0.0,24.37,26.05,26.02,
BOOST,05-BOOST CHARGING protocol_Cycles 0 to 1000.zip,06-11-21_20.51_BOOST_protocol_OCV_0.05C_IN21700_30T_cycle_#220.mat,OCV,220,2431,0.0,24.44,25.39,25.42,
BOOST,05-BOOST CHARGING protocol_Cycles 0 to 1000.zip,06-13-21_14.27_BOOST_protocol_halfC_0.5C_dchg_(a1)_IN21700_30T_cycle_#221.mat,halfC,221,6941,0.0,24.39,25.39,25.39,
BOOST,05-BOOST CHARGING protocol_Cycles 0 to 1000.zip,06-13-21_14.27_BOOST_protocol_halfC_CAP_(a1)_forexcel_cycle_#221.mat,CAP,221,0,1.0,,,,read:KeyError
BOOST,05-BOOST CHARGING protocol_Cycles 0 to 1000.zip,06-14-21_13.50_BOOST_protocol_halfC_0.5C_dchg_(a2)_IN21700_30T_cycle_#222.mat,halfC,222,6893,0.0,24.5,25.24,25.46,
BOOST,05-BOOST CHARGING protocol_Cycles 0 to 1000.zip,06-14-21_13.50_BOOST_protocol_halfC_CAP_(a2)_forexcel_cycle_#222.mat,CAP,222,0,1.0,,,,read:KeyError
BOOST,05-BOOST CHARGING protocol_Cycles 0 to 1000.zip,06-14-21_16.00_BOOST_protocol_ONE_C_charge_IN21700_30T_cycle_#222.mat,other,222,327,0.0,24.52,26.09,25.28,
BOOST,05-BOOST CHARGING protocol_Cycles 0 to 1000.zip,06-14-21_17.17_BOOST_protocol_OneC_1C_dchg_IN21700_30T_cycle_#223.mat,other,223,3417,0.0,24.59,25.7,26.02,
BOOST,05-BOOST CHARGING protocol_Cycles 0 to 1000.zip,06-14-21_19.47_BOOST_protocol_TwoC_2C_dchg_IN21700_30T_cycle_#224.mat,other,224,1696,0.0,24.93,27.46,28.05,
BOOST,05-BOOST CHARGING protocol_Cycles 0 to 1000.zip,06-14-21_21.54_BOOST_protocol_HPPC_IN21700_30T_cycle_#225.mat,HPPC,225,35060,0.0,24.41,25.73,25.7,
BOOST,05-BOOST CHARGING protocol_Cycles 0 to 1000.zip,06-16-21_04.02_BOOST_protocol_tenpercent_chg_a_IN21700_30T_cycle_#225.mat,other,225,1037,0.0,25.25,25.95,25.95,
BOOST,05-BOOST CHARGING protocol_Cycles 0 to 1000.zip,06-16-21_05.01_BOOST_protocol__Fifteen_Drive_Cycles_set_IN21700_30T_cycle_#226_to_240.mat,drive,226,104024,0.0,24.53,26.11,26.06,
BOOST,05-BOOST CHARGING protocol_Cycles 0 to 1000.zip,06-17-21_11.12_BOOST_protocol_halfC_0.5C_dchg_(b1)_IN21700_30T_cycle_#241.mat,halfC,241,7511,0.0,24.37,25.23,25.47,
BOOST,05-BOOST CHARGING protocol_Cycles 0 to 1000.zip,06-17-21_11.12_BOOST_protocol_halfC_CAP_(b1)_forexcel_cycle_#241.mat,CAP,241,0,1.0,,,,read:KeyError
BOOST,05-BOOST CHARGING protocol_Cycles 0 to 1000.zip,06-17-21_14.35_BOOST_protocol_halfC_0.5C_dchg_(b2)_IN21700_30T_cycle_#242.mat,halfC,242,7519,0.0,24.87,25.64,26.04,
BOOST,05-BOOST CHARGING protocol_Cycles 0 to 1000.zip,06-17-21_14.35_BOOST_protocol_halfC_CAP_(b2)_forexcel_cycle_#242.mat,CAP,242,0,1.0,,,,read:KeyError
BOOST,05-BOOST CHARGING protocol_Cycles 0 to 1000.zip,06-17-21_16.40_BOOST_protocol_tenpercent_chg_b_IN21700_30T_cycle_#242.mat,other,242,1039,0.0,25.3,26.03,26.03,
BOOST,05-BOOST CHARGING protocol_Cycles 0 to 1000.zip,06-17-21_17.38_BOOST_protocol__Fifteen_Drive_Cycles_set_IN21700_30T_cycle_#243_to_257.mat,drive,243,106113,0.0,24.39,26.39,26.35,
BOOST,05-BOOST CHARGING protocol_Cycles 0 to 1000.zip,06-21-21_13.37_BOOST_protocol_whole_Schedule_IN21700_30T_cycle_#258_week#8.mat,schedule,258,298385,0.0,24.52,26.32,26.36,
BOOST,05-BOOST CHARGING protocol_Cycles 0 to 1000.zip,06-21-21_14.53_BOOST_protocol_halfC_0.5C_dchg_(a1)_IN21700_30T_cycle_#258.mat,halfC,258,6848,0.0,24.57,25.52,25.77,
BOOST,05-BOOST CHARGING protocol_Cycles 0 to 1000.zip,06-21-21_14.53_BOOST_protocol_halfC_CAP_(a1)_forexcel_cycle_#258.mat,CAP,258,0,1.0,,,,read:KeyError
BOOST,05-BOOST CHARGING protocol_Cycles 0 to 1000.zip,06-21-21_18.20_BOOST_protocol_halfC_0.5C_dchg_(a2)_IN21700_30T_cycle_#259.mat,halfC,259,6853,0.0,24.72,25.62,25.89,
BOOST,05-BOOST CHARGING protocol_Cycles 0 to 1000.zip,06-21-21_18.20_BOOST_protocol_halfC_CAP_(a2)_forexcel_cycle_#259.mat,CAP,259,0,1.0,,,,read:KeyError
BOOST,05-BOOST CHARGING protocol_Cycles 0 to 1000.zip,06-21-21_20.29_BOOST_protocol_ONE_C_charge_IN21700_30T_cycle_#259.mat,other,259,325,0.0,25.18,26.78,25.78,
BOOST,05-BOOST CHARGING protocol_Cycles 0 to 1000.zip,06-21-21_21.47_BOOST_protocol_OneC_1C_dchg_IN21700_30T_cycle_#260.mat,other,260,3400,0.0,25.49,26.51,26.87,
BOOST,05-BOOST CHARGING protocol_Cycles 0 to 1000.zip,06-22-21_00.21_BOOST_protocol_TwoC_2C_dchg_IN21700_30T_cycle_#261.mat,other,261,1684,0.0,25.61,27.74,28.19,
BOOST,05-BOOST CHARGING protocol_Cycles 0 to 1000.zip,06-22-21_02.28_BOOST_protocol_HPPC_IN21700_30T_cycle_#262.mat,HPPC,262,35034,0.0,24.52,25.99,26.0,
BOOST,05-BOOST CHARGING protocol_Cycles 0 to 1000.zip,06-24-21_14.19_BOOST_protocol_tenpercent_chg_a_IN21700_30T_cycle_#262.mat,other,262,1031,0.0,24.66,25.4,25.4,
BOOST,05-BOOST CHARGING protocol_Cycles 0 to 1000.zip,06-24-21_15.17_BOOST_protocol__Fifteen_Drive_Cycles_set_IN21700_30T_cycle_#263_to_277.mat,drive,263,105175,0.0,24.59,26.51,26.58,
BOOST,05-BOOST CHARGING protocol_Cycles 0 to 1000.zip,06-25-21_21.59_BOOST_protocol_halfC_0.5C_dchg_(b1)_IN21700_30T_cycle_#278.mat,halfC,278,6868,0.0,24.65,25.5,25.8,
BOOST,05-BOOST CHARGING protocol_Cycles 0 to 1000.zip,06-25-21_21.59_BOOST_protocol_halfC_CAP_(b1)_forexcel_cycle_#278.mat,CAP,278,0,1.0,,,,read:KeyError
BOOST,05-BOOST CHARGING protocol_Cycles 0 to 1000.zip,06-26-21_01.21_BOOST_protocol_halfC_0.5C_dchg_(b2)_IN21700_30T_cycle_#279.mat,halfC,279,6871,0.0,24.7,25.59,25.91,
BOOST,05-BOOST CHARGING protocol_Cycles 0 to 1000.zip,06-26-21_01.21_BOOST_protocol_halfC_CAP_(b2)_forexcel_cycle_#279.mat,CAP,279,0,1.0,,,,read:KeyError
BOOST,05-BOOST CHARGING protocol_Cycles 0 to 1000.zip,06-26-21_03.16_BOOST_protocol_tenpercent_chg_b_IN21700_30T_cycle_#279.mat,other,279,1032,0.0,25.08,25.96,25.96,
BOOST,05-BOOST CHARGING protocol_Cycles 0 to 1000.zip,06-26-21_04.14_BOOST_protocol__Fifteen_Drive_Cycles_set_IN21700_30T_cycle_#280_to_294.mat,drive,280,104951,0.0,24.82,26.48,26.51,
BOOST,05-BOOST CHARGING protocol_Cycles 0 to 1000.zip,Cover20 is not performed this week_#8.mat,other,-1,0,1.0,,,,read:KeyError
BOOST,05-BOOST CHARGING protocol_Cycles 0 to 1000.zip,06-28-21_15.49_BOOST_protocol_whole_Schedule_IN21700_30T_cycle_#295_week#9.mat,schedule,295,301062,0.0,24.07,26.43,26.43,
BOOST,05-BOOST CHARGING protocol_Cycles 0 to 1000.zip,06-28-21_17.09_BOOST_protocol_OCV_0.05C_IN21700_30T_cycle_#295.mat,OCV,295,2412,0.0,24.46,25.6,25.51,
BOOST,05-BOOST CHARGING protocol_Cycles 0 to 1000.zip,06-30-21_10.29_BOOST_protocol_halfC_0.5C_dchg_(a1)_IN21700_30T_cycle_#296.mat,halfC,296,6883,0.0,24.71,25.73,25.69,
BOOST,05-BOOST CHARGING protocol_Cycles 0 to 1000.zip,06-30-21_10.29_BOOST_protocol_halfC_CAP_(a1)_forexcel_cycle_#296.mat,CAP,296,0,1.0,,,,read:KeyError
BOOST,05-BOOST CHARGING protocol_Cycles 0 to 1000.zip,06-30-21_13.57_BOOST_protocol_halfC_0.5C_dchg_(a2)_IN21700_30T_cycle_#297.mat,halfC,297,6816,0.0,24.69,25.53,25.79,
BOOST,05-BOOST CHARGING protocol_Cycles 0 to 1000.zip,06-30-21_13.57_BOOST_protocol_halfC_CAP_(a2)_forexcel_cycle_#297.mat,CAP,297,0,1.0,,,,read:KeyError
BOOST,05-BOOST CHARGING protocol_Cycles 0 to 1000.zip,06-30-21_16.06_BOOST_protocol_ONE_C_charge_IN21700_30T_cycle_#297.mat,other,297,321,0.0,24.87,26.34,25.57,
BOOST,05-BOOST CHARGING protocol_Cycles 0 to 1000.zip,06-30-21_17.24_BOOST_protocol_OneC_1C_dchg_IN21700_30T_cycle_#298.mat,other,298,3381,0.0,24.08,26.12,27.11,
BOOST,05-BOOST CHARGING protocol_Cycles 0 to 1000.zip,06-30-21_20.00_BOOST_protocol_TwoC_2C_dchg_IN21700_30T_cycle_#299.mat,other,299,1674,0.0,25.15,27.52,27.9,
BOOST,05-BOOST CHARGING protocol_Cycles 0 to 1000.zip,06-30-21_22.07_BOOST_protocol_HPPC_IN21700_30T_cycle_#300.mat,HPPC,300,35018,0.0,24.67,26.15,26.18,
BOOST,05-BOOST CHARGING protocol_Cycles 0 to 1000.zip,07-02-21_04.15_BOOST_protocol_tenpercent_chg_a_IN21700_30T_cycle_#300.mat,other,300,1025,0.0,24.93,25.58,25.58,
BOOST,05-BOOST CHARGING protocol_Cycles 0 to 1000.zip,07-02-21_05.12_BOOST_protocol__Fifteen_Drive_Cycles_set_IN21700_30T_cycle_#301_to_315.mat,drive,301,105261,0.0,24.69,26.62,26.61,
BOOST,05-BOOST CHARGING protocol_Cycles 0 to 1000.zip,07-02-21_05.12_BOOST_protocol_Drive_Cycles(a)_IN21700_30T_cycle_#301.mat,drive,301,105261,0.0,24.69,26.62,26.61,
BOOST,05-BOOST CHARGING protocol_Cycles 0 to 1000.zip,07-03-21_11.56_BOOST_protocol_halfC_0.5C_dchg_(b1)_IN21700_30T_cycle_#316.mat,halfC,316,6836,0.0,25.27,26.17,26.7,
BOOST,05-BOOST CHARGING protocol_Cycles 0 to 1000.zip,07-03-21_11.56_BOOST_protocol_halfC_CAP_(b1)_forexcel_cycle_#316.mat,CAP,316,0,1.0,,,,read:KeyError
BOOST,05-BOOST CHARGING protocol_Cycles 0 to 1000.zip,07-03-21_15.23_BOOST_protocol_halfC_0.5C_dchg_(b2)_IN21700_30T_cycle_#317.mat,halfC,317,6831,0.0,24.79,25.63,26.02,
BOOST,05-BOOST CHARGING protocol_Cycles 0 to 1000.zip,07-03-21_15.23_BOOST_protocol_halfC_CAP_(b2)_forexcel_cycle_#317.mat,CAP,317,0,1.0,,,,read:KeyError
BOOST,05-BOOST CHARGING protocol_Cycles 0 to 1000.zip,07-03-21_17.17_BOOST_protocol_tenpercent_chg_b_IN21700_30T_cycle_#317.mat,other,317,1026,0.0,25.5,26.24,26.24,
BOOST,05-BOOST CHARGING protocol_Cycles 0 to 1000.zip,07-03-21_18.16_BOOST_protocol__Fifteen_Drive_Cycles_set_IN21700_30T_cycle_#318_to_332.mat,drive,318,105271,0.0,24.53,26.57,26.51,
BOOST,05-BOOST CHARGING protocol_Cycles 0 to 1000.zip,07-03-21_18.16_BOOST_protocol_Drive_Cycles(b)_IN21700_30T_cycle_#316.mat,drive,316,105271,0.0,24.53,26.57,26.51,
BOOST,05-BOOST CHARGING protocol_Cycles 0 to 1000.zip,07-05-21_09.15_BOOST_protocol_whole_Schedule_IN21700_30T_cycle_#333_week#10.mat,schedule,333,297980,0.0,24.05,26.41,26.41,
BOOST,05-BOOST CHARGING protocol_Cycles 0 to 1000.zip,07-05-21_09.45_BOOST_protocol_halfC_0.5C_dchg_(a1)_IN21700_30T_cycle_#333.mat,halfC,333,6852,0.0,24.78,25.56,25.86,
BOOST,05-BOOST CHARGING protocol_Cycles 0 to 1000.zip,07-05-21_09.45_BOOST_protocol_halfC_CAP_(a1)_forexcel_cycle_#333.mat,CAP,333,0,1.0,,,,read:KeyError
BOOST,05-BOOST CHARGING protocol_Cycles 0 to 1000.zip,07-05-21_13.12_BOOST_protocol_halfC_0.5C_dchg_(a2)_IN21700_30T_cycle_#334.mat,halfC,334,6785,0.0,25.17,26.11,25.9,
BOOST,05-BOOST CHARGING protocol_Cycles 0 to 1000.zip,07-05-21_13.12_BOOST_protocol_halfC_CAP_(a2)_forexcel_cycle_#334.mat,CAP,334,0,1.0,,,,read:KeyError
BOOST,05-BOOST CHARGING protocol_Cycles 0 to 1000.zip,07-05-21_15.20_BOOST_protocol_ONE_C_charge_IN21700_30T_cycle_#334.mat,other,334,319,0.0,24.96,26.34,25.62,
BOOST,05-BOOST CHARGING protocol_Cycles 0 to 1000.zip,07-05-21_16.39_BOOST_protocol_OneC_1C_dchg_IN21700_30T_cycle_#335.mat,other,335,3362,0.0,24.92,26.11,26.48,
BOOST,05-BOOST CHARGING protocol_Cycles 0 to 1000.zip,07-05-21_19.11_BOOST_protocol_TwoC_2C_dchg_IN21700_30T_cycle_#336.mat,other,336,1666,0.0,25.9,28.09,28.47,
BOOST,05-BOOST CHARGING protocol_Cycles 0 to 1000.zip,07-05-21_21.19_BOOST_protocol_HPPC_IN21700_30T_cycle_#337.mat,HPPC,337,35055,0.0,24.51,26.13,26.09,
BOOST,05-BOOST CHARGING protocol_Cycles 0 to 1000.zip,07-07-21_03.27_BOOST_protocol_tenpercent_chg_a_IN21700_30T_cycle_#337.mat,other,337,1020,0.0,25.7,26.45,26.45,
BOOST,05-BOOST CHARGING protocol_Cycles 0 to 1000.zip,07-07-21_04.24_BOOST_protocol__Fifteen_Drive_Cycles_set_IN21700_30T_cycle_#338_to_352.mat,drive,338,105119,0.0,24.05,26.53,26.63,
BOOST,05-BOOST CHARGING protocol_Cycles 0 to 1000.zip,07-08-21_11.07_BOOST_protocol_halfC_0.5C_dchg_(b1)_IN21700_30T_cycle_#353.mat,halfC,353,6791,0.0,24.86,25.93,25.93,
BOOST,05-BOOST CHARGING protocol_Cycles 0 to 1000.zip,07-08-21_11.07_BOOST_protocol_halfC_CAP_(b1)_forexcel_cycle_#353.mat,CAP,353,0,1.0,,,,read:KeyError
BOOST,05-BOOST CHARGING protocol_Cycles 0 to 1000.zip,07-08-21_14.29_BOOST_protocol_halfC_0.5C_dchg_(b2)_IN21700_30T_cycle_#354.mat,halfC,354,6793,0.0,24.93,25.72,26.06,
BOOST,05-BOOST CHARGING protocol_Cycles 0 to 1000.zip,07-08-21_14.29_BOOST_protocol_halfC_CAP_(b2)_forexcel_cycle_#354.mat,CAP,354,0,1.0,,,,read:KeyError
BOOST,05-BOOST CHARGING protocol_Cycles 0 to 1000.zip,07-08-21_16.22_BOOST_protocol_tenpercent_chg_b_IN21700_30T_cycle_#354.mat,other,354,1020,0.0,25.46,26.27,26.27,
BOOST,05-BOOST CHARGING protocol_Cycles 0 to 1000.zip,07-08-21_17.21_BOOST_protocol__Fifteen_Drive_Cycles_set_IN21700_30T_cycle_#355_to_369.mat,drive,355,105011,0.0,24.3,26.54,26.51,
BOOST,05-BOOST CHARGING protocol_Cycles 0 to 1000.zip,Cover20 is not performed this week_#10.mat,other,-1,0,1.0,,,,read:KeyError
BOOST,05-BOOST CHARGING protocol_Cycles 0 to 1000.zip,07-10-21_09.43_BOOST_protocol_whole_Schedule_IN21700_30T_cycle_#370_week#11.mat,schedule,370,299354,0.0,24.21,26.39,26.43,
BOOST,05-BOOST CHARGING protocol_Cycles 0 to 1000.zip,07-10-21_11.04_BOOST_protocol_OCV_0.05C_IN21700_30T_cycle_#370.mat,OCV,370,2398,0.0,24.21,25.62,25.57,
BOOST,05-BOOST CHARGING protocol_Cycles 0 to 1000.zip,07-12-21_04.11_BOOST_protocol_halfC_0.5C_dchg_(a1)_IN21700_30T_cycle_#371.mat,halfC,371,6810,0.0,25.05,26.09,25.94,
BOOST,05-BOOST CHARGING protocol_Cycles 0 to 1000.zip,07-12-21_04.11_BOOST_protocol_halfC_CAP_(a1)_forexcel_cycle_#371.mat,CAP,371,0,1.0,,,,read:KeyError
BOOST,05-BOOST CHARGING protocol_Cycles 0 to 1000.zip,07-12-21_07.38_BOOST_protocol_halfC_0.5C_dchg_(a2)_IN21700_30T_cycle_#372.mat,halfC,372,6749,0.0,24.87,25.68,26.06,
BOOST,05-BOOST CHARGING protocol_Cycles 0 to 1000.zip,07-12-21_07.38_BOOST_protocol_halfC_CAP_(a2)_forexcel_cycle_#372.mat,CAP,372,0,1.0,,,,read:KeyError
BOOST,05-BOOST CHARGING protocol_Cycles 0 to 1000.zip,07-12-21_09.46_BOOST_protocol_ONE_C_charge_IN21700_30T_cycle_#372.mat,other,372,317,0.0,25.38,27.06,26.07,
BOOST,05-BOOST CHARGING protocol_Cycles 0 to 1000.zip,07-12-21_11.04_BOOST_protocol_OneC_1C_dchg_IN21700_30T_cycle_#373.mat,other,373,3345,0.0,25.72,26.88,27.12,
BOOST,05-BOOST CHARGING protocol_Cycles 0 to 1000.zip,07-12-21_13.38_BOOST_protocol_TwoC_2C_dchg_IN21700_30T_cycle_#374.mat,other,374,1655,0.0,24.86,27.59,28.07,
BOOST,05-BOOST CHARGING protocol_Cycles 0 to 1000.zip,07-12-21_15.46_BOOST_protocol_HPPC_IN21700_30T_cycle_#375.mat,HPPC,375,35019,0.0,24.24,26.02,26.05,
BOOST,05-BOOST CHARGING protocol_Cycles 0 to 1000.zip,07-13-21_21.53_BOOST_protocol_tenpercent_chg_a_IN21700_30T_cycle_#375.mat,other,375,1015,0.0,25.73,26.51,26.51,
BOOST,05-BOOST CHARGING protocol_Cycles 0 to 1000.zip,07-13-21_22.49_BOOST_protocol__Fifteen_Drive_Cycles_set_IN21700_30T_cycle_#376_to_390.mat,drive,376,104451,0.0,24.6,26.53,26.56,
BOOST,05-BOOST CHARGING protocol_Cycles 0 to 1000.zip,07-15-21_05.22_BOOST_protocol_halfC_0.5C_dchg_(b1)_IN21700_30T_cycle_#391.mat,halfC,391,6754,0.0,24.68,25.59,25.7,
BOOST,05-BOOST CHARGING protocol_Cycles 0 to 1000.zip,07-15-21_05.22_BOOST_protocol_halfC_CAP_(b1)_forexcel_cycle_#391.mat,CAP,391,0,1.0,,,,read:KeyError
BOOST,05-BOOST CHARGING protocol_Cycles 0 to 1000.zip,07-15-21_08.44_BOOST_protocol_halfC_0.5C_dchg_(b2)_IN21700_30T_cycle_#392.mat,halfC,392,6760,0.0,25.03,25.91,26.31,
BOOST,05-BOOST CHARGING protocol_Cycles 0 to 1000.zip,07-15-21_08.44_BOOST_protocol_halfC_CAP_(b2)_forexcel_cycle_#392.mat,CAP,392,0,1.0,,,,read:KeyError
BOOST,05-BOOST CHARGING protocol_Cycles 0 to 1000.zip,07-15-21_10.37_BOOST_protocol_tenpercent_chg_b_IN21700_30T_cycle_#392.mat,other,392,1016,0.0,25.7,26.51,26.51,
BOOST,05-BOOST CHARGING protocol_Cycles 0 to 1000.zip,07-15-21_11.37_BOOST_protocol__Fifteen_Drive_Cycles_set_IN21700_30T_cycle_#393_to_407.mat,drive,393,104637,0.0,24.79,26.54,26.55,
BOOST,05-BOOST CHARGING protocol_Cycles 0 to 1000.zip,07-16-21_19.17_BOOST_protocol_whole_Schedule_IN21700_30T_cycle_#408_week#12.mat,schedule,408,299296,0.0,22.65,26.23,26.2,
BOOST,05-BOOST CHARGING protocol_Cycles 0 to 1000.zip,07-16-21_19.46_BOOST_protocol_halfC_0.5C_dchg_(a1)_IN21700_30T_cycle_#408.mat,halfC,408,6770,0.0,24.68,25.5,25.84,
BOOST,05-BOOST CHARGING protocol_Cycles 0 to 1000.zip,07-16-21_19.46_BOOST_protocol_halfC_CAP_(a1)_forexcel_cycle_#408.mat,CAP,408,0,1.0,,,,read:KeyError
BOOST,05-BOOST CHARGING protocol_Cycles 0 to 1000.zip,07-16-21_23.13_BOOST_protocol_halfC_0.5C_dchg_(a2)_IN21700_30T_cycle_#409.mat,halfC,409,6720,0.0,25.46,26.28,26.49,
BOOST,05-BOOST CHARGING protocol_Cycles 0 to 1000.zip,07-16-21_23.13_BOOST_protocol_halfC_CAP_(a2)_forexcel_cycle_#409.mat,CAP,409,0,1.0,,,,read:KeyError
BOOST,05-BOOST CHARGING protocol_Cycles 0 to 1000.zip,07-17-21_01.20_BOOST_protocol_ONE_C_charge_IN21700_30T_cycle_#409.mat,other,409,314,0.0,25.06,26.56,25.8,
BOOST,05-BOOST CHARGING protocol_Cycles 0 to 1000.zip,07-17-21_02.39_BOOST_protocol_OneC_1C_dchg_IN21700_30T_cycle_#410.mat,other,410,3326,0.0,24.87,26.04,26.38,
BOOST,05-BOOST CHARGING protocol_Cycles 0 to 1000.zip,07-17-21_05.12_BOOST_protocol_TwoC_2C_dchg_IN21700_30T_cycle_#411.mat,other,411,1650,0.0,25.4,28.23,28.79,
BOOST,05-BOOST CHARGING protocol_Cycles 0 to 1000.zip,07-17-21_07.22_BOOST_protocol_HPPC_IN21700_30T_cycle_#412.mat,HPPC,412,34472,0.0,22.98,25.73,25.51,
BOOST,05-BOOST CHARGING protocol_Cycles 0 to 1000.zip,07-19-21_15.35_BOOST_protocol_tenpercent_chg_a_IN21700_30T_cycle_#412.mat,other,412,1011,0.0,23.23,24.12,24.12,
BOOST,05-BOOST CHARGING protocol_Cycles 0 to 1000.zip,07-19-21_16.40_BOOST_protocol__Fifteen_Drive_Cycles_set_IN21700_30T_cycle_#413_to_427.mat,drive,413,107651,0.0,22.65,26.14,26.13,
BOOST,05-BOOST CHARGING protocol_Cycles 0 to 1000.zip,07-21-21_00.06_BOOST_protocol_halfC_0.5C_dchg_(b1)_IN21700_30T_cycle_#428.mat,halfC,428,6710,0.0,24.69,25.55,25.85,
BOOST,05-BOOST CHARGING protocol_Cycles 0 to 1000.zip,07-21-21_00.06_BOOST_protocol_halfC_CAP_(b1)_forexcel_cycle_#428.mat,CAP,428,0,1.0,,,,read:KeyError
BOOST,05-BOOST CHARGING protocol_Cycles 0 to 1000.zip,07-21-21_03.28_BOOST_protocol_halfC_0.5C_dchg_(b2)_IN21700_30T_cycle_#429.mat,halfC,429,6715,0.0,24.84,25.66,25.96,
BOOST,05-BOOST CHARGING protocol_Cycles 0 to 1000.zip,07-21-21_03.28_BOOST_protocol_halfC_CAP_(b2)_forexcel_cycle_#429.mat,CAP,429,0,1.0,,,,read:KeyError
BOOST,05-BOOST CHARGING protocol_Cycles 0 to 1000.zip,07-21-21_05.20_BOOST_protocol_tenpercent_chg_b_IN21700_30T_cycle_#429.mat,other,429,1009,0.0,25.21,26.07,26.07,
BOOST,05-BOOST CHARGING protocol_Cycles 0 to 1000.zip,07-21-21_06.18_BOOST_protocol__Fifteen_Drive_Cycles_set_IN21700_30T_cycle_#430_to_444.mat,drive,430,104177,0.0,24.92,26.54,26.52,
BOOST,05-BOOST CHARGING protocol_Cycles 0 to 1000.zip,Cover20 is not performed this week_#12.mat,other,-1,0,1.0,,,,read:KeyError
BOOST,05-BOOST CHARGING protocol_Cycles 0 to 1000.zip,07-22-21_15.02_BOOST_protocol_whole_Schedule_IN21700_30T_cycle_#445_week#13.mat,schedule,445,298569,0.0,24.03,26.31,26.34,
BOOST,05-BOOST CHARGING protocol_Cycles 0 to 1000.zip,07-22-21_16.23_BOOST_protocol_OCV_0.05C_IN21700_30T_cycle_#445.mat,OCV,445,2381,0.0,24.12,25.66,25.67,
BOOST,05-BOOST CHARGING protocol_Cycles 0 to 1000.zip,07-24-21_09.08_BOOST_protocol_halfC_0.5C_dchg_(a1)_IN21700_30T_cycle_#446.mat,halfC,446,6733,0.0,24.77,25.62,26.0,
BOOST,05-BOOST CHARGING protocol_Cycles 0 to 1000.zip,07-24-21_09.08_BOOST_protocol_halfC_CAP_(a1)_forexcel_cycle_#446.mat,CAP,446,0,1.0,,,,read:KeyError
BOOST,05-BOOST CHARGING protocol_Cycles 0 to 1000.zip,07-24-21_12.34_BOOST_protocol_halfC_0.5C_dchg_(a2)_IN21700_30T_cycle_#447.mat,halfC,447,6679,0.0,24.92,25.78,25.84,
BOOST,05-BOOST CHARGING protocol_Cycles 0 to 1000.zip,07-24-21_12.34_BOOST_protocol_halfC_CAP_(a2)_forexcel_cycle_#447.mat,CAP,447,0,1.0,,,,read:KeyError
BOOST,05-BOOST CHARGING protocol_Cycles 0 to 1000.zip,07-24-21_14.40_BOOST_protocol_ONE_C_charge_IN21700_30T_cycle_#447.mat,other,447,311,0.0,25.03,26.7,25.72,
BOOST,05-BOOST CHARGING protocol_Cycles 0 to 1000.zip,07-24-21_16.00_BOOST_protocol_OneC_1C_dchg_IN21700_30T_cycle_#448.mat,other,448,3309,0.0,25.52,26.78,27.21,
BOOST,05-BOOST CHARGING protocol_Cycles 0 to 1000.zip,07-24-21_18.34_BOOST_protocol_TwoC_2C_dchg_IN21700_30T_cycle_#449.mat,other,449,1637,0.0,25.17,27.9,28.45,
BOOST,05-BOOST CHARGING protocol_Cycles 0 to 1000.zip,07-24-21_20.43_BOOST_protocol_HPPC_IN21700_30T_cycle_#450.mat,HPPC,450,35034,0.0,24.03,26.0,25.97,
BOOST,05-BOOST CHARGING protocol_Cycles 0 to 1000.zip,07-26-21_02.50_BOOST_protocol_tenpercent_chg_a_IN21700_30T_cycle_#450.mat,other,450,1004,0.0,25.03,25.71,25.71,
BOOST,05-BOOST CHARGING protocol_Cycles 0 to 1000.zip,07-26-21_03.47_BOOST_protocol__Fifteen_Drive_Cycles_set_IN21700_30T_cycle_#451_to_465.mat,drive,451,103936,0.0,24.94,26.58,26.63,
BOOST,05-BOOST CHARGING protocol_Cycles 0 to 1000.zip,07-27-21_16.55_BOOST_protocol_halfC_0.5C_dchg_(b1)_IN21700_30T_cycle_#466.mat,halfC,466,6681,0.0,24.89,25.65,25.84,
BOOST,05-BOOST CHARGING protocol_Cycles 0 to 1000.zip,07-27-21_16.55_BOOST_protocol_halfC_CAP_(b1)_forexcel_cycle_#466.mat,CAP,466,0,1.0,,,,read:KeyError
BOOST,05-BOOST CHARGING protocol_Cycles 0 to 1000.zip,07-27-21_20.16_BOOST_protocol_halfC_0.5C_dchg_(b2)_IN21700_30T_cycle_#467.mat,halfC,467,6683,0.0,24.69,25.58,25.88,
BOOST,05-BOOST CHARGING protocol_Cycles 0 to 1000.zip,07-27-21_20.16_BOOST_protocol_halfC_CAP_(b2)_forexcel_cycle_#467.mat,CAP,467,0,1.0,,,,read:KeyError
BOOST,05-BOOST CHARGING protocol_Cycles 0 to 1000.zip,07-27-21_23.06_BOOST_protocol__Fifteen_Drive_Cycles_set_IN21700_30T_cycle_#468_to_482.mat,drive,468,104410,0.0,24.27,26.36,26.38,
BOOST,05-BOOST CHARGING protocol_Cycles 0 to 1000.zip,08-09-21_07.34_BOOST_protocol_whole_Schedule_IN21700_30T_cycle_#483_week#14.mat,schedule,483,292867,0.0,24.38,26.23,26.24,
BOOST,05-BOOST CHARGING protocol_Cycles 0 to 1000.zip,08-09-21_08.06_BOOST_protocol_halfC_0.5C_dchg_(a1)_IN21700_30T_cycle_#483.mat,halfC,483,6632,0.0,24.75,25.57,25.87,
BOOST,05-BOOST CHARGING protocol_Cycles 0 to 1000.zip,08-09-21_08.06_BOOST_protocol_halfC_CAP_(a1)_forexcel_cycle_#483.mat,CAP,483,0,1.0,,,,read:KeyError
BOOST,05-BOOST CHARGING protocol_Cycles 0 to 1000.zip,08-09-21_11.30_BOOST_protocol_halfC_0.5C_dchg_(a2)_IN21700_30T_cycle_#484.mat,halfC,484,6548,0.0,24.91,25.64,25.78,
BOOST,05-BOOST CHARGING protocol_Cycles 0 to 1000.zip,08-09-21_11.30_BOOST_protocol_halfC_CAP_(a2)_forexcel_cycle_#484.mat,CAP,484,0,1.0,,,,read:KeyError
BOOST,05-BOOST CHARGING protocol_Cycles 0 to 1000.zip,08-09-21_13.34_BOOST_protocol_ONE_C_charge_IN21700_30T_cycle_#484.mat,other,484,305,0.0,24.95,26.66,25.49,
BOOST,05-BOOST CHARGING protocol_Cycles 0 to 1000.zip,08-09-21_14.53_BOOST_protocol_OneC_1C_dchg_IN21700_30T_cycle_#485.mat,other,485,3248,0.0,24.88,26.06,26.37,
BOOST,05-BOOST CHARGING protocol_Cycles 0 to 1000.zip,08-09-21_17.24_BOOST_protocol_TwoC_2C_dchg_IN21700_30T_cycle_#486.mat,other,486,1610,0.0,25.13,28.08,28.62,
BOOST,05-BOOST CHARGING protocol_Cycles 0 to 1000.zip,08-09-21_19.33_BOOST_protocol_HPPC_IN21700_30T_cycle_#487.mat,HPPC,487,35064,0.0,24.63,25.8,25.81,
BOOST,05-BOOST CHARGING protocol_Cycles 0 to 1000.zip,08-11-21_01.40_BOOST_protocol_tenpercent_chg_a_IN21700_30T_cycle_#487.mat,other,487,986,0.0,24.8,25.55,25.55,
BOOST,05-BOOST CHARGING protocol_Cycles 0 to 1000.zip,08-11-21_02.37_BOOST_protocol__Fifteen_Drive_Cycles_set_IN21700_30T_cycle_#488_to_502.mat,drive,488,102133,0.0,24.7,26.38,26.41,
BOOST,05-BOOST CHARGING protocol_Cycles 0 to 1000.zip,08-12-21_08.31_BOOST_protocol_halfC_0.5C_dchg_(b1)_IN21700_30T_cycle_#503.mat,halfC,503,6611,0.0,24.72,25.53,25.81,
BOOST,05-BOOST CHARGING protocol_Cycles 0 to 1000.zip,08-12-21_08.31_BOOST_protocol_halfC_CAP_(b1)_forexcel_cycle_#503.mat,CAP,503,0,1.0,,,,read:KeyError
BOOST,05-BOOST CHARGING protocol_Cycles 0 to 1000.zip,08-12-21_11.51_BOOST_protocol_halfC_0.5C_dchg_(b2)_IN21700_30T_cycle_#504.mat,halfC,504,6614,0.0,24.58,25.58,25.77,
BOOST,05-BOOST CHARGING protocol_Cycles 0 to 1000.zip,08-12-21_11.51_BOOST_protocol_halfC_CAP_(b2)_forexcel_cycle_#504.mat,CAP,504,0,1.0,,,,read:KeyError
BOOST,05-BOOST CHARGING protocol_Cycles 0 to 1000.zip,08-12-21_14.39_BOOST_protocol__Fifteen_Drive_Cycles_set_IN21700_30T_cycle_#505_to_519.mat,drive,505,103416,0.0,24.38,26.46,26.42,
BOOST,05-BOOST CHARGING protocol_Cycles 0 to 1000.zip,Cover20 is not performed this week_#14.mat,other,-1,0,1.0,,,,read:KeyError
BOOST,05-BOOST CHARGING protocol_Cycles 0 to 1000.zip,08-14-21_08.05_BOOST_protocol_whole_Schedule_IN21700_30T_cycle_#520_week#15.mat,schedule,520,297820,0.0,24.0,26.45,26.54,
BOOST,05-BOOST CHARGING protocol_Cycles 0 to 1000.zip,08-14-21_09.24_BOOST_protocol_OCV_0.05C_IN21700_30T_cycle_#520.mat,OCV,520,2348,0.0,24.02,25.62,25.59,
BOOST,05-BOOST CHARGING protocol_Cycles 0 to 1000.zip,08-16-21_01.28_BOOST_protocol_halfC_0.5C_dchg_(a1)_IN21700_30T_cycle_#521.mat,halfC,521,6598,0.0,24.36,25.85,25.65,
BOOST,05-BOOST CHARGING protocol_Cycles 0 to 1000.zip,08-16-21_01.28_BOOST_protocol_halfC_CAP_(a1)_forexcel_cycle_#521.mat,CAP,521,0,1.0,,,,read:KeyError
BOOST,05-BOOST CHARGING protocol_Cycles 0 to 1000.zip,08-16-21_04.53_BOOST_protocol_halfC_0.5C_dchg_(a2)_IN21700_30T_cycle_#522.mat,halfC,522,6584,0.0,24.93,25.85,26.35,
BOOST,05-BOOST CHARGING protocol_Cycles 0 to 1000.zip,08-16-21_04.53_BOOST_protocol_halfC_CAP_(a2)_forexcel_cycle_#522.mat,CAP,522,0,1.0,,,,read:KeyError
BOOST,05-BOOST CHARGING protocol_Cycles 0 to 1000.zip,08-16-21_07.02_BOOST_protocol_ONE_C_charge_IN21700_30T_cycle_#522.mat,other,522,305,0.0,25.66,27.29,26.2,
BOOST,05-BOOST CHARGING protocol_Cycles 0 to 1000.zip,08-16-21_08.21_BOOST_protocol_OneC_1C_dchg_IN21700_30T_cycle_#523.mat,other,523,3258,0.0,24.47,26.2,26.56,
BOOST,05-BOOST CHARGING protocol_Cycles 0 to 1000.zip,08-16-21_10.54_BOOST_protocol_TwoC_2C_dchg_IN21700_30T_cycle_#524.mat,other,524,1617,0.0,25.25,28.46,29.02,
BOOST,05-BOOST CHARGING protocol_Cycles 0 to 1000.zip,08-16-21_13.05_BOOST_protocol_HPPC_IN21700_30T_cycle_#525.mat,HPPC,525,34957,0.0,24.0,26.01,26.03,
BOOST,05-BOOST CHARGING protocol_Cycles 0 to 1000.zip,08-17-21_19.10_BOOST_protocol_tenpercent_chg_a_IN21700_30T_cycle_#525.mat,other,525,991,0.0,25.23,25.91,25.91,
BOOST,05-BOOST CHARGING protocol_Cycles 0 to 1000.zip,08-17-21_20.09_BOOST_protocol__Fifteen_Drive_Cycles_set_IN21700_30T_cycle_#526_to_540.mat,drive,526,104004,0.0,24.5,26.61,26.65,
BOOST,05-BOOST CHARGING protocol_Cycles 0 to 1000.zip,08-19-21_02.37_BOOST_protocol_halfC_0.5C_dchg_(b1)_IN21700_30T_cycle_#541.mat,halfC,541,6598,0.0,24.67,25.55,25.91,
BOOST,05-BOOST CHARGING protocol_Cycles 0 to 1000.zip,08-19-21_02.37_BOOST_protocol_halfC_CAP_(b1)_forexcel_cycle_#541.mat,CAP,541,0,1.0,,,,read:KeyError
BOOST,05-BOOST CHARGING protocol_Cycles 0 to 1000.zip,08-19-21_05.58_BOOST_protocol_halfC_0.5C_dchg_(b2)_IN21700_30T_cycle_#542.mat,halfC,542,6597,0.0,24.66,25.93,25.45,
BOOST,05-BOOST CHARGING protocol_Cycles 0 to 1000.zip,08-19-21_05.58_BOOST_protocol_halfC_CAP_(b2)_forexcel_cycle_#542.mat,CAP,542,0,1.0,,,,read:KeyError
BOOST,05-BOOST CHARGING protocol_Cycles 0 to 1000.zip,08-19-21_08.45_BOOST_protocol__Fifteen_Drive_Cycles_set_IN21700_30T_cycle_#543_to_557.mat,drive,543,103813,0.0,24.61,26.64,26.8,
BOOST,05-BOOST CHARGING protocol_Cycles 0 to 1000.zip,08-20-21_21.41_BOOST_protocol_whole_Schedule_IN21700_30T_cycle_#558_week#16.mat,schedule,558,293731,0.0,24.68,26.4,26.45,
BOOST,05-BOOST CHARGING protocol_Cycles 0 to 1000.zip,08-20-21_22.12_BOOST_protocol_halfC_0.5C_dchg_(a1)_IN21700_30T_cycle_#558.mat,halfC,558,6653,0.0,24.92,25.73,25.91,
BOOST,05-BOOST CHARGING protocol_Cycles 0 to 1000.zip,08-20-21_22.12_BOOST_protocol_halfC_CAP_(a1)_forexcel_cycle_#558.mat,CAP,558,0,1.0,,,,read:KeyError
BOOST,05-BOOST CHARGING protocol_Cycles 0 to 1000.zip,08-21-21_01.38_BOOST_protocol_halfC_0.5C_dchg_(a2)_IN21700_30T_cycle_#559.mat,halfC,559,6567,0.0,24.77,25.65,25.93,
BOOST,05-BOOST CHARGING protocol_Cycles 0 to 1000.zip,08-21-21_01.38_BOOST_protocol_halfC_CAP_(a2)_forexcel_cycle_#559.mat,CAP,559,0,1.0,,,,read:KeyError
BOOST,05-BOOST CHARGING protocol_Cycles 0 to 1000.zip,08-21-21_03.42_BOOST_protocol_ONE_C_charge_IN21700_30T_cycle_#559.mat,other,559,303,0.0,25.17,26.93,25.85,
BOOST,05-BOOST CHARGING protocol_Cycles 0 to 1000.zip,08-21-21_05.02_BOOST_protocol_OneC_1C_dchg_IN21700_30T_cycle_#560.mat,other,560,3250,0.0,25.11,26.28,26.56,
BOOST,05-BOOST CHARGING protocol_Cycles 0 to 1000.zip,08-21-21_07.36_BOOST_protocol_TwoC_2C_dchg_IN21700_30T_cycle_#561.mat,other,561,1611,0.0,25.26,28.54,29.24,
BOOST,05-BOOST CHARGING protocol_Cycles 0 to 1000.zip,08-21-21_09.48_BOOST_protocol_HPPC_IN21700_30T_cycle_#562.mat,HPPC,562,34992,0.0,24.68,25.87,25.87,
BOOST,05-BOOST CHARGING protocol_Cycles 0 to 1000.zip,08-22-21_15.54_BOOST_protocol_tenpercent_chg_a_IN21700_30T_cycle_#562.mat,other,562,987,0.0,25.27,25.89,25.89,
BOOST,05-BOOST CHARGING protocol_Cycles 0 to 1000.zip,08-22-21_16.51_BOOST_protocol__Fifteen_Drive_Cycles_set_IN21700_30T_cycle_#563_to_577.mat,drive,563,102604,0.0,24.72,26.52,26.56,
BOOST,05-BOOST CHARGING protocol_Cycles 0 to 1000.zip,08-23-21_22.54_BOOST_protocol_halfC_0.5C_dchg_(b1)_IN21700_30T_cycle_#578.mat,halfC,578,6572,0.0,25.04,25.87,26.16,
BOOST,05-BOOST CHARGING protocol_Cycles 0 to 1000.zip,08-23-21_22.54_BOOST_protocol_halfC_CAP_(b1)_forexcel_cycle_#578.mat,CAP,578,0,1.0,,,,read:KeyError
BOOST,05-BOOST CHARGING protocol_Cycles 0 to 1000.zip,08-24-21_02.16_BOOST_protocol_halfC_0.5C_dchg_(b2)_IN21700_30T_cycle_#579.mat,halfC,579,6574,0.0,24.94,25.8,26.1,
BOOST,05-BOOST CHARGING protocol_Cycles 0 to 1000.zip,08-24-21_02.16_BOOST_protocol_halfC_CAP_(b2)_forexcel_cycle_#579.mat,CAP,579,0,1.0,,,,read:KeyError
BOOST,05-BOOST CHARGING protocol_Cycles 0 to 1000.zip,08-24-21_05.04_BOOST_protocol__Fifteen_Drive_Cycles_set_IN21700_30T_cycle_#580_to_594.mat,drive,580,103516,0.0,25.04,26.65,26.66,
BOOST,05-BOOST CHARGING protocol_Cycles 0 to 1000.zip,Cover20 is not performed this week_#16.mat,other,-1,0,1.0,,,,read:KeyError
BOOST,05-BOOST CHARGING protocol_Cycles 0 to 1000.zip,08-25-21_12.57_BOOST_protocol_whole_Schedule_IN21700_30T_cycle_#595_week#17.mat,schedule,595,296309,0.0,24.81,26.43,26.48,
BOOST,05-BOOST CHARGING protocol_Cycles 0 to 1000.zip,08-25-21_14.18_BOOST_protocol_OCV_0.05C_IN21700_30T_cycle_#595.mat,OCV,595,2342,0.0,24.81,25.61,25.67,
BOOST,05-BOOST CHARGING protocol_Cycles 0 to 1000.zip,08-27-21_06.23_BOOST_protocol_halfC_0.5C_dchg_(a1)_IN21700_30T_cycle_#596.mat,halfC,596,6611,0.0,25.03,25.87,26.11,
BOOST,05-BOOST CHARGING protocol_Cycles 0 to 1000.zip,08-27-21_06.23_BOOST_protocol_halfC_CAP_(a1)_forexcel_cycle_#596.mat,CAP,596,0,1.0,,,,read:KeyError
BOOST,05-BOOST CHARGING protocol_Cycles 0 to 1000.zip,08-27-21_09.50_BOOST_protocol_halfC_0.5C_dchg_(a2)_IN21700_30T_cycle_#597.mat,halfC,597,6530,0.0,25.03,25.85,26.12,
BOOST,05-BOOST CHARGING protocol_Cycles 0 to 1000.zip,08-27-21_09.50_BOOST_protocol_halfC_CAP_(a2)_forexcel_cycle_#597.mat,CAP,597,0,1.0,,,,read:KeyError
BOOST,05-BOOST CHARGING protocol_Cycles 0 to 1000.zip,08-27-21_11.55_BOOST_protocol_ONE_C_charge_IN21700_30T_cycle_#597.mat,other,597,301,0.0,25.19,27.06,25.81,
BOOST,05-BOOST CHARGING protocol_Cycles 0 to 1000.zip,08-27-21_13.16_BOOST_protocol_OneC_1C_dchg_IN21700_30T_cycle_#598.mat,other,598,3235,0.0,25.26,26.34,26.58,
BOOST,05-BOOST CHARGING protocol_Cycles 0 to 1000.zip,08-27-21_15.50_BOOST_protocol_TwoC_2C_dchg_IN21700_30T_cycle_#599.mat,other,599,1604,0.0,25.15,28.33,28.8,
BOOST,05-BOOST CHARGING protocol_Cycles 0 to 1000.zip,08-27-21_18.01_BOOST_protocol_HPPC_IN21700_30T_cycle_#600.mat,HPPC,600,34977,0.0,24.91,25.96,25.98,
BOOST,05-BOOST CHARGING protocol_Cycles 0 to 1000.zip,08-29-21_00.06_BOOST_protocol_tenpercent_chg_a_IN21700_30T_cycle_#600.mat,other,600,983,0.0,25.12,25.82,25.82,
BOOST,05-BOOST CHARGING protocol_Cycles 0 to 1000.zip,08-29-21_01.04_BOOST_protocol__Fifteen_Drive_Cycles_set_IN21700_30T_cycle_#601_to_615.mat,drive,601,103200,0.0,24.98,26.62,26.68,
BOOST,05-BOOST CHARGING protocol_Cycles 0 to 1000.zip,08-30-21_07.18_BOOST_protocol_halfC_0.5C_dchg_(b1)_IN21700_30T_cycle_#616.mat,halfC,616,6543,0.0,25.02,25.8,26.09,
BOOST,05-BOOST CHARGING protocol_Cycles 0 to 1000.zip,08-30-21_07.18_BOOST_protocol_halfC_CAP_(b1)_forexcel_cycle_#616.mat,CAP,616,0,1.0,,,,read:KeyError
BOOST,05-BOOST CHARGING protocol_Cycles 0 to 1000.zip,08-30-21_10.41_BOOST_protocol_halfC_0.5C_dchg_(b2)_IN21700_30T_cycle_#617.mat,halfC,617,6545,0.0,25.03,25.84,26.03,
BOOST,05-BOOST CHARGING protocol_Cycles 0 to 1000.zip,08-30-21_10.41_BOOST_protocol_halfC_CAP_(b2)_forexcel_cycle_#617.mat,CAP,617,0,1.0,,,,read:KeyError
BOOST,05-BOOST CHARGING protocol_Cycles 0 to 1000.zip,08-30-21_13.28_BOOST_protocol__Fifteen_Drive_Cycles_set_IN21700_30T_cycle_#618_to_632.mat,drive,618,103047,0.0,25.07,26.61,26.64,
BOOST,05-BOOST CHARGING protocol_Cycles 0 to 1000.zip,08-31-21_21.45_BOOST_protocol_whole_Schedule_IN21700_30T_cycle_#633_week#18.mat,schedule,633,293589,0.0,24.84,26.43,26.49,
BOOST,05-BOOST CHARGING protocol_Cycles 0 to 1000.zip,08-31-21_22.16_BOOST_protocol_halfC_0.5C_dchg_(a1)_IN21700_30T_cycle_#633.mat,halfC,633,6595,0.0,25.1,25.89,26.18,
BOOST,05-BOOST CHARGING protocol_Cycles 0 to 1000.zip,08-31-21_22.16_BOOST_protocol_halfC_CAP_(a1)_forexcel_cycle_#633.mat,CAP,633,0,1.0,,,,read:KeyError
BOOST,05-BOOST CHARGING protocol_Cycles 0 to 1000.zip,09-01-21_01.43_BOOST_protocol_halfC_0.5C_dchg_(a2)_IN21700_30T_cycle_#634.mat,halfC,634,6511,0.0,25.02,25.79,26.09,
BOOST,05-BOOST CHARGING protocol_Cycles 0 to 1000.zip,09-01-21_01.43_BOOST_protocol_halfC_CAP_(a2)_forexcel_cycle_#634.mat,CAP,634,0,1.0,,,,read:KeyError
BOOST,05-BOOST CHARGING protocol_Cycles 0 to 1000.zip,09-01-21_03.48_BOOST_protocol_ONE_C_charge_IN21700_30T_cycle_#634.mat,other,634,299,0.0,25.22,27.02,25.87,
BOOST,05-BOOST CHARGING protocol_Cycles 0 to 1000.zip,09-01-21_05.09_BOOST_protocol_OneC_1C_dchg_IN21700_30T_cycle_#635.mat,other,635,3224,0.0,25.18,26.44,26.8,
BOOST,05-BOOST CHARGING protocol_Cycles 0 to 1000.zip,09-01-21_07.44_BOOST_protocol_TwoC_2C_dchg_IN21700_30T_cycle_#636.mat,other,636,1597,0.0,25.19,28.52,29.15,
BOOST,05-BOOST CHARGING protocol_Cycles 0 to 1000.zip,09-01-21_09.56_BOOST_protocol_HPPC_IN21700_30T_cycle_#637.mat,HPPC,637,34950,0.0,24.84,25.97,25.95,
BOOST,05-BOOST CHARGING protocol_Cycles 0 to 1000.zip,09-02-21_16.01_BOOST_protocol_tenpercent_chg_a_IN21700_30T_cycle_#637.mat,other,637,979,0.0,25.08,25.77,25.77,
BOOST,05-BOOST CHARGING protocol_Cycles 0 to 1000.zip,09-02-21_17.00_BOOST_protocol__Fifteen_Drive_Cycles_set_IN21700_30T_cycle_#638_to_652.mat,drive,638,102874,0.0,24.91,26.61,26.68,
BOOST,05-BOOST CHARGING protocol_Cycles 0 to 1000.zip,09-03-21_23.09_BOOST_protocol_halfC_0.5C_dchg_(b1)_IN21700_30T_cycle_#653.mat,halfC,653,6512,0.0,25.0,25.75,26.05,
BOOST,05-BOOST CHARGING protocol_Cycles 0 to 1000.zip,09-03-21_23.09_BOOST_protocol_halfC_CAP_(b1)_forexcel_cycle_#653.mat,CAP,653,0,1.0,,,,read:KeyError
BOOST,05-BOOST CHARGING protocol_Cycles 0 to 1000.zip,09-04-21_02.29_BOOST_protocol_halfC_0.5C_dchg_(b2)_IN21700_30T_cycle_#654.mat,halfC,654,6513,0.0,24.84,25.69,25.99,
BOOST,05-BOOST CHARGING protocol_Cycles 0 to 1000.zip,09-04-21_02.29_BOOST_protocol_halfC_CAP_(b2)_forexcel_cycle_#654.mat,CAP,654,0,1.0,,,,read:KeyError
BOOST,05-BOOST CHARGING protocol_Cycles 0 to 1000.zip,09-04-21_05.17_BOOST_protocol__Fifteen_Drive_Cycles_set_IN21700_30T_cycle_#655_to_669.mat,drive,655,103215,0.0,24.96,26.61,26.64,
BOOST,05-BOOST CHARGING protocol_Cycles 0 to 1000.zip,Cover20 is not performed this week_#18.mat,other,-1,0,1.0,,,,read:KeyError
BOOST,05-BOOST CHARGING protocol_Cycles 0 to 1000.zip,09-05-21_12.58_BOOST_protocol_whole_Schedule_IN21700_30T_cycle_#670_week#19.mat,schedule,670,291570,0.0,24.37,26.41,26.44,
BOOST,05-BOOST CHARGING protocol_Cycles 0 to 1000.zip,09-05-21_14.19_BOOST_protocol_OCV_0.05C_IN21700_30T_cycle_#670.mat,OCV,670,2326,0.0,24.81,25.49,25.49,
BOOST,05-BOOST CHARGING protocol_Cycles 0 to 1000.zip,09-07-21_06.07_BOOST_protocol_halfC_0.5C_dchg_(a1)_IN21700_30T_cycle_#671.mat,halfC,671,6555,0.0,24.97,25.81,26.04,
BOOST,05-BOOST CHARGING protocol_Cycles 0 to 1000.zip,09-07-21_06.07_BOOST_protocol_halfC_CAP_(a1)_forexcel_cycle_#671.mat,CAP,671,0,1.0,,,,read:KeyError
BOOST,05-BOOST CHARGING protocol_Cycles 0 to 1000.zip,09-07-21_09.34_BOOST_protocol_halfC_0.5C_dchg_(a2)_IN21700_30T_cycle_#672.mat,halfC,672,6470,0.0,24.99,25.78,26.09,
BOOST,05-BOOST CHARGING protocol_Cycles 0 to 1000.zip,09-07-21_09.34_BOOST_protocol_halfC_CAP_(a2)_forexcel_cycle_#672.mat,CAP,672,0,1.0,,,,read:KeyError
BOOST,05-BOOST CHARGING protocol_Cycles 0 to 1000.zip,09-07-21_11.39_BOOST_protocol_ONE_C_charge_IN21700_30T_cycle_#672.mat,other,672,296,0.0,25.46,26.94,25.92,
BOOST,05-BOOST CHARGING protocol_Cycles 0 to 1000.zip,09-07-21_13.00_BOOST_protocol_OneC_1C_dchg_IN21700_30T_cycle_#673.mat,other,673,3205,0.0,25.13,26.3,26.65,
BOOST,05-BOOST CHARGING protocol_Cycles 0 to 1000.zip,09-07-21_15.35_BOOST_protocol_TwoC_2C_dchg_IN21700_30T_cycle_#674.mat,other,674,1590,0.0,25.26,28.49,29.07,
BOOST,05-BOOST CHARGING protocol_Cycles 0 to 1000.zip,09-07-21_17.47_BOOST_protocol_HPPC_IN21700_30T_cycle_#675.mat,HPPC,675,34953,0.0,24.8,25.95,25.96,
BOOST,05-BOOST CHARGING protocol_Cycles 0 to 1000.zip,09-08-21_23.52_BOOST_protocol_tenpercent_chg_a_IN21700_30T_cycle_#675.mat,other,675,974,0.0,25.11,25.8,25.8,
BOOST,05-BOOST CHARGING protocol_Cycles 0 to 1000.zip,09-09-21_00.50_BOOST_protocol__Fifteen_Drive_Cycles_set_IN21700_30T_cycle_#676_to_690.mat,drive,676,101449,0.0,24.66,26.64,26.69,
BOOST,05-BOOST CHARGING protocol_Cycles 0 to 1000.zip,09-10-21_09.16_BOOST_protocol_halfC_0.5C_dchg_(b1)_IN21700_30T_cycle_#691.mat,halfC,691,6487,0.0,25.04,25.95,26.41,
BOOST,05-BOOST CHARGING protocol_Cycles 0 to 1000.zip,09-10-21_09.16_BOOST_protocol_halfC_CAP_(b1)_forexcel_cycle_#691.mat,CAP,691,0,1.0,,,,read:KeyError
BOOST,05-BOOST CHARGING protocol_Cycles 0 to 1000.zip,09-10-21_12.38_BOOST_protocol_halfC_0.5C_dchg_(b2)_IN21700_30T_cycle_#692.mat,halfC,692,6484,0.0,24.83,25.64,25.95,
BOOST,05-BOOST CHARGING protocol_Cycles 0 to 1000.zip,09-10-21_12.38_BOOST_protocol_halfC_CAP_(b2)_forexcel_cycle_#692.mat,CAP,692,0,1.0,,,,read:KeyError
BOOST,05-BOOST CHARGING protocol_Cycles 0 to 1000.zip,09-10-21_15.24_BOOST_protocol__Fifteen_Drive_Cycles_set_IN21700_30T_cycle_#693_to_707.mat,drive,693,100419,0.0,24.37,26.57,26.5,
BOOST,05-BOOST CHARGING protocol_Cycles 0 to 1000.zip,09-12-21_06.41_BOOST_protocol_whole_Schedule_IN21700_30T_cycle_#708_week#20.mat,schedule,708,287131,0.0,22.39,26.47,26.49,
BOOST,05-BOOST CHARGING protocol_Cycles 0 to 1000.zip,09-12-21_07.13_BOOST_protocol_halfC_0.5C_dchg_(a1)_IN21700_30T_cycle_#708.mat,halfC,708,6541,0.0,25.42,26.23,26.11,
BOOST,05-BOOST CHARGING protocol_Cycles 0 to 1000.zip,09-12-21_07.13_BOOST_protocol_halfC_CAP_(a1)_forexcel_cycle_#708.mat,CAP,708,0,1.0,,,,read:KeyError
BOOST,05-BOOST CHARGING protocol_Cycles 0 to 1000.zip,09-12-21_10.39_BOOST_protocol_halfC_0.5C_dchg_(a2)_IN21700_30T_cycle_#709.mat,halfC,709,6442,0.0,24.84,25.73,26.13,
BOOST,05-BOOST CHARGING protocol_Cycles 0 to 1000.zip,09-12-21_10.39_BOOST_protocol_halfC_CAP_(a2)_forexcel_cycle_#709.mat,CAP,709,0,1.0,,,,read:KeyError
BOOST,05-BOOST CHARGING protocol_Cycles 0 to 1000.zip,09-12-21_12.42_BOOST_protocol_ONE_C_charge_IN21700_30T_cycle_#709.mat,other,709,294,0.0,25.61,27.23,26.14,
BOOST,05-BOOST CHARGING protocol_Cycles 0 to 1000.zip,09-12-21_14.04_BOOST_protocol_OneC_1C_dchg_IN21700_30T_cycle_#710.mat,other,710,3187,0.0,25.55,26.39,26.51,
BOOST,05-BOOST CHARGING protocol_Cycles 0 to 1000.zip,09-12-21_16.37_BOOST_protocol_TwoC_2C_dchg_IN21700_30T_cycle_#711.mat,other,711,1578,0.0,25.18,28.05,28.61,
BOOST,05-BOOST CHARGING protocol_Cycles 0 to 1000.zip,09-12-21_18.47_BOOST_protocol_HPPC_IN21700_30T_cycle_#712.mat,HPPC,712,34902,0.0,24.83,26.11,26.07,
BOOST,05-BOOST CHARGING protocol_Cycles 0 to 1000.zip,09-14-21_00.52_BOOST_protocol_tenpercent_chg_a_IN21700_30T_cycle_#712.mat,other,712,969,0.0,25.86,26.5,26.5,
BOOST,05-BOOST CHARGING protocol_Cycles 0 to 1000.zip,09-14-21_01.49_BOOST_protocol__Fifteen_Drive_Cycles_set_IN21700_30T_cycle_#713_to_727.mat,drive,713,100376,0.0,22.39,26.62,26.63,
BOOST,05-BOOST CHARGING protocol_Cycles 0 to 1000.zip,09-15-21_07.19_BOOST_protocol_halfC_0.5C_dchg_(b1)_IN21700_30T_cycle_#728.mat,halfC,728,6451,0.0,24.82,25.73,26.08,
BOOST,05-BOOST CHARGING protocol_Cycles 0 to 1000.zip,09-15-21_07.19_BOOST_protocol_halfC_CAP_(b1)_forexcel_cycle_#728.mat,CAP,728,0,1.0,,,,read:KeyError
BOOST,05-BOOST CHARGING protocol_Cycles 0 to 1000.zip,09-15-21_10.39_BOOST_protocol_halfC_0.5C_dchg_(b2)_IN21700_30T_cycle_#729.mat,halfC,729,6456,0.0,25.01,25.99,25.89,
BOOST,05-BOOST CHARGING protocol_Cycles 0 to 1000.zip,09-15-21_10.39_BOOST_protocol_halfC_CAP_(b2)_forexcel_cycle_#729.mat,CAP,729,0,1.0,,,,read:KeyError
BOOST,05-BOOST CHARGING protocol_Cycles 0 to 1000.zip,09-15-21_13.22_BOOST_protocol__Fifteen_Drive_Cycles_set_IN21700_30T_cycle_#730_to_744.mat,drive,730,99766,0.0,23.3,26.63,26.69,
BOOST,05-BOOST CHARGING protocol_Cycles 0 to 1000.zip,Cover20 is not performed this week_#20.mat,other,-1,0,1.0,,,,read:KeyError
BOOST,05-BOOST CHARGING protocol_Cycles 0 to 1000.zip,09-16-21_19.44_BOOST_protocol_whole_Schedule_IN21700_30T_cycle_#745_week#21.mat,schedule,745,289325,0.0,24.1,26.48,26.55,
BOOST,05-BOOST CHARGING protocol_Cycles 0 to 1000.zip,09-16-21_21.05_BOOST_protocol_OCV_0.05C_IN21700_30T_cycle_#745.mat,OCV,745,2310,0.0,24.1,25.7,25.71,
BOOST,05-BOOST CHARGING protocol_Cycles 0 to 1000.zip,09-18-21_13.57_BOOST_protocol_halfC_0.5C_dchg_(a1)_IN21700_30T_cycle_#746.mat,halfC,746,6500,0.0,25.08,26.11,26.63,
BOOST,05-BOOST CHARGING protocol_Cycles 0 to 1000.zip,09-18-21_13.57_BOOST_protocol_halfC_CAP_(a1)_forexcel_cycle_#746.mat,CAP,746,0,1.0,,,,read:KeyError
BOOST,05-BOOST CHARGING protocol_Cycles 0 to 1000.zip,09-18-21_17.27_BOOST_protocol_halfC_0.5C_dchg_(a2)_IN21700_30T_cycle_#747.mat,halfC,747,6407,0.0,24.94,25.71,26.06,
BOOST,05-BOOST CHARGING protocol_Cycles 0 to 1000.zip,09-18-21_17.27_BOOST_protocol_halfC_CAP_(a2)_forexcel_cycle_#747.mat,CAP,747,0,1.0,,,,read:KeyError
BOOST,05-BOOST CHARGING protocol_Cycles 0 to 1000.zip,09-18-21_19.30_BOOST_protocol_ONE_C_charge_IN21700_30T_cycle_#747.mat,other,747,292,0.0,25.38,27.19,26.06,
BOOST,05-BOOST CHARGING protocol_Cycles 0 to 1000.zip,09-18-21_20.52_BOOST_protocol_OneC_1C_dchg_IN21700_30T_cycle_#748.mat,other,748,3173,0.0,25.8,26.75,26.63,
BOOST,05-BOOST CHARGING protocol_Cycles 0 to 1000.zip,09-18-21_23.25_BOOST_protocol_TwoC_2C_dchg_IN21700_30T_cycle_#749.mat,other,749,1570,0.0,25.22,28.02,28.57,
BOOST,05-BOOST CHARGING protocol_Cycles 0 to 1000.zip,09-19-21_01.36_BOOST_protocol_HPPC_IN21700_30T_cycle_#750.mat,HPPC,750,34873,0.0,24.13,26.06,26.11,
BOOST,05-BOOST CHARGING protocol_Cycles 0 to 1000.zip,09-20-21_07.40_BOOST_protocol_tenpercent_chg_a_IN21700_30T_cycle_#750.mat,other,750,965,0.0,25.39,26.06,26.06,
BOOST,05-BOOST CHARGING protocol_Cycles 0 to 1000.zip,09-20-21_08.39_BOOST_protocol__Fifteen_Drive_Cycles_set_IN21700_30T_cycle_#751_to_765.mat,drive,751,99409,0.0,24.62,26.64,26.65,
BOOST,05-BOOST CHARGING protocol_Cycles 0 to 1000.zip,09-21-21_13.51_BOOST_protocol_halfC_0.5C_dchg_(b1)_IN21700_30T_cycle_#766.mat,halfC,766,6425,0.0,24.99,25.94,25.92,
BOOST,05-BOOST CHARGING protocol_Cycles 0 to 1000.zip,09-21-21_13.51_BOOST_protocol_halfC_CAP_(b1)_forexcel_cycle_#766.mat,CAP,766,0,1.0,,,,read:KeyError
BOOST,05-BOOST CHARGING protocol_Cycles 0 to 1000.zip,09-21-21_17.11_BOOST_protocol_halfC_0.5C_dchg_(b2)_IN21700_30T_cycle_#767.mat,halfC,767,6433,0.0,25.26,26.25,26.78,
BOOST,05-BOOST CHARGING protocol_Cycles 0 to 1000.zip,09-21-21_17.11_BOOST_protocol_halfC_CAP_(b2)_forexcel_cycle_#767.mat,CAP,767,0,1.0,,,,read:KeyError
BOOST,05-BOOST CHARGING protocol_Cycles 0 to 1000.zip,09-21-21_19.54_BOOST_protocol__Fifteen_Drive_Cycles_set_IN21700_30T_cycle_#768_to_782.mat,drive,768,100629,0.0,24.8,26.63,26.71,
BOOST,05-BOOST CHARGING protocol_Cycles 0 to 1000.zip,09-23-21_09.11_BOOST_protocol_whole_Schedule_IN21700_30T_cycle_#783_week#22.mat,schedule,783,285628,0.0,24.27,26.48,26.56,
BOOST,05-BOOST CHARGING protocol_Cycles 0 to 1000.zip,09-23-21_09.42_BOOST_protocol_halfC_0.5C_dchg_(a1)_IN21700_30T_cycle_#783.mat,halfC,783,6486,0.0,25.01,25.81,25.92,
BOOST,05-BOOST CHARGING protocol_Cycles 0 to 1000.zip,09-23-21_09.42_BOOST_protocol_halfC_CAP_(a1)_forexcel_cycle_#783.mat,CAP,783,0,1.0,,,,read:KeyError
BOOST,05-BOOST CHARGING protocol_Cycles 0 to 1000.zip,09-23-21_13.08_BOOST_protocol_halfC_0.5C_dchg_(a2)_IN21700_30T_cycle_#784.mat,halfC,784,6384,0.0,25.45,26.37,26.64,
BOOST,05-BOOST CHARGING protocol_Cycles 0 to 1000.zip,09-23-21_13.08_BOOST_protocol_halfC_CAP_(a2)_forexcel_cycle_#784.mat,CAP,784,0,1.0,,,,read:KeyError
BOOST,05-BOOST CHARGING protocol_Cycles 0 to 1000.zip,09-23-21_15.10_BOOST_protocol_ONE_C_charge_IN21700_30T_cycle_#784.mat,other,784,288,0.0,24.76,26.09,25.28,
BOOST,05-BOOST CHARGING protocol_Cycles 0 to 1000.zip,09-23-21_16.33_BOOST_protocol_OneC_1C_dchg_IN21700_30T_cycle_#785.mat,other,785,3154,0.0,24.98,26.22,26.62,
BOOST,05-BOOST CHARGING protocol_Cycles 0 to 1000.zip,09-23-21_19.06_BOOST_protocol_TwoC_2C_dchg_IN21700_30T_cycle_#786.mat,other,786,1565,0.0,25.77,28.78,29.35,
BOOST,05-BOOST CHARGING protocol_Cycles 0 to 1000.zip,09-23-21_21.19_BOOST_protocol_HPPC_IN21700_30T_cycle_#787.mat,HPPC,787,34876,0.0,24.27,26.12,26.15,
BOOST,05-BOOST CHARGING protocol_Cycles 0 to 1000.zip,09-25-21_03.24_BOOST_protocol_tenpercent_chg_a_IN21700_30T_cycle_#787.mat,other,787,960,0.0,26.03,26.7,26.7,
BOOST,05-BOOST CHARGING protocol_Cycles 0 to 1000.zip,09-25-21_04.20_BOOST_protocol__Fifteen_Drive_Cycles_set_IN21700_30T_cycle_#788_to_802.mat,drive,788,99467,0.0,24.73,26.64,26.68,
BOOST,05-BOOST CHARGING protocol_Cycles 0 to 1000.zip,09-26-21_09.33_BOOST_protocol_halfC_0.5C_dchg_(b1)_IN21700_30T_cycle_#803.mat,halfC,803,6393,0.0,24.89,25.74,26.1,
BOOST,05-BOOST CHARGING protocol_Cycles 0 to 1000.zip,09-26-21_09.33_BOOST_protocol_halfC_CAP_(b1)_forexcel_cycle_#803.mat,CAP,803,0,1.0,,,,read:KeyError
BOOST,05-BOOST CHARGING protocol_Cycles 0 to 1000.zip,09-26-21_12.54_BOOST_protocol_halfC_0.5C_dchg_(b2)_IN21700_30T_cycle_#804.mat,halfC,804,6397,0.0,25.0,25.87,25.89,
BOOST,05-BOOST CHARGING protocol_Cycles 0 to 1000.zip,09-26-21_12.54_BOOST_protocol_halfC_CAP_(b2)_forexcel_cycle_#804.mat,CAP,804,0,1.0,,,,read:KeyError
BOOST,05-BOOST CHARGING protocol_Cycles 0 to 1000.zip,09-26-21_15.37_BOOST_protocol__Fifteen_Drive_Cycles_set_IN21700_30T_cycle_#805_to_819.mat,drive,805,99412,0.0,24.7,26.65,26.74,
BOOST,05-BOOST CHARGING protocol_Cycles 0 to 1000.zip,Cover20 is not performed this week_#22.mat,other,-1,0,1.0,,,,read:KeyError
BOOST,05-BOOST CHARGING protocol_Cycles 0 to 1000.zip,09-27-21_21.48_BOOST_protocol_whole_Schedule_IN21700_30T_cycle_#820_week#23.mat,schedule,820,287369,0.0,23.9,26.54,26.59,
BOOST,05-BOOST CHARGING protocol_Cycles 0 to 1000.zip,09-27-21_23.10_BOOST_protocol_OCV_0.05C_IN21700_30T_cycle_#820.mat,OCV,820,2291,0.0,24.18,25.77,25.77,
BOOST,05-BOOST CHARGING protocol_Cycles 0 to 1000.zip,09-29-21_14.23_BOOST_protocol_halfC_0.5C_dchg_(a1)_IN21700_30T_cycle_#821.mat,halfC,821,6437,0.0,24.93,25.74,26.09,
BOOST,05-BOOST CHARGING protocol_Cycles 0 to 1000.zip,09-29-21_14.23_BOOST_protocol_halfC_CAP_(a1)_forexcel_cycle_#821.mat,CAP,821,0,1.0,,,,read:KeyError
BOOST,05-BOOST CHARGING protocol_Cycles 0 to 1000.zip,09-29-21_17.49_BOOST_protocol_halfC_0.5C_dchg_(a2)_IN21700_30T_cycle_#822.mat,halfC,822,6351,0.0,25.08,26.11,25.94,
BOOST,05-BOOST CHARGING protocol_Cycles 0 to 1000.zip,09-29-21_17.49_BOOST_protocol_halfC_CAP_(a2)_forexcel_cycle_#822.mat,CAP,822,0,1.0,,,,read:KeyError
BOOST,05-BOOST CHARGING protocol_Cycles 0 to 1000.zip,09-29-21_19.50_BOOST_protocol_ONE_C_charge_IN21700_30T_cycle_#822.mat,other,822,286,0.0,24.97,26.64,25.59,
BOOST,05-BOOST CHARGING protocol_Cycles 0 to 1000.zip,09-29-21_21.13_BOOST_protocol_OneC_1C_dchg_IN21700_30T_cycle_#823.mat,other,823,3145,0.0,25.19,26.58,26.97,
BOOST,05-BOOST CHARGING protocol_Cycles 0 to 1000.zip,09-29-21_23.48_BOOST_protocol_TwoC_2C_dchg_IN21700_30T_cycle_#824.mat,other,824,1553,0.0,24.41,27.66,28.4,
BOOST,05-BOOST CHARGING protocol_Cycles 0 to 1000.zip,09-30-21_01.59_BOOST_protocol_HPPC_IN21700_30T_cycle_#825.mat,HPPC,825,34842,0.0,24.36,26.11,26.05,
BOOST,05-BOOST CHARGING protocol_Cycles 0 to 1000.zip,10-01-21_08.03_BOOST_protocol_tenpercent_chg_a_IN21700_30T_cycle_#825.mat,other,825,956,0.0,24.99,25.66,25.66,
BOOST,05-BOOST CHARGING protocol_Cycles 0 to 1000.zip,10-01-21_08.58_BOOST_protocol__Fifteen_Drive_Cycles_set_IN21700_30T_cycle_#826_to_840.mat,drive,826,99425,0.0,23.9,26.75,26.87,
BOOST,05-BOOST CHARGING protocol_Cycles 0 to 1000.zip,10-02-21_14.11_BOOST_protocol_halfC_0.5C_dchg_(b1)_IN21700_30T_cycle_#841.mat,halfC,841,6369,0.0,25.08,26.04,26.52,
BOOST,05-BOOST CHARGING protocol_Cycles 0 to 1000.zip,10-02-21_14.11_BOOST_protocol_halfC_CAP_(b1)_forexcel_cycle_#841.mat,CAP,841,0,1.0,,,,read:KeyError
BOOST,05-BOOST CHARGING protocol_Cycles 0 to 1000.zip,10-02-21_17.34_BOOST_protocol_halfC_0.5C_dchg_(b2)_IN21700_30T_cycle_#842.mat,halfC,842,6364,0.0,24.8,25.68,26.03,
BOOST,05-BOOST CHARGING protocol_Cycles 0 to 1000.zip,10-02-21_17.34_BOOST_protocol_halfC_CAP_(b2)_forexcel_cycle_#842.mat,CAP,842,0,1.0,,,,read:KeyError
BOOST,05-BOOST CHARGING protocol_Cycles 0 to 1000.zip,10-02-21_20.17_BOOST_protocol__Fifteen_Drive_Cycles_set_IN21700_30T_cycle_#843_to_857.mat,drive,843,98807,0.0,24.64,26.76,26.71,
BOOST,05-BOOST CHARGING protocol_Cycles 0 to 1000.zip,10-04-21_08.23_BOOST_protocol_whole_Schedule_IN21700_30T_cycle_#858_week#24.mat,schedule,858,284418,0.0,23.04,26.53,26.6,
BOOST,05-BOOST CHARGING protocol_Cycles 0 to 1000.zip,10-04-21_08.55_BOOST_protocol_halfC_0.5C_dchg_(a1)_IN21700_30T_cycle_#858.mat,halfC,858,6442,0.0,25.03,25.82,25.92,
BOOST,05-BOOST CHARGING protocol_Cycles 0 to 1000.zip,10-04-21_08.55_BOOST_protocol_halfC_CAP_(a1)_forexcel_cycle_#858.mat,CAP,858,0,1.0,,,,read:KeyError
BOOST,05-BOOST CHARGING protocol_Cycles 0 to 1000.zip,10-04-21_12.22_BOOST_protocol_halfC_0.5C_dchg_(a2)_IN21700_30T_cycle_#859.mat,halfC,859,6332,0.0,25.49,26.44,26.92,
BOOST,05-BOOST CHARGING protocol_Cycles 0 to 1000.zip,10-04-21_12.22_BOOST_protocol_halfC_CAP_(a2)_forexcel_cycle_#859.mat,CAP,859,0,1.0,,,,read:KeyError
BOOST,05-BOOST CHARGING protocol_Cycles 0 to 1000.zip,10-04-21_14.25_BOOST_protocol_ONE_C_charge_IN21700_30T_cycle_#859.mat,other,859,284,0.0,25.21,26.72,25.69,
BOOST,05-BOOST CHARGING protocol_Cycles 0 to 1000.zip,10-04-21_15.48_BOOST_protocol_OneC_1C_dchg_IN21700_30T_cycle_#860.mat,other,860,3124,0.0,25.04,26.39,26.78,
BOOST,05-BOOST CHARGING protocol_Cycles 0 to 1000.zip,10-04-21_18.23_BOOST_protocol_TwoC_2C_dchg_IN21700_30T_cycle_#861.mat,other,861,1548,0.0,25.98,28.83,29.21,
BOOST,05-BOOST CHARGING protocol_Cycles 0 to 1000.zip,10-04-21_20.35_BOOST_protocol_HPPC_IN21700_30T_cycle_#862.mat,HPPC,862,34836,0.0,23.04,26.11,26.0,
BOOST,05-BOOST CHARGING protocol_Cycles 0 to 1000.zip,10-06-21_03.35_BOOST_protocol__Fifteen_Drive_Cycles_set_IN21700_30T_cycle_#863_to_877.mat,drive,863,99085,0.0,24.45,26.71,26.86,
BOOST,05-BOOST CHARGING protocol_Cycles 0 to 1000.zip,10-07-21_08.40_BOOST_protocol_halfC_0.5C_dchg_(b1)_IN21700_30T_cycle_#878.mat,halfC,878,6335,0.0,25.01,25.87,26.26,
BOOST,05-BOOST CHARGING protocol_Cycles 0 to 1000.zip,10-07-21_08.40_BOOST_protocol_halfC_CAP_(b1)_forexcel_cycle_#878.mat,CAP,878,0,1.0,,,,read:KeyError
BOOST,05-BOOST CHARGING protocol_Cycles 0 to 1000.zip,10-07-21_12.02_BOOST_protocol_halfC_0.5C_dchg_(b2)_IN21700_30T_cycle_#879.mat,halfC,879,6340,0.0,25.0,25.78,25.91,
BOOST,05-BOOST CHARGING protocol_Cycles 0 to 1000.zip,10-07-21_12.02_BOOST_protocol_halfC_CAP_(b2)_forexcel_cycle_#879.mat,CAP,879,0,1.0,,,,read:KeyError
BOOST,05-BOOST CHARGING protocol_Cycles 0 to 1000.zip,10-07-21_14.44_BOOST_protocol__Fifteen_Drive_Cycles_set_IN21700_30T_cycle_#880_to_894.mat,drive,880,98842,0.0,23.19,26.68,26.71,
BOOST,05-BOOST CHARGING protocol_Cycles 0 to 1000.zip,Cover20 is not performed this week_#24.mat,other,-1,0,1.0,,,,read:KeyError
BOOST,05-BOOST CHARGING protocol_Cycles 0 to 1000.zip,10-09-21_07.39_BOOST_protocol_whole_Schedule_IN21700_30T_cycle_#895_week#25.mat,schedule,895,379910,0.0,24.11,28.41,28.5,
BOOST,05-BOOST CHARGING protocol_Cycles 0 to 1000.zip,10-09-21_09.02_BOOST_protocol_OCV_0.05C_IN21700_30T_cycle_#895.mat,OCV,895,2280,0.0,24.11,25.73,25.67,
BOOST,05-BOOST CHARGING protocol_Cycles 0 to 1000.zip,10-11-21_08.33_BOOST_protocol_halfC_0.5C_dchg_(a1)_IN21700_30T_cycle_#896.mat,halfC,896,6451,0.0,25.37,26.72,27.24,
BOOST,05-BOOST CHARGING protocol_Cycles 0 to 1000.zip,10-11-21_08.33_BOOST_protocol_halfC_CAP_(a1)_forexcel_cycle_#896.mat,CAP,896,0,1.0,,,,read:KeyError
BOOST,05-BOOST CHARGING protocol_Cycles 0 to 1000.zip,10-11-21_12.16_BOOST_protocol_halfC_0.5C_dchg_(a2)_IN21700_30T_cycle_#897.mat,halfC,897,6335,0.0,26.0,26.92,27.29,
BOOST,05-BOOST CHARGING protocol_Cycles 0 to 1000.zip,10-11-21_12.16_BOOST_protocol_halfC_CAP_(a2)_forexcel_cycle_#897.mat,CAP,897,0,1.0,,,,read:KeyError
BOOST,05-BOOST CHARGING protocol_Cycles 0 to 1000.zip,10-11-21_14.35_BOOST_protocol_ONE_C_charge_IN21700_30T_cycle_#897.mat,other,897,287,0.0,26.17,29.72,26.75,
BOOST,05-BOOST CHARGING protocol_Cycles 0 to 1000.zip,10-11-21_15.59_BOOST_protocol_OneC_1C_dchg_IN21700_30T_cycle_#898.mat,other,898,3141,0.0,26.48,28.62,29.25,
BOOST,05-BOOST CHARGING protocol_Cycles 0 to 1000.zip,10-11-21_18.59_BOOST_protocol_TwoC_2C_dchg_IN21700_30T_cycle_#899.mat,other,899,1564,0.0,26.54,32.35,33.73,
BOOST,05-BOOST CHARGING protocol_Cycles 0 to 1000.zip,10-11-21_21.43_BOOST_protocol_HPPC_IN21700_30T_cycle_#900.mat,HPPC,900,34834,0.0,25.35,26.85,26.8,
BOOST,05-BOOST CHARGING protocol_Cycles 0 to 1000.zip,10-13-21_05.09_BOOST_protocol__Fifteen_Drive_Cycles_set_IN21700_30T_cycle_#901_to_915.mat,drive,901,143207,0.0,25.6,28.88,28.99,
BOOST,05-BOOST CHARGING protocol_Cycles 0 to 1000.zip,10-14-21_23.03_BOOST_protocol_halfC_0.5C_dchg_(b1)_IN21700_30T_cycle_#916.mat,halfC,916,6336,0.0,26.02,26.96,27.32,
BOOST,05-BOOST CHARGING protocol_Cycles 0 to 1000.zip,10-14-21_23.03_BOOST_protocol_halfC_CAP_(b1)_forexcel_cycle_#916.mat,CAP,916,0,1.0,,,,read:KeyError
BOOST,05-BOOST CHARGING protocol_Cycles 0 to 1000.zip,10-15-21_02.40_BOOST_protocol_halfC_0.5C_dchg_(b2)_IN21700_30T_cycle_#917.mat,halfC,917,6341,0.0,26.07,26.97,27.32,
BOOST,05-BOOST CHARGING protocol_Cycles 0 to 1000.zip,10-15-21_02.40_BOOST_protocol_halfC_CAP_(b2)_forexcel_cycle_#917.mat,CAP,917,0,1.0,,,,read:KeyError
BOOST,05-BOOST CHARGING protocol_Cycles 0 to 1000.zip,10-15-21_05.51_BOOST_protocol__Fifteen_Drive_Cycles_set_IN21700_30T_cycle_#918_to_932.mat,drive,918,140857,0.0,25.79,28.85,28.93,
BOOST,05-BOOST CHARGING protocol_Cycles 0 to 1000.zip,10-17-21_08.21_BOOST_protocol_whole_Schedule_IN21700_30T_cycle_#933_week#26.mat,schedule,933,327483,0.0,21.96,27.55,27.65,
BOOST,05-BOOST CHARGING protocol_Cycles 0 to 1000.zip,10-17-21_08.54_BOOST_protocol_halfC_0.5C_dchg_(a1)_IN21700_30T_cycle_#933.mat,halfC,933,6402,0.0,25.52,26.79,27.25,
BOOST,05-BOOST CHARGING protocol_Cycles 0 to 1000.zip,10-17-21_08.54_BOOST_protocol_halfC_CAP_(a1)_forexcel_cycle_#933.mat,CAP,933,0,1.0,,,,read:KeyError
BOOST,05-BOOST CHARGING protocol_Cycles 0 to 1000.zip,10-17-21_12.38_BOOST_protocol_halfC_0.5C_dchg_(a2)_IN21700_30T_cycle_#934.mat,halfC,934,6289,0.0,26.04,26.95,27.34,
BOOST,05-BOOST CHARGING protocol_Cycles 0 to 1000.zip,10-17-21_12.38_BOOST_protocol_halfC_CAP_(a2)_forexcel_cycle_#934.mat,CAP,934,0,1.0,,,,read:KeyError
BOOST,05-BOOST CHARGING protocol_Cycles 0 to 1000.zip,10-17-21_14.56_BOOST_protocol_ONE_C_charge_IN21700_30T_cycle_#934.mat,other,934,284,0.0,26.13,29.74,26.73,
BOOST,05-BOOST CHARGING protocol_Cycles 0 to 1000.zip,10-17-21_16.20_BOOST_protocol_OneC_1C_dchg_IN21700_30T_cycle_#935.mat,other,935,3122,0.0,26.37,28.65,29.3,
BOOST,05-BOOST CHARGING protocol_Cycles 0 to 1000.zip,10-17-21_19.18_BOOST_protocol_TwoC_2C_dchg_IN21700_30T_cycle_#936.mat,other,936,1554,0.0,26.46,32.46,33.91,
BOOST,05-BOOST CHARGING protocol_Cycles 0 to 1000.zip,10-17-21_22.00_BOOST_protocol_HPPC_IN21700_30T_cycle_#937.mat,HPPC,937,34802,0.0,25.36,26.78,26.73,
BOOST,05-BOOST CHARGING protocol_Cycles 0 to 1000.zip,10-19-21_05.27_BOOST_protocol__Fifteen_Drive_Cycles_set_IN21700_30T_cycle_#938_to_952.mat,drive,938,138812,0.0,25.01,28.97,29.05,
BOOST,05-BOOST CHARGING protocol_Cycles 0 to 1000.zip,10-21-21_13.39_BOOST_protocol_halfC_0.5C_dchg_(b1)_IN21700_30T_cycle_#953.mat,halfC,953,6277,0.0,21.96,25.89,26.1,
BOOST,05-BOOST CHARGING protocol_Cycles 0 to 1000.zip,10-21-21_13.39_BOOST_protocol_halfC_CAP_(b1)_forexcel_cycle_#953.mat,CAP,953,0,1.0,,,,read:KeyError
BOOST,05-BOOST CHARGING protocol_Cycles 0 to 1000.zip,10-21-21_17.00_BOOST_protocol_halfC_0.5C_dchg_(b2)_IN21700_30T_cycle_#954.mat,halfC,954,6274,0.0,25.14,26.13,26.68,
BOOST,05-BOOST CHARGING protocol_Cycles 0 to 1000.zip,10-21-21_17.00_BOOST_protocol_halfC_CAP_(b2)_forexcel_cycle_#954.mat,CAP,954,0,1.0,,,,read:KeyError
BOOST,05-BOOST CHARGING protocol_Cycles 0 to 1000.zip,10-21-21_19.41_BOOST_protocol__Fifteen_Drive_Cycles_set_IN21700_30T_cycle_#955_to_969.mat,drive,955,98654,0.0,24.6,26.78,26.92,
BOOST,05-BOOST CHARGING protocol_Cycles 0 to 1000.zip,Cover20 is not performed this week_#26.mat,other,-1,0,1.0,,,,read:KeyError
BOOST,05-BOOST CHARGING protocol_Cycles 0 to 1000.zip,10-23-21_12.05_BOOST_protocol_whole_Schedule_IN21700_30T_cycle_#970_week#27.mat,schedule,970,286644,0.0,21.46,26.65,26.72,
BOOST,05-BOOST CHARGING protocol_Cycles 0 to 1000.zip,10-23-21_13.29_BOOST_protocol_OCV_0.05C_IN21700_30T_cycle_#970.mat,OCV,970,2261,0.0,24.18,25.7,25.75,
BOOST,05-BOOST CHARGING protocol_Cycles 0 to 1000.zip,10-25-21_04.33_BOOST_protocol_halfC_0.5C_dchg_(a1)_IN21700_30T_cycle_#971.mat,halfC,971,6350,0.0,25.19,26.14,26.1,
BOOST,05-BOOST CHARGING protocol_Cycles 0 to 1000.zip,10-25-21_04.33_BOOST_protocol_halfC_CAP_(a1)_forexcel_cycle_#971.mat,CAP,971,0,1.0,,,,read:KeyError
BOOST,05-BOOST CHARGING protocol_Cycles 0 to 1000.zip,10-25-21_08.00_BOOST_protocol_halfC_0.5C_dchg_(a2)_IN21700_30T_cycle_#972.mat,halfC,972,6236,0.0,25.25,26.25,26.76,
BOOST,05-BOOST CHARGING protocol_Cycles 0 to 1000.zip,10-25-21_08.00_BOOST_protocol_halfC_CAP_(a2)_forexcel_cycle_#972.mat,CAP,972,0,1.0,,,,read:KeyError
BOOST,05-BOOST CHARGING protocol_Cycles 0 to 1000.zip,10-25-21_10.04_BOOST_protocol_ONE_C_charge_IN21700_30T_cycle_#972.mat,other,972,277,0.0,25.91,27.04,26.61,
BOOST,05-BOOST CHARGING protocol_Cycles 0 to 1000.zip,10-25-21_11.29_BOOST_protocol_OneC_1C_dchg_IN21700_30T_cycle_#973.mat,other,973,3073,0.0,25.08,26.42,26.74,
BOOST,05-BOOST CHARGING protocol_Cycles 0 to 1000.zip,10-25-21_14.04_BOOST_protocol_TwoC_2C_dchg_IN21700_30T_cycle_#974.mat,other,974,1524,0.0,25.71,28.98,29.53,
BOOST,05-BOOST CHARGING protocol_Cycles 0 to 1000.zip,10-25-21_16.20_BOOST_protocol_HPPC_IN21700_30T_cycle_#975.mat,HPPC,975,34752,0.0,21.46,26.16,26.18,
BOOST,05-BOOST CHARGING protocol_Cycles 0 to 1000.zip,10-26-21_23.21_BOOST_protocol__Fifteen_Drive_Cycles_set_IN21700_30T_cycle_#976_to_990.mat,drive,976,98957,0.0,24.91,26.86,26.91,
BOOST,05-BOOST CHARGING protocol_Cycles 0 to 1000.zip,10-28-21_04.29_BOOST_protocol_halfC_0.5C_dchg_(b1)_IN21700_30T_cycle_#991.mat,halfC,991,6240,0.0,25.56,26.49,26.74,
BOOST,05-BOOST CHARGING protocol_Cycles 0 to 1000.zip,10-28-21_04.29_BOOST_protocol_halfC_CAP_(b1)_forexcel_cycle_#991.mat,CAP,991,0,1.0,,,,read:KeyError
BOOST,05-BOOST CHARGING protocol_Cycles 0 to 1000.zip,10-28-21_07.50_BOOST_protocol_halfC_0.5C_dchg_(b2)_IN21700_30T_cycle_#992.mat,halfC,992,6237,0.0,25.05,25.81,26.13,
BOOST,05-BOOST CHARGING protocol_Cycles 0 to 1000.zip,10-28-21_07.50_BOOST_protocol_halfC_CAP_(b2)_forexcel_cycle_#992.mat,CAP,992,0,1.0,,,,read:KeyError
BOOST,05-BOOST CHARGING protocol_Cycles 0 to 1000.zip,10-28-21_10.31_BOOST_protocol__Fifteen_Drive_Cycles_set_IN21700_30T_cycle_#993_to_1007.mat,drive,993,98726,0.0,22.38,26.89,26.91,
BOOST,06-BOOST CHARGING protocol_Cycles 1000 to 1908.zip,10-29-21_23.58_BOOST_protocol_whole_Schedule_IN21700_30T_cycle_#1008_week#28.mat,schedule,1008,282684,0.0,22.36,26.63,26.75,
BOOST,06-BOOST CHARGING protocol_Cycles 1000 to 1908.zip,10-30-21_00.32_BOOST_protocol_halfC_0.5C_dchg_(a1)_IN21700_30T_cycle_#1008.mat,halfC,1008,6334,0.0,25.07,25.89,26.14,
BOOST,06-BOOST CHARGING protocol_Cycles 1000 to 1908.zip,10-30-21_00.32_BOOST_protocol_halfC_CAP_(a1)_forexcel_cycle_#1008.mat,CAP,1008,0,1.0,,,,read:KeyError
BOOST,06-BOOST CHARGING protocol_Cycles 1000 to 1908.zip,10-30-21_04.00_BOOST_protocol_halfC_0.5C_dchg_(a2)_IN21700_30T_cycle_#1009.mat,halfC,1009,6198,0.0,25.46,26.4,26.22,
BOOST,06-BOOST CHARGING protocol_Cycles 1000 to 1908.zip,10-30-21_04.00_BOOST_protocol_halfC_CAP_(a2)_forexcel_cycle_#1009.mat,CAP,1009,0,1.0,,,,read:KeyError
BOOST,06-BOOST CHARGING protocol_Cycles 1000 to 1908.zip,10-30-21_06.00_BOOST_protocol_ONE_C_charge_IN21700_30T_cycle_#1009.mat,other,1009,273,0.0,25.14,26.87,25.75,
BOOST,06-BOOST CHARGING protocol_Cycles 1000 to 1908.zip,10-30-21_07.26_BOOST_protocol_OneC_1C_dchg_IN21700_30T_cycle_#1010.mat,other,1010,3057,0.0,25.1,26.61,27.0,
BOOST,06-BOOST CHARGING protocol_Cycles 1000 to 1908.zip,10-30-21_10.02_BOOST_protocol_TwoC_2C_dchg_IN21700_30T_cycle_#1011.mat,other,1011,1512,0.0,25.26,28.38,28.89,
BOOST,06-BOOST CHARGING protocol_Cycles 1000 to 1908.zip,10-30-21_12.14_BOOST_protocol_HPPC_IN21700_30T_cycle_#1012.mat,HPPC,1012,34790,0.0,24.37,26.17,26.14,
BOOST,06-BOOST CHARGING protocol_Cycles 1000 to 1908.zip,10-31-21_19.13_BOOST_protocol__Fifteen_Drive_Cycles_set_IN21700_30T_cycle_#1013_to_1027.mat,drive,1013,98317,0.0,23.49,26.85,26.99,
BOOST,06-BOOST CHARGING protocol_Cycles 1000 to 1908.zip,11-02-21_00.12_BOOST_protocol_halfC_0.5C_dchg_(b1)_IN21700_30T_cycle_#1028.mat,halfC,1028,6207,0.0,25.3,26.3,26.16,
BOOST,06-BOOST CHARGING protocol_Cycles 1000 to 1908.zip,11-02-21_00.12_BOOST_protocol_halfC_CAP_(b1)_forexcel_cycle_#1028.mat,CAP,1028,0,1.0,,,,read:KeyError
BOOST,06-BOOST CHARGING protocol_Cycles 1000 to 1908.zip,11-02-21_03.34_BOOST_protocol_halfC_0.5C_dchg_(b2)_IN21700_30T_cycle_#1029.mat,halfC,1029,6211,0.0,25.13,26.1,26.59,
BOOST,06-BOOST CHARGING protocol_Cycles 1000 to 1908.zip,11-02-21_03.34_BOOST_protocol_halfC_CAP_(b2)_forexcel_cycle_#1029.mat,CAP,1029,0,1.0,,,,read:KeyError
BOOST,06-BOOST CHARGING protocol_Cycles 1000 to 1908.zip,11-02-21_06.14_BOOST_protocol__Fifteen_Drive_Cycles_set_IN21700_30T_cycle_#1030_to_1044.mat,drive,1030,97929,0.0,22.36,26.82,26.97,
BOOST,06-BOOST CHARGING protocol_Cycles 1000 to 1908.zip,Cover20 is not performed this week_#28.mat,other,-1,0,1.0,,,,read:KeyError
BOOST,06-BOOST CHARGING protocol_Cycles 1000 to 1908.zip,11-03-21_16.12_BOOST_protocol_whole_Schedule_IN21700_30T_cycle_#1045_week#29.mat,schedule,1045,284307,0.0,22.73,26.69,26.79,
BOOST,06-BOOST CHARGING protocol_Cycles 1000 to 1908.zip,11-03-21_17.37_BOOST_protocol_OCV_0.05C_IN21700_30T_cycle_#1045.mat,OCV,1045,2243,0.0,24.37,25.79,25.87,
BOOST,06-BOOST CHARGING protocol_Cycles 1000 to 1908.zip,11-05-21_08.16_BOOST_protocol_halfC_0.5C_dchg_(a1)_IN21700_30T_cycle_#1046.mat,halfC,1046,6298,0.0,25.07,25.88,26.15,
BOOST,06-BOOST CHARGING protocol_Cycles 1000 to 1908.zip,11-05-21_08.16_BOOST_protocol_halfC_CAP_(a1)_forexcel_cycle_#1046.mat,CAP,1046,0,1.0,,,,read:KeyError
BOOST,06-BOOST CHARGING protocol_Cycles 1000 to 1908.zip,11-05-21_11.45_BOOST_protocol_halfC_0.5C_dchg_(a2)_IN21700_30T_cycle_#1047.mat,halfC,1047,6158,0.0,25.29,26.27,26.16,
BOOST,06-BOOST CHARGING protocol_Cycles 1000 to 1908.zip,11-05-21_11.45_BOOST_protocol_halfC_CAP_(a2)_forexcel_cycle_#1047.mat,CAP,1047,0,1.0,,,,read:KeyError
BOOST,06-BOOST CHARGING protocol_Cycles 1000 to 1908.zip,11-05-21_13.45_BOOST_protocol_ONE_C_charge_IN21700_30T_cycle_#1047.mat,other,1047,270,0.0,25.11,26.82,25.65,
BOOST,06-BOOST CHARGING protocol_Cycles 1000 to 1908.zip,11-05-21_15.11_BOOST_protocol_OneC_1C_dchg_IN21700_30T_cycle_#1048.mat,other,1048,3045,0.0,25.24,26.88,27.26,
BOOST,06-BOOST CHARGING protocol_Cycles 1000 to 1908.zip,11-05-21_17.48_BOOST_protocol_TwoC_2C_dchg_IN21700_30T_cycle_#1049.mat,other,1049,1501,0.0,24.48,28.49,29.13,
BOOST,06-BOOST CHARGING protocol_Cycles 1000 to 1908.zip,11-05-21_20.03_BOOST_protocol_HPPC_IN21700_30T_cycle_#1050.mat,HPPC,1050,34744,0.0,24.25,26.17,26.19,
BOOST,06-BOOST CHARGING protocol_Cycles 1000 to 1908.zip,11-07-21_03.00_BOOST_protocol__Fifteen_Drive_Cycles_set_IN21700_30T_cycle_#1051_to_1065.mat,drive,1051,97521,0.0,24.83,26.91,27.01,
BOOST,06-BOOST CHARGING protocol_Cycles 1000 to 1908.zip,11-09-21_11.53_BOOST_protocol_halfC_0.5C_dchg_(b1)_IN21700_30T_cycle_#1066.mat,halfC,1066,6167,0.0,25.19,26.15,26.54,
BOOST,06-BOOST CHARGING protocol_Cycles 1000 to 1908.zip,11-09-21_11.53_BOOST_protocol_halfC_CAP_(b1)_forexcel_cycle_#1066.mat,CAP,1066,0,1.0,,,,read:KeyError
BOOST,06-BOOST CHARGING protocol_Cycles 1000 to 1908.zip,11-09-21_15.16_BOOST_protocol_halfC_0.5C_dchg_(b2)_IN21700_30T_cycle_#1067.mat,halfC,1067,6162,0.0,25.12,25.89,26.15,
BOOST,06-BOOST CHARGING protocol_Cycles 1000 to 1908.zip,11-09-21_15.16_BOOST_protocol_halfC_CAP_(b2)_forexcel_cycle_#1067.mat,CAP,1067,0,1.0,,,,read:KeyError
BOOST,06-BOOST CHARGING protocol_Cycles 1000 to 1908.zip,11-09-21_17.55_BOOST_protocol__Fifteen_Drive_Cycles_set_IN21700_30T_cycle_#1068_to_1082.mat,drive,1068,98076,0.0,25.25,26.97,27.04,
BOOST,06-BOOST CHARGING protocol_Cycles 1000 to 1908.zip,11-11-21_09.03_BOOST_protocol_whole_Schedule_IN21700_30T_cycle_#1083_week#30.mat,schedule,1083,280463,0.0,21.08,26.69,26.77,
BOOST,06-BOOST CHARGING protocol_Cycles 1000 to 1908.zip,11-11-21_09.37_BOOST_protocol_halfC_0.5C_dchg_(a1)_IN21700_30T_cycle_#1083.mat,halfC,1083,6256,0.0,25.05,26.01,26.42,
BOOST,06-BOOST CHARGING protocol_Cycles 1000 to 1908.zip,11-11-21_09.37_BOOST_protocol_halfC_CAP_(a1)_forexcel_cycle_#1083.mat,CAP,1083,0,1.0,,,,read:KeyError
BOOST,06-BOOST CHARGING protocol_Cycles 1000 to 1908.zip,11-11-21_13.06_BOOST_protocol_halfC_0.5C_dchg_(a2)_IN21700_30T_cycle_#1084.mat,halfC,1084,6119,0.0,25.14,25.88,26.08,
BOOST,06-BOOST CHARGING protocol_Cycles 1000 to 1908.zip,11-11-21_13.06_BOOST_protocol_halfC_CAP_(a2)_forexcel_cycle_#1084.mat,CAP,1084,0,1.0,,,,read:KeyError
BOOST,06-BOOST CHARGING protocol_Cycles 1000 to 1908.zip,11-11-21_15.06_BOOST_protocol_ONE_C_charge_IN21700_30T_cycle_#1084.mat,other,1084,267,0.0,25.24,27.09,25.71,
BOOST,06-BOOST CHARGING protocol_Cycles 1000 to 1908.zip,11-11-21_16.33_BOOST_protocol_OneC_1C_dchg_IN21700_30T_cycle_#1085.mat,other,1085,3023,0.0,22.71,27.31,27.96,
BOOST,06-BOOST CHARGING protocol_Cycles 1000 to 1908.zip,11-11-21_19.08_BOOST_protocol_TwoC_2C_dchg_IN21700_30T_cycle_#1086.mat,other,1086,1492,0.0,25.22,28.66,29.2,
BOOST,06-BOOST CHARGING protocol_Cycles 1000 to 1908.zip,11-11-21_21.22_BOOST_protocol_HPPC_IN21700_30T_cycle_#1087.mat,HPPC,1087,34713,0.0,24.24,26.14,26.07,
BOOST,06-BOOST CHARGING protocol_Cycles 1000 to 1908.zip,11-13-21_04.24_BOOST_protocol__Fifteen_Drive_Cycles_set_IN21700_30T_cycle_#1088_to_1102.mat,drive,1088,97225,0.0,24.58,26.93,26.99,
BOOST,06-BOOST CHARGING protocol_Cycles 1000 to 1908.zip,11-15-21_12.44_BOOST_protocol_halfC_0.5C_dchg_(b1)_IN21700_30T_cycle_#1103.mat,halfC,1103,6128,0.0,25.38,26.57,27.07,
BOOST,06-BOOST CHARGING protocol_Cycles 1000 to 1908.zip,11-15-21_12.44_BOOST_protocol_halfC_CAP_(b1)_forexcel_cycle_#1103.mat,CAP,1103,0,1.0,,,,read:KeyError
BOOST,06-BOOST CHARGING protocol_Cycles 1000 to 1908.zip,11-15-21_16.06_BOOST_protocol_halfC_0.5C_dchg_(b2)_IN21700_30T_cycle_#1104.mat,halfC,1104,6122,0.0,25.11,25.94,26.31,
BOOST,06-BOOST CHARGING protocol_Cycles 1000 to 1908.zip,11-15-21_16.06_BOOST_protocol_halfC_CAP_(b2)_forexcel_cycle_#1104.mat,CAP,1104,0,1.0,,,,read:KeyError
BOOST,06-BOOST CHARGING protocol_Cycles 1000 to 1908.zip,11-15-21_18.46_BOOST_protocol__Fifteen_Drive_Cycles_set_IN21700_30T_cycle_#1105_to_1119.mat,drive,1105,96795,0.0,21.08,26.94,27.0,
BOOST,06-BOOST CHARGING protocol_Cycles 1000 to 1908.zip,Cover20 is not performed this week_#30.mat,other,-1,0,1.0,,,,read:KeyError
BOOST,06-BOOST CHARGING protocol_Cycles 1000 to 1908.zip,11-17-21_12.53_BOOST_protocol_whole_Schedule_IN21700_30T_cycle_#1120_week#31.mat,schedule,1120,283684,0.0,20.39,26.75,26.9,
BOOST,06-BOOST CHARGING protocol_Cycles 1000 to 1908.zip,11-17-21_14.19_BOOST_protocol_OCV_0.05C_IN21700_30T_cycle_#1120.mat,OCV,1120,2222,0.0,21.41,25.82,25.78,
BOOST,06-BOOST CHARGING protocol_Cycles 1000 to 1908.zip,11-19-21_04.46_BOOST_protocol_halfC_0.5C_dchg_(a1)_IN21700_30T_cycle_#1121.mat,halfC,1121,6232,0.0,25.02,25.98,26.33,
BOOST,06-BOOST CHARGING protocol_Cycles 1000 to 1908.zip,11-19-21_04.46_BOOST_protocol_halfC_CAP_(a1)_forexcel_cycle_#1121.mat,CAP,1121,0,1.0,,,,read:KeyError
BOOST,06-BOOST CHARGING protocol_Cycles 1000 to 1908.zip,11-19-21_08.16_BOOST_protocol_halfC_0.5C_dchg_(a2)_IN21700_30T_cycle_#1122.mat,halfC,1122,6091,0.0,25.29,26.02,26.15,
BOOST,06-BOOST CHARGING protocol_Cycles 1000 to 1908.zip,11-19-21_08.16_BOOST_protocol_halfC_CAP_(a2)_forexcel_cycle_#1122.mat,CAP,1122,0,1.0,,,,read:KeyError
BOOST,06-BOOST CHARGING protocol_Cycles 1000 to 1908.zip,11-19-21_10.15_BOOST_protocol_ONE_C_charge_IN21700_30T_cycle_#1122.mat,other,1122,264,0.0,25.22,27.06,25.59,
BOOST,06-BOOST CHARGING protocol_Cycles 1000 to 1908.zip,11-19-21_11.43_BOOST_protocol_OneC_1C_dchg_IN21700_30T_cycle_#1123.mat,other,1123,3005,0.0,25.61,27.23,27.62,
BOOST,06-BOOST CHARGING protocol_Cycles 1000 to 1908.zip,11-19-21_14.25_BOOST_protocol_TwoC_2C_dchg_IN21700_30T_cycle_#1124.mat,other,1124,1481,0.0,25.2,28.77,29.36,
BOOST,06-BOOST CHARGING protocol_Cycles 1000 to 1908.zip,11-19-21_16.40_BOOST_protocol_HPPC_IN21700_30T_cycle_#1125.mat,HPPC,1125,34662,0.0,23.45,26.23,26.24,
BOOST,06-BOOST CHARGING protocol_Cycles 1000 to 1908.zip,11-20-21_23.39_BOOST_protocol__Fifteen_Drive_Cycles_set_IN21700_30T_cycle_#1126_to_1140.mat,drive,1126,97702,0.0,24.77,27.01,27.22,
BOOST,06-BOOST CHARGING protocol_Cycles 1000 to 1908.zip,11-22-21_04.34_BOOST_protocol_halfC_0.5C_dchg_(b1)_IN21700_30T_cycle_#1141.mat,halfC,1141,6090,0.0,25.0,25.97,26.34,
BOOST,06-BOOST CHARGING protocol_Cycles 1000 to 1908.zip,11-22-21_04.34_BOOST_protocol_halfC_CAP_(b1)_forexcel_cycle_#1141.mat,CAP,1141,0,1.0,,,,read:KeyError
BOOST,06-BOOST CHARGING protocol_Cycles 1000 to 1908.zip,11-22-21_07.57_BOOST_protocol_halfC_0.5C_dchg_(b2)_IN21700_30T_cycle_#1142.mat,halfC,1142,6098,0.0,25.29,26.22,26.26,
BOOST,06-BOOST CHARGING protocol_Cycles 1000 to 1908.zip,11-22-21_07.57_BOOST_protocol_halfC_CAP_(b2)_forexcel_cycle_#1142.mat,CAP,1142,0,1.0,,,,read:KeyError
BOOST,06-BOOST CHARGING protocol_Cycles 1000 to 1908.zip,11-22-21_10.34_BOOST_protocol__Fifteen_Drive_Cycles_set_IN21700_30T_cycle_#1143_to_1157.mat,drive,1143,97092,0.0,24.74,27.01,27.11,
BOOST,06-BOOST CHARGING protocol_Cycles 1000 to 1908.zip,11-23-21_18.48_BOOST_protocol_whole_Schedule_IN21700_30T_cycle_#1158_week#32.mat,schedule,1158,282167,0.0,24.55,26.82,26.98,
BOOST,06-BOOST CHARGING protocol_Cycles 1000 to 1908.zip,11-23-21_19.22_BOOST_protocol_halfC_0.5C_dchg_(a1)_IN21700_30T_cycle_#1158.mat,halfC,1158,6188,0.0,25.59,26.56,26.5,
BOOST,06-BOOST CHARGING protocol_Cycles 1000 to 1908.zip,11-23-21_19.22_BOOST_protocol_halfC_CAP_(a1)_forexcel_cycle_#1158.mat,CAP,1158,0,1.0,,,,read:KeyError
BOOST,06-BOOST CHARGING protocol_Cycles 1000 to 1908.zip,11-23-21_22.52_BOOST_protocol_halfC_0.5C_dchg_(a2)_IN21700_30T_cycle_#1159.mat,halfC,1159,6052,0.0,25.15,26.16,26.59,
BOOST,06-BOOST CHARGING protocol_Cycles 1000 to 1908.zip,11-23-21_22.52_BOOST_protocol_halfC_CAP_(a2)_forexcel_cycle_#1159.mat,CAP,1159,0,1.0,,,,read:KeyError
BOOST,06-BOOST CHARGING protocol_Cycles 1000 to 1908.zip,11-24-21_00.52_BOOST_protocol_ONE_C_charge_IN21700_30T_cycle_#1159.mat,other,1159,262,0.0,25.92,27.84,26.56,
BOOST,06-BOOST CHARGING protocol_Cycles 1000 to 1908.zip,11-24-21_02.21_BOOST_protocol_OneC_1C_dchg_IN21700_30T_cycle_#1160.mat,other,1160,2980,0.0,25.24,26.7,26.99,
BOOST,06-BOOST CHARGING protocol_Cycles 1000 to 1908.zip,11-24-21_04.59_BOOST_protocol_TwoC_2C_dchg_IN21700_30T_cycle_#1161.mat,other,1161,1476,0.0,25.46,29.21,29.8,
BOOST,06-BOOST CHARGING protocol_Cycles 1000 to 1908.zip,11-24-21_07.16_BOOST_protocol_HPPC_IN21700_30T_cycle_#1162.mat,HPPC,1162,34663,0.0,24.55,26.23,26.21,
BOOST,06-BOOST CHARGING protocol_Cycles 1000 to 1908.zip,11-25-21_14.15_BOOST_protocol__Fifteen_Drive_Cycles_set_IN21700_30T_cycle_#1163_to_1177.mat,drive,1163,97929,0.0,24.58,27.1,27.25,
BOOST,06-BOOST CHARGING protocol_Cycles 1000 to 1908.zip,11-26-21_19.10_BOOST_protocol_halfC_0.5C_dchg_(b1)_IN21700_30T_cycle_#1178.mat,halfC,1178,6069,0.0,25.44,26.55,27.06,
BOOST,06-BOOST CHARGING protocol_Cycles 1000 to 1908.zip,11-26-21_19.10_BOOST_protocol_halfC_CAP_(b1)_forexcel_cycle_#1178.mat,CAP,1178,0,1.0,,,,read:KeyError
BOOST,06-BOOST CHARGING protocol_Cycles 1000 to 1908.zip,11-26-21_22.37_BOOST_protocol_halfC_0.5C_dchg_(b2)_IN21700_30T_cycle_#1179.mat,halfC,1179,6059,0.0,25.04,26.11,26.54,
BOOST,06-BOOST CHARGING protocol_Cycles 1000 to 1908.zip,11-26-21_22.37_BOOST_protocol_halfC_CAP_(b2)_forexcel_cycle_#1179.mat,CAP,1179,0,1.0,,,,read:KeyError
BOOST,06-BOOST CHARGING protocol_Cycles 1000 to 1908.zip,11-27-21_01.17_BOOST_protocol__Fifteen_Drive_Cycles_set_IN21700_30T_cycle_#1180_to_1194.mat,drive,1180,97572,0.0,24.92,27.05,27.18,
BOOST,06-BOOST CHARGING protocol_Cycles 1000 to 1908.zip,Cover20 is not performed this week_#32.mat,other,-1,0,1.0,,,,read:KeyError
BOOST,06-BOOST CHARGING protocol_Cycles 1000 to 1908.zip,11-28-21_09.28_BOOST_protocol_whole_Schedule_IN21700_30T_cycle_#1195_week#33.mat,schedule,1195,281188,0.0,24.32,26.8,26.97,
BOOST,06-BOOST CHARGING protocol_Cycles 1000 to 1908.zip,11-28-21_10.53_BOOST_protocol_OCV_0.05C_IN21700_30T_cycle_#1195.mat,OCV,1195,2198,0.0,24.32,25.78,25.77,
BOOST,06-BOOST CHARGING protocol_Cycles 1000 to 1908.zip,11-30-21_00.45_BOOST_protocol_halfC_0.5C_dchg_(a1)_IN21700_30T_cycle_#1196.mat,halfC,1196,6150,0.0,25.11,26.44,26.05,
BOOST,06-BOOST CHARGING protocol_Cycles 1000 to 1908.zip,11-30-21_00.45_BOOST_protocol_halfC_CAP_(a1)_forexcel_cycle_#1196.mat,CAP,1196,0,1.0,,,,read:KeyError
BOOST,06-BOOST CHARGING protocol_Cycles 1000 to 1908.zip,11-30-21_04.14_BOOST_protocol_halfC_0.5C_dchg_(a2)_IN21700_30T_cycle_#1197.mat,halfC,1197,6014,0.0,25.14,26.13,26.56,
BOOST,06-BOOST CHARGING protocol_Cycles 1000 to 1908.zip,11-30-21_04.14_BOOST_protocol_halfC_CAP_(a2)_forexcel_cycle_#1197.mat,CAP,1197,0,1.0,,,,read:KeyError
BOOST,06-BOOST CHARGING protocol_Cycles 1000 to 1908.zip,11-30-21_06.14_BOOST_protocol_ONE_C_charge_IN21700_30T_cycle_#1197.mat,other,1197,259,0.0,25.84,27.9,26.26,
BOOST,06-BOOST CHARGING protocol_Cycles 1000 to 1908.zip,11-30-21_07.42_BOOST_protocol_OneC_1C_dchg_IN21700_30T_cycle_#1198.mat,other,1198,2959,0.0,24.54,26.66,27.12,
BOOST,06-BOOST CHARGING protocol_Cycles 1000 to 1908.zip,11-30-21_10.21_BOOST_protocol_TwoC_2C_dchg_IN21700_30T_cycle_#1199.mat,other,1199,1465,0.0,25.34,29.23,29.8,
BOOST,06-BOOST CHARGING protocol_Cycles 1000 to 1908.zip,11-30-21_12.39_BOOST_protocol_HPPC_IN21700_30T_cycle_#1200.mat,HPPC,1200,34617,0.0,24.49,26.24,26.18,
BOOST,06-BOOST CHARGING protocol_Cycles 1000 to 1908.zip,12-01-21_19.36_BOOST_protocol__Fifteen_Drive_Cycles_set_IN21700_30T_cycle_#1201_to_1215.mat,drive,1201,96636,0.0,24.76,27.1,27.31,
BOOST,06-BOOST CHARGING protocol_Cycles 1000 to 1908.zip,12-03-21_00.11_BOOST_protocol_halfC_0.5C_dchg_(b1)_IN21700_30T_cycle_#1216.mat,halfC,1216,6025,0.0,25.08,26.16,26.64,
BOOST,06-BOOST CHARGING protocol_Cycles 1000 to 1908.zip,12-03-21_00.11_BOOST_protocol_halfC_CAP_(b1)_forexcel_cycle_#1216.mat,CAP,1216,0,1.0,,,,read:KeyError
BOOST,06-BOOST CHARGING protocol_Cycles 1000 to 1908.zip,12-03-21_03.37_BOOST_protocol_halfC_0.5C_dchg_(b2)_IN21700_30T_cycle_#1217.mat,halfC,1217,6004,0.0,24.96,25.93,26.27,
BOOST,06-BOOST CHARGING protocol_Cycles 1000 to 1908.zip,12-03-21_03.37_BOOST_protocol_halfC_CAP_(b2)_forexcel_cycle_#1217.mat,CAP,1217,0,1.0,,,,read:KeyError
BOOST,06-BOOST CHARGING protocol_Cycles 1000 to 1908.zip,12-03-21_06.14_BOOST_protocol__Fifteen_Drive_Cycles_set_IN21700_30T_cycle_#1218_to_1232.mat,drive,1218,95987,0.0,24.74,27.12,27.29,
BOOST,06-BOOST CHARGING protocol_Cycles 1000 to 1908.zip,12-04-21_16.46_BOOST_protocol_whole_Schedule_IN21700_30T_cycle_#1233_week#34.mat,schedule,1233,278161,0.0,20.33,26.79,26.96,
BOOST,06-BOOST CHARGING protocol_Cycles 1000 to 1908.zip,12-04-21_17.22_BOOST_protocol_halfC_0.5C_dchg_(a1)_IN21700_30T_cycle_#1233.mat,halfC,1233,6121,0.0,24.85,26.27,25.8,
BOOST,06-BOOST CHARGING protocol_Cycles 1000 to 1908.zip,12-04-21_17.22_BOOST_protocol_halfC_CAP_(a1)_forexcel_cycle_#1233.mat,CAP,1233,0,1.0,,,,read:KeyError
BOOST,06-BOOST CHARGING protocol_Cycles 1000 to 1908.zip,12-04-21_20.52_BOOST_protocol_halfC_0.5C_dchg_(a2)_IN21700_30T_cycle_#1234.mat,halfC,1234,5977,0.0,25.21,26.22,26.68,
BOOST,06-BOOST CHARGING protocol_Cycles 1000 to 1908.zip,12-04-21_20.52_BOOST_protocol_halfC_CAP_(a2)_forexcel_cycle_#1234.mat,CAP,1234,0,1.0,,,,read:KeyError
BOOST,06-BOOST CHARGING protocol_Cycles 1000 to 1908.zip,12-04-21_22.52_BOOST_protocol_ONE_C_charge_IN21700_30T_cycle_#1234.mat,other,1234,254,0.0,26.02,27.72,26.33,
BOOST,06-BOOST CHARGING protocol_Cycles 1000 to 1908.zip,12-05-21_00.23_BOOST_protocol_OneC_1C_dchg_IN21700_30T_cycle_#1235.mat,other,1235,2937,0.0,24.91,26.78,27.18,
BOOST,06-BOOST CHARGING protocol_Cycles 1000 to 1908.zip,12-05-21_03.03_BOOST_protocol_TwoC_2C_dchg_IN21700_30T_cycle_#1236.mat,other,1236,1457,0.0,25.42,29.43,30.0,
BOOST,06-BOOST CHARGING protocol_Cycles 1000 to 1908.zip,12-05-21_05.22_BOOST_protocol_HPPC_IN21700_30T_cycle_#1237.mat,HPPC,1237,34574,0.0,24.63,26.15,26.19,
BOOST,06-BOOST CHARGING protocol_Cycles 1000 to 1908.zip,12-06-21_12.19_BOOST_protocol__Fifteen_Drive_Cycles_set_IN21700_30T_cycle_#1238_to_1252.mat,drive,1238,96300,0.0,24.82,27.09,27.25,
BOOST,06-BOOST CHARGING protocol_Cycles 1000 to 1908.zip,12-07-21_16.49_BOOST_protocol_halfC_0.5C_dchg_(b1)_IN21700_30T_cycle_#1253.mat,halfC,1253,5982,0.0,25.16,25.94,26.12,
BOOST,06-BOOST CHARGING protocol_Cycles 1000 to 1908.zip,12-07-21_16.49_BOOST_protocol_halfC_CAP_(b1)_forexcel_cycle_#1253.mat,CAP,1253,0,1.0,,,,read:KeyError
BOOST,06-BOOST CHARGING protocol_Cycles 1000 to 1908.zip,12-07-21_20.13_BOOST_protocol_halfC_0.5C_dchg_(b2)_IN21700_30T_cycle_#1254.mat,halfC,1254,5982,0.0,25.66,26.61,26.6,
BOOST,06-BOOST CHARGING protocol_Cycles 1000 to 1908.zip,12-07-21_20.13_BOOST_protocol_halfC_CAP_(b2)_forexcel_cycle_#1254.mat,CAP,1254,0,1.0,,,,read:KeyError
BOOST,06-BOOST CHARGING protocol_Cycles 1000 to 1908.zip,12-07-21_22.48_BOOST_protocol__Fifteen_Drive_Cycles_set_IN21700_30T_cycle_#1255_to_1269.mat,drive,1255,95889,0.0,20.33,27.04,27.2,
BOOST,06-BOOST CHARGING protocol_Cycles 1000 to 1908.zip,Cover20 is not performed this week_#34.mat,other,-1,0,1.0,,,,read:KeyError
BOOST,06-BOOST CHARGING protocol_Cycles 1000 to 1908.zip,12-10-21_10.20_BOOST_protocol_whole_Schedule_IN21700_30T_cycle_#1270_week#35.mat,schedule,1270,278527,0.0,21.81,26.8,27.03,
BOOST,06-BOOST CHARGING protocol_Cycles 1000 to 1908.zip,12-10-21_11.48_BOOST_protocol_OCV_0.05C_IN21700_30T_cycle_#1270.mat,OCV,1270,2184,0.0,21.81,25.73,25.79,
BOOST,06-BOOST CHARGING protocol_Cycles 1000 to 1908.zip,12-12-21_08.51_BOOST_protocol_halfC_0.5C_dchg_(a1)_IN21700_30T_cycle_#1271.mat,halfC,1271,6115,0.0,25.19,26.44,26.92,
BOOST,06-BOOST CHARGING protocol_Cycles 1000 to 1908.zip,12-12-21_08.51_BOOST_protocol_halfC_CAP_(a1)_forexcel_cycle_#1271.mat,CAP,1271,0,1.0,,,,read:KeyError
BOOST,06-BOOST CHARGING protocol_Cycles 1000 to 1908.zip,12-12-21_12.27_BOOST_protocol_halfC_0.5C_dchg_(a2)_IN21700_30T_cycle_#1272.mat,halfC,1272,5932,0.0,24.98,25.87,26.24,
BOOST,06-BOOST CHARGING protocol_Cycles 1000 to 1908.zip,12-12-21_12.27_BOOST_protocol_halfC_CAP_(a2)_forexcel_cycle_#1272.mat,CAP,1272,0,1.0,,,,read:KeyError
BOOST,06-BOOST CHARGING protocol_Cycles 1000 to 1908.zip,12-12-21_14.24_BOOST_protocol_ONE_C_charge_IN21700_30T_cycle_#1272.mat,other,1272,252,0.0,25.45,27.57,25.89,
BOOST,06-BOOST CHARGING protocol_Cycles 1000 to 1908.zip,12-12-21_15.56_BOOST_protocol_OneC_1C_dchg_IN21700_30T_cycle_#1273.mat,other,1273,2925,0.0,25.91,27.52,27.66,
BOOST,06-BOOST CHARGING protocol_Cycles 1000 to 1908.zip,12-12-21_18.36_BOOST_protocol_TwoC_2C_dchg_IN21700_30T_cycle_#1274.mat,other,1274,1446,0.0,25.21,29.26,29.91,
BOOST,06-BOOST CHARGING protocol_Cycles 1000 to 1908.zip,12-12-21_20.56_BOOST_protocol_HPPC_IN21700_30T_cycle_#1275.mat,HPPC,1275,34558,0.0,24.75,26.15,26.11,
BOOST,06-BOOST CHARGING protocol_Cycles 1000 to 1908.zip,12-14-21_03.54_BOOST_protocol__Fifteen_Drive_Cycles_set_IN21700_30T_cycle_#1276_to_1290.mat,drive,1276,94527,0.0,24.68,27.1,27.35,
BOOST,06-BOOST CHARGING protocol_Cycles 1000 to 1908.zip,12-15-21_07.59_BOOST_protocol_halfC_0.5C_dchg_(b1)_IN21700_30T_cycle_#1291.mat,halfC,1291,5958,0.0,25.35,26.28,26.27,
BOOST,06-BOOST CHARGING protocol_Cycles 1000 to 1908.zip,12-15-21_07.59_BOOST_protocol_halfC_CAP_(b1)_forexcel_cycle_#1291.mat,CAP,1291,0,1.0,,,,read:KeyError
BOOST,06-BOOST CHARGING protocol_Cycles 1000 to 1908.zip,12-15-21_11.24_BOOST_protocol_halfC_0.5C_dchg_(b2)_IN21700_30T_cycle_#1292.mat,halfC,1292,5955,0.0,25.12,26.28,26.82,
BOOST,06-BOOST CHARGING protocol_Cycles 1000 to 1908.zip,12-15-21_11.24_BOOST_protocol_halfC_CAP_(b2)_forexcel_cycle_#1292.mat,CAP,1292,0,1.0,,,,read:KeyError
BOOST,06-BOOST CHARGING protocol_Cycles 1000 to 1908.zip,12-15-21_14.00_BOOST_protocol__Fifteen_Drive_Cycles_set_IN21700_30T_cycle_#1293_to_1307.mat,drive,1293,95334,0.0,24.8,27.09,27.27,
BOOST,06-BOOST CHARGING protocol_Cycles 1000 to 1908.zip,12-17-21_11.26_BOOST_protocol_whole_Schedule_IN21700_30T_cycle_#1308_week#36.mat,schedule,1308,273991,0.0,24.39,26.66,26.89,
BOOST,06-BOOST CHARGING protocol_Cycles 1000 to 1908.zip,12-17-21_12.03_BOOST_protocol_halfC_0.5C_dchg_(a1)_IN21700_30T_cycle_#1308.mat,halfC,1308,6064,0.0,25.12,25.9,26.06,
BOOST,06-BOOST CHARGING protocol_Cycles 1000 to 1908.zip,12-17-21_12.03_BOOST_protocol_halfC_CAP_(a1)_forexcel_cycle_#1308.mat,CAP,1308,0,1.0,,,,read:KeyError
BOOST,06-BOOST CHARGING protocol_Cycles 1000 to 1908.zip,12-17-21_15.34_BOOST_protocol_halfC_0.5C_dchg_(a2)_IN21700_30T_cycle_#1309.mat,halfC,1309,5885,0.0,25.47,26.33,26.18,
BOOST,06-BOOST CHARGING protocol_Cycles 1000 to 1908.zip,12-17-21_15.34_BOOST_protocol_halfC_CAP_(a2)_forexcel_cycle_#1309.mat,CAP,1309,0,1.0,,,,read:KeyError
BOOST,06-BOOST CHARGING protocol_Cycles 1000 to 1908.zip,12-17-21_17.29_BOOST_protocol_ONE_C_charge_IN21700_30T_cycle_#1309.mat,other,1309,246,0.0,25.01,27.02,25.34,
BOOST,06-BOOST CHARGING protocol_Cycles 1000 to 1908.zip,12-17-21_19.02_BOOST_protocol_OneC_1C_dchg_IN21700_30T_cycle_#1310.mat,other,1310,2898,0.0,25.15,26.81,27.25,
BOOST,06-BOOST CHARGING protocol_Cycles 1000 to 1908.zip,12-17-21_21.43_BOOST_protocol_TwoC_2C_dchg_IN21700_30T_cycle_#1311.mat,other,1311,1435,0.0,25.37,29.24,29.76,
BOOST,06-BOOST CHARGING protocol_Cycles 1000 to 1908.zip,12-18-21_10.56_BOOST_protocol_HPPC_IN21700_30T_cycle_#1312.mat,HPPC,1312,34489,0.0,24.39,25.93,25.89,
BOOST,06-BOOST CHARGING protocol_Cycles 1000 to 1908.zip,12-19-21_19.37_BOOST_protocol__Fifteen_Drive_Cycles_set_IN21700_30T_cycle_#1313_to_1327.mat,drive,1313,93944,0.0,24.53,26.99,27.23,
BOOST,06-BOOST CHARGING protocol_Cycles 1000 to 1908.zip,12-22-21_03.25_BOOST_protocol_halfC_0.5C_dchg_(b1)_IN21700_30T_cycle_#1328.mat,halfC,1328,5908,0.0,25.23,26.49,27.04,
BOOST,06-BOOST CHARGING protocol_Cycles 1000 to 1908.zip,12-22-21_03.25_BOOST_protocol_halfC_CAP_(b1)_forexcel_cycle_#1328.mat,CAP,1328,0,1.0,,,,read:KeyError
BOOST,06-BOOST CHARGING protocol_Cycles 1000 to 1908.zip,12-22-21_06.51_BOOST_protocol_halfC_0.5C_dchg_(b2)_IN21700_30T_cycle_#1329.mat,halfC,1329,5893,0.0,24.81,25.86,26.3,
BOOST,06-BOOST CHARGING protocol_Cycles 1000 to 1908.zip,12-22-21_06.51_BOOST_protocol_halfC_CAP_(b2)_forexcel_cycle_#1329.mat,CAP,1329,0,1.0,,,,read:KeyError
BOOST,06-BOOST CHARGING protocol_Cycles 1000 to 1908.zip,12-22-21_09.26_BOOST_protocol__Fifteen_Drive_Cycles_set_IN21700_30T_cycle_#1330_to_1344.mat,drive,1330,94022,0.0,24.63,27.04,27.23,
BOOST,06-BOOST CHARGING protocol_Cycles 1000 to 1908.zip,Cover20 is not performed this week_#36.mat,other,-1,0,1.0,,,,read:KeyError
BOOST,06-BOOST CHARGING protocol_Cycles 1000 to 1908.zip,12-24-21_10.07_BOOST_protocol_whole_Schedule_IN21700_30T_cycle_#1345_week#37.mat,schedule,1345,275349,0.0,24.15,26.7,26.95,
BOOST,06-BOOST CHARGING protocol_Cycles 1000 to 1908.zip,12-24-21_11.35_BOOST_protocol_OCV_0.05C_IN21700_30T_cycle_#1345.mat,OCV,1345,2153,0.0,24.15,25.55,25.64,
BOOST,06-BOOST CHARGING protocol_Cycles 1000 to 1908.zip,12-26-21_01.22_BOOST_protocol_halfC_0.5C_dchg_(a1)_IN21700_30T_cycle_#1346.mat,halfC,1346,6029,0.0,24.91,25.85,26.17,
BOOST,06-BOOST CHARGING protocol_Cycles 1000 to 1908.zip,12-26-21_01.22_BOOST_protocol_halfC_CAP_(a1)_forexcel_cycle_#1346.mat,CAP,1346,0,1.0,,,,read:KeyError
BOOST,06-BOOST CHARGING protocol_Cycles 1000 to 1908.zip,12-26-21_04.54_BOOST_protocol_halfC_0.5C_dchg_(a2)_IN21700_30T_cycle_#1347.mat,halfC,1347,5847,0.0,24.67,26.03,25.73,
BOOST,06-BOOST CHARGING protocol_Cycles 1000 to 1908.zip,12-26-21_04.54_BOOST_protocol_halfC_CAP_(a2)_forexcel_cycle_#1347.mat,CAP,1347,0,1.0,,,,read:KeyError
BOOST,06-BOOST CHARGING protocol_Cycles 1000 to 1908.zip,12-26-21_06.49_BOOST_protocol_ONE_C_charge_IN21700_30T_cycle_#1347.mat,other,1347,243,0.0,25.12,26.98,25.58,
BOOST,06-BOOST CHARGING protocol_Cycles 1000 to 1908.zip,12-26-21_08.23_BOOST_protocol_OneC_1C_dchg_IN21700_30T_cycle_#1348.mat,other,1348,2877,0.0,25.03,26.97,27.45,
BOOST,06-BOOST CHARGING protocol_Cycles 1000 to 1908.zip,12-26-21_11.05_BOOST_protocol_TwoC_2C_dchg_IN21700_30T_cycle_#1349.mat,other,1349,1424,0.0,25.15,29.38,29.98,
BOOST,06-BOOST CHARGING protocol_Cycles 1000 to 1908.zip,12-26-21_13.26_BOOST_protocol_HPPC_IN21700_30T_cycle_#1350.mat,HPPC,1350,34482,0.0,24.2,25.93,25.97,
BOOST,06-BOOST CHARGING protocol_Cycles 1000 to 1908.zip,12-27-21_20.20_BOOST_protocol__Fifteen_Drive_Cycles_set_IN21700_30T_cycle_#1351_to_1365.mat,drive,1351,93593,0.0,24.45,27.09,27.38,
BOOST,06-BOOST CHARGING protocol_Cycles 1000 to 1908.zip,12-29-21_00.08_BOOST_protocol_halfC_0.5C_dchg_(b1)_IN21700_30T_cycle_#1366.mat,halfC,1366,5866,0.0,25.07,26.22,26.75,
BOOST,06-BOOST CHARGING protocol_Cycles 1000 to 1908.zip,12-29-21_00.08_BOOST_protocol_halfC_CAP_(b1)_forexcel_cycle_#1366.mat,CAP,1366,0,1.0,,,,read:KeyError
BOOST,06-BOOST CHARGING protocol_Cycles 1000 to 1908.zip,12-29-21_03.36_BOOST_protocol_halfC_0.5C_dchg_(b2)_IN21700_30T_cycle_#1367.mat,halfC,1367,5849,0.0,24.88,25.82,26.21,
BOOST,06-BOOST CHARGING protocol_Cycles 1000 to 1908.zip,12-29-21_03.36_BOOST_protocol_halfC_CAP_(b2)_forexcel_cycle_#1367.mat,CAP,1367,0,1.0,,,,read:KeyError
BOOST,06-BOOST CHARGING protocol_Cycles 1000 to 1908.zip,12-29-21_06.09_BOOST_protocol__Fifteen_Drive_Cycles_set_IN21700_30T_cycle_#1368_to_1382.mat,drive,1368,93508,0.0,24.5,27.07,27.3,
BOOST,06-BOOST CHARGING protocol_Cycles 1000 to 1908.zip,01-07-22_11.19_BOOST_protocol_whole_Schedule_IN21700_30T_cycle_#1383_week#38.mat,schedule,1383,271807,0.0,22.23,26.68,26.96,
BOOST,06-BOOST CHARGING protocol_Cycles 1000 to 1908.zip,01-07-22_11.57_BOOST_protocol_halfC_0.5C_dchg_(a1)_IN21700_30T_cycle_#1383.mat,halfC,1383,5957,0.0,25.27,26.62,27.02,
BOOST,06-BOOST CHARGING protocol_Cycles 1000 to 1908.zip,01-07-22_11.57_BOOST_protocol_halfC_CAP_(a1)_forexcel_cycle_#1383.mat,CAP,1383,0,1.0,,,,read:KeyError
BOOST,06-BOOST CHARGING protocol_Cycles 1000 to 1908.zip,01-07-22_15.30_BOOST_protocol_halfC_0.5C_dchg_(a2)_IN21700_30T_cycle_#1384.mat,halfC,1384,5769,0.0,24.95,26.1,26.63,
BOOST,06-BOOST CHARGING protocol_Cycles 1000 to 1908.zip,01-07-22_15.30_BOOST_protocol_halfC_CAP_(a2)_forexcel_cycle_#1384.mat,CAP,1384,0,1.0,,,,read:KeyError
BOOST,06-BOOST CHARGING protocol_Cycles 1000 to 1908.zip,01-07-22_17.25_BOOST_protocol_ONE_C_charge_IN21700_30T_cycle_#1384.mat,other,1384,238,0.0,25.88,27.54,26.38,
BOOST,06-BOOST CHARGING protocol_Cycles 1000 to 1908.zip,01-07-22_19.01_BOOST_protocol_OneC_1C_dchg_IN21700_30T_cycle_#1385.mat,other,1385,2832,0.0,25.01,26.83,27.15,
BOOST,06-BOOST CHARGING protocol_Cycles 1000 to 1908.zip,01-07-22_21.43_BOOST_protocol_TwoC_2C_dchg_IN21700_30T_cycle_#1386.mat,other,1386,1409,0.0,25.51,29.97,30.65,
BOOST,06-BOOST CHARGING protocol_Cycles 1000 to 1908.zip,01-08-22_00.09_BOOST_protocol_HPPC_IN21700_30T_cycle_#1387.mat,HPPC,1387,34507,0.0,24.03,25.99,25.96,
BOOST,06-BOOST CHARGING protocol_Cycles 1000 to 1908.zip,01-09-22_07.02_BOOST_protocol__Fifteen_Drive_Cycles_set_IN21700_30T_cycle_#1388_to_1402.mat,drive,1388,92379,0.0,22.23,27.03,27.32,
BOOST,06-BOOST CHARGING protocol_Cycles 1000 to 1908.zip,01-10-22_10.31_BOOST_protocol_halfC_0.5C_dchg_(b1)_IN21700_30T_cycle_#1403.mat,halfC,1403,5778,0.0,24.81,25.8,26.02,
BOOST,06-BOOST CHARGING protocol_Cycles 1000 to 1908.zip,01-10-22_10.31_BOOST_protocol_halfC_CAP_(b1)_forexcel_cycle_#1403.mat,CAP,1403,0,1.0,,,,read:KeyError
BOOST,06-BOOST CHARGING protocol_Cycles 1000 to 1908.zip,01-10-22_13.56_BOOST_protocol_halfC_0.5C_dchg_(b2)_IN21700_30T_cycle_#1404.mat,halfC,1404,5795,0.0,25.44,26.56,26.86,
BOOST,06-BOOST CHARGING protocol_Cycles 1000 to 1908.zip,01-10-22_13.56_BOOST_protocol_halfC_CAP_(b2)_forexcel_cycle_#1404.mat,CAP,1404,0,1.0,,,,read:KeyError
BOOST,06-BOOST CHARGING protocol_Cycles 1000 to 1908.zip,01-10-22_16.28_BOOST_protocol__Fifteen_Drive_Cycles_set_IN21700_30T_cycle_#1405_to_1419.mat,drive,1405,93802,0.0,24.76,26.96,27.21,
BOOST,06-BOOST CHARGING protocol_Cycles 1000 to 1908.zip,Cover20 is not performed this week_#38.mat,other,-1,0,1.0,,,,read:KeyError
BOOST,06-BOOST CHARGING protocol_Cycles 1000 to 1908.zip,01-17-22_17.58_BOOST_protocol_whole_Schedule_IN21700_30T_cycle_#1420_week#39.mat,schedule,1420,271950,0.0,24.01,26.85,27.12,
BOOST,06-BOOST CHARGING protocol_Cycles 1000 to 1908.zip,01-17-22_19.29_BOOST_protocol_OCV_0.05C_IN21700_30T_cycle_#1420.mat,OCV,1420,2102,0.0,24.25,25.57,25.58,
BOOST,06-BOOST CHARGING protocol_Cycles 1000 to 1908.zip,01-19-22_07.58_BOOST_protocol_halfC_0.5C_dchg_(a1)_IN21700_30T_cycle_#1421.mat,halfC,1421,5889,0.0,25.01,26.01,26.23,
BOOST,06-BOOST CHARGING protocol_Cycles 1000 to 1908.zip,01-19-22_07.58_BOOST_protocol_halfC_CAP_(a1)_forexcel_cycle_#1421.mat,CAP,1421,0,1.0,,,,read:KeyError
BOOST,06-BOOST CHARGING protocol_Cycles 1000 to 1908.zip,01-19-22_11.30_BOOST_protocol_halfC_0.5C_dchg_(a2)_IN21700_30T_cycle_#1422.mat,halfC,1422,5707,0.0,25.45,26.57,26.8,
BOOST,06-BOOST CHARGING protocol_Cycles 1000 to 1908.zip,01-19-22_11.30_BOOST_protocol_halfC_CAP_(a2)_forexcel_cycle_#1422.mat,CAP,1422,0,1.0,,,,read:KeyError
BOOST,06-BOOST CHARGING protocol_Cycles 1000 to 1908.zip,01-19-22_13.23_BOOST_protocol_ONE_C_charge_IN21700_30T_cycle_#1422.mat,other,1422,233,0.0,25.07,27.21,25.23,
BOOST,06-BOOST CHARGING protocol_Cycles 1000 to 1908.zip,01-19-22_14.59_BOOST_protocol_OneC_1C_dchg_IN21700_30T_cycle_#1423.mat,other,1423,2809,0.0,24.93,27.04,27.56,
BOOST,06-BOOST CHARGING protocol_Cycles 1000 to 1908.zip,01-19-22_17.41_BOOST_protocol_TwoC_2C_dchg_IN21700_30T_cycle_#1424.mat,other,1424,1391,0.0,25.09,29.64,30.3,
BOOST,06-BOOST CHARGING protocol_Cycles 1000 to 1908.zip,01-19-22_20.05_BOOST_protocol_HPPC_IN21700_30T_cycle_#1425.mat,HPPC,1425,34470,0.0,24.01,25.93,25.79,
BOOST,06-BOOST CHARGING protocol_Cycles 1000 to 1908.zip,01-21-22_03.01_BOOST_protocol__Fifteen_Drive_Cycles_set_IN21700_30T_cycle_#1426_to_1440.mat,drive,1426,90870,0.0,24.58,27.13,27.41,
BOOST,06-BOOST CHARGING protocol_Cycles 1000 to 1908.zip,01-22-22_06.07_BOOST_protocol_halfC_0.5C_dchg_(b1)_IN21700_30T_cycle_#1441.mat,halfC,1441,5740,0.0,25.46,26.39,26.77,
BOOST,06-BOOST CHARGING protocol_Cycles 1000 to 1908.zip,01-22-22_06.07_BOOST_protocol_halfC_CAP_(b1)_forexcel_cycle_#1441.mat,CAP,1441,0,1.0,,,,read:KeyError
BOOST,06-BOOST CHARGING protocol_Cycles 1000 to 1908.zip,01-22-22_09.33_BOOST_protocol_halfC_0.5C_dchg_(b2)_IN21700_30T_cycle_#1442.mat,halfC,1442,5736,0.0,24.88,25.96,26.38,
BOOST,06-BOOST CHARGING protocol_Cycles 1000 to 1908.zip,01-22-22_09.33_BOOST_protocol_halfC_CAP_(b2)_forexcel_cycle_#1442.mat,CAP,1442,0,1.0,,,,read:KeyError
BOOST,06-BOOST CHARGING protocol_Cycles 1000 to 1908.zip,01-22-22_12.05_BOOST_protocol__Fifteen_Drive_Cycles_set_IN21700_30T_cycle_#1443_to_1457.mat,drive,1443,93069,0.0,24.84,27.42,27.76,
BOOST,06-BOOST CHARGING protocol_Cycles 1000 to 1908.zip,01-24-22_04.57_BOOST_protocol_whole_Schedule_IN21700_30T_cycle_#1458_week#40.mat,schedule,1458,267516,1.0,-0.85,-0.0,-0.0,
BOOST,06-BOOST CHARGING protocol_Cycles 1000 to 1908.zip,01-24-22_05.35_BOOST_protocol_halfC_0.5C_dchg_(a1)_IN21700_30T_cycle_#1458.mat,halfC,1458,5879,1.0,-0.3,-0.0,0.0,
BOOST,06-BOOST CHARGING protocol_Cycles 1000 to 1908.zip,01-24-22_05.35_BOOST_protocol_halfC_CAP_(a1)_forexcel_cycle_#1458.mat,CAP,1458,0,1.0,,,,read:KeyError
BOOST,06-BOOST CHARGING protocol_Cycles 1000 to 1908.zip,01-24-22_09.09_BOOST_protocol_halfC_0.5C_dchg_(a2)_IN21700_30T_cycle_#1459.mat,halfC,1459,5692,1.0,-0.29,0.01,0.01,
BOOST,06-BOOST CHARGING protocol_Cycles 1000 to 1908.zip,01-24-22_09.09_BOOST_protocol_halfC_CAP_(a2)_forexcel_cycle_#1459.mat,CAP,1459,0,1.0,,,,read:KeyError
BOOST,06-BOOST CHARGING protocol_Cycles 1000 to 1908.zip,01-24-22_11.06_BOOST_protocol_ONE_C_charge_IN21700_30T_cycle_#1459.mat,other,1459,231,1.0,-0.28,0.02,0.02,
BOOST,06-BOOST CHARGING protocol_Cycles 1000 to 1908.zip,01-24-22_12.44_BOOST_protocol_OneC_1C_dchg_IN21700_30T_cycle_#1460.mat,other,1460,2795,1.0,-0.29,0.01,0.0,
BOOST,06-BOOST CHARGING protocol_Cycles 1000 to 1908.zip,01-24-22_15.28_BOOST_protocol_TwoC_2C_dchg_IN21700_30T_cycle_#1461.mat,other,1461,1394,1.0,-0.36,0.0,-0.0,
BOOST,06-BOOST CHARGING protocol_Cycles 1000 to 1908.zip,01-24-22_17.57_BOOST_protocol_HPPC_IN21700_30T_cycle_#1462.mat,HPPC,1462,34348,1.0,-0.58,0.0,0.01,
BOOST,06-BOOST CHARGING protocol_Cycles 1000 to 1908.zip,01-26-22_00.49_BOOST_protocol__Fifteen_Drive_Cycles_set_IN21700_30T_cycle_#1463_to_1477.mat,drive,1463,90594,1.0,-0.33,-0.0,0.0,
BOOST,06-BOOST CHARGING protocol_Cycles 1000 to 1908.zip,01-27-22_06.06_BOOST_protocol_halfC_0.5C_dchg_(b1)_IN21700_30T_cycle_#1478.mat,halfC,1478,5705,1.0,-0.3,-0.01,-0.02,
BOOST,06-BOOST CHARGING protocol_Cycles 1000 to 1908.zip,01-27-22_06.06_BOOST_protocol_halfC_CAP_(b1)_forexcel_cycle_#1478.mat,CAP,1478,0,1.0,,,,read:KeyError
BOOST,06-BOOST CHARGING protocol_Cycles 1000 to 1908.zip,01-27-22_09.33_BOOST_protocol_halfC_0.5C_dchg_(b2)_IN21700_30T_cycle_#1479.mat,halfC,1479,5704,1.0,-0.3,0.0,0.02,
BOOST,06-BOOST CHARGING protocol_Cycles 1000 to 1908.zip,01-27-22_09.33_BOOST_protocol_halfC_CAP_(b2)_forexcel_cycle_#1479.mat,CAP,1479,0,1.0,,,,read:KeyError
BOOST,06-BOOST CHARGING protocol_Cycles 1000 to 1908.zip,01-27-22_12.02_BOOST_protocol__Fifteen_Drive_Cycles_set_IN21700_30T_cycle_#1480_to_1494.mat,drive,1480,91302,1.0,-0.33,-0.0,-0.0,
BOOST,06-BOOST CHARGING protocol_Cycles 1000 to 1908.zip,Cover20 is not performed this week_#40.mat,other,-1,0,1.0,,,,read:KeyError
BOOST,06-BOOST CHARGING protocol_Cycles 1000 to 1908.zip,01-31-22_14.47_BOOST_protocol_whole_Schedule_IN21700_30T_cycle_#1495_week#41.mat,schedule,1495,269115,0.0,24.14,26.88,27.22,
BOOST,06-BOOST CHARGING protocol_Cycles 1000 to 1908.zip,01-31-22_16.20_BOOST_protocol_OCV_0.05C_IN21700_30T_cycle_#1495.mat,OCV,1495,2076,0.0,24.16,25.73,25.84,
BOOST,06-BOOST CHARGING protocol_Cycles 1000 to 1908.zip,02-02-22_04.21_BOOST_protocol_halfC_0.5C_dchg_(a1)_IN21700_30T_cycle_#1496.mat,halfC,1496,5823,0.0,24.99,26.05,26.41,
BOOST,06-BOOST CHARGING protocol_Cycles 1000 to 1908.zip,02-02-22_04.21_BOOST_protocol_halfC_CAP_(a1)_forexcel_cycle_#1496.mat,CAP,1496,0,1.0,,,,read:KeyError
BOOST,06-BOOST CHARGING protocol_Cycles 1000 to 1908.zip,02-02-22_07.57_BOOST_protocol_halfC_0.5C_dchg_(a2)_IN21700_30T_cycle_#1497.mat,halfC,1497,5641,0.0,25.42,26.38,26.43,
BOOST,06-BOOST CHARGING protocol_Cycles 1000 to 1908.zip,02-02-22_07.57_BOOST_protocol_halfC_CAP_(a2)_forexcel_cycle_#1497.mat,CAP,1497,0,1.0,,,,read:KeyError
BOOST,06-BOOST CHARGING protocol_Cycles 1000 to 1908.zip,02-02-22_09.48_BOOST_protocol_ONE_C_charge_IN21700_30T_cycle_#1497.mat,other,1497,224,0.0,24.96,27.29,25.09,
BOOST,06-BOOST CHARGING protocol_Cycles 1000 to 1908.zip,02-02-22_11.28_BOOST_protocol_OneC_1C_dchg_IN21700_30T_cycle_#1498.mat,other,1498,2780,0.0,25.3,27.66,28.23,
BOOST,06-BOOST CHARGING protocol_Cycles 1000 to 1908.zip,02-02-22_14.17_BOOST_protocol_TwoC_2C_dchg_IN21700_30T_cycle_#1499.mat,other,1499,1376,0.0,24.87,29.79,30.5,
BOOST,06-BOOST CHARGING protocol_Cycles 1000 to 1908.zip,02-02-22_16.45_BOOST_protocol_HPPC_IN21700_30T_cycle_#1500.mat,HPPC,1500,34266,0.0,24.21,26.01,25.99,
BOOST,06-BOOST CHARGING protocol_Cycles 1000 to 1908.zip,02-03-22_23.36_BOOST_protocol__Fifteen_Drive_Cycles_set_IN21700_30T_cycle_#1501_to_1515.mat,drive,1501,91018,0.0,24.71,27.29,27.68,
BOOST,06-BOOST CHARGING protocol_Cycles 1000 to 1908.zip,02-05-22_02.49_BOOST_protocol_halfC_0.5C_dchg_(b1)_IN21700_30T_cycle_#1516.mat,halfC,1516,5643,0.0,24.96,26.26,26.75,
BOOST,06-BOOST CHARGING protocol_Cycles 1000 to 1908.zip,02-05-22_02.49_BOOST_protocol_halfC_CAP_(b1)_forexcel_cycle_#1516.mat,CAP,1516,0,1.0,,,,read:KeyError
BOOST,06-BOOST CHARGING protocol_Cycles 1000 to 1908.zip,02-05-22_06.17_BOOST_protocol_halfC_0.5C_dchg_(b2)_IN21700_30T_cycle_#1517.mat,halfC,1517,5618,0.0,25.01,26.06,26.29,
BOOST,06-BOOST CHARGING protocol_Cycles 1000 to 1908.zip,02-05-22_06.17_BOOST_protocol_halfC_CAP_(b2)_forexcel_cycle_#1517.mat,CAP,1517,0,1.0,,,,read:KeyError
BOOST,06-BOOST CHARGING protocol_Cycles 1000 to 1908.zip,02-05-22_08.46_BOOST_protocol__Fifteen_Drive_Cycles_set_IN21700_30T_cycle_#1518_to_1532.mat,drive,1518,90243,0.0,25.02,27.39,27.8,
BOOST,06-BOOST CHARGING protocol_Cycles 1000 to 1908.zip,02-07-22_12.34_BOOST_protocol_whole_Schedule_IN21700_30T_cycle_#1533_week#42.mat,schedule,1533,267675,0.0,24.16,27.02,27.42,
BOOST,06-BOOST CHARGING protocol_Cycles 1000 to 1908.zip,02-07-22_13.15_BOOST_protocol_halfC_0.5C_dchg_(a1)_IN21700_30T_cycle_#1533.mat,halfC,1533,5798,0.0,25.14,26.64,27.23,
BOOST,06-BOOST CHARGING protocol_Cycles 1000 to 1908.zip,02-07-22_13.15_BOOST_protocol_halfC_CAP_(a1)_forexcel_cycle_#1533.mat,CAP,1533,0,1.0,,,,read:KeyError
BOOST,06-BOOST CHARGING protocol_Cycles 1000 to 1908.zip,02-07-22_16.55_BOOST_protocol_halfC_0.5C_dchg_(a2)_IN21700_30T_cycle_#1534.mat,halfC,1534,5565,0.0,24.77,26.08,26.57,
BOOST,06-BOOST CHARGING protocol_Cycles 1000 to 1908.zip,02-07-22_16.55_BOOST_protocol_halfC_CAP_(a2)_forexcel_cycle_#1534.mat,CAP,1534,0,1.0,,,,read:KeyError
BOOST,06-BOOST CHARGING protocol_Cycles 1000 to 1908.zip,02-07-22_18.47_BOOST_protocol_ONE_C_charge_IN21700_30T_cycle_#1534.mat,other,1534,221,0.0,25.44,27.92,25.72,
BOOST,06-BOOST CHARGING protocol_Cycles 1000 to 1908.zip,02-07-22_20.26_BOOST_protocol_OneC_1C_dchg_IN21700_30T_cycle_#1535.mat,other,1535,2748,0.0,25.16,27.39,27.88,
BOOST,06-BOOST CHARGING protocol_Cycles 1000 to 1908.zip,02-07-22_23.15_BOOST_protocol_TwoC_2C_dchg_IN21700_30T_cycle_#1536.mat,other,1536,1368,0.0,25.2,30.37,31.22,
BOOST,06-BOOST CHARGING protocol_Cycles 1000 to 1908.zip,02-08-22_01.44_BOOST_protocol_HPPC_IN21700_30T_cycle_#1537.mat,HPPC,1537,34174,0.0,24.16,26.06,25.99,
BOOST,06-BOOST CHARGING protocol_Cycles 1000 to 1908.zip,02-09-22_08.32_BOOST_protocol__Fifteen_Drive_Cycles_set_IN21700_30T_cycle_#1538_to_1552.mat,drive,1538,91033,0.0,24.86,27.52,27.91,
BOOST,06-BOOST CHARGING protocol_Cycles 1000 to 1908.zip,02-10-22_11.49_BOOST_protocol_halfC_0.5C_dchg_(b1)_IN21700_30T_cycle_#1553.mat,halfC,1553,5584,0.0,24.81,26.11,26.56,
BOOST,06-BOOST CHARGING protocol_Cycles 1000 to 1908.zip,02-10-22_11.49_BOOST_protocol_halfC_CAP_(b1)_forexcel_cycle_#1553.mat,CAP,1553,0,1.0,,,,read:KeyError
BOOST,06-BOOST CHARGING protocol_Cycles 1000 to 1908.zip,02-10-22_15.18_BOOST_protocol_halfC_0.5C_dchg_(b2)_IN21700_30T_cycle_#1554.mat,halfC,1554,5593,0.0,24.68,26.0,26.52,
BOOST,06-BOOST CHARGING protocol_Cycles 1000 to 1908.zip,02-10-22_15.18_BOOST_protocol_halfC_CAP_(b2)_forexcel_cycle_#1554.mat,CAP,1554,0,1.0,,,,read:KeyError
BOOST,06-BOOST CHARGING protocol_Cycles 1000 to 1908.zip,02-10-22_17.46_BOOST_protocol__Fifteen_Drive_Cycles_set_IN21700_30T_cycle_#1555_to_1569.mat,drive,1555,91059,0.0,24.28,27.52,27.93,
BOOST,06-BOOST CHARGING protocol_Cycles 1000 to 1908.zip,Cover20 is not performed this week_#42.mat,other,-1,0,1.0,,,,read:KeyError
BOOST,06-BOOST CHARGING protocol_Cycles 1000 to 1908.zip,02-14-22_09.27_BOOST_protocol_whole_Schedule_IN21700_30T_cycle_#1570_week#43.mat,schedule,1570,268080,0.0,24.2,27.02,27.45,
BOOST,06-BOOST CHARGING protocol_Cycles 1000 to 1908.zip,02-14-22_11.00_BOOST_protocol_OCV_0.05C_IN21700_30T_cycle_#1570.mat,OCV,1570,2032,0.0,24.2,25.63,25.61,
BOOST,06-BOOST CHARGING protocol_Cycles 1000 to 1908.zip,02-15-22_22.19_BOOST_protocol_halfC_0.5C_dchg_(a1)_IN21700_30T_cycle_#1571.mat,halfC,1571,5720,0.0,24.9,26.42,26.98,
BOOST,06-BOOST CHARGING protocol_Cycles 1000 to 1908.zip,02-15-22_22.19_BOOST_protocol_halfC_CAP_(a1)_forexcel_cycle_#1571.mat,CAP,1571,0,1.0,,,,read:KeyError
BOOST,06-BOOST CHARGING protocol_Cycles 1000 to 1908.zip,02-16-22_01.58_BOOST_protocol_halfC_0.5C_dchg_(a2)_IN21700_30T_cycle_#1572.mat,halfC,1572,5510,0.0,25.04,26.14,26.45,
BOOST,06-BOOST CHARGING protocol_Cycles 1000 to 1908.zip,02-16-22_01.58_BOOST_protocol_halfC_CAP_(a2)_forexcel_cycle_#1572.mat,CAP,1572,0,1.0,,,,read:KeyError
BOOST,06-BOOST CHARGING protocol_Cycles 1000 to 1908.zip,02-16-22_03.48_BOOST_protocol_ONE_C_charge_IN21700_30T_cycle_#1572.mat,other,1572,215,0.0,25.34,27.8,25.93,
BOOST,06-BOOST CHARGING protocol_Cycles 1000 to 1908.zip,02-16-22_05.32_BOOST_protocol_OneC_1C_dchg_IN21700_30T_cycle_#1573.mat,other,1573,2726,0.0,25.67,27.59,28.07,
BOOST,06-BOOST CHARGING protocol_Cycles 1000 to 1908.zip,02-16-22_08.21_BOOST_protocol_TwoC_2C_dchg_IN21700_30T_cycle_#1574.mat,other,1574,1354,0.0,25.34,30.7,31.47,
BOOST,06-BOOST CHARGING protocol_Cycles 1000 to 1908.zip,02-16-22_10.52_BOOST_protocol_HPPC_IN21700_30T_cycle_#1575.mat,HPPC,1575,34118,0.0,24.28,26.09,25.96,
BOOST,06-BOOST CHARGING protocol_Cycles 1000 to 1908.zip,02-17-22_17.43_BOOST_protocol__Fifteen_Drive_Cycles_set_IN21700_30T_cycle_#1576_to_1590.mat,drive,1576,90022,0.0,24.56,27.58,27.99,
BOOST,06-BOOST CHARGING protocol_Cycles 1000 to 1908.zip,02-18-22_20.43_BOOST_protocol_halfC_0.5C_dchg_(b1)_IN21700_30T_cycle_#1591.mat,halfC,1591,5531,0.0,25.52,26.98,27.44,
BOOST,06-BOOST CHARGING protocol_Cycles 1000 to 1908.zip,02-18-22_20.43_BOOST_protocol_halfC_CAP_(b1)_forexcel_cycle_#1591.mat,CAP,1591,0,1.0,,,,read:KeyError
BOOST,06-BOOST CHARGING protocol_Cycles 1000 to 1908.zip,02-19-22_00.14_BOOST_protocol_halfC_0.5C_dchg_(b2)_IN21700_30T_cycle_#1592.mat,halfC,1592,5525,0.0,25.01,26.37,26.89,
BOOST,06-BOOST CHARGING protocol_Cycles 1000 to 1908.zip,02-19-22_00.14_BOOST_protocol_halfC_CAP_(b2)_forexcel_cycle_#1592.mat,CAP,1592,0,1.0,,,,read:KeyError
BOOST,06-BOOST CHARGING protocol_Cycles 1000 to 1908.zip,02-19-22_02.44_BOOST_protocol__Fifteen_Drive_Cycles_set_IN21700_30T_cycle_#1593_to_1607.mat,drive,1593,90023,0.0,24.9,27.61,28.04,
BOOST,06-BOOST CHARGING protocol_Cycles 1000 to 1908.zip,02-21-22_09.43_BOOST_protocol_whole_Schedule_IN21700_30T_cycle_#1608_week#44.mat,schedule,1608,261922,0.0,19.68,27.12,27.55,
BOOST,06-BOOST CHARGING protocol_Cycles 1000 to 1908.zip,02-21-22_10.24_BOOST_protocol_halfC_0.5C_dchg_(a1)_IN21700_30T_cycle_#1608.mat,halfC,1608,5688,0.0,25.27,26.94,27.58,
BOOST,06-BOOST CHARGING protocol_Cycles 1000 to 1908.zip,02-21-22_10.24_BOOST_protocol_halfC_CAP_(a1)_forexcel_cycle_#1608.mat,CAP,1608,0,1.0,,,,read:KeyError
BOOST,06-BOOST CHARGING protocol_Cycles 1000 to 1908.zip,02-21-22_14.04_BOOST_protocol_halfC_0.5C_dchg_(a2)_IN21700_30T_cycle_#1609.mat,halfC,1609,5455,0.0,25.03,26.41,26.91,
BOOST,06-BOOST CHARGING protocol_Cycles 1000 to 1908.zip,02-21-22_14.04_BOOST_protocol_halfC_CAP_(a2)_forexcel_cycle_#1609.mat,CAP,1609,0,1.0,,,,read:KeyError
BOOST,06-BOOST CHARGING protocol_Cycles 1000 to 1908.zip,02-21-22_15.54_BOOST_protocol_ONE_C_charge_IN21700_30T_cycle_#1609.mat,other,1609,211,0.0,25.69,28.38,26.25,
BOOST,06-BOOST CHARGING protocol_Cycles 1000 to 1908.zip,02-21-22_17.39_BOOST_protocol_OneC_1C_dchg_IN21700_30T_cycle_#1610.mat,other,1610,2687,0.0,25.01,27.5,27.96,
BOOST,06-BOOST CHARGING protocol_Cycles 1000 to 1908.zip,02-21-22_20.30_BOOST_protocol_TwoC_2C_dchg_IN21700_30T_cycle_#1611.mat,other,1611,1346,0.0,25.69,31.27,32.06,
BOOST,06-BOOST CHARGING protocol_Cycles 1000 to 1908.zip,02-21-22_23.07_BOOST_protocol_HPPC_IN21700_30T_cycle_#1612.mat,HPPC,1612,34121,0.0,24.17,26.07,25.99,
BOOST,06-BOOST CHARGING protocol_Cycles 1000 to 1908.zip,02-23-22_05.52_BOOST_protocol__Fifteen_Drive_Cycles_set_IN21700_30T_cycle_#1613_to_1627.mat,drive,1613,87735,0.0,22.17,27.67,28.08,
BOOST,06-BOOST CHARGING protocol_Cycles 1000 to 1908.zip,02-24-22_08.16_BOOST_protocol_halfC_0.5C_dchg_(b1)_IN21700_30T_cycle_#1628.mat,halfC,1628,5478,0.0,25.77,26.8,26.82,
BOOST,06-BOOST CHARGING protocol_Cycles 1000 to 1908.zip,02-24-22_08.16_BOOST_protocol_halfC_CAP_(b1)_forexcel_cycle_#1628.mat,CAP,1628,0,1.0,,,,read:KeyError
BOOST,06-BOOST CHARGING protocol_Cycles 1000 to 1908.zip,02-24-22_11.47_BOOST_protocol_halfC_0.5C_dchg_(b2)_IN21700_30T_cycle_#1629.mat,halfC,1629,5472,0.0,21.05,26.56,27.39,
BOOST,06-BOOST CHARGING protocol_Cycles 1000 to 1908.zip,02-24-22_11.47_BOOST_protocol_halfC_CAP_(b2)_forexcel_cycle_#1629.mat,CAP,1629,0,1.0,,,,read:KeyError
BOOST,06-BOOST CHARGING protocol_Cycles 1000 to 1908.zip,02-24-22_14.13_BOOST_protocol__Fifteen_Drive_Cycles_set_IN21700_30T_cycle_#1630_to_1644.mat,drive,1630,88684,0.0,19.68,27.7,28.12,
BOOST,06-BOOST CHARGING protocol_Cycles 1000 to 1908.zip,Cover20 is not performed this week_#44.mat,other,-1,0,1.0,,,,read:KeyError
BOOST,06-BOOST CHARGING protocol_Cycles 1000 to 1908.zip,02-26-22_10.56_BOOST_protocol_whole_Schedule_IN21700_30T_cycle_#1645_week#45.mat,schedule,1645,261393,0.0,20.34,27.06,27.48,
BOOST,06-BOOST CHARGING protocol_Cycles 1000 to 1908.zip,02-26-22_12.29_BOOST_protocol_OCV_0.05C_IN21700_30T_cycle_#1645.mat,OCV,1645,1996,0.0,24.16,25.63,25.62,
BOOST,06-BOOST CHARGING protocol_Cycles 1000 to 1908.zip,02-27-22_23.11_BOOST_protocol_halfC_0.5C_dchg_(a1)_IN21700_30T_cycle_#1646.mat,halfC,1646,5612,0.0,24.89,26.57,27.11,
BOOST,06-BOOST CHARGING protocol_Cycles 1000 to 1908.zip,02-27-22_23.11_BOOST_protocol_halfC_CAP_(a1)_forexcel_cycle_#1646.mat,CAP,1646,0,1.0,,,,read:KeyError
BOOST,06-BOOST CHARGING protocol_Cycles 1000 to 1908.zip,02-28-22_02.51_BOOST_protocol_halfC_0.5C_dchg_(a2)_IN21700_30T_cycle_#1647.mat,halfC,1647,5403,0.0,24.98,26.24,26.66,
BOOST,06-BOOST CHARGING protocol_Cycles 1000 to 1908.zip,02-28-22_02.51_BOOST_protocol_halfC_CAP_(a2)_forexcel_cycle_#1647.mat,CAP,1647,0,1.0,,,,read:KeyError
BOOST,06-BOOST CHARGING protocol_Cycles 1000 to 1908.zip,02-28-22_04.39_BOOST_protocol_ONE_C_charge_IN21700_30T_cycle_#1647.mat,other,1647,205,0.0,25.43,28.13,25.94,
BOOST,06-BOOST CHARGING protocol_Cycles 1000 to 1908.zip,02-28-22_06.25_BOOST_protocol_OneC_1C_dchg_IN21700_30T_cycle_#1648.mat,other,1648,2667,0.0,25.19,27.38,27.7,
BOOST,06-BOOST CHARGING protocol_Cycles 1000 to 1908.zip,02-28-22_09.17_BOOST_protocol_TwoC_2C_dchg_IN21700_30T_cycle_#1649.mat,other,1649,1330,0.0,25.17,31.11,31.93,
BOOST,06-BOOST CHARGING protocol_Cycles 1000 to 1908.zip,02-28-22_11.49_BOOST_protocol_HPPC_IN21700_30T_cycle_#1650.mat,HPPC,1650,33984,0.0,24.15,26.03,25.98,
BOOST,06-BOOST CHARGING protocol_Cycles 1000 to 1908.zip,03-01-22_18.32_BOOST_protocol__Fifteen_Drive_Cycles_set_IN21700_30T_cycle_#1651_to_1665.mat,drive,1651,88045,0.0,20.88,27.8,28.19,
BOOST,06-BOOST CHARGING protocol_Cycles 1000 to 1908.zip,03-02-22_21.03_BOOST_protocol_halfC_0.5C_dchg_(b1)_IN21700_30T_cycle_#1666.mat,halfC,1666,5397,0.0,25.03,26.3,26.57,
BOOST,06-BOOST CHARGING protocol_Cycles 1000 to 1908.zip,03-02-22_21.03_BOOST_protocol_halfC_CAP_(b1)_forexcel_cycle_#1666.mat,CAP,1666,0,1.0,,,,read:KeyError
BOOST,06-BOOST CHARGING protocol_Cycles 1000 to 1908.zip,03-03-22_00.35_BOOST_protocol_halfC_0.5C_dchg_(b2)_IN21700_30T_cycle_#1667.mat,halfC,1667,5413,0.0,25.37,26.52,26.38,
BOOST,06-BOOST CHARGING protocol_Cycles 1000 to 1908.zip,03-03-22_00.35_BOOST_protocol_halfC_CAP_(b2)_forexcel_cycle_#1667.mat,CAP,1667,0,1.0,,,,read:KeyError
BOOST,06-BOOST CHARGING protocol_Cycles 1000 to 1908.zip,03-03-22_02.59_BOOST_protocol__Fifteen_Drive_Cycles_set_IN21700_30T_cycle_#1668_to_1682.mat,drive,1668,85928,0.0,20.34,27.75,28.1,
BOOST,06-BOOST CHARGING protocol_Cycles 1000 to 1908.zip,03-05-22_12.27_BOOST_protocol_whole_Schedule_IN21700_30T_cycle_#1683_week#46.mat,schedule,1683,259719,0.0,20.35,27.16,27.63,
BOOST,06-BOOST CHARGING protocol_Cycles 1000 to 1908.zip,03-05-22_13.09_BOOST_protocol_halfC_0.5C_dchg_(a1)_IN21700_30T_cycle_#1683.mat,halfC,1683,5560,0.0,25.67,26.59,26.91,
BOOST,06-BOOST CHARGING protocol_Cycles 1000 to 1908.zip,03-05-22_13.09_BOOST_protocol_halfC_CAP_(a1)_forexcel_cycle_#1683.mat,CAP,1683,0,1.0,,,,read:KeyError
BOOST,06-BOOST CHARGING protocol_Cycles 1000 to 1908.zip,03-05-22_16.49_BOOST_protocol_halfC_0.5C_dchg_(a2)_IN21700_30T_cycle_#1684.mat,halfC,1684,5345,0.0,25.36,27.05,27.5,
BOOST,06-BOOST CHARGING protocol_Cycles 1000 to 1908.zip,03-05-22_16.49_BOOST_protocol_halfC_CAP_(a2)_forexcel_cycle_#1684.mat,CAP,1684,0,1.0,,,,read:KeyError
BOOST,06-BOOST CHARGING protocol_Cycles 1000 to 1908.zip,03-05-22_18.37_BOOST_protocol_ONE_C_charge_IN21700_30T_cycle_#1684.mat,other,1684,197,0.0,25.16,27.87,25.66,
BOOST,06-BOOST CHARGING protocol_Cycles 1000 to 1908.zip,03-05-22_20.26_BOOST_protocol_OneC_1C_dchg_IN21700_30T_cycle_#1685.mat,other,1685,2639,0.0,25.03,27.93,28.63,
BOOST,06-BOOST CHARGING protocol_Cycles 1000 to 1908.zip,03-05-22_23.16_BOOST_protocol_TwoC_2C_dchg_IN21700_30T_cycle_#1686.mat,other,1686,1307,0.0,24.64,31.17,31.89,
BOOST,06-BOOST CHARGING protocol_Cycles 1000 to 1908.zip,03-06-22_01.52_BOOST_protocol_HPPC_IN21700_30T_cycle_#1687.mat,HPPC,1687,33860,0.0,24.14,26.03,25.97,
BOOST,06-BOOST CHARGING protocol_Cycles 1000 to 1908.zip,03-08-22_07.38_BOOST_protocol__Fifteen_Drive_Cycles_set_IN21700_30T_cycle_#1688_to_1702.mat,drive,1688,87486,0.0,24.15,27.82,28.34,
BOOST,06-BOOST CHARGING protocol_Cycles 1000 to 1908.zip,03-09-22_10.02_BOOST_protocol_halfC_0.5C_dchg_(b1)_IN21700_30T_cycle_#1703.mat,halfC,1703,5355,0.0,25.37,26.96,27.54,
BOOST,06-BOOST CHARGING protocol_Cycles 1000 to 1908.zip,03-09-22_10.02_BOOST_protocol_halfC_CAP_(b1)_forexcel_cycle_#1703.mat,CAP,1703,0,1.0,,,,read:KeyError
BOOST,06-BOOST CHARGING protocol_Cycles 1000 to 1908.zip,03-09-22_13.36_BOOST_protocol_halfC_0.5C_dchg_(b2)_IN21700_30T_cycle_#1704.mat,halfC,1704,5336,0.0,24.87,26.43,26.95,
BOOST,06-BOOST CHARGING protocol_Cycles 1000 to 1908.zip,03-09-22_13.36_BOOST_protocol_halfC_CAP_(b2)_forexcel_cycle_#1704.mat,CAP,1704,0,1.0,,,,read:KeyError
BOOST,06-BOOST CHARGING protocol_Cycles 1000 to 1908.zip,03-09-22_16.02_BOOST_protocol__Fifteen_Drive_Cycles_set_IN21700_30T_cycle_#1705_to_1719.mat,drive,1705,86775,0.0,22.52,27.8,28.3,
BOOST,06-BOOST CHARGING protocol_Cycles 1000 to 1908.zip,Cover20 is not performed this week_#46.mat,other,-1,0,1.0,,,,read:KeyError
BOOST,06-BOOST CHARGING protocol_Cycles 1000 to 1908.zip,03-14-22_08.55_BOOST_protocol_whole_Schedule_IN21700_30T_cycle_#1720_week#47.mat,schedule,1720,260698,0.0,24.12,27.22,27.71,
BOOST,06-BOOST CHARGING protocol_Cycles 1000 to 1908.zip,03-14-22_10.33_BOOST_protocol_OCV_0.05C_IN21700_30T_cycle_#1720.mat,OCV,1720,1945,0.0,24.12,25.57,25.5,
BOOST,06-BOOST CHARGING protocol_Cycles 1000 to 1908.zip,03-15-22_20.25_BOOST_protocol_halfC_0.5C_dchg_(a1)_IN21700_30T_cycle_#1721.mat,halfC,1721,5452,0.0,25.26,27.16,27.73,
BOOST,06-BOOST CHARGING protocol_Cycles 1000 to 1908.zip,03-15-22_20.25_BOOST_protocol_halfC_CAP_(a1)_forexcel_cycle_#1721.mat,CAP,1721,0,1.0,,,,read:KeyError
BOOST,06-BOOST CHARGING protocol_Cycles 1000 to 1908.zip,03-16-22_00.04_BOOST_protocol_halfC_0.5C_dchg_(a2)_IN21700_30T_cycle_#1722.mat,halfC,1722,5266,0.0,25.02,26.52,27.02,
BOOST,06-BOOST CHARGING protocol_Cycles 1000 to 1908.zip,03-16-22_00.04_BOOST_protocol_halfC_CAP_(a2)_forexcel_cycle_#1722.mat,CAP,1722,0,1.0,,,,read:KeyError
BOOST,06-BOOST CHARGING protocol_Cycles 1000 to 1908.zip,03-16-22_01.52_BOOST_protocol_ONE_C_charge_IN21700_30T_cycle_#1722.mat,other,1722,194,0.0,25.63,28.57,25.99,
BOOST,06-BOOST CHARGING protocol_Cycles 1000 to 1908.zip,03-16-22_03.40_BOOST_protocol_OneC_1C_dchg_IN21700_30T_cycle_#1723.mat,other,1723,2596,0.0,25.14,28.02,28.68,
BOOST,06-BOOST CHARGING protocol_Cycles 1000 to 1908.zip,03-16-22_06.35_BOOST_protocol_TwoC_2C_dchg_IN21700_30T_cycle_#1724.mat,other,1724,1301,0.0,25.66,32.05,32.8,
BOOST,06-BOOST CHARGING protocol_Cycles 1000 to 1908.zip,03-16-22_09.17_BOOST_protocol_HPPC_IN21700_30T_cycle_#1725.mat,HPPC,1725,33828,0.0,24.29,26.14,26.04,
BOOST,06-BOOST CHARGING protocol_Cycles 1000 to 1908.zip,03-17-22_15.57_BOOST_protocol__Fifteen_Drive_Cycles_set_IN21700_30T_cycle_#1726_to_1740.mat,drive,1726,86668,0.0,24.64,27.89,28.34,
BOOST,06-BOOST CHARGING protocol_Cycles 1000 to 1908.zip,03-18-22_18.09_BOOST_protocol_halfC_0.5C_dchg_(b1)_IN21700_30T_cycle_#1741.mat,halfC,1741,5261,0.0,25.41,27.17,27.44,
BOOST,06-BOOST CHARGING protocol_Cycles 1000 to 1908.zip,03-18-22_18.09_BOOST_protocol_halfC_CAP_(b1)_forexcel_cycle_#1741.mat,CAP,1741,0,1.0,,,,read:KeyError
BOOST,06-BOOST CHARGING protocol_Cycles 1000 to 1908.zip,03-18-22_21.41_BOOST_protocol_halfC_0.5C_dchg_(b2)_IN21700_30T_cycle_#1742.mat,halfC,1742,5272,0.0,25.18,26.91,27.53,
BOOST,06-BOOST CHARGING protocol_Cycles 1000 to 1908.zip,03-18-22_21.41_BOOST_protocol_halfC_CAP_(b2)_forexcel_cycle_#1742.mat,CAP,1742,0,1.0,,,,read:KeyError
BOOST,06-BOOST CHARGING protocol_Cycles 1000 to 1908.zip,03-19-22_00.02_BOOST_protocol__Fifteen_Drive_Cycles_set_IN21700_30T_cycle_#1743_to_1757.mat,drive,1743,87030,0.0,24.34,27.91,28.37,
BOOST,06-BOOST CHARGING protocol_Cycles 1000 to 1908.zip,03-21-22_10.22_BOOST_protocol_whole_Schedule_IN21700_30T_cycle_#1758_week#48.mat,schedule,1758,260616,0.0,24.15,27.43,27.98,
BOOST,06-BOOST CHARGING protocol_Cycles 1000 to 1908.zip,03-21-22_11.06_BOOST_protocol_halfC_0.5C_dchg_(a1)_IN21700_30T_cycle_#1758.mat,halfC,1758,5420,0.0,24.96,26.82,27.34,
BOOST,06-BOOST CHARGING protocol_Cycles 1000 to 1908.zip,03-21-22_11.06_BOOST_protocol_halfC_CAP_(a1)_forexcel_cycle_#1758.mat,CAP,1758,0,1.0,,,,read:KeyError
BOOST,06-BOOST CHARGING protocol_Cycles 1000 to 1908.zip,03-21-22_14.48_BOOST_protocol_halfC_0.5C_dchg_(a2)_IN21700_30T_cycle_#1759.mat,halfC,1759,5210,0.0,25.44,26.4,26.41,
BOOST,06-BOOST CHARGING protocol_Cycles 1000 to 1908.zip,03-21-22_14.48_BOOST_protocol_halfC_CAP_(a2)_forexcel_cycle_#1759.mat,CAP,1759,0,1.0,,,,read:KeyError
BOOST,06-BOOST CHARGING protocol_Cycles 1000 to 1908.zip,03-21-22_16.33_BOOST_protocol_ONE_C_charge_IN21700_30T_cycle_#1759.mat,other,1759,185,0.0,25.2,27.88,25.8,
BOOST,06-BOOST CHARGING protocol_Cycles 1000 to 1908.zip,03-21-22_18.25_BOOST_protocol_OneC_1C_dchg_IN21700_30T_cycle_#1760.mat,other,1760,2563,0.0,25.28,28.38,29.1,
BOOST,06-BOOST CHARGING protocol_Cycles 1000 to 1908.zip,03-21-22_21.20_BOOST_protocol_TwoC_2C_dchg_IN21700_30T_cycle_#1761.mat,other,1761,1275,0.0,25.13,31.9,32.47,
BOOST,06-BOOST CHARGING protocol_Cycles 1000 to 1908.zip,03-21-22_23.59_BOOST_protocol_HPPC_IN21700_30T_cycle_#1762.mat,HPPC,1762,33720,0.0,24.15,26.1,25.96,
BOOST,06-BOOST CHARGING protocol_Cycles 1000 to 1908.zip,03-23-22_06.38_BOOST_protocol__Fifteen_Drive_Cycles_set_IN21700_30T_cycle_#1763_to_1777.mat,drive,1763,87651,0.0,24.9,28.22,28.74,
BOOST,06-BOOST CHARGING protocol_Cycles 1000 to 1908.zip,03-24-22_23.01_BOOST_protocol_halfC_0.5C_dchg_(b1)_IN21700_30T_cycle_#1778.mat,halfC,1778,5216,0.0,25.49,26.84,27.26,
BOOST,06-BOOST CHARGING protocol_Cycles 1000 to 1908.zip,03-24-22_23.01_BOOST_protocol_halfC_CAP_(b1)_forexcel_cycle_#1778.mat,CAP,1778,0,1.0,,,,read:KeyError
BOOST,06-BOOST CHARGING protocol_Cycles 1000 to 1908.zip,03-25-22_02.36_BOOST_protocol_halfC_0.5C_dchg_(b2)_IN21700_30T_cycle_#1779.mat,halfC,1779,5217,0.0,25.4,27.33,27.91,
BOOST,06-BOOST CHARGING protocol_Cycles 1000 to 1908.zip,03-25-22_02.36_BOOST_protocol_halfC_CAP_(b2)_forexcel_cycle_#1779.mat,CAP,1779,0,1.0,,,,read:KeyError
BOOST,06-BOOST CHARGING protocol_Cycles 1000 to 1908.zip,03-25-22_05.00_BOOST_protocol__Fifteen_Drive_Cycles_set_IN21700_30T_cycle_#1780_to_1794.mat,drive,1780,87818,0.0,24.7,28.35,28.88,
BOOST,06-BOOST CHARGING protocol_Cycles 1000 to 1908.zip,Cover20 is not performed this week_#48.mat,other,-1,0,1.0,,,,read:KeyError
BOOST,06-BOOST CHARGING protocol_Cycles 1000 to 1908.zip,03-26-22_17.09_BOOST_protocol_whole_Schedule_IN21700_30T_cycle_#1795_week#49.mat,schedule,1795,261227,0.0,24.1,27.51,28.06,
BOOST,06-BOOST CHARGING protocol_Cycles 1000 to 1908.zip,03-26-22_18.38_BOOST_protocol_OCV_0.05C_IN21700_30T_cycle_#1795.mat,OCV,1795,1883,0.0,24.17,25.57,25.55,
BOOST,06-BOOST CHARGING protocol_Cycles 1000 to 1908.zip,03-28-22_03.15_BOOST_protocol_halfC_0.5C_dchg_(a1)_IN21700_30T_cycle_#1796.mat,halfC,1796,5269,0.0,24.87,26.95,27.56,
BOOST,06-BOOST CHARGING protocol_Cycles 1000 to 1908.zip,03-28-22_03.15_BOOST_protocol_halfC_CAP_(a1)_forexcel_cycle_#1796.mat,CAP,1796,0,1.0,,,,read:KeyError
BOOST,06-BOOST CHARGING protocol_Cycles 1000 to 1908.zip,03-28-22_06.54_BOOST_protocol_halfC_0.5C_dchg_(a2)_IN21700_30T_cycle_#1797.mat,halfC,1797,5138,0.0,25.06,26.7,27.1,
BOOST,06-BOOST CHARGING protocol_Cycles 1000 to 1908.zip,03-28-22_06.54_BOOST_protocol_halfC_CAP_(a2)_forexcel_cycle_#1797.mat,CAP,1797,0,1.0,,,,read:KeyError
BOOST,06-BOOST CHARGING protocol_Cycles 1000 to 1908.zip,03-28-22_08.39_BOOST_protocol_ONE_C_charge_IN21700_30T_cycle_#1797.mat,other,1797,182,0.0,25.31,28.55,25.99,
BOOST,06-BOOST CHARGING protocol_Cycles 1000 to 1908.zip,03-28-22_10.31_BOOST_protocol_OneC_1C_dchg_IN21700_30T_cycle_#1798.mat,other,1798,2543,0.0,25.23,28.91,29.61,
BOOST,06-BOOST CHARGING protocol_Cycles 1000 to 1908.zip,03-28-22_13.31_BOOST_protocol_TwoC_2C_dchg_IN21700_30T_cycle_#1799.mat,other,1799,1268,0.0,24.93,32.76,33.36,
BOOST,06-BOOST CHARGING protocol_Cycles 1000 to 1908.zip,03-28-22_16.13_BOOST_protocol_HPPC_IN21700_30T_cycle_#1800.mat,HPPC,1800,33598,0.0,24.46,26.08,25.91,
BOOST,06-BOOST CHARGING protocol_Cycles 1000 to 1908.zip,03-29-22_22.52_BOOST_protocol__Fifteen_Drive_Cycles_set_IN21700_30T_cycle_#1801_to_1815.mat,drive,1801,87522,0.0,25.2,28.43,28.92,
BOOST,06-BOOST CHARGING protocol_Cycles 1000 to 1908.zip,03-31-22_01.24_BOOST_protocol_halfC_0.5C_dchg_(b1)_IN21700_30T_cycle_#1816.mat,halfC,1816,5128,0.0,24.95,26.87,27.42,
BOOST,06-BOOST CHARGING protocol_Cycles 1000 to 1908.zip,03-31-22_01.24_BOOST_protocol_halfC_CAP_(b1)_forexcel_cycle_#1816.mat,CAP,1816,0,1.0,,,,read:KeyError
BOOST,06-BOOST CHARGING protocol_Cycles 1000 to 1908.zip,03-31-22_04.55_BOOST_protocol_halfC_0.5C_dchg_(b2)_IN21700_30T_cycle_#1817.mat,halfC,1817,5122,0.0,25.13,26.85,27.22,
BOOST,06-BOOST CHARGING protocol_Cycles 1000 to 1908.zip,03-31-22_04.55_BOOST_protocol_halfC_CAP_(b2)_forexcel_cycle_#1817.mat,CAP,1817,0,1.0,,,,read:KeyError
BOOST,06-BOOST CHARGING protocol_Cycles 1000 to 1908.zip,03-31-22_07.16_BOOST_protocol__Fifteen_Drive_Cycles_set_IN21700_30T_cycle_#1818_to_1832.mat,drive,1818,86903,0.0,24.78,28.44,28.93,
BOOST,06-BOOST CHARGING protocol_Cycles 1000 to 1908.zip,04-03-22_11.48_BOOST_protocol_whole_Schedule_IN21700_30T_cycle_#1833_week#50.mat,schedule,1833,257675,0.0,24.21,27.64,28.16,
BOOST,06-BOOST CHARGING protocol_Cycles 1000 to 1908.zip,04-03-22_12.32_BOOST_protocol_halfC_0.5C_dchg_(a1)_IN21700_30T_cycle_#1833.mat,halfC,1833,5256,0.0,24.8,27.07,27.48,
BOOST,06-BOOST CHARGING protocol_Cycles 1000 to 1908.zip,04-03-22_12.32_BOOST_protocol_halfC_CAP_(a1)_forexcel_cycle_#1833.mat,CAP,1833,0,1.0,,,,read:KeyError
BOOST,06-BOOST CHARGING protocol_Cycles 1000 to 1908.zip,04-03-22_16.14_BOOST_protocol_halfC_0.5C_dchg_(a2)_IN21700_30T_cycle_#1834.mat,halfC,1834,5066,0.0,26.09,27.21,27.39,
BOOST,06-BOOST CHARGING protocol_Cycles 1000 to 1908.zip,04-03-22_16.14_BOOST_protocol_halfC_CAP_(a2)_forexcel_cycle_#1834.mat,CAP,1834,0,1.0,,,,read:KeyError
BOOST,06-BOOST CHARGING protocol_Cycles 1000 to 1908.zip,04-03-22_17.58_BOOST_protocol_ONE_C_charge_IN21700_30T_cycle_#1834.mat,other,1834,174,0.0,25.05,28.58,25.3,
BOOST,06-BOOST CHARGING protocol_Cycles 1000 to 1908.zip,04-03-22_19.54_BOOST_protocol_OneC_1C_dchg_IN21700_30T_cycle_#1835.mat,other,1835,2499,0.0,25.63,29.41,29.9,
BOOST,06-BOOST CHARGING protocol_Cycles 1000 to 1908.zip,04-03-22_22.53_BOOST_protocol_TwoC_2C_dchg_IN21700_30T_cycle_#1836.mat,other,1836,1243,0.0,25.04,33.3,33.74,
BOOST,06-BOOST CHARGING protocol_Cycles 1000 to 1908.zip,04-04-22_01.35_BOOST_protocol_HPPC_IN21700_30T_cycle_#1837.mat,HPPC,1837,33544,0.0,24.33,26.23,26.12,
BOOST,06-BOOST CHARGING protocol_Cycles 1000 to 1908.zip,04-05-22_08.13_BOOST_protocol__Fifteen_Drive_Cycles_set_IN21700_30T_cycle_#1838_to_1852.mat,drive,1838,87009,0.0,24.85,28.6,29.13,
BOOST,06-BOOST CHARGING protocol_Cycles 1000 to 1908.zip,04-06-22_10.38_BOOST_protocol_halfC_0.5C_dchg_(b1)_IN21700_30T_cycle_#1853.mat,halfC,1853,5053,0.0,25.08,27.18,27.76,
BOOST,06-BOOST CHARGING protocol_Cycles 1000 to 1908.zip,04-06-22_10.38_BOOST_protocol_halfC_CAP_(b1)_forexcel_cycle_#1853.mat,CAP,1853,0,1.0,,,,read:KeyError
BOOST,06-BOOST CHARGING protocol_Cycles 1000 to 1908.zip,04-06-22_14.13_BOOST_protocol_halfC_0.5C_dchg_(b2)_IN21700_30T_cycle_#1854.mat,halfC,1854,5042,0.0,25.1,26.89,27.35,
BOOST,06-BOOST CHARGING protocol_Cycles 1000 to 1908.zip,04-06-22_14.13_BOOST_protocol_halfC_CAP_(b2)_forexcel_cycle_#1854.mat,CAP,1854,0,1.0,,,,read:KeyError
BOOST,06-BOOST CHARGING protocol_Cycles 1000 to 1908.zip,04-06-22_16.33_BOOST_protocol__Fifteen_Drive_Cycles_set_IN21700_30T_cycle_#1855_to_1869.mat,drive,1855,85722,0.0,24.94,28.48,28.93,
BOOST,06-BOOST CHARGING protocol_Cycles 1000 to 1908.zip,Cover20 is not performed this week_#50.mat,other,-1,0,1.0,,,,read:KeyError
BOOST,06-BOOST CHARGING protocol_Cycles 1000 to 1908.zip,04-08-22_13.52_BOOST_protocol_whole_Schedule_IN21700_30T_cycle_#1870_week#51.mat,schedule,1870,259933,0.0,24.22,27.74,28.27,
BOOST,06-BOOST CHARGING protocol_Cycles 1000 to 1908.zip,04-08-22_15.27_BOOST_protocol_OCV_0.05C_IN21700_30T_cycle_#1870.mat,OCV,1870,1855,0.0,24.22,25.64,25.57,
BOOST,06-BOOST CHARGING protocol_Cycles 1000 to 1908.zip,04-09-22_23.48_BOOST_protocol_halfC_0.5C_dchg_(a1)_IN21700_30T_cycle_#1871.mat,halfC,1871,5202,0.0,25.1,27.14,27.49,
BOOST,06-BOOST CHARGING protocol_Cycles 1000 to 1908.zip,04-09-22_23.48_BOOST_protocol_halfC_CAP_(a1)_forexcel_cycle_#1871.mat,CAP,1871,0,1.0,,,,read:KeyError
BOOST,06-BOOST CHARGING protocol_Cycles 1000 to 1908.zip,04-10-22_03.32_BOOST_protocol_halfC_0.5C_dchg_(a2)_IN21700_30T_cycle_#1872.mat,halfC,1872,5009,0.0,25.83,27.68,27.85,
BOOST,06-BOOST CHARGING protocol_Cycles 1000 to 1908.zip,04-10-22_03.32_BOOST_protocol_halfC_CAP_(a2)_forexcel_cycle_#1872.mat,CAP,1872,0,1.0,,,,read:KeyError
BOOST,06-BOOST CHARGING protocol_Cycles 1000 to 1908.zip,04-10-22_05.15_BOOST_protocol_ONE_C_charge_IN21700_30T_cycle_#1872.mat,other,1872,168,0.0,25.3,28.78,25.66,
BOOST,06-BOOST CHARGING protocol_Cycles 1000 to 1908.zip,04-10-22_07.12_BOOST_protocol_OneC_1C_dchg_IN21700_30T_cycle_#1873.mat,other,1873,2472,0.0,25.37,29.62,30.2,
BOOST,06-BOOST CHARGING protocol_Cycles 1000 to 1908.zip,04-10-22_10.11_BOOST_protocol_TwoC_2C_dchg_IN21700_30T_cycle_#1874.mat,other,1874,1225,0.0,25.05,33.76,34.0,
BOOST,06-BOOST CHARGING protocol_Cycles 1000 to 1908.zip,04-10-22_12.55_BOOST_protocol_HPPC_IN21700_30T_cycle_#1875.mat,HPPC,1875,33393,0.0,24.83,26.32,26.22,
BOOST,06-BOOST CHARGING protocol_Cycles 1000 to 1908.zip,04-11-22_19.29_BOOST_protocol__Fifteen_Drive_Cycles_set_IN21700_30T_cycle_#1876_to_1890.mat,drive,1876,86987,0.0,24.88,28.69,29.16,
BOOST,06-BOOST CHARGING protocol_Cycles 1000 to 1908.zip,04-12-22_21.56_BOOST_protocol_halfC_0.5C_dchg_(b1)_IN21700_30T_cycle_#1891.mat,halfC,1891,4982,0.0,25.83,27.98,28.18,
BOOST,06-BOOST CHARGING protocol_Cycles 1000 to 1908.zip,04-12-22_21.56_BOOST_protocol_halfC_CAP_(b1)_forexcel_cycle_#1891.mat,CAP,1891,0,1.0,,,,read:KeyError
BOOST,06-BOOST CHARGING protocol_Cycles 1000 to 1908.zip,04-13-22_01.31_BOOST_protocol_halfC_0.5C_dchg_(b2)_IN21700_30T_cycle_#1892.mat,halfC,1892,4971,0.0,25.4,27.41,27.89,
BOOST,06-BOOST CHARGING protocol_Cycles 1000 to 1908.zip,04-13-22_01.31_BOOST_protocol_halfC_CAP_(b2)_forexcel_cycle_#1892.mat,CAP,1892,0,1.0,,,,read:KeyError
BOOST,06-BOOST CHARGING protocol_Cycles 1000 to 1908.zip,04-13-22_03.53_BOOST_protocol__Fifteen_Drive_Cycles_set_IN21700_30T_cycle_#1893_to_1907.mat,drive,1893,86101,0.0,25.0,28.73,29.15,
BOOST,06-BOOST CHARGING protocol_Cycles 1000 to 1908.zip,04-17-22_05.17_BOOST_protocol_halfC_0.5C_dchg_(a1)_IN21700_30T_cycle_#1908.mat,halfC,1908,5099,0.0,24.59,27.28,27.66,
BOOST,06-BOOST CHARGING protocol_Cycles 1000 to 1908.zip,04-17-22_05.17_BOOST_protocol_halfC_CAP_(a1)_forexcel_cycle_#1908.mat,CAP,1908,0,1.0,,,,read:KeyError
BOOST,06-BOOST CHARGING protocol_Cycles 1000 to 1908.zip,04-17-22_09.00_BOOST_protocol_halfC_0.5C_dchg_(a2)_IN21700_30T_cycle_#1909.mat,halfC,1909,4918,0.0,25.63,27.91,28.4,
BOOST,06-BOOST CHARGING protocol_Cycles 1000 to 1908.zip,04-17-22_09.00_BOOST_protocol_halfC_CAP_(a2)_forexcel_cycle_#1909.mat,CAP,1909,0,1.0,,,,read:KeyError
BOOST,06-BOOST CHARGING protocol_Cycles 1000 to 1908.zip,04-17-22_10.42_BOOST_protocol_ONE_C_charge_IN21700_30T_cycle_#1909.mat,other,1909,160,0.0,25.02,28.28,25.21,
BOOST,06-BOOST CHARGING protocol_Cycles 1000 to 1908.zip,04-17-22_12.40_BOOST_protocol_OneC_1C_dchg_IN21700_30T_cycle_#1910.mat,other,1910,2419,0.0,25.17,29.67,30.14,
BOOST,06-BOOST CHARGING protocol_Cycles 1000 to 1908.zip,04-17-22_15.43_BOOST_protocol_TwoC_2C_dchg_IN21700_30T_cycle_#1911.mat,other,1911,1217,0.0,25.7,34.42,34.53,
BOOST,06-BOOST CHARGING protocol_Cycles 1000 to 1908.zip,04-17-22_18.27_BOOST_protocol_HPPC_IN21700_30T_cycle_#1912.mat,HPPC,1912,33231,0.0,24.34,26.3,26.14,
BOOST,06-BOOST CHARGING protocol_Cycles 1000 to 1908.zip,Cover20 is not performed this week_#52.mat,other,-1,0,1.0,,,,read:KeyError
BOOST_REST,07-BOOST CHARGING WITH REST protocol.zip,05-01-21_12.51_RESTPulse_protocol_whole_Schedule_IN21700_30T_cycle_#1_week#1.mat,schedule,1,337817,0.0,24.38,26.11,25.96,
BOOST_REST,07-BOOST CHARGING WITH REST protocol.zip,05-01-21_23.43_RESTPulse_protocol_OCV_0.05C_IN21700_30T_cycle_#1.mat,OCV,1,2456,0.0,24.47,25.33,25.33,
BOOST_REST,07-BOOST CHARGING WITH REST protocol.zip,05-03-21_17.35_RESTPulse_protocol_halfC_0.5C_dchg_(a)_IN21700_30T_cycle_#2.mat,halfC,2,7112,0.0,24.57,25.27,25.37,
BOOST_REST,07-BOOST CHARGING WITH REST protocol.zip,05-03-21_17.35_RESTPulse_protocol_halfC_CAP_(a)_forexcel_cycle_#2.mat,CAP,2,0,1.0,,,,read:KeyError
BOOST_REST,07-BOOST CHARGING WITH REST protocol.zip,05-03-21_19.48_REST_Pulseprotocol_ONE_C_charge_IN21700_30T_cycle_#2.mat,other,2,344,0.0,24.51,25.94,25.26,
BOOST_REST,07-BOOST CHARGING WITH REST protocol.zip,05-03-21_21.03_RESTPulse_protocol_OneC_1C_dchg_IN21700_30T_cycle_#3.mat,other,3,3536,0.0,24.71,25.57,25.89,
BOOST_REST,07-BOOST CHARGING WITH REST protocol.zip,05-03-21_23.32_RESTPulse_protocol_TwoC_2C_dchg_IN21700_30T_cycle_#4.mat,other,4,1755,0.0,24.78,26.77,27.22,
BOOST_REST,07-BOOST CHARGING WITH REST protocol.zip,05-04-21_01.35_RESTPulse_protocol_HPPC_IN21700_30T_cycle_#5.mat,HPPC,5,35115,0.0,24.49,25.7,25.71,
BOOST_REST,07-BOOST CHARGING WITH REST protocol.zip,05-05-21_07.43_RESTPulse_protocol_tenpercent_chg_a_IN21700_30T_cycle_#6.mat,other,6,1069,0.0,24.38,25.1,25.1,
BOOST_REST,07-BOOST CHARGING WITH REST protocol.zip,05-05-21_08.11_RESTPulse_protocol_FastCharge_IN21700_30T_cycle_#5.mat,other,5,45365,0.0,24.62,29.48,25.11,
BOOST_REST,07-BOOST CHARGING WITH REST protocol.zip,05-05-21_08.40_REST_Pulseprotocol__Fifteen_Drive_Cycles_set_IN21700_30T_cycle_#7_to_21.mat,drive,7,104831,0.0,24.61,26.06,26.13,
BOOST_REST,07-BOOST CHARGING WITH REST protocol.zip,05-06-21_14.57_RESTPulse_protocol_halfC_0.5C_dchg_(b)_IN21700_30T_cycle_#21.mat,halfC,21,7104,0.0,24.41,25.18,25.48,
BOOST_REST,07-BOOST CHARGING WITH REST protocol.zip,05-06-21_14.57_RESTPulse_protocol_halfC_CAP_(b)_forexcel_cycle_#21.mat,CAP,21,0,1.0,,,,read:KeyError
BOOST_REST,07-BOOST CHARGING WITH REST protocol.zip,05-06-21_16.56_RESTPulse_protocol_tenpercent_chg_b_IN21700_30T_cycle_#22.mat,other,22,1067,0.0,24.56,25.26,25.26,
BOOST_REST,07-BOOST CHARGING WITH REST protocol.zip,05-06-21_17.52_REST_Pulseprotocol__Fifteen_Drive_Cycles_set_IN21700_30T_cycle_#22_to_36.mat,drive,22,75503,0.0,24.59,25.96,26.06,
BOOST_REST,07-BOOST CHARGING WITH REST protocol.zip,REST_one.mat,other,-1,0,1.0,,,,read:KeyError
BOOST_REST,07-BOOST CHARGING WITH REST protocol.zip,05-09-21_17.21_RESTPulse_protocol_whole_Schedule_IN21700_30T_cycle_#37_week#2.mat,schedule,37,332921,0.0,24.28,26.11,25.96,
BOOST_REST,07-BOOST CHARGING WITH REST protocol.zip,05-10-21_02.48_RESTPulse_protocol_halfC_0.5C_dchg_(a)_IN21700_30T_cycle_#37.mat,halfC,37,7063,0.0,24.28,25.22,25.46,
BOOST_REST,07-BOOST CHARGING WITH REST protocol.zip,05-10-21_02.48_RESTPulse_protocol_halfC_CAP_(a)_forexcel_cycle_#37.mat,CAP,37,0,1.0,,,,read:KeyError
BOOST_REST,07-BOOST CHARGING WITH REST protocol.zip,05-10-21_05.01_REST_Pulseprotocol_ONE_C_charge_IN21700_30T_cycle_#37.mat,other,37,339,0.0,24.39,25.94,25.04,
BOOST_REST,07-BOOST CHARGING WITH REST protocol.zip,05-10-21_06.16_RESTPulse_protocol_OneC_1C_dchg_IN21700_30T_cycle_#38.mat,other,38,3494,0.0,24.54,25.56,25.86,
BOOST_REST,07-BOOST CHARGING WITH REST protocol.zip,05-10-21_08.43_RESTPulse_protocol_TwoC_2C_dchg_IN21700_30T_cycle_#39.mat,other,39,1734,0.0,24.82,27.05,27.58,
BOOST_REST,07-BOOST CHARGING WITH REST protocol.zip,05-10-21_10.46_RESTPulse_protocol_HPPC_IN21700_30T_cycle_#40.mat,HPPC,40,35108,0.0,24.32,25.69,25.69,
BOOST_REST,07-BOOST CHARGING WITH REST protocol.zip,05-11-21_16.54_RESTPulse_protocol_tenpercent_chg_a_IN21700_30T_cycle_#41.mat,other,41,1062,0.0,24.34,25.22,25.22,
BOOST_REST,07-BOOST CHARGING WITH REST protocol.zip,05-11-21_17.22_RESTPulse_protocol_FastCharge_IN21700_30T_cycle_#40.mat,other,40,45049,0.0,24.79,29.45,25.36,
BOOST_REST,07-BOOST CHARGING WITH REST protocol.zip,05-11-21_17.50_REST_Pulseprotocol__Fifteen_Drive_Cycles_set_IN21700_30T_cycle_#42_to_56.mat,drive,42,104352,0.0,24.44,26.02,26.08,
BOOST_REST,07-BOOST CHARGING WITH REST protocol.zip,05-13-21_17.52_RESTPulse_protocol_halfC_0.5C_dchg_(b)_IN21700_30T_cycle_#56.mat,halfC,56,7061,0.0,24.94,25.77,26.19,
BOOST_REST,07-BOOST CHARGING WITH REST protocol.zip,05-13-21_17.52_RESTPulse_protocol_halfC_CAP_(b)_forexcel_cycle_#56.mat,CAP,56,0,1.0,,,,read:KeyError
BOOST_REST,07-BOOST CHARGING WITH REST protocol.zip,05-13-21_19.50_RESTPulse_protocol_tenpercent_chg_b_IN21700_30T_cycle_#57.mat,other,57,1061,0.0,25.38,26.1,26.1,
BOOST_REST,07-BOOST CHARGING WITH REST protocol.zip,05-13-21_20.47_REST_Pulseprotocol__Fifteen_Drive_Cycles_set_IN21700_30T_cycle_#57_to_71.mat,drive,57,104381,0.0,24.52,26.0,26.01,
BOOST_REST,07-BOOST CHARGING WITH REST protocol.zip,Cover20 is not performed this week_#2.mat,other,-1,0,1.0,,,,read:KeyError
BOOST_REST,07-BOOST CHARGING WITH REST protocol.zip,05-15-21_10.43_RESTPulse_protocol_whole_Schedule_IN21700_30T_cycle_#72_week#3.mat,schedule,72,334920,0.0,24.22,26.13,25.96,
BOOST_REST,07-BOOST CHARGING WITH REST protocol.zip,05-15-21_21.01_RESTPulse_protocol_OCV_0.05C_IN21700_30T_cycle_#72.mat,OCV,72,2440,0.0,24.38,25.36,25.41,
BOOST_REST,07-BOOST CHARGING WITH REST protocol.zip,05-17-21_14.44_RESTPulse_protocol_halfC_0.5C_dchg_(a)_IN21700_30T_cycle_#73.mat,halfC,73,7042,0.0,24.26,25.21,25.42,
BOOST_REST,07-BOOST CHARGING WITH REST protocol.zip,05-17-21_14.44_RESTPulse_protocol_halfC_CAP_(a)_forexcel_cycle_#73.mat,CAP,73,0,1.0,,,,read:KeyError
BOOST_REST,07-BOOST CHARGING WITH REST protocol.zip,05-17-21_16.57_REST_Pulseprotocol_ONE_C_charge_IN21700_30T_cycle_#73.mat,other,73,337,0.0,24.57,25.92,25.09,
BOOST_REST,07-BOOST CHARGING WITH REST protocol.zip,05-17-21_18.11_RESTPulse_protocol_OneC_1C_dchg_IN21700_30T_cycle_#74.mat,other,74,3474,0.0,24.69,25.59,25.89,
BOOST_REST,07-BOOST CHARGING WITH REST protocol.zip,05-17-21_20.39_RESTPulse_protocol_TwoC_2C_dchg_IN21700_30T_cycle_#75.mat,other,75,1722,0.0,24.77,26.75,27.29,
BOOST_REST,07-BOOST CHARGING WITH REST protocol.zip,05-17-21_22.41_RESTPulse_protocol_HPPC_IN21700_30T_cycle_#76.mat,HPPC,76,35073,0.0,24.22,25.7,25.77,
BOOST_REST,07-BOOST CHARGING WITH REST protocol.zip,05-19-21_04.48_RESTPulse_protocol_tenpercent_chg_a_IN21700_30T_cycle_#77.mat,other,77,1058,0.0,24.54,25.24,25.24,
BOOST_REST,07-BOOST CHARGING WITH REST protocol.zip,05-19-21_05.16_RESTPulse_protocol_FastCharge_IN21700_30T_cycle_#76.mat,other,76,44874,0.0,24.72,29.47,25.0,
BOOST_REST,07-BOOST CHARGING WITH REST protocol.zip,05-19-21_05.44_REST_Pulseprotocol__Fifteen_Drive_Cycles_set_IN21700_30T_cycle_#78_to_92.mat,drive,78,104541,0.0,24.63,26.03,26.08,
BOOST_REST,07-BOOST CHARGING WITH REST protocol.zip,05-20-21_11.58_RESTPulse_protocol_halfC_0.5C_dchg_(b)_IN21700_30T_cycle_#92.mat,halfC,92,7000,0.0,24.61,25.37,25.66,
BOOST_REST,07-BOOST CHARGING WITH REST protocol.zip,05-20-21_11.58_RESTPulse_protocol_halfC_CAP_(b)_forexcel_cycle_#92.mat,CAP,92,0,1.0,,,,read:KeyError
BOOST_REST,07-BOOST CHARGING WITH REST protocol.zip,05-20-21_13.54_RESTPulse_protocol_tenpercent_chg_b_IN21700_30T_cycle_#93.mat,other,93,1051,0.0,24.86,25.63,25.63,
BOOST_REST,07-BOOST CHARGING WITH REST protocol.zip,05-20-21_14.51_REST_Pulseprotocol__Fifteen_Drive_Cycles_set_IN21700_30T_cycle_#93_to_107.mat,drive,93,103997,0.0,24.61,26.1,26.08,
BOOST_REST,07-BOOST CHARGING WITH REST protocol.zip,05-22-21_11.52_RESTPulse_protocol_whole_Schedule_IN21700_30T_cycle_#108_week#4.mat,schedule,108,348939,0.0,24.3,26.02,25.88,
BOOST_REST,07-BOOST CHARGING WITH REST protocol.zip,05-22-21_21.20_RESTPulse_protocol_halfC_0.5C_dchg_(a1)_IN21700_30T_cycle_#108.mat,halfC,108,6988,0.0,25.15,26.07,26.5,
BOOST_REST,07-BOOST CHARGING WITH REST protocol.zip,05-22-21_21.20_RESTPulse_protocol_halfC_CAP_(a1)_forexcel_cycle_#108.mat,CAP,108,0,1.0,,,,read:KeyError
BOOST_REST,07-BOOST CHARGING WITH REST protocol.zip,05-23-21_00.46_RESTPulse_protocol_halfC_0.5C_dchg_(a2)_IN21700_30T_cycle_#109.mat,halfC,109,6955,0.0,24.46,25.26,25.52,
BOOST_REST,07-BOOST CHARGING WITH REST protocol.zip,05-23-21_00.46_RESTPulse_protocol_halfC_CAP_(a2)_forexcel_cycle_#109.mat,CAP,109,0,1.0,,,,read:KeyError
BOOST_REST,07-BOOST CHARGING WITH REST protocol.zip,05-23-21_02.57_REST_Pulseprotocol_ONE_C_charge_IN21700_30T_cycle_#109.mat,other,109,332,0.0,24.54,26.05,25.24,
BOOST_REST,07-BOOST CHARGING WITH REST protocol.zip,05-23-21_04.13_RESTPulse_protocol_OneC_1C_dchg_IN21700_30T_cycle_#110.mat,other,110,3439,0.0,24.72,25.67,25.97,
BOOST_REST,07-BOOST CHARGING WITH REST protocol.zip,05-23-21_06.40_RESTPulse_protocol_TwoC_2C_dchg_IN21700_30T_cycle_#111.mat,other,111,1706,0.0,24.99,27.05,27.61,
BOOST_REST,07-BOOST CHARGING WITH REST protocol.zip,05-23-21_08.43_RESTPulse_protocol_HPPC_IN21700_30T_cycle_#112.mat,HPPC,112,35070,0.0,24.39,25.73,25.73,
BOOST_REST,07-BOOST CHARGING WITH REST protocol.zip,05-24-21_14.52_RESTPulse_protocol_tenpercent_chg_a_IN21700_30T_cycle_#112.mat,other,112,1045,0.0,24.39,25.15,25.15,
BOOST_REST,07-BOOST CHARGING WITH REST protocol.zip,05-24-21_15.19_RESTPulse_protocol_FastCharge_IN21700_30T_cycle_#112.mat,other,112,44310,0.0,24.64,29.53,25.1,
BOOST_REST,07-BOOST CHARGING WITH REST protocol.zip,05-24-21_15.48_REST_Pulseprotocol__Fifteen_Drive_Cycles_set_IN21700_30T_cycle_#113_to_127.mat,drive,113,103511,0.0,24.57,25.91,25.94,
BOOST_REST,07-BOOST CHARGING WITH REST protocol.zip,05-25-21_21.44_RESTPulse_protocol_halfC_0.5C_dchg_(b1)_IN21700_30T_cycle_#128.mat,halfC,128,6938,0.0,24.41,25.19,25.45,
BOOST_REST,07-BOOST CHARGING WITH REST protocol.zip,05-25-21_21.44_RESTPulse_protocol_halfC_CAP_(b1)_forexcel_cycle_#128.mat,CAP,128,0,1.0,,,,read:KeyError
BOOST_REST,07-BOOST CHARGING WITH REST protocol.zip,05-26-21_00.55_RESTPulse_protocol_halfC_0.5C_dchg_(b2)_IN21700_30T_cycle_#129.mat,halfC,129,6948,0.0,24.9,25.74,26.14,
BOOST_REST,07-BOOST CHARGING WITH REST protocol.zip,05-26-21_00.55_RESTPulse_protocol_halfC_CAP_(b2)_forexcel_cycle_#129.mat,CAP,129,0,1.0,,,,read:KeyError
BOOST_REST,07-BOOST CHARGING WITH REST protocol.zip,05-26-21_02.51_RESTPulse_protocol_tenpercent_chg_b_IN21700_30T_cycle_#129.mat,other,129,1044,0.0,25.28,26.13,26.13,
BOOST_REST,07-BOOST CHARGING WITH REST protocol.zip,05-26-21_03.47_REST_Pulseprotocol__Fifteen_Drive_Cycles_set_IN21700_30T_cycle_#130_to_144.mat,drive,130,103587,0.0,24.3,25.9,25.92,
BOOST_REST,07-BOOST CHARGING WITH REST protocol.zip,Cover20 is not performed this week_#4.mat,other,-1,0,1.0,,,,read:KeyError
BOOST_REST,07-BOOST CHARGING WITH REST protocol.zip,05-27-21_15.35_RESTPulse_protocol_whole_Schedule_IN21700_30T_cycle_#145_week#5.mat,schedule,145,352000,0.0,23.84,26.06,25.88,
BOOST_REST,07-BOOST CHARGING WITH REST protocol.zip,05-28-21_01.54_RESTPulse_protocol_OCV_0.05C_IN21700_30T_cycle_#145.mat,OCV,145,2420,0.0,24.39,25.27,25.24,
BOOST_REST,07-BOOST CHARGING WITH REST protocol.zip,05-29-21_19.20_RESTPulse_protocol_halfC_0.5C_dchg_(a1)_IN21700_30T_cycle_#146.mat,halfC,146,6931,0.0,24.55,25.32,25.62,
BOOST_REST,07-BOOST CHARGING WITH REST protocol.zip,05-29-21_19.20_RESTPulse_protocol_halfC_CAP_(a1)_forexcel_cycle_#146.mat,CAP,146,0,1.0,,,,read:KeyError
BOOST_REST,07-BOOST CHARGING WITH REST protocol.zip,05-31-21_16.46_RESTPulse_protocol_halfC_0.5C_dchg_(a2)_IN21700_30T_cycle_#147.mat,halfC,147,6878,0.0,24.54,25.55,25.45,
BOOST_REST,07-BOOST CHARGING WITH REST protocol.zip,05-31-21_16.46_RESTPulse_protocol_halfC_CAP_(a2)_forexcel_cycle_#147.mat,CAP,147,0,1.0,,,,read:KeyError
BOOST_REST,07-BOOST CHARGING WITH REST protocol.zip,05-31-21_18.55_REST_Pulseprotocol_ONE_C_charge_IN21700_30T_cycle_#147.mat,other,147,328,0.0,24.38,25.83,25.11,
BOOST_REST,07-BOOST CHARGING WITH REST protocol.zip,05-31-21_20.11_RESTPulse_protocol_OneC_1C_dchg_IN21700_30T_cycle_#148.mat,other,148,3406,0.0,24.6,25.5,25.8,
BOOST_REST,07-BOOST CHARGING WITH REST protocol.zip,05-31-21_22.37_RESTPulse_protocol_TwoC_2C_dchg_IN21700_30T_cycle_#149.mat,other,149,1688,0.0,24.86,26.94,27.47,
BOOST_REST,07-BOOST CHARGING WITH REST protocol.zip,06-01-21_00.40_RESTPulse_protocol_HPPC_IN21700_30T_cycle_#150.mat,HPPC,150,35096,0.0,24.34,25.56,25.59,
BOOST_REST,07-BOOST CHARGING WITH REST protocol.zip,06-02-21_06.49_RESTPulse_protocol_tenpercent_chg_a_IN21700_30T_cycle_#150.mat,other,150,1034,0.0,24.64,25.37,25.37,
BOOST_REST,07-BOOST CHARGING WITH REST protocol.zip,06-02-21_07.17_RESTPulse_protocol_FastCharge_IN21700_30T_cycle_#150.mat,other,150,43939,0.0,24.76,29.77,25.6,
BOOST_REST,07-BOOST CHARGING WITH REST protocol.zip,06-02-21_07.45_REST_Pulseprotocol__Fifteen_Drive_Cycles_set_IN21700_30T_cycle_#151_to_165.mat,drive,151,102688,0.0,24.6,26.05,26.02,
BOOST_REST,07-BOOST CHARGING WITH REST protocol.zip,06-03-21_13.28_RESTPulse_protocol_halfC_0.5C_dchg_(b1)_IN21700_30T_cycle_#166.mat,halfC,166,6876,0.0,24.74,25.53,25.91,
BOOST_REST,07-BOOST CHARGING WITH REST protocol.zip,06-03-21_13.28_RESTPulse_protocol_halfC_CAP_(b1)_forexcel_cycle_#166.mat,CAP,166,0,1.0,,,,read:KeyError
BOOST_REST,07-BOOST CHARGING WITH REST protocol.zip,06-03-21_16.39_RESTPulse_protocol_halfC_0.5C_dchg_(b2)_IN21700_30T_cycle_#167.mat,halfC,167,6870,0.0,23.84,25.04,25.35,
BOOST_REST,07-BOOST CHARGING WITH REST protocol.zip,06-03-21_16.39_RESTPulse_protocol_halfC_CAP_(b2)_forexcel_cycle_#167.mat,CAP,167,0,1.0,,,,read:KeyError
BOOST_REST,07-BOOST CHARGING WITH REST protocol.zip,06-03-21_18.33_RESTPulse_protocol_tenpercent_chg_b_IN21700_30T_cycle_#167.mat,other,167,1032,0.0,24.56,25.36,25.36,
BOOST_REST,07-BOOST CHARGING WITH REST protocol.zip,06-03-21_19.29_REST_Pulseprotocol__Fifteen_Drive_Cycles_set_IN21700_30T_cycle_#168_to_182.mat,drive,168,103204,0.0,24.45,26.05,26.09,
BOOST_REST,07-BOOST CHARGING WITH REST protocol.zip,06-06-21_10.37_RESTPulse_protocol_whole_Schedule_IN21700_30T_cycle_#183_week#6.mat,schedule,183,345287,0.0,23.65,26.09,25.92,
BOOST_REST,07-BOOST CHARGING WITH REST protocol.zip,06-06-21_20.05_RESTPulse_protocol_halfC_0.5C_dchg_(a1)_IN21700_30T_cycle_#183.mat,halfC,183,6833,0.0,24.45,25.18,25.47,
BOOST_REST,07-BOOST CHARGING WITH REST protocol.zip,06-06-21_20.05_RESTPulse_protocol_halfC_CAP_(a1)_forexcel_cycle_#183.mat,CAP,183,0,1.0,,,,read:KeyError
BOOST_REST,07-BOOST CHARGING WITH REST protocol.zip,06-06-21_23.30_RESTPulse_protocol_halfC_0.5C_dchg_(a2)_IN21700_30T_cycle_#184.mat,halfC,184,6817,0.0,24.77,25.63,26.05,
BOOST_REST,07-BOOST CHARGING WITH REST protocol.zip,06-06-21_23.30_RESTPulse_protocol_halfC_CAP_(a2)_forexcel_cycle_#184.mat,CAP,184,0,1.0,,,,read:KeyError
BOOST_REST,07-BOOST CHARGING WITH REST protocol.zip,06-07-21_01.38_REST_Pulseprotocol_ONE_C_charge_IN21700_30T_cycle_#184.mat,other,184,322,0.0,25.39,26.72,26.02,
BOOST_REST,07-BOOST CHARGING WITH REST protocol.zip,06-07-21_02.54_RESTPulse_protocol_OneC_1C_dchg_IN21700_30T_cycle_#185.mat,other,185,3361,0.0,24.71,25.56,25.82,
BOOST_REST,07-BOOST CHARGING WITH REST protocol.zip,06-07-21_05.20_RESTPulse_protocol_TwoC_2C_dchg_IN21700_30T_cycle_#186.mat,other,186,1666,0.0,24.69,26.86,27.41,
BOOST_REST,07-BOOST CHARGING WITH REST protocol.zip,06-07-21_07.23_RESTPulse_protocol_HPPC_IN21700_30T_cycle_#187.mat,HPPC,187,34950,0.0,23.65,25.7,25.68,
BOOST_REST,07-BOOST CHARGING WITH REST protocol.zip,06-08-21_13.30_RESTPulse_protocol_tenpercent_chg_a_IN21700_30T_cycle_#187.mat,other,187,1024,0.0,24.37,25.26,25.26,
BOOST_REST,07-BOOST CHARGING WITH REST protocol.zip,06-08-21_13.57_RESTPulse_protocol_FastCharge_IN21700_30T_cycle_#187.mat,other,187,43492,0.0,24.75,29.61,25.36,
BOOST_REST,07-BOOST CHARGING WITH REST protocol.zip,06-08-21_14.25_REST_Pulseprotocol__Fifteen_Drive_Cycles_set_IN21700_30T_cycle_#188_to_202.mat,drive,188,102448,0.0,24.03,26.05,26.04,
BOOST_REST,07-BOOST CHARGING WITH REST protocol.zip,06-09-21_20.08_RESTPulse_protocol_halfC_0.5C_dchg_(b1)_IN21700_30T_cycle_#203.mat,halfC,203,6799,0.0,24.36,25.17,25.42,
BOOST_REST,07-BOOST CHARGING WITH REST protocol.zip,06-09-21_20.08_RESTPulse_protocol_halfC_CAP_(b1)_forexcel_cycle_#203.mat,CAP,203,0,1.0,,,,read:KeyError
BOOST_REST,07-BOOST CHARGING WITH REST protocol.zip,06-09-21_23.18_RESTPulse_protocol_halfC_0.5C_dchg_(b2)_IN21700_30T_cycle_#204.mat,halfC,204,6806,0.0,24.56,25.43,25.81,
BOOST_REST,07-BOOST CHARGING WITH REST protocol.zip,06-09-21_23.18_RESTPulse_protocol_halfC_CAP_(b2)_forexcel_cycle_#204.mat,CAP,204,0,1.0,,,,read:KeyError
BOOST_REST,07-BOOST CHARGING WITH REST protocol.zip,06-10-21_01.11_RESTPulse_protocol_tenpercent_chg_b_IN21700_30T_cycle_#204.mat,other,204,1022,0.0,25.05,25.85,25.85,
BOOST_REST,07-BOOST CHARGING WITH REST protocol.zip,06-10-21_02.09_REST_Pulseprotocol__Fifteen_Drive_Cycles_set_IN21700_30T_cycle_#205_to_219.mat,drive,205,102678,0.0,24.41,26.06,26.04,
BOOST_REST,07-BOOST CHARGING WITH REST protocol.zip,Cover20 is not performed this week_#6.mat,other,-1,0,1.0,,,,read:KeyError
BOOST_REST,07-BOOST CHARGING WITH REST protocol.zip,06-11-21_16.33_RESTPulse_protocol_whole_Schedule_IN21700_30T_cycle_#220_week#7.mat,schedule,220,353663,0.0,21.88,26.09,25.83,
BOOST_REST,07-BOOST CHARGING WITH REST protocol.zip,06-12-21_02.51_RESTPulse_protocol_OCV_0.05C_IN21700_30T_cycle_#220.mat,OCV,220,2403,0.0,24.26,25.22,25.3,
BOOST_REST,07-BOOST CHARGING WITH REST protocol.zip,06-15-21_09.14_RESTPulse_protocol_halfC_0.5C_dchg_(a1)_IN21700_30T_cycle_#221.mat,halfC,221,6804,0.0,24.58,25.35,25.69,
BOOST_REST,07-BOOST CHARGING WITH REST protocol.zip,06-15-21_09.14_RESTPulse_protocol_halfC_CAP_(a1)_forexcel_cycle_#221.mat,CAP,221,0,1.0,,,,read:KeyError
BOOST_REST,07-BOOST CHARGING WITH REST protocol.zip,06-15-21_12.38_RESTPulse_protocol_halfC_0.5C_dchg_(a2)_IN21700_30T_cycle_#222.mat,halfC,222,6738,0.0,25.02,25.77,26.04,
BOOST_REST,07-BOOST CHARGING WITH REST protocol.zip,06-15-21_12.38_RESTPulse_protocol_halfC_CAP_(a2)_forexcel_cycle_#222.mat,CAP,222,0,1.0,,,,read:KeyError
BOOST_REST,07-BOOST CHARGING WITH REST protocol.zip,06-15-21_17.54_REST_Pulseprotocol_ONE_C_charge_IN21700_30T_cycle_#222.mat,other,222,317,0.0,24.35,25.77,25.07,
BOOST_REST,07-BOOST CHARGING WITH REST protocol.zip,06-15-21_19.10_RESTPulse_protocol_OneC_1C_dchg_IN21700_30T_cycle_#223.mat,other,223,3336,0.0,24.34,25.41,25.71,
BOOST_REST,07-BOOST CHARGING WITH REST protocol.zip,06-15-21_21.35_RESTPulse_protocol_TwoC_2C_dchg_IN21700_30T_cycle_#224.mat,other,224,1651,0.0,24.53,26.73,27.26,
BOOST_REST,07-BOOST CHARGING WITH REST protocol.zip,06-15-21_23.37_RESTPulse_protocol_HPPC_IN21700_30T_cycle_#225.mat,HPPC,225,35130,0.0,24.34,25.51,25.51,
BOOST_REST,07-BOOST CHARGING WITH REST protocol.zip,06-17-21_05.48_RESTPulse_protocol_tenpercent_chg_a_IN21700_30T_cycle_#225.mat,other,225,1013,0.0,25.26,25.97,25.97,
BOOST_REST,07-BOOST CHARGING WITH REST protocol.zip,06-17-21_06.15_RESTPulse_protocol_FastCharge_IN21700_30T_cycle_#225.mat,other,225,42971,0.0,24.84,29.78,25.5,
BOOST_REST,07-BOOST CHARGING WITH REST protocol.zip,06-17-21_06.43_REST_Pulseprotocol__Fifteen_Drive_Cycles_set_IN21700_30T_cycle_#226_to_240.mat,drive,226,101713,0.0,24.37,25.85,25.81,
BOOST_REST,07-BOOST CHARGING WITH REST protocol.zip,06-18-21_12.11_RESTPulse_protocol_halfC_0.5C_dchg_(b1)_IN21700_30T_cycle_#241.mat,halfC,241,7333,0.0,24.27,25.15,25.39,
BOOST_REST,07-BOOST CHARGING WITH REST protocol.zip,06-18-21_12.11_RESTPulse_protocol_halfC_CAP_(b1)_forexcel_cycle_#241.mat,CAP,241,0,1.0,,,,read:KeyError
BOOST_REST,07-BOOST CHARGING WITH REST protocol.zip,06-18-21_15.30_RESTPulse_protocol_halfC_0.5C_dchg_(b2)_IN21700_30T_cycle_#242.mat,halfC,242,7342,0.0,24.27,25.86,26.29,
BOOST_REST,07-BOOST CHARGING WITH REST protocol.zip,06-18-21_15.30_RESTPulse_protocol_halfC_CAP_(b2)_forexcel_cycle_#242.mat,CAP,242,0,1.0,,,,read:KeyError
BOOST_REST,07-BOOST CHARGING WITH REST protocol.zip,06-18-21_17.32_RESTPulse_protocol_tenpercent_chg_b_IN21700_30T_cycle_#242.mat,other,242,1012,0.0,25.56,26.35,26.35,
BOOST_REST,07-BOOST CHARGING WITH REST protocol.zip,06-18-21_18.30_REST_Pulseprotocol__Fifteen_Drive_Cycles_set_IN21700_30T_cycle_#243_to_257.mat,drive,243,107630,0.0,23.47,26.36,26.0,
BOOST_REST,07-BOOST CHARGING WITH REST protocol.zip,06-21-21_13.38_RESTPulse_protocol_whole_Schedule_IN21700_30T_cycle_#258_week#8.mat,schedule,258,342491,0.0,24.33,26.16,25.95,
BOOST_REST,07-BOOST CHARGING WITH REST protocol.zip,06-21-21_17.06_RESTPulse_protocol_halfC_0.5C_dchg_(a1)_IN21700_30T_cycle_#258.mat,halfC,258,6716,0.0,24.43,25.32,25.58,
BOOST_REST,07-BOOST CHARGING WITH REST protocol.zip,06-21-21_17.06_RESTPulse_protocol_halfC_CAP_(a1)_forexcel_cycle_#258.mat,CAP,258,0,1.0,,,,read:KeyError
BOOST_REST,07-BOOST CHARGING WITH REST protocol.zip,06-21-21_20.29_RESTPulse_protocol_halfC_0.5C_dchg_(a2)_IN21700_30T_cycle_#259.mat,halfC,259,6671,0.0,24.77,25.68,26.04,
BOOST_REST,07-BOOST CHARGING WITH REST protocol.zip,06-21-21_20.29_RESTPulse_protocol_halfC_CAP_(a2)_forexcel_cycle_#259.mat,CAP,259,0,1.0,,,,read:KeyError
BOOST_REST,07-BOOST CHARGING WITH REST protocol.zip,06-21-21_22.35_REST_Pulseprotocol_ONE_C_charge_IN21700_30T_cycle_#259.mat,other,259,313,0.0,25.29,26.79,26.0,
BOOST_REST,07-BOOST CHARGING WITH REST protocol.zip,06-21-21_23.52_RESTPulse_protocol_OneC_1C_dchg_IN21700_30T_cycle_#260.mat,other,260,3296,0.0,25.3,26.25,26.22,
BOOST_REST,07-BOOST CHARGING WITH REST protocol.zip,06-22-21_02.19_RESTPulse_protocol_TwoC_2C_dchg_IN21700_30T_cycle_#261.mat,other,261,1630,0.0,24.48,26.93,27.62,
BOOST_REST,07-BOOST CHARGING WITH REST protocol.zip,06-22-21_04.21_RESTPulse_protocol_HPPC_IN21700_30T_cycle_#262.mat,HPPC,262,34813,0.0,24.33,25.68,25.6,
BOOST_REST,07-BOOST CHARGING WITH REST protocol.zip,06-24-21_16.55_RESTPulse_protocol_tenpercent_chg_a_IN21700_30T_cycle_#262.mat,other,262,1003,0.0,24.51,25.29,25.29,
BOOST_REST,07-BOOST CHARGING WITH REST protocol.zip,06-24-21_17.21_RESTPulse_protocol_FastCharge_IN21700_30T_cycle_#262.mat,other,262,42543,0.0,25.03,29.84,25.39,
BOOST_REST,07-BOOST CHARGING WITH REST protocol.zip,06-24-21_17.50_REST_Pulseprotocol__Fifteen_Drive_Cycles_set_IN21700_30T_cycle_#263_to_277.mat,drive,263,101700,0.0,24.39,26.14,26.13,
BOOST_REST,07-BOOST CHARGING WITH REST protocol.zip,06-25-21_23.28_RESTPulse_protocol_halfC_0.5C_dchg_(b1)_IN21700_30T_cycle_#278.mat,halfC,278,6664,0.0,24.4,25.28,25.53,
BOOST_REST,07-BOOST CHARGING WITH REST protocol.zip,06-25-21_23.28_RESTPulse_protocol_halfC_CAP_(b1)_forexcel_cycle_#278.mat,CAP,278,0,1.0,,,,read:KeyError
BOOST_REST,07-BOOST CHARGING WITH REST protocol.zip,06-26-21_02.47_RESTPulse_protocol_halfC_0.5C_dchg_(b2)_IN21700_30T_cycle_#279.mat,halfC,279,6671,0.0,24.53,25.55,25.93,
BOOST_REST,07-BOOST CHARGING WITH REST protocol.zip,06-26-21_02.47_RESTPulse_protocol_halfC_CAP_(b2)_forexcel_cycle_#279.mat,CAP,279,0,1.0,,,,read:KeyError
BOOST_REST,07-BOOST CHARGING WITH REST protocol.zip,06-26-21_04.38_RESTPulse_protocol_tenpercent_chg_b_IN21700_30T_cycle_#279.mat,other,279,1002,0.0,25.12,25.96,25.96,
BOOST_REST,07-BOOST CHARGING WITH REST protocol.zip,06-26-21_05.34_REST_Pulseprotocol__Fifteen_Drive_Cycles_set_IN21700_30T_cycle_#280_to_294.mat,drive,280,101412,0.0,24.61,26.15,25.99,
BOOST_REST,07-BOOST CHARGING WITH REST protocol.zip,Cover20 is not performed this week_#8.mat,other,-1,0,1.0,,,,read:KeyError
BOOST_REST,07-BOOST CHARGING WITH REST protocol.zip,06-28-21_15.50_RESTPulse_protocol_whole_Schedule_IN21700_30T_cycle_#295_week#9.mat,schedule,295,344512,0.0,23.68,26.26,26.07,
BOOST_REST,07-BOOST CHARGING WITH REST protocol.zip,06-28-21_20.10_RESTPulse_protocol_OCV_0.05C_IN21700_30T_cycle_#295.mat,OCV,295,2374,0.0,24.13,25.37,25.32,
BOOST_REST,07-BOOST CHARGING WITH REST protocol.zip,06-30-21_12.57_RESTPulse_protocol_halfC_0.5C_dchg_(a1)_IN21700_30T_cycle_#296.mat,halfC,296,6677,0.0,24.37,25.28,25.5,
BOOST_REST,07-BOOST CHARGING WITH REST protocol.zip,06-30-21_12.57_RESTPulse_protocol_halfC_CAP_(a1)_forexcel_cycle_#296.mat,CAP,296,0,1.0,,,,read:KeyError
BOOST_REST,07-BOOST CHARGING WITH REST protocol.zip,06-30-21_16.19_RESTPulse_protocol_halfC_0.5C_dchg_(a2)_IN21700_30T_cycle_#297.mat,halfC,297,6627,0.0,23.68,25.19,25.72,
BOOST_REST,07-BOOST CHARGING WITH REST protocol.zip,06-30-21_16.19_RESTPulse_protocol_halfC_CAP_(a2)_forexcel_cycle_#297.mat,CAP,297,0,1.0,,,,read:KeyError
BOOST_REST,07-BOOST CHARGING WITH REST protocol.zip,06-30-21_18.25_REST_Pulseprotocol_ONE_C_charge_IN21700_30T_cycle_#297.mat,other,297,308,0.0,25.21,26.15,26.25,
BOOST_REST,07-BOOST CHARGING WITH REST protocol.zip,06-30-21_19.42_RESTPulse_protocol_OneC_1C_dchg_IN21700_30T_cycle_#298.mat,other,298,3269,0.0,24.77,25.72,25.87,
BOOST_REST,07-BOOST CHARGING WITH REST protocol.zip,06-30-21_22.09_RESTPulse_protocol_TwoC_2C_dchg_IN21700_30T_cycle_#299.mat,other,299,1619,0.0,24.9,27.38,28.07,
BOOST_REST,07-BOOST CHARGING WITH REST protocol.zip,07-01-21_00.13_RESTPulse_protocol_HPPC_IN21700_30T_cycle_#300.mat,HPPC,300,35051,0.0,24.5,25.79,25.75,
BOOST_REST,07-BOOST CHARGING WITH REST protocol.zip,07-02-21_06.22_RESTPulse_protocol_tenpercent_chg_a_IN21700_30T_cycle_#300.mat,other,300,996,0.0,25.24,25.88,25.88,
BOOST_REST,07-BOOST CHARGING WITH REST protocol.zip,07-02-21_06.49_RESTPulse_protocol_FastCharge_IN21700_30T_cycle_#300.mat,other,300,42262,0.0,25.32,30.71,25.72,
BOOST_REST,07-BOOST CHARGING WITH REST protocol.zip,07-02-21_07.20_REST_Pulseprotocol__Fifteen_Drive_Cycles_set_IN21700_30T_cycle_#301_to_315.mat,drive,301,101516,0.0,24.5,26.23,26.23,
BOOST_REST,07-BOOST CHARGING WITH REST protocol.zip,07-03-21_12.56_RESTPulse_protocol_halfC_0.5C_dchg_(b1)_IN21700_30T_cycle_#316.mat,halfC,316,6596,0.0,25.04,25.93,25.7,
BOOST_REST,07-BOOST CHARGING WITH REST protocol.zip,07-03-21_12.56_RESTPulse_protocol_halfC_CAP_(b1)_forexcel_cycle_#316.mat,CAP,316,0,1.0,,,,read:KeyError
BOOST_REST,07-BOOST CHARGING WITH REST protocol.zip,07-03-21_16.14_RESTPulse_protocol_halfC_0.5C_dchg_(b2)_IN21700_30T_cycle_#317.mat,halfC,317,6603,0.0,24.78,25.61,26.04,
BOOST_REST,07-BOOST CHARGING WITH REST protocol.zip,07-03-21_16.14_RESTPulse_protocol_halfC_CAP_(b2)_forexcel_cycle_#317.mat,CAP,317,0,1.0,,,,read:KeyError
BOOST_REST,07-BOOST CHARGING WITH REST protocol.zip,07-03-21_18.04_RESTPulse_protocol_tenpercent_chg_b_IN21700_30T_cycle_#317.mat,other,317,992,0.0,25.48,26.26,26.26,
BOOST_REST,07-BOOST CHARGING WITH REST protocol.zip,07-03-21_19.02_REST_Pulseprotocol__Fifteen_Drive_Cycles_set_IN21700_30T_cycle_#318_to_332.mat,drive,318,101272,0.0,24.13,26.2,26.21,
BOOST_REST,07-BOOST CHARGING WITH REST protocol.zip,07-05-21_09.17_RESTPulse_protocol_whole_Schedule_IN21700_30T_cycle_#333_week#10.mat,schedule,333,339839,0.0,23.82,26.27,26.06,
BOOST_REST,07-BOOST CHARGING WITH REST protocol.zip,07-05-21_12.46_RESTPulse_protocol_halfC_0.5C_dchg_(a1)_IN21700_30T_cycle_#333.mat,halfC,333,6618,0.0,25.06,25.99,26.27,
BOOST_REST,07-BOOST CHARGING WITH REST protocol.zip,07-05-21_12.46_RESTPulse_protocol_halfC_CAP_(a1)_forexcel_cycle_#333.mat,CAP,333,0,1.0,,,,read:KeyError
BOOST_REST,07-BOOST CHARGING WITH REST protocol.zip,07-05-21_16.09_RESTPulse_protocol_halfC_0.5C_dchg_(a2)_IN21700_30T_cycle_#334.mat,halfC,334,6567,0.0,24.58,25.46,25.87,
BOOST_REST,07-BOOST CHARGING WITH REST protocol.zip,07-05-21_16.09_RESTPulse_protocol_halfC_CAP_(a2)_forexcel_cycle_#334.mat,CAP,334,0,1.0,,,,read:KeyError
BOOST_REST,07-BOOST CHARGING WITH REST protocol.zip,07-05-21_18.13_REST_Pulseprotocol_ONE_C_charge_IN21700_30T_cycle_#334.mat,other,334,303,0.0,25.2,26.93,25.92,
BOOST_REST,07-BOOST CHARGING WITH REST protocol.zip,07-05-21_19.31_RESTPulse_protocol_OneC_1C_dchg_IN21700_30T_cycle_#335.mat,other,335,3238,0.0,24.96,25.86,26.18,
BOOST_REST,07-BOOST CHARGING WITH REST protocol.zip,07-05-21_21.59_RESTPulse_protocol_TwoC_2C_dchg_IN21700_30T_cycle_#336.mat,other,336,1602,0.0,24.79,27.31,27.98,
BOOST_REST,07-BOOST CHARGING WITH REST protocol.zip,07-06-21_00.04_RESTPulse_protocol_HPPC_IN21700_30T_cycle_#337.mat,HPPC,337,35094,0.0,23.84,25.79,25.82,
BOOST_REST,07-BOOST CHARGING WITH REST protocol.zip,07-07-21_06.13_RESTPulse_protocol_tenpercent_chg_a_IN21700_30T_cycle_#337.mat,other,337,986,0.0,24.71,25.38,25.38,
BOOST_REST,07-BOOST CHARGING WITH REST protocol.zip,07-07-21_06.40_RESTPulse_protocol_FastCharge_IN21700_30T_cycle_#337.mat,other,337,41935,0.0,24.76,30.3,25.42,
BOOST_REST,07-BOOST CHARGING WITH REST protocol.zip,07-07-21_07.08_REST_Pulseprotocol__Fifteen_Drive_Cycles_set_IN21700_30T_cycle_#338_to_352.mat,drive,338,100762,0.0,24.23,26.22,26.14,
BOOST_REST,07-BOOST CHARGING WITH REST protocol.zip,07-08-21_12.36_RESTPulse_protocol_halfC_0.5C_dchg_(b1)_IN21700_30T_cycle_#353.mat,halfC,353,6529,0.0,24.59,25.38,25.61,
BOOST_REST,07-BOOST CHARGING WITH REST protocol.zip,07-08-21_12.36_RESTPulse_protocol_halfC_CAP_(b1)_forexcel_cycle_#353.mat,CAP,353,0,1.0,,,,read:KeyError
BOOST_REST,07-BOOST CHARGING WITH REST protocol.zip,07-08-21_15.54_RESTPulse_protocol_halfC_0.5C_dchg_(b2)_IN21700_30T_cycle_#354.mat,halfC,354,6541,0.0,24.8,25.8,26.23,
BOOST_REST,07-BOOST CHARGING WITH REST protocol.zip,07-08-21_15.54_RESTPulse_protocol_halfC_CAP_(b2)_forexcel_cycle_#354.mat,CAP,354,0,1.0,,,,read:KeyError
BOOST_REST,07-BOOST CHARGING WITH REST protocol.zip,07-08-21_17.43_RESTPulse_protocol_tenpercent_chg_b_IN21700_30T_cycle_#354.mat,other,354,982,0.0,25.58,26.39,26.39,
BOOST_REST,07-BOOST CHARGING WITH REST protocol.zip,07-08-21_18.39_REST_Pulseprotocol__Fifteen_Drive_Cycles_set_IN21700_30T_cycle_#355_to_369.mat,drive,355,100652,0.0,23.82,26.23,26.08,
BOOST_REST,07-BOOST CHARGING WITH REST protocol.zip,Cover20 is not performed this week_#10.mat,other,-1,0,1.0,,,,read:KeyError
BOOST_REST,07-BOOST CHARGING WITH REST protocol.zip,07-10-21_09.54_RESTPulse_protocol_whole_Schedule_IN21700_30T_cycle_#370_week#11.mat,schedule,370,339790,0.0,23.79,26.23,26.06,
BOOST_REST,07-BOOST CHARGING WITH REST protocol.zip,07-10-21_14.14_RESTPulse_protocol_OCV_0.05C_IN21700_30T_cycle_#370.mat,OCV,370,2343,0.0,23.9,25.44,25.5,
BOOST_REST,07-BOOST CHARGING WITH REST protocol.zip,07-12-21_06.27_RESTPulse_protocol_halfC_0.5C_dchg_(a1)_IN21700_30T_cycle_#371.mat,halfC,371,6556,0.0,24.55,25.31,25.56,
BOOST_REST,07-BOOST CHARGING WITH REST protocol.zip,07-12-21_06.27_RESTPulse_protocol_halfC_CAP_(a1)_forexcel_cycle_#371.mat,CAP,371,0,1.0,,,,read:KeyError
BOOST_REST,07-BOOST CHARGING WITH REST protocol.zip,07-12-21_09.49_RESTPulse_protocol_halfC_0.5C_dchg_(a2)_IN21700_30T_cycle_#372.mat,halfC,372,6493,0.0,25.07,25.99,26.43,
BOOST_REST,07-BOOST CHARGING WITH REST protocol.zip,07-12-21_09.49_RESTPulse_protocol_halfC_CAP_(a2)_forexcel_cycle_#372.mat,CAP,372,0,1.0,,,,read:KeyError
BOOST_REST,07-BOOST CHARGING WITH REST protocol.zip,07-12-21_11.54_REST_Pulseprotocol_ONE_C_charge_IN21700_30T_cycle_#372.mat,other,372,298,0.0,25.27,26.36,25.94,
BOOST_REST,07-BOOST CHARGING WITH REST protocol.zip,07-12-21_13.13_RESTPulse_protocol_OneC_1C_dchg_IN21700_30T_cycle_#373.mat,other,373,3200,0.0,24.63,25.68,26.03,
BOOST_REST,07-BOOST CHARGING WITH REST protocol.zip,07-12-21_15.40_RESTPulse_protocol_TwoC_2C_dchg_IN21700_30T_cycle_#374.mat,other,374,1584,0.0,24.85,27.43,28.09,
BOOST_REST,07-BOOST CHARGING WITH REST protocol.zip,07-12-21_17.46_RESTPulse_protocol_HPPC_IN21700_30T_cycle_#375.mat,HPPC,375,34976,0.0,23.79,25.7,25.59,
BOOST_REST,07-BOOST CHARGING WITH REST protocol.zip,07-13-21_23.53_RESTPulse_protocol_tenpercent_chg_a_IN21700_30T_cycle_#375.mat,other,375,977,0.0,24.59,25.34,25.34,
BOOST_REST,07-BOOST CHARGING WITH REST protocol.zip,07-14-21_00.19_RESTPulse_protocol_FastCharge_IN21700_30T_cycle_#375.mat,other,375,41479,0.0,24.72,30.2,25.12,
BOOST_REST,07-BOOST CHARGING WITH REST protocol.zip,07-14-21_00.48_REST_Pulseprotocol__Fifteen_Drive_Cycles_set_IN21700_30T_cycle_#376_to_390.mat,drive,376,100161,0.0,24.49,26.18,26.19,
BOOST_REST,07-BOOST CHARGING WITH REST protocol.zip,07-15-21_06.05_RESTPulse_protocol_halfC_0.5C_dchg_(b1)_IN21700_30T_cycle_#391.mat,halfC,391,6456,0.0,24.51,25.3,25.55,
BOOST_REST,07-BOOST CHARGING WITH REST protocol.zip,07-15-21_06.05_RESTPulse_protocol_halfC_CAP_(b1)_forexcel_cycle_#391.mat,CAP,391,0,1.0,,,,read:KeyError
BOOST_REST,07-BOOST CHARGING WITH REST protocol.zip,07-15-21_09.22_RESTPulse_protocol_halfC_0.5C_dchg_(b2)_IN21700_30T_cycle_#392.mat,halfC,392,6469,0.0,24.92,25.83,26.28,
BOOST_REST,07-BOOST CHARGING WITH REST protocol.zip,07-15-21_09.22_RESTPulse_protocol_halfC_CAP_(b2)_forexcel_cycle_#392.mat,CAP,392,0,1.0,,,,read:KeyError
BOOST_REST,07-BOOST CHARGING WITH REST protocol.zip,07-15-21_11.10_RESTPulse_protocol_tenpercent_chg_b_IN21700_30T_cycle_#392.mat,other,392,972,0.0,25.76,26.52,26.52,
BOOST_REST,07-BOOST CHARGING WITH REST protocol.zip,07-15-21_12.05_REST_Pulseprotocol__Fifteen_Drive_Cycles_set_IN21700_30T_cycle_#393_to_407.mat,drive,393,99880,0.0,24.47,26.24,26.17,
BOOST_REST,07-BOOST CHARGING WITH REST protocol.zip,07-16-21_19.20_RESTPulse_protocol_whole_Schedule_IN21700_30T_cycle_#408_week#12.mat,schedule,408,349509,0.0,21.9,26.49,26.15,
BOOST_REST,07-BOOST CHARGING WITH REST protocol.zip,07-16-21_22.49_RESTPulse_protocol_halfC_0.5C_dchg_(a1)_IN21700_30T_cycle_#408.mat,halfC,408,6504,0.0,25.13,26.05,26.52,
BOOST_REST,07-BOOST CHARGING WITH REST protocol.zip,07-16-21_22.49_RESTPulse_protocol_halfC_CAP_(a1)_forexcel_cycle_#408.mat,CAP,408,0,1.0,,,,read:KeyError
BOOST_REST,07-BOOST CHARGING WITH REST protocol.zip,07-17-21_02.14_RESTPulse_protocol_halfC_0.5C_dchg_(a2)_IN21700_30T_cycle_#409.mat,halfC,409,6408,0.0,24.57,25.34,25.65,
BOOST_REST,07-BOOST CHARGING WITH REST protocol.zip,07-17-21_02.14_RESTPulse_protocol_halfC_CAP_(a2)_forexcel_cycle_#409.mat,CAP,409,0,1.0,,,,read:KeyError
BOOST_REST,07-BOOST CHARGING WITH REST protocol.zip,07-17-21_04.16_REST_Pulseprotocol_ONE_C_charge_IN21700_30T_cycle_#409.mat,other,409,291,0.0,24.82,26.5,25.49,
BOOST_REST,07-BOOST CHARGING WITH REST protocol.zip,07-17-21_05.36_RESTPulse_protocol_OneC_1C_dchg_IN21700_30T_cycle_#410.mat,other,410,3173,0.0,25.28,26.54,26.99,
BOOST_REST,07-BOOST CHARGING WITH REST protocol.zip,07-17-21_08.08_RESTPulse_protocol_TwoC_2C_dchg_IN21700_30T_cycle_#411.mat,other,411,1564,0.0,24.79,27.4,28.02,
BOOST_REST,07-BOOST CHARGING WITH REST protocol.zip,07-17-21_10.14_RESTPulse_protocol_HPPC_IN21700_30T_cycle_#412.mat,HPPC,412,35050,0.0,23.49,25.69,25.38,
BOOST_REST,07-BOOST CHARGING WITH REST protocol.zip,07-18-21_16.27_RESTPulse_protocol_tenpercent_chg_a_IN21700_30T_cycle_#412.mat,other,412,964,0.0,24.43,25.33,25.33,
BOOST_REST,07-BOOST CHARGING WITH REST protocol.zip,07-18-21_16.53_RESTPulse_protocol_FastCharge_IN21700_30T_cycle_#412.mat,other,412,40984,0.0,24.21,35.57,24.22,
BOOST_REST,07-BOOST CHARGING WITH REST protocol.zip,07-18-21_17.35_REST_Pulseprotocol__Fifteen_Drive_Cycles_set_IN21700_30T_cycle_#413_to_427.mat,drive,413,112932,0.0,23.82,27.01,26.87,
BOOST_REST,07-BOOST CHARGING WITH REST protocol.zip,07-20-21_02.34_RESTPulse_protocol_halfC_0.5C_dchg_(b1)_IN21700_30T_cycle_#428.mat,halfC,428,6360,0.0,22.37,23.38,23.77,
BOOST_REST,07-BOOST CHARGING WITH REST protocol.zip,07-20-21_02.34_RESTPulse_protocol_halfC_CAP_(b1)_forexcel_cycle_#428.mat,CAP,428,0,1.0,,,,read:KeyError
BOOST_REST,07-BOOST CHARGING WITH REST protocol.zip,07-20-21_05.50_RESTPulse_protocol_halfC_0.5C_dchg_(b2)_IN21700_30T_cycle_#429.mat,halfC,429,6360,0.0,22.3,23.25,23.64,
BOOST_REST,07-BOOST CHARGING WITH REST protocol.zip,07-20-21_05.50_RESTPulse_protocol_halfC_CAP_(b2)_forexcel_cycle_#429.mat,CAP,429,0,1.0,,,,read:KeyError
BOOST_REST,07-BOOST CHARGING WITH REST protocol.zip,07-20-21_07.36_RESTPulse_protocol_tenpercent_chg_b_IN21700_30T_cycle_#429.mat,other,429,955,0.0,23.21,24.48,24.48,
BOOST_REST,07-BOOST CHARGING WITH REST protocol.zip,07-20-21_08.39_REST_Pulseprotocol__Fifteen_Drive_Cycles_set_IN21700_30T_cycle_#430_to_444.mat,drive,430,98286,0.0,21.9,26.18,26.05,
BOOST_REST,07-BOOST CHARGING WITH REST protocol.zip,Cover20 is not performed this week_#12.mat,other,-1,0,1.0,,,,read:KeyError
BOOST_REST,07-BOOST CHARGING WITH REST protocol.zip,07-22-21_15.03_RESTPulse_protocol_whole_Schedule_IN21700_30T_cycle_#445_week#13.mat,schedule,445,336358,0.0,23.69,26.29,26.11,
BOOST_REST,07-BOOST CHARGING WITH REST protocol.zip,07-22-21_19.24_RESTPulse_protocol_OCV_0.05C_IN21700_30T_cycle_#445.mat,OCV,445,2302,0.0,23.87,25.45,25.42,
BOOST_REST,07-BOOST CHARGING WITH REST protocol.zip,07-24-21_11.00_RESTPulse_protocol_halfC_0.5C_dchg_(a1)_IN21700_30T_cycle_#446.mat,halfC,446,6413,0.0,24.94,26.02,26.46,
BOOST_REST,07-BOOST CHARGING WITH REST protocol.zip,07-24-21_11.00_RESTPulse_protocol_halfC_CAP_(a1)_forexcel_cycle_#446.mat,CAP,446,0,1.0,,,,read:KeyError
BOOST_REST,07-BOOST CHARGING WITH REST protocol.zip,07-24-21_14.21_RESTPulse_protocol_halfC_0.5C_dchg_(a2)_IN21700_30T_cycle_#447.mat,halfC,447,6337,0.0,24.69,25.59,26.08,
BOOST_REST,07-BOOST CHARGING WITH REST protocol.zip,07-24-21_14.21_RESTPulse_protocol_halfC_CAP_(a2)_forexcel_cycle_#447.mat,CAP,447,0,1.0,,,,read:KeyError
BOOST_REST,07-BOOST CHARGING WITH REST protocol.zip,07-24-21_16.21_REST_Pulseprotocol_ONE_C_charge_IN21700_30T_cycle_#447.mat,other,447,287,0.0,25.38,26.91,26.05,
BOOST_REST,07-BOOST CHARGING WITH REST protocol.zip,07-24-21_17.41_RESTPulse_protocol_OneC_1C_dchg_IN21700_30T_cycle_#448.mat,other,448,3121,0.0,24.15,25.26,26.16,
BOOST_REST,07-BOOST CHARGING WITH REST protocol.zip,07-24-21_20.08_RESTPulse_protocol_TwoC_2C_dchg_IN21700_30T_cycle_#449.mat,other,449,1544,0.0,24.91,27.72,28.4,
BOOST_REST,07-BOOST CHARGING WITH REST protocol.zip,07-24-21_22.14_RESTPulse_protocol_HPPC_IN21700_30T_cycle_#450.mat,HPPC,450,35042,0.0,23.69,25.59,25.66,
BOOST_REST,07-BOOST CHARGING WITH REST protocol.zip,07-26-21_04.24_RESTPulse_protocol_tenpercent_chg_a_IN21700_30T_cycle_#450.mat,other,450,952,0.0,25.37,26.02,26.02,
BOOST_REST,07-BOOST CHARGING WITH REST protocol.zip,07-26-21_04.50_RESTPulse_protocol_FastCharge_IN21700_30T_cycle_#450.mat,other,450,40495,0.0,25.5,31.3,26.25,
BOOST_REST,07-BOOST CHARGING WITH REST protocol.zip,07-26-21_05.21_REST_Pulseprotocol__Fifteen_Drive_Cycles_set_IN21700_30T_cycle_#451_to_465.mat,drive,451,97624,0.0,24.41,26.27,26.22,
BOOST_REST,07-BOOST CHARGING WITH REST protocol.zip,07-27-21_16.57_RESTPulse_protocol_halfC_0.5C_dchg_(b1)_IN21700_30T_cycle_#466.mat,halfC,466,6308,0.0,24.74,25.46,25.69,
BOOST_REST,07-BOOST CHARGING WITH REST protocol.zip,07-27-21_16.57_RESTPulse_protocol_halfC_CAP_(b1)_forexcel_cycle_#466.mat,CAP,466,0,1.0,,,,read:KeyError
BOOST_REST,07-BOOST CHARGING WITH REST protocol.zip,07-27-21_20.12_RESTPulse_protocol_halfC_0.5C_dchg_(b2)_IN21700_30T_cycle_#467.mat,halfC,467,6309,0.0,24.7,25.41,25.71,
BOOST_REST,07-BOOST CHARGING WITH REST protocol.zip,07-27-21_20.12_RESTPulse_protocol_halfC_CAP_(b2)_forexcel_cycle_#467.mat,CAP,467,0,1.0,,,,read:KeyError
BOOST_REST,07-BOOST CHARGING WITH REST protocol.zip,07-27-21_22.56_REST_Pulseprotocol__Fifteen_Drive_Cycles_set_IN21700_30T_cycle_#468_to_482.mat,drive,468,99901,0.0,24.65,26.29,26.24,
BOOST_REST,07-BOOST CHARGING WITH REST protocol.zip,08-09-21_07.35_RESTPulse_protocol_whole_Schedule_IN21700_30T_cycle_#483_week#14.mat,schedule,483,328307,0.0,23.86,26.2,26.0,
BOOST_REST,07-BOOST CHARGING WITH REST protocol.zip,08-09-21_11.06_RESTPulse_protocol_halfC_0.5C_dchg_(a1)_IN21700_30T_cycle_#483.mat,halfC,483,6244,0.0,24.81,25.51,25.73,
BOOST_REST,07-BOOST CHARGING WITH REST protocol.zip,08-09-21_11.06_RESTPulse_protocol_halfC_CAP_(a1)_forexcel_cycle_#483.mat,CAP,483,0,1.0,,,,read:KeyError
BOOST_REST,07-BOOST CHARGING WITH REST protocol.zip,08-09-21_14.20_RESTPulse_protocol_halfC_0.5C_dchg_(a2)_IN21700_30T_cycle_#484.mat,halfC,484,6172,0.0,24.65,25.35,25.6,
BOOST_REST,07-BOOST CHARGING WITH REST protocol.zip,08-09-21_14.20_RESTPulse_protocol_halfC_CAP_(a2)_forexcel_cycle_#484.mat,CAP,484,0,1.0,,,,read:KeyError
BOOST_REST,07-BOOST CHARGING WITH REST protocol.zip,08-09-21_16.18_REST_Pulseprotocol_ONE_C_charge_IN21700_30T_cycle_#484.mat,other,484,283,0.0,24.84,26.66,25.48,
BOOST_REST,07-BOOST CHARGING WITH REST protocol.zip,08-09-21_17.33_RESTPulse_protocol_OneC_1C_dchg_IN21700_30T_cycle_#485.mat,other,485,3046,0.0,24.84,25.98,26.45,
BOOST_REST,07-BOOST CHARGING WITH REST protocol.zip,08-09-21_19.57_RESTPulse_protocol_TwoC_2C_dchg_IN21700_30T_cycle_#486.mat,other,486,1509,0.0,24.74,27.77,28.61,
BOOST_REST,07-BOOST CHARGING WITH REST protocol.zip,08-09-21_22.00_RESTPulse_protocol_HPPC_IN21700_30T_cycle_#487.mat,HPPC,487,35148,0.0,24.39,25.55,25.57,
BOOST_REST,07-BOOST CHARGING WITH REST protocol.zip,08-11-21_04.10_RESTPulse_protocol_tenpercent_chg_a_IN21700_30T_cycle_#487.mat,other,487,927,0.0,24.75,25.49,25.49,
BOOST_REST,07-BOOST CHARGING WITH REST protocol.zip,08-11-21_04.36_RESTPulse_protocol_FastCharge_IN21700_30T_cycle_#487.mat,other,487,39450,0.0,24.69,31.64,25.12,
BOOST_REST,07-BOOST CHARGING WITH REST protocol.zip,08-11-21_05.07_REST_Pulseprotocol__Fifteen_Drive_Cycles_set_IN21700_30T_cycle_#488_to_502.mat,drive,488,97322,0.0,24.55,26.23,26.2,
BOOST_REST,07-BOOST CHARGING WITH REST protocol.zip,08-12-21_09.37_RESTPulse_protocol_halfC_0.5C_dchg_(b1)_IN21700_30T_cycle_#503.mat,halfC,503,6205,0.0,24.64,25.37,25.68,
BOOST_REST,07-BOOST CHARGING WITH REST protocol.zip,08-12-21_09.37_RESTPulse_protocol_halfC_CAP_(b1)_forexcel_cycle_#503.mat,CAP,503,0,1.0,,,,read:KeyError
BOOST_REST,07-BOOST CHARGING WITH REST protocol.zip,08-12-21_12.48_RESTPulse_protocol_halfC_0.5C_dchg_(b2)_IN21700_30T_cycle_#504.mat,halfC,504,6209,0.0,24.5,25.34,25.69,
BOOST_REST,07-BOOST CHARGING WITH REST protocol.zip,08-12-21_12.48_RESTPulse_protocol_halfC_CAP_(b2)_forexcel_cycle_#504.mat,CAP,504,0,1.0,,,,read:KeyError
BOOST_REST,07-BOOST CHARGING WITH REST protocol.zip,08-12-21_15.27_REST_Pulseprotocol__Fifteen_Drive_Cycles_set_IN21700_30T_cycle_#505_to_519.mat,drive,505,97040,0.0,23.86,26.18,26.11,
BOOST_REST,07-BOOST CHARGING WITH REST protocol.zip,Cover20 is not performed this week_#14.mat,other,-1,0,1.0,,,,read:KeyError
BOOST_REST,07-BOOST CHARGING WITH REST protocol.zip,08-14-21_08.06_RESTPulse_protocol_whole_Schedule_IN21700_30T_cycle_#520_week#15.mat,schedule,520,326551,0.0,23.77,26.23,26.04,
BOOST_REST,07-BOOST CHARGING WITH REST protocol.zip,08-14-21_12.26_RESTPulse_protocol_OCV_0.05C_IN21700_30T_cycle_#520.mat,OCV,520,2256,0.0,23.97,25.42,25.44,
BOOST_REST,07-BOOST CHARGING WITH REST protocol.zip,08-16-21_03.14_RESTPulse_protocol_halfC_0.5C_dchg_(a1)_IN21700_30T_cycle_#521.mat,halfC,521,6267,0.0,24.58,25.3,25.56,
BOOST_REST,07-BOOST CHARGING WITH REST protocol.zip,08-16-21_03.14_RESTPulse_protocol_halfC_CAP_(a1)_forexcel_cycle_#521.mat,CAP,521,0,1.0,,,,read:KeyError
BOOST_REST,07-BOOST CHARGING WITH REST protocol.zip,08-16-21_06.31_RESTPulse_protocol_halfC_0.5C_dchg_(a2)_IN21700_30T_cycle_#522.mat,halfC,522,6173,0.0,24.62,25.73,25.29,
BOOST_REST,07-BOOST CHARGING WITH REST protocol.zip,08-16-21_06.31_RESTPulse_protocol_halfC_CAP_(a2)_forexcel_cycle_#522.mat,CAP,522,0,1.0,,,,read:KeyError
BOOST_REST,07-BOOST CHARGING WITH REST protocol.zip,08-16-21_08.29_REST_Pulseprotocol_ONE_C_charge_IN21700_30T_cycle_#522.mat,other,522,279,0.0,24.69,26.21,25.17,
BOOST_REST,07-BOOST CHARGING WITH REST protocol.zip,08-16-21_09.46_RESTPulse_protocol_OneC_1C_dchg_IN21700_30T_cycle_#523.mat,other,523,3047,0.0,24.62,25.79,26.22,
BOOST_REST,07-BOOST CHARGING WITH REST protocol.zip,08-16-21_12.11_RESTPulse_protocol_TwoC_2C_dchg_IN21700_30T_cycle_#524.mat,other,524,1509,0.0,25.53,28.02,28.78,
BOOST_REST,07-BOOST CHARGING WITH REST protocol.zip,08-16-21_14.17_RESTPulse_protocol_HPPC_IN21700_30T_cycle_#525.mat,HPPC,525,35076,0.0,23.79,25.67,25.66,
BOOST_REST,07-BOOST CHARGING WITH REST protocol.zip,08-17-21_20.28_RESTPulse_protocol_tenpercent_chg_a_IN21700_30T_cycle_#525.mat,other,525,928,0.0,25.58,26.23,26.23,
BOOST_REST,07-BOOST CHARGING WITH REST protocol.zip,08-17-21_20.53_RESTPulse_protocol_FastCharge_IN21700_30T_cycle_#525.mat,other,525,39451,0.0,25.8,30.93,26.11,
BOOST_REST,07-BOOST CHARGING WITH REST protocol.zip,08-17-21_21.22_REST_Pulseprotocol__Fifteen_Drive_Cycles_set_IN21700_30T_cycle_#526_to_540.mat,drive,526,95246,0.0,24.34,26.19,26.11,
BOOST_REST,07-BOOST CHARGING WITH REST protocol.zip,08-19-21_01.17_RESTPulse_protocol_halfC_0.5C_dchg_(b1)_IN21700_30T_cycle_#541.mat,halfC,541,6165,0.0,24.77,25.74,25.6,
BOOST_REST,07-BOOST CHARGING WITH REST protocol.zip,08-19-21_01.17_RESTPulse_protocol_halfC_CAP_(b1)_forexcel_cycle_#541.mat,CAP,541,0,1.0,,,,read:KeyError
BOOST_REST,07-BOOST CHARGING WITH REST protocol.zip,08-19-21_04.29_RESTPulse_protocol_halfC_0.5C_dchg_(b2)_IN21700_30T_cycle_#542.mat,halfC,542,6172,0.0,24.68,25.64,26.1,
BOOST_REST,07-BOOST CHARGING WITH REST protocol.zip,08-19-21_04.29_RESTPulse_protocol_halfC_CAP_(b2)_forexcel_cycle_#542.mat,CAP,542,0,1.0,,,,read:KeyError
BOOST_REST,07-BOOST CHARGING WITH REST protocol.zip,08-19-21_07.06_REST_Pulseprotocol__Fifteen_Drive_Cycles_set_IN21700_30T_cycle_#543_to_557.mat,drive,543,95493,0.0,23.77,26.2,26.21,
BOOST_REST,07-BOOST CHARGING WITH REST protocol.zip,08-20-21_21.43_RESTPulse_protocol_whole_Schedule_IN21700_30T_cycle_#558_week#16.mat,schedule,558,321341,0.0,24.47,26.2,26.04,
BOOST_REST,07-BOOST CHARGING WITH REST protocol.zip,08-20-21_22.12_RESTPulse_protocol_halfC_0.5C_dchg_(a1)_IN21700_30T_cycle_#558.mat,halfC,558,6220,0.0,24.82,25.54,25.72,
BOOST_REST,07-BOOST CHARGING WITH REST protocol.zip,08-20-21_22.12_RESTPulse_protocol_halfC_CAP_(a1)_forexcel_cycle_#558.mat,CAP,558,0,1.0,,,,read:KeyError
BOOST_REST,07-BOOST CHARGING WITH REST protocol.zip,08-21-21_01.31_RESTPulse_protocol_halfC_0.5C_dchg_(a2)_IN21700_30T_cycle_#559.mat,halfC,559,6129,0.0,24.75,25.46,25.67,
BOOST_REST,07-BOOST CHARGING WITH REST protocol.zip,08-21-21_01.31_RESTPulse_protocol_halfC_CAP_(a2)_forexcel_cycle_#559.mat,CAP,559,0,1.0,,,,read:KeyError
BOOST_REST,07-BOOST CHARGING WITH REST protocol.zip,08-21-21_03.28_REST_Pulseprotocol_ONE_C_charge_IN21700_30T_cycle_#559.mat,other,559,274,0.0,24.93,26.53,25.62,
BOOST_REST,07-BOOST CHARGING WITH REST protocol.zip,08-21-21_04.47_RESTPulse_protocol_OneC_1C_dchg_IN21700_30T_cycle_#560.mat,other,560,3021,0.0,25.04,26.08,26.46,
BOOST_REST,07-BOOST CHARGING WITH REST protocol.zip,08-21-21_07.15_RESTPulse_protocol_TwoC_2C_dchg_IN21700_30T_cycle_#561.mat,other,561,1490,0.0,24.93,27.79,28.54,
BOOST_REST,07-BOOST CHARGING WITH REST protocol.zip,08-21-21_09.21_RESTPulse_protocol_HPPC_IN21700_30T_cycle_#562.mat,HPPC,562,35056,0.0,24.47,25.6,25.58,
BOOST_REST,07-BOOST CHARGING WITH REST protocol.zip,08-22-21_15.29_RESTPulse_protocol_tenpercent_chg_a_IN21700_30T_cycle_#562.mat,other,562,920,0.0,24.88,25.59,25.59,
BOOST_REST,07-BOOST CHARGING WITH REST protocol.zip,08-22-21_15.55_RESTPulse_protocol_FastCharge_IN21700_30T_cycle_#562.mat,other,562,38457,0.0,24.87,30.97,24.87,
BOOST_REST,07-BOOST CHARGING WITH REST protocol.zip,08-22-21_16.23_REST_Pulseprotocol__Fifteen_Drive_Cycles_set_IN21700_30T_cycle_#563_to_577.mat,drive,563,94850,0.0,24.67,26.17,26.14,
BOOST_REST,07-BOOST CHARGING WITH REST protocol.zip,08-23-21_20.14_RESTPulse_protocol_halfC_0.5C_dchg_(b1)_IN21700_30T_cycle_#578.mat,halfC,578,6106,0.0,24.68,25.57,25.83,
BOOST_REST,07-BOOST CHARGING WITH REST protocol.zip,08-23-21_20.14_RESTPulse_protocol_halfC_CAP_(b1)_forexcel_cycle_#578.mat,CAP,578,0,1.0,,,,read:KeyError
BOOST_REST,07-BOOST CHARGING WITH REST protocol.zip,08-23-21_23.27_RESTPulse_protocol_halfC_0.5C_dchg_(b2)_IN21700_30T_cycle_#579.mat,halfC,579,6108,0.0,24.79,25.6,25.87,
BOOST_REST,07-BOOST CHARGING WITH REST protocol.zip,08-23-21_23.27_RESTPulse_protocol_halfC_CAP_(b2)_forexcel_cycle_#579.mat,CAP,579,0,1.0,,,,read:KeyError
BOOST_REST,07-BOOST CHARGING WITH REST protocol.zip,08-24-21_02.02_REST_Pulseprotocol__Fifteen_Drive_Cycles_set_IN21700_30T_cycle_#580_to_594.mat,drive,580,94674,0.0,24.59,26.27,26.24,
BOOST_REST,07-BOOST CHARGING WITH REST protocol.zip,Cover20 is not performed this week_#16.mat,other,-1,0,1.0,,,,read:KeyError
BOOST_REST,07-BOOST CHARGING WITH REST protocol.zip,08-25-21_12.12_RESTPulse_protocol_whole_Schedule_IN21700_30T_cycle_#595_week#17.mat,schedule,595,320500,0.0,24.5,26.2,26.06,
BOOST_REST,07-BOOST CHARGING WITH REST protocol.zip,08-25-21_13.33_RESTPulse_protocol_OCV_0.05C_IN21700_30T_cycle_#595.mat,OCV,595,2223,0.0,24.5,25.34,25.33,
BOOST_REST,07-BOOST CHARGING WITH REST protocol.zip,08-27-21_03.49_RESTPulse_protocol_halfC_0.5C_dchg_(a1)_IN21700_30T_cycle_#596.mat,halfC,596,6164,0.0,24.69,25.47,25.75,
BOOST_REST,07-BOOST CHARGING WITH REST protocol.zip,08-27-21_03.49_RESTPulse_protocol_halfC_CAP_(a1)_forexcel_cycle_#596.mat,CAP,596,0,1.0,,,,read:KeyError
BOOST_REST,07-BOOST CHARGING WITH REST protocol.zip,08-27-21_07.07_RESTPulse_protocol_halfC_0.5C_dchg_(a2)_IN21700_30T_cycle_#597.mat,halfC,597,6069,0.0,24.86,25.52,25.71,
BOOST_REST,07-BOOST CHARGING WITH REST protocol.zip,08-27-21_07.07_RESTPulse_protocol_halfC_CAP_(a2)_forexcel_cycle_#597.mat,CAP,597,0,1.0,,,,read:KeyError
BOOST_REST,07-BOOST CHARGING WITH REST protocol.zip,08-27-21_09.03_REST_Pulseprotocol_ONE_C_charge_IN21700_30T_cycle_#597.mat,other,597,269,0.0,24.88,26.56,25.33,
BOOST_REST,07-BOOST CHARGING WITH REST protocol.zip,08-27-21_10.23_RESTPulse_protocol_OneC_1C_dchg_IN21700_30T_cycle_#598.mat,other,598,2992,0.0,24.89,26.07,26.51,
BOOST_REST,07-BOOST CHARGING WITH REST protocol.zip,08-27-21_12.51_RESTPulse_protocol_TwoC_2C_dchg_IN21700_30T_cycle_#599.mat,other,599,1474,0.0,24.87,27.79,28.51,
BOOST_REST,07-BOOST CHARGING WITH REST protocol.zip,08-27-21_14.57_RESTPulse_protocol_HPPC_IN21700_30T_cycle_#600.mat,HPPC,600,35008,0.0,24.6,25.64,25.68,
BOOST_REST,07-BOOST CHARGING WITH REST protocol.zip,08-28-21_21.05_RESTPulse_protocol_tenpercent_chg_a_IN21700_30T_cycle_#600.mat,other,600,912,0.0,24.97,25.69,25.69,
BOOST_REST,07-BOOST CHARGING WITH REST protocol.zip,08-28-21_21.30_RESTPulse_protocol_FastCharge_IN21700_30T_cycle_#600.mat,other,600,37691,0.0,24.92,30.93,24.92,
BOOST_REST,07-BOOST CHARGING WITH REST protocol.zip,08-28-21_21.58_REST_Pulseprotocol__Fifteen_Drive_Cycles_set_IN21700_30T_cycle_#601_to_615.mat,drive,601,93947,0.0,24.62,26.22,26.21,
BOOST_REST,07-BOOST CHARGING WITH REST protocol.zip,08-30-21_01.35_RESTPulse_protocol_halfC_0.5C_dchg_(b1)_IN21700_30T_cycle_#616.mat,halfC,616,6041,0.0,24.64,25.51,25.79,
BOOST_REST,07-BOOST CHARGING WITH REST protocol.zip,08-30-21_01.35_RESTPulse_protocol_halfC_CAP_(b1)_forexcel_cycle_#616.mat,CAP,616,0,1.0,,,,read:KeyError
BOOST_REST,07-BOOST CHARGING WITH REST protocol.zip,08-30-21_04.47_RESTPulse_protocol_halfC_0.5C_dchg_(b2)_IN21700_30T_cycle_#617.mat,halfC,617,6043,0.0,24.77,25.54,25.8,
BOOST_REST,07-BOOST CHARGING WITH REST protocol.zip,08-30-21_04.47_RESTPulse_protocol_halfC_CAP_(b2)_forexcel_cycle_#617.mat,CAP,617,0,1.0,,,,read:KeyError
BOOST_REST,07-BOOST CHARGING WITH REST protocol.zip,08-30-21_07.22_REST_Pulseprotocol__Fifteen_Drive_Cycles_set_IN21700_30T_cycle_#618_to_632.mat,drive,618,93599,0.0,24.71,26.26,26.24,
BOOST_REST,07-BOOST CHARGING WITH REST protocol.zip,08-31-21_21.46_RESTPulse_protocol_whole_Schedule_IN21700_30T_cycle_#633_week#18.mat,schedule,633,314619,0.0,24.54,26.2,26.06,
BOOST_REST,07-BOOST CHARGING WITH REST protocol.zip,08-31-21_22.17_RESTPulse_protocol_halfC_0.5C_dchg_(a1)_IN21700_30T_cycle_#633.mat,halfC,633,6097,0.0,24.78,25.58,25.87,
BOOST_REST,07-BOOST CHARGING WITH REST protocol.zip,08-31-21_22.17_RESTPulse_protocol_halfC_CAP_(a1)_forexcel_cycle_#633.mat,CAP,633,0,1.0,,,,read:KeyError
BOOST_REST,07-BOOST CHARGING WITH REST protocol.zip,09-01-21_01.35_RESTPulse_protocol_halfC_0.5C_dchg_(a2)_IN21700_30T_cycle_#634.mat,halfC,634,6003,0.0,24.74,25.46,25.74,
BOOST_REST,07-BOOST CHARGING WITH REST protocol.zip,09-01-21_01.35_RESTPulse_protocol_halfC_CAP_(a2)_forexcel_cycle_#634.mat,CAP,634,0,1.0,,,,read:KeyError
BOOST_REST,07-BOOST CHARGING WITH REST protocol.zip,09-01-21_03.31_REST_Pulseprotocol_ONE_C_charge_IN21700_30T_cycle_#634.mat,other,634,262,0.0,24.96,26.6,25.46,
BOOST_REST,07-BOOST CHARGING WITH REST protocol.zip,09-01-21_04.53_RESTPulse_protocol_OneC_1C_dchg_IN21700_30T_cycle_#635.mat,other,635,2953,0.0,24.94,26.09,26.54,
BOOST_REST,07-BOOST CHARGING WITH REST protocol.zip,09-01-21_07.22_RESTPulse_protocol_TwoC_2C_dchg_IN21700_30T_cycle_#636.mat,other,636,1454,0.0,24.94,27.94,28.8,
BOOST_REST,07-BOOST CHARGING WITH REST protocol.zip,09-01-21_09.30_RESTPulse_protocol_HPPC_IN21700_30T_cycle_#637.mat,HPPC,637,34979,0.0,24.54,25.6,25.58,
BOOST_REST,07-BOOST CHARGING WITH REST protocol.zip,09-02-21_15.37_RESTPulse_protocol_tenpercent_chg_a_IN21700_30T_cycle_#637.mat,other,637,901,0.0,24.85,25.53,25.53,
BOOST_REST,07-BOOST CHARGING WITH REST protocol.zip,09-02-21_16.02_RESTPulse_protocol_FastCharge_IN21700_30T_cycle_#637.mat,other,637,36406,0.0,24.94,31.18,24.94,
BOOST_REST,07-BOOST CHARGING WITH REST protocol.zip,09-02-21_16.31_REST_Pulseprotocol__Fifteen_Drive_Cycles_set_IN21700_30T_cycle_#638_to_652.mat,drive,638,92928,0.0,24.63,26.2,26.21,
BOOST_REST,07-BOOST CHARGING WITH REST protocol.zip,09-03-21_19.52_RESTPulse_protocol_halfC_0.5C_dchg_(b1)_IN21700_30T_cycle_#653.mat,halfC,653,5965,0.0,24.73,25.55,25.81,
BOOST_REST,07-BOOST CHARGING WITH REST protocol.zip,09-03-21_19.52_RESTPulse_protocol_halfC_CAP_(b1)_forexcel_cycle_#653.mat,CAP,653,0,1.0,,,,read:KeyError
BOOST_REST,07-BOOST CHARGING WITH REST protocol.zip,09-03-21_23.05_RESTPulse_protocol_halfC_0.5C_dchg_(b2)_IN21700_30T_cycle_#654.mat,halfC,654,5968,0.0,24.73,25.5,25.8,
BOOST_REST,07-BOOST CHARGING WITH REST protocol.zip,09-03-21_23.05_RESTPulse_protocol_halfC_CAP_(b2)_forexcel_cycle_#654.mat,CAP,654,0,1.0,,,,read:KeyError
BOOST_REST,07-BOOST CHARGING WITH REST protocol.zip,09-04-21_01.38_REST_Pulseprotocol__Fifteen_Drive_Cycles_set_IN21700_30T_cycle_#655_to_669.mat,drive,655,92861,0.0,24.67,26.27,26.27,
BOOST_REST,07-BOOST CHARGING WITH REST protocol.zip,Cover20 is not performed this week_#18.mat,other,-1,0,1.0,,,,read:KeyError
BOOST_REST,07-BOOST CHARGING WITH REST protocol.zip,09-05-21_12.59_RESTPulse_protocol_whole_Schedule_IN21700_30T_cycle_#670_week#19.mat,schedule,670,315349,0.0,24.06,26.34,26.21,
BOOST_REST,07-BOOST CHARGING WITH REST protocol.zip,09-05-21_14.21_RESTPulse_protocol_OCV_0.05C_IN21700_30T_cycle_#670.mat,OCV,670,2177,0.0,24.46,25.21,25.21,
BOOST_REST,07-BOOST CHARGING WITH REST protocol.zip,09-07-21_03.51_RESTPulse_protocol_halfC_0.5C_dchg_(a1)_IN21700_30T_cycle_#671.mat,halfC,671,6030,0.0,24.65,25.46,25.78,
BOOST_REST,07-BOOST CHARGING WITH REST protocol.zip,09-07-21_03.51_RESTPulse_protocol_halfC_CAP_(a1)_forexcel_cycle_#671.mat,CAP,671,0,1.0,,,,read:KeyError
BOOST_REST,07-BOOST CHARGING WITH REST protocol.zip,09-07-21_07.08_RESTPulse_protocol_halfC_0.5C_dchg_(a2)_IN21700_30T_cycle_#672.mat,halfC,672,5920,0.0,24.66,25.45,25.77,
BOOST_REST,07-BOOST CHARGING WITH REST protocol.zip,09-07-21_07.08_RESTPulse_protocol_halfC_CAP_(a2)_forexcel_cycle_#672.mat,CAP,672,0,1.0,,,,read:KeyError
BOOST_REST,07-BOOST CHARGING WITH REST protocol.zip,09-07-21_09.02_REST_Pulseprotocol_ONE_C_charge_IN21700_30T_cycle_#672.mat,other,672,259,0.0,24.76,26.58,25.2,
BOOST_REST,07-BOOST CHARGING WITH REST protocol.zip,09-07-21_10.24_RESTPulse_protocol_OneC_1C_dchg_IN21700_30T_cycle_#673.mat,other,673,2918,0.0,24.82,26.14,26.62,
BOOST_REST,07-BOOST CHARGING WITH REST protocol.zip,09-07-21_12.52_RESTPulse_protocol_TwoC_2C_dchg_IN21700_30T_cycle_#674.mat,other,674,1435,0.0,24.86,27.91,28.6,
BOOST_REST,07-BOOST CHARGING WITH REST protocol.zip,09-07-21_14.58_RESTPulse_protocol_HPPC_IN21700_30T_cycle_#675.mat,HPPC,675,34985,0.0,24.51,25.62,25.66,
BOOST_REST,07-BOOST CHARGING WITH REST protocol.zip,09-08-21_21.06_RESTPulse_protocol_tenpercent_chg_a_IN21700_30T_cycle_#675.mat,other,675,891,0.0,24.84,25.54,25.54,
BOOST_REST,07-BOOST CHARGING WITH REST protocol.zip,09-08-21_21.31_RESTPulse_protocol_FastCharge_IN21700_30T_cycle_#675.mat,other,675,35778,0.0,24.82,31.12,25.52,
BOOST_REST,07-BOOST CHARGING WITH REST protocol.zip,09-08-21_21.59_REST_Pulseprotocol__Fifteen_Drive_Cycles_set_IN21700_30T_cycle_#676_to_690.mat,drive,676,92980,0.0,24.06,26.4,26.41,
BOOST_REST,07-BOOST CHARGING WITH REST protocol.zip,09-10-21_04.38_RESTPulse_protocol_halfC_0.5C_dchg_(b1)_IN21700_30T_cycle_#691.mat,halfC,691,5900,0.0,24.83,25.82,26.39,
BOOST_REST,07-BOOST CHARGING WITH REST protocol.zip,09-10-21_04.38_RESTPulse_protocol_halfC_CAP_(b1)_forexcel_cycle_#691.mat,CAP,691,0,1.0,,,,read:KeyError
BOOST_REST,07-BOOST CHARGING WITH REST protocol.zip,09-10-21_07.51_RESTPulse_protocol_halfC_0.5C_dchg_(b2)_IN21700_30T_cycle_#692.mat,halfC,692,5895,0.0,24.7,25.45,25.75,
BOOST_REST,07-BOOST CHARGING WITH REST protocol.zip,09-10-21_07.51_RESTPulse_protocol_halfC_CAP_(b2)_forexcel_cycle_#692.mat,CAP,692,0,1.0,,,,read:KeyError
BOOST_REST,07-BOOST CHARGING WITH REST protocol.zip,09-10-21_10.23_REST_Pulseprotocol__Fifteen_Drive_Cycles_set_IN21700_30T_cycle_#693_to_707.mat,drive,693,92300,0.0,24.19,26.46,26.45,
BOOST_REST,07-BOOST CHARGING WITH REST protocol.zip,09-12-21_06.42_RESTPulse_protocol_whole_Schedule_IN21700_30T_cycle_#708_week#20.mat,schedule,708,309918,0.0,22.63,26.48,26.34,
BOOST_REST,07-BOOST CHARGING WITH REST protocol.zip,09-12-21_07.14_RESTPulse_protocol_halfC_0.5C_dchg_(a1)_IN21700_30T_cycle_#708.mat,halfC,708,5937,0.0,25.11,26.1,26.18,
BOOST_REST,07-BOOST CHARGING WITH REST protocol.zip,09-12-21_07.14_RESTPulse_protocol_halfC_CAP_(a1)_forexcel_cycle_#708.mat,CAP,708,0,1.0,,,,read:KeyError
BOOST_REST,07-BOOST CHARGING WITH REST protocol.zip,09-12-21_10.31_RESTPulse_protocol_halfC_0.5C_dchg_(a2)_IN21700_30T_cycle_#709.mat,halfC,709,5849,0.0,24.53,25.47,25.87,
BOOST_REST,07-BOOST CHARGING WITH REST protocol.zip,09-12-21_10.31_RESTPulse_protocol_halfC_CAP_(a2)_forexcel_cycle_#709.mat,CAP,709,0,1.0,,,,read:KeyError
BOOST_REST,07-BOOST CHARGING WITH REST protocol.zip,09-12-21_12.24_REST_Pulseprotocol_ONE_C_charge_IN21700_30T_cycle_#709.mat,other,709,253,0.0,25.23,26.98,25.75,
BOOST_REST,07-BOOST CHARGING WITH REST protocol.zip,09-12-21_13.47_RESTPulse_protocol_OneC_1C_dchg_IN21700_30T_cycle_#710.mat,other,710,2876,0.0,25.66,26.66,26.71,
BOOST_REST,07-BOOST CHARGING WITH REST protocol.zip,09-12-21_16.16_RESTPulse_protocol_TwoC_2C_dchg_IN21700_30T_cycle_#711.mat,other,711,1411,0.0,24.77,27.95,28.76,
BOOST_REST,07-BOOST CHARGING WITH REST protocol.zip,09-12-21_18.23_RESTPulse_protocol_HPPC_IN21700_30T_cycle_#712.mat,HPPC,712,34910,0.0,24.57,25.78,25.75,
BOOST_REST,07-BOOST CHARGING WITH REST protocol.zip,09-14-21_00.31_RESTPulse_protocol_tenpercent_chg_a_IN21700_30T_cycle_#712.mat,other,712,878,0.0,25.48,26.11,26.11,
BOOST_REST,07-BOOST CHARGING WITH REST protocol.zip,09-14-21_00.55_RESTPulse_protocol_FastCharge_IN21700_30T_cycle_#712.mat,other,712,34933,0.0,25.5,31.74,25.59,
BOOST_REST,07-BOOST CHARGING WITH REST protocol.zip,09-14-21_01.26_REST_Pulseprotocol__Fifteen_Drive_Cycles_set_IN21700_30T_cycle_#713_to_727.mat,drive,713,91862,0.0,22.82,26.51,26.56,
BOOST_REST,07-BOOST CHARGING WITH REST protocol.zip,09-15-21_04.30_RESTPulse_protocol_halfC_0.5C_dchg_(b1)_IN21700_30T_cycle_#728.mat,halfC,728,5816,0.0,25.0,26.16,26.73,
BOOST_REST,07-BOOST CHARGING WITH REST protocol.zip,09-15-21_04.30_RESTPulse_protocol_halfC_CAP_(b1)_forexcel_cycle_#728.mat,CAP,728,0,1.0,,,,read:KeyError
BOOST_REST,07-BOOST CHARGING WITH REST protocol.zip,09-15-21_07.44_RESTPulse_protocol_halfC_0.5C_dchg_(b2)_IN21700_30T_cycle_#729.mat,halfC,729,5813,0.0,24.66,25.6,26.0,
BOOST_REST,07-BOOST CHARGING WITH REST protocol.zip,09-15-21_07.44_RESTPulse_protocol_halfC_CAP_(b2)_forexcel_cycle_#729.mat,CAP,729,0,1.0,,,,read:KeyError
BOOST_REST,07-BOOST CHARGING WITH REST protocol.zip,09-15-21_10.15_REST_Pulseprotocol__Fifteen_Drive_Cycles_set_IN21700_30T_cycle_#730_to_744.mat,drive,730,91555,0.0,24.32,26.54,26.5,
BOOST_REST,07-BOOST CHARGING WITH REST protocol.zip,Cover20 is not performed this week_#20.mat,other,-1,0,1.0,,,,read:KeyError
BOOST_REST,07-BOOST CHARGING WITH REST protocol.zip,09-16-21_19.46_RESTPulse_protocol_whole_Schedule_IN21700_30T_cycle_#745_week#21.mat,schedule,745,309072,0.0,23.79,26.47,26.33,
BOOST_REST,07-BOOST CHARGING WITH REST protocol.zip,09-16-21_21.08_RESTPulse_protocol_OCV_0.05C_IN21700_30T_cycle_#745.mat,OCV,745,2129,0.0,23.81,25.43,25.41,
BOOST_REST,07-BOOST CHARGING WITH REST protocol.zip,09-18-21_10.58_RESTPulse_protocol_halfC_0.5C_dchg_(a1)_IN21700_30T_cycle_#746.mat,halfC,746,5860,0.0,24.9,25.81,25.8,
BOOST_REST,07-BOOST CHARGING WITH REST protocol.zip,09-18-21_10.58_RESTPulse_protocol_halfC_CAP_(a1)_forexcel_cycle_#746.mat,CAP,746,0,1.0,,,,read:KeyError
BOOST_REST,07-BOOST CHARGING WITH REST protocol.zip,09-18-21_14.14_RESTPulse_protocol_halfC_0.5C_dchg_(a2)_IN21700_30T_cycle_#747.mat,halfC,747,5780,0.0,24.92,25.94,26.49,
BOOST_REST,07-BOOST CHARGING WITH REST protocol.zip,09-18-21_14.14_RESTPulse_protocol_halfC_CAP_(a2)_forexcel_cycle_#747.mat,CAP,747,0,1.0,,,,read:KeyError
BOOST_REST,07-BOOST CHARGING WITH REST protocol.zip,09-18-21_16.08_REST_Pulseprotocol_ONE_C_charge_IN21700_30T_cycle_#747.mat,other,747,249,0.0,25.71,26.93,26.09,
BOOST_REST,07-BOOST CHARGING WITH REST protocol.zip,09-18-21_17.31_RESTPulse_protocol_OneC_1C_dchg_IN21700_30T_cycle_#748.mat,other,748,2836,0.0,24.73,26.03,26.53,
BOOST_REST,07-BOOST CHARGING WITH REST protocol.zip,09-18-21_19.58_RESTPulse_protocol_TwoC_2C_dchg_IN21700_30T_cycle_#749.mat,other,749,1396,0.0,25.26,28.55,29.35,
BOOST_REST,07-BOOST CHARGING WITH REST protocol.zip,09-18-21_22.07_RESTPulse_protocol_HPPC_IN21700_30T_cycle_#750.mat,HPPC,750,34907,0.0,23.79,25.75,25.92,
BOOST_REST,07-BOOST CHARGING WITH REST protocol.zip,09-20-21_04.15_RESTPulse_protocol_tenpercent_chg_a_IN21700_30T_cycle_#750.mat,other,750,868,0.0,25.58,26.38,26.38,
BOOST_REST,07-BOOST CHARGING WITH REST protocol.zip,09-20-21_04.39_RESTPulse_protocol_FastCharge_IN21700_30T_cycle_#750.mat,other,750,34063,0.0,25.09,31.29,25.09,
BOOST_REST,07-BOOST CHARGING WITH REST protocol.zip,09-20-21_05.07_REST_Pulseprotocol__Fifteen_Drive_Cycles_set_IN21700_30T_cycle_#751_to_765.mat,drive,751,91271,0.0,24.25,26.5,26.46,
BOOST_REST,07-BOOST CHARGING WITH REST protocol.zip,09-21-21_08.02_RESTPulse_protocol_halfC_0.5C_dchg_(b1)_IN21700_30T_cycle_#766.mat,halfC,766,5718,0.0,24.71,25.92,25.47,
BOOST_REST,07-BOOST CHARGING WITH REST protocol.zip,09-21-21_08.02_RESTPulse_protocol_halfC_CAP_(b1)_forexcel_cycle_#766.mat,CAP,766,0,1.0,,,,read:KeyError
BOOST_REST,07-BOOST CHARGING WITH REST protocol.zip,09-21-21_11.11_RESTPulse_protocol_halfC_0.5C_dchg_(b2)_IN21700_30T_cycle_#767.mat,halfC,767,5733,0.0,24.74,25.69,26.13,
BOOST_REST,07-BOOST CHARGING WITH REST protocol.zip,09-21-21_11.11_RESTPulse_protocol_halfC_CAP_(b2)_forexcel_cycle_#767.mat,CAP,767,0,1.0,,,,read:KeyError
BOOST_REST,07-BOOST CHARGING WITH REST protocol.zip,09-21-21_13.41_REST_Pulseprotocol__Fifteen_Drive_Cycles_set_IN21700_30T_cycle_#768_to_782.mat,drive,768,90793,0.0,24.14,26.57,26.54,
BOOST_REST,07-BOOST CHARGING WITH REST protocol.zip,09-23-21_09.12_RESTPulse_protocol_whole_Schedule_IN21700_30T_cycle_#783_week#22.mat,schedule,783,303298,0.0,23.83,26.5,26.37,
BOOST_REST,07-BOOST CHARGING WITH REST protocol.zip,09-23-21_09.44_RESTPulse_protocol_halfC_0.5C_dchg_(a1)_IN21700_30T_cycle_#783.mat,halfC,783,5783,0.0,24.95,25.62,25.82,
BOOST_REST,07-BOOST CHARGING WITH REST protocol.zip,09-23-21_09.44_RESTPulse_protocol_halfC_CAP_(a1)_forexcel_cycle_#783.mat,CAP,783,0,1.0,,,,read:KeyError
BOOST_REST,07-BOOST CHARGING WITH REST protocol.zip,09-23-21_12.59_RESTPulse_protocol_halfC_0.5C_dchg_(a2)_IN21700_30T_cycle_#784.mat,halfC,784,5694,0.0,25.09,26.15,26.68,
BOOST_REST,07-BOOST CHARGING WITH REST protocol.zip,09-23-21_12.59_RESTPulse_protocol_halfC_CAP_(a2)_forexcel_cycle_#784.mat,CAP,784,0,1.0,,,,read:KeyError
BOOST_REST,07-BOOST CHARGING WITH REST protocol.zip,09-23-21_14.53_REST_Pulseprotocol_ONE_C_charge_IN21700_30T_cycle_#784.mat,other,784,239,0.0,24.99,26.03,25.34,
BOOST_REST,07-BOOST CHARGING WITH REST protocol.zip,09-23-21_16.18_RESTPulse_protocol_OneC_1C_dchg_IN21700_30T_cycle_#785.mat,other,785,2786,0.0,24.8,26.09,26.63,
BOOST_REST,07-BOOST CHARGING WITH REST protocol.zip,09-23-21_18.46_RESTPulse_protocol_TwoC_2C_dchg_IN21700_30T_cycle_#786.mat,other,786,1368,0.0,25.26,28.68,29.51,
BOOST_REST,07-BOOST CHARGING WITH REST protocol.zip,09-23-21_20.57_RESTPulse_protocol_HPPC_IN21700_30T_cycle_#787.mat,HPPC,787,34869,0.0,23.83,25.81,25.83,
BOOST_REST,07-BOOST CHARGING WITH REST protocol.zip,09-25-21_03.03_RESTPulse_protocol_tenpercent_chg_a_IN21700_30T_cycle_#787.mat,other,787,855,0.0,25.69,26.33,26.33,
BOOST_REST,07-BOOST CHARGING WITH REST protocol.zip,09-25-21_03.28_RESTPulse_protocol_FastCharge_IN21700_30T_cycle_#787.mat,other,787,33131,0.0,25.7,32.25,25.7,
BOOST_REST,07-BOOST CHARGING WITH REST protocol.zip,09-25-21_03.57_REST_Pulseprotocol__Fifteen_Drive_Cycles_set_IN21700_30T_cycle_#788_to_802.mat,drive,788,90500,0.0,24.42,26.49,26.52,
BOOST_REST,07-BOOST CHARGING WITH REST protocol.zip,09-26-21_06.41_RESTPulse_protocol_halfC_0.5C_dchg_(b1)_IN21700_30T_cycle_#803.mat,halfC,803,5633,0.0,25.24,26.11,26.03,
BOOST_REST,07-BOOST CHARGING WITH REST protocol.zip,09-26-21_06.41_RESTPulse_protocol_halfC_CAP_(b1)_forexcel_cycle_#803.mat,CAP,803,0,1.0,,,,read:KeyError
BOOST_REST,07-BOOST CHARGING WITH REST protocol.zip,09-26-21_09.50_RESTPulse_protocol_halfC_0.5C_dchg_(b2)_IN21700_30T_cycle_#804.mat,halfC,804,5639,0.0,24.64,25.6,25.99,
BOOST_REST,07-BOOST CHARGING WITH REST protocol.zip,09-26-21_09.50_RESTPulse_protocol_halfC_CAP_(b2)_forexcel_cycle_#804.mat,CAP,804,0,1.0,,,,read:KeyError
BOOST_REST,07-BOOST CHARGING WITH REST protocol.zip,09-26-21_12.18_REST_Pulseprotocol__Fifteen_Drive_Cycles_set_IN21700_30T_cycle_#805_to_819.mat,drive,805,89400,0.0,24.56,26.65,26.64,
BOOST_REST,07-BOOST CHARGING WITH REST protocol.zip,Cover20 is not performed this week_#22.mat,other,-1,0,1.0,,,,read:KeyError
BOOST_REST,07-BOOST CHARGING WITH REST protocol.zip,04-21-22_10.47_RESTPulse_protocol_whole_Schedule_IN21700_30T_cycle_#820_week#23.mat,schedule,820,306756,0.0,24.13,26.61,26.55,
BOOST_REST,07-BOOST CHARGING WITH REST protocol.zip,04-21-22_12.16_RESTPulse_protocol_OCV_0.05C_IN21700_30T_cycle_#820.mat,OCV,820,2031,0.0,24.21,25.7,25.67,
BOOST_REST,07-BOOST CHARGING WITH REST protocol.zip,04-22-22_23.16_RESTPulse_protocol_halfC_0.5C_dchg_(a1)_IN21700_30T_cycle_#821.mat,halfC,821,5579,0.0,24.93,25.83,26.23,
BOOST_REST,07-BOOST CHARGING WITH REST protocol.zip,04-22-22_23.16_RESTPulse_protocol_halfC_CAP_(a1)_forexcel_cycle_#821.mat,CAP,821,0,1.0,,,,read:KeyError
BOOST_REST,07-BOOST CHARGING WITH REST protocol.zip,04-23-22_02.23_RESTPulse_protocol_halfC_0.5C_dchg_(a2)_IN21700_30T_cycle_#822.mat,halfC,822,5484,0.0,25.27,26.09,26.08,
BOOST_REST,07-BOOST CHARGING WITH REST protocol.zip,04-23-22_02.23_RESTPulse_protocol_halfC_CAP_(a2)_forexcel_cycle_#822.mat,CAP,822,0,1.0,,,,read:KeyError
BOOST_REST,07-BOOST CHARGING WITH REST protocol.zip,04-23-22_04.09_REST_Pulseprotocol_ONE_C_charge_IN21700_30T_cycle_#822.mat,other,822,241,0.0,25.1,26.56,25.33,
BOOST_REST,07-BOOST CHARGING WITH REST protocol.zip,04-23-22_05.26_RESTPulse_protocol_OneC_1C_dchg_IN21700_30T_cycle_#823.mat,other,823,2694,0.0,25.14,26.52,27.09,
BOOST_REST,07-BOOST CHARGING WITH REST protocol.zip,04-23-22_07.48_RESTPulse_protocol_TwoC_2C_dchg_IN21700_30T_cycle_#824.mat,other,824,1326,0.0,25.58,28.26,28.99,
BOOST_REST,07-BOOST CHARGING WITH REST protocol.zip,04-23-22_09.50_RESTPulse_protocol_HPPC_IN21700_30T_cycle_#825.mat,HPPC,825,35062,0.0,24.85,26.06,26.14,
BOOST_REST,07-BOOST CHARGING WITH REST protocol.zip,04-24-22_16.50_REST_Pulseprotocol__Fifteen_Drive_Cycles_set_IN21700_30T_cycle_#826_to_840.mat,drive,826,89727,0.0,24.28,26.73,26.76,
BOOST_REST,07-BOOST CHARGING WITH REST protocol.zip,04-25-22_19.20_RESTPulse_protocol_halfC_0.5C_dchg_(b1)_IN21700_30T_cycle_#841.mat,halfC,841,5528,0.0,25.1,25.63,25.97,
BOOST_REST,07-BOOST CHARGING WITH REST protocol.zip,04-25-22_19.20_RESTPulse_protocol_halfC_CAP_(b1)_forexcel_cycle_#841.mat,CAP,841,0,1.0,,,,read:KeyError
BOOST_REST,07-BOOST CHARGING WITH REST protocol.zip,04-25-22_22.23_RESTPulse_protocol_halfC_0.5C_dchg_(b2)_IN21700_30T_cycle_#842.mat,halfC,842,5534,0.0,25.39,26.09,25.89,
BOOST_REST,07-BOOST CHARGING WITH REST protocol.zip,04-25-22_22.23_RESTPulse_protocol_halfC_CAP_(b2)_forexcel_cycle_#842.mat,CAP,842,0,1.0,,,,read:KeyError
BOOST_REST,07-BOOST CHARGING WITH REST protocol.zip,04-26-22_00.48_REST_Pulseprotocol__Fifteen_Drive_Cycles_set_IN21700_30T_cycle_#843_to_857.mat,drive,843,89697,0.0,24.54,26.59,26.71,
BOOST_REST,07-BOOST CHARGING WITH REST protocol.zip,04-27-22_18.27_RESTPulse_protocol_whole_Schedule_IN21700_30T_cycle_#858_week#24.mat,schedule,858,303111,0.0,24.08,26.61,26.54,
BOOST_REST,07-BOOST CHARGING WITH REST protocol.zip,04-27-22_19.00_RESTPulse_protocol_halfC_0.5C_dchg_(a1)_IN21700_30T_cycle_#858.mat,halfC,858,5619,0.0,24.91,25.91,26.4,
BOOST_REST,07-BOOST CHARGING WITH REST protocol.zip,04-27-22_19.00_RESTPulse_protocol_halfC_CAP_(a1)_forexcel_cycle_#858.mat,CAP,858,0,1.0,,,,read:KeyError
BOOST_REST,07-BOOST CHARGING WITH REST protocol.zip,04-27-22_22.11_RESTPulse_protocol_halfC_0.5C_dchg_(a2)_IN21700_30T_cycle_#859.mat,halfC,859,5487,0.0,25.02,25.68,25.88,
BOOST_REST,07-BOOST CHARGING WITH REST protocol.zip,04-27-22_22.11_RESTPulse_protocol_halfC_CAP_(a2)_forexcel_cycle_#859.mat,CAP,859,0,1.0,,,,read:KeyError
BOOST_REST,07-BOOST CHARGING WITH REST protocol.zip,04-27-22_23.57_REST_Pulseprotocol_ONE_C_charge_IN21700_30T_cycle_#859.mat,other,859,238,0.0,25.02,26.69,25.52,
BOOST_REST,07-BOOST CHARGING WITH REST protocol.zip,04-28-22_01.17_RESTPulse_protocol_OneC_1C_dchg_IN21700_30T_cycle_#860.mat,other,860,2700,0.0,25.39,26.81,27.33,
BOOST_REST,07-BOOST CHARGING WITH REST protocol.zip,04-28-22_03.42_RESTPulse_protocol_TwoC_2C_dchg_IN21700_30T_cycle_#861.mat,other,861,1322,0.0,24.26,27.85,28.83,
BOOST_REST,07-BOOST CHARGING WITH REST protocol.zip,04-28-22_05.46_RESTPulse_protocol_HPPC_IN21700_30T_cycle_#862.mat,HPPC,862,34988,0.0,24.16,25.88,25.82,
BOOST_REST,07-BOOST CHARGING WITH REST protocol.zip,04-29-22_12.48_REST_Pulseprotocol__Fifteen_Drive_Cycles_set_IN21700_30T_cycle_#863_to_877.mat,drive,863,89217,0.0,24.08,26.63,26.77,
BOOST_REST,07-BOOST CHARGING WITH REST protocol.zip,04-30-22_15.09_RESTPulse_protocol_halfC_0.5C_dchg_(b1)_IN21700_30T_cycle_#878.mat,halfC,878,5507,0.0,24.79,25.64,26.0,
BOOST_REST,07-BOOST CHARGING WITH REST protocol.zip,04-30-22_15.09_RESTPulse_protocol_halfC_CAP_(b1)_forexcel_cycle_#878.mat,CAP,878,0,1.0,,,,read:KeyError
BOOST_REST,07-BOOST CHARGING WITH REST protocol.zip,04-30-22_18.14_RESTPulse_protocol_halfC_0.5C_dchg_(b2)_IN21700_30T_cycle_#879.mat,halfC,879,5513,0.0,25.25,26.05,26.02,
BOOST_REST,07-BOOST CHARGING WITH REST protocol.zip,04-30-22_18.14_RESTPulse_protocol_halfC_CAP_(b2)_forexcel_cycle_#879.mat,CAP,879,0,1.0,,,,read:KeyError
BOOST_REST,07-BOOST CHARGING WITH REST protocol.zip,04-30-22_20.38_REST_Pulseprotocol__Fifteen_Drive_Cycles_set_IN21700_30T_cycle_#880_to_894.mat,drive,880,89642,0.0,24.78,26.73,26.75,
BOOST_REST,07-BOOST CHARGING WITH REST protocol.zip,Cover20 is not performed this week_#24.mat,other,-1,0,1.0,,,,read:KeyError
BOOST_REST,07-BOOST CHARGING WITH REST protocol.zip,05-03-22_16.05_RESTPulse_protocol_whole_Schedule_IN21700_30T_cycle_#895_week#25.mat,schedule,895,304924,0.0,24.13,26.69,26.61,
BOOST_REST,07-BOOST CHARGING WITH REST protocol.zip,05-03-22_17.30_RESTPulse_protocol_OCV_0.05C_IN21700_30T_cycle_#895.mat,OCV,895,2039,0.0,24.13,25.56,25.62,
BOOST_REST,07-BOOST CHARGING WITH REST protocol.zip,05-05-22_04.55_RESTPulse_protocol_halfC_0.5C_dchg_(a1)_IN21700_30T_cycle_#896.mat,halfC,896,5621,0.0,25.16,25.95,26.01,
BOOST_REST,07-BOOST CHARGING WITH REST protocol.zip,05-05-22_04.55_RESTPulse_protocol_halfC_CAP_(a1)_forexcel_cycle_#896.mat,CAP,896,0,1.0,,,,read:KeyError
BOOST_REST,07-BOOST CHARGING WITH REST protocol.zip,05-05-22_08.06_RESTPulse_protocol_halfC_0.5C_dchg_(a2)_IN21700_30T_cycle_#897.mat,halfC,897,5482,0.0,24.93,25.92,26.5,
BOOST_REST,07-BOOST CHARGING WITH REST protocol.zip,05-05-22_08.06_RESTPulse_protocol_halfC_CAP_(a2)_forexcel_cycle_#897.mat,CAP,897,0,1.0,,,,read:KeyError
BOOST_REST,07-BOOST CHARGING WITH REST protocol.zip,05-05-22_09.56_REST_Pulseprotocol_ONE_C_charge_IN21700_30T_cycle_#897.mat,other,897,237,0.0,25.82,27.23,26.41,
BOOST_REST,07-BOOST CHARGING WITH REST protocol.zip,05-05-22_11.17_RESTPulse_protocol_OneC_1C_dchg_IN21700_30T_cycle_#898.mat,other,898,2687,0.0,24.91,26.31,26.82,
BOOST_REST,07-BOOST CHARGING WITH REST protocol.zip,05-05-22_13.41_RESTPulse_protocol_TwoC_2C_dchg_IN21700_30T_cycle_#899.mat,other,899,1322,0.0,25.4,28.74,29.59,
BOOST_REST,07-BOOST CHARGING WITH REST protocol.zip,05-05-22_15.49_RESTPulse_protocol_HPPC_IN21700_30T_cycle_#900.mat,HPPC,900,34976,0.0,24.29,25.84,25.87,
BOOST_REST,07-BOOST CHARGING WITH REST protocol.zip,05-06-22_22.51_REST_Pulseprotocol__Fifteen_Drive_Cycles_set_IN21700_30T_cycle_#901_to_915.mat,drive,901,89343,0.0,24.7,26.78,26.94,
BOOST_REST,07-BOOST CHARGING WITH REST protocol.zip,05-08-22_01.19_RESTPulse_protocol_halfC_0.5C_dchg_(b1)_IN21700_30T_cycle_#916.mat,halfC,916,5473,0.0,24.95,25.68,26.02,
BOOST_REST,07-BOOST CHARGING WITH REST protocol.zip,05-08-22_01.19_RESTPulse_protocol_halfC_CAP_(b1)_forexcel_cycle_#916.mat,CAP,916,0,1.0,,,,read:KeyError
BOOST_REST,07-BOOST CHARGING WITH REST protocol.zip,05-08-22_04.25_RESTPulse_protocol_halfC_0.5C_dchg_(b2)_IN21700_30T_cycle_#917.mat,halfC,917,5480,0.0,25.59,26.36,26.31,
BOOST_REST,07-BOOST CHARGING WITH REST protocol.zip,05-08-22_04.25_RESTPulse_protocol_halfC_CAP_(b2)_forexcel_cycle_#917.mat,CAP,917,0,1.0,,,,read:KeyError
BOOST_REST,07-BOOST CHARGING WITH REST protocol.zip,05-08-22_06.49_REST_Pulseprotocol__Fifteen_Drive_Cycles_set_IN21700_30T_cycle_#918_to_932.mat,drive,918,89460,0.0,24.75,26.81,26.84,
BOOST_REST,07-BOOST CHARGING WITH REST protocol.zip,05-10-22_11.24_RESTPulse_protocol_whole_Schedule_IN21700_30T_cycle_#933_week#26.mat,schedule,933,297490,0.0,24.2,26.71,26.73,
BOOST_REST,07-BOOST CHARGING WITH REST protocol.zip,05-10-22_11.58_RESTPulse_protocol_halfC_0.5C_dchg_(a1)_IN21700_30T_cycle_#933.mat,halfC,933,5560,0.0,25.17,26.25,26.65,
BOOST_REST,07-BOOST CHARGING WITH REST protocol.zip,05-10-22_11.58_RESTPulse_protocol_halfC_CAP_(a1)_forexcel_cycle_#933.mat,CAP,933,0,1.0,,,,read:KeyError
BOOST_REST,07-BOOST CHARGING WITH REST protocol.zip,05-10-22_15.11_RESTPulse_protocol_halfC_0.5C_dchg_(a2)_IN21700_30T_cycle_#934.mat,halfC,934,5427,0.0,24.99,25.97,26.57,
BOOST_REST,07-BOOST CHARGING WITH REST protocol.zip,05-10-22_15.11_RESTPulse_protocol_halfC_CAP_(a2)_forexcel_cycle_#934.mat,CAP,934,0,1.0,,,,read:KeyError
BOOST_REST,07-BOOST CHARGING WITH REST protocol.zip,05-10-22_17.00_REST_Pulseprotocol_ONE_C_charge_IN21700_30T_cycle_#934.mat,other,934,230,0.0,26.0,26.92,26.39,
BOOST_REST,07-BOOST CHARGING WITH REST protocol.zip,05-10-22_18.24_RESTPulse_protocol_OneC_1C_dchg_IN21700_30T_cycle_#935.mat,other,935,2652,0.0,24.96,26.33,26.79,
BOOST_REST,07-BOOST CHARGING WITH REST protocol.zip,05-10-22_20.49_RESTPulse_protocol_TwoC_2C_dchg_IN21700_30T_cycle_#936.mat,other,936,1305,0.0,25.3,28.46,29.24,
BOOST_REST,07-BOOST CHARGING WITH REST protocol.zip,05-10-22_22.57_RESTPulse_protocol_HPPC_IN21700_30T_cycle_#937.mat,HPPC,937,34932,0.0,24.2,25.93,25.97,
BOOST_REST,07-BOOST CHARGING WITH REST protocol.zip,05-12-22_05.57_REST_Pulseprotocol__Fifteen_Drive_Cycles_set_IN21700_30T_cycle_#938_to_952.mat,drive,938,87686,0.0,24.91,26.76,26.99,
BOOST_REST,07-BOOST CHARGING WITH REST protocol.zip,05-13-22_07.57_RESTPulse_protocol_halfC_0.5C_dchg_(b1)_IN21700_30T_cycle_#953.mat,halfC,953,5432,0.0,25.18,26.16,26.68,
BOOST_REST,07-BOOST CHARGING WITH REST protocol.zip,05-13-22_07.57_RESTPulse_protocol_halfC_CAP_(b1)_forexcel_cycle_#953.mat,CAP,953,0,1.0,,,,read:KeyError
BOOST_REST,07-BOOST CHARGING WITH REST protocol.zip,05-13-22_11.06_RESTPulse_protocol_halfC_0.5C_dchg_(b2)_IN21700_30T_cycle_#954.mat,halfC,954,5422,0.0,24.95,25.72,26.02,
BOOST_REST,07-BOOST CHARGING WITH REST protocol.zip,05-13-22_11.06_RESTPulse_protocol_halfC_CAP_(b2)_forexcel_cycle_#954.mat,CAP,954,0,1.0,,,,read:KeyError
BOOST_REST,07-BOOST CHARGING WITH REST protocol.zip,05-13-22_13.29_REST_Pulseprotocol__Fifteen_Drive_Cycles_set_IN21700_30T_cycle_#955_to_969.mat,drive,955,87731,0.0,24.66,26.82,26.93,
BOOST_REST,07-BOOST CHARGING WITH REST protocol.zip,Cover20 is not performed this week_#26.mat,other,-1,0,1.0,,,,read:KeyError
BOOST_REST,07-BOOST CHARGING WITH REST protocol.zip,06-08-22_12.18_RESTPulse_protocol_whole_Schedule_IN21700_30T_cycle_#970_week#27.mat,schedule,970,297000,0.0,24.13,26.66,26.63,
BOOST_REST,07-BOOST CHARGING WITH REST protocol.zip,06-08-22_14.26_RESTPulse_protocol_OCV_0.05C_IN21700_30T_cycle_#970.mat,OCV,970,1961,0.0,24.21,25.7,25.68,
BOOST_REST,07-BOOST CHARGING WITH REST protocol.zip,06-10-22_00.03_RESTPulse_protocol_halfC_0.5C_dchg_(a1)_IN21700_30T_cycle_#971.mat,halfC,971,5347,0.0,25.21,26.02,26.07,
BOOST_REST,07-BOOST CHARGING WITH REST protocol.zip,06-10-22_00.03_RESTPulse_protocol_halfC_CAP_(a1)_forexcel_cycle_#971.mat,CAP,971,0,1.0,,,,read:KeyError
BOOST_REST,07-BOOST CHARGING WITH REST protocol.zip,06-10-22_03.09_RESTPulse_protocol_halfC_0.5C_dchg_(a2)_IN21700_30T_cycle_#972.mat,halfC,972,5351,0.0,25.16,26.16,26.68,
BOOST_REST,07-BOOST CHARGING WITH REST protocol.zip,06-10-22_03.09_RESTPulse_protocol_halfC_CAP_(a2)_forexcel_cycle_#972.mat,CAP,972,0,1.0,,,,read:KeyError
BOOST_REST,07-BOOST CHARGING WITH REST protocol.zip,06-10-22_04.57_REST_Pulseprotocol_ONE_C_charge_IN21700_30T_cycle_#972.mat,other,972,230,0.0,25.94,27.51,26.38,
BOOST_REST,07-BOOST CHARGING WITH REST protocol.zip,06-10-22_06.17_RESTPulse_protocol_OneC_1C_dchg_IN21700_30T_cycle_#973.mat,other,973,2619,0.0,25.02,26.33,26.75,
BOOST_REST,07-BOOST CHARGING WITH REST protocol.zip,06-10-22_08.39_RESTPulse_protocol_TwoC_2C_dchg_IN21700_30T_cycle_#974.mat,other,974,1287,0.0,25.4,28.58,29.36,
BOOST_REST,07-BOOST CHARGING WITH REST protocol.zip,06-10-22_10.43_RESTPulse_protocol_HPPC_IN21700_30T_cycle_#975.mat,HPPC,975,35006,0.0,24.13,25.91,25.88,
BOOST_REST,07-BOOST CHARGING WITH REST protocol.zip,06-11-22_17.43_REST_Pulseprotocol__Fifteen_Drive_Cycles_set_IN21700_30T_cycle_#976_to_990.mat,drive,976,86351,0.0,24.17,26.77,26.89,
BOOST_REST,07-BOOST CHARGING WITH REST protocol.zip,06-12-22_19.18_RESTPulse_protocol_halfC_0.5C_dchg_(b1)_IN21700_30T_cycle_#991.mat,halfC,991,5365,0.0,25.51,26.38,26.24,
BOOST_REST,07-BOOST CHARGING WITH REST protocol.zip,06-12-22_19.18_RESTPulse_protocol_halfC_CAP_(b1)_forexcel_cycle_#991.mat,CAP,991,0,1.0,,,,read:KeyError
BOOST_REST,07-BOOST CHARGING WITH REST protocol.zip,06-12-22_22.21_RESTPulse_protocol_halfC_0.5C_dchg_(b2)_IN21700_30T_cycle_#992.mat,halfC,992,5368,0.0,25.02,25.98,26.47,
BOOST_REST,07-BOOST CHARGING WITH REST protocol.zip,06-12-22_22.21_RESTPulse_protocol_halfC_CAP_(b2)_forexcel_cycle_#992.mat,CAP,992,0,1.0,,,,read:KeyError
BOOST_REST,07-BOOST CHARGING WITH REST protocol.zip,06-13-22_00.45_REST_Pulseprotocol__Fifteen_Drive_Cycles_set_IN21700_30T_cycle_#993_to_1007.mat,drive,993,86456,0.0,24.41,26.73,26.89,
BOOST_REST,07-BOOST CHARGING WITH REST protocol.zip,06-19-22_20.19_RESTPulse_protocol_whole_Schedule_IN21700_30T_cycle_#1008_week#28.mat,schedule,1008,298840,0.0,23.44,26.84,26.87,
BOOST_REST,07-BOOST CHARGING WITH REST protocol.zip,06-19-22_20.55_RESTPulse_protocol_halfC_0.5C_dchg_(a1)_IN21700_30T_cycle_#1008.mat,halfC,1008,5421,0.0,24.96,25.77,26.16,
BOOST_REST,07-BOOST CHARGING WITH REST protocol.zip,06-19-22_20.55_RESTPulse_protocol_halfC_CAP_(a1)_forexcel_cycle_#1008.mat,CAP,1008,0,1.0,,,,read:KeyError
BOOST_REST,07-BOOST CHARGING WITH REST protocol.zip,06-20-22_00.03_RESTPulse_protocol_halfC_0.5C_dchg_(a2)_IN21700_30T_cycle_#1009.mat,halfC,1009,5271,0.0,25.38,26.29,26.07,
BOOST_REST,07-BOOST CHARGING WITH REST protocol.zip,06-20-22_00.03_RESTPulse_protocol_halfC_CAP_(a2)_forexcel_cycle_#1009.mat,CAP,1009,0,1.0,,,,read:KeyError
BOOST_REST,07-BOOST CHARGING WITH REST protocol.zip,06-20-22_01.45_REST_Pulseprotocol_ONE_C_charge_IN21700_30T_cycle_#1009.mat,other,1009,224,0.0,24.43,26.54,24.6,
BOOST_REST,07-BOOST CHARGING WITH REST protocol.zip,06-20-22_03.07_RESTPulse_protocol_OneC_1C_dchg_IN21700_30T_cycle_#1010.mat,other,1010,2587,0.0,24.95,26.41,26.98,
BOOST_REST,07-BOOST CHARGING WITH REST protocol.zip,06-20-22_05.29_RESTPulse_protocol_TwoC_2C_dchg_IN21700_30T_cycle_#1011.mat,other,1011,1276,0.0,25.83,29.03,29.8,
BOOST_REST,07-BOOST CHARGING WITH REST protocol.zip,06-20-22_07.37_RESTPulse_protocol_HPPC_IN21700_30T_cycle_#1012.mat,HPPC,1012,35020,0.0,24.18,26.02,26.1,
BOOST_REST,07-BOOST CHARGING WITH REST protocol.zip,06-21-22_14.37_REST_Pulseprotocol__Fifteen_Drive_Cycles_set_IN21700_30T_cycle_#1013_to_1027.mat,drive,1013,87213,0.0,24.05,26.93,27.2,
BOOST_REST,07-BOOST CHARGING WITH REST protocol.zip,06-22-22_16.27_RESTPulse_protocol_halfC_0.5C_dchg_(b1)_IN21700_30T_cycle_#1028.mat,halfC,1028,5325,0.0,25.1,26.08,26.56,
BOOST_REST,07-BOOST CHARGING WITH REST protocol.zip,06-22-22_16.27_RESTPulse_protocol_halfC_CAP_(b1)_forexcel_cycle_#1028.mat,CAP,1028,0,1.0,,,,read:KeyError
BOOST_REST,07-BOOST CHARGING WITH REST protocol.zip,06-22-22_19.32_RESTPulse_protocol_halfC_0.5C_dchg_(b2)_IN21700_30T_cycle_#1029.mat,halfC,1029,5317,0.0,24.25,25.49,26.13,
BOOST_REST,07-BOOST CHARGING WITH REST protocol.zip,06-22-22_19.32_RESTPulse_protocol_halfC_CAP_(b2)_forexcel_cycle_#1029.mat,CAP,1029,0,1.0,,,,read:KeyError
BOOST_REST,07-BOOST CHARGING WITH REST protocol.zip,06-22-22_21.53_REST_Pulseprotocol__Fifteen_Drive_Cycles_set_IN21700_30T_cycle_#1030_to_1044.mat,drive,1030,90740,0.0,23.44,27.04,27.12,
BOOST_REST,07-BOOST CHARGING WITH REST protocol.zip,Cover20 is not performed this week_#28.mat,other,-1,0,1.0,,,,read:KeyError
BOOST_REST,07-BOOST CHARGING WITH REST protocol.zip,06-25-22_10.44_RESTPulse_protocol_whole_Schedule_IN21700_30T_cycle_#1045_week#29.mat,schedule,1045,298554,0.0,24.2,26.9,26.84,
BOOST_REST,07-BOOST CHARGING WITH REST protocol.zip,06-25-22_12.10_RESTPulse_protocol_OCV_0.05C_IN21700_30T_cycle_#1045.mat,OCV,1045,1986,0.0,24.2,25.6,25.52,
BOOST_REST,07-BOOST CHARGING WITH REST protocol.zip,06-28-22_08.01_RESTPulse_protocol_halfC_0.5C_dchg_(a1)_IN21700_30T_cycle_#1046.mat,halfC,1046,5503,0.0,24.37,26.18,25.83,
BOOST_REST,07-BOOST CHARGING WITH REST protocol.zip,06-28-22_08.01_RESTPulse_protocol_halfC_CAP_(a1)_forexcel_cycle_#1046.mat,CAP,1046,0,1.0,,,,read:KeyError
BOOST_REST,07-BOOST CHARGING WITH REST protocol.zip,06-29-22_17.17_RESTPulse_protocol_halfC_0.5C_dchg_(a2)_IN21700_30T_cycle_#1047.mat,halfC,1047,5336,0.0,25.1,26.09,26.62,
BOOST_REST,07-BOOST CHARGING WITH REST protocol.zip,06-29-22_17.17_RESTPulse_protocol_halfC_CAP_(a2)_forexcel_cycle_#1047.mat,CAP,1047,0,1.0,,,,read:KeyError
BOOST_REST,07-BOOST CHARGING WITH REST protocol.zip,06-29-22_19.05_REST_Pulseprotocol_ONE_C_charge_IN21700_30T_cycle_#1047.mat,other,1047,226,0.0,25.9,27.97,26.34,
BOOST_REST,07-BOOST CHARGING WITH REST protocol.zip,06-29-22_20.28_RESTPulse_protocol_OneC_1C_dchg_IN21700_30T_cycle_#1048.mat,other,1048,2607,0.0,25.27,26.77,27.33,
BOOST_REST,07-BOOST CHARGING WITH REST protocol.zip,06-29-22_22.54_RESTPulse_protocol_TwoC_2C_dchg_IN21700_30T_cycle_#1049.mat,other,1049,1281,0.0,25.41,29.08,29.94,
BOOST_REST,07-BOOST CHARGING WITH REST protocol.zip,06-30-22_01.02_RESTPulse_protocol_HPPC_IN21700_30T_cycle_#1050.mat,HPPC,1050,34945,0.0,24.2,26.1,26.08,
BOOST_REST,07-BOOST CHARGING WITH REST protocol.zip,07-01-22_08.05_REST_Pulseprotocol__Fifteen_Drive_Cycles_set_IN21700_30T_cycle_#1051_to_1065.mat,drive,1051,87688,0.0,24.56,27.01,27.18,
BOOST_REST,07-BOOST CHARGING WITH REST protocol.zip,07-02-22_10.11_RESTPulse_protocol_halfC_0.5C_dchg_(b1)_IN21700_30T_cycle_#1066.mat,halfC,1066,5305,0.0,24.98,25.9,26.41,
BOOST_REST,07-BOOST CHARGING WITH REST protocol.zip,07-02-22_10.11_RESTPulse_protocol_halfC_CAP_(b1)_forexcel_cycle_#1066.mat,CAP,1066,0,1.0,,,,read:KeyError
BOOST_REST,07-BOOST CHARGING WITH REST protocol.zip,07-02-22_13.18_RESTPulse_protocol_halfC_0.5C_dchg_(b2)_IN21700_30T_cycle_#1067.mat,halfC,1067,5312,0.0,25.64,26.6,26.46,
BOOST_REST,07-BOOST CHARGING WITH REST protocol.zip,07-02-22_13.18_RESTPulse_protocol_halfC_CAP_(b2)_forexcel_cycle_#1067.mat,CAP,1067,0,1.0,,,,read:KeyError
BOOST_REST,07-BOOST CHARGING WITH REST protocol.zip,07-02-22_15.38_REST_Pulseprotocol__Fifteen_Drive_Cycles_set_IN21700_30T_cycle_#1068_to_1082.mat,drive,1068,87719,0.0,24.58,27.03,27.1,
BOOST_REST,07-BOOST CHARGING WITH REST protocol.zip,07-04-22_09.02_RESTPulse_protocol_whole_Schedule_IN21700_30T_cycle_#1083_week#30.mat,schedule,1083,292393,0.0,24.22,26.96,27.03,
BOOST_REST,07-BOOST CHARGING WITH REST protocol.zip,07-04-22_09.38_RESTPulse_protocol_halfC_0.5C_dchg_(a1)_IN21700_30T_cycle_#1083.mat,halfC,1083,5426,0.0,25.5,26.62,27.4,
BOOST_REST,07-BOOST CHARGING WITH REST protocol.zip,07-04-22_09.38_RESTPulse_protocol_halfC_CAP_(a1)_forexcel_cycle_#1083.mat,CAP,1083,0,1.0,,,,read:KeyError
BOOST_REST,07-BOOST CHARGING WITH REST protocol.zip,07-04-22_12.54_RESTPulse_protocol_halfC_0.5C_dchg_(a2)_IN21700_30T_cycle_#1084.mat,halfC,1084,5253,0.0,25.01,25.98,26.46,
BOOST_REST,07-BOOST CHARGING WITH REST protocol.zip,07-04-22_12.54_RESTPulse_protocol_halfC_CAP_(a2)_forexcel_cycle_#1084.mat,CAP,1084,0,1.0,,,,read:KeyError
BOOST_REST,07-BOOST CHARGING WITH REST protocol.zip,07-04-22_14.41_REST_Pulseprotocol_ONE_C_charge_IN21700_30T_cycle_#1084.mat,other,1084,218,0.0,25.64,27.66,26.21,
BOOST_REST,07-BOOST CHARGING WITH REST protocol.zip,07-04-22_16.06_RESTPulse_protocol_OneC_1C_dchg_IN21700_30T_cycle_#1085.mat,other,1085,2581,0.0,25.83,26.96,27.36,
BOOST_REST,07-BOOST CHARGING WITH REST protocol.zip,07-04-22_18.35_RESTPulse_protocol_TwoC_2C_dchg_IN21700_30T_cycle_#1086.mat,other,1086,1265,0.0,25.35,28.98,29.75,
BOOST_REST,07-BOOST CHARGING WITH REST protocol.zip,07-06-22_03.45_REST_Pulseprotocol__Fifteen_Drive_Cycles_set_IN21700_30T_cycle_#1088_to_1102.mat,drive,1088,87404,0.0,24.22,27.07,27.28,
BOOST_REST,07-BOOST CHARGING WITH REST protocol.zip,07-07-22_05.44_RESTPulse_protocol_halfC_0.5C_dchg_(b1)_IN21700_30T_cycle_#1103.mat,halfC,1103,5262,0.0,25.15,26.13,26.67,
BOOST_REST,07-BOOST CHARGING WITH REST protocol.zip,07-07-22_05.44_RESTPulse_protocol_halfC_CAP_(b1)_forexcel_cycle_#1103.mat,CAP,1103,0,1.0,,,,read:KeyError
BOOST_REST,07-BOOST CHARGING WITH REST protocol.zip,07-07-22_08.52_RESTPulse_protocol_halfC_0.5C_dchg_(b2)_IN21700_30T_cycle_#1104.mat,halfC,1104,5253,0.0,24.51,25.79,26.38,
BOOST_REST,07-BOOST CHARGING WITH REST protocol.zip,07-07-22_08.52_RESTPulse_protocol_halfC_CAP_(b2)_forexcel_cycle_#1104.mat,CAP,1104,0,1.0,,,,read:KeyError
BOOST_REST,07-BOOST CHARGING WITH REST protocol.zip,07-07-22_11.12_REST_Pulseprotocol__Fifteen_Drive_Cycles_set_IN21700_30T_cycle_#1105_to_1119.mat,drive,1105,86509,0.0,24.71,27.08,27.25,
BOOST_REST,07-BOOST CHARGING WITH REST protocol.zip,Cover20 is not performed this week_#30.mat,other,-1,0,1.0,,,,read:KeyError
BOOST_REST,07-BOOST CHARGING WITH REST protocol.zip,07-12-22_16.50_RESTPulse_protocol_whole_Schedule_IN21700_30T_cycle_#1120_week#31.mat,schedule,1120,293412,0.0,24.26,26.99,27.08,
BOOST_REST,07-BOOST CHARGING WITH REST protocol.zip,07-12-22_18.18_RESTPulse_protocol_OCV_0.05C_IN21700_30T_cycle_#1120.mat,OCV,1120,1958,0.0,24.3,25.84,25.96,
BOOST_REST,07-BOOST CHARGING WITH REST protocol.zip,07-14-22_04.21_RESTPulse_protocol_halfC_0.5C_dchg_(a1)_IN21700_30T_cycle_#1121.mat,halfC,1121,5396,0.0,25.43,26.17,26.39,
BOOST_REST,07-BOOST CHARGING WITH REST protocol.zip,07-14-22_04.21_RESTPulse_protocol_halfC_CAP_(a1)_forexcel_cycle_#1121.mat,CAP,1121,0,1.0,,,,read:KeyError
BOOST_REST,07-BOOST CHARGING WITH REST protocol.zip,07-14-22_07.34_RESTPulse_protocol_halfC_0.5C_dchg_(a2)_IN21700_30T_cycle_#1122.mat,halfC,1122,5249,0.0,25.57,26.65,27.25,
BOOST_REST,07-BOOST CHARGING WITH REST protocol.zip,07-14-22_07.34_RESTPulse_protocol_halfC_CAP_(a2)_forexcel_cycle_#1122.mat,CAP,1122,0,1.0,,,,read:KeyError
BOOST_REST,07-BOOST CHARGING WITH REST protocol.zip,07-14-22_09.23_REST_Pulseprotocol_ONE_C_charge_IN21700_30T_cycle_#1122.mat,other,1122,217,0.0,25.67,27.21,25.87,
BOOST_REST,07-BOOST CHARGING WITH REST protocol.zip,07-14-22_10.49_RESTPulse_protocol_OneC_1C_dchg_IN21700_30T_cycle_#1123.mat,other,1123,2563,0.0,25.0,26.74,27.36,
BOOST_REST,07-BOOST CHARGING WITH REST protocol.zip,07-14-22_13.17_RESTPulse_protocol_TwoC_2C_dchg_IN21700_30T_cycle_#1124.mat,other,1124,1265,0.0,25.95,29.68,30.45,
BOOST_REST,07-BOOST CHARGING WITH REST protocol.zip,07-14-22_15.30_RESTPulse_protocol_HPPC_IN21700_30T_cycle_#1125.mat,HPPC,1125,34913,0.0,24.26,26.15,26.12,
BOOST_REST,07-BOOST CHARGING WITH REST protocol.zip,07-15-22_22.29_REST_Pulseprotocol__Fifteen_Drive_Cycles_set_IN21700_30T_cycle_#1126_to_1140.mat,drive,1126,86764,0.0,24.6,27.17,27.39,
BOOST_REST,07-BOOST CHARGING WITH REST protocol.zip,07-17-22_00.17_RESTPulse_protocol_halfC_0.5C_dchg_(b1)_IN21700_30T_cycle_#1141.mat,halfC,1141,5226,0.0,25.47,26.69,27.34,
BOOST_REST,07-BOOST CHARGING WITH REST protocol.zip,07-17-22_00.17_RESTPulse_protocol_halfC_CAP_(b1)_forexcel_cycle_#1141.mat,CAP,1141,0,1.0,,,,read:KeyError
BOOST_REST,07-BOOST CHARGING WITH REST protocol.zip,07-17-22_03.28_RESTPulse_protocol_halfC_0.5C_dchg_(b2)_IN21700_30T_cycle_#1142.mat,halfC,1142,5213,0.0,24.97,26.09,26.61,
BOOST_REST,07-BOOST CHARGING WITH REST protocol.zip,07-17-22_03.28_RESTPulse_protocol_halfC_CAP_(b2)_forexcel_cycle_#1142.mat,CAP,1142,0,1.0,,,,read:KeyError
BOOST_REST,07-BOOST CHARGING WITH REST protocol.zip,07-17-22_05.50_REST_Pulseprotocol__Fifteen_Drive_Cycles_set_IN21700_30T_cycle_#1143_to_1157.mat,drive,1143,86062,0.0,24.65,27.18,27.4,
BOOST_REST,07-BOOST CHARGING WITH REST protocol.zip,07-18-22_14.01_RESTPulse_protocol_whole_Schedule_IN21700_30T_cycle_#1158_week#32.mat,schedule,1158,289345,0.0,20.08,27.04,27.09,
BOOST_REST,07-BOOST CHARGING WITH REST protocol.zip,07-18-22_14.37_RESTPulse_protocol_halfC_0.5C_dchg_(a1)_IN21700_30T_cycle_#1158.mat,halfC,1158,5315,0.0,25.22,26.37,26.94,
BOOST_REST,07-BOOST CHARGING WITH REST protocol.zip,07-18-22_14.37_RESTPulse_protocol_halfC_CAP_(a1)_forexcel_cycle_#1158.mat,CAP,1158,0,1.0,,,,read:KeyError
BOOST_REST,07-BOOST CHARGING WITH REST protocol.zip,07-18-22_17.53_RESTPulse_protocol_halfC_0.5C_dchg_(a2)_IN21700_30T_cycle_#1159.mat,halfC,1159,5156,0.0,25.14,25.99,26.42,
BOOST_REST,07-BOOST CHARGING WITH REST protocol.zip,07-18-22_17.53_RESTPulse_protocol_halfC_CAP_(a2)_forexcel_cycle_#1159.mat,CAP,1159,0,1.0,,,,read:KeyError
BOOST_REST,07-BOOST CHARGING WITH REST protocol.zip,07-18-22_19.37_REST_Pulseprotocol_ONE_C_charge_IN21700_30T_cycle_#1159.mat,other,1159,208,0.0,25.41,27.51,25.91,
BOOST_REST,07-BOOST CHARGING WITH REST protocol.zip,07-18-22_21.06_RESTPulse_protocol_OneC_1C_dchg_IN21700_30T_cycle_#1160.mat,other,1160,2540,0.0,25.88,27.69,28.3,
BOOST_REST,07-BOOST CHARGING WITH REST protocol.zip,07-18-22_23.39_RESTPulse_protocol_TwoC_2C_dchg_IN21700_30T_cycle_#1161.mat,other,1161,1241,0.0,25.15,28.96,29.67,
BOOST_REST,07-BOOST CHARGING WITH REST protocol.zip,07-19-22_01.51_RESTPulse_protocol_HPPC_IN21700_30T_cycle_#1162.mat,HPPC,1162,34863,0.0,24.33,26.06,25.99,
BOOST_REST,07-BOOST CHARGING WITH REST protocol.zip,07-20-22_08.49_REST_Pulseprotocol__Fifteen_Drive_Cycles_set_IN21700_30T_cycle_#1163_to_1177.mat,drive,1163,87121,0.0,25.05,27.25,27.52,
BOOST_REST,07-BOOST CHARGING WITH REST protocol.zip,07-21-22_10.49_RESTPulse_protocol_halfC_0.5C_dchg_(b1)_IN21700_30T_cycle_#1178.mat,halfC,1178,5151,0.0,25.06,26.06,26.55,
BOOST_REST,07-BOOST CHARGING WITH REST protocol.zip,07-21-22_10.49_RESTPulse_protocol_halfC_CAP_(b1)_forexcel_cycle_#1178.mat,CAP,1178,0,1.0,,,,read:KeyError
BOOST_REST,07-BOOST CHARGING WITH REST protocol.zip,07-21-22_13.59_RESTPulse_protocol_halfC_0.5C_dchg_(b2)_IN21700_30T_cycle_#1179.mat,halfC,1179,5159,0.0,20.08,26.8,26.84,
BOOST_REST,07-BOOST CHARGING WITH REST protocol.zip,07-21-22_13.59_RESTPulse_protocol_halfC_CAP_(b2)_forexcel_cycle_#1179.mat,CAP,1179,0,1.0,,,,read:KeyError
BOOST_REST,07-BOOST CHARGING WITH REST protocol.zip,07-21-22_16.17_REST_Pulseprotocol__Fifteen_Drive_Cycles_set_IN21700_30T_cycle_#1180_to_1194.mat,drive,1180,86207,0.0,24.59,27.16,27.31,
BOOST_REST,07-BOOST CHARGING WITH REST protocol.zip,Cover20 is not performed this week_#32.mat,other,-1,0,1.0,,,,read:KeyError
BOOST_REST,07-BOOST CHARGING WITH REST protocol.zip,07-23-22_10.51_RESTPulse_protocol_whole_Schedule_IN21700_30T_cycle_#1195_week#33.mat,schedule,1195,286881,0.0,21.42,26.99,27.06,
BOOST_REST,07-BOOST CHARGING WITH REST protocol.zip,07-23-22_12.20_RESTPulse_protocol_OCV_0.05C_IN21700_30T_cycle_#1195.mat,OCV,1195,1921,0.0,24.24,25.81,25.83,
BOOST_REST,07-BOOST CHARGING WITH REST protocol.zip,07-24-22_21.41_RESTPulse_protocol_halfC_0.5C_dchg_(a1)_IN21700_30T_cycle_#1196.mat,halfC,1196,5292,0.0,25.2,26.4,27.03,
BOOST_REST,07-BOOST CHARGING WITH REST protocol.zip,07-24-22_21.41_RESTPulse_protocol_halfC_CAP_(a1)_forexcel_cycle_#1196.mat,CAP,1196,0,1.0,,,,read:KeyError
BOOST_REST,07-BOOST CHARGING WITH REST protocol.zip,07-25-22_00.58_RESTPulse_protocol_halfC_0.5C_dchg_(a2)_IN21700_30T_cycle_#1197.mat,halfC,1197,5109,0.0,24.89,25.99,26.37,
BOOST_REST,07-BOOST CHARGING WITH REST protocol.zip,07-25-22_00.58_RESTPulse_protocol_halfC_CAP_(a2)_forexcel_cycle_#1197.mat,CAP,1197,0,1.0,,,,read:KeyError
BOOST_REST,07-BOOST CHARGING WITH REST protocol.zip,07-25-22_02.41_REST_Pulseprotocol_ONE_C_charge_IN21700_30T_cycle_#1197.mat,other,1197,205,0.0,25.26,27.42,25.91,
BOOST_REST,07-BOOST CHARGING WITH REST protocol.zip,07-25-22_04.11_RESTPulse_protocol_OneC_1C_dchg_IN21700_30T_cycle_#1198.mat,other,1198,2521,0.0,25.81,27.64,28.35,
BOOST_REST,07-BOOST CHARGING WITH REST protocol.zip,07-25-22_06.46_RESTPulse_protocol_TwoC_2C_dchg_IN21700_30T_cycle_#1199.mat,other,1199,1233,0.0,25.22,29.12,29.92,
BOOST_REST,07-BOOST CHARGING WITH REST protocol.zip,07-25-22_08.58_RESTPulse_protocol_HPPC_IN21700_30T_cycle_#1200.mat,HPPC,1200,34889,0.0,24.19,26.08,26.11,
BOOST_REST,07-BOOST CHARGING WITH REST protocol.zip,07-26-22_15.57_REST_Pulseprotocol__Fifteen_Drive_Cycles_set_IN21700_30T_cycle_#1201_to_1215.mat,drive,1201,85136,0.0,21.42,27.11,27.41,
BOOST_REST,07-BOOST CHARGING WITH REST protocol.zip,07-26-22_15.57_REST_Pulseprotocol_Drive_Cycles(a)_IN21700_30T_cycle_#1201.mat,drive,1201,85136,0.0,21.42,27.11,27.41,
BOOST_REST,07-BOOST CHARGING WITH REST protocol.zip,07-27-22_17.22_RESTPulse_protocol_halfC_0.5C_dchg_(b1)_IN21700_30T_cycle_#1216.mat,halfC,1216,5091,0.0,25.15,26.05,26.34,
BOOST_REST,07-BOOST CHARGING WITH REST protocol.zip,07-27-22_17.22_RESTPulse_protocol_halfC_CAP_(b1)_forexcel_cycle_#1216.mat,CAP,1216,0,1.0,,,,read:KeyError
BOOST_REST,07-BOOST CHARGING WITH REST protocol.zip,07-27-22_20.31_RESTPulse_protocol_halfC_0.5C_dchg_(b2)_IN21700_30T_cycle_#1217.mat,halfC,1217,5089,0.0,25.68,26.72,26.87,
BOOST_REST,07-BOOST CHARGING WITH REST protocol.zip,07-27-22_20.31_RESTPulse_protocol_halfC_CAP_(b2)_forexcel_cycle_#1217.mat,CAP,1217,0,1.0,,,,read:KeyError
BOOST_REST,07-BOOST CHARGING WITH REST protocol.zip,07-27-22_22.48_REST_Pulseprotocol__Fifteen_Drive_Cycles_set_IN21700_30T_cycle_#1218_to_1232.mat,drive,1218,84834,0.0,23.31,27.25,27.4,
BOOST_REST,07-BOOST CHARGING WITH REST protocol.zip,07-27-22_22.48_REST_Pulseprotocol_Drive_Cycles(b)_IN21700_30T_cycle_#1216.mat,drive,1216,84834,0.0,23.31,27.25,27.4,
BOOST_REST,07-BOOST CHARGING WITH REST protocol.zip,07-29-22_09.34_RESTPulse_protocol_whole_Schedule_IN21700_30T_cycle_#1233_week#34.mat,schedule,1233,286492,0.0,24.26,27.08,27.16,
BOOST_REST,07-BOOST CHARGING WITH REST protocol.zip,07-30-22_20.01_RESTPulse_protocol_halfC_0.5C_dchg_(a1)_IN21700_30T_cycle_#1233.mat,halfC,1233,5227,0.0,25.21,26.45,27.09,
BOOST_REST,07-BOOST CHARGING WITH REST protocol.zip,07-30-22_20.01_RESTPulse_protocol_halfC_CAP_(a1)_forexcel_cycle_#1233.mat,CAP,1233,0,1.0,,,,read:KeyError
BOOST_REST,07-BOOST CHARGING WITH REST protocol.zip,07-30-22_23.21_RESTPulse_protocol_halfC_0.5C_dchg_(a2)_IN21700_30T_cycle_#1234.mat,halfC,1234,5057,0.0,25.11,26.04,26.41,
BOOST_REST,07-BOOST CHARGING WITH REST protocol.zip,07-30-22_23.21_RESTPulse_protocol_halfC_CAP_(a2)_forexcel_cycle_#1234.mat,CAP,1234,0,1.0,,,,read:KeyError
BOOST_REST,07-BOOST CHARGING WITH REST protocol.zip,07-31-22_01.03_REST_Pulseprotocol_ONE_C_charge_IN21700_30T_cycle_#1234.mat,other,1234,200,0.0,25.25,27.52,25.49,
BOOST_REST,07-BOOST CHARGING WITH REST protocol.zip,07-31-22_02.34_RESTPulse_protocol_OneC_1C_dchg_IN21700_30T_cycle_#1235.mat,other,1235,2493,0.0,25.81,27.77,28.5,
BOOST_REST,07-BOOST CHARGING WITH REST protocol.zip,07-31-22_05.09_RESTPulse_protocol_TwoC_2C_dchg_IN21700_30T_cycle_#1236.mat,other,1236,1217,0.0,25.07,29.2,29.99,
BOOST_REST,07-BOOST CHARGING WITH REST protocol.zip,07-31-22_07.23_RESTPulse_protocol_HPPC_IN21700_30T_cycle_#1237.mat,HPPC,1237,34855,0.0,24.26,26.15,26.05,
BOOST_REST,07-BOOST CHARGING WITH REST protocol.zip,08-01-22_14.26_REST_Pulseprotocol__Fifteen_Drive_Cycles_set_IN21700_30T_cycle_#1238_to_1252.mat,drive,1238,85464,0.0,25.02,27.23,27.54,
BOOST_REST,07-BOOST CHARGING WITH REST protocol.zip,08-02-22_16.01_RESTPulse_protocol_halfC_0.5C_dchg_(b1)_IN21700_30T_cycle_#1253.mat,halfC,1253,5027,0.0,25.06,26.13,26.66,
BOOST_REST,07-BOOST CHARGING WITH REST protocol.zip,08-02-22_16.01_RESTPulse_protocol_halfC_CAP_(b1)_forexcel_cycle_#1253.mat,CAP,1253,0,1.0,,,,read:KeyError
BOOST_REST,07-BOOST CHARGING WITH REST protocol.zip,08-02-22_19.11_RESTPulse_protocol_halfC_0.5C_dchg_(b2)_IN21700_30T_cycle_#1254.mat,halfC,1254,5037,0.0,25.53,26.3,26.55,
BOOST_REST,07-BOOST CHARGING WITH REST protocol.zip,08-02-22_19.11_RESTPulse_protocol_halfC_CAP_(b2)_forexcel_cycle_#1254.mat,CAP,1254,0,1.0,,,,read:KeyError
BOOST_REST,07-BOOST CHARGING WITH REST protocol.zip,08-02-22_21.27_REST_Pulseprotocol__Fifteen_Drive_Cycles_set_IN21700_30T_cycle_#1255_to_1269.mat,drive,1255,84693,0.0,25.03,27.32,27.57,
BOOST_REST,07-BOOST CHARGING WITH REST protocol.zip,Cover20 is not performed this week_#34.mat,other,-1,0,1.0,,,,read:KeyError
BOOST_REST,07-BOOST CHARGING WITH REST protocol.zip,08-04-22_10.08_RESTPulse_protocol_whole_Schedule_IN21700_30T_cycle_#1270_week#35.mat,schedule,1270,295461,0.0,24.26,26.86,27.13,
BOOST_REST,07-BOOST CHARGING WITH REST protocol.zip,08-04-22_11.37_RESTPulse_protocol_OCV_0.05C_IN21700_30T_cycle_#1270.mat,OCV,1270,1876,0.0,24.31,25.82,25.8,
BOOST_REST,07-BOOST CHARGING WITH REST protocol.zip,08-05-22_20.10_RESTPulse_protocol_halfC_0.5C_dchg_(a1)_IN21700_30T_cycle_#1271.mat,halfC,1271,5168,0.0,25.13,26.47,27.16,
BOOST_REST,07-BOOST CHARGING WITH REST protocol.zip,08-05-22_20.10_RESTPulse_protocol_halfC_CAP_(a1)_forexcel_cycle_#1271.mat,CAP,1271,0,1.0,,,,read:KeyError
BOOST_REST,07-BOOST CHARGING WITH REST protocol.zip,08-05-22_23.28_RESTPulse_protocol_halfC_0.5C_dchg_(a2)_IN21700_30T_cycle_#1272.mat,halfC,1272,4997,0.0,25.14,26.05,26.47,
BOOST_REST,07-BOOST CHARGING WITH REST protocol.zip,08-05-22_23.28_RESTPulse_protocol_halfC_CAP_(a2)_forexcel_cycle_#1272.mat,CAP,1272,0,1.0,,,,read:KeyError
BOOST_REST,07-BOOST CHARGING WITH REST protocol.zip,08-06-22_01.09_REST_Pulseprotocol_ONE_C_charge_IN21700_30T_cycle_#1272.mat,other,1272,195,0.0,25.24,27.54,25.93,
BOOST_REST,07-BOOST CHARGING WITH REST protocol.zip,08-06-22_02.41_RESTPulse_protocol_OneC_1C_dchg_IN21700_30T_cycle_#1273.mat,other,1273,2460,0.0,26.05,28.01,28.77,
BOOST_REST,07-BOOST CHARGING WITH REST protocol.zip,08-06-22_05.16_RESTPulse_protocol_TwoC_2C_dchg_IN21700_30T_cycle_#1274.mat,other,1274,1201,0.0,25.07,29.38,30.25,
BOOST_REST,07-BOOST CHARGING WITH REST protocol.zip,08-06-22_07.31_RESTPulse_protocol_HPPC_IN21700_30T_cycle_#1275.mat,HPPC,1275,34823,0.0,24.26,26.04,26.09,
BOOST_REST,07-BOOST CHARGING WITH REST protocol.zip,08-07-22_14.28_REST_Pulseprotocol__Fifteen_Drive_Cycles_set_IN21700_30T_cycle_#1276_to_1290.mat,drive,1276,84679,0.0,24.91,27.27,27.65,
BOOST_REST,07-BOOST CHARGING WITH REST protocol.zip,08-08-22_15.48_RESTPulse_protocol_halfC_0.5C_dchg_(b1)_IN21700_30T_cycle_#1291.mat,halfC,1291,4962,0.0,25.27,26.48,27.08,
BOOST_REST,07-BOOST CHARGING WITH REST protocol.zip,08-08-22_15.48_RESTPulse_protocol_halfC_CAP_(b1)_forexcel_cycle_#1291.mat,CAP,1291,0,1.0,,,,read:KeyError
BOOST_REST,07-BOOST CHARGING WITH REST protocol.zip,08-08-22_18.58_RESTPulse_protocol_halfC_0.5C_dchg_(b2)_IN21700_30T_cycle_#1292.mat,halfC,1292,4953,0.0,25.1,26.12,26.51,
BOOST_REST,07-BOOST CHARGING WITH REST protocol.zip,08-08-22_18.58_RESTPulse_protocol_halfC_CAP_(b2)_forexcel_cycle_#1292.mat,CAP,1292,0,1.0,,,,read:KeyError
BOOST_REST,07-BOOST CHARGING WITH REST protocol.zip,08-08-22_21.12_REST_Pulseprotocol__Fifteen_Drive_Cycles_set_IN21700_30T_cycle_#1293_to_1307.mat,drive,1293,98662,0.0,24.88,26.82,27.34,
BOOST_REST,07-BOOST CHARGING WITH REST protocol.zip,08-23-22_10.48_RESTPulse_protocol_whole_Schedule_IN21700_30T_cycle_#1308_week#36.mat,schedule,1308,286913,0.0,0.0,27.2,27.44,
BOOST_REST,07-BOOST CHARGING WITH REST protocol.zip,08-25-22_10.46_RESTPulse_protocol_halfC_0.5C_dchg_(a1)_IN21700_30T_cycle_#1308.mat,halfC,1308,5140,0.0,24.91,26.37,27.12,
BOOST_REST,07-BOOST CHARGING WITH REST protocol.zip,08-25-22_10.46_RESTPulse_protocol_halfC_CAP_(a1)_forexcel_cycle_#1308.mat,CAP,1308,0,1.0,,,,read:KeyError
BOOST_REST,07-BOOST CHARGING WITH REST protocol.zip,08-25-22_13.57_RESTPulse_protocol_halfC_0.5C_dchg_(a2)_IN21700_30T_cycle_#1309.mat,halfC,1309,4909,0.0,25.12,26.25,26.87,
BOOST_REST,07-BOOST CHARGING WITH REST protocol.zip,08-25-22_13.57_RESTPulse_protocol_halfC_CAP_(a2)_forexcel_cycle_#1309.mat,CAP,1309,0,1.0,,,,read:KeyError
BOOST_REST,07-BOOST CHARGING WITH REST protocol.zip,08-25-22_15.38_REST_Pulseprotocol_ONE_C_charge_IN21700_30T_cycle_#1309.mat,other,1309,196,0.0,25.33,27.84,25.86,
BOOST_REST,07-BOOST CHARGING WITH REST protocol.zip,08-25-22_17.05_RESTPulse_protocol_OneC_1C_dchg_IN21700_30T_cycle_#1310.mat,other,1310,2413,0.0,25.2,27.48,28.39,
BOOST_REST,07-BOOST CHARGING WITH REST protocol.zip,08-25-22_19.34_RESTPulse_protocol_TwoC_2C_dchg_IN21700_30T_cycle_#1311.mat,other,1311,1189,0.0,25.4,30.42,31.54,
BOOST_REST,07-BOOST CHARGING WITH REST protocol.zip,08-25-22_21.48_RESTPulse_protocol_HPPC_IN21700_30T_cycle_#1312.mat,HPPC,1312,34898,0.0,24.91,26.0,25.97,
BOOST_REST,07-BOOST CHARGING WITH REST protocol.zip,08-27-22_04.51_REST_Pulseprotocol__Fifteen_Drive_Cycles_set_IN21700_30T_cycle_#1313_to_1327.mat,drive,1313,86388,0.0,24.96,27.48,27.93,
BOOST_REST,07-BOOST CHARGING WITH REST protocol.zip,08-27-22_04.51_REST_Pulseprotocol_Drive_Cycles(a)_IN21700_30T_cycle_#1313.mat,drive,1313,86388,0.0,24.96,27.48,27.93,
BOOST_REST,07-BOOST CHARGING WITH REST protocol.zip,08-28-22_06.40_RESTPulse_protocol_halfC_0.5C_dchg_(b1)_IN21700_30T_cycle_#1328.mat,halfC,1328,4916,0.0,25.24,26.38,26.97,
BOOST_REST,07-BOOST CHARGING WITH REST protocol.zip,08-28-22_06.40_RESTPulse_protocol_halfC_CAP_(b1)_forexcel_cycle_#1328.mat,CAP,1328,0,1.0,,,,read:KeyError
BOOST_REST,07-BOOST CHARGING WITH REST protocol.zip,08-28-22_09.48_RESTPulse_protocol_halfC_0.5C_dchg_(b2)_IN21700_30T_cycle_#1329.mat,halfC,1329,4909,0.0,25.17,26.25,26.79,
BOOST_REST,07-BOOST CHARGING WITH REST protocol.zip,08-28-22_09.48_RESTPulse_protocol_halfC_CAP_(b2)_forexcel_cycle_#1329.mat,CAP,1329,0,1.0,,,,read:KeyError
BOOST_REST,07-BOOST CHARGING WITH REST protocol.zip,08-28-22_12.04_REST_Pulseprotocol__Fifteen_Drive_Cycles_set_IN21700_30T_cycle_#1330_to_1344.mat,drive,1330,86604,0.0,25.04,27.59,28.02,
BOOST_REST,07-BOOST CHARGING WITH REST protocol.zip,08-28-22_12.04_REST_Pulseprotocol_Drive_Cycles(b)_IN21700_30T_cycle_#1330.mat,drive,1330,86604,0.0,25.04,27.59,28.02,
BOOST_REST,07-BOOST CHARGING WITH REST protocol.zip,Cover20 is not performed this week_#36.mat,other,-1,0,1.0,,,,read:KeyError
BOOST_REST,07-BOOST CHARGING WITH REST protocol.zip,09-01-22_15.20_RESTPulse_protocol_whole_Schedule_IN21700_30T_cycle_#1345_week#37.mat,schedule,1345,287816,0.0,24.85,27.27,27.53,
BOOST_REST,07-BOOST CHARGING WITH REST protocol.zip,09-01-22_16.50_RESTPulse_protocol_OCV_0.05C_IN21700_30T_cycle_#1345.mat,OCV,1345,1845,0.0,24.85,25.53,25.54,
BOOST_REST,07-BOOST CHARGING WITH REST protocol.zip,09-03-22_00.58_RESTPulse_protocol_halfC_0.5C_dchg_(a1)_IN21700_30T_cycle_#1346.mat,halfC,1346,5091,0.0,25.19,26.39,26.99,
BOOST_REST,07-BOOST CHARGING WITH REST protocol.zip,09-03-22_00.58_RESTPulse_protocol_halfC_CAP_(a1)_forexcel_cycle_#1346.mat,CAP,1346,0,1.0,,,,read:KeyError
BOOST_REST,07-BOOST CHARGING WITH REST protocol.zip,09-03-22_04.13_RESTPulse_protocol_halfC_0.5C_dchg_(a2)_IN21700_30T_cycle_#1347.mat,halfC,1347,4909,0.0,25.13,26.29,26.94,
BOOST_REST,07-BOOST CHARGING WITH REST protocol.zip,09-03-22_04.13_RESTPulse_protocol_halfC_CAP_(a2)_forexcel_cycle_#1347.mat,CAP,1347,0,1.0,,,,read:KeyError
BOOST_REST,07-BOOST CHARGING WITH REST protocol.zip,09-03-22_05.55_REST_Pulseprotocol_ONE_C_charge_IN21700_30T_cycle_#1347.mat,other,1347,193,0.0,25.33,28.05,25.67,
BOOST_REST,07-BOOST CHARGING WITH REST protocol.zip,09-03-22_07.25_RESTPulse_protocol_OneC_1C_dchg_IN21700_30T_cycle_#1348.mat,other,1348,2410,0.0,25.25,27.56,28.59,
BOOST_REST,07-BOOST CHARGING WITH REST protocol.zip,09-03-22_09.59_RESTPulse_protocol_TwoC_2C_dchg_IN21700_30T_cycle_#1349.mat,other,1349,1186,0.0,25.36,30.57,31.93,
BOOST_REST,07-BOOST CHARGING WITH REST protocol.zip,09-03-22_12.15_RESTPulse_protocol_HPPC_IN21700_30T_cycle_#1350.mat,HPPC,1350,34870,0.0,24.93,26.05,25.97,
BOOST_REST,07-BOOST CHARGING WITH REST protocol.zip,09-04-22_19.17_REST_Pulseprotocol__Fifteen_Drive_Cycles_set_IN21700_30T_cycle_#1351_to_1365.mat,drive,1351,87227,0.0,24.95,27.69,28.17,
BOOST_REST,07-BOOST CHARGING WITH REST protocol.zip,09-04-22_19.17_REST_Pulseprotocol_Drive_Cycles(a)_IN21700_30T_cycle_#1351.mat,drive,1351,87227,0.0,24.95,27.69,28.17,
BOOST_REST,07-BOOST CHARGING WITH REST protocol.zip,09-06-22_03.11_RESTPulse_protocol_halfC_0.5C_dchg_(b1)_IN21700_30T_cycle_#1366.mat,halfC,1366,4862,0.0,25.28,26.45,26.99,
BOOST_REST,07-BOOST CHARGING WITH REST protocol.zip,09-06-22_03.11_RESTPulse_protocol_halfC_CAP_(b1)_forexcel_cycle_#1366.mat,CAP,1366,0,1.0,,,,read:KeyError
BOOST_REST,07-BOOST CHARGING WITH REST protocol.zip,09-06-22_06.20_RESTPulse_protocol_halfC_0.5C_dchg_(b2)_IN21700_30T_cycle_#1367.mat,halfC,1367,4862,0.0,25.33,26.45,27.11,
BOOST_REST,07-BOOST CHARGING WITH REST protocol.zip,09-06-22_06.20_RESTPulse_protocol_halfC_CAP_(b2)_forexcel_cycle_#1367.mat,CAP,1367,0,1.0,,,,read:KeyError
BOOST_REST,07-BOOST CHARGING WITH REST protocol.zip,09-06-22_08.36_REST_Pulseprotocol__Fifteen_Drive_Cycles_set_IN21700_30T_cycle_#1368_to_1382.mat,drive,1368,86168,0.0,25.13,27.67,28.15,
BOOST_REST,07-BOOST CHARGING WITH REST protocol.zip,09-06-22_08.36_REST_Pulseprotocol_Drive_Cycles(b)_IN21700_30T_cycle_#1366.mat,drive,1366,86168,0.0,25.13,27.67,28.15,
BOOST_NEGPULSE,08-BOOST CHARGING WITH NEGATIVE PULSES protocol_Cycles 1 to 1000.zip,05-01-21_12.50_NEGPulse_protocol_whole_Schedule_IN21700_30T_cycle_#1_week#1.mat,schedule,1,340618,0.0,24.63,26.38,26.22,
BOOST_NEGPULSE,08-BOOST CHARGING WITH NEGATIVE PULSES protocol_Cycles 1 to 1000.zip,05-01-21_20.43_NEGPulse_protocol_OCV_0.05C_IN21700_30T_cycle_#1.mat,OCV,1,2466,0.0,24.65,25.47,25.51,
BOOST_NEGPULSE,08-BOOST CHARGING WITH NEGATIVE PULSES protocol_Cycles 1 to 1000.zip,05-03-21_14.45_NEGPulse_protocol_halfC_0.5C_dchg_(a)_IN21700_30T_cycle_#2.mat,halfC,2,7128,0.0,25.11,26.01,26.39,
BOOST_NEGPULSE,08-BOOST CHARGING WITH NEGATIVE PULSES protocol_Cycles 1 to 1000.zip,05-03-21_14.45_NEGPulse_protocol_halfC_CAP_(a)_forexcel_cycle_#2.mat,CAP,2,0,1.0,,,,read:KeyError
BOOST_NEGPULSE,08-BOOST CHARGING WITH NEGATIVE PULSES protocol_Cycles 1 to 1000.zip,05-03-21_16.59_NEG_Pulseprotocol_ONE_C_charge_IN21700_30T_cycle_#2.mat,other,2,343,0.0,25.57,26.83,26.22,
BOOST_NEGPULSE,08-BOOST CHARGING WITH NEGATIVE PULSES protocol_Cycles 1 to 1000.zip,05-03-21_18.15_NEGPulse_protocol_OneC_1C_dchg_IN21700_30T_cycle_#3.mat,other,3,3539,0.0,24.88,25.79,26.01,
BOOST_NEGPULSE,08-BOOST CHARGING WITH NEGATIVE PULSES protocol_Cycles 1 to 1000.zip,05-03-21_20.44_NEGPulse_protocol_TwoC_2C_dchg_IN21700_30T_cycle_#4.mat,other,4,1753,0.0,24.93,27.18,27.74,
BOOST_NEGPULSE,08-BOOST CHARGING WITH NEGATIVE PULSES protocol_Cycles 1 to 1000.zip,05-03-21_22.49_NEGPulse_protocol_HPPC_IN21700_30T_cycle_#5.mat,HPPC,5,35119,0.0,24.69,25.9,25.87,
BOOST_NEGPULSE,08-BOOST CHARGING WITH NEGATIVE PULSES protocol_Cycles 1 to 1000.zip,05-05-21_04.58_NEGPulse_protocol_tenpercent_chg_a_IN21700_30T_cycle_#6.mat,other,6,1073,0.0,25.46,26.19,26.19,
BOOST_NEGPULSE,08-BOOST CHARGING WITH NEGATIVE PULSES protocol_Cycles 1 to 1000.zip,05-05-21_05.26_NEGPulse_protocol_FastCharge_IN21700_30T_cycle_#5.mat,other,5,45574,0.0,25.77,31.27,26.66,
BOOST_NEGPULSE,08-BOOST CHARGING WITH NEGATIVE PULSES protocol_Cycles 1 to 1000.zip,05-05-21_05.56_NEG_Pulseprotocol__Fifteen_Drive_Cycles_set_IN21700_30T_cycle_#7_to_21.mat,drive,7,106357,0.0,24.79,26.24,26.32,
BOOST_NEGPULSE,08-BOOST CHARGING WITH NEGATIVE PULSES protocol_Cycles 1 to 1000.zip,05-06-21_12.42_NEGPulse_protocol_halfC_0.5C_dchg_(b)_IN21700_30T_cycle_#21.mat,halfC,21,7120,0.0,24.75,25.85,25.67,
BOOST_NEGPULSE,08-BOOST CHARGING WITH NEGATIVE PULSES protocol_Cycles 1 to 1000.zip,05-06-21_12.42_NEGPulse_protocol_halfC_CAP_(b)_forexcel_cycle_#21.mat,CAP,21,0,1.0,,,,read:KeyError
BOOST_NEGPULSE,08-BOOST CHARGING WITH NEGATIVE PULSES protocol_Cycles 1 to 1000.zip,05-06-21_14.40_NEGPulse_protocol_tenpercent_chg_b_IN21700_30T_cycle_#22.mat,other,22,1070,0.0,24.65,25.45,25.45,
BOOST_NEGPULSE,08-BOOST CHARGING WITH NEGATIVE PULSES protocol_Cycles 1 to 1000.zip,05-06-21_15.37_NEG_Pulseprotocol__Fifteen_Drive_Cycles_set_IN21700_30T_cycle_#22_to_36.mat,drive,22,106160,0.0,24.63,26.21,26.31,
BOOST_NEGPULSE,08-BOOST CHARGING WITH NEGATIVE PULSES protocol_Cycles 1 to 1000.zip,NEG_P_one.mat,other,-1,0,1.0,,,,read:KeyError
BOOST_NEGPULSE,08-BOOST CHARGING WITH NEGATIVE PULSES protocol_Cycles 1 to 1000.zip,05-09-21_17.21_NEGPulse_protocol_whole_Schedule_IN21700_30T_cycle_#37_week#2.mat,schedule,37,336265,0.0,24.47,26.4,26.17,
BOOST_NEGPULSE,08-BOOST CHARGING WITH NEGATIVE PULSES protocol_Cycles 1 to 1000.zip,05-09-21_23.48_NEGPulse_protocol_halfC_0.5C_dchg_(a)_IN21700_30T_cycle_#37.mat,halfC,37,7085,0.0,24.59,25.51,25.59,
BOOST_NEGPULSE,08-BOOST CHARGING WITH NEGATIVE PULSES protocol_Cycles 1 to 1000.zip,05-09-21_23.48_NEGPulse_protocol_halfC_CAP_(a)_forexcel_cycle_#37.mat,CAP,37,0,1.0,,,,read:KeyError
BOOST_NEGPULSE,08-BOOST CHARGING WITH NEGATIVE PULSES protocol_Cycles 1 to 1000.zip,05-10-21_02.01_NEG_Pulseprotocol_ONE_C_charge_IN21700_30T_cycle_#37.mat,other,37,338,0.0,24.59,26.19,25.39,
BOOST_NEGPULSE,08-BOOST CHARGING WITH NEGATIVE PULSES protocol_Cycles 1 to 1000.zip,05-10-21_03.16_NEGPulse_protocol_OneC_1C_dchg_IN21700_30T_cycle_#38.mat,other,38,3499,0.0,24.71,25.76,26.12,
BOOST_NEGPULSE,08-BOOST CHARGING WITH NEGATIVE PULSES protocol_Cycles 1 to 1000.zip,05-10-21_05.46_NEGPulse_protocol_TwoC_2C_dchg_IN21700_30T_cycle_#39.mat,other,39,1735,0.0,24.76,27.19,27.72,
BOOST_NEGPULSE,08-BOOST CHARGING WITH NEGATIVE PULSES protocol_Cycles 1 to 1000.zip,05-10-21_07.49_NEGPulse_protocol_HPPC_IN21700_30T_cycle_#40.mat,HPPC,40,35113,0.0,24.47,25.97,26.03,
BOOST_NEGPULSE,08-BOOST CHARGING WITH NEGATIVE PULSES protocol_Cycles 1 to 1000.zip,05-11-21_13.58_NEGPulse_protocol_tenpercent_chg_a_IN21700_30T_cycle_#41.mat,other,41,1065,0.0,24.58,25.35,25.35,
BOOST_NEGPULSE,08-BOOST CHARGING WITH NEGATIVE PULSES protocol_Cycles 1 to 1000.zip,05-11-21_14.26_NEGPulse_protocol_FastCharge_IN21700_30T_cycle_#40.mat,other,40,45234,0.0,24.98,30.32,25.66,
BOOST_NEGPULSE,08-BOOST CHARGING WITH NEGATIVE PULSES protocol_Cycles 1 to 1000.zip,05-11-21_14.55_NEG_Pulseprotocol__Fifteen_Drive_Cycles_set_IN21700_30T_cycle_#42_to_56.mat,drive,42,106237,0.0,24.59,26.32,26.34,
BOOST_NEGPULSE,08-BOOST CHARGING WITH NEGATIVE PULSES protocol_Cycles 1 to 1000.zip,05-13-21_15.29_NEGPulse_protocol_halfC_0.5C_dchg_(b)_IN21700_30T_cycle_#56.mat,halfC,56,7036,0.0,24.69,25.48,25.79,
BOOST_NEGPULSE,08-BOOST CHARGING WITH NEGATIVE PULSES protocol_Cycles 1 to 1000.zip,05-13-21_15.29_NEGPulse_protocol_halfC_CAP_(b)_forexcel_cycle_#56.mat,CAP,56,0,1.0,,,,read:KeyError
BOOST_NEGPULSE,08-BOOST CHARGING WITH NEGATIVE PULSES protocol_Cycles 1 to 1000.zip,05-13-21_17.27_NEGPulse_protocol_tenpercent_chg_b_IN21700_30T_cycle_#57.mat,other,57,1057,0.0,24.97,25.74,25.74,
BOOST_NEGPULSE,08-BOOST CHARGING WITH NEGATIVE PULSES protocol_Cycles 1 to 1000.zip,05-13-21_18.25_NEG_Pulseprotocol__Fifteen_Drive_Cycles_set_IN21700_30T_cycle_#57_to_71.mat,drive,57,105476,0.0,24.83,26.28,26.25,
BOOST_NEGPULSE,08-BOOST CHARGING WITH NEGATIVE PULSES protocol_Cycles 1 to 1000.zip,Cover20 is not performed this week_#2.mat,other,-1,0,1.0,,,,read:KeyError
BOOST_NEGPULSE,08-BOOST CHARGING WITH NEGATIVE PULSES protocol_Cycles 1 to 1000.zip,05-15-21_10.43_NEGPulse_protocol_whole_Schedule_IN21700_30T_cycle_#72_week#3.mat,schedule,72,337727,0.0,24.46,26.43,26.21,
BOOST_NEGPULSE,08-BOOST CHARGING WITH NEGATIVE PULSES protocol_Cycles 1 to 1000.zip,05-15-21_18.01_NEGPulse_protocol_OCV_0.05C_IN21700_30T_cycle_#72.mat,OCV,72,1583,0.0,24.59,25.49,25.67,
BOOST_NEGPULSE,08-BOOST CHARGING WITH NEGATIVE PULSES protocol_Cycles 1 to 1000.zip,05-16-21_21.34_NEGPulse_protocol_halfC_0.5C_dchg_(a)_IN21700_30T_cycle_#73.mat,halfC,73,7050,0.0,24.75,25.48,25.8,
BOOST_NEGPULSE,08-BOOST CHARGING WITH NEGATIVE PULSES protocol_Cycles 1 to 1000.zip,05-16-21_21.34_NEGPulse_protocol_halfC_CAP_(a)_forexcel_cycle_#73.mat,CAP,73,0,1.0,,,,read:KeyError
BOOST_NEGPULSE,08-BOOST CHARGING WITH NEGATIVE PULSES protocol_Cycles 1 to 1000.zip,05-16-21_23.46_NEG_Pulseprotocol_ONE_C_charge_IN21700_30T_cycle_#73.mat,other,73,336,0.0,25.01,26.58,25.56,
BOOST_NEGPULSE,08-BOOST CHARGING WITH NEGATIVE PULSES protocol_Cycles 1 to 1000.zip,05-17-21_01.01_NEGPulse_protocol_OneC_1C_dchg_IN21700_30T_cycle_#74.mat,other,74,3486,0.0,25.35,26.39,26.79,
BOOST_NEGPULSE,08-BOOST CHARGING WITH NEGATIVE PULSES protocol_Cycles 1 to 1000.zip,05-17-21_03.33_NEGPulse_protocol_TwoC_2C_dchg_IN21700_30T_cycle_#75.mat,other,75,1725,0.0,25.12,27.15,27.68,
BOOST_NEGPULSE,08-BOOST CHARGING WITH NEGATIVE PULSES protocol_Cycles 1 to 1000.zip,05-17-21_05.37_NEGPulse_protocol_HPPC_IN21700_30T_cycle_#76.mat,HPPC,76,35074,0.0,24.57,25.89,25.82,
BOOST_NEGPULSE,08-BOOST CHARGING WITH NEGATIVE PULSES protocol_Cycles 1 to 1000.zip,05-18-21_11.45_NEGPulse_protocol_tenpercent_chg_a_IN21700_30T_cycle_#77.mat,other,77,1062,0.0,25.32,26.0,26.0,
BOOST_NEGPULSE,08-BOOST CHARGING WITH NEGATIVE PULSES protocol_Cycles 1 to 1000.zip,05-18-21_12.13_NEGPulse_protocol_FastCharge_IN21700_30T_cycle_#76.mat,other,76,45070,0.0,25.58,31.09,26.42,
BOOST_NEGPULSE,08-BOOST CHARGING WITH NEGATIVE PULSES protocol_Cycles 1 to 1000.zip,05-18-21_12.45_NEG_Pulseprotocol__Fifteen_Drive_Cycles_set_IN21700_30T_cycle_#78_to_92.mat,drive,78,105810,0.0,24.61,26.26,26.27,
BOOST_NEGPULSE,08-BOOST CHARGING WITH NEGATIVE PULSES protocol_Cycles 1 to 1000.zip,05-19-21_19.21_NEGPulse_protocol_halfC_0.5C_dchg_(b)_IN21700_30T_cycle_#92.mat,halfC,92,7014,0.0,24.96,25.95,25.73,
BOOST_NEGPULSE,08-BOOST CHARGING WITH NEGATIVE PULSES protocol_Cycles 1 to 1000.zip,05-19-21_19.21_NEGPulse_protocol_halfC_CAP_(b)_forexcel_cycle_#92.mat,CAP,92,0,1.0,,,,read:KeyError
BOOST_NEGPULSE,08-BOOST CHARGING WITH NEGATIVE PULSES protocol_Cycles 1 to 1000.zip,05-19-21_21.18_NEGPulse_protocol_tenpercent_chg_b_IN21700_30T_cycle_#93.mat,other,93,1053,0.0,24.82,25.52,25.52,
BOOST_NEGPULSE,08-BOOST CHARGING WITH NEGATIVE PULSES protocol_Cycles 1 to 1000.zip,05-19-21_22.15_NEG_Pulseprotocol__Fifteen_Drive_Cycles_set_IN21700_30T_cycle_#93_to_107.mat,drive,93,105792,0.0,24.77,26.34,26.42,
BOOST_NEGPULSE,08-BOOST CHARGING WITH NEGATIVE PULSES protocol_Cycles 1 to 1000.zip,05-22-21_11.52_NEGPulse_protocol_whole_Schedule_IN21700_30T_cycle_#108_week#4.mat,schedule,108,352020,0.0,24.43,26.27,26.08,
BOOST_NEGPULSE,08-BOOST CHARGING WITH NEGATIVE PULSES protocol_Cycles 1 to 1000.zip,05-22-21_18.20_NEGPulse_protocol_halfC_0.5C_dchg_(a1)_IN21700_30T_cycle_#108.mat,halfC,108,6990,0.0,24.84,25.62,25.98,
BOOST_NEGPULSE,08-BOOST CHARGING WITH NEGATIVE PULSES protocol_Cycles 1 to 1000.zip,05-22-21_18.20_NEGPulse_protocol_halfC_CAP_(a1)_forexcel_cycle_#108.mat,CAP,108,0,1.0,,,,read:KeyError
BOOST_NEGPULSE,08-BOOST CHARGING WITH NEGATIVE PULSES protocol_Cycles 1 to 1000.zip,05-22-21_20.31_NEGPulse_protocol_halfC_CAP_(a1)_forexcel_cycle_#108.mat,CAP,108,0,1.0,,,,read:KeyError
BOOST_NEGPULSE,08-BOOST CHARGING WITH NEGATIVE PULSES protocol_Cycles 1 to 1000.zip,05-22-21_21.46_NEGPulse_protocol_halfC_0.5C_dchg_(a2)_IN21700_30T_cycle_#109.mat,halfC,109,6963,0.0,25.48,26.23,26.28,
BOOST_NEGPULSE,08-BOOST CHARGING WITH NEGATIVE PULSES protocol_Cycles 1 to 1000.zip,05-22-21_21.46_NEGPulse_protocol_halfC_CAP_(a2)_forexcel_cycle_#109.mat,CAP,109,0,1.0,,,,read:KeyError
BOOST_NEGPULSE,08-BOOST CHARGING WITH NEGATIVE PULSES protocol_Cycles 1 to 1000.zip,05-22-21_23.57_NEG_Pulseprotocol_ONE_C_charge_IN21700_30T_cycle_#109.mat,other,109,332,0.0,24.82,26.27,25.52,
BOOST_NEGPULSE,08-BOOST CHARGING WITH NEGATIVE PULSES protocol_Cycles 1 to 1000.zip,05-23-21_01.13_NEGPulse_protocol_OneC_1C_dchg_IN21700_30T_cycle_#110.mat,other,110,3447,0.0,24.91,25.87,26.19,
BOOST_NEGPULSE,08-BOOST CHARGING WITH NEGATIVE PULSES protocol_Cycles 1 to 1000.zip,05-23-21_03.42_NEGPulse_protocol_TwoC_2C_dchg_IN21700_30T_cycle_#111.mat,other,111,1710,0.0,24.89,27.28,27.85,
BOOST_NEGPULSE,08-BOOST CHARGING WITH NEGATIVE PULSES protocol_Cycles 1 to 1000.zip,05-23-21_05.46_NEGPulse_protocol_HPPC_IN21700_30T_cycle_#112.mat,HPPC,112,35113,0.0,24.66,25.97,26.02,
BOOST_NEGPULSE,08-BOOST CHARGING WITH NEGATIVE PULSES protocol_Cycles 1 to 1000.zip,05-24-21_11.55_NEGPulse_protocol_tenpercent_chg_a_IN21700_30T_cycle_#112.mat,other,112,1047,0.0,24.74,25.41,25.41,
BOOST_NEGPULSE,08-BOOST CHARGING WITH NEGATIVE PULSES protocol_Cycles 1 to 1000.zip,05-24-21_12.23_NEGPulse_protocol_FastCharge_IN21700_30T_cycle_#112.mat,other,112,44469,0.0,25.0,30.47,26.03,
BOOST_NEGPULSE,08-BOOST CHARGING WITH NEGATIVE PULSES protocol_Cycles 1 to 1000.zip,05-24-21_12.52_NEG_Pulseprotocol__Fifteen_Drive_Cycles_set_IN21700_30T_cycle_#113_to_127.mat,drive,113,104888,0.0,24.68,26.21,26.2,
BOOST_NEGPULSE,08-BOOST CHARGING WITH NEGATIVE PULSES protocol_Cycles 1 to 1000.zip,05-25-21_19.11_NEGPulse_protocol_halfC_0.5C_dchg_(b1)_IN21700_30T_cycle_#128.mat,halfC,128,6961,0.0,24.43,25.29,25.56,
BOOST_NEGPULSE,08-BOOST CHARGING WITH NEGATIVE PULSES protocol_Cycles 1 to 1000.zip,05-25-21_19.11_NEGPulse_protocol_halfC_CAP_(b1)_forexcel_cycle_#128.mat,CAP,128,0,1.0,,,,read:KeyError
BOOST_NEGPULSE,08-BOOST CHARGING WITH NEGATIVE PULSES protocol_Cycles 1 to 1000.zip,05-25-21_22.23_NEGPulse_protocol_halfC_0.5C_dchg_(b2)_IN21700_30T_cycle_#129.mat,halfC,129,6965,0.0,24.57,25.39,25.73,
BOOST_NEGPULSE,08-BOOST CHARGING WITH NEGATIVE PULSES protocol_Cycles 1 to 1000.zip,05-25-21_22.23_NEGPulse_protocol_halfC_CAP_(b2)_forexcel_cycle_#129.mat,CAP,129,0,1.0,,,,read:KeyError
BOOST_NEGPULSE,08-BOOST CHARGING WITH NEGATIVE PULSES protocol_Cycles 1 to 1000.zip,05-26-21_00.19_NEGPulse_protocol_tenpercent_chg_b_IN21700_30T_cycle_#129.mat,other,129,1046,0.0,24.95,25.68,25.68,
BOOST_NEGPULSE,08-BOOST CHARGING WITH NEGATIVE PULSES protocol_Cycles 1 to 1000.zip,05-26-21_01.17_NEG_Pulseprotocol__Fifteen_Drive_Cycles_set_IN21700_30T_cycle_#130_to_144.mat,drive,130,104816,0.0,24.59,26.16,26.18,
BOOST_NEGPULSE,08-BOOST CHARGING WITH NEGATIVE PULSES protocol_Cycles 1 to 1000.zip,Cover20 is not performed this week_#4.mat,other,-1,0,1.0,,,,read:KeyError
BOOST_NEGPULSE,08-BOOST CHARGING WITH NEGATIVE PULSES protocol_Cycles 1 to 1000.zip,05-27-21_15.35_NEGPulse_protocol_whole_Schedule_IN21700_30T_cycle_#145_week#5.mat,schedule,145,357046,0.0,24.17,26.3,26.14,
BOOST_NEGPULSE,08-BOOST CHARGING WITH NEGATIVE PULSES protocol_Cycles 1 to 1000.zip,05-27-21_22.54_NEGPulse_protocol_OCV_0.05C_IN21700_30T_cycle_#145.mat,OCV,145,2424,0.0,24.5,25.43,25.51,
BOOST_NEGPULSE,08-BOOST CHARGING WITH NEGATIVE PULSES protocol_Cycles 1 to 1000.zip,05-29-21_16.25_NEGPulse_protocol_halfC_0.5C_dchg_(a1)_IN21700_30T_cycle_#146.mat,halfC,146,6966,0.0,24.54,25.31,25.61,
BOOST_NEGPULSE,08-BOOST CHARGING WITH NEGATIVE PULSES protocol_Cycles 1 to 1000.zip,05-29-21_16.25_NEGPulse_protocol_halfC_CAP_(a1)_forexcel_cycle_#146.mat,CAP,146,0,1.0,,,,read:KeyError
BOOST_NEGPULSE,08-BOOST CHARGING WITH NEGATIVE PULSES protocol_Cycles 1 to 1000.zip,05-31-21_13.56_NEGPulse_protocol_halfC_0.5C_dchg_(a2)_IN21700_30T_cycle_#147.mat,halfC,147,6931,0.0,24.74,25.57,25.94,
BOOST_NEGPULSE,08-BOOST CHARGING WITH NEGATIVE PULSES protocol_Cycles 1 to 1000.zip,05-31-21_13.56_NEGPulse_protocol_halfC_CAP_(a2)_forexcel_cycle_#147.mat,CAP,147,0,1.0,,,,read:KeyError
BOOST_NEGPULSE,08-BOOST CHARGING WITH NEGATIVE PULSES protocol_Cycles 1 to 1000.zip,05-31-21_16.06_NEG_Pulseprotocol_ONE_C_charge_IN21700_30T_cycle_#147.mat,other,147,330,0.0,25.22,26.89,25.87,
BOOST_NEGPULSE,08-BOOST CHARGING WITH NEGATIVE PULSES protocol_Cycles 1 to 1000.zip,05-31-21_17.22_NEGPulse_protocol_OneC_1C_dchg_IN21700_30T_cycle_#148.mat,other,148,3433,0.0,25.09,25.96,26.1,
BOOST_NEGPULSE,08-BOOST CHARGING WITH NEGATIVE PULSES protocol_Cycles 1 to 1000.zip,05-31-21_19.51_NEGPulse_protocol_TwoC_2C_dchg_IN21700_30T_cycle_#149.mat,other,149,1702,0.0,24.81,27.17,27.66,
BOOST_NEGPULSE,08-BOOST CHARGING WITH NEGATIVE PULSES protocol_Cycles 1 to 1000.zip,05-31-21_21.55_NEGPulse_protocol_HPPC_IN21700_30T_cycle_#150.mat,HPPC,150,35135,0.0,24.5,25.83,25.75,
BOOST_NEGPULSE,08-BOOST CHARGING WITH NEGATIVE PULSES protocol_Cycles 1 to 1000.zip,06-02-21_04.04_NEGPulse_protocol_tenpercent_chg_a_IN21700_30T_cycle_#150.mat,other,150,1042,0.0,24.53,25.22,25.22,
BOOST_NEGPULSE,08-BOOST CHARGING WITH NEGATIVE PULSES protocol_Cycles 1 to 1000.zip,06-02-21_04.31_NEGPulse_protocol_FastCharge_IN21700_30T_cycle_#150.mat,other,150,44364,0.0,24.69,30.32,25.73,
BOOST_NEGPULSE,08-BOOST CHARGING WITH NEGATIVE PULSES protocol_Cycles 1 to 1000.zip,06-02-21_05.01_NEG_Pulseprotocol__Fifteen_Drive_Cycles_set_IN21700_30T_cycle_#151_to_165.mat,drive,151,105097,0.0,24.71,26.31,26.33,
BOOST_NEGPULSE,08-BOOST CHARGING WITH NEGATIVE PULSES protocol_Cycles 1 to 1000.zip,06-03-21_11.24_NEGPulse_protocol_halfC_0.5C_dchg_(b1)_IN21700_30T_cycle_#166.mat,halfC,166,6914,0.0,24.71,25.44,25.73,
BOOST_NEGPULSE,08-BOOST CHARGING WITH NEGATIVE PULSES protocol_Cycles 1 to 1000.zip,06-03-21_11.24_NEGPulse_protocol_halfC_CAP_(b1)_forexcel_cycle_#166.mat,CAP,166,0,1.0,,,,read:KeyError
BOOST_NEGPULSE,08-BOOST CHARGING WITH NEGATIVE PULSES protocol_Cycles 1 to 1000.zip,06-03-21_14.36_NEGPulse_protocol_halfC_0.5C_dchg_(b2)_IN21700_30T_cycle_#167.mat,halfC,167,6919,0.0,25.14,26.02,26.39,
BOOST_NEGPULSE,08-BOOST CHARGING WITH NEGATIVE PULSES protocol_Cycles 1 to 1000.zip,06-03-21_14.36_NEGPulse_protocol_halfC_CAP_(b2)_forexcel_cycle_#167.mat,CAP,167,0,1.0,,,,read:KeyError
BOOST_NEGPULSE,08-BOOST CHARGING WITH NEGATIVE PULSES protocol_Cycles 1 to 1000.zip,06-03-21_16.31_NEGPulse_protocol_tenpercent_chg_b_IN21700_30T_cycle_#167.mat,other,167,1039,0.0,24.61,25.46,25.46,
BOOST_NEGPULSE,08-BOOST CHARGING WITH NEGATIVE PULSES protocol_Cycles 1 to 1000.zip,06-03-21_17.28_NEG_Pulseprotocol__Fifteen_Drive_Cycles_set_IN21700_30T_cycle_#168_to_182.mat,drive,168,104916,0.0,24.5,26.26,26.33,
BOOST_NEGPULSE,08-BOOST CHARGING WITH NEGATIVE PULSES protocol_Cycles 1 to 1000.zip,06-06-21_10.37_NEGPulse_protocol_whole_Schedule_IN21700_30T_cycle_#183_week#6.mat,schedule,183,346812,0.0,23.97,26.36,26.18,
BOOST_NEGPULSE,08-BOOST CHARGING WITH NEGATIVE PULSES protocol_Cycles 1 to 1000.zip,06-06-21_17.05_NEGPulse_protocol_halfC_0.5C_dchg_(a1)_IN21700_30T_cycle_#183.mat,halfC,183,6882,0.0,25.16,25.98,25.78,
BOOST_NEGPULSE,08-BOOST CHARGING WITH NEGATIVE PULSES protocol_Cycles 1 to 1000.zip,06-06-21_17.05_NEGPulse_protocol_halfC_CAP_(a1)_forexcel_cycle_#183.mat,CAP,183,0,1.0,,,,read:KeyError
BOOST_NEGPULSE,08-BOOST CHARGING WITH NEGATIVE PULSES protocol_Cycles 1 to 1000.zip,06-06-21_20.31_NEGPulse_protocol_halfC_0.5C_dchg_(a2)_IN21700_30T_cycle_#184.mat,halfC,184,6856,0.0,24.61,25.37,25.66,
BOOST_NEGPULSE,08-BOOST CHARGING WITH NEGATIVE PULSES protocol_Cycles 1 to 1000.zip,06-06-21_20.31_NEGPulse_protocol_halfC_CAP_(a2)_forexcel_cycle_#184.mat,CAP,184,0,1.0,,,,read:KeyError
BOOST_NEGPULSE,08-BOOST CHARGING WITH NEGATIVE PULSES protocol_Cycles 1 to 1000.zip,06-06-21_22.40_NEG_Pulseprotocol_ONE_C_charge_IN21700_30T_cycle_#184.mat,other,184,324,0.0,24.77,26.41,25.46,
BOOST_NEGPULSE,08-BOOST CHARGING WITH NEGATIVE PULSES protocol_Cycles 1 to 1000.zip,06-06-21_23.56_NEGPulse_protocol_OneC_1C_dchg_IN21700_30T_cycle_#185.mat,other,185,3398,0.0,25.17,26.18,26.61,
BOOST_NEGPULSE,08-BOOST CHARGING WITH NEGATIVE PULSES protocol_Cycles 1 to 1000.zip,06-07-21_02.26_NEGPulse_protocol_TwoC_2C_dchg_IN21700_30T_cycle_#186.mat,other,186,1684,0.0,25.19,27.37,27.86,
BOOST_NEGPULSE,08-BOOST CHARGING WITH NEGATIVE PULSES protocol_Cycles 1 to 1000.zip,06-07-21_04.30_NEGPulse_protocol_HPPC_IN21700_30T_cycle_#187.mat,HPPC,187,35118,0.0,23.97,25.86,25.83,
BOOST_NEGPULSE,08-BOOST CHARGING WITH NEGATIVE PULSES protocol_Cycles 1 to 1000.zip,06-08-21_10.40_NEGPulse_protocol_tenpercent_chg_a_IN21700_30T_cycle_#187.mat,other,187,1031,0.0,25.08,25.76,25.76,
BOOST_NEGPULSE,08-BOOST CHARGING WITH NEGATIVE PULSES protocol_Cycles 1 to 1000.zip,06-08-21_11.08_NEGPulse_protocol_FastCharge_IN21700_30T_cycle_#187.mat,other,187,43848,0.0,25.28,30.99,26.13,
BOOST_NEGPULSE,08-BOOST CHARGING WITH NEGATIVE PULSES protocol_Cycles 1 to 1000.zip,06-08-21_11.38_NEG_Pulseprotocol__Fifteen_Drive_Cycles_set_IN21700_30T_cycle_#188_to_202.mat,drive,188,101155,0.0,23.99,26.27,26.26,
BOOST_NEGPULSE,08-BOOST CHARGING WITH NEGATIVE PULSES protocol_Cycles 1 to 1000.zip,06-09-21_16.58_NEGPulse_protocol_halfC_0.5C_dchg_(b1)_IN21700_30T_cycle_#203.mat,halfC,203,6867,0.0,25.08,26.01,26.54,
BOOST_NEGPULSE,08-BOOST CHARGING WITH NEGATIVE PULSES protocol_Cycles 1 to 1000.zip,06-09-21_16.58_NEGPulse_protocol_halfC_CAP_(b1)_forexcel_cycle_#203.mat,CAP,203,0,1.0,,,,read:KeyError
BOOST_NEGPULSE,08-BOOST CHARGING WITH NEGATIVE PULSES protocol_Cycles 1 to 1000.zip,06-09-21_20.11_NEGPulse_protocol_halfC_0.5C_dchg_(b2)_IN21700_30T_cycle_#204.mat,halfC,204,6859,0.0,24.56,25.34,25.61,
BOOST_NEGPULSE,08-BOOST CHARGING WITH NEGATIVE PULSES protocol_Cycles 1 to 1000.zip,06-09-21_20.11_NEGPulse_protocol_halfC_CAP_(b2)_forexcel_cycle_#204.mat,CAP,204,0,1.0,,,,read:KeyError
BOOST_NEGPULSE,08-BOOST CHARGING WITH NEGATIVE PULSES protocol_Cycles 1 to 1000.zip,06-09-21_22.05_NEGPulse_protocol_tenpercent_chg_b_IN21700_30T_cycle_#204.mat,other,204,1030,0.0,24.78,25.55,25.55,
BOOST_NEGPULSE,08-BOOST CHARGING WITH NEGATIVE PULSES protocol_Cycles 1 to 1000.zip,06-09-21_23.02_NEG_Pulseprotocol__Fifteen_Drive_Cycles_set_IN21700_30T_cycle_#205_to_219.mat,drive,205,104398,0.0,24.78,26.32,26.4,
BOOST_NEGPULSE,08-BOOST CHARGING WITH NEGATIVE PULSES protocol_Cycles 1 to 1000.zip,Cover20 is not performed this week_#6.mat,other,-1,0,1.0,,,,read:KeyError
BOOST_NEGPULSE,08-BOOST CHARGING WITH NEGATIVE PULSES protocol_Cycles 1 to 1000.zip,06-11-21_16.32_NEGPulse_protocol_whole_Schedule_IN21700_30T_cycle_#220_week#7.mat,schedule,220,358100,0.0,22.33,26.32,26.04,
BOOST_NEGPULSE,08-BOOST CHARGING WITH NEGATIVE PULSES protocol_Cycles 1 to 1000.zip,06-11-21_23.52_NEGPulse_protocol_OCV_0.05C_IN21700_30T_cycle_#220.mat,OCV,220,2410,0.0,24.52,25.45,25.53,
BOOST_NEGPULSE,08-BOOST CHARGING WITH NEGATIVE PULSES protocol_Cycles 1 to 1000.zip,06-15-21_09.14_NEGPulse_protocol_halfC_0.5C_dchg_(a1)_IN21700_30T_cycle_#221.mat,halfC,221,6881,0.0,24.8,25.55,25.92,
BOOST_NEGPULSE,08-BOOST CHARGING WITH NEGATIVE PULSES protocol_Cycles 1 to 1000.zip,06-15-21_09.14_NEGPulse_protocol_halfC_CAP_(a1)_forexcel_cycle_#221.mat,CAP,221,0,1.0,,,,read:KeyError
BOOST_NEGPULSE,08-BOOST CHARGING WITH NEGATIVE PULSES protocol_Cycles 1 to 1000.zip,06-15-21_12.39_NEGPulse_protocol_halfC_0.5C_dchg_(a2)_IN21700_30T_cycle_#222.mat,halfC,222,6805,0.0,25.19,25.97,26.29,
BOOST_NEGPULSE,08-BOOST CHARGING WITH NEGATIVE PULSES protocol_Cycles 1 to 1000.zip,06-15-21_12.39_NEGPulse_protocol_halfC_CAP_(a2)_forexcel_cycle_#222.mat,CAP,222,0,1.0,,,,read:KeyError
BOOST_NEGPULSE,08-BOOST CHARGING WITH NEGATIVE PULSES protocol_Cycles 1 to 1000.zip,06-15-21_14.48_NEG_Pulseprotocol_ONE_C_charge_IN21700_30T_cycle_#222.mat,other,222,321,0.0,25.42,26.98,26.07,
BOOST_NEGPULSE,08-BOOST CHARGING WITH NEGATIVE PULSES protocol_Cycles 1 to 1000.zip,06-15-21_16.04_NEGPulse_protocol_OneC_1C_dchg_IN21700_30T_cycle_#223.mat,other,223,3364,0.0,24.89,25.72,25.98,
BOOST_NEGPULSE,08-BOOST CHARGING WITH NEGATIVE PULSES protocol_Cycles 1 to 1000.zip,06-15-21_18.32_NEGPulse_protocol_TwoC_2C_dchg_IN21700_30T_cycle_#224.mat,other,224,1667,0.0,24.68,27.12,27.62,
BOOST_NEGPULSE,08-BOOST CHARGING WITH NEGATIVE PULSES protocol_Cycles 1 to 1000.zip,06-15-21_20.36_NEGPulse_protocol_HPPC_IN21700_30T_cycle_#225.mat,HPPC,225,35119,0.0,24.45,25.69,25.59,
BOOST_NEGPULSE,08-BOOST CHARGING WITH NEGATIVE PULSES protocol_Cycles 1 to 1000.zip,06-17-21_02.47_NEGPulse_protocol_tenpercent_chg_a_IN21700_30T_cycle_#225.mat,other,225,1023,0.0,24.89,25.56,25.56,
BOOST_NEGPULSE,08-BOOST CHARGING WITH NEGATIVE PULSES protocol_Cycles 1 to 1000.zip,06-17-21_03.14_NEGPulse_protocol_FastCharge_IN21700_30T_cycle_#225.mat,other,225,43492,0.0,25.04,30.83,25.85,
BOOST_NEGPULSE,08-BOOST CHARGING WITH NEGATIVE PULSES protocol_Cycles 1 to 1000.zip,06-17-21_03.44_NEG_Pulseprotocol__Fifteen_Drive_Cycles_set_IN21700_30T_cycle_#226_to_240.mat,drive,226,103738,0.0,24.7,26.15,26.04,
BOOST_NEGPULSE,08-BOOST CHARGING WITH NEGATIVE PULSES protocol_Cycles 1 to 1000.zip,06-18-21_09.45_NEGPulse_protocol_halfC_0.5C_dchg_(b1)_IN21700_30T_cycle_#241.mat,halfC,241,7399,0.0,24.53,25.28,25.53,
BOOST_NEGPULSE,08-BOOST CHARGING WITH NEGATIVE PULSES protocol_Cycles 1 to 1000.zip,06-18-21_09.45_NEGPulse_protocol_halfC_CAP_(b1)_forexcel_cycle_#241.mat,CAP,241,0,1.0,,,,read:KeyError
BOOST_NEGPULSE,08-BOOST CHARGING WITH NEGATIVE PULSES protocol_Cycles 1 to 1000.zip,06-18-21_13.05_NEGPulse_protocol_halfC_0.5C_dchg_(b2)_IN21700_30T_cycle_#242.mat,halfC,242,7407,0.0,24.27,25.46,25.98,
BOOST_NEGPULSE,08-BOOST CHARGING WITH NEGATIVE PULSES protocol_Cycles 1 to 1000.zip,06-18-21_13.05_NEGPulse_protocol_halfC_CAP_(b2)_forexcel_cycle_#242.mat,CAP,242,0,1.0,,,,read:KeyError
BOOST_NEGPULSE,08-BOOST CHARGING WITH NEGATIVE PULSES protocol_Cycles 1 to 1000.zip,06-18-21_15.09_NEGPulse_protocol_tenpercent_chg_b_IN21700_30T_cycle_#242.mat,other,242,1022,0.0,25.14,25.94,25.94,
BOOST_NEGPULSE,08-BOOST CHARGING WITH NEGATIVE PULSES protocol_Cycles 1 to 1000.zip,06-18-21_16.05_NEG_Pulseprotocol__Fifteen_Drive_Cycles_set_IN21700_30T_cycle_#243_to_257.mat,drive,243,108885,0.0,23.69,26.62,26.57,
BOOST_NEGPULSE,08-BOOST CHARGING WITH NEGATIVE PULSES protocol_Cycles 1 to 1000.zip,06-21-21_13.37_NEGPulse_protocol_whole_Schedule_IN21700_30T_cycle_#258_week#8.mat,schedule,258,349524,0.0,24.5,26.43,26.25,
BOOST_NEGPULSE,08-BOOST CHARGING WITH NEGATIVE PULSES protocol_Cycles 1 to 1000.zip,06-21-21_14.08_NEGPulse_protocol_halfC_0.5C_dchg_(a1)_IN21700_30T_cycle_#258.mat,halfC,258,6794,0.0,24.65,25.47,25.76,
BOOST_NEGPULSE,08-BOOST CHARGING WITH NEGATIVE PULSES protocol_Cycles 1 to 1000.zip,06-21-21_14.08_NEGPulse_protocol_halfC_CAP_(a1)_forexcel_cycle_#258.mat,CAP,258,0,1.0,,,,read:KeyError
BOOST_NEGPULSE,08-BOOST CHARGING WITH NEGATIVE PULSES protocol_Cycles 1 to 1000.zip,06-21-21_17.32_NEGPulse_protocol_halfC_0.5C_dchg_(a2)_IN21700_30T_cycle_#259.mat,halfC,259,6745,0.0,24.73,25.54,25.83,
BOOST_NEGPULSE,08-BOOST CHARGING WITH NEGATIVE PULSES protocol_Cycles 1 to 1000.zip,06-21-21_17.32_NEGPulse_protocol_halfC_CAP_(a2)_forexcel_cycle_#259.mat,CAP,259,0,1.0,,,,read:KeyError
BOOST_NEGPULSE,08-BOOST CHARGING WITH NEGATIVE PULSES protocol_Cycles 1 to 1000.zip,06-21-21_19.40_NEG_Pulseprotocol_ONE_C_charge_IN21700_30T_cycle_#259.mat,other,259,317,0.0,24.86,26.6,25.53,
BOOST_NEGPULSE,08-BOOST CHARGING WITH NEGATIVE PULSES protocol_Cycles 1 to 1000.zip,06-21-21_20.56_NEGPulse_protocol_OneC_1C_dchg_IN21700_30T_cycle_#260.mat,other,260,3342,0.0,25.12,26.33,26.72,
BOOST_NEGPULSE,08-BOOST CHARGING WITH NEGATIVE PULSES protocol_Cycles 1 to 1000.zip,06-21-21_23.27_NEGPulse_protocol_TwoC_2C_dchg_IN21700_30T_cycle_#261.mat,other,261,1658,0.0,25.69,28.25,28.84,
BOOST_NEGPULSE,08-BOOST CHARGING WITH NEGATIVE PULSES protocol_Cycles 1 to 1000.zip,06-22-21_01.34_NEGPulse_protocol_HPPC_IN21700_30T_cycle_#262.mat,HPPC,262,35130,0.0,24.5,25.95,26.1,
BOOST_NEGPULSE,08-BOOST CHARGING WITH NEGATIVE PULSES protocol_Cycles 1 to 1000.zip,06-24-21_14.22_NEGPulse_protocol_tenpercent_chg_a_IN21700_30T_cycle_#262.mat,other,262,1015,0.0,24.6,25.44,25.44,
BOOST_NEGPULSE,08-BOOST CHARGING WITH NEGATIVE PULSES protocol_Cycles 1 to 1000.zip,06-24-21_14.49_NEGPulse_protocol_FastCharge_IN21700_30T_cycle_#262.mat,other,262,43129,0.0,24.82,30.68,25.68,
BOOST_NEGPULSE,08-BOOST CHARGING WITH NEGATIVE PULSES protocol_Cycles 1 to 1000.zip,06-24-21_15.18_NEG_Pulseprotocol__Fifteen_Drive_Cycles_set_IN21700_30T_cycle_#263_to_277.mat,drive,263,104187,0.0,24.59,26.44,26.45,
BOOST_NEGPULSE,08-BOOST CHARGING WITH NEGATIVE PULSES protocol_Cycles 1 to 1000.zip,06-25-21_21.39_NEGPulse_protocol_halfC_0.5C_dchg_(b1)_IN21700_30T_cycle_#278.mat,halfC,278,6755,0.0,24.63,25.47,25.75,
BOOST_NEGPULSE,08-BOOST CHARGING WITH NEGATIVE PULSES protocol_Cycles 1 to 1000.zip,06-25-21_21.39_NEGPulse_protocol_halfC_CAP_(b1)_forexcel_cycle_#278.mat,CAP,278,0,1.0,,,,read:KeyError
BOOST_NEGPULSE,08-BOOST CHARGING WITH NEGATIVE PULSES protocol_Cycles 1 to 1000.zip,06-26-21_00.59_NEGPulse_protocol_halfC_0.5C_dchg_(b2)_IN21700_30T_cycle_#279.mat,halfC,279,6759,0.0,24.61,25.54,25.84,
BOOST_NEGPULSE,08-BOOST CHARGING WITH NEGATIVE PULSES protocol_Cycles 1 to 1000.zip,06-26-21_00.59_NEGPulse_protocol_halfC_CAP_(b2)_forexcel_cycle_#279.mat,CAP,279,0,1.0,,,,read:KeyError
BOOST_NEGPULSE,08-BOOST CHARGING WITH NEGATIVE PULSES protocol_Cycles 1 to 1000.zip,06-26-21_02.51_NEGPulse_protocol_tenpercent_chg_b_IN21700_30T_cycle_#279.mat,other,279,1015,0.0,24.96,25.82,25.82,
BOOST_NEGPULSE,08-BOOST CHARGING WITH NEGATIVE PULSES protocol_Cycles 1 to 1000.zip,06-26-21_03.48_NEG_Pulseprotocol__Fifteen_Drive_Cycles_set_IN21700_30T_cycle_#280_to_294.mat,drive,280,104294,0.0,24.8,26.4,26.39,
BOOST_NEGPULSE,08-BOOST CHARGING WITH NEGATIVE PULSES protocol_Cycles 1 to 1000.zip,Cover20 is not performed this week_#8.mat,other,-1,0,1.0,,,,read:KeyError
BOOST_NEGPULSE,08-BOOST CHARGING WITH NEGATIVE PULSES protocol_Cycles 1 to 1000.zip,06-28-21_15.49_NEGPulse_protocol_whole_Schedule_IN21700_30T_cycle_#295_week#9.mat,schedule,295,352006,0.0,24.35,26.53,26.34,
BOOST_NEGPULSE,08-BOOST CHARGING WITH NEGATIVE PULSES protocol_Cycles 1 to 1000.zip,06-28-21_17.11_NEGPulse_protocol_OCV_0.05C_IN21700_30T_cycle_#295.mat,OCV,295,2388,0.0,24.47,25.59,25.48,
BOOST_NEGPULSE,08-BOOST CHARGING WITH NEGATIVE PULSES protocol_Cycles 1 to 1000.zip,06-30-21_10.11_NEGPulse_protocol_halfC_0.5C_dchg_(a1)_IN21700_30T_cycle_#296.mat,halfC,296,6796,0.0,24.76,25.87,25.82,
BOOST_NEGPULSE,08-BOOST CHARGING WITH NEGATIVE PULSES protocol_Cycles 1 to 1000.zip,06-30-21_10.11_NEGPulse_protocol_halfC_CAP_(a1)_forexcel_cycle_#296.mat,CAP,296,0,1.0,,,,read:KeyError
BOOST_NEGPULSE,08-BOOST CHARGING WITH NEGATIVE PULSES protocol_Cycles 1 to 1000.zip,06-30-21_13.37_NEGPulse_protocol_halfC_0.5C_dchg_(a2)_IN21700_30T_cycle_#297.mat,halfC,297,6733,0.0,24.65,25.5,25.79,
BOOST_NEGPULSE,08-BOOST CHARGING WITH NEGATIVE PULSES protocol_Cycles 1 to 1000.zip,06-30-21_13.37_NEGPulse_protocol_halfC_CAP_(a2)_forexcel_cycle_#297.mat,CAP,297,0,1.0,,,,read:KeyError
BOOST_NEGPULSE,08-BOOST CHARGING WITH NEGATIVE PULSES protocol_Cycles 1 to 1000.zip,06-30-21_15.44_NEG_Pulseprotocol_ONE_C_charge_IN21700_30T_cycle_#297.mat,other,297,314,0.0,24.8,26.41,25.63,
BOOST_NEGPULSE,08-BOOST CHARGING WITH NEGATIVE PULSES protocol_Cycles 1 to 1000.zip,06-30-21_17.01_NEGPulse_protocol_OneC_1C_dchg_IN21700_30T_cycle_#298.mat,other,298,3332,0.0,24.52,25.57,26.28,
BOOST_NEGPULSE,08-BOOST CHARGING WITH NEGATIVE PULSES protocol_Cycles 1 to 1000.zip,06-30-21_19.32_NEGPulse_protocol_TwoC_2C_dchg_IN21700_30T_cycle_#299.mat,other,299,1648,0.0,24.86,27.63,28.18,
BOOST_NEGPULSE,08-BOOST CHARGING WITH NEGATIVE PULSES protocol_Cycles 1 to 1000.zip,06-30-21_21.37_NEGPulse_protocol_HPPC_IN21700_30T_cycle_#300.mat,HPPC,300,35118,0.0,24.71,26.09,26.13,
BOOST_NEGPULSE,08-BOOST CHARGING WITH NEGATIVE PULSES protocol_Cycles 1 to 1000.zip,07-02-21_03.48_NEGPulse_protocol_tenpercent_chg_a_IN21700_30T_cycle_#300.mat,other,300,1012,0.0,24.72,25.48,25.48,
BOOST_NEGPULSE,08-BOOST CHARGING WITH NEGATIVE PULSES protocol_Cycles 1 to 1000.zip,07-02-21_04.15_NEGPulse_protocol_FastCharge_IN21700_30T_cycle_#300.mat,other,300,43024,0.0,24.86,30.87,25.72,
BOOST_NEGPULSE,08-BOOST CHARGING WITH NEGATIVE PULSES protocol_Cycles 1 to 1000.zip,07-02-21_04.44_NEG_Pulseprotocol__Fifteen_Drive_Cycles_set_IN21700_30T_cycle_#301_to_315.mat,drive,301,104583,0.0,24.63,26.52,26.57,
BOOST_NEGPULSE,08-BOOST CHARGING WITH NEGATIVE PULSES protocol_Cycles 1 to 1000.zip,07-03-21_11.12_NEGPulse_protocol_halfC_0.5C_dchg_(b1)_IN21700_30T_cycle_#316.mat,halfC,316,6710,0.0,25.03,25.9,26.4,
BOOST_NEGPULSE,08-BOOST CHARGING WITH NEGATIVE PULSES protocol_Cycles 1 to 1000.zip,07-03-21_11.12_NEGPulse_protocol_halfC_CAP_(b1)_forexcel_cycle_#316.mat,CAP,316,0,1.0,,,,read:KeyError
BOOST_NEGPULSE,08-BOOST CHARGING WITH NEGATIVE PULSES protocol_Cycles 1 to 1000.zip,07-03-21_14.32_NEGPulse_protocol_halfC_0.5C_dchg_(b2)_IN21700_30T_cycle_#317.mat,halfC,317,6707,0.0,24.68,25.56,25.86,
BOOST_NEGPULSE,08-BOOST CHARGING WITH NEGATIVE PULSES protocol_Cycles 1 to 1000.zip,07-03-21_14.32_NEGPulse_protocol_halfC_CAP_(b2)_forexcel_cycle_#317.mat,CAP,317,0,1.0,,,,read:KeyError
BOOST_NEGPULSE,08-BOOST CHARGING WITH NEGATIVE PULSES protocol_Cycles 1 to 1000.zip,07-03-21_16.24_NEGPulse_protocol_tenpercent_chg_b_IN21700_30T_cycle_#317.mat,other,317,1008,0.0,25.13,25.84,25.84,
BOOST_NEGPULSE,08-BOOST CHARGING WITH NEGATIVE PULSES protocol_Cycles 1 to 1000.zip,07-03-21_17.22_NEG_Pulseprotocol__Fifteen_Drive_Cycles_set_IN21700_30T_cycle_#318_to_332.mat,drive,318,104156,0.0,24.35,26.51,26.44,
BOOST_NEGPULSE,08-BOOST CHARGING WITH NEGATIVE PULSES protocol_Cycles 1 to 1000.zip,07-05-21_09.16_NEGPulse_protocol_whole_Schedule_IN21700_30T_cycle_#333_week#10.mat,schedule,333,347579,0.0,24.03,26.55,26.3,
BOOST_NEGPULSE,08-BOOST CHARGING WITH NEGATIVE PULSES protocol_Cycles 1 to 1000.zip,07-05-21_09.47_NEGPulse_protocol_halfC_0.5C_dchg_(a1)_IN21700_30T_cycle_#333.mat,halfC,333,6739,0.0,24.77,25.54,25.88,
BOOST_NEGPULSE,08-BOOST CHARGING WITH NEGATIVE PULSES protocol_Cycles 1 to 1000.zip,07-05-21_09.47_NEGPulse_protocol_halfC_CAP_(a1)_forexcel_cycle_#333.mat,CAP,333,0,1.0,,,,read:KeyError
BOOST_NEGPULSE,08-BOOST CHARGING WITH NEGATIVE PULSES protocol_Cycles 1 to 1000.zip,07-05-21_13.11_NEGPulse_protocol_halfC_0.5C_dchg_(a2)_IN21700_30T_cycle_#334.mat,halfC,334,6678,0.0,25.22,26.1,25.9,
BOOST_NEGPULSE,08-BOOST CHARGING WITH NEGATIVE PULSES protocol_Cycles 1 to 1000.zip,07-05-21_13.11_NEGPulse_protocol_halfC_CAP_(a2)_forexcel_cycle_#334.mat,CAP,334,0,1.0,,,,read:KeyError
BOOST_NEGPULSE,08-BOOST CHARGING WITH NEGATIVE PULSES protocol_Cycles 1 to 1000.zip,07-05-21_15.18_NEG_Pulseprotocol_ONE_C_charge_IN21700_30T_cycle_#334.mat,other,334,310,0.0,25.01,26.41,25.52,
BOOST_NEGPULSE,08-BOOST CHARGING WITH NEGATIVE PULSES protocol_Cycles 1 to 1000.zip,07-05-21_16.36_NEGPulse_protocol_OneC_1C_dchg_IN21700_30T_cycle_#335.mat,other,335,3303,0.0,24.96,26.08,26.5,
BOOST_NEGPULSE,08-BOOST CHARGING WITH NEGATIVE PULSES protocol_Cycles 1 to 1000.zip,07-05-21_19.06_NEGPulse_protocol_TwoC_2C_dchg_IN21700_30T_cycle_#336.mat,other,336,1638,0.0,26.04,28.27,28.64,
BOOST_NEGPULSE,08-BOOST CHARGING WITH NEGATIVE PULSES protocol_Cycles 1 to 1000.zip,07-05-21_21.12_NEGPulse_protocol_HPPC_IN21700_30T_cycle_#337.mat,HPPC,337,35164,0.0,24.59,26.11,26.03,
BOOST_NEGPULSE,08-BOOST CHARGING WITH NEGATIVE PULSES protocol_Cycles 1 to 1000.zip,07-07-21_03.23_NEGPulse_protocol_tenpercent_chg_a_IN21700_30T_cycle_#337.mat,other,337,1005,0.0,25.75,26.42,26.42,
BOOST_NEGPULSE,08-BOOST CHARGING WITH NEGATIVE PULSES protocol_Cycles 1 to 1000.zip,07-07-21_03.50_NEGPulse_protocol_FastCharge_IN21700_30T_cycle_#337.mat,other,337,42779,0.0,26.02,31.54,26.98,
BOOST_NEGPULSE,08-BOOST CHARGING WITH NEGATIVE PULSES protocol_Cycles 1 to 1000.zip,07-07-21_04.20_NEG_Pulseprotocol__Fifteen_Drive_Cycles_set_IN21700_30T_cycle_#338_to_352.mat,drive,338,103645,0.0,24.03,26.48,26.59,
BOOST_NEGPULSE,08-BOOST CHARGING WITH NEGATIVE PULSES protocol_Cycles 1 to 1000.zip,07-08-21_10.33_NEGPulse_protocol_halfC_0.5C_dchg_(b1)_IN21700_30T_cycle_#353.mat,halfC,353,6659,0.0,25.17,26.13,25.91,
BOOST_NEGPULSE,08-BOOST CHARGING WITH NEGATIVE PULSES protocol_Cycles 1 to 1000.zip,07-08-21_10.33_NEGPulse_protocol_halfC_CAP_(b1)_forexcel_cycle_#353.mat,CAP,353,0,1.0,,,,read:KeyError
BOOST_NEGPULSE,08-BOOST CHARGING WITH NEGATIVE PULSES protocol_Cycles 1 to 1000.zip,07-08-21_13.53_NEGPulse_protocol_halfC_0.5C_dchg_(b2)_IN21700_30T_cycle_#354.mat,halfC,354,6662,0.0,24.82,25.63,25.97,
BOOST_NEGPULSE,08-BOOST CHARGING WITH NEGATIVE PULSES protocol_Cycles 1 to 1000.zip,07-08-21_13.53_NEGPulse_protocol_halfC_CAP_(b2)_forexcel_cycle_#354.mat,CAP,354,0,1.0,,,,read:KeyError
BOOST_NEGPULSE,08-BOOST CHARGING WITH NEGATIVE PULSES protocol_Cycles 1 to 1000.zip,07-08-21_15.44_NEGPulse_protocol_tenpercent_chg_b_IN21700_30T_cycle_#354.mat,other,354,1001,0.0,25.17,25.96,25.96,
BOOST_NEGPULSE,08-BOOST CHARGING WITH NEGATIVE PULSES protocol_Cycles 1 to 1000.zip,07-08-21_16.41_NEG_Pulseprotocol__Fifteen_Drive_Cycles_set_IN21700_30T_cycle_#355_to_369.mat,drive,355,103617,0.0,24.2,26.49,26.38,
BOOST_NEGPULSE,08-BOOST CHARGING WITH NEGATIVE PULSES protocol_Cycles 1 to 1000.zip,Cover20 is not performed this week_#10.mat,other,-1,0,1.0,,,,read:KeyError
BOOST_NEGPULSE,08-BOOST CHARGING WITH NEGATIVE PULSES protocol_Cycles 1 to 1000.zip,07-10-21_09.44_NEGPulse_protocol_whole_Schedule_IN21700_30T_cycle_#370_week#11.mat,schedule,370,348268,0.0,24.15,26.54,26.27,
BOOST_NEGPULSE,08-BOOST CHARGING WITH NEGATIVE PULSES protocol_Cycles 1 to 1000.zip,07-10-21_11.06_NEGPulse_protocol_OCV_0.05C_IN21700_30T_cycle_#370.mat,OCV,370,2368,0.0,24.27,25.59,25.59,
BOOST_NEGPULSE,08-BOOST CHARGING WITH NEGATIVE PULSES protocol_Cycles 1 to 1000.zip,07-12-21_03.47_NEGPulse_protocol_halfC_0.5C_dchg_(a1)_IN21700_30T_cycle_#371.mat,halfC,371,6703,0.0,25.41,26.2,26.12,
BOOST_NEGPULSE,08-BOOST CHARGING WITH NEGATIVE PULSES protocol_Cycles 1 to 1000.zip,07-12-21_03.47_NEGPulse_protocol_halfC_CAP_(a1)_forexcel_cycle_#371.mat,CAP,371,0,1.0,,,,read:KeyError
BOOST_NEGPULSE,08-BOOST CHARGING WITH NEGATIVE PULSES protocol_Cycles 1 to 1000.zip,07-12-21_07.11_NEGPulse_protocol_halfC_0.5C_dchg_(a2)_IN21700_30T_cycle_#372.mat,halfC,372,6639,0.0,24.82,25.57,25.92,
BOOST_NEGPULSE,08-BOOST CHARGING WITH NEGATIVE PULSES protocol_Cycles 1 to 1000.zip,07-12-21_07.11_NEGPulse_protocol_halfC_CAP_(a2)_forexcel_cycle_#372.mat,CAP,372,0,1.0,,,,read:KeyError
BOOST_NEGPULSE,08-BOOST CHARGING WITH NEGATIVE PULSES protocol_Cycles 1 to 1000.zip,07-12-21_09.17_NEG_Pulseprotocol_ONE_C_charge_IN21700_30T_cycle_#372.mat,other,372,308,0.0,25.13,26.86,25.93,
BOOST_NEGPULSE,08-BOOST CHARGING WITH NEGATIVE PULSES protocol_Cycles 1 to 1000.zip,07-12-21_10.35_NEGPulse_protocol_OneC_1C_dchg_IN21700_30T_cycle_#373.mat,other,373,3284,0.0,25.55,26.75,27.2,
BOOST_NEGPULSE,08-BOOST CHARGING WITH NEGATIVE PULSES protocol_Cycles 1 to 1000.zip,07-12-21_13.09_NEGPulse_protocol_TwoC_2C_dchg_IN21700_30T_cycle_#374.mat,other,374,1625,0.0,24.94,27.56,28.11,
BOOST_NEGPULSE,08-BOOST CHARGING WITH NEGATIVE PULSES protocol_Cycles 1 to 1000.zip,07-12-21_15.15_NEGPulse_protocol_HPPC_IN21700_30T_cycle_#375.mat,HPPC,375,35147,0.0,24.15,26.0,25.9,
BOOST_NEGPULSE,08-BOOST CHARGING WITH NEGATIVE PULSES protocol_Cycles 1 to 1000.zip,07-13-21_21.25_NEGPulse_protocol_tenpercent_chg_a_IN21700_30T_cycle_#375.mat,other,375,998,0.0,25.54,26.23,26.23,
BOOST_NEGPULSE,08-BOOST CHARGING WITH NEGATIVE PULSES protocol_Cycles 1 to 1000.zip,07-13-21_21.51_NEGPulse_protocol_FastCharge_IN21700_30T_cycle_#375.mat,other,375,42439,0.0,25.7,31.75,26.54,
BOOST_NEGPULSE,08-BOOST CHARGING WITH NEGATIVE PULSES protocol_Cycles 1 to 1000.zip,07-13-21_22.23_NEG_Pulseprotocol__Fifteen_Drive_Cycles_set_IN21700_30T_cycle_#376_to_390.mat,drive,376,103061,0.0,24.2,26.47,26.43,
BOOST_NEGPULSE,08-BOOST CHARGING WITH NEGATIVE PULSES protocol_Cycles 1 to 1000.zip,07-15-21_04.26_NEGPulse_protocol_halfC_0.5C_dchg_(b1)_IN21700_30T_cycle_#391.mat,halfC,391,6611,0.0,24.99,26.03,25.9,
BOOST_NEGPULSE,08-BOOST CHARGING WITH NEGATIVE PULSES protocol_Cycles 1 to 1000.zip,07-15-21_04.26_NEGPulse_protocol_halfC_CAP_(b1)_forexcel_cycle_#391.mat,CAP,391,0,1.0,,,,read:KeyError
BOOST_NEGPULSE,08-BOOST CHARGING WITH NEGATIVE PULSES protocol_Cycles 1 to 1000.zip,07-15-21_07.45_NEGPulse_protocol_halfC_0.5C_dchg_(b2)_IN21700_30T_cycle_#392.mat,halfC,392,6614,0.0,24.87,25.67,26.06,
BOOST_NEGPULSE,08-BOOST CHARGING WITH NEGATIVE PULSES protocol_Cycles 1 to 1000.zip,07-15-21_07.45_NEGPulse_protocol_halfC_CAP_(b2)_forexcel_cycle_#392.mat,CAP,392,0,1.0,,,,read:KeyError
BOOST_NEGPULSE,08-BOOST CHARGING WITH NEGATIVE PULSES protocol_Cycles 1 to 1000.zip,07-15-21_09.35_NEGPulse_protocol_tenpercent_chg_b_IN21700_30T_cycle_#392.mat,other,392,993,0.0,25.35,26.11,26.11,
BOOST_NEGPULSE,08-BOOST CHARGING WITH NEGATIVE PULSES protocol_Cycles 1 to 1000.zip,07-15-21_10.33_NEG_Pulseprotocol__Fifteen_Drive_Cycles_set_IN21700_30T_cycle_#393_to_407.mat,drive,393,103037,0.0,24.78,26.51,26.39,
BOOST_NEGPULSE,08-BOOST CHARGING WITH NEGATIVE PULSES protocol_Cycles 1 to 1000.zip,07-16-21_19.17_NEGPulse_protocol_whole_Schedule_IN21700_30T_cycle_#408_week#12.mat,schedule,408,360388,0.0,22.27,26.71,26.35,
BOOST_NEGPULSE,08-BOOST CHARGING WITH NEGATIVE PULSES protocol_Cycles 1 to 1000.zip,07-16-21_19.48_NEGPulse_protocol_halfC_0.5C_dchg_(a1)_IN21700_30T_cycle_#408.mat,halfC,408,6663,0.0,24.69,25.52,25.86,
BOOST_NEGPULSE,08-BOOST CHARGING WITH NEGATIVE PULSES protocol_Cycles 1 to 1000.zip,07-16-21_19.48_NEGPulse_protocol_halfC_CAP_(a1)_forexcel_cycle_#408.mat,CAP,408,0,1.0,,,,read:KeyError
BOOST_NEGPULSE,08-BOOST CHARGING WITH NEGATIVE PULSES protocol_Cycles 1 to 1000.zip,07-16-21_23.12_NEGPulse_protocol_halfC_0.5C_dchg_(a2)_IN21700_30T_cycle_#409.mat,halfC,409,6599,0.0,25.46,26.3,26.53,
BOOST_NEGPULSE,08-BOOST CHARGING WITH NEGATIVE PULSES protocol_Cycles 1 to 1000.zip,07-16-21_23.12_NEGPulse_protocol_halfC_CAP_(a2)_forexcel_cycle_#409.mat,CAP,409,0,1.0,,,,read:KeyError
BOOST_NEGPULSE,08-BOOST CHARGING WITH NEGATIVE PULSES protocol_Cycles 1 to 1000.zip,07-17-21_01.17_NEG_Pulseprotocol_ONE_C_charge_IN21700_30T_cycle_#409.mat,other,409,303,0.0,25.15,26.64,25.77,
BOOST_NEGPULSE,08-BOOST CHARGING WITH NEGATIVE PULSES protocol_Cycles 1 to 1000.zip,07-17-21_02.36_NEGPulse_protocol_OneC_1C_dchg_IN21700_30T_cycle_#410.mat,other,410,3259,0.0,24.93,26.03,26.44,
BOOST_NEGPULSE,08-BOOST CHARGING WITH NEGATIVE PULSES protocol_Cycles 1 to 1000.zip,07-17-21_05.06_NEGPulse_protocol_TwoC_2C_dchg_IN21700_30T_cycle_#411.mat,other,411,1615,0.0,25.33,28.23,28.91,
BOOST_NEGPULSE,08-BOOST CHARGING WITH NEGATIVE PULSES protocol_Cycles 1 to 1000.zip,07-17-21_07.15_NEGPulse_protocol_HPPC_IN21700_30T_cycle_#412.mat,HPPC,412,35127,0.0,23.84,25.98,25.82,
BOOST_NEGPULSE,08-BOOST CHARGING WITH NEGATIVE PULSES protocol_Cycles 1 to 1000.zip,07-18-21_13.28_NEGPulse_protocol_tenpercent_chg_a_IN21700_30T_cycle_#412.mat,other,412,992,0.0,24.43,25.32,25.32,
BOOST_NEGPULSE,08-BOOST CHARGING WITH NEGATIVE PULSES protocol_Cycles 1 to 1000.zip,07-18-21_13.55_NEGPulse_protocol_FastCharge_IN21700_30T_cycle_#412.mat,other,412,42218,0.0,24.18,35.72,24.86,
BOOST_NEGPULSE,08-BOOST CHARGING WITH NEGATIVE PULSES protocol_Cycles 1 to 1000.zip,07-18-21_14.38_NEG_Pulseprotocol__Fifteen_Drive_Cycles_set_IN21700_30T_cycle_#413_to_427.mat,drive,413,116868,0.0,23.86,27.18,27.04,
BOOST_NEGPULSE,08-BOOST CHARGING WITH NEGATIVE PULSES protocol_Cycles 1 to 1000.zip,07-20-21_00.39_NEGPulse_protocol_halfC_0.5C_dchg_(b1)_IN21700_30T_cycle_#428.mat,halfC,428,6542,0.0,22.7,23.72,24.03,
BOOST_NEGPULSE,08-BOOST CHARGING WITH NEGATIVE PULSES protocol_Cycles 1 to 1000.zip,07-20-21_00.39_NEGPulse_protocol_halfC_CAP_(b1)_forexcel_cycle_#428.mat,CAP,428,0,1.0,,,,read:KeyError
BOOST_NEGPULSE,08-BOOST CHARGING WITH NEGATIVE PULSES protocol_Cycles 1 to 1000.zip,07-20-21_03.57_NEGPulse_protocol_halfC_0.5C_dchg_(b2)_IN21700_30T_cycle_#429.mat,halfC,429,6542,0.0,22.33,23.4,23.74,
BOOST_NEGPULSE,08-BOOST CHARGING WITH NEGATIVE PULSES protocol_Cycles 1 to 1000.zip,07-20-21_03.57_NEGPulse_protocol_halfC_CAP_(b2)_forexcel_cycle_#429.mat,CAP,429,0,1.0,,,,read:KeyError
BOOST_NEGPULSE,08-BOOST CHARGING WITH NEGATIVE PULSES protocol_Cycles 1 to 1000.zip,07-20-21_05.46_NEGPulse_protocol_tenpercent_chg_b_IN21700_30T_cycle_#429.mat,other,429,983,0.0,23.27,24.47,24.47,
BOOST_NEGPULSE,08-BOOST CHARGING WITH NEGATIVE PULSES protocol_Cycles 1 to 1000.zip,07-20-21_06.50_NEG_Pulseprotocol__Fifteen_Drive_Cycles_set_IN21700_30T_cycle_#430_to_444.mat,drive,430,102745,0.0,22.27,26.41,26.31,
BOOST_NEGPULSE,08-BOOST CHARGING WITH NEGATIVE PULSES protocol_Cycles 1 to 1000.zip,Cover20 is not performed this week_#12.mat,other,-1,0,1.0,,,,read:KeyError
BOOST_NEGPULSE,08-BOOST CHARGING WITH NEGATIVE PULSES protocol_Cycles 1 to 1000.zip,07-22-21_15.03_NEGPulse_protocol_whole_Schedule_IN21700_30T_cycle_#445_week#13.mat,schedule,445,345330,0.0,24.05,26.47,26.23,
BOOST_NEGPULSE,08-BOOST CHARGING WITH NEGATIVE PULSES protocol_Cycles 1 to 1000.zip,07-22-21_16.26_NEGPulse_protocol_OCV_0.05C_IN21700_30T_cycle_#445.mat,OCV,445,2346,0.0,24.17,25.67,25.67,
BOOST_NEGPULSE,08-BOOST CHARGING WITH NEGATIVE PULSES protocol_Cycles 1 to 1000.zip,07-24-21_08.47_NEGPulse_protocol_halfC_0.5C_dchg_(a1)_IN21700_30T_cycle_#446.mat,halfC,446,6626,0.0,24.8,25.59,25.91,
BOOST_NEGPULSE,08-BOOST CHARGING WITH NEGATIVE PULSES protocol_Cycles 1 to 1000.zip,07-24-21_08.47_NEGPulse_protocol_halfC_CAP_(a1)_forexcel_cycle_#446.mat,CAP,446,0,1.0,,,,read:KeyError
BOOST_NEGPULSE,08-BOOST CHARGING WITH NEGATIVE PULSES protocol_Cycles 1 to 1000.zip,07-24-21_12.11_NEGPulse_protocol_halfC_0.5C_dchg_(a2)_IN21700_30T_cycle_#447.mat,halfC,447,6526,0.0,24.89,25.98,25.93,
BOOST_NEGPULSE,08-BOOST CHARGING WITH NEGATIVE PULSES protocol_Cycles 1 to 1000.zip,07-24-21_12.11_NEGPulse_protocol_halfC_CAP_(a2)_forexcel_cycle_#447.mat,CAP,447,0,1.0,,,,read:KeyError
BOOST_NEGPULSE,08-BOOST CHARGING WITH NEGATIVE PULSES protocol_Cycles 1 to 1000.zip,07-24-21_14.15_NEG_Pulseprotocol_ONE_C_charge_IN21700_30T_cycle_#447.mat,other,447,300,0.0,24.94,26.63,25.58,
BOOST_NEGPULSE,08-BOOST CHARGING WITH NEGATIVE PULSES protocol_Cycles 1 to 1000.zip,07-24-21_15.34_NEGPulse_protocol_OneC_1C_dchg_IN21700_30T_cycle_#448.mat,other,448,3234,0.0,25.36,26.61,27.11,
BOOST_NEGPULSE,08-BOOST CHARGING WITH NEGATIVE PULSES protocol_Cycles 1 to 1000.zip,07-24-21_18.06_NEGPulse_protocol_TwoC_2C_dchg_IN21700_30T_cycle_#449.mat,other,449,1597,0.0,24.05,27.75,28.43,
BOOST_NEGPULSE,08-BOOST CHARGING WITH NEGATIVE PULSES protocol_Cycles 1 to 1000.zip,07-24-21_20.13_NEGPulse_protocol_HPPC_IN21700_30T_cycle_#450.mat,HPPC,450,35140,0.0,24.07,25.87,25.84,
BOOST_NEGPULSE,08-BOOST CHARGING WITH NEGATIVE PULSES protocol_Cycles 1 to 1000.zip,07-26-21_02.23_NEGPulse_protocol_tenpercent_chg_a_IN21700_30T_cycle_#450.mat,other,450,983,0.0,25.02,25.69,25.69,
BOOST_NEGPULSE,08-BOOST CHARGING WITH NEGATIVE PULSES protocol_Cycles 1 to 1000.zip,07-26-21_02.50_NEGPulse_protocol_FastCharge_IN21700_30T_cycle_#450.mat,other,450,41822,0.0,25.07,31.35,25.76,
BOOST_NEGPULSE,08-BOOST CHARGING WITH NEGATIVE PULSES protocol_Cycles 1 to 1000.zip,07-26-21_03.20_NEG_Pulseprotocol__Fifteen_Drive_Cycles_set_IN21700_30T_cycle_#451_to_465.mat,drive,451,102069,0.0,24.86,26.55,26.45,
BOOST_NEGPULSE,08-BOOST CHARGING WITH NEGATIVE PULSES protocol_Cycles 1 to 1000.zip,07-27-21_16.08_NEGPulse_protocol_halfC_0.5C_dchg_(b1)_IN21700_30T_cycle_#466.mat,halfC,466,6505,0.0,24.87,25.71,25.97,
BOOST_NEGPULSE,08-BOOST CHARGING WITH NEGATIVE PULSES protocol_Cycles 1 to 1000.zip,07-27-21_16.08_NEGPulse_protocol_halfC_CAP_(b1)_forexcel_cycle_#466.mat,CAP,466,0,1.0,,,,read:KeyError
BOOST_NEGPULSE,08-BOOST CHARGING WITH NEGATIVE PULSES protocol_Cycles 1 to 1000.zip,07-27-21_19.25_NEGPulse_protocol_halfC_0.5C_dchg_(b2)_IN21700_30T_cycle_#467.mat,halfC,467,6507,0.0,24.88,25.61,25.89,
BOOST_NEGPULSE,08-BOOST CHARGING WITH NEGATIVE PULSES protocol_Cycles 1 to 1000.zip,07-27-21_19.25_NEGPulse_protocol_halfC_CAP_(b2)_forexcel_cycle_#467.mat,CAP,467,0,1.0,,,,read:KeyError
BOOST_NEGPULSE,08-BOOST CHARGING WITH NEGATIVE PULSES protocol_Cycles 1 to 1000.zip,07-27-21_22.11_NEG_Pulseprotocol__Fifteen_Drive_Cycles_set_IN21700_30T_cycle_#468_to_482.mat,drive,468,102090,0.0,24.86,26.36,26.32,
BOOST_NEGPULSE,08-BOOST CHARGING WITH NEGATIVE PULSES protocol_Cycles 1 to 1000.zip,07-29-21_08.27_NEGPulse_protocol_whole_Schedule_IN21700_30T_cycle_#483_week#14.mat,schedule,483,388137,0.1553,-0.01,26.07,25.33,
BOOST_NEGPULSE,08-BOOST CHARGING WITH NEGATIVE PULSES protocol_Cycles 1 to 1000.zip,07-29-21_08.59_NEGPulse_protocol_halfC_0.5C_dchg_(a1)_IN21700_30T_cycle_#483.mat,halfC,483,6570,0.0,24.97,25.64,25.97,
BOOST_NEGPULSE,08-BOOST CHARGING WITH NEGATIVE PULSES protocol_Cycles 1 to 1000.zip,07-29-21_08.59_NEGPulse_protocol_halfC_CAP_(a1)_forexcel_cycle_#483.mat,CAP,483,0,1.0,,,,read:KeyError
BOOST_NEGPULSE,08-BOOST CHARGING WITH NEGATIVE PULSES protocol_Cycles 1 to 1000.zip,07-29-21_12.23_NEGPulse_protocol_halfC_0.5C_dchg_(a2)_IN21700_30T_cycle_#484.mat,halfC,484,6488,0.0,25.07,25.64,25.95,
BOOST_NEGPULSE,08-BOOST CHARGING WITH NEGATIVE PULSES protocol_Cycles 1 to 1000.zip,07-29-21_12.23_NEGPulse_protocol_halfC_CAP_(a2)_forexcel_cycle_#484.mat,CAP,484,0,1.0,,,,read:KeyError
BOOST_NEGPULSE,08-BOOST CHARGING WITH NEGATIVE PULSES protocol_Cycles 1 to 1000.zip,07-29-21_14.27_NEG_Pulseprotocol_ONE_C_charge_IN21700_30T_cycle_#484.mat,other,484,296,0.0,25.3,26.96,25.76,
BOOST_NEGPULSE,08-BOOST CHARGING WITH NEGATIVE PULSES protocol_Cycles 1 to 1000.zip,07-29-21_15.46_NEGPulse_protocol_OneC_1C_dchg_IN21700_30T_cycle_#485.mat,other,485,3207,0.0,25.23,26.22,26.59,
BOOST_NEGPULSE,08-BOOST CHARGING WITH NEGATIVE PULSES protocol_Cycles 1 to 1000.zip,07-29-21_18.18_NEGPulse_protocol_TwoC_2C_dchg_IN21700_30T_cycle_#486.mat,other,486,1588,0.0,25.06,27.91,28.7,
BOOST_NEGPULSE,08-BOOST CHARGING WITH NEGATIVE PULSES protocol_Cycles 1 to 1000.zip,07-29-21_20.27_NEGPulse_protocol_HPPC_IN21700_30T_cycle_#487.mat,HPPC,487,34475,0.1963,0.44,25.65,3.75,
BOOST_NEGPULSE,08-BOOST CHARGING WITH NEGATIVE PULSES protocol_Cycles 1 to 1000.zip,07-31-21_02.19_NEGPulse_protocol_tenpercent_chg_a_IN21700_30T_cycle_#487.mat,other,487,976,1.0,0.8,1.33,1.35,
BOOST_NEGPULSE,08-BOOST CHARGING WITH NEGATIVE PULSES protocol_Cycles 1 to 1000.zip,08-02-21_21.40_NEGPulse_protocol_FastCharge_IN21700_30T_cycle_#487.mat,other,487,39829,0.0,25.09,31.52,25.54,
BOOST_NEGPULSE,08-BOOST CHARGING WITH NEGATIVE PULSES protocol_Cycles 1 to 1000.zip,08-02-21_22.10_NEG_Pulseprotocol__Fifteen_Drive_Cycles_set_IN21700_30T_cycle_#488_to_502.mat,drive,488,129885,0.2337,-0.01,25.97,1.18,
BOOST_NEGPULSE,08-BOOST CHARGING WITH NEGATIVE PULSES protocol_Cycles 1 to 1000.zip,08-05-21_00.25_NEGPulse_protocol_halfC_0.5C_dchg_(b1)_IN21700_30T_cycle_#503.mat,halfC,503,6474,0.0,24.72,25.61,25.9,
BOOST_NEGPULSE,08-BOOST CHARGING WITH NEGATIVE PULSES protocol_Cycles 1 to 1000.zip,08-05-21_00.25_NEGPulse_protocol_halfC_CAP_(b1)_forexcel_cycle_#503.mat,CAP,503,0,1.0,,,,read:KeyError
BOOST_NEGPULSE,08-BOOST CHARGING WITH NEGATIVE PULSES protocol_Cycles 1 to 1000.zip,08-05-21_03.43_NEGPulse_protocol_halfC_0.5C_dchg_(b2)_IN21700_30T_cycle_#504.mat,halfC,504,6477,0.0,24.76,25.5,25.77,
BOOST_NEGPULSE,08-BOOST CHARGING WITH NEGATIVE PULSES protocol_Cycles 1 to 1000.zip,08-05-21_03.43_NEGPulse_protocol_halfC_CAP_(b2)_forexcel_cycle_#504.mat,CAP,504,0,1.0,,,,read:KeyError
BOOST_NEGPULSE,08-BOOST CHARGING WITH NEGATIVE PULSES protocol_Cycles 1 to 1000.zip,08-05-21_06.27_NEG_Pulseprotocol__Fifteen_Drive_Cycles_set_IN21700_30T_cycle_#505_to_519.mat,drive,505,129885,0.1929,-0.01,26.06,25.23,
BOOST_NEGPULSE,08-BOOST CHARGING WITH NEGATIVE PULSES protocol_Cycles 1 to 1000.zip,Cover20 is not performed this week_#14.mat,other,-1,0,1.0,,,,read:KeyError
BOOST_NEGPULSE,08-BOOST CHARGING WITH NEGATIVE PULSES protocol_Cycles 1 to 1000.zip,variables.mat,other,-1,0,1.0,,,,read:KeyError
BOOST_NEGPULSE,08-BOOST CHARGING WITH NEGATIVE PULSES protocol_Cycles 1 to 1000.zip,week_.mat,other,-1,0,1.0,,,,read:KeyError
BOOST_NEGPULSE,08-BOOST CHARGING WITH NEGATIVE PULSES protocol_Cycles 1 to 1000.zip,08-14-21_08.06_NEGPulse_protocol_whole_Schedule_IN21700_30T_cycle_#520_week#15.mat,schedule,520,339007,0.0,23.96,26.47,26.21,
BOOST_NEGPULSE,08-BOOST CHARGING WITH NEGATIVE PULSES protocol_Cycles 1 to 1000.zip,08-14-21_09.29_NEGPulse_protocol_OCV_0.05C_IN21700_30T_cycle_#520.mat,OCV,520,2301,0.0,23.96,25.56,25.54,
BOOST_NEGPULSE,08-BOOST CHARGING WITH NEGATIVE PULSES protocol_Cycles 1 to 1000.zip,08-16-21_01.10_NEGPulse_protocol_halfC_0.5C_dchg_(a1)_IN21700_30T_cycle_#521.mat,halfC,521,6492,0.0,24.5,25.87,25.31,
BOOST_NEGPULSE,08-BOOST CHARGING WITH NEGATIVE PULSES protocol_Cycles 1 to 1000.zip,08-16-21_01.10_NEGPulse_protocol_halfC_CAP_(a1)_forexcel_cycle_#521.mat,CAP,521,0,1.0,,,,read:KeyError
BOOST_NEGPULSE,08-BOOST CHARGING WITH NEGATIVE PULSES protocol_Cycles 1 to 1000.zip,08-16-21_04.31_NEGPulse_protocol_halfC_0.5C_dchg_(a2)_IN21700_30T_cycle_#522.mat,halfC,522,6409,0.0,24.88,25.66,26.1,
BOOST_NEGPULSE,08-BOOST CHARGING WITH NEGATIVE PULSES protocol_Cycles 1 to 1000.zip,08-16-21_04.31_NEGPulse_protocol_halfC_CAP_(a2)_forexcel_cycle_#522.mat,CAP,522,0,1.0,,,,read:KeyError
BOOST_NEGPULSE,08-BOOST CHARGING WITH NEGATIVE PULSES protocol_Cycles 1 to 1000.zip,08-16-21_06.34_NEG_Pulseprotocol_ONE_C_charge_IN21700_30T_cycle_#522.mat,other,522,295,0.0,25.4,27.28,26.16,
BOOST_NEGPULSE,08-BOOST CHARGING WITH NEGATIVE PULSES protocol_Cycles 1 to 1000.zip,08-16-21_07.52_NEGPulse_protocol_OneC_1C_dchg_IN21700_30T_cycle_#523.mat,other,523,3167,0.0,24.66,25.7,26.33,
BOOST_NEGPULSE,08-BOOST CHARGING WITH NEGATIVE PULSES protocol_Cycles 1 to 1000.zip,08-16-21_10.20_NEGPulse_protocol_TwoC_2C_dchg_IN21700_30T_cycle_#524.mat,other,524,1568,0.0,24.95,27.79,28.4,
BOOST_NEGPULSE,08-BOOST CHARGING WITH NEGATIVE PULSES protocol_Cycles 1 to 1000.zip,08-16-21_12.26_NEGPulse_protocol_HPPC_IN21700_30T_cycle_#525.mat,HPPC,525,35087,0.0,24.04,25.88,25.82,
BOOST_NEGPULSE,08-BOOST CHARGING WITH NEGATIVE PULSES protocol_Cycles 1 to 1000.zip,08-17-21_18.36_NEGPulse_protocol_tenpercent_chg_a_IN21700_30T_cycle_#525.mat,other,525,964,0.0,24.97,25.64,25.64,
BOOST_NEGPULSE,08-BOOST CHARGING WITH NEGATIVE PULSES protocol_Cycles 1 to 1000.zip,08-17-21_19.02_NEGPulse_protocol_FastCharge_IN21700_30T_cycle_#525.mat,other,525,41043,0.0,24.99,31.14,25.6,
BOOST_NEGPULSE,08-BOOST CHARGING WITH NEGATIVE PULSES protocol_Cycles 1 to 1000.zip,08-17-21_19.32_NEG_Pulseprotocol__Fifteen_Drive_Cycles_set_IN21700_30T_cycle_#526_to_540.mat,drive,526,99636,0.0,24.44,26.49,26.4,
BOOST_NEGPULSE,08-BOOST CHARGING WITH NEGATIVE PULSES protocol_Cycles 1 to 1000.zip,08-19-21_00.38_NEGPulse_protocol_halfC_0.5C_dchg_(b1)_IN21700_30T_cycle_#541.mat,halfC,541,6405,0.0,25.3,26.14,26.06,
BOOST_NEGPULSE,08-BOOST CHARGING WITH NEGATIVE PULSES protocol_Cycles 1 to 1000.zip,08-19-21_00.38_NEGPulse_protocol_halfC_CAP_(b1)_forexcel_cycle_#541.mat,CAP,541,0,1.0,,,,read:KeyError
BOOST_NEGPULSE,08-BOOST CHARGING WITH NEGATIVE PULSES protocol_Cycles 1 to 1000.zip,08-19-21_03.54_NEGPulse_protocol_halfC_0.5C_dchg_(b2)_IN21700_30T_cycle_#542.mat,halfC,542,6411,0.0,24.83,25.69,26.13,
BOOST_NEGPULSE,08-BOOST CHARGING WITH NEGATIVE PULSES protocol_Cycles 1 to 1000.zip,08-19-21_03.54_NEGPulse_protocol_halfC_CAP_(b2)_forexcel_cycle_#542.mat,CAP,542,0,1.0,,,,read:KeyError
BOOST_NEGPULSE,08-BOOST CHARGING WITH NEGATIVE PULSES protocol_Cycles 1 to 1000.zip,08-19-21_06.39_NEG_Pulseprotocol__Fifteen_Drive_Cycles_set_IN21700_30T_cycle_#543_to_557.mat,drive,543,100047,0.0,24.02,26.45,26.38,
BOOST_NEGPULSE,08-BOOST CHARGING WITH NEGATIVE PULSES protocol_Cycles 1 to 1000.zip,08-17-21_19.32_NEG_Pulseprotocol_Drive_Cycles(a)_IN21700_30T_cycle_#563.mat,drive,563,99636,0.0,24.44,26.49,26.4,
BOOST_NEGPULSE,08-BOOST CHARGING WITH NEGATIVE PULSES protocol_Cycles 1 to 1000.zip,08-20-21_21.42_NEGPulse_protocol_whole_Schedule_IN21700_30T_cycle_#558_week#16.mat,schedule,558,334570,0.0,24.61,26.45,26.26,
BOOST_NEGPULSE,08-BOOST CHARGING WITH NEGATIVE PULSES protocol_Cycles 1 to 1000.zip,08-20-21_22.13_NEGPulse_protocol_halfC_0.5C_dchg_(a1)_IN21700_30T_cycle_#558.mat,halfC,558,6475,0.0,24.91,25.71,25.89,
BOOST_NEGPULSE,08-BOOST CHARGING WITH NEGATIVE PULSES protocol_Cycles 1 to 1000.zip,08-20-21_22.13_NEGPulse_protocol_halfC_CAP_(a1)_forexcel_cycle_#558.mat,CAP,558,0,1.0,,,,read:KeyError
BOOST_NEGPULSE,08-BOOST CHARGING WITH NEGATIVE PULSES protocol_Cycles 1 to 1000.zip,08-21-21_01.35_NEGPulse_protocol_halfC_0.5C_dchg_(a2)_IN21700_30T_cycle_#559.mat,halfC,559,6384,0.0,24.83,25.62,25.89,
BOOST_NEGPULSE,08-BOOST CHARGING WITH NEGATIVE PULSES protocol_Cycles 1 to 1000.zip,08-21-21_01.35_NEGPulse_protocol_halfC_CAP_(a2)_forexcel_cycle_#559.mat,CAP,559,0,1.0,,,,read:KeyError
BOOST_NEGPULSE,08-BOOST CHARGING WITH NEGATIVE PULSES protocol_Cycles 1 to 1000.zip,08-21-21_03.36_NEG_Pulseprotocol_ONE_C_charge_IN21700_30T_cycle_#559.mat,other,559,291,0.0,25.07,26.8,25.85,
BOOST_NEGPULSE,08-BOOST CHARGING WITH NEGATIVE PULSES protocol_Cycles 1 to 1000.zip,08-21-21_04.55_NEGPulse_protocol_OneC_1C_dchg_IN21700_30T_cycle_#560.mat,other,560,3157,0.0,25.12,26.25,26.61,
BOOST_NEGPULSE,08-BOOST CHARGING WITH NEGATIVE PULSES protocol_Cycles 1 to 1000.zip,08-21-21_07.25_NEGPulse_protocol_TwoC_2C_dchg_IN21700_30T_cycle_#561.mat,other,561,1563,0.0,25.14,28.2,28.96,
BOOST_NEGPULSE,08-BOOST CHARGING WITH NEGATIVE PULSES protocol_Cycles 1 to 1000.zip,08-21-21_09.34_NEGPulse_protocol_HPPC_IN21700_30T_cycle_#562.mat,HPPC,562,35111,0.0,24.61,25.83,25.82,
BOOST_NEGPULSE,08-BOOST CHARGING WITH NEGATIVE PULSES protocol_Cycles 1 to 1000.zip,08-22-21_15.43_NEGPulse_protocol_tenpercent_chg_a_IN21700_30T_cycle_#562.mat,other,562,960,0.0,25.01,25.74,25.74,
BOOST_NEGPULSE,08-BOOST CHARGING WITH NEGATIVE PULSES protocol_Cycles 1 to 1000.zip,08-22-21_16.17_NEGPulse_protocol_FastCharge_IN21700_30T_cycle_#562.mat,other,562,39858,0.0,25.25,31.66,25.96,
BOOST_NEGPULSE,08-BOOST CHARGING WITH NEGATIVE PULSES protocol_Cycles 1 to 1000.zip,08-22-21_16.47_NEG_Pulseprotocol__Fifteen_Drive_Cycles_set_IN21700_30T_cycle_#563_to_577.mat,drive,563,99543,0.0,24.69,26.4,26.35,
BOOST_NEGPULSE,08-BOOST CHARGING WITH NEGATIVE PULSES protocol_Cycles 1 to 1000.zip,08-23-21_21.53_NEGPulse_protocol_halfC_0.5C_dchg_(b1)_IN21700_30T_cycle_#578.mat,halfC,578,6369,0.0,25.02,25.77,26.05,
BOOST_NEGPULSE,08-BOOST CHARGING WITH NEGATIVE PULSES protocol_Cycles 1 to 1000.zip,08-23-21_21.53_NEGPulse_protocol_halfC_CAP_(b1)_forexcel_cycle_#578.mat,CAP,578,0,1.0,,,,read:KeyError
BOOST_NEGPULSE,08-BOOST CHARGING WITH NEGATIVE PULSES protocol_Cycles 1 to 1000.zip,08-24-21_01.10_NEGPulse_protocol_halfC_0.5C_dchg_(b2)_IN21700_30T_cycle_#579.mat,halfC,579,6373,0.0,24.78,25.69,25.93,
BOOST_NEGPULSE,08-BOOST CHARGING WITH NEGATIVE PULSES protocol_Cycles 1 to 1000.zip,08-24-21_01.10_NEGPulse_protocol_halfC_CAP_(b2)_forexcel_cycle_#579.mat,CAP,579,0,1.0,,,,read:KeyError
BOOST_NEGPULSE,08-BOOST CHARGING WITH NEGATIVE PULSES protocol_Cycles 1 to 1000.zip,08-24-21_03.53_NEG_Pulseprotocol__Fifteen_Drive_Cycles_set_IN21700_30T_cycle_#580_to_594.mat,drive,580,99763,0.0,24.89,26.49,26.47,
BOOST_NEGPULSE,08-BOOST CHARGING WITH NEGATIVE PULSES protocol_Cycles 1 to 1000.zip,Cover20 is not performed this week_#16.mat,other,-1,0,1.0,,,,read:KeyError
BOOST_NEGPULSE,08-BOOST CHARGING WITH NEGATIVE PULSES protocol_Cycles 1 to 1000.zip,08-25-21_12.12_NEGPulse_protocol_whole_Schedule_IN21700_30T_cycle_#595_week#17.mat,schedule,595,338683,0.0,24.71,26.51,26.31,
BOOST_NEGPULSE,08-BOOST CHARGING WITH NEGATIVE PULSES protocol_Cycles 1 to 1000.zip,08-25-21_13.42_NEGPulse_protocol_OCV_0.05C_IN21700_30T_cycle_#595.mat,OCV,595,2293,0.0,24.75,25.49,25.47,
BOOST_NEGPULSE,08-BOOST CHARGING WITH NEGATIVE PULSES protocol_Cycles 1 to 1000.zip,08-27-21_05.05_NEGPulse_protocol_halfC_0.5C_dchg_(a1)_IN21700_30T_cycle_#596.mat,halfC,596,6458,0.0,24.93,25.69,25.98,
BOOST_NEGPULSE,08-BOOST CHARGING WITH NEGATIVE PULSES protocol_Cycles 1 to 1000.zip,08-27-21_05.05_NEGPulse_protocol_halfC_CAP_(a1)_forexcel_cycle_#596.mat,CAP,596,0,1.0,,,,read:KeyError
BOOST_NEGPULSE,08-BOOST CHARGING WITH NEGATIVE PULSES protocol_Cycles 1 to 1000.zip,08-27-21_08.29_NEGPulse_protocol_halfC_0.5C_dchg_(a2)_IN21700_30T_cycle_#597.mat,halfC,597,6367,0.0,24.8,25.69,26.02,
BOOST_NEGPULSE,08-BOOST CHARGING WITH NEGATIVE PULSES protocol_Cycles 1 to 1000.zip,08-27-21_08.29_NEGPulse_protocol_halfC_CAP_(a2)_forexcel_cycle_#597.mat,CAP,597,0,1.0,,,,read:KeyError
BOOST_NEGPULSE,08-BOOST CHARGING WITH NEGATIVE PULSES protocol_Cycles 1 to 1000.zip,08-27-21_10.30_NEG_Pulseprotocol_ONE_C_charge_IN21700_30T_cycle_#597.mat,other,597,288,0.0,25.09,26.85,25.74,
BOOST_NEGPULSE,08-BOOST CHARGING WITH NEGATIVE PULSES protocol_Cycles 1 to 1000.zip,08-27-21_11.50_NEGPulse_protocol_OneC_1C_dchg_IN21700_30T_cycle_#598.mat,other,598,3141,0.0,25.11,26.44,26.83,
BOOST_NEGPULSE,08-BOOST CHARGING WITH NEGATIVE PULSES protocol_Cycles 1 to 1000.zip,08-27-21_14.20_NEGPulse_protocol_TwoC_2C_dchg_IN21700_30T_cycle_#599.mat,other,599,1554,0.0,25.24,28.29,28.94,
BOOST_NEGPULSE,08-BOOST CHARGING WITH NEGATIVE PULSES protocol_Cycles 1 to 1000.zip,08-27-21_16.28_NEGPulse_protocol_HPPC_IN21700_30T_cycle_#600.mat,HPPC,600,35078,0.0,24.71,25.91,25.92,
BOOST_NEGPULSE,08-BOOST CHARGING WITH NEGATIVE PULSES protocol_Cycles 1 to 1000.zip,08-28-21_22.37_NEGPulse_protocol_tenpercent_chg_a_IN21700_30T_cycle_#600.mat,other,600,956,0.0,24.95,25.67,25.67,
BOOST_NEGPULSE,08-BOOST CHARGING WITH NEGATIVE PULSES protocol_Cycles 1 to 1000.zip,08-28-21_23.03_NEGPulse_protocol_FastCharge_IN21700_30T_cycle_#600.mat,other,600,40678,0.0,24.95,31.89,25.49,
BOOST_NEGPULSE,08-BOOST CHARGING WITH NEGATIVE PULSES protocol_Cycles 1 to 1000.zip,08-28-21_23.34_NEG_Pulseprotocol__Fifteen_Drive_Cycles_set_IN21700_30T_cycle_#601_to_615.mat,drive,601,100201,0.0,24.89,26.52,26.49,
BOOST_NEGPULSE,08-BOOST CHARGING WITH NEGATIVE PULSES protocol_Cycles 1 to 1000.zip,08-30-21_04.53_NEGPulse_protocol_halfC_0.5C_dchg_(b1)_IN21700_30T_cycle_#616.mat,halfC,616,6328,0.0,25.0,25.78,26.04,
BOOST_NEGPULSE,08-BOOST CHARGING WITH NEGATIVE PULSES protocol_Cycles 1 to 1000.zip,08-30-21_04.53_NEGPulse_protocol_halfC_CAP_(b1)_forexcel_cycle_#616.mat,CAP,616,0,1.0,,,,read:KeyError
BOOST_NEGPULSE,08-BOOST CHARGING WITH NEGATIVE PULSES protocol_Cycles 1 to 1000.zip,08-30-21_08.09_NEGPulse_protocol_halfC_0.5C_dchg_(b2)_IN21700_30T_cycle_#617.mat,halfC,617,6332,0.0,24.98,25.76,26.01,
BOOST_NEGPULSE,08-BOOST CHARGING WITH NEGATIVE PULSES protocol_Cycles 1 to 1000.zip,08-30-21_08.09_NEGPulse_protocol_halfC_CAP_(b2)_forexcel_cycle_#617.mat,CAP,617,0,1.0,,,,read:KeyError
BOOST_NEGPULSE,08-BOOST CHARGING WITH NEGATIVE PULSES protocol_Cycles 1 to 1000.zip,08-30-21_10.52_NEG_Pulseprotocol__Fifteen_Drive_Cycles_set_IN21700_30T_cycle_#618_to_632.mat,drive,618,99875,0.0,24.93,26.53,26.47,
BOOST_NEGPULSE,08-BOOST CHARGING WITH NEGATIVE PULSES protocol_Cycles 1 to 1000.zip,08-31-21_21.46_NEGPulse_protocol_whole_Schedule_IN21700_30T_cycle_#633_week#18.mat,schedule,633,333859,0.0,24.71,26.51,26.31,
BOOST_NEGPULSE,08-BOOST CHARGING WITH NEGATIVE PULSES protocol_Cycles 1 to 1000.zip,08-31-21_22.26_NEGPulse_protocol_halfC_0.5C_dchg_(a1)_IN21700_30T_cycle_#633.mat,halfC,633,6409,0.0,24.96,25.79,26.02,
BOOST_NEGPULSE,08-BOOST CHARGING WITH NEGATIVE PULSES protocol_Cycles 1 to 1000.zip,08-31-21_22.26_NEGPulse_protocol_halfC_CAP_(a1)_forexcel_cycle_#633.mat,CAP,633,0,1.0,,,,read:KeyError
BOOST_NEGPULSE,08-BOOST CHARGING WITH NEGATIVE PULSES protocol_Cycles 1 to 1000.zip,09-01-21_01.48_NEGPulse_protocol_halfC_0.5C_dchg_(a2)_IN21700_30T_cycle_#634.mat,halfC,634,6304,0.0,24.94,25.68,25.96,
BOOST_NEGPULSE,08-BOOST CHARGING WITH NEGATIVE PULSES protocol_Cycles 1 to 1000.zip,09-01-21_01.48_NEGPulse_protocol_halfC_CAP_(a2)_forexcel_cycle_#634.mat,CAP,634,0,1.0,,,,read:KeyError
BOOST_NEGPULSE,08-BOOST CHARGING WITH NEGATIVE PULSES protocol_Cycles 1 to 1000.zip,09-01-21_03.49_NEG_Pulseprotocol_ONE_C_charge_IN21700_30T_cycle_#634.mat,other,634,283,0.0,25.02,26.9,25.77,
BOOST_NEGPULSE,08-BOOST CHARGING WITH NEGATIVE PULSES protocol_Cycles 1 to 1000.zip,09-01-21_05.09_NEGPulse_protocol_OneC_1C_dchg_IN21700_30T_cycle_#635.mat,other,635,3115,0.0,25.04,26.35,26.76,
BOOST_NEGPULSE,08-BOOST CHARGING WITH NEGATIVE PULSES protocol_Cycles 1 to 1000.zip,09-01-21_07.40_NEGPulse_protocol_TwoC_2C_dchg_IN21700_30T_cycle_#636.mat,other,636,1541,0.0,25.05,28.44,29.18,
BOOST_NEGPULSE,08-BOOST CHARGING WITH NEGATIVE PULSES protocol_Cycles 1 to 1000.zip,09-01-21_09.49_NEGPulse_protocol_HPPC_IN21700_30T_cycle_#637.mat,HPPC,637,35062,0.0,24.71,25.88,25.87,
BOOST_NEGPULSE,08-BOOST CHARGING WITH NEGATIVE PULSES protocol_Cycles 1 to 1000.zip,09-02-21_15.58_NEGPulse_protocol_tenpercent_chg_a_IN21700_30T_cycle_#637.mat,other,637,948,0.0,25.02,25.69,25.69,
BOOST_NEGPULSE,08-BOOST CHARGING WITH NEGATIVE PULSES protocol_Cycles 1 to 1000.zip,09-02-21_16.24_NEGPulse_protocol_FastCharge_IN21700_30T_cycle_#637.mat,other,637,40395,0.0,25.07,31.91,25.39,
BOOST_NEGPULSE,08-BOOST CHARGING WITH NEGATIVE PULSES protocol_Cycles 1 to 1000.zip,09-02-21_16.55_NEG_Pulseprotocol__Fifteen_Drive_Cycles_set_IN21700_30T_cycle_#638_to_652.mat,drive,638,99146,0.0,24.87,26.49,26.47,
BOOST_NEGPULSE,08-BOOST CHARGING WITH NEGATIVE PULSES protocol_Cycles 1 to 1000.zip,09-03-21_21.58_NEGPulse_protocol_halfC_0.5C_dchg_(b1)_IN21700_30T_cycle_#653.mat,halfC,653,6283,0.0,24.77,25.66,25.99,
BOOST_NEGPULSE,08-BOOST CHARGING WITH NEGATIVE PULSES protocol_Cycles 1 to 1000.zip,09-03-21_21.58_NEGPulse_protocol_halfC_CAP_(b1)_forexcel_cycle_#653.mat,CAP,653,0,1.0,,,,read:KeyError
BOOST_NEGPULSE,08-BOOST CHARGING WITH NEGATIVE PULSES protocol_Cycles 1 to 1000.zip,09-04-21_01.14_NEGPulse_protocol_halfC_0.5C_dchg_(b2)_IN21700_30T_cycle_#654.mat,halfC,654,6287,0.0,24.97,25.74,26.0,
BOOST_NEGPULSE,08-BOOST CHARGING WITH NEGATIVE PULSES protocol_Cycles 1 to 1000.zip,09-04-21_01.14_NEGPulse_protocol_halfC_CAP_(b2)_forexcel_cycle_#654.mat,CAP,654,0,1.0,,,,read:KeyError
BOOST_NEGPULSE,08-BOOST CHARGING WITH NEGATIVE PULSES protocol_Cycles 1 to 1000.zip,09-04-21_03.55_NEG_Pulseprotocol__Fifteen_Drive_Cycles_set_IN21700_30T_cycle_#655_to_669.mat,drive,655,99147,0.0,24.85,26.53,26.49,
BOOST_NEGPULSE,08-BOOST CHARGING WITH NEGATIVE PULSES protocol_Cycles 1 to 1000.zip,Cover20 is not performed this week_#18.mat,other,-1,0,1.0,,,,read:KeyError
BOOST_NEGPULSE,08-BOOST CHARGING WITH NEGATIVE PULSES protocol_Cycles 1 to 1000.zip,09-05-21_12.59_NEGPulse_protocol_whole_Schedule_IN21700_30T_cycle_#670_week#19.mat,schedule,670,335662,0.0,24.65,26.67,26.44,
BOOST_NEGPULSE,08-BOOST CHARGING WITH NEGATIVE PULSES protocol_Cycles 1 to 1000.zip,09-05-21_14.30_NEGPulse_protocol_OCV_0.05C_IN21700_30T_cycle_#670.mat,OCV,670,2268,0.0,24.69,25.41,25.44,
BOOST_NEGPULSE,08-BOOST CHARGING WITH NEGATIVE PULSES protocol_Cycles 1 to 1000.zip,09-07-21_05.30_NEGPulse_protocol_halfC_0.5C_dchg_(a1)_IN21700_30T_cycle_#671.mat,halfC,671,6357,0.0,24.95,25.75,26.03,
BOOST_NEGPULSE,08-BOOST CHARGING WITH NEGATIVE PULSES protocol_Cycles 1 to 1000.zip,09-07-21_05.30_NEGPulse_protocol_halfC_CAP_(a1)_forexcel_cycle_#671.mat,CAP,671,0,1.0,,,,read:KeyError
BOOST_NEGPULSE,08-BOOST CHARGING WITH NEGATIVE PULSES protocol_Cycles 1 to 1000.zip,09-07-21_07.31_NEGPulse_protocol_halfC_CAP_(a1)_forexcel_cycle_#671.mat,CAP,671,0,1.0,,,,read:KeyError
BOOST_NEGPULSE,08-BOOST CHARGING WITH NEGATIVE PULSES protocol_Cycles 1 to 1000.zip,09-07-21_08.52_NEGPulse_protocol_halfC_0.5C_dchg_(a2)_IN21700_30T_cycle_#672.mat,halfC,672,6261,0.0,24.96,25.71,26.02,
BOOST_NEGPULSE,08-BOOST CHARGING WITH NEGATIVE PULSES protocol_Cycles 1 to 1000.zip,09-07-21_08.52_NEGPulse_protocol_halfC_CAP_(a2)_forexcel_cycle_#672.mat,CAP,672,0,1.0,,,,read:KeyError
BOOST_NEGPULSE,08-BOOST CHARGING WITH NEGATIVE PULSES protocol_Cycles 1 to 1000.zip,09-07-21_10.52_NEG_Pulseprotocol_ONE_C_charge_IN21700_30T_cycle_#672.mat,other,672,281,0.0,25.22,26.96,25.71,
BOOST_NEGPULSE,08-BOOST CHARGING WITH NEGATIVE PULSES protocol_Cycles 1 to 1000.zip,09-07-21_12.12_NEGPulse_protocol_OneC_1C_dchg_IN21700_30T_cycle_#673.mat,other,673,3093,0.0,24.97,26.39,26.77,
BOOST_NEGPULSE,08-BOOST CHARGING WITH NEGATIVE PULSES protocol_Cycles 1 to 1000.zip,09-07-21_14.43_NEGPulse_protocol_TwoC_2C_dchg_IN21700_30T_cycle_#674.mat,other,674,1530,0.0,25.19,28.43,29.25,
BOOST_NEGPULSE,08-BOOST CHARGING WITH NEGATIVE PULSES protocol_Cycles 1 to 1000.zip,09-07-21_16.52_NEGPulse_protocol_HPPC_IN21700_30T_cycle_#675.mat,HPPC,675,35045,0.0,24.7,25.89,25.9,
BOOST_NEGPULSE,08-BOOST CHARGING WITH NEGATIVE PULSES protocol_Cycles 1 to 1000.zip,09-08-21_23.01_NEGPulse_protocol_tenpercent_chg_a_IN21700_30T_cycle_#675.mat,other,675,942,0.0,25.11,25.79,25.79,
BOOST_NEGPULSE,08-BOOST CHARGING WITH NEGATIVE PULSES protocol_Cycles 1 to 1000.zip,09-08-21_23.27_NEGPulse_protocol_FastCharge_IN21700_30T_cycle_#675.mat,other,675,40042,0.0,25.13,32.27,25.78,
BOOST_NEGPULSE,08-BOOST CHARGING WITH NEGATIVE PULSES protocol_Cycles 1 to 1000.zip,09-08-21_23.58_NEG_Pulseprotocol__Fifteen_Drive_Cycles_set_IN21700_30T_cycle_#676_to_690.mat,drive,676,99576,0.0,24.82,26.72,26.64,
BOOST_NEGPULSE,08-BOOST CHARGING WITH NEGATIVE PULSES protocol_Cycles 1 to 1000.zip,09-10-21_08.26_NEGPulse_protocol_halfC_0.5C_dchg_(b1)_IN21700_30T_cycle_#691.mat,halfC,691,6237,0.0,24.81,25.7,26.12,
BOOST_NEGPULSE,08-BOOST CHARGING WITH NEGATIVE PULSES protocol_Cycles 1 to 1000.zip,09-10-21_08.26_NEGPulse_protocol_halfC_CAP_(b1)_forexcel_cycle_#691.mat,CAP,691,0,1.0,,,,read:KeyError
BOOST_NEGPULSE,08-BOOST CHARGING WITH NEGATIVE PULSES protocol_Cycles 1 to 1000.zip,09-10-21_11.43_NEGPulse_protocol_halfC_0.5C_dchg_(b2)_IN21700_30T_cycle_#692.mat,halfC,692,6244,0.0,25.0,25.97,25.95,
BOOST_NEGPULSE,08-BOOST CHARGING WITH NEGATIVE PULSES protocol_Cycles 1 to 1000.zip,09-10-21_11.43_NEGPulse_protocol_halfC_CAP_(b2)_forexcel_cycle_#692.mat,CAP,692,0,1.0,,,,read:KeyError
BOOST_NEGPULSE,08-BOOST CHARGING WITH NEGATIVE PULSES protocol_Cycles 1 to 1000.zip,09-10-21_14.23_NEG_Pulseprotocol__Fifteen_Drive_Cycles_set_IN21700_30T_cycle_#693_to_707.mat,drive,693,98894,0.0,24.65,26.73,26.69,
BOOST_NEGPULSE,08-BOOST CHARGING WITH NEGATIVE PULSES protocol_Cycles 1 to 1000.zip,09-12-21_06.42_NEGPulse_protocol_whole_Schedule_IN21700_30T_cycle_#708_week#20.mat,schedule,708,331226,0.0,22.67,26.78,26.53,
BOOST_NEGPULSE,08-BOOST CHARGING WITH NEGATIVE PULSES protocol_Cycles 1 to 1000.zip,09-12-21_07.23_NEGPulse_protocol_halfC_0.5C_dchg_(a1)_IN21700_30T_cycle_#708.mat,halfC,708,6327,0.0,25.29,26.2,25.99,
BOOST_NEGPULSE,08-BOOST CHARGING WITH NEGATIVE PULSES protocol_Cycles 1 to 1000.zip,09-12-21_07.23_NEGPulse_protocol_halfC_CAP_(a1)_forexcel_cycle_#708.mat,CAP,708,0,1.0,,,,read:KeyError
BOOST_NEGPULSE,08-BOOST CHARGING WITH NEGATIVE PULSES protocol_Cycles 1 to 1000.zip,09-12-21_10.44_NEGPulse_protocol_halfC_0.5C_dchg_(a2)_IN21700_30T_cycle_#709.mat,halfC,709,6226,0.0,24.8,25.75,26.18,
BOOST_NEGPULSE,08-BOOST CHARGING WITH NEGATIVE PULSES protocol_Cycles 1 to 1000.zip,09-12-21_10.44_NEGPulse_protocol_halfC_CAP_(a2)_forexcel_cycle_#709.mat,CAP,709,0,1.0,,,,read:KeyError
BOOST_NEGPULSE,08-BOOST CHARGING WITH NEGATIVE PULSES protocol_Cycles 1 to 1000.zip,09-12-21_12.44_NEG_Pulseprotocol_ONE_C_charge_IN21700_30T_cycle_#709.mat,other,709,277,0.0,25.85,27.54,26.24,
BOOST_NEGPULSE,08-BOOST CHARGING WITH NEGATIVE PULSES protocol_Cycles 1 to 1000.zip,09-12-21_14.05_NEGPulse_protocol_OneC_1C_dchg_IN21700_30T_cycle_#710.mat,other,710,3070,0.0,25.71,26.57,26.79,
BOOST_NEGPULSE,08-BOOST CHARGING WITH NEGATIVE PULSES protocol_Cycles 1 to 1000.zip,09-12-21_16.37_NEGPulse_protocol_TwoC_2C_dchg_IN21700_30T_cycle_#711.mat,other,711,1517,0.0,25.13,28.62,29.39,
BOOST_NEGPULSE,08-BOOST CHARGING WITH NEGATIVE PULSES protocol_Cycles 1 to 1000.zip,09-12-21_18.46_NEGPulse_protocol_HPPC_IN21700_30T_cycle_#712.mat,HPPC,712,34995,0.0,24.7,26.12,26.09,
BOOST_NEGPULSE,08-BOOST CHARGING WITH NEGATIVE PULSES protocol_Cycles 1 to 1000.zip,09-14-21_00.55_NEGPulse_protocol_tenpercent_chg_a_IN21700_30T_cycle_#712.mat,other,712,934,0.0,25.87,26.56,26.56,
BOOST_NEGPULSE,08-BOOST CHARGING WITH NEGATIVE PULSES protocol_Cycles 1 to 1000.zip,09-14-21_01.21_NEGPulse_protocol_FastCharge_IN21700_30T_cycle_#712.mat,other,712,39181,0.0,25.97,32.45,26.6,
BOOST_NEGPULSE,08-BOOST CHARGING WITH NEGATIVE PULSES protocol_Cycles 1 to 1000.zip,09-14-21_01.51_NEG_Pulseprotocol__Fifteen_Drive_Cycles_set_IN21700_30T_cycle_#713_to_727.mat,drive,713,99139,0.0,22.67,26.75,26.68,
BOOST_NEGPULSE,08-BOOST CHARGING WITH NEGATIVE PULSES protocol_Cycles 1 to 1000.zip,09-15-21_06.57_NEGPulse_protocol_halfC_0.5C_dchg_(b1)_IN21700_30T_cycle_#728.mat,halfC,728,6188,0.0,24.91,25.7,26.09,
BOOST_NEGPULSE,08-BOOST CHARGING WITH NEGATIVE PULSES protocol_Cycles 1 to 1000.zip,09-15-21_06.57_NEGPulse_protocol_halfC_CAP_(b1)_forexcel_cycle_#728.mat,CAP,728,0,1.0,,,,read:KeyError
BOOST_NEGPULSE,08-BOOST CHARGING WITH NEGATIVE PULSES protocol_Cycles 1 to 1000.zip,09-15-21_10.14_NEGPulse_protocol_halfC_0.5C_dchg_(b2)_IN21700_30T_cycle_#729.mat,halfC,729,6196,0.0,25.32,26.26,26.04,
BOOST_NEGPULSE,08-BOOST CHARGING WITH NEGATIVE PULSES protocol_Cycles 1 to 1000.zip,09-15-21_10.14_NEGPulse_protocol_halfC_CAP_(b2)_forexcel_cycle_#729.mat,CAP,729,0,1.0,,,,read:KeyError
BOOST_NEGPULSE,08-BOOST CHARGING WITH NEGATIVE PULSES protocol_Cycles 1 to 1000.zip,09-15-21_12.52_NEG_Pulseprotocol__Fifteen_Drive_Cycles_set_IN21700_30T_cycle_#730_to_744.mat,drive,730,98410,0.0,23.24,26.76,26.76,
BOOST_NEGPULSE,08-BOOST CHARGING WITH NEGATIVE PULSES protocol_Cycles 1 to 1000.zip,Cover20 is not performed this week_#20.mat,other,-1,0,1.0,,,,read:KeyError
BOOST_NEGPULSE,08-BOOST CHARGING WITH NEGATIVE PULSES protocol_Cycles 1 to 1000.zip,09-16-21_19.45_NEGPulse_protocol_whole_Schedule_IN21700_30T_cycle_#745_week#21.mat,schedule,745,331917,0.0,24.02,26.76,26.54,
BOOST_NEGPULSE,08-BOOST CHARGING WITH NEGATIVE PULSES protocol_Cycles 1 to 1000.zip,09-16-21_21.16_NEGPulse_protocol_OCV_0.05C_IN21700_30T_cycle_#745.mat,OCV,745,2239,0.0,24.06,25.68,25.73,
BOOST_NEGPULSE,08-BOOST CHARGING WITH NEGATIVE PULSES protocol_Cycles 1 to 1000.zip,09-18-21_13.02_NEGPulse_protocol_halfC_0.5C_dchg_(a1)_IN21700_30T_cycle_#746.mat,halfC,746,6262,0.0,24.9,25.85,26.25,
BOOST_NEGPULSE,08-BOOST CHARGING WITH NEGATIVE PULSES protocol_Cycles 1 to 1000.zip,09-18-21_13.02_NEGPulse_protocol_halfC_CAP_(a1)_forexcel_cycle_#746.mat,CAP,746,0,1.0,,,,read:KeyError
BOOST_NEGPULSE,08-BOOST CHARGING WITH NEGATIVE PULSES protocol_Cycles 1 to 1000.zip,09-18-21_16.25_NEGPulse_protocol_halfC_0.5C_dchg_(a2)_IN21700_30T_cycle_#747.mat,halfC,747,6170,0.0,24.96,25.74,25.9,
BOOST_NEGPULSE,08-BOOST CHARGING WITH NEGATIVE PULSES protocol_Cycles 1 to 1000.zip,09-18-21_16.25_NEGPulse_protocol_halfC_CAP_(a2)_forexcel_cycle_#747.mat,CAP,747,0,1.0,,,,read:KeyError
BOOST_NEGPULSE,08-BOOST CHARGING WITH NEGATIVE PULSES protocol_Cycles 1 to 1000.zip,09-18-21_18.24_NEG_Pulseprotocol_ONE_C_charge_IN21700_30T_cycle_#747.mat,other,747,274,0.0,25.08,26.99,25.49,
BOOST_NEGPULSE,08-BOOST CHARGING WITH NEGATIVE PULSES protocol_Cycles 1 to 1000.zip,09-18-21_19.45_NEGPulse_protocol_OneC_1C_dchg_IN21700_30T_cycle_#748.mat,other,748,3049,0.0,25.45,26.99,27.5,
BOOST_NEGPULSE,08-BOOST CHARGING WITH NEGATIVE PULSES protocol_Cycles 1 to 1000.zip,09-18-21_22.19_NEGPulse_protocol_TwoC_2C_dchg_IN21700_30T_cycle_#749.mat,other,749,1503,0.0,25.0,28.36,29.06,
BOOST_NEGPULSE,08-BOOST CHARGING WITH NEGATIVE PULSES protocol_Cycles 1 to 1000.zip,09-19-21_00.28_NEGPulse_protocol_HPPC_IN21700_30T_cycle_#750.mat,HPPC,750,34989,0.0,24.02,26.05,26.11,
BOOST_NEGPULSE,08-BOOST CHARGING WITH NEGATIVE PULSES protocol_Cycles 1 to 1000.zip,09-20-21_06.36_NEGPulse_protocol_tenpercent_chg_a_IN21700_30T_cycle_#750.mat,other,750,928,0.0,25.09,25.76,25.76,
BOOST_NEGPULSE,08-BOOST CHARGING WITH NEGATIVE PULSES protocol_Cycles 1 to 1000.zip,09-20-21_07.01_NEGPulse_protocol_FastCharge_IN21700_30T_cycle_#750.mat,other,750,38601,0.0,25.16,32.26,25.6,
BOOST_NEGPULSE,08-BOOST CHARGING WITH NEGATIVE PULSES protocol_Cycles 1 to 1000.zip,09-20-21_07.33_NEG_Pulseprotocol__Fifteen_Drive_Cycles_set_IN21700_30T_cycle_#751_to_765.mat,drive,751,98038,0.0,24.57,26.79,26.64,
BOOST_NEGPULSE,08-BOOST CHARGING WITH NEGATIVE PULSES protocol_Cycles 1 to 1000.zip,09-21-21_12.18_NEGPulse_protocol_halfC_0.5C_dchg_(b1)_IN21700_30T_cycle_#766.mat,halfC,766,6151,0.0,25.29,26.29,26.81,
BOOST_NEGPULSE,08-BOOST CHARGING WITH NEGATIVE PULSES protocol_Cycles 1 to 1000.zip,09-21-21_12.18_NEGPulse_protocol_halfC_CAP_(b1)_forexcel_cycle_#766.mat,CAP,766,0,1.0,,,,read:KeyError
BOOST_NEGPULSE,08-BOOST CHARGING WITH NEGATIVE PULSES protocol_Cycles 1 to 1000.zip,09-21-21_15.38_NEGPulse_protocol_halfC_0.5C_dchg_(b2)_IN21700_30T_cycle_#767.mat,halfC,767,6147,0.0,24.78,25.74,26.13,
BOOST_NEGPULSE,08-BOOST CHARGING WITH NEGATIVE PULSES protocol_Cycles 1 to 1000.zip,09-21-21_15.38_NEGPulse_protocol_halfC_CAP_(b2)_forexcel_cycle_#767.mat,CAP,767,0,1.0,,,,read:KeyError
BOOST_NEGPULSE,08-BOOST CHARGING WITH NEGATIVE PULSES protocol_Cycles 1 to 1000.zip,09-21-21_18.18_NEG_Pulseprotocol__Fifteen_Drive_Cycles_set_IN21700_30T_cycle_#768_to_782.mat,drive,768,98481,0.0,24.62,26.78,26.75,
BOOST_NEGPULSE,08-BOOST CHARGING WITH NEGATIVE PULSES protocol_Cycles 1 to 1000.zip,09-23-21_09.11_NEGPulse_protocol_whole_Schedule_IN21700_30T_cycle_#783_week#22.mat,schedule,783,327604,0.0,24.26,26.77,26.62,
BOOST_NEGPULSE,08-BOOST CHARGING WITH NEGATIVE PULSES protocol_Cycles 1 to 1000.zip,09-23-21_09.52_NEGPulse_protocol_halfC_0.5C_dchg_(a1)_IN21700_30T_cycle_#783.mat,halfC,783,6222,0.0,25.02,25.78,25.97,
BOOST_NEGPULSE,08-BOOST CHARGING WITH NEGATIVE PULSES protocol_Cycles 1 to 1000.zip,09-23-21_09.52_NEGPulse_protocol_halfC_CAP_(a1)_forexcel_cycle_#783.mat,CAP,783,0,1.0,,,,read:KeyError
BOOST_NEGPULSE,08-BOOST CHARGING WITH NEGATIVE PULSES protocol_Cycles 1 to 1000.zip,09-23-21_13.15_NEGPulse_protocol_halfC_0.5C_dchg_(a2)_IN21700_30T_cycle_#784.mat,halfC,784,6113,0.0,25.46,26.4,26.64,
BOOST_NEGPULSE,08-BOOST CHARGING WITH NEGATIVE PULSES protocol_Cycles 1 to 1000.zip,09-23-21_13.15_NEGPulse_protocol_halfC_CAP_(a2)_forexcel_cycle_#784.mat,CAP,784,0,1.0,,,,read:KeyError
BOOST_NEGPULSE,08-BOOST CHARGING WITH NEGATIVE PULSES protocol_Cycles 1 to 1000.zip,09-23-21_15.13_NEG_Pulseprotocol_ONE_C_charge_IN21700_30T_cycle_#784.mat,other,784,269,0.0,24.61,26.38,25.23,
BOOST_NEGPULSE,08-BOOST CHARGING WITH NEGATIVE PULSES protocol_Cycles 1 to 1000.zip,09-23-21_16.35_NEGPulse_protocol_OneC_1C_dchg_IN21700_30T_cycle_#785.mat,other,785,3015,0.0,24.88,26.41,26.93,
BOOST_NEGPULSE,08-BOOST CHARGING WITH NEGATIVE PULSES protocol_Cycles 1 to 1000.zip,09-23-21_19.07_NEGPulse_protocol_TwoC_2C_dchg_IN21700_30T_cycle_#786.mat,other,786,1495,0.0,25.68,29.31,30.18,
BOOST_NEGPULSE,08-BOOST CHARGING WITH NEGATIVE PULSES protocol_Cycles 1 to 1000.zip,09-23-21_21.18_NEGPulse_protocol_HPPC_IN21700_30T_cycle_#787.mat,HPPC,787,35005,0.0,24.26,26.12,26.14,
BOOST_NEGPULSE,08-BOOST CHARGING WITH NEGATIVE PULSES protocol_Cycles 1 to 1000.zip,09-25-21_03.28_NEGPulse_protocol_tenpercent_chg_a_IN21700_30T_cycle_#787.mat,other,787,920,0.0,25.98,26.75,26.75,
BOOST_NEGPULSE,08-BOOST CHARGING WITH NEGATIVE PULSES protocol_Cycles 1 to 1000.zip,09-25-21_03.53_NEGPulse_protocol_FastCharge_IN21700_30T_cycle_#787.mat,other,787,38107,0.0,25.71,32.55,25.9,
BOOST_NEGPULSE,08-BOOST CHARGING WITH NEGATIVE PULSES protocol_Cycles 1 to 1000.zip,09-25-21_04.23_NEG_Pulseprotocol__Fifteen_Drive_Cycles_set_IN21700_30T_cycle_#788_to_802.mat,drive,788,98053,0.0,24.46,26.76,26.76,
BOOST_NEGPULSE,08-BOOST CHARGING WITH NEGATIVE PULSES protocol_Cycles 1 to 1000.zip,09-26-21_09.13_NEGPulse_protocol_halfC_0.5C_dchg_(b1)_IN21700_30T_cycle_#803.mat,halfC,803,6092,0.0,24.96,25.72,26.08,
BOOST_NEGPULSE,08-BOOST CHARGING WITH NEGATIVE PULSES protocol_Cycles 1 to 1000.zip,09-26-21_09.13_NEGPulse_protocol_halfC_CAP_(b1)_forexcel_cycle_#803.mat,CAP,803,0,1.0,,,,read:KeyError
BOOST_NEGPULSE,08-BOOST CHARGING WITH NEGATIVE PULSES protocol_Cycles 1 to 1000.zip,09-26-21_12.30_NEGPulse_protocol_halfC_0.5C_dchg_(b2)_IN21700_30T_cycle_#804.mat,halfC,804,6100,0.0,25.17,26.16,26.02,
BOOST_NEGPULSE,08-BOOST CHARGING WITH NEGATIVE PULSES protocol_Cycles 1 to 1000.zip,09-26-21_12.30_NEGPulse_protocol_halfC_CAP_(b2)_forexcel_cycle_#804.mat,CAP,804,0,1.0,,,,read:KeyError
BOOST_NEGPULSE,08-BOOST CHARGING WITH NEGATIVE PULSES protocol_Cycles 1 to 1000.zip,09-26-21_15.07_NEG_Pulseprotocol__Fifteen_Drive_Cycles_set_IN21700_30T_cycle_#805_to_819.mat,drive,805,97399,0.0,24.58,26.81,26.81,
BOOST_NEGPULSE,08-BOOST CHARGING WITH NEGATIVE PULSES protocol_Cycles 1 to 1000.zip,Cover20 is not performed this week_#22.mat,other,-1,0,1.0,,,,read:KeyError
BOOST_NEGPULSE,08-BOOST CHARGING WITH NEGATIVE PULSES protocol_Cycles 1 to 1000.zip,09-27-21_21.49_NEGPulse_protocol_whole_Schedule_IN21700_30T_cycle_#820_week#23.mat,schedule,820,327880,0.0,22.93,26.79,26.66,
BOOST_NEGPULSE,08-BOOST CHARGING WITH NEGATIVE PULSES protocol_Cycles 1 to 1000.zip,09-27-21_23.21_NEGPulse_protocol_OCV_0.05C_IN21700_30T_cycle_#820.mat,OCV,820,2209,0.0,24.17,25.7,25.74,
BOOST_NEGPULSE,08-BOOST CHARGING WITH NEGATIVE PULSES protocol_Cycles 1 to 1000.zip,09-29-21_13.17_NEGPulse_protocol_halfC_0.5C_dchg_(a1)_IN21700_30T_cycle_#821.mat,halfC,821,6161,0.0,25.09,25.78,25.94,
BOOST_NEGPULSE,08-BOOST CHARGING WITH NEGATIVE PULSES protocol_Cycles 1 to 1000.zip,09-29-21_13.17_NEGPulse_protocol_halfC_CAP_(a1)_forexcel_cycle_#821.mat,CAP,821,0,1.0,,,,read:KeyError
BOOST_NEGPULSE,08-BOOST CHARGING WITH NEGATIVE PULSES protocol_Cycles 1 to 1000.zip,09-29-21_16.37_NEGPulse_protocol_halfC_0.5C_dchg_(a2)_IN21700_30T_cycle_#822.mat,halfC,822,6078,0.0,25.34,26.4,26.96,
BOOST_NEGPULSE,08-BOOST CHARGING WITH NEGATIVE PULSES protocol_Cycles 1 to 1000.zip,09-29-21_16.37_NEGPulse_protocol_halfC_CAP_(a2)_forexcel_cycle_#822.mat,CAP,822,0,1.0,,,,read:KeyError
BOOST_NEGPULSE,08-BOOST CHARGING WITH NEGATIVE PULSES protocol_Cycles 1 to 1000.zip,09-29-21_18.38_NEG_Pulseprotocol_ONE_C_charge_IN21700_30T_cycle_#822.mat,other,822,267,0.0,25.32,26.96,25.83,
BOOST_NEGPULSE,08-BOOST CHARGING WITH NEGATIVE PULSES protocol_Cycles 1 to 1000.zip,09-29-21_20.00_NEGPulse_protocol_OneC_1C_dchg_IN21700_30T_cycle_#823.mat,other,823,2993,0.0,24.81,26.41,26.89,
BOOST_NEGPULSE,08-BOOST CHARGING WITH NEGATIVE PULSES protocol_Cycles 1 to 1000.zip,09-29-21_22.31_NEGPulse_protocol_TwoC_2C_dchg_IN21700_30T_cycle_#824.mat,other,824,1482,0.0,25.77,29.37,30.18,
BOOST_NEGPULSE,08-BOOST CHARGING WITH NEGATIVE PULSES protocol_Cycles 1 to 1000.zip,09-30-21_00.44_NEGPulse_protocol_HPPC_IN21700_30T_cycle_#825.mat,HPPC,825,34929,0.0,24.75,26.11,26.18,
BOOST_NEGPULSE,08-BOOST CHARGING WITH NEGATIVE PULSES protocol_Cycles 1 to 1000.zip,10-01-21_06.52_NEGPulse_protocol_tenpercent_chg_a_IN21700_30T_cycle_#825.mat,other,825,914,0.0,24.39,25.31,25.31,
BOOST_NEGPULSE,08-BOOST CHARGING WITH NEGATIVE PULSES protocol_Cycles 1 to 1000.zip,10-01-21_07.17_NEGPulse_protocol_FastCharge_IN21700_30T_cycle_#825.mat,other,825,37274,0.0,24.79,32.14,25.54,
BOOST_NEGPULSE,08-BOOST CHARGING WITH NEGATIVE PULSES protocol_Cycles 1 to 1000.zip,10-01-21_07.47_NEG_Pulseprotocol__Fifteen_Drive_Cycles_set_IN21700_30T_cycle_#826_to_840.mat,drive,826,97652,0.0,22.94,26.85,26.8,
BOOST_NEGPULSE,08-BOOST CHARGING WITH NEGATIVE PULSES protocol_Cycles 1 to 1000.zip,10-02-21_12.29_NEGPulse_protocol_halfC_0.5C_dchg_(b1)_IN21700_30T_cycle_#841.mat,halfC,841,6043,0.0,24.91,25.71,26.05,
BOOST_NEGPULSE,08-BOOST CHARGING WITH NEGATIVE PULSES protocol_Cycles 1 to 1000.zip,10-02-21_12.29_NEGPulse_protocol_halfC_CAP_(b1)_forexcel_cycle_#841.mat,CAP,841,0,1.0,,,,read:KeyError
BOOST_NEGPULSE,08-BOOST CHARGING WITH NEGATIVE PULSES protocol_Cycles 1 to 1000.zip,10-02-21_15.45_NEGPulse_protocol_halfC_0.5C_dchg_(b2)_IN21700_30T_cycle_#842.mat,halfC,842,6049,0.0,25.43,26.29,26.14,
BOOST_NEGPULSE,08-BOOST CHARGING WITH NEGATIVE PULSES protocol_Cycles 1 to 1000.zip,10-02-21_15.45_NEGPulse_protocol_halfC_CAP_(b2)_forexcel_cycle_#842.mat,CAP,842,0,1.0,,,,read:KeyError
BOOST_NEGPULSE,08-BOOST CHARGING WITH NEGATIVE PULSES protocol_Cycles 1 to 1000.zip,10-02-21_18.21_NEG_Pulseprotocol__Fifteen_Drive_Cycles_set_IN21700_30T_cycle_#843_to_857.mat,drive,843,97027,0.0,24.88,26.83,26.92,
BOOST_NEGPULSE,08-BOOST CHARGING WITH NEGATIVE PULSES protocol_Cycles 1 to 1000.zip,10-04-21_08.23_NEGPulse_protocol_whole_Schedule_IN21700_30T_cycle_#858_week#24.mat,schedule,858,322413,0.0,23.2,26.8,26.65,
BOOST_NEGPULSE,08-BOOST CHARGING WITH NEGATIVE PULSES protocol_Cycles 1 to 1000.zip,10-04-21_09.05_NEGPulse_protocol_halfC_0.5C_dchg_(a1)_IN21700_30T_cycle_#858.mat,halfC,858,6128,0.0,25.11,25.8,25.99,
BOOST_NEGPULSE,08-BOOST CHARGING WITH NEGATIVE PULSES protocol_Cycles 1 to 1000.zip,10-04-21_09.05_NEGPulse_protocol_halfC_CAP_(a1)_forexcel_cycle_#858.mat,CAP,858,0,1.0,,,,read:KeyError
BOOST_NEGPULSE,08-BOOST CHARGING WITH NEGATIVE PULSES protocol_Cycles 1 to 1000.zip,10-04-21_12.27_NEGPulse_protocol_halfC_0.5C_dchg_(a2)_IN21700_30T_cycle_#859.mat,halfC,859,6029,0.0,25.43,26.5,27.01,
BOOST_NEGPULSE,08-BOOST CHARGING WITH NEGATIVE PULSES protocol_Cycles 1 to 1000.zip,10-04-21_12.27_NEGPulse_protocol_halfC_CAP_(a2)_forexcel_cycle_#859.mat,CAP,859,0,1.0,,,,read:KeyError
BOOST_NEGPULSE,08-BOOST CHARGING WITH NEGATIVE PULSES protocol_Cycles 1 to 1000.zip,10-04-21_14.26_NEG_Pulseprotocol_ONE_C_charge_IN21700_30T_cycle_#859.mat,other,859,262,0.0,25.01,26.97,25.77,
BOOST_NEGPULSE,08-BOOST CHARGING WITH NEGATIVE PULSES protocol_Cycles 1 to 1000.zip,10-04-21_15.49_NEGPulse_protocol_OneC_1C_dchg_IN21700_30T_cycle_#860.mat,other,860,2966,0.0,24.95,26.58,27.09,
BOOST_NEGPULSE,08-BOOST CHARGING WITH NEGATIVE PULSES protocol_Cycles 1 to 1000.zip,10-04-21_18.21_NEGPulse_protocol_TwoC_2C_dchg_IN21700_30T_cycle_#861.mat,other,861,1465,0.0,25.89,29.6,30.29,
BOOST_NEGPULSE,08-BOOST CHARGING WITH NEGATIVE PULSES protocol_Cycles 1 to 1000.zip,10-04-21_20.32_NEGPulse_protocol_HPPC_IN21700_30T_cycle_#862.mat,HPPC,862,34931,0.0,23.2,26.09,25.98,
BOOST_NEGPULSE,08-BOOST CHARGING WITH NEGATIVE PULSES protocol_Cycles 1 to 1000.zip,10-06-21_03.35_NEG_Pulseprotocol__Fifteen_Drive_Cycles_set_IN21700_30T_cycle_#863_to_877.mat,drive,863,96193,0.0,24.25,26.86,26.91,
BOOST_NEGPULSE,08-BOOST CHARGING WITH NEGATIVE PULSES protocol_Cycles 1 to 1000.zip,10-07-21_07.53_NEGPulse_protocol_halfC_0.5C_dchg_(b1)_IN21700_30T_cycle_#878.mat,halfC,878,5991,0.0,24.95,25.77,26.18,
BOOST_NEGPULSE,08-BOOST CHARGING WITH NEGATIVE PULSES protocol_Cycles 1 to 1000.zip,10-07-21_07.53_NEGPulse_protocol_halfC_CAP_(b1)_forexcel_cycle_#878.mat,CAP,878,0,1.0,,,,read:KeyError
BOOST_NEGPULSE,08-BOOST CHARGING WITH NEGATIVE PULSES protocol_Cycles 1 to 1000.zip,10-07-21_11.09_NEGPulse_protocol_halfC_0.5C_dchg_(b2)_IN21700_30T_cycle_#879.mat,halfC,879,5999,0.0,25.36,26.33,26.12,
BOOST_NEGPULSE,08-BOOST CHARGING WITH NEGATIVE PULSES protocol_Cycles 1 to 1000.zip,10-07-21_11.09_NEGPulse_protocol_halfC_CAP_(b2)_forexcel_cycle_#879.mat,CAP,879,0,1.0,,,,read:KeyError
BOOST_NEGPULSE,08-BOOST CHARGING WITH NEGATIVE PULSES protocol_Cycles 1 to 1000.zip,10-07-21_13.44_NEG_Pulseprotocol__Fifteen_Drive_Cycles_set_IN21700_30T_cycle_#880_to_894.mat,drive,880,96414,0.0,23.32,26.81,26.77,
BOOST_NEGPULSE,08-BOOST CHARGING WITH NEGATIVE PULSES protocol_Cycles 1 to 1000.zip,Cover20 is not performed this week_#24.mat,other,-1,0,1.0,,,,read:KeyError
BOOST_NEGPULSE,08-BOOST CHARGING WITH NEGATIVE PULSES protocol_Cycles 1 to 1000.zip,10-09-21_07.39_NEGPulse_protocol_whole_Schedule_IN21700_30T_cycle_#895_week#25.mat,schedule,895,415705,0.0,24.02,28.85,28.43,
BOOST_NEGPULSE,08-BOOST CHARGING WITH NEGATIVE PULSES protocol_Cycles 1 to 1000.zip,10-09-21_09.12_NEGPulse_protocol_OCV_0.05C_IN21700_30T_cycle_#895.mat,OCV,895,2183,0.0,24.02,25.7,25.63,
BOOST_NEGPULSE,08-BOOST CHARGING WITH NEGATIVE PULSES protocol_Cycles 1 to 1000.zip,10-11-21_07.05_NEGPulse_protocol_halfC_0.5C_dchg_(a1)_IN21700_30T_cycle_#896.mat,halfC,896,6119,0.0,25.38,26.75,27.36,
BOOST_NEGPULSE,08-BOOST CHARGING WITH NEGATIVE PULSES protocol_Cycles 1 to 1000.zip,10-11-21_07.05_NEGPulse_protocol_halfC_CAP_(a1)_forexcel_cycle_#896.mat,CAP,896,0,1.0,,,,read:KeyError
BOOST_NEGPULSE,08-BOOST CHARGING WITH NEGATIVE PULSES protocol_Cycles 1 to 1000.zip,10-11-21_10.39_NEGPulse_protocol_halfC_0.5C_dchg_(a2)_IN21700_30T_cycle_#897.mat,halfC,897,6000,0.0,26.15,27.01,27.55,
BOOST_NEGPULSE,08-BOOST CHARGING WITH NEGATIVE PULSES protocol_Cycles 1 to 1000.zip,10-11-21_10.39_NEGPulse_protocol_halfC_CAP_(a2)_forexcel_cycle_#897.mat,CAP,897,0,1.0,,,,read:KeyError
BOOST_NEGPULSE,08-BOOST CHARGING WITH NEGATIVE PULSES protocol_Cycles 1 to 1000.zip,10-11-21_12.51_NEG_Pulseprotocol_ONE_C_charge_IN21700_30T_cycle_#897.mat,other,897,266,0.0,26.1,30.19,26.58,
BOOST_NEGPULSE,08-BOOST CHARGING WITH NEGATIVE PULSES protocol_Cycles 1 to 1000.zip,10-11-21_14.12_NEGPulse_protocol_OneC_1C_dchg_IN21700_30T_cycle_#898.mat,other,898,2968,0.0,26.43,28.8,29.75,
BOOST_NEGPULSE,08-BOOST CHARGING WITH NEGATIVE PULSES protocol_Cycles 1 to 1000.zip,10-11-21_17.05_NEGPulse_protocol_TwoC_2C_dchg_IN21700_30T_cycle_#899.mat,other,899,1476,0.0,26.53,32.83,34.81,
BOOST_NEGPULSE,08-BOOST CHARGING WITH NEGATIVE PULSES protocol_Cycles 1 to 1000.zip,10-11-21_19.45_NEGPulse_protocol_HPPC_IN21700_30T_cycle_#900.mat,HPPC,900,34958,0.0,25.44,26.88,26.82,
BOOST_NEGPULSE,08-BOOST CHARGING WITH NEGATIVE PULSES protocol_Cycles 1 to 1000.zip,10-13-21_03.14_NEG_Pulseprotocol__Fifteen_Drive_Cycles_set_IN21700_30T_cycle_#901_to_915.mat,drive,901,138431,0.0,25.51,29.06,28.92,
BOOST_NEGPULSE,08-BOOST CHARGING WITH NEGATIVE PULSES protocol_Cycles 1 to 1000.zip,10-14-21_19.46_NEGPulse_protocol_halfC_0.5C_dchg_(b1)_IN21700_30T_cycle_#916.mat,halfC,916,5977,0.0,26.48,27.32,27.83,
BOOST_NEGPULSE,08-BOOST CHARGING WITH NEGATIVE PULSES protocol_Cycles 1 to 1000.zip,10-14-21_19.46_NEGPulse_protocol_halfC_CAP_(b1)_forexcel_cycle_#916.mat,CAP,916,0,1.0,,,,read:KeyError
BOOST_NEGPULSE,08-BOOST CHARGING WITH NEGATIVE PULSES protocol_Cycles 1 to 1000.zip,10-14-21_23.19_NEGPulse_protocol_halfC_0.5C_dchg_(b2)_IN21700_30T_cycle_#917.mat,halfC,917,5980,0.0,26.21,27.07,27.52,
BOOST_NEGPULSE,08-BOOST CHARGING WITH NEGATIVE PULSES protocol_Cycles 1 to 1000.zip,10-14-21_23.19_NEGPulse_protocol_halfC_CAP_(b2)_forexcel_cycle_#917.mat,CAP,917,0,1.0,,,,read:KeyError
BOOST_NEGPULSE,08-BOOST CHARGING WITH NEGATIVE PULSES protocol_Cycles 1 to 1000.zip,10-15-21_02.23_NEG_Pulseprotocol__Fifteen_Drive_Cycles_set_IN21700_30T_cycle_#918_to_932.mat,drive,918,136188,0.0,25.67,29.05,28.9,
BOOST_NEGPULSE,08-BOOST CHARGING WITH NEGATIVE PULSES protocol_Cycles 1 to 1000.zip,10-17-21_08.22_NEGPulse_protocol_whole_Schedule_IN21700_30T_cycle_#933_week#26.mat,schedule,933,364008,0.0,22.77,28.0,27.67,
BOOST_NEGPULSE,08-BOOST CHARGING WITH NEGATIVE PULSES protocol_Cycles 1 to 1000.zip,10-17-21_09.04_NEGPulse_protocol_halfC_0.5C_dchg_(a1)_IN21700_30T_cycle_#933.mat,halfC,933,6055,0.0,25.58,26.94,27.56,
BOOST_NEGPULSE,08-BOOST CHARGING WITH NEGATIVE PULSES protocol_Cycles 1 to 1000.zip,10-17-21_09.04_NEGPulse_protocol_halfC_CAP_(a1)_forexcel_cycle_#933.mat,CAP,933,0,1.0,,,,read:KeyError
BOOST_NEGPULSE,08-BOOST CHARGING WITH NEGATIVE PULSES protocol_Cycles 1 to 1000.zip,10-17-21_12.39_NEGPulse_protocol_halfC_0.5C_dchg_(a2)_IN21700_30T_cycle_#934.mat,halfC,934,5941,0.0,26.3,27.1,27.6,
BOOST_NEGPULSE,08-BOOST CHARGING WITH NEGATIVE PULSES protocol_Cycles 1 to 1000.zip,10-17-21_12.39_NEGPulse_protocol_halfC_CAP_(a2)_forexcel_cycle_#934.mat,CAP,934,0,1.0,,,,read:KeyError
BOOST_NEGPULSE,08-BOOST CHARGING WITH NEGATIVE PULSES protocol_Cycles 1 to 1000.zip,10-17-21_14.52_NEG_Pulseprotocol_ONE_C_charge_IN21700_30T_cycle_#934.mat,other,934,261,0.0,26.05,30.31,26.88,
BOOST_NEGPULSE,08-BOOST CHARGING WITH NEGATIVE PULSES protocol_Cycles 1 to 1000.zip,10-17-21_16.14_NEGPulse_protocol_OneC_1C_dchg_IN21700_30T_cycle_#935.mat,other,935,2940,0.0,26.42,28.91,29.93,
BOOST_NEGPULSE,08-BOOST CHARGING WITH NEGATIVE PULSES protocol_Cycles 1 to 1000.zip,10-17-21_19.07_NEGPulse_protocol_TwoC_2C_dchg_IN21700_30T_cycle_#936.mat,other,936,1461,0.0,26.47,32.92,35.05,
BOOST_NEGPULSE,08-BOOST CHARGING WITH NEGATIVE PULSES protocol_Cycles 1 to 1000.zip,10-17-21_21.45_NEGPulse_protocol_HPPC_IN21700_30T_cycle_#937.mat,HPPC,937,34918,0.0,25.31,26.77,26.74,
BOOST_NEGPULSE,08-BOOST CHARGING WITH NEGATIVE PULSES protocol_Cycles 1 to 1000.zip,10-19-21_05.16_NEG_Pulseprotocol__Fifteen_Drive_Cycles_set_IN21700_30T_cycle_#938_to_952.mat,drive,938,134965,0.0,24.4,29.16,29.07,
BOOST_NEGPULSE,08-BOOST CHARGING WITH NEGATIVE PULSES protocol_Cycles 1 to 1000.zip,10-21-21_12.08_NEGPulse_protocol_halfC_0.5C_dchg_(b1)_IN21700_30T_cycle_#953.mat,halfC,953,5895,0.0,26.18,26.99,27.36,
BOOST_NEGPULSE,08-BOOST CHARGING WITH NEGATIVE PULSES protocol_Cycles 1 to 1000.zip,10-21-21_12.08_NEGPulse_protocol_halfC_CAP_(b1)_forexcel_cycle_#953.mat,CAP,953,0,1.0,,,,read:KeyError
BOOST_NEGPULSE,08-BOOST CHARGING WITH NEGATIVE PULSES protocol_Cycles 1 to 1000.zip,10-21-21_15.24_NEGPulse_protocol_halfC_0.5C_dchg_(b2)_IN21700_30T_cycle_#954.mat,halfC,954,5876,0.0,23.07,25.84,26.19,
BOOST_NEGPULSE,08-BOOST CHARGING WITH NEGATIVE PULSES protocol_Cycles 1 to 1000.zip,10-21-21_15.24_NEGPulse_protocol_halfC_CAP_(b2)_forexcel_cycle_#954.mat,CAP,954,0,1.0,,,,read:KeyError
BOOST_NEGPULSE,08-BOOST CHARGING WITH NEGATIVE PULSES protocol_Cycles 1 to 1000.zip,10-21-21_17.58_NEG_Pulseprotocol__Fifteen_Drive_Cycles_set_IN21700_30T_cycle_#955_to_969.mat,drive,955,95497,0.0,24.53,26.87,26.9,
BOOST_NEGPULSE,08-BOOST CHARGING WITH NEGATIVE PULSES protocol_Cycles 1 to 1000.zip,Cover20 is not performed this week_#26.mat,other,-1,0,1.0,,,,read:KeyError
BOOST_NEGPULSE,08-BOOST CHARGING WITH NEGATIVE PULSES protocol_Cycles 1 to 1000.zip,10-23-21_12.05_NEGPulse_protocol_whole_Schedule_IN21700_30T_cycle_#970_week#27.mat,schedule,970,319537,0.0,21.87,26.93,26.81,
BOOST_NEGPULSE,08-BOOST CHARGING WITH NEGATIVE PULSES protocol_Cycles 1 to 1000.zip,10-23-21_13.39_NEGPulse_protocol_OCV_0.05C_IN21700_30T_cycle_#970.mat,OCV,970,2146,0.0,24.11,25.65,25.57,
BOOST_NEGPULSE,08-BOOST CHARGING WITH NEGATIVE PULSES protocol_Cycles 1 to 1000.zip,10-25-21_02.49_NEGPulse_protocol_halfC_0.5C_dchg_(a1)_IN21700_30T_cycle_#971.mat,halfC,971,6012,0.0,25.01,26.31,26.88,
BOOST_NEGPULSE,08-BOOST CHARGING WITH NEGATIVE PULSES protocol_Cycles 1 to 1000.zip,10-25-21_02.49_NEGPulse_protocol_halfC_CAP_(a1)_forexcel_cycle_#971.mat,CAP,971,0,1.0,,,,read:KeyError
BOOST_NEGPULSE,08-BOOST CHARGING WITH NEGATIVE PULSES protocol_Cycles 1 to 1000.zip,10-25-21_06.13_NEGPulse_protocol_halfC_0.5C_dchg_(a2)_IN21700_30T_cycle_#972.mat,halfC,972,5867,0.0,24.96,25.8,26.19,
BOOST_NEGPULSE,08-BOOST CHARGING WITH NEGATIVE PULSES protocol_Cycles 1 to 1000.zip,10-25-21_06.13_NEGPulse_protocol_halfC_CAP_(a2)_forexcel_cycle_#972.mat,CAP,972,0,1.0,,,,read:KeyError
BOOST_NEGPULSE,08-BOOST CHARGING WITH NEGATIVE PULSES protocol_Cycles 1 to 1000.zip,10-25-21_08.08_NEG_Pulseprotocol_ONE_C_charge_IN21700_30T_cycle_#972.mat,other,972,253,0.0,25.27,27.49,25.72,
BOOST_NEGPULSE,08-BOOST CHARGING WITH NEGATIVE PULSES protocol_Cycles 1 to 1000.zip,10-25-21_09.31_NEGPulse_protocol_OneC_1C_dchg_IN21700_30T_cycle_#973.mat,other,973,2889,0.0,25.83,27.43,27.82,
BOOST_NEGPULSE,08-BOOST CHARGING WITH NEGATIVE PULSES protocol_Cycles 1 to 1000.zip,10-25-21_12.02_NEGPulse_protocol_TwoC_2C_dchg_IN21700_30T_cycle_#974.mat,other,974,1421,0.0,25.03,28.93,29.8,
BOOST_NEGPULSE,08-BOOST CHARGING WITH NEGATIVE PULSES protocol_Cycles 1 to 1000.zip,10-25-21_14.12_NEGPulse_protocol_HPPC_IN21700_30T_cycle_#975.mat,HPPC,975,34891,0.0,21.87,26.11,26.18,
BOOST_NEGPULSE,08-BOOST CHARGING WITH NEGATIVE PULSES protocol_Cycles 1 to 1000.zip,10-26-21_21.14_NEG_Pulseprotocol__Fifteen_Drive_Cycles_set_IN21700_30T_cycle_#976_to_990.mat,drive,976,95855,0.0,24.98,26.99,27.06,
BOOST_NEGPULSE,08-BOOST CHARGING WITH NEGATIVE PULSES protocol_Cycles 1 to 1000.zip,10-28-21_01.31_NEGPulse_protocol_halfC_0.5C_dchg_(b1)_IN21700_30T_cycle_#991.mat,halfC,991,5824,0.0,25.13,25.87,26.18,
BOOST_NEGPULSE,08-BOOST CHARGING WITH NEGATIVE PULSES protocol_Cycles 1 to 1000.zip,10-28-21_01.31_NEGPulse_protocol_halfC_CAP_(b1)_forexcel_cycle_#991.mat,CAP,991,0,1.0,,,,read:KeyError
BOOST_NEGPULSE,08-BOOST CHARGING WITH NEGATIVE PULSES protocol_Cycles 1 to 1000.zip,10-28-21_04.45_NEGPulse_protocol_halfC_0.5C_dchg_(b2)_IN21700_30T_cycle_#992.mat,halfC,992,5831,0.0,25.63,26.5,26.53,
BOOST_NEGPULSE,08-BOOST CHARGING WITH NEGATIVE PULSES protocol_Cycles 1 to 1000.zip,10-28-21_04.45_NEGPulse_protocol_halfC_CAP_(b2)_forexcel_cycle_#992.mat,CAP,992,0,1.0,,,,read:KeyError
BOOST_NEGPULSE,08-BOOST CHARGING WITH NEGATIVE PULSES protocol_Cycles 1 to 1000.zip,10-28-21_07.18_NEG_Pulseprotocol__Fifteen_Drive_Cycles_set_IN21700_30T_cycle_#993_to_1007.mat,drive,993,93950,0.0,22.5,27.06,27.03,
BOOST_NEGPULSE,09-BOOST CHARGING WITH NEGATIVE PULSES protocol_Cycles 1000 to 1730.zip,10-29-21_23.59_NEGPulse_protocol_whole_Schedule_IN21700_30T_cycle_#1008_week#28.mat,schedule,1008,315457,0.0,22.73,26.94,26.82,
BOOST_NEGPULSE,09-BOOST CHARGING WITH NEGATIVE PULSES protocol_Cycles 1000 to 1730.zip,10-30-21_00.42_NEGPulse_protocol_halfC_0.5C_dchg_(a1)_IN21700_30T_cycle_#1008.mat,halfC,1008,5923,0.0,25.02,25.96,26.27,
BOOST_NEGPULSE,09-BOOST CHARGING WITH NEGATIVE PULSES protocol_Cycles 1000 to 1730.zip,10-30-21_00.42_NEGPulse_protocol_halfC_CAP_(a1)_forexcel_cycle_#1008.mat,CAP,1008,0,1.0,,,,read:KeyError
BOOST_NEGPULSE,09-BOOST CHARGING WITH NEGATIVE PULSES protocol_Cycles 1000 to 1730.zip,10-30-21_04.02_NEGPulse_protocol_halfC_0.5C_dchg_(a2)_IN21700_30T_cycle_#1009.mat,halfC,1009,5790,0.0,25.63,26.48,26.36,
BOOST_NEGPULSE,09-BOOST CHARGING WITH NEGATIVE PULSES protocol_Cycles 1000 to 1730.zip,10-30-21_04.02_NEGPulse_protocol_halfC_CAP_(a2)_forexcel_cycle_#1009.mat,CAP,1009,0,1.0,,,,read:KeyError
BOOST_NEGPULSE,09-BOOST CHARGING WITH NEGATIVE PULSES protocol_Cycles 1000 to 1730.zip,10-30-21_05.56_NEG_Pulseprotocol_ONE_C_charge_IN21700_30T_cycle_#1009.mat,other,1009,248,0.0,25.13,27.22,25.8,
BOOST_NEGPULSE,09-BOOST CHARGING WITH NEGATIVE PULSES protocol_Cycles 1000 to 1730.zip,10-30-21_07.20_NEGPulse_protocol_OneC_1C_dchg_IN21700_30T_cycle_#1010.mat,other,1010,2850,0.0,25.0,26.8,27.36,
BOOST_NEGPULSE,09-BOOST CHARGING WITH NEGATIVE PULSES protocol_Cycles 1000 to 1730.zip,10-30-21_09.52_NEGPulse_protocol_TwoC_2C_dchg_IN21700_30T_cycle_#1011.mat,other,1011,1406,0.0,25.47,29.27,30.06,
BOOST_NEGPULSE,09-BOOST CHARGING WITH NEGATIVE PULSES protocol_Cycles 1000 to 1730.zip,10-30-21_12.03_NEGPulse_protocol_HPPC_IN21700_30T_cycle_#1012.mat,HPPC,1012,34908,0.0,24.14,26.13,26.05,
BOOST_NEGPULSE,09-BOOST CHARGING WITH NEGATIVE PULSES protocol_Cycles 1000 to 1730.zip,10-31-21_19.07_NEG_Pulseprotocol__Fifteen_Drive_Cycles_set_IN21700_30T_cycle_#1013_to_1027.mat,drive,1013,94667,0.0,23.06,27.03,27.08,
BOOST_NEGPULSE,09-BOOST CHARGING WITH NEGATIVE PULSES protocol_Cycles 1000 to 1730.zip,11-01-21_23.01_NEGPulse_protocol_halfC_0.5C_dchg_(b1)_IN21700_30T_cycle_#1028.mat,halfC,1028,5781,0.0,25.27,26.39,26.96,
BOOST_NEGPULSE,09-BOOST CHARGING WITH NEGATIVE PULSES protocol_Cycles 1000 to 1730.zip,11-01-21_23.01_NEGPulse_protocol_halfC_CAP_(b1)_forexcel_cycle_#1028.mat,CAP,1028,0,1.0,,,,read:KeyError
BOOST_NEGPULSE,09-BOOST CHARGING WITH NEGATIVE PULSES protocol_Cycles 1000 to 1730.zip,11-02-21_02.19_NEGPulse_protocol_halfC_0.5C_dchg_(b2)_IN21700_30T_cycle_#1029.mat,halfC,1029,5774,0.0,25.02,25.88,26.24,
BOOST_NEGPULSE,09-BOOST CHARGING WITH NEGATIVE PULSES protocol_Cycles 1000 to 1730.zip,11-02-21_02.19_NEGPulse_protocol_halfC_CAP_(b2)_forexcel_cycle_#1029.mat,CAP,1029,0,1.0,,,,read:KeyError
BOOST_NEGPULSE,09-BOOST CHARGING WITH NEGATIVE PULSES protocol_Cycles 1000 to 1730.zip,11-02-21_04.51_NEG_Pulseprotocol__Fifteen_Drive_Cycles_set_IN21700_30T_cycle_#1030_to_1044.mat,drive,1030,93997,0.0,22.73,26.98,27.06,
BOOST_NEGPULSE,09-BOOST CHARGING WITH NEGATIVE PULSES protocol_Cycles 1000 to 1730.zip,Cover20 is not performed this week_#28.mat,other,-1,0,1.0,,,,read:KeyError
BOOST_NEGPULSE,09-BOOST CHARGING WITH NEGATIVE PULSES protocol_Cycles 1000 to 1730.zip,variables.mat,other,-1,0,1.0,,,,read:KeyError
BOOST_NEGPULSE,09-BOOST CHARGING WITH NEGATIVE PULSES protocol_Cycles 1000 to 1730.zip,week_.mat,other,-1,0,1.0,,,,read:KeyError
BOOST_NEGPULSE,09-BOOST CHARGING WITH NEGATIVE PULSES protocol_Cycles 1000 to 1730.zip,11-03-21_16.12_NEGPulse_protocol_whole_Schedule_IN21700_30T_cycle_#1045_week#29.mat,schedule,1045,315712,0.0,22.34,26.98,26.87,
BOOST_NEGPULSE,09-BOOST CHARGING WITH NEGATIVE PULSES protocol_Cycles 1000 to 1730.zip,11-03-21_17.46_NEGPulse_protocol_OCV_0.05C_IN21700_30T_cycle_#1045.mat,OCV,1045,2111,0.0,24.1,25.73,25.81,
BOOST_NEGPULSE,09-BOOST CHARGING WITH NEGATIVE PULSES protocol_Cycles 1000 to 1730.zip,11-05-21_06.18_NEGPulse_protocol_halfC_0.5C_dchg_(a1)_IN21700_30T_cycle_#1046.mat,halfC,1046,5869,0.0,25.64,26.52,26.44,
BOOST_NEGPULSE,09-BOOST CHARGING WITH NEGATIVE PULSES protocol_Cycles 1000 to 1730.zip,11-05-21_06.18_NEGPulse_protocol_halfC_CAP_(a1)_forexcel_cycle_#1046.mat,CAP,1046,0,1.0,,,,read:KeyError
BOOST_NEGPULSE,09-BOOST CHARGING WITH NEGATIVE PULSES protocol_Cycles 1000 to 1730.zip,11-05-21_09.38_NEGPulse_protocol_halfC_0.5C_dchg_(a2)_IN21700_30T_cycle_#1047.mat,halfC,1047,5748,0.0,25.01,26.1,26.65,
BOOST_NEGPULSE,09-BOOST CHARGING WITH NEGATIVE PULSES protocol_Cycles 1000 to 1730.zip,11-05-21_09.38_NEGPulse_protocol_halfC_CAP_(a2)_forexcel_cycle_#1047.mat,CAP,1047,0,1.0,,,,read:KeyError
BOOST_NEGPULSE,09-BOOST CHARGING WITH NEGATIVE PULSES protocol_Cycles 1000 to 1730.zip,11-05-21_11.33_NEG_Pulseprotocol_ONE_C_charge_IN21700_30T_cycle_#1047.mat,other,1047,246,0.0,25.81,28.1,26.29,
BOOST_NEGPULSE,09-BOOST CHARGING WITH NEGATIVE PULSES protocol_Cycles 1000 to 1730.zip,11-05-21_12.57_NEGPulse_protocol_OneC_1C_dchg_IN21700_30T_cycle_#1048.mat,other,1048,2821,0.0,25.13,26.8,27.28,
BOOST_NEGPULSE,09-BOOST CHARGING WITH NEGATIVE PULSES protocol_Cycles 1000 to 1730.zip,11-05-21_15.27_NEGPulse_protocol_TwoC_2C_dchg_IN21700_30T_cycle_#1049.mat,other,1049,1390,0.0,25.36,29.46,30.4,
BOOST_NEGPULSE,09-BOOST CHARGING WITH NEGATIVE PULSES protocol_Cycles 1000 to 1730.zip,11-05-21_17.39_NEGPulse_protocol_HPPC_IN21700_30T_cycle_#1050.mat,HPPC,1050,34896,0.0,24.2,26.1,26.06,
BOOST_NEGPULSE,09-BOOST CHARGING WITH NEGATIVE PULSES protocol_Cycles 1000 to 1730.zip,11-07-21_00.47_NEG_Pulseprotocol__Fifteen_Drive_Cycles_set_IN21700_30T_cycle_#1051_to_1065.mat,drive,1051,93768,0.0,24.81,27.07,27.11,
BOOST_NEGPULSE,09-BOOST CHARGING WITH NEGATIVE PULSES protocol_Cycles 1000 to 1730.zip,11-08-21_22.49_NEGPulse_protocol_halfC_0.5C_dchg_(b1)_IN21700_30T_cycle_#1066.mat,halfC,1066,5706,0.0,24.58,25.92,26.18,
BOOST_NEGPULSE,09-BOOST CHARGING WITH NEGATIVE PULSES protocol_Cycles 1000 to 1730.zip,11-08-21_22.49_NEGPulse_protocol_halfC_CAP_(b1)_forexcel_cycle_#1066.mat,CAP,1066,0,1.0,,,,read:KeyError
BOOST_NEGPULSE,09-BOOST CHARGING WITH NEGATIVE PULSES protocol_Cycles 1000 to 1730.zip,11-09-21_02.01_NEGPulse_protocol_halfC_0.5C_dchg_(b2)_IN21700_30T_cycle_#1067.mat,halfC,1067,5712,0.0,25.16,26.26,26.84,
BOOST_NEGPULSE,09-BOOST CHARGING WITH NEGATIVE PULSES protocol_Cycles 1000 to 1730.zip,11-09-21_02.01_NEGPulse_protocol_halfC_CAP_(b2)_forexcel_cycle_#1067.mat,CAP,1067,0,1.0,,,,read:KeyError
BOOST_NEGPULSE,09-BOOST CHARGING WITH NEGATIVE PULSES protocol_Cycles 1000 to 1730.zip,11-09-21_04.31_NEG_Pulseprotocol__Fifteen_Drive_Cycles_set_IN21700_30T_cycle_#1068_to_1082.mat,drive,1068,93944,0.0,24.36,27.09,27.15,
BOOST_NEGPULSE,09-BOOST CHARGING WITH NEGATIVE PULSES protocol_Cycles 1000 to 1730.zip,11-10-21_15.25_NEGPulse_protocol_whole_Schedule_IN21700_30T_cycle_#1083_week#30.mat,schedule,1083,309435,0.0,21.55,26.99,26.9,
BOOST_NEGPULSE,09-BOOST CHARGING WITH NEGATIVE PULSES protocol_Cycles 1000 to 1730.zip,11-10-21_16.08_NEGPulse_protocol_halfC_0.5C_dchg_(a1)_IN21700_30T_cycle_#1083.mat,halfC,1083,5810,0.0,25.01,25.95,26.26,
BOOST_NEGPULSE,09-BOOST CHARGING WITH NEGATIVE PULSES protocol_Cycles 1000 to 1730.zip,11-10-21_16.08_NEGPulse_protocol_halfC_CAP_(a1)_forexcel_cycle_#1083.mat,CAP,1083,0,1.0,,,,read:KeyError
BOOST_NEGPULSE,09-BOOST CHARGING WITH NEGATIVE PULSES protocol_Cycles 1000 to 1730.zip,11-10-21_19.28_NEGPulse_protocol_halfC_0.5C_dchg_(a2)_IN21700_30T_cycle_#1084.mat,halfC,1084,5687,0.0,25.61,26.55,26.64,
BOOST_NEGPULSE,09-BOOST CHARGING WITH NEGATIVE PULSES protocol_Cycles 1000 to 1730.zip,11-10-21_19.28_NEGPulse_protocol_halfC_CAP_(a2)_forexcel_cycle_#1084.mat,CAP,1084,0,1.0,,,,read:KeyError
BOOST_NEGPULSE,09-BOOST CHARGING WITH NEGATIVE PULSES protocol_Cycles 1000 to 1730.zip,11-10-21_21.21_NEG_Pulseprotocol_ONE_C_charge_IN21700_30T_cycle_#1084.mat,other,1084,239,0.0,25.18,27.31,25.45,
BOOST_NEGPULSE,09-BOOST CHARGING WITH NEGATIVE PULSES protocol_Cycles 1000 to 1730.zip,11-10-21_22.46_NEGPulse_protocol_OneC_1C_dchg_IN21700_30T_cycle_#1085.mat,other,1085,2787,0.0,24.98,26.84,27.43,
BOOST_NEGPULSE,09-BOOST CHARGING WITH NEGATIVE PULSES protocol_Cycles 1000 to 1730.zip,11-11-21_01.18_NEGPulse_protocol_TwoC_2C_dchg_IN21700_30T_cycle_#1086.mat,other,1086,1373,0.0,25.81,30.07,31.05,
BOOST_NEGPULSE,09-BOOST CHARGING WITH NEGATIVE PULSES protocol_Cycles 1000 to 1730.zip,11-11-21_03.30_NEGPulse_protocol_HPPC_IN21700_30T_cycle_#1087.mat,HPPC,1087,34875,0.0,21.55,26.15,26.25,
BOOST_NEGPULSE,09-BOOST CHARGING WITH NEGATIVE PULSES protocol_Cycles 1000 to 1730.zip,11-12-21_10.34_NEG_Pulseprotocol__Fifteen_Drive_Cycles_set_IN21700_30T_cycle_#1088_to_1102.mat,drive,1088,93317,0.0,24.45,27.09,27.11,
BOOST_NEGPULSE,09-BOOST CHARGING WITH NEGATIVE PULSES protocol_Cycles 1000 to 1730.zip,11-14-21_21.50_NEGPulse_protocol_halfC_0.5C_dchg_(b1)_IN21700_30T_cycle_#1103.mat,halfC,1103,5641,0.0,25.3,26.54,27.09,
BOOST_NEGPULSE,09-BOOST CHARGING WITH NEGATIVE PULSES protocol_Cycles 1000 to 1730.zip,11-14-21_21.50_NEGPulse_protocol_halfC_CAP_(b1)_forexcel_cycle_#1103.mat,CAP,1103,0,1.0,,,,read:KeyError
BOOST_NEGPULSE,09-BOOST CHARGING WITH NEGATIVE PULSES protocol_Cycles 1000 to 1730.zip,11-15-21_01.05_NEGPulse_protocol_halfC_0.5C_dchg_(b2)_IN21700_30T_cycle_#1104.mat,halfC,1104,5639,0.0,24.94,25.98,26.45,
BOOST_NEGPULSE,09-BOOST CHARGING WITH NEGATIVE PULSES protocol_Cycles 1000 to 1730.zip,11-15-21_01.05_NEGPulse_protocol_halfC_CAP_(b2)_forexcel_cycle_#1104.mat,CAP,1104,0,1.0,,,,read:KeyError
BOOST_NEGPULSE,09-BOOST CHARGING WITH NEGATIVE PULSES protocol_Cycles 1000 to 1730.zip,11-15-21_03.36_NEG_Pulseprotocol__Fifteen_Drive_Cycles_set_IN21700_30T_cycle_#1105_to_1119.mat,drive,1105,92350,0.0,24.58,27.12,27.15,
BOOST_NEGPULSE,09-BOOST CHARGING WITH NEGATIVE PULSES protocol_Cycles 1000 to 1730.zip,Cover20 is not performed this week_#30.mat,other,-1,0,1.0,,,,read:KeyError
BOOST_NEGPULSE,09-BOOST CHARGING WITH NEGATIVE PULSES protocol_Cycles 1000 to 1730.zip,11-20-21_12.17_NEGPulse_protocol_whole_Schedule_IN21700_30T_cycle_#1120_week#31.mat,schedule,1120,55207,0.0,24.2,26.19,26.39,
BOOST_NEGPULSE,09-BOOST CHARGING WITH NEGATIVE PULSES protocol_Cycles 1000 to 1730.zip,11-20-21_14.31_NEGPulse_protocol_OCV_0.05C_IN21700_30T_cycle_#1120.mat,OCV,1120,2034,0.0,24.2,25.72,25.79,
BOOST_NEGPULSE,09-BOOST CHARGING WITH NEGATIVE PULSES protocol_Cycles 1000 to 1730.zip,11-22-21_01.21_NEGPulse_protocol_halfC_0.5C_dchg_(a1)_IN21700_30T_cycle_#1121.mat,halfC,1121,5628,0.0,25.19,26.44,27.05,
BOOST_NEGPULSE,09-BOOST CHARGING WITH NEGATIVE PULSES protocol_Cycles 1000 to 1730.zip,11-22-21_01.21_NEGPulse_protocol_halfC_CAP_(a1)_forexcel_cycle_#1121.mat,CAP,1121,0,1.0,,,,read:KeyError
BOOST_NEGPULSE,09-BOOST CHARGING WITH NEGATIVE PULSES protocol_Cycles 1000 to 1730.zip,11-22-21_04.39_NEGPulse_protocol_halfC_0.5C_dchg_(a2)_IN21700_30T_cycle_#1122.mat,halfC,1122,5625,0.0,24.96,25.9,26.35,
BOOST_NEGPULSE,09-BOOST CHARGING WITH NEGATIVE PULSES protocol_Cycles 1000 to 1730.zip,11-22-21_04.39_NEGPulse_protocol_halfC_CAP_(a2)_forexcel_cycle_#1122.mat,CAP,1122,0,1.0,,,,read:KeyError
BOOST_NEGPULSE,09-BOOST CHARGING WITH NEGATIVE PULSES protocol_Cycles 1000 to 1730.zip,03-05-22_12.22_NEGPulse_protocol_whole_Schedule_IN21700_30T_cycle_#1130_week#31.mat,schedule,1130,317232,0.0,19.43,26.7,26.6,
BOOST_NEGPULSE,09-BOOST CHARGING WITH NEGATIVE PULSES protocol_Cycles 1000 to 1730.zip,03-05-22_15.05_NEGPulse_protocol_OCV_0.05C_IN21700_30T_cycle_#1130.mat,OCV,1130,2102,0.0,24.17,25.53,25.52,
BOOST_NEGPULSE,09-BOOST CHARGING WITH NEGATIVE PULSES protocol_Cycles 1000 to 1730.zip,03-08-22_02.07_NEGPulse_protocol_halfC_0.5C_dchg_(a1)_IN21700_30T_cycle_#1131.mat,halfC,1131,5813,0.0,25.3,26.24,26.17,
BOOST_NEGPULSE,09-BOOST CHARGING WITH NEGATIVE PULSES protocol_Cycles 1000 to 1730.zip,03-08-22_02.07_NEGPulse_protocol_halfC_CAP_(a1)_forexcel_cycle_#1131.mat,CAP,1131,0,1.0,,,,read:KeyError
BOOST_NEGPULSE,09-BOOST CHARGING WITH NEGATIVE PULSES protocol_Cycles 1000 to 1730.zip,03-08-22_05.25_NEGPulse_protocol_halfC_0.5C_dchg_(a2)_IN21700_30T_cycle_#1132.mat,halfC,1132,5847,0.0,24.94,26.01,26.55,
BOOST_NEGPULSE,09-BOOST CHARGING WITH NEGATIVE PULSES protocol_Cycles 1000 to 1730.zip,03-08-22_05.25_NEGPulse_protocol_halfC_CAP_(a2)_forexcel_cycle_#1132.mat,CAP,1132,0,1.0,,,,read:KeyError
BOOST_NEGPULSE,09-BOOST CHARGING WITH NEGATIVE PULSES protocol_Cycles 1000 to 1730.zip,03-08-22_07.21_NEG_Pulseprotocol_ONE_C_charge_IN21700_30T_cycle_#1132.mat,other,1132,251,0.0,25.66,26.81,26.25,
BOOST_NEGPULSE,09-BOOST CHARGING WITH NEGATIVE PULSES protocol_Cycles 1000 to 1730.zip,03-08-22_08.48_NEGPulse_protocol_OneC_1C_dchg_IN21700_30T_cycle_#1133.mat,other,1133,2862,0.0,24.97,26.46,26.82,
BOOST_NEGPULSE,09-BOOST CHARGING WITH NEGATIVE PULSES protocol_Cycles 1000 to 1730.zip,03-08-22_11.19_NEGPulse_protocol_TwoC_2C_dchg_IN21700_30T_cycle_#1134.mat,other,1134,1408,0.0,25.38,29.31,30.08,
BOOST_NEGPULSE,09-BOOST CHARGING WITH NEGATIVE PULSES protocol_Cycles 1000 to 1730.zip,03-08-22_13.32_NEGPulse_protocol_HPPC_IN21700_30T_cycle_#1135.mat,HPPC,1135,34901,0.0,24.24,25.84,25.81,
BOOST_NEGPULSE,09-BOOST CHARGING WITH NEGATIVE PULSES protocol_Cycles 1000 to 1730.zip,03-09-22_20.41_NEG_Pulseprotocol__Fifteen_Drive_Cycles_set_IN21700_30T_cycle_#1136_to_1150.mat,drive,1136,92721,0.0,19.47,26.77,26.88,
BOOST_NEGPULSE,09-BOOST CHARGING WITH NEGATIVE PULSES protocol_Cycles 1000 to 1730.zip,03-11-22_00.03_NEGPulse_protocol_halfC_0.5C_dchg_(b1)_IN21700_30T_cycle_#1151.mat,halfC,1151,5804,0.0,25.37,26.34,26.48,
BOOST_NEGPULSE,09-BOOST CHARGING WITH NEGATIVE PULSES protocol_Cycles 1000 to 1730.zip,03-11-22_00.03_NEGPulse_protocol_halfC_CAP_(b1)_forexcel_cycle_#1151.mat,CAP,1151,0,1.0,,,,read:KeyError
BOOST_NEGPULSE,09-BOOST CHARGING WITH NEGATIVE PULSES protocol_Cycles 1000 to 1730.zip,03-11-22_03.18_NEGPulse_protocol_halfC_0.5C_dchg_(b2)_IN21700_30T_cycle_#1152.mat,halfC,1152,5809,0.0,24.91,25.92,26.45,
BOOST_NEGPULSE,09-BOOST CHARGING WITH NEGATIVE PULSES protocol_Cycles 1000 to 1730.zip,03-11-22_03.18_NEGPulse_protocol_halfC_CAP_(b2)_forexcel_cycle_#1152.mat,CAP,1152,0,1.0,,,,read:KeyError
BOOST_NEGPULSE,09-BOOST CHARGING WITH NEGATIVE PULSES protocol_Cycles 1000 to 1730.zip,03-11-22_05.54_NEG_Pulseprotocol__Fifteen_Drive_Cycles_set_IN21700_30T_cycle_#1153_to_1167.mat,drive,1153,92896,0.0,19.43,26.75,26.84,
BOOST_NEGPULSE,09-BOOST CHARGING WITH NEGATIVE PULSES protocol_Cycles 1000 to 1730.zip,03-09-22_20.41_NEG_Pulseprotocol__Fifteen_Drive_Cycles_set_IN21700_30T_cycle_#1136_to_1150.mat,drive,1136,92721,0.0,19.47,26.77,26.88,
BOOST_NEGPULSE,09-BOOST CHARGING WITH NEGATIVE PULSES protocol_Cycles 1000 to 1730.zip,03-11-22_05.54_NEG_Pulseprotocol__Fifteen_Drive_Cycles_set_IN21700_30T_cycle_#1153_to_1167.mat,drive,1153,92896,0.0,19.43,26.75,26.84,
BOOST_NEGPULSE,09-BOOST CHARGING WITH NEGATIVE PULSES protocol_Cycles 1000 to 1730.zip,03-14-22_08.58_NEGPulse_protocol_whole_Schedule_IN21700_30T_cycle_#1168_week#32.mat,schedule,1168,311826,0.0,23.98,26.76,26.7,
BOOST_NEGPULSE,09-BOOST CHARGING WITH NEGATIVE PULSES protocol_Cycles 1000 to 1730.zip,03-14-22_09.44_NEGPulse_protocol_halfC_0.5C_dchg_(a1)_IN21700_30T_cycle_#1168.mat,halfC,1168,5912,0.0,24.48,25.8,26.03,
BOOST_NEGPULSE,09-BOOST CHARGING WITH NEGATIVE PULSES protocol_Cycles 1000 to 1730.zip,03-14-22_09.44_NEGPulse_protocol_halfC_CAP_(a1)_forexcel_cycle_#1168.mat,CAP,1168,0,1.0,,,,read:KeyError
BOOST_NEGPULSE,09-BOOST CHARGING WITH NEGATIVE PULSES protocol_Cycles 1000 to 1730.zip,03-14-22_13.05_NEGPulse_protocol_halfC_0.5C_dchg_(a2)_IN21700_30T_cycle_#1169.mat,halfC,1169,5762,0.0,25.23,26.23,26.7,
BOOST_NEGPULSE,09-BOOST CHARGING WITH NEGATIVE PULSES protocol_Cycles 1000 to 1730.zip,03-14-22_13.05_NEGPulse_protocol_halfC_CAP_(a2)_forexcel_cycle_#1169.mat,CAP,1169,0,1.0,,,,read:KeyError
BOOST_NEGPULSE,09-BOOST CHARGING WITH NEGATIVE PULSES protocol_Cycles 1000 to 1730.zip,03-14-22_15.02_NEG_Pulseprotocol_ONE_C_charge_IN21700_30T_cycle_#1169.mat,other,1169,246,0.0,25.6,27.07,26.28,
BOOST_NEGPULSE,09-BOOST CHARGING WITH NEGATIVE PULSES protocol_Cycles 1000 to 1730.zip,03-14-22_16.28_NEGPulse_protocol_OneC_1C_dchg_IN21700_30T_cycle_#1170.mat,other,1170,2820,0.0,24.73,26.48,26.98,
BOOST_NEGPULSE,09-BOOST CHARGING WITH NEGATIVE PULSES protocol_Cycles 1000 to 1730.zip,03-14-22_18.59_NEGPulse_protocol_TwoC_2C_dchg_IN21700_30T_cycle_#1171.mat,other,1171,1390,0.0,25.44,29.43,30.23,
BOOST_NEGPULSE,09-BOOST CHARGING WITH NEGATIVE PULSES protocol_Cycles 1000 to 1730.zip,03-14-22_21.14_NEGPulse_protocol_HPPC_IN21700_30T_cycle_#1172.mat,HPPC,1172,34932,0.0,23.98,25.93,25.95,
BOOST_NEGPULSE,09-BOOST CHARGING WITH NEGATIVE PULSES protocol_Cycles 1000 to 1730.zip,03-16-22_04.16_NEG_Pulseprotocol__Fifteen_Drive_Cycles_set_IN21700_30T_cycle_#1173_to_1187.mat,drive,1173,92692,0.0,24.71,26.85,26.93,
BOOST_NEGPULSE,09-BOOST CHARGING WITH NEGATIVE PULSES protocol_Cycles 1000 to 1730.zip,03-17-22_07.39_NEGPulse_protocol_halfC_0.5C_dchg_(b1)_IN21700_30T_cycle_#1188.mat,halfC,1188,5750,0.0,24.27,25.65,26.14,
BOOST_NEGPULSE,09-BOOST CHARGING WITH NEGATIVE PULSES protocol_Cycles 1000 to 1730.zip,03-17-22_07.39_NEGPulse_protocol_halfC_CAP_(b1)_forexcel_cycle_#1188.mat,CAP,1188,0,1.0,,,,read:KeyError
BOOST_NEGPULSE,09-BOOST CHARGING WITH NEGATIVE PULSES protocol_Cycles 1000 to 1730.zip,03-17-22_10.54_NEGPulse_protocol_halfC_0.5C_dchg_(b2)_IN21700_30T_cycle_#1189.mat,halfC,1189,5757,0.0,25.07,26.16,26.72,
BOOST_NEGPULSE,09-BOOST CHARGING WITH NEGATIVE PULSES protocol_Cycles 1000 to 1730.zip,03-17-22_10.54_NEGPulse_protocol_halfC_CAP_(b2)_forexcel_cycle_#1189.mat,CAP,1189,0,1.0,,,,read:KeyError
BOOST_NEGPULSE,09-BOOST CHARGING WITH NEGATIVE PULSES protocol_Cycles 1000 to 1730.zip,03-17-22_13.24_NEG_Pulseprotocol__Fifteen_Drive_Cycles_set_IN21700_30T_cycle_#1190_to_1204.mat,drive,1190,92711,0.0,24.24,26.85,26.9,
BOOST_NEGPULSE,09-BOOST CHARGING WITH NEGATIVE PULSES protocol_Cycles 1000 to 1730.zip,Cover20 is not performed this week_#32.mat,other,-1,0,1.0,,,,read:KeyError
BOOST_NEGPULSE,09-BOOST CHARGING WITH NEGATIVE PULSES protocol_Cycles 1000 to 1730.zip,03-26-22_17.10_NEGPulse_protocol_whole_Schedule_IN21700_30T_cycle_#1205_week#33.mat,schedule,1205,312862,0.0,23.79,26.75,26.71,
BOOST_NEGPULSE,09-BOOST CHARGING WITH NEGATIVE PULSES protocol_Cycles 1000 to 1730.zip,03-26-22_18.47_NEGPulse_protocol_OCV_0.05C_IN21700_30T_cycle_#1205.mat,OCV,1205,2099,0.0,23.98,25.5,25.46,
BOOST_NEGPULSE,09-BOOST CHARGING WITH NEGATIVE PULSES protocol_Cycles 1000 to 1730.zip,03-28-22_07.12_NEGPulse_protocol_halfC_0.5C_dchg_(a1)_IN21700_30T_cycle_#1206.mat,halfC,1206,5874,0.0,24.86,25.72,26.09,
BOOST_NEGPULSE,09-BOOST CHARGING WITH NEGATIVE PULSES protocol_Cycles 1000 to 1730.zip,03-28-22_07.12_NEGPulse_protocol_halfC_CAP_(a1)_forexcel_cycle_#1206.mat,CAP,1206,0,1.0,,,,read:KeyError
BOOST_NEGPULSE,09-BOOST CHARGING WITH NEGATIVE PULSES protocol_Cycles 1000 to 1730.zip,03-28-22_10.32_NEGPulse_protocol_halfC_0.5C_dchg_(a2)_IN21700_30T_cycle_#1207.mat,halfC,1207,5693,0.0,25.05,25.81,26.02,
BOOST_NEGPULSE,09-BOOST CHARGING WITH NEGATIVE PULSES protocol_Cycles 1000 to 1730.zip,03-28-22_10.32_NEGPulse_protocol_halfC_CAP_(a2)_forexcel_cycle_#1207.mat,CAP,1207,0,1.0,,,,read:KeyError
BOOST_NEGPULSE,09-BOOST CHARGING WITH NEGATIVE PULSES protocol_Cycles 1000 to 1730.zip,03-28-22_12.22_NEG_Pulseprotocol_ONE_C_charge_IN21700_30T_cycle_#1207.mat,other,1207,242,0.0,24.7,26.92,25.3,
BOOST_NEGPULSE,09-BOOST CHARGING WITH NEGATIVE PULSES protocol_Cycles 1000 to 1730.zip,03-28-22_13.48_NEGPulse_protocol_OneC_1C_dchg_IN21700_30T_cycle_#1208.mat,other,1208,2791,0.0,24.89,26.53,26.98,
BOOST_NEGPULSE,09-BOOST CHARGING WITH NEGATIVE PULSES protocol_Cycles 1000 to 1730.zip,03-28-22_16.19_NEGPulse_protocol_TwoC_2C_dchg_IN21700_30T_cycle_#1209.mat,other,1209,1373,0.0,25.71,29.61,30.33,
BOOST_NEGPULSE,09-BOOST CHARGING WITH NEGATIVE PULSES protocol_Cycles 1000 to 1730.zip,03-28-22_18.32_NEGPulse_protocol_HPPC_IN21700_30T_cycle_#1210.mat,HPPC,1210,34918,0.0,24.36,25.88,25.81,
BOOST_NEGPULSE,09-BOOST CHARGING WITH NEGATIVE PULSES protocol_Cycles 1000 to 1730.zip,03-30-22_01.41_NEG_Pulseprotocol__Fifteen_Drive_Cycles_set_IN21700_30T_cycle_#1211_to_1225.mat,drive,1211,91791,0.0,24.41,26.86,27.05,
BOOST_NEGPULSE,09-BOOST CHARGING WITH NEGATIVE PULSES protocol_Cycles 1000 to 1730.zip,03-31-22_04.51_NEGPulse_protocol_halfC_0.5C_dchg_(b1)_IN21700_30T_cycle_#1226.mat,halfC,1226,5683,0.0,25.0,25.77,25.98,
BOOST_NEGPULSE,09-BOOST CHARGING WITH NEGATIVE PULSES protocol_Cycles 1000 to 1730.zip,03-31-22_04.51_NEGPulse_protocol_halfC_CAP_(b1)_forexcel_cycle_#1226.mat,CAP,1226,0,1.0,,,,read:KeyError
BOOST_NEGPULSE,09-BOOST CHARGING WITH NEGATIVE PULSES protocol_Cycles 1000 to 1730.zip,03-31-22_08.05_NEGPulse_protocol_halfC_0.5C_dchg_(b2)_IN21700_30T_cycle_#1227.mat,halfC,1227,5696,0.0,25.33,26.51,27.01,
BOOST_NEGPULSE,09-BOOST CHARGING WITH NEGATIVE PULSES protocol_Cycles 1000 to 1730.zip,03-31-22_08.05_NEGPulse_protocol_halfC_CAP_(b2)_forexcel_cycle_#1227.mat,CAP,1227,0,1.0,,,,read:KeyError
BOOST_NEGPULSE,09-BOOST CHARGING WITH NEGATIVE PULSES protocol_Cycles 1000 to 1730.zip,03-31-22_10.34_NEG_Pulseprotocol__Fifteen_Drive_Cycles_set_IN21700_30T_cycle_#1228_to_1242.mat,drive,1228,91197,0.0,24.42,26.81,26.89,
BOOST_NEGPULSE,09-BOOST CHARGING WITH NEGATIVE PULSES protocol_Cycles 1000 to 1730.zip,04-03-22_11.48_NEGPulse_protocol_whole_Schedule_IN21700_30T_cycle_#1243_week#34.mat,schedule,1243,305837,0.0,24.12,26.81,26.76,
BOOST_NEGPULSE,09-BOOST CHARGING WITH NEGATIVE PULSES protocol_Cycles 1000 to 1730.zip,04-03-22_12.34_NEGPulse_protocol_halfC_0.5C_dchg_(a1)_IN21700_30T_cycle_#1243.mat,halfC,1243,5799,0.0,24.87,25.86,26.22,
BOOST_NEGPULSE,09-BOOST CHARGING WITH NEGATIVE PULSES protocol_Cycles 1000 to 1730.zip,04-03-22_12.34_NEGPulse_protocol_halfC_CAP_(a1)_forexcel_cycle_#1243.mat,CAP,1243,0,1.0,,,,read:KeyError
BOOST_NEGPULSE,09-BOOST CHARGING WITH NEGATIVE PULSES protocol_Cycles 1000 to 1730.zip,04-03-22_15.55_NEGPulse_protocol_halfC_0.5C_dchg_(a2)_IN21700_30T_cycle_#1244.mat,halfC,1244,5647,0.0,25.33,26.26,26.17,
BOOST_NEGPULSE,09-BOOST CHARGING WITH NEGATIVE PULSES protocol_Cycles 1000 to 1730.zip,04-03-22_15.55_NEGPulse_protocol_halfC_CAP_(a2)_forexcel_cycle_#1244.mat,CAP,1244,0,1.0,,,,read:KeyError
BOOST_NEGPULSE,09-BOOST CHARGING WITH NEGATIVE PULSES protocol_Cycles 1000 to 1730.zip,04-03-22_17.46_NEG_Pulseprotocol_ONE_C_charge_IN21700_30T_cycle_#1244.mat,other,1244,237,0.0,25.05,26.86,25.43,
BOOST_NEGPULSE,09-BOOST CHARGING WITH NEGATIVE PULSES protocol_Cycles 1000 to 1730.zip,04-03-22_19.14_NEGPulse_protocol_OneC_1C_dchg_IN21700_30T_cycle_#1245.mat,other,1245,2769,0.0,25.26,27.14,27.66,
BOOST_NEGPULSE,09-BOOST CHARGING WITH NEGATIVE PULSES protocol_Cycles 1000 to 1730.zip,04-03-22_21.48_NEGPulse_protocol_TwoC_2C_dchg_IN21700_30T_cycle_#1246.mat,other,1246,1352,0.0,24.98,28.76,29.44,
BOOST_NEGPULSE,09-BOOST CHARGING WITH NEGATIVE PULSES protocol_Cycles 1000 to 1730.zip,04-03-22_23.58_NEGPulse_protocol_HPPC_IN21700_30T_cycle_#1247.mat,HPPC,1247,34908,0.0,24.18,25.96,26.02,
BOOST_NEGPULSE,09-BOOST CHARGING WITH NEGATIVE PULSES protocol_Cycles 1000 to 1730.zip,04-05-22_06.59_NEG_Pulseprotocol__Fifteen_Drive_Cycles_set_IN21700_30T_cycle_#1248_to_1262.mat,drive,1248,91319,0.0,24.65,26.94,27.1,
BOOST_NEGPULSE,09-BOOST CHARGING WITH NEGATIVE PULSES protocol_Cycles 1000 to 1730.zip,04-06-22_10.00_NEGPulse_protocol_halfC_0.5C_dchg_(b1)_IN21700_30T_cycle_#1263.mat,halfC,1263,5629,0.0,24.86,25.9,26.38,
BOOST_NEGPULSE,09-BOOST CHARGING WITH NEGATIVE PULSES protocol_Cycles 1000 to 1730.zip,04-06-22_10.00_NEGPulse_protocol_halfC_CAP_(b1)_forexcel_cycle_#1263.mat,CAP,1263,0,1.0,,,,read:KeyError
BOOST_NEGPULSE,09-BOOST CHARGING WITH NEGATIVE PULSES protocol_Cycles 1000 to 1730.zip,04-06-22_13.16_NEGPulse_protocol_halfC_0.5C_dchg_(b2)_IN21700_30T_cycle_#1264.mat,halfC,1264,5635,0.0,25.15,25.88,26.13,
BOOST_NEGPULSE,09-BOOST CHARGING WITH NEGATIVE PULSES protocol_Cycles 1000 to 1730.zip,04-06-22_13.16_NEGPulse_protocol_halfC_CAP_(b2)_forexcel_cycle_#1264.mat,CAP,1264,0,1.0,,,,read:KeyError
BOOST_NEGPULSE,09-BOOST CHARGING WITH NEGATIVE PULSES protocol_Cycles 1000 to 1730.zip,04-06-22_15.43_NEG_Pulseprotocol__Fifteen_Drive_Cycles_set_IN21700_30T_cycle_#1265_to_1279.mat,drive,1265,90511,0.0,24.32,26.9,27.01,
BOOST_NEGPULSE,09-BOOST CHARGING WITH NEGATIVE PULSES protocol_Cycles 1000 to 1730.zip,Cover20 is not performed this week_#34.mat,other,-1,0,1.0,,,,read:KeyError
BOOST_NEGPULSE,09-BOOST CHARGING WITH NEGATIVE PULSES protocol_Cycles 1000 to 1730.zip,04-08-22_09.29_NEGPulse_protocol_whole_Schedule_IN21700_30T_cycle_#1280_week#35.mat,schedule,1280,307453,0.0,24.06,26.91,26.86,
BOOST_NEGPULSE,09-BOOST CHARGING WITH NEGATIVE PULSES protocol_Cycles 1000 to 1730.zip,04-08-22_11.05_NEGPulse_protocol_OCV_0.05C_IN21700_30T_cycle_#1280.mat,OCV,1280,2081,0.0,24.06,25.5,25.44,
BOOST_NEGPULSE,09-BOOST CHARGING WITH NEGATIVE PULSES protocol_Cycles 1000 to 1730.zip,04-09-22_23.09_NEGPulse_protocol_halfC_0.5C_dchg_(a1)_IN21700_30T_cycle_#1281.mat,halfC,1281,5795,0.0,25.31,25.97,26.2,
BOOST_NEGPULSE,09-BOOST CHARGING WITH NEGATIVE PULSES protocol_Cycles 1000 to 1730.zip,04-09-22_23.09_NEGPulse_protocol_halfC_CAP_(a1)_forexcel_cycle_#1281.mat,CAP,1281,0,1.0,,,,read:KeyError
BOOST_NEGPULSE,09-BOOST CHARGING WITH NEGATIVE PULSES protocol_Cycles 1000 to 1730.zip,04-10-22_02.31_NEGPulse_protocol_halfC_0.5C_dchg_(a2)_IN21700_30T_cycle_#1282.mat,halfC,1282,5641,0.0,25.35,26.44,26.96,
BOOST_NEGPULSE,09-BOOST CHARGING WITH NEGATIVE PULSES protocol_Cycles 1000 to 1730.zip,04-10-22_02.31_NEGPulse_protocol_halfC_CAP_(a2)_forexcel_cycle_#1282.mat,CAP,1282,0,1.0,,,,read:KeyError
BOOST_NEGPULSE,09-BOOST CHARGING WITH NEGATIVE PULSES protocol_Cycles 1000 to 1730.zip,04-10-22_04.25_NEG_Pulseprotocol_ONE_C_charge_IN21700_30T_cycle_#1282.mat,other,1282,235,0.0,25.39,27.23,25.86,
BOOST_NEGPULSE,09-BOOST CHARGING WITH NEGATIVE PULSES protocol_Cycles 1000 to 1730.zip,04-10-22_05.53_NEGPulse_protocol_OneC_1C_dchg_IN21700_30T_cycle_#1283.mat,other,1283,2752,0.0,24.93,26.69,27.19,
BOOST_NEGPULSE,09-BOOST CHARGING WITH NEGATIVE PULSES protocol_Cycles 1000 to 1730.zip,04-10-22_08.27_NEGPulse_protocol_TwoC_2C_dchg_IN21700_30T_cycle_#1284.mat,other,1284,1353,0.0,25.78,29.93,30.75,
BOOST_NEGPULSE,09-BOOST CHARGING WITH NEGATIVE PULSES protocol_Cycles 1000 to 1730.zip,04-10-22_10.42_NEGPulse_protocol_HPPC_IN21700_30T_cycle_#1285.mat,HPPC,1285,34859,0.0,24.75,26.01,25.96,
BOOST_NEGPULSE,09-BOOST CHARGING WITH NEGATIVE PULSES protocol_Cycles 1000 to 1730.zip,04-11-22_17.44_NEG_Pulseprotocol__Fifteen_Drive_Cycles_set_IN21700_30T_cycle_#1286_to_1300.mat,drive,1286,91260,0.0,24.58,27.03,27.24,
BOOST_NEGPULSE,09-BOOST CHARGING WITH NEGATIVE PULSES protocol_Cycles 1000 to 1730.zip,04-12-22_20.45_NEGPulse_protocol_halfC_0.5C_dchg_(b1)_IN21700_30T_cycle_#1301.mat,halfC,1301,5593,0.0,25.26,26.41,26.94,
BOOST_NEGPULSE,09-BOOST CHARGING WITH NEGATIVE PULSES protocol_Cycles 1000 to 1730.zip,04-12-22_20.45_NEGPulse_protocol_halfC_CAP_(b1)_forexcel_cycle_#1301.mat,CAP,1301,0,1.0,,,,read:KeyError
BOOST_NEGPULSE,09-BOOST CHARGING WITH NEGATIVE PULSES protocol_Cycles 1000 to 1730.zip,04-13-22_00.03_NEGPulse_protocol_halfC_0.5C_dchg_(b2)_IN21700_30T_cycle_#1302.mat,halfC,1302,5585,0.0,25.03,25.89,26.28,
BOOST_NEGPULSE,09-BOOST CHARGING WITH NEGATIVE PULSES protocol_Cycles 1000 to 1730.zip,04-13-22_00.03_NEGPulse_protocol_halfC_CAP_(b2)_forexcel_cycle_#1302.mat,CAP,1302,0,1.0,,,,read:KeyError
BOOST_NEGPULSE,09-BOOST CHARGING WITH NEGATIVE PULSES protocol_Cycles 1000 to 1730.zip,04-13-22_02.31_NEG_Pulseprotocol__Fifteen_Drive_Cycles_set_IN21700_30T_cycle_#1303_to_1317.mat,drive,1303,90296,0.0,24.46,27.07,27.17,
BOOST_NEGPULSE,09-BOOST CHARGING WITH NEGATIVE PULSES protocol_Cycles 1000 to 1730.zip,04-15-22_10.42_NEGPulse_protocol_whole_Schedule_IN21700_30T_cycle_#1318_week#36.mat,schedule,1318,302101,0.0,24.19,26.99,26.95,
BOOST_NEGPULSE,09-BOOST CHARGING WITH NEGATIVE PULSES protocol_Cycles 1000 to 1730.zip,04-15-22_20.39_NEGPulse_protocol_halfC_0.5C_dchg_(a1)_IN21700_30T_cycle_#1318.mat,halfC,1318,5710,0.0,24.99,25.96,26.36,
BOOST_NEGPULSE,09-BOOST CHARGING WITH NEGATIVE PULSES protocol_Cycles 1000 to 1730.zip,04-15-22_20.39_NEGPulse_protocol_halfC_CAP_(a1)_forexcel_cycle_#1318.mat,CAP,1318,0,1.0,,,,read:KeyError
BOOST_NEGPULSE,09-BOOST CHARGING WITH NEGATIVE PULSES protocol_Cycles 1000 to 1730.zip,04-16-22_00.01_NEGPulse_protocol_halfC_0.5C_dchg_(a2)_IN21700_30T_cycle_#1319.mat,halfC,1319,5548,0.0,25.67,26.53,26.49,
BOOST_NEGPULSE,09-BOOST CHARGING WITH NEGATIVE PULSES protocol_Cycles 1000 to 1730.zip,04-16-22_00.01_NEGPulse_protocol_halfC_CAP_(a2)_forexcel_cycle_#1319.mat,CAP,1319,0,1.0,,,,read:KeyError
BOOST_NEGPULSE,09-BOOST CHARGING WITH NEGATIVE PULSES protocol_Cycles 1000 to 1730.zip,04-16-22_01.51_NEG_Pulseprotocol_ONE_C_charge_IN21700_30T_cycle_#1319.mat,other,1319,229,0.0,25.12,27.21,25.34,
BOOST_NEGPULSE,09-BOOST CHARGING WITH NEGATIVE PULSES protocol_Cycles 1000 to 1730.zip,04-16-22_03.20_NEGPulse_protocol_OneC_1C_dchg_IN21700_30T_cycle_#1320.mat,other,1320,2716,0.0,25.07,26.97,27.51,
BOOST_NEGPULSE,09-BOOST CHARGING WITH NEGATIVE PULSES protocol_Cycles 1000 to 1730.zip,04-16-22_05.55_NEGPulse_protocol_TwoC_2C_dchg_IN21700_30T_cycle_#1321.mat,other,1321,1335,0.0,26.01,30.06,30.64,
BOOST_NEGPULSE,09-BOOST CHARGING WITH NEGATIVE PULSES protocol_Cycles 1000 to 1730.zip,04-16-22_08.08_NEGPulse_protocol_HPPC_IN21700_30T_cycle_#1322.mat,HPPC,1322,34841,0.0,24.19,26.06,25.93,
BOOST_NEGPULSE,09-BOOST CHARGING WITH NEGATIVE PULSES protocol_Cycles 1000 to 1730.zip,04-17-22_15.13_NEG_Pulseprotocol__Fifteen_Drive_Cycles_set_IN21700_30T_cycle_#1323_to_1337.mat,drive,1323,89781,0.0,24.91,27.08,27.28,
BOOST_NEGPULSE,09-BOOST CHARGING WITH NEGATIVE PULSES protocol_Cycles 1000 to 1730.zip,04-17-22_15.13_NEG_Pulseprotocol__Fifteen_Drive_Cycles_set_IN21700_30T_cycle_#1333_to_1347.mat,drive,1333,89781,0.0,24.91,27.08,27.28,
BOOST_NEGPULSE,09-BOOST CHARGING WITH NEGATIVE PULSES protocol_Cycles 1000 to 1730.zip,04-18-22_17.52_NEGPulse_protocol_halfC_0.5C_dchg_(b1)_IN21700_30T_cycle_#1338.mat,halfC,1338,5528,0.0,25.19,26.02,26.28,
BOOST_NEGPULSE,09-BOOST CHARGING WITH NEGATIVE PULSES protocol_Cycles 1000 to 1730.zip,04-18-22_17.52_NEGPulse_protocol_halfC_CAP_(b1)_forexcel_cycle_#1338.mat,CAP,1338,0,1.0,,,,read:KeyError
BOOST_NEGPULSE,09-BOOST CHARGING WITH NEGATIVE PULSES protocol_Cycles 1000 to 1730.zip,04-18-22_21.07_NEGPulse_protocol_halfC_0.5C_dchg_(b2)_IN21700_30T_cycle_#1339.mat,halfC,1339,5544,0.0,25.41,26.55,27.05,
BOOST_NEGPULSE,09-BOOST CHARGING WITH NEGATIVE PULSES protocol_Cycles 1000 to 1730.zip,04-18-22_21.07_NEGPulse_protocol_halfC_CAP_(b2)_forexcel_cycle_#1339.mat,CAP,1339,0,1.0,,,,read:KeyError
BOOST_NEGPULSE,09-BOOST CHARGING WITH NEGATIVE PULSES protocol_Cycles 1000 to 1730.zip,04-18-22_23.32_NEG_Pulseprotocol__Fifteen_Drive_Cycles_set_IN21700_30T_cycle_#1340_to_1354.mat,drive,1340,89927,0.0,24.22,27.13,27.31,
BOOST_NEGPULSE,09-BOOST CHARGING WITH NEGATIVE PULSES protocol_Cycles 1000 to 1730.zip,Cover20 is not performed this week_#36.mat,other,-1,0,1.0,,,,read:KeyError
BOOST_NEGPULSE,09-BOOST CHARGING WITH NEGATIVE PULSES protocol_Cycles 1000 to 1730.zip,04-21-22_10.59_NEGPulse_protocol_whole_Schedule_IN21700_30T_cycle_#1355_week#37.mat,schedule,1355,301379,0.0,24.15,26.89,26.96,
BOOST_NEGPULSE,09-BOOST CHARGING WITH NEGATIVE PULSES protocol_Cycles 1000 to 1730.zip,04-21-22_12.37_NEGPulse_protocol_OCV_0.05C_IN21700_30T_cycle_#1355.mat,OCV,1355,2051,0.0,24.17,25.65,25.65,
BOOST_NEGPULSE,09-BOOST CHARGING WITH NEGATIVE PULSES protocol_Cycles 1000 to 1730.zip,04-23-22_00.14_NEGPulse_protocol_halfC_0.5C_dchg_(a1)_IN21700_30T_cycle_#1356.mat,halfC,1356,5712,0.0,25.06,26.31,26.84,
BOOST_NEGPULSE,09-BOOST CHARGING WITH NEGATIVE PULSES protocol_Cycles 1000 to 1730.zip,04-23-22_00.14_NEGPulse_protocol_halfC_CAP_(a1)_forexcel_cycle_#1356.mat,CAP,1356,0,1.0,,,,read:KeyError
BOOST_NEGPULSE,09-BOOST CHARGING WITH NEGATIVE PULSES protocol_Cycles 1000 to 1730.zip,04-23-22_03.39_NEGPulse_protocol_halfC_0.5C_dchg_(a2)_IN21700_30T_cycle_#1357.mat,halfC,1357,5516,0.0,25.07,25.91,26.27,
BOOST_NEGPULSE,09-BOOST CHARGING WITH NEGATIVE PULSES protocol_Cycles 1000 to 1730.zip,04-23-22_03.39_NEGPulse_protocol_halfC_CAP_(a2)_forexcel_cycle_#1357.mat,CAP,1357,0,1.0,,,,read:KeyError
BOOST_NEGPULSE,09-BOOST CHARGING WITH NEGATIVE PULSES protocol_Cycles 1000 to 1730.zip,04-23-22_05.28_NEG_Pulseprotocol_ONE_C_charge_IN21700_30T_cycle_#1357.mat,other,1357,228,0.0,25.11,27.46,25.66,
BOOST_NEGPULSE,09-BOOST CHARGING WITH NEGATIVE PULSES protocol_Cycles 1000 to 1730.zip,04-23-22_06.58_NEGPulse_protocol_OneC_1C_dchg_IN21700_30T_cycle_#1358.mat,other,1358,2708,0.0,25.79,27.71,28.32,
BOOST_NEGPULSE,09-BOOST CHARGING WITH NEGATIVE PULSES protocol_Cycles 1000 to 1730.zip,04-23-22_09.34_NEGPulse_protocol_TwoC_2C_dchg_IN21700_30T_cycle_#1359.mat,other,1359,1323,0.0,24.96,29.39,30.24,
BOOST_NEGPULSE,09-BOOST CHARGING WITH NEGATIVE PULSES protocol_Cycles 1000 to 1730.zip,04-23-22_11.48_NEGPulse_protocol_HPPC_IN21700_30T_cycle_#1360.mat,HPPC,1360,34837,0.0,24.15,26.05,25.97,
BOOST_NEGPULSE,09-BOOST CHARGING WITH NEGATIVE PULSES protocol_Cycles 1000 to 1730.zip,04-24-22_18.48_NEG_Pulseprotocol__Fifteen_Drive_Cycles_set_IN21700_30T_cycle_#1361_to_1375.mat,drive,1361,90093,0.0,24.79,27.04,27.26,
BOOST_NEGPULSE,09-BOOST CHARGING WITH NEGATIVE PULSES protocol_Cycles 1000 to 1730.zip,04-25-22_21.34_NEGPulse_protocol_halfC_0.5C_dchg_(b1)_IN21700_30T_cycle_#1376.mat,halfC,1376,5487,0.0,25.7,26.6,27.0,
BOOST_NEGPULSE,09-BOOST CHARGING WITH NEGATIVE PULSES protocol_Cycles 1000 to 1730.zip,04-25-22_21.34_NEGPulse_protocol_halfC_CAP_(b1)_forexcel_cycle_#1376.mat,CAP,1376,0,1.0,,,,read:KeyError
BOOST_NEGPULSE,09-BOOST CHARGING WITH NEGATIVE PULSES protocol_Cycles 1000 to 1730.zip,04-26-22_00.51_NEGPulse_protocol_halfC_0.5C_dchg_(b2)_IN21700_30T_cycle_#1377.mat,halfC,1377,5483,0.0,25.04,25.86,26.33,
BOOST_NEGPULSE,09-BOOST CHARGING WITH NEGATIVE PULSES protocol_Cycles 1000 to 1730.zip,04-26-22_00.51_NEGPulse_protocol_halfC_CAP_(b2)_forexcel_cycle_#1377.mat,CAP,1377,0,1.0,,,,read:KeyError
BOOST_NEGPULSE,09-BOOST CHARGING WITH NEGATIVE PULSES protocol_Cycles 1000 to 1730.zip,04-26-22_03.18_NEG_Pulseprotocol__Fifteen_Drive_Cycles_set_IN21700_30T_cycle_#1378_to_1392.mat,drive,1378,87934,0.0,24.56,27.05,27.29,
BOOST_NEGPULSE,09-BOOST CHARGING WITH NEGATIVE PULSES protocol_Cycles 1000 to 1730.zip,04-27-22_18.28_NEGPulse_protocol_whole_Schedule_IN21700_30T_cycle_#1393_week#38.mat,schedule,1393,294661,0.0,23.95,26.88,26.91,
BOOST_NEGPULSE,09-BOOST CHARGING WITH NEGATIVE PULSES protocol_Cycles 1000 to 1730.zip,04-27-22_19.14_NEGPulse_protocol_halfC_0.5C_dchg_(a1)_IN21700_30T_cycle_#1393.mat,halfC,1393,5635,0.0,24.91,26.2,26.77,
BOOST_NEGPULSE,09-BOOST CHARGING WITH NEGATIVE PULSES protocol_Cycles 1000 to 1730.zip,04-27-22_19.14_NEGPulse_protocol_halfC_CAP_(a1)_forexcel_cycle_#1393.mat,CAP,1393,0,1.0,,,,read:KeyError
BOOST_NEGPULSE,09-BOOST CHARGING WITH NEGATIVE PULSES protocol_Cycles 1000 to 1730.zip,04-27-22_22.38_NEGPulse_protocol_halfC_0.5C_dchg_(a2)_IN21700_30T_cycle_#1394.mat,halfC,1394,5460,0.0,24.91,25.85,26.18,
BOOST_NEGPULSE,09-BOOST CHARGING WITH NEGATIVE PULSES protocol_Cycles 1000 to 1730.zip,04-27-22_22.38_NEGPulse_protocol_halfC_CAP_(a2)_forexcel_cycle_#1394.mat,CAP,1394,0,1.0,,,,read:KeyError
BOOST_NEGPULSE,09-BOOST CHARGING WITH NEGATIVE PULSES protocol_Cycles 1000 to 1730.zip,04-28-22_00.27_NEG_Pulseprotocol_ONE_C_charge_IN21700_30T_cycle_#1394.mat,other,1394,221,0.0,25.05,27.38,25.68,
BOOST_NEGPULSE,09-BOOST CHARGING WITH NEGATIVE PULSES protocol_Cycles 1000 to 1730.zip,04-28-22_01.58_NEGPulse_protocol_OneC_1C_dchg_IN21700_30T_cycle_#1395.mat,other,1395,2680,0.0,25.53,27.6,28.24,
BOOST_NEGPULSE,09-BOOST CHARGING WITH NEGATIVE PULSES protocol_Cycles 1000 to 1730.zip,04-28-22_04.36_NEGPulse_protocol_TwoC_2C_dchg_IN21700_30T_cycle_#1396.mat,other,1396,1307,0.0,25.01,29.54,30.26,
BOOST_NEGPULSE,09-BOOST CHARGING WITH NEGATIVE PULSES protocol_Cycles 1000 to 1730.zip,04-28-22_06.52_NEGPulse_protocol_HPPC_IN21700_30T_cycle_#1397.mat,HPPC,1397,34855,0.0,23.95,26.01,26.01,
BOOST_NEGPULSE,09-BOOST CHARGING WITH NEGATIVE PULSES protocol_Cycles 1000 to 1730.zip,04-29-22_13.52_NEG_Pulseprotocol__Fifteen_Drive_Cycles_set_IN21700_30T_cycle_#1398_to_1412.mat,drive,1398,87640,0.0,24.26,26.99,27.26,
BOOST_NEGPULSE,09-BOOST CHARGING WITH NEGATIVE PULSES protocol_Cycles 1000 to 1730.zip,04-30-22_15.57_NEGPulse_protocol_halfC_0.5C_dchg_(b1)_IN21700_30T_cycle_#1413.mat,halfC,1413,5420,0.0,24.87,26.0,26.52,
BOOST_NEGPULSE,09-BOOST CHARGING WITH NEGATIVE PULSES protocol_Cycles 1000 to 1730.zip,04-30-22_15.57_NEGPulse_protocol_halfC_CAP_(b1)_forexcel_cycle_#1413.mat,CAP,1413,0,1.0,,,,read:KeyError
BOOST_NEGPULSE,09-BOOST CHARGING WITH NEGATIVE PULSES protocol_Cycles 1000 to 1730.zip,04-30-22_19.12_NEGPulse_protocol_halfC_0.5C_dchg_(b2)_IN21700_30T_cycle_#1414.mat,halfC,1414,5417,0.0,24.96,25.87,26.15,
BOOST_NEGPULSE,09-BOOST CHARGING WITH NEGATIVE PULSES protocol_Cycles 1000 to 1730.zip,04-30-22_19.12_NEGPulse_protocol_halfC_CAP_(b2)_forexcel_cycle_#1414.mat,CAP,1414,0,1.0,,,,read:KeyError
BOOST_NEGPULSE,09-BOOST CHARGING WITH NEGATIVE PULSES protocol_Cycles 1000 to 1730.zip,04-30-22_21.35_NEG_Pulseprotocol__Fifteen_Drive_Cycles_set_IN21700_30T_cycle_#1415_to_1429.mat,drive,1415,87664,0.0,24.29,27.08,27.27,
BOOST_NEGPULSE,09-BOOST CHARGING WITH NEGATIVE PULSES protocol_Cycles 1000 to 1730.zip,Cover20 is not performed this week_#38.mat,other,-1,0,1.0,,,,read:KeyError
BOOST_NEGPULSE,09-BOOST CHARGING WITH NEGATIVE PULSES protocol_Cycles 1000 to 1730.zip,05-03-22_16.05_NEGPulse_protocol_whole_Schedule_IN21700_30T_cycle_#1430_week#39.mat,schedule,1430,297699,0.0,23.94,26.93,26.96,
BOOST_NEGPULSE,09-BOOST CHARGING WITH NEGATIVE PULSES protocol_Cycles 1000 to 1730.zip,05-03-22_17.44_NEGPulse_protocol_OCV_0.05C_IN21700_30T_cycle_#1430.mat,OCV,1430,2014,0.0,23.94,25.52,25.51,
BOOST_NEGPULSE,09-BOOST CHARGING WITH NEGATIVE PULSES protocol_Cycles 1000 to 1730.zip,05-05-22_04.45_NEGPulse_protocol_halfC_0.5C_dchg_(a1)_IN21700_30T_cycle_#1431.mat,halfC,1431,5590,0.0,25.39,26.28,26.36,
BOOST_NEGPULSE,09-BOOST CHARGING WITH NEGATIVE PULSES protocol_Cycles 1000 to 1730.zip,05-05-22_04.45_NEGPulse_protocol_halfC_CAP_(a1)_forexcel_cycle_#1431.mat,CAP,1431,0,1.0,,,,read:KeyError
BOOST_NEGPULSE,09-BOOST CHARGING WITH NEGATIVE PULSES protocol_Cycles 1000 to 1730.zip,05-05-22_08.08_NEGPulse_protocol_halfC_0.5C_dchg_(a2)_IN21700_30T_cycle_#1432.mat,halfC,1432,5418,0.0,24.98,26.15,26.76,
BOOST_NEGPULSE,09-BOOST CHARGING WITH NEGATIVE PULSES protocol_Cycles 1000 to 1730.zip,05-05-22_08.08_NEGPulse_protocol_halfC_CAP_(a2)_forexcel_cycle_#1432.mat,CAP,1432,0,1.0,,,,read:KeyError
BOOST_NEGPULSE,09-BOOST CHARGING WITH NEGATIVE PULSES protocol_Cycles 1000 to 1730.zip,05-05-22_09.58_NEG_Pulseprotocol_ONE_C_charge_IN21700_30T_cycle_#1432.mat,other,1432,219,0.0,25.71,27.74,26.27,
BOOST_NEGPULSE,09-BOOST CHARGING WITH NEGATIVE PULSES protocol_Cycles 1000 to 1730.zip,05-05-22_11.30_NEGPulse_protocol_OneC_1C_dchg_IN21700_30T_cycle_#1433.mat,other,1433,2644,0.0,24.89,26.87,27.46,
BOOST_NEGPULSE,09-BOOST CHARGING WITH NEGATIVE PULSES protocol_Cycles 1000 to 1730.zip,05-05-22_14.05_NEGPulse_protocol_TwoC_2C_dchg_IN21700_30T_cycle_#1434.mat,other,1434,1300,0.0,25.57,30.29,31.15,
BOOST_NEGPULSE,09-BOOST CHARGING WITH NEGATIVE PULSES protocol_Cycles 1000 to 1730.zip,05-05-22_16.24_NEGPulse_protocol_HPPC_IN21700_30T_cycle_#1435.mat,HPPC,1435,34807,0.0,24.07,25.96,25.9,
BOOST_NEGPULSE,09-BOOST CHARGING WITH NEGATIVE PULSES protocol_Cycles 1000 to 1730.zip,05-06-22_23.26_NEG_Pulseprotocol__Fifteen_Drive_Cycles_set_IN21700_30T_cycle_#1436_to_1450.mat,drive,1436,88296,0.0,24.46,27.13,27.38,
BOOST_NEGPULSE,09-BOOST CHARGING WITH NEGATIVE PULSES protocol_Cycles 1000 to 1730.zip,05-08-22_01.46_NEGPulse_protocol_halfC_0.5C_dchg_(b1)_IN21700_30T_cycle_#1451.mat,halfC,1451,5362,0.0,24.86,25.93,26.38,
BOOST_NEGPULSE,09-BOOST CHARGING WITH NEGATIVE PULSES protocol_Cycles 1000 to 1730.zip,05-08-22_01.46_NEGPulse_protocol_halfC_CAP_(b1)_forexcel_cycle_#1451.mat,CAP,1451,0,1.0,,,,read:KeyError
BOOST_NEGPULSE,09-BOOST CHARGING WITH NEGATIVE PULSES protocol_Cycles 1000 to 1730.zip,05-08-22_05.02_NEGPulse_protocol_halfC_0.5C_dchg_(b2)_IN21700_30T_cycle_#1452.mat,halfC,1452,5376,0.0,25.42,26.3,26.38,
BOOST_NEGPULSE,09-BOOST CHARGING WITH NEGATIVE PULSES protocol_Cycles 1000 to 1730.zip,05-08-22_05.02_NEGPulse_protocol_halfC_CAP_(b2)_forexcel_cycle_#1452.mat,CAP,1452,0,1.0,,,,read:KeyError
BOOST_NEGPULSE,09-BOOST CHARGING WITH NEGATIVE PULSES protocol_Cycles 1000 to 1730.zip,05-08-22_07.24_NEG_Pulseprotocol__Fifteen_Drive_Cycles_set_IN21700_30T_cycle_#1453_to_1467.mat,drive,1453,87855,0.0,24.77,27.13,27.35,
BOOST_NEGPULSE,09-BOOST CHARGING WITH NEGATIVE PULSES protocol_Cycles 1000 to 1730.zip,05-10-22_11.25_NEGPulse_protocol_whole_Schedule_IN21700_30T_cycle_#1468_week#40.mat,schedule,1468,295492,0.0,24.11,27.09,27.2,
BOOST_NEGPULSE,09-BOOST CHARGING WITH NEGATIVE PULSES protocol_Cycles 1000 to 1730.zip,05-10-22_12.12_NEGPulse_protocol_halfC_0.5C_dchg_(a1)_IN21700_30T_cycle_#1468.mat,halfC,1468,5513,0.0,25.29,26.61,27.04,
BOOST_NEGPULSE,09-BOOST CHARGING WITH NEGATIVE PULSES protocol_Cycles 1000 to 1730.zip,05-10-22_12.12_NEGPulse_protocol_halfC_CAP_(a1)_forexcel_cycle_#1468.mat,CAP,1468,0,1.0,,,,read:KeyError
BOOST_NEGPULSE,09-BOOST CHARGING WITH NEGATIVE PULSES protocol_Cycles 1000 to 1730.zip,05-10-22_15.35_NEGPulse_protocol_halfC_0.5C_dchg_(a2)_IN21700_30T_cycle_#1469.mat,halfC,1469,5348,0.0,25.09,26.45,27.16,
BOOST_NEGPULSE,09-BOOST CHARGING WITH NEGATIVE PULSES protocol_Cycles 1000 to 1730.zip,05-10-22_15.35_NEGPulse_protocol_halfC_CAP_(a2)_forexcel_cycle_#1469.mat,CAP,1469,0,1.0,,,,read:KeyError
BOOST_NEGPULSE,09-BOOST CHARGING WITH NEGATIVE PULSES protocol_Cycles 1000 to 1730.zip,05-10-22_17.25_NEG_Pulseprotocol_ONE_C_charge_IN21700_30T_cycle_#1469.mat,other,1469,212,0.0,25.16,27.16,25.66,
BOOST_NEGPULSE,09-BOOST CHARGING WITH NEGATIVE PULSES protocol_Cycles 1000 to 1730.zip,05-10-22_18.59_NEGPulse_protocol_OneC_1C_dchg_IN21700_30T_cycle_#1470.mat,other,1470,2609,0.0,24.94,27.03,27.62,
BOOST_NEGPULSE,09-BOOST CHARGING WITH NEGATIVE PULSES protocol_Cycles 1000 to 1730.zip,05-10-22_21.35_NEGPulse_protocol_TwoC_2C_dchg_IN21700_30T_cycle_#1471.mat,other,1471,1287,0.0,25.73,30.6,31.54,
BOOST_NEGPULSE,09-BOOST CHARGING WITH NEGATIVE PULSES protocol_Cycles 1000 to 1730.zip,05-10-22_23.56_NEGPulse_protocol_HPPC_IN21700_30T_cycle_#1472.mat,HPPC,1472,34822,0.0,24.11,26.07,26.07,
BOOST_NEGPULSE,09-BOOST CHARGING WITH NEGATIVE PULSES protocol_Cycles 1000 to 1730.zip,05-12-22_06.57_NEG_Pulseprotocol__Fifteen_Drive_Cycles_set_IN21700_30T_cycle_#1473_to_1487.mat,drive,1473,89089,0.0,24.83,27.26,27.52,
BOOST_NEGPULSE,09-BOOST CHARGING WITH NEGATIVE PULSES protocol_Cycles 1000 to 1730.zip,05-13-22_09.30_NEGPulse_protocol_halfC_0.5C_dchg_(b1)_IN21700_30T_cycle_#1488.mat,halfC,1488,5308,0.0,25.7,26.57,26.58,
BOOST_NEGPULSE,09-BOOST CHARGING WITH NEGATIVE PULSES protocol_Cycles 1000 to 1730.zip,05-13-22_09.30_NEGPulse_protocol_halfC_CAP_(b1)_forexcel_cycle_#1488.mat,CAP,1488,0,1.0,,,,read:KeyError
BOOST_NEGPULSE,09-BOOST CHARGING WITH NEGATIVE PULSES protocol_Cycles 1000 to 1730.zip,05-13-22_12.46_NEGPulse_protocol_halfC_0.5C_dchg_(b2)_IN21700_30T_cycle_#1489.mat,halfC,1489,5310,0.0,25.07,26.32,26.86,
BOOST_NEGPULSE,09-BOOST CHARGING WITH NEGATIVE PULSES protocol_Cycles 1000 to 1730.zip,05-13-22_12.46_NEGPulse_protocol_halfC_CAP_(b2)_forexcel_cycle_#1489.mat,CAP,1489,0,1.0,,,,read:KeyError
BOOST_NEGPULSE,09-BOOST CHARGING WITH NEGATIVE PULSES protocol_Cycles 1000 to 1730.zip,05-13-22_15.09_NEG_Pulseprotocol__Fifteen_Drive_Cycles_set_IN21700_30T_cycle_#1490_to_1504.mat,drive,1490,88728,0.0,24.13,27.36,27.66,
BOOST_NEGPULSE,09-BOOST CHARGING WITH NEGATIVE PULSES protocol_Cycles 1000 to 1730.zip,Cover20 is not performed this week_#40.mat,other,-1,0,1.0,,,,read:KeyError
BOOST_NEGPULSE,09-BOOST CHARGING WITH NEGATIVE PULSES protocol_Cycles 1000 to 1730.zip,06-08-22_12.18_NEGPulse_protocol_whole_Schedule_IN21700_30T_cycle_#1505_week#41.mat,schedule,1505,295682,0.0,24.1,27.15,27.25,
BOOST_NEGPULSE,09-BOOST CHARGING WITH NEGATIVE PULSES protocol_Cycles 1000 to 1730.zip,06-08-22_14.34_NEGPulse_protocol_OCV_0.05C_IN21700_30T_cycle_#1505.mat,OCV,1505,1928,0.0,24.3,25.73,25.8,
BOOST_NEGPULSE,09-BOOST CHARGING WITH NEGATIVE PULSES protocol_Cycles 1000 to 1730.zip,06-09-22_23.38_NEGPulse_protocol_halfC_0.5C_dchg_(a1)_IN21700_30T_cycle_#1506.mat,halfC,1506,5297,0.0,25.76,26.71,26.7,
BOOST_NEGPULSE,09-BOOST CHARGING WITH NEGATIVE PULSES protocol_Cycles 1000 to 1730.zip,06-09-22_23.38_NEGPulse_protocol_halfC_CAP_(a1)_forexcel_cycle_#1506.mat,CAP,1506,0,1.0,,,,read:KeyError
BOOST_NEGPULSE,09-BOOST CHARGING WITH NEGATIVE PULSES protocol_Cycles 1000 to 1730.zip,06-10-22_02.55_NEGPulse_protocol_halfC_0.5C_dchg_(a2)_IN21700_30T_cycle_#1507.mat,halfC,1507,5242,0.0,25.24,26.4,27.0,
BOOST_NEGPULSE,09-BOOST CHARGING WITH NEGATIVE PULSES protocol_Cycles 1000 to 1730.zip,06-10-22_02.55_NEGPulse_protocol_halfC_CAP_(a2)_forexcel_cycle_#1507.mat,CAP,1507,0,1.0,,,,read:KeyError
BOOST_NEGPULSE,09-BOOST CHARGING WITH NEGATIVE PULSES protocol_Cycles 1000 to 1730.zip,06-10-22_04.43_NEG_Pulseprotocol_ONE_C_charge_IN21700_30T_cycle_#1507.mat,other,1507,211,0.0,25.91,28.43,26.19,
BOOST_NEGPULSE,09-BOOST CHARGING WITH NEGATIVE PULSES protocol_Cycles 1000 to 1730.zip,06-10-22_06.13_NEGPulse_protocol_OneC_1C_dchg_IN21700_30T_cycle_#1508.mat,other,1508,2557,0.0,25.1,27.17,27.79,
BOOST_NEGPULSE,09-BOOST CHARGING WITH NEGATIVE PULSES protocol_Cycles 1000 to 1730.zip,06-10-22_08.47_NEGPulse_protocol_TwoC_2C_dchg_IN21700_30T_cycle_#1509.mat,other,1509,1253,0.0,25.52,30.52,31.48,
BOOST_NEGPULSE,09-BOOST CHARGING WITH NEGATIVE PULSES protocol_Cycles 1000 to 1730.zip,06-10-22_11.03_NEGPulse_protocol_HPPC_IN21700_30T_cycle_#1510.mat,HPPC,1510,34875,0.0,24.1,26.06,26.01,
BOOST_NEGPULSE,09-BOOST CHARGING WITH NEGATIVE PULSES protocol_Cycles 1000 to 1730.zip,06-11-22_18.09_NEG_Pulseprotocol__Fifteen_Drive_Cycles_set_IN21700_30T_cycle_#1511_to_1525.mat,drive,1511,88118,0.0,24.6,27.44,27.7,
BOOST_NEGPULSE,09-BOOST CHARGING WITH NEGATIVE PULSES protocol_Cycles 1000 to 1730.zip,06-12-22_20.26_NEGPulse_protocol_halfC_0.5C_dchg_(b1)_IN21700_30T_cycle_#1526.mat,halfC,1526,5221,0.0,25.2,26.11,26.45,
BOOST_NEGPULSE,09-BOOST CHARGING WITH NEGATIVE PULSES protocol_Cycles 1000 to 1730.zip,06-12-22_20.26_NEGPulse_protocol_halfC_CAP_(b1)_forexcel_cycle_#1526.mat,CAP,1526,0,1.0,,,,read:KeyError
BOOST_NEGPULSE,09-BOOST CHARGING WITH NEGATIVE PULSES protocol_Cycles 1000 to 1730.zip,06-12-22_23.40_NEGPulse_protocol_halfC_0.5C_dchg_(b2)_IN21700_30T_cycle_#1527.mat,halfC,1527,5222,0.0,25.55,26.84,27.41,
BOOST_NEGPULSE,09-BOOST CHARGING WITH NEGATIVE PULSES protocol_Cycles 1000 to 1730.zip,06-12-22_23.40_NEGPulse_protocol_halfC_CAP_(b2)_forexcel_cycle_#1527.mat,CAP,1527,0,1.0,,,,read:KeyError
BOOST_NEGPULSE,09-BOOST CHARGING WITH NEGATIVE PULSES protocol_Cycles 1000 to 1730.zip,06-13-22_01.59_NEG_Pulseprotocol__Fifteen_Drive_Cycles_set_IN21700_30T_cycle_#1528_to_1542.mat,drive,1528,87696,0.0,24.52,27.32,27.63,
BOOST_NEGPULSE,09-BOOST CHARGING WITH NEGATIVE PULSES protocol_Cycles 1000 to 1730.zip,06-19-22_20.20_NEGPulse_protocol_whole_Schedule_IN21700_30T_cycle_#1543_week#42.mat,schedule,1543,292486,0.0,23.44,27.21,27.3,
BOOST_NEGPULSE,09-BOOST CHARGING WITH NEGATIVE PULSES protocol_Cycles 1000 to 1730.zip,06-19-22_21.10_NEGPulse_protocol_halfC_0.5C_dchg_(a1)_IN21700_30T_cycle_#1543.mat,halfC,1543,5341,0.0,24.98,26.14,26.71,
BOOST_NEGPULSE,09-BOOST CHARGING WITH NEGATIVE PULSES protocol_Cycles 1000 to 1730.zip,06-19-22_21.10_NEGPulse_protocol_halfC_CAP_(a1)_forexcel_cycle_#1543.mat,CAP,1543,0,1.0,,,,read:KeyError
BOOST_NEGPULSE,09-BOOST CHARGING WITH NEGATIVE PULSES protocol_Cycles 1000 to 1730.zip,06-20-22_00.28_NEGPulse_protocol_halfC_0.5C_dchg_(a2)_IN21700_30T_cycle_#1544.mat,halfC,1544,5144,0.0,25.44,26.35,26.23,
BOOST_NEGPULSE,09-BOOST CHARGING WITH NEGATIVE PULSES protocol_Cycles 1000 to 1730.zip,06-20-22_00.28_NEGPulse_protocol_halfC_CAP_(a2)_forexcel_cycle_#1544.mat,CAP,1544,0,1.0,,,,read:KeyError
BOOST_NEGPULSE,09-BOOST CHARGING WITH NEGATIVE PULSES protocol_Cycles 1000 to 1730.zip,06-20-22_02.11_NEG_Pulseprotocol_ONE_C_charge_IN21700_30T_cycle_#1544.mat,other,1544,202,0.0,25.11,27.56,25.8,
BOOST_NEGPULSE,09-BOOST CHARGING WITH NEGATIVE PULSES protocol_Cycles 1000 to 1730.zip,06-20-22_03.43_NEGPulse_protocol_OneC_1C_dchg_IN21700_30T_cycle_#1545.mat,other,1545,2520,0.0,25.11,27.36,28.08,
BOOST_NEGPULSE,09-BOOST CHARGING WITH NEGATIVE PULSES protocol_Cycles 1000 to 1730.zip,06-20-22_06.17_NEGPulse_protocol_TwoC_2C_dchg_IN21700_30T_cycle_#1546.mat,other,1546,1236,0.0,25.77,30.51,31.34,
BOOST_NEGPULSE,09-BOOST CHARGING WITH NEGATIVE PULSES protocol_Cycles 1000 to 1730.zip,06-20-22_08.33_NEGPulse_protocol_HPPC_IN21700_30T_cycle_#1547.mat,HPPC,1547,34909,0.0,24.08,26.09,26.18,
BOOST_NEGPULSE,09-BOOST CHARGING WITH NEGATIVE PULSES protocol_Cycles 1000 to 1730.zip,06-21-22_15.36_NEG_Pulseprotocol__Fifteen_Drive_Cycles_set_IN21700_30T_cycle_#1548_to_1562.mat,drive,1548,87264,0.0,24.12,27.46,27.71,
BOOST_NEGPULSE,09-BOOST CHARGING WITH NEGATIVE PULSES protocol_Cycles 1000 to 1730.zip,06-22-22_17.38_NEGPulse_protocol_halfC_0.5C_dchg_(b1)_IN21700_30T_cycle_#1563.mat,halfC,1563,5145,0.0,25.47,26.79,27.45,
BOOST_NEGPULSE,09-BOOST CHARGING WITH NEGATIVE PULSES protocol_Cycles 1000 to 1730.zip,06-22-22_17.38_NEGPulse_protocol_halfC_CAP_(b1)_forexcel_cycle_#1563.mat,CAP,1563,0,1.0,,,,read:KeyError
BOOST_NEGPULSE,09-BOOST CHARGING WITH NEGATIVE PULSES protocol_Cycles 1000 to 1730.zip,06-22-22_20.54_NEGPulse_protocol_halfC_0.5C_dchg_(b2)_IN21700_30T_cycle_#1564.mat,halfC,1564,5136,0.0,24.9,26.17,26.71,
BOOST_NEGPULSE,09-BOOST CHARGING WITH NEGATIVE PULSES protocol_Cycles 1000 to 1730.zip,06-22-22_20.54_NEGPulse_protocol_halfC_CAP_(b2)_forexcel_cycle_#1564.mat,CAP,1564,0,1.0,,,,read:KeyError
BOOST_NEGPULSE,09-BOOST CHARGING WITH NEGATIVE PULSES protocol_Cycles 1000 to 1730.zip,06-22-22_23.14_NEG_Pulseprotocol__Fifteen_Drive_Cycles_set_IN21700_30T_cycle_#1565_to_1579.mat,drive,1565,89721,0.0,23.44,27.66,27.89,
BOOST_NEGPULSE,09-BOOST CHARGING WITH NEGATIVE PULSES protocol_Cycles 1000 to 1730.zip,Cover20 is not performed this week_#42.mat,other,-1,0,1.0,,,,read:KeyError
BOOST_NEGPULSE,09-BOOST CHARGING WITH NEGATIVE PULSES protocol_Cycles 1000 to 1730.zip,06-25-22_10.45_NEGPulse_protocol_whole_Schedule_IN21700_30T_cycle_#1580_week#43.mat,schedule,1580,291784,0.0,24.09,27.24,27.34,
BOOST_NEGPULSE,09-BOOST CHARGING WITH NEGATIVE PULSES protocol_Cycles 1000 to 1730.zip,06-25-22_12.25_NEGPulse_protocol_OCV_0.05C_IN21700_30T_cycle_#1580.mat,OCV,1580,1923,0.0,24.09,25.59,25.5,
BOOST_NEGPULSE,09-BOOST CHARGING WITH NEGATIVE PULSES protocol_Cycles 1000 to 1730.zip,06-28-22_07.13_NEGPulse_protocol_halfC_0.5C_dchg_(a1)_IN21700_30T_cycle_#1581.mat,halfC,1581,5353,0.0,25.45,26.95,27.49,
BOOST_NEGPULSE,09-BOOST CHARGING WITH NEGATIVE PULSES protocol_Cycles 1000 to 1730.zip,06-28-22_07.13_NEGPulse_protocol_halfC_CAP_(a1)_forexcel_cycle_#1581.mat,CAP,1581,0,1.0,,,,read:KeyError
BOOST_NEGPULSE,09-BOOST CHARGING WITH NEGATIVE PULSES protocol_Cycles 1000 to 1730.zip,06-29-22_16.40_NEGPulse_protocol_halfC_0.5C_dchg_(a2)_IN21700_30T_cycle_#1582.mat,halfC,1582,5189,0.0,25.19,26.21,26.73,
BOOST_NEGPULSE,09-BOOST CHARGING WITH NEGATIVE PULSES protocol_Cycles 1000 to 1730.zip,06-29-22_16.40_NEGPulse_protocol_halfC_CAP_(a2)_forexcel_cycle_#1582.mat,CAP,1582,0,1.0,,,,read:KeyError
BOOST_NEGPULSE,09-BOOST CHARGING WITH NEGATIVE PULSES protocol_Cycles 1000 to 1730.zip,06-29-22_18.26_NEG_Pulseprotocol_ONE_C_charge_IN21700_30T_cycle_#1582.mat,other,1582,203,0.0,25.56,28.06,25.9,
BOOST_NEGPULSE,09-BOOST CHARGING WITH NEGATIVE PULSES protocol_Cycles 1000 to 1730.zip,06-29-22_20.00_NEGPulse_protocol_OneC_1C_dchg_IN21700_30T_cycle_#1583.mat,other,1583,2527,0.0,25.76,27.55,28.15,
BOOST_NEGPULSE,09-BOOST CHARGING WITH NEGATIVE PULSES protocol_Cycles 1000 to 1730.zip,06-29-22_22.37_NEGPulse_protocol_TwoC_2C_dchg_IN21700_30T_cycle_#1584.mat,other,1584,1232,0.0,25.25,30.45,31.39,
BOOST_NEGPULSE,09-BOOST CHARGING WITH NEGATIVE PULSES protocol_Cycles 1000 to 1730.zip,06-30-22_00.55_NEGPulse_protocol_HPPC_IN21700_30T_cycle_#1585.mat,HPPC,1585,34814,0.0,24.23,26.13,26.1,
BOOST_NEGPULSE,09-BOOST CHARGING WITH NEGATIVE PULSES protocol_Cycles 1000 to 1730.zip,07-01-22_08.02_NEG_Pulseprotocol__Fifteen_Drive_Cycles_set_IN21700_30T_cycle_#1586_to_1600.mat,drive,1586,87611,0.0,24.67,27.5,27.9,
BOOST_NEGPULSE,09-BOOST CHARGING WITH NEGATIVE PULSES protocol_Cycles 1000 to 1730.zip,07-02-22_10.19_NEGPulse_protocol_halfC_0.5C_dchg_(b1)_IN21700_30T_cycle_#1601.mat,halfC,1601,5098,0.0,24.91,26.19,26.76,
BOOST_NEGPULSE,09-BOOST CHARGING WITH NEGATIVE PULSES protocol_Cycles 1000 to 1730.zip,07-02-22_10.19_NEGPulse_protocol_halfC_CAP_(b1)_forexcel_cycle_#1601.mat,CAP,1601,0,1.0,,,,read:KeyError
BOOST_NEGPULSE,09-BOOST CHARGING WITH NEGATIVE PULSES protocol_Cycles 1000 to 1730.zip,07-02-22_13.35_NEGPulse_protocol_halfC_0.5C_dchg_(b2)_IN21700_30T_cycle_#1602.mat,halfC,1602,5113,0.0,25.84,26.77,26.76,
BOOST_NEGPULSE,09-BOOST CHARGING WITH NEGATIVE PULSES protocol_Cycles 1000 to 1730.zip,07-02-22_13.35_NEGPulse_protocol_halfC_CAP_(b2)_forexcel_cycle_#1602.mat,CAP,1602,0,1.0,,,,read:KeyError
BOOST_NEGPULSE,09-BOOST CHARGING WITH NEGATIVE PULSES protocol_Cycles 1000 to 1730.zip,07-02-22_15.53_NEG_Pulseprotocol__Fifteen_Drive_Cycles_set_IN21700_30T_cycle_#1603_to_1617.mat,drive,1603,86363,0.0,25.04,27.48,27.7,
BOOST_NEGPULSE,09-BOOST CHARGING WITH NEGATIVE PULSES protocol_Cycles 1000 to 1730.zip,07-04-22_09.03_NEGPulse_protocol_whole_Schedule_IN21700_30T_cycle_#1618_week#44.mat,schedule,1618,282700,0.0,24.26,27.23,27.47,
BOOST_NEGPULSE,09-BOOST CHARGING WITH NEGATIVE PULSES protocol_Cycles 1000 to 1730.zip,07-04-22_09.52_NEGPulse_protocol_halfC_0.5C_dchg_(a1)_IN21700_30T_cycle_#1618.mat,halfC,1618,5250,0.0,25.51,27.03,27.85,
BOOST_NEGPULSE,09-BOOST CHARGING WITH NEGATIVE PULSES protocol_Cycles 1000 to 1730.zip,07-04-22_09.52_NEGPulse_protocol_halfC_CAP_(a1)_forexcel_cycle_#1618.mat,CAP,1618,0,1.0,,,,read:KeyError
BOOST_NEGPULSE,09-BOOST CHARGING WITH NEGATIVE PULSES protocol_Cycles 1000 to 1730.zip,07-04-22_13.15_NEGPulse_protocol_halfC_0.5C_dchg_(a2)_IN21700_30T_cycle_#1619.mat,halfC,1619,5053,0.0,25.06,26.29,26.9,
BOOST_NEGPULSE,09-BOOST CHARGING WITH NEGATIVE PULSES protocol_Cycles 1000 to 1730.zip,07-04-22_13.15_NEGPulse_protocol_halfC_CAP_(a2)_forexcel_cycle_#1619.mat,CAP,1619,0,1.0,,,,read:KeyError
BOOST_NEGPULSE,09-BOOST CHARGING WITH NEGATIVE PULSES protocol_Cycles 1000 to 1730.zip,07-04-22_14.59_NEG_Pulseprotocol_ONE_C_charge_IN21700_30T_cycle_#1619.mat,other,1619,194,0.0,25.72,28.36,25.84,
BOOST_NEGPULSE,09-BOOST CHARGING WITH NEGATIVE PULSES protocol_Cycles 1000 to 1730.zip,07-04-22_16.32_NEGPulse_protocol_OneC_1C_dchg_IN21700_30T_cycle_#1620.mat,other,1620,2467,0.0,25.21,27.44,28.11,
BOOST_NEGPULSE,09-BOOST CHARGING WITH NEGATIVE PULSES protocol_Cycles 1000 to 1730.zip,07-04-22_19.10_NEGPulse_protocol_TwoC_2C_dchg_IN21700_30T_cycle_#1621.mat,other,1621,1209,0.0,25.42,30.85,31.75,
BOOST_NEGPULSE,09-BOOST CHARGING WITH NEGATIVE PULSES protocol_Cycles 1000 to 1730.zip,07-06-22_04.29_NEG_Pulseprotocol__Fifteen_Drive_Cycles_set_IN21700_30T_cycle_#1622_to_1637.mat,drive,1622,86211,0.0,24.84,27.57,28.03,
BOOST_NEGPULSE,09-BOOST CHARGING WITH NEGATIVE PULSES protocol_Cycles 1000 to 1730.zip,07-06-22_04.29_NEG_Pulseprotocol__Fifteen_Drive_Cycles_set_IN21700_30T_cycle_#1623_to_1637.mat,drive,1623,86211,0.0,24.84,27.57,28.03,
BOOST_NEGPULSE,09-BOOST CHARGING WITH NEGATIVE PULSES protocol_Cycles 1000 to 1730.zip,07-07-22_06.17_NEGPulse_protocol_halfC_0.5C_dchg_(b1)_IN21700_30T_cycle_#1638.mat,halfC,1638,5013,0.0,25.15,26.53,27.2,
BOOST_NEGPULSE,09-BOOST CHARGING WITH NEGATIVE PULSES protocol_Cycles 1000 to 1730.zip,07-07-22_06.17_NEGPulse_protocol_halfC_CAP_(b1)_forexcel_cycle_#1638.mat,CAP,1638,0,1.0,,,,read:KeyError
BOOST_NEGPULSE,09-BOOST CHARGING WITH NEGATIVE PULSES protocol_Cycles 1000 to 1730.zip,07-07-22_09.35_NEGPulse_protocol_halfC_0.5C_dchg_(b2)_IN21700_30T_cycle_#1639.mat,halfC,1639,4999,0.0,25.02,26.22,26.65,
BOOST_NEGPULSE,09-BOOST CHARGING WITH NEGATIVE PULSES protocol_Cycles 1000 to 1730.zip,07-07-22_09.35_NEGPulse_protocol_halfC_CAP_(b2)_forexcel_cycle_#1639.mat,CAP,1639,0,1.0,,,,read:KeyError
BOOST_NEGPULSE,09-BOOST CHARGING WITH NEGATIVE PULSES protocol_Cycles 1000 to 1730.zip,07-07-22_11.52_NEG_Pulseprotocol__Fifteen_Drive_Cycles_set_IN21700_30T_cycle_#1640_to_1654.mat,drive,1640,84509,0.0,24.79,27.52,27.86,
BOOST_NEGPULSE,09-BOOST CHARGING WITH NEGATIVE PULSES protocol_Cycles 1000 to 1730.zip,Cover20 is not performed this week_#44.mat,other,-1,0,1.0,,,,read:KeyError
BOOST_NEGPULSE,09-BOOST CHARGING WITH NEGATIVE PULSES protocol_Cycles 1000 to 1730.zip,07-12-22_16.51_NEGPulse_protocol_whole_Schedule_IN21700_30T_cycle_#1655_week#45.mat,schedule,1655,285856,0.0,24.11,27.32,27.54,
BOOST_NEGPULSE,09-BOOST CHARGING WITH NEGATIVE PULSES protocol_Cycles 1000 to 1730.zip,07-12-22_18.33_NEGPulse_protocol_OCV_0.05C_IN21700_30T_cycle_#1655.mat,OCV,1655,1880,0.0,24.11,25.74,25.87,
BOOST_NEGPULSE,09-BOOST CHARGING WITH NEGATIVE PULSES protocol_Cycles 1000 to 1730.zip,07-14-22_03.19_NEGPulse_protocol_halfC_0.5C_dchg_(a1)_IN21700_30T_cycle_#1656.mat,halfC,1656,5218,0.0,25.7,27.18,27.61,
BOOST_NEGPULSE,09-BOOST CHARGING WITH NEGATIVE PULSES protocol_Cycles 1000 to 1730.zip,07-14-22_03.19_NEGPulse_protocol_halfC_CAP_(a1)_forexcel_cycle_#1656.mat,CAP,1656,0,1.0,,,,read:KeyError
BOOST_NEGPULSE,09-BOOST CHARGING WITH NEGATIVE PULSES protocol_Cycles 1000 to 1730.zip,07-14-22_06.41_NEGPulse_protocol_halfC_0.5C_dchg_(a2)_IN21700_30T_cycle_#1657.mat,halfC,1657,5020,0.0,25.21,26.48,27.14,
BOOST_NEGPULSE,09-BOOST CHARGING WITH NEGATIVE PULSES protocol_Cycles 1000 to 1730.zip,07-14-22_06.41_NEGPulse_protocol_halfC_CAP_(a2)_forexcel_cycle_#1657.mat,CAP,1657,0,1.0,,,,read:KeyError
BOOST_NEGPULSE,09-BOOST CHARGING WITH NEGATIVE PULSES protocol_Cycles 1000 to 1730.zip,07-14-22_08.25_NEG_Pulseprotocol_ONE_C_charge_IN21700_30T_cycle_#1657.mat,other,1657,192,0.0,26.02,28.53,26.5,
BOOST_NEGPULSE,09-BOOST CHARGING WITH NEGATIVE PULSES protocol_Cycles 1000 to 1730.zip,07-14-22_09.59_NEGPulse_protocol_OneC_1C_dchg_IN21700_30T_cycle_#1658.mat,other,1658,2442,0.0,25.18,27.52,28.23,
BOOST_NEGPULSE,09-BOOST CHARGING WITH NEGATIVE PULSES protocol_Cycles 1000 to 1730.zip,07-14-22_12.35_NEGPulse_protocol_TwoC_2C_dchg_IN21700_30T_cycle_#1659.mat,other,1659,1198,0.0,25.6,31.13,32.12,
BOOST_NEGPULSE,09-BOOST CHARGING WITH NEGATIVE PULSES protocol_Cycles 1000 to 1730.zip,07-14-22_14.56_NEGPulse_protocol_HPPC_IN21700_30T_cycle_#1660.mat,HPPC,1660,34792,0.0,24.15,26.16,26.14,
BOOST_NEGPULSE,09-BOOST CHARGING WITH NEGATIVE PULSES protocol_Cycles 1000 to 1730.zip,07-15-22_22.01_NEG_Pulseprotocol__Fifteen_Drive_Cycles_set_IN21700_30T_cycle_#1661_to_1675.mat,drive,1661,86831,0.0,24.7,27.69,28.18,
BOOST_NEGPULSE,09-BOOST CHARGING WITH NEGATIVE PULSES protocol_Cycles 1000 to 1730.zip,07-17-22_00.04_NEGPulse_protocol_halfC_0.5C_dchg_(b1)_IN21700_30T_cycle_#1676.mat,halfC,1676,4966,0.0,25.35,26.77,27.53,
BOOST_NEGPULSE,09-BOOST CHARGING WITH NEGATIVE PULSES protocol_Cycles 1000 to 1730.zip,07-17-22_00.04_NEGPulse_protocol_halfC_CAP_(b1)_forexcel_cycle_#1676.mat,CAP,1676,0,1.0,,,,read:KeyError
BOOST_NEGPULSE,09-BOOST CHARGING WITH NEGATIVE PULSES protocol_Cycles 1000 to 1730.zip,07-17-22_03.25_NEGPulse_protocol_halfC_0.5C_dchg_(b2)_IN21700_30T_cycle_#1677.mat,halfC,1677,4951,0.0,24.89,26.32,26.91,
BOOST_NEGPULSE,09-BOOST CHARGING WITH NEGATIVE PULSES protocol_Cycles 1000 to 1730.zip,07-17-22_03.25_NEGPulse_protocol_halfC_CAP_(b2)_forexcel_cycle_#1677.mat,CAP,1677,0,1.0,,,,read:KeyError
BOOST_NEGPULSE,09-BOOST CHARGING WITH NEGATIVE PULSES protocol_Cycles 1000 to 1730.zip,07-17-22_05.42_NEG_Pulseprotocol__Fifteen_Drive_Cycles_set_IN21700_30T_cycle_#1678_to_1692.mat,drive,1678,84401,0.0,24.7,27.6,28.0,
BOOST_NEGPULSE,09-BOOST CHARGING WITH NEGATIVE PULSES protocol_Cycles 1000 to 1730.zip,07-17-22_05.42_NEG_Pulseprotocol_Drive_Cycles(b)_IN21700_30T_cycle_#1676.mat,drive,1676,84401,0.0,24.7,27.6,28.0,
BOOST_NEGPULSE,09-BOOST CHARGING WITH NEGATIVE PULSES protocol_Cycles 1000 to 1730.zip,07-18-22_14.01_NEGPulse_protocol_whole_Schedule_IN21700_30T_cycle_#1693_week#46.mat,schedule,1693,278299,0.0,20.39,27.36,27.57,
BOOST_NEGPULSE,09-BOOST CHARGING WITH NEGATIVE PULSES protocol_Cycles 1000 to 1730.zip,07-18-22_14.51_NEGPulse_protocol_halfC_0.5C_dchg_(a1)_IN21700_30T_cycle_#1693.mat,halfC,1693,5071,0.0,25.18,26.7,27.43,
BOOST_NEGPULSE,09-BOOST CHARGING WITH NEGATIVE PULSES protocol_Cycles 1000 to 1730.zip,07-18-22_14.51_NEGPulse_protocol_halfC_CAP_(a1)_forexcel_cycle_#1693.mat,CAP,1693,0,1.0,,,,read:KeyError
BOOST_NEGPULSE,09-BOOST CHARGING WITH NEGATIVE PULSES protocol_Cycles 1000 to 1730.zip,07-18-22_18.14_NEGPulse_protocol_halfC_0.5C_dchg_(a2)_IN21700_30T_cycle_#1694.mat,halfC,1694,4892,0.0,25.13,26.22,26.84,
BOOST_NEGPULSE,09-BOOST CHARGING WITH NEGATIVE PULSES protocol_Cycles 1000 to 1730.zip,07-18-22_18.14_NEGPulse_protocol_halfC_CAP_(a2)_forexcel_cycle_#1694.mat,CAP,1694,0,1.0,,,,read:KeyError
BOOST_NEGPULSE,09-BOOST CHARGING WITH NEGATIVE PULSES protocol_Cycles 1000 to 1730.zip,07-18-22_19.55_NEG_Pulseprotocol_ONE_C_charge_IN21700_30T_cycle_#1694.mat,other,1694,181,0.0,25.42,28.12,25.95,
BOOST_NEGPULSE,09-BOOST CHARGING WITH NEGATIVE PULSES protocol_Cycles 1000 to 1730.zip,07-18-22_21.33_NEGPulse_protocol_OneC_1C_dchg_IN21700_30T_cycle_#1695.mat,other,1695,2396,0.0,25.98,28.42,28.9,
BOOST_NEGPULSE,09-BOOST CHARGING WITH NEGATIVE PULSES protocol_Cycles 1000 to 1730.zip,07-19-22_00.11_NEGPulse_protocol_TwoC_2C_dchg_IN21700_30T_cycle_#1696.mat,other,1696,1166,0.0,25.06,30.89,31.75,
BOOST_NEGPULSE,09-BOOST CHARGING WITH NEGATIVE PULSES protocol_Cycles 1000 to 1730.zip,07-19-22_02.32_NEGPulse_protocol_HPPC_IN21700_30T_cycle_#1697.mat,HPPC,1697,34799,0.0,24.18,26.06,25.98,
BOOST_NEGPULSE,09-BOOST CHARGING WITH NEGATIVE PULSES protocol_Cycles 1000 to 1730.zip,07-20-22_09.35_NEG_Pulseprotocol__Fifteen_Drive_Cycles_set_IN21700_30T_cycle_#1698_to_1712.mat,drive,1698,84894,0.0,24.43,27.74,28.15,
BOOST_NEGPULSE,09-BOOST CHARGING WITH NEGATIVE PULSES protocol_Cycles 1000 to 1730.zip,07-21-22_11.08_NEGPulse_protocol_halfC_0.5C_dchg_(b1)_IN21700_30T_cycle_#1713.mat,halfC,1713,4848,0.0,24.96,26.41,26.99,
BOOST_NEGPULSE,09-BOOST CHARGING WITH NEGATIVE PULSES protocol_Cycles 1000 to 1730.zip,07-21-22_11.08_NEGPulse_protocol_halfC_CAP_(b1)_forexcel_cycle_#1713.mat,CAP,1713,0,1.0,,,,read:KeyError
BOOST_NEGPULSE,09-BOOST CHARGING WITH NEGATIVE PULSES protocol_Cycles 1000 to 1730.zip,07-21-22_14.24_NEGPulse_protocol_halfC_0.5C_dchg_(b2)_IN21700_30T_cycle_#1714.mat,halfC,1714,4869,0.0,20.39,26.89,26.96,
BOOST_NEGPULSE,09-BOOST CHARGING WITH NEGATIVE PULSES protocol_Cycles 1000 to 1730.zip,07-21-22_14.24_NEGPulse_protocol_halfC_CAP_(b2)_forexcel_cycle_#1714.mat,CAP,1714,0,1.0,,,,read:KeyError
BOOST_NEGPULSE,09-BOOST CHARGING WITH NEGATIVE PULSES protocol_Cycles 1000 to 1730.zip,07-21-22_16.37_NEG_Pulseprotocol__Fifteen_Drive_Cycles_set_IN21700_30T_cycle_#1715_to_1729.mat,drive,1715,84176,0.0,24.75,27.68,28.03,
BOOST_NEGPULSE,09-BOOST CHARGING WITH NEGATIVE PULSES protocol_Cycles 1000 to 1730.zip,07-21-22_16.37_NEG_Pulseprotocol__Fifteen_Drive_Cycles_set_IN21700_30T_cycle_#1715_to_1730.mat,drive,1715,84176,0.0,24.75,27.68,28.03,
BOOST_NEGPULSE,09-BOOST CHARGING WITH NEGATIVE PULSES protocol_Cycles 1000 to 1730.zip,Cover20 is not performed this week_#46.mat,other,-1,0,1.0,,,,read:KeyError
BOOST_NEGPULSE,09-BOOST CHARGING WITH NEGATIVE PULSES protocol_Cycles 1000 to 1730.zip,07-23-22_10.52_NEGPulse_protocol_whole_Schedule_IN21700_30T_cycle_#1730_week#47.mat,schedule,1730,265130,0.0,20.74,27.23,27.68,
BOOST_NEGPULSE,09-BOOST CHARGING WITH NEGATIVE PULSES protocol_Cycles 1000 to 1730.zip,07-23-22_12.33_NEGPulse_protocol_OCV_0.05C_IN21700_30T_cycle_#1730.mat,OCV,1730,1831,0.0,24.24,25.7,25.68,
BOOST_NEGPULSE,09-BOOST CHARGING WITH NEGATIVE PULSES protocol_Cycles 1000 to 1730.zip,07-24-22_20.29_NEGPulse_protocol_halfC_0.5C_dchg_(a1)_IN21700_30T_cycle_#1731.mat,halfC,1731,5066,0.0,24.94,26.44,27.07,
BOOST_NEGPULSE,09-BOOST CHARGING WITH NEGATIVE PULSES protocol_Cycles 1000 to 1730.zip,07-24-22_20.29_NEGPulse_protocol_halfC_CAP_(a1)_forexcel_cycle_#1731.mat,CAP,1731,0,1.0,,,,read:KeyError
BOOST_NEGPULSE,09-BOOST CHARGING WITH NEGATIVE PULSES protocol_Cycles 1000 to 1730.zip,07-24-22_23.51_NEGPulse_protocol_halfC_0.5C_dchg_(a2)_IN21700_30T_cycle_#1732.mat,halfC,1732,4870,0.0,25.42,26.37,26.39,
BOOST_NEGPULSE,09-BOOST CHARGING WITH NEGATIVE PULSES protocol_Cycles 1000 to 1730.zip,07-24-22_23.51_NEGPulse_protocol_halfC_CAP_(a2)_forexcel_cycle_#1732.mat,CAP,1732,0,1.0,,,,read:KeyError
BOOST_NEGPULSE,09-BOOST CHARGING WITH NEGATIVE PULSES protocol_Cycles 1000 to 1730.zip,07-25-22_01.31_NEG_Pulseprotocol_ONE_C_charge_IN21700_30T_cycle_#1732.mat,other,1732,176,0.0,25.21,27.8,25.61,
BOOST_NEGPULSE,09-BOOST CHARGING WITH NEGATIVE PULSES protocol_Cycles 1000 to 1730.zip,07-25-22_03.10_NEGPulse_protocol_OneC_1C_dchg_IN21700_30T_cycle_#1733.mat,other,1733,2368,0.0,25.21,28.09,28.88,
BOOST_NEGPULSE,09-BOOST CHARGING WITH NEGATIVE PULSES protocol_Cycles 1000 to 1730.zip,07-25-22_05.48_NEGPulse_protocol_TwoC_2C_dchg_IN21700_30T_cycle_#1734.mat,other,1734,1155,0.0,25.24,31.23,32.11,
BOOST_NEGPULSE,09-BOOST CHARGING WITH NEGATIVE PULSES protocol_Cycles 1000 to 1730.zip,07-25-22_08.09_NEGPulse_protocol_HPPC_IN21700_30T_cycle_#1735.mat,HPPC,1735,34774,0.0,24.19,26.11,26.06,
BOOST_NEGPULSE,09-BOOST CHARGING WITH NEGATIVE PULSES protocol_Cycles 1000 to 1730.zip,07-26-22_15.12_NEG_Pulseprotocol__Fifteen_Drive_Cycles_set_IN21700_30T_cycle_#1736_to_1750.mat,drive,1736,83398,0.0,24.76,27.82,28.34,
BOOST_NEGPULSE,09-BOOST CHARGING WITH NEGATIVE PULSES protocol_Cycles 1000 to 1730.zip,07-27-22_16.16_NEGPulse_protocol_halfC_0.5C_dchg_(b1)_IN21700_30T_cycle_#1751.mat,halfC,1751,4789,0.0,20.74,27.09,27.2,
BOOST_NEGPULSE,09-BOOST CHARGING WITH NEGATIVE PULSES protocol_Cycles 1000 to 1730.zip,07-27-22_16.16_NEGPulse_protocol_halfC_CAP_(b1)_forexcel_cycle_#1751.mat,CAP,1751,0,1.0,,,,read:KeyError
BOOST_NEGPULSE,09-BOOST CHARGING WITH NEGATIVE PULSES protocol_Cycles 1000 to 1730.zip,07-27-22_19.30_NEGPulse_protocol_halfC_0.5C_dchg_(b2)_IN21700_30T_cycle_#1752.mat,halfC,1752,4784,0.0,25.32,26.74,27.43,
BOOST_NEGPULSE,09-BOOST CHARGING WITH NEGATIVE PULSES protocol_Cycles 1000 to 1730.zip,07-27-22_19.30_NEGPulse_protocol_halfC_CAP_(b2)_forexcel_cycle_#1752.mat,CAP,1752,0,1.0,,,,read:KeyError
BOOST_NEGPULSE,09-BOOST CHARGING WITH NEGATIVE PULSES protocol_Cycles 1000 to 1730.zip,07-27-22_21.43_NEG_Pulseprotocol__Fifteen_Drive_Cycles_set_IN21700_30T_cycle_#1753_to_1767.mat,drive,1753,83135,0.0,20.86,27.79,28.27,
BOOST_NEGPULSE_1S,10-BOOST CHARGING WITH NEGATIVE PULSES_1s_PERIOD_protocol.zip,08-25-22_10.08_BCNP1s_protocol_whole_Schedule_IN21700_30T_cycle_#1_week#1.mat,schedule,1,307829,0.993,-222.9,-100.0,-100.0,
BOOST_NEGPULSE_1S,10-BOOST CHARGING WITH NEGATIVE PULSES_1s_PERIOD_protocol.zip,08-25-22_12.55_BCNP1s_protocol_OCV_0.05C_IN21700_30T_cycle_#1.mat,OCV,1,2464,0.9485,-222.4,-39.34,174.5,
BOOST_NEGPULSE_1S,10-BOOST CHARGING WITH NEGATIVE PULSES_1s_PERIOD_protocol.zip,08-27-22_06.54_BCNP1s_protocol_halfC_0.5C_dchg_(a1)_IN21700_30T_cycle_#2.mat,halfC,2,7119,1.0,-220.0,-194.7,-192.4,
BOOST_NEGPULSE_1S,10-BOOST CHARGING WITH NEGATIVE PULSES_1s_PERIOD_protocol.zip,08-27-22_06.54_BCNP1s_protocol_halfC_CAP_(a1)_forexcel_cycle_#2.mat,CAP,2,0,1.0,,,,read:KeyError
BOOST_NEGPULSE_1S,10-BOOST CHARGING WITH NEGATIVE PULSES_1s_PERIOD_protocol.zip,08-27-22_10.23_BCNP1s_protocol_halfC_0.5C_dchg_(a2)_IN21700_30T_cycle_#3.mat,halfC,3,7150,1.0,-218.0,-199.8,-200.0,
BOOST_NEGPULSE_1S,10-BOOST CHARGING WITH NEGATIVE PULSES_1s_PERIOD_protocol.zip,08-27-22_10.23_BCNP1s_protocol_halfC_CAP_(a2)_forexcel_cycle_#3.mat,CAP,3,0,1.0,,,,read:KeyError
BOOST_NEGPULSE_1S,10-BOOST CHARGING WITH NEGATIVE PULSES_1s_PERIOD_protocol.zip,08-27-22_12.38_BCNP1s_protocol_ONE_C_charge_IN21700_30T_cycle_#3.mat,other,3,343,1.0,-220.2,-199.8,-201.2,
BOOST_NEGPULSE_1S,10-BOOST CHARGING WITH NEGATIVE PULSES_1s_PERIOD_protocol.zip,08-27-22_13.53_BCNP1s_protocol_OneC_1C_dchg_IN21700_30T_cycle_#4.mat,other,4,3531,1.0,-203.9,-199.8,-199.8,
BOOST_NEGPULSE_1S,10-BOOST CHARGING WITH NEGATIVE PULSES_1s_PERIOD_protocol.zip,08-27-22_16.22_BCNP1s_protocol_TwoC_2C_dchg_IN21700_30T_cycle_#5.mat,other,5,1748,1.0,-203.7,-200.5,-200.0,
BOOST_NEGPULSE_1S,10-BOOST CHARGING WITH NEGATIVE PULSES_1s_PERIOD_protocol.zip,08-27-22_18.26_BCNP1s_protocol_HPPC_IN21700_30T_cycle_#6.mat,HPPC,6,35059,0.9424,-222.9,75.01,38.73,
BOOST_NEGPULSE_1S,10-BOOST CHARGING WITH NEGATIVE PULSES_1s_PERIOD_protocol.zip,08-29-22_00.32_BCNP1s_protocol_tenpercent_chg_a_IN21700_30T_cycle_#6.mat,other,6,1073,1.0,-104.2,-100.0,-100.0,
BOOST_NEGPULSE_1S,10-BOOST CHARGING WITH NEGATIVE PULSES_1s_PERIOD_protocol.zip,08-29-22_01.00_BCNP1s_protocol_FastCharge_IN21700_30T_cycle_#6.mat,other,6,4902,1.0,-102.99,-100.4,-100.97,
BOOST_NEGPULSE_1S,10-BOOST CHARGING WITH NEGATIVE PULSES_1s_PERIOD_protocol.zip,08-29-22_01.29_BCNP1s_protocol__Fifteen_Drive_Cycles_set_IN21700_30T_cycle_#7_to_21.mat,drive,7,1,1.0,,,,
BOOST_NEGPULSE_1S,10-BOOST CHARGING WITH NEGATIVE PULSES_1s_PERIOD_protocol.zip,08-30-22_08.04_BCNP1s_protocol_halfC_0.5C_dchg_(b1)_IN21700_30T_cycle_#22.mat,halfC,22,7112,1.0,-111.3,-99.7,-100.2,
BOOST_NEGPULSE_1S,10-BOOST CHARGING WITH NEGATIVE PULSES_1s_PERIOD_protocol.zip,08-30-22_08.04_BCNP1s_protocol_halfC_CAP_(b1)_forexcel_cycle_#22.mat,CAP,22,0,1.0,,,,read:KeyError
BOOST_NEGPULSE_1S,10-BOOST CHARGING WITH NEGATIVE PULSES_1s_PERIOD_protocol.zip,08-30-22_11.29_BCNP1s_protocol_halfC_0.5C_dchg_(b2)_IN21700_30T_cycle_#23.mat,halfC,23,7112,1.0,-103.7,-100.1,-100.4,
BOOST_NEGPULSE_1S,10-BOOST CHARGING WITH NEGATIVE PULSES_1s_PERIOD_protocol.zip,08-30-22_11.29_BCNP1s_protocol_halfC_CAP_(b2)_forexcel_cycle_#23.mat,CAP,23,0,1.0,,,,read:KeyError
BOOST_NEGPULSE_1S,10-BOOST CHARGING WITH NEGATIVE PULSES_1s_PERIOD_protocol.zip,08-30-22_14.24_BCNP1s_protocol__Fifteen_Drive_Cycles_set_IN21700_30T_cycle_#24_to_38.mat,drive,24,1,1.0,,,,
BOOST_NEGPULSE_1S,10-BOOST CHARGING WITH NEGATIVE PULSES_1s_PERIOD_protocol.zip,09-01-22_15.22_BCNP1s_protocol_whole_Schedule_IN21700_30T_cycle_#39_week#2.mat,schedule,39,304335,0.0,24.55,25.92,25.92,
BOOST_NEGPULSE_1S,10-BOOST CHARGING WITH NEGATIVE PULSES_1s_PERIOD_protocol.zip,09-01-22_15.50_BCNP1s_protocol_halfC_0.5C_dchg_(a1)_IN21700_30T_cycle_#39.mat,halfC,39,7125,0.0,24.63,25.32,25.5,
BOOST_NEGPULSE_1S,10-BOOST CHARGING WITH NEGATIVE PULSES_1s_PERIOD_protocol.zip,09-01-22_15.50_BCNP1s_protocol_halfC_CAP_(a1)_forexcel_cycle_#39.mat,CAP,39,0,1.0,,,,read:KeyError
BOOST_NEGPULSE_1S,10-BOOST CHARGING WITH NEGATIVE PULSES_1s_PERIOD_protocol.zip,09-01-22_19.18_BCNP1s_protocol_halfC_0.5C_dchg_(a2)_IN21700_30T_cycle_#40.mat,halfC,40,7078,0.0,24.61,25.32,25.56,
BOOST_NEGPULSE_1S,10-BOOST CHARGING WITH NEGATIVE PULSES_1s_PERIOD_protocol.zip,09-01-22_19.18_BCNP1s_protocol_halfC_CAP_(a2)_forexcel_cycle_#40.mat,CAP,40,0,1.0,,,,read:KeyError
BOOST_NEGPULSE_1S,10-BOOST CHARGING WITH NEGATIVE PULSES_1s_PERIOD_protocol.zip,09-01-22_21.31_BCNP1s_protocol_ONE_C_charge_IN21700_30T_cycle_#40.mat,other,40,340,0.0,24.6,26.13,25.18,
BOOST_NEGPULSE_1S,10-BOOST CHARGING WITH NEGATIVE PULSES_1s_PERIOD_protocol.zip,09-01-22_22.46_BCNP1s_protocol_OneC_1C_dchg_IN21700_30T_cycle_#41.mat,other,41,3505,0.0,24.93,25.74,25.99,
BOOST_NEGPULSE_1S,10-BOOST CHARGING WITH NEGATIVE PULSES_1s_PERIOD_protocol.zip,09-02-22_01.14_BCNP1s_protocol_TwoC_2C_dchg_IN21700_30T_cycle_#42.mat,other,42,1736,0.0,24.81,26.82,27.36,
BOOST_NEGPULSE_1S,10-BOOST CHARGING WITH NEGATIVE PULSES_1s_PERIOD_protocol.zip,09-02-22_03.18_BCNP1s_protocol_HPPC_IN21700_30T_cycle_#43.mat,HPPC,43,35098,0.0,24.57,25.59,25.61,
BOOST_NEGPULSE_1S,10-BOOST CHARGING WITH NEGATIVE PULSES_1s_PERIOD_protocol.zip,09-03-22_09.25_BCNP1s_protocol_tenpercent_chg_a_IN21700_30T_cycle_#43.mat,other,43,1063,0.0,24.56,25.28,25.28,
BOOST_NEGPULSE_1S,10-BOOST CHARGING WITH NEGATIVE PULSES_1s_PERIOD_protocol.zip,09-03-22_09.53_BCNP1s_protocol_FastCharge_IN21700_30T_cycle_#43.mat,other,43,4868,0.0,24.82,29.46,26.05,
BOOST_NEGPULSE_1S,10-BOOST CHARGING WITH NEGATIVE PULSES_1s_PERIOD_protocol.zip,09-03-22_10.21_BCNP1s_protocol__Fifteen_Drive_Cycles_set_IN21700_30T_cycle_#44_to_58.mat,drive,44,104854,0.0,24.65,26.04,26.09,
BOOST_NEGPULSE_1S,10-BOOST CHARGING WITH NEGATIVE PULSES_1s_PERIOD_protocol.zip,09-04-22_16.52_BCNP1s_protocol_halfC_0.5C_dchg_(b1)_IN21700_30T_cycle_#59.mat,halfC,59,7065,0.0,24.56,25.32,25.5,
BOOST_NEGPULSE_1S,10-BOOST CHARGING WITH NEGATIVE PULSES_1s_PERIOD_protocol.zip,09-04-22_16.52_BCNP1s_protocol_halfC_CAP_(b1)_forexcel_cycle_#59.mat,CAP,59,0,1.0,,,,read:KeyError
BOOST_NEGPULSE_1S,10-BOOST CHARGING WITH NEGATIVE PULSES_1s_PERIOD_protocol.zip,09-04-22_20.16_BCNP1s_protocol_halfC_0.5C_dchg_(b2)_IN21700_30T_cycle_#60.mat,halfC,60,7067,0.0,24.67,25.38,25.61,
BOOST_NEGPULSE_1S,10-BOOST CHARGING WITH NEGATIVE PULSES_1s_PERIOD_protocol.zip,09-04-22_20.16_BCNP1s_protocol_halfC_CAP_(b2)_forexcel_cycle_#60.mat,CAP,60,0,1.0,,,,read:KeyError
BOOST_NEGPULSE_1S,10-BOOST CHARGING WITH NEGATIVE PULSES_1s_PERIOD_protocol.zip,09-04-22_23.10_BCNP1s_protocol__Fifteen_Drive_Cycles_set_IN21700_30T_cycle_#61_to_75.mat,drive,61,105040,0.0,24.73,26.03,26.07,
BOOST_NEGPULSE_1S,10-BOOST CHARGING WITH NEGATIVE PULSES_1s_PERIOD_protocol.zip,Cover20 is not performed this week_#2.mat,other,-1,0,1.0,,,,read:KeyError
BOOST_NEGPULSE_1S,10-BOOST CHARGING WITH NEGATIVE PULSES_1s_PERIOD_protocol.zip,09-06-22_07.31_BCNP1s_protocol_whole_Schedule_IN21700_30T_cycle_#76_week#3.mat,schedule,76,305549,0.0,24.5,25.86,25.87,
BOOST_NEGPULSE_1S,10-BOOST CHARGING WITH NEGATIVE PULSES_1s_PERIOD_protocol.zip,09-06-22_08.50_BCNP1s_protocol_OCV_0.05C_IN21700_30T_cycle_#76.mat,OCV,76,2447,0.0,24.59,25.24,25.23,
BOOST_NEGPULSE_1S,10-BOOST CHARGING WITH NEGATIVE PULSES_1s_PERIOD_protocol.zip,09-08-22_03.03_BCNP1s_protocol_halfC_0.5C_dchg_(a1)_IN21700_30T_cycle_#77.mat,halfC,77,7069,0.0,24.59,25.35,25.62,
BOOST_NEGPULSE_1S,10-BOOST CHARGING WITH NEGATIVE PULSES_1s_PERIOD_protocol.zip,09-08-22_03.03_BCNP1s_protocol_halfC_CAP_(a1)_forexcel_cycle_#77.mat,CAP,77,0,1.0,,,,read:KeyError
BOOST_NEGPULSE_1S,10-BOOST CHARGING WITH NEGATIVE PULSES_1s_PERIOD_protocol.zip,09-08-22_06.31_BCNP1s_protocol_halfC_0.5C_dchg_(a2)_IN21700_30T_cycle_#78.mat,halfC,78,7049,0.0,24.5,25.32,25.53,
BOOST_NEGPULSE_1S,10-BOOST CHARGING WITH NEGATIVE PULSES_1s_PERIOD_protocol.zip,09-08-22_06.31_BCNP1s_protocol_halfC_CAP_(a2)_forexcel_cycle_#78.mat,CAP,78,0,1.0,,,,read:KeyError
BOOST_NEGPULSE_1S,10-BOOST CHARGING WITH NEGATIVE PULSES_1s_PERIOD_protocol.zip,09-08-22_08.44_BCNP1s_protocol_ONE_C_charge_IN21700_30T_cycle_#78.mat,other,78,337,0.0,24.58,26.05,25.31,
BOOST_NEGPULSE_1S,10-BOOST CHARGING WITH NEGATIVE PULSES_1s_PERIOD_protocol.zip,09-08-22_09.59_BCNP1s_protocol_OneC_1C_dchg_IN21700_30T_cycle_#79.mat,other,79,3485,0.0,24.84,25.64,25.88,
BOOST_NEGPULSE_1S,10-BOOST CHARGING WITH NEGATIVE PULSES_1s_PERIOD_protocol.zip,09-08-22_12.26_BCNP1s_protocol_TwoC_2C_dchg_IN21700_30T_cycle_#80.mat,other,80,1727,0.0,24.82,26.88,27.35,
BOOST_NEGPULSE_1S,10-BOOST CHARGING WITH NEGATIVE PULSES_1s_PERIOD_protocol.zip,09-08-22_14.30_BCNP1s_protocol_HPPC_IN21700_30T_cycle_#81.mat,HPPC,81,35121,0.0,24.54,25.59,25.6,
BOOST_NEGPULSE_1S,10-BOOST CHARGING WITH NEGATIVE PULSES_1s_PERIOD_protocol.zip,09-09-22_20.37_BCNP1s_protocol_tenpercent_chg_a_IN21700_30T_cycle_#81.mat,other,81,1057,0.0,24.7,25.4,25.4,
BOOST_NEGPULSE_1S,10-BOOST CHARGING WITH NEGATIVE PULSES_1s_PERIOD_protocol.zip,09-09-22_21.05_BCNP1s_protocol_FastCharge_IN21700_30T_cycle_#81.mat,other,81,4825,0.0,24.83,29.89,25.79,
BOOST_NEGPULSE_1S,10-BOOST CHARGING WITH NEGATIVE PULSES_1s_PERIOD_protocol.zip,09-09-22_21.34_BCNP1s_protocol__Fifteen_Drive_Cycles_set_IN21700_30T_cycle_#82_to_96.mat,drive,82,104375,0.0,24.79,25.98,26.02,
BOOST_NEGPULSE_1S,10-BOOST CHARGING WITH NEGATIVE PULSES_1s_PERIOD_protocol.zip,09-11-22_03.57_BCNP1s_protocol_halfC_0.5C_dchg_(b1)_IN21700_30T_cycle_#97.mat,halfC,97,7020,0.0,24.62,25.37,25.61,
BOOST_NEGPULSE_1S,10-BOOST CHARGING WITH NEGATIVE PULSES_1s_PERIOD_protocol.zip,09-11-22_03.57_BCNP1s_protocol_halfC_CAP_(b1)_forexcel_cycle_#97.mat,CAP,97,0,1.0,,,,read:KeyError
BOOST_NEGPULSE_1S,10-BOOST CHARGING WITH NEGATIVE PULSES_1s_PERIOD_protocol.zip,09-11-22_07.20_BCNP1s_protocol_halfC_0.5C_dchg_(b2)_IN21700_30T_cycle_#98.mat,halfC,98,7021,0.0,24.6,25.34,25.57,
BOOST_NEGPULSE_1S,10-BOOST CHARGING WITH NEGATIVE PULSES_1s_PERIOD_protocol.zip,09-11-22_07.20_BCNP1s_protocol_halfC_CAP_(b2)_forexcel_cycle_#98.mat,CAP,98,0,1.0,,,,read:KeyError
BOOST_NEGPULSE_1S,10-BOOST CHARGING WITH NEGATIVE PULSES_1s_PERIOD_protocol.zip,09-11-22_10.13_BCNP1s_protocol__Fifteen_Drive_Cycles_set_IN21700_30T_cycle_#99_to_113.mat,drive,99,104263,0.0,24.69,25.95,25.98,
BOOST_NEGPULSE_1S,10-BOOST CHARGING WITH NEGATIVE PULSES_1s_PERIOD_protocol.zip,09-14-22_12.43_BCNP1s_protocol_whole_Schedule_IN21700_30T_cycle_#114_week#4.mat,schedule,114,301630,0.0,24.48,25.84,25.85,
BOOST_NEGPULSE_1S,10-BOOST CHARGING WITH NEGATIVE PULSES_1s_PERIOD_protocol.zip,09-14-22_13.12_BCNP1s_protocol_halfC_0.5C_dchg_(a1)_IN21700_30T_cycle_#114.mat,halfC,114,6998,0.0,24.62,25.35,25.58,
BOOST_NEGPULSE_1S,10-BOOST CHARGING WITH NEGATIVE PULSES_1s_PERIOD_protocol.zip,09-14-22_13.12_BCNP1s_protocol_halfC_CAP_(a1)_forexcel_cycle_#114.mat,CAP,114,0,1.0,,,,read:KeyError
BOOST_NEGPULSE_1S,10-BOOST CHARGING WITH NEGATIVE PULSES_1s_PERIOD_protocol.zip,09-14-22_16.38_BCNP1s_protocol_halfC_0.5C_dchg_(a2)_IN21700_30T_cycle_#115.mat,halfC,115,6964,0.0,24.61,25.34,25.58,
BOOST_NEGPULSE_1S,10-BOOST CHARGING WITH NEGATIVE PULSES_1s_PERIOD_protocol.zip,09-14-22_16.38_BCNP1s_protocol_halfC_CAP_(a2)_forexcel_cycle_#115.mat,CAP,115,0,1.0,,,,read:KeyError
BOOST_NEGPULSE_1S,10-BOOST CHARGING WITH NEGATIVE PULSES_1s_PERIOD_protocol.zip,09-14-22_18.49_BCNP1s_protocol_ONE_C_charge_IN21700_30T_cycle_#115.mat,other,115,333,0.0,24.66,26.04,25.4,
BOOST_NEGPULSE_1S,10-BOOST CHARGING WITH NEGATIVE PULSES_1s_PERIOD_protocol.zip,09-14-22_20.04_BCNP1s_protocol_OneC_1C_dchg_IN21700_30T_cycle_#116.mat,other,116,3448,0.0,24.74,25.65,25.98,
BOOST_NEGPULSE_1S,10-BOOST CHARGING WITH NEGATIVE PULSES_1s_PERIOD_protocol.zip,09-14-22_22.31_BCNP1s_protocol_TwoC_2C_dchg_IN21700_30T_cycle_#117.mat,other,117,1709,0.0,24.93,26.85,27.32,
BOOST_NEGPULSE_1S,10-BOOST CHARGING WITH NEGATIVE PULSES_1s_PERIOD_protocol.zip,09-15-22_00.35_BCNP1s_protocol_HPPC_IN21700_30T_cycle_#118.mat,HPPC,118,35161,0.0,24.48,25.54,25.55,
BOOST_NEGPULSE_1S,10-BOOST CHARGING WITH NEGATIVE PULSES_1s_PERIOD_protocol.zip,09-16-22_06.44_BCNP1s_protocol_tenpercent_chg_a_IN21700_30T_cycle_#118.mat,other,118,1046,0.0,24.62,25.24,25.24,
BOOST_NEGPULSE_1S,10-BOOST CHARGING WITH NEGATIVE PULSES_1s_PERIOD_protocol.zip,09-16-22_07.11_BCNP1s_protocol_FastCharge_IN21700_30T_cycle_#118.mat,other,118,4786,0.0,24.9,29.88,26.1,
BOOST_NEGPULSE_1S,10-BOOST CHARGING WITH NEGATIVE PULSES_1s_PERIOD_protocol.zip,09-16-22_07.40_BCNP1s_protocol__Fifteen_Drive_Cycles_set_IN21700_30T_cycle_#119_to_133.mat,drive,119,103768,0.0,24.62,25.94,25.98,
BOOST_NEGPULSE_1S,10-BOOST CHARGING WITH NEGATIVE PULSES_1s_PERIOD_protocol.zip,09-17-22_13.53_BCNP1s_protocol_halfC_0.5C_dchg_(b1)_IN21700_30T_cycle_#134.mat,halfC,134,6969,0.0,24.51,25.32,25.57,
BOOST_NEGPULSE_1S,10-BOOST CHARGING WITH NEGATIVE PULSES_1s_PERIOD_protocol.zip,09-17-22_13.53_BCNP1s_protocol_halfC_CAP_(b1)_forexcel_cycle_#134.mat,CAP,134,0,1.0,,,,read:KeyError
BOOST_NEGPULSE_1S,10-BOOST CHARGING WITH NEGATIVE PULSES_1s_PERIOD_protocol.zip,09-17-22_17.15_BCNP1s_protocol_halfC_0.5C_dchg_(b2)_IN21700_30T_cycle_#135.mat,halfC,135,6970,0.0,24.5,25.31,25.53,
BOOST_NEGPULSE_1S,10-BOOST CHARGING WITH NEGATIVE PULSES_1s_PERIOD_protocol.zip,09-17-22_17.15_BCNP1s_protocol_halfC_CAP_(b2)_forexcel_cycle_#135.mat,CAP,135,0,1.0,,,,read:KeyError
BOOST_NEGPULSE_1S,10-BOOST CHARGING WITH NEGATIVE PULSES_1s_PERIOD_protocol.zip,09-17-22_20.07_BCNP1s_protocol__Fifteen_Drive_Cycles_set_IN21700_30T_cycle_#136_to_150.mat,drive,136,103827,0.0,24.66,25.96,25.99,
BOOST_NEGPULSE_1S,10-BOOST CHARGING WITH NEGATIVE PULSES_1s_PERIOD_protocol.zip,Cover20 is not performed this week_#4.mat,other,-1,0,1.0,,,,read:KeyError
BOOST_NEGPULSE_1S,10-BOOST CHARGING WITH NEGATIVE PULSES_1s_PERIOD_protocol.zip,09-19-22_09.18_BCNP1s_protocol_whole_Schedule_IN21700_30T_cycle_#151_week#5.mat,schedule,151,303690,0.0,24.51,25.83,25.84,
BOOST_NEGPULSE_1S,10-BOOST CHARGING WITH NEGATIVE PULSES_1s_PERIOD_protocol.zip,09-19-22_10.37_BCNP1s_protocol_OCV_0.05C_IN21700_30T_cycle_#151.mat,OCV,151,2624,0.0,24.57,25.2,25.2,
BOOST_NEGPULSE_1S,10-BOOST CHARGING WITH NEGATIVE PULSES_1s_PERIOD_protocol.zip,09-23-22_14.24_BCNP1s_protocol_halfC_0.5C_dchg_(a1)_IN21700_30T_cycle_#152.mat,halfC,152,6896,0.0,24.67,25.41,25.54,
BOOST_NEGPULSE_1S,10-BOOST CHARGING WITH NEGATIVE PULSES_1s_PERIOD_protocol.zip,09-23-22_14.24_BCNP1s_protocol_halfC_CAP_(a1)_forexcel_cycle_#152.mat,CAP,152,0,1.0,,,,read:KeyError
BOOST_NEGPULSE_1S,10-BOOST CHARGING WITH NEGATIVE PULSES_1s_PERIOD_protocol.zip,09-23-22_17.49_BCNP1s_protocol_halfC_0.5C_dchg_(a2)_IN21700_30T_cycle_#153.mat,halfC,153,6908,0.0,24.58,25.32,25.62,
BOOST_NEGPULSE_1S,10-BOOST CHARGING WITH NEGATIVE PULSES_1s_PERIOD_protocol.zip,09-23-22_17.49_BCNP1s_protocol_halfC_CAP_(a2)_forexcel_cycle_#153.mat,CAP,153,0,1.0,,,,read:KeyError
BOOST_NEGPULSE_1S,10-BOOST CHARGING WITH NEGATIVE PULSES_1s_PERIOD_protocol.zip,09-23-22_19.59_BCNP1s_protocol_ONE_C_charge_IN21700_30T_cycle_#153.mat,other,153,329,0.0,24.64,26.08,25.38,
BOOST_NEGPULSE_1S,10-BOOST CHARGING WITH NEGATIVE PULSES_1s_PERIOD_protocol.zip,09-23-22_21.14_BCNP1s_protocol_OneC_1C_dchg_IN21700_30T_cycle_#154.mat,other,154,3420,0.0,24.88,25.66,25.93,
BOOST_NEGPULSE_1S,10-BOOST CHARGING WITH NEGATIVE PULSES_1s_PERIOD_protocol.zip,09-23-22_23.41_BCNP1s_protocol_TwoC_2C_dchg_IN21700_30T_cycle_#155.mat,other,155,1696,0.0,24.82,26.87,27.4,
BOOST_NEGPULSE_1S,10-BOOST CHARGING WITH NEGATIVE PULSES_1s_PERIOD_protocol.zip,09-24-22_01.45_BCNP1s_protocol_HPPC_IN21700_30T_cycle_#156.mat,HPPC,156,35145,0.0,24.51,25.53,25.56,
BOOST_NEGPULSE_1S,10-BOOST CHARGING WITH NEGATIVE PULSES_1s_PERIOD_protocol.zip,09-25-22_07.53_BCNP1s_protocol_tenpercent_chg_a_IN21700_30T_cycle_#156.mat,other,156,1037,0.0,24.66,25.32,25.32,
BOOST_NEGPULSE_1S,10-BOOST CHARGING WITH NEGATIVE PULSES_1s_PERIOD_protocol.zip,09-25-22_08.21_BCNP1s_protocol_FastCharge_IN21700_30T_cycle_#156.mat,other,156,4749,0.0,24.83,30.09,25.77,
BOOST_NEGPULSE_1S,10-BOOST CHARGING WITH NEGATIVE PULSES_1s_PERIOD_protocol.zip,09-25-22_08.50_BCNP1s_protocol__Fifteen_Drive_Cycles_set_IN21700_30T_cycle_#157_to_171.mat,drive,157,103365,0.0,24.67,25.94,25.97,
BOOST_NEGPULSE_1S,10-BOOST CHARGING WITH NEGATIVE PULSES_1s_PERIOD_protocol.zip,09-26-22_14.57_BCNP1s_protocol_halfC_0.5C_dchg_(b1)_IN21700_30T_cycle_#172.mat,halfC,172,6919,0.0,24.55,25.27,25.5,
BOOST_NEGPULSE_1S,10-BOOST CHARGING WITH NEGATIVE PULSES_1s_PERIOD_protocol.zip,09-26-22_14.57_BCNP1s_protocol_halfC_CAP_(b1)_forexcel_cycle_#172.mat,CAP,172,0,1.0,,,,read:KeyError
BOOST_NEGPULSE_1S,10-BOOST CHARGING WITH NEGATIVE PULSES_1s_PERIOD_protocol.zip,09-26-22_18.18_BCNP1s_protocol_halfC_0.5C_dchg_(b2)_IN21700_30T_cycle_#173.mat,halfC,173,6920,0.0,24.55,25.32,25.55,
BOOST_NEGPULSE_1S,10-BOOST CHARGING WITH NEGATIVE PULSES_1s_PERIOD_protocol.zip,09-26-22_18.18_BCNP1s_protocol_halfC_CAP_(b2)_forexcel_cycle_#173.mat,CAP,173,0,1.0,,,,read:KeyError
BOOST_NEGPULSE_1S,10-BOOST CHARGING WITH NEGATIVE PULSES_1s_PERIOD_protocol.zip,09-26-22_21.11_BCNP1s_protocol__Fifteen_Drive_Cycles_set_IN21700_30T_cycle_#174_to_188.mat,drive,174,103844,0.0,24.65,25.93,25.96,
BOOST_NEGPULSE_1S,10-BOOST CHARGING WITH NEGATIVE PULSES_1s_PERIOD_protocol.zip,09-29-22_09.10_BCNP1s_protocol_whole_Schedule_IN21700_30T_cycle_#189_week#6.mat,schedule,189,300311,0.0,24.5,25.95,25.95,
BOOST_NEGPULSE_1S,10-BOOST CHARGING WITH NEGATIVE PULSES_1s_PERIOD_protocol.zip,09-29-22_09.39_BCNP1s_protocol_halfC_0.5C_dchg_(a1)_IN21700_30T_cycle_#189.mat,halfC,189,6914,0.0,24.59,25.34,25.58,
BOOST_NEGPULSE_1S,10-BOOST CHARGING WITH NEGATIVE PULSES_1s_PERIOD_protocol.zip,09-29-22_09.39_BCNP1s_protocol_halfC_CAP_(a1)_forexcel_cycle_#189.mat,CAP,189,0,1.0,,,,read:KeyError
BOOST_NEGPULSE_1S,10-BOOST CHARGING WITH NEGATIVE PULSES_1s_PERIOD_protocol.zip,09-29-22_13.04_BCNP1s_protocol_halfC_0.5C_dchg_(a2)_IN21700_30T_cycle_#190.mat,halfC,190,6873,0.0,24.59,25.32,25.56,
BOOST_NEGPULSE_1S,10-BOOST CHARGING WITH NEGATIVE PULSES_1s_PERIOD_protocol.zip,09-29-22_13.04_BCNP1s_protocol_halfC_CAP_(a2)_forexcel_cycle_#190.mat,CAP,190,0,1.0,,,,read:KeyError
BOOST_NEGPULSE_1S,10-BOOST CHARGING WITH NEGATIVE PULSES_1s_PERIOD_protocol.zip,09-29-22_15.14_BCNP1s_protocol_ONE_C_charge_IN21700_30T_cycle_#190.mat,other,190,326,0.0,24.7,26.09,25.36,
BOOST_NEGPULSE_1S,10-BOOST CHARGING WITH NEGATIVE PULSES_1s_PERIOD_protocol.zip,09-29-22_18.56_BCNP1s_protocol_TwoC_2C_dchg_IN21700_30T_cycle_#192.mat,other,192,1688,0.0,24.82,27.01,27.5,
BOOST_NEGPULSE_1S,10-BOOST CHARGING WITH NEGATIVE PULSES_1s_PERIOD_protocol.zip,09-29-22_21.00_BCNP1s_protocol_HPPC_IN21700_30T_cycle_#193.mat,HPPC,193,35146,0.0,24.54,25.57,25.56,
BOOST_NEGPULSE_1S,10-BOOST CHARGING WITH NEGATIVE PULSES_1s_PERIOD_protocol.zip,10-01-22_03.08_BCNP1s_protocol_tenpercent_chg_a_IN21700_30T_cycle_#193.mat,other,193,1033,0.0,24.62,25.3,25.3,
BOOST_NEGPULSE_1S,10-BOOST CHARGING WITH NEGATIVE PULSES_1s_PERIOD_protocol.zip,10-01-22_03.35_BCNP1s_protocol_FastCharge_IN21700_30T_cycle_#193.mat,other,193,4746,0.0,24.8,30.15,25.68,
BOOST_NEGPULSE_1S,10-BOOST CHARGING WITH NEGATIVE PULSES_1s_PERIOD_protocol.zip,10-01-22_04.04_BCNP1s_protocol__Fifteen_Drive_Cycles_set_IN21700_30T_cycle_#194_to_208.mat,drive,194,102900,0.0,24.66,25.93,25.95,
BOOST_NEGPULSE_1S,10-BOOST CHARGING WITH NEGATIVE PULSES_1s_PERIOD_protocol.zip,10-02-22_10.03_BCNP1s_protocol_halfC_0.5C_dchg_(b1)_IN21700_30T_cycle_#209.mat,halfC,209,6879,0.0,24.5,25.31,25.66,
BOOST_NEGPULSE_1S,10-BOOST CHARGING WITH NEGATIVE PULSES_1s_PERIOD_protocol.zip,10-02-22_10.03_BCNP1s_protocol_halfC_CAP_(b1)_forexcel_cycle_#209.mat,CAP,209,0,1.0,,,,read:KeyError
BOOST_NEGPULSE_1S,10-BOOST CHARGING WITH NEGATIVE PULSES_1s_PERIOD_protocol.zip,10-02-22_13.24_BCNP1s_protocol_halfC_0.5C_dchg_(b2)_IN21700_30T_cycle_#210.mat,halfC,210,6883,0.0,24.79,25.53,25.79,
BOOST_NEGPULSE_1S,10-BOOST CHARGING WITH NEGATIVE PULSES_1s_PERIOD_protocol.zip,10-02-22_13.24_BCNP1s_protocol_halfC_CAP_(b2)_forexcel_cycle_#210.mat,CAP,210,0,1.0,,,,read:KeyError
BOOST_NEGPULSE_1S,10-BOOST CHARGING WITH NEGATIVE PULSES_1s_PERIOD_protocol.zip,10-02-22_16.15_BCNP1s_protocol__Fifteen_Drive_Cycles_set_IN21700_30T_cycle_#211_to_225.mat,drive,211,103674,0.0,24.97,26.2,26.22,
BOOST_NEGPULSE_1S,10-BOOST CHARGING WITH NEGATIVE PULSES_1s_PERIOD_protocol.zip,Cover20 is not performed this week_#6.mat,other,-1,0,1.0,,,,read:KeyError
BOOST_NEGPULSE_1S,10-BOOST CHARGING WITH NEGATIVE PULSES_1s_PERIOD_protocol.zip,10-07-22_09.18_BCNP1s_protocol_whole_Schedule_IN21700_30T_cycle_#226_week#7.mat,schedule,226,303729,0.0,24.6,26.05,26.06,
BOOST_NEGPULSE_1S,10-BOOST CHARGING WITH NEGATIVE PULSES_1s_PERIOD_protocol.zip,10-07-22_10.44_BCNP1s_protocol_OCV_0.05C_IN21700_30T_cycle_#226.mat,OCV,226,2391,0.0,24.6,25.44,25.42,
BOOST_NEGPULSE_1S,10-BOOST CHARGING WITH NEGATIVE PULSES_1s_PERIOD_protocol.zip,10-09-22_03.31_BCNP1s_protocol_halfC_0.5C_dchg_(a1)_IN21700_30T_cycle_#227.mat,halfC,227,6842,0.0,24.84,25.57,25.77,
BOOST_NEGPULSE_1S,10-BOOST CHARGING WITH NEGATIVE PULSES_1s_PERIOD_protocol.zip,10-09-22_03.31_BCNP1s_protocol_halfC_CAP_(a1)_forexcel_cycle_#227.mat,CAP,227,0,1.0,,,,read:KeyError
BOOST_NEGPULSE_1S,10-BOOST CHARGING WITH NEGATIVE PULSES_1s_PERIOD_protocol.zip,10-09-22_06.56_BCNP1s_protocol_halfC_0.5C_dchg_(a2)_IN21700_30T_cycle_#228.mat,halfC,228,6821,0.0,24.7,25.55,25.73,
BOOST_NEGPULSE_1S,10-BOOST CHARGING WITH NEGATIVE PULSES_1s_PERIOD_protocol.zip,10-09-22_06.56_BCNP1s_protocol_halfC_CAP_(a2)_forexcel_cycle_#228.mat,CAP,228,0,1.0,,,,read:KeyError
BOOST_NEGPULSE_1S,10-BOOST CHARGING WITH NEGATIVE PULSES_1s_PERIOD_protocol.zip,10-09-22_09.05_BCNP1s_protocol_ONE_C_charge_IN21700_30T_cycle_#228.mat,other,228,324,0.0,24.86,26.32,25.5,
BOOST_NEGPULSE_1S,10-BOOST CHARGING WITH NEGATIVE PULSES_1s_PERIOD_protocol.zip,10-09-22_10.21_BCNP1s_protocol_OneC_1C_dchg_IN21700_30T_cycle_#229.mat,other,229,3385,0.0,25.02,25.93,26.18,
BOOST_NEGPULSE_1S,10-BOOST CHARGING WITH NEGATIVE PULSES_1s_PERIOD_protocol.zip,10-09-22_12.50_BCNP1s_protocol_TwoC_2C_dchg_IN21700_30T_cycle_#230.mat,other,230,1680,0.0,25.15,27.32,27.78,
BOOST_NEGPULSE_1S,10-BOOST CHARGING WITH NEGATIVE PULSES_1s_PERIOD_protocol.zip,10-09-22_14.56_BCNP1s_protocol_HPPC_IN21700_30T_cycle_#231.mat,HPPC,231,35036,0.0,24.68,25.74,25.77,
BOOST_NEGPULSE_1S,10-BOOST CHARGING WITH NEGATIVE PULSES_1s_PERIOD_protocol.zip,10-10-22_21.04_BCNP1s_protocol_tenpercent_chg_a_IN21700_30T_cycle_#231.mat,other,231,1026,0.0,24.85,25.53,25.53,
BOOST_NEGPULSE_1S,10-BOOST CHARGING WITH NEGATIVE PULSES_1s_PERIOD_protocol.zip,10-10-22_21.31_BCNP1s_protocol_FastCharge_IN21700_30T_cycle_#231.mat,other,231,4709,0.0,24.98,29.61,25.83,
BOOST_NEGPULSE_1S,10-BOOST CHARGING WITH NEGATIVE PULSES_1s_PERIOD_protocol.zip,10-10-22_22.01_BCNP1s_protocol__Fifteen_Drive_Cycles_set_IN21700_30T_cycle_#232_to_246.mat,drive,232,103879,0.0,24.9,26.17,26.19,
BOOST_NEGPULSE_1S,10-BOOST CHARGING WITH NEGATIVE PULSES_1s_PERIOD_protocol.zip,10-12-22_04.19_BCNP1s_protocol_halfC_0.5C_dchg_(b1)_IN21700_30T_cycle_#247.mat,halfC,247,6838,0.0,24.72,25.47,25.67,
BOOST_NEGPULSE_1S,10-BOOST CHARGING WITH NEGATIVE PULSES_1s_PERIOD_protocol.zip,10-12-22_04.19_BCNP1s_protocol_halfC_CAP_(b1)_forexcel_cycle_#247.mat,CAP,247,0,1.0,,,,read:KeyError
BOOST_NEGPULSE_1S,10-BOOST CHARGING WITH NEGATIVE PULSES_1s_PERIOD_protocol.zip,10-12-22_07.40_BCNP1s_protocol_halfC_0.5C_dchg_(b2)_IN21700_30T_cycle_#248.mat,halfC,248,6841,0.0,24.88,25.64,25.88,
BOOST_NEGPULSE_1S,10-BOOST CHARGING WITH NEGATIVE PULSES_1s_PERIOD_protocol.zip,10-12-22_07.40_BCNP1s_protocol_halfC_CAP_(b2)_forexcel_cycle_#248.mat,CAP,248,0,1.0,,,,read:KeyError
BOOST_NEGPULSE_1S,10-BOOST CHARGING WITH NEGATIVE PULSES_1s_PERIOD_protocol.zip,10-12-22_10.31_BCNP1s_protocol__Fifteen_Drive_Cycles_set_IN21700_30T_cycle_#249_to_263.mat,drive,249,103698,0.0,24.87,26.17,26.18,
BOOST_NEGPULSE_1S,10-BOOST CHARGING WITH NEGATIVE PULSES_1s_PERIOD_protocol.zip,10-18-22_09.14_BCNP1s_protocol_whole_Schedule_IN21700_30T_cycle_#264_week#8.mat,schedule,264,298128,0.0,24.57,26.04,26.02,
BOOST_NEGPULSE_1S,10-BOOST CHARGING WITH NEGATIVE PULSES_1s_PERIOD_protocol.zip,10-18-22_09.42_BCNP1s_protocol_halfC_0.5C_dchg_(a1)_IN21700_30T_cycle_#264.mat,halfC,264,6774,0.0,24.95,25.64,25.7,
BOOST_NEGPULSE_1S,10-BOOST CHARGING WITH NEGATIVE PULSES_1s_PERIOD_protocol.zip,10-18-22_09.42_BCNP1s_protocol_halfC_CAP_(a1)_forexcel_cycle_#264.mat,CAP,264,0,1.0,,,,read:KeyError
BOOST_NEGPULSE_1S,10-BOOST CHARGING WITH NEGATIVE PULSES_1s_PERIOD_protocol.zip,10-18-22_13.06_BCNP1s_protocol_halfC_0.5C_dchg_(a2)_IN21700_30T_cycle_#265.mat,halfC,265,6740,0.0,24.9,25.57,25.72,
BOOST_NEGPULSE_1S,10-BOOST CHARGING WITH NEGATIVE PULSES_1s_PERIOD_protocol.zip,10-18-22_13.06_BCNP1s_protocol_halfC_CAP_(a2)_forexcel_cycle_#265.mat,CAP,265,0,1.0,,,,read:KeyError
BOOST_NEGPULSE_1S,10-BOOST CHARGING WITH NEGATIVE PULSES_1s_PERIOD_protocol.zip,10-18-22_15.13_BCNP1s_protocol_ONE_C_charge_IN21700_30T_cycle_#265.mat,other,265,319,0.0,25.0,26.21,25.64,
BOOST_NEGPULSE_1S,10-BOOST CHARGING WITH NEGATIVE PULSES_1s_PERIOD_protocol.zip,10-18-22_16.30_BCNP1s_protocol_OneC_1C_dchg_IN21700_30T_cycle_#266.mat,other,266,3344,0.0,25.05,25.85,26.06,
BOOST_NEGPULSE_1S,10-BOOST CHARGING WITH NEGATIVE PULSES_1s_PERIOD_protocol.zip,10-18-22_18.56_BCNP1s_protocol_TwoC_2C_dchg_IN21700_30T_cycle_#267.mat,other,267,1661,0.0,25.09,26.92,27.34,
BOOST_NEGPULSE_1S,10-BOOST CHARGING WITH NEGATIVE PULSES_1s_PERIOD_protocol.zip,10-18-22_21.00_BCNP1s_protocol_HPPC_IN21700_30T_cycle_#268.mat,HPPC,268,35084,0.0,24.87,25.78,25.81,
BOOST_NEGPULSE_1S,10-BOOST CHARGING WITH NEGATIVE PULSES_1s_PERIOD_protocol.zip,10-20-22_03.08_BCNP1s_protocol_tenpercent_chg_a_IN21700_30T_cycle_#268.mat,other,268,1014,0.0,25.06,25.74,25.74,
BOOST_NEGPULSE_1S,10-BOOST CHARGING WITH NEGATIVE PULSES_1s_PERIOD_protocol.zip,10-20-22_03.35_BCNP1s_protocol_FastCharge_IN21700_30T_cycle_#268.mat,other,268,4661,0.0,25.11,29.1,26.11,
BOOST_NEGPULSE_1S,10-BOOST CHARGING WITH NEGATIVE PULSES_1s_PERIOD_protocol.zip,10-20-22_04.04_BCNP1s_protocol__Fifteen_Drive_Cycles_set_IN21700_30T_cycle_#269_to_283.mat,drive,269,102320,0.0,24.56,26.14,26.12,
BOOST_NEGPULSE_1S,10-BOOST CHARGING WITH NEGATIVE PULSES_1s_PERIOD_protocol.zip,10-21-22_09.56_BCNP1s_protocol_halfC_0.5C_dchg_(b1)_IN21700_30T_cycle_#284.mat,halfC,284,6784,0.0,24.98,25.68,25.83,
BOOST_NEGPULSE_1S,10-BOOST CHARGING WITH NEGATIVE PULSES_1s_PERIOD_protocol.zip,10-21-22_09.56_BCNP1s_protocol_halfC_CAP_(b1)_forexcel_cycle_#284.mat,CAP,284,0,1.0,,,,read:KeyError
BOOST_NEGPULSE_1S,10-BOOST CHARGING WITH NEGATIVE PULSES_1s_PERIOD_protocol.zip,10-21-22_13.16_BCNP1s_protocol_halfC_0.5C_dchg_(b2)_IN21700_30T_cycle_#285.mat,halfC,285,6785,0.0,24.95,25.65,25.76,
BOOST_NEGPULSE_1S,10-BOOST CHARGING WITH NEGATIVE PULSES_1s_PERIOD_protocol.zip,10-21-22_13.16_BCNP1s_protocol_halfC_CAP_(b2)_forexcel_cycle_#285.mat,CAP,285,0,1.0,,,,read:KeyError
BOOST_NEGPULSE_1S,10-BOOST CHARGING WITH NEGATIVE PULSES_1s_PERIOD_protocol.zip,10-21-22_16.05_BCNP1s_protocol__Fifteen_Drive_Cycles_set_IN21700_30T_cycle_#286_to_300.mat,drive,286,102617,0.0,24.79,26.12,26.09,
BOOST_NEGPULSE_1S,10-BOOST CHARGING WITH NEGATIVE PULSES_1s_PERIOD_protocol.zip,Cover20 is not performed this week_#8.mat,other,-1,0,1.0,,,,read:KeyError
BOOST_NEGPULSE_1S,10-BOOST CHARGING WITH NEGATIVE PULSES_1s_PERIOD_protocol.zip,10-23-22_14.07_BCNP1s_protocol_whole_Schedule_IN21700_30T_cycle_#301_week#9.mat,schedule,301,301239,0.0,24.35,26.09,26.08,
BOOST_NEGPULSE_1S,10-BOOST CHARGING WITH NEGATIVE PULSES_1s_PERIOD_protocol.zip,10-23-22_15.26_BCNP1s_protocol_OCV_0.05C_IN21700_30T_cycle_#301.mat,OCV,301,2384,0.0,24.81,25.48,25.5,
BOOST_NEGPULSE_1S,10-BOOST CHARGING WITH NEGATIVE PULSES_1s_PERIOD_protocol.zip,10-25-22_08.47_BCNP1s_protocol_halfC_0.5C_dchg_(a1)_IN21700_30T_cycle_#302.mat,halfC,302,6793,0.0,24.97,25.69,25.85,
BOOST_NEGPULSE_1S,10-BOOST CHARGING WITH NEGATIVE PULSES_1s_PERIOD_protocol.zip,10-25-22_08.47_BCNP1s_protocol_halfC_CAP_(a1)_forexcel_cycle_#302.mat,CAP,302,0,1.0,,,,read:KeyError
BOOST_NEGPULSE_1S,10-BOOST CHARGING WITH NEGATIVE PULSES_1s_PERIOD_protocol.zip,10-25-22_12.12_BCNP1s_protocol_halfC_0.5C_dchg_(a2)_IN21700_30T_cycle_#303.mat,halfC,303,6759,0.0,24.85,25.52,25.81,
BOOST_NEGPULSE_1S,10-BOOST CHARGING WITH NEGATIVE PULSES_1s_PERIOD_protocol.zip,10-25-22_12.12_BCNP1s_protocol_halfC_CAP_(a2)_forexcel_cycle_#303.mat,CAP,303,0,1.0,,,,read:KeyError
BOOST_NEGPULSE_1S,10-BOOST CHARGING WITH NEGATIVE PULSES_1s_PERIOD_protocol.zip,10-25-22_14.20_BCNP1s_protocol_ONE_C_charge_IN21700_30T_cycle_#303.mat,other,303,318,0.0,25.03,26.12,25.58,
BOOST_NEGPULSE_1S,10-BOOST CHARGING WITH NEGATIVE PULSES_1s_PERIOD_protocol.zip,10-25-22_15.36_BCNP1s_protocol_OneC_1C_dchg_IN21700_30T_cycle_#304.mat,other,304,3348,0.0,24.86,25.77,25.98,
BOOST_NEGPULSE_1S,10-BOOST CHARGING WITH NEGATIVE PULSES_1s_PERIOD_protocol.zip,10-25-22_18.04_BCNP1s_protocol_TwoC_2C_dchg_IN21700_30T_cycle_#305.mat,other,305,1663,0.0,25.57,27.04,27.38,
BOOST_NEGPULSE_1S,10-BOOST CHARGING WITH NEGATIVE PULSES_1s_PERIOD_protocol.zip,10-25-22_20.10_BCNP1s_protocol_HPPC_IN21700_30T_cycle_#306.mat,HPPC,306,35081,0.0,24.35,25.78,25.84,
BOOST_NEGPULSE_1S,10-BOOST CHARGING WITH NEGATIVE PULSES_1s_PERIOD_protocol.zip,10-27-22_02.21_BCNP1s_protocol_tenpercent_chg_a_IN21700_30T_cycle_#306.mat,other,306,1015,0.0,25.1,25.73,25.73,
BOOST_NEGPULSE_1S,10-BOOST CHARGING WITH NEGATIVE PULSES_1s_PERIOD_protocol.zip,10-27-22_02.48_BCNP1s_protocol_FastCharge_IN21700_30T_cycle_#306.mat,other,306,4658,0.0,25.08,29.09,25.2,
BOOST_NEGPULSE_1S,10-BOOST CHARGING WITH NEGATIVE PULSES_1s_PERIOD_protocol.zip,10-27-22_03.17_BCNP1s_protocol__Fifteen_Drive_Cycles_set_IN21700_30T_cycle_#307_to_321.mat,drive,307,102854,0.0,24.77,26.21,26.2,
BOOST_NEGPULSE_1S,10-BOOST CHARGING WITH NEGATIVE PULSES_1s_PERIOD_protocol.zip,10-28-22_09.18_BCNP1s_protocol_halfC_0.5C_dchg_(b1)_IN21700_30T_cycle_#322.mat,halfC,322,6763,0.0,25.07,25.71,25.89,
BOOST_NEGPULSE_1S,10-BOOST CHARGING WITH NEGATIVE PULSES_1s_PERIOD_protocol.zip,10-28-22_09.18_BCNP1s_protocol_halfC_CAP_(b1)_forexcel_cycle_#322.mat,CAP,322,0,1.0,,,,read:KeyError
BOOST_NEGPULSE_1S,10-BOOST CHARGING WITH NEGATIVE PULSES_1s_PERIOD_protocol.zip,10-28-22_12.39_BCNP1s_protocol_halfC_0.5C_dchg_(b2)_IN21700_30T_cycle_#323.mat,halfC,323,6764,0.0,24.87,25.6,25.81,
BOOST_NEGPULSE_1S,10-BOOST CHARGING WITH NEGATIVE PULSES_1s_PERIOD_protocol.zip,10-28-22_12.39_BCNP1s_protocol_halfC_CAP_(b2)_forexcel_cycle_#323.mat,CAP,323,0,1.0,,,,read:KeyError
BOOST_NEGPULSE_1S,10-BOOST CHARGING WITH NEGATIVE PULSES_1s_PERIOD_protocol.zip,10-28-22_15.28_BCNP1s_protocol__Fifteen_Drive_Cycles_set_IN21700_30T_cycle_#324_to_338.mat,drive,324,102741,0.0,24.96,26.19,26.17,
BOOST_NEGPULSE_1S,10-BOOST CHARGING WITH NEGATIVE PULSES_1s_PERIOD_protocol.zip,10-30-22_09.44_BCNP1s_protocol_whole_Schedule_IN21700_30T_cycle_#339_week#10.mat,schedule,339,297641,0.0,24.16,26.09,26.07,
BOOST_NEGPULSE_1S,10-BOOST CHARGING WITH NEGATIVE PULSES_1s_PERIOD_protocol.zip,10-30-22_10.12_BCNP1s_protocol_halfC_0.5C_dchg_(a1)_IN21700_30T_cycle_#339.mat,halfC,339,6768,0.0,24.89,25.68,25.91,
BOOST_NEGPULSE_1S,10-BOOST CHARGING WITH NEGATIVE PULSES_1s_PERIOD_protocol.zip,10-30-22_10.12_BCNP1s_protocol_halfC_CAP_(a1)_forexcel_cycle_#339.mat,CAP,339,0,1.0,,,,read:KeyError
BOOST_NEGPULSE_1S,10-BOOST CHARGING WITH NEGATIVE PULSES_1s_PERIOD_protocol.zip,10-30-22_13.37_BCNP1s_protocol_halfC_0.5C_dchg_(a2)_IN21700_30T_cycle_#340.mat,halfC,340,6708,0.0,24.74,25.57,25.77,
BOOST_NEGPULSE_1S,10-BOOST CHARGING WITH NEGATIVE PULSES_1s_PERIOD_protocol.zip,10-30-22_13.37_BCNP1s_protocol_halfC_CAP_(a2)_forexcel_cycle_#340.mat,CAP,340,0,1.0,,,,read:KeyError
BOOST_NEGPULSE_1S,10-BOOST CHARGING WITH NEGATIVE PULSES_1s_PERIOD_protocol.zip,10-30-22_15.44_BCNP1s_protocol_ONE_C_charge_IN21700_30T_cycle_#340.mat,other,340,316,0.0,25.2,26.33,25.66,
BOOST_NEGPULSE_1S,10-BOOST CHARGING WITH NEGATIVE PULSES_1s_PERIOD_protocol.zip,10-30-22_17.01_BCNP1s_protocol_OneC_1C_dchg_IN21700_30T_cycle_#341.mat,other,341,3333,0.0,25.09,25.94,26.16,
BOOST_NEGPULSE_1S,10-BOOST CHARGING WITH NEGATIVE PULSES_1s_PERIOD_protocol.zip,10-30-22_19.29_BCNP1s_protocol_TwoC_2C_dchg_IN21700_30T_cycle_#342.mat,other,342,1655,0.0,25.11,27.1,27.48,
BOOST_NEGPULSE_1S,10-BOOST CHARGING WITH NEGATIVE PULSES_1s_PERIOD_protocol.zip,10-30-22_21.35_BCNP1s_protocol_HPPC_IN21700_30T_cycle_#343.mat,HPPC,343,35041,0.0,24.85,25.83,25.86,
BOOST_NEGPULSE_1S,10-BOOST CHARGING WITH NEGATIVE PULSES_1s_PERIOD_protocol.zip,11-01-22_03.41_BCNP1s_protocol_tenpercent_chg_a_IN21700_30T_cycle_#343.mat,other,343,1010,0.0,25.05,25.64,25.64,
BOOST_NEGPULSE_1S,10-BOOST CHARGING WITH NEGATIVE PULSES_1s_PERIOD_protocol.zip,11-01-22_04.08_BCNP1s_protocol_FastCharge_IN21700_30T_cycle_#343.mat,other,343,4631,0.0,25.07,29.03,25.53,
BOOST_NEGPULSE_1S,10-BOOST CHARGING WITH NEGATIVE PULSES_1s_PERIOD_protocol.zip,11-01-22_04.37_BCNP1s_protocol__Fifteen_Drive_Cycles_set_IN21700_30T_cycle_#344_to_358.mat,drive,344,102256,0.0,24.97,26.13,26.11,
BOOST_NEGPULSE_1S,10-BOOST CHARGING WITH NEGATIVE PULSES_1s_PERIOD_protocol.zip,11-02-22_10.28_BCNP1s_protocol_halfC_0.5C_dchg_(b1)_IN21700_30T_cycle_#359.mat,halfC,359,6727,0.0,24.93,25.57,25.75,
BOOST_NEGPULSE_1S,10-BOOST CHARGING WITH NEGATIVE PULSES_1s_PERIOD_protocol.zip,11-02-22_10.28_BCNP1s_protocol_halfC_CAP_(b1)_forexcel_cycle_#359.mat,CAP,359,0,1.0,,,,read:KeyError
BOOST_NEGPULSE_1S,10-BOOST CHARGING WITH NEGATIVE PULSES_1s_PERIOD_protocol.zip,11-02-22_13.48_BCNP1s_protocol_halfC_0.5C_dchg_(b2)_IN21700_30T_cycle_#360.mat,halfC,360,6745,0.0,24.16,25.35,25.17,
BOOST_NEGPULSE_1S,10-BOOST CHARGING WITH NEGATIVE PULSES_1s_PERIOD_protocol.zip,11-02-22_13.48_BCNP1s_protocol_halfC_CAP_(b2)_forexcel_cycle_#360.mat,CAP,360,0,1.0,,,,read:KeyError
BOOST_NEGPULSE_1S,10-BOOST CHARGING WITH NEGATIVE PULSES_1s_PERIOD_protocol.zip,11-03-22_12.28_BCNP1s_protocol__Fifteen_Drive_Cycles_set_IN21700_30T_cycle_#361_to_375.mat,drive,361,102407,0.0,25.11,26.26,26.23,
BOOST_NEGPULSE_1S,10-BOOST CHARGING WITH NEGATIVE PULSES_1s_PERIOD_protocol.zip,Cover20 is not performed this week_#10.mat,other,-1,0,1.0,,,,read:KeyError
BOOST_NEGPULSE_1S,10-BOOST CHARGING WITH NEGATIVE PULSES_1s_PERIOD_protocol.zip,11-05-22_13.19_BCNP1s_protocol_whole_Schedule_IN21700_30T_cycle_#376_week#11.mat,schedule,376,298991,0.0,24.7,26.2,26.18,
BOOST_NEGPULSE_1S,10-BOOST CHARGING WITH NEGATIVE PULSES_1s_PERIOD_protocol.zip,11-05-22_14.38_BCNP1s_protocol_OCV_0.05C_IN21700_30T_cycle_#376.mat,OCV,376,2372,0.0,25.11,25.68,25.64,
BOOST_NEGPULSE_1S,10-BOOST CHARGING WITH NEGATIVE PULSES_1s_PERIOD_protocol.zip,11-07-22_07.14_BCNP1s_protocol_halfC_0.5C_dchg_(a1)_IN21700_30T_cycle_#377.mat,halfC,377,6743,0.0,25.17,25.8,25.95,
BOOST_NEGPULSE_1S,10-BOOST CHARGING WITH NEGATIVE PULSES_1s_PERIOD_protocol.zip,11-07-22_07.14_BCNP1s_protocol_halfC_CAP_(a1)_forexcel_cycle_#377.mat,CAP,377,0,1.0,,,,read:KeyError
BOOST_NEGPULSE_1S,10-BOOST CHARGING WITH NEGATIVE PULSES_1s_PERIOD_protocol.zip,11-07-22_10.39_BCNP1s_protocol_halfC_0.5C_dchg_(a2)_IN21700_30T_cycle_#378.mat,halfC,378,6689,0.0,24.99,25.74,25.91,
BOOST_NEGPULSE_1S,10-BOOST CHARGING WITH NEGATIVE PULSES_1s_PERIOD_protocol.zip,11-07-22_10.39_BCNP1s_protocol_halfC_CAP_(a2)_forexcel_cycle_#378.mat,CAP,378,0,1.0,,,,read:KeyError
BOOST_NEGPULSE_1S,10-BOOST CHARGING WITH NEGATIVE PULSES_1s_PERIOD_protocol.zip,11-07-22_12.45_BCNP1s_protocol_ONE_C_charge_IN21700_30T_cycle_#378.mat,other,378,314,0.0,25.31,26.36,25.82,
BOOST_NEGPULSE_1S,10-BOOST CHARGING WITH NEGATIVE PULSES_1s_PERIOD_protocol.zip,11-07-22_14.03_BCNP1s_protocol_OneC_1C_dchg_IN21700_30T_cycle_#379.mat,other,379,3317,0.0,25.18,26.07,26.3,
BOOST_NEGPULSE_1S,10-BOOST CHARGING WITH NEGATIVE PULSES_1s_PERIOD_protocol.zip,11-07-22_16.31_BCNP1s_protocol_TwoC_2C_dchg_IN21700_30T_cycle_#380.mat,other,380,1648,0.0,25.2,26.95,27.37,
BOOST_NEGPULSE_1S,10-BOOST CHARGING WITH NEGATIVE PULSES_1s_PERIOD_protocol.zip,11-07-22_18.36_BCNP1s_protocol_HPPC_IN21700_30T_cycle_#381.mat,HPPC,381,35027,0.0,25.1,25.97,26.0,
BOOST_NEGPULSE_1S,10-BOOST CHARGING WITH NEGATIVE PULSES_1s_PERIOD_protocol.zip,11-09-22_00.43_BCNP1s_protocol_tenpercent_chg_a_IN21700_30T_cycle_#381.mat,other,381,1005,0.0,25.25,25.82,25.82,
BOOST_NEGPULSE_1S,10-BOOST CHARGING WITH NEGATIVE PULSES_1s_PERIOD_protocol.zip,11-09-22_01.10_BCNP1s_protocol_FastCharge_IN21700_30T_cycle_#381.mat,other,381,4606,0.0,25.29,28.77,26.15,
BOOST_NEGPULSE_1S,10-BOOST CHARGING WITH NEGATIVE PULSES_1s_PERIOD_protocol.zip,11-09-22_01.39_BCNP1s_protocol__Fifteen_Drive_Cycles_set_IN21700_30T_cycle_#382_to_396.mat,drive,382,101649,0.0,24.76,26.29,26.28,
BOOST_NEGPULSE_1S,10-BOOST CHARGING WITH NEGATIVE PULSES_1s_PERIOD_protocol.zip,11-10-22_07.20_BCNP1s_protocol_halfC_0.5C_dchg_(b1)_IN21700_30T_cycle_#397.mat,halfC,397,6698,0.0,25.07,25.74,25.95,
BOOST_NEGPULSE_1S,10-BOOST CHARGING WITH NEGATIVE PULSES_1s_PERIOD_protocol.zip,11-10-22_07.20_BCNP1s_protocol_halfC_CAP_(b1)_forexcel_cycle_#397.mat,CAP,397,0,1.0,,,,read:KeyError
BOOST_NEGPULSE_1S,10-BOOST CHARGING WITH NEGATIVE PULSES_1s_PERIOD_protocol.zip,11-10-22_10.40_BCNP1s_protocol_halfC_0.5C_dchg_(b2)_IN21700_30T_cycle_#398.mat,halfC,398,6700,0.0,25.05,25.75,25.88,
BOOST_NEGPULSE_1S,10-BOOST CHARGING WITH NEGATIVE PULSES_1s_PERIOD_protocol.zip,11-10-22_10.40_BCNP1s_protocol_halfC_CAP_(b2)_forexcel_cycle_#398.mat,CAP,398,0,1.0,,,,read:KeyError
BOOST_NEGPULSE_1S,10-BOOST CHARGING WITH NEGATIVE PULSES_1s_PERIOD_protocol.zip,11-10-22_13.28_BCNP1s_protocol__Fifteen_Drive_Cycles_set_IN21700_30T_cycle_#399_to_413.mat,drive,399,102004,0.0,24.69,26.3,26.27,
BOOST_NEGPULSE_1S,10-BOOST CHARGING WITH NEGATIVE PULSES_1s_PERIOD_protocol.zip,11-12-22_12.49_BCNP1s_protocol_whole_Schedule_IN21700_30T_cycle_#414_week#12.mat,schedule,414,295046,0.0,24.91,26.26,26.25,
BOOST_NEGPULSE_1S,10-BOOST CHARGING WITH NEGATIVE PULSES_1s_PERIOD_protocol.zip,11-12-22_13.17_BCNP1s_protocol_halfC_0.5C_dchg_(a1)_IN21700_30T_cycle_#414.mat,halfC,414,6689,0.0,25.17,25.91,26.01,
BOOST_NEGPULSE_1S,10-BOOST CHARGING WITH NEGATIVE PULSES_1s_PERIOD_protocol.zip,11-12-22_13.17_BCNP1s_protocol_halfC_CAP_(a1)_forexcel_cycle_#414.mat,CAP,414,0,1.0,,,,read:KeyError
BOOST_NEGPULSE_1S,10-BOOST CHARGING WITH NEGATIVE PULSES_1s_PERIOD_protocol.zip,11-12-22_16.42_BCNP1s_protocol_halfC_0.5C_dchg_(a2)_IN21700_30T_cycle_#415.mat,halfC,415,6641,0.0,25.17,25.91,26.06,
BOOST_NEGPULSE_1S,10-BOOST CHARGING WITH NEGATIVE PULSES_1s_PERIOD_protocol.zip,11-12-22_16.42_BCNP1s_protocol_halfC_CAP_(a2)_forexcel_cycle_#415.mat,CAP,415,0,1.0,,,,read:KeyError
BOOST_NEGPULSE_1S,10-BOOST CHARGING WITH NEGATIVE PULSES_1s_PERIOD_protocol.zip,11-12-22_18.47_BCNP1s_protocol_ONE_C_charge_IN21700_30T_cycle_#415.mat,other,415,311,0.0,25.25,26.32,25.89,
BOOST_NEGPULSE_1S,10-BOOST CHARGING WITH NEGATIVE PULSES_1s_PERIOD_protocol.zip,11-12-22_20.05_BCNP1s_protocol_OneC_1C_dchg_IN21700_30T_cycle_#416.mat,other,416,3296,0.0,25.23,26.11,26.3,
BOOST_NEGPULSE_1S,10-BOOST CHARGING WITH NEGATIVE PULSES_1s_PERIOD_protocol.zip,11-12-22_22.33_BCNP1s_protocol_TwoC_2C_dchg_IN21700_30T_cycle_#417.mat,other,417,1637,0.0,25.46,27.02,27.4,
BOOST_NEGPULSE_1S,10-BOOST CHARGING WITH NEGATIVE PULSES_1s_PERIOD_protocol.zip,11-13-22_00.38_BCNP1s_protocol_HPPC_IN21700_30T_cycle_#418.mat,HPPC,418,35054,0.0,24.91,26.01,26.03,
BOOST_NEGPULSE_1S,10-BOOST CHARGING WITH NEGATIVE PULSES_1s_PERIOD_protocol.zip,11-14-22_06.45_BCNP1s_protocol_tenpercent_chg_a_IN21700_30T_cycle_#418.mat,other,418,999,0.0,25.21,25.84,25.84,
BOOST_NEGPULSE_1S,10-BOOST CHARGING WITH NEGATIVE PULSES_1s_PERIOD_protocol.zip,11-14-22_07.11_BCNP1s_protocol_FastCharge_IN21700_30T_cycle_#418.mat,other,418,4596,0.0,25.09,28.52,26.08,
BOOST_NEGPULSE_1S,10-BOOST CHARGING WITH NEGATIVE PULSES_1s_PERIOD_protocol.zip,11-14-22_07.40_BCNP1s_protocol__Fifteen_Drive_Cycles_set_IN21700_30T_cycle_#419_to_433.mat,drive,419,101034,0.0,25.01,26.35,26.33,
BOOST_NEGPULSE_1S,10-BOOST CHARGING WITH NEGATIVE PULSES_1s_PERIOD_protocol.zip,11-15-22_13.12_BCNP1s_protocol_halfC_0.5C_dchg_(b1)_IN21700_30T_cycle_#434.mat,halfC,434,6662,0.0,25.09,25.83,25.96,
BOOST_NEGPULSE_1S,10-BOOST CHARGING WITH NEGATIVE PULSES_1s_PERIOD_protocol.zip,11-15-22_13.12_BCNP1s_protocol_halfC_CAP_(b1)_forexcel_cycle_#434.mat,CAP,434,0,1.0,,,,read:KeyError
BOOST_NEGPULSE_1S,10-BOOST CHARGING WITH NEGATIVE PULSES_1s_PERIOD_protocol.zip,11-15-22_16.32_BCNP1s_protocol_halfC_0.5C_dchg_(b2)_IN21700_30T_cycle_#435.mat,halfC,435,6663,0.0,24.98,25.83,26.0,
BOOST_NEGPULSE_1S,10-BOOST CHARGING WITH NEGATIVE PULSES_1s_PERIOD_protocol.zip,11-15-22_16.32_BCNP1s_protocol_halfC_CAP_(b2)_forexcel_cycle_#435.mat,CAP,435,0,1.0,,,,read:KeyError
BOOST_NEGPULSE_1S,10-BOOST CHARGING WITH NEGATIVE PULSES_1s_PERIOD_protocol.zip,11-15-22_19.19_BCNP1s_protocol__Fifteen_Drive_Cycles_set_IN21700_30T_cycle_#436_to_450.mat,drive,436,101305,0.0,25.06,26.35,26.34,
BOOST_NEGPULSE_1S,10-BOOST CHARGING WITH NEGATIVE PULSES_1s_PERIOD_protocol.zip,Cover20 is not performed this week_#12.mat,other,-1,0,1.0,,,,read:KeyError
BOOST_NEGPULSE_1S,10-BOOST CHARGING WITH NEGATIVE PULSES_1s_PERIOD_protocol.zip,11-19-22_13.30_BCNP1s_protocol_whole_Schedule_IN21700_30T_cycle_#451_week#13.mat,schedule,451,300071,0.0,22.57,26.29,26.3,
BOOST_NEGPULSE_1S,10-BOOST CHARGING WITH NEGATIVE PULSES_1s_PERIOD_protocol.zip,11-21-22_12.33_BCNP1s_protocol_OCV_0.05C_IN21700_30T_cycle_#451.mat,OCV,451,2322,0.0,24.82,25.58,25.53,
BOOST_NEGPULSE_1S,10-BOOST CHARGING WITH NEGATIVE PULSES_1s_PERIOD_protocol.zip,11-23-22_04.11_BCNP1s_protocol_halfC_0.5C_dchg_(a1)_IN21700_30T_cycle_#452.mat,halfC,452,6583,0.0,25.1,25.8,25.95,
BOOST_NEGPULSE_1S,10-BOOST CHARGING WITH NEGATIVE PULSES_1s_PERIOD_protocol.zip,11-23-22_04.11_BCNP1s_protocol_halfC_CAP_(a1)_forexcel_cycle_#452.mat,CAP,452,0,1.0,,,,read:KeyError
BOOST_NEGPULSE_1S,10-BOOST CHARGING WITH NEGATIVE PULSES_1s_PERIOD_protocol.zip,11-23-22_07.34_BCNP1s_protocol_halfC_0.5C_dchg_(a2)_IN21700_30T_cycle_#453.mat,halfC,453,6595,0.0,25.04,25.81,26.06,
BOOST_NEGPULSE_1S,10-BOOST CHARGING WITH NEGATIVE PULSES_1s_PERIOD_protocol.zip,11-23-22_07.34_BCNP1s_protocol_halfC_CAP_(a2)_forexcel_cycle_#453.mat,CAP,453,0,1.0,,,,read:KeyError
BOOST_NEGPULSE_1S,10-BOOST CHARGING WITH NEGATIVE PULSES_1s_PERIOD_protocol.zip,11-23-22_09.39_BCNP1s_protocol_ONE_C_charge_IN21700_30T_cycle_#453.mat,other,453,307,0.0,25.05,26.49,25.68,
BOOST_NEGPULSE_1S,10-BOOST CHARGING WITH NEGATIVE PULSES_1s_PERIOD_protocol.zip,11-26-22_12.32_BCNP1s_protocol_OneC_1C_dchg_IN21700_30T_cycle_#454.mat,other,454,3286,0.0,25.17,26.22,26.51,
BOOST_NEGPULSE_1S,10-BOOST CHARGING WITH NEGATIVE PULSES_1s_PERIOD_protocol.zip,11-26-22_15.03_BCNP1s_protocol_TwoC_2C_dchg_IN21700_30T_cycle_#455.mat,other,455,1632,0.0,24.99,27.23,27.77,
BOOST_NEGPULSE_1S,10-BOOST CHARGING WITH NEGATIVE PULSES_1s_PERIOD_protocol.zip,11-26-22_17.11_BCNP1s_protocol_HPPC_IN21700_30T_cycle_#456.mat,HPPC,456,34995,0.0,23.95,25.95,26.01,
BOOST_NEGPULSE_1S,10-BOOST CHARGING WITH NEGATIVE PULSES_1s_PERIOD_protocol.zip,11-27-22_23.17_BCNP1s_protocol_tenpercent_chg_a_IN21700_30T_cycle_#456.mat,other,456,992,0.0,25.35,25.97,25.97,
BOOST_NEGPULSE_1S,10-BOOST CHARGING WITH NEGATIVE PULSES_1s_PERIOD_protocol.zip,11-27-22_23.44_BCNP1s_protocol_FastCharge_IN21700_30T_cycle_#456.mat,other,456,4562,0.0,25.25,29.87,25.92,
BOOST_NEGPULSE_1S,10-BOOST CHARGING WITH NEGATIVE PULSES_1s_PERIOD_protocol.zip,11-28-22_00.14_BCNP1s_protocol__Fifteen_Drive_Cycles_set_IN21700_30T_cycle_#457_to_471.mat,drive,457,102133,0.0,25.05,26.41,26.43,
BOOST_NEGPULSE_1S,10-BOOST CHARGING WITH NEGATIVE PULSES_1s_PERIOD_protocol.zip,11-29-22_06.06_BCNP1s_protocol_halfC_0.5C_dchg_(b1)_IN21700_30T_cycle_#472.mat,halfC,472,6634,0.0,25.01,25.83,25.96,
BOOST_NEGPULSE_1S,10-BOOST CHARGING WITH NEGATIVE PULSES_1s_PERIOD_protocol.zip,11-29-22_06.06_BCNP1s_protocol_halfC_CAP_(b1)_forexcel_cycle_#472.mat,CAP,472,0,1.0,,,,read:KeyError
BOOST_NEGPULSE_1S,10-BOOST CHARGING WITH NEGATIVE PULSES_1s_PERIOD_protocol.zip,11-29-22_09.26_BCNP1s_protocol_halfC_0.5C_dchg_(b2)_IN21700_30T_cycle_#473.mat,halfC,473,6637,0.0,25.14,25.86,25.98,
BOOST_NEGPULSE_1S,10-BOOST CHARGING WITH NEGATIVE PULSES_1s_PERIOD_protocol.zip,11-29-22_09.26_BCNP1s_protocol_halfC_CAP_(b2)_forexcel_cycle_#473.mat,CAP,473,0,1.0,,,,read:KeyError
BOOST_NEGPULSE_1S,10-BOOST CHARGING WITH NEGATIVE PULSES_1s_PERIOD_protocol.zip,11-29-22_12.13_BCNP1s_protocol__Fifteen_Drive_Cycles_set_IN21700_30T_cycle_#474_to_488.mat,drive,474,102650,0.0,25.15,26.4,26.4,
BOOST_NEGPULSE_1S,10-BOOST CHARGING WITH NEGATIVE PULSES_1s_PERIOD_protocol.zip,11-30-22_21.04_BCNP1s_protocol_whole_Schedule_IN21700_30T_cycle_#489_week#14.mat,schedule,489,297567,0.0,24.61,26.3,26.3,
BOOST_NEGPULSE_1S,10-BOOST CHARGING WITH NEGATIVE PULSES_1s_PERIOD_protocol.zip,11-30-22_21.33_BCNP1s_protocol_halfC_0.5C_dchg_(a1)_IN21700_30T_cycle_#489.mat,halfC,489,6657,0.0,24.93,25.72,25.9,
BOOST_NEGPULSE_1S,10-BOOST CHARGING WITH NEGATIVE PULSES_1s_PERIOD_protocol.zip,11-30-22_21.33_BCNP1s_protocol_halfC_CAP_(a1)_forexcel_cycle_#489.mat,CAP,489,0,1.0,,,,read:KeyError
BOOST_NEGPULSE_1S,10-BOOST CHARGING WITH NEGATIVE PULSES_1s_PERIOD_protocol.zip,12-01-22_00.57_BCNP1s_protocol_halfC_0.5C_dchg_(a2)_IN21700_30T_cycle_#490.mat,halfC,490,6598,0.0,25.04,25.77,25.88,
BOOST_NEGPULSE_1S,10-BOOST CHARGING WITH NEGATIVE PULSES_1s_PERIOD_protocol.zip,12-01-22_00.57_BCNP1s_protocol_halfC_CAP_(a2)_forexcel_cycle_#490.mat,CAP,490,0,1.0,,,,read:KeyError
BOOST_NEGPULSE_1S,10-BOOST CHARGING WITH NEGATIVE PULSES_1s_PERIOD_protocol.zip,12-01-22_03.02_BCNP1s_protocol_ONE_C_charge_IN21700_30T_cycle_#490.mat,other,490,306,0.0,25.23,26.53,25.74,
BOOST_NEGPULSE_1S,10-BOOST CHARGING WITH NEGATIVE PULSES_1s_PERIOD_protocol.zip,12-01-22_04.21_BCNP1s_protocol_OneC_1C_dchg_IN21700_30T_cycle_#491.mat,other,491,3270,0.0,25.26,26.27,26.5,
BOOST_NEGPULSE_1S,10-BOOST CHARGING WITH NEGATIVE PULSES_1s_PERIOD_protocol.zip,12-01-22_06.52_BCNP1s_protocol_TwoC_2C_dchg_IN21700_30T_cycle_#492.mat,other,492,1624,0.0,25.2,27.41,27.87,
BOOST_NEGPULSE_1S,10-BOOST CHARGING WITH NEGATIVE PULSES_1s_PERIOD_protocol.zip,12-01-22_09.01_BCNP1s_protocol_HPPC_IN21700_30T_cycle_#493.mat,HPPC,493,34916,0.0,24.61,25.97,26.0,
BOOST_NEGPULSE_1S,10-BOOST CHARGING WITH NEGATIVE PULSES_1s_PERIOD_protocol.zip,12-02-22_15.05_BCNP1s_protocol_tenpercent_chg_a_IN21700_30T_cycle_#493.mat,other,493,992,0.0,25.16,25.78,25.78,
BOOST_NEGPULSE_1S,10-BOOST CHARGING WITH NEGATIVE PULSES_1s_PERIOD_protocol.zip,12-02-22_15.31_BCNP1s_protocol_FastCharge_IN21700_30T_cycle_#493.mat,other,493,4571,0.0,25.09,29.72,25.88,
BOOST_NEGPULSE_1S,10-BOOST CHARGING WITH NEGATIVE PULSES_1s_PERIOD_protocol.zip,12-02-22_16.01_BCNP1s_protocol__Fifteen_Drive_Cycles_set_IN21700_30T_cycle_#494_to_508.mat,drive,494,102393,0.0,25.08,26.41,26.42,
BOOST_NEGPULSE_1S,10-BOOST CHARGING WITH NEGATIVE PULSES_1s_PERIOD_protocol.zip,12-03-22_21.59_BCNP1s_protocol_halfC_0.5C_dchg_(b1)_IN21700_30T_cycle_#509.mat,halfC,509,6603,0.0,24.96,25.73,25.99,
BOOST_NEGPULSE_1S,10-BOOST CHARGING WITH NEGATIVE PULSES_1s_PERIOD_protocol.zip,12-03-22_21.59_BCNP1s_protocol_halfC_CAP_(b1)_forexcel_cycle_#509.mat,CAP,509,0,1.0,,,,read:KeyError
BOOST_NEGPULSE_1S,10-BOOST CHARGING WITH NEGATIVE PULSES_1s_PERIOD_protocol.zip,12-04-22_01.18_BCNP1s_protocol_halfC_0.5C_dchg_(b2)_IN21700_30T_cycle_#510.mat,halfC,510,6604,0.0,24.95,25.7,25.99,
BOOST_NEGPULSE_1S,10-BOOST CHARGING WITH NEGATIVE PULSES_1s_PERIOD_protocol.zip,12-04-22_01.18_BCNP1s_protocol_halfC_CAP_(b2)_forexcel_cycle_#510.mat,CAP,510,0,1.0,,,,read:KeyError
BOOST_NEGPULSE_1S,10-BOOST CHARGING WITH NEGATIVE PULSES_1s_PERIOD_protocol.zip,12-04-22_04.06_BCNP1s_protocol__Fifteen_Drive_Cycles_set_IN21700_30T_cycle_#511_to_525.mat,drive,511,102334,0.0,25.0,26.4,26.41,
BOOST_NEGPULSE_1S,10-BOOST CHARGING WITH NEGATIVE PULSES_1s_PERIOD_protocol.zip,Cover20 is not performed this week_#14.mat,other,-1,0,1.0,,,,read:KeyError
BOOST_NEGPULSE_1S,10-BOOST CHARGING WITH NEGATIVE PULSES_1s_PERIOD_protocol.zip,12-09-22_20.47_BCNP1s_protocol_whole_Schedule_IN21700_30T_cycle_#526_week#15.mat,schedule,526,299405,0.0,24.9,26.41,26.42,
BOOST_NEGPULSE_1S,10-BOOST CHARGING WITH NEGATIVE PULSES_1s_PERIOD_protocol.zip,12-09-22_22.10_BCNP1s_protocol_OCV_0.05C_IN21700_30T_cycle_#526.mat,OCV,526,2331,0.0,25.25,25.77,25.81,
BOOST_NEGPULSE_1S,10-BOOST CHARGING WITH NEGATIVE PULSES_1s_PERIOD_protocol.zip,12-11-22_14.18_BCNP1s_protocol_halfC_0.5C_dchg_(a1)_IN21700_30T_cycle_#527.mat,halfC,527,6621,0.0,25.31,25.98,26.2,
BOOST_NEGPULSE_1S,10-BOOST CHARGING WITH NEGATIVE PULSES_1s_PERIOD_protocol.zip,12-11-22_14.18_BCNP1s_protocol_halfC_CAP_(a1)_forexcel_cycle_#527.mat,CAP,527,0,1.0,,,,read:KeyError
BOOST_NEGPULSE_1S,10-BOOST CHARGING WITH NEGATIVE PULSES_1s_PERIOD_protocol.zip,12-11-22_17.42_BCNP1s_protocol_halfC_0.5C_dchg_(a2)_IN21700_30T_cycle_#528.mat,halfC,528,6536,0.0,25.23,25.95,26.14,
BOOST_NEGPULSE_1S,10-BOOST CHARGING WITH NEGATIVE PULSES_1s_PERIOD_protocol.zip,12-11-22_17.42_BCNP1s_protocol_halfC_CAP_(a2)_forexcel_cycle_#528.mat,CAP,528,0,1.0,,,,read:KeyError
BOOST_NEGPULSE_1S,10-BOOST CHARGING WITH NEGATIVE PULSES_1s_PERIOD_protocol.zip,12-11-22_19.46_BCNP1s_protocol_ONE_C_charge_IN21700_30T_cycle_#528.mat,other,528,303,0.0,25.47,26.69,25.92,
BOOST_NEGPULSE_1S,10-BOOST CHARGING WITH NEGATIVE PULSES_1s_PERIOD_protocol.zip,12-11-22_21.05_BCNP1s_protocol_OneC_1C_dchg_IN21700_30T_cycle_#529.mat,other,529,3240,0.0,25.39,26.34,26.61,
BOOST_NEGPULSE_1S,10-BOOST CHARGING WITH NEGATIVE PULSES_1s_PERIOD_protocol.zip,12-11-22_23.36_BCNP1s_protocol_TwoC_2C_dchg_IN21700_30T_cycle_#530.mat,other,530,1609,0.0,25.41,27.62,28.08,
BOOST_NEGPULSE_1S,10-BOOST CHARGING WITH NEGATIVE PULSES_1s_PERIOD_protocol.zip,12-12-22_01.45_BCNP1s_protocol_HPPC_IN21700_30T_cycle_#531.mat,HPPC,531,34920,0.0,25.18,26.11,26.12,
BOOST_NEGPULSE_1S,10-BOOST CHARGING WITH NEGATIVE PULSES_1s_PERIOD_protocol.zip,12-13-22_07.50_BCNP1s_protocol_tenpercent_chg_a_IN21700_30T_cycle_#531.mat,other,531,983,0.0,25.34,25.96,25.96,
BOOST_NEGPULSE_1S,10-BOOST CHARGING WITH NEGATIVE PULSES_1s_PERIOD_protocol.zip,12-13-22_08.16_BCNP1s_protocol_FastCharge_IN21700_30T_cycle_#531.mat,other,531,4525,0.0,25.42,30.12,26.05,
BOOST_NEGPULSE_1S,10-BOOST CHARGING WITH NEGATIVE PULSES_1s_PERIOD_protocol.zip,12-13-22_08.47_BCNP1s_protocol__Fifteen_Drive_Cycles_set_IN21700_30T_cycle_#532_to_546.mat,drive,532,101985,0.0,24.9,26.54,26.56,
BOOST_NEGPULSE_1S,10-BOOST CHARGING WITH NEGATIVE PULSES_1s_PERIOD_protocol.zip,12-14-22_14.38_BCNP1s_protocol_halfC_0.5C_dchg_(b1)_IN21700_30T_cycle_#547.mat,halfC,547,6558,0.0,25.18,25.93,26.12,
BOOST_NEGPULSE_1S,10-BOOST CHARGING WITH NEGATIVE PULSES_1s_PERIOD_protocol.zip,12-14-22_14.38_BCNP1s_protocol_halfC_CAP_(b1)_forexcel_cycle_#547.mat,CAP,547,0,1.0,,,,read:KeyError
BOOST_NEGPULSE_1S,10-BOOST CHARGING WITH NEGATIVE PULSES_1s_PERIOD_protocol.zip,12-14-22_17.57_BCNP1s_protocol_halfC_0.5C_dchg_(b2)_IN21700_30T_cycle_#548.mat,halfC,548,6559,0.0,25.1,25.85,26.06,
BOOST_NEGPULSE_1S,10-BOOST CHARGING WITH NEGATIVE PULSES_1s_PERIOD_protocol.zip,12-14-22_17.57_BCNP1s_protocol_halfC_CAP_(b2)_forexcel_cycle_#548.mat,CAP,548,0,1.0,,,,read:KeyError
BOOST_NEGPULSE_1S,10-BOOST CHARGING WITH NEGATIVE PULSES_1s_PERIOD_protocol.zip,12-14-22_20.43_BCNP1s_protocol__Fifteen_Drive_Cycles_set_IN21700_30T_cycle_#549_to_563.mat,drive,549,102448,0.0,25.24,26.52,26.53,
BOOST_NEGPULSE_1S,10-BOOST CHARGING WITH NEGATIVE PULSES_1s_PERIOD_protocol.zip,12-16-22_08.46_BCNP1s_protocol_whole_Schedule_IN21700_30T_cycle_#564_week#16.mat,schedule,564,295827,0.0,25.18,26.43,26.44,
BOOST_NEGPULSE_1S,10-BOOST CHARGING WITH NEGATIVE PULSES_1s_PERIOD_protocol.zip,12-16-22_09.18_BCNP1s_protocol_halfC_0.5C_dchg_(a1)_IN21700_30T_cycle_#564.mat,halfC,564,6602,0.0,25.27,25.93,26.13,
BOOST_NEGPULSE_1S,10-BOOST CHARGING WITH NEGATIVE PULSES_1s_PERIOD_protocol.zip,12-16-22_09.18_BCNP1s_protocol_halfC_CAP_(a1)_forexcel_cycle_#564.mat,CAP,564,0,1.0,,,,read:KeyError
BOOST_NEGPULSE_1S,10-BOOST CHARGING WITH NEGATIVE PULSES_1s_PERIOD_protocol.zip,12-16-22_12.42_BCNP1s_protocol_halfC_0.5C_dchg_(a2)_IN21700_30T_cycle_#565.mat,halfC,565,6515,0.0,25.29,25.94,26.13,
BOOST_NEGPULSE_1S,10-BOOST CHARGING WITH NEGATIVE PULSES_1s_PERIOD_protocol.zip,12-16-22_12.42_BCNP1s_protocol_halfC_CAP_(a2)_forexcel_cycle_#565.mat,CAP,565,0,1.0,,,,read:KeyError
BOOST_NEGPULSE_1S,10-BOOST CHARGING WITH NEGATIVE PULSES_1s_PERIOD_protocol.zip,12-16-22_14.46_BCNP1s_protocol_ONE_C_charge_IN21700_30T_cycle_#565.mat,other,565,301,0.0,25.5,26.68,25.97,
BOOST_NEGPULSE_1S,10-BOOST CHARGING WITH NEGATIVE PULSES_1s_PERIOD_protocol.zip,12-16-22_16.05_BCNP1s_protocol_OneC_1C_dchg_IN21700_30T_cycle_#566.mat,other,566,3231,0.0,25.43,26.36,26.62,
BOOST_NEGPULSE_1S,10-BOOST CHARGING WITH NEGATIVE PULSES_1s_PERIOD_protocol.zip,12-16-22_18.37_BCNP1s_protocol_TwoC_2C_dchg_IN21700_30T_cycle_#567.mat,other,567,1604,0.0,25.39,27.73,28.21,
BOOST_NEGPULSE_1S,10-BOOST CHARGING WITH NEGATIVE PULSES_1s_PERIOD_protocol.zip,12-16-22_20.46_BCNP1s_protocol_HPPC_IN21700_30T_cycle_#568.mat,HPPC,568,34922,0.0,25.18,26.11,26.13,
BOOST_NEGPULSE_1S,10-BOOST CHARGING WITH NEGATIVE PULSES_1s_PERIOD_protocol.zip,12-18-22_02.50_BCNP1s_protocol_tenpercent_chg_a_IN21700_30T_cycle_#568.mat,other,568,980,0.0,25.32,26.01,26.01,
BOOST_NEGPULSE_1S,10-BOOST CHARGING WITH NEGATIVE PULSES_1s_PERIOD_protocol.zip,12-18-22_03.17_BCNP1s_protocol_FastCharge_IN21700_30T_cycle_#568.mat,other,568,4522,0.0,25.38,30.18,26.47,
BOOST_NEGPULSE_1S,10-BOOST CHARGING WITH NEGATIVE PULSES_1s_PERIOD_protocol.zip,12-18-22_03.48_BCNP1s_protocol__Fifteen_Drive_Cycles_set_IN21700_30T_cycle_#569_to_583.mat,drive,569,101572,0.0,25.24,26.55,26.58,
BOOST_NEGPULSE_1S,10-BOOST CHARGING WITH NEGATIVE PULSES_1s_PERIOD_protocol.zip,12-19-22_09.32_BCNP1s_protocol_halfC_0.5C_dchg_(b1)_IN21700_30T_cycle_#584.mat,halfC,584,6531,0.0,25.21,25.93,26.15,
BOOST_NEGPULSE_1S,10-BOOST CHARGING WITH NEGATIVE PULSES_1s_PERIOD_protocol.zip,12-19-22_09.32_BCNP1s_protocol_halfC_CAP_(b1)_forexcel_cycle_#584.mat,CAP,584,0,1.0,,,,read:KeyError
BOOST_NEGPULSE_1S,10-BOOST CHARGING WITH NEGATIVE PULSES_1s_PERIOD_protocol.zip,12-19-22_12.51_BCNP1s_protocol_halfC_0.5C_dchg_(b2)_IN21700_30T_cycle_#585.mat,halfC,585,6532,0.0,25.21,25.91,26.13,
BOOST_NEGPULSE_1S,10-BOOST CHARGING WITH NEGATIVE PULSES_1s_PERIOD_protocol.zip,12-19-22_12.51_BCNP1s_protocol_halfC_CAP_(b2)_forexcel_cycle_#585.mat,CAP,585,0,1.0,,,,read:KeyError
BOOST_NEGPULSE_1S,10-BOOST CHARGING WITH NEGATIVE PULSES_1s_PERIOD_protocol.zip,12-19-22_15.38_BCNP1s_protocol__Fifteen_Drive_Cycles_set_IN21700_30T_cycle_#586_to_600.mat,drive,586,101834,0.0,25.18,26.53,26.54,
BOOST_NEGPULSE_1S,10-BOOST CHARGING WITH NEGATIVE PULSES_1s_PERIOD_protocol.zip,Cover20 is not performed this week_#16.mat,other,-1,0,1.0,,,,read:KeyError
BOOST_NEGPULSE_1S,10-BOOST CHARGING WITH NEGATIVE PULSES_1s_PERIOD_protocol.zip,12-23-22_11.21_BCNP1s_protocol_whole_Schedule_IN21700_30T_cycle_#601_week#17.mat,schedule,601,298073,0.0,25.07,26.42,26.44,
BOOST_NEGPULSE_1S,10-BOOST CHARGING WITH NEGATIVE PULSES_1s_PERIOD_protocol.zip,12-23-22_12.45_BCNP1s_protocol_OCV_0.05C_IN21700_30T_cycle_#601.mat,OCV,601,2317,0.0,25.11,25.73,25.75,
BOOST_NEGPULSE_1S,10-BOOST CHARGING WITH NEGATIVE PULSES_1s_PERIOD_protocol.zip,12-25-22_04.41_BCNP1s_protocol_halfC_0.5C_dchg_(a1)_IN21700_30T_cycle_#602.mat,halfC,602,6569,0.0,25.25,25.92,26.14,
BOOST_NEGPULSE_1S,10-BOOST CHARGING WITH NEGATIVE PULSES_1s_PERIOD_protocol.zip,12-25-22_04.41_BCNP1s_protocol_halfC_CAP_(a1)_forexcel_cycle_#602.mat,CAP,602,0,1.0,,,,read:KeyError
BOOST_NEGPULSE_1S,10-BOOST CHARGING WITH NEGATIVE PULSES_1s_PERIOD_protocol.zip,12-25-22_08.05_BCNP1s_protocol_halfC_0.5C_dchg_(a2)_IN21700_30T_cycle_#603.mat,halfC,603,6475,0.0,25.2,25.91,26.15,
BOOST_NEGPULSE_1S,10-BOOST CHARGING WITH NEGATIVE PULSES_1s_PERIOD_protocol.zip,12-25-22_08.05_BCNP1s_protocol_halfC_CAP_(a2)_forexcel_cycle_#603.mat,CAP,603,0,1.0,,,,read:KeyError
BOOST_NEGPULSE_1S,10-BOOST CHARGING WITH NEGATIVE PULSES_1s_PERIOD_protocol.zip,12-25-22_10.08_BCNP1s_protocol_ONE_C_charge_IN21700_30T_cycle_#603.mat,other,603,298,0.0,25.45,26.76,26.05,
BOOST_NEGPULSE_1S,10-BOOST CHARGING WITH NEGATIVE PULSES_1s_PERIOD_protocol.zip,12-25-22_11.28_BCNP1s_protocol_OneC_1C_dchg_IN21700_30T_cycle_#604.mat,other,604,3209,0.0,25.32,26.36,26.64,
BOOST_NEGPULSE_1S,10-BOOST CHARGING WITH NEGATIVE PULSES_1s_PERIOD_protocol.zip,12-25-22_13.59_BCNP1s_protocol_TwoC_2C_dchg_IN21700_30T_cycle_#605.mat,other,605,1594,0.0,25.27,27.81,28.32,
BOOST_NEGPULSE_1S,10-BOOST CHARGING WITH NEGATIVE PULSES_1s_PERIOD_protocol.zip,12-25-22_16.09_BCNP1s_protocol_HPPC_IN21700_30T_cycle_#606.mat,HPPC,606,34895,0.0,25.1,26.06,26.06,
BOOST_NEGPULSE_1S,10-BOOST CHARGING WITH NEGATIVE PULSES_1s_PERIOD_protocol.zip,12-26-22_22.14_BCNP1s_protocol_tenpercent_chg_a_IN21700_30T_cycle_#606.mat,other,606,974,0.0,25.22,25.9,25.9,
BOOST_NEGPULSE_1S,10-BOOST CHARGING WITH NEGATIVE PULSES_1s_PERIOD_protocol.zip,12-26-22_22.40_BCNP1s_protocol_FastCharge_IN21700_30T_cycle_#606.mat,other,606,4497,0.0,25.2,30.44,25.69,
BOOST_NEGPULSE_1S,10-BOOST CHARGING WITH NEGATIVE PULSES_1s_PERIOD_protocol.zip,12-26-22_23.12_BCNP1s_protocol__Fifteen_Drive_Cycles_set_IN21700_30T_cycle_#607_to_621.mat,drive,607,101372,0.0,25.11,26.55,26.58,
BOOST_NEGPULSE_1S,10-BOOST CHARGING WITH NEGATIVE PULSES_1s_PERIOD_protocol.zip,12-28-22_04.55_BCNP1s_protocol_halfC_0.5C_dchg_(b1)_IN21700_30T_cycle_#622.mat,halfC,622,6494,0.0,25.07,25.86,26.07,
BOOST_NEGPULSE_1S,10-BOOST CHARGING WITH NEGATIVE PULSES_1s_PERIOD_protocol.zip,12-28-22_04.55_BCNP1s_protocol_halfC_CAP_(b1)_forexcel_cycle_#622.mat,CAP,622,0,1.0,,,,read:KeyError
BOOST_NEGPULSE_1S,10-BOOST CHARGING WITH NEGATIVE PULSES_1s_PERIOD_protocol.zip,12-28-22_08.13_BCNP1s_protocol_halfC_0.5C_dchg_(b2)_IN21700_30T_cycle_#623.mat,halfC,623,6495,0.0,25.09,25.88,26.11,
BOOST_NEGPULSE_1S,10-BOOST CHARGING WITH NEGATIVE PULSES_1s_PERIOD_protocol.zip,12-28-22_08.13_BCNP1s_protocol_halfC_CAP_(b2)_forexcel_cycle_#623.mat,CAP,623,0,1.0,,,,read:KeyError
BOOST_NEGPULSE_1S,10-BOOST CHARGING WITH NEGATIVE PULSES_1s_PERIOD_protocol.zip,12-28-22_10.59_BCNP1s_protocol__Fifteen_Drive_Cycles_set_IN21700_30T_cycle_#624_to_638.mat,drive,624,101792,0.0,25.13,26.55,26.57,
BOOST_NEGPULSE_1S,10-BOOST CHARGING WITH NEGATIVE PULSES_1s_PERIOD_protocol.zip,01-01-23_02.04_BCNP1s_protocol_HPPC_IN21700_30T_cycle_#643.mat,HPPC,643,34964,0.0,23.7,26.06,26.09,
BOOST_NEGPULSE_1S,10-BOOST CHARGING WITH NEGATIVE PULSES_1s_PERIOD_protocol.zip,01-02-23_08.10_BCNP1s_protocol_tenpercent_chg_a_IN21700_30T_cycle_#643.mat,other,643,965,0.0,25.51,26.1,26.1,
BOOST_NEGPULSE_1S,10-BOOST CHARGING WITH NEGATIVE PULSES_1s_PERIOD_protocol.zip,01-02-23_08.36_BCNP1s_protocol_FastCharge_IN21700_30T_cycle_#643.mat,other,643,4456,0.0,25.49,30.36,26.58,
BOOST_NEGPULSE_1S,10-BOOST CHARGING WITH NEGATIVE PULSES_1s_PERIOD_protocol.zip,01-02-23_09.07_BCNP1s_protocol__Fifteen_Drive_Cycles_set_IN21700_30T_cycle_#644_to_658.mat,drive,644,100353,0.0,25.07,26.6,26.63,
BOOST_NEGPULSE_1S,10-BOOST CHARGING WITH NEGATIVE PULSES_1s_PERIOD_protocol.zip,01-03-23_14.33_BCNP1s_protocol_halfC_0.5C_dchg_(b1)_IN21700_30T_cycle_#659.mat,halfC,659,6455,0.0,25.18,25.92,26.21,
BOOST_NEGPULSE_1S,10-BOOST CHARGING WITH NEGATIVE PULSES_1s_PERIOD_protocol.zip,01-03-23_14.33_BCNP1s_protocol_halfC_CAP_(b1)_forexcel_cycle_#659.mat,CAP,659,0,1.0,,,,read:KeyError
BOOST_NEGPULSE_1S,10-BOOST CHARGING WITH NEGATIVE PULSES_1s_PERIOD_protocol.zip,01-03-23_17.51_BCNP1s_protocol_halfC_0.5C_dchg_(b2)_IN21700_30T_cycle_#660.mat,halfC,660,6460,0.0,25.12,25.94,26.18,
BOOST_NEGPULSE_1S,10-BOOST CHARGING WITH NEGATIVE PULSES_1s_PERIOD_protocol.zip,01-03-23_17.51_BCNP1s_protocol_halfC_CAP_(b2)_forexcel_cycle_#660.mat,CAP,660,0,1.0,,,,read:KeyError
BOOST_NEGPULSE_1S,10-BOOST CHARGING WITH NEGATIVE PULSES_1s_PERIOD_protocol.zip,01-03-23_20.37_BCNP1s_protocol__Fifteen_Drive_Cycles_set_IN21700_30T_cycle_#661_to_675.mat,drive,661,101147,0.0,25.3,26.62,26.63,
BOOST_NEGPULSE_1S,10-BOOST CHARGING WITH NEGATIVE PULSES_1s_PERIOD_protocol.zip,12-31-22_14.05_BCNP1s_protocol_whole_Schedule_IN21700_30T_cycle_#639_week#18.mat,schedule,639,293783,0.0,23.7,26.48,26.5,
BOOST_NEGPULSE_1S,10-BOOST CHARGING WITH NEGATIVE PULSES_1s_PERIOD_protocol.zip,12-31-22_14.38_BCNP1s_protocol_halfC_0.5C_dchg_(a1)_IN21700_30T_cycle_#639.mat,halfC,639,6508,0.0,25.22,25.93,26.15,
BOOST_NEGPULSE_1S,10-BOOST CHARGING WITH NEGATIVE PULSES_1s_PERIOD_protocol.zip,12-31-22_14.38_BCNP1s_protocol_halfC_CAP_(a1)_forexcel_cycle_#639.mat,CAP,639,0,1.0,,,,read:KeyError
BOOST_NEGPULSE_1S,10-BOOST CHARGING WITH NEGATIVE PULSES_1s_PERIOD_protocol.zip,12-31-22_18.01_BCNP1s_protocol_halfC_0.5C_dchg_(a2)_IN21700_30T_cycle_#640.mat,halfC,640,6417,0.0,25.22,25.94,26.18,
BOOST_NEGPULSE_1S,10-BOOST CHARGING WITH NEGATIVE PULSES_1s_PERIOD_protocol.zip,12-31-22_18.01_BCNP1s_protocol_halfC_CAP_(a2)_forexcel_cycle_#640.mat,CAP,640,0,1.0,,,,read:KeyError
BOOST_NEGPULSE_1S,10-BOOST CHARGING WITH NEGATIVE PULSES_1s_PERIOD_protocol.zip,12-31-22_20.03_BCNP1s_protocol_ONE_C_charge_IN21700_30T_cycle_#640.mat,other,640,294,0.0,25.4,26.86,26.06,
BOOST_NEGPULSE_1S,10-BOOST CHARGING WITH NEGATIVE PULSES_1s_PERIOD_protocol.zip,12-31-22_21.22_BCNP1s_protocol_OneC_1C_dchg_IN21700_30T_cycle_#641.mat,other,641,3183,0.0,25.32,26.29,26.54,
BOOST_NEGPULSE_1S,10-BOOST CHARGING WITH NEGATIVE PULSES_1s_PERIOD_protocol.zip,12-31-22_23.54_BCNP1s_protocol_TwoC_2C_dchg_IN21700_30T_cycle_#642.mat,other,642,1580,0.0,25.35,27.88,28.4,
BOOST_NEGPULSE_1S,10-BOOST CHARGING WITH NEGATIVE PULSES_1s_PERIOD_protocol.zip,Cover20 is not performed this week_#18.mat,other,-1,0,1.0,,,,read:KeyError
BOOST_NEGPULSE_1S,10-BOOST CHARGING WITH NEGATIVE PULSES_1s_PERIOD_protocol.zip,01-06-23_10.13_BCNP1s_protocol_whole_Schedule_IN21700_30T_cycle_#676_week#19.mat,schedule,676,295457,0.0,25.05,26.44,26.46,
BOOST_NEGPULSE_1S,10-BOOST CHARGING WITH NEGATIVE PULSES_1s_PERIOD_protocol.zip,01-09-23_14.55_BCNP1s_protocol_OCV_0.05C_IN21700_30T_cycle_#676.mat,OCV,676,2292,0.0,25.12,25.72,25.72,
BOOST_NEGPULSE_1S,10-BOOST CHARGING WITH NEGATIVE PULSES_1s_PERIOD_protocol.zip,01-11-23_06.19_BCNP1s_protocol_halfC_0.5C_dchg_(a1)_IN21700_30T_cycle_#677.mat,halfC,677,6487,0.0,25.21,25.95,26.16,
BOOST_NEGPULSE_1S,10-BOOST CHARGING WITH NEGATIVE PULSES_1s_PERIOD_protocol.zip,01-11-23_06.19_BCNP1s_protocol_halfC_CAP_(a1)_forexcel_cycle_#677.mat,CAP,677,0,1.0,,,,read:KeyError
BOOST_NEGPULSE_1S,10-BOOST CHARGING WITH NEGATIVE PULSES_1s_PERIOD_protocol.zip,01-11-23_09.42_BCNP1s_protocol_halfC_0.5C_dchg_(a2)_IN21700_30T_cycle_#678.mat,halfC,678,6405,0.0,25.05,25.84,26.06,
BOOST_NEGPULSE_1S,10-BOOST CHARGING WITH NEGATIVE PULSES_1s_PERIOD_protocol.zip,01-11-23_09.42_BCNP1s_protocol_halfC_CAP_(a2)_forexcel_cycle_#678.mat,CAP,678,0,1.0,,,,read:KeyError
BOOST_NEGPULSE_1S,10-BOOST CHARGING WITH NEGATIVE PULSES_1s_PERIOD_protocol.zip,01-11-23_11.44_BCNP1s_protocol_ONE_C_charge_IN21700_30T_cycle_#678.mat,other,678,293,0.0,25.37,26.75,25.93,
BOOST_NEGPULSE_1S,10-BOOST CHARGING WITH NEGATIVE PULSES_1s_PERIOD_protocol.zip,01-11-23_13.04_BCNP1s_protocol_OneC_1C_dchg_IN21700_30T_cycle_#679.mat,other,679,3169,0.0,25.33,26.41,26.73,
BOOST_NEGPULSE_1S,10-BOOST CHARGING WITH NEGATIVE PULSES_1s_PERIOD_protocol.zip,01-11-23_15.36_BCNP1s_protocol_TwoC_2C_dchg_IN21700_30T_cycle_#680.mat,other,680,1574,0.0,25.19,27.66,28.18,
BOOST_NEGPULSE_1S,10-BOOST CHARGING WITH NEGATIVE PULSES_1s_PERIOD_protocol.zip,01-11-23_17.45_BCNP1s_protocol_HPPC_IN21700_30T_cycle_#681.mat,HPPC,681,34889,0.0,25.09,26.08,26.08,
BOOST_NEGPULSE_1S,10-BOOST CHARGING WITH NEGATIVE PULSES_1s_PERIOD_protocol.zip,01-12-23_23.49_BCNP1s_protocol_tenpercent_chg_a_IN21700_30T_cycle_#681.mat,other,681,962,0.0,25.37,26.0,26.0,
BOOST_NEGPULSE_1S,10-BOOST CHARGING WITH NEGATIVE PULSES_1s_PERIOD_protocol.zip,01-13-23_00.15_BCNP1s_protocol_FastCharge_IN21700_30T_cycle_#681.mat,other,681,4441,0.0,25.34,30.53,25.85,
BOOST_NEGPULSE_1S,10-BOOST CHARGING WITH NEGATIVE PULSES_1s_PERIOD_protocol.zip,01-13-23_00.48_BCNP1s_protocol__Fifteen_Drive_Cycles_set_IN21700_30T_cycle_#682_to_696.mat,drive,682,100308,0.0,25.22,26.57,26.6,
BOOST_NEGPULSE_1S,10-BOOST CHARGING WITH NEGATIVE PULSES_1s_PERIOD_protocol.zip,01-14-23_06.13_BCNP1s_protocol_halfC_0.5C_dchg_(b1)_IN21700_30T_cycle_#697.mat,halfC,697,6421,0.0,25.29,25.97,26.15,
BOOST_NEGPULSE_1S,10-BOOST CHARGING WITH NEGATIVE PULSES_1s_PERIOD_protocol.zip,01-14-23_06.13_BCNP1s_protocol_halfC_CAP_(b1)_forexcel_cycle_#697.mat,CAP,697,0,1.0,,,,read:KeyError
BOOST_NEGPULSE_1S,10-BOOST CHARGING WITH NEGATIVE PULSES_1s_PERIOD_protocol.zip,01-14-23_09.31_BCNP1s_protocol_halfC_0.5C_dchg_(b2)_IN21700_30T_cycle_#698.mat,halfC,698,6424,0.0,25.25,25.92,26.13,
BOOST_NEGPULSE_1S,10-BOOST CHARGING WITH NEGATIVE PULSES_1s_PERIOD_protocol.zip,01-14-23_09.31_BCNP1s_protocol_halfC_CAP_(b2)_forexcel_cycle_#698.mat,CAP,698,0,1.0,,,,read:KeyError
BOOST_NEGPULSE_1S,10-BOOST CHARGING WITH NEGATIVE PULSES_1s_PERIOD_protocol.zip,01-14-23_12.15_BCNP1s_protocol__Fifteen_Drive_Cycles_set_IN21700_30T_cycle_#699_to_713.mat,drive,699,100701,0.0,25.2,26.59,26.6,
BOOST_NEGPULSE_1S,10-BOOST CHARGING WITH NEGATIVE PULSES_1s_PERIOD_protocol.zip,02-23-23_08.03_BCNP1s_protocol_whole_Schedule_IN21700_30T_cycle_#714_week#20.mat,schedule,714,271801,0.0,22.66,26.0,26.02,
BOOST_NEGPULSE_1S,10-BOOST CHARGING WITH NEGATIVE PULSES_1s_PERIOD_protocol.zip,02-23-23_08.38_BCNP1s_protocol_halfC_0.5C_dchg_(a1)_IN21700_30T_cycle_#714.mat,halfC,714,6337,0.0,24.5,25.28,25.57,
BOOST_NEGPULSE_1S,10-BOOST CHARGING WITH NEGATIVE PULSES_1s_PERIOD_protocol.zip,02-23-23_08.38_BCNP1s_protocol_halfC_CAP_(a1)_forexcel_cycle_#714.mat,CAP,714,0,1.0,,,,read:KeyError
BOOST_NEGPULSE_1S,10-BOOST CHARGING WITH NEGATIVE PULSES_1s_PERIOD_protocol.zip,02-23-23_12.00_BCNP1s_protocol_halfC_0.5C_dchg_(a2)_IN21700_30T_cycle_#715.mat,halfC,715,6242,0.0,24.54,25.25,25.55,
BOOST_NEGPULSE_1S,10-BOOST CHARGING WITH NEGATIVE PULSES_1s_PERIOD_protocol.zip,02-23-23_12.00_BCNP1s_protocol_halfC_CAP_(a2)_forexcel_cycle_#715.mat,CAP,715,0,1.0,,,,read:KeyError
BOOST_NEGPULSE_1S,10-BOOST CHARGING WITH NEGATIVE PULSES_1s_PERIOD_protocol.zip,02-23-23_13.59_BCNP1s_protocol_ONE_C_charge_IN21700_30T_cycle_#715.mat,other,715,282,0.0,24.63,26.48,25.24,
BOOST_NEGPULSE_1S,10-BOOST CHARGING WITH NEGATIVE PULSES_1s_PERIOD_protocol.zip,02-23-23_15.20_BCNP1s_protocol_OneC_1C_dchg_IN21700_30T_cycle_#716.mat,other,716,3089,0.0,24.62,25.95,26.27,
BOOST_NEGPULSE_1S,10-BOOST CHARGING WITH NEGATIVE PULSES_1s_PERIOD_protocol.zip,02-23-23_17.47_BCNP1s_protocol_TwoC_2C_dchg_IN21700_30T_cycle_#717.mat,other,717,1531,0.0,24.69,28.2,28.74,
BOOST_NEGPULSE_1S,10-BOOST CHARGING WITH NEGATIVE PULSES_1s_PERIOD_protocol.zip,02-23-23_19.48_BCNP1s_protocol_HPPC_IN21700_30T_cycle_#718.mat,HPPC,718,34869,0.0,24.13,25.4,25.38,
BOOST_NEGPULSE_1S,10-BOOST CHARGING WITH NEGATIVE PULSES_1s_PERIOD_protocol.zip,02-25-23_01.53_BCNP1s_protocol_tenpercent_chg_a_IN21700_30T_cycle_#718.mat,other,718,938,0.0,24.63,25.25,25.25,
BOOST_NEGPULSE_1S,10-BOOST CHARGING WITH NEGATIVE PULSES_1s_PERIOD_protocol.zip,02-25-23_02.19_BCNP1s_protocol_FastCharge_IN21700_30T_cycle_#718.mat,other,718,4339,0.0,24.58,31.69,25.79,
BOOST_NEGPULSE_1S,10-BOOST CHARGING WITH NEGATIVE PULSES_1s_PERIOD_protocol.zip,02-25-23_02.42_BCNP1s_protocol__Fifteen_Drive_Cycles_set_IN21700_30T_cycle_#719_to_733.mat,drive,719,90567,0.0,24.5,26.25,26.25,
BOOST_NEGPULSE_1S,10-BOOST CHARGING WITH NEGATIVE PULSES_1s_PERIOD_protocol.zip,02-26-23_05.19_BCNP1s_protocol_halfC_0.5C_dchg_(b1)_IN21700_30T_cycle_#734.mat,halfC,734,6302,0.0,24.56,25.3,25.59,
BOOST_NEGPULSE_1S,10-BOOST CHARGING WITH NEGATIVE PULSES_1s_PERIOD_protocol.zip,02-26-23_05.19_BCNP1s_protocol_halfC_CAP_(b1)_forexcel_cycle_#734.mat,CAP,734,0,1.0,,,,read:KeyError
BOOST_NEGPULSE_1S,10-BOOST CHARGING WITH NEGATIVE PULSES_1s_PERIOD_protocol.zip,02-26-23_08.36_BCNP1s_protocol_halfC_0.5C_dchg_(b2)_IN21700_30T_cycle_#735.mat,halfC,735,6304,0.0,24.51,25.24,25.54,
BOOST_NEGPULSE_1S,10-BOOST CHARGING WITH NEGATIVE PULSES_1s_PERIOD_protocol.zip,02-26-23_08.36_BCNP1s_protocol_halfC_CAP_(b2)_forexcel_cycle_#735.mat,CAP,735,0,1.0,,,,read:KeyError
BOOST_NEGPULSE_1S,10-BOOST CHARGING WITH NEGATIVE PULSES_1s_PERIOD_protocol.zip,02-26-23_11.10_BCNP1s_protocol__Fifteen_Drive_Cycles_set_IN21700_30T_cycle_#736_to_750.mat,drive,736,91315,0.0,24.48,26.23,26.2,
BOOST_NEGPULSE_1S,10-BOOST CHARGING WITH NEGATIVE PULSES_1s_PERIOD_protocol.zip,03-02-23_20.28_BCNP1s_protocol_whole_Schedule_IN21700_30T_cycle_#751_week#21.mat,schedule,751,274203,0.0,22.41,26.0,26.02,
BOOST_NEGPULSE_1S,10-BOOST CHARGING WITH NEGATIVE PULSES_1s_PERIOD_protocol.zip,03-02-23_21.53_BCNP1s_protocol_OCV_0.05C_IN21700_30T_cycle_#751.mat,OCV,751,2256,0.0,24.43,24.98,24.99,
BOOST_NEGPULSE_1S,10-BOOST CHARGING WITH NEGATIVE PULSES_1s_PERIOD_protocol.zip,03-04-23_12.55_BCNP1s_protocol_halfC_0.5C_dchg_(a1)_IN21700_30T_cycle_#752.mat,halfC,752,6378,0.0,24.51,25.24,25.59,
BOOST_NEGPULSE_1S,10-BOOST CHARGING WITH NEGATIVE PULSES_1s_PERIOD_protocol.zip,03-04-23_12.55_BCNP1s_protocol_halfC_CAP_(a1)_forexcel_cycle_#752.mat,CAP,752,0,1.0,,,,read:KeyError
BOOST_NEGPULSE_1S,10-BOOST CHARGING WITH NEGATIVE PULSES_1s_PERIOD_protocol.zip,03-04-23_16.18_BCNP1s_protocol_halfC_0.5C_dchg_(a2)_IN21700_30T_cycle_#753.mat,halfC,753,6257,0.0,24.53,25.25,25.55,
BOOST_NEGPULSE_1S,10-BOOST CHARGING WITH NEGATIVE PULSES_1s_PERIOD_protocol.zip,03-04-23_16.18_BCNP1s_protocol_halfC_CAP_(a2)_forexcel_cycle_#753.mat,CAP,753,0,1.0,,,,read:KeyError
BOOST_NEGPULSE_1S,10-BOOST CHARGING WITH NEGATIVE PULSES_1s_PERIOD_protocol.zip,03-04-23_18.17_BCNP1s_protocol_ONE_C_charge_IN21700_30T_cycle_#753.mat,other,753,282,0.0,24.63,26.46,25.3,
BOOST_NEGPULSE_1S,10-BOOST CHARGING WITH NEGATIVE PULSES_1s_PERIOD_protocol.zip,03-04-23_19.39_BCNP1s_protocol_OneC_1C_dchg_IN21700_30T_cycle_#754.mat,other,754,3096,0.0,24.63,25.98,26.32,
BOOST_NEGPULSE_1S,10-BOOST CHARGING WITH NEGATIVE PULSES_1s_PERIOD_protocol.zip,03-04-23_22.07_BCNP1s_protocol_TwoC_2C_dchg_IN21700_30T_cycle_#755.mat,other,755,1535,0.0,24.57,28.29,28.85,
BOOST_NEGPULSE_1S,10-BOOST CHARGING WITH NEGATIVE PULSES_1s_PERIOD_protocol.zip,03-05-23_00.10_BCNP1s_protocol_HPPC_IN21700_30T_cycle_#756.mat,HPPC,756,34786,0.0,22.41,25.41,25.43,
BOOST_NEGPULSE_1S,10-BOOST CHARGING WITH NEGATIVE PULSES_1s_PERIOD_protocol.zip,03-08-23_08.04_BCNP1s_protocol_tenpercent_chg_a_IN21700_30T_cycle_#756.mat,other,756,941,0.0,24.47,25.19,25.19,
BOOST_NEGPULSE_1S,10-BOOST CHARGING WITH NEGATIVE PULSES_1s_PERIOD_protocol.zip,03-08-23_08.30_BCNP1s_protocol_FastCharge_IN21700_30T_cycle_#756.mat,other,756,4357,0.0,24.6,31.76,25.43,
BOOST_NEGPULSE_1S,10-BOOST CHARGING WITH NEGATIVE PULSES_1s_PERIOD_protocol.zip,03-08-23_08.53_BCNP1s_protocol__Fifteen_Drive_Cycles_set_IN21700_30T_cycle_#757_to_771.mat,drive,757,90795,0.0,24.45,26.24,26.24,
BOOST_NEGPULSE_1S,10-BOOST CHARGING WITH NEGATIVE PULSES_1s_PERIOD_protocol.zip,03-09-23_11.35_BCNP1s_protocol_halfC_0.5C_dchg_(b1)_IN21700_30T_cycle_#772.mat,halfC,772,6274,0.0,24.49,25.23,25.52,
BOOST_NEGPULSE_1S,10-BOOST CHARGING WITH NEGATIVE PULSES_1s_PERIOD_protocol.zip,03-09-23_11.35_BCNP1s_protocol_halfC_CAP_(b1)_forexcel_cycle_#772.mat,CAP,772,0,1.0,,,,read:KeyError
BOOST_NEGPULSE_1S,10-BOOST CHARGING WITH NEGATIVE PULSES_1s_PERIOD_protocol.zip,03-09-23_14.52_BCNP1s_protocol_halfC_0.5C_dchg_(b2)_IN21700_30T_cycle_#773.mat,halfC,773,6277,0.0,24.47,25.28,25.55,
BOOST_NEGPULSE_1S,10-BOOST CHARGING WITH NEGATIVE PULSES_1s_PERIOD_protocol.zip,03-09-23_14.52_BCNP1s_protocol_halfC_CAP_(b2)_forexcel_cycle_#773.mat,CAP,773,0,1.0,,,,read:KeyError
BOOST_NEGPULSE_1S,10-BOOST CHARGING WITH NEGATIVE PULSES_1s_PERIOD_protocol.zip,03-09-23_17.25_BCNP1s_protocol__Fifteen_Drive_Cycles_set_IN21700_30T_cycle_#774_to_788.mat,drive,774,90994,0.0,24.32,26.27,26.23,
BOOST_NEGPULSE_1S,10-BOOST CHARGING WITH NEGATIVE PULSES_1s_PERIOD_protocol.zip,03-14-23_10.10_BCNP1s_protocol_whole_Schedule_IN21700_30T_cycle_#789_week#22.mat,schedule,789,269672,0.0,22.85,26.06,26.1,
BOOST_NEGPULSE_1S,10-BOOST CHARGING WITH NEGATIVE PULSES_1s_PERIOD_protocol.zip,03-14-23_10.44_BCNP1s_protocol_halfC_0.5C_dchg_(a1)_IN21700_30T_cycle_#789.mat,halfC,789,6301,0.0,24.55,25.31,25.58,
BOOST_NEGPULSE_1S,10-BOOST CHARGING WITH NEGATIVE PULSES_1s_PERIOD_protocol.zip,03-14-23_10.44_BCNP1s_protocol_halfC_CAP_(a1)_forexcel_cycle_#789.mat,CAP,789,0,1.0,,,,read:KeyError
BOOST_NEGPULSE_1S,10-BOOST CHARGING WITH NEGATIVE PULSES_1s_PERIOD_protocol.zip,03-14-23_14.06_BCNP1s_protocol_halfC_0.5C_dchg_(a2)_IN21700_30T_cycle_#790.mat,halfC,790,6190,0.0,24.48,25.22,25.51,
BOOST_NEGPULSE_1S,10-BOOST CHARGING WITH NEGATIVE PULSES_1s_PERIOD_protocol.zip,03-14-23_14.06_BCNP1s_protocol_halfC_CAP_(a2)_forexcel_cycle_#790.mat,CAP,790,0,1.0,,,,read:KeyError
BOOST_NEGPULSE_1S,10-BOOST CHARGING WITH NEGATIVE PULSES_1s_PERIOD_protocol.zip,03-14-23_16.05_BCNP1s_protocol_ONE_C_charge_IN21700_30T_cycle_#790.mat,other,790,277,0.0,24.72,26.52,25.25,
BOOST_NEGPULSE_1S,10-BOOST CHARGING WITH NEGATIVE PULSES_1s_PERIOD_protocol.zip,03-14-23_17.27_BCNP1s_protocol_OneC_1C_dchg_IN21700_30T_cycle_#791.mat,other,791,3062,0.0,24.5,26.0,26.31,
BOOST_NEGPULSE_1S,10-BOOST CHARGING WITH NEGATIVE PULSES_1s_PERIOD_protocol.zip,03-14-23_19.55_BCNP1s_protocol_TwoC_2C_dchg_IN21700_30T_cycle_#792.mat,other,792,1517,0.0,24.62,28.3,28.86,
BOOST_NEGPULSE_1S,10-BOOST CHARGING WITH NEGATIVE PULSES_1s_PERIOD_protocol.zip,03-14-23_21.57_BCNP1s_protocol_HPPC_IN21700_30T_cycle_#793.mat,HPPC,793,34850,0.0,22.85,25.42,25.44,
BOOST_NEGPULSE_1S,10-BOOST CHARGING WITH NEGATIVE PULSES_1s_PERIOD_protocol.zip,03-21-23_02.20_BCNP1s_protocol_tenpercent_chg_a_IN21700_30T_cycle_#793.mat,other,793,930,0.0,24.55,25.2,25.2,
BOOST_NEGPULSE_1S,10-BOOST CHARGING WITH NEGATIVE PULSES_1s_PERIOD_protocol.zip,03-21-23_02.46_BCNP1s_protocol_FastCharge_IN21700_30T_cycle_#793.mat,other,793,4296,0.0,24.48,31.95,25.42,
BOOST_NEGPULSE_1S,10-BOOST CHARGING WITH NEGATIVE PULSES_1s_PERIOD_protocol.zip,03-21-23_03.09_BCNP1s_protocol__Fifteen_Drive_Cycles_set_IN21700_30T_cycle_#794_to_808.mat,drive,794,89422,0.0,24.34,26.36,26.37,
BOOST_NEGPULSE_1S,10-BOOST CHARGING WITH NEGATIVE PULSES_1s_PERIOD_protocol.zip,03-22-23_05.28_BCNP1s_protocol_halfC_0.5C_dchg_(b1)_IN21700_30T_cycle_#809.mat,halfC,809,6258,0.0,24.58,25.3,25.61,
BOOST_NEGPULSE_1S,10-BOOST CHARGING WITH NEGATIVE PULSES_1s_PERIOD_protocol.zip,03-22-23_05.28_BCNP1s_protocol_halfC_CAP_(b1)_forexcel_cycle_#809.mat,CAP,809,0,1.0,,,,read:KeyError
BOOST_NEGPULSE_1S,10-BOOST CHARGING WITH NEGATIVE PULSES_1s_PERIOD_protocol.zip,03-22-23_08.45_BCNP1s_protocol_halfC_0.5C_dchg_(b2)_IN21700_30T_cycle_#810.mat,halfC,810,6258,0.0,24.58,25.3,25.55,
BOOST_NEGPULSE_1S,10-BOOST CHARGING WITH NEGATIVE PULSES_1s_PERIOD_protocol.zip,03-22-23_08.45_BCNP1s_protocol_halfC_CAP_(b2)_forexcel_cycle_#810.mat,CAP,810,0,1.0,,,,read:KeyError
BOOST_NEGPULSE_1S,10-BOOST CHARGING WITH NEGATIVE PULSES_1s_PERIOD_protocol.zip,03-22-23_11.18_BCNP1s_protocol__Fifteen_Drive_Cycles_set_IN21700_30T_cycle_#811_to_825.mat,drive,811,90679,0.0,24.4,26.29,26.28,
BOOST_NEGPULSE_1S,10-BOOST CHARGING WITH NEGATIVE PULSES_1s_PERIOD_protocol.zip,Cover20 is not performed this week_#22.mat,other,-1,0,1.0,,,,read:KeyError
BOOST_NEGPULSE_1S,10-BOOST CHARGING WITH NEGATIVE PULSES_1s_PERIOD_protocol.zip,03-24-23_09.24_BCNP1s_protocol_whole_Schedule_IN21700_30T_cycle_#826_week#23.mat,schedule,826,269814,0.0,23.81,26.15,26.18,
BOOST_NEGPULSE_1S,10-BOOST CHARGING WITH NEGATIVE PULSES_1s_PERIOD_protocol.zip,03-24-23_09.59_BCNP1s_protocol_halfC_0.5C_dchg_(a1)_IN21700_30T_cycle_#827.mat,halfC,827,6326,0.0,24.15,25.41,25.67,
BOOST_NEGPULSE_1S,10-BOOST CHARGING WITH NEGATIVE PULSES_1s_PERIOD_protocol.zip,03-24-23_09.59_BCNP1s_protocol_halfC_CAP_(a1)_forexcel_cycle_#827.mat,CAP,827,0,1.0,,,,read:KeyError
BOOST_NEGPULSE_1S,10-BOOST CHARGING WITH NEGATIVE PULSES_1s_PERIOD_protocol.zip,03-24-23_13.22_BCNP1s_protocol_halfC_0.5C_dchg_(a2)_IN21700_30T_cycle_#828.mat,halfC,828,6213,0.0,24.14,25.37,25.69,
BOOST_NEGPULSE_1S,10-BOOST CHARGING WITH NEGATIVE PULSES_1s_PERIOD_protocol.zip,03-24-23_13.22_BCNP1s_protocol_halfC_CAP_(a2)_forexcel_cycle_#828.mat,CAP,828,0,1.0,,,,read:KeyError
BOOST_NEGPULSE_1S,10-BOOST CHARGING WITH NEGATIVE PULSES_1s_PERIOD_protocol.zip,03-24-23_15.21_BCNP1s_protocol_ONE_C_charge_IN21700_30T_cycle_#828.mat,other,828,277,0.0,24.72,26.65,25.33,
BOOST_NEGPULSE_1S,10-BOOST CHARGING WITH NEGATIVE PULSES_1s_PERIOD_protocol.zip,03-24-23_16.44_BCNP1s_protocol_OneC_1C_dchg_IN21700_30T_cycle_#829.mat,other,829,3072,0.0,24.66,26.09,26.43,
BOOST_NEGPULSE_1S,10-BOOST CHARGING WITH NEGATIVE PULSES_1s_PERIOD_protocol.zip,03-24-23_19.13_BCNP1s_protocol_TwoC_2C_dchg_IN21700_30T_cycle_#830.mat,other,830,1522,0.0,24.68,28.49,29.05,
BOOST_NEGPULSE_1S,10-BOOST CHARGING WITH NEGATIVE PULSES_1s_PERIOD_protocol.zip,03-24-23_21.16_BCNP1s_protocol_HPPC_IN21700_30T_cycle_#831.mat,HPPC,831,34783,0.0,24.24,25.49,25.45,
BOOST_NEGPULSE_1S,10-BOOST CHARGING WITH NEGATIVE PULSES_1s_PERIOD_protocol.zip,03-26-23_03.19_BCNP1s_protocol_tenpercent_chg_a_IN21700_30T_cycle_#831.mat,other,831,934,0.0,24.65,25.28,25.28,
BOOST_NEGPULSE_1S,10-BOOST CHARGING WITH NEGATIVE PULSES_1s_PERIOD_protocol.zip,03-26-23_03.45_BCNP1s_protocol_FastCharge_IN21700_30T_cycle_#831.mat,other,831,4311,0.0,24.7,32.14,25.81,
BOOST_NEGPULSE_1S,10-BOOST CHARGING WITH NEGATIVE PULSES_1s_PERIOD_protocol.zip,03-26-23_04.08_BCNP1s_protocol__Fifteen_Drive_Cycles_set_IN21700_30T_cycle_#832_to_846.mat,drive,832,89763,0.0,24.5,26.41,26.43,
BOOST_NEGPULSE_1S,10-BOOST CHARGING WITH NEGATIVE PULSES_1s_PERIOD_protocol.zip,03-27-23_06.33_BCNP1s_protocol_halfC_0.5C_dchg_(b1)_IN21700_30T_cycle_#847.mat,halfC,847,6237,0.0,24.61,25.36,25.63,
BOOST_NEGPULSE_1S,10-BOOST CHARGING WITH NEGATIVE PULSES_1s_PERIOD_protocol.zip,03-27-23_06.33_BCNP1s_protocol_halfC_CAP_(b1)_forexcel_cycle_#847.mat,CAP,847,0,1.0,,,,read:KeyError
BOOST_NEGPULSE_1S,10-BOOST CHARGING WITH NEGATIVE PULSES_1s_PERIOD_protocol.zip,03-27-23_09.51_BCNP1s_protocol_halfC_0.5C_dchg_(b2)_IN21700_30T_cycle_#848.mat,halfC,848,6237,0.0,24.62,25.34,25.64,
BOOST_NEGPULSE_1S,10-BOOST CHARGING WITH NEGATIVE PULSES_1s_PERIOD_protocol.zip,03-27-23_09.51_BCNP1s_protocol_halfC_CAP_(b2)_forexcel_cycle_#848.mat,CAP,848,0,1.0,,,,read:KeyError
BOOST_NEGPULSE_1S,10-BOOST CHARGING WITH NEGATIVE PULSES_1s_PERIOD_protocol.zip,03-27-23_12.24_BCNP1s_protocol__Fifteen_Drive_Cycles_set_IN21700_30T_cycle_#849_to_863.mat,drive,849,90307,0.0,24.55,26.42,26.42,
BOOST_NEGPULSE_1S,10-BOOST CHARGING WITH NEGATIVE PULSES_1s_PERIOD_protocol.zip,03-31-23_08.52_BCNP1s_protocol_whole_Schedule_IN21700_30T_cycle_#864_week#24.mat,schedule,864,267549,0.0,22.86,26.16,26.21,
BOOST_NEGPULSE_1S,10-BOOST CHARGING WITH NEGATIVE PULSES_1s_PERIOD_protocol.zip,03-31-23_09.27_BCNP1s_protocol_halfC_0.5C_dchg_(a1)_IN21700_30T_cycle_#864.mat,halfC,864,6269,0.0,24.55,25.38,25.68,
BOOST_NEGPULSE_1S,10-BOOST CHARGING WITH NEGATIVE PULSES_1s_PERIOD_protocol.zip,03-31-23_09.27_BCNP1s_protocol_halfC_CAP_(a1)_forexcel_cycle_#864.mat,CAP,864,0,1.0,,,,read:KeyError
BOOST_NEGPULSE_1S,10-BOOST CHARGING WITH NEGATIVE PULSES_1s_PERIOD_protocol.zip,03-31-23_12.50_BCNP1s_protocol_halfC_0.5C_dchg_(a2)_IN21700_30T_cycle_#865.mat,halfC,865,6143,0.0,24.64,25.33,25.62,
BOOST_NEGPULSE_1S,10-BOOST CHARGING WITH NEGATIVE PULSES_1s_PERIOD_protocol.zip,03-31-23_12.50_BCNP1s_protocol_halfC_CAP_(a2)_forexcel_cycle_#865.mat,CAP,865,0,1.0,,,,read:KeyError
BOOST_NEGPULSE_1S,10-BOOST CHARGING WITH NEGATIVE PULSES_1s_PERIOD_protocol.zip,03-31-23_14.47_BCNP1s_protocol_ONE_C_charge_IN21700_30T_cycle_#865.mat,other,865,273,0.0,24.69,26.66,25.31,
BOOST_NEGPULSE_1S,10-BOOST CHARGING WITH NEGATIVE PULSES_1s_PERIOD_protocol.zip,03-31-23_16.11_BCNP1s_protocol_OneC_1C_dchg_IN21700_30T_cycle_#866.mat,other,866,3039,0.0,24.67,26.15,26.48,
BOOST_NEGPULSE_1S,10-BOOST CHARGING WITH NEGATIVE PULSES_1s_PERIOD_protocol.zip,03-31-23_18.39_BCNP1s_protocol_TwoC_2C_dchg_IN21700_30T_cycle_#867.mat,other,867,1507,0.0,24.6,28.57,29.17,
BOOST_NEGPULSE_1S,10-BOOST CHARGING WITH NEGATIVE PULSES_1s_PERIOD_protocol.zip,03-31-23_20.43_BCNP1s_protocol_HPPC_IN21700_30T_cycle_#868.mat,HPPC,868,34796,0.0,24.33,25.42,25.42,
BOOST_NEGPULSE_1S,10-BOOST CHARGING WITH NEGATIVE PULSES_1s_PERIOD_protocol.zip,04-02-23_02.46_BCNP1s_protocol_tenpercent_chg_a_IN21700_30T_cycle_#868.mat,other,868,924,0.0,24.7,25.33,25.33,
BOOST_NEGPULSE_1S,10-BOOST CHARGING WITH NEGATIVE PULSES_1s_PERIOD_protocol.zip,04-02-23_03.11_BCNP1s_protocol_FastCharge_IN21700_30T_cycle_#868.mat,other,868,4275,0.0,24.58,32.18,25.76,
BOOST_NEGPULSE_1S,10-BOOST CHARGING WITH NEGATIVE PULSES_1s_PERIOD_protocol.zip,04-02-23_03.34_BCNP1s_protocol__Fifteen_Drive_Cycles_set_IN21700_30T_cycle_#869_to_883.mat,drive,869,88618,0.0,24.53,26.45,26.49,
BOOST_NEGPULSE_1S,10-BOOST CHARGING WITH NEGATIVE PULSES_1s_PERIOD_protocol.zip,04-03-23_05.41_BCNP1s_protocol_halfC_0.5C_dchg_(b1)_IN21700_30T_cycle_#884.mat,halfC,884,6197,0.0,24.62,25.34,25.63,
BOOST_NEGPULSE_1S,10-BOOST CHARGING WITH NEGATIVE PULSES_1s_PERIOD_protocol.zip,04-03-23_05.41_BCNP1s_protocol_halfC_CAP_(b1)_forexcel_cycle_#884.mat,CAP,884,0,1.0,,,,read:KeyError
BOOST_NEGPULSE_1S,10-BOOST CHARGING WITH NEGATIVE PULSES_1s_PERIOD_protocol.zip,04-03-23_08.59_BCNP1s_protocol_halfC_0.5C_dchg_(b2)_IN21700_30T_cycle_#885.mat,halfC,885,6196,0.0,24.58,25.36,25.63,
BOOST_NEGPULSE_1S,10-BOOST CHARGING WITH NEGATIVE PULSES_1s_PERIOD_protocol.zip,04-03-23_08.59_BCNP1s_protocol_halfC_CAP_(b2)_forexcel_cycle_#885.mat,CAP,885,0,1.0,,,,read:KeyError
BOOST_NEGPULSE_1S,10-BOOST CHARGING WITH NEGATIVE PULSES_1s_PERIOD_protocol.zip,04-03-23_11.30_BCNP1s_protocol__Fifteen_Drive_Cycles_set_IN21700_30T_cycle_#886_to_900.mat,drive,886,89476,0.0,24.4,26.46,26.46,
BOOST_NEGPULSE_1S,10-BOOST CHARGING WITH NEGATIVE PULSES_1s_PERIOD_protocol.zip,Cover20 is not performed this week_#24.mat,other,-1,0,1.0,,,,read:KeyError
BOOST_NEGPULSE_1S,10-BOOST CHARGING WITH NEGATIVE PULSES_1s_PERIOD_protocol.zip,04-14-23_09.47_BCNP1s_protocol_whole_Schedule_IN21700_30T_cycle_#901_week#25.mat,schedule,901,264791,0.0,22.77,26.21,26.28,
BOOST_NEGPULSE_1S,10-BOOST CHARGING WITH NEGATIVE PULSES_1s_PERIOD_protocol.zip,04-14-23_10.24_BCNP1s_protocol_halfC_0.5C_dchg_(a1)_IN21700_30T_cycle_#902.mat,halfC,902,6199,0.0,24.64,25.43,25.73,
BOOST_NEGPULSE_1S,10-BOOST CHARGING WITH NEGATIVE PULSES_1s_PERIOD_protocol.zip,04-14-23_10.24_BCNP1s_protocol_halfC_CAP_(a1)_forexcel_cycle_#902.mat,CAP,902,0,1.0,,,,read:KeyError
BOOST_NEGPULSE_1S,10-BOOST CHARGING WITH NEGATIVE PULSES_1s_PERIOD_protocol.zip,04-14-23_13.46_BCNP1s_protocol_halfC_0.5C_dchg_(a2)_IN21700_30T_cycle_#903.mat,halfC,903,6070,0.0,24.67,25.37,25.67,
BOOST_NEGPULSE_1S,10-BOOST CHARGING WITH NEGATIVE PULSES_1s_PERIOD_protocol.zip,04-14-23_13.46_BCNP1s_protocol_halfC_CAP_(a2)_forexcel_cycle_#903.mat,CAP,903,0,1.0,,,,read:KeyError
BOOST_NEGPULSE_1S,10-BOOST CHARGING WITH NEGATIVE PULSES_1s_PERIOD_protocol.zip,04-14-23_15.42_BCNP1s_protocol_ONE_C_charge_IN21700_30T_cycle_#903.mat,other,903,268,0.0,24.66,26.72,25.26,
BOOST_NEGPULSE_1S,10-BOOST CHARGING WITH NEGATIVE PULSES_1s_PERIOD_protocol.zip,04-14-23_17.06_BCNP1s_protocol_OneC_1C_dchg_IN21700_30T_cycle_#904.mat,other,904,3002,0.0,24.62,26.21,26.58,
BOOST_NEGPULSE_1S,10-BOOST CHARGING WITH NEGATIVE PULSES_1s_PERIOD_protocol.zip,04-14-23_19.34_BCNP1s_protocol_TwoC_2C_dchg_IN21700_30T_cycle_#905.mat,other,905,1488,0.0,24.83,28.75,29.34,
BOOST_NEGPULSE_1S,10-BOOST CHARGING WITH NEGATIVE PULSES_1s_PERIOD_protocol.zip,04-14-23_21.37_BCNP1s_protocol_HPPC_IN21700_30T_cycle_#906.mat,HPPC,906,34766,0.0,24.45,25.48,25.43,
BOOST_NEGPULSE_1S,10-BOOST CHARGING WITH NEGATIVE PULSES_1s_PERIOD_protocol.zip,04-16-23_03.40_BCNP1s_protocol_tenpercent_chg_a_IN21700_30T_cycle_#906.mat,other,906,913,0.0,24.64,25.32,25.32,
BOOST_NEGPULSE_1S,10-BOOST CHARGING WITH NEGATIVE PULSES_1s_PERIOD_protocol.zip,04-16-23_04.06_BCNP1s_protocol_FastCharge_IN21700_30T_cycle_#906.mat,other,906,4231,0.0,24.78,32.32,25.64,
BOOST_NEGPULSE_1S,10-BOOST CHARGING WITH NEGATIVE PULSES_1s_PERIOD_protocol.zip,04-16-23_04.28_BCNP1s_protocol__Fifteen_Drive_Cycles_set_IN21700_30T_cycle_#907_to_921.mat,drive,907,87250,0.0,24.37,26.53,26.58,
BOOST_NEGPULSE_1S,10-BOOST CHARGING WITH NEGATIVE PULSES_1s_PERIOD_protocol.zip,04-17-23_06.13_BCNP1s_protocol_halfC_0.5C_dchg_(b1)_IN21700_30T_cycle_#922.mat,halfC,922,6136,0.0,24.67,25.4,25.69,
BOOST_NEGPULSE_1S,10-BOOST CHARGING WITH NEGATIVE PULSES_1s_PERIOD_protocol.zip,04-17-23_06.13_BCNP1s_protocol_halfC_CAP_(b1)_forexcel_cycle_#922.mat,CAP,922,0,1.0,,,,read:KeyError
BOOST_NEGPULSE_1S,10-BOOST CHARGING WITH NEGATIVE PULSES_1s_PERIOD_protocol.zip,04-17-23_09.30_BCNP1s_protocol_halfC_0.5C_dchg_(b2)_IN21700_30T_cycle_#923.mat,halfC,923,6138,0.0,24.64,25.38,25.66,
BOOST_NEGPULSE_1S,10-BOOST CHARGING WITH NEGATIVE PULSES_1s_PERIOD_protocol.zip,04-17-23_09.30_BCNP1s_protocol_halfC_CAP_(b2)_forexcel_cycle_#923.mat,CAP,923,0,1.0,,,,read:KeyError
BOOST_NEGPULSE_1S,10-BOOST CHARGING WITH NEGATIVE PULSES_1s_PERIOD_protocol.zip,04-17-23_12.00_BCNP1s_protocol__Fifteen_Drive_Cycles_set_IN21700_30T_cycle_#924_to_938.mat,drive,924,88455,0.0,24.52,26.51,26.53,
BOOST_NEGPULSE_1S,10-BOOST CHARGING WITH NEGATIVE PULSES_1s_PERIOD_protocol.zip,04-19-23_10.10_BCNP1s_protocol_whole_Schedule_IN21700_30T_cycle_#939_week#26.mat,schedule,939,264367,0.0,22.65,26.19,26.27,
BOOST_NEGPULSE_1S,10-BOOST CHARGING WITH NEGATIVE PULSES_1s_PERIOD_protocol.zip,04-19-23_10.45_BCNP1s_protocol_halfC_0.5C_dchg_(a1)_IN21700_30T_cycle_#939.mat,halfC,939,6224,0.0,24.51,25.41,25.68,
BOOST_NEGPULSE_1S,10-BOOST CHARGING WITH NEGATIVE PULSES_1s_PERIOD_protocol.zip,04-19-23_10.45_BCNP1s_protocol_halfC_CAP_(a1)_forexcel_cycle_#939.mat,CAP,939,0,1.0,,,,read:KeyError
BOOST_NEGPULSE_1S,10-BOOST CHARGING WITH NEGATIVE PULSES_1s_PERIOD_protocol.zip,04-19-23_14.09_BCNP1s_protocol_halfC_0.5C_dchg_(a2)_IN21700_30T_cycle_#940.mat,halfC,940,6086,0.0,24.62,25.36,25.65,
BOOST_NEGPULSE_1S,10-BOOST CHARGING WITH NEGATIVE PULSES_1s_PERIOD_protocol.zip,04-19-23_14.09_BCNP1s_protocol_halfC_CAP_(a2)_forexcel_cycle_#940.mat,CAP,940,0,1.0,,,,read:KeyError
BOOST_NEGPULSE_1S,10-BOOST CHARGING WITH NEGATIVE PULSES_1s_PERIOD_protocol.zip,04-19-23_16.05_BCNP1s_protocol_ONE_C_charge_IN21700_30T_cycle_#940.mat,other,940,268,0.0,24.66,26.73,25.34,
BOOST_NEGPULSE_1S,10-BOOST CHARGING WITH NEGATIVE PULSES_1s_PERIOD_protocol.zip,04-19-23_17.30_BCNP1s_protocol_OneC_1C_dchg_IN21700_30T_cycle_#941.mat,other,941,3010,0.0,24.55,26.2,26.59,
BOOST_NEGPULSE_1S,10-BOOST CHARGING WITH NEGATIVE PULSES_1s_PERIOD_protocol.zip,04-19-23_19.59_BCNP1s_protocol_TwoC_2C_dchg_IN21700_30T_cycle_#942.mat,other,942,1491,0.0,24.61,28.79,29.36,
BOOST_NEGPULSE_1S,10-BOOST CHARGING WITH NEGATIVE PULSES_1s_PERIOD_protocol.zip,04-19-23_22.04_BCNP1s_protocol_HPPC_IN21700_30T_cycle_#943.mat,HPPC,943,34730,0.0,24.36,25.4,25.36,
BOOST_NEGPULSE_1S,10-BOOST CHARGING WITH NEGATIVE PULSES_1s_PERIOD_protocol.zip,04-21-23_04.06_BCNP1s_protocol_tenpercent_chg_a_IN21700_30T_cycle_#943.mat,other,943,915,0.0,24.61,25.22,25.22,
BOOST_NEGPULSE_1S,10-BOOST CHARGING WITH NEGATIVE PULSES_1s_PERIOD_protocol.zip,04-21-23_04.31_BCNP1s_protocol_FastCharge_IN21700_30T_cycle_#943.mat,other,943,4192,0.0,24.61,32.37,25.45,
BOOST_NEGPULSE_1S,10-BOOST CHARGING WITH NEGATIVE PULSES_1s_PERIOD_protocol.zip,04-21-23_04.54_BCNP1s_protocol__Fifteen_Drive_Cycles_set_IN21700_30T_cycle_#944_to_958.mat,drive,944,87250,0.0,24.35,26.52,26.57,
BOOST_NEGPULSE_1S,10-BOOST CHARGING WITH NEGATIVE PULSES_1s_PERIOD_protocol.zip,04-22-23_06.39_BCNP1s_protocol_halfC_0.5C_dchg_(b1)_IN21700_30T_cycle_#959.mat,halfC,959,6123,0.0,24.62,25.37,25.68,
BOOST_NEGPULSE_1S,10-BOOST CHARGING WITH NEGATIVE PULSES_1s_PERIOD_protocol.zip,04-22-23_06.39_BCNP1s_protocol_halfC_CAP_(b1)_forexcel_cycle_#959.mat,CAP,959,0,1.0,,,,read:KeyError
BOOST_NEGPULSE_1S,10-BOOST CHARGING WITH NEGATIVE PULSES_1s_PERIOD_protocol.zip,04-22-23_09.57_BCNP1s_protocol_halfC_0.5C_dchg_(b2)_IN21700_30T_cycle_#960.mat,halfC,960,6123,0.0,24.62,25.36,25.66,
BOOST_NEGPULSE_1S,10-BOOST CHARGING WITH NEGATIVE PULSES_1s_PERIOD_protocol.zip,04-22-23_09.57_BCNP1s_protocol_halfC_CAP_(b2)_forexcel_cycle_#960.mat,CAP,960,0,1.0,,,,read:KeyError
BOOST_NEGPULSE_1S,10-BOOST CHARGING WITH NEGATIVE PULSES_1s_PERIOD_protocol.zip,04-22-23_12.27_BCNP1s_protocol__Fifteen_Drive_Cycles_set_IN21700_30T_cycle_#961_to_975.mat,drive,961,87959,0.0,22.88,26.53,26.56,
BOOST_NEGPULSE_1S,10-BOOST CHARGING WITH NEGATIVE PULSES_1s_PERIOD_protocol.zip,04-25-23_15.58_BCNP1s_protocol_whole_Schedule_IN21700_30T_cycle_#976_week#27.mat,schedule,976,263113,0.0,22.99,26.21,26.29,
BOOST_NEGPULSE_1S,10-BOOST CHARGING WITH NEGATIVE PULSES_1s_PERIOD_protocol.zip,04-25-23_16.35_BCNP1s_protocol_halfC_0.5C_dchg_(a1)_IN21700_30T_cycle_#977.mat,halfC,977,6193,0.0,24.58,25.41,25.7,
BOOST_NEGPULSE_1S,10-BOOST CHARGING WITH NEGATIVE PULSES_1s_PERIOD_protocol.zip,04-25-23_16.35_BCNP1s_protocol_halfC_CAP_(a1)_forexcel_cycle_#977.mat,CAP,977,0,1.0,,,,read:KeyError
BOOST_NEGPULSE_1S,10-BOOST CHARGING WITH NEGATIVE PULSES_1s_PERIOD_protocol.zip,04-25-23_19.58_BCNP1s_protocol_halfC_0.5C_dchg_(a2)_IN21700_30T_cycle_#978.mat,halfC,978,6043,0.0,24.55,25.36,25.66,
BOOST_NEGPULSE_1S,10-BOOST CHARGING WITH NEGATIVE PULSES_1s_PERIOD_protocol.zip,04-25-23_19.58_BCNP1s_protocol_halfC_CAP_(a2)_forexcel_cycle_#978.mat,CAP,978,0,1.0,,,,read:KeyError
BOOST_NEGPULSE_1S,10-BOOST CHARGING WITH NEGATIVE PULSES_1s_PERIOD_protocol.zip,04-25-23_21.54_BCNP1s_protocol_ONE_C_charge_IN21700_30T_cycle_#978.mat,other,978,265,0.0,24.71,26.77,25.19,
BOOST_NEGPULSE_1S,10-BOOST CHARGING WITH NEGATIVE PULSES_1s_PERIOD_protocol.zip,04-25-23_23.19_BCNP1s_protocol_OneC_1C_dchg_IN21700_30T_cycle_#979.mat,other,979,2987,0.0,24.57,26.27,26.63,
BOOST_NEGPULSE_1S,10-BOOST CHARGING WITH NEGATIVE PULSES_1s_PERIOD_protocol.zip,04-26-23_01.49_BCNP1s_protocol_TwoC_2C_dchg_IN21700_30T_cycle_#980.mat,other,980,1480,0.0,24.68,28.88,29.52,
BOOST_NEGPULSE_1S,10-BOOST CHARGING WITH NEGATIVE PULSES_1s_PERIOD_protocol.zip,04-26-23_03.53_BCNP1s_protocol_HPPC_IN21700_30T_cycle_#981.mat,HPPC,981,34739,0.0,23.07,25.38,25.34,
BOOST_NEGPULSE_1S,10-BOOST CHARGING WITH NEGATIVE PULSES_1s_PERIOD_protocol.zip,04-28-23_08.02_BCNP1s_protocol_tenpercent_chg_a_IN21700_30T_cycle_#981.mat,other,981,909,0.0,24.65,25.27,25.27,
BOOST_NEGPULSE_1S,10-BOOST CHARGING WITH NEGATIVE PULSES_1s_PERIOD_protocol.zip,04-28-23_08.27_BCNP1s_protocol_FastCharge_IN21700_30T_cycle_#981.mat,other,981,4156,0.0,24.7,32.48,25.36,
BOOST_NEGPULSE_1S,10-BOOST CHARGING WITH NEGATIVE PULSES_1s_PERIOD_protocol.zip,04-28-23_08.50_BCNP1s_protocol__Fifteen_Drive_Cycles_set_IN21700_30T_cycle_#982_to_996.mat,drive,982,86865,0.0,24.48,26.53,26.58,
BOOST_NEGPULSE_1S,10-BOOST CHARGING WITH NEGATIVE PULSES_1s_PERIOD_protocol.zip,04-29-23_10.29_BCNP1s_protocol_halfC_0.5C_dchg_(b1)_IN21700_30T_cycle_#997.mat,halfC,997,6087,0.0,24.56,25.35,25.64,
BOOST_NEGPULSE_1S,10-BOOST CHARGING WITH NEGATIVE PULSES_1s_PERIOD_protocol.zip,04-29-23_10.29_BCNP1s_protocol_halfC_CAP_(b1)_forexcel_cycle_#997.mat,CAP,997,0,1.0,,,,read:KeyError
BOOST_NEGPULSE_1S,10-BOOST CHARGING WITH NEGATIVE PULSES_1s_PERIOD_protocol.zip,04-29-23_13.47_BCNP1s_protocol_halfC_0.5C_dchg_(b2)_IN21700_30T_cycle_#998.mat,halfC,998,6087,0.0,24.57,25.33,25.65,
BOOST_NEGPULSE_1S,10-BOOST CHARGING WITH NEGATIVE PULSES_1s_PERIOD_protocol.zip,04-29-23_13.47_BCNP1s_protocol_halfC_CAP_(b2)_forexcel_cycle_#998.mat,CAP,998,0,1.0,,,,read:KeyError
BOOST_NEGPULSE_1S,10-BOOST CHARGING WITH NEGATIVE PULSES_1s_PERIOD_protocol.zip,04-29-23_16.16_BCNP1s_protocol__Fifteen_Drive_Cycles_set_IN21700_30T_cycle_#999_to_1013.mat,drive,999,87238,0.0,24.45,26.57,26.6,
BOOST_NEGPULSE_1S,10-BOOST CHARGING WITH NEGATIVE PULSES_1s_PERIOD_protocol.zip,05-01-23_09.29_BCNP1s_protocol_whole_Schedule_IN21700_30T_cycle_#1014_week#28.mat,schedule,1014,262738,0.0,23.52,26.27,26.36,
BOOST_NEGPULSE_1S,10-BOOST CHARGING WITH NEGATIVE PULSES_1s_PERIOD_protocol.zip,05-01-23_10.05_BCNP1s_protocol_halfC_0.5C_dchg_(a1)_IN21700_30T_cycle_#1014.mat,halfC,1014,6183,0.0,24.61,25.48,25.77,
BOOST_NEGPULSE_1S,10-BOOST CHARGING WITH NEGATIVE PULSES_1s_PERIOD_protocol.zip,05-01-23_10.05_BCNP1s_protocol_halfC_CAP_(a1)_forexcel_cycle_#1014.mat,CAP,1014,0,1.0,,,,read:KeyError
BOOST_NEGPULSE_1S,10-BOOST CHARGING WITH NEGATIVE PULSES_1s_PERIOD_protocol.zip,05-01-23_13.29_BCNP1s_protocol_halfC_0.5C_dchg_(a2)_IN21700_30T_cycle_#1015.mat,halfC,1015,6032,0.0,24.55,25.4,25.71,
BOOST_NEGPULSE_1S,10-BOOST CHARGING WITH NEGATIVE PULSES_1s_PERIOD_protocol.zip,05-01-23_13.29_BCNP1s_protocol_halfC_CAP_(a2)_forexcel_cycle_#1015.mat,CAP,1015,0,1.0,,,,read:KeyError
BOOST_NEGPULSE_1S,10-BOOST CHARGING WITH NEGATIVE PULSES_1s_PERIOD_protocol.zip,05-01-23_15.25_BCNP1s_protocol_ONE_C_charge_IN21700_30T_cycle_#1015.mat,other,1015,263,0.0,24.83,26.87,25.17,
BOOST_NEGPULSE_1S,10-BOOST CHARGING WITH NEGATIVE PULSES_1s_PERIOD_protocol.zip,05-01-23_16.51_BCNP1s_protocol_OneC_1C_dchg_IN21700_30T_cycle_#1016.mat,other,1016,2980,0.0,24.68,26.36,26.71,
BOOST_NEGPULSE_1S,10-BOOST CHARGING WITH NEGATIVE PULSES_1s_PERIOD_protocol.zip,05-01-23_19.21_BCNP1s_protocol_TwoC_2C_dchg_IN21700_30T_cycle_#1017.mat,other,1017,1477,0.0,24.66,29.05,29.71,
BOOST_NEGPULSE_1S,10-BOOST CHARGING WITH NEGATIVE PULSES_1s_PERIOD_protocol.zip,05-01-23_21.27_BCNP1s_protocol_HPPC_IN21700_30T_cycle_#1018.mat,HPPC,1018,34695,0.0,24.28,25.43,25.4,
BOOST_NEGPULSE_1S,10-BOOST CHARGING WITH NEGATIVE PULSES_1s_PERIOD_protocol.zip,05-03-23_03.28_BCNP1s_protocol_tenpercent_chg_a_IN21700_30T_cycle_#1018.mat,other,1018,907,0.0,24.67,25.32,25.32,
BOOST_NEGPULSE_1S,10-BOOST CHARGING WITH NEGATIVE PULSES_1s_PERIOD_protocol.zip,05-03-23_03.54_BCNP1s_protocol_FastCharge_IN21700_30T_cycle_#1018.mat,other,1018,4134,0.0,24.74,32.72,25.25,
BOOST_NEGPULSE_1S,10-BOOST CHARGING WITH NEGATIVE PULSES_1s_PERIOD_protocol.zip,05-03-23_04.16_BCNP1s_protocol__Fifteen_Drive_Cycles_set_IN21700_30T_cycle_#1019_to_1033.mat,drive,1019,86701,0.0,24.44,26.62,26.68,
BOOST_NEGPULSE_1S,10-BOOST CHARGING WITH NEGATIVE PULSES_1s_PERIOD_protocol.zip,05-04-23_05.54_BCNP1s_protocol_halfC_0.5C_dchg_(b1)_IN21700_30T_cycle_#1034.mat,halfC,1034,6062,0.0,24.62,25.41,25.7,
BOOST_NEGPULSE_1S,10-BOOST CHARGING WITH NEGATIVE PULSES_1s_PERIOD_protocol.zip,05-04-23_05.54_BCNP1s_protocol_halfC_CAP_(b1)_forexcel_cycle_#1034.mat,CAP,1034,0,1.0,,,,read:KeyError
BOOST_NEGPULSE_1S,10-BOOST CHARGING WITH NEGATIVE PULSES_1s_PERIOD_protocol.zip,05-04-23_09.12_BCNP1s_protocol_halfC_0.5C_dchg_(b2)_IN21700_30T_cycle_#1035.mat,halfC,1035,6062,0.0,24.65,25.4,25.71,
BOOST_NEGPULSE_1S,10-BOOST CHARGING WITH NEGATIVE PULSES_1s_PERIOD_protocol.zip,05-04-23_09.12_BCNP1s_protocol_halfC_CAP_(b2)_forexcel_cycle_#1035.mat,CAP,1035,0,1.0,,,,read:KeyError
BOOST_NEGPULSE_1S,10-BOOST CHARGING WITH NEGATIVE PULSES_1s_PERIOD_protocol.zip,05-04-23_11.41_BCNP1s_protocol__Fifteen_Drive_Cycles_set_IN21700_30T_cycle_#1036_to_1050.mat,drive,1036,86976,0.0,24.35,26.62,26.66,
BOOST_NEGPULSE_1S,10-BOOST CHARGING WITH NEGATIVE PULSES_1s_PERIOD_protocol.zip,05-07-23_16.10_BCNP1s_protocol_whole_Schedule_IN21700_30T_cycle_#1051_week#29.mat,schedule,1051,261396,0.0,22.63,26.25,26.35,
BOOST_NEGPULSE_1S,10-BOOST CHARGING WITH NEGATIVE PULSES_1s_PERIOD_protocol.zip,05-07-23_16.48_BCNP1s_protocol_halfC_0.5C_dchg_(a1)_IN21700_30T_cycle_#1052.mat,halfC,1052,6134,0.0,24.55,25.47,25.77,
BOOST_NEGPULSE_1S,10-BOOST CHARGING WITH NEGATIVE PULSES_1s_PERIOD_protocol.zip,05-07-23_16.48_BCNP1s_protocol_halfC_CAP_(a1)_forexcel_cycle_#1052.mat,CAP,1052,0,1.0,,,,read:KeyError
BOOST_NEGPULSE_1S,10-BOOST CHARGING WITH NEGATIVE PULSES_1s_PERIOD_protocol.zip,05-07-23_20.11_BCNP1s_protocol_halfC_0.5C_dchg_(a2)_IN21700_30T_cycle_#1053.mat,halfC,1053,5975,0.0,24.55,25.41,25.72,
BOOST_NEGPULSE_1S,10-BOOST CHARGING WITH NEGATIVE PULSES_1s_PERIOD_protocol.zip,05-07-23_20.11_BCNP1s_protocol_halfC_CAP_(a2)_forexcel_cycle_#1053.mat,CAP,1053,0,1.0,,,,read:KeyError
BOOST_NEGPULSE_1S,10-BOOST CHARGING WITH NEGATIVE PULSES_1s_PERIOD_protocol.zip,05-07-23_22.06_BCNP1s_protocol_ONE_C_charge_IN21700_30T_cycle_#1053.mat,other,1053,259,0.0,24.75,26.91,25.22,
BOOST_NEGPULSE_1S,10-BOOST CHARGING WITH NEGATIVE PULSES_1s_PERIOD_protocol.zip,05-07-23_23.33_BCNP1s_protocol_OneC_1C_dchg_IN21700_30T_cycle_#1054.mat,other,1054,2951,0.0,24.58,26.39,26.78,
BOOST_NEGPULSE_1S,10-BOOST CHARGING WITH NEGATIVE PULSES_1s_PERIOD_protocol.zip,05-08-23_02.03_BCNP1s_protocol_TwoC_2C_dchg_IN21700_30T_cycle_#1055.mat,other,1055,1462,0.0,24.68,29.12,29.74,
BOOST_NEGPULSE_1S,10-BOOST CHARGING WITH NEGATIVE PULSES_1s_PERIOD_protocol.zip,05-08-23_04.09_BCNP1s_protocol_HPPC_IN21700_30T_cycle_#1056.mat,HPPC,1056,34692,0.0,24.29,25.4,25.36,
BOOST_NEGPULSE_1S,10-BOOST CHARGING WITH NEGATIVE PULSES_1s_PERIOD_protocol.zip,05-09-23_10.11_BCNP1s_protocol_tenpercent_chg_a_IN21700_30T_cycle_#1056.mat,other,1056,899,0.0,24.69,25.32,25.32,
BOOST_NEGPULSE_1S,10-BOOST CHARGING WITH NEGATIVE PULSES_1s_PERIOD_protocol.zip,05-09-23_10.36_BCNP1s_protocol_FastCharge_IN21700_30T_cycle_#1056.mat,other,1056,4063,0.0,24.72,32.78,25.39,
BOOST_NEGPULSE_1S,10-BOOST CHARGING WITH NEGATIVE PULSES_1s_PERIOD_protocol.zip,05-09-23_10.58_BCNP1s_protocol__Fifteen_Drive_Cycles_set_IN21700_30T_cycle_#1057_to_1071.mat,drive,1057,85969,0.0,24.27,26.6,26.66,
BOOST_NEGPULSE_1S,10-BOOST CHARGING WITH NEGATIVE PULSES_1s_PERIOD_protocol.zip,05-10-23_12.24_BCNP1s_protocol_halfC_0.5C_dchg_(b1)_IN21700_30T_cycle_#1072.mat,halfC,1072,6022,0.0,24.59,25.39,25.7,
BOOST_NEGPULSE_1S,10-BOOST CHARGING WITH NEGATIVE PULSES_1s_PERIOD_protocol.zip,05-10-23_12.24_BCNP1s_protocol_halfC_CAP_(b1)_forexcel_cycle_#1072.mat,CAP,1072,0,1.0,,,,read:KeyError
BOOST_NEGPULSE_1S,10-BOOST CHARGING WITH NEGATIVE PULSES_1s_PERIOD_protocol.zip,05-10-23_15.42_BCNP1s_protocol_halfC_0.5C_dchg_(b2)_IN21700_30T_cycle_#1073.mat,halfC,1073,6022,0.0,24.61,25.39,25.69,
BOOST_NEGPULSE_1S,10-BOOST CHARGING WITH NEGATIVE PULSES_1s_PERIOD_protocol.zip,05-10-23_15.42_BCNP1s_protocol_halfC_CAP_(b2)_forexcel_cycle_#1073.mat,CAP,1073,0,1.0,,,,read:KeyError
BOOST_NEGPULSE_1S,10-BOOST CHARGING WITH NEGATIVE PULSES_1s_PERIOD_protocol.zip,05-10-23_18.11_BCNP1s_protocol__Fifteen_Drive_Cycles_set_IN21700_30T_cycle_#1074_to_1088.mat,drive,1074,86607,0.0,24.48,26.64,26.68,
BOOST_NEGPULSE_1S,10-BOOST CHARGING WITH NEGATIVE PULSES_1s_PERIOD_protocol.zip,05-19-23_10.13_BCNP1s_protocol_whole_Schedule_IN21700_30T_cycle_#1089_week#30.mat,schedule,1089,259195,0.0,22.93,26.26,26.38,
BOOST_NEGPULSE_1S,10-BOOST CHARGING WITH NEGATIVE PULSES_1s_PERIOD_protocol.zip,05-19-23_10.52_BCNP1s_protocol_halfC_0.5C_dchg_(a1)_IN21700_30T_cycle_#1089.mat,halfC,1089,6044,0.0,24.53,25.47,25.75,
BOOST_NEGPULSE_1S,10-BOOST CHARGING WITH NEGATIVE PULSES_1s_PERIOD_protocol.zip,05-19-23_10.52_BCNP1s_protocol_halfC_CAP_(a1)_forexcel_cycle_#1089.mat,CAP,1089,0,1.0,,,,read:KeyError
BOOST_NEGPULSE_1S,10-BOOST CHARGING WITH NEGATIVE PULSES_1s_PERIOD_protocol.zip,05-19-23_14.14_BCNP1s_protocol_halfC_0.5C_dchg_(a2)_IN21700_30T_cycle_#1090.mat,halfC,1090,5890,0.0,24.58,25.38,25.68,
BOOST_NEGPULSE_1S,10-BOOST CHARGING WITH NEGATIVE PULSES_1s_PERIOD_protocol.zip,05-19-23_14.14_BCNP1s_protocol_halfC_CAP_(a2)_forexcel_cycle_#1090.mat,CAP,1090,0,1.0,,,,read:KeyError
BOOST_NEGPULSE_1S,10-BOOST CHARGING WITH NEGATIVE PULSES_1s_PERIOD_protocol.zip,05-19-23_16.07_BCNP1s_protocol_ONE_C_charge_IN21700_30T_cycle_#1090.mat,other,1090,254,0.0,24.66,26.94,25.1,
BOOST_NEGPULSE_1S,10-BOOST CHARGING WITH NEGATIVE PULSES_1s_PERIOD_protocol.zip,05-19-23_17.34_BCNP1s_protocol_OneC_1C_dchg_IN21700_30T_cycle_#1091.mat,other,1091,2908,0.0,24.56,26.38,26.73,
BOOST_NEGPULSE_1S,10-BOOST CHARGING WITH NEGATIVE PULSES_1s_PERIOD_protocol.zip,05-19-23_20.04_BCNP1s_protocol_TwoC_2C_dchg_IN21700_30T_cycle_#1092.mat,other,1092,1441,0.0,24.55,29.21,29.84,
BOOST_NEGPULSE_1S,10-BOOST CHARGING WITH NEGATIVE PULSES_1s_PERIOD_protocol.zip,05-19-23_22.10_BCNP1s_protocol_HPPC_IN21700_30T_cycle_#1093.mat,HPPC,1093,34697,0.0,24.34,25.37,25.34,
BOOST_NEGPULSE_1S,10-BOOST CHARGING WITH NEGATIVE PULSES_1s_PERIOD_protocol.zip,05-21-23_04.12_BCNP1s_protocol_tenpercent_chg_a_IN21700_30T_cycle_#1093.mat,other,1093,886,0.0,24.62,25.3,25.3,
BOOST_NEGPULSE_1S,10-BOOST CHARGING WITH NEGATIVE PULSES_1s_PERIOD_protocol.zip,05-21-23_04.37_BCNP1s_protocol_FastCharge_IN21700_30T_cycle_#1093.mat,other,1093,4016,0.0,24.67,32.81,25.12,
BOOST_NEGPULSE_1S,10-BOOST CHARGING WITH NEGATIVE PULSES_1s_PERIOD_protocol.zip,05-21-23_04.59_BCNP1s_protocol__Fifteen_Drive_Cycles_set_IN21700_30T_cycle_#1094_to_1108.mat,drive,1094,84895,0.0,24.44,26.67,26.75,
BOOST_NEGPULSE_1S,10-BOOST CHARGING WITH NEGATIVE PULSES_1s_PERIOD_protocol.zip,05-22-23_06.08_BCNP1s_protocol_halfC_0.5C_dchg_(b1)_IN21700_30T_cycle_#1109.mat,halfC,1109,5959,0.0,24.51,25.4,25.7,
BOOST_NEGPULSE_1S,10-BOOST CHARGING WITH NEGATIVE PULSES_1s_PERIOD_protocol.zip,05-22-23_06.08_BCNP1s_protocol_halfC_CAP_(b1)_forexcel_cycle_#1109.mat,CAP,1109,0,1.0,,,,read:KeyError
BOOST_NEGPULSE_1S,10-BOOST CHARGING WITH NEGATIVE PULSES_1s_PERIOD_protocol.zip,05-22-23_09.26_BCNP1s_protocol_halfC_0.5C_dchg_(b2)_IN21700_30T_cycle_#1110.mat,halfC,1110,5960,0.0,24.55,25.38,25.69,
BOOST_NEGPULSE_1S,10-BOOST CHARGING WITH NEGATIVE PULSES_1s_PERIOD_protocol.zip,05-22-23_09.26_BCNP1s_protocol_halfC_CAP_(b2)_forexcel_cycle_#1110.mat,CAP,1110,0,1.0,,,,read:KeyError
BOOST_NEGPULSE_1S,10-BOOST CHARGING WITH NEGATIVE PULSES_1s_PERIOD_protocol.zip,05-22-23_11.52_BCNP1s_protocol__Fifteen_Drive_Cycles_set_IN21700_30T_cycle_#1111_to_1125.mat,drive,1111,85874,0.0,24.4,26.66,26.72,
BOOST_NEGPULSE_1S,10-BOOST CHARGING WITH NEGATIVE PULSES_1s_PERIOD_protocol.zip,05-24-23_11.37_BCNP1s_protocol_whole_Schedule_IN21700_30T_cycle_#1126_week#31.mat,schedule,1126,258722,0.0,22.32,26.32,26.44,
BOOST_NEGPULSE_1S,10-BOOST CHARGING WITH NEGATIVE PULSES_1s_PERIOD_protocol.zip,05-24-23_12.14_BCNP1s_protocol_halfC_0.5C_dchg_(a1)_IN21700_30T_cycle_#1127.mat,halfC,1127,6060,0.0,24.49,25.43,25.74,
BOOST_NEGPULSE_1S,10-BOOST CHARGING WITH NEGATIVE PULSES_1s_PERIOD_protocol.zip,05-24-23_12.14_BCNP1s_protocol_halfC_CAP_(a1)_forexcel_cycle_#1127.mat,CAP,1127,0,1.0,,,,read:KeyError
BOOST_NEGPULSE_1S,10-BOOST CHARGING WITH NEGATIVE PULSES_1s_PERIOD_protocol.zip,05-24-23_15.38_BCNP1s_protocol_halfC_0.5C_dchg_(a2)_IN21700_30T_cycle_#1128.mat,halfC,1128,5904,0.0,24.52,25.36,25.65,
BOOST_NEGPULSE_1S,10-BOOST CHARGING WITH NEGATIVE PULSES_1s_PERIOD_protocol.zip,05-24-23_15.38_BCNP1s_protocol_halfC_CAP_(a2)_forexcel_cycle_#1128.mat,CAP,1128,0,1.0,,,,read:KeyError
BOOST_NEGPULSE_1S,10-BOOST CHARGING WITH NEGATIVE PULSES_1s_PERIOD_protocol.zip,05-24-23_17.32_BCNP1s_protocol_ONE_C_charge_IN21700_30T_cycle_#1128.mat,other,1128,253,0.0,24.62,26.91,25.1,
BOOST_NEGPULSE_1S,10-BOOST CHARGING WITH NEGATIVE PULSES_1s_PERIOD_protocol.zip,05-24-23_19.00_BCNP1s_protocol_OneC_1C_dchg_IN21700_30T_cycle_#1129.mat,other,1129,2914,0.0,24.53,26.41,26.78,
BOOST_NEGPULSE_1S,10-BOOST CHARGING WITH NEGATIVE PULSES_1s_PERIOD_protocol.zip,05-24-23_21.31_BCNP1s_protocol_TwoC_2C_dchg_IN21700_30T_cycle_#1130.mat,other,1130,1443,0.0,24.54,29.24,29.9,
BOOST_NEGPULSE_1S,10-BOOST CHARGING WITH NEGATIVE PULSES_1s_PERIOD_protocol.zip,05-24-23_23.38_BCNP1s_protocol_HPPC_IN21700_30T_cycle_#1131.mat,HPPC,1131,34629,0.0,24.38,25.38,25.32,
BOOST_NEGPULSE_1S,10-BOOST CHARGING WITH NEGATIVE PULSES_1s_PERIOD_protocol.zip,05-26-23_05.39_BCNP1s_protocol_tenpercent_chg_a_IN21700_30T_cycle_#1131.mat,other,1131,888,0.0,24.62,25.28,25.28,
BOOST_NEGPULSE_1S,10-BOOST CHARGING WITH NEGATIVE PULSES_1s_PERIOD_protocol.zip,05-26-23_06.04_BCNP1s_protocol_FastCharge_IN21700_30T_cycle_#1131.mat,other,1131,3995,0.0,24.82,32.99,25.58,
BOOST_NEGPULSE_1S,10-BOOST CHARGING WITH NEGATIVE PULSES_1s_PERIOD_protocol.zip,05-26-23_06.26_BCNP1s_protocol__Fifteen_Drive_Cycles_set_IN21700_30T_cycle_#1132_to_1146.mat,drive,1132,84883,0.0,24.48,26.74,26.83,
BOOST_NEGPULSE_1S,10-BOOST CHARGING WITH NEGATIVE PULSES_1s_PERIOD_protocol.zip,05-27-23_07.36_BCNP1s_protocol_halfC_0.5C_dchg_(b1)_IN21700_30T_cycle_#1147.mat,halfC,1147,5943,0.0,24.64,25.43,25.71,
BOOST_NEGPULSE_1S,10-BOOST CHARGING WITH NEGATIVE PULSES_1s_PERIOD_protocol.zip,05-27-23_07.36_BCNP1s_protocol_halfC_CAP_(b1)_forexcel_cycle_#1147.mat,CAP,1147,0,1.0,,,,read:KeyError
BOOST_NEGPULSE_1S,10-BOOST CHARGING WITH NEGATIVE PULSES_1s_PERIOD_protocol.zip,05-27-23_10.54_BCNP1s_protocol_halfC_0.5C_dchg_(b2)_IN21700_30T_cycle_#1148.mat,halfC,1148,5942,0.0,24.59,25.44,25.7,
BOOST_NEGPULSE_1S,10-BOOST CHARGING WITH NEGATIVE PULSES_1s_PERIOD_protocol.zip,05-27-23_10.54_BCNP1s_protocol_halfC_CAP_(b2)_forexcel_cycle_#1148.mat,CAP,1148,0,1.0,,,,read:KeyError
BOOST_NEGPULSE_1S,10-BOOST CHARGING WITH NEGATIVE PULSES_1s_PERIOD_protocol.zip,05-27-23_13.20_BCNP1s_protocol__Fifteen_Drive_Cycles_set_IN21700_30T_cycle_#1149_to_1163.mat,drive,1149,85448,0.0,24.46,26.74,26.8,
BOOST_NEGPULSE_1S,10-BOOST CHARGING WITH NEGATIVE PULSES_1s_PERIOD_protocol.zip,05-30-23_08.16_BCNP1s_protocol_whole_Schedule_IN21700_30T_cycle_#1164_week#32.mat,schedule,1164,257253,0.0,22.55,26.39,26.52,
BOOST_NEGPULSE_1S,10-BOOST CHARGING WITH NEGATIVE PULSES_1s_PERIOD_protocol.zip,05-30-23_08.55_BCNP1s_protocol_halfC_0.5C_dchg_(a1)_IN21700_30T_cycle_#1164.mat,halfC,1164,6028,0.0,24.48,25.5,25.82,
BOOST_NEGPULSE_1S,10-BOOST CHARGING WITH NEGATIVE PULSES_1s_PERIOD_protocol.zip,05-30-23_08.55_BCNP1s_protocol_halfC_CAP_(a1)_forexcel_cycle_#1164.mat,CAP,1164,0,1.0,,,,read:KeyError
BOOST_NEGPULSE_1S,10-BOOST CHARGING WITH NEGATIVE PULSES_1s_PERIOD_protocol.zip,05-30-23_12.19_BCNP1s_protocol_halfC_0.5C_dchg_(a2)_IN21700_30T_cycle_#1165.mat,halfC,1165,5864,0.0,24.55,25.42,25.72,
BOOST_NEGPULSE_1S,10-BOOST CHARGING WITH NEGATIVE PULSES_1s_PERIOD_protocol.zip,05-30-23_12.19_BCNP1s_protocol_halfC_CAP_(a2)_forexcel_cycle_#1165.mat,CAP,1165,0,1.0,,,,read:KeyError
BOOST_NEGPULSE_1S,10-BOOST CHARGING WITH NEGATIVE PULSES_1s_PERIOD_protocol.zip,05-30-23_14.11_BCNP1s_protocol_ONE_C_charge_IN21700_30T_cycle_#1165.mat,other,1165,250,0.0,24.85,26.93,25.25,
BOOST_NEGPULSE_1S,10-BOOST CHARGING WITH NEGATIVE PULSES_1s_PERIOD_protocol.zip,05-30-23_15.40_BCNP1s_protocol_OneC_1C_dchg_IN21700_30T_cycle_#1166.mat,other,1166,2896,0.0,24.61,26.5,26.9,
BOOST_NEGPULSE_1S,10-BOOST CHARGING WITH NEGATIVE PULSES_1s_PERIOD_protocol.zip,05-30-23_18.12_BCNP1s_protocol_TwoC_2C_dchg_IN21700_30T_cycle_#1167.mat,other,1167,1433,0.0,24.57,29.4,30.09,
BOOST_NEGPULSE_1S,10-BOOST CHARGING WITH NEGATIVE PULSES_1s_PERIOD_protocol.zip,05-30-23_20.20_BCNP1s_protocol_HPPC_IN21700_30T_cycle_#1168.mat,HPPC,1168,34597,0.0,24.35,25.4,25.35,
BOOST_NEGPULSE_1S,10-BOOST CHARGING WITH NEGATIVE PULSES_1s_PERIOD_protocol.zip,06-01-23_02.20_BCNP1s_protocol_tenpercent_chg_a_IN21700_30T_cycle_#1168.mat,other,1168,882,0.0,24.66,25.32,25.32,
BOOST_NEGPULSE_1S,10-BOOST CHARGING WITH NEGATIVE PULSES_1s_PERIOD_protocol.zip,06-01-23_02.45_BCNP1s_protocol_FastCharge_IN21700_30T_cycle_#1168.mat,other,1168,3926,0.0,24.6,33.15,25.28,
BOOST_NEGPULSE_1S,10-BOOST CHARGING WITH NEGATIVE PULSES_1s_PERIOD_protocol.zip,06-01-23_03.07_BCNP1s_protocol__Fifteen_Drive_Cycles_set_IN21700_30T_cycle_#1169_to_1183.mat,drive,1169,84120,0.0,24.54,26.84,26.93,
BOOST_NEGPULSE_1S,10-BOOST CHARGING WITH NEGATIVE PULSES_1s_PERIOD_protocol.zip,06-02-23_04.05_BCNP1s_protocol_halfC_0.5C_dchg_(b1)_IN21700_30T_cycle_#1184.mat,halfC,1184,5910,0.0,24.59,25.52,25.84,
BOOST_NEGPULSE_1S,10-BOOST CHARGING WITH NEGATIVE PULSES_1s_PERIOD_protocol.zip,06-02-23_04.05_BCNP1s_protocol_halfC_CAP_(b1)_forexcel_cycle_#1184.mat,CAP,1184,0,1.0,,,,read:KeyError
BOOST_NEGPULSE_1S,10-BOOST CHARGING WITH NEGATIVE PULSES_1s_PERIOD_protocol.zip,06-02-23_07.24_BCNP1s_protocol_halfC_0.5C_dchg_(b2)_IN21700_30T_cycle_#1185.mat,halfC,1185,5908,0.0,24.63,25.47,25.85,
BOOST_NEGPULSE_1S,10-BOOST CHARGING WITH NEGATIVE PULSES_1s_PERIOD_protocol.zip,06-02-23_07.24_BCNP1s_protocol_halfC_CAP_(b2)_forexcel_cycle_#1185.mat,CAP,1185,0,1.0,,,,read:KeyError
BOOST_NEGPULSE_1S,10-BOOST CHARGING WITH NEGATIVE PULSES_1s_PERIOD_protocol.zip,06-02-23_09.49_BCNP1s_protocol__Fifteen_Drive_Cycles_set_IN21700_30T_cycle_#1186_to_1200.mat,drive,1186,84944,0.0,24.49,26.81,26.87,
BOOST_NEGPULSE_1S,10-BOOST CHARGING WITH NEGATIVE PULSES_1s_PERIOD_protocol.zip,06-05-23_18.40_BCNP1s_protocol_whole_Schedule_IN21700_30T_cycle_#1201_week#33.mat,schedule,1201,255468,0.0,23.14,26.47,26.64,
BOOST_NEGPULSE_1S,10-BOOST CHARGING WITH NEGATIVE PULSES_1s_PERIOD_protocol.zip,06-05-23_19.19_BCNP1s_protocol_halfC_0.5C_dchg_(a1)_IN21700_30T_cycle_#1202.mat,halfC,1202,5991,0.0,24.5,25.57,25.9,
BOOST_NEGPULSE_1S,10-BOOST CHARGING WITH NEGATIVE PULSES_1s_PERIOD_protocol.zip,06-05-23_19.19_BCNP1s_protocol_halfC_CAP_(a1)_forexcel_cycle_#1202.mat,CAP,1202,0,1.0,,,,read:KeyError
BOOST_NEGPULSE_1S,10-BOOST CHARGING WITH NEGATIVE PULSES_1s_PERIOD_protocol.zip,06-05-23_22.43_BCNP1s_protocol_halfC_0.5C_dchg_(a2)_IN21700_30T_cycle_#1203.mat,halfC,1203,5821,0.0,24.64,25.54,25.89,
BOOST_NEGPULSE_1S,10-BOOST CHARGING WITH NEGATIVE PULSES_1s_PERIOD_protocol.zip,06-05-23_22.43_BCNP1s_protocol_halfC_CAP_(a2)_forexcel_cycle_#1203.mat,CAP,1203,0,1.0,,,,read:KeyError
BOOST_NEGPULSE_1S,10-BOOST CHARGING WITH NEGATIVE PULSES_1s_PERIOD_protocol.zip,06-06-23_00.35_BCNP1s_protocol_ONE_C_charge_IN21700_30T_cycle_#1203.mat,other,1203,247,0.0,24.83,27.16,25.19,
BOOST_NEGPULSE_1S,10-BOOST CHARGING WITH NEGATIVE PULSES_1s_PERIOD_protocol.zip,06-06-23_02.05_BCNP1s_protocol_OneC_1C_dchg_IN21700_30T_cycle_#1204.mat,other,1204,2872,0.0,24.63,26.73,27.09,
BOOST_NEGPULSE_1S,10-BOOST CHARGING WITH NEGATIVE PULSES_1s_PERIOD_protocol.zip,06-06-23_04.37_BCNP1s_protocol_TwoC_2C_dchg_IN21700_30T_cycle_#1205.mat,other,1205,1423,0.0,24.63,29.64,30.32,
BOOST_NEGPULSE_1S,10-BOOST CHARGING WITH NEGATIVE PULSES_1s_PERIOD_protocol.zip,06-06-23_06.45_BCNP1s_protocol_HPPC_IN21700_30T_cycle_#1206.mat,HPPC,1206,34528,0.0,24.41,25.46,25.41,
BOOST_NEGPULSE_1S,10-BOOST CHARGING WITH NEGATIVE PULSES_1s_PERIOD_protocol.zip,06-07-23_12.45_BCNP1s_protocol_tenpercent_chg_a_IN21700_30T_cycle_#1206.mat,other,1206,875,0.0,24.69,25.36,25.36,
BOOST_NEGPULSE_1S,10-BOOST CHARGING WITH NEGATIVE PULSES_1s_PERIOD_protocol.zip,06-07-23_13.10_BCNP1s_protocol_FastCharge_IN21700_30T_cycle_#1206.mat,other,1206,3876,0.0,24.68,33.34,25.19,
BOOST_NEGPULSE_1S,10-BOOST CHARGING WITH NEGATIVE PULSES_1s_PERIOD_protocol.zip,06-07-23_13.32_BCNP1s_protocol__Fifteen_Drive_Cycles_set_IN21700_30T_cycle_#1207_to_1221.mat,drive,1207,83432,0.0,24.51,26.95,27.09,
BOOST_NEGPULSE_1S,10-BOOST CHARGING WITH NEGATIVE PULSES_1s_PERIOD_protocol.zip,06-08-23_14.19_BCNP1s_protocol_halfC_0.5C_dchg_(b1)_IN21700_30T_cycle_#1222.mat,halfC,1222,5871,0.0,24.62,25.57,25.91,
BOOST_NEGPULSE_1S,10-BOOST CHARGING WITH NEGATIVE PULSES_1s_PERIOD_protocol.zip,06-08-23_14.19_BCNP1s_protocol_halfC_CAP_(b1)_forexcel_cycle_#1222.mat,CAP,1222,0,1.0,,,,read:KeyError
BOOST_NEGPULSE_1S,10-BOOST CHARGING WITH NEGATIVE PULSES_1s_PERIOD_protocol.zip,06-08-23_17.38_BCNP1s_protocol_halfC_0.5C_dchg_(b2)_IN21700_30T_cycle_#1223.mat,halfC,1223,5869,0.0,24.61,25.53,25.86,
BOOST_NEGPULSE_1S,10-BOOST CHARGING WITH NEGATIVE PULSES_1s_PERIOD_protocol.zip,06-08-23_17.38_BCNP1s_protocol_halfC_CAP_(b2)_forexcel_cycle_#1223.mat,CAP,1223,0,1.0,,,,read:KeyError
BOOST_NEGPULSE_1S,10-BOOST CHARGING WITH NEGATIVE PULSES_1s_PERIOD_protocol.zip,06-08-23_20.03_BCNP1s_protocol__Fifteen_Drive_Cycles_set_IN21700_30T_cycle_#1224_to_1238.mat,drive,1224,84210,0.0,24.45,26.93,27.02,
BOOST_NEGPULSE_1S,10-BOOST CHARGING WITH NEGATIVE PULSES_1s_PERIOD_protocol.zip,06-12-23_15.03_BCNP1s_protocol_whole_Schedule_IN21700_30T_cycle_#1239_week#34.mat,schedule,1239,254066,0.0,22.62,26.52,26.72,
BOOST_NEGPULSE_1S,10-BOOST CHARGING WITH NEGATIVE PULSES_1s_PERIOD_protocol.zip,06-12-23_15.43_BCNP1s_protocol_halfC_0.5C_dchg_(a1)_IN21700_30T_cycle_#1239.mat,halfC,1239,5952,0.0,24.62,25.68,26.04,
BOOST_NEGPULSE_1S,10-BOOST CHARGING WITH NEGATIVE PULSES_1s_PERIOD_protocol.zip,06-12-23_15.43_BCNP1s_protocol_halfC_CAP_(a1)_forexcel_cycle_#1239.mat,CAP,1239,0,1.0,,,,read:KeyError
BOOST_NEGPULSE_1S,10-BOOST CHARGING WITH NEGATIVE PULSES_1s_PERIOD_protocol.zip,06-12-23_19.07_BCNP1s_protocol_halfC_0.5C_dchg_(a2)_IN21700_30T_cycle_#1240.mat,halfC,1240,5777,0.0,24.61,25.55,25.86,
BOOST_NEGPULSE_1S,10-BOOST CHARGING WITH NEGATIVE PULSES_1s_PERIOD_protocol.zip,06-12-23_19.07_BCNP1s_protocol_halfC_CAP_(a2)_forexcel_cycle_#1240.mat,CAP,1240,0,1.0,,,,read:KeyError
BOOST_NEGPULSE_1S,10-BOOST CHARGING WITH NEGATIVE PULSES_1s_PERIOD_protocol.zip,06-12-23_20.59_BCNP1s_protocol_ONE_C_charge_IN21700_30T_cycle_#1240.mat,other,1240,244,0.0,24.8,27.16,25.28,
BOOST_NEGPULSE_1S,10-BOOST CHARGING WITH NEGATIVE PULSES_1s_PERIOD_protocol.zip,06-12-23_22.29_BCNP1s_protocol_OneC_1C_dchg_IN21700_30T_cycle_#1241.mat,other,1241,2849,0.0,24.69,26.73,27.19,
BOOST_NEGPULSE_1S,10-BOOST CHARGING WITH NEGATIVE PULSES_1s_PERIOD_protocol.zip,06-13-23_01.01_BCNP1s_protocol_TwoC_2C_dchg_IN21700_30T_cycle_#1242.mat,other,1242,1412,0.0,24.65,29.83,30.55,
BOOST_NEGPULSE_1S,10-BOOST CHARGING WITH NEGATIVE PULSES_1s_PERIOD_protocol.zip,06-13-23_03.10_BCNP1s_protocol_HPPC_IN21700_30T_cycle_#1243.mat,HPPC,1243,34518,0.0,24.47,25.49,25.42,
BOOST_NEGPULSE_1S,10-BOOST CHARGING WITH NEGATIVE PULSES_1s_PERIOD_protocol.zip,06-14-23_09.10_BCNP1s_protocol_tenpercent_chg_a_IN21700_30T_cycle_#1243.mat,other,1243,869,0.0,24.69,25.35,25.35,
BOOST_NEGPULSE_1S,10-BOOST CHARGING WITH NEGATIVE PULSES_1s_PERIOD_protocol.zip,06-14-23_09.35_BCNP1s_protocol_FastCharge_IN21700_30T_cycle_#1243.mat,other,1243,3813,0.0,24.71,33.52,25.47,
BOOST_NEGPULSE_1S,10-BOOST CHARGING WITH NEGATIVE PULSES_1s_PERIOD_protocol.zip,06-14-23_09.57_BCNP1s_protocol__Fifteen_Drive_Cycles_set_IN21700_30T_cycle_#1244_to_1258.mat,drive,1244,82791,0.0,24.56,27.07,27.21,
BOOST_NEGPULSE_1S,10-BOOST CHARGING WITH NEGATIVE PULSES_1s_PERIOD_protocol.zip,06-15-23_10.34_BCNP1s_protocol_halfC_0.5C_dchg_(b1)_IN21700_30T_cycle_#1259.mat,halfC,1259,5831,0.0,24.67,25.55,25.86,
BOOST_NEGPULSE_1S,10-BOOST CHARGING WITH NEGATIVE PULSES_1s_PERIOD_protocol.zip,06-15-23_10.34_BCNP1s_protocol_halfC_CAP_(b1)_forexcel_cycle_#1259.mat,CAP,1259,0,1.0,,,,read:KeyError
BOOST_NEGPULSE_1S,10-BOOST CHARGING WITH NEGATIVE PULSES_1s_PERIOD_protocol.zip,06-15-23_13.53_BCNP1s_protocol_halfC_0.5C_dchg_(b2)_IN21700_30T_cycle_#1260.mat,halfC,1260,5828,0.0,24.5,25.53,25.87,
BOOST_NEGPULSE_1S,10-BOOST CHARGING WITH NEGATIVE PULSES_1s_PERIOD_protocol.zip,06-15-23_13.53_BCNP1s_protocol_halfC_CAP_(b2)_forexcel_cycle_#1260.mat,CAP,1260,0,1.0,,,,read:KeyError
BOOST_NEGPULSE_1S,10-BOOST CHARGING WITH NEGATIVE PULSES_1s_PERIOD_protocol.zip,06-15-23_16.17_BCNP1s_protocol__Fifteen_Drive_Cycles_set_IN21700_30T_cycle_#1261_to_1275.mat,drive,1261,83529,0.0,22.62,27.0,27.11,
BOOST_NEGPULSE_1S,10-BOOST CHARGING WITH NEGATIVE PULSES_1s_PERIOD_protocol.zip,06-18-23_07.35_BCNP1s_protocol_whole_Schedule_IN21700_30T_cycle_#1276_week#35.mat,schedule,1276,252897,0.0,22.52,26.52,26.74,
BOOST_NEGPULSE_1S,10-BOOST CHARGING WITH NEGATIVE PULSES_1s_PERIOD_protocol.zip,06-18-23_08.15_BCNP1s_protocol_halfC_0.5C_dchg_(a1)_IN21700_30T_cycle_#1277.mat,halfC,1277,5937,0.0,24.55,25.61,25.98,
BOOST_NEGPULSE_1S,10-BOOST CHARGING WITH NEGATIVE PULSES_1s_PERIOD_protocol.zip,06-18-23_08.15_BCNP1s_protocol_halfC_CAP_(a1)_forexcel_cycle_#1277.mat,CAP,1277,0,1.0,,,,read:KeyError
BOOST_NEGPULSE_1S,10-BOOST CHARGING WITH NEGATIVE PULSES_1s_PERIOD_protocol.zip,06-18-23_11.40_BCNP1s_protocol_halfC_0.5C_dchg_(a2)_IN21700_30T_cycle_#1278.mat,halfC,1278,5760,0.0,24.66,25.53,25.8,
BOOST_NEGPULSE_1S,10-BOOST CHARGING WITH NEGATIVE PULSES_1s_PERIOD_protocol.zip,06-18-23_11.40_BCNP1s_protocol_halfC_CAP_(a2)_forexcel_cycle_#1278.mat,CAP,1278,0,1.0,,,,read:KeyError
BOOST_NEGPULSE_1S,10-BOOST CHARGING WITH NEGATIVE PULSES_1s_PERIOD_protocol.zip,06-18-23_13.31_BCNP1s_protocol_ONE_C_charge_IN21700_30T_cycle_#1278.mat,other,1278,241,0.0,24.73,27.14,25.14,
BOOST_NEGPULSE_1S,10-BOOST CHARGING WITH NEGATIVE PULSES_1s_PERIOD_protocol.zip,06-18-23_15.02_BCNP1s_protocol_OneC_1C_dchg_IN21700_30T_cycle_#1279.mat,other,1279,2840,0.0,24.6,26.79,27.22,
BOOST_NEGPULSE_1S,10-BOOST CHARGING WITH NEGATIVE PULSES_1s_PERIOD_protocol.zip,06-18-23_17.36_BCNP1s_protocol_TwoC_2C_dchg_IN21700_30T_cycle_#1280.mat,other,1280,1407,0.0,24.03,29.82,30.52,
BOOST_NEGPULSE_1S,10-BOOST CHARGING WITH NEGATIVE PULSES_1s_PERIOD_protocol.zip,06-18-23_19.45_BCNP1s_protocol_HPPC_IN21700_30T_cycle_#1281.mat,HPPC,1281,34498,0.0,23.34,25.44,25.38,
BOOST_NEGPULSE_1S,10-BOOST CHARGING WITH NEGATIVE PULSES_1s_PERIOD_protocol.zip,06-20-23_01.45_BCNP1s_protocol_tenpercent_chg_a_IN21700_30T_cycle_#1281.mat,other,1281,866,0.0,24.86,25.47,25.47,
BOOST_NEGPULSE_1S,10-BOOST CHARGING WITH NEGATIVE PULSES_1s_PERIOD_protocol.zip,06-20-23_02.09_BCNP1s_protocol_FastCharge_IN21700_30T_cycle_#1281.mat,other,1281,3765,0.0,24.73,33.68,25.42,
BOOST_NEGPULSE_1S,10-BOOST CHARGING WITH NEGATIVE PULSES_1s_PERIOD_protocol.zip,06-20-23_02.31_BCNP1s_protocol__Fifteen_Drive_Cycles_set_IN21700_30T_cycle_#1282_to_1296.mat,drive,1282,82200,0.0,24.43,27.07,27.24,
BOOST_NEGPULSE_1S,10-BOOST CHARGING WITH NEGATIVE PULSES_1s_PERIOD_protocol.zip,06-21-23_02.59_BCNP1s_protocol_halfC_0.5C_dchg_(b1)_IN21700_30T_cycle_#1297.mat,halfC,1297,5799,0.0,24.6,25.59,26.01,
BOOST_NEGPULSE_1S,10-BOOST CHARGING WITH NEGATIVE PULSES_1s_PERIOD_protocol.zip,06-21-23_02.59_BCNP1s_protocol_halfC_CAP_(b1)_forexcel_cycle_#1297.mat,CAP,1297,0,1.0,,,,read:KeyError
BOOST_NEGPULSE_1S,10-BOOST CHARGING WITH NEGATIVE PULSES_1s_PERIOD_protocol.zip,06-21-23_06.19_BCNP1s_protocol_halfC_0.5C_dchg_(b2)_IN21700_30T_cycle_#1298.mat,halfC,1298,5797,0.0,24.48,25.56,25.93,
BOOST_NEGPULSE_1S,10-BOOST CHARGING WITH NEGATIVE PULSES_1s_PERIOD_protocol.zip,06-21-23_06.19_BCNP1s_protocol_halfC_CAP_(b2)_forexcel_cycle_#1298.mat,CAP,1298,0,1.0,,,,read:KeyError
BOOST_NEGPULSE_1S,10-BOOST CHARGING WITH NEGATIVE PULSES_1s_PERIOD_protocol.zip,06-21-23_08.42_BCNP1s_protocol__Fifteen_Drive_Cycles_set_IN21700_30T_cycle_#1299_to_1313.mat,drive,1299,83001,0.0,22.52,27.05,27.2,
BOOST_NEGPULSE_1S,10-BOOST CHARGING WITH NEGATIVE PULSES_1s_PERIOD_protocol.zip,07-05-23_16.21_BCNP1s_protocol_whole_Schedule_IN21700_30T_cycle_#1314_week#36.mat,schedule,1314,247967,1.0,0.0,0.5,1.5,
BOOST_NEGPULSE_1S,10-BOOST CHARGING WITH NEGATIVE PULSES_1s_PERIOD_protocol.zip,07-07-23_17.19_BCNP1s_protocol_halfC_0.5C_dchg_(a1)_IN21700_30T_cycle_#1314.mat,halfC,1314,5822,1.0,,,,
BOOST_NEGPULSE_1S,10-BOOST CHARGING WITH NEGATIVE PULSES_1s_PERIOD_protocol.zip,07-07-23_17.19_BCNP1s_protocol_halfC_CAP_(a1)_forexcel_cycle_#1314.mat,CAP,1314,0,1.0,,,,read:KeyError
BOOST_NEGPULSE_1S,10-BOOST CHARGING WITH NEGATIVE PULSES_1s_PERIOD_protocol.zip,07-07-23_20.42_BCNP1s_protocol_halfC_0.5C_dchg_(a2)_IN21700_30T_cycle_#1315.mat,halfC,1315,5631,1.0,,,,
BOOST_NEGPULSE_1S,10-BOOST CHARGING WITH NEGATIVE PULSES_1s_PERIOD_protocol.zip,07-07-23_20.42_BCNP1s_protocol_halfC_CAP_(a2)_forexcel_cycle_#1315.mat,CAP,1315,0,1.0,,,,read:KeyError
BOOST_NEGPULSE_1S,10-BOOST CHARGING WITH NEGATIVE PULSES_1s_PERIOD_protocol.zip,07-07-23_22.31_BCNP1s_protocol_ONE_C_charge_IN21700_30T_cycle_#1315.mat,other,1315,234,0.0,24.84,27.17,25.15,
BOOST_NEGPULSE_1S,10-BOOST CHARGING WITH NEGATIVE PULSES_1s_PERIOD_protocol.zip,07-08-23_00.03_BCNP1s_protocol_OneC_1C_dchg_IN21700_30T_cycle_#1316.mat,other,1316,2780,1.0,,,,
BOOST_NEGPULSE_1S,10-BOOST CHARGING WITH NEGATIVE PULSES_1s_PERIOD_protocol.zip,07-08-23_02.35_BCNP1s_protocol_TwoC_2C_dchg_IN21700_30T_cycle_#1317.mat,other,1317,1377,1.0,,,,
BOOST_NEGPULSE_1S,10-BOOST CHARGING WITH NEGATIVE PULSES_1s_PERIOD_protocol.zip,07-08-23_04.44_BCNP1s_protocol_HPPC_IN21700_30T_cycle_#1318.mat,HPPC,1318,34507,1.0,,,,
BOOST_NEGPULSE_1S,10-BOOST CHARGING WITH NEGATIVE PULSES_1s_PERIOD_protocol.zip,07-09-23_10.45_BCNP1s_protocol_tenpercent_chg_a_IN21700_30T_cycle_#1318.mat,other,1318,848,1.0,,,,
BOOST_NEGPULSE_1S,10-BOOST CHARGING WITH NEGATIVE PULSES_1s_PERIOD_protocol.zip,07-09-23_11.09_BCNP1s_protocol_FastCharge_IN21700_30T_cycle_#1318.mat,other,1318,3666,1.0,,,,
BOOST_NEGPULSE_1S,10-BOOST CHARGING WITH NEGATIVE PULSES_1s_PERIOD_protocol.zip,07-09-23_11.31_BCNP1s_protocol__Fifteen_Drive_Cycles_set_IN21700_30T_cycle_#1319_to_1333.mat,drive,1319,79883,0.0,24.55,27.23,27.43,
BOOST_NEGPULSE_1S,10-BOOST CHARGING WITH NEGATIVE PULSES_1s_PERIOD_protocol.zip,07-10-23_11.21_BCNP1s_protocol_halfC_0.5C_dchg_(b1)_IN21700_30T_cycle_#1334.mat,halfC,1334,5711,1.0,,,,
BOOST_NEGPULSE_1S,10-BOOST CHARGING WITH NEGATIVE PULSES_1s_PERIOD_protocol.zip,07-10-23_11.21_BCNP1s_protocol_halfC_CAP_(b1)_forexcel_cycle_#1334.mat,CAP,1334,0,1.0,,,,read:KeyError
BOOST_NEGPULSE_1S,10-BOOST CHARGING WITH NEGATIVE PULSES_1s_PERIOD_protocol.zip,07-10-23_14.39_BCNP1s_protocol_halfC_0.5C_dchg_(b2)_IN21700_30T_cycle_#1335.mat,halfC,1335,5710,1.0,,,,
BOOST_NEGPULSE_1S,10-BOOST CHARGING WITH NEGATIVE PULSES_1s_PERIOD_protocol.zip,07-10-23_14.39_BCNP1s_protocol_halfC_CAP_(b2)_forexcel_cycle_#1335.mat,CAP,1335,0,1.0,,,,read:KeyError
BOOST_NEGPULSE_1S,10-BOOST CHARGING WITH NEGATIVE PULSES_1s_PERIOD_protocol.zip,07-10-23_17.01_BCNP1s_protocol__Fifteen_Drive_Cycles_set_IN21700_30T_cycle_#1336_to_1350.mat,drive,1336,81124,0.0,24.56,27.23,27.4,
BOOST_NEGPULSE_1S,10-BOOST CHARGING WITH NEGATIVE PULSES_1s_PERIOD_protocol.zip,07-13-23_16.44_BCNP1s_protocol_whole_Schedule_IN21700_30T_cycle_#1351_week#37.mat,schedule,1351,249794,0.0,23.29,26.7,26.98,
BOOST_NEGPULSE_1S,10-BOOST CHARGING WITH NEGATIVE PULSES_1s_PERIOD_protocol.zip,07-18-23_00.53_BCNP1s_protocol_halfC_0.5C_dchg_(a1)_IN21700_30T_cycle_#1352.mat,halfC,1352,5823,0.0,24.73,25.79,26.13,
BOOST_NEGPULSE_1S,10-BOOST CHARGING WITH NEGATIVE PULSES_1s_PERIOD_protocol.zip,07-18-23_00.53_BCNP1s_protocol_halfC_CAP_(a1)_forexcel_cycle_#1352.mat,CAP,1352,0,1.0,,,,read:KeyError
BOOST_NEGPULSE_1S,10-BOOST CHARGING WITH NEGATIVE PULSES_1s_PERIOD_protocol.zip,07-18-23_04.18_BCNP1s_protocol_halfC_0.5C_dchg_(a2)_IN21700_30T_cycle_#1353.mat,halfC,1353,5651,0.0,24.69,25.72,26.07,
BOOST_NEGPULSE_1S,10-BOOST CHARGING WITH NEGATIVE PULSES_1s_PERIOD_protocol.zip,07-18-23_04.18_BCNP1s_protocol_halfC_CAP_(a2)_forexcel_cycle_#1353.mat,CAP,1353,0,1.0,,,,read:KeyError
BOOST_NEGPULSE_1S,10-BOOST CHARGING WITH NEGATIVE PULSES_1s_PERIOD_protocol.zip,07-18-23_06.07_BCNP1s_protocol_ONE_C_charge_IN21700_30T_cycle_#1353.mat,other,1353,233,0.0,24.85,27.44,25.43,
BOOST_NEGPULSE_1S,10-BOOST CHARGING WITH NEGATIVE PULSES_1s_PERIOD_protocol.zip,07-18-23_07.41_BCNP1s_protocol_OneC_1C_dchg_IN21700_30T_cycle_#1354.mat,other,1354,2782,0.0,24.73,26.97,27.46,
BOOST_NEGPULSE_1S,10-BOOST CHARGING WITH NEGATIVE PULSES_1s_PERIOD_protocol.zip,07-18-23_10.14_BCNP1s_protocol_TwoC_2C_dchg_IN21700_30T_cycle_#1355.mat,other,1355,1380,0.0,24.71,30.28,30.95,
BOOST_NEGPULSE_1S,10-BOOST CHARGING WITH NEGATIVE PULSES_1s_PERIOD_protocol.zip,07-18-23_12.25_BCNP1s_protocol_HPPC_IN21700_30T_cycle_#1356.mat,HPPC,1356,34439,0.0,24.18,25.49,25.41,
BOOST_NEGPULSE_1S,10-BOOST CHARGING WITH NEGATIVE PULSES_1s_PERIOD_protocol.zip,07-19-23_18.24_BCNP1s_protocol_tenpercent_chg_a_IN21700_30T_cycle_#1356.mat,other,1356,850,0.0,24.66,25.44,25.44,
BOOST_NEGPULSE_1S,10-BOOST CHARGING WITH NEGATIVE PULSES_1s_PERIOD_protocol.zip,07-19-23_18.48_BCNP1s_protocol_FastCharge_IN21700_30T_cycle_#1356.mat,other,1356,3637,0.0,24.64,34.04,25.07,
BOOST_NEGPULSE_1S,10-BOOST CHARGING WITH NEGATIVE PULSES_1s_PERIOD_protocol.zip,07-19-23_19.10_BCNP1s_protocol__Fifteen_Drive_Cycles_set_IN21700_30T_cycle_#1357_to_1371.mat,drive,1357,79768,0.0,24.5,27.34,27.57,
BOOST_NEGPULSE_1S,10-BOOST CHARGING WITH NEGATIVE PULSES_1s_PERIOD_protocol.zip,07-20-23_18.59_BCNP1s_protocol_halfC_0.5C_dchg_(b1)_IN21700_30T_cycle_#1372.mat,halfC,1372,5685,0.0,24.62,25.65,25.89,
BOOST_NEGPULSE_1S,10-BOOST CHARGING WITH NEGATIVE PULSES_1s_PERIOD_protocol.zip,07-20-23_18.59_BCNP1s_protocol_halfC_CAP_(b1)_forexcel_cycle_#1372.mat,CAP,1372,0,1.0,,,,read:KeyError
BOOST_NEGPULSE_1S,10-BOOST CHARGING WITH NEGATIVE PULSES_1s_PERIOD_protocol.zip,07-20-23_22.19_BCNP1s_protocol_halfC_0.5C_dchg_(b2)_IN21700_30T_cycle_#1373.mat,halfC,1373,5683,0.0,24.6,25.73,26.1,
BOOST_NEGPULSE_1S,10-BOOST CHARGING WITH NEGATIVE PULSES_1s_PERIOD_protocol.zip,07-20-23_22.19_BCNP1s_protocol_halfC_CAP_(b2)_forexcel_cycle_#1373.mat,CAP,1373,0,1.0,,,,read:KeyError
BOOST_NEGPULSE_1S,10-BOOST CHARGING WITH NEGATIVE PULSES_1s_PERIOD_protocol.zip,07-21-23_00.40_BCNP1s_protocol__Fifteen_Drive_Cycles_set_IN21700_30T_cycle_#1374_to_1388.mat,drive,1374,80513,0.0,24.51,27.36,27.55,
BOOST_NEGPULSE_1S,10-BOOST CHARGING WITH NEGATIVE PULSES_1s_PERIOD_protocol.zip,07-23-23_11.30_BCNP1s_protocol_whole_Schedule_IN21700_30T_cycle_#1389_week#38.mat,schedule,1389,245609,0.0,22.72,26.79,27.1,
BOOST_NEGPULSE_1S,10-BOOST CHARGING WITH NEGATIVE PULSES_1s_PERIOD_protocol.zip,07-23-23_12.11_BCNP1s_protocol_halfC_0.5C_dchg_(a1)_IN21700_30T_cycle_#1389.mat,halfC,1389,5806,0.0,24.7,25.86,26.22,
BOOST_NEGPULSE_1S,10-BOOST CHARGING WITH NEGATIVE PULSES_1s_PERIOD_protocol.zip,07-23-23_12.11_BCNP1s_protocol_halfC_CAP_(a1)_forexcel_cycle_#1389.mat,CAP,1389,0,1.0,,,,read:KeyError
BOOST_NEGPULSE_1S,10-BOOST CHARGING WITH NEGATIVE PULSES_1s_PERIOD_protocol.zip,07-23-23_15.37_BCNP1s_protocol_halfC_0.5C_dchg_(a2)_IN21700_30T_cycle_#1390.mat,halfC,1390,5615,0.0,24.68,25.72,26.08,
BOOST_NEGPULSE_1S,10-BOOST CHARGING WITH NEGATIVE PULSES_1s_PERIOD_protocol.zip,07-23-23_15.37_BCNP1s_protocol_halfC_CAP_(a2)_forexcel_cycle_#1390.mat,CAP,1390,0,1.0,,,,read:KeyError
BOOST_NEGPULSE_1S,10-BOOST CHARGING WITH NEGATIVE PULSES_1s_PERIOD_protocol.zip,07-23-23_17.25_BCNP1s_protocol_ONE_C_charge_IN21700_30T_cycle_#1390.mat,other,1390,229,0.0,24.94,27.32,25.22,
BOOST_NEGPULSE_1S,10-BOOST CHARGING WITH NEGATIVE PULSES_1s_PERIOD_protocol.zip,07-23-23_19.00_BCNP1s_protocol_OneC_1C_dchg_IN21700_30T_cycle_#1391.mat,other,1391,2768,0.0,24.66,27.07,27.57,
BOOST_NEGPULSE_1S,10-BOOST CHARGING WITH NEGATIVE PULSES_1s_PERIOD_protocol.zip,07-23-23_21.35_BCNP1s_protocol_TwoC_2C_dchg_IN21700_30T_cycle_#1392.mat,other,1392,1374,0.0,25.08,30.42,31.15,
BOOST_NEGPULSE_1S,10-BOOST CHARGING WITH NEGATIVE PULSES_1s_PERIOD_protocol.zip,07-23-23_23.47_BCNP1s_protocol_HPPC_IN21700_30T_cycle_#1393.mat,HPPC,1393,34390,0.0,22.72,25.55,25.46,
BOOST_NEGPULSE_1S,10-BOOST CHARGING WITH NEGATIVE PULSES_1s_PERIOD_protocol.zip,07-25-23_05.45_BCNP1s_protocol_tenpercent_chg_a_IN21700_30T_cycle_#1393.mat,other,1393,845,0.0,24.75,25.42,25.42,
BOOST_NEGPULSE_1S,10-BOOST CHARGING WITH NEGATIVE PULSES_1s_PERIOD_protocol.zip,07-25-23_06.09_BCNP1s_protocol_FastCharge_IN21700_30T_cycle_#1393.mat,other,1393,3554,0.0,24.8,34.29,25.8,
BOOST_NEGPULSE_1S,10-BOOST CHARGING WITH NEGATIVE PULSES_1s_PERIOD_protocol.zip,07-25-23_06.31_BCNP1s_protocol__Fifteen_Drive_Cycles_set_IN21700_30T_cycle_#1394_to_1408.mat,drive,1394,78882,0.0,24.38,27.46,27.72,
BOOST_NEGPULSE_1S,10-BOOST CHARGING WITH NEGATIVE PULSES_1s_PERIOD_protocol.zip,07-26-23_06.07_BCNP1s_protocol_halfC_0.5C_dchg_(b1)_IN21700_30T_cycle_#1409.mat,halfC,1409,5653,0.0,24.65,25.73,26.1,
BOOST_NEGPULSE_1S,10-BOOST CHARGING WITH NEGATIVE PULSES_1s_PERIOD_protocol.zip,07-26-23_06.07_BCNP1s_protocol_halfC_CAP_(b1)_forexcel_cycle_#1409.mat,CAP,1409,0,1.0,,,,read:KeyError
BOOST_NEGPULSE_1S,10-BOOST CHARGING WITH NEGATIVE PULSES_1s_PERIOD_protocol.zip,07-26-23_09.27_BCNP1s_protocol_halfC_0.5C_dchg_(b2)_IN21700_30T_cycle_#1410.mat,halfC,1410,5650,0.0,24.71,25.72,26.09,
BOOST_NEGPULSE_1S,10-BOOST CHARGING WITH NEGATIVE PULSES_1s_PERIOD_protocol.zip,07-26-23_09.27_BCNP1s_protocol_halfC_CAP_(b2)_forexcel_cycle_#1410.mat,CAP,1410,0,1.0,,,,read:KeyError
BOOST_NEGPULSE_1S,10-BOOST CHARGING WITH NEGATIVE PULSES_1s_PERIOD_protocol.zip,07-26-23_11.48_BCNP1s_protocol__Fifteen_Drive_Cycles_set_IN21700_30T_cycle_#1411_to_1425.mat,drive,1411,79679,0.0,24.52,27.47,27.7,
BOOST_NEGPULSE_1S,10-BOOST CHARGING WITH NEGATIVE PULSES_1s_PERIOD_protocol.zip,Cover20 is not performed this week_#38.mat,other,-1,0,1.0,,,,read:KeyError
BOOST_NEGPULSE_1S,10-BOOST CHARGING WITH NEGATIVE PULSES_1s_PERIOD_protocol.zip,07-28-23_09.06_BCNP1s_protocol_whole_Schedule_IN21700_30T_cycle_#1426_week#39.mat,schedule,1426,246589,0.0,23.63,26.84,27.2,
BOOST_NEGPULSE_1S,10-BOOST CHARGING WITH NEGATIVE PULSES_1s_PERIOD_protocol.zip,07-28-23_10.38_BCNP1s_protocol_OCV_0.05C_IN21700_30T_cycle_#1426.mat,OCV,1426,2065,0.0,24.38,25.0,24.98,
BOOST_NEGPULSE_1S,10-BOOST CHARGING WITH NEGATIVE PULSES_1s_PERIOD_protocol.zip,07-29-23_22.29_BCNP1s_protocol_halfC_0.5C_dchg_(a1)_IN21700_30T_cycle_#1427.mat,halfC,1427,5788,0.0,24.6,25.9,26.34,
BOOST_NEGPULSE_1S,10-BOOST CHARGING WITH NEGATIVE PULSES_1s_PERIOD_protocol.zip,07-29-23_22.29_BCNP1s_protocol_halfC_CAP_(a1)_forexcel_cycle_#1427.mat,CAP,1427,0,1.0,,,,read:KeyError
BOOST_NEGPULSE_1S,10-BOOST CHARGING WITH NEGATIVE PULSES_1s_PERIOD_protocol.zip,07-30-23_01.56_BCNP1s_protocol_halfC_0.5C_dchg_(a2)_IN21700_30T_cycle_#1428.mat,halfC,1428,5606,0.0,24.64,25.77,26.14,
BOOST_NEGPULSE_1S,10-BOOST CHARGING WITH NEGATIVE PULSES_1s_PERIOD_protocol.zip,07-30-23_01.56_BCNP1s_protocol_halfC_CAP_(a2)_forexcel_cycle_#1428.mat,CAP,1428,0,1.0,,,,read:KeyError
BOOST_NEGPULSE_1S,10-BOOST CHARGING WITH NEGATIVE PULSES_1s_PERIOD_protocol.zip,07-30-23_03.45_BCNP1s_protocol_ONE_C_charge_IN21700_30T_cycle_#1428.mat,other,1428,227,0.0,24.83,27.45,25.19,
BOOST_NEGPULSE_1S,10-BOOST CHARGING WITH NEGATIVE PULSES_1s_PERIOD_protocol.zip,07-30-23_05.21_BCNP1s_protocol_OneC_1C_dchg_IN21700_30T_cycle_#1429.mat,other,1429,2762,0.0,24.77,27.31,27.76,
BOOST_NEGPULSE_1S,10-BOOST CHARGING WITH NEGATIVE PULSES_1s_PERIOD_protocol.zip,07-30-23_07.58_BCNP1s_protocol_TwoC_2C_dchg_IN21700_30T_cycle_#1430.mat,other,1430,1371,0.0,24.7,30.5,31.35,
BOOST_NEGPULSE_1S,10-BOOST CHARGING WITH NEGATIVE PULSES_1s_PERIOD_protocol.zip,07-30-23_10.11_BCNP1s_protocol_HPPC_IN21700_30T_cycle_#1431.mat,HPPC,1431,34336,0.0,24.43,25.55,25.44,
BOOST_NEGPULSE_1S,10-BOOST CHARGING WITH NEGATIVE PULSES_1s_PERIOD_protocol.zip,07-31-23_16.08_BCNP1s_protocol_tenpercent_chg_a_IN21700_30T_cycle_#1431.mat,other,1431,843,0.0,24.95,25.6,25.6,
BOOST_NEGPULSE_1S,10-BOOST CHARGING WITH NEGATIVE PULSES_1s_PERIOD_protocol.zip,07-31-23_16.32_BCNP1s_protocol_FastCharge_IN21700_30T_cycle_#1431.mat,other,1431,3520,0.0,24.78,34.58,25.93,
BOOST_NEGPULSE_1S,10-BOOST CHARGING WITH NEGATIVE PULSES_1s_PERIOD_protocol.zip,07-31-23_16.54_BCNP1s_protocol__Fifteen_Drive_Cycles_set_IN21700_30T_cycle_#1432_to_1446.mat,drive,1432,78519,0.0,24.4,27.59,27.86,
BOOST_NEGPULSE_1S,10-BOOST CHARGING WITH NEGATIVE PULSES_1s_PERIOD_protocol.zip,08-01-23_16.25_BCNP1s_protocol_halfC_0.5C_dchg_(b1)_IN21700_30T_cycle_#1447.mat,halfC,1447,5619,0.0,24.73,25.77,26.17,
BOOST_NEGPULSE_1S,10-BOOST CHARGING WITH NEGATIVE PULSES_1s_PERIOD_protocol.zip,08-01-23_16.25_BCNP1s_protocol_halfC_CAP_(b1)_forexcel_cycle_#1447.mat,CAP,1447,0,1.0,,,,read:KeyError
BOOST_NEGPULSE_1S,10-BOOST CHARGING WITH NEGATIVE PULSES_1s_PERIOD_protocol.zip,08-01-23_19.46_BCNP1s_protocol_halfC_0.5C_dchg_(b2)_IN21700_30T_cycle_#1448.mat,halfC,1448,5615,0.0,24.59,25.9,26.27,
BOOST_NEGPULSE_1S,10-BOOST CHARGING WITH NEGATIVE PULSES_1s_PERIOD_protocol.zip,08-01-23_19.46_BCNP1s_protocol_halfC_CAP_(b2)_forexcel_cycle_#1448.mat,CAP,1448,0,1.0,,,,read:KeyError
BOOST_NEGPULSE_1S,10-BOOST CHARGING WITH NEGATIVE PULSES_1s_PERIOD_protocol.zip,08-01-23_22.06_BCNP1s_protocol__Fifteen_Drive_Cycles_set_IN21700_30T_cycle_#1449_to_1463.mat,drive,1449,78821,0.0,24.46,27.59,27.85,
BOOST_NEGPULSE_1S,10-BOOST CHARGING WITH NEGATIVE PULSES_1s_PERIOD_protocol.zip,08-07-23_17.18_BCNP1s_protocol_whole_Schedule_IN21700_30T_cycle_#1464_week#40.mat,schedule,1464,241878,0.0,23.01,26.95,27.31,
BOOST_NEGPULSE_1S,10-BOOST CHARGING WITH NEGATIVE PULSES_1s_PERIOD_protocol.zip,08-07-23_18.02_BCNP1s_protocol_halfC_0.5C_dchg_(a1)_IN21700_30T_cycle_#1464.mat,halfC,1464,5704,0.0,24.63,25.98,26.38,
BOOST_NEGPULSE_1S,10-BOOST CHARGING WITH NEGATIVE PULSES_1s_PERIOD_protocol.zip,08-07-23_18.02_BCNP1s_protocol_halfC_CAP_(a1)_forexcel_cycle_#1464.mat,CAP,1464,0,1.0,,,,read:KeyError
BOOST_NEGPULSE_1S,10-BOOST CHARGING WITH NEGATIVE PULSES_1s_PERIOD_protocol.zip,08-07-23_21.28_BCNP1s_protocol_halfC_0.5C_dchg_(a2)_IN21700_30T_cycle_#1465.mat,halfC,1465,5506,0.0,24.74,25.86,26.19,
BOOST_NEGPULSE_1S,10-BOOST CHARGING WITH NEGATIVE PULSES_1s_PERIOD_protocol.zip,08-07-23_21.28_BCNP1s_protocol_halfC_CAP_(a2)_forexcel_cycle_#1465.mat,CAP,1465,0,1.0,,,,read:KeyError
BOOST_NEGPULSE_1S,10-BOOST CHARGING WITH NEGATIVE PULSES_1s_PERIOD_protocol.zip,08-07-23_23.15_BCNP1s_protocol_ONE_C_charge_IN21700_30T_cycle_#1465.mat,other,1465,220,0.0,24.87,27.5,25.09,
BOOST_NEGPULSE_1S,10-BOOST CHARGING WITH NEGATIVE PULSES_1s_PERIOD_protocol.zip,08-08-23_00.52_BCNP1s_protocol_OneC_1C_dchg_IN21700_30T_cycle_#1466.mat,other,1466,2714,0.0,24.67,27.31,27.87,
BOOST_NEGPULSE_1S,10-BOOST CHARGING WITH NEGATIVE PULSES_1s_PERIOD_protocol.zip,08-08-23_03.29_BCNP1s_protocol_TwoC_2C_dchg_IN21700_30T_cycle_#1467.mat,other,1467,1349,0.0,24.67,30.83,31.75,
BOOST_NEGPULSE_1S,10-BOOST CHARGING WITH NEGATIVE PULSES_1s_PERIOD_protocol.zip,08-08-23_05.43_BCNP1s_protocol_HPPC_IN21700_30T_cycle_#1468.mat,HPPC,1468,34307,0.0,24.47,25.59,25.47,
BOOST_NEGPULSE_1S,10-BOOST CHARGING WITH NEGATIVE PULSES_1s_PERIOD_protocol.zip,08-09-23_11.40_BCNP1s_protocol_tenpercent_chg_a_IN21700_30T_cycle_#1468.mat,other,1468,827,0.0,24.77,25.51,25.51,
BOOST_NEGPULSE_1S,10-BOOST CHARGING WITH NEGATIVE PULSES_1s_PERIOD_protocol.zip,08-09-23_12.04_BCNP1s_protocol_FastCharge_IN21700_30T_cycle_#1468.mat,other,1468,3409,0.0,24.77,34.76,25.3,
BOOST_NEGPULSE_1S,10-BOOST CHARGING WITH NEGATIVE PULSES_1s_PERIOD_protocol.zip,08-09-23_12.26_BCNP1s_protocol__Fifteen_Drive_Cycles_set_IN21700_30T_cycle_#1469_to_1483.mat,drive,1469,77313,0.0,23.01,27.74,28.03,
BOOST_NEGPULSE_1S,10-BOOST CHARGING WITH NEGATIVE PULSES_1s_PERIOD_protocol.zip,08-10-23_11.38_BCNP1s_protocol_halfC_0.5C_dchg_(b1)_IN21700_30T_cycle_#1484.mat,halfC,1484,5554,0.0,24.68,25.83,26.27,
BOOST_NEGPULSE_1S,10-BOOST CHARGING WITH NEGATIVE PULSES_1s_PERIOD_protocol.zip,08-10-23_11.38_BCNP1s_protocol_halfC_CAP_(b1)_forexcel_cycle_#1484.mat,CAP,1484,0,1.0,,,,read:KeyError
BOOST_NEGPULSE_1S,10-BOOST CHARGING WITH NEGATIVE PULSES_1s_PERIOD_protocol.zip,08-10-23_14.59_BCNP1s_protocol_halfC_0.5C_dchg_(b2)_IN21700_30T_cycle_#1485.mat,halfC,1485,5551,0.0,24.66,25.93,26.3,
BOOST_NEGPULSE_1S,10-BOOST CHARGING WITH NEGATIVE PULSES_1s_PERIOD_protocol.zip,08-10-23_14.59_BCNP1s_protocol_halfC_CAP_(b2)_forexcel_cycle_#1485.mat,CAP,1485,0,1.0,,,,read:KeyError
BOOST_NEGPULSE_1S,10-BOOST CHARGING WITH NEGATIVE PULSES_1s_PERIOD_protocol.zip,08-10-23_17.18_BCNP1s_protocol__Fifteen_Drive_Cycles_set_IN21700_30T_cycle_#1486_to_1500.mat,drive,1486,77989,0.0,24.47,27.71,28.0,
BOOST_NEGPULSE_1S,10-BOOST CHARGING WITH NEGATIVE PULSES_1s_PERIOD_protocol.zip,Cover20 is not performed this week_#40.mat,other,-1,0,1.0,,,,read:KeyError
BOOST_NEGPULSE_1S,10-BOOST CHARGING WITH NEGATIVE PULSES_1s_PERIOD_protocol.zip,08-14-23_09.18_BCNP1s_protocol_whole_Schedule_IN21700_30T_cycle_#1501_week#41.mat,schedule,1501,242893,0.0,23.21,27.11,27.52,
BOOST_NEGPULSE_1S,10-BOOST CHARGING WITH NEGATIVE PULSES_1s_PERIOD_protocol.zip,08-14-23_10.53_BCNP1s_protocol_OCV_0.05C_IN21700_30T_cycle_#1501.mat,OCV,1501,2024,0.0,24.45,25.1,25.14,
BOOST_NEGPULSE_1S,10-BOOST CHARGING WITH NEGATIVE PULSES_1s_PERIOD_protocol.zip,08-15-23_22.02_BCNP1s_protocol_halfC_0.5C_dchg_(a1)_IN21700_30T_cycle_#1502.mat,halfC,1502,5680,0.0,24.7,26.1,26.46,
BOOST_NEGPULSE_1S,10-BOOST CHARGING WITH NEGATIVE PULSES_1s_PERIOD_protocol.zip,08-15-23_22.02_BCNP1s_protocol_halfC_CAP_(a1)_forexcel_cycle_#1502.mat,CAP,1502,0,1.0,,,,read:KeyError
BOOST_NEGPULSE_1S,10-BOOST CHARGING WITH NEGATIVE PULSES_1s_PERIOD_protocol.zip,08-16-23_01.31_BCNP1s_protocol_halfC_0.5C_dchg_(a2)_IN21700_30T_cycle_#1503.mat,halfC,1503,5495,0.0,24.6,25.93,26.37,
BOOST_NEGPULSE_1S,10-BOOST CHARGING WITH NEGATIVE PULSES_1s_PERIOD_protocol.zip,08-16-23_01.31_BCNP1s_protocol_halfC_CAP_(a2)_forexcel_cycle_#1503.mat,CAP,1503,0,1.0,,,,read:KeyError
BOOST_NEGPULSE_1S,10-BOOST CHARGING WITH NEGATIVE PULSES_1s_PERIOD_protocol.zip,08-16-23_03.18_BCNP1s_protocol_ONE_C_charge_IN21700_30T_cycle_#1503.mat,other,1503,218,0.0,24.97,27.71,25.64,
BOOST_NEGPULSE_1S,10-BOOST CHARGING WITH NEGATIVE PULSES_1s_PERIOD_protocol.zip,08-16-23_04.57_BCNP1s_protocol_OneC_1C_dchg_IN21700_30T_cycle_#1504.mat,other,1504,2711,0.0,24.71,27.49,28.08,
BOOST_NEGPULSE_1S,10-BOOST CHARGING WITH NEGATIVE PULSES_1s_PERIOD_protocol.zip,08-16-23_07.35_BCNP1s_protocol_TwoC_2C_dchg_IN21700_30T_cycle_#1505.mat,other,1505,1348,0.0,24.84,31.11,31.99,
BOOST_NEGPULSE_1S,10-BOOST CHARGING WITH NEGATIVE PULSES_1s_PERIOD_protocol.zip,08-16-23_09.52_BCNP1s_protocol_HPPC_IN21700_30T_cycle_#1506.mat,HPPC,1506,34213,0.0,24.49,25.64,25.53,
BOOST_NEGPULSE_1S,10-BOOST CHARGING WITH NEGATIVE PULSES_1s_PERIOD_protocol.zip,08-17-23_15.46_BCNP1s_protocol_tenpercent_chg_a_IN21700_30T_cycle_#1506.mat,other,1506,826,0.0,24.98,25.66,25.66,
BOOST_NEGPULSE_1S,10-BOOST CHARGING WITH NEGATIVE PULSES_1s_PERIOD_protocol.zip,08-17-23_16.09_BCNP1s_protocol_FastCharge_IN21700_30T_cycle_#1506.mat,other,1506,3326,0.0,24.9,35.18,25.97,
BOOST_NEGPULSE_1S,10-BOOST CHARGING WITH NEGATIVE PULSES_1s_PERIOD_protocol.zip,08-17-23_16.31_BCNP1s_protocol__Fifteen_Drive_Cycles_set_IN21700_30T_cycle_#1507_to_1521.mat,drive,1507,76943,0.0,24.43,28.01,28.34,
BOOST_NEGPULSE_1S,10-BOOST CHARGING WITH NEGATIVE PULSES_1s_PERIOD_protocol.zip,08-18-23_15.39_BCNP1s_protocol_halfC_0.5C_dchg_(b1)_IN21700_30T_cycle_#1522.mat,halfC,1522,5513,0.0,24.75,26.02,26.46,
BOOST_NEGPULSE_1S,10-BOOST CHARGING WITH NEGATIVE PULSES_1s_PERIOD_protocol.zip,08-18-23_15.39_BCNP1s_protocol_halfC_CAP_(b1)_forexcel_cycle_#1522.mat,CAP,1522,0,1.0,,,,read:KeyError
BOOST_NEGPULSE_1S,10-BOOST CHARGING WITH NEGATIVE PULSES_1s_PERIOD_protocol.zip,08-18-23_19.02_BCNP1s_protocol_halfC_0.5C_dchg_(b2)_IN21700_30T_cycle_#1523.mat,halfC,1523,5507,0.0,24.8,26.09,26.45,
BOOST_NEGPULSE_1S,10-BOOST CHARGING WITH NEGATIVE PULSES_1s_PERIOD_protocol.zip,08-18-23_19.02_BCNP1s_protocol_halfC_CAP_(b2)_forexcel_cycle_#1523.mat,CAP,1523,0,1.0,,,,read:KeyError
BOOST_NEGPULSE_1S,10-BOOST CHARGING WITH NEGATIVE PULSES_1s_PERIOD_protocol.zip,08-18-23_21.20_BCNP1s_protocol__Fifteen_Drive_Cycles_set_IN21700_30T_cycle_#1149_to_1163.mat,drive,1149,77237,0.0,24.61,27.98,28.3,
BOOST_NEGPULSE_1S,10-BOOST CHARGING WITH NEGATIVE PULSES_1s_PERIOD_protocol.zip,08-20-23_11.53_BCNP1s_protocol_whole_Schedule_IN21700_30T_cycle_#1539_week#42.mat,schedule,1539,238876,0.0,24.13,27.21,27.64,
BOOST_NEGPULSE_1S,10-BOOST CHARGING WITH NEGATIVE PULSES_1s_PERIOD_protocol.zip,08-20-23_12.35_BCNP1s_protocol_halfC_0.5C_dchg_(a1)_IN21700_30T_cycle_#1539.mat,halfC,1539,5645,0.0,24.7,26.19,26.62,
BOOST_NEGPULSE_1S,10-BOOST CHARGING WITH NEGATIVE PULSES_1s_PERIOD_protocol.zip,08-20-23_12.35_BCNP1s_protocol_halfC_CAP_(a1)_forexcel_cycle_#1539.mat,CAP,1539,0,1.0,,,,read:KeyError
BOOST_NEGPULSE_1S,10-BOOST CHARGING WITH NEGATIVE PULSES_1s_PERIOD_protocol.zip,08-20-23_16.05_BCNP1s_protocol_halfC_0.5C_dchg_(a2)_IN21700_30T_cycle_#1540.mat,halfC,1540,5451,0.0,24.79,26.02,26.44,
BOOST_NEGPULSE_1S,10-BOOST CHARGING WITH NEGATIVE PULSES_1s_PERIOD_protocol.zip,08-20-23_16.05_BCNP1s_protocol_halfC_CAP_(a2)_forexcel_cycle_#1540.mat,CAP,1540,0,1.0,,,,read:KeyError
BOOST_NEGPULSE_1S,10-BOOST CHARGING WITH NEGATIVE PULSES_1s_PERIOD_protocol.zip,08-20-23_17.51_BCNP1s_protocol_ONE_C_charge_IN21700_30T_cycle_#1540.mat,other,1540,213,0.0,24.98,27.77,25.41,
BOOST_NEGPULSE_1S,10-BOOST CHARGING WITH NEGATIVE PULSES_1s_PERIOD_protocol.zip,08-20-23_19.32_BCNP1s_protocol_OneC_1C_dchg_IN21700_30T_cycle_#1541.mat,other,1541,2694,0.0,24.78,27.58,28.24,
BOOST_NEGPULSE_1S,10-BOOST CHARGING WITH NEGATIVE PULSES_1s_PERIOD_protocol.zip,08-20-23_22.12_BCNP1s_protocol_TwoC_2C_dchg_IN21700_30T_cycle_#1542.mat,other,1542,1339,0.0,24.84,31.26,32.15,
BOOST_NEGPULSE_1S,10-BOOST CHARGING WITH NEGATIVE PULSES_1s_PERIOD_protocol.zip,08-21-23_00.30_BCNP1s_protocol_HPPC_IN21700_30T_cycle_#1543.mat,HPPC,1543,34107,0.0,24.45,25.63,25.54,
BOOST_NEGPULSE_1S,10-BOOST CHARGING WITH NEGATIVE PULSES_1s_PERIOD_protocol.zip,08-22-23_06.22_BCNP1s_protocol_tenpercent_chg_a_IN21700_30T_cycle_#1543.mat,other,1543,820,0.0,24.84,25.56,25.56,
BOOST_NEGPULSE_1S,10-BOOST CHARGING WITH NEGATIVE PULSES_1s_PERIOD_protocol.zip,08-22-23_06.46_BCNP1s_protocol_FastCharge_IN21700_30T_cycle_#1543.mat,other,1543,3231,0.0,24.78,35.38,25.23,
BOOST_NEGPULSE_1S,10-BOOST CHARGING WITH NEGATIVE PULSES_1s_PERIOD_protocol.zip,08-22-23_07.08_BCNP1s_protocol__Fifteen_Drive_Cycles_set_IN21700_30T_cycle_#1544_to_1558.mat,drive,1544,76046,0.0,24.64,28.08,28.44,
BOOST_NEGPULSE_1S,10-BOOST CHARGING WITH NEGATIVE PULSES_1s_PERIOD_protocol.zip,08-23-23_06.03_BCNP1s_protocol_halfC_0.5C_dchg_(b1)_IN21700_30T_cycle_#1559.mat,halfC,1559,5463,0.0,24.78,26.12,26.56,
BOOST_NEGPULSE_1S,10-BOOST CHARGING WITH NEGATIVE PULSES_1s_PERIOD_protocol.zip,08-23-23_06.03_BCNP1s_protocol_halfC_CAP_(b1)_forexcel_cycle_#1559.mat,CAP,1559,0,1.0,,,,read:KeyError
BOOST_NEGPULSE_1S,10-BOOST CHARGING WITH NEGATIVE PULSES_1s_PERIOD_protocol.zip,08-23-23_09.26_BCNP1s_protocol_halfC_0.5C_dchg_(b2)_IN21700_30T_cycle_#1560.mat,halfC,1560,5460,0.0,24.77,26.08,26.51,
BOOST_NEGPULSE_1S,10-BOOST CHARGING WITH NEGATIVE PULSES_1s_PERIOD_protocol.zip,08-23-23_09.26_BCNP1s_protocol_halfC_CAP_(b2)_forexcel_cycle_#1560.mat,CAP,1560,0,1.0,,,,read:KeyError
BOOST_NEGPULSE_1S,10-BOOST CHARGING WITH NEGATIVE PULSES_1s_PERIOD_protocol.zip,08-23-23_11.43_BCNP1s_protocol__Fifteen_Drive_Cycles_set_IN21700_30T_cycle_#1561_to_1575.mat,drive,1561,76406,0.0,24.67,28.13,28.49,
BOOST_NEGPULSE_1S,10-BOOST CHARGING WITH NEGATIVE PULSES_1s_PERIOD_protocol.zip,Cover20 is not performed this week_#42.mat,other,-1,0,1.0,,,,read:KeyError
BOOST_NEGPULSE_1S,10-BOOST CHARGING WITH NEGATIVE PULSES_1s_PERIOD_protocol.zip,08-25-23_09.14_BCNP1s_protocol_whole_Schedule_IN21700_30T_cycle_#1576_week#43.mat,schedule,1576,234882,0.0,23.27,27.22,27.65,
BOOST_NEGPULSE_1S,10-BOOST CHARGING WITH NEGATIVE PULSES_1s_PERIOD_protocol.zip,08-25-23_10.48_BCNP1s_protocol_OCV_0.05C_IN21700_30T_cycle_#1576.mat,OCV,1576,1992,0.0,24.46,25.09,25.11,
BOOST_NEGPULSE_1S,10-BOOST CHARGING WITH NEGATIVE PULSES_1s_PERIOD_protocol.zip,08-26-23_21.26_BCNP1s_protocol_halfC_0.5C_dchg_(a1)_IN21700_30T_cycle_#1577.mat,halfC,1577,5592,0.0,24.69,26.23,26.66,
BOOST_NEGPULSE_1S,10-BOOST CHARGING WITH NEGATIVE PULSES_1s_PERIOD_protocol.zip,08-26-23_21.26_BCNP1s_protocol_halfC_CAP_(a1)_forexcel_cycle_#1577.mat,CAP,1577,0,1.0,,,,read:KeyError
BOOST_NEGPULSE_1S,10-BOOST CHARGING WITH NEGATIVE PULSES_1s_PERIOD_protocol.zip,08-27-23_00.56_BCNP1s_protocol_halfC_0.5C_dchg_(a2)_IN21700_30T_cycle_#1578.mat,halfC,1578,5399,0.0,24.73,26.09,26.55,
BOOST_NEGPULSE_1S,10-BOOST CHARGING WITH NEGATIVE PULSES_1s_PERIOD_protocol.zip,08-27-23_00.56_BCNP1s_protocol_halfC_CAP_(a2)_forexcel_cycle_#1578.mat,CAP,1578,0,1.0,,,,read:KeyError
BOOST_NEGPULSE_1S,10-BOOST CHARGING WITH NEGATIVE PULSES_1s_PERIOD_protocol.zip,08-27-23_02.41_BCNP1s_protocol_ONE_C_charge_IN21700_30T_cycle_#1578.mat,other,1578,209,0.0,24.79,27.68,25.17,
BOOST_NEGPULSE_1S,10-BOOST CHARGING WITH NEGATIVE PULSES_1s_PERIOD_protocol.zip,08-27-23_04.24_BCNP1s_protocol_OneC_1C_dchg_IN21700_30T_cycle_#1579.mat,other,1579,2670,0.0,24.69,27.75,28.47,
BOOST_NEGPULSE_1S,10-BOOST CHARGING WITH NEGATIVE PULSES_1s_PERIOD_protocol.zip,08-27-23_07.05_BCNP1s_protocol_TwoC_2C_dchg_IN21700_30T_cycle_#1580.mat,other,1580,1329,0.0,24.89,31.67,32.52,
BOOST_NEGPULSE_1S,10-BOOST CHARGING WITH NEGATIVE PULSES_1s_PERIOD_protocol.zip,08-27-23_09.25_BCNP1s_protocol_HPPC_IN21700_30T_cycle_#1581.mat,HPPC,1581,34062,0.0,24.57,25.65,25.53,
BOOST_NEGPULSE_1S,10-BOOST CHARGING WITH NEGATIVE PULSES_1s_PERIOD_protocol.zip,08-28-23_15.15_BCNP1s_protocol_tenpercent_chg_a_IN21700_30T_cycle_#1581.mat,other,1581,813,0.0,24.86,25.5,25.5,
BOOST_NEGPULSE_1S,10-BOOST CHARGING WITH NEGATIVE PULSES_1s_PERIOD_protocol.zip,08-28-23_15.39_BCNP1s_protocol_FastCharge_IN21700_30T_cycle_#1581.mat,other,1581,3180,0.0,24.8,35.7,25.71,
BOOST_NEGPULSE_1S,10-BOOST CHARGING WITH NEGATIVE PULSES_1s_PERIOD_protocol.zip,08-28-23_16.01_BCNP1s_protocol__Fifteen_Drive_Cycles_set_IN21700_30T_cycle_#1582_to_1596.mat,drive,1582,75514,0.0,24.58,28.21,28.56,
BOOST_NEGPULSE_1S,10-BOOST CHARGING WITH NEGATIVE PULSES_1s_PERIOD_protocol.zip,08-29-23_14.49_BCNP1s_protocol_halfC_0.5C_dchg_(b1)_IN21700_30T_cycle_#1597.mat,halfC,1597,5414,0.0,24.83,26.16,26.62,
BOOST_NEGPULSE_1S,10-BOOST CHARGING WITH NEGATIVE PULSES_1s_PERIOD_protocol.zip,08-29-23_14.49_BCNP1s_protocol_halfC_CAP_(b1)_forexcel_cycle_#1597.mat,CAP,1597,0,1.0,,,,read:KeyError
BOOST_NEGPULSE_1S,10-BOOST CHARGING WITH NEGATIVE PULSES_1s_PERIOD_protocol.zip,08-29-23_18.13_BCNP1s_protocol_halfC_0.5C_dchg_(b2)_IN21700_30T_cycle_#1598.mat,halfC,1598,5407,0.0,24.77,26.16,26.61,
BOOST_NEGPULSE_1S,10-BOOST CHARGING WITH NEGATIVE PULSES_1s_PERIOD_protocol.zip,08-29-23_18.13_BCNP1s_protocol_halfC_CAP_(b2)_forexcel_cycle_#1598.mat,CAP,1598,0,1.0,,,,read:KeyError
BOOST_NEGPULSE_1S,10-BOOST CHARGING WITH NEGATIVE PULSES_1s_PERIOD_protocol.zip,08-29-23_20.29_BCNP1s_protocol__Fifteen_Drive_Cycles_set_IN21700_30T_cycle_#1599_to_1613.mat,drive,1599,71540,0.0,24.67,28.18,28.54,
BOOST_NEGPULSE_1S,10-BOOST CHARGING WITH NEGATIVE PULSES_1s_PERIOD_protocol.zip,09-01-23_08.25_BCNP1s_protocol_whole_Schedule_IN21700_30T_cycle_#1614_week#44.mat,schedule,1614,236130,0.0,24.68,27.45,27.86,
BOOST_NEGPULSE_1S,10-BOOST CHARGING WITH NEGATIVE PULSES_1s_PERIOD_protocol.zip,09-01-23_10.14_BCNP1s_protocol_halfC_0.5C_dchg_(a1)_IN21700_30T_cycle_#1614.mat,halfC,1614,5365,0.0,24.85,26.24,26.72,
BOOST_NEGPULSE_1S,10-BOOST CHARGING WITH NEGATIVE PULSES_1s_PERIOD_protocol.zip,09-01-23_10.14_BCNP1s_protocol_halfC_CAP_(a1)_forexcel_cycle_#1614.mat,CAP,1614,0,1.0,,,,read:KeyError
BOOST_NEGPULSE_1S,10-BOOST CHARGING WITH NEGATIVE PULSES_1s_PERIOD_protocol.zip,09-01-23_13.43_BCNP1s_protocol_halfC_0.5C_dchg_(a2)_IN21700_30T_cycle_#1615.mat,halfC,1615,5360,0.0,24.84,26.29,26.73,
BOOST_NEGPULSE_1S,10-BOOST CHARGING WITH NEGATIVE PULSES_1s_PERIOD_protocol.zip,09-01-23_13.43_BCNP1s_protocol_halfC_CAP_(a2)_forexcel_cycle_#1615.mat,CAP,1615,0,1.0,,,,read:KeyError
BOOST_NEGPULSE_1S,10-BOOST CHARGING WITH NEGATIVE PULSES_1s_PERIOD_protocol.zip,09-01-23_15.28_BCNP1s_protocol_ONE_C_charge_IN21700_30T_cycle_#1615.mat,other,1615,204,0.0,25.26,28.08,25.67,
BOOST_NEGPULSE_1S,10-BOOST CHARGING WITH NEGATIVE PULSES_1s_PERIOD_protocol.zip,09-01-23_17.12_BCNP1s_protocol_OneC_1C_dchg_IN21700_30T_cycle_#1616.mat,other,1616,2649,0.0,24.81,28.01,28.77,
BOOST_NEGPULSE_1S,10-BOOST CHARGING WITH NEGATIVE PULSES_1s_PERIOD_protocol.zip,09-01-23_19.55_BCNP1s_protocol_TwoC_2C_dchg_IN21700_30T_cycle_#1617.mat,other,1617,1319,0.0,24.85,32.01,32.84,
BOOST_NEGPULSE_1S,10-BOOST CHARGING WITH NEGATIVE PULSES_1s_PERIOD_protocol.zip,09-01-23_22.16_BCNP1s_protocol_HPPC_IN21700_30T_cycle_#1618.mat,HPPC,1618,33966,0.0,24.68,25.75,25.61,
BOOST_NEGPULSE_1S,10-BOOST CHARGING WITH NEGATIVE PULSES_1s_PERIOD_protocol.zip,09-03-23_04.05_BCNP1s_protocol_tenpercent_chg_a_IN21700_30T_cycle_#1618.mat,other,1618,807,0.0,24.88,25.54,25.54,
BOOST_NEGPULSE_1S,10-BOOST CHARGING WITH NEGATIVE PULSES_1s_PERIOD_protocol.zip,09-03-23_04.28_BCNP1s_protocol_FastCharge_IN21700_30T_cycle_#1618.mat,other,1618,3079,0.0,24.81,35.99,25.76,
BOOST_NEGPULSE_1S,10-BOOST CHARGING WITH NEGATIVE PULSES_1s_PERIOD_protocol.zip,09-03-23_04.50_BCNP1s_protocol__Fifteen_Drive_Cycles_set_IN21700_30T_cycle_#1619_to_1633.mat,drive,1619,74822,0.0,24.7,28.44,28.74,
BOOST_NEGPULSE_1S,10-BOOST CHARGING WITH NEGATIVE PULSES_1s_PERIOD_protocol.zip,09-06-23_05.12_BCNP1s_protocol_halfC_0.5C_dchg_(b1)_IN21700_30T_cycle_#1634.mat,halfC,1634,5364,0.0,24.85,26.31,26.79,
BOOST_NEGPULSE_1S,10-BOOST CHARGING WITH NEGATIVE PULSES_1s_PERIOD_protocol.zip,09-06-23_05.12_BCNP1s_protocol_halfC_CAP_(b1)_forexcel_cycle_#1634.mat,CAP,1634,0,1.0,,,,read:KeyError
BOOST_NEGPULSE_1S,10-BOOST CHARGING WITH NEGATIVE PULSES_1s_PERIOD_protocol.zip,09-06-23_08.36_BCNP1s_protocol_halfC_0.5C_dchg_(b2)_IN21700_30T_cycle_#1635.mat,halfC,1635,5359,0.0,24.83,26.3,26.77,
BOOST_NEGPULSE_1S,10-BOOST CHARGING WITH NEGATIVE PULSES_1s_PERIOD_protocol.zip,09-06-23_08.36_BCNP1s_protocol_halfC_CAP_(b2)_forexcel_cycle_#1635.mat,CAP,1635,0,1.0,,,,read:KeyError
BOOST_NEGPULSE_1S,10-BOOST CHARGING WITH NEGATIVE PULSES_1s_PERIOD_protocol.zip,09-06-23_10.52_BCNP1s_protocol__Fifteen_Drive_Cycles_set_IN21700_30T_cycle_#1636_to_1650.mat,drive,1636,74955,0.0,24.73,28.49,28.87,
BOOST_NEGPULSE_1S,10-BOOST CHARGING WITH NEGATIVE PULSES_1s_PERIOD_protocol.zip,Cover20 is not performed this week_#44.mat,other,-1,0,1.0,,,,read:KeyError
BOOST_NEGPULSE_1S,10-BOOST CHARGING WITH NEGATIVE PULSES_1s_PERIOD_protocol.zip,09-07-23_15.57_BCNP1s_protocol_whole_Schedule_IN21700_30T_cycle_#1651_week#45.mat,schedule,1651,235911,0.0,24.31,27.47,27.91,
BOOST_NEGPULSE_1S,10-BOOST CHARGING WITH NEGATIVE PULSES_1s_PERIOD_protocol.zip,09-07-23_17.30_BCNP1s_protocol_OCV_0.05C_IN21700_30T_cycle_#1651.mat,OCV,1651,1953,0.0,24.67,25.22,25.23,
BOOST_NEGPULSE_1S,10-BOOST CHARGING WITH NEGATIVE PULSES_1s_PERIOD_protocol.zip,09-09-23_03.27_BCNP1s_protocol_halfC_0.5C_dchg_(a1)_IN21700_30T_cycle_#1652.mat,halfC,1652,5491,0.0,24.8,26.42,26.89,
BOOST_NEGPULSE_1S,10-BOOST CHARGING WITH NEGATIVE PULSES_1s_PERIOD_protocol.zip,09-09-23_03.27_BCNP1s_protocol_halfC_CAP_(a1)_forexcel_cycle_#1652.mat,CAP,1652,0,1.0,,,,read:KeyError
BOOST_NEGPULSE_1S,10-BOOST CHARGING WITH NEGATIVE PULSES_1s_PERIOD_protocol.zip,09-09-23_06.59_BCNP1s_protocol_halfC_0.5C_dchg_(a2)_IN21700_30T_cycle_#1653.mat,halfC,1653,5312,0.0,24.83,26.3,26.79,
BOOST_NEGPULSE_1S,10-BOOST CHARGING WITH NEGATIVE PULSES_1s_PERIOD_protocol.zip,09-09-23_06.59_BCNP1s_protocol_halfC_CAP_(a2)_forexcel_cycle_#1653.mat,CAP,1653,0,1.0,,,,read:KeyError
BOOST_NEGPULSE_1S,10-BOOST CHARGING WITH NEGATIVE PULSES_1s_PERIOD_protocol.zip,09-09-23_08.43_BCNP1s_protocol_ONE_C_charge_IN21700_30T_cycle_#1653.mat,other,1653,200,0.0,25.02,28.13,25.52,
BOOST_NEGPULSE_1S,10-BOOST CHARGING WITH NEGATIVE PULSES_1s_PERIOD_protocol.zip,09-09-23_10.28_BCNP1s_protocol_OneC_1C_dchg_IN21700_30T_cycle_#1654.mat,other,1654,2624,0.0,24.86,28.12,28.89,
BOOST_NEGPULSE_1S,10-BOOST CHARGING WITH NEGATIVE PULSES_1s_PERIOD_protocol.zip,09-09-23_13.12_BCNP1s_protocol_TwoC_2C_dchg_IN21700_30T_cycle_#1655.mat,other,1655,1307,0.0,24.97,32.3,33.06,
BOOST_NEGPULSE_1S,10-BOOST CHARGING WITH NEGATIVE PULSES_1s_PERIOD_protocol.zip,09-09-23_15.35_BCNP1s_protocol_HPPC_IN21700_30T_cycle_#1656.mat,HPPC,1656,33847,0.0,24.68,25.73,25.59,
BOOST_NEGPULSE_1S,10-BOOST CHARGING WITH NEGATIVE PULSES_1s_PERIOD_protocol.zip,09-10-23_21.22_BCNP1s_protocol_tenpercent_chg_a_IN21700_30T_cycle_#1656.mat,other,1656,799,0.0,24.97,25.63,25.64,
BOOST_NEGPULSE_1S,10-BOOST CHARGING WITH NEGATIVE PULSES_1s_PERIOD_protocol.zip,09-10-23_21.45_BCNP1s_protocol_FastCharge_IN21700_30T_cycle_#1656.mat,other,1656,2994,0.0,24.9,36.37,26.1,
BOOST_NEGPULSE_1S,10-BOOST CHARGING WITH NEGATIVE PULSES_1s_PERIOD_protocol.zip,09-10-23_22.07_BCNP1s_protocol__Fifteen_Drive_Cycles_set_IN21700_30T_cycle_#1657_to_1671.mat,drive,1657,73800,0.0,24.63,28.62,28.99,
BOOST_NEGPULSE_1S,10-BOOST CHARGING WITH NEGATIVE PULSES_1s_PERIOD_protocol.zip,09-11-23_20.30_BCNP1s_protocol_halfC_0.5C_dchg_(b1)_IN21700_30T_cycle_#1672.mat,halfC,1672,5308,0.0,24.85,26.37,26.87,
BOOST_NEGPULSE_1S,10-BOOST CHARGING WITH NEGATIVE PULSES_1s_PERIOD_protocol.zip,09-11-23_20.30_BCNP1s_protocol_halfC_CAP_(b1)_forexcel_cycle_#1672.mat,CAP,1672,0,1.0,,,,read:KeyError
BOOST_NEGPULSE_1S,10-BOOST CHARGING WITH NEGATIVE PULSES_1s_PERIOD_protocol.zip,09-11-23_23.55_BCNP1s_protocol_halfC_0.5C_dchg_(b2)_IN21700_30T_cycle_#1673.mat,halfC,1673,5305,0.0,24.83,26.38,26.85,
BOOST_NEGPULSE_1S,10-BOOST CHARGING WITH NEGATIVE PULSES_1s_PERIOD_protocol.zip,09-11-23_23.55_BCNP1s_protocol_halfC_CAP_(b2)_forexcel_cycle_#1673.mat,CAP,1673,0,1.0,,,,read:KeyError
BOOST_NEGPULSE_1S,10-BOOST CHARGING WITH NEGATIVE PULSES_1s_PERIOD_protocol.zip,09-12-23_02.09_BCNP1s_protocol__Fifteen_Drive_Cycles_set_IN21700_30T_cycle_#1674_to_1688.mat,drive,1674,74131,0.0,24.31,28.57,28.94,
BOOST_NEGPULSE_1S,10-BOOST CHARGING WITH NEGATIVE PULSES_1s_PERIOD_protocol.zip,09-13-23_09.34_BCNP1s_protocol_whole_Schedule_IN21700_30T_cycle_#1689_week#46.mat,schedule,1689,231898,0.0,24.01,27.52,27.95,
BOOST_NEGPULSE_1S,10-BOOST CHARGING WITH NEGATIVE PULSES_1s_PERIOD_protocol.zip,09-13-23_10.16_BCNP1s_protocol_halfC_0.5C_dchg_(a1)_IN21700_30T_cycle_#1689.mat,halfC,1689,5438,0.0,24.8,26.47,26.99,
BOOST_NEGPULSE_1S,10-BOOST CHARGING WITH NEGATIVE PULSES_1s_PERIOD_protocol.zip,09-13-23_10.16_BCNP1s_protocol_halfC_CAP_(a1)_forexcel_cycle_#1689.mat,CAP,1689,0,1.0,,,,read:KeyError
BOOST_NEGPULSE_1S,10-BOOST CHARGING WITH NEGATIVE PULSES_1s_PERIOD_protocol.zip,09-13-23_13.49_BCNP1s_protocol_halfC_0.5C_dchg_(a2)_IN21700_30T_cycle_#1690.mat,halfC,1690,5243,0.0,24.76,26.34,26.84,
BOOST_NEGPULSE_1S,10-BOOST CHARGING WITH NEGATIVE PULSES_1s_PERIOD_protocol.zip,09-13-23_13.49_BCNP1s_protocol_halfC_CAP_(a2)_forexcel_cycle_#1690.mat,CAP,1690,0,1.0,,,,read:KeyError
BOOST_NEGPULSE_1S,10-BOOST CHARGING WITH NEGATIVE PULSES_1s_PERIOD_protocol.zip,09-13-23_15.31_BCNP1s_protocol_ONE_C_charge_IN21700_30T_cycle_#1690.mat,other,1690,194,0.0,24.94,28.12,25.17,
BOOST_NEGPULSE_1S,10-BOOST CHARGING WITH NEGATIVE PULSES_1s_PERIOD_protocol.zip,09-13-23_17.19_BCNP1s_protocol_OneC_1C_dchg_IN21700_30T_cycle_#1691.mat,other,1691,2592,0.0,24.81,28.25,29.0,
BOOST_NEGPULSE_1S,10-BOOST CHARGING WITH NEGATIVE PULSES_1s_PERIOD_protocol.zip,09-13-23_20.04_BCNP1s_protocol_TwoC_2C_dchg_IN21700_30T_cycle_#1692.mat,other,1692,1292,0.0,24.83,32.56,33.34,
BOOST_NEGPULSE_1S,10-BOOST CHARGING WITH NEGATIVE PULSES_1s_PERIOD_protocol.zip,09-13-23_22.28_BCNP1s_protocol_HPPC_IN21700_30T_cycle_#1693.mat,HPPC,1693,33775,0.0,24.6,25.7,25.56,
BOOST_NEGPULSE_1S,10-BOOST CHARGING WITH NEGATIVE PULSES_1s_PERIOD_protocol.zip,09-15-23_04.14_BCNP1s_protocol_tenpercent_chg_a_IN21700_30T_cycle_#1693.mat,other,1693,789,0.0,24.89,25.56,25.59,
BOOST_NEGPULSE_1S,10-BOOST CHARGING WITH NEGATIVE PULSES_1s_PERIOD_protocol.zip,09-15-23_04.37_BCNP1s_protocol_FastCharge_IN21700_30T_cycle_#1693.mat,other,1693,2881,0.0,24.87,36.65,26.01,
BOOST_NEGPULSE_1S,10-BOOST CHARGING WITH NEGATIVE PULSES_1s_PERIOD_protocol.zip,09-15-23_04.59_BCNP1s_protocol__Fifteen_Drive_Cycles_set_IN21700_30T_cycle_#1694_to_1708.mat,drive,1694,72904,0.0,24.58,28.71,29.05,
BOOST_NEGPULSE_1S,10-BOOST CHARGING WITH NEGATIVE PULSES_1s_PERIOD_protocol.zip,09-16-23_03.09_BCNP1s_protocol_halfC_0.5C_dchg_(b1)_IN21700_30T_cycle_#1709.mat,halfC,1709,5243,0.0,24.87,26.44,26.87,
BOOST_NEGPULSE_1S,10-BOOST CHARGING WITH NEGATIVE PULSES_1s_PERIOD_protocol.zip,09-16-23_03.09_BCNP1s_protocol_halfC_CAP_(b1)_forexcel_cycle_#1709.mat,CAP,1709,0,1.0,,,,read:KeyError
BOOST_NEGPULSE_1S,10-BOOST CHARGING WITH NEGATIVE PULSES_1s_PERIOD_protocol.zip,09-16-23_06.34_BCNP1s_protocol_halfC_0.5C_dchg_(b2)_IN21700_30T_cycle_#1710.mat,halfC,1710,5239,0.0,24.74,26.36,26.84,
BOOST_NEGPULSE_1S,10-BOOST CHARGING WITH NEGATIVE PULSES_1s_PERIOD_protocol.zip,09-16-23_06.34_BCNP1s_protocol_halfC_CAP_(b2)_forexcel_cycle_#1710.mat,CAP,1710,0,1.0,,,,read:KeyError
BOOST_NEGPULSE_1S,10-BOOST CHARGING WITH NEGATIVE PULSES_1s_PERIOD_protocol.zip,09-16-23_08.48_BCNP1s_protocol__Fifteen_Drive_Cycles_set_IN21700_30T_cycle_#1711_to_1725.mat,drive,1711,73356,0.0,24.6,28.73,29.1,
BOOST_NEGPULSE_1S,10-BOOST CHARGING WITH NEGATIVE PULSES_1s_PERIOD_protocol.zip,Cover20 is not performed this week_#46.mat,other,-1,0,1.0,,,,read:KeyError
BOOST_NEGPULSE_1S,10-BOOST CHARGING WITH NEGATIVE PULSES_1s_PERIOD_protocol.zip,09-18-23_10.53_BCNP1s_protocol_whole_Schedule_IN21700_30T_cycle_#1726_week#47.mat,schedule,1726,232042,0.0,23.63,27.58,28.02,
BOOST_NEGPULSE_1S,10-BOOST CHARGING WITH NEGATIVE PULSES_1s_PERIOD_protocol.zip,09-18-23_12.30_BCNP1s_protocol_OCV_0.05C_IN21700_30T_cycle_#1726.mat,OCV,1726,1914,0.0,24.33,25.15,25.19,
BOOST_NEGPULSE_1S,10-BOOST CHARGING WITH NEGATIVE PULSES_1s_PERIOD_protocol.zip,09-19-23_21.49_BCNP1s_protocol_halfC_0.5C_dchg_(a1)_IN21700_30T_cycle_#1727.mat,halfC,1727,5375,0.0,24.77,26.6,27.1,
BOOST_NEGPULSE_1S,10-BOOST CHARGING WITH NEGATIVE PULSES_1s_PERIOD_protocol.zip,09-19-23_21.49_BCNP1s_protocol_halfC_CAP_(a1)_forexcel_cycle_#1727.mat,CAP,1727,0,1.0,,,,read:KeyError
BOOST_NEGPULSE_1S,10-BOOST CHARGING WITH NEGATIVE PULSES_1s_PERIOD_protocol.zip,09-20-23_01.22_BCNP1s_protocol_halfC_0.5C_dchg_(a2)_IN21700_30T_cycle_#1728.mat,halfC,1728,5178,0.0,24.8,26.46,26.96,
BOOST_NEGPULSE_1S,10-BOOST CHARGING WITH NEGATIVE PULSES_1s_PERIOD_protocol.zip,09-20-23_01.22_BCNP1s_protocol_halfC_CAP_(a2)_forexcel_cycle_#1728.mat,CAP,1728,0,1.0,,,,read:KeyError
BOOST_NEGPULSE_1S,10-BOOST CHARGING WITH NEGATIVE PULSES_1s_PERIOD_protocol.zip,09-20-23_03.03_BCNP1s_protocol_ONE_C_charge_IN21700_30T_cycle_#1728.mat,other,1728,189,0.0,25.12,28.42,25.57,
BOOST_NEGPULSE_1S,10-BOOST CHARGING WITH NEGATIVE PULSES_1s_PERIOD_protocol.zip,09-20-23_04.52_BCNP1s_protocol_OneC_1C_dchg_IN21700_30T_cycle_#1729.mat,other,1729,2561,0.0,24.93,28.47,29.2,
BOOST_NEGPULSE_1S,10-BOOST CHARGING WITH NEGATIVE PULSES_1s_PERIOD_protocol.zip,09-20-23_07.38_BCNP1s_protocol_TwoC_2C_dchg_IN21700_30T_cycle_#1730.mat,other,1730,1277,0.0,24.91,32.99,33.66,
BOOST_NEGPULSE_1S,10-BOOST CHARGING WITH NEGATIVE PULSES_1s_PERIOD_protocol.zip,09-20-23_10.03_BCNP1s_protocol_HPPC_IN21700_30T_cycle_#1731.mat,HPPC,1731,33712,0.0,24.41,25.75,25.61,
BOOST_NEGPULSE_1S,10-BOOST CHARGING WITH NEGATIVE PULSES_1s_PERIOD_protocol.zip,09-21-23_15.47_BCNP1s_protocol_tenpercent_chg_a_IN21700_30T_cycle_#1731.mat,other,1731,780,0.0,25.04,25.63,25.71,
BOOST_NEGPULSE_1S,10-BOOST CHARGING WITH NEGATIVE PULSES_1s_PERIOD_protocol.zip,09-21-23_16.10_BCNP1s_protocol_FastCharge_IN21700_30T_cycle_#1731.mat,other,1731,2819,0.0,24.91,37.04,25.56,
BOOST_NEGPULSE_1S,10-BOOST CHARGING WITH NEGATIVE PULSES_1s_PERIOD_protocol.zip,09-21-23_16.32_BCNP1s_protocol__Fifteen_Drive_Cycles_set_IN21700_30T_cycle_#1732_to_1746.mat,drive,1732,72061,0.0,24.7,28.86,29.19,
BOOST_NEGPULSE_1S,10-BOOST CHARGING WITH NEGATIVE PULSES_1s_PERIOD_protocol.zip,09-22-23_14.29_BCNP1s_protocol_halfC_0.5C_dchg_(b1)_IN21700_30T_cycle_#1747.mat,halfC,1747,5175,0.0,24.72,26.43,26.95,
BOOST_NEGPULSE_1S,10-BOOST CHARGING WITH NEGATIVE PULSES_1s_PERIOD_protocol.zip,09-22-23_14.29_BCNP1s_protocol_halfC_CAP_(b1)_forexcel_cycle_#1747.mat,CAP,1747,0,1.0,,,,read:KeyError
BOOST_NEGPULSE_1S,10-BOOST CHARGING WITH NEGATIVE PULSES_1s_PERIOD_protocol.zip,09-22-23_17.55_BCNP1s_protocol_halfC_0.5C_dchg_(b2)_IN21700_30T_cycle_#1748.mat,halfC,1748,5171,0.0,24.84,26.5,26.94,
BOOST_NEGPULSE_1S,10-BOOST CHARGING WITH NEGATIVE PULSES_1s_PERIOD_protocol.zip,09-22-23_17.55_BCNP1s_protocol_halfC_CAP_(b2)_forexcel_cycle_#1748.mat,CAP,1748,0,1.0,,,,read:KeyError
BOOST_NEGPULSE_1S,10-BOOST CHARGING WITH NEGATIVE PULSES_1s_PERIOD_protocol.zip,09-22-23_20.07_BCNP1s_protocol__Fifteen_Drive_Cycles_set_IN21700_30T_cycle_#1749_to_1763.mat,drive,1749,72553,0.0,24.62,28.84,29.19,
BOOST_NEGPULSE_1S,10-BOOST CHARGING WITH NEGATIVE PULSES_1s_PERIOD_protocol.zip,09-25-23_09.38_BCNP1s_protocol_whole_Schedule_IN21700_30T_cycle_#1764_week#48.mat,schedule,1764,227408,0.0,22.71,27.64,28.07,
BOOST_NEGPULSE_1S,10-BOOST CHARGING WITH NEGATIVE PULSES_1s_PERIOD_protocol.zip,09-25-23_10.24_BCNP1s_protocol_halfC_0.5C_dchg_(a1)_IN21700_30T_cycle_#1764.mat,halfC,1764,5314,0.0,24.78,26.42,27.17,
BOOST_NEGPULSE_1S,10-BOOST CHARGING WITH NEGATIVE PULSES_1s_PERIOD_protocol.zip,09-25-23_10.24_BCNP1s_protocol_halfC_CAP_(a1)_forexcel_cycle_#1764.mat,CAP,1764,0,1.0,,,,read:KeyError
BOOST_NEGPULSE_1S,10-BOOST CHARGING WITH NEGATIVE PULSES_1s_PERIOD_protocol.zip,09-25-23_13.56_BCNP1s_protocol_halfC_0.5C_dchg_(a2)_IN21700_30T_cycle_#1765.mat,halfC,1765,5104,0.0,24.82,26.54,27.03,
BOOST_NEGPULSE_1S,10-BOOST CHARGING WITH NEGATIVE PULSES_1s_PERIOD_protocol.zip,09-25-23_13.56_BCNP1s_protocol_halfC_CAP_(a2)_forexcel_cycle_#1765.mat,CAP,1765,0,1.0,,,,read:KeyError
BOOST_NEGPULSE_1S,10-BOOST CHARGING WITH NEGATIVE PULSES_1s_PERIOD_protocol.zip,09-25-23_15.36_BCNP1s_protocol_ONE_C_charge_IN21700_30T_cycle_#1765.mat,other,1765,182,0.0,25.23,28.52,25.41,
BOOST_NEGPULSE_1S,10-BOOST CHARGING WITH NEGATIVE PULSES_1s_PERIOD_protocol.zip,09-25-23_17.26_BCNP1s_protocol_OneC_1C_dchg_IN21700_30T_cycle_#1766.mat,other,1766,2521,0.0,24.82,28.71,29.42,
BOOST_NEGPULSE_1S,10-BOOST CHARGING WITH NEGATIVE PULSES_1s_PERIOD_protocol.zip,09-25-23_20.12_BCNP1s_protocol_TwoC_2C_dchg_IN21700_30T_cycle_#1767.mat,other,1767,1257,0.0,24.79,33.38,33.87,
BOOST_NEGPULSE_1S,10-BOOST CHARGING WITH NEGATIVE PULSES_1s_PERIOD_protocol.zip,09-25-23_22.38_BCNP1s_protocol_HPPC_IN21700_30T_cycle_#1768.mat,HPPC,1768,33669,0.0,24.58,25.74,25.59,
BOOST_NEGPULSE_1S,10-BOOST CHARGING WITH NEGATIVE PULSES_1s_PERIOD_protocol.zip,09-27-23_04.22_BCNP1s_protocol_tenpercent_chg_a_IN21700_30T_cycle_#1768.mat,other,1768,767,0.0,25.08,25.69,25.76,
BOOST_NEGPULSE_1S,10-BOOST CHARGING WITH NEGATIVE PULSES_1s_PERIOD_protocol.zip,09-27-23_04.44_BCNP1s_protocol_FastCharge_IN21700_30T_cycle_#1768.mat,other,1768,2707,0.0,24.81,37.4,25.64,
BOOST_NEGPULSE_1S,10-BOOST CHARGING WITH NEGATIVE PULSES_1s_PERIOD_protocol.zip,09-27-23_05.06_BCNP1s_protocol__Fifteen_Drive_Cycles_set_IN21700_30T_cycle_#1769_to_1783.mat,drive,1769,70912,0.0,24.53,29.04,29.35,
BOOST_NEGPULSE_1S,10-BOOST CHARGING WITH NEGATIVE PULSES_1s_PERIOD_protocol.zip,09-28-23_02.46_BCNP1s_protocol_halfC_0.5C_dchg_(b1)_IN21700_30T_cycle_#1784.mat,halfC,1784,5090,0.0,22.71,26.24,26.46,
BOOST_NEGPULSE_1S,10-BOOST CHARGING WITH NEGATIVE PULSES_1s_PERIOD_protocol.zip,09-28-23_02.46_BCNP1s_protocol_halfC_CAP_(b1)_forexcel_cycle_#1784.mat,CAP,1784,0,1.0,,,,read:KeyError
BOOST_NEGPULSE_1S,10-BOOST CHARGING WITH NEGATIVE PULSES_1s_PERIOD_protocol.zip,09-28-23_18.28_BCNP1s_protocol_halfC_0.5C_dchg_(b2)_IN21700_30T_cycle_#1785.mat,halfC,1785,5099,0.0,24.68,26.48,26.97,
BOOST_NEGPULSE_1S,10-BOOST CHARGING WITH NEGATIVE PULSES_1s_PERIOD_protocol.zip,09-28-23_18.28_BCNP1s_protocol_halfC_CAP_(b2)_forexcel_cycle_#1785.mat,CAP,1785,0,1.0,,,,read:KeyError
BOOST_NEGPULSE_1S,10-BOOST CHARGING WITH NEGATIVE PULSES_1s_PERIOD_protocol.zip,09-28-23_20.39_BCNP1s_protocol__Fifteen_Drive_Cycles_set_IN21700_30T_cycle_#1786_to_1800.mat,drive,1786,71566,0.0,23.38,28.84,29.19,
BOOST_NEGPULSE_1S,10-BOOST CHARGING WITH NEGATIVE PULSES_1s_PERIOD_protocol.zip,Cover20 is not performed this week_#48.mat,other,-1,0,1.0,,,,read:KeyError
BOOST_NEGPULSE_1S,10-BOOST CHARGING WITH NEGATIVE PULSES_1s_PERIOD_protocol.zip,11-07-23_04.46_BCNP1s_protocol_whole_Schedule_IN21700_30T_cycle_#1801_week#49.mat,schedule,1801,227606,0.0,25.36,28.45,28.72,
BOOST_NEGPULSE_1S,10-BOOST CHARGING WITH NEGATIVE PULSES_1s_PERIOD_protocol.zip,11-07-23_15.03_BCNP1s_protocol_OCV_0.05C_IN21700_30T_cycle_#1801.mat,OCV,1801,1687,0.0,26.41,26.54,26.56,
BOOST_NEGPULSE_1S,10-BOOST CHARGING WITH NEGATIVE PULSES_1s_PERIOD_protocol.zip,11-08-23_20.06_BCNP1s_protocol_halfC_0.5C_dchg_(a1)_IN21700_30T_cycle_#1802.mat,halfC,1802,4681,0.0,26.5,27.61,27.96,
BOOST_NEGPULSE_1S,10-BOOST CHARGING WITH NEGATIVE PULSES_1s_PERIOD_protocol.zip,11-08-23_20.06_BCNP1s_protocol_halfC_CAP_(a1)_forexcel_cycle_#1802.mat,CAP,1802,0,1.0,,,,read:KeyError
BOOST_NEGPULSE_1S,10-BOOST CHARGING WITH NEGATIVE PULSES_1s_PERIOD_protocol.zip,11-08-23_23.28_BCNP1s_protocol_halfC_0.5C_dchg_(a2)_IN21700_30T_cycle_#1803.mat,halfC,1803,5119,0.0,26.48,27.51,27.93,
BOOST_NEGPULSE_1S,10-BOOST CHARGING WITH NEGATIVE PULSES_1s_PERIOD_protocol.zip,11-08-23_23.28_BCNP1s_protocol_halfC_CAP_(a2)_forexcel_cycle_#1803.mat,CAP,1803,0,1.0,,,,read:KeyError
BOOST_NEGPULSE_1S,10-BOOST CHARGING WITH NEGATIVE PULSES_1s_PERIOD_protocol.zip,11-09-23_01.09_BCNP1s_protocol_ONE_C_charge_IN21700_30T_cycle_#1803.mat,other,1803,182,0.0,26.73,28.97,26.78,
BOOST_NEGPULSE_1S,10-BOOST CHARGING WITH NEGATIVE PULSES_1s_PERIOD_protocol.zip,11-09-23_02.58_BCNP1s_protocol_OneC_1C_dchg_IN21700_30T_cycle_#1804.mat,other,1804,2529,0.0,26.51,29.21,29.69,
BOOST_NEGPULSE_1S,10-BOOST CHARGING WITH NEGATIVE PULSES_1s_PERIOD_protocol.zip,11-09-23_05.44_BCNP1s_protocol_TwoC_2C_dchg_IN21700_30T_cycle_#1805.mat,other,1805,1262,0.0,26.54,32.6,32.84,
BOOST_NEGPULSE_1S,10-BOOST CHARGING WITH NEGATIVE PULSES_1s_PERIOD_protocol.zip,11-09-23_08.09_BCNP1s_protocol_HPPC_IN21700_30T_cycle_#1806.mat,HPPC,1806,33436,0.0,26.42,26.87,26.76,
BOOST_NEGPULSE_1S,10-BOOST CHARGING WITH NEGATIVE PULSES_1s_PERIOD_protocol.zip,11-10-23_13.48_BCNP1s_protocol_tenpercent_chg_a_IN21700_30T_cycle_#1806.mat,other,1806,769,0.0,26.71,26.8,26.86,
BOOST_NEGPULSE_1S,10-BOOST CHARGING WITH NEGATIVE PULSES_1s_PERIOD_protocol.zip,11-10-23_14.11_BCNP1s_protocol_FastCharge_IN21700_30T_cycle_#1806.mat,other,1806,2715,0.0,26.53,35.1,26.91,
BOOST_NEGPULSE_1S,10-BOOST CHARGING WITH NEGATIVE PULSES_1s_PERIOD_protocol.zip,11-10-23_14.33_BCNP1s_protocol__Fifteen_Drive_Cycles_set_IN21700_30T_cycle_#1807_to_1821.mat,drive,1807,70952,0.0,26.44,29.44,29.66,
BOOST_NEGPULSE_1S,10-BOOST CHARGING WITH NEGATIVE PULSES_1s_PERIOD_protocol.zip,11-11-23_12.13_BCNP1s_protocol_halfC_0.5C_dchg_(b1)_IN21700_30T_cycle_#1822.mat,halfC,1822,5062,0.0,26.52,27.54,27.93,
BOOST_NEGPULSE_1S,10-BOOST CHARGING WITH NEGATIVE PULSES_1s_PERIOD_protocol.zip,11-11-23_12.13_BCNP1s_protocol_halfC_CAP_(b1)_forexcel_cycle_#1822.mat,CAP,1822,0,1.0,,,,read:KeyError
BOOST_NEGPULSE_1S,10-BOOST CHARGING WITH NEGATIVE PULSES_1s_PERIOD_protocol.zip,11-11-23_15.39_BCNP1s_protocol_halfC_0.5C_dchg_(b2)_IN21700_30T_cycle_#1823.mat,halfC,1823,5062,0.0,26.5,27.54,27.94,
BOOST_NEGPULSE_1S,10-BOOST CHARGING WITH NEGATIVE PULSES_1s_PERIOD_protocol.zip,11-11-23_15.39_BCNP1s_protocol_halfC_CAP_(b2)_forexcel_cycle_#1823.mat,CAP,1823,0,1.0,,,,read:KeyError
BOOST_NEGPULSE_1S,10-BOOST CHARGING WITH NEGATIVE PULSES_1s_PERIOD_protocol.zip,11-11-23_17.48_BCNP1s_protocol__Fifteen_Drive_Cycles_set_IN21700_30T_cycle_#1824_to_1838.mat,drive,1824,70816,0.0,26.48,29.41,29.62,
BOOST_NEGPULSE_1S,10-BOOST CHARGING WITH NEGATIVE PULSES_1s_PERIOD_protocol.zip,11-12-23_17.49_BCNP1s_protocol_whole_Schedule_IN21700_30T_cycle_#1839_week#50.mat,schedule,1839,221351,0.0,26.25,28.52,28.8,
BOOST_NEGPULSE_1S,10-BOOST CHARGING WITH NEGATIVE PULSES_1s_PERIOD_protocol.zip,11-12-23_18.50_BCNP1s_protocol_halfC_0.5C_dchg_(a1)_IN21700_30T_cycle_#1839.mat,halfC,1839,5012,0.0,26.4,27.69,28.02,
BOOST_NEGPULSE_1S,10-BOOST CHARGING WITH NEGATIVE PULSES_1s_PERIOD_protocol.zip,11-12-23_18.50_BCNP1s_protocol_halfC_CAP_(a1)_forexcel_cycle_#1839.mat,CAP,1839,0,1.0,,,,read:KeyError
BOOST_NEGPULSE_1S,10-BOOST CHARGING WITH NEGATIVE PULSES_1s_PERIOD_protocol.zip,11-12-23_22.20_BCNP1s_protocol_halfC_0.5C_dchg_(a2)_IN21700_30T_cycle_#1840.mat,halfC,1840,5016,0.0,26.52,27.62,27.99,
BOOST_NEGPULSE_1S,10-BOOST CHARGING WITH NEGATIVE PULSES_1s_PERIOD_protocol.zip,11-12-23_22.20_BCNP1s_protocol_halfC_CAP_(a2)_forexcel_cycle_#1840.mat,CAP,1840,0,1.0,,,,read:KeyError
BOOST_NEGPULSE_1S,10-BOOST CHARGING WITH NEGATIVE PULSES_1s_PERIOD_protocol.zip,11-12-23_23.58_BCNP1s_protocol_ONE_C_charge_IN21700_30T_cycle_#1840.mat,other,1840,174,0.0,26.73,29.1,26.73,
BOOST_NEGPULSE_1S,10-BOOST CHARGING WITH NEGATIVE PULSES_1s_PERIOD_protocol.zip,11-13-23_01.49_BCNP1s_protocol_OneC_1C_dchg_IN21700_30T_cycle_#1841.mat,other,1841,2481,0.0,26.56,29.38,29.8,
BOOST_NEGPULSE_1S,10-BOOST CHARGING WITH NEGATIVE PULSES_1s_PERIOD_protocol.zip,11-13-23_04.36_BCNP1s_protocol_TwoC_2C_dchg_IN21700_30T_cycle_#1842.mat,other,1842,1239,0.0,26.57,32.83,32.97,
BOOST_NEGPULSE_1S,10-BOOST CHARGING WITH NEGATIVE PULSES_1s_PERIOD_protocol.zip,11-13-23_07.03_BCNP1s_protocol_HPPC_IN21700_30T_cycle_#1843.mat,HPPC,1843,33320,0.0,26.44,26.89,26.78,
BOOST_NEGPULSE_1S,10-BOOST CHARGING WITH NEGATIVE PULSES_1s_PERIOD_protocol.zip,11-14-23_12.40_BCNP1s_protocol_tenpercent_chg_a_IN21700_30T_cycle_#1843.mat,other,1843,754,0.0,26.74,26.84,26.91,
BOOST_NEGPULSE_1S,10-BOOST CHARGING WITH NEGATIVE PULSES_1s_PERIOD_protocol.zip,11-14-23_13.03_BCNP1s_protocol_FastCharge_IN21700_30T_cycle_#1843.mat,other,1843,2590,0.0,26.53,35.32,,
BOOST_NEGPULSE_1S,10-BOOST CHARGING WITH NEGATIVE PULSES_1s_PERIOD_protocol.zip,11-14-23_13.24_BCNP1s_protocol__Fifteen_Drive_Cycles_set_IN21700_30T_cycle_#1844_to_1858.mat,drive,1844,69671,0.0,26.45,29.54,29.71,
BOOST_NEGPULSE_1S,10-BOOST CHARGING WITH NEGATIVE PULSES_1s_PERIOD_protocol.zip,11-15-23_10.45_BCNP1s_protocol_halfC_0.5C_dchg_(b1)_IN21700_30T_cycle_#1859.mat,halfC,1859,4980,0.0,26.58,27.69,28.05,
BOOST_NEGPULSE_1S,10-BOOST CHARGING WITH NEGATIVE PULSES_1s_PERIOD_protocol.zip,11-15-23_10.45_BCNP1s_protocol_halfC_CAP_(b1)_forexcel_cycle_#1859.mat,CAP,1859,0,1.0,,,,read:KeyError
BOOST_NEGPULSE_1S,10-BOOST CHARGING WITH NEGATIVE PULSES_1s_PERIOD_protocol.zip,11-15-23_14.11_BCNP1s_protocol_halfC_0.5C_dchg_(b2)_IN21700_30T_cycle_#1860.mat,halfC,1860,4980,0.0,26.57,27.68,28.01,
BOOST_NEGPULSE_1S,10-BOOST CHARGING WITH NEGATIVE PULSES_1s_PERIOD_protocol.zip,11-15-23_14.11_BCNP1s_protocol_halfC_CAP_(b2)_forexcel_cycle_#1860.mat,CAP,1860,0,1.0,,,,read:KeyError
BOOST_NEGPULSE_1S,10-BOOST CHARGING WITH NEGATIVE PULSES_1s_PERIOD_protocol.zip,11-15-23_16.17_BCNP1s_protocol__Fifteen_Drive_Cycles_set_IN21700_30T_cycle_#1861_to_1875.mat,drive,1861,68088,0.0,26.45,29.58,29.74,
BOOST_NEGPULSE_1S,10-BOOST CHARGING WITH NEGATIVE PULSES_1s_PERIOD_protocol.zip,Cover20 is not performed this week_#50.mat,other,-1,0,1.0,,,,read:KeyError
BOOST_NEGPULSE_1S,10-BOOST CHARGING WITH NEGATIVE PULSES_1s_PERIOD_protocol.zip,11-16-23_17.50_BCNP1s_protocol_whole_Schedule_IN21700_30T_cycle_#1876_week#51.mat,schedule,1876,217963,0.0,26.3,28.57,28.87,
BOOST_NEGPULSE_1S,10-BOOST CHARGING WITH NEGATIVE PULSES_1s_PERIOD_protocol.zip,11-17-23_06.07_BCNP1s_protocol_OCV_0.05C_IN21700_30T_cycle_#1876.mat,OCV,1876,1773,0.0,26.45,26.58,26.58,
BOOST_NEGPULSE_1S,10-BOOST CHARGING WITH NEGATIVE PULSES_1s_PERIOD_protocol.zip,11-18-23_12.36_BCNP1s_protocol_halfC_0.5C_dchg_(a1)_IN21700_30T_cycle_#1877.mat,halfC,1877,4926,0.0,26.51,27.83,28.13,
BOOST_NEGPULSE_1S,10-BOOST CHARGING WITH NEGATIVE PULSES_1s_PERIOD_protocol.zip,11-18-23_12.36_BCNP1s_protocol_halfC_CAP_(a1)_forexcel_cycle_#1877.mat,CAP,1877,0,1.0,,,,read:KeyError
BOOST_NEGPULSE_1S,10-BOOST CHARGING WITH NEGATIVE PULSES_1s_PERIOD_protocol.zip,11-18-23_16.05_BCNP1s_protocol_halfC_0.5C_dchg_(a2)_IN21700_30T_cycle_#1878.mat,halfC,1878,4942,0.0,26.52,27.72,28.05,
BOOST_NEGPULSE_1S,10-BOOST CHARGING WITH NEGATIVE PULSES_1s_PERIOD_protocol.zip,11-18-23_16.05_BCNP1s_protocol_halfC_CAP_(a2)_forexcel_cycle_#1878.mat,CAP,1878,0,1.0,,,,read:KeyError
BOOST_NEGPULSE_1S,10-BOOST CHARGING WITH NEGATIVE PULSES_1s_PERIOD_protocol.zip,11-18-23_17.43_BCNP1s_protocol_ONE_C_charge_IN21700_30T_cycle_#1878.mat,other,1878,167,0.0,26.74,29.2,26.76,
BOOST_NEGPULSE_1S,10-BOOST CHARGING WITH NEGATIVE PULSES_1s_PERIOD_protocol.zip,11-18-23_19.35_BCNP1s_protocol_OneC_1C_dchg_IN21700_30T_cycle_#1879.mat,other,1879,2441,0.0,26.54,29.58,29.92,
BOOST_NEGPULSE_1S,10-BOOST CHARGING WITH NEGATIVE PULSES_1s_PERIOD_protocol.zip,11-18-23_22.22_BCNP1s_protocol_TwoC_2C_dchg_IN21700_30T_cycle_#1880.mat,other,1880,1217,0.0,26.51,33.18,33.22,
BOOST_NEGPULSE_1S,10-BOOST CHARGING WITH NEGATIVE PULSES_1s_PERIOD_protocol.zip,11-19-23_00.50_BCNP1s_protocol_HPPC_IN21700_30T_cycle_#1881.mat,HPPC,1881,33148,0.0,26.44,26.89,26.78,
BOOST_NEGPULSE_1S,10-BOOST CHARGING WITH NEGATIVE PULSES_1s_PERIOD_protocol.zip,11-20-23_06.24_BCNP1s_protocol_tenpercent_chg_a_IN21700_30T_cycle_#1881.mat,other,1881,743,0.0,26.8,26.88,26.99,
BOOST_NEGPULSE_1S,10-BOOST CHARGING WITH NEGATIVE PULSES_1s_PERIOD_protocol.zip,11-20-23_06.46_BCNP1s_protocol_FastCharge_IN21700_30T_cycle_#1881.mat,other,1881,1229,0.0,26.57,31.84,,
BOOST_NEGPULSE_1S,10-BOOST CHARGING WITH NEGATIVE PULSES_1s_PERIOD_protocol.zip,11-20-23_07.06_BCNP1s_protocol__Fifteen_Drive_Cycles_set_IN21700_30T_cycle_#1882_to_1896.mat,drive,1882,67537,0.0,26.49,29.69,29.82,
BOOST_NEGPULSE_1S,10-BOOST CHARGING WITH NEGATIVE PULSES_1s_PERIOD_protocol.zip,11-21-23_03.53_BCNP1s_protocol_halfC_0.5C_dchg_(b1)_IN21700_30T_cycle_#1897.mat,halfC,1897,4881,0.0,26.56,27.8,28.09,
BOOST_NEGPULSE_1S,10-BOOST CHARGING WITH NEGATIVE PULSES_1s_PERIOD_protocol.zip,11-21-23_03.53_BCNP1s_protocol_halfC_CAP_(b1)_forexcel_cycle_#1897.mat,CAP,1897,0,1.0,,,,read:KeyError
BOOST_NEGPULSE_1S,10-BOOST CHARGING WITH NEGATIVE PULSES_1s_PERIOD_protocol.zip,11-21-23_07.18_BCNP1s_protocol_halfC_0.5C_dchg_(b2)_IN21700_30T_cycle_#1898.mat,halfC,1898,4883,0.0,26.54,27.81,28.08,
BOOST_NEGPULSE_1S,10-BOOST CHARGING WITH NEGATIVE PULSES_1s_PERIOD_protocol.zip,11-21-23_07.18_BCNP1s_protocol_halfC_CAP_(b2)_forexcel_cycle_#1898.mat,CAP,1898,0,1.0,,,,read:KeyError
BOOST_NEGPULSE_1S,10-BOOST CHARGING WITH NEGATIVE PULSES_1s_PERIOD_protocol.zip,11-21-23_09.23_BCNP1s_protocol__Fifteen_Drive_Cycles_set_IN21700_30T_cycle_#1899_to_1913.mat,drive,1899,66787,0.0,26.48,29.72,29.84,
CC_CELL2,11-CONSTANT CURRENT SECOND CELL protocol.zip,08-21-21_10.27_CC2_protocol_halfC_CAP_(a1)_forexcel_cycle_#1.mat,CAP,1,0,1.0,,,,read:KeyError
CC_CELL2,11-CONSTANT CURRENT SECOND CELL protocol.zip,08-21-21_10.27_CC2_protocol_whole_Schedule_IN21700_30T_cycle_#1_week#1.mat,schedule,1,310799,0.0,24.86,26.39,26.42,
CC_CELL2,11-CONSTANT CURRENT SECOND CELL protocol.zip,08-21-21_12.35_CC2_protocol_OCV_0.05C_IN21700_30T_cycle_#1.mat,OCV,1,2464,0.0,24.86,25.58,25.55,
CC_CELL2,11-CONSTANT CURRENT SECOND CELL protocol.zip,08-23-21_06.36_CC2_protocol_halfC_0.5C_dchg_(a1)_IN21700_30T_cycle_#2.mat,halfC,2,7121,0.0,24.96,25.73,26.11,
CC_CELL2,11-CONSTANT CURRENT SECOND CELL protocol.zip,08-23-21_06.36_CC2_protocol_halfC_CAP_(a1)_forexcel_cycle_#2.mat,CAP,2,0,1.0,,,,read:KeyError
CC_CELL2,11-CONSTANT CURRENT SECOND CELL protocol.zip,08-23-21_08.49_CC2_protocol_ONE_C_charge_IN21700_30T_cycle_#2.mat,other,2,343,0.0,25.11,26.54,25.86,
CC_CELL2,11-CONSTANT CURRENT SECOND CELL protocol.zip,08-23-21_10.05_CC2_protocol_halfC_0.5C_dchg_(a2)_IN21700_30T_cycle_#3.mat,halfC,3,7146,0.0,24.9,25.67,25.91,
CC_CELL2,11-CONSTANT CURRENT SECOND CELL protocol.zip,08-23-21_10.05_CC2_protocol_halfC_CAP_(a2)_forexcel_cycle_#3.mat,CAP,3,0,1.0,,,,read:KeyError
CC_CELL2,11-CONSTANT CURRENT SECOND CELL protocol.zip,08-23-21_12.19_CC2_protocol_ONE_C_charge_IN21700_30T_cycle_#3.mat,other,3,344,0.0,25.03,26.53,25.69,
CC_CELL2,11-CONSTANT CURRENT SECOND CELL protocol.zip,08-23-21_13.35_CC2_protocol_OneC_1C_dchg_IN21700_30T_cycle_#4.mat,other,4,3539,0.0,25.19,26.06,26.38,
CC_CELL2,11-CONSTANT CURRENT SECOND CELL protocol.zip,08-23-21_16.07_CC2_protocol_TwoC_2C_dchg_IN21700_30T_cycle_#5.mat,other,5,1755,0.0,25.36,27.57,28.17,
CC_CELL2,11-CONSTANT CURRENT SECOND CELL protocol.zip,08-23-21_18.14_CC2_protocol_HPPC_IN21700_30T_cycle_#6.mat,HPPC,6,35057,0.0,25.08,26.15,26.2,
CC_CELL2,11-CONSTANT CURRENT SECOND CELL protocol.zip,08-25-21_00.19_CC2_protocol_tenpercent_chg_a_IN21700_30T_cycle_#6.mat,other,6,1,0.0,26.58,26.58,26.58,
CC_CELL2,11-CONSTANT CURRENT SECOND CELL protocol.zip,08-25-21_01.21_CC2_protocol__Fifteen_Drive_Cycles_set_IN21700_30T_cycle_#7_to_21.mat,drive,7,109388,0.0,25.17,26.56,26.6,
CC_CELL2,11-CONSTANT CURRENT SECOND CELL protocol.zip,08-25-21_01.21_CC_protocol_Drive_Cycles(a)_IN21700_30T_cycle_#7.mat,drive,7,109388,0.0,25.17,26.56,26.6,
CC_CELL2,11-CONSTANT CURRENT SECOND CELL protocol.zip,08-26-21_09.12_CC2_protocol_halfC_0.5C_dchg_(b1)_IN21700_30T_cycle_#22.mat,halfC,22,7117,0.0,25.13,25.91,26.09,
CC_CELL2,11-CONSTANT CURRENT SECOND CELL protocol.zip,08-26-21_09.12_CC2_protocol_halfC_CAP_(b1)_forexcel_cycle_#22.mat,CAP,22,0,1.0,,,,read:KeyError
CC_CELL2,11-CONSTANT CURRENT SECOND CELL protocol.zip,08-26-21_12.36_CC2_protocol_halfC_0.5C_dchg_(b2)_IN21700_30T_cycle_#23.mat,halfC,23,7118,0.0,25.07,25.83,26.09,
CC_CELL2,11-CONSTANT CURRENT SECOND CELL protocol.zip,08-26-21_12.36_CC2_protocol_halfC_CAP_(b2)_forexcel_cycle_#23.mat,CAP,23,0,1.0,,,,read:KeyError
CC_CELL2,11-CONSTANT CURRENT SECOND CELL protocol.zip,08-26-21_15.36_CC2_protocol__Fifteen_Drive_Cycles_set_IN21700_30T_cycle_#24_to_38.mat,drive,24,108758,0.0,25.15,26.48,26.54,
CC_CELL2,11-CONSTANT CURRENT SECOND CELL protocol.zip,08-26-21_15.36_CC_protocol_Drive_Cycles(b)_IN21700_30T_cycle_#22.mat,drive,22,108758,0.0,25.15,26.48,26.54,
CC_CELL2,11-CONSTANT CURRENT SECOND CELL protocol.zip,08-28-21_08.23_CC2_protocol_whole_Schedule_IN21700_30T_cycle_#39_week#2.mat,schedule,39,306019,0.0,24.99,26.36,26.38,
CC_CELL2,11-CONSTANT CURRENT SECOND CELL protocol.zip,08-28-21_08.49_CC2_protocol_halfC_0.5C_dchg_(a1)_IN21700_30T_cycle_#39.mat,halfC,39,7128,0.0,25.16,25.88,26.09,
CC_CELL2,11-CONSTANT CURRENT SECOND CELL protocol.zip,08-28-21_08.49_CC2_protocol_halfC_CAP_(a1)_forexcel_cycle_#39.mat,CAP,39,0,1.0,,,,read:KeyError
CC_CELL2,11-CONSTANT CURRENT SECOND CELL protocol.zip,08-28-21_11.03_CC2_protocol_ONE_C_charge_IN21700_30T_cycle_#37.mat,other,37,340,0.0,25.16,26.53,25.81,
CC_CELL2,11-CONSTANT CURRENT SECOND CELL protocol.zip,08-28-21_12.18_CC2_protocol_halfC_0.5C_dchg_(a2)_IN21700_30T_cycle_#40.mat,halfC,40,7074,0.0,25.08,25.85,26.11,
CC_CELL2,11-CONSTANT CURRENT SECOND CELL protocol.zip,08-28-21_12.18_CC2_protocol_halfC_CAP_(a2)_forexcel_cycle_#40.mat,CAP,40,0,1.0,,,,read:KeyError
CC_CELL2,11-CONSTANT CURRENT SECOND CELL protocol.zip,08-28-21_14.31_CC2_protocol_ONE_C_charge_IN21700_30T_cycle_#40.mat,other,40,341,0.0,25.07,26.7,25.75,
CC_CELL2,11-CONSTANT CURRENT SECOND CELL protocol.zip,08-28-21_15.46_CC2_protocol_OneC_1C_dchg_IN21700_30T_cycle_#41.mat,other,41,3510,0.0,25.47,26.23,26.48,
CC_CELL2,11-CONSTANT CURRENT SECOND CELL protocol.zip,08-28-21_18.16_CC2_protocol_TwoC_2C_dchg_IN21700_30T_cycle_#42.mat,other,42,1742,0.0,25.46,27.46,27.96,
CC_CELL2,11-CONSTANT CURRENT SECOND CELL protocol.zip,08-28-21_20.22_CC2_protocol_HPPC_IN21700_30T_cycle_#43.mat,HPPC,43,35093,0.0,24.99,26.09,26.11,
CC_CELL2,11-CONSTANT CURRENT SECOND CELL protocol.zip,08-30-21_02.29_CC2_protocol_tenpercent_chg_a_IN21700_30T_cycle_#43.mat,other,43,1,0.0,25.91,25.91,25.91,
CC_CELL2,11-CONSTANT CURRENT SECOND CELL protocol.zip,08-30-21_03.29_CC2_protocol__Fifteen_Drive_Cycles_set_IN21700_30T_cycle_#44_to_58.mat,drive,44,108414,0.0,25.16,26.49,26.53,
CC_CELL2,11-CONSTANT CURRENT SECOND CELL protocol.zip,08-30-21_03.29_CC_protocol_Drive_Cycles(a)_IN21700_30T_cycle_#42.mat,drive,42,108414,0.0,25.16,26.49,26.53,
CC_CELL2,11-CONSTANT CURRENT SECOND CELL protocol.zip,08-31-21_11.04_CC2_protocol_halfC_0.5C_dchg_(b1)_IN21700_30T_cycle_#59.mat,halfC,59,7067,0.0,25.18,25.9,26.18,
CC_CELL2,11-CONSTANT CURRENT SECOND CELL protocol.zip,08-31-21_11.04_CC2_protocol_halfC_CAP_(b1)_forexcel_cycle_#59.mat,CAP,59,0,1.0,,,,read:KeyError
CC_CELL2,11-CONSTANT CURRENT SECOND CELL protocol.zip,08-31-21_14.27_CC2_protocol_halfC_0.5C_dchg_(b2)_IN21700_30T_cycle_#60.mat,halfC,60,7068,0.0,25.16,25.86,26.08,
CC_CELL2,11-CONSTANT CURRENT SECOND CELL protocol.zip,08-31-21_14.27_CC2_protocol_halfC_CAP_(b2)_forexcel_cycle_#60.mat,CAP,60,0,1.0,,,,read:KeyError
CC_CELL2,11-CONSTANT CURRENT SECOND CELL protocol.zip,08-31-21_17.26_CC2_protocol__Fifteen_Drive_Cycles_set_IN21700_30T_cycle_#61_to_75.mat,drive,61,108177,0.0,25.04,26.45,26.47,
CC_CELL2,11-CONSTANT CURRENT SECOND CELL protocol.zip,08-31-21_17.26_CC_protocol_Drive_Cycles(b)_IN21700_30T_cycle_#59.mat,drive,59,108177,0.0,25.04,26.45,26.47,
CC_CELL2,11-CONSTANT CURRENT SECOND CELL protocol.zip,Cover20 is not performed this week_#2.mat,other,-1,0,1.0,,,,read:KeyError
CC_CELL2,11-CONSTANT CURRENT SECOND CELL protocol.zip,09-02-21_07.53_CC2_protocol_whole_Schedule_IN21700_30T_cycle_#76_week#3.mat,schedule,76,307765,0.0,24.96,26.31,26.34,
CC_CELL2,11-CONSTANT CURRENT SECOND CELL protocol.zip,09-02-21_09.11_CC2_protocol_OCV_0.05C_IN21700_30T_cycle_#76.mat,OCV,76,2447,0.0,24.96,25.67,25.66,
CC_CELL2,11-CONSTANT CURRENT SECOND CELL protocol.zip,09-04-21_03.23_CC2_protocol_halfC_0.5C_dchg_(a1)_IN21700_30T_cycle_#77.mat,halfC,77,7059,0.0,25.03,25.76,26.01,
CC_CELL2,11-CONSTANT CURRENT SECOND CELL protocol.zip,09-04-21_03.23_CC2_protocol_halfC_CAP_(a1)_forexcel_cycle_#77.mat,CAP,77,0,1.0,,,,read:KeyError
CC_CELL2,11-CONSTANT CURRENT SECOND CELL protocol.zip,09-04-21_06.51_CC2_protocol_halfC_0.5C_dchg_(a2)_IN21700_30T_cycle_#78.mat,halfC,78,7023,0.0,25.07,25.78,25.91,
CC_CELL2,11-CONSTANT CURRENT SECOND CELL protocol.zip,09-04-21_06.51_CC2_protocol_halfC_CAP_(a2)_forexcel_cycle_#78.mat,CAP,78,0,1.0,,,,read:KeyError
CC_CELL2,11-CONSTANT CURRENT SECOND CELL protocol.zip,09-04-21_09.03_CC2_protocol_ONE_C_charge_IN21700_30T_cycle_#78.mat,other,78,337,0.0,25.19,26.57,25.81,
CC_CELL2,11-CONSTANT CURRENT SECOND CELL protocol.zip,09-04-21_10.18_CC2_protocol_OneC_1C_dchg_IN21700_30T_cycle_#79.mat,other,79,3488,0.0,25.29,26.18,26.46,
CC_CELL2,11-CONSTANT CURRENT SECOND CELL protocol.zip,09-04-21_12.49_CC2_protocol_TwoC_2C_dchg_IN21700_30T_cycle_#80.mat,other,80,1729,0.0,25.41,27.41,27.9,
CC_CELL2,11-CONSTANT CURRENT SECOND CELL protocol.zip,09-04-21_14.54_CC2_protocol_HPPC_IN21700_30T_cycle_#81.mat,HPPC,81,35096,0.0,25.02,26.06,26.07,
CC_CELL2,11-CONSTANT CURRENT SECOND CELL protocol.zip,09-05-21_21.00_CC2_protocol_tenpercent_chg_a_IN21700_30T_cycle_#81.mat,other,81,1,0.0,26.51,26.51,26.51,
CC_CELL2,11-CONSTANT CURRENT SECOND CELL protocol.zip,09-05-21_22.01_CC2_protocol__Fifteen_Drive_Cycles_set_IN21700_30T_cycle_#82_to_96.mat,drive,82,107851,0.0,25.16,26.43,26.47,
CC_CELL2,11-CONSTANT CURRENT SECOND CELL protocol.zip,09-05-21_22.01_CC_protocol_Drive_Cycles(a)_IN21700_30T_cycle_#82.mat,drive,82,107851,0.0,25.16,26.43,26.47,
CC_CELL2,11-CONSTANT CURRENT SECOND CELL protocol.zip,09-07-21_05.26_CC2_protocol_halfC_0.5C_dchg_(b1)_IN21700_30T_cycle_#97.mat,halfC,97,7015,0.0,25.14,25.82,26.02,
CC_CELL2,11-CONSTANT CURRENT SECOND CELL protocol.zip,09-07-21_05.26_CC2_protocol_halfC_CAP_(b1)_forexcel_cycle_#97.mat,CAP,97,0,1.0,,,,read:KeyError
CC_CELL2,11-CONSTANT CURRENT SECOND CELL protocol.zip,09-07-21_08.48_CC2_protocol_halfC_0.5C_dchg_(b2)_IN21700_30T_cycle_#98.mat,halfC,98,7017,0.0,25.07,25.8,26.02,
CC_CELL2,11-CONSTANT CURRENT SECOND CELL protocol.zip,09-07-21_08.48_CC2_protocol_halfC_CAP_(b2)_forexcel_cycle_#98.mat,CAP,98,0,1.0,,,,read:KeyError
CC_CELL2,11-CONSTANT CURRENT SECOND CELL protocol.zip,09-07-21_11.46_CC2_protocol__Fifteen_Drive_Cycles_set_IN21700_30T_cycle_#99_to_113.mat,drive,99,108142,0.0,25.2,26.44,26.47,
CC_CELL2,11-CONSTANT CURRENT SECOND CELL protocol.zip,09-07-21_11.46_CC_protocol_Drive_Cycles(b)_IN21700_30T_cycle_#97.mat,drive,97,108142,0.0,25.2,26.44,26.47,
CC_CELL2,11-CONSTANT CURRENT SECOND CELL protocol.zip,10-02-21_18.05_CC2_protocol_whole_Schedule_IN21700_30T_cycle_#114_week#4.mat,schedule,114,294231,0.0,22.57,25.95,25.93,
CC_CELL2,11-CONSTANT CURRENT SECOND CELL protocol.zip,10-02-21_18.32_CC2_protocol_halfC_0.5C_dchg_(a1)_IN21700_30T_cycle_#114.mat,halfC,114,6913,0.0,24.62,25.52,25.96,
CC_CELL2,11-CONSTANT CURRENT SECOND CELL protocol.zip,10-02-21_18.32_CC2_protocol_halfC_CAP_(a1)_forexcel_cycle_#114.mat,CAP,114,0,1.0,,,,read:KeyError
CC_CELL2,11-CONSTANT CURRENT SECOND CELL protocol.zip,10-02-21_21.56_CC2_protocol_halfC_0.5C_dchg_(a2)_IN21700_30T_cycle_#115.mat,halfC,115,6896,0.0,24.53,25.29,25.45,
CC_CELL2,11-CONSTANT CURRENT SECOND CELL protocol.zip,10-02-21_21.56_CC2_protocol_halfC_CAP_(a2)_forexcel_cycle_#115.mat,CAP,115,0,1.0,,,,read:KeyError
CC_CELL2,11-CONSTANT CURRENT SECOND CELL protocol.zip,10-03-21_00.06_CC2_protocol_ONE_C_charge_IN21700_30T_cycle_#115.mat,other,115,330,0.0,24.7,26.05,25.5,
CC_CELL2,11-CONSTANT CURRENT SECOND CELL protocol.zip,10-03-21_01.21_CC2_protocol_OneC_1C_dchg_IN21700_30T_cycle_#116.mat,other,116,3420,0.0,25.31,26.37,26.78,
CC_CELL2,11-CONSTANT CURRENT SECOND CELL protocol.zip,10-03-21_03.49_CC2_protocol_TwoC_2C_dchg_IN21700_30T_cycle_#117.mat,other,117,1693,0.0,24.86,26.48,26.96,
CC_CELL2,11-CONSTANT CURRENT SECOND CELL protocol.zip,10-03-21_05.50_CC2_protocol_HPPC_IN21700_30T_cycle_#118.mat,HPPC,118,35161,0.0,23.89,25.78,25.73,
CC_CELL2,11-CONSTANT CURRENT SECOND CELL protocol.zip,10-04-21_11.59_CC2_protocol_tenpercent_chg_a_IN21700_30T_cycle_#118.mat,other,118,1,0.0,25.88,25.88,25.88,
CC_CELL2,11-CONSTANT CURRENT SECOND CELL protocol.zip,10-04-21_12.56_CC2_protocol__Fifteen_Drive_Cycles_set_IN21700_30T_cycle_#119_to_133.mat,drive,119,102787,0.0,22.57,26.08,26.03,
CC_CELL2,11-CONSTANT CURRENT SECOND CELL protocol.zip,10-04-21_12.56_CC_protocol_Drive_Cycles(a)_IN21700_30T_cycle_#115.mat,drive,115,102787,0.0,22.57,26.08,26.03,
CC_CELL2,11-CONSTANT CURRENT SECOND CELL protocol.zip,10-05-21_18.51_CC2_protocol_halfC_0.5C_dchg_(b1)_IN21700_30T_cycle_#134.mat,halfC,134,6921,0.0,24.84,25.8,25.49,
CC_CELL2,11-CONSTANT CURRENT SECOND CELL protocol.zip,10-05-21_18.51_CC2_protocol_halfC_CAP_(b1)_forexcel_cycle_#134.mat,CAP,134,0,1.0,,,,read:KeyError
CC_CELL2,11-CONSTANT CURRENT SECOND CELL protocol.zip,10-05-21_22.12_CC2_protocol_halfC_0.5C_dchg_(b2)_IN21700_30T_cycle_#135.mat,halfC,135,6927,0.0,24.7,25.53,25.92,
CC_CELL2,11-CONSTANT CURRENT SECOND CELL protocol.zip,10-05-21_22.12_CC2_protocol_halfC_CAP_(b2)_forexcel_cycle_#135.mat,CAP,135,0,1.0,,,,read:KeyError
CC_CELL2,11-CONSTANT CURRENT SECOND CELL protocol.zip,10-06-21_01.06_CC2_protocol__Fifteen_Drive_Cycles_set_IN21700_30T_cycle_#136_to_150.mat,drive,136,102787,0.0,22.57,26.08,26.03,
CC_CELL2,11-CONSTANT CURRENT SECOND CELL protocol.zip,10-06-21_01.06_CC_protocol_Drive_Cycles(b)_IN21700_30T_cycle_#132.mat,drive,132,103504,0.0,23.75,26.01,26.0,
CC_CELL2,11-CONSTANT CURRENT SECOND CELL protocol.zip,Cover20 is not performed this week_#4.mat,other,-1,0,1.0,,,,read:KeyError
CC_CELL2,11-CONSTANT CURRENT SECOND CELL protocol.zip,10-07-21_08.23_CC2_protocol_whole_Schedule_IN21700_30T_cycle_#151_week#5.mat,schedule,151,368575,0.0,23.02,27.69,27.67,
CC_CELL2,11-CONSTANT CURRENT SECOND CELL protocol.zip,10-07-21_09.40_CC2_protocol_OCV_0.05C_IN21700_30T_cycle_#151.mat,OCV,151,2417,0.0,23.02,25.46,25.47,
CC_CELL2,11-CONSTANT CURRENT SECOND CELL protocol.zip,10-09-21_03.21_CC2_protocol_halfC_0.5C_dchg_(a1)_IN21700_30T_cycle_#152.mat,halfC,152,6957,0.0,24.95,25.93,26.38,
CC_CELL2,11-CONSTANT CURRENT SECOND CELL protocol.zip,10-09-21_03.21_CC2_protocol_halfC_CAP_(a1)_forexcel_cycle_#152.mat,CAP,152,0,1.0,,,,read:KeyError
CC_CELL2,11-CONSTANT CURRENT SECOND CELL protocol.zip,10-09-21_06.47_CC2_protocol_halfC_0.5C_dchg_(a2)_IN21700_30T_cycle_#153.mat,halfC,153,6913,0.0,24.58,25.36,25.65,
CC_CELL2,11-CONSTANT CURRENT SECOND CELL protocol.zip,10-09-21_06.47_CC2_protocol_halfC_CAP_(a2)_forexcel_cycle_#153.mat,CAP,153,0,1.0,,,,read:KeyError
CC_CELL2,11-CONSTANT CURRENT SECOND CELL protocol.zip,10-09-21_08.58_CC2_protocol_ONE_C_charge_IN21700_30T_cycle_#153.mat,other,153,330,0.0,25.02,26.41,25.76,
CC_CELL2,11-CONSTANT CURRENT SECOND CELL protocol.zip,10-09-21_10.13_CC2_protocol_OneC_1C_dchg_IN21700_30T_cycle_#154.mat,other,154,3420,0.0,24.82,25.82,25.49,
CC_CELL2,11-CONSTANT CURRENT SECOND CELL protocol.zip,10-09-21_12.40_CC2_protocol_TwoC_2C_dchg_IN21700_30T_cycle_#155.mat,other,155,1695,0.0,24.71,26.52,26.93,
CC_CELL2,11-CONSTANT CURRENT SECOND CELL protocol.zip,10-09-21_14.42_CC2_protocol_HPPC_IN21700_30T_cycle_#156.mat,HPPC,156,34954,0.0,23.81,25.87,26.28,
CC_CELL2,11-CONSTANT CURRENT SECOND CELL protocol.zip,10-11-21_04.51_CC2_protocol_tenpercent_chg_a_IN21700_30T_cycle_#156.mat,other,156,1,0.0,27.84,27.84,27.84,
CC_CELL2,11-CONSTANT CURRENT SECOND CELL protocol.zip,10-11-21_06.09_CC2_protocol__Fifteen_Drive_Cycles_set_IN21700_30T_cycle_#157_to_171.mat,drive,157,133795,0.0,25.17,27.99,27.97,
CC_CELL2,11-CONSTANT CURRENT SECOND CELL protocol.zip,10-11-21_06.09_CC_protocol_Drive_Cycles(a)_IN21700_30T_cycle_#157.mat,drive,157,133795,0.0,25.17,27.99,27.97,
CC_CELL2,11-CONSTANT CURRENT SECOND CELL protocol.zip,10-12-21_21.07_CC2_protocol_halfC_0.5C_dchg_(b1)_IN21700_30T_cycle_#172.mat,halfC,172,6909,0.0,25.02,26.13,26.51,
CC_CELL2,11-CONSTANT CURRENT SECOND CELL protocol.zip,10-12-21_21.07_CC2_protocol_halfC_CAP_(b1)_forexcel_cycle_#172.mat,CAP,172,0,1.0,,,,read:KeyError
CC_CELL2,11-CONSTANT CURRENT SECOND CELL protocol.zip,10-13-21_00.38_CC2_protocol_halfC_0.5C_dchg_(b2)_IN21700_30T_cycle_#173.mat,halfC,173,6912,0.0,25.03,26.11,26.49,
CC_CELL2,11-CONSTANT CURRENT SECOND CELL protocol.zip,10-13-21_00.38_CC2_protocol_halfC_CAP_(b2)_forexcel_cycle_#173.mat,CAP,173,0,1.0,,,,read:KeyError
CC_CELL2,11-CONSTANT CURRENT SECOND CELL protocol.zip,10-13-21_03.53_CC2_protocol__Fifteen_Drive_Cycles_set_IN21700_30T_cycle_#174_to_188.mat,drive,174,139566,0.0,25.39,28.21,28.2,
CC_CELL2,11-CONSTANT CURRENT SECOND CELL protocol.zip,10-13-21_03.53_CC_protocol_Drive_Cycles(b)_IN21700_30T_cycle_#172.mat,drive,172,139566,0.0,25.39,28.21,28.2,
CC_CELL2,11-CONSTANT CURRENT SECOND CELL protocol.zip,10-14-21_23.11_CC2_protocol_whole_Schedule_IN21700_30T_cycle_#189_week#6.mat,schedule,189,362189,0.0,24.88,27.79,27.76,
CC_CELL2,11-CONSTANT CURRENT SECOND CELL protocol.zip,10-14-21_23.37_CC2_protocol_halfC_0.5C_dchg_(a1)_IN21700_30T_cycle_#189.mat,halfC,189,6943,0.0,25.2,26.14,26.6,
CC_CELL2,11-CONSTANT CURRENT SECOND CELL protocol.zip,10-14-21_23.37_CC2_protocol_halfC_CAP_(a1)_forexcel_cycle_#189.mat,CAP,189,0,1.0,,,,read:KeyError
CC_CELL2,11-CONSTANT CURRENT SECOND CELL protocol.zip,10-15-21_03.18_CC2_protocol_halfC_0.5C_dchg_(a2)_IN21700_30T_cycle_#190.mat,halfC,190,6892,0.0,25.22,26.27,26.63,
CC_CELL2,11-CONSTANT CURRENT SECOND CELL protocol.zip,10-15-21_03.18_CC2_protocol_halfC_CAP_(a2)_forexcel_cycle_#190.mat,CAP,190,0,1.0,,,,read:KeyError
CC_CELL2,11-CONSTANT CURRENT SECOND CELL protocol.zip,10-15-21_05.37_CC2_protocol_ONE_C_charge_IN21700_30T_cycle_#190.mat,other,190,328,0.0,25.67,28.87,26.5,
CC_CELL2,11-CONSTANT CURRENT SECOND CELL protocol.zip,10-15-21_06.59_CC2_protocol_OneC_1C_dchg_IN21700_30T_cycle_#191.mat,other,191,3416,0.0,26.21,27.25,27.76,
CC_CELL2,11-CONSTANT CURRENT SECOND CELL protocol.zip,10-15-21_09.47_CC2_protocol_TwoC_2C_dchg_IN21700_30T_cycle_#192.mat,other,192,1703,0.0,26.33,30.22,31.51,
CC_CELL2,11-CONSTANT CURRENT SECOND CELL protocol.zip,10-15-21_12.21_CC2_protocol_HPPC_IN21700_30T_cycle_#193.mat,HPPC,193,35139,0.0,25.53,26.83,26.86,
CC_CELL2,11-CONSTANT CURRENT SECOND CELL protocol.zip,10-16-21_18.29_CC2_protocol_tenpercent_chg_a_IN21700_30T_cycle_#193.mat,other,193,1,0.0,28.35,28.35,28.35,
CC_CELL2,11-CONSTANT CURRENT SECOND CELL protocol.zip,10-16-21_19.51_CC2_protocol__Fifteen_Drive_Cycles_set_IN21700_30T_cycle_#194_to_208.mat,drive,194,133158,0.0,25.45,28.02,28.0,
CC_CELL2,11-CONSTANT CURRENT SECOND CELL protocol.zip,10-16-21_19.51_CC_protocol_Drive_Cycles(a)_IN21700_30T_cycle_#188.mat,drive,188,133158,0.0,25.45,28.02,28.0,
CC_CELL2,11-CONSTANT CURRENT SECOND CELL protocol.zip,10-18-21_10.37_CC2_protocol_halfC_0.5C_dchg_(b1)_IN21700_30T_cycle_#209.mat,halfC,209,6865,0.0,25.01,26.14,26.48,
CC_CELL2,11-CONSTANT CURRENT SECOND CELL protocol.zip,10-18-21_10.37_CC2_protocol_halfC_CAP_(b1)_forexcel_cycle_#209.mat,CAP,209,0,1.0,,,,read:KeyError
CC_CELL2,11-CONSTANT CURRENT SECOND CELL protocol.zip,10-18-21_14.07_CC2_protocol_halfC_0.5C_dchg_(b2)_IN21700_30T_cycle_#210.mat,halfC,210,6868,0.0,24.97,26.06,26.43,
CC_CELL2,11-CONSTANT CURRENT SECOND CELL protocol.zip,10-18-21_14.07_CC2_protocol_halfC_CAP_(b2)_forexcel_cycle_#210.mat,CAP,210,0,1.0,,,,read:KeyError
CC_CELL2,11-CONSTANT CURRENT SECOND CELL protocol.zip,10-18-21_17.20_CC2_protocol__Fifteen_Drive_Cycles_set_IN21700_30T_cycle_#211_to_225.mat,drive,211,135896,0.0,24.88,28.15,28.11,
CC_CELL2,11-CONSTANT CURRENT SECOND CELL protocol.zip,10-18-21_17.20_CC_protocol_Drive_Cycles(b)_IN21700_30T_cycle_#205.mat,drive,205,135896,0.0,24.88,28.15,28.11,
CC_CELL2,11-CONSTANT CURRENT SECOND CELL protocol.zip,Cover20 is not performed this week_#6.mat,other,-1,0,1.0,,,,read:KeyError
CC_CELL2,11-CONSTANT CURRENT SECOND CELL protocol.zip,10-21-21_22.38_CC2_protocol_whole_Schedule_IN21700_30T_cycle_#226_week#7.mat,schedule,226,295573,0.0,21.24,25.98,25.99,
CC_CELL2,11-CONSTANT CURRENT SECOND CELL protocol.zip,10-22-21_00.24_CC2_protocol_OCV_0.05C_IN21700_30T_cycle_#226.mat,OCV,226,2384,0.0,23.8,25.41,25.44,
CC_CELL2,11-CONSTANT CURRENT SECOND CELL protocol.zip,10-23-21_17.04_CC2_protocol_halfC_0.5C_dchg_(a1)_IN21700_30T_cycle_#227.mat,halfC,227,6814,0.0,24.66,25.55,25.98,
CC_CELL2,11-CONSTANT CURRENT SECOND CELL protocol.zip,10-23-21_17.04_CC2_protocol_halfC_CAP_(a1)_forexcel_cycle_#227.mat,CAP,227,0,1.0,,,,read:KeyError
CC_CELL2,11-CONSTANT CURRENT SECOND CELL protocol.zip,10-23-21_20.28_CC2_protocol_halfC_0.5C_dchg_(a2)_IN21700_30T_cycle_#228.mat,halfC,228,6821,0.0,24.55,25.29,25.45,
CC_CELL2,11-CONSTANT CURRENT SECOND CELL protocol.zip,10-23-21_20.28_CC2_protocol_halfC_CAP_(a2)_forexcel_cycle_#228.mat,CAP,228,0,1.0,,,,read:KeyError
CC_CELL2,11-CONSTANT CURRENT SECOND CELL protocol.zip,10-23-21_22.37_CC2_protocol_ONE_C_charge_IN21700_30T_cycle_#228.mat,other,228,322,0.0,24.75,26.02,25.45,
CC_CELL2,11-CONSTANT CURRENT SECOND CELL protocol.zip,10-23-21_23.53_CC2_protocol_OneC_1C_dchg_IN21700_30T_cycle_#229.mat,other,229,3379,0.0,25.19,26.23,26.61,
CC_CELL2,11-CONSTANT CURRENT SECOND CELL protocol.zip,10-24-21_02.23_CC2_protocol_TwoC_2C_dchg_IN21700_30T_cycle_#230.mat,other,230,1671,0.0,24.78,26.61,26.99,
CC_CELL2,11-CONSTANT CURRENT SECOND CELL protocol.zip,10-24-21_04.26_CC2_protocol_HPPC_IN21700_30T_cycle_#231.mat,HPPC,231,35110,0.0,23.86,25.77,25.84,
CC_CELL2,11-CONSTANT CURRENT SECOND CELL protocol.zip,10-25-21_10.35_CC2_protocol_tenpercent_chg_a_IN21700_30T_cycle_#231.mat,other,231,1,0.0,25.6,25.6,25.6,
CC_CELL2,11-CONSTANT CURRENT SECOND CELL protocol.zip,10-25-21_11.30_CC2_protocol__Fifteen_Drive_Cycles_set_IN21700_30T_cycle_#232_to_246.mat,drive,232,102506,0.0,21.56,26.06,26.09,
CC_CELL2,11-CONSTANT CURRENT SECOND CELL protocol.zip,10-25-21_11.30_CC_protocol_Drive_Cycles(a)_IN21700_30T_cycle_#232.mat,drive,232,102506,0.0,21.56,26.06,26.09,
CC_CELL2,11-CONSTANT CURRENT SECOND CELL protocol.zip,10-26-21_17.22_CC2_protocol_halfC_0.5C_dchg_(b1)_IN21700_30T_cycle_#247.mat,halfC,247,6812,0.0,22.2,26.03,26.4,
CC_CELL2,11-CONSTANT CURRENT SECOND CELL protocol.zip,10-26-21_17.22_CC2_protocol_halfC_CAP_(b1)_forexcel_cycle_#247.mat,CAP,247,0,1.0,,,,read:KeyError
CC_CELL2,11-CONSTANT CURRENT SECOND CELL protocol.zip,10-26-21_20.43_CC2_protocol_halfC_0.5C_dchg_(b2)_IN21700_30T_cycle_#248.mat,halfC,248,6808,0.0,24.65,25.39,25.66,
CC_CELL2,11-CONSTANT CURRENT SECOND CELL protocol.zip,10-26-21_20.43_CC2_protocol_halfC_CAP_(b2)_forexcel_cycle_#248.mat,CAP,248,0,1.0,,,,read:KeyError
CC_CELL2,11-CONSTANT CURRENT SECOND CELL protocol.zip,10-26-21_23.33_CC2_protocol__Fifteen_Drive_Cycles_set_IN21700_30T_cycle_#249_to_263.mat,drive,249,102902,0.0,24.45,26.1,26.01,
CC_CELL2,11-CONSTANT CURRENT SECOND CELL protocol.zip,10-26-21_23.33_CC_protocol_Drive_Cycles(b)_IN21700_30T_cycle_#247.mat,drive,247,102902,0.0,24.45,26.1,26.01,
CC_CELL2,11-CONSTANT CURRENT SECOND CELL protocol.zip,10-28-21_06.58_CC2_protocol_whole_Schedule_IN21700_30T_cycle_#264_week#8.mat,schedule,264,292294,0.0,21.7,25.99,25.98,
CC_CELL2,11-CONSTANT CURRENT SECOND CELL protocol.zip,10-28-21_07.24_CC2_protocol_halfC_0.5C_dchg_(a1)_IN21700_30T_cycle_#264.mat,halfC,264,6845,0.0,24.6,25.33,25.54,
CC_CELL2,11-CONSTANT CURRENT SECOND CELL protocol.zip,10-28-21_07.24_CC2_protocol_halfC_CAP_(a1)_forexcel_cycle_#264.mat,CAP,264,0,1.0,,,,read:KeyError
CC_CELL2,11-CONSTANT CURRENT SECOND CELL protocol.zip,10-28-21_10.50_CC2_protocol_halfC_0.5C_dchg_(a2)_IN21700_30T_cycle_#265.mat,halfC,265,6788,0.0,24.6,25.72,25.56,
CC_CELL2,11-CONSTANT CURRENT SECOND CELL protocol.zip,10-28-21_10.50_CC2_protocol_halfC_CAP_(a2)_forexcel_cycle_#265.mat,CAP,265,0,1.0,,,,read:KeyError
CC_CELL2,11-CONSTANT CURRENT SECOND CELL protocol.zip,10-28-21_12.58_CC2_protocol_ONE_C_charge_IN21700_30T_cycle_#265.mat,other,265,319,0.0,24.66,25.93,25.47,
CC_CELL2,11-CONSTANT CURRENT SECOND CELL protocol.zip,10-28-21_14.15_CC2_protocol_OneC_1C_dchg_IN21700_30T_cycle_#266.mat,other,266,3359,0.0,22.42,25.83,26.05,
CC_CELL2,11-CONSTANT CURRENT SECOND CELL protocol.zip,10-28-21_16.42_CC2_protocol_TwoC_2C_dchg_IN21700_30T_cycle_#267.mat,other,267,1664,0.0,22.27,26.96,27.2,
CC_CELL2,11-CONSTANT CURRENT SECOND CELL protocol.zip,10-28-21_18.45_CC2_protocol_HPPC_IN21700_30T_cycle_#268.mat,HPPC,268,35100,0.0,24.63,25.77,25.83,
CC_CELL2,11-CONSTANT CURRENT SECOND CELL protocol.zip,10-30-21_00.53_CC2_protocol_tenpercent_chg_a_IN21700_30T_cycle_#268.mat,other,268,1,0.0,25.79,25.79,25.79,
CC_CELL2,11-CONSTANT CURRENT SECOND CELL protocol.zip,10-30-21_01.49_CC2_protocol__Fifteen_Drive_Cycles_set_IN21700_30T_cycle_#269_to_283.mat,drive,269,102689,0.0,24.06,26.1,26.03,
CC_CELL2,11-CONSTANT CURRENT SECOND CELL protocol.zip,10-30-21_01.49_CC_protocol_Drive_Cycles(a)_IN21700_30T_cycle_#261.mat,drive,261,102689,0.0,24.06,26.1,26.03,
CC_CELL2,11-CONSTANT CURRENT SECOND CELL protocol.zip,10-31-21_07.45_CC2_protocol_halfC_0.5C_dchg_(b1)_IN21700_30T_cycle_#284.mat,halfC,284,6766,0.0,24.73,25.65,25.59,
CC_CELL2,11-CONSTANT CURRENT SECOND CELL protocol.zip,10-31-21_07.45_CC2_protocol_halfC_CAP_(b1)_forexcel_cycle_#284.mat,CAP,284,0,1.0,,,,read:KeyError
CC_CELL2,11-CONSTANT CURRENT SECOND CELL protocol.zip,10-31-21_11.05_CC2_protocol_halfC_0.5C_dchg_(b2)_IN21700_30T_cycle_#285.mat,halfC,285,6774,0.0,24.84,25.7,26.13,
CC_CELL2,11-CONSTANT CURRENT SECOND CELL protocol.zip,10-31-21_11.05_CC2_protocol_halfC_CAP_(b2)_forexcel_cycle_#285.mat,CAP,285,0,1.0,,,,read:KeyError
CC_CELL2,11-CONSTANT CURRENT SECOND CELL protocol.zip,10-31-21_13.54_CC2_protocol__Fifteen_Drive_Cycles_set_IN21700_30T_cycle_#286_to_300.mat,drive,286,102209,0.0,23.72,26.09,26.11,
CC_CELL2,11-CONSTANT CURRENT SECOND CELL protocol.zip,10-31-21_13.54_CC_protocol_Drive_Cycles(b)_IN21700_30T_cycle_#278.mat,drive,278,102209,0.0,23.72,26.09,26.11,
CC_CELL2,11-CONSTANT CURRENT SECOND CELL protocol.zip,Cover20 is not performed this week_#8.mat,other,-1,0,1.0,,,,read:KeyError
CC_CELL2,11-CONSTANT CURRENT SECOND CELL protocol.zip,11-01-21_21.36_CC2_protocol_whole_Schedule_IN21700_30T_cycle_#301_week#9.mat,schedule,301,294103,0.0,21.95,26.0,25.91,
CC_CELL2,11-CONSTANT CURRENT SECOND CELL protocol.zip,11-01-21_22.53_CC2_protocol_OCV_0.05C_IN21700_30T_cycle_#301.mat,OCV,301,2386,0.0,22.12,25.47,25.44,
CC_CELL2,11-CONSTANT CURRENT SECOND CELL protocol.zip,11-03-21_17.09_CC2_protocol_halfC_0.5C_dchg_(a1)_IN21700_30T_cycle_#302.mat,halfC,302,6795,0.0,21.95,25.65,25.55,
CC_CELL2,11-CONSTANT CURRENT SECOND CELL protocol.zip,11-03-21_17.09_CC2_protocol_halfC_CAP_(a1)_forexcel_cycle_#302.mat,CAP,302,0,1.0,,,,read:KeyError
CC_CELL2,11-CONSTANT CURRENT SECOND CELL protocol.zip,11-03-21_20.34_CC2_protocol_halfC_0.5C_dchg_(a2)_IN21700_30T_cycle_#303.mat,halfC,303,6750,0.0,24.88,25.8,26.24,
CC_CELL2,11-CONSTANT CURRENT SECOND CELL protocol.zip,11-03-21_20.34_CC2_protocol_halfC_CAP_(a2)_forexcel_cycle_#303.mat,CAP,303,0,1.0,,,,read:KeyError
CC_CELL2,11-CONSTANT CURRENT SECOND CELL protocol.zip,11-03-21_22.41_CC2_protocol_ONE_C_charge_IN21700_30T_cycle_#303.mat,other,303,316,0.0,25.63,26.31,26.49,
CC_CELL2,11-CONSTANT CURRENT SECOND CELL protocol.zip,11-03-21_23.58_CC2_protocol_OneC_1C_dchg_IN21700_30T_cycle_#304.mat,other,304,3334,0.0,24.75,25.6,25.82,
CC_CELL2,11-CONSTANT CURRENT SECOND CELL protocol.zip,11-04-21_02.25_CC2_protocol_TwoC_2C_dchg_IN21700_30T_cycle_#305.mat,other,305,1655,0.0,25.1,27.16,27.63,
CC_CELL2,11-CONSTANT CURRENT SECOND CELL protocol.zip,11-04-21_04.30_CC2_protocol_HPPC_IN21700_30T_cycle_#306.mat,HPPC,306,35077,0.0,23.83,25.76,25.74,
CC_CELL2,11-CONSTANT CURRENT SECOND CELL protocol.zip,11-05-21_10.38_CC2_protocol_tenpercent_chg_a_IN21700_30T_cycle_#306.mat,other,306,1,0.0,25.72,25.72,25.72,
CC_CELL2,11-CONSTANT CURRENT SECOND CELL protocol.zip,11-05-21_11.35_CC2_protocol__Fifteen_Drive_Cycles_set_IN21700_30T_cycle_#307_to_321.mat,drive,307,102337,0.0,23.93,26.12,26.04,
CC_CELL2,11-CONSTANT CURRENT SECOND CELL protocol.zip,11-05-21_11.35_CC_protocol_Drive_Cycles(a)_IN21700_30T_cycle_#307.mat,drive,307,102337,0.0,23.93,26.12,26.04,
CC_CELL2,11-CONSTANT CURRENT SECOND CELL protocol.zip,11-06-21_17.25_CC2_protocol_halfC_0.5C_dchg_(b1)_IN21700_30T_cycle_#322.mat,halfC,322,6731,0.0,24.84,25.76,26.23,
CC_CELL2,11-CONSTANT CURRENT SECOND CELL protocol.zip,11-06-21_17.25_CC2_protocol_halfC_CAP_(b1)_forexcel_cycle_#322.mat,CAP,322,0,1.0,,,,read:KeyError
CC_CELL2,11-CONSTANT CURRENT SECOND CELL protocol.zip,11-06-21_20.45_CC2_protocol_halfC_0.5C_dchg_(b2)_IN21700_30T_cycle_#323.mat,halfC,323,6727,0.0,24.59,25.36,25.58,
CC_CELL2,11-CONSTANT CURRENT SECOND CELL protocol.zip,11-06-21_20.45_CC2_protocol_halfC_CAP_(b2)_forexcel_cycle_#323.mat,CAP,323,0,1.0,,,,read:KeyError
CC_CELL2,11-CONSTANT CURRENT SECOND CELL protocol.zip,11-06-21_23.34_CC2_protocol__Fifteen_Drive_Cycles_set_IN21700_30T_cycle_#324_to_338.mat,drive,324,101931,0.0,24.1,26.1,25.9,
CC_CELL2,11-CONSTANT CURRENT SECOND CELL protocol.zip,11-06-21_23.34_CC_protocol_Drive_Cycles(b)_IN21700_30T_cycle_#322.mat,drive,322,101931,0.0,24.1,26.1,25.9,
CC_CELL2,11-CONSTANT CURRENT SECOND CELL protocol.zip,11-09-21_19.48_CC2_protocol_whole_Schedule_IN21700_30T_cycle_#339_week#10.mat,schedule,339,291407,0.0,21.49,26.0,25.95,
CC_CELL2,11-CONSTANT CURRENT SECOND CELL protocol.zip,11-09-21_20.15_CC2_protocol_halfC_0.5C_dchg_(a1)_IN21700_30T_cycle_#339.mat,halfC,339,6744,0.0,24.65,25.39,25.55,
CC_CELL2,11-CONSTANT CURRENT SECOND CELL protocol.zip,11-09-21_20.15_CC2_protocol_halfC_CAP_(a1)_forexcel_cycle_#339.mat,CAP,339,0,1.0,,,,read:KeyError
CC_CELL2,11-CONSTANT CURRENT SECOND CELL protocol.zip,11-09-21_23.39_CC2_protocol_halfC_0.5C_dchg_(a2)_IN21700_30T_cycle_#340.mat,halfC,340,6685,0.0,24.83,25.79,25.6,
CC_CELL2,11-CONSTANT CURRENT SECOND CELL protocol.zip,11-09-21_23.39_CC2_protocol_halfC_CAP_(a2)_forexcel_cycle_#340.mat,CAP,340,0,1.0,,,,read:KeyError
CC_CELL2,11-CONSTANT CURRENT SECOND CELL protocol.zip,11-10-21_01.45_CC2_protocol_ONE_C_charge_IN21700_30T_cycle_#340.mat,other,340,312,0.0,24.8,25.93,25.51,
CC_CELL2,11-CONSTANT CURRENT SECOND CELL protocol.zip,11-10-21_03.03_CC2_protocol_OneC_1C_dchg_IN21700_30T_cycle_#341.mat,other,341,3310,0.0,24.89,25.96,26.37,
CC_CELL2,11-CONSTANT CURRENT SECOND CELL protocol.zip,11-10-21_05.31_CC2_protocol_TwoC_2C_dchg_IN21700_30T_cycle_#342.mat,other,342,1639,0.0,24.97,26.85,27.24,
CC_CELL2,11-CONSTANT CURRENT SECOND CELL protocol.zip,11-10-21_07.35_CC2_protocol_HPPC_IN21700_30T_cycle_#343.mat,HPPC,343,35116,0.0,24.09,25.79,25.82,
CC_CELL2,11-CONSTANT CURRENT SECOND CELL protocol.zip,11-11-21_13.43_CC2_protocol_tenpercent_chg_a_IN21700_30T_cycle_#343.mat,other,343,1,0.0,25.64,25.64,25.64,
CC_CELL2,11-CONSTANT CURRENT SECOND CELL protocol.zip,11-11-21_14.38_CC2_protocol__Fifteen_Drive_Cycles_set_IN21700_30T_cycle_#344_to_358.mat,drive,344,102333,0.0,21.49,26.13,26.15,
CC_CELL2,11-CONSTANT CURRENT SECOND CELL protocol.zip,11-11-21_14.38_CC_protocol_Drive_Cycles(a)_IN21700_30T_cycle_#334.mat,drive,334,102333,0.0,21.49,26.13,26.15,
CC_CELL2,11-CONSTANT CURRENT SECOND CELL protocol.zip,11-12-21_20.30_CC2_protocol_halfC_0.5C_dchg_(b1)_IN21700_30T_cycle_#359.mat,halfC,359,6683,0.0,24.69,25.44,25.81,
CC_CELL2,11-CONSTANT CURRENT SECOND CELL protocol.zip,11-12-21_20.30_CC2_protocol_halfC_CAP_(b1)_forexcel_cycle_#359.mat,CAP,359,0,1.0,,,,read:KeyError
CC_CELL2,11-CONSTANT CURRENT SECOND CELL protocol.zip,11-12-21_23.49_CC2_protocol_halfC_0.5C_dchg_(b2)_IN21700_30T_cycle_#360.mat,halfC,360,6685,0.0,24.04,25.25,25.59,
CC_CELL2,11-CONSTANT CURRENT SECOND CELL protocol.zip,11-12-21_23.49_CC2_protocol_halfC_CAP_(b2)_forexcel_cycle_#360.mat,CAP,360,0,1.0,,,,read:KeyError
CC_CELL2,11-CONSTANT CURRENT SECOND CELL protocol.zip,11-13-21_02.36_CC2_protocol__Fifteen_Drive_Cycles_set_IN21700_30T_cycle_#361_to_375.mat,drive,361,101980,0.0,24.26,26.1,25.95,
CC_CELL2,11-CONSTANT CURRENT SECOND CELL protocol.zip,11-13-21_02.36_CC_protocol_Drive_Cycles(b)_IN21700_30T_cycle_#351.mat,drive,351,101980,0.0,24.26,26.1,25.95,
CC_CELL2,11-CONSTANT CURRENT SECOND CELL protocol.zip,Cover20 is not performed this week_#10.mat,other,-1,0,1.0,,,,read:KeyError
CC_CELL2,11-CONSTANT CURRENT SECOND CELL protocol.zip,11-15-21_13.24_CC2_protocol_whole_Schedule_IN21700_30T_cycle_#376_week#11.mat,schedule,376,292100,0.0,20.64,26.03,26.0,
CC_CELL2,11-CONSTANT CURRENT SECOND CELL protocol.zip,11-15-21_14.41_CC2_protocol_OCV_0.05C_IN21700_30T_cycle_#376.mat,OCV,376,2367,0.0,21.11,25.48,25.43,
CC_CELL2,11-CONSTANT CURRENT SECOND CELL protocol.zip,11-17-21_07.10_CC2_protocol_halfC_0.5C_dchg_(a1)_IN21700_30T_cycle_#377.mat,halfC,377,6710,0.0,24.94,25.84,25.61,
CC_CELL2,11-CONSTANT CURRENT SECOND CELL protocol.zip,11-17-21_07.10_CC2_protocol_halfC_CAP_(a1)_forexcel_cycle_#377.mat,CAP,377,0,1.0,,,,read:KeyError
CC_CELL2,11-CONSTANT CURRENT SECOND CELL protocol.zip,11-17-21_10.35_CC2_protocol_halfC_0.5C_dchg_(a2)_IN21700_30T_cycle_#378.mat,halfC,378,6659,0.0,24.78,25.61,26.02,
CC_CELL2,11-CONSTANT CURRENT SECOND CELL protocol.zip,11-17-21_10.35_CC2_protocol_halfC_CAP_(a2)_forexcel_cycle_#378.mat,CAP,378,0,1.0,,,,read:KeyError
CC_CELL2,11-CONSTANT CURRENT SECOND CELL protocol.zip,11-17-21_12.41_CC2_protocol_ONE_C_charge_IN21700_30T_cycle_#378.mat,other,378,311,0.0,25.45,26.85,26.06,
CC_CELL2,11-CONSTANT CURRENT SECOND CELL protocol.zip,11-17-21_13.58_CC2_protocol_OneC_1C_dchg_IN21700_30T_cycle_#379.mat,other,379,3290,0.0,24.9,25.73,25.97,
CC_CELL2,11-CONSTANT CURRENT SECOND CELL protocol.zip,11-17-21_16.25_CC2_protocol_TwoC_2C_dchg_IN21700_30T_cycle_#380.mat,other,380,1631,0.0,24.98,26.99,27.46,
CC_CELL2,11-CONSTANT CURRENT SECOND CELL protocol.zip,11-17-21_18.29_CC2_protocol_HPPC_IN21700_30T_cycle_#381.mat,HPPC,381,35084,0.0,21.55,25.76,25.78,
CC_CELL2,11-CONSTANT CURRENT SECOND CELL protocol.zip,11-19-21_00.38_CC2_protocol_tenpercent_chg_a_IN21700_30T_cycle_#381.mat,other,381,1,0.0,26.19,26.19,26.19,
CC_CELL2,11-CONSTANT CURRENT SECOND CELL protocol.zip,11-19-21_01.34_CC2_protocol__Fifteen_Drive_Cycles_set_IN21700_30T_cycle_#382_to_396.mat,drive,382,101365,0.0,20.64,26.19,26.11,
CC_CELL2,11-CONSTANT CURRENT SECOND CELL protocol.zip,11-19-21_01.34_CC_protocol_Drive_Cycles(a)_IN21700_30T_cycle_#382.mat,drive,382,101365,0.0,20.64,26.19,26.11,
CC_CELL2,11-CONSTANT CURRENT SECOND CELL protocol.zip,11-20-21_07.08_CC2_protocol_halfC_0.5C_dchg_(b1)_IN21700_30T_cycle_#397.mat,halfC,397,6646,0.0,24.72,25.6,26.03,
CC_CELL2,11-CONSTANT CURRENT SECOND CELL protocol.zip,11-20-21_07.08_CC2_protocol_halfC_CAP_(b1)_forexcel_cycle_#397.mat,CAP,397,0,1.0,,,,read:KeyError
CC_CELL2,11-CONSTANT CURRENT SECOND CELL protocol.zip,11-20-21_10.27_CC2_protocol_halfC_0.5C_dchg_(b2)_IN21700_30T_cycle_#398.mat,halfC,398,6641,0.0,24.52,25.34,25.51,
CC_CELL2,11-CONSTANT CURRENT SECOND CELL protocol.zip,11-20-21_10.27_CC2_protocol_halfC_CAP_(b2)_forexcel_cycle_#398.mat,CAP,398,0,1.0,,,,read:KeyError
CC_CELL2,11-CONSTANT CURRENT SECOND CELL protocol.zip,11-20-21_13.13_CC2_protocol__Fifteen_Drive_Cycles_set_IN21700_30T_cycle_#399_to_413.mat,drive,399,101375,0.0,24.28,26.15,26.1,
CC_CELL2,11-CONSTANT CURRENT SECOND CELL protocol.zip,11-20-21_13.13_CC_protocol_Drive_Cycles(b)_IN21700_30T_cycle_#397.mat,drive,397,101375,0.0,24.28,26.15,26.1,
CC_CELL2,11-CONSTANT CURRENT SECOND CELL protocol.zip,11-23-21_09.28_CC2_protocol_whole_Schedule_IN21700_30T_cycle_#414_week#12.mat,schedule,414,288921,0.0,23.85,26.04,26.06,
CC_CELL2,11-CONSTANT CURRENT SECOND CELL protocol.zip,11-23-21_09.56_CC2_protocol_halfC_0.5C_dchg_(a1)_IN21700_30T_cycle_#414.mat,halfC,414,6644,0.0,24.76,25.62,25.55,
CC_CELL2,11-CONSTANT CURRENT SECOND CELL protocol.zip,11-23-21_09.56_CC2_protocol_halfC_CAP_(a1)_forexcel_cycle_#414.mat,CAP,414,0,1.0,,,,read:KeyError
CC_CELL2,11-CONSTANT CURRENT SECOND CELL protocol.zip,11-23-21_13.20_CC2_protocol_halfC_0.5C_dchg_(a2)_IN21700_30T_cycle_#415.mat,halfC,415,6602,0.0,25.02,25.96,26.39,
CC_CELL2,11-CONSTANT CURRENT SECOND CELL protocol.zip,11-23-21_13.20_CC2_protocol_halfC_CAP_(a2)_forexcel_cycle_#415.mat,CAP,415,0,1.0,,,,read:KeyError
CC_CELL2,11-CONSTANT CURRENT SECOND CELL protocol.zip,11-23-21_15.25_CC2_protocol_ONE_C_charge_IN21700_30T_cycle_#415.mat,other,415,306,0.0,25.54,26.22,26.12,
CC_CELL2,11-CONSTANT CURRENT SECOND CELL protocol.zip,11-23-21_16.43_CC2_protocol_OneC_1C_dchg_IN21700_30T_cycle_#416.mat,other,416,3257,0.0,24.86,25.64,25.89,
CC_CELL2,11-CONSTANT CURRENT SECOND CELL protocol.zip,11-23-21_19.09_CC2_protocol_TwoC_2C_dchg_IN21700_30T_cycle_#417.mat,other,417,1617,0.0,25.25,27.32,27.82,
CC_CELL2,11-CONSTANT CURRENT SECOND CELL protocol.zip,11-23-21_21.14_CC2_protocol_HPPC_IN21700_30T_cycle_#418.mat,HPPC,418,35137,0.0,24.61,25.76,25.84,
CC_CELL2,11-CONSTANT CURRENT SECOND CELL protocol.zip,11-25-21_03.23_CC2_protocol_tenpercent_chg_a_IN21700_30T_cycle_#418.mat,other,418,1,0.0,26.55,26.55,26.55,
CC_CELL2,11-CONSTANT CURRENT SECOND CELL protocol.zip,11-25-21_04.18_CC2_protocol__Fifteen_Drive_Cycles_set_IN21700_30T_cycle_#419_to_433.mat,drive,419,101053,0.0,23.92,26.17,26.17,
CC_CELL2,11-CONSTANT CURRENT SECOND CELL protocol.zip,11-25-21_04.18_CC_protocol_Drive_Cycles(a)_IN21700_30T_cycle_#407.mat,drive,407,101053,0.0,23.92,26.17,26.17,
CC_CELL2,11-CONSTANT CURRENT SECOND CELL protocol.zip,11-26-21_09.47_CC2_protocol_halfC_0.5C_dchg_(b1)_IN21700_30T_cycle_#434.mat,halfC,434,6598,0.0,25.11,25.99,25.77,
CC_CELL2,11-CONSTANT CURRENT SECOND CELL protocol.zip,11-26-21_09.47_CC2_protocol_halfC_CAP_(b1)_forexcel_cycle_#434.mat,CAP,434,0,1.0,,,,read:KeyError
CC_CELL2,11-CONSTANT CURRENT SECOND CELL protocol.zip,11-26-21_13.06_CC2_protocol_halfC_0.5C_dchg_(b2)_IN21700_30T_cycle_#435.mat,halfC,435,6604,0.0,24.76,25.6,26.03,
CC_CELL2,11-CONSTANT CURRENT SECOND CELL protocol.zip,11-26-21_13.06_CC2_protocol_halfC_CAP_(b2)_forexcel_cycle_#435.mat,CAP,435,0,1.0,,,,read:KeyError
CC_CELL2,11-CONSTANT CURRENT SECOND CELL protocol.zip,11-26-21_15.52_CC2_protocol__Fifteen_Drive_Cycles_set_IN21700_30T_cycle_#436_to_450.mat,drive,436,101146,0.0,23.85,26.11,26.03,
CC_CELL2,11-CONSTANT CURRENT SECOND CELL protocol.zip,11-26-21_15.52_CC_protocol_Drive_Cycles(b)_IN21700_30T_cycle_#424.mat,drive,424,101146,0.0,23.85,26.11,26.03,
CC_CELL2,11-CONSTANT CURRENT SECOND CELL protocol.zip,Cover20 is not performed this week_#12.mat,other,-1,0,1.0,,,,read:KeyError
CC_CELL2,11-CONSTANT CURRENT SECOND CELL protocol.zip,11-27-21_22.40_CC2_protocol_whole_Schedule_IN21700_30T_cycle_#451_week#13.mat,schedule,451,290658,0.0,23.89,26.04,26.04,
CC_CELL2,11-CONSTANT CURRENT SECOND CELL protocol.zip,11-27-21_23.57_CC2_protocol_OCV_0.05C_IN21700_30T_cycle_#451.mat,OCV,451,2349,0.0,24.11,25.48,25.51,
CC_CELL2,11-CONSTANT CURRENT SECOND CELL protocol.zip,11-29-21_16.03_CC2_protocol_halfC_0.5C_dchg_(a1)_IN21700_30T_cycle_#452.mat,halfC,452,6629,0.0,23.89,25.29,25.5,
CC_CELL2,11-CONSTANT CURRENT SECOND CELL protocol.zip,11-29-21_16.03_CC2_protocol_halfC_CAP_(a1)_forexcel_cycle_#452.mat,CAP,452,0,1.0,,,,read:KeyError
CC_CELL2,11-CONSTANT CURRENT SECOND CELL protocol.zip,11-29-21_19.27_CC2_protocol_halfC_0.5C_dchg_(a2)_IN21700_30T_cycle_#453.mat,halfC,453,6569,0.0,25.17,26.01,26.01,
CC_CELL2,11-CONSTANT CURRENT SECOND CELL protocol.zip,11-29-21_19.27_CC2_protocol_halfC_CAP_(a2)_forexcel_cycle_#453.mat,CAP,453,0,1.0,,,,read:KeyError
CC_CELL2,11-CONSTANT CURRENT SECOND CELL protocol.zip,11-29-21_21.31_CC2_protocol_ONE_C_charge_IN21700_30T_cycle_#453.mat,other,453,304,0.0,24.78,26.01,25.46,
CC_CELL2,11-CONSTANT CURRENT SECOND CELL protocol.zip,11-29-21_22.49_CC2_protocol_OneC_1C_dchg_IN21700_30T_cycle_#454.mat,other,454,3254,0.0,24.76,25.79,26.09,
CC_CELL2,11-CONSTANT CURRENT SECOND CELL protocol.zip,11-30-21_01.18_CC2_protocol_TwoC_2C_dchg_IN21700_30T_cycle_#455.mat,other,455,1612,0.0,25.67,27.69,28.01,
CC_CELL2,11-CONSTANT CURRENT SECOND CELL protocol.zip,11-30-21_03.22_CC2_protocol_HPPC_IN21700_30T_cycle_#456.mat,HPPC,456,35104,0.0,23.91,25.78,25.82,
CC_CELL2,11-CONSTANT CURRENT SECOND CELL protocol.zip,12-01-21_09.30_CC2_protocol_tenpercent_chg_a_IN21700_30T_cycle_#456.mat,other,456,1,0.0,26.37,26.37,26.37,
CC_CELL2,11-CONSTANT CURRENT SECOND CELL protocol.zip,12-01-21_10.25_CC2_protocol__Fifteen_Drive_Cycles_set_IN21700_30T_cycle_#457_to_471.mat,drive,457,100655,0.0,24.02,26.12,26.14,
CC_CELL2,11-CONSTANT CURRENT SECOND CELL protocol.zip,12-01-21_10.25_CC_protocol_Drive_Cycles(a)_IN21700_30T_cycle_#457.mat,drive,457,100655,0.0,24.02,26.12,26.14,
CC_CELL2,11-CONSTANT CURRENT SECOND CELL protocol.zip,12-02-21_15.49_CC2_protocol_halfC_0.5C_dchg_(b1)_IN21700_30T_cycle_#472.mat,halfC,472,6567,0.0,25.21,26.11,26.27,
CC_CELL2,11-CONSTANT CURRENT SECOND CELL protocol.zip,12-02-21_15.49_CC2_protocol_halfC_CAP_(b1)_forexcel_cycle_#472.mat,CAP,472,0,1.0,,,,read:KeyError
CC_CELL2,11-CONSTANT CURRENT SECOND CELL protocol.zip,12-02-21_19.07_CC2_protocol_halfC_0.5C_dchg_(b2)_IN21700_30T_cycle_#473.mat,halfC,473,6570,0.0,24.77,25.57,25.95,
CC_CELL2,11-CONSTANT CURRENT SECOND CELL protocol.zip,12-02-21_19.07_CC2_protocol_halfC_CAP_(b2)_forexcel_cycle_#473.mat,CAP,473,0,1.0,,,,read:KeyError
CC_CELL2,11-CONSTANT CURRENT SECOND CELL protocol.zip,12-02-21_21.55_CC2_protocol__Fifteen_Drive_Cycles_set_IN21700_30T_cycle_#474_to_488.mat,drive,474,100791,0.0,24.4,26.15,26.08,
CC_CELL2,11-CONSTANT CURRENT SECOND CELL protocol.zip,12-02-21_21.55_CC_protocol_Drive_Cycles(b)_IN21700_30T_cycle_#472.mat,drive,472,100791,0.0,24.4,26.15,26.08,
CC_CELL2,11-CONSTANT CURRENT SECOND CELL protocol.zip,12-04-21_09.11_CC2_protocol_whole_Schedule_IN21700_30T_cycle_#489_week#14.mat,schedule,489,286312,0.0,17.88,26.05,26.03,
CC_CELL2,11-CONSTANT CURRENT SECOND CELL protocol.zip,12-04-21_09.40_CC2_protocol_halfC_0.5C_dchg_(a1)_IN21700_30T_cycle_#489.mat,halfC,489,6623,0.0,24.71,25.54,25.91,
CC_CELL2,11-CONSTANT CURRENT SECOND CELL protocol.zip,12-04-21_09.40_CC2_protocol_halfC_CAP_(a1)_forexcel_cycle_#489.mat,CAP,489,0,1.0,,,,read:KeyError
CC_CELL2,11-CONSTANT CURRENT SECOND CELL protocol.zip,12-04-21_13.04_CC2_protocol_halfC_0.5C_dchg_(a2)_IN21700_30T_cycle_#490.mat,halfC,490,6545,0.0,24.03,25.21,25.49,
CC_CELL2,11-CONSTANT CURRENT SECOND CELL protocol.zip,12-04-21_13.04_CC2_protocol_halfC_CAP_(a2)_forexcel_cycle_#490.mat,CAP,490,0,1.0,,,,read:KeyError
CC_CELL2,11-CONSTANT CURRENT SECOND CELL protocol.zip,12-04-21_15.08_CC2_protocol_ONE_C_charge_IN21700_30T_cycle_#490.mat,other,490,301,0.0,24.75,26.14,25.39,
CC_CELL2,11-CONSTANT CURRENT SECOND CELL protocol.zip,12-04-21_16.27_CC2_protocol_OneC_1C_dchg_IN21700_30T_cycle_#491.mat,other,491,3237,0.0,25.16,26.25,26.64,
CC_CELL2,11-CONSTANT CURRENT SECOND CELL protocol.zip,12-04-21_18.57_CC2_protocol_TwoC_2C_dchg_IN21700_30T_cycle_#492.mat,other,492,1600,0.0,24.8,26.97,27.4,
CC_CELL2,11-CONSTANT CURRENT SECOND CELL protocol.zip,12-04-21_21.02_CC2_protocol_HPPC_IN21700_30T_cycle_#493.mat,HPPC,493,35075,0.0,23.98,25.77,25.88,
CC_CELL2,11-CONSTANT CURRENT SECOND CELL protocol.zip,12-06-21_03.10_CC2_protocol_tenpercent_chg_a_IN21700_30T_cycle_#493.mat,other,493,1,0.0,26.26,26.26,26.26,
CC_CELL2,11-CONSTANT CURRENT SECOND CELL protocol.zip,12-06-21_04.05_CC2_protocol__Fifteen_Drive_Cycles_set_IN21700_30T_cycle_#494_to_508.mat,drive,494,99905,0.0,24.02,26.17,26.08,
CC_CELL2,11-CONSTANT CURRENT SECOND CELL protocol.zip,12-06-21_04.05_CC_protocol_Drive_Cycles(a)_IN21700_30T_cycle_#480.mat,drive,480,99905,0.0,24.02,26.17,26.08,
CC_CELL2,11-CONSTANT CURRENT SECOND CELL protocol.zip,12-07-21_09.17_CC2_protocol_halfC_0.5C_dchg_(b1)_IN21700_30T_cycle_#509.mat,halfC,509,6534,0.0,24.83,25.78,26.26,
CC_CELL2,11-CONSTANT CURRENT SECOND CELL protocol.zip,12-07-21_09.17_CC2_protocol_halfC_CAP_(b1)_forexcel_cycle_#509.mat,CAP,509,0,1.0,,,,read:KeyError
CC_CELL2,11-CONSTANT CURRENT SECOND CELL protocol.zip,12-07-21_12.35_CC2_protocol_halfC_0.5C_dchg_(b2)_IN21700_30T_cycle_#510.mat,halfC,510,6530,0.0,24.67,25.41,25.68,
CC_CELL2,11-CONSTANT CURRENT SECOND CELL protocol.zip,12-07-21_12.35_CC2_protocol_halfC_CAP_(b2)_forexcel_cycle_#510.mat,CAP,510,0,1.0,,,,read:KeyError
CC_CELL2,11-CONSTANT CURRENT SECOND CELL protocol.zip,12-07-21_15.20_CC2_protocol__Fifteen_Drive_Cycles_set_IN21700_30T_cycle_#511_to_525.mat,drive,511,99786,0.0,17.88,26.2,26.11,
CC_CELL2,11-CONSTANT CURRENT SECOND CELL protocol.zip,12-07-21_15.20_CC_protocol_Drive_Cycles(b)_IN21700_30T_cycle_#497.mat,drive,497,99786,0.0,17.88,26.2,26.11,
CC_CELL2,11-CONSTANT CURRENT SECOND CELL protocol.zip,Cover20 is not performed this week_#14.mat,other,-1,0,1.0,,,,read:KeyError
CC_CELL2,11-CONSTANT CURRENT SECOND CELL protocol.zip,12-10-21_10.21_CC2_protocol_whole_Schedule_IN21700_30T_cycle_#526_week#15.mat,schedule,526,288713,0.0,21.57,26.03,26.01,
CC_CELL2,11-CONSTANT CURRENT SECOND CELL protocol.zip,12-10-21_11.42_CC2_protocol_OCV_0.05C_IN21700_30T_cycle_#526.mat,OCV,526,2334,0.0,21.57,25.53,25.63,
CC_CELL2,11-CONSTANT CURRENT SECOND CELL protocol.zip,12-12-21_10.12_CC2_protocol_halfC_0.5C_dchg_(a1)_IN21700_30T_cycle_#527.mat,halfC,527,6599,0.0,24.12,25.59,25.43,
CC_CELL2,11-CONSTANT CURRENT SECOND CELL protocol.zip,12-12-21_10.12_CC2_protocol_halfC_CAP_(a1)_forexcel_cycle_#527.mat,CAP,527,0,1.0,,,,read:KeyError
CC_CELL2,11-CONSTANT CURRENT SECOND CELL protocol.zip,12-12-21_13.35_CC2_protocol_halfC_0.5C_dchg_(a2)_IN21700_30T_cycle_#528.mat,halfC,528,6512,0.0,24.79,25.7,26.2,
CC_CELL2,11-CONSTANT CURRENT SECOND CELL protocol.zip,12-12-21_13.35_CC2_protocol_halfC_CAP_(a2)_forexcel_cycle_#528.mat,CAP,528,0,1.0,,,,read:KeyError
CC_CELL2,11-CONSTANT CURRENT SECOND CELL protocol.zip,12-12-21_15.39_CC2_protocol_ONE_C_charge_IN21700_30T_cycle_#528.mat,other,528,300,0.0,25.58,26.92,26.24,
CC_CELL2,11-CONSTANT CURRENT SECOND CELL protocol.zip,12-12-21_16.58_CC2_protocol_OneC_1C_dchg_IN21700_30T_cycle_#529.mat,other,529,3215,0.0,24.92,25.77,25.91,
CC_CELL2,11-CONSTANT CURRENT SECOND CELL protocol.zip,12-12-21_19.25_CC2_protocol_TwoC_2C_dchg_IN21700_30T_cycle_#530.mat,other,530,1593,0.0,25.2,27.38,27.87,
CC_CELL2,11-CONSTANT CURRENT SECOND CELL protocol.zip,12-12-21_21.31_CC2_protocol_HPPC_IN21700_30T_cycle_#531.mat,HPPC,531,35065,0.0,24.57,25.77,25.83,
CC_CELL2,11-CONSTANT CURRENT SECOND CELL protocol.zip,12-14-21_03.40_CC2_protocol_tenpercent_chg_a_IN21700_30T_cycle_#531.mat,other,531,1,0.0,26.44,26.44,26.44,
CC_CELL2,11-CONSTANT CURRENT SECOND CELL protocol.zip,12-14-21_04.35_CC2_protocol__Fifteen_Drive_Cycles_set_IN21700_30T_cycle_#532_to_546.mat,drive,532,99800,0.0,24.42,26.12,26.13,
CC_CELL2,11-CONSTANT CURRENT SECOND CELL protocol.zip,12-14-21_04.35_CC_protocol_Drive_Cycles(a)_IN21700_30T_cycle_#532.mat,drive,532,99800,0.0,24.42,26.12,26.13,
CC_CELL2,11-CONSTANT CURRENT SECOND CELL protocol.zip,12-15-21_09.49_CC2_protocol_halfC_0.5C_dchg_(b1)_IN21700_30T_cycle_#547.mat,halfC,547,6493,0.0,24.65,25.35,25.65,
CC_CELL2,11-CONSTANT CURRENT SECOND CELL protocol.zip,12-15-21_09.49_CC2_protocol_halfC_CAP_(b1)_forexcel_cycle_#547.mat,CAP,547,0,1.0,,,,read:KeyError
CC_CELL2,11-CONSTANT CURRENT SECOND CELL protocol.zip,12-15-21_13.06_CC2_protocol_halfC_0.5C_dchg_(b2)_IN21700_30T_cycle_#548.mat,halfC,548,6496,0.0,24.77,25.8,25.63,
CC_CELL2,11-CONSTANT CURRENT SECOND CELL protocol.zip,12-15-21_13.06_CC2_protocol_halfC_CAP_(b2)_forexcel_cycle_#548.mat,CAP,548,0,1.0,,,,read:KeyError
CC_CELL2,11-CONSTANT CURRENT SECOND CELL protocol.zip,12-15-21_15.49_CC2_protocol__Fifteen_Drive_Cycles_set_IN21700_30T_cycle_#549_to_563.mat,drive,549,99910,0.0,24.15,26.18,26.1,
CC_CELL2,11-CONSTANT CURRENT SECOND CELL protocol.zip,12-15-21_15.49_CC_protocol_Drive_Cycles(b)_IN21700_30T_cycle_#547.mat,drive,547,99910,0.0,24.15,26.18,26.1,
CC_CELL2,11-CONSTANT CURRENT SECOND CELL protocol.zip,12-17-21_11.28_CC2_protocol_whole_Schedule_IN21700_30T_cycle_#564_week#16.mat,schedule,564,283567,0.0,24.04,25.89,25.84,
CC_CELL2,11-CONSTANT CURRENT SECOND CELL protocol.zip,12-17-21_11.57_CC2_protocol_halfC_0.5C_dchg_(a1)_IN21700_30T_cycle_#564.mat,halfC,564,6546,0.0,24.57,25.34,25.35,
CC_CELL2,11-CONSTANT CURRENT SECOND CELL protocol.zip,12-17-21_11.57_CC2_protocol_halfC_CAP_(a1)_forexcel_cycle_#564.mat,CAP,564,0,1.0,,,,read:KeyError
CC_CELL2,11-CONSTANT CURRENT SECOND CELL protocol.zip,12-17-21_15.21_CC2_protocol_halfC_0.5C_dchg_(a2)_IN21700_30T_cycle_#565.mat,halfC,565,6451,0.0,25.12,25.77,25.58,
CC_CELL2,11-CONSTANT CURRENT SECOND CELL protocol.zip,12-17-21_15.21_CC2_protocol_halfC_CAP_(a2)_forexcel_cycle_#565.mat,CAP,565,0,1.0,,,,read:KeyError
CC_CELL2,11-CONSTANT CURRENT SECOND CELL protocol.zip,12-17-21_17.23_CC2_protocol_ONE_C_charge_IN21700_30T_cycle_#565.mat,other,565,296,0.0,24.71,25.91,25.41,
CC_CELL2,11-CONSTANT CURRENT SECOND CELL protocol.zip,12-17-21_18.42_CC2_protocol_OneC_1C_dchg_IN21700_30T_cycle_#566.mat,other,566,3192,0.0,24.89,25.67,25.97,
CC_CELL2,11-CONSTANT CURRENT SECOND CELL protocol.zip,12-17-21_21.11_CC2_protocol_TwoC_2C_dchg_IN21700_30T_cycle_#567.mat,other,567,1581,0.0,25.92,27.44,27.59,
CC_CELL2,11-CONSTANT CURRENT SECOND CELL protocol.zip,12-18-21_10.17_CC2_protocol_HPPC_IN21700_30T_cycle_#568.mat,HPPC,568,35007,0.0,24.2,25.57,25.61,
CC_CELL2,11-CONSTANT CURRENT SECOND CELL protocol.zip,12-19-21_18.10_CC2_protocol_tenpercent_chg_a_IN21700_30T_cycle_#568.mat,other,568,1,0.0,26.22,26.22,26.22,
CC_CELL2,11-CONSTANT CURRENT SECOND CELL protocol.zip,12-19-21_19.05_CC2_protocol__Fifteen_Drive_Cycles_set_IN21700_30T_cycle_#569_to_583.mat,drive,569,98693,0.0,24.04,25.99,25.96,
CC_CELL2,11-CONSTANT CURRENT SECOND CELL protocol.zip,12-19-21_19.05_CC_protocol_Drive_Cycles(a)_IN21700_30T_cycle_#553.mat,drive,553,98693,0.0,24.04,25.99,25.96,
CC_CELL2,11-CONSTANT CURRENT SECOND CELL protocol.zip,12-22-21_03.52_CC2_protocol_halfC_0.5C_dchg_(b1)_IN21700_30T_cycle_#584.mat,halfC,584,6443,0.0,25.05,25.89,25.7,
CC_CELL2,11-CONSTANT CURRENT SECOND CELL protocol.zip,12-22-21_03.52_CC2_protocol_halfC_CAP_(b1)_forexcel_cycle_#584.mat,CAP,584,0,1.0,,,,read:KeyError
CC_CELL2,11-CONSTANT CURRENT SECOND CELL protocol.zip,12-22-21_07.09_CC2_protocol_halfC_0.5C_dchg_(b2)_IN21700_30T_cycle_#585.mat,halfC,585,6449,0.0,24.57,25.43,25.87,
CC_CELL2,11-CONSTANT CURRENT SECOND CELL protocol.zip,12-22-21_07.09_CC2_protocol_halfC_CAP_(b2)_forexcel_cycle_#585.mat,CAP,585,0,1.0,,,,read:KeyError
CC_CELL2,11-CONSTANT CURRENT SECOND CELL protocol.zip,12-22-21_09.54_CC2_protocol__Fifteen_Drive_Cycles_set_IN21700_30T_cycle_#586_to_600.mat,drive,586,98649,0.0,24.13,26.03,25.91,
CC_CELL2,11-CONSTANT CURRENT SECOND CELL protocol.zip,12-22-21_09.54_CC_protocol_Drive_Cycles(b)_IN21700_30T_cycle_#570.mat,drive,570,98649,0.0,24.13,26.03,25.91,
CC_CELL2,11-CONSTANT CURRENT SECOND CELL protocol.zip,Cover20 is not performed this week_#16.mat,other,-1,0,1.0,,,,read:KeyError
CC_CELL2,11-CONSTANT CURRENT SECOND CELL protocol.zip,01-03-22_10.22_CC2_protocol_Drive_Cycles(b)_IN21700_30T_cycle_#627.mat,drive,627,99340,0.0,24.1,26.0,25.95,
CC_CELL2,11-CONSTANT CURRENT SECOND CELL protocol.zip,01-03-22_10.22_CC2_protocol__Fifteen_Drive_Cycles_set_IN21700_30T_cycle_#624_to_638.mat,drive,624,99340,0.0,24.1,26.0,25.95,
CC_CELL2,11-CONSTANT CURRENT SECOND CELL protocol.zip,12-24-21_10.07_CC2_protocol_whole_Schedule_IN21700_30T_cycle_#601_week#17.mat,schedule,601,286439,0.0,23.81,25.91,25.87,
CC_CELL2,11-CONSTANT CURRENT SECOND CELL protocol.zip,12-24-21_11.28_CC2_protocol_OCV_0.05C_IN21700_30T_cycle_#601.mat,OCV,601,2313,0.0,23.93,25.35,25.4,
CC_CELL2,11-CONSTANT CURRENT SECOND CELL protocol.zip,12-26-21_03.52_CC2_protocol_halfC_0.5C_dchg_(a1)_IN21700_30T_cycle_#602.mat,halfC,602,6523,0.0,24.93,25.85,25.95,
CC_CELL2,11-CONSTANT CURRENT SECOND CELL protocol.zip,12-26-21_03.52_CC2_protocol_halfC_CAP_(a1)_forexcel_cycle_#602.mat,CAP,602,0,1.0,,,,read:KeyError
CC_CELL2,11-CONSTANT CURRENT SECOND CELL protocol.zip,12-26-21_07.15_CC2_protocol_halfC_0.5C_dchg_(a2)_IN21700_30T_cycle_#603.mat,halfC,603,6423,0.0,24.48,25.28,25.64,
CC_CELL2,11-CONSTANT CURRENT SECOND CELL protocol.zip,12-26-21_07.15_CC2_protocol_halfC_CAP_(a2)_forexcel_cycle_#603.mat,CAP,603,0,1.0,,,,read:KeyError
CC_CELL2,11-CONSTANT CURRENT SECOND CELL protocol.zip,12-26-21_09.17_CC2_protocol_ONE_C_charge_IN21700_30T_cycle_#603.mat,other,603,294,0.0,25.13,26.52,25.68,
CC_CELL2,11-CONSTANT CURRENT SECOND CELL protocol.zip,12-26-21_10.37_CC2_protocol_OneC_1C_dchg_IN21700_30T_cycle_#604.mat,other,604,3175,0.0,25.09,25.91,25.99,
CC_CELL2,11-CONSTANT CURRENT SECOND CELL protocol.zip,12-26-21_13.05_CC2_protocol_TwoC_2C_dchg_IN21700_30T_cycle_#605.mat,other,605,1570,0.0,24.66,27.01,27.46,
CC_CELL2,11-CONSTANT CURRENT SECOND CELL protocol.zip,12-26-21_15.10_CC2_protocol_HPPC_IN21700_30T_cycle_#606.mat,HPPC,606,35083,0.0,23.81,25.61,25.59,
CC_CELL2,11-CONSTANT CURRENT SECOND CELL protocol.zip,12-27-21_21.18_CC2_protocol_tenpercent_chg_a_IN21700_30T_cycle_#606.mat,other,606,1,0.0,26.09,26.09,26.09,
CC_CELL2,11-CONSTANT CURRENT SECOND CELL protocol.zip,12-27-21_22.15_CC2_protocol__Fifteen_Drive_Cycles_set_IN21700_30T_cycle_#607_to_621.mat,drive,607,98308,0.0,23.94,26.03,25.97,
CC_CELL2,11-CONSTANT CURRENT SECOND CELL protocol.zip,12-27-21_22.15_CC_protocol_Drive_Cycles(a)_IN21700_30T_cycle_#607.mat,drive,607,98308,0.0,23.94,26.03,25.97,
CC_CELL2,11-CONSTANT CURRENT SECOND CELL protocol.zip,12-29-21_03.02_CC2_protocol_halfC_0.5C_dchg_(b1)_IN21700_30T_cycle_#622.mat,halfC,622,6411,0.0,24.45,25.22,25.44,
CC_CELL2,11-CONSTANT CURRENT SECOND CELL protocol.zip,12-29-21_03.02_CC2_protocol_halfC_CAP_(b1)_forexcel_cycle_#622.mat,CAP,622,0,1.0,,,,read:KeyError
CC_CELL2,11-CONSTANT CURRENT SECOND CELL protocol.zip,12-29-21_06.19_CC2_protocol_halfC_0.5C_dchg_(b2)_IN21700_30T_cycle_#623.mat,halfC,623,6507,0.0,24.66,25.81,25.5,
CC_CELL2,11-CONSTANT CURRENT SECOND CELL protocol.zip,12-29-21_06.19_CC2_protocol_halfC_CAP_(b2)_forexcel_cycle_#623.mat,CAP,623,0,1.0,,,,read:KeyError
CC_CELL2,11-CONSTANT CURRENT SECOND CELL protocol.zip,01-05-22_07.04_CC2_protocol_whole_Schedule_IN21700_30T_cycle_#639_week#18.mat,schedule,639,281658,0.0,23.69,25.89,25.87,
CC_CELL2,11-CONSTANT CURRENT SECOND CELL protocol.zip,01-05-22_07.35_CC2_protocol_halfC_0.5C_dchg_(a1)_IN21700_30T_cycle_#639.mat,halfC,639,6510,0.0,24.44,25.35,25.77,
CC_CELL2,11-CONSTANT CURRENT SECOND CELL protocol.zip,01-05-22_07.35_CC2_protocol_halfC_CAP_(a1)_forexcel_cycle_#639.mat,CAP,639,0,1.0,,,,read:KeyError
CC_CELL2,11-CONSTANT CURRENT SECOND CELL protocol.zip,01-05-22_10.57_CC2_protocol_halfC_0.5C_dchg_(a2)_IN21700_30T_cycle_#640.mat,halfC,640,6399,0.0,23.93,25.1,25.44,
CC_CELL2,11-CONSTANT CURRENT SECOND CELL protocol.zip,01-05-22_10.57_CC2_protocol_halfC_CAP_(a2)_forexcel_cycle_#640.mat,CAP,640,0,1.0,,,,read:KeyError
CC_CELL2,11-CONSTANT CURRENT SECOND CELL protocol.zip,01-05-22_12.59_CC2_protocol_ONE_C_charge_IN21700_30T_cycle_#640.mat,other,640,292,1.0,,,,
CC_CELL2,11-CONSTANT CURRENT SECOND CELL protocol.zip,01-05-22_14.19_CC2_protocol_OneC_1C_dchg_IN21700_30T_cycle_#641.mat,other,641,3171,0.0,24.96,26.12,26.52,
CC_CELL2,11-CONSTANT CURRENT SECOND CELL protocol.zip,01-05-22_16.49_CC2_protocol_TwoC_2C_dchg_IN21700_30T_cycle_#642.mat,other,642,1568,0.0,24.76,27.02,27.49,
CC_CELL2,11-CONSTANT CURRENT SECOND CELL protocol.zip,01-05-22_18.54_CC2_protocol_HPPC_IN21700_30T_cycle_#643.mat,HPPC,643,35071,0.0,23.82,25.59,25.65,
CC_CELL2,11-CONSTANT CURRENT SECOND CELL protocol.zip,01-07-22_01.02_CC2_protocol_tenpercent_chg_a_IN21700_30T_cycle_#643.mat,other,643,1,0.0,25.42,25.42,25.42,
CC_CELL2,11-CONSTANT CURRENT SECOND CELL protocol.zip,01-07-22_01.57_CC2_protocol_Drive_Cycles(a)_IN21700_30T_cycle_#626.mat,drive,626,97689,0.0,24.18,26.05,25.97,
CC_CELL2,11-CONSTANT CURRENT SECOND CELL protocol.zip,01-07-22_01.57_CC2_protocol__Fifteen_Drive_Cycles_set_IN21700_30T_cycle_#644_to_658.mat,drive,644,97689,0.0,24.18,26.05,25.97,
CC_CELL2,11-CONSTANT CURRENT SECOND CELL protocol.zip,01-08-22_06.33_CC2_protocol_halfC_0.5C_dchg_(b1)_IN21700_30T_cycle_#659.mat,halfC,659,6410,0.0,24.72,25.75,26.25,
CC_CELL2,11-CONSTANT CURRENT SECOND CELL protocol.zip,01-08-22_06.33_CC2_protocol_halfC_CAP_(b1)_forexcel_cycle_#659.mat,CAP,659,0,1.0,,,,read:KeyError
CC_CELL2,11-CONSTANT CURRENT SECOND CELL protocol.zip,01-08-22_09.51_CC2_protocol_halfC_0.5C_dchg_(b2)_IN21700_30T_cycle_#660.mat,halfC,660,6404,0.0,24.44,25.2,25.5,
CC_CELL2,11-CONSTANT CURRENT SECOND CELL protocol.zip,01-08-22_09.51_CC2_protocol_halfC_CAP_(b2)_forexcel_cycle_#660.mat,CAP,660,0,1.0,,,,read:KeyError
CC_CELL2,11-CONSTANT CURRENT SECOND CELL protocol.zip,01-08-22_12.32_CC2_protocol_Drive_Cycles(b)_IN21700_30T_cycle_#648.mat,drive,648,97866,0.0,23.69,26.07,25.94,
CC_CELL2,11-CONSTANT CURRENT SECOND CELL protocol.zip,01-08-22_12.32_CC2_protocol__Fifteen_Drive_Cycles_set_IN21700_30T_cycle_#661_to_675.mat,drive,661,97866,0.0,23.69,26.07,25.94,
CC_CELL2,11-CONSTANT CURRENT SECOND CELL protocol.zip,Cover20 is not performed this week_#18.mat,other,-1,0,1.0,,,,read:KeyError
CC_CELL2,11-CONSTANT CURRENT SECOND CELL protocol.zip,01-11-22_07.19_CC2_protocol_whole_Schedule_IN21700_30T_cycle_#676_week#19.mat,schedule,676,283290,0.0,23.65,26.04,26.02,
CC_CELL2,11-CONSTANT CURRENT SECOND CELL protocol.zip,01-11-22_08.40_CC2_protocol_OCV_0.05C_IN21700_30T_cycle_#676.mat,OCV,676,2297,0.0,23.65,25.24,25.24,
CC_CELL2,11-CONSTANT CURRENT SECOND CELL protocol.zip,01-13-22_00.21_CC2_protocol_halfC_0.5C_dchg_(a1)_IN21700_30T_cycle_#677.mat,halfC,677,6485,0.0,24.51,25.41,25.79,
CC_CELL2,11-CONSTANT CURRENT SECOND CELL protocol.zip,01-13-22_00.21_CC2_protocol_halfC_CAP_(a1)_forexcel_cycle_#677.mat,CAP,677,0,1.0,,,,read:KeyError
CC_CELL2,11-CONSTANT CURRENT SECOND CELL protocol.zip,01-13-22_03.44_CC2_protocol_halfC_0.5C_dchg_(a2)_IN21700_30T_cycle_#678.mat,halfC,678,6375,0.0,24.41,25.25,25.38,
CC_CELL2,11-CONSTANT CURRENT SECOND CELL protocol.zip,01-13-22_03.44_CC2_protocol_halfC_CAP_(a2)_forexcel_cycle_#678.mat,CAP,678,0,1.0,,,,read:KeyError
CC_CELL2,11-CONSTANT CURRENT SECOND CELL protocol.zip,01-13-22_05.45_CC2_protocol_ONE_C_charge_IN21700_30T_cycle_#678.mat,other,678,289,0.0,24.73,26.1,25.34,
CC_CELL2,11-CONSTANT CURRENT SECOND CELL protocol.zip,01-13-22_07.05_CC2_protocol_OneC_1C_dchg_IN21700_30T_cycle_#679.mat,other,679,3150,0.0,25.25,26.43,26.9,
CC_CELL2,11-CONSTANT CURRENT SECOND CELL protocol.zip,01-13-22_09.36_CC2_protocol_TwoC_2C_dchg_IN21700_30T_cycle_#680.mat,other,680,1556,0.0,24.45,26.92,27.4,
CC_CELL2,11-CONSTANT CURRENT SECOND CELL protocol.zip,01-13-22_11.42_CC2_protocol_HPPC_IN21700_30T_cycle_#681.mat,HPPC,681,35071,0.0,24.38,25.72,25.71,
CC_CELL2,11-CONSTANT CURRENT SECOND CELL protocol.zip,01-14-22_17.50_CC2_protocol_tenpercent_chg_a_IN21700_30T_cycle_#681.mat,other,681,1,0.0,26.77,26.77,26.77,
CC_CELL2,11-CONSTANT CURRENT SECOND CELL protocol.zip,01-14-22_18.44_CC2_protocol__Fifteen_Drive_Cycles_set_IN21700_30T_cycle_#682_to_696.mat,drive,682,97224,0.0,23.75,26.15,26.14,
CC_CELL2,11-CONSTANT CURRENT SECOND CELL protocol.zip,01-14-22_18.44_CC_protocol_Drive_Cycles(a)_IN21700_30T_cycle_#682.mat,drive,682,97224,0.0,23.75,26.15,26.14,
CC_CELL2,11-CONSTANT CURRENT SECOND CELL protocol.zip,01-15-22_23.14_CC2_protocol_halfC_0.5C_dchg_(b1)_IN21700_30T_cycle_#697.mat,halfC,697,6362,0.0,24.67,25.7,25.42,
CC_CELL2,11-CONSTANT CURRENT SECOND CELL protocol.zip,01-15-22_23.14_CC2_protocol_halfC_CAP_(b1)_forexcel_cycle_#697.mat,CAP,697,0,1.0,,,,read:KeyError
CC_CELL2,11-CONSTANT CURRENT SECOND CELL protocol.zip,01-16-22_02.31_CC2_protocol_halfC_0.5C_dchg_(b2)_IN21700_30T_cycle_#698.mat,halfC,698,6362,0.0,24.68,25.47,25.75,
CC_CELL2,11-CONSTANT CURRENT SECOND CELL protocol.zip,01-16-22_02.31_CC2_protocol_halfC_CAP_(b2)_forexcel_cycle_#698.mat,CAP,698,0,1.0,,,,read:KeyError
CC_CELL2,11-CONSTANT CURRENT SECOND CELL protocol.zip,01-16-22_05.13_CC2_protocol__Fifteen_Drive_Cycles_set_IN21700_30T_cycle_#699_to_713.mat,drive,699,97224,0.0,23.75,26.15,26.14,
CC_CELL2,11-CONSTANT CURRENT SECOND CELL protocol.zip,01-16-22_05.13_CC_protocol_Drive_Cycles(b)_IN21700_30T_cycle_#697.mat,drive,697,97548,0.0,24.08,26.22,26.19,
CC_CELL2,11-CONSTANT CURRENT SECOND CELL protocol.zip,01-17-22_18.00_CC2_protocol_whole_Schedule_IN21700_30T_cycle_#714_week#20.mat,schedule,714,279304,0.0,23.32,25.92,25.94,
CC_CELL2,11-CONSTANT CURRENT SECOND CELL protocol.zip,01-17-22_18.31_CC2_protocol_halfC_0.5C_dchg_(a1)_IN21700_30T_cycle_#714.mat,halfC,714,6447,0.0,24.95,25.95,26.46,
CC_CELL2,11-CONSTANT CURRENT SECOND CELL protocol.zip,01-17-22_18.31_CC2_protocol_halfC_CAP_(a1)_forexcel_cycle_#714.mat,CAP,714,0,1.0,,,,read:KeyError
CC_CELL2,11-CONSTANT CURRENT SECOND CELL protocol.zip,01-17-22_21.54_CC2_protocol_halfC_0.5C_dchg_(a2)_IN21700_30T_cycle_#715.mat,halfC,715,6348,0.0,24.5,25.34,25.71,
CC_CELL2,11-CONSTANT CURRENT SECOND CELL protocol.zip,01-17-22_21.54_CC2_protocol_halfC_CAP_(a2)_forexcel_cycle_#715.mat,CAP,715,0,1.0,,,,read:KeyError
CC_CELL2,11-CONSTANT CURRENT SECOND CELL protocol.zip,01-17-22_23.55_CC2_protocol_ONE_C_charge_IN21700_30T_cycle_#715.mat,other,715,287,0.0,25.25,26.65,25.66,
CC_CELL2,11-CONSTANT CURRENT SECOND CELL protocol.zip,01-18-22_01.15_CC2_protocol_OneC_1C_dchg_IN21700_30T_cycle_#716.mat,other,716,3126,0.0,24.41,25.37,25.47,
CC_CELL2,11-CONSTANT CURRENT SECOND CELL protocol.zip,01-18-22_03.44_CC2_protocol_TwoC_2C_dchg_IN21700_30T_cycle_#717.mat,other,717,1547,0.0,24.66,27.09,27.61,
CC_CELL2,11-CONSTANT CURRENT SECOND CELL protocol.zip,01-18-22_05.50_CC2_protocol_HPPC_IN21700_30T_cycle_#718.mat,HPPC,718,35030,0.0,23.85,25.58,25.61,
CC_CELL2,11-CONSTANT CURRENT SECOND CELL protocol.zip,01-19-22_11.58_CC2_protocol_tenpercent_chg_a_IN21700_30T_cycle_#718.mat,other,718,1,0.0,26.82,26.82,26.82,
CC_CELL2,11-CONSTANT CURRENT SECOND CELL protocol.zip,01-19-22_12.53_CC2_protocol__Fifteen_Drive_Cycles_set_IN21700_30T_cycle_#719_to_733.mat,drive,719,96679,0.0,24.08,26.04,25.98,
CC_CELL2,11-CONSTANT CURRENT SECOND CELL protocol.zip,01-19-22_12.53_CC_protocol_Drive_Cycles(a)_IN21700_30T_cycle_#699.mat,drive,699,96679,0.0,24.08,26.04,25.98,
CC_CELL2,11-CONSTANT CURRENT SECOND CELL protocol.zip,01-20-22_17.14_CC2_protocol_halfC_0.5C_dchg_(b1)_IN21700_30T_cycle_#734.mat,halfC,734,6329,0.0,24.54,25.4,25.43,
CC_CELL2,11-CONSTANT CURRENT SECOND CELL protocol.zip,01-20-22_17.14_CC2_protocol_halfC_CAP_(b1)_forexcel_cycle_#734.mat,CAP,734,0,1.0,,,,read:KeyError
CC_CELL2,11-CONSTANT CURRENT SECOND CELL protocol.zip,01-20-22_20.31_CC2_protocol_halfC_0.5C_dchg_(b2)_IN21700_30T_cycle_#735.mat,halfC,735,6328,0.0,24.85,25.82,26.15,
CC_CELL2,11-CONSTANT CURRENT SECOND CELL protocol.zip,01-20-22_20.31_CC2_protocol_halfC_CAP_(b2)_forexcel_cycle_#735.mat,CAP,735,0,1.0,,,,read:KeyError
CC_CELL2,11-CONSTANT CURRENT SECOND CELL protocol.zip,01-20-22_23.10_CC2_protocol__Fifteen_Drive_Cycles_set_IN21700_30T_cycle_#736_to_750.mat,drive,736,96815,0.0,23.32,26.02,26.03,
CC_CELL2,11-CONSTANT CURRENT SECOND CELL protocol.zip,01-20-22_23.10_CC_protocol_Drive_Cycles(b)_IN21700_30T_cycle_#716.mat,drive,716,96815,0.0,23.32,26.02,26.03,
CC_CELL2,11-CONSTANT CURRENT SECOND CELL protocol.zip,Cover20 is not performed this week_#20.mat,other,-1,0,1.0,,,,read:KeyError
CC_CELL2,11-CONSTANT CURRENT SECOND CELL protocol.zip,01-22-22_09.18_CC2_protocol_whole_Schedule_IN21700_30T_cycle_#751_week#21.mat,schedule,751,280451,0.0,23.35,25.94,25.93,
CC_CELL2,11-CONSTANT CURRENT SECOND CELL protocol.zip,01-22-22_10.40_CC2_protocol_OCV_0.05C_IN21700_30T_cycle_#751.mat,OCV,751,2280,0.0,23.8,25.43,25.53,
CC_CELL2,11-CONSTANT CURRENT SECOND CELL protocol.zip,01-24-22_01.56_CC2_protocol_halfC_0.5C_dchg_(a1)_IN21700_30T_cycle_#752.mat,halfC,752,6416,0.0,24.94,25.83,26.18,
CC_CELL2,11-CONSTANT CURRENT SECOND CELL protocol.zip,01-24-22_01.56_CC2_protocol_halfC_CAP_(a1)_forexcel_cycle_#752.mat,CAP,752,0,1.0,,,,read:KeyError
CC_CELL2,11-CONSTANT CURRENT SECOND CELL protocol.zip,01-24-22_05.19_CC2_protocol_halfC_0.5C_dchg_(a2)_IN21700_30T_cycle_#753.mat,halfC,753,6312,0.0,24.68,25.45,25.59,
CC_CELL2,11-CONSTANT CURRENT SECOND CELL protocol.zip,01-24-22_05.19_CC2_protocol_halfC_CAP_(a2)_forexcel_cycle_#753.mat,CAP,753,0,1.0,,,,read:KeyError
CC_CELL2,11-CONSTANT CURRENT SECOND CELL protocol.zip,01-24-22_07.19_CC2_protocol_ONE_C_charge_IN21700_30T_cycle_#753.mat,other,753,284,1.0,-0.3,-0.01,-0.1,
CC_CELL2,11-CONSTANT CURRENT SECOND CELL protocol.zip,01-24-22_08.41_CC2_protocol_OneC_1C_dchg_IN21700_30T_cycle_#754.mat,other,754,3113,0.0,25.29,26.34,26.66,
CC_CELL2,11-CONSTANT CURRENT SECOND CELL protocol.zip,01-24-22_11.12_CC2_protocol_TwoC_2C_dchg_IN21700_30T_cycle_#755.mat,other,755,1541,0.0,25.75,27.95,28.28,
CC_CELL2,11-CONSTANT CURRENT SECOND CELL protocol.zip,01-24-22_13.19_CC2_protocol_HPPC_IN21700_30T_cycle_#756.mat,HPPC,756,35033,0.0,23.35,25.55,25.56,
CC_CELL2,11-CONSTANT CURRENT SECOND CELL protocol.zip,01-25-22_19.27_CC2_protocol_tenpercent_chg_a_IN21700_30T_cycle_#756.mat,other,756,1,0.0,26.29,26.29,26.29,
CC_CELL2,11-CONSTANT CURRENT SECOND CELL protocol.zip,01-25-22_20.22_CC2_protocol_Drive_Cycles(a)_IN21700_30T_cycle_#757.mat,drive,757,96050,0.0,24.17,26.1,26.05,
CC_CELL2,11-CONSTANT CURRENT SECOND CELL protocol.zip,01-25-22_20.22_CC2_protocol__Fifteen_Drive_Cycles_set_IN21700_30T_cycle_#757_to_771.mat,drive,757,96050,0.0,24.17,26.1,26.05,
CC_CELL2,11-CONSTANT CURRENT SECOND CELL protocol.zip,01-27-22_00.33_CC2_protocol_halfC_0.5C_dchg_(b1)_IN21700_30T_cycle_#772.mat,halfC,772,6287,0.0,24.18,25.6,25.11,
CC_CELL2,11-CONSTANT CURRENT SECOND CELL protocol.zip,01-27-22_00.33_CC2_protocol_halfC_CAP_(b1)_forexcel_cycle_#772.mat,CAP,772,0,1.0,,,,read:KeyError
CC_CELL2,11-CONSTANT CURRENT SECOND CELL protocol.zip,01-27-22_03.49_CC2_protocol_halfC_0.5C_dchg_(b2)_IN21700_30T_cycle_#773.mat,halfC,773,6294,0.0,24.49,25.42,25.87,
CC_CELL2,11-CONSTANT CURRENT SECOND CELL protocol.zip,01-27-22_03.49_CC2_protocol_halfC_CAP_(b2)_forexcel_cycle_#773.mat,CAP,773,0,1.0,,,,read:KeyError
CC_CELL2,11-CONSTANT CURRENT SECOND CELL protocol.zip,01-27-22_06.31_CC2_protocol_Drive_Cycles(b)_IN21700_30T_cycle_#777.mat,drive,777,96074,0.0,24.02,26.07,26.05,
CC_CELL2,11-CONSTANT CURRENT SECOND CELL protocol.zip,01-27-22_06.31_CC2_protocol__Fifteen_Drive_Cycles_set_IN21700_30T_cycle_#774_to_788.mat,drive,774,96074,0.0,24.02,26.07,26.05,
CC_CELL2,11-CONSTANT CURRENT SECOND CELL protocol.zip,01-31-22_14.52_CC2_protocol_whole_Schedule_IN21700_30T_cycle_#789_week#22.mat,schedule,789,276977,0.0,23.86,26.0,26.04,
CC_CELL2,11-CONSTANT CURRENT SECOND CELL protocol.zip,01-31-22_15.24_CC2_protocol_halfC_0.5C_dchg_(a1)_IN21700_30T_cycle_#789.mat,halfC,789,6323,0.0,24.84,25.99,25.63,
CC_CELL2,11-CONSTANT CURRENT SECOND CELL protocol.zip,01-31-22_15.24_CC2_protocol_halfC_CAP_(a1)_forexcel_cycle_#789.mat,CAP,789,0,1.0,,,,read:KeyError
CC_CELL2,11-CONSTANT CURRENT SECOND CELL protocol.zip,01-31-22_18.45_CC2_protocol_halfC_0.5C_dchg_(a2)_IN21700_30T_cycle_#790.mat,halfC,790,6209,0.0,24.93,25.72,26.03,
CC_CELL2,11-CONSTANT CURRENT SECOND CELL protocol.zip,01-31-22_18.45_CC2_protocol_halfC_CAP_(a2)_forexcel_cycle_#790.mat,CAP,790,0,1.0,,,,read:KeyError
CC_CELL2,11-CONSTANT CURRENT SECOND CELL protocol.zip,01-31-22_20.44_CC2_protocol_ONE_C_charge_IN21700_30T_cycle_#790.mat,other,790,279,0.0,25.32,26.79,25.74,
CC_CELL2,11-CONSTANT CURRENT SECOND CELL protocol.zip,01-31-22_22.05_CC2_protocol_OneC_1C_dchg_IN21700_30T_cycle_#791.mat,other,791,3069,0.0,25.66,26.62,26.65,
CC_CELL2,11-CONSTANT CURRENT SECOND CELL protocol.zip,02-01-22_00.33_CC2_protocol_TwoC_2C_dchg_IN21700_30T_cycle_#792.mat,other,792,1516,0.0,24.75,27.28,27.9,
CC_CELL2,11-CONSTANT CURRENT SECOND CELL protocol.zip,02-01-22_02.40_CC2_protocol_HPPC_IN21700_30T_cycle_#793.mat,HPPC,793,35064,0.0,23.86,25.63,25.62,
CC_CELL2,11-CONSTANT CURRENT SECOND CELL protocol.zip,02-02-22_08.49_CC2_protocol_tenpercent_chg_a_IN21700_30T_cycle_#793.mat,other,793,1,0.0,25.41,25.41,25.41,
CC_CELL2,11-CONSTANT CURRENT SECOND CELL protocol.zip,02-02-22_09.42_CC2_protocol__Fifteen_Drive_Cycles_set_IN21700_30T_cycle_#794_to_808.mat,drive,794,95706,0.0,24.0,26.17,26.24,
CC_CELL2,11-CONSTANT CURRENT SECOND CELL protocol.zip,02-02-22_09.42_CC_protocol_Drive_Cycles(a)_IN21700_30T_cycle_#772.mat,drive,772,95706,0.0,24.0,26.17,26.24,
CC_CELL2,11-CONSTANT CURRENT SECOND CELL protocol.zip,02-03-22_13.48_CC2_protocol_halfC_0.5C_dchg_(b1)_IN21700_30T_cycle_#809.mat,halfC,809,6245,0.0,24.67,25.62,26.11,
CC_CELL2,11-CONSTANT CURRENT SECOND CELL protocol.zip,02-03-22_13.48_CC2_protocol_halfC_CAP_(b1)_forexcel_cycle_#809.mat,CAP,809,0,1.0,,,,read:KeyError
CC_CELL2,11-CONSTANT CURRENT SECOND CELL protocol.zip,02-03-22_17.04_CC2_protocol_halfC_0.5C_dchg_(b2)_IN21700_30T_cycle_#810.mat,halfC,810,6241,0.0,24.54,25.28,25.58,
CC_CELL2,11-CONSTANT CURRENT SECOND CELL protocol.zip,02-03-22_17.04_CC2_protocol_halfC_CAP_(b2)_forexcel_cycle_#810.mat,CAP,810,0,1.0,,,,read:KeyError
CC_CELL2,11-CONSTANT CURRENT SECOND CELL protocol.zip,02-03-22_19.43_CC2_protocol_Drive_Cycles(b)_IN21700_30T_cycle_#794.mat,drive,794,95815,0.0,24.06,26.1,26.07,
CC_CELL2,11-CONSTANT CURRENT SECOND CELL protocol.zip,02-03-22_19.43_CC2_protocol__Fifteen_Drive_Cycles_set_IN21700_30T_cycle_#811_to_825.mat,drive,811,95815,0.0,24.06,26.1,26.07,
CC_CELL2,11-CONSTANT CURRENT SECOND CELL protocol.zip,Cover20 is not performed this week_#22.mat,other,-1,0,1.0,,,,read:KeyError
CC_CELL2,11-CONSTANT CURRENT SECOND CELL protocol.zip,02-07-22_12.35_CC2_protocol_whole_Schedule_IN21700_30T_cycle_#826_week#23.mat,schedule,826,278851,0.0,23.83,26.02,26.02,
CC_CELL2,11-CONSTANT CURRENT SECOND CELL protocol.zip,02-07-22_13.58_CC2_protocol_OCV_0.05C_IN21700_30T_cycle_#826.mat,OCV,826,2250,0.0,23.9,25.35,25.33,
CC_CELL2,11-CONSTANT CURRENT SECOND CELL protocol.zip,02-09-22_04.54_CC2_protocol_halfC_0.5C_dchg_(a1)_IN21700_30T_cycle_#827.mat,halfC,827,6340,0.0,24.92,25.94,26.39,
CC_CELL2,11-CONSTANT CURRENT SECOND CELL protocol.zip,02-09-22_04.54_CC2_protocol_halfC_CAP_(a1)_forexcel_cycle_#827.mat,CAP,827,0,1.0,,,,read:KeyError
CC_CELL2,11-CONSTANT CURRENT SECOND CELL protocol.zip,02-09-22_08.16_CC2_protocol_halfC_0.5C_dchg_(a2)_IN21700_30T_cycle_#828.mat,halfC,828,6209,0.0,24.58,25.34,25.68,
CC_CELL2,11-CONSTANT CURRENT SECOND CELL protocol.zip,02-09-22_08.16_CC2_protocol_halfC_CAP_(a2)_forexcel_cycle_#828.mat,CAP,828,0,1.0,,,,read:KeyError
CC_CELL2,11-CONSTANT CURRENT SECOND CELL protocol.zip,02-09-22_10.15_CC2_protocol_ONE_C_charge_IN21700_30T_cycle_#828.mat,other,828,279,0.0,25.08,26.68,25.7,
CC_CELL2,11-CONSTANT CURRENT SECOND CELL protocol.zip,02-09-22_11.36_CC2_protocol_OneC_1C_dchg_IN21700_30T_cycle_#829.mat,other,829,3061,0.0,25.31,26.05,26.19,
CC_CELL2,11-CONSTANT CURRENT SECOND CELL protocol.zip,02-09-22_14.05_CC2_protocol_TwoC_2C_dchg_IN21700_30T_cycle_#830.mat,other,830,1513,0.0,24.82,27.39,27.93,
CC_CELL2,11-CONSTANT CURRENT SECOND CELL protocol.zip,02-09-22_16.12_CC2_protocol_HPPC_IN21700_30T_cycle_#831.mat,HPPC,831,35022,0.0,23.97,25.66,25.7,
CC_CELL2,11-CONSTANT CURRENT SECOND CELL protocol.zip,02-10-22_22.20_CC2_protocol_tenpercent_chg_a_IN21700_30T_cycle_#831.mat,other,831,1,0.0,25.69,25.69,25.69,
CC_CELL2,11-CONSTANT CURRENT SECOND CELL protocol.zip,02-10-22_23.15_CC2_protocol__Fifteen_Drive_Cycles_set_IN21700_30T_cycle_#832_to_846.mat,drive,832,95522,0.0,24.24,26.2,26.14,
CC_CELL2,11-CONSTANT CURRENT SECOND CELL protocol.zip,02-10-22_23.15_CC_protocol_Drive_Cycles(a)_IN21700_30T_cycle_#832.mat,drive,832,95522,0.0,24.24,26.2,26.14,
CC_CELL2,11-CONSTANT CURRENT SECOND CELL protocol.zip,02-12-22_03.18_CC2_protocol_halfC_0.5C_dchg_(b1)_IN21700_30T_cycle_#847.mat,halfC,847,6195,0.0,24.74,25.78,25.46,
CC_CELL2,11-CONSTANT CURRENT SECOND CELL protocol.zip,02-12-22_03.18_CC2_protocol_halfC_CAP_(b1)_forexcel_cycle_#847.mat,CAP,847,0,1.0,,,,read:KeyError
CC_CELL2,11-CONSTANT CURRENT SECOND CELL protocol.zip,02-12-22_06.34_CC2_protocol_halfC_0.5C_dchg_(b2)_IN21700_30T_cycle_#848.mat,halfC,848,6207,0.0,24.52,25.48,25.91,
CC_CELL2,11-CONSTANT CURRENT SECOND CELL protocol.zip,02-12-22_06.34_CC2_protocol_halfC_CAP_(b2)_forexcel_cycle_#848.mat,CAP,848,0,1.0,,,,read:KeyError
CC_CELL2,11-CONSTANT CURRENT SECOND CELL protocol.zip,02-12-22_09.14_CC2_protocol__Fifteen_Drive_Cycles_set_IN21700_30T_cycle_#849_to_863.mat,drive,849,95357,0.0,23.83,26.13,26.19,
CC_CELL2,11-CONSTANT CURRENT SECOND CELL protocol.zip,02-12-22_09.14_CC_protocol_Drive_Cycles(b)_IN21700_30T_cycle_#847.mat,drive,847,95357,0.0,23.83,26.13,26.19,
CC_CELL2,11-CONSTANT CURRENT SECOND CELL protocol.zip,02-14-22_09.28_CC2_protocol_whole_Schedule_IN21700_30T_cycle_#864_week#24.mat,schedule,864,275641,0.0,23.56,26.06,26.05,
CC_CELL2,11-CONSTANT CURRENT SECOND CELL protocol.zip,02-14-22_10.00_CC2_protocol_halfC_0.5C_dchg_(a1)_IN21700_30T_cycle_#864.mat,halfC,864,6288,0.0,24.64,25.35,25.48,
CC_CELL2,11-CONSTANT CURRENT SECOND CELL protocol.zip,02-14-22_10.00_CC2_protocol_halfC_CAP_(a1)_forexcel_cycle_#864.mat,CAP,864,0,1.0,,,,read:KeyError
CC_CELL2,11-CONSTANT CURRENT SECOND CELL protocol.zip,02-14-22_13.22_CC2_protocol_halfC_0.5C_dchg_(a2)_IN21700_30T_cycle_#865.mat,halfC,865,6147,0.0,23.56,25.75,25.33,
CC_CELL2,11-CONSTANT CURRENT SECOND CELL protocol.zip,02-14-22_13.22_CC2_protocol_halfC_CAP_(a2)_forexcel_cycle_#865.mat,CAP,865,0,1.0,,,,read:KeyError
CC_CELL2,11-CONSTANT CURRENT SECOND CELL protocol.zip,02-14-22_15.19_CC2_protocol_ONE_C_charge_IN21700_30T_cycle_#865.mat,other,865,274,0.0,24.64,26.15,25.24,
CC_CELL2,11-CONSTANT CURRENT SECOND CELL protocol.zip,02-14-22_16.41_CC2_protocol_OneC_1C_dchg_IN21700_30T_cycle_#866.mat,other,866,3039,0.0,24.58,25.76,26.13,
CC_CELL2,11-CONSTANT CURRENT SECOND CELL protocol.zip,02-14-22_19.11_CC2_protocol_TwoC_2C_dchg_IN21700_30T_cycle_#867.mat,other,867,1506,0.0,25.52,28.21,28.81,
CC_CELL2,11-CONSTANT CURRENT SECOND CELL protocol.zip,02-14-22_21.20_CC2_protocol_HPPC_IN21700_30T_cycle_#868.mat,HPPC,868,35011,0.0,23.96,25.65,25.72,
CC_CELL2,11-CONSTANT CURRENT SECOND CELL protocol.zip,02-16-22_03.27_CC2_protocol_tenpercent_chg_a_IN21700_30T_cycle_#868.mat,other,868,1,0.0,25.77,25.77,25.77,
CC_CELL2,11-CONSTANT CURRENT SECOND CELL protocol.zip,02-16-22_04.22_CC2_protocol__Fifteen_Drive_Cycles_set_IN21700_30T_cycle_#869_to_883.mat,drive,869,94829,0.0,24.29,26.25,26.24,
CC_CELL2,11-CONSTANT CURRENT SECOND CELL protocol.zip,02-16-22_04.22_CC_protocol_Drive_Cycles(a)_IN21700_30T_cycle_#845.mat,drive,845,94829,0.0,24.29,26.25,26.24,
CC_CELL2,11-CONSTANT CURRENT SECOND CELL protocol.zip,02-17-22_08.15_CC2_protocol_halfC_0.5C_dchg_(b1)_IN21700_30T_cycle_#884.mat,halfC,884,6172,0.0,24.8,25.68,25.63,
CC_CELL2,11-CONSTANT CURRENT SECOND CELL protocol.zip,02-17-22_08.15_CC2_protocol_halfC_CAP_(b1)_forexcel_cycle_#884.mat,CAP,884,0,1.0,,,,read:KeyError
CC_CELL2,11-CONSTANT CURRENT SECOND CELL protocol.zip,02-17-22_11.31_CC2_protocol_halfC_0.5C_dchg_(b2)_IN21700_30T_cycle_#885.mat,halfC,885,6181,0.0,24.88,25.88,26.36,
CC_CELL2,11-CONSTANT CURRENT SECOND CELL protocol.zip,02-17-22_11.31_CC2_protocol_halfC_CAP_(b2)_forexcel_cycle_#885.mat,CAP,885,0,1.0,,,,read:KeyError
CC_CELL2,11-CONSTANT CURRENT SECOND CELL protocol.zip,02-17-22_14.07_CC2_protocol__Fifteen_Drive_Cycles_set_IN21700_30T_cycle_#886_to_900.mat,drive,886,95541,0.0,24.17,26.19,26.15,
CC_CELL2,11-CONSTANT CURRENT SECOND CELL protocol.zip,02-17-22_14.07_CC_protocol_Drive_Cycles(b)_IN21700_30T_cycle_#862.mat,drive,862,95541,0.0,24.17,26.19,26.15,
CC_CELL2,11-CONSTANT CURRENT SECOND CELL protocol.zip,Cover20 is not performed this week_#24.mat,other,-1,0,1.0,,,,read:KeyError
CC_CELL2,11-CONSTANT CURRENT SECOND CELL protocol.zip,02-26-22_10.57_CC2_protocol_whole_Schedule_IN21700_30T_cycle_#901_week#25.mat,schedule,901,274482,0.0,19.81,25.99,26.02,
CC_CELL2,11-CONSTANT CURRENT SECOND CELL protocol.zip,02-26-22_12.22_CC2_protocol_OCV_0.05C_IN21700_30T_cycle_#901.mat,OCV,901,2214,0.0,24.1,25.37,25.35,
CC_CELL2,11-CONSTANT CURRENT SECOND CELL protocol.zip,02-28-22_02.41_CC2_protocol_halfC_0.5C_dchg_(a1)_IN21700_30T_cycle_#902.mat,halfC,902,6239,0.0,24.65,25.36,25.62,
CC_CELL2,11-CONSTANT CURRENT SECOND CELL protocol.zip,02-28-22_02.41_CC2_protocol_halfC_CAP_(a1)_forexcel_cycle_#902.mat,CAP,902,0,1.0,,,,read:KeyError
CC_CELL2,11-CONSTANT CURRENT SECOND CELL protocol.zip,02-28-22_06.02_CC2_protocol_halfC_0.5C_dchg_(a2)_IN21700_30T_cycle_#903.mat,halfC,903,6097,0.0,23.94,25.32,25.59,
CC_CELL2,11-CONSTANT CURRENT SECOND CELL protocol.zip,02-28-22_06.02_CC2_protocol_halfC_CAP_(a2)_forexcel_cycle_#903.mat,CAP,903,0,1.0,,,,read:KeyError
CC_CELL2,11-CONSTANT CURRENT SECOND CELL protocol.zip,02-28-22_07.59_CC2_protocol_ONE_C_charge_IN21700_30T_cycle_#903.mat,other,903,270,0.0,24.66,25.99,25.16,
CC_CELL2,11-CONSTANT CURRENT SECOND CELL protocol.zip,02-28-22_09.21_CC2_protocol_OneC_1C_dchg_IN21700_30T_cycle_#904.mat,other,904,3006,0.0,24.9,26.32,26.73,
CC_CELL2,11-CONSTANT CURRENT SECOND CELL protocol.zip,02-28-22_11.51_CC2_protocol_TwoC_2C_dchg_IN21700_30T_cycle_#905.mat,other,905,1482,0.0,23.93,27.32,27.91,
CC_CELL2,11-CONSTANT CURRENT SECOND CELL protocol.zip,02-28-22_13.58_CC2_protocol_HPPC_IN21700_30T_cycle_#906.mat,HPPC,906,34961,0.0,23.94,25.61,25.59,
CC_CELL2,11-CONSTANT CURRENT SECOND CELL protocol.zip,03-01-22_20.06_CC2_protocol_tenpercent_chg_a_IN21700_30T_cycle_#906.mat,other,906,1,0.0,25.76,25.76,25.76,
CC_CELL2,11-CONSTANT CURRENT SECOND CELL protocol.zip,03-01-22_21.02_CC2_protocol__Fifteen_Drive_Cycles_set_IN21700_30T_cycle_#907_to_921.mat,drive,907,93272,0.0,19.83,26.23,26.25,
CC_CELL2,11-CONSTANT CURRENT SECOND CELL protocol.zip,03-01-22_21.02_CC_protocol_Drive_Cycles(a)_IN21700_30T_cycle_#907.mat,drive,907,93272,0.0,19.83,26.23,26.25,
CC_CELL2,11-CONSTANT CURRENT SECOND CELL protocol.zip,03-03-22_00.29_CC2_protocol_halfC_0.5C_dchg_(b1)_IN21700_30T_cycle_#922.mat,halfC,922,6111,0.0,24.07,25.57,25.5,
CC_CELL2,11-CONSTANT CURRENT SECOND CELL protocol.zip,03-03-22_00.29_CC2_protocol_halfC_CAP_(b1)_forexcel_cycle_#922.mat,CAP,922,0,1.0,,,,read:KeyError
CC_CELL2,11-CONSTANT CURRENT SECOND CELL protocol.zip,03-03-22_03.44_CC2_protocol_halfC_0.5C_dchg_(b2)_IN21700_30T_cycle_#923.mat,halfC,923,6119,0.0,24.6,25.64,26.18,
CC_CELL2,11-CONSTANT CURRENT SECOND CELL protocol.zip,03-03-22_03.44_CC2_protocol_halfC_CAP_(b2)_forexcel_cycle_#923.mat,CAP,923,0,1.0,,,,read:KeyError
CC_CELL2,11-CONSTANT CURRENT SECOND CELL protocol.zip,03-03-22_06.19_CC2_protocol__Fifteen_Drive_Cycles_set_IN21700_30T_cycle_#924_to_938.mat,drive,924,93758,0.0,19.81,26.14,26.1,
CC_CELL2,11-CONSTANT CURRENT SECOND CELL protocol.zip,03-03-22_06.19_CC_protocol_Drive_Cycles(b)_IN21700_30T_cycle_#922.mat,drive,922,93758,0.0,19.81,26.14,26.1,
CC_CELL2,11-CONSTANT CURRENT SECOND CELL protocol.zip,03-05-22_12.27_CC2_protocol_whole_Schedule_IN21700_30T_cycle_#939_week#26.mat,schedule,939,271385,0.0,19.65,26.05,26.12,
CC_CELL2,11-CONSTANT CURRENT SECOND CELL protocol.zip,03-05-22_13.00_CC2_protocol_halfC_0.5C_dchg_(a1)_IN21700_30T_cycle_#939.mat,halfC,939,6201,0.0,24.83,25.55,25.54,
CC_CELL2,11-CONSTANT CURRENT SECOND CELL protocol.zip,03-05-22_13.00_CC2_protocol_halfC_CAP_(a1)_forexcel_cycle_#939.mat,CAP,939,0,1.0,,,,read:KeyError
CC_CELL2,11-CONSTANT CURRENT SECOND CELL protocol.zip,03-05-22_16.21_CC2_protocol_halfC_0.5C_dchg_(a2)_IN21700_30T_cycle_#940.mat,halfC,940,6071,0.0,24.92,25.94,26.42,
CC_CELL2,11-CONSTANT CURRENT SECOND CELL protocol.zip,03-05-22_16.21_CC2_protocol_halfC_CAP_(a2)_forexcel_cycle_#940.mat,CAP,940,0,1.0,,,,read:KeyError
CC_CELL2,11-CONSTANT CURRENT SECOND CELL protocol.zip,03-05-22_18.17_CC2_protocol_ONE_C_charge_IN21700_30T_cycle_#940.mat,other,940,268,0.0,24.91,26.21,25.25,
CC_CELL2,11-CONSTANT CURRENT SECOND CELL protocol.zip,03-05-22_19.40_CC2_protocol_OneC_1C_dchg_IN21700_30T_cycle_#941.mat,other,941,2988,0.0,24.53,25.8,26.16,
CC_CELL2,11-CONSTANT CURRENT SECOND CELL protocol.zip,03-05-22_22.10_CC2_protocol_TwoC_2C_dchg_IN21700_30T_cycle_#942.mat,other,942,1478,0.0,25.55,28.08,28.34,
CC_CELL2,11-CONSTANT CURRENT SECOND CELL protocol.zip,03-06-22_00.18_CC2_protocol_HPPC_IN21700_30T_cycle_#943.mat,HPPC,943,34925,0.0,23.87,25.64,25.65,
CC_CELL2,11-CONSTANT CURRENT SECOND CELL protocol.zip,03-08-22_05.29_CC2_protocol_tenpercent_chg_a_IN21700_30T_cycle_#943.mat,other,943,1,0.0,25.54,25.54,25.54,
CC_CELL2,11-CONSTANT CURRENT SECOND CELL protocol.zip,03-08-22_06.23_CC2_protocol__Fifteen_Drive_Cycles_set_IN21700_30T_cycle_#944_to_958.mat,drive,944,93356,0.0,23.95,26.27,26.28,
CC_CELL2,11-CONSTANT CURRENT SECOND CELL protocol.zip,03-08-22_06.23_CC_protocol_Drive_Cycles(a)_IN21700_30T_cycle_#918.mat,drive,918,93356,0.0,23.95,26.27,26.28,
CC_CELL2,11-CONSTANT CURRENT SECOND CELL protocol.zip,03-09-22_09.52_CC2_protocol_halfC_0.5C_dchg_(b1)_IN21700_30T_cycle_#959.mat,halfC,959,6086,0.0,24.89,25.94,26.45,
CC_CELL2,11-CONSTANT CURRENT SECOND CELL protocol.zip,03-09-22_09.52_CC2_protocol_halfC_CAP_(b1)_forexcel_cycle_#959.mat,CAP,959,0,1.0,,,,read:KeyError
CC_CELL2,11-CONSTANT CURRENT SECOND CELL protocol.zip,03-09-22_13.08_CC2_protocol_halfC_0.5C_dchg_(b2)_IN21700_30T_cycle_#960.mat,halfC,960,6082,0.0,24.66,25.34,25.66,
CC_CELL2,11-CONSTANT CURRENT SECOND CELL protocol.zip,03-09-22_13.08_CC2_protocol_halfC_CAP_(b2)_forexcel_cycle_#960.mat,CAP,960,0,1.0,,,,read:KeyError
CC_CELL2,11-CONSTANT CURRENT SECOND CELL protocol.zip,03-09-22_15.44_CC2_protocol__Fifteen_Drive_Cycles_set_IN21700_30T_cycle_#961_to_975.mat,drive,961,93075,0.0,19.65,26.22,26.23,
CC_CELL2,11-CONSTANT CURRENT SECOND CELL protocol.zip,03-09-22_15.44_CC_protocol_Drive_Cycles(b)_IN21700_30T_cycle_#935.mat,drive,935,93075,0.0,19.65,26.22,26.23,
CC_CELL2,11-CONSTANT CURRENT SECOND CELL protocol.zip,Cover20 is not performed this week_#26.mat,other,-1,0,1.0,,,,read:KeyError
CC_CELL2,11-CONSTANT CURRENT SECOND CELL protocol.zip,03-14-22_08.58_CC2_protocol_whole_Schedule_IN21700_30T_cycle_#976_week#27.mat,schedule,976,273724,0.0,23.82,26.01,26.11,
CC_CELL2,11-CONSTANT CURRENT SECOND CELL protocol.zip,03-14-22_10.23_CC2_protocol_OCV_0.05C_IN21700_30T_cycle_#976.mat,OCV,976,2202,0.0,23.82,25.29,25.26,
CC_CELL2,11-CONSTANT CURRENT SECOND CELL protocol.zip,03-16-22_00.31_CC2_protocol_halfC_0.5C_dchg_(a1)_IN21700_30T_cycle_#977.mat,halfC,977,6192,0.0,24.65,25.72,26.2,
CC_CELL2,11-CONSTANT CURRENT SECOND CELL protocol.zip,03-16-22_00.31_CC2_protocol_halfC_CAP_(a1)_forexcel_cycle_#977.mat,CAP,977,0,1.0,,,,read:KeyError
CC_CELL2,11-CONSTANT CURRENT SECOND CELL protocol.zip,03-16-22_03.54_CC2_protocol_halfC_0.5C_dchg_(a2)_IN21700_30T_cycle_#978.mat,halfC,978,6049,0.0,24.57,25.36,25.63,
CC_CELL2,11-CONSTANT CURRENT SECOND CELL protocol.zip,03-16-22_03.54_CC2_protocol_halfC_CAP_(a2)_forexcel_cycle_#978.mat,CAP,978,0,1.0,,,,read:KeyError
CC_CELL2,11-CONSTANT CURRENT SECOND CELL protocol.zip,03-16-22_05.50_CC2_protocol_ONE_C_charge_IN21700_30T_cycle_#978.mat,other,978,266,0.0,24.87,26.61,25.44,
CC_CELL2,11-CONSTANT CURRENT SECOND CELL protocol.zip,03-16-22_07.14_CC2_protocol_OneC_1C_dchg_IN21700_30T_cycle_#979.mat,other,979,2967,0.0,25.06,25.8,25.72,
CC_CELL2,11-CONSTANT CURRENT SECOND CELL protocol.zip,03-16-22_09.41_CC2_protocol_TwoC_2C_dchg_IN21700_30T_cycle_#980.mat,other,980,1466,0.0,24.69,27.46,28.0,
CC_CELL2,11-CONSTANT CURRENT SECOND CELL protocol.zip,03-16-22_11.49_CC2_protocol_HPPC_IN21700_30T_cycle_#981.mat,HPPC,981,34946,0.0,23.84,25.67,25.69,
CC_CELL2,11-CONSTANT CURRENT SECOND CELL protocol.zip,03-17-22_17.56_CC2_protocol_tenpercent_chg_a_IN21700_30T_cycle_#981.mat,other,981,1,0.0,26.18,26.18,26.18,
CC_CELL2,11-CONSTANT CURRENT SECOND CELL protocol.zip,03-17-22_18.50_CC2_protocol__Fifteen_Drive_Cycles_set_IN21700_30T_cycle_#982_to_996.mat,drive,982,93343,0.0,24.12,26.18,26.27,
CC_CELL2,11-CONSTANT CURRENT SECOND CELL protocol.zip,03-17-22_18.50_CC_protocol_Drive_Cycles(a)_IN21700_30T_cycle_#982.mat,drive,982,93343,0.0,24.12,26.18,26.27,
CC_CELL2,11-CONSTANT CURRENT SECOND CELL protocol.zip,03-18-22_22.20_CC2_protocol_halfC_0.5C_dchg_(b1)_IN21700_30T_cycle_#997.mat,halfC,997,6032,0.0,24.78,25.8,25.49,
CC_CELL2,11-CONSTANT CURRENT SECOND CELL protocol.zip,03-18-22_22.20_CC2_protocol_halfC_CAP_(b1)_forexcel_cycle_#997.mat,CAP,997,0,1.0,,,,read:KeyError
CC_CELL2,11-CONSTANT CURRENT SECOND CELL protocol.zip,03-19-22_01.35_CC2_protocol_halfC_0.5C_dchg_(b2)_IN21700_30T_cycle_#998.mat,halfC,998,6047,0.0,24.7,25.82,26.47,
CC_CELL2,11-CONSTANT CURRENT SECOND CELL protocol.zip,03-19-22_01.35_CC2_protocol_halfC_CAP_(b2)_forexcel_cycle_#998.mat,CAP,998,0,1.0,,,,read:KeyError
CC_CELL2,11-CONSTANT CURRENT SECOND CELL protocol.zip,03-19-22_04.08_CC2_protocol__Fifteen_Drive_Cycles_set_IN21700_30T_cycle_#999_to_1013.mat,drive,999,93296,0.0,24.09,26.21,26.28,
CC_CELL2,11-CONSTANT CURRENT SECOND CELL protocol.zip,03-19-22_04.08_CC_protocol_Drive_Cycles(b)_IN21700_30T_cycle_#997.mat,drive,997,93296,0.0,24.09,26.21,26.28,
CC_CELL2,11-CONSTANT CURRENT SECOND CELL protocol.zip,03-21-22_10.23_CC2_protocol_whole_Schedule_IN21700_30T_cycle_#1014_week#28.mat,schedule,1014,282883,0.0,23.91,26.11,26.17,
CC_CELL2,11-CONSTANT CURRENT SECOND CELL protocol.zip,03-21-22_10.56_CC2_protocol_halfC_0.5C_dchg_(a1)_IN21700_30T_cycle_#1014.mat,halfC,1014,6138,0.0,24.69,25.62,26.02,
CC_CELL2,11-CONSTANT CURRENT SECOND CELL protocol.zip,03-21-22_10.56_CC2_protocol_halfC_CAP_(a1)_forexcel_cycle_#1014.mat,CAP,1014,0,1.0,,,,read:KeyError
CC_CELL2,11-CONSTANT CURRENT SECOND CELL protocol.zip,03-21-22_14.18_CC2_protocol_halfC_0.5C_dchg_(a2)_IN21700_30T_cycle_#1015.mat,halfC,1015,6000,0.0,24.25,25.58,25.12,
CC_CELL2,11-CONSTANT CURRENT SECOND CELL protocol.zip,03-21-22_14.18_CC2_protocol_halfC_CAP_(a2)_forexcel_cycle_#1015.mat,CAP,1015,0,1.0,,,,read:KeyError
CC_CELL2,11-CONSTANT CURRENT SECOND CELL protocol.zip,03-21-22_16.13_CC2_protocol_ONE_C_charge_IN21700_30T_cycle_#1015.mat,other,1015,262,0.0,24.84,26.26,25.32,
CC_CELL2,11-CONSTANT CURRENT SECOND CELL protocol.zip,03-21-22_17.37_CC2_protocol_OneC_1C_dchg_IN21700_30T_cycle_#1016.mat,other,1016,2954,0.0,24.73,26.11,26.46,
CC_CELL2,11-CONSTANT CURRENT SECOND CELL protocol.zip,03-21-22_20.08_CC2_protocol_TwoC_2C_dchg_IN21700_30T_cycle_#1017.mat,other,1017,1462,0.0,25.74,28.5,28.94,
CC_CELL2,11-CONSTANT CURRENT SECOND CELL protocol.zip,03-21-22_22.18_CC2_protocol_HPPC_IN21700_30T_cycle_#1018.mat,HPPC,1018,34992,0.0,23.91,25.64,25.56,
CC_CELL2,11-CONSTANT CURRENT SECOND CELL protocol.zip,03-23-22_04.26_CC2_protocol_tenpercent_chg_a_IN21700_30T_cycle_#1018.mat,other,1018,1,0.0,26.66,26.66,26.66,
CC_CELL2,11-CONSTANT CURRENT SECOND CELL protocol.zip,03-23-22_05.20_CC2_protocol__Fifteen_Drive_Cycles_set_IN21700_30T_cycle_#1019_to_1033.mat,drive,1019,94121,0.0,24.48,26.39,26.44,
CC_CELL2,11-CONSTANT CURRENT SECOND CELL protocol.zip,03-24-22_09.06_CC2_protocol_halfC_0.5C_dchg_(b1)_IN21700_30T_cycle_#1034.mat,halfC,1034,6011,0.0,24.5,25.47,25.87,
CC_CELL2,11-CONSTANT CURRENT SECOND CELL protocol.zip,03-24-22_09.06_CC2_protocol_halfC_CAP_(b1)_forexcel_cycle_#1034.mat,CAP,1034,0,1.0,,,,read:KeyError
CC_CELL2,11-CONSTANT CURRENT SECOND CELL protocol.zip,03-24-22_12.21_CC2_protocol_halfC_0.5C_dchg_(b2)_IN21700_30T_cycle_#1035.mat,halfC,1035,6016,0.0,24.85,25.71,25.73,
CC_CELL2,11-CONSTANT CURRENT SECOND CELL protocol.zip,03-24-22_12.21_CC2_protocol_halfC_CAP_(b2)_forexcel_cycle_#1035.mat,CAP,1035,0,1.0,,,,read:KeyError
CC_CELL2,11-CONSTANT CURRENT SECOND CELL protocol.zip,03-24-22_14.56_CC2_protocol__Fifteen_Drive_Cycles_set_IN21700_30T_cycle_#1036_to_1050.mat,drive,1036,103738,0.0,24.21,26.18,26.38,
CC_CELL2,11-CONSTANT CURRENT SECOND CELL protocol.zip,Cover20 is not performed this week_#28.mat,other,-1,0,1.0,,,,read:KeyError
CC_CELL2,11-CONSTANT CURRENT SECOND CELL protocol.zip,03-26-22_17.10_CC2_protocol_whole_Schedule_IN21700_30T_cycle_#1051_week#29.mat,schedule,1051,274212,0.0,23.69,26.13,26.19,
CC_CELL2,11-CONSTANT CURRENT SECOND CELL protocol.zip,03-26-22_18.35_CC2_protocol_OCV_0.05C_IN21700_30T_cycle_#1051.mat,OCV,1051,2189,0.0,23.69,25.29,25.23,
CC_CELL2,11-CONSTANT CURRENT SECOND CELL protocol.zip,03-28-22_08.28_CC2_protocol_halfC_0.5C_dchg_(a1)_IN21700_30T_cycle_#1052.mat,halfC,1052,6132,0.0,24.63,25.78,26.26,
CC_CELL2,11-CONSTANT CURRENT SECOND CELL protocol.zip,03-28-22_08.28_CC2_protocol_halfC_CAP_(a1)_forexcel_cycle_#1052.mat,CAP,1052,0,1.0,,,,read:KeyError
CC_CELL2,11-CONSTANT CURRENT SECOND CELL protocol.zip,03-28-22_11.52_CC2_protocol_halfC_0.5C_dchg_(a2)_IN21700_30T_cycle_#1053.mat,halfC,1053,5976,0.0,24.15,25.21,25.61,
CC_CELL2,11-CONSTANT CURRENT SECOND CELL protocol.zip,03-28-22_11.52_CC2_protocol_halfC_CAP_(a2)_forexcel_cycle_#1053.mat,CAP,1053,0,1.0,,,,read:KeyError
CC_CELL2,11-CONSTANT CURRENT SECOND CELL protocol.zip,03-28-22_13.47_CC2_protocol_ONE_C_charge_IN21700_30T_cycle_#1053.mat,other,1053,261,0.0,24.72,26.31,25.04,
CC_CELL2,11-CONSTANT CURRENT SECOND CELL protocol.zip,03-28-22_15.12_CC2_protocol_OneC_1C_dchg_IN21700_30T_cycle_#1054.mat,other,1054,2946,0.0,24.96,26.44,26.9,
CC_CELL2,11-CONSTANT CURRENT SECOND CELL protocol.zip,03-28-22_17.45_CC2_protocol_TwoC_2C_dchg_IN21700_30T_cycle_#1055.mat,other,1055,1452,0.0,24.74,27.9,28.45,
CC_CELL2,11-CONSTANT CURRENT SECOND CELL protocol.zip,03-28-22_19.55_CC2_protocol_HPPC_IN21700_30T_cycle_#1056.mat,HPPC,1056,34893,0.0,23.71,25.63,25.64,
CC_CELL2,11-CONSTANT CURRENT SECOND CELL protocol.zip,03-30-22_02.01_CC2_protocol_tenpercent_chg_a_IN21700_30T_cycle_#1056.mat,other,1056,1,0.0,25.89,25.89,25.89,
CC_CELL2,11-CONSTANT CURRENT SECOND CELL protocol.zip,03-30-22_02.56_CC2_protocol__Fifteen_Drive_Cycles_set_IN21700_30T_cycle_#1057_to_1071.mat,drive,1057,93760,0.0,24.27,26.38,26.48,
CC_CELL2,11-CONSTANT CURRENT SECOND CELL protocol.zip,03-31-22_06.35_CC2_protocol_halfC_0.5C_dchg_(b1)_IN21700_30T_cycle_#1072.mat,halfC,1072,5979,0.0,24.64,25.61,26.02,
CC_CELL2,11-CONSTANT CURRENT SECOND CELL protocol.zip,03-31-22_06.35_CC2_protocol_halfC_CAP_(b1)_forexcel_cycle_#1072.mat,CAP,1072,0,1.0,,,,read:KeyError
CC_CELL2,11-CONSTANT CURRENT SECOND CELL protocol.zip,03-31-22_09.51_CC2_protocol_halfC_0.5C_dchg_(b2)_IN21700_30T_cycle_#1073.mat,halfC,1073,5980,0.0,24.78,25.58,25.59,
CC_CELL2,11-CONSTANT CURRENT SECOND CELL protocol.zip,03-31-22_09.51_CC2_protocol_halfC_CAP_(b2)_forexcel_cycle_#1073.mat,CAP,1073,0,1.0,,,,read:KeyError
CC_CELL2,11-CONSTANT CURRENT SECOND CELL protocol.zip,03-31-22_12.25_CC2_protocol__Fifteen_Drive_Cycles_set_IN21700_30T_cycle_#1074_to_1088.mat,drive,1074,93207,0.0,24.03,26.36,26.37,
CC_CELL2,11-CONSTANT CURRENT SECOND CELL protocol.zip,04-03-22_11.48_CC2_protocol_whole_Schedule_IN21700_30T_cycle_#1089_week#30.mat,schedule,1089,271211,0.0,23.93,26.2,26.31,
CC_CELL2,11-CONSTANT CURRENT SECOND CELL protocol.zip,04-03-22_12.23_CC2_protocol_halfC_0.5C_dchg_(a1)_IN21700_30T_cycle_#1089.mat,halfC,1089,6066,0.0,24.26,25.46,25.76,
CC_CELL2,11-CONSTANT CURRENT SECOND CELL protocol.zip,04-03-22_12.23_CC2_protocol_halfC_CAP_(a1)_forexcel_cycle_#1089.mat,CAP,1089,0,1.0,,,,read:KeyError
CC_CELL2,11-CONSTANT CURRENT SECOND CELL protocol.zip,04-03-22_15.44_CC2_protocol_halfC_0.5C_dchg_(a2)_IN21700_30T_cycle_#1090.mat,halfC,1090,5921,0.0,25.02,25.96,25.78,
CC_CELL2,11-CONSTANT CURRENT SECOND CELL protocol.zip,04-03-22_15.44_CC2_protocol_halfC_CAP_(a2)_forexcel_cycle_#1090.mat,CAP,1090,0,1.0,,,,read:KeyError
CC_CELL2,11-CONSTANT CURRENT SECOND CELL protocol.zip,04-03-22_17.38_CC2_protocol_ONE_C_charge_IN21700_30T_cycle_#1090.mat,other,1090,256,0.0,24.87,26.28,25.23,
CC_CELL2,11-CONSTANT CURRENT SECOND CELL protocol.zip,04-03-22_19.03_CC2_protocol_OneC_1C_dchg_IN21700_30T_cycle_#1091.mat,other,1091,2915,0.0,24.89,26.51,26.96,
CC_CELL2,11-CONSTANT CURRENT SECOND CELL protocol.zip,04-03-22_21.36_CC2_protocol_TwoC_2C_dchg_IN21700_30T_cycle_#1092.mat,other,1092,1436,0.0,24.77,27.86,28.38,
CC_CELL2,11-CONSTANT CURRENT SECOND CELL protocol.zip,04-03-22_23.46_CC2_protocol_HPPC_IN21700_30T_cycle_#1093.mat,HPPC,1093,34900,0.0,23.93,25.71,25.75,
CC_CELL2,11-CONSTANT CURRENT SECOND CELL protocol.zip,04-05-22_05.53_CC2_protocol_tenpercent_chg_a_IN21700_30T_cycle_#1093.mat,other,1093,1,0.0,25.66,25.66,25.66,
CC_CELL2,11-CONSTANT CURRENT SECOND CELL protocol.zip,04-05-22_06.47_CC2_protocol__Fifteen_Drive_Cycles_set_IN21700_30T_cycle_#1094_to_1108.mat,drive,1094,93399,0.0,24.28,26.47,26.61,
CC_CELL2,11-CONSTANT CURRENT SECOND CELL protocol.zip,04-06-22_10.20_CC2_protocol_halfC_0.5C_dchg_(b1)_IN21700_30T_cycle_#1109.mat,halfC,1109,5940,0.0,24.69,25.66,26.15,
CC_CELL2,11-CONSTANT CURRENT SECOND CELL protocol.zip,04-06-22_10.20_CC2_protocol_halfC_CAP_(b1)_forexcel_cycle_#1109.mat,CAP,1109,0,1.0,,,,read:KeyError
CC_CELL2,11-CONSTANT CURRENT SECOND CELL protocol.zip,04-06-22_13.37_CC2_protocol_halfC_0.5C_dchg_(b2)_IN21700_30T_cycle_#1110.mat,halfC,1110,5934,0.0,24.75,25.46,25.67,
CC_CELL2,11-CONSTANT CURRENT SECOND CELL protocol.zip,04-06-22_13.37_CC2_protocol_halfC_CAP_(b2)_forexcel_cycle_#1110.mat,CAP,1110,0,1.0,,,,read:KeyError
CC_CELL2,11-CONSTANT CURRENT SECOND CELL protocol.zip,04-06-22_16.10_CC2_protocol__Fifteen_Drive_Cycles_set_IN21700_30T_cycle_#1111_to_1125.mat,drive,1111,93075,0.0,24.24,26.4,26.42,
CC_CELL2,11-CONSTANT CURRENT SECOND CELL protocol.zip,Cover20 is not performed this week_#30.mat,other,-1,0,1.0,,,,read:KeyError
CC_CELL2,11-CONSTANT CURRENT SECOND CELL protocol.zip,04-08-22_09.29_CC2_protocol_whole_Schedule_IN21700_30T_cycle_#1126_week#31.mat,schedule,1126,273550,0.0,23.79,26.28,26.4,
CC_CELL2,11-CONSTANT CURRENT SECOND CELL protocol.zip,04-08-22_10.55_CC2_protocol_OCV_0.05C_IN21700_30T_cycle_#1126.mat,OCV,1126,2173,0.0,23.79,25.28,25.23,
CC_CELL2,11-CONSTANT CURRENT SECOND CELL protocol.zip,04-10-22_00.34_CC2_protocol_halfC_0.5C_dchg_(a1)_IN21700_30T_cycle_#1127.mat,halfC,1127,6077,0.0,24.52,25.52,25.88,
CC_CELL2,11-CONSTANT CURRENT SECOND CELL protocol.zip,04-10-22_00.34_CC2_protocol_halfC_CAP_(a1)_forexcel_cycle_#1127.mat,CAP,1127,0,1.0,,,,read:KeyError
CC_CELL2,11-CONSTANT CURRENT SECOND CELL protocol.zip,04-10-22_03.57_CC2_protocol_halfC_0.5C_dchg_(a2)_IN21700_30T_cycle_#1128.mat,halfC,1128,5915,0.0,24.89,25.72,25.79,
CC_CELL2,11-CONSTANT CURRENT SECOND CELL protocol.zip,04-10-22_03.57_CC2_protocol_halfC_CAP_(a2)_forexcel_cycle_#1128.mat,CAP,1128,0,1.0,,,,read:KeyError
CC_CELL2,11-CONSTANT CURRENT SECOND CELL protocol.zip,04-10-22_05.51_CC2_protocol_ONE_C_charge_IN21700_30T_cycle_#1128.mat,other,1128,254,0.0,24.65,26.46,25.24,
CC_CELL2,11-CONSTANT CURRENT SECOND CELL protocol.zip,04-10-22_07.17_CC2_protocol_OneC_1C_dchg_IN21700_30T_cycle_#1129.mat,other,1129,2909,0.0,24.93,26.56,27.05,
CC_CELL2,11-CONSTANT CURRENT SECOND CELL protocol.zip,04-10-22_09.51_CC2_protocol_TwoC_2C_dchg_IN21700_30T_cycle_#1130.mat,other,1130,1431,0.0,23.87,27.97,28.58,
CC_CELL2,11-CONSTANT CURRENT SECOND CELL protocol.zip,04-10-22_12.03_CC2_protocol_HPPC_IN21700_30T_cycle_#1131.mat,HPPC,1131,34849,0.0,24.49,25.75,25.77,
CC_CELL2,11-CONSTANT CURRENT SECOND CELL protocol.zip,04-11-22_18.09_CC2_protocol_tenpercent_chg_a_IN21700_30T_cycle_#1131.mat,other,1131,1,0.0,26.95,26.95,26.95,
CC_CELL2,11-CONSTANT CURRENT SECOND CELL protocol.zip,04-11-22_19.04_CC2_protocol__Fifteen_Drive_Cycles_set_IN21700_30T_cycle_#1132_to_1146.mat,drive,1132,93438,0.0,24.3,26.49,26.55,
CC_CELL2,11-CONSTANT CURRENT SECOND CELL protocol.zip,04-12-22_22.39_CC2_protocol_halfC_0.5C_dchg_(b1)_IN21700_30T_cycle_#1147.mat,halfC,1147,5909,0.0,24.89,25.78,25.83,
CC_CELL2,11-CONSTANT CURRENT SECOND CELL protocol.zip,04-12-22_22.39_CC2_protocol_halfC_CAP_(b1)_forexcel_cycle_#1147.mat,CAP,1147,0,1.0,,,,read:KeyError
CC_CELL2,11-CONSTANT CURRENT SECOND CELL protocol.zip,04-13-22_01.55_CC2_protocol_halfC_0.5C_dchg_(b2)_IN21700_30T_cycle_#1148.mat,halfC,1148,5914,0.0,25.01,26.05,26.53,
CC_CELL2,11-CONSTANT CURRENT SECOND CELL protocol.zip,04-13-22_01.55_CC2_protocol_halfC_CAP_(b2)_forexcel_cycle_#1148.mat,CAP,1148,0,1.0,,,,read:KeyError
CC_CELL2,11-CONSTANT CURRENT SECOND CELL protocol.zip,04-13-22_04.28_CC2_protocol__Fifteen_Drive_Cycles_set_IN21700_30T_cycle_#1149_to_1163.mat,drive,1149,93024,0.0,24.22,26.53,26.56,
CC_CELL2,11-CONSTANT CURRENT SECOND CELL protocol.zip,04-15-22_10.42_CC2_protocol_whole_Schedule_IN21700_30T_cycle_#1164_week#32.mat,schedule,1164,270410,0.0,24.07,26.34,26.43,
CC_CELL2,11-CONSTANT CURRENT SECOND CELL protocol.zip,04-15-22_20.28_CC2_protocol_halfC_0.5C_dchg_(a1)_IN21700_30T_cycle_#1164.mat,halfC,1164,6015,0.0,24.75,25.58,25.87,
CC_CELL2,11-CONSTANT CURRENT SECOND CELL protocol.zip,04-15-22_20.28_CC2_protocol_halfC_CAP_(a1)_forexcel_cycle_#1164.mat,CAP,1164,0,1.0,,,,read:KeyError
CC_CELL2,11-CONSTANT CURRENT SECOND CELL protocol.zip,04-15-22_23.51_CC2_protocol_halfC_0.5C_dchg_(a2)_IN21700_30T_cycle_#1165.mat,halfC,1165,5846,0.0,25.35,26.16,26.11,
CC_CELL2,11-CONSTANT CURRENT SECOND CELL protocol.zip,04-15-22_23.51_CC2_protocol_halfC_CAP_(a2)_forexcel_cycle_#1165.mat,CAP,1165,0,1.0,,,,read:KeyError
CC_CELL2,11-CONSTANT CURRENT SECOND CELL protocol.zip,04-16-22_01.43_CC2_protocol_ONE_C_charge_IN21700_30T_cycle_#1165.mat,other,1165,250,0.0,24.88,26.52,25.12,
CC_CELL2,11-CONSTANT CURRENT SECOND CELL protocol.zip,04-16-22_03.10_CC2_protocol_OneC_1C_dchg_IN21700_30T_cycle_#1166.mat,other,1166,2876,0.0,24.68,26.32,26.75,
CC_CELL2,11-CONSTANT CURRENT SECOND CELL protocol.zip,04-16-22_05.44_CC2_protocol_TwoC_2C_dchg_IN21700_30T_cycle_#1167.mat,other,1167,1425,0.0,25.64,29.03,29.69,
CC_CELL2,11-CONSTANT CURRENT SECOND CELL protocol.zip,04-16-22_07.57_CC2_protocol_HPPC_IN21700_30T_cycle_#1168.mat,HPPC,1168,34865,0.0,24.07,25.74,25.61,
CC_CELL2,11-CONSTANT CURRENT SECOND CELL protocol.zip,04-17-22_14.03_CC2_protocol_tenpercent_chg_a_IN21700_30T_cycle_#1168.mat,other,1168,1,0.0,26.11,26.11,26.11,
CC_CELL2,11-CONSTANT CURRENT SECOND CELL protocol.zip,04-17-22_14.59_CC2_protocol__Fifteen_Drive_Cycles_set_IN21700_30T_cycle_#1169_to_1183.mat,drive,1169,92371,0.0,24.4,26.57,26.68,
CC_CELL2,11-CONSTANT CURRENT SECOND CELL protocol.zip,04-18-22_18.19_CC2_protocol_halfC_0.5C_dchg_(b1)_IN21700_30T_cycle_#1184.mat,halfC,1184,5860,0.0,24.81,25.55,25.79,
CC_CELL2,11-CONSTANT CURRENT SECOND CELL protocol.zip,04-18-22_18.19_CC2_protocol_halfC_CAP_(b1)_forexcel_cycle_#1184.mat,CAP,1184,0,1.0,,,,read:KeyError
CC_CELL2,11-CONSTANT CURRENT SECOND CELL protocol.zip,04-18-22_21.35_CC2_protocol_halfC_0.5C_dchg_(b2)_IN21700_30T_cycle_#1185.mat,halfC,1185,5865,0.0,25.27,26.22,26.39,
CC_CELL2,11-CONSTANT CURRENT SECOND CELL protocol.zip,04-18-22_21.35_CC2_protocol_halfC_CAP_(b2)_forexcel_cycle_#1185.mat,CAP,1185,0,1.0,,,,read:KeyError
CC_CELL2,11-CONSTANT CURRENT SECOND CELL protocol.zip,04-19-22_00.06_CC2_protocol__Fifteen_Drive_Cycles_set_IN21700_30T_cycle_#1186_to_1200.mat,drive,1186,93287,0.0,24.45,26.6,26.69,
CC_CELL2,11-CONSTANT CURRENT SECOND CELL protocol.zip,Cover20 is not performed this week_#32.mat,other,-1,0,1.0,,,,read:KeyError
CC_CELL2,11-CONSTANT CURRENT SECOND CELL protocol.zip,04-21-22_11.00_CC2_protocol_whole_Schedule_IN21700_30T_cycle_#1201_week#33.mat,schedule,1201,271443,0.0,23.78,26.24,26.36,
CC_CELL2,11-CONSTANT CURRENT SECOND CELL protocol.zip,04-21-22_12.26_CC2_protocol_OCV_0.05C_IN21700_30T_cycle_#1201.mat,OCV,1201,2149,0.0,23.78,25.41,25.45,
CC_CELL2,11-CONSTANT CURRENT SECOND CELL protocol.zip,04-23-22_01.41_CC2_protocol_halfC_0.5C_dchg_(a1)_IN21700_30T_cycle_#1202.mat,halfC,1202,6002,0.0,25.29,26.18,26.08,
CC_CELL2,11-CONSTANT CURRENT SECOND CELL protocol.zip,04-23-22_01.41_CC2_protocol_halfC_CAP_(a1)_forexcel_cycle_#1202.mat,CAP,1202,0,1.0,,,,read:KeyError
CC_CELL2,11-CONSTANT CURRENT SECOND CELL protocol.zip,04-23-22_05.05_CC2_protocol_halfC_0.5C_dchg_(a2)_IN21700_30T_cycle_#1203.mat,halfC,1203,5828,0.0,24.76,25.77,26.26,
CC_CELL2,11-CONSTANT CURRENT SECOND CELL protocol.zip,04-23-22_05.05_CC2_protocol_halfC_CAP_(a2)_forexcel_cycle_#1203.mat,CAP,1203,0,1.0,,,,read:KeyError
CC_CELL2,11-CONSTANT CURRENT SECOND CELL protocol.zip,04-23-22_07.00_CC2_protocol_ONE_C_charge_IN21700_30T_cycle_#1203.mat,other,1203,250,0.0,25.48,27.39,25.92,
CC_CELL2,11-CONSTANT CURRENT SECOND CELL protocol.zip,04-23-22_08.27_CC2_protocol_OneC_1C_dchg_IN21700_30T_cycle_#1204.mat,other,1204,2861,0.0,24.83,26.28,26.63,
CC_CELL2,11-CONSTANT CURRENT SECOND CELL protocol.zip,04-23-22_11.00_CC2_protocol_TwoC_2C_dchg_IN21700_30T_cycle_#1205.mat,other,1205,1415,0.0,25.08,28.55,29.19,
CC_CELL2,11-CONSTANT CURRENT SECOND CELL protocol.zip,04-23-22_13.12_CC2_protocol_HPPC_IN21700_30T_cycle_#1206.mat,HPPC,1206,34868,0.0,24.03,25.74,25.67,
CC_CELL2,11-CONSTANT CURRENT SECOND CELL protocol.zip,04-24-22_19.18_CC2_protocol_tenpercent_chg_a_IN21700_30T_cycle_#1206.mat,other,1206,1,0.0,26.49,26.49,26.49,
CC_CELL2,11-CONSTANT CURRENT SECOND CELL protocol.zip,04-24-22_20.13_CC2_protocol__Fifteen_Drive_Cycles_set_IN21700_30T_cycle_#1207_to_1221.mat,drive,1207,92509,0.0,24.6,26.51,26.62,
CC_CELL2,11-CONSTANT CURRENT SECOND CELL protocol.zip,04-25-22_23.36_CC2_protocol_halfC_0.5C_dchg_(b1)_IN21700_30T_cycle_#1222.mat,halfC,1222,5822,0.0,24.84,25.43,25.63,
CC_CELL2,11-CONSTANT CURRENT SECOND CELL protocol.zip,04-25-22_23.36_CC2_protocol_halfC_CAP_(b1)_forexcel_cycle_#1222.mat,CAP,1222,0,1.0,,,,read:KeyError
CC_CELL2,11-CONSTANT CURRENT SECOND CELL protocol.zip,04-26-22_02.52_CC2_protocol_halfC_0.5C_dchg_(b2)_IN21700_30T_cycle_#1223.mat,halfC,1223,5829,0.0,25.31,26.13,26.36,
CC_CELL2,11-CONSTANT CURRENT SECOND CELL protocol.zip,04-26-22_02.52_CC2_protocol_halfC_CAP_(b2)_forexcel_cycle_#1223.mat,CAP,1223,0,1.0,,,,read:KeyError
CC_CELL2,11-CONSTANT CURRENT SECOND CELL protocol.zip,04-26-22_05.24_CC2_protocol__Fifteen_Drive_Cycles_set_IN21700_30T_cycle_#1224_to_1238.mat,drive,1224,91983,0.0,24.47,26.4,26.55,
CC_CELL2,11-CONSTANT CURRENT SECOND CELL protocol.zip,04-27-22_18.28_CC2_protocol_whole_Schedule_IN21700_30T_cycle_#1239_week#34.mat,schedule,1239,267041,0.0,23.79,26.23,26.36,
CC_CELL2,11-CONSTANT CURRENT SECOND CELL protocol.zip,04-27-22_19.03_CC2_protocol_halfC_0.5C_dchg_(a1)_IN21700_30T_cycle_#1239.mat,halfC,1239,5974,0.0,24.73,25.74,26.23,
CC_CELL2,11-CONSTANT CURRENT SECOND CELL protocol.zip,04-27-22_19.03_CC2_protocol_halfC_CAP_(a1)_forexcel_cycle_#1239.mat,CAP,1239,0,1.0,,,,read:KeyError
CC_CELL2,11-CONSTANT CURRENT SECOND CELL protocol.zip,04-27-22_22.28_CC2_protocol_halfC_0.5C_dchg_(a2)_IN21700_30T_cycle_#1240.mat,halfC,1240,5794,0.0,24.74,25.47,25.71,
CC_CELL2,11-CONSTANT CURRENT SECOND CELL protocol.zip,04-27-22_22.28_CC2_protocol_halfC_CAP_(a2)_forexcel_cycle_#1240.mat,CAP,1240,0,1.0,,,,read:KeyError
CC_CELL2,11-CONSTANT CURRENT SECOND CELL protocol.zip,04-28-22_00.19_CC2_protocol_ONE_C_charge_IN21700_30T_cycle_#1240.mat,other,1240,246,0.0,24.89,26.68,25.3,
CC_CELL2,11-CONSTANT CURRENT SECOND CELL protocol.zip,04-28-22_01.48_CC2_protocol_OneC_1C_dchg_IN21700_30T_cycle_#1241.mat,other,1241,2854,0.0,25.21,26.93,27.38,
CC_CELL2,11-CONSTANT CURRENT SECOND CELL protocol.zip,04-28-22_04.26_CC2_protocol_TwoC_2C_dchg_IN21700_30T_cycle_#1242.mat,other,1242,1404,0.0,24.75,28.16,28.83,
CC_CELL2,11-CONSTANT CURRENT SECOND CELL protocol.zip,04-28-22_06.40_CC2_protocol_HPPC_IN21700_30T_cycle_#1243.mat,HPPC,1243,34861,0.0,23.79,25.73,25.74,
CC_CELL2,11-CONSTANT CURRENT SECOND CELL protocol.zip,04-29-22_12.45_CC2_protocol_tenpercent_chg_a_IN21700_30T_cycle_#1243.mat,other,1243,1,0.0,26.2,26.2,26.2,
CC_CELL2,11-CONSTANT CURRENT SECOND CELL protocol.zip,04-29-22_13.38_CC2_protocol__Fifteen_Drive_Cycles_set_IN21700_30T_cycle_#1244_to_1258.mat,drive,1244,91107,0.0,23.8,26.42,26.46,
CC_CELL2,11-CONSTANT CURRENT SECOND CELL protocol.zip,04-30-22_16.36_CC2_protocol_halfC_0.5C_dchg_(b1)_IN21700_30T_cycle_#1259.mat,halfC,1259,5803,0.0,24.79,25.88,26.38,
CC_CELL2,11-CONSTANT CURRENT SECOND CELL protocol.zip,04-30-22_16.36_CC2_protocol_halfC_CAP_(b1)_forexcel_cycle_#1259.mat,CAP,1259,0,1.0,,,,read:KeyError
CC_CELL2,11-CONSTANT CURRENT SECOND CELL protocol.zip,04-30-22_19.56_CC2_protocol_halfC_0.5C_dchg_(b2)_IN21700_30T_cycle_#1260.mat,halfC,1260,5792,0.0,24.6,25.42,25.78,
CC_CELL2,11-CONSTANT CURRENT SECOND CELL protocol.zip,04-30-22_19.56_CC2_protocol_halfC_CAP_(b2)_forexcel_cycle_#1260.mat,CAP,1260,0,1.0,,,,read:KeyError
CC_CELL2,11-CONSTANT CURRENT SECOND CELL protocol.zip,04-30-22_22.27_CC2_protocol__Fifteen_Drive_Cycles_set_IN21700_30T_cycle_#1261_to_1275.mat,drive,1261,91247,0.0,24.47,26.51,26.65,
CC_CELL2,11-CONSTANT CURRENT SECOND CELL protocol.zip,Cover20 is not performed this week_#34.mat,other,-1,0,1.0,,,,read:KeyError
CC_CELL2,11-CONSTANT CURRENT SECOND CELL protocol.zip,05-03-22_16.05_CC2_protocol_whole_Schedule_IN21700_30T_cycle_#1276_week#35.mat,schedule,1276,269127,0.0,23.71,26.28,26.42,
CC_CELL2,11-CONSTANT CURRENT SECOND CELL protocol.zip,05-03-22_17.33_CC2_protocol_OCV_0.05C_IN21700_30T_cycle_#1276.mat,OCV,1276,2127,0.0,23.71,25.3,25.27,
CC_CELL2,11-CONSTANT CURRENT SECOND CELL protocol.zip,05-05-22_06.27_CC2_protocol_halfC_0.5C_dchg_(a1)_IN21700_30T_cycle_#1277.mat,halfC,1277,5939,0.0,24.61,25.46,25.77,
CC_CELL2,11-CONSTANT CURRENT SECOND CELL protocol.zip,05-05-22_06.27_CC2_protocol_halfC_CAP_(a1)_forexcel_cycle_#1277.mat,CAP,1277,0,1.0,,,,read:KeyError
CC_CELL2,11-CONSTANT CURRENT SECOND CELL protocol.zip,05-05-22_09.51_CC2_protocol_halfC_0.5C_dchg_(a2)_IN21700_30T_cycle_#1278.mat,halfC,1278,5768,0.0,24.92,25.8,25.77,
CC_CELL2,11-CONSTANT CURRENT SECOND CELL protocol.zip,05-05-22_09.51_CC2_protocol_halfC_CAP_(a2)_forexcel_cycle_#1278.mat,CAP,1278,0,1.0,,,,read:KeyError
CC_CELL2,11-CONSTANT CURRENT SECOND CELL protocol.zip,05-05-22_11.42_CC2_protocol_ONE_C_charge_IN21700_30T_cycle_#1278.mat,other,1278,242,0.0,24.78,26.53,25.28,
CC_CELL2,11-CONSTANT CURRENT SECOND CELL protocol.zip,05-05-22_13.11_CC2_protocol_OneC_1C_dchg_IN21700_30T_cycle_#1279.mat,other,1279,2828,0.0,24.92,26.52,27.07,
CC_CELL2,11-CONSTANT CURRENT SECOND CELL protocol.zip,05-05-22_15.46_CC2_protocol_TwoC_2C_dchg_IN21700_30T_cycle_#1280.mat,other,1280,1394,0.0,24.61,28.19,28.82,
CC_CELL2,11-CONSTANT CURRENT SECOND CELL protocol.zip,05-05-22_18.00_CC2_protocol_HPPC_IN21700_30T_cycle_#1281.mat,HPPC,1281,34852,0.0,23.86,25.67,25.75,
CC_CELL2,11-CONSTANT CURRENT SECOND CELL protocol.zip,05-07-22_00.06_CC2_protocol_tenpercent_chg_a_IN21700_30T_cycle_#1281.mat,other,1281,1,0.0,26.5,26.5,26.5,
CC_CELL2,11-CONSTANT CURRENT SECOND CELL protocol.zip,05-07-22_00.59_CC2_protocol__Fifteen_Drive_Cycles_set_IN21700_30T_cycle_#1282_to_1296.mat,drive,1282,91211,0.0,24.31,26.55,26.65,
CC_CELL2,11-CONSTANT CURRENT SECOND CELL protocol.zip,05-08-22_04.01_CC2_protocol_halfC_0.5C_dchg_(b1)_IN21700_30T_cycle_#1297.mat,halfC,1297,5760,0.0,25.16,26.25,26.63,
CC_CELL2,11-CONSTANT CURRENT SECOND CELL protocol.zip,05-08-22_04.01_CC2_protocol_halfC_CAP_(b1)_forexcel_cycle_#1297.mat,CAP,1297,0,1.0,,,,read:KeyError
CC_CELL2,11-CONSTANT CURRENT SECOND CELL protocol.zip,05-08-22_07.18_CC2_protocol_halfC_0.5C_dchg_(b2)_IN21700_30T_cycle_#1298.mat,halfC,1298,5754,0.0,24.56,25.51,25.93,
CC_CELL2,11-CONSTANT CURRENT SECOND CELL protocol.zip,05-08-22_07.18_CC2_protocol_halfC_CAP_(b2)_forexcel_cycle_#1298.mat,CAP,1298,0,1.0,,,,read:KeyError
CC_CELL2,11-CONSTANT CURRENT SECOND CELL protocol.zip,05-08-22_09.50_CC2_protocol__Fifteen_Drive_Cycles_set_IN21700_30T_cycle_#1299_to_1313.mat,drive,1299,91044,0.0,24.54,26.57,26.66,
CC_CELL2,11-CONSTANT CURRENT SECOND CELL protocol.zip,05-10-22_11.25_CC2_protocol_whole_Schedule_IN21700_30T_cycle_#1314_week#36.mat,schedule,1314,265394,0.0,23.84,26.34,26.53,
CC_CELL2,11-CONSTANT CURRENT SECOND CELL protocol.zip,05-10-22_12.01_CC2_protocol_halfC_0.5C_dchg_(a1)_IN21700_30T_cycle_#1314.mat,halfC,1314,5892,0.0,24.9,26.09,26.44,
CC_CELL2,11-CONSTANT CURRENT SECOND CELL protocol.zip,05-10-22_12.01_CC2_protocol_halfC_CAP_(a1)_forexcel_cycle_#1314.mat,CAP,1314,0,1.0,,,,read:KeyError
CC_CELL2,11-CONSTANT CURRENT SECOND CELL protocol.zip,05-10-22_15.26_CC2_protocol_halfC_0.5C_dchg_(a2)_IN21700_30T_cycle_#1315.mat,halfC,1315,5714,0.0,24.74,25.91,26.5,
CC_CELL2,11-CONSTANT CURRENT SECOND CELL protocol.zip,05-10-22_15.26_CC2_protocol_halfC_CAP_(a2)_forexcel_cycle_#1315.mat,CAP,1315,0,1.0,,,,read:KeyError
CC_CELL2,11-CONSTANT CURRENT SECOND CELL protocol.zip,05-10-22_17.20_CC2_protocol_ONE_C_charge_IN21700_30T_cycle_#1315.mat,other,1315,238,0.0,24.95,26.2,25.48,
CC_CELL2,11-CONSTANT CURRENT SECOND CELL protocol.zip,05-10-22_18.52_CC2_protocol_OneC_1C_dchg_IN21700_30T_cycle_#1316.mat,other,1316,2802,0.0,24.76,26.22,26.66,
CC_CELL2,11-CONSTANT CURRENT SECOND CELL protocol.zip,05-10-22_21.27_CC2_protocol_TwoC_2C_dchg_IN21700_30T_cycle_#1317.mat,other,1317,1388,0.0,25.28,28.96,29.57,
CC_CELL2,11-CONSTANT CURRENT SECOND CELL protocol.zip,05-10-22_23.44_CC2_protocol_HPPC_IN21700_30T_cycle_#1318.mat,HPPC,1318,34843,0.0,23.84,25.75,25.77,
CC_CELL2,11-CONSTANT CURRENT SECOND CELL protocol.zip,05-12-22_05.50_CC2_protocol_tenpercent_chg_a_IN21700_30T_cycle_#1318.mat,other,1318,1,0.0,26.71,26.71,26.71,
CC_CELL2,11-CONSTANT CURRENT SECOND CELL protocol.zip,05-12-22_06.43_CC2_protocol__Fifteen_Drive_Cycles_set_IN21700_30T_cycle_#1319_to_1333.mat,drive,1319,90454,0.0,24.47,26.57,26.69,
CC_CELL2,11-CONSTANT CURRENT SECOND CELL protocol.zip,05-13-22_09.33_CC2_protocol_halfC_0.5C_dchg_(b1)_IN21700_30T_cycle_#1334.mat,halfC,1334,5721,0.0,25.07,25.99,25.93,
CC_CELL2,11-CONSTANT CURRENT SECOND CELL protocol.zip,05-13-22_09.33_CC2_protocol_halfC_CAP_(b1)_forexcel_cycle_#1334.mat,CAP,1334,0,1.0,,,,read:KeyError
CC_CELL2,11-CONSTANT CURRENT SECOND CELL protocol.zip,05-13-22_12.50_CC2_protocol_halfC_0.5C_dchg_(b2)_IN21700_30T_cycle_#1335.mat,halfC,1335,5723,0.0,24.71,25.89,26.35,
CC_CELL2,11-CONSTANT CURRENT SECOND CELL protocol.zip,05-13-22_12.50_CC2_protocol_halfC_CAP_(b2)_forexcel_cycle_#1335.mat,CAP,1335,0,1.0,,,,read:KeyError
CC_CELL2,11-CONSTANT CURRENT SECOND CELL protocol.zip,05-13-22_15.20_CC2_protocol__Fifteen_Drive_Cycles_set_IN21700_30T_cycle_#1336_to_1350.mat,drive,1336,90497,0.0,23.86,26.65,26.83,
CC_CELL2,11-CONSTANT CURRENT SECOND CELL protocol.zip,Cover20 is not performed this week_#36.mat,other,-1,0,1.0,,,,read:KeyError
CC_CELL2,11-CONSTANT CURRENT SECOND CELL protocol.zip,06-08-22_12.18_CC2_protocol_whole_Schedule_IN21700_30T_cycle_#1351_week#37.mat,schedule,1351,263087,0.0,23.65,26.3,26.44,
CC_CELL2,11-CONSTANT CURRENT SECOND CELL protocol.zip,06-08-22_14.28_CC2_protocol_OCV_0.05C_IN21700_30T_cycle_#1351.mat,OCV,1351,2037,0.0,23.89,25.43,25.43,
CC_CELL2,11-CONSTANT CURRENT SECOND CELL protocol.zip,06-10-22_01.21_CC2_protocol_halfC_0.5C_dchg_(a1)_IN21700_30T_cycle_#1352.mat,halfC,1352,5623,0.0,24.67,25.6,25.99,
CC_CELL2,11-CONSTANT CURRENT SECOND CELL protocol.zip,06-10-22_01.21_CC2_protocol_halfC_CAP_(a1)_forexcel_cycle_#1352.mat,CAP,1352,0,1.0,,,,read:KeyError
CC_CELL2,11-CONSTANT CURRENT SECOND CELL protocol.zip,06-10-22_04.41_CC2_protocol_halfC_0.5C_dchg_(a2)_IN21700_30T_cycle_#1353.mat,halfC,1353,5584,0.0,25.13,26.12,25.98,
CC_CELL2,11-CONSTANT CURRENT SECOND CELL protocol.zip,06-10-22_04.41_CC2_protocol_halfC_CAP_(a2)_forexcel_cycle_#1353.mat,CAP,1353,0,1.0,,,,read:KeyError
CC_CELL2,11-CONSTANT CURRENT SECOND CELL protocol.zip,06-10-22_06.29_CC2_protocol_ONE_C_charge_IN21700_30T_cycle_#1353.mat,other,1353,232,0.0,24.88,26.52,25.25,
CC_CELL2,11-CONSTANT CURRENT SECOND CELL protocol.zip,06-10-22_07.59_CC2_protocol_OneC_1C_dchg_IN21700_30T_cycle_#1354.mat,other,1354,2739,0.0,24.85,26.54,27.05,
CC_CELL2,11-CONSTANT CURRENT SECOND CELL protocol.zip,06-10-22_10.32_CC2_protocol_TwoC_2C_dchg_IN21700_30T_cycle_#1355.mat,other,1355,1348,0.0,24.75,28.13,28.67,
CC_CELL2,11-CONSTANT CURRENT SECOND CELL protocol.zip,06-10-22_12.44_CC2_protocol_HPPC_IN21700_30T_cycle_#1356.mat,HPPC,1356,34897,0.0,23.7,25.71,25.69,
CC_CELL2,11-CONSTANT CURRENT SECOND CELL protocol.zip,06-11-22_18.52_CC2_protocol_tenpercent_chg_a_IN21700_30T_cycle_#1356.mat,other,1356,1,0.0,26.73,26.73,26.73,
CC_CELL2,11-CONSTANT CURRENT SECOND CELL protocol.zip,06-11-22_19.46_CC2_protocol__Fifteen_Drive_Cycles_set_IN21700_30T_cycle_#1357_to_1371.mat,drive,1357,88615,0.0,23.65,26.64,26.79,
CC_CELL2,11-CONSTANT CURRENT SECOND CELL protocol.zip,06-11-22_19.46_CC_protocol_Drive_Cycles(a)_IN21700_30T_cycle_#1357.mat,drive,1357,88615,0.0,23.65,26.64,26.79,
CC_CELL2,11-CONSTANT CURRENT SECOND CELL protocol.zip,06-12-22_22.06_CC2_protocol_halfC_0.5C_dchg_(b1)_IN21700_30T_cycle_#1372.mat,halfC,1372,5615,0.0,24.73,25.72,26.14,
CC_CELL2,11-CONSTANT CURRENT SECOND CELL protocol.zip,06-12-22_22.06_CC2_protocol_halfC_CAP_(b1)_forexcel_cycle_#1372.mat,CAP,1372,0,1.0,,,,read:KeyError
CC_CELL2,11-CONSTANT CURRENT SECOND CELL protocol.zip,06-13-22_01.21_CC2_protocol_halfC_0.5C_dchg_(b2)_IN21700_30T_cycle_#1373.mat,halfC,1373,5609,0.0,24.77,25.56,25.79,
CC_CELL2,11-CONSTANT CURRENT SECOND CELL protocol.zip,06-13-22_01.21_CC2_protocol_halfC_CAP_(b2)_forexcel_cycle_#1373.mat,CAP,1373,0,1.0,,,,read:KeyError
CC_CELL2,11-CONSTANT CURRENT SECOND CELL protocol.zip,06-13-22_03.48_CC2_protocol__Fifteen_Drive_Cycles_set_IN21700_30T_cycle_#1374_to_1388.mat,drive,1374,88332,0.0,23.98,26.6,26.71,
CC_CELL2,11-CONSTANT CURRENT SECOND CELL protocol.zip,06-13-22_03.48_CC_protocol_Drive_Cycles(b)_IN21700_30T_cycle_#1372.mat,drive,1372,88332,0.0,23.98,26.6,26.71,
CC_CELL2,11-CONSTANT CURRENT SECOND CELL protocol.zip,06-19-22_20.20_CC2_protocol_whole_Schedule_IN21700_30T_cycle_#1389_week#38.mat,schedule,1389,262401,0.0,23.11,26.41,26.56,
CC_CELL2,11-CONSTANT CURRENT SECOND CELL protocol.zip,06-19-22_20.59_CC2_protocol_halfC_0.5C_dchg_(a1)_IN21700_30T_cycle_#1389.mat,halfC,1389,5702,0.0,24.69,25.62,25.98,
CC_CELL2,11-CONSTANT CURRENT SECOND CELL protocol.zip,06-19-22_20.59_CC2_protocol_halfC_CAP_(a1)_forexcel_cycle_#1389.mat,CAP,1389,0,1.0,,,,read:KeyError
CC_CELL2,11-CONSTANT CURRENT SECOND CELL protocol.zip,06-20-22_00.20_CC2_protocol_halfC_0.5C_dchg_(a2)_IN21700_30T_cycle_#1390.mat,halfC,1390,5498,0.0,24.77,25.81,25.52,
CC_CELL2,11-CONSTANT CURRENT SECOND CELL protocol.zip,06-20-22_00.20_CC2_protocol_halfC_CAP_(a2)_forexcel_cycle_#1390.mat,CAP,1390,0,1.0,,,,read:KeyError
CC_CELL2,11-CONSTANT CURRENT SECOND CELL protocol.zip,06-20-22_02.07_CC2_protocol_ONE_C_charge_IN21700_30T_cycle_#1390.mat,other,1390,226,0.0,24.78,26.6,25.22,
CC_CELL2,11-CONSTANT CURRENT SECOND CELL protocol.zip,06-20-22_03.37_CC2_protocol_OneC_1C_dchg_IN21700_30T_cycle_#1391.mat,other,1391,2699,0.0,24.79,26.47,26.96,
CC_CELL2,11-CONSTANT CURRENT SECOND CELL protocol.zip,06-20-22_06.11_CC2_protocol_TwoC_2C_dchg_IN21700_30T_cycle_#1392.mat,other,1392,1337,0.0,25.45,28.89,29.47,
CC_CELL2,11-CONSTANT CURRENT SECOND CELL protocol.zip,06-20-22_08.26_CC2_protocol_HPPC_IN21700_30T_cycle_#1393.mat,HPPC,1393,34884,0.0,23.83,25.7,25.82,
CC_CELL2,11-CONSTANT CURRENT SECOND CELL protocol.zip,06-21-22_14.34_CC2_protocol_tenpercent_chg_a_IN21700_30T_cycle_#1393.mat,other,1393,1,0.0,25.36,25.36,25.36,
CC_CELL2,11-CONSTANT CURRENT SECOND CELL protocol.zip,06-21-22_15.26_CC2_protocol__Fifteen_Drive_Cycles_set_IN21700_30T_cycle_#1394_to_1408.mat,drive,1394,87492,0.0,23.94,26.73,26.84,
CC_CELL2,11-CONSTANT CURRENT SECOND CELL protocol.zip,06-21-22_15.26_CC_protocol_Drive_Cycles(a)_IN21700_30T_cycle_#1356.mat,drive,1356,87492,0.0,23.94,26.73,26.84,
CC_CELL2,11-CONSTANT CURRENT SECOND CELL protocol.zip,06-22-22_17.28_CC2_protocol_halfC_0.5C_dchg_(b1)_IN21700_30T_cycle_#1409.mat,halfC,1409,5579,0.0,25.02,26.2,26.73,
CC_CELL2,11-CONSTANT CURRENT SECOND CELL protocol.zip,06-22-22_17.28_CC2_protocol_halfC_CAP_(b1)_forexcel_cycle_#1409.mat,CAP,1409,0,1.0,,,,read:KeyError
CC_CELL2,11-CONSTANT CURRENT SECOND CELL protocol.zip,06-22-22_20.47_CC2_protocol_halfC_0.5C_dchg_(b2)_IN21700_30T_cycle_#1410.mat,halfC,1410,5564,0.0,24.65,25.62,26.04,
CC_CELL2,11-CONSTANT CURRENT SECOND CELL protocol.zip,06-22-22_20.47_CC2_protocol_halfC_CAP_(b2)_forexcel_cycle_#1410.mat,CAP,1410,0,1.0,,,,read:KeyError
CC_CELL2,11-CONSTANT CURRENT SECOND CELL protocol.zip,06-22-22_23.14_CC2_protocol__Fifteen_Drive_Cycles_set_IN21700_30T_cycle_#1411_to_1425.mat,drive,1411,91059,0.0,23.11,26.92,26.98,
CC_CELL2,11-CONSTANT CURRENT SECOND CELL protocol.zip,06-22-22_23.14_CC_protocol_Drive_Cycles(b)_IN21700_30T_cycle_#1373.mat,drive,1373,91059,0.0,23.11,26.92,26.98,
CC_CELL2,11-CONSTANT CURRENT SECOND CELL protocol.zip,Cover20 is not performed this week_#38.mat,other,-1,0,1.0,,,,read:KeyError
CC_CELL2,11-CONSTANT CURRENT SECOND CELL protocol.zip,06-25-22_10.45_CC2_protocol_whole_Schedule_IN21700_30T_cycle_#1426_week#39.mat,schedule,1426,262059,0.0,23.7,26.41,26.65,
CC_CELL2,11-CONSTANT CURRENT SECOND CELL protocol.zip,06-25-22_12.14_CC2_protocol_OCV_0.05C_IN21700_30T_cycle_#1426.mat,OCV,1426,2060,0.0,23.7,25.33,25.1,
CC_CELL2,11-CONSTANT CURRENT SECOND CELL protocol.zip,06-29-22_15.23_CC2_protocol_halfC_0.5C_dchg_(a1)_IN21700_30T_cycle_#1427.mat,halfC,1427,5724,0.0,24.18,25.72,26.03,
CC_CELL2,11-CONSTANT CURRENT SECOND CELL protocol.zip,06-29-22_15.23_CC2_protocol_halfC_CAP_(a1)_forexcel_cycle_#1427.mat,CAP,1427,0,1.0,,,,read:KeyError
CC_CELL2,11-CONSTANT CURRENT SECOND CELL protocol.zip,06-29-22_18.46_CC2_protocol_halfC_0.5C_dchg_(a2)_IN21700_30T_cycle_#1428.mat,halfC,1428,5557,0.0,25.22,26.36,26.61,
CC_CELL2,11-CONSTANT CURRENT SECOND CELL protocol.zip,06-29-22_18.46_CC2_protocol_halfC_CAP_(a2)_forexcel_cycle_#1428.mat,CAP,1428,0,1.0,,,,read:KeyError
CC_CELL2,11-CONSTANT CURRENT SECOND CELL protocol.zip,06-29-22_20.36_CC2_protocol_ONE_C_charge_IN21700_30T_cycle_#1428.mat,other,1428,228,0.0,24.92,26.7,25.3,
CC_CELL2,11-CONSTANT CURRENT SECOND CELL protocol.zip,06-29-22_22.08_CC2_protocol_OneC_1C_dchg_IN21700_30T_cycle_#1429.mat,other,1429,2724,0.0,24.77,26.53,27.02,
CC_CELL2,11-CONSTANT CURRENT SECOND CELL protocol.zip,06-30-22_00.44_CC2_protocol_TwoC_2C_dchg_IN21700_30T_cycle_#1430.mat,other,1430,1347,0.0,25.33,28.84,29.43,
CC_CELL2,11-CONSTANT CURRENT SECOND CELL protocol.zip,06-30-22_03.01_CC2_protocol_HPPC_IN21700_30T_cycle_#1431.mat,HPPC,1431,34809,0.0,23.91,25.79,25.87,
CC_CELL2,11-CONSTANT CURRENT SECOND CELL protocol.zip,07-01-22_09.07_CC2_protocol_tenpercent_chg_a_IN21700_30T_cycle_#1431.mat,other,1431,1,0.0,25.64,25.64,25.64,
CC_CELL2,11-CONSTANT CURRENT SECOND CELL protocol.zip,07-01-22_10.00_CC2_protocol__Fifteen_Drive_Cycles_set_IN21700_30T_cycle_#1432_to_1446.mat,drive,1432,87737,0.0,24.19,26.72,26.91,
CC_CELL2,11-CONSTANT CURRENT SECOND CELL protocol.zip,07-01-22_10.00_CC_protocol_Drive_Cycles(a)_IN21700_30T_cycle_#1432.mat,drive,1432,87737,0.0,24.19,26.72,26.91,
CC_CELL2,11-CONSTANT CURRENT SECOND CELL protocol.zip,07-02-22_12.07_CC2_protocol_halfC_0.5C_dchg_(b1)_IN21700_30T_cycle_#1447.mat,halfC,1447,5576,0.0,25.07,26.23,26.76,
CC_CELL2,11-CONSTANT CURRENT SECOND CELL protocol.zip,07-02-22_12.07_CC2_protocol_halfC_CAP_(b1)_forexcel_cycle_#1447.mat,CAP,1447,0,1.0,,,,read:KeyError
CC_CELL2,11-CONSTANT CURRENT SECOND CELL protocol.zip,07-02-22_15.30_CC2_protocol_halfC_0.5C_dchg_(b2)_IN21700_30T_cycle_#1448.mat,halfC,1448,5560,0.0,24.56,25.66,26.07,
CC_CELL2,11-CONSTANT CURRENT SECOND CELL protocol.zip,07-02-22_15.30_CC2_protocol_halfC_CAP_(b2)_forexcel_cycle_#1448.mat,CAP,1448,0,1.0,,,,read:KeyError
CC_CELL2,11-CONSTANT CURRENT SECOND CELL protocol.zip,07-02-22_17.57_CC2_protocol__Fifteen_Drive_Cycles_set_IN21700_30T_cycle_#1449_to_1463.mat,drive,1449,87782,0.0,24.1,26.74,27.02,
CC_CELL2,11-CONSTANT CURRENT SECOND CELL protocol.zip,07-02-22_17.57_CC_protocol_Drive_Cycles(b)_IN21700_30T_cycle_#1447.mat,drive,1447,87782,0.0,24.1,26.74,27.02,
CC_CELL2,11-CONSTANT CURRENT SECOND CELL protocol.zip,07-04-22_09.03_CC2_protocol_whole_Schedule_IN21700_30T_cycle_#1464_week#40.mat,schedule,1464,259677,0.0,23.82,26.46,26.75,
CC_CELL2,11-CONSTANT CURRENT SECOND CELL protocol.zip,07-04-22_09.41_CC2_protocol_halfC_0.5C_dchg_(a1)_IN21700_30T_cycle_#1464.mat,halfC,1464,5732,0.0,25.17,26.45,27.11,
CC_CELL2,11-CONSTANT CURRENT SECOND CELL protocol.zip,07-04-22_09.41_CC2_protocol_halfC_CAP_(a1)_forexcel_cycle_#1464.mat,CAP,1464,0,1.0,,,,read:KeyError
CC_CELL2,11-CONSTANT CURRENT SECOND CELL protocol.zip,07-04-22_13.08_CC2_protocol_halfC_0.5C_dchg_(a2)_IN21700_30T_cycle_#1465.mat,halfC,1465,5522,0.0,24.68,25.78,26.25,
CC_CELL2,11-CONSTANT CURRENT SECOND CELL protocol.zip,07-04-22_13.08_CC2_protocol_halfC_CAP_(a2)_forexcel_cycle_#1465.mat,CAP,1465,0,1.0,,,,read:KeyError
CC_CELL2,11-CONSTANT CURRENT SECOND CELL protocol.zip,07-04-22_14.58_CC2_protocol_ONE_C_charge_IN21700_30T_cycle_#1465.mat,other,1465,226,0.0,25.52,27.41,25.88,
CC_CELL2,11-CONSTANT CURRENT SECOND CELL protocol.zip,07-04-22_16.30_CC2_protocol_OneC_1C_dchg_IN21700_30T_cycle_#1466.mat,other,1466,2711,0.0,24.93,26.58,26.98,
CC_CELL2,11-CONSTANT CURRENT SECOND CELL protocol.zip,07-04-22_19.08_CC2_protocol_TwoC_2C_dchg_IN21700_30T_cycle_#1467.mat,other,1467,1342,0.0,25.14,29.15,29.86,
CC_CELL2,11-CONSTANT CURRENT SECOND CELL protocol.zip,07-06-22_04.22_CC2_protocol__Fifteen_Drive_Cycles_set_IN21700_30T_cycle_#1469_to_1483.mat,drive,1469,87835,0.0,24.36,26.85,27.12,
CC_CELL2,11-CONSTANT CURRENT SECOND CELL protocol.zip,07-06-22_04.22_CC_protocol_Drive_Cycles(a)_IN21700_30T_cycle_#1429.mat,drive,1429,87835,0.0,24.36,26.85,27.12,
CC_CELL2,11-CONSTANT CURRENT SECOND CELL protocol.zip,07-07-22_06.33_CC2_protocol_halfC_0.5C_dchg_(b1)_IN21700_30T_cycle_#1484.mat,halfC,1484,5538,0.0,24.97,26.18,26.76,
CC_CELL2,11-CONSTANT CURRENT SECOND CELL protocol.zip,07-07-22_06.33_CC2_protocol_halfC_CAP_(b1)_forexcel_cycle_#1484.mat,CAP,1484,0,1.0,,,,read:KeyError
CC_CELL2,11-CONSTANT CURRENT SECOND CELL protocol.zip,07-07-22_09.58_CC2_protocol_halfC_0.5C_dchg_(b2)_IN21700_30T_cycle_#1485.mat,halfC,1485,5522,0.0,24.8,25.72,26.07,
CC_CELL2,11-CONSTANT CURRENT SECOND CELL protocol.zip,07-07-22_09.58_CC2_protocol_halfC_CAP_(b2)_forexcel_cycle_#1485.mat,CAP,1485,0,1.0,,,,read:KeyError
CC_CELL2,11-CONSTANT CURRENT SECOND CELL protocol.zip,07-07-22_12.24_CC2_protocol__Fifteen_Drive_Cycles_set_IN21700_30T_cycle_#1486_to_1500.mat,drive,1486,87504,0.0,24.58,26.73,26.95,
CC_CELL2,11-CONSTANT CURRENT SECOND CELL protocol.zip,07-07-22_12.24_CC_protocol_Drive_Cycles(b)_IN21700_30T_cycle_#1446.mat,drive,1446,87504,0.0,24.58,26.73,26.95,
CC_CELL2,11-CONSTANT CURRENT SECOND CELL protocol.zip,Cover20 is not performed this week_#40.mat,other,-1,0,1.0,,,,read:KeyError
CC_CELL2,11-CONSTANT CURRENT SECOND CELL protocol.zip,07-12-22_16.58_CC2_protocol_whole_Schedule_IN21700_30T_cycle_#1501_week#41.mat,schedule,1501,261416,0.0,23.85,26.53,26.77,
CC_CELL2,11-CONSTANT CURRENT SECOND CELL protocol.zip,07-12-22_18.28_CC2_protocol_OCV_0.05C_IN21700_30T_cycle_#1501.mat,OCV,1501,2035,0.0,23.85,25.49,25.5,
CC_CELL2,11-CONSTANT CURRENT SECOND CELL protocol.zip,07-14-22_05.49_CC2_protocol_halfC_0.5C_dchg_(a1)_IN21700_30T_cycle_#1502.mat,halfC,1502,5680,0.0,24.57,25.84,26.29,
CC_CELL2,11-CONSTANT CURRENT SECOND CELL protocol.zip,07-14-22_05.49_CC2_protocol_halfC_CAP_(a1)_forexcel_cycle_#1502.mat,CAP,1502,0,1.0,,,,read:KeyError
CC_CELL2,11-CONSTANT CURRENT SECOND CELL protocol.zip,07-14-22_09.16_CC2_protocol_halfC_0.5C_dchg_(a2)_IN21700_30T_cycle_#1503.mat,halfC,1503,5486,0.0,25.05,25.86,26.05,
CC_CELL2,11-CONSTANT CURRENT SECOND CELL protocol.zip,07-14-22_09.16_CC2_protocol_halfC_CAP_(a2)_forexcel_cycle_#1503.mat,CAP,1503,0,1.0,,,,read:KeyError
CC_CELL2,11-CONSTANT CURRENT SECOND CELL protocol.zip,07-14-22_11.04_CC2_protocol_ONE_C_charge_IN21700_30T_cycle_#1503.mat,other,1503,220,0.0,24.84,26.84,25.41,
CC_CELL2,11-CONSTANT CURRENT SECOND CELL protocol.zip,07-14-22_12.39_CC2_protocol_OneC_1C_dchg_IN21700_30T_cycle_#1504.mat,other,1504,2693,0.0,25.35,27.33,27.86,
CC_CELL2,11-CONSTANT CURRENT SECOND CELL protocol.zip,07-14-22_15.21_CC2_protocol_TwoC_2C_dchg_IN21700_30T_cycle_#1505.mat,other,1505,1327,0.0,24.64,28.74,29.4,
CC_CELL2,11-CONSTANT CURRENT SECOND CELL protocol.zip,07-14-22_17.40_CC2_protocol_HPPC_IN21700_30T_cycle_#1506.mat,HPPC,1506,34776,0.0,23.96,25.81,25.74,
CC_CELL2,11-CONSTANT CURRENT SECOND CELL protocol.zip,07-15-22_23.45_CC2_protocol_tenpercent_chg_a_IN21700_30T_cycle_#1506.mat,other,1506,1,0.0,26.35,26.35,26.35,
CC_CELL2,11-CONSTANT CURRENT SECOND CELL protocol.zip,07-16-22_00.39_CC2_protocol__Fifteen_Drive_Cycles_set_IN21700_30T_cycle_#1507_to_1521.mat,drive,1507,87615,0.0,24.32,26.9,27.14,
CC_CELL2,11-CONSTANT CURRENT SECOND CELL protocol.zip,07-16-22_00.39_CC_protocol_Drive_Cycles(a)_IN21700_30T_cycle_#1507.mat,drive,1507,87615,0.0,24.32,26.9,27.14,
CC_CELL2,11-CONSTANT CURRENT SECOND CELL protocol.zip,07-17-22_02.49_CC2_protocol_halfC_0.5C_dchg_(b1)_IN21700_30T_cycle_#1522.mat,halfC,1522,5466,0.0,24.79,25.73,26.12,
CC_CELL2,11-CONSTANT CURRENT SECOND CELL protocol.zip,07-17-22_02.49_CC2_protocol_halfC_CAP_(b1)_forexcel_cycle_#1522.mat,CAP,1522,0,1.0,,,,read:KeyError
CC_CELL2,11-CONSTANT CURRENT SECOND CELL protocol.zip,07-17-22_06.09_CC2_protocol_halfC_0.5C_dchg_(b2)_IN21700_30T_cycle_#1523.mat,halfC,1523,5479,0.0,25.35,26.31,26.22,
CC_CELL2,11-CONSTANT CURRENT SECOND CELL protocol.zip,07-17-22_06.09_CC2_protocol_halfC_CAP_(b2)_forexcel_cycle_#1523.mat,CAP,1523,0,1.0,,,,read:KeyError
CC_CELL2,11-CONSTANT CURRENT SECOND CELL protocol.zip,07-17-22_08.33_CC2_protocol_Drive_Cycles(b)_IN21700_30T_cycle_#1527.mat,drive,1527,87405,0.0,24.4,26.89,27.14,
CC_CELL2,11-CONSTANT CURRENT SECOND CELL protocol.zip,07-17-22_08.33_CC2_protocol__Fifteen_Drive_Cycles_set_IN21700_30T_cycle_#1524_to_1538.mat,drive,1524,87405,0.0,24.4,26.89,27.14,
CC_CELL2,11-CONSTANT CURRENT SECOND CELL protocol.zip,07-18-22_14.03_CC2_protocol_whole_Schedule_IN21700_30T_cycle_#1539_week#42.mat,schedule,1539,256658,0.0,19.17,26.54,26.76,
CC_CELL2,11-CONSTANT CURRENT SECOND CELL protocol.zip,07-18-22_14.39_CC2_protocol_halfC_0.5C_dchg_(a1)_IN21700_30T_cycle_#1539.mat,halfC,1539,5609,0.0,24.82,26.11,26.62,
CC_CELL2,11-CONSTANT CURRENT SECOND CELL protocol.zip,07-18-22_14.39_CC2_protocol_halfC_CAP_(a1)_forexcel_cycle_#1539.mat,CAP,1539,0,1.0,,,,read:KeyError
CC_CELL2,11-CONSTANT CURRENT SECOND CELL protocol.zip,07-18-22_18.07_CC2_protocol_halfC_0.5C_dchg_(a2)_IN21700_30T_cycle_#1540.mat,halfC,1540,5433,0.0,24.8,25.74,26.13,
CC_CELL2,11-CONSTANT CURRENT SECOND CELL protocol.zip,07-18-22_18.07_CC2_protocol_halfC_CAP_(a2)_forexcel_cycle_#1540.mat,CAP,1540,0,1.0,,,,read:KeyError
CC_CELL2,11-CONSTANT CURRENT SECOND CELL protocol.zip,07-18-22_19.55_CC2_protocol_ONE_C_charge_IN21700_30T_cycle_#1540.mat,other,1540,216,0.0,25.05,27.14,25.3,
CC_CELL2,11-CONSTANT CURRENT SECOND CELL protocol.zip,07-18-22_21.32_CC2_protocol_OneC_1C_dchg_IN21700_30T_cycle_#1541.mat,other,1541,2672,0.0,25.64,27.38,27.6,
CC_CELL2,11-CONSTANT CURRENT SECOND CELL protocol.zip,07-19-22_00.12_CC2_protocol_TwoC_2C_dchg_IN21700_30T_cycle_#1542.mat,other,1542,1320,0.0,24.88,29.04,29.7,
CC_CELL2,11-CONSTANT CURRENT SECOND CELL protocol.zip,07-19-22_02.33_CC2_protocol_HPPC_IN21700_30T_cycle_#1543.mat,HPPC,1543,34720,0.0,23.87,25.7,25.62,
CC_CELL2,11-CONSTANT CURRENT SECOND CELL protocol.zip,07-20-22_08.38_CC2_protocol_tenpercent_chg_a_IN21700_30T_cycle_#1543.mat,other,1543,1,0.0,25.96,25.96,25.96,
CC_CELL2,11-CONSTANT CURRENT SECOND CELL protocol.zip,07-20-22_09.31_CC2_protocol_Drive_Cycles(a)_IN21700_30T_cycle_#1502.mat,drive,1502,87149,0.0,24.35,26.95,27.24,
CC_CELL2,11-CONSTANT CURRENT SECOND CELL protocol.zip,07-20-22_09.31_CC2_protocol__Fifteen_Drive_Cycles_set_IN21700_30T_cycle_#1544_to_1558.mat,drive,1544,87149,0.0,24.35,26.95,27.24,
CC_CELL2,11-CONSTANT CURRENT SECOND CELL protocol.zip,07-21-22_11.35_CC2_protocol_halfC_0.5C_dchg_(b1)_IN21700_30T_cycle_#1559.mat,halfC,1559,5427,0.0,24.87,25.95,26.43,
CC_CELL2,11-CONSTANT CURRENT SECOND CELL protocol.zip,07-21-22_11.35_CC2_protocol_halfC_CAP_(b1)_forexcel_cycle_#1559.mat,CAP,1559,0,1.0,,,,read:KeyError
CC_CELL2,11-CONSTANT CURRENT SECOND CELL protocol.zip,07-21-22_14.52_CC2_protocol_halfC_0.5C_dchg_(b2)_IN21700_30T_cycle_#1560.mat,halfC,1560,5411,0.0,19.87,25.86,26.11,
CC_CELL2,11-CONSTANT CURRENT SECOND CELL protocol.zip,07-21-22_14.52_CC2_protocol_halfC_CAP_(b2)_forexcel_cycle_#1560.mat,CAP,1560,0,1.0,,,,read:KeyError
CC_CELL2,11-CONSTANT CURRENT SECOND CELL protocol.zip,07-21-22_17.15_CC2_protocol_Drive_Cycles(b)_IN21700_30T_cycle_#1524.mat,drive,1524,85639,0.0,24.38,26.89,27.06,
CC_CELL2,11-CONSTANT CURRENT SECOND CELL protocol.zip,07-21-22_17.15_CC2_protocol__Fifteen_Drive_Cycles_set_IN21700_30T_cycle_#1561_to_1575.mat,drive,1561,85639,0.0,24.38,26.89,27.06,
CC_CELL2,11-CONSTANT CURRENT SECOND CELL protocol.zip,Cover20 is not performed this week_#42.mat,other,-1,0,1.0,,,,read:KeyError
CC_CELL2,11-CONSTANT CURRENT SECOND CELL protocol.zip,07-23-22_10.52_CC2_protocol_whole_Schedule_IN21700_30T_cycle_#1576_week#43.mat,schedule,1576,256711,0.0,21.15,26.52,26.8,
CC_CELL2,11-CONSTANT CURRENT SECOND CELL protocol.zip,07-23-22_12.22_CC2_protocol_OCV_0.05C_IN21700_30T_cycle_#1576.mat,OCV,1576,2004,0.0,23.95,25.45,25.48,
CC_CELL2,11-CONSTANT CURRENT SECOND CELL protocol.zip,07-24-22_23.11_CC2_protocol_halfC_0.5C_dchg_(a1)_IN21700_30T_cycle_#1577.mat,halfC,1577,5586,0.0,25.42,26.34,26.27,
CC_CELL2,11-CONSTANT CURRENT SECOND CELL protocol.zip,07-24-22_23.11_CC2_protocol_halfC_CAP_(a1)_forexcel_cycle_#1577.mat,CAP,1577,0,1.0,,,,read:KeyError
CC_CELL2,11-CONSTANT CURRENT SECOND CELL protocol.zip,07-25-22_02.37_CC2_protocol_halfC_0.5C_dchg_(a2)_IN21700_30T_cycle_#1578.mat,halfC,1578,5391,0.0,24.79,25.98,26.49,
CC_CELL2,11-CONSTANT CURRENT SECOND CELL protocol.zip,07-25-22_02.37_CC2_protocol_halfC_CAP_(a2)_forexcel_cycle_#1578.mat,CAP,1578,0,1.0,,,,read:KeyError
CC_CELL2,11-CONSTANT CURRENT SECOND CELL protocol.zip,07-25-22_04.25_CC2_protocol_ONE_C_charge_IN21700_30T_cycle_#1578.mat,other,1578,213,0.0,25.49,27.67,25.88,
CC_CELL2,11-CONSTANT CURRENT SECOND CELL protocol.zip,07-25-22_06.02_CC2_protocol_OneC_1C_dchg_IN21700_30T_cycle_#1579.mat,other,1579,2646,0.0,24.81,26.75,27.21,
CC_CELL2,11-CONSTANT CURRENT SECOND CELL protocol.zip,07-25-22_08.44_CC2_protocol_TwoC_2C_dchg_IN21700_30T_cycle_#1580.mat,other,1580,1313,0.0,25.25,29.46,30.13,
CC_CELL2,11-CONSTANT CURRENT SECOND CELL protocol.zip,07-25-22_11.05_CC2_protocol_HPPC_IN21700_30T_cycle_#1581.mat,HPPC,1581,34673,0.0,23.93,25.77,25.82,
CC_CELL2,11-CONSTANT CURRENT SECOND CELL protocol.zip,07-26-22_17.08_CC2_protocol_tenpercent_chg_a_IN21700_30T_cycle_#1581.mat,other,1581,1,0.0,26.83,26.83,26.83,
CC_CELL2,11-CONSTANT CURRENT SECOND CELL protocol.zip,07-26-22_18.01_CC2_protocol__Fifteen_Drive_Cycles_set_IN21700_30T_cycle_#1582_to_1596.mat,drive,1582,85339,0.0,21.15,26.92,27.29,
CC_CELL2,11-CONSTANT CURRENT SECOND CELL protocol.zip,07-26-22_18.01_CC_protocol_Drive_Cycles(a)_IN21700_30T_cycle_#1582.mat,drive,1582,85339,0.0,21.15,26.92,27.29,
CC_CELL2,11-CONSTANT CURRENT SECOND CELL protocol.zip,07-27-22_19.35_CC2_protocol_halfC_0.5C_dchg_(b1)_IN21700_30T_cycle_#1597.mat,halfC,1597,5386,0.0,24.95,26.21,26.7,
CC_CELL2,11-CONSTANT CURRENT SECOND CELL protocol.zip,07-27-22_19.35_CC2_protocol_halfC_CAP_(b1)_forexcel_cycle_#1597.mat,CAP,1597,0,1.0,,,,read:KeyError
CC_CELL2,11-CONSTANT CURRENT SECOND CELL protocol.zip,07-27-22_22.59_CC2_protocol_halfC_0.5C_dchg_(b2)_IN21700_30T_cycle_#1598.mat,halfC,1598,5374,0.0,24.82,25.79,26.23,
CC_CELL2,11-CONSTANT CURRENT SECOND CELL protocol.zip,07-27-22_22.59_CC2_protocol_halfC_CAP_(b2)_forexcel_cycle_#1598.mat,CAP,1598,0,1.0,,,,read:KeyError
CC_CELL2,11-CONSTANT CURRENT SECOND CELL protocol.zip,07-28-22_01.23_CC2_protocol__Fifteen_Drive_Cycles_set_IN21700_30T_cycle_#1599_to_1613.mat,drive,1599,84991,0.0,23.12,26.92,27.15,
CC_CELL2,11-CONSTANT CURRENT SECOND CELL protocol.zip,07-28-22_01.23_CC_protocol_Drive_Cycles(b)_IN21700_30T_cycle_#1597.mat,drive,1597,84991,0.0,23.12,26.92,27.15,
CC_CELL2,11-CONSTANT CURRENT SECOND CELL protocol.zip,07-29-22_09.35_CC2_protocol_whole_Schedule_IN21700_30T_cycle_#1614_week#44.mat,schedule,1614,253282,0.0,23.82,26.58,26.86,
CC_CELL2,11-CONSTANT CURRENT SECOND CELL protocol.zip,07-29-22_10.13_CC2_protocol_halfC_0.5C_dchg_(a1)_IN21700_30T_cycle_#1614.mat,halfC,1614,5536,0.0,25.34,26.7,27.05,
CC_CELL2,11-CONSTANT CURRENT SECOND CELL protocol.zip,07-29-22_10.13_CC2_protocol_halfC_CAP_(a1)_forexcel_cycle_#1614.mat,CAP,1614,0,1.0,,,,read:KeyError
CC_CELL2,11-CONSTANT CURRENT SECOND CELL protocol.zip,07-29-22_13.42_CC2_protocol_halfC_0.5C_dchg_(a2)_IN21700_30T_cycle_#1615.mat,halfC,1615,5340,0.0,24.83,26.02,26.5,
CC_CELL2,11-CONSTANT CURRENT SECOND CELL protocol.zip,07-29-22_13.42_CC2_protocol_halfC_CAP_(a2)_forexcel_cycle_#1615.mat,CAP,1615,0,1.0,,,,read:KeyError
CC_CELL2,11-CONSTANT CURRENT SECOND CELL protocol.zip,07-29-22_15.28_CC2_protocol_ONE_C_charge_IN21700_30T_cycle_#1615.mat,other,1615,208,0.0,25.54,27.71,26.02,
CC_CELL2,11-CONSTANT CURRENT SECOND CELL protocol.zip,07-29-22_17.06_CC2_protocol_OneC_1C_dchg_IN21700_30T_cycle_#1616.mat,other,1616,2618,0.0,24.86,26.78,27.32,
CC_CELL2,11-CONSTANT CURRENT SECOND CELL protocol.zip,07-29-22_19.49_CC2_protocol_TwoC_2C_dchg_IN21700_30T_cycle_#1617.mat,other,1617,1300,0.0,25.2,29.56,30.26,
CC_CELL2,11-CONSTANT CURRENT SECOND CELL protocol.zip,07-29-22_22.13_CC2_protocol_HPPC_IN21700_30T_cycle_#1618.mat,HPPC,1618,34681,0.0,23.82,25.77,25.7,
CC_CELL2,11-CONSTANT CURRENT SECOND CELL protocol.zip,07-31-22_04.15_CC2_protocol_tenpercent_chg_a_IN21700_30T_cycle_#1618.mat,other,1618,1,0.0,24.73,24.73,24.73,
CC_CELL2,11-CONSTANT CURRENT SECOND CELL protocol.zip,07-31-22_05.08_CC2_protocol__Fifteen_Drive_Cycles_set_IN21700_30T_cycle_#1619_to_1633.mat,drive,1619,85084,0.0,24.5,26.93,27.24,
CC_CELL2,11-CONSTANT CURRENT SECOND CELL protocol.zip,07-31-22_05.08_CC_protocol_Drive_Cycles(a)_IN21700_30T_cycle_#1575.mat,drive,1575,85084,0.0,24.5,26.93,27.24,
CC_CELL2,11-CONSTANT CURRENT SECOND CELL protocol.zip,08-01-22_06.38_CC2_protocol_halfC_0.5C_dchg_(b1)_IN21700_30T_cycle_#1634.mat,halfC,1634,5323,0.0,24.8,26.0,26.49,
CC_CELL2,11-CONSTANT CURRENT SECOND CELL protocol.zip,08-01-22_06.38_CC2_protocol_halfC_CAP_(b1)_forexcel_cycle_#1634.mat,CAP,1634,0,1.0,,,,read:KeyError
CC_CELL2,11-CONSTANT CURRENT SECOND CELL protocol.zip,08-01-22_09.58_CC2_protocol_halfC_0.5C_dchg_(b2)_IN21700_30T_cycle_#1635.mat,halfC,1635,5298,0.0,24.65,25.84,26.17,
CC_CELL2,11-CONSTANT CURRENT SECOND CELL protocol.zip,08-01-22_09.58_CC2_protocol_halfC_CAP_(b2)_forexcel_cycle_#1635.mat,CAP,1635,0,1.0,,,,read:KeyError
CC_CELL2,11-CONSTANT CURRENT SECOND CELL protocol.zip,08-01-22_12.18_CC2_protocol__Fifteen_Drive_Cycles_set_IN21700_30T_cycle_#1636_to_1650.mat,drive,1636,84464,0.0,24.37,27.0,27.31,
CC_CELL2,11-CONSTANT CURRENT SECOND CELL protocol.zip,08-01-22_12.18_CC_protocol_Drive_Cycles(b)_IN21700_30T_cycle_#1592.mat,drive,1592,84464,0.0,24.37,27.0,27.31,
CC_CELL2,11-CONSTANT CURRENT SECOND CELL protocol.zip,Cover20 is not performed this week_#44.mat,other,-1,0,1.0,,,,read:KeyError
CC_CELL2,11-CONSTANT CURRENT SECOND CELL protocol.zip,08-04-22_10.08_CC2_protocol_whole_Schedule_IN21700_30T_cycle_#1651_week#45.mat,schedule,1651,255581,0.0,24.03,26.64,26.91,
CC_CELL2,11-CONSTANT CURRENT SECOND CELL protocol.zip,08-04-22_11.40_CC2_protocol_OCV_0.05C_IN21700_30T_cycle_#1651.mat,OCV,1651,1970,0.0,24.03,25.55,25.62,
CC_CELL2,11-CONSTANT CURRENT SECOND CELL protocol.zip,08-05-22_21.55_CC2_protocol_halfC_0.5C_dchg_(a1)_IN21700_30T_cycle_#1652.mat,halfC,1652,5491,0.0,25.57,26.61,26.62,
CC_CELL2,11-CONSTANT CURRENT SECOND CELL protocol.zip,08-05-22_21.55_CC2_protocol_halfC_CAP_(a1)_forexcel_cycle_#1652.mat,CAP,1652,0,1.0,,,,read:KeyError
CC_CELL2,11-CONSTANT CURRENT SECOND CELL protocol.zip,08-06-22_01.24_CC2_protocol_halfC_0.5C_dchg_(a2)_IN21700_30T_cycle_#1653.mat,halfC,1653,5298,0.0,24.99,26.38,26.96,
CC_CELL2,11-CONSTANT CURRENT SECOND CELL protocol.zip,08-06-22_01.24_CC2_protocol_halfC_CAP_(a2)_forexcel_cycle_#1653.mat,CAP,1653,0,1.0,,,,read:KeyError
CC_CELL2,11-CONSTANT CURRENT SECOND CELL protocol.zip,08-06-22_03.12_CC2_protocol_ONE_C_charge_IN21700_30T_cycle_#1653.mat,other,1653,203,0.0,26.18,27.51,26.56,
CC_CELL2,11-CONSTANT CURRENT SECOND CELL protocol.zip,08-06-22_04.53_CC2_protocol_OneC_1C_dchg_IN21700_30T_cycle_#1654.mat,other,1654,2596,0.0,24.79,26.87,27.39,
CC_CELL2,11-CONSTANT CURRENT SECOND CELL protocol.zip,08-06-22_07.37_CC2_protocol_TwoC_2C_dchg_IN21700_30T_cycle_#1655.mat,other,1655,1290,0.0,25.71,29.99,30.5,
CC_CELL2,11-CONSTANT CURRENT SECOND CELL protocol.zip,08-06-22_10.02_CC2_protocol_HPPC_IN21700_30T_cycle_#1656.mat,HPPC,1656,34681,0.0,24.07,25.84,25.83,
CC_CELL2,11-CONSTANT CURRENT SECOND CELL protocol.zip,08-07-22_16.03_CC2_protocol_tenpercent_chg_a_IN21700_30T_cycle_#1656.mat,other,1656,1,0.0,26.58,26.58,26.58,
CC_CELL2,11-CONSTANT CURRENT SECOND CELL protocol.zip,08-07-22_16.57_CC2_protocol__Fifteen_Drive_Cycles_set_IN21700_30T_cycle_#1657_to_1671.mat,drive,1657,84769,0.0,24.41,27.13,27.4,
CC_CELL2,11-CONSTANT CURRENT SECOND CELL protocol.zip,08-07-22_16.57_CC_protocol_Drive_Cycles(a)_IN21700_30T_cycle_#1657.mat,drive,1657,84769,0.0,24.41,27.13,27.4,
CC_CELL2,11-CONSTANT CURRENT SECOND CELL protocol.zip,08-08-22_18.24_CC2_protocol_halfC_0.5C_dchg_(b1)_IN21700_30T_cycle_#1672.mat,halfC,1672,5277,0.0,25.26,26.14,26.38,
CC_CELL2,11-CONSTANT CURRENT SECOND CELL protocol.zip,08-08-22_18.24_CC2_protocol_halfC_CAP_(b1)_forexcel_cycle_#1672.mat,CAP,1672,0,1.0,,,,read:KeyError
CC_CELL2,11-CONSTANT CURRENT SECOND CELL protocol.zip,08-08-22_21.45_CC2_protocol_halfC_0.5C_dchg_(b2)_IN21700_30T_cycle_#1673.mat,halfC,1673,5266,0.0,24.94,26.26,26.75,
CC_CELL2,11-CONSTANT CURRENT SECOND CELL protocol.zip,08-08-22_21.45_CC2_protocol_halfC_CAP_(b2)_forexcel_cycle_#1673.mat,CAP,1673,0,1.0,,,,read:KeyError
CC_CELL2,11-CONSTANT CURRENT SECOND CELL protocol.zip,08-09-22_00.09_CC2_protocol__Fifteen_Drive_Cycles_set_IN21700_30T_cycle_#1674_to_1688.mat,drive,1674,84556,0.0,24.73,27.01,27.34,
CC_CELL2,11-CONSTANT CURRENT SECOND CELL protocol.zip,08-09-22_00.09_CC_protocol_Drive_Cycles(b)_IN21700_30T_cycle_#1672.mat,drive,1672,84556,0.0,24.73,27.01,27.34,
CC_CELL2,11-CONSTANT CURRENT SECOND CELL protocol.zip,08-15-22_09.00_CC2_protocol_whole_Schedule_IN21700_30T_cycle_#1689_week#46.mat,schedule,1689,248502,0.0,16.38,26.65,26.96,
CC_CELL2,11-CONSTANT CURRENT SECOND CELL protocol.zip,08-15-22_09.42_CC2_protocol_halfC_0.5C_dchg_(a1)_IN21700_30T_cycle_#1689.mat,halfC,1689,5393,0.0,24.32,25.97,26.54,
CC_CELL2,11-CONSTANT CURRENT SECOND CELL protocol.zip,08-15-22_09.42_CC2_protocol_halfC_CAP_(a1)_forexcel_cycle_#1689.mat,CAP,1689,0,1.0,,,,read:KeyError
CC_CELL2,11-CONSTANT CURRENT SECOND CELL protocol.zip,08-15-22_13.09_CC2_protocol_halfC_0.5C_dchg_(a2)_IN21700_30T_cycle_#1690.mat,halfC,1690,5178,0.0,25.08,26.59,27.22,
CC_CELL2,11-CONSTANT CURRENT SECOND CELL protocol.zip,08-15-22_13.09_CC2_protocol_halfC_CAP_(a2)_forexcel_cycle_#1690.mat,CAP,1690,0,1.0,,,,read:KeyError
CC_CELL2,11-CONSTANT CURRENT SECOND CELL protocol.zip,08-15-22_14.54_CC2_protocol_ONE_C_charge_IN21700_30T_cycle_#1690.mat,other,1690,196,0.0,26.02,28.14,26.42,
CC_CELL2,11-CONSTANT CURRENT SECOND CELL protocol.zip,08-15-22_16.35_CC2_protocol_OneC_1C_dchg_IN21700_30T_cycle_#1691.mat,other,1691,2541,0.0,24.84,26.83,27.46,
CC_CELL2,11-CONSTANT CURRENT SECOND CELL protocol.zip,08-15-22_19.17_CC2_protocol_TwoC_2C_dchg_IN21700_30T_cycle_#1692.mat,other,1692,1262,0.0,25.07,29.81,30.55,
CC_CELL2,11-CONSTANT CURRENT SECOND CELL protocol.zip,08-15-22_21.42_CC2_protocol_HPPC_IN21700_30T_cycle_#1693.mat,HPPC,1693,34726,0.0,19.7,25.88,25.83,
CC_CELL2,11-CONSTANT CURRENT SECOND CELL protocol.zip,08-17-22_03.47_CC2_protocol_tenpercent_chg_a_IN21700_30T_cycle_#1693.mat,other,1693,1,0.0,26.5,26.5,26.5,
CC_CELL2,11-CONSTANT CURRENT SECOND CELL protocol.zip,08-17-22_04.40_CC2_protocol__Fifteen_Drive_Cycles_set_IN21700_30T_cycle_#1694_to_1708.mat,drive,1694,82348,0.0,19.15,27.15,27.52,
CC_CELL2,11-CONSTANT CURRENT SECOND CELL protocol.zip,08-17-22_04.40_CC_protocol_Drive_Cycles(a)_IN21700_30T_cycle_#1648.mat,drive,1648,82348,0.0,19.15,27.15,27.52,
CC_CELL2,11-CONSTANT CURRENT SECOND CELL protocol.zip,08-18-22_05.26_CC2_protocol_halfC_0.5C_dchg_(b1)_IN21700_30T_cycle_#1709.mat,halfC,1709,5181,0.0,24.84,25.93,26.22,
CC_CELL2,11-CONSTANT CURRENT SECOND CELL protocol.zip,08-18-22_05.26_CC2_protocol_halfC_CAP_(b1)_forexcel_cycle_#1709.mat,CAP,1709,0,1.0,,,,read:KeyError
CC_CELL2,11-CONSTANT CURRENT SECOND CELL protocol.zip,08-18-22_08.47_CC2_protocol_halfC_0.5C_dchg_(b2)_IN21700_30T_cycle_#1710.mat,halfC,1710,5198,0.0,25.11,26.45,26.95,
CC_CELL2,11-CONSTANT CURRENT SECOND CELL protocol.zip,08-18-22_08.47_CC2_protocol_halfC_CAP_(b2)_forexcel_cycle_#1710.mat,CAP,1710,0,1.0,,,,read:KeyError
CC_CELL2,11-CONSTANT CURRENT SECOND CELL protocol.zip,08-18-22_11.09_CC2_protocol__Fifteen_Drive_Cycles_set_IN21700_30T_cycle_#1711_to_1725.mat,drive,1711,82433,0.0,16.38,27.08,27.42,
CC_CELL2,11-CONSTANT CURRENT SECOND CELL protocol.zip,08-18-22_11.09_CC_protocol_Drive_Cycles(b)_IN21700_30T_cycle_#1665.mat,drive,1665,82433,0.0,16.38,27.08,27.42,
CC_CELL2,11-CONSTANT CURRENT SECOND CELL protocol.zip,Cover20 is not performed this week_#46.mat,other,-1,0,1.0,,,,read:KeyError
CC_CELL2,11-CONSTANT CURRENT SECOND CELL protocol.zip,08-25-22_10.09_CC2_protocol_whole_Schedule_IN21700_30T_cycle_#1726_week#47.mat,schedule,1726,262156,0.0,23.04,27.02,27.5,
CC_CELL2,11-CONSTANT CURRENT SECOND CELL protocol.zip,08-25-22_13.21_CC2_protocol_OCV_0.05C_IN21700_30T_cycle_#1726.mat,OCV,1726,1881,0.0,24.84,25.55,25.63,
CC_CELL2,11-CONSTANT CURRENT SECOND CELL protocol.zip,08-26-22_21.38_CC2_protocol_halfC_0.5C_dchg_(a1)_IN21700_30T_cycle_#1727.mat,halfC,1727,5191,0.0,25.15,26.53,26.99,
CC_CELL2,11-CONSTANT CURRENT SECOND CELL protocol.zip,08-26-22_21.38_CC2_protocol_halfC_CAP_(a1)_forexcel_cycle_#1727.mat,CAP,1727,0,1.0,,,,read:KeyError
CC_CELL2,11-CONSTANT CURRENT SECOND CELL protocol.zip,08-27-22_01.04_CC2_protocol_halfC_0.5C_dchg_(a2)_IN21700_30T_cycle_#1728.mat,halfC,1728,5212,0.0,25.07,26.47,26.96,
CC_CELL2,11-CONSTANT CURRENT SECOND CELL protocol.zip,08-27-22_01.04_CC2_protocol_halfC_CAP_(a2)_forexcel_cycle_#1728.mat,CAP,1728,0,1.0,,,,read:KeyError
CC_CELL2,11-CONSTANT CURRENT SECOND CELL protocol.zip,08-27-22_02.50_CC2_protocol_ONE_C_charge_IN21700_30T_cycle_#1728.mat,other,1728,196,0.0,25.12,27.98,25.45,
CC_CELL2,11-CONSTANT CURRENT SECOND CELL protocol.zip,08-27-22_04.31_CC2_protocol_OneC_1C_dchg_IN21700_30T_cycle_#1729.mat,other,1729,2564,0.0,25.14,27.85,28.59,
CC_CELL2,11-CONSTANT CURRENT SECOND CELL protocol.zip,08-27-22_07.17_CC2_protocol_TwoC_2C_dchg_IN21700_30T_cycle_#1730.mat,other,1730,1273,0.0,25.13,30.97,31.78,
CC_CELL2,11-CONSTANT CURRENT SECOND CELL protocol.zip,08-27-22_09.45_CC2_protocol_HPPC_IN21700_30T_cycle_#1731.mat,HPPC,1731,34641,0.0,24.88,25.95,25.91,
CC_CELL2,11-CONSTANT CURRENT SECOND CELL protocol.zip,08-28-22_15.48_CC2_protocol_tenpercent_chg_a_IN21700_30T_cycle_#1731.mat,other,1731,1,0.0,26.54,26.54,26.54,
CC_CELL2,11-CONSTANT CURRENT SECOND CELL protocol.zip,08-28-22_16.44_CC2_protocol__Fifteen_Drive_Cycles_set_IN21700_30T_cycle_#1732_to_1746.mat,drive,1732,88222,0.0,24.98,27.66,28.13,
CC_CELL2,11-CONSTANT CURRENT SECOND CELL protocol.zip,08-28-22_16.44_CC_protocol_Drive_Cycles(a)_IN21700_30T_cycle_#1732.mat,drive,1732,88222,0.0,24.98,27.66,28.13,
CC_CELL2,11-CONSTANT CURRENT SECOND CELL protocol.zip,08-29-22_19.11_CC2_protocol_halfC_0.5C_dchg_(b1)_IN21700_30T_cycle_#1747.mat,halfC,1747,5151,0.0,25.19,26.49,26.96,
CC_CELL2,11-CONSTANT CURRENT SECOND CELL protocol.zip,08-29-22_19.11_CC2_protocol_halfC_CAP_(b1)_forexcel_cycle_#1747.mat,CAP,1747,0,1.0,,,,read:KeyError
CC_CELL2,11-CONSTANT CURRENT SECOND CELL protocol.zip,08-29-22_22.33_CC2_protocol_halfC_0.5C_dchg_(b2)_IN21700_30T_cycle_#1748.mat,halfC,1748,5154,0.0,25.08,26.44,26.92,
CC_CELL2,11-CONSTANT CURRENT SECOND CELL protocol.zip,08-29-22_22.33_CC2_protocol_halfC_CAP_(b2)_forexcel_cycle_#1748.mat,CAP,1748,0,1.0,,,,read:KeyError
CC_CELL2,11-CONSTANT CURRENT SECOND CELL protocol.zip,08-30-22_00.55_CC2_protocol__Fifteen_Drive_Cycles_set_IN21700_30T_cycle_#1749_to_1763.mat,drive,1749,87474,0.0,24.9,27.71,28.17,
CC_CELL2,11-CONSTANT CURRENT SECOND CELL protocol.zip,08-30-22_00.55_CC_protocol_Drive_Cycles(b)_IN21700_30T_cycle_#1747.mat,drive,1747,87474,0.0,24.9,27.71,28.17,
CC_CELL2,11-CONSTANT CURRENT SECOND CELL protocol.zip,09-01-22_15.21_CC2_protocol_whole_Schedule_IN21700_30T_cycle_#1764_week#48.mat,schedule,1764,258683,0.0,24.88,27.12,27.61,
CC_CELL2,11-CONSTANT CURRENT SECOND CELL protocol.zip,09-01-22_16.03_CC2_protocol_halfC_0.5C_dchg_(a1)_IN21700_30T_cycle_#1764.mat,halfC,1764,5341,0.0,25.0,26.59,27.17,
CC_CELL2,11-CONSTANT CURRENT SECOND CELL protocol.zip,09-01-22_16.03_CC2_protocol_halfC_CAP_(a1)_forexcel_cycle_#1764.mat,CAP,1764,0,1.0,,,,read:KeyError
CC_CELL2,11-CONSTANT CURRENT SECOND CELL protocol.zip,09-01-22_19.31_CC2_protocol_halfC_0.5C_dchg_(a2)_IN21700_30T_cycle_#1765.mat,halfC,1765,5101,0.0,25.11,26.43,27.0,
CC_CELL2,11-CONSTANT CURRENT SECOND CELL protocol.zip,09-01-22_19.31_CC2_protocol_halfC_CAP_(a2)_forexcel_cycle_#1765.mat,CAP,1765,0,1.0,,,,read:KeyError
CC_CELL2,11-CONSTANT CURRENT SECOND CELL protocol.zip,09-01-22_21.15_CC2_protocol_ONE_C_charge_IN21700_30T_cycle_#1765.mat,other,1765,189,0.0,25.27,27.99,25.97,
CC_CELL2,11-CONSTANT CURRENT SECOND CELL protocol.zip,09-01-22_22.58_CC2_protocol_OneC_1C_dchg_IN21700_30T_cycle_#1766.mat,other,1766,2521,0.0,25.18,28.19,28.91,
CC_CELL2,11-CONSTANT CURRENT SECOND CELL protocol.zip,09-02-22_01.43_CC2_protocol_TwoC_2C_dchg_IN21700_30T_cycle_#1767.mat,other,1767,1250,0.0,25.17,31.27,32.08,
CC_CELL2,11-CONSTANT CURRENT SECOND CELL protocol.zip,09-02-22_04.12_CC2_protocol_HPPC_IN21700_30T_cycle_#1768.mat,HPPC,1768,34647,0.0,24.88,25.95,25.88,
CC_CELL2,11-CONSTANT CURRENT SECOND CELL protocol.zip,09-03-22_10.16_CC2_protocol_tenpercent_chg_a_IN21700_30T_cycle_#1768.mat,other,1768,1,0.0,26.77,26.77,26.77,
CC_CELL2,11-CONSTANT CURRENT SECOND CELL protocol.zip,09-03-22_11.12_CC2_protocol__Fifteen_Drive_Cycles_set_IN21700_30T_cycle_#1769_to_1783.mat,drive,1769,87528,0.0,25.08,27.79,28.27,
CC_CELL2,11-CONSTANT CURRENT SECOND CELL protocol.zip,09-03-22_11.12_CC_protocol_Drive_Cycles(a)_IN21700_30T_cycle_#1721.mat,drive,1721,87528,0.0,25.08,27.79,28.27,
CC_CELL2,11-CONSTANT CURRENT SECOND CELL protocol.zip,09-04-22_13.30_CC2_protocol_halfC_0.5C_dchg_(b1)_IN21700_30T_cycle_#1784.mat,halfC,1784,5079,0.0,25.11,26.47,26.97,
CC_CELL2,11-CONSTANT CURRENT SECOND CELL protocol.zip,09-04-22_13.30_CC2_protocol_halfC_CAP_(b1)_forexcel_cycle_#1784.mat,CAP,1784,0,1.0,,,,read:KeyError
CC_CELL2,11-CONSTANT CURRENT SECOND CELL protocol.zip,09-04-22_16.51_CC2_protocol_halfC_0.5C_dchg_(b2)_IN21700_30T_cycle_#1785.mat,halfC,1785,5080,0.0,25.11,26.55,27.06,
CC_CELL2,11-CONSTANT CURRENT SECOND CELL protocol.zip,09-04-22_16.51_CC2_protocol_halfC_CAP_(b2)_forexcel_cycle_#1785.mat,CAP,1785,0,1.0,,,,read:KeyError
CC_CELL2,11-CONSTANT CURRENT SECOND CELL protocol.zip,09-04-22_19.12_CC2_protocol__Fifteen_Drive_Cycles_set_IN21700_30T_cycle_#1786_to_1800.mat,drive,1786,87200,0.0,24.89,27.82,28.27,
CC_CELL2,11-CONSTANT CURRENT SECOND CELL protocol.zip,09-04-22_19.12_CC_protocol_Drive_Cycles(b)_IN21700_30T_cycle_#1738.mat,drive,1738,87200,0.0,24.89,27.82,28.27,
CC_CELL2,11-CONSTANT CURRENT SECOND CELL protocol.zip,Cover20 is not performed this week_#48.mat,other,-1,0,1.0,,,,read:KeyError
CC_CELL2,11-CONSTANT CURRENT SECOND CELL protocol.zip,09-06-22_07.30_CC2_protocol_whole_Schedule_IN21700_30T_cycle_#1801_week#49.mat,schedule,1801,258915,0.0,24.9,27.12,27.61,
CC_CELL2,11-CONSTANT CURRENT SECOND CELL protocol.zip,09-06-22_09.01_CC2_protocol_OCV_0.05C_IN21700_30T_cycle_#1801.mat,OCV,1801,1886,0.0,24.9,25.54,25.55,
CC_CELL2,11-CONSTANT CURRENT SECOND CELL protocol.zip,09-07-22_17.53_CC2_protocol_halfC_0.5C_dchg_(a1)_IN21700_30T_cycle_#1802.mat,halfC,1802,5276,0.0,25.15,26.69,27.25,
CC_CELL2,11-CONSTANT CURRENT SECOND CELL protocol.zip,09-07-22_17.53_CC2_protocol_halfC_CAP_(a1)_forexcel_cycle_#1802.mat,CAP,1802,0,1.0,,,,read:KeyError
CC_CELL2,11-CONSTANT CURRENT SECOND CELL protocol.zip,09-07-22_21.24_CC2_protocol_halfC_0.5C_dchg_(a2)_IN21700_30T_cycle_#1803.mat,halfC,1803,5060,0.0,25.19,26.57,27.02,
CC_CELL2,11-CONSTANT CURRENT SECOND CELL protocol.zip,09-07-22_21.24_CC2_protocol_halfC_CAP_(a2)_forexcel_cycle_#1803.mat,CAP,1803,0,1.0,,,,read:KeyError
CC_CELL2,11-CONSTANT CURRENT SECOND CELL protocol.zip,09-07-22_23.06_CC2_protocol_ONE_C_charge_IN21700_30T_cycle_#1803.mat,other,1803,184,0.0,25.25,28.15,25.73,
CC_CELL2,11-CONSTANT CURRENT SECOND CELL protocol.zip,09-08-22_00.50_CC2_protocol_OneC_1C_dchg_IN21700_30T_cycle_#1804.mat,other,1804,2494,0.0,25.14,28.08,28.82,
CC_CELL2,11-CONSTANT CURRENT SECOND CELL protocol.zip,09-08-22_03.37_CC2_protocol_TwoC_2C_dchg_IN21700_30T_cycle_#1805.mat,other,1805,1237,0.0,25.17,31.33,32.31,
CC_CELL2,11-CONSTANT CURRENT SECOND CELL protocol.zip,09-08-22_06.06_CC2_protocol_HPPC_IN21700_30T_cycle_#1806.mat,HPPC,1806,34592,0.0,24.92,25.95,25.89,
CC_CELL2,11-CONSTANT CURRENT SECOND CELL protocol.zip,09-09-22_12.09_CC2_protocol_tenpercent_chg_a_IN21700_30T_cycle_#1806.mat,other,1806,1,0.0,26.85,26.85,26.85,
CC_CELL2,11-CONSTANT CURRENT SECOND CELL protocol.zip,09-09-22_13.05_CC2_protocol__Fifteen_Drive_Cycles_set_IN21700_30T_cycle_#1807_to_1821.mat,drive,1807,86739,0.0,24.93,27.84,28.33,
CC_CELL2,11-CONSTANT CURRENT SECOND CELL protocol.zip,09-09-22_13.05_CC_protocol_Drive_Cycles(a)_IN21700_30T_cycle_#1807.mat,drive,1807,86739,0.0,24.93,27.84,28.33,
CC_CELL2,11-CONSTANT CURRENT SECOND CELL protocol.zip,09-10-22_15.11_CC2_protocol_halfC_0.5C_dchg_(b1)_IN21700_30T_cycle_#1822.mat,halfC,1822,5016,0.0,25.11,26.6,27.16,
CC_CELL2,11-CONSTANT CURRENT SECOND CELL protocol.zip,09-10-22_15.11_CC2_protocol_halfC_CAP_(b1)_forexcel_cycle_#1822.mat,CAP,1822,0,1.0,,,,read:KeyError
CC_CELL2,11-CONSTANT CURRENT SECOND CELL protocol.zip,09-10-22_18.34_CC2_protocol_halfC_0.5C_dchg_(b2)_IN21700_30T_cycle_#1823.mat,halfC,1823,5019,0.0,25.16,26.57,27.1,
CC_CELL2,11-CONSTANT CURRENT SECOND CELL protocol.zip,09-10-22_18.34_CC2_protocol_halfC_CAP_(b2)_forexcel_cycle_#1823.mat,CAP,1823,0,1.0,,,,read:KeyError
CC_CELL2,11-CONSTANT CURRENT SECOND CELL protocol.zip,09-10-22_20.54_CC2_protocol__Fifteen_Drive_Cycles_set_IN21700_30T_cycle_#1824_to_1838.mat,drive,1824,86198,0.0,24.98,27.85,28.31,
CC_CELL2,11-CONSTANT CURRENT SECOND CELL protocol.zip,09-10-22_20.54_CC_protocol_Drive_Cycles(b)_IN21700_30T_cycle_#1822.mat,drive,1822,86198,0.0,24.98,27.85,28.31,
CC_CELL2,11-CONSTANT CURRENT SECOND CELL protocol.zip,09-12-22_07.30_CC2_protocol_whole_Schedule_IN21700_30T_cycle_#1839_week#50.mat,schedule,1839,253275,0.0,24.84,27.13,27.66,
CC_CELL2,11-CONSTANT CURRENT SECOND CELL protocol.zip,09-14-22_13.08_CC2_protocol_halfC_0.5C_dchg_(a1)_IN21700_30T_cycle_#1839.mat,halfC,1839,5206,0.0,25.05,26.77,27.41,
CC_CELL2,11-CONSTANT CURRENT SECOND CELL protocol.zip,09-14-22_13.08_CC2_protocol_halfC_CAP_(a1)_forexcel_cycle_#1839.mat,CAP,1839,0,1.0,,,,read:KeyError
CC_CELL2,11-CONSTANT CURRENT SECOND CELL protocol.zip,09-14-22_16.38_CC2_protocol_halfC_0.5C_dchg_(a2)_IN21700_30T_cycle_#1840.mat,halfC,1840,4971,0.0,25.11,26.58,27.15,
CC_CELL2,11-CONSTANT CURRENT SECOND CELL protocol.zip,09-14-22_16.38_CC2_protocol_halfC_CAP_(a2)_forexcel_cycle_#1840.mat,CAP,1840,0,1.0,,,,read:KeyError
CC_CELL2,11-CONSTANT CURRENT SECOND CELL protocol.zip,09-14-22_18.20_CC2_protocol_ONE_C_charge_IN21700_30T_cycle_#1840.mat,other,1840,178,0.0,25.22,28.18,25.25,
CC_CELL2,11-CONSTANT CURRENT SECOND CELL protocol.zip,09-14-22_20.04_CC2_protocol_OneC_1C_dchg_IN21700_30T_cycle_#1841.mat,other,1841,2449,0.0,25.07,28.27,29.02,
CC_CELL2,11-CONSTANT CURRENT SECOND CELL protocol.zip,09-14-22_22.51_CC2_protocol_TwoC_2C_dchg_IN21700_30T_cycle_#1842.mat,other,1842,1219,0.0,25.05,31.72,32.75,
CC_CELL2,11-CONSTANT CURRENT SECOND CELL protocol.zip,09-15-22_01.22_CC2_protocol_HPPC_IN21700_30T_cycle_#1843.mat,HPPC,1843,34592,0.0,24.84,25.92,25.85,
CC_CELL2,11-CONSTANT CURRENT SECOND CELL protocol.zip,09-16-22_07.25_CC2_protocol_tenpercent_chg_a_IN21700_30T_cycle_#1843.mat,other,1843,1,0.0,26.56,26.56,26.56,
CC_CELL2,11-CONSTANT CURRENT SECOND CELL protocol.zip,09-16-22_08.20_CC2_protocol_Drive_Cycles(a)_IN21700_30T_cycle_#1794.mat,drive,1794,84966,0.0,24.93,27.86,28.35,
CC_CELL2,11-CONSTANT CURRENT SECOND CELL protocol.zip,09-16-22_08.20_CC2_protocol__Fifteen_Drive_Cycles_set_IN21700_30T_cycle_#1844_to_1858.mat,drive,1844,84966,0.0,24.93,27.86,28.35,
CC_CELL2,11-CONSTANT CURRENT SECOND CELL protocol.zip,09-17-22_09.59_CC2_protocol_halfC_0.5C_dchg_(b1)_IN21700_30T_cycle_#1859.mat,halfC,1859,4946,0.0,25.28,26.63,27.11,
CC_CELL2,11-CONSTANT CURRENT SECOND CELL protocol.zip,09-17-22_09.59_CC2_protocol_halfC_CAP_(b1)_forexcel_cycle_#1859.mat,CAP,1859,0,1.0,,,,read:KeyError
CC_CELL2,11-CONSTANT CURRENT SECOND CELL protocol.zip,09-17-22_13.21_CC2_protocol_halfC_0.5C_dchg_(b2)_IN21700_30T_cycle_#1860.mat,halfC,1860,4947,0.0,25.11,26.61,27.14,
CC_CELL2,11-CONSTANT CURRENT SECOND CELL protocol.zip,09-17-22_13.21_CC2_protocol_halfC_CAP_(b2)_forexcel_cycle_#1860.mat,CAP,1860,0,1.0,,,,read:KeyError
CC_CELL2,11-CONSTANT CURRENT SECOND CELL protocol.zip,09-17-22_15.39_CC2_protocol_Drive_Cycles(b)_IN21700_30T_cycle_#1816.mat,drive,1816,84646,0.0,24.92,27.89,28.36,
CC_CELL2,11-CONSTANT CURRENT SECOND CELL protocol.zip,09-17-22_15.39_CC2_protocol__Fifteen_Drive_Cycles_set_IN21700_30T_cycle_#1861_to_1875.mat,drive,1861,84646,0.0,24.92,27.89,28.36,
CC_CELL2,11-CONSTANT CURRENT SECOND CELL protocol.zip,Cover20 is not performed this week_#50.mat,other,-1,0,1.0,,,,read:KeyError
CC_CELL2,11-CONSTANT CURRENT SECOND CELL protocol.zip,.mat,other,-1,85021,0.0,24.96,27.93,28.4,
CC_CELL2,11-CONSTANT CURRENT SECOND CELL protocol.zip,09-19-22_09.16_CC2_protocol_whole_Schedule_IN21700_30T_cycle_#1876_week#51.mat,schedule,1876,255391,0.0,24.84,27.14,27.7,
CC_CELL2,11-CONSTANT CURRENT SECOND CELL protocol.zip,09-19-22_10.49_CC2_protocol_OCV_0.05C_IN21700_30T_cycle_#1876.mat,OCV,1876,2102,0.0,24.92,25.54,25.59,
CC_CELL2,11-CONSTANT CURRENT SECOND CELL protocol.zip,09-21-22_00.19_CC2_protocol_halfC_0.5C_dchg_(a1)_IN21700_30T_cycle_#1877.mat,halfC,1877,5144,0.0,24.88,26.72,27.33,
CC_CELL2,11-CONSTANT CURRENT SECOND CELL protocol.zip,09-21-22_00.19_CC2_protocol_halfC_CAP_(a1)_forexcel_cycle_#1877.mat,CAP,1877,0,1.0,,,,read:KeyError
CC_CELL2,11-CONSTANT CURRENT SECOND CELL protocol.zip,09-21-22_03.48_CC2_protocol_halfC_0.5C_dchg_(a2)_IN21700_30T_cycle_#1878.mat,halfC,1878,4927,0.0,25.06,26.62,27.1,
CC_CELL2,11-CONSTANT CURRENT SECOND CELL protocol.zip,09-21-22_03.48_CC2_protocol_halfC_CAP_(a2)_forexcel_cycle_#1878.mat,CAP,1878,0,1.0,,,,read:KeyError
CC_CELL2,11-CONSTANT CURRENT SECOND CELL protocol.zip,09-21-22_05.29_BCNP1s_protocol_ONE_C_charge_IN21700_30T_cycle_#1878.mat,other,1878,173,1.0,0.0,0.0,0.0,
CC_CELL2,11-CONSTANT CURRENT SECOND CELL protocol.zip,09-21-22_07.15_CC2_protocol_OneC_1C_dchg_IN21700_30T_cycle_#1879.mat,other,1879,2430,0.0,25.13,28.3,29.01,
CC_CELL2,11-CONSTANT CURRENT SECOND CELL protocol.zip,09-23-22_14.22_CC2_protocol_TwoC_2C_dchg_IN21700_30T_cycle_#1880.mat,other,1880,1195,0.0,25.05,32.76,33.43,
CC_CELL2,11-CONSTANT CURRENT SECOND CELL protocol.zip,09-23-22_16.53_CC2_protocol_HPPC_IN21700_30T_cycle_#1881.mat,HPPC,1881,34566,0.0,24.84,25.9,25.84,
CC_CELL2,11-CONSTANT CURRENT SECOND CELL protocol.zip,09-24-22_22.55_CC2_protocol_tenpercent_chg_a_IN21700_30T_cycle_#1881.mat,other,1881,1,0.0,26.16,26.16,26.16,
CC_CELL2,11-CONSTANT CURRENT SECOND CELL protocol.zip,09-24-22_23.52_CC2_protocol__Fifteen_Drive_Cycles_set_IN21700_30T_cycle_#1882_to_1896.mat,drive,1882,85021,0.0,24.96,27.93,28.4,
CC_CELL2,11-CONSTANT CURRENT SECOND CELL protocol.zip,09-26-22_01.33_CC2_protocol_halfC_0.5C_dchg_(b1)_IN21700_30T_cycle_#1897.mat,halfC,1897,4879,0.0,25.1,26.68,27.23,
CC_CELL2,11-CONSTANT CURRENT SECOND CELL protocol.zip,09-26-22_01.33_CC2_protocol_halfC_CAP_(b1)_forexcel_cycle_#1897.mat,CAP,1897,0,1.0,,,,read:KeyError
CC_CELL2,11-CONSTANT CURRENT SECOND CELL protocol.zip,09-26-22_04.54_CC2_protocol_halfC_0.5C_dchg_(b2)_IN21700_30T_cycle_#1898.mat,halfC,1898,4883,0.0,25.06,26.64,27.21,
CC_CELL2,11-CONSTANT CURRENT SECOND CELL protocol.zip,09-26-22_04.54_CC2_protocol_halfC_CAP_(b2)_forexcel_cycle_#1898.mat,CAP,1898,0,1.0,,,,read:KeyError
CC_CELL2,11-CONSTANT CURRENT SECOND CELL protocol.zip,09-26-22_07.11_CC2_protocol__Fifteen_Drive_Cycles_set_IN21700_30T_cycle_#1899_to_1913.mat,drive,1899,84519,0.0,24.99,28.0,28.46,
