cell,cycle,SOH,SOC,OCV_V,V_dis_V,V_chg_V,hyst_mV
CC,72,0.99089,0.01,2.83003,2.71449,2.94558,231.09
CC,72,0.99089,0.02,3.05176,2.99453,3.109,114.47
CC,72,0.99089,0.03,3.16313,3.1184,3.20786,89.46
CC,72,0.99089,0.04,3.24272,3.20555,3.27988,74.33
CC,72,0.99089,0.05,3.30419,3.27309,3.3353,62.21
CC,72,0.99089,0.06,3.34809,3.32226,3.37393,51.67
CC,72,0.99089,0.07,3.36882,3.34852,3.38912,40.61
CC,72,0.99089,0.08,3.3818,3.36494,3.39865,33.71
CC,72,0.99089,0.09,3.39238,3.37722,3.40755,30.33
CC,72,0.99089,0.1,3.40167,3.3876,3.41575,28.15
CC,72,0.99089,0.11,3.40971,3.39627,3.42316,26.89
CC,72,0.99089,0.12,3.4174,3.40376,3.43103,27.27
CC,72,0.99089,0.13,3.42497,3.41077,3.43917,28.39
CC,72,0.99089,0.14,3.4332,3.41777,3.44863,30.86
CC,72,0.99089,0.15,3.44338,3.42742,3.45934,31.92
CC,72,0.99089,0.16,3.45558,3.44032,3.47085,30.53
CC,72,0.99089,0.17,3.46783,3.45283,3.48284,30.0
CC,72,0.99089,0.18,3.47987,3.46511,3.49463,29.52
CC,72,0.99089,0.19,3.49217,3.47749,3.50685,29.36
CC,72,0.99089,0.2,3.50371,3.48867,3.51875,30.07
CC,72,0.99089,0.21,3.51385,3.49836,3.52934,30.98
CC,72,0.99089,0.22,3.52406,3.50777,3.54035,32.58
CC,72,0.99089,0.23,3.53495,3.51716,3.55274,35.58
CC,72,0.99089,0.24,3.54537,3.52718,3.56356,36.38
CC,72,0.99089,0.25,3.55426,3.53696,3.57156,34.6
CC,72,0.99089,0.26,3.56266,3.54605,3.57927,33.22
CC,72,0.99089,0.27,3.57066,3.55475,3.58658,31.83
CC,72,0.99089,0.28,3.5782,3.56274,3.59367,30.93
CC,72,0.99089,0.29,3.58531,3.57035,3.60027,29.93
CC,72,0.99089,0.3,3.59217,3.57796,3.60638,28.42
CC,72,0.99089,0.31,3.59901,3.58524,3.61278,27.54
CC,72,0.99089,0.32,3.60537,3.59206,3.61868,26.63
CC,72,0.99089,0.33,3.6116,3.59863,3.62458,25.95
CC,72,0.99089,0.34,3.61772,3.60476,3.63068,25.92
CC,72,0.99089,0.35,3.62372,3.61096,3.63648,25.52
CC,72,0.99089,0.36,3.62995,3.61722,3.64268,25.45
CC,72,0.99089,0.37,3.63587,3.62315,3.64858,25.44
CC,72,0.99089,0.38,3.64216,3.62945,3.65487,25.42
CC,72,0.99089,0.39,3.6485,3.63573,3.66128,25.54
CC,72,0.99089,0.4,3.65482,3.64205,3.66759,25.54
CC,72,0.99089,0.41,3.66165,3.64883,3.67448,25.64
CC,72,0.99089,0.42,3.66866,3.65555,3.68178,26.23
CC,72,0.99089,0.43,3.67597,3.66286,3.68908,26.21
CC,72,0.99089,0.44,3.68386,3.67055,3.69717,26.62
CC,72,0.99089,0.45,3.69192,3.67846,3.70538,26.92
CC,72,0.99089,0.46,3.7007,3.68704,3.71436,27.32
CC,72,0.99089,0.47,3.70957,3.69566,3.72347,27.81
CC,72,0.99089,0.48,3.71892,3.70488,3.73296,28.08
CC,72,0.99089,0.49,3.72871,3.71455,3.74287,28.32
CC,72,0.99089,0.5,3.7383,3.72393,3.75267,28.74
CC,72,0.99089,0.51,3.74835,3.73383,3.76287,29.04
CC,72,0.99089,0.52,3.75805,3.74333,3.77277,29.44
CC,72,0.99089,0.53,3.7678,3.75284,3.78276,29.93
CC,72,0.99089,0.54,3.77746,3.76233,3.7926,30.27
CC,72,0.99089,0.55,3.78707,3.77163,3.8025,30.87
CC,72,0.99089,0.56,3.79712,3.78134,3.8129,31.56
CC,72,0.99089,0.57,3.80767,3.79183,3.8235,31.67
CC,72,0.99089,0.58,3.81967,3.80364,3.8357,32.06
CC,72,0.99089,0.59,3.83413,3.81805,3.8502,32.15
CC,72,0.99089,0.6,3.84872,3.83285,3.8646,31.75
CC,72,0.99089,0.61,3.86072,3.84614,3.8753,29.16
CC,72,0.99089,0.62,3.87027,3.85723,3.8833,26.07
CC,72,0.99089,0.63,3.87862,3.86644,3.8908,24.36
CC,72,0.99089,0.64,3.88632,3.87493,3.8977,22.77
CC,72,0.99089,0.65,3.89326,3.88262,3.9039,21.28
CC,72,0.99089,0.66,3.89987,3.88953,3.9102,20.67
CC,72,0.99089,0.67,3.90651,3.89652,3.9165,19.98
CC,72,0.99089,0.68,3.91286,3.90312,3.9226,19.48
CC,72,0.99089,0.69,3.91986,3.91022,3.9295,19.28
CC,72,0.99089,0.7,3.92696,3.91733,3.9366,19.27
CC,72,0.99089,0.71,3.93516,3.92543,3.9449,19.47
CC,72,0.99089,0.72,3.94391,3.93412,3.9537,19.58
CC,72,0.99089,0.73,3.95352,3.94354,3.9635,19.96
CC,72,0.99089,0.74,3.96421,3.95412,3.9743,20.18
CC,72,0.99089,0.75,3.97537,3.96513,3.9856,20.47
CC,72,0.99089,0.76,3.98752,3.97714,3.9979,20.76
CC,72,0.99089,0.77,4.00026,3.98983,4.0107,20.87
CC,72,0.99089,0.78,4.01262,4.00223,4.023,20.77
CC,72,0.99089,0.79,4.02506,4.01482,4.0353,20.48
CC,72,0.99089,0.8,4.03646,4.02623,4.0467,20.47
CC,72,0.99089,0.81,4.04711,4.03712,4.0571,19.98
CC,72,0.99089,0.82,4.05686,4.04692,4.0668,19.88
CC,72,0.99089,0.83,4.06507,4.05562,4.07452,18.9
CC,72,0.99089,0.84,4.07131,4.06241,4.08022,17.81
CC,72,0.99089,0.85,4.07506,4.06661,4.08351,16.9
CC,72,0.99089,0.86,4.07786,4.06961,4.08611,16.5
CC,72,0.99089,0.87,4.08035,4.0722,4.0885,16.3
CC,72,0.99089,0.88,4.08245,4.0743,4.09061,16.31
CC,72,0.99089,0.89,4.08496,4.0766,4.09331,16.7
CC,72,0.99089,0.9,4.08765,4.0793,4.096,16.7
CC,72,0.99089,0.91,4.09051,4.082,4.09902,17.02
CC,72,0.99089,0.92,4.09431,4.0856,4.10301,17.41
CC,72,0.99089,0.93,4.09851,4.0895,4.10752,18.01
CC,72,0.99089,0.94,4.10401,4.0947,4.11332,18.62
CC,72,0.99089,0.95,4.11112,4.1017,4.12053,18.83
CC,72,0.99089,0.96,4.12017,4.1103,4.13004,19.74
CC,72,0.99089,0.97,4.13243,4.12211,4.14275,20.64
CC,72,0.99089,0.98,4.14843,4.138,4.15886,20.86
CC,72,0.99089,0.99,4.16949,4.1589,4.18008,21.17
CC,145,0.98112,0.02,2.92935,2.855,3.00369,148.7
CC,145,0.98112,0.03,3.08983,3.03868,3.14097,102.29
CC,145,0.98112,0.04,3.18945,3.14838,3.23053,82.15
CC,145,0.98112,0.05,3.26274,3.22833,3.29716,68.82
CC,145,0.98112,0.06,3.31941,3.28965,3.34917,59.52
CC,145,0.98112,0.07,3.35516,3.32979,3.38052,50.73
CC,145,0.98112,0.08,3.37357,3.35345,3.39368,40.23
CC,145,0.98112,0.09,3.38608,3.36882,3.40334,34.52
CC,145,0.98112,0.1,3.3963,3.38082,3.41179,30.97
CC,145,0.98112,0.11,3.40514,3.39054,3.41974,29.2
CC,145,0.98112,0.12,3.41301,3.39877,3.42724,28.47
CC,145,0.98112,0.13,3.42073,3.40648,3.43499,28.51
CC,145,0.98112,0.14,3.42853,3.41358,3.44349,29.91
CC,145,0.98112,0.15,3.4371,3.42117,3.45304,31.86
CC,145,0.98112,0.16,3.4476,3.43146,3.46374,32.28
CC,145,0.98112,0.17,3.46012,3.44455,3.47569,31.13
CC,145,0.98112,0.18,3.47238,3.45706,3.48769,30.63
CC,145,0.98112,0.19,3.48447,3.46946,3.49949,30.03
CC,145,0.98112,0.2,3.49677,3.48166,3.51189,30.23
CC,145,0.98112,0.21,3.50778,3.49216,3.52339,31.22
CC,145,0.98112,0.22,3.51805,3.50177,3.53434,32.57
CC,145,0.98112,0.23,3.52858,3.51146,3.54569,34.23
CC,145,0.98112,0.24,3.53908,3.52078,3.55739,36.62
CC,145,0.98112,0.25,3.54918,3.53076,3.5676,36.84
CC,145,0.98112,0.26,3.55801,3.54018,3.57584,35.67
CC,145,0.98112,0.27,3.56646,3.54928,3.58364,34.37
CC,145,0.98112,0.28,3.57429,3.55768,3.5909,33.22
CC,145,0.98112,0.29,3.58193,3.56597,3.5979,31.93
CC,145,0.98112,0.3,3.58911,3.57358,3.60465,31.07
CC,145,0.98112,0.31,3.59591,3.58108,3.61075,29.67
CC,145,0.98112,0.32,3.60273,3.58847,3.617,28.53
CC,145,0.98112,0.33,3.60916,3.59528,3.62305,27.77
CC,145,0.98112,0.34,3.61543,3.60187,3.629,27.13
CC,145,0.98112,0.35,3.62181,3.60848,3.63514,26.66
CC,145,0.98112,0.36,3.62778,3.61458,3.64099,26.41
CC,145,0.98112,0.37,3.63402,3.62088,3.64716,26.28
CC,145,0.98112,0.38,3.64007,3.62689,3.65326,26.37
CC,145,0.98112,0.39,3.64654,3.63328,3.65981,26.54
CC,145,0.98112,0.4,3.65304,3.63978,3.66631,26.53
CC,145,0.98112,0.41,3.65957,3.64618,3.67296,26.78
CC,145,0.98112,0.42,3.66669,3.65317,3.68022,27.04
CC,145,0.98112,0.43,3.67392,3.66018,3.68766,27.48
CC,145,0.98112,0.44,3.68172,3.66787,3.69557,27.7
CC,145,0.98112,0.45,3.68987,3.67568,3.70406,28.38
CC,145,0.98112,0.46,3.69836,3.684,3.71271,28.71
CC,145,0.98112,0.47,3.70741,3.693,3.72182,28.82
CC,145,0.98112,0.48,3.71676,3.702,3.73152,29.52
CC,145,0.98112,0.49,3.72628,3.7114,3.74117,29.77
CC,145,0.98112,0.5,3.73618,3.7212,3.75117,29.97
CC,145,0.98112,0.51,3.74616,3.7309,3.76142,30.52
CC,145,0.98112,0.52,3.75606,3.7408,3.77132,30.52
CC,145,0.98112,0.53,3.76578,3.7502,3.78137,31.17
CC,145,0.98112,0.54,3.77556,3.7598,3.79132,31.52
CC,145,0.98112,0.55,3.78521,3.7694,3.80102,31.62
CC,145,0.98112,0.56,3.79506,3.7789,3.81122,32.32
CC,145,0.98112,0.57,3.80528,3.7891,3.82147,32.37
CC,145,0.98112,0.58,3.81636,3.7999,3.83282,32.92
CC,145,0.98112,0.59,3.82871,3.8124,3.84502,32.62
CC,145,0.98112,0.6,3.84291,3.8271,3.85872,31.62
CC,145,0.98112,0.61,3.85648,3.8413,3.87167,30.37
CC,145,0.98112,0.62,3.86798,3.8543,3.88166,27.36
CC,145,0.98112,0.63,3.87716,3.8645,3.88982,25.32
CC,145,0.98112,0.64,3.8852,3.8734,3.89701,23.61
CC,145,0.98112,0.65,3.89251,3.8815,3.90351,22.01
CC,145,0.98112,0.66,3.8992,3.8885,3.90991,21.41
CC,145,0.98112,0.67,3.90578,3.8956,3.91596,20.36
CC,145,0.98112,0.68,3.91236,3.9023,3.92241,20.11
CC,145,0.98112,0.69,3.91896,3.9089,3.92901,20.1
CC,145,0.98112,0.7,3.92621,3.9163,3.93611,19.81
CC,145,0.98112,0.71,3.93401,3.92381,3.94422,20.41
CC,145,0.98112,0.72,3.94276,3.93241,3.95311,20.7
CC,145,0.98112,0.73,3.95239,3.94201,3.96277,20.76
CC,145,0.98112,0.74,3.96284,3.95201,3.97367,21.66
CC,145,0.98112,0.75,3.97424,3.96342,3.98507,21.65
CC,145,0.98112,0.76,3.98637,3.97532,3.99742,22.11
CC,145,0.98112,0.77,3.99897,3.98792,4.01002,22.1
CC,145,0.98112,0.78,4.01162,4.00062,4.02262,22.0
CC,145,0.98112,0.79,4.0239,4.01292,4.03487,21.95
CC,145,0.98112,0.8,4.03574,4.02482,4.04667,21.85
CC,145,0.98112,0.81,4.04654,4.03572,4.05736,21.65
CC,145,0.98112,0.82,4.05624,4.04562,4.06686,21.25
CC,145,0.98112,0.83,4.06463,4.05442,4.07485,20.43
CC,145,0.98112,0.84,4.07103,4.06171,4.08036,18.64
CC,145,0.98112,0.85,4.07501,4.06641,4.08361,17.21
CC,145,0.98112,0.86,4.07796,4.0696,4.08632,16.72
CC,145,0.98112,0.87,4.08018,4.0718,4.08856,16.75
CC,145,0.98112,0.88,4.08251,4.0742,4.09081,16.61
CC,145,0.98112,0.89,4.08484,4.0763,4.09338,17.08
CC,145,0.98112,0.9,4.08755,4.0789,4.0962,17.3
CC,145,0.98112,0.91,4.09044,4.0815,4.09937,17.86
CC,145,0.98112,0.92,4.09414,4.08491,4.10337,18.46
CC,145,0.98112,0.93,4.09844,4.089,4.10787,18.87
CC,145,0.98112,0.94,4.10372,4.0938,4.11364,19.83
CC,145,0.98112,0.95,4.11075,4.10041,4.1211,20.7
CC,145,0.98112,0.96,4.11988,4.10901,4.13075,21.74
CC,145,0.98112,0.97,4.13169,4.1203,4.14307,22.77
CC,145,0.98112,0.98,4.14766,4.1358,4.15951,23.7
CC,145,0.98112,0.99,4.16853,4.1565,4.18056,24.06
CC,295,0.96085,0.03,2.75876,2.61082,2.9067,295.88
CC,295,0.96085,0.04,3.02986,2.96622,3.0935,127.28
CC,295,0.96085,0.05,3.14996,3.10012,3.1998,99.68
CC,295,0.96085,0.06,3.23336,3.19142,3.2753,83.88
CC,295,0.96085,0.07,3.29593,3.25844,3.33342,74.98
CC,295,0.96085,0.08,3.3396,3.3051,3.37411,69.01
CC,295,0.96085,0.09,3.36458,3.33715,3.392,54.85
CC,295,0.96085,0.1,3.38077,3.35874,3.4028,44.06
CC,295,0.96085,0.11,3.39273,3.37356,3.41191,38.35
CC,295,0.96085,0.12,3.40262,3.38504,3.4202,35.16
CC,295,0.96085,0.13,3.41119,3.39467,3.4277,33.03
CC,295,0.96085,0.14,3.41919,3.40298,3.43541,32.42
CC,295,0.96085,0.15,3.42734,3.41117,3.44351,32.33
CC,295,0.96085,0.16,3.43555,3.41888,3.45221,33.33
CC,295,0.96085,0.17,3.44512,3.42792,3.46231,34.39
CC,295,0.96085,0.18,3.45678,3.43984,3.47371,33.87
CC,295,0.96085,0.19,3.46917,3.45273,3.48562,32.89
CC,295,0.96085,0.2,3.48167,3.46522,3.49811,32.89
CC,295,0.96085,0.21,3.49346,3.47691,3.51002,33.11
CC,295,0.96085,0.22,3.50515,3.48818,3.52211,33.93
CC,295,0.96085,0.23,3.51601,3.49831,3.53372,35.41
CC,295,0.96085,0.24,3.52671,3.5083,3.54512,36.82
CC,295,0.96085,0.25,3.53691,3.5177,3.55612,38.42
CC,295,0.96085,0.26,3.54686,3.52721,3.56652,39.31
CC,295,0.96085,0.27,3.55656,3.5369,3.57622,39.32
CC,295,0.96085,0.28,3.56525,3.54608,3.58442,38.33
CC,295,0.96085,0.29,3.5736,3.55518,3.59202,36.84
CC,295,0.96085,0.3,3.58159,3.56366,3.59952,35.86
CC,295,0.96085,0.31,3.58896,3.5716,3.60632,34.72
CC,295,0.96085,0.32,3.59635,3.57948,3.61321,33.73
CC,295,0.96085,0.33,3.60323,3.58705,3.61942,32.37
CC,295,0.96085,0.34,3.61,3.59418,3.62582,31.63
CC,295,0.96085,0.35,3.61648,3.60115,3.63182,30.67
CC,295,0.96085,0.36,3.62284,3.60767,3.63802,30.34
CC,295,0.96085,0.37,3.62925,3.61418,3.64432,30.14
CC,295,0.96085,0.38,3.63548,3.62064,3.65032,29.68
CC,295,0.96085,0.39,3.64188,3.62685,3.65692,30.07
CC,295,0.96085,0.4,3.64843,3.63345,3.66342,29.97
CC,295,0.96085,0.41,3.6549,3.63966,3.67013,30.46
CC,295,0.96085,0.42,3.66199,3.64666,3.67732,30.66
CC,295,0.96085,0.43,3.66928,3.65393,3.68462,30.69
CC,295,0.96085,0.44,3.67684,3.66115,3.69253,31.38
CC,295,0.96085,0.45,3.68489,3.66896,3.70082,31.86
CC,295,0.96085,0.46,3.69319,3.67706,3.70933,32.27
CC,295,0.96085,0.47,3.70215,3.68567,3.71864,32.96
CC,295,0.96085,0.48,3.71154,3.69485,3.72823,33.38
CC,295,0.96085,0.49,3.72101,3.70408,3.73793,33.85
CC,295,0.96085,0.5,3.7311,3.71396,3.74823,34.27
CC,295,0.96085,0.51,3.74104,3.72386,3.75823,34.38
CC,295,0.96085,0.52,3.751,3.73366,3.76834,34.68
CC,295,0.96085,0.53,3.76119,3.74376,3.77862,34.86
CC,295,0.96085,0.54,3.7709,3.75336,3.78844,35.07
CC,295,0.96085,0.55,3.7808,3.76308,3.79853,35.45
CC,295,0.96085,0.56,3.79065,3.77306,3.80824,35.18
CC,295,0.96085,0.57,3.80069,3.78286,3.81852,35.66
CC,295,0.96085,0.58,3.81096,3.79318,3.82874,35.56
CC,295,0.96085,0.59,3.82195,3.80426,3.83964,35.39
CC,295,0.96085,0.6,3.83346,3.8158,3.85113,35.34
CC,295,0.96085,0.61,3.84586,3.82888,3.86283,33.95
CC,295,0.96085,0.62,3.85836,3.84228,3.87444,32.16
CC,295,0.96085,0.63,3.87034,3.85525,3.88544,30.19
CC,295,0.96085,0.64,3.88053,3.86653,3.89452,28.0
CC,295,0.96085,0.65,3.88903,3.87583,3.90223,26.4
CC,295,0.96085,0.66,3.89653,3.88393,3.90912,25.19
CC,295,0.96085,0.67,3.90343,3.89143,3.91544,24.01
CC,295,0.96085,0.68,3.90995,3.89814,3.92176,23.62
CC,295,0.96085,0.69,3.91678,3.90513,3.92843,23.3
CC,295,0.96085,0.7,3.92365,3.91193,3.93537,23.44
CC,295,0.96085,0.71,3.93144,3.91953,3.94335,23.82
CC,295,0.96085,0.72,3.9397,3.92743,3.95196,24.53
CC,295,0.96085,0.73,3.94915,3.93644,3.96186,25.42
CC,295,0.96085,0.74,3.95925,3.94623,3.97228,26.05
CC,295,0.96085,0.75,3.97036,3.95674,3.98398,27.24
CC,295,0.96085,0.76,3.98206,3.96804,3.99608,28.04
CC,295,0.96085,0.77,3.99457,3.98024,4.0089,28.66
CC,295,0.96085,0.78,4.00726,3.99264,4.02187,29.23
CC,295,0.96085,0.79,4.0197,4.00524,4.03417,28.94
CC,295,0.96085,0.8,4.03175,4.01723,4.04626,29.03
CC,295,0.96085,0.81,4.04259,4.02812,4.05706,28.94
CC,295,0.96085,0.82,4.05279,4.03852,4.06706,28.54
CC,295,0.96085,0.83,4.06148,4.04792,4.07505,27.13
CC,295,0.96085,0.84,4.06847,4.05622,4.08073,24.52
CC,295,0.96085,0.85,4.07355,4.06291,4.0842,21.29
CC,295,0.96085,0.86,4.07681,4.06701,4.08662,19.62
CC,295,0.96085,0.87,4.07955,4.07,4.0891,19.1
CC,295,0.96085,0.88,4.08166,4.072,4.09132,19.32
CC,295,0.96085,0.89,4.08416,4.0742,4.09412,19.92
CC,295,0.96085,0.9,4.08681,4.0767,4.09692,20.22
CC,295,0.96085,0.91,4.08976,4.0791,4.10042,21.32
CC,295,0.96085,0.92,4.09321,4.08211,4.10432,22.22
CC,295,0.96085,0.93,4.09767,4.0859,4.10943,23.53
CC,295,0.96085,0.94,4.10297,4.0905,4.11544,24.94
CC,295,0.96085,0.95,4.10964,4.0962,4.12307,26.87
CC,295,0.96085,0.96,4.11869,4.10411,4.13328,29.17
CC,295,0.96085,0.97,4.13034,4.1145,4.14618,31.68
CC,295,0.96085,0.98,4.14587,4.12911,4.16263,33.52
CC,295,0.96085,0.99,4.16658,4.1493,4.18386,34.56
CC,370,0.9527,0.04,2.93992,2.86056,3.01928,158.72
CC,370,0.9527,0.05,3.09578,3.03906,3.1525,113.44
CC,370,0.9527,0.06,3.19418,3.1474,3.24096,93.57
CC,370,0.9527,0.07,3.26613,3.22498,3.30728,82.3
CC,370,0.9527,0.08,3.31912,3.28034,3.35789,77.55
CC,370,0.9527,0.09,3.35253,3.31929,3.38577,66.48
CC,370,0.9527,0.1,3.37267,3.34652,3.39881,52.28
CC,370,0.9527,0.11,3.38706,3.3654,3.40872,43.32
CC,370,0.9527,0.12,3.39802,3.3789,3.41715,38.25
CC,370,0.9527,0.13,3.40747,3.3899,3.42505,35.15
CC,370,0.9527,0.14,3.41589,3.399,3.43278,33.78
CC,370,0.9527,0.15,3.42403,3.4076,3.44045,32.85
CC,370,0.9527,0.16,3.43224,3.4155,3.44897,33.47
CC,370,0.9527,0.17,3.44099,3.4238,3.45817,34.37
CC,370,0.9527,0.18,3.45136,3.4338,3.46892,35.12
CC,370,0.9527,0.19,3.46329,3.446,3.48058,34.58
CC,370,0.9527,0.2,3.47582,3.4589,3.49274,33.84
CC,370,0.9527,0.21,3.48801,3.4709,3.50512,34.22
CC,370,0.9527,0.22,3.49975,3.4825,3.517,34.5
CC,370,0.9527,0.23,3.51126,3.4935,3.52902,35.52
CC,370,0.9527,0.24,3.52206,3.5035,3.54063,37.13
CC,370,0.9527,0.25,3.5326,3.5135,3.55171,38.21
CC,370,0.9527,0.26,3.5425,3.5229,3.56211,39.21
CC,370,0.9527,0.27,3.55244,3.5325,3.57239,39.89
CC,370,0.9527,0.28,3.56149,3.5417,3.58129,39.59
CC,370,0.9527,0.29,3.57033,3.5511,3.58957,38.47
CC,370,0.9527,0.3,3.57835,3.5597,3.59699,37.29
CC,370,0.9527,0.31,3.58618,3.5683,3.60407,35.77
CC,370,0.9527,0.32,3.59365,3.5763,3.611,34.7
CC,370,0.9527,0.33,3.6007,3.5838,3.61759,33.79
CC,370,0.9527,0.34,3.6077,3.5914,3.624,32.6
CC,370,0.9527,0.35,3.61432,3.5984,3.63025,31.85
CC,370,0.9527,0.36,3.62085,3.6052,3.6365,31.3
CC,370,0.9527,0.37,3.62731,3.612,3.64262,30.62
CC,370,0.9527,0.38,3.63367,3.6183,3.64904,30.74
CC,370,0.9527,0.39,3.64006,3.6249,3.65522,30.32
CC,370,0.9527,0.4,3.64657,3.6312,3.66194,30.74
CC,370,0.9527,0.41,3.65326,3.638,3.66852,30.52
CC,370,0.9527,0.42,3.66013,3.6446,3.67567,31.07
CC,370,0.9527,0.43,3.6674,3.6517,3.6831,31.4
CC,370,0.9527,0.44,3.67481,3.6589,3.69072,31.82
CC,370,0.9527,0.45,3.68276,3.6665,3.69902,32.52
CC,370,0.9527,0.46,3.69115,3.6747,3.70759,32.89
CC,370,0.9527,0.47,3.69991,3.683,3.71682,33.82
CC,370,0.9527,0.48,3.70916,3.6922,3.72612,33.92
CC,370,0.9527,0.49,3.71876,3.7013,3.73622,34.92
CC,370,0.9527,0.5,3.72861,3.7111,3.74612,35.02
CC,370,0.9527,0.51,3.73866,3.7208,3.75652,35.72
CC,370,0.9527,0.52,3.74876,3.731,3.76652,35.52
CC,370,0.9527,0.53,3.75881,3.7408,3.77682,36.02
CC,370,0.9527,0.54,3.7689,3.7509,3.7869,36.0
CC,370,0.9527,0.55,3.77866,3.7606,3.79672,36.12
CC,370,0.9527,0.56,3.78856,3.7703,3.80682,36.52
CC,370,0.9527,0.57,3.79851,3.7803,3.81672,36.42
CC,370,0.9527,0.58,3.80881,3.7905,3.82712,36.62
CC,370,0.9527,0.59,3.81943,3.8013,3.83755,36.25
CC,370,0.9527,0.6,3.83044,3.8123,3.84858,36.28
CC,370,0.9527,0.61,3.84205,3.8244,3.85971,35.31
CC,370,0.9527,0.62,3.85408,3.8371,3.87105,33.95
CC,370,0.9527,0.63,3.86593,3.85,3.88185,31.85
CC,370,0.9527,0.64,3.87708,3.8621,3.89205,29.95
CC,370,0.9527,0.65,3.88653,3.8726,3.90047,27.87
CC,370,0.9527,0.66,3.89458,3.8812,3.90797,26.77
CC,370,0.9527,0.67,3.90195,3.8894,3.91451,25.11
CC,370,0.9527,0.68,3.90863,3.8965,3.92077,24.27
CC,370,0.9527,0.69,3.91552,3.9036,3.92744,23.84
CC,370,0.9527,0.7,3.9225,3.9106,3.9344,23.8
CC,370,0.9527,0.71,3.93007,3.918,3.94215,24.15
CC,370,0.9527,0.72,3.93848,3.9261,3.95087,24.77
CC,370,0.9527,0.73,3.94749,3.9347,3.96028,25.58
CC,370,0.9527,0.74,3.95758,3.9442,3.97096,26.76
CC,370,0.9527,0.75,3.96847,3.9546,3.98235,27.76
CC,370,0.9527,0.76,3.98019,3.9657,3.99469,28.99
CC,370,0.9527,0.77,3.99261,3.9778,4.00742,29.62
CC,370,0.9527,0.78,4.00524,3.99,4.02049,30.49
CC,370,0.9527,0.79,4.01776,4.0025,4.03302,30.52
CC,370,0.9527,0.8,4.02994,4.0148,4.04509,30.29
CC,370,0.9527,0.81,4.04118,4.0262,4.05616,29.96
CC,370,0.9527,0.82,4.05153,4.0366,4.06646,29.86
CC,370,0.9527,0.83,4.06065,4.0464,4.07489,28.49
CC,370,0.9527,0.84,4.06766,4.0547,4.08063,25.93
CC,370,0.9527,0.85,4.07288,4.0616,4.08416,22.56
CC,370,0.9527,0.86,4.07668,4.0664,4.08696,20.56
CC,370,0.9527,0.87,4.07922,4.0692,4.08923,20.03
CC,370,0.9527,0.88,4.0818,4.0718,4.0918,20.0
CC,370,0.9527,0.89,4.08408,4.0738,4.09436,20.56
CC,370,0.9527,0.9,4.0868,4.0761,4.0975,21.4
CC,370,0.9527,0.91,4.08993,4.0789,4.10096,22.06
CC,370,0.9527,0.92,4.09326,4.0816,4.10493,23.33
CC,370,0.9527,0.93,4.09771,4.0853,4.11013,24.83
CC,370,0.9527,0.94,4.10293,4.0896,4.11626,26.66
CC,370,0.9527,0.95,4.10974,4.0953,4.12419,28.89
CC,370,0.9527,0.96,4.11864,4.1029,4.13439,31.49
CC,370,0.9527,0.97,4.13019,4.1133,4.14708,33.78
CC,370,0.9527,0.98,4.14559,4.1273,4.16388,36.58
CC,370,0.9527,0.99,4.16595,4.1472,4.18471,37.51
CC,445,0.94476,0.05,3.0132,2.93792,3.08848,150.55
CC,445,0.94476,0.06,3.1393,3.0806,3.198,117.39
CC,445,0.94476,0.07,3.22501,3.17499,3.27503,100.03
CC,445,0.94476,0.08,3.2885,3.24346,3.33353,90.07
CC,445,0.94476,0.09,3.33361,3.29181,3.3754,83.6
CC,445,0.94476,0.1,3.36018,3.32672,3.39363,66.91
CC,445,0.94476,0.11,3.37834,3.35189,3.40478,52.89
CC,445,0.94476,0.12,3.39188,3.36946,3.4143,44.84
CC,445,0.94476,0.13,3.40261,3.38272,3.4225,39.78
CC,445,0.94476,0.14,3.41189,3.3933,3.43048,37.19
CC,445,0.94476,0.15,3.42026,3.4025,3.43803,35.53
CC,445,0.94476,0.16,3.42864,3.41118,3.4461,34.92
CC,445,0.94476,0.17,3.43724,3.4195,3.45499,35.49
CC,445,0.94476,0.18,3.44665,3.42862,3.46469,36.07
CC,445,0.94476,0.19,3.45781,3.4398,3.47583,36.04
CC,445,0.94476,0.2,3.46995,3.45222,3.48768,35.46
CC,445,0.94476,0.21,3.4822,3.46453,3.49986,35.33
CC,445,0.94476,0.22,3.49412,3.47608,3.51217,36.09
CC,445,0.94476,0.23,3.50558,3.48717,3.52398,36.81
CC,445,0.94476,0.24,3.51678,3.49769,3.53587,38.18
CC,445,0.94476,0.25,3.52771,3.50796,3.54747,39.52
CC,445,0.94476,0.26,3.53773,3.51757,3.5579,40.33
CC,445,0.94476,0.27,3.54792,3.52736,3.56849,41.13
CC,445,0.94476,0.28,3.55738,3.53666,3.5781,41.44
CC,445,0.94476,0.29,3.56635,3.54597,3.58673,40.75
CC,445,0.94476,0.3,3.57493,3.55515,3.59472,39.57
CC,445,0.94476,0.31,3.58294,3.56366,3.60223,38.57
CC,445,0.94476,0.32,3.59068,3.57206,3.60931,37.25
CC,445,0.94476,0.33,3.59795,3.57976,3.61614,36.39
CC,445,0.94476,0.34,3.60504,3.58755,3.62254,34.99
CC,445,0.94476,0.35,3.61204,3.59493,3.62914,34.21
CC,445,0.94476,0.36,3.61855,3.60176,3.63534,33.59
CC,445,0.94476,0.37,3.62524,3.60884,3.64164,32.8
CC,445,0.94476,0.38,3.63168,3.61534,3.64803,32.69
CC,445,0.94476,0.39,3.63815,3.62186,3.65444,32.58
CC,445,0.94476,0.4,3.64479,3.62864,3.66094,32.3
CC,445,0.94476,0.41,3.65142,3.63514,3.6677,32.56
CC,445,0.94476,0.42,3.65825,3.64186,3.67465,32.8
CC,445,0.94476,0.43,3.66549,3.64895,3.68203,33.08
CC,445,0.94476,0.44,3.67295,3.65615,3.68974,33.6
CC,445,0.94476,0.45,3.6809,3.66376,3.69804,34.29
CC,445,0.94476,0.46,3.6892,3.67186,3.70655,34.7
CC,445,0.94476,0.47,3.69785,3.68016,3.71554,35.38
CC,445,0.94476,0.48,3.70715,3.68906,3.72524,36.17
CC,445,0.94476,0.49,3.71675,3.69856,3.73494,36.39
CC,445,0.94476,0.5,3.72659,3.70796,3.74522,37.26
CC,445,0.94476,0.51,3.73665,3.71796,3.75534,37.39
CC,445,0.94476,0.52,3.7466,3.72767,3.76554,37.86
CC,445,0.94476,0.53,3.75695,3.73797,3.77593,37.96
CC,445,0.94476,0.54,3.76705,3.74826,3.78584,37.57
CC,445,0.94476,0.55,3.77708,3.75813,3.79602,37.89
CC,445,0.94476,0.56,3.7871,3.76834,3.80585,37.51
CC,445,0.94476,0.57,3.79723,3.77863,3.81584,37.2
CC,445,0.94476,0.58,3.80748,3.78873,3.82624,37.51
CC,445,0.94476,0.59,3.81784,3.79914,3.83654,37.4
CC,445,0.94476,0.6,3.82863,3.81014,3.84713,36.99
CC,445,0.94476,0.61,3.83963,3.82124,3.85802,36.78
CC,445,0.94476,0.62,3.85084,3.83314,3.86854,35.4
CC,445,0.94476,0.63,3.86219,3.84524,3.87914,33.89
CC,445,0.94476,0.64,3.87349,3.85754,3.88944,31.9
CC,445,0.94476,0.65,3.88373,3.86873,3.89874,30.01
CC,445,0.94476,0.66,3.89254,3.87823,3.90685,28.62
CC,445,0.94476,0.67,3.90024,3.88664,3.91385,27.22
CC,445,0.94476,0.68,3.9073,3.89403,3.92056,26.53
CC,445,0.94476,0.69,3.91424,3.90132,3.92717,25.86
CC,445,0.94476,0.7,3.92125,3.90812,3.93437,26.24
CC,445,0.94476,0.71,3.92875,3.91562,3.94188,26.27
CC,445,0.94476,0.72,3.93699,3.92342,3.95057,27.15
CC,445,0.94476,0.73,3.94599,3.93173,3.96026,28.54
CC,445,0.94476,0.74,3.9558,3.94113,3.97047,29.34
CC,445,0.94476,0.75,3.96669,3.95132,3.98206,30.73
CC,445,0.94476,0.76,3.97825,3.96214,3.99436,32.22
CC,445,0.94476,0.77,3.99054,3.97403,4.00706,33.03
CC,445,0.94476,0.78,4.00309,3.98603,4.02015,34.11
CC,445,0.94476,0.79,4.01575,3.99873,4.03276,34.04
CC,445,0.94476,0.8,4.02789,4.01092,4.04486,33.94
CC,445,0.94476,0.81,4.03915,4.02212,4.05617,34.05
CC,445,0.94476,0.82,4.04954,4.03272,4.06637,33.65
CC,445,0.94476,0.83,4.0586,4.04222,4.07498,32.76
CC,445,0.94476,0.84,4.06595,4.05112,4.08078,29.67
CC,445,0.94476,0.85,4.07165,4.05871,4.08458,25.88
CC,445,0.94476,0.86,4.0756,4.06421,4.087,22.79
CC,445,0.94476,0.87,4.07875,4.068,4.08949,21.49
CC,445,0.94476,0.88,4.0813,4.0704,4.09219,21.78
CC,445,0.94476,0.89,4.0838,4.0728,4.0948,21.99
CC,445,0.94476,0.9,4.0864,4.0749,4.09789,22.98
CC,445,0.94476,0.91,4.08964,4.0776,4.10168,24.08
CC,445,0.94476,0.92,4.09299,4.0802,4.10579,25.59
CC,445,0.94476,0.93,4.09749,4.0838,4.11118,27.37
CC,445,0.94476,0.94,4.1027,4.0879,4.1175,29.6
CC,445,0.94476,0.95,4.10965,4.0935,4.1258,32.3
CC,445,0.94476,0.96,4.11845,4.1008,4.1361,35.3
CC,445,0.94476,0.97,4.13,4.1107,4.1493,38.6
CC,445,0.94476,0.98,4.1453,4.12421,4.1664,42.19
CC,445,0.94476,0.99,4.16565,4.144,4.1873,43.3
CC,520,0.93036,0.06,2.98051,2.89202,3.069,176.98
CC,520,0.93036,0.07,3.12,3.05318,3.18682,133.64
CC,520,0.93036,0.08,3.21118,3.15532,3.26703,111.71
CC,520,0.93036,0.09,3.27834,3.22882,3.32787,99.05
CC,520,0.93036,0.1,3.32711,3.28156,3.37267,91.11
CC,520,0.93036,0.11,3.35677,3.31979,3.39376,73.97
CC,520,0.93036,0.12,3.37661,3.34778,3.40544,57.66
CC,520,0.93036,0.13,3.39131,3.36743,3.41519,47.76
CC,520,0.93036,0.14,3.40273,3.38177,3.42369,41.93
CC,520,0.93036,0.15,3.41234,3.39315,3.43153,38.38
CC,520,0.93036,0.16,3.421,3.40275,3.43926,36.51
CC,520,0.93036,0.17,3.42956,3.41171,3.44741,35.69
CC,520,0.93036,0.18,3.43785,3.41988,3.45581,35.93
CC,520,0.93036,0.19,3.44713,3.42878,3.46549,36.72
CC,520,0.93036,0.2,3.45771,3.43908,3.47634,37.26
CC,520,0.93036,0.21,3.46949,3.45098,3.488,37.02
CC,520,0.93036,0.22,3.4819,3.46348,3.50032,36.84
CC,520,0.93036,0.23,3.49386,3.47531,3.51241,37.1
CC,520,0.93036,0.24,3.50566,3.48671,3.52462,37.9
CC,520,0.93036,0.25,3.51715,3.49791,3.5364,38.48
CC,520,0.93036,0.26,3.52803,3.50814,3.54792,39.78
CC,520,0.93036,0.27,3.53835,3.51824,3.55847,40.22
CC,520,0.93036,0.28,3.54833,3.52774,3.56891,41.16
CC,520,0.93036,0.29,3.55793,3.53738,3.57848,41.11
CC,520,0.93036,0.3,3.56693,3.54651,3.58735,40.84
CC,520,0.93036,0.31,3.57569,3.55572,3.59565,39.93
CC,520,0.93036,0.32,3.58375,3.56433,3.60316,38.83
CC,520,0.93036,0.33,3.59157,3.5726,3.61053,37.92
CC,520,0.93036,0.34,3.59908,3.58073,3.61743,36.7
CC,520,0.93036,0.35,3.60625,3.5883,3.6242,35.9
CC,520,0.93036,0.36,3.61332,3.5959,3.63074,34.83
CC,520,0.93036,0.37,3.61993,3.60293,3.63694,34.01
CC,520,0.93036,0.38,3.62672,3.61,3.64344,33.44
CC,520,0.93036,0.39,3.63324,3.61683,3.64964,32.81
CC,520,0.93036,0.4,3.63983,3.62339,3.65628,32.89
CC,520,0.93036,0.41,3.64648,3.63008,3.66287,32.79
CC,520,0.93036,0.42,3.65336,3.63698,3.66973,32.75
CC,520,0.93036,0.43,3.66041,3.64378,3.67703,33.25
CC,520,0.93036,0.44,3.66761,3.65086,3.68436,33.5
CC,520,0.93036,0.45,3.67537,3.65836,3.69238,34.02
CC,520,0.93036,0.46,3.68338,3.66596,3.7008,34.85
CC,520,0.93036,0.47,3.69177,3.67413,3.7094,35.27
CC,520,0.93036,0.48,3.70085,3.68283,3.71888,36.04
CC,520,0.93036,0.49,3.71008,3.69173,3.72843,36.7
CC,520,0.93036,0.5,3.71984,3.70134,3.73835,37.01
CC,520,0.93036,0.51,3.72992,3.71114,3.74871,37.57
CC,520,0.93036,0.52,3.73992,3.72104,3.75881,37.77
CC,520,0.93036,0.53,3.75036,3.73142,3.76931,37.89
CC,520,0.93036,0.54,3.76053,3.74156,3.77951,37.95
CC,520,0.93036,0.55,3.77066,3.75178,3.78953,37.75
CC,520,0.93036,0.56,3.78055,3.76172,3.79938,37.66
CC,520,0.93036,0.57,3.79047,3.77146,3.80948,38.02
CC,520,0.93036,0.58,3.80035,3.78134,3.81936,38.02
CC,520,0.93036,0.59,3.81058,3.79172,3.82944,37.72
CC,520,0.93036,0.6,3.82089,3.80186,3.83992,38.06
CC,520,0.93036,0.61,3.8313,3.81247,3.85012,37.65
CC,520,0.93036,0.62,3.84211,3.82352,3.8607,37.18
CC,520,0.93036,0.63,3.85272,3.83447,3.87096,36.49
CC,520,0.93036,0.64,3.86385,3.84622,3.88148,35.26
CC,520,0.93036,0.65,3.87468,3.85797,3.89138,33.41
CC,520,0.93036,0.66,3.88503,3.86932,3.90074,31.42
CC,520,0.93036,0.67,3.8943,3.87948,3.90912,29.64
CC,520,0.93036,0.68,3.90225,3.88821,3.91629,28.08
CC,520,0.93036,0.69,3.9096,3.896,3.9232,27.2
CC,520,0.93036,0.7,3.91678,3.90352,3.93004,26.52
CC,520,0.93036,0.71,3.92405,3.91062,3.93747,26.85
CC,520,0.93036,0.72,3.932,3.91848,3.94552,27.04
CC,520,0.93036,0.73,3.94064,3.92671,3.95457,27.86
CC,520,0.93036,0.74,3.95,3.9356,3.9644,28.8
CC,520,0.93036,0.75,3.96025,3.9452,3.97529,30.09
CC,520,0.93036,0.76,3.97158,3.95597,3.98718,31.21
CC,520,0.93036,0.77,3.98334,3.96721,3.99947,32.26
CC,520,0.93036,0.78,3.99592,3.97927,4.01257,33.3
CC,520,0.93036,0.79,4.00845,3.99152,4.02539,33.88
CC,520,0.93036,0.8,4.02102,4.00408,4.03796,33.88
CC,520,0.93036,0.81,4.03285,4.01601,4.04969,33.68
CC,520,0.93036,0.82,4.0439,4.02702,4.06078,33.76
CC,520,0.93036,0.83,4.05391,4.03752,4.0703,32.78
CC,520,0.93036,0.84,4.0624,4.04665,4.07814,31.49
CC,520,0.93036,0.85,4.06882,4.05494,4.08269,27.75
CC,520,0.93036,0.86,4.07372,4.06157,4.08587,24.3
CC,520,0.93036,0.87,4.07724,4.06618,4.08829,22.11
CC,520,0.93036,0.88,4.08013,4.06939,4.09088,21.49
CC,520,0.93036,0.89,4.08264,4.07159,4.09368,22.09
CC,520,0.93036,0.9,4.08519,4.07389,4.09649,22.6
CC,520,0.93036,0.91,4.08827,4.07649,4.10006,23.57
CC,520,0.93036,0.92,4.09159,4.07899,4.10418,25.19
CC,520,0.93036,0.93,4.09554,4.08218,4.10889,26.71
CC,520,0.93036,0.94,4.10063,4.08629,4.11498,28.69
CC,520,0.93036,0.95,4.10698,4.09108,4.12287,31.78
CC,520,0.93036,0.96,4.11512,4.09798,4.13226,34.28
CC,520,0.93036,0.97,4.12582,4.10699,4.14466,37.67
CC,520,0.93036,0.98,4.13981,4.11968,4.15995,40.27
CC,520,0.93036,0.99,4.15871,4.13809,4.17933,41.24
CC,595,0.9237,0.06,2.81015,2.65058,2.96972,319.14
CC,595,0.9237,0.07,3.04563,2.96221,3.12904,166.83
CC,595,0.9237,0.08,3.16028,3.09423,3.22633,132.1
CC,595,0.9237,0.09,3.24057,3.18393,3.29721,113.28
CC,595,0.9237,0.1,3.30061,3.24972,3.35149,101.77
CC,595,0.9237,0.11,3.34145,3.297,3.3859,88.9
CC,595,0.9237,0.12,3.36633,3.33169,3.40097,69.28
CC,595,0.9237,0.13,3.38374,3.35611,3.41138,55.27
CC,595,0.9237,0.14,3.39699,3.37363,3.42034,46.71
CC,595,0.9237,0.15,3.40752,3.38664,3.42841,41.78
CC,595,0.9237,0.16,3.41673,3.39742,3.43605,38.63
CC,595,0.9237,0.17,3.42523,3.40654,3.44391,37.37
CC,595,0.9237,0.18,3.43364,3.41523,3.45205,36.82
CC,595,0.9237,0.19,3.44243,3.42374,3.46113,37.39
CC,595,0.9237,0.2,3.4521,3.43294,3.47126,38.31
CC,595,0.9237,0.21,3.4632,3.44392,3.48247,38.55
CC,595,0.9237,0.22,3.47559,3.45641,3.49478,38.36
CC,595,0.9237,0.23,3.4878,3.46862,3.50698,38.36
CC,595,0.9237,0.24,3.49988,3.48051,3.51926,38.74
CC,595,0.9237,0.25,3.51156,3.49174,3.53138,39.65
CC,595,0.9237,0.26,3.52283,3.50262,3.54305,40.43
CC,595,0.9237,0.27,3.53344,3.51274,3.55415,41.42
CC,595,0.9237,0.28,3.5436,3.52244,3.56475,42.32
CC,595,0.9237,0.29,3.55344,3.53224,3.57464,42.4
CC,595,0.9237,0.3,3.56267,3.54134,3.584,42.66
CC,595,0.9237,0.31,3.57172,3.55074,3.5927,41.96
CC,595,0.9237,0.32,3.57999,3.55954,3.60044,40.9
CC,595,0.9237,0.33,3.58812,3.56825,3.60799,39.74
CC,595,0.9237,0.34,3.5957,3.57634,3.61505,38.71
CC,595,0.9237,0.35,3.60315,3.58444,3.62185,37.41
CC,595,0.9237,0.36,3.61009,3.59186,3.62831,36.45
CC,595,0.9237,0.37,3.61713,3.59935,3.63491,35.56
CC,595,0.9237,0.38,3.62381,3.60635,3.64126,34.91
CC,595,0.9237,0.39,3.63054,3.61335,3.64772,34.37
CC,595,0.9237,0.4,3.63719,3.62026,3.65412,33.86
CC,595,0.9237,0.41,3.64379,3.62685,3.66072,33.87
CC,595,0.9237,0.42,3.6507,3.63374,3.66766,33.92
CC,595,0.9237,0.43,3.6575,3.64038,3.67462,34.24
CC,595,0.9237,0.44,3.66483,3.64745,3.68221,34.76
CC,595,0.9237,0.45,3.6724,3.65494,3.68986,34.92
CC,595,0.9237,0.46,3.68018,3.66235,3.69801,35.66
CC,595,0.9237,0.47,3.68864,3.67054,3.70674,36.2
CC,595,0.9237,0.48,3.69742,3.67884,3.71599,37.14
CC,595,0.9237,0.49,3.70654,3.68764,3.72543,37.79
CC,595,0.9237,0.5,3.71631,3.69714,3.73548,38.35
CC,595,0.9237,0.51,3.72598,3.70654,3.74543,38.89
CC,595,0.9237,0.52,3.73622,3.71661,3.75583,39.22
CC,595,0.9237,0.53,3.74658,3.72683,3.76633,39.5
CC,595,0.9237,0.54,3.75661,3.73674,3.77648,39.75
CC,595,0.9237,0.55,3.76668,3.74684,3.78653,39.7
CC,595,0.9237,0.56,3.77693,3.75712,3.79673,39.61
CC,595,0.9237,0.57,3.78669,3.76694,3.80643,39.49
CC,595,0.9237,0.58,3.79673,3.77687,3.81658,39.72
CC,595,0.9237,0.59,3.80682,3.78716,3.82648,39.33
CC,595,0.9237,0.6,3.81694,3.79717,3.83672,39.54
CC,595,0.9237,0.61,3.82714,3.80756,3.84672,39.15
CC,595,0.9237,0.62,3.83784,3.81846,3.85722,38.76
CC,595,0.9237,0.63,3.84834,3.82927,3.86742,38.14
CC,595,0.9237,0.64,3.85929,3.84066,3.87792,37.26
CC,595,0.9237,0.65,3.87036,3.85266,3.88806,35.4
CC,595,0.9237,0.66,3.88101,3.86426,3.89776,33.5
CC,595,0.9237,0.67,3.89091,3.87525,3.90656,31.31
CC,595,0.9237,0.68,3.89959,3.88467,3.91451,29.84
CC,595,0.9237,0.69,3.90729,3.89307,3.92151,28.44
CC,595,0.9237,0.7,3.91452,3.90067,3.92836,27.69
CC,595,0.9237,0.71,3.92177,3.90778,3.93576,27.98
CC,595,0.9237,0.72,3.92963,3.91547,3.94378,28.3
CC,595,0.9237,0.73,3.93782,3.92329,3.95235,29.06
CC,595,0.9237,0.74,3.94704,3.93188,3.9622,30.32
CC,595,0.9237,0.75,3.95704,3.94138,3.97269,31.31
CC,595,0.9237,0.76,3.96787,3.95159,3.98416,32.57
CC,595,0.9237,0.77,3.97957,3.96248,3.99666,34.18
CC,595,0.9237,0.78,3.99182,3.97428,4.00936,35.08
CC,595,0.9237,0.79,4.00433,3.98619,4.02247,36.28
CC,595,0.9237,0.8,4.01689,3.99859,4.0352,36.62
CC,595,0.9237,0.81,4.02877,4.01029,4.04726,36.97
CC,595,0.9237,0.82,4.04025,4.02179,4.0587,36.92
CC,595,0.9237,0.83,4.05044,4.03229,4.06859,36.3
CC,595,0.9237,0.84,4.05957,4.04219,4.07695,34.76
CC,595,0.9237,0.85,4.06651,4.0508,4.08222,31.42
CC,595,0.9237,0.86,4.07192,4.0583,4.08554,27.24
CC,595,0.9237,0.87,4.07623,4.0642,4.08826,24.06
CC,595,0.9237,0.88,4.07931,4.0678,4.09082,23.02
CC,595,0.9237,0.89,4.08219,4.0707,4.09368,22.98
CC,595,0.9237,0.9,4.08474,4.0729,4.09658,23.68
CC,595,0.9237,0.91,4.08784,4.0755,4.10018,24.68
CC,595,0.9237,0.92,4.09112,4.0781,4.10414,26.04
CC,595,0.9237,0.93,4.0952,4.0811,4.1093,28.2
CC,595,0.9237,0.94,4.10015,4.0851,4.1152,30.1
CC,595,0.9237,0.95,4.10623,4.0899,4.12256,32.66
CC,595,0.9237,0.96,4.11425,4.0962,4.1323,36.1
CC,595,0.9237,0.97,4.12459,4.105,4.14418,39.18
CC,595,0.9237,0.98,4.13816,4.117,4.15932,42.32
CC,595,0.9237,0.99,4.15658,4.1349,4.17825,43.35
CC,670,0.91844,0.07,2.98663,2.88341,3.08984,206.43
CC,670,0.91844,0.08,3.12338,3.04583,3.20093,155.1
CC,670,0.91844,0.09,3.21374,3.14892,3.27856,129.64
CC,670,0.91844,0.1,3.28056,3.22365,3.33747,113.82
CC,670,0.91844,0.11,3.32904,3.27853,3.37954,101.01
CC,670,0.91844,0.12,3.35848,3.31826,3.39869,80.43
CC,670,0.91844,0.13,3.37831,3.34686,3.40977,62.91
CC,670,0.91844,0.14,3.39315,3.36733,3.41897,51.64
CC,670,0.91844,0.15,3.40467,3.38197,3.42737,45.4
CC,670,0.91844,0.16,3.41434,3.39368,3.43499,41.31
CC,670,0.91844,0.17,3.42314,3.40342,3.44287,39.46
CC,670,0.91844,0.18,3.43155,3.4123,3.45079,38.49
CC,670,0.91844,0.19,3.44024,3.42092,3.45956,38.64
CC,670,0.91844,0.2,3.44962,3.4298,3.46945,39.64
CC,670,0.91844,0.21,3.46027,3.44029,3.48025,39.95
CC,670,0.91844,0.22,3.47218,3.45207,3.4923,40.23
CC,670,0.91844,0.23,3.48464,3.46466,3.50463,39.98
CC,670,0.91844,0.24,3.49674,3.47667,3.51682,40.15
CC,670,0.91844,0.25,3.50851,3.48799,3.52904,41.04
CC,670,0.91844,0.26,3.51997,3.49919,3.54076,41.56
CC,670,0.91844,0.27,3.53084,3.50942,3.55226,42.84
CC,670,0.91844,0.28,3.54119,3.51958,3.5628,43.22
CC,670,0.91844,0.29,3.55105,3.5292,3.57289,43.69
CC,670,0.91844,0.3,3.56053,3.5385,3.58256,44.06
CC,670,0.91844,0.31,3.56971,3.548,3.59141,43.4
CC,670,0.91844,0.32,3.57816,3.55682,3.59951,42.7
CC,670,0.91844,0.33,3.58641,3.56562,3.6072,41.58
CC,670,0.91844,0.34,3.59416,3.57412,3.61421,40.1
CC,670,0.91844,0.35,3.60156,3.58193,3.6212,39.27
CC,670,0.91844,0.36,3.60896,3.58992,3.628,38.09
CC,670,0.91844,0.37,3.61583,3.59714,3.63452,37.38
CC,670,0.91844,0.38,3.62273,3.60463,3.64083,36.2
CC,670,0.91844,0.39,3.62948,3.61153,3.64743,35.9
CC,670,0.91844,0.4,3.63617,3.61852,3.65383,35.31
CC,670,0.91844,0.41,3.64285,3.62525,3.66044,35.19
CC,670,0.91844,0.42,3.64983,3.63224,3.66743,35.19
CC,670,0.91844,0.43,3.65665,3.63897,3.67433,35.36
CC,670,0.91844,0.44,3.66403,3.64614,3.68192,35.78
CC,670,0.91844,0.45,3.6715,3.65345,3.68954,36.09
CC,670,0.91844,0.46,3.67942,3.66094,3.6979,36.97
CC,670,0.91844,0.47,3.68769,3.66886,3.70653,37.67
CC,670,0.91844,0.48,3.69642,3.67724,3.7156,38.37
CC,670,0.91844,0.49,3.70582,3.68624,3.72539,39.15
CC,670,0.91844,0.5,3.71522,3.69534,3.7351,39.76
CC,670,0.91844,0.51,3.7253,3.70513,3.74548,40.35
CC,670,0.91844,0.52,3.73532,3.71494,3.7557,40.76
CC,670,0.91844,0.53,3.74561,3.72522,3.76599,40.77
CC,670,0.91844,0.54,3.75592,3.73543,3.7764,40.98
CC,670,0.91844,0.55,3.76591,3.74534,3.78648,41.14
CC,670,0.91844,0.56,3.77612,3.75564,3.7966,40.97
CC,670,0.91844,0.57,3.78606,3.76573,3.80639,40.66
CC,670,0.91844,0.58,3.79599,3.77544,3.81654,41.1
CC,670,0.91844,0.59,3.80589,3.78553,3.82625,40.72
CC,670,0.91844,0.6,3.81603,3.79574,3.83633,40.59
CC,670,0.91844,0.61,3.82623,3.80593,3.84653,40.6
CC,670,0.91844,0.62,3.83658,3.81663,3.85653,39.9
CC,670,0.91844,0.63,3.84708,3.82732,3.86684,39.52
CC,670,0.91844,0.64,3.85769,3.83853,3.87685,38.32
CC,670,0.91844,0.65,3.86838,3.84982,3.88694,37.12
CC,670,0.91844,0.66,3.87936,3.86171,3.89701,35.3
CC,670,0.91844,0.67,3.8893,3.87264,3.90596,33.32
CC,670,0.91844,0.68,3.89854,3.88284,3.91424,31.4
CC,670,0.91844,0.69,3.90651,3.89146,3.92156,30.1
CC,670,0.91844,0.7,3.91381,3.89907,3.92855,29.48
CC,670,0.91844,0.71,3.9213,3.90646,3.93614,29.68
CC,670,0.91844,0.72,3.92906,3.91416,3.94396,29.8
CC,670,0.91844,0.73,3.9374,3.92197,3.95283,30.86
CC,670,0.91844,0.74,3.94669,3.93075,3.96264,31.88
CC,670,0.91844,0.75,3.95645,3.93987,3.97304,33.16
CC,670,0.91844,0.76,3.96744,3.95006,3.98483,34.77
CC,670,0.91844,0.77,3.97904,3.96106,3.99702,35.96
CC,670,0.91844,0.78,3.99126,3.97236,4.01016,37.8
CC,670,0.91844,0.79,4.00376,3.98445,4.02306,38.61
CC,670,0.91844,0.8,4.01606,3.99636,4.03576,39.4
CC,670,0.91844,0.81,4.02826,4.00836,4.04816,39.8
CC,670,0.91844,0.82,4.03937,4.01947,4.05927,39.8
CC,670,0.91844,0.83,4.04986,4.03026,4.06946,39.2
CC,670,0.91844,0.84,4.05863,4.03987,4.07739,37.51
CC,670,0.91844,0.85,4.06578,4.04897,4.08259,33.61
CC,670,0.91844,0.86,4.07129,4.05658,4.08599,29.4
CC,670,0.91844,0.87,4.07574,4.06289,4.0886,25.71
CC,670,0.91844,0.88,4.07924,4.06699,4.09148,24.49
CC,670,0.91844,0.89,4.08224,4.07009,4.09438,24.29
CC,670,0.91844,0.9,4.08495,4.0725,4.0974,24.9
CC,670,0.91844,0.91,4.08809,4.07509,4.10108,25.99
CC,670,0.91844,0.92,4.09169,4.0778,4.10558,27.78
CC,670,0.91844,0.93,4.09569,4.0808,4.11059,29.79
CC,670,0.91844,0.94,4.10088,4.0847,4.11707,32.38
CC,670,0.91844,0.95,4.10733,4.08949,4.12517,35.67
CC,670,0.91844,0.96,4.11555,4.0961,4.135,38.9
CC,670,0.91844,0.97,4.12625,4.10479,4.1477,42.91
CC,670,0.91844,0.98,4.1405,4.11749,4.1635,46.01
CC,670,0.91844,0.99,4.15915,4.13549,4.1828,47.31
CC,745,0.91166,0.07,2.82597,2.65076,3.00117,350.4
CC,745,0.91166,0.08,3.05138,2.95304,3.14973,196.69
CC,745,0.91166,0.09,3.16359,3.08512,3.24207,156.96
CC,745,0.91166,0.1,3.24283,3.17566,3.30999,134.33
CC,745,0.91166,0.11,3.3021,3.24252,3.36168,119.16
CC,745,0.91166,0.12,3.34252,3.29298,3.39205,99.07
CC,745,0.91166,0.13,3.36764,3.32968,3.4056,75.92
CC,745,0.91166,0.14,3.38574,3.35572,3.41577,60.05
CC,745,0.91166,0.15,3.39914,3.37406,3.42423,50.17
CC,745,0.91166,0.16,3.41009,3.38778,3.4324,44.62
CC,745,0.91166,0.17,3.41917,3.39846,3.43989,41.43
CC,745,0.91166,0.18,3.42777,3.40784,3.44771,39.87
CC,745,0.91166,0.19,3.43648,3.41674,3.45621,39.47
CC,745,0.91166,0.2,3.44533,3.42538,3.46529,39.91
CC,745,0.91166,0.21,3.45515,3.43474,3.47557,40.83
CC,745,0.91166,0.22,3.46662,3.4458,3.48744,41.64
CC,745,0.91166,0.23,3.47886,3.45808,3.49965,41.57
CC,745,0.91166,0.24,3.49124,3.4702,3.51228,42.08
CC,745,0.91166,0.25,3.50337,3.48208,3.52466,42.58
CC,745,0.91166,0.26,3.51498,3.49342,3.53654,43.12
CC,745,0.91166,0.27,3.52609,3.50402,3.54816,44.14
CC,745,0.91166,0.28,3.53678,3.51444,3.55911,44.67
CC,745,0.91166,0.29,3.54687,3.52416,3.56957,45.41
CC,745,0.91166,0.3,3.55666,3.53392,3.5794,45.48
CC,745,0.91166,0.31,3.56584,3.54334,3.58835,45.01
CC,745,0.91166,0.32,3.57475,3.55236,3.59715,44.79
CC,745,0.91166,0.33,3.58314,3.56142,3.60485,43.43
CC,745,0.91166,0.34,3.59114,3.5699,3.61238,42.48
CC,745,0.91166,0.35,3.59879,3.57832,3.61926,40.94
CC,745,0.91166,0.36,3.60625,3.58626,3.62624,39.98
CC,745,0.91166,0.37,3.61324,3.59368,3.6328,39.12
CC,745,0.91166,0.38,3.62028,3.60128,3.63928,38.0
CC,745,0.91166,0.39,3.6272,3.60849,3.64591,37.42
CC,745,0.91166,0.4,3.63397,3.6157,3.65223,36.52
CC,745,0.91166,0.41,3.64086,3.62269,3.65904,36.35
CC,745,0.91166,0.42,3.6478,3.6297,3.6659,36.2
CC,745,0.91166,0.43,3.65479,3.63677,3.6728,36.03
CC,745,0.91166,0.44,3.6619,3.64364,3.68017,36.54
CC,745,0.91166,0.45,3.66944,3.65089,3.68799,37.1
CC,745,0.91166,0.46,3.6772,3.6584,3.69599,37.58
CC,745,0.91166,0.47,3.68539,3.6661,3.70467,38.57
CC,745,0.91166,0.48,3.69403,3.67446,3.7136,39.15
CC,745,0.91166,0.49,3.70317,3.6831,3.72324,40.14
CC,745,0.91166,0.5,3.71258,3.69209,3.73307,40.98
CC,745,0.91166,0.51,3.72252,3.70177,3.74327,41.5
CC,745,0.91166,0.52,3.73251,3.71146,3.75356,42.1
CC,745,0.91166,0.53,3.74285,3.72167,3.76402,42.35
CC,745,0.91166,0.54,3.75302,3.73176,3.77429,42.53
CC,745,0.91166,0.55,3.76334,3.7421,3.78457,42.47
CC,745,0.91166,0.56,3.7734,3.7521,3.79469,42.59
CC,745,0.91166,0.57,3.78335,3.76229,3.8044,42.11
CC,745,0.91166,0.58,3.7933,3.77213,3.81448,42.35
CC,745,0.91166,0.59,3.80329,3.78218,3.82439,42.21
CC,745,0.91166,0.6,3.81325,3.79229,3.83422,41.92
CC,745,0.91166,0.61,3.8231,3.8022,3.844,41.8
CC,745,0.91166,0.62,3.8334,3.81262,3.85418,41.56
CC,745,0.91166,0.63,3.84374,3.82318,3.86429,41.11
CC,745,0.91166,0.64,3.85406,3.8339,3.87422,40.31
CC,745,0.91166,0.65,3.86469,3.84499,3.88438,39.39
CC,745,0.91166,0.66,3.87544,3.85658,3.8943,37.72
CC,745,0.91166,0.67,3.88559,3.86752,3.90366,36.14
CC,745,0.91166,0.68,3.89537,3.8783,3.91244,34.14
CC,745,0.91166,0.69,3.90407,3.88801,3.92014,32.13
CC,745,0.91166,0.7,3.9118,3.89624,3.92736,31.12
CC,745,0.91166,0.71,3.91948,3.90432,3.93465,30.34
CC,745,0.91166,0.72,3.92729,3.91183,3.94274,30.91
CC,745,0.91166,0.73,3.93535,3.91944,3.95126,31.82
CC,745,0.91166,0.74,3.94452,3.92801,3.96102,33.01
CC,745,0.91166,0.75,3.95438,3.93714,3.97163,34.49
CC,745,0.91166,0.76,3.96488,3.94684,3.98292,36.08
CC,745,0.91166,0.77,3.97646,3.95751,3.99541,37.9
CC,745,0.91166,0.78,3.98833,3.96854,4.00811,39.57
CC,745,0.91166,0.79,4.00086,3.98041,4.0213,40.9
CC,745,0.91166,0.8,4.01308,3.99214,4.03402,41.88
CC,745,0.91166,0.81,4.02517,4.00383,4.0465,42.67
CC,745,0.91166,0.82,4.03663,4.01533,4.05794,42.61
CC,745,0.91166,0.83,4.047,4.02586,4.06814,42.27
CC,745,0.91166,0.84,4.05528,4.03595,4.07462,38.67
CC,745,0.91166,0.85,4.06358,4.04516,4.082,36.84
CC,745,0.91166,0.86,4.06947,4.05327,4.08567,32.39
CC,745,0.91166,0.87,4.07441,4.06027,4.08855,28.29
CC,745,0.91166,0.88,4.07836,4.06529,4.09144,26.14
CC,745,0.91166,0.89,4.08157,4.06879,4.09435,25.56
CC,745,0.91166,0.9,4.08438,4.0714,4.09735,25.95
CC,745,0.91166,0.91,4.08751,4.07389,4.10112,27.23
CC,745,0.91166,0.92,4.09103,4.07669,4.10537,28.67
CC,745,0.91166,0.93,4.09511,4.07959,4.11062,31.03
CC,745,0.91166,0.94,4.10025,4.08329,4.11722,33.93
CC,745,0.91166,0.95,4.10654,4.08769,4.12539,37.69
CC,745,0.91166,0.96,4.11493,4.09419,4.13567,41.48
CC,745,0.91166,0.97,4.12565,4.10299,4.14831,45.32
CC,745,0.91166,0.98,4.13963,4.11509,4.16418,49.09
CC,745,0.91166,0.99,4.1585,4.13349,4.18351,50.02
CC,820,0.90381,0.08,2.94284,2.8085,3.07717,268.67
CC,820,0.90381,0.09,3.10029,3.00516,3.19541,190.25
CC,820,0.90381,0.1,3.19733,3.11915,3.27551,156.36
CC,820,0.90381,0.11,3.26862,3.20132,3.33593,134.61
CC,820,0.90381,0.12,3.32121,3.26265,3.37978,117.13
CC,820,0.90381,0.13,3.35393,3.30734,3.40052,93.17
CC,820,0.90381,0.14,3.3758,3.33981,3.41179,71.98
CC,820,0.90381,0.15,3.3919,3.36278,3.42102,58.24
CC,820,0.90381,0.16,3.4044,3.3794,3.42939,49.99
CC,820,0.90381,0.17,3.41454,3.39211,3.43697,44.85
CC,820,0.90381,0.18,3.42354,3.40235,3.44472,42.37
CC,820,0.90381,0.19,3.4323,3.41154,3.45307,41.53
CC,820,0.90381,0.2,3.44112,3.42044,3.4618,41.36
CC,820,0.90381,0.21,3.45052,3.42934,3.47169,42.35
CC,820,0.90381,0.22,3.46114,3.43942,3.48287,43.45
CC,820,0.90381,0.23,3.47268,3.45074,3.49463,43.89
CC,820,0.90381,0.24,3.48503,3.46306,3.507,43.94
CC,820,0.90381,0.25,3.4973,3.47536,3.51924,43.88
CC,820,0.90381,0.26,3.50909,3.48676,3.53141,44.65
CC,820,0.90381,0.27,3.52066,3.49806,3.54325,45.19
CC,820,0.90381,0.28,3.53155,3.50857,3.55452,45.95
CC,820,0.90381,0.29,3.54218,3.51886,3.56549,46.63
CC,820,0.90381,0.3,3.552,3.52848,3.57553,47.05
CC,820,0.90381,0.31,3.56156,3.53816,3.58496,46.8
CC,820,0.90381,0.32,3.57066,3.54728,3.59403,46.75
CC,820,0.90381,0.33,3.57935,3.55647,3.60224,45.77
CC,820,0.90381,0.34,3.58759,3.56537,3.6098,44.43
CC,820,0.90381,0.35,3.59541,3.57377,3.61704,43.27
CC,820,0.90381,0.36,3.60302,3.58207,3.62397,41.9
CC,820,0.90381,0.37,3.61026,3.58978,3.63075,40.97
CC,820,0.90381,0.38,3.61746,3.59747,3.63744,39.97
CC,820,0.90381,0.39,3.62432,3.60468,3.64395,39.27
CC,820,0.90381,0.4,3.63134,3.61217,3.65051,38.34
CC,820,0.90381,0.41,3.63805,3.61908,3.65702,37.93
CC,820,0.90381,0.42,3.64496,3.62608,3.66385,37.78
CC,820,0.90381,0.43,3.65207,3.63318,3.67095,37.77
CC,820,0.90381,0.44,3.65922,3.64038,3.67806,37.68
CC,820,0.90381,0.45,3.6668,3.64778,3.68582,38.04
CC,820,0.90381,0.46,3.67441,3.65498,3.69384,38.86
CC,820,0.90381,0.47,3.68257,3.66287,3.70228,39.41
CC,820,0.90381,0.48,3.6912,3.67098,3.71142,40.44
CC,820,0.90381,0.49,3.7,3.67928,3.72072,41.44
CC,820,0.90381,0.5,3.70953,3.68846,3.7306,42.14
CC,820,0.90381,0.51,3.71927,3.69786,3.74068,42.82
CC,820,0.90381,0.52,3.72915,3.70738,3.75092,43.54
CC,820,0.90381,0.53,3.73954,3.71766,3.76142,43.76
CC,820,0.90381,0.54,3.74966,3.72767,3.77165,43.98
CC,820,0.90381,0.55,3.76,3.73796,3.78204,44.08
CC,820,0.90381,0.56,3.77024,3.74836,3.79211,43.74
CC,820,0.90381,0.57,3.78017,3.75826,3.80208,43.82
CC,820,0.90381,0.58,3.79016,3.76836,3.81196,43.6
CC,820,0.90381,0.59,3.79991,3.77807,3.82175,43.68
CC,820,0.90381,0.6,3.80996,3.78816,3.83175,43.59
CC,820,0.90381,0.61,3.81984,3.79826,3.84141,43.14
CC,820,0.90381,0.62,3.82975,3.80826,3.85124,42.98
CC,820,0.90381,0.63,3.83996,3.81876,3.86115,42.39
CC,820,0.90381,0.64,3.85015,3.82926,3.87103,41.77
CC,820,0.90381,0.65,3.86052,3.83996,3.88108,41.12
CC,820,0.90381,0.66,3.87105,3.85116,3.89093,39.77
CC,820,0.90381,0.67,3.88163,3.86248,3.90078,38.3
CC,820,0.90381,0.68,3.89178,3.87377,3.90979,36.02
CC,820,0.90381,0.69,3.90093,3.88388,3.91798,34.1
CC,820,0.90381,0.7,3.90936,3.89308,3.92564,32.56
CC,820,0.90381,0.71,3.91703,3.90099,3.93308,32.1
CC,820,0.90381,0.72,3.92484,3.90858,3.94109,32.5
CC,820,0.90381,0.73,3.93289,3.91629,3.94948,33.2
CC,820,0.90381,0.74,3.94178,3.92449,3.95907,34.58
CC,820,0.90381,0.75,3.9515,3.93349,3.96951,36.03
CC,820,0.90381,0.76,3.9619,3.94308,3.98072,37.64
CC,820,0.90381,0.77,3.97318,3.95328,3.99307,39.79
CC,820,0.90381,0.78,3.98503,3.96438,4.00567,41.29
CC,820,0.90381,0.79,3.99723,3.97558,4.01888,43.29
CC,820,0.90381,0.8,4.00968,3.98748,4.03187,44.38
CC,820,0.90381,0.81,4.0215,3.99879,4.04422,45.43
CC,820,0.90381,0.82,4.03335,4.01058,4.05612,45.54
CC,820,0.90381,0.83,4.04396,4.02129,4.06663,45.35
CC,820,0.90381,0.84,4.05371,4.03169,4.07574,44.05
CC,820,0.90381,0.85,4.06131,4.04089,4.08172,40.83
CC,820,0.90381,0.86,4.06763,4.04969,4.08557,35.88
CC,820,0.90381,0.87,4.07273,4.05699,4.08846,31.46
CC,820,0.90381,0.88,4.07726,4.06319,4.09132,28.13
CC,820,0.90381,0.89,4.08075,4.0672,4.0943,27.1
CC,820,0.90381,0.9,4.08386,4.0702,4.09752,27.33
CC,820,0.90381,0.91,4.08719,4.073,4.10138,28.38
CC,820,0.90381,0.92,4.0906,4.0755,4.1057,30.2
CC,820,0.90381,0.93,4.09495,4.0787,4.1112,32.5
CC,820,0.90381,0.94,4.09988,4.0822,4.11756,35.36
CC,820,0.90381,0.95,4.10624,4.0868,4.12568,38.88
CC,820,0.90381,0.96,4.11422,4.093,4.13544,42.44
CC,820,0.90381,0.97,4.12477,4.1016,4.14794,46.34
CC,820,0.90381,0.98,4.13827,4.1132,4.16334,50.14
CC,820,0.90381,0.99,4.15629,4.1305,4.18209,51.59
CC,895,0.90539,0.08,2.91889,2.76825,3.06952,301.28
CC,895,0.90539,0.09,3.09137,2.9898,3.19295,203.16
CC,895,0.90539,0.1,3.19074,3.10639,3.27508,168.7
CC,895,0.90539,0.11,3.26346,3.19052,3.3364,145.88
CC,895,0.90539,0.12,3.31736,3.25358,3.38114,127.56
CC,895,0.90539,0.13,3.35156,3.30036,3.40276,102.41
CC,895,0.90539,0.14,3.37421,3.33448,3.41394,79.46
CC,895,0.90539,0.15,3.39098,3.35891,3.42305,64.14
CC,895,0.90539,0.16,3.40383,3.37632,3.43134,55.01
CC,895,0.90539,0.17,3.41427,3.38971,3.43884,49.13
CC,895,0.90539,0.18,3.42351,3.40047,3.44655,46.08
CC,895,0.90539,0.19,3.43239,3.41014,3.45464,44.5
CC,895,0.90539,0.2,3.44122,3.41919,3.46325,44.07
CC,895,0.90539,0.21,3.45058,3.42829,3.47287,44.58
CC,895,0.90539,0.22,3.46102,3.43826,3.48379,45.53
CC,895,0.90539,0.23,3.47265,3.44972,3.49558,45.86
CC,895,0.90539,0.24,3.48488,3.46176,3.508,46.24
CC,895,0.90539,0.25,3.49702,3.47374,3.52029,46.55
CC,895,0.90539,0.26,3.50888,3.48536,3.53241,47.05
CC,895,0.90539,0.27,3.51744,3.49644,3.53845,42.01
CC,895,0.90539,0.28,3.53003,3.50724,3.55282,45.58
CC,895,0.90539,0.29,3.54105,3.5174,3.56469,47.29
CC,895,0.90539,0.3,3.55143,3.52736,3.57551,48.15
CC,895,0.90539,0.31,3.56137,3.53696,3.58578,48.82
CC,895,0.90539,0.32,3.57064,3.5463,3.59497,48.67
CC,895,0.90539,0.33,3.57949,3.55552,3.60346,47.94
CC,895,0.90539,0.34,3.58803,3.5647,3.61136,46.66
CC,895,0.90539,0.35,3.59608,3.57322,3.61895,45.73
CC,895,0.90539,0.36,3.60364,3.58143,3.62585,44.42
CC,895,0.90539,0.37,3.6112,3.58953,3.63286,43.33
CC,895,0.90539,0.38,3.6182,3.59694,3.63946,42.52
CC,895,0.90539,0.39,3.62539,3.60452,3.64626,41.75
CC,895,0.90539,0.4,3.63225,3.61165,3.65284,41.19
CC,895,0.90539,0.41,3.63916,3.61882,3.6595,40.68
CC,895,0.90539,0.42,3.64623,3.6259,3.66656,40.66
CC,895,0.90539,0.43,3.65316,3.63284,3.67348,40.64
CC,895,0.90539,0.44,3.66045,3.63973,3.68117,41.44
CC,895,0.90539,0.45,3.6681,3.64724,3.68896,41.72
CC,895,0.90539,0.46,3.67584,3.65465,3.69702,42.37
CC,895,0.90539,0.47,3.68411,3.66234,3.70587,43.53
CC,895,0.90539,0.48,3.69278,3.67064,3.71491,44.26
CC,895,0.90539,0.49,3.70188,3.67914,3.72461,45.46
CC,895,0.90539,0.5,3.71141,3.68834,3.73448,46.15
CC,895,0.90539,0.51,3.72118,3.69764,3.74471,47.06
CC,895,0.90539,0.52,3.73132,3.70744,3.7552,47.76
CC,895,0.90539,0.53,3.74157,3.71774,3.76541,47.67
CC,895,0.90539,0.54,3.75183,3.72784,3.77582,47.98
CC,895,0.90539,0.55,3.76212,3.73823,3.78602,47.79
CC,895,0.90539,0.56,3.77241,3.74863,3.7962,47.57
CC,895,0.90539,0.57,3.78227,3.75855,3.806,47.44
CC,895,0.90539,0.58,3.79227,3.76854,3.816,47.45
CC,895,0.90539,0.59,3.80196,3.77833,3.8256,47.27
CC,895,0.90539,0.6,3.81172,3.78814,3.8353,47.15
CC,895,0.90539,0.61,3.82172,3.79833,3.84511,46.78
CC,895,0.90539,0.62,3.83171,3.80864,3.85478,46.14
CC,895,0.90539,0.63,3.84177,3.81912,3.86442,45.3
CC,895,0.90539,0.64,3.85202,3.82974,3.8743,44.56
CC,895,0.90539,0.65,3.8623,3.84061,3.884,43.38
CC,895,0.90539,0.66,3.87268,3.85134,3.89402,42.68
CC,895,0.90539,0.67,3.88315,3.86244,3.90387,41.44
CC,895,0.90539,0.68,3.89316,3.87335,3.91297,39.62
CC,895,0.90539,0.69,3.90236,3.88335,3.92137,38.02
CC,895,0.90539,0.7,3.91048,3.89207,3.92888,36.81
CC,895,0.90539,0.71,3.91847,3.90015,3.9368,36.64
CC,895,0.90539,0.72,3.92638,3.90758,3.94518,37.61
CC,895,0.90539,0.73,3.93473,3.91536,3.9541,38.74
CC,895,0.90539,0.74,3.94379,3.92346,3.96411,40.64
CC,895,0.90539,0.75,3.95339,3.93198,3.97481,42.83
CC,895,0.90539,0.76,3.96379,3.94126,3.98632,45.06
CC,895,0.90539,0.77,3.97519,3.95145,3.99893,47.48
CC,895,0.90539,0.78,3.98679,3.96177,4.01182,50.05
CC,895,0.90539,0.79,3.99875,3.97266,4.02484,52.18
CC,895,0.90539,0.8,4.01098,3.98416,4.03781,53.65
CC,895,0.90539,0.81,4.02274,3.99557,4.04991,54.34
CC,895,0.90539,0.82,4.03394,4.00657,4.06132,54.75
CC,895,0.90539,0.83,4.04447,4.01756,4.07137,53.81
CC,895,0.90539,0.84,4.05332,4.02738,4.07927,51.89
CC,895,0.90539,0.85,4.06054,4.03697,4.08411,47.14
CC,895,0.90539,0.86,4.06635,4.04549,4.08722,41.74
CC,895,0.90539,0.87,4.07181,4.05338,4.09025,36.87
CC,895,0.90539,0.88,4.07656,4.05989,4.09322,33.34
CC,895,0.90539,0.89,4.08072,4.06499,4.09645,31.46
CC,895,0.90539,0.9,4.08452,4.0688,4.10024,31.44
CC,895,0.90539,0.91,4.08797,4.0716,4.10435,32.75
CC,895,0.90539,0.92,4.09203,4.0745,4.10957,35.08
CC,895,0.90539,0.93,4.09682,4.0778,4.11585,38.05
CC,895,0.90539,0.94,4.10219,4.0811,4.12328,42.19
CC,895,0.90539,0.95,4.10921,4.0856,4.13282,47.22
CC,895,0.90539,0.96,4.11791,4.0912,4.14462,53.42
CC,895,0.90539,0.97,4.12917,4.09939,4.15896,59.56
CC,895,0.90539,0.98,4.14382,4.1107,4.17694,66.24
CC,895,0.90539,0.99,4.16322,4.12809,4.19835,70.26
CC,970,0.89299,0.09,2.97284,2.82728,3.11841,291.13
CC,970,0.89299,0.1,3.11687,3.00859,3.22514,216.55
CC,970,0.89299,0.11,3.21046,3.12132,3.29961,178.29
CC,970,0.89299,0.12,3.27928,3.20306,3.35551,152.45
CC,970,0.89299,0.13,3.32899,3.26478,3.39319,128.41
CC,970,0.89299,0.14,3.35901,3.3087,3.40932,100.62
CC,970,0.89299,0.15,3.37986,3.34025,3.41947,79.22
CC,970,0.89299,0.16,3.39546,3.36304,3.42787,64.83
CC,970,0.89299,0.17,3.40753,3.37948,3.43558,56.1
CC,970,0.89299,0.18,3.41778,3.39228,3.44328,51.0
CC,970,0.89299,0.19,3.42702,3.40299,3.45105,48.06
CC,970,0.89299,0.2,3.43575,3.4124,3.4591,46.69
CC,970,0.89299,0.21,3.445,3.42169,3.4683,46.61
CC,970,0.89299,0.22,3.45472,3.43102,3.47842,47.41
CC,970,0.89299,0.23,3.46551,3.44138,3.48964,48.26
CC,970,0.89299,0.24,3.47728,3.45298,3.50158,48.6
CC,970,0.89299,0.25,3.48949,3.46488,3.51409,49.21
CC,970,0.89299,0.26,3.50181,3.47697,3.52665,49.68
CC,970,0.89299,0.27,3.51343,3.4883,3.53855,50.25
CC,970,0.89299,0.28,3.52489,3.49939,3.55039,51.0
CC,970,0.89299,0.29,3.53601,3.51009,3.56192,51.83
CC,970,0.89299,0.3,3.54649,3.5204,3.57258,52.18
CC,970,0.89299,0.31,3.55642,3.53009,3.58274,52.65
CC,970,0.89299,0.32,3.56593,3.5398,3.59205,52.24
CC,970,0.89299,0.33,3.57493,3.54902,3.60085,51.83
CC,970,0.89299,0.34,3.5836,3.5582,3.609,50.79
CC,970,0.89299,0.35,3.59169,3.56703,3.61636,49.33
CC,970,0.89299,0.36,3.5995,3.57533,3.62368,48.35
CC,970,0.89299,0.37,3.60698,3.58352,3.63044,46.93
CC,970,0.89299,0.38,3.61436,3.59143,3.63728,45.86
CC,970,0.89299,0.39,3.62163,3.5993,3.64395,44.64
CC,970,0.89299,0.4,3.62876,3.60683,3.65068,43.86
CC,970,0.89299,0.41,3.63578,3.6143,3.65725,42.95
CC,970,0.89299,0.42,3.64297,3.62174,3.6642,42.46
CC,970,0.89299,0.43,3.64984,3.62863,3.67104,42.42
CC,970,0.89299,0.44,3.65724,3.6359,3.67857,42.66
CC,970,0.89299,0.45,3.66471,3.64314,3.68627,43.12
CC,970,0.89299,0.46,3.6723,3.65036,3.69424,43.88
CC,970,0.89299,0.47,3.68038,3.65814,3.70262,44.48
CC,970,0.89299,0.48,3.6889,3.66605,3.71174,45.69
CC,970,0.89299,0.49,3.69768,3.67435,3.72102,46.66
CC,970,0.89299,0.5,3.70708,3.68334,3.73082,47.48
CC,970,0.89299,0.51,3.71688,3.69264,3.74112,48.48
CC,970,0.89299,0.52,3.72668,3.70214,3.75122,49.08
CC,970,0.89299,0.53,3.73707,3.71232,3.76182,49.5
CC,970,0.89299,0.54,3.74724,3.72244,3.77205,49.62
CC,970,0.89299,0.55,3.75757,3.73273,3.78241,49.68
CC,970,0.89299,0.56,3.76788,3.74304,3.79272,49.69
CC,970,0.89299,0.57,3.77783,3.75314,3.80252,49.38
CC,970,0.89299,0.58,3.78788,3.76314,3.81262,49.48
CC,970,0.89299,0.59,3.79781,3.77332,3.8223,48.98
CC,970,0.89299,0.6,3.80739,3.78304,3.83175,48.72
CC,970,0.89299,0.61,3.81729,3.79312,3.84145,48.33
CC,970,0.89299,0.62,3.82707,3.80304,3.8511,48.05
CC,970,0.89299,0.63,3.83687,3.81314,3.8606,47.46
CC,970,0.89299,0.64,3.84694,3.82352,3.87035,46.83
CC,970,0.89299,0.65,3.85703,3.83393,3.88012,46.2
CC,970,0.89299,0.66,3.86716,3.84444,3.88989,45.45
CC,970,0.89299,0.67,3.87787,3.85573,3.90002,44.29
CC,970,0.89299,0.68,3.88826,3.86674,3.90979,43.06
CC,970,0.89299,0.69,3.89791,3.87724,3.91859,41.35
CC,970,0.89299,0.7,3.90697,3.88705,3.92689,39.85
CC,970,0.89299,0.71,3.91505,3.89537,3.93472,39.36
CC,970,0.89299,0.72,3.92312,3.90336,3.94289,39.54
CC,970,0.89299,0.73,3.93136,3.91106,3.95166,40.59
CC,970,0.89299,0.74,3.94016,3.91886,3.96146,42.59
CC,970,0.89299,0.75,3.94962,3.92745,3.97179,44.34
CC,970,0.89299,0.76,3.95974,3.93616,3.98332,47.16
CC,970,0.89299,0.77,3.97067,3.94594,3.9954,49.45
CC,970,0.89299,0.78,3.98216,3.95605,4.00827,52.22
CC,970,0.89299,0.79,3.99408,3.96666,4.0215,54.84
CC,970,0.89299,0.8,4.00599,3.97756,4.03442,56.87
CC,970,0.89299,0.81,4.01789,3.98895,4.04683,57.88
CC,970,0.89299,0.82,4.02923,3.99996,4.05849,58.52
CC,970,0.89299,0.83,4.04001,4.01086,4.06916,58.3
CC,970,0.89299,0.84,4.04969,4.02136,4.07802,56.66
CC,970,0.89299,0.85,4.05713,4.03087,4.08338,52.51
CC,970,0.89299,0.86,4.06351,4.04007,4.08694,46.87
CC,970,0.89299,0.87,4.06926,4.04839,4.09014,41.76
CC,970,0.89299,0.88,4.07453,4.05578,4.09327,37.49
CC,970,0.89299,0.89,4.07934,4.06208,4.0966,34.52
CC,970,0.89299,0.9,4.08339,4.0663,4.10048,34.18
CC,970,0.89299,0.91,4.08708,4.0694,4.10476,35.36
CC,970,0.89299,0.92,4.09128,4.07229,4.11026,37.97
CC,970,0.89299,0.93,4.09588,4.0752,4.11656,41.36
CC,970,0.89299,0.94,4.10159,4.07889,4.12428,45.39
CC,970,0.89299,0.95,4.10858,4.0831,4.13406,50.96
CC,970,0.89299,0.96,4.11732,4.08889,4.14574,56.85
CC,970,0.89299,0.97,4.12873,4.09699,4.16046,63.47
CC,970,0.89299,0.98,4.14305,4.1079,4.1782,70.3
CC,970,0.89299,0.99,4.16222,4.12479,4.19966,74.86
CC,1045,0.88495,0.09,2.78063,2.56349,2.99776,434.27
CC,1045,0.88495,0.1,3.02547,2.89386,3.15708,263.22
CC,1045,0.88495,0.11,3.14474,3.03814,3.25135,213.22
CC,1045,0.88495,0.12,3.22804,3.13695,3.31914,182.19
CC,1045,0.88495,0.13,3.29126,3.21183,3.37069,158.86
CC,1045,0.88495,0.14,3.33538,3.26941,3.40134,131.93
CC,1045,0.88495,0.15,3.36334,3.31222,3.41446,102.24
CC,1045,0.88495,0.16,3.38344,3.34324,3.42364,80.41
CC,1045,0.88495,0.17,3.39831,3.36511,3.43151,66.41
CC,1045,0.88495,0.18,3.41027,3.38156,3.43898,57.43
CC,1045,0.88495,0.19,3.42034,3.3941,3.44658,52.48
CC,1045,0.88495,0.2,3.42946,3.4046,3.45432,49.71
CC,1045,0.88495,0.21,3.43854,3.4142,3.46289,48.68
CC,1045,0.88495,0.22,3.44794,3.4232,3.47267,49.46
CC,1045,0.88495,0.23,3.45813,3.4329,3.48336,50.45
CC,1045,0.88495,0.24,3.46932,3.44344,3.49521,51.77
CC,1045,0.88495,0.25,3.4813,3.45512,3.50747,52.35
CC,1045,0.88495,0.26,3.49382,3.46742,3.52021,52.79
CC,1045,0.88495,0.27,3.50599,3.47923,3.53274,53.52
CC,1045,0.88495,0.28,3.51768,3.49072,3.54465,53.93
CC,1045,0.88495,0.29,3.52917,3.50193,3.55642,54.49
CC,1045,0.88495,0.3,3.53995,3.51234,3.56756,55.23
CC,1045,0.88495,0.31,3.5502,3.52253,3.57788,55.35
CC,1045,0.88495,0.32,3.56016,3.53234,3.58798,55.65
CC,1045,0.88495,0.33,3.56933,3.54175,3.5969,55.15
CC,1045,0.88495,0.34,3.57832,3.55104,3.60559,54.54
CC,1045,0.88495,0.35,3.58678,3.56025,3.61332,53.06
CC,1045,0.88495,0.36,3.59487,3.56894,3.6208,51.86
CC,1045,0.88495,0.37,3.60258,3.57754,3.62763,50.1
CC,1045,0.88495,0.38,3.61003,3.58554,3.63452,48.98
CC,1045,0.88495,0.39,3.6175,3.59357,3.64143,47.86
CC,1045,0.88495,0.4,3.6245,3.60108,3.64793,46.85
CC,1045,0.88495,0.41,3.63161,3.60848,3.65473,46.25
CC,1045,0.88495,0.42,3.63856,3.61577,3.66134,45.57
CC,1045,0.88495,0.43,3.64555,3.62278,3.66833,45.55
CC,1045,0.88495,0.44,3.65265,3.62968,3.67563,45.95
CC,1045,0.88495,0.45,3.66005,3.63707,3.68303,45.96
CC,1045,0.88495,0.46,3.66791,3.64468,3.69114,46.46
CC,1045,0.88495,0.47,3.67581,3.65237,3.69925,46.88
CC,1045,0.88495,0.48,3.68445,3.66067,3.70823,47.56
CC,1045,0.88495,0.49,3.69316,3.66887,3.71744,48.58
CC,1045,0.88495,0.5,3.70235,3.67756,3.72714,49.57
CC,1045,0.88495,0.51,3.7119,3.68647,3.73734,50.86
CC,1045,0.88495,0.52,3.72155,3.69567,3.74744,51.76
CC,1045,0.88495,0.53,3.73185,3.70566,3.75803,52.36
CC,1045,0.88495,0.54,3.7419,3.71557,3.76824,52.66
CC,1045,0.88495,0.55,3.75239,3.72596,3.77882,52.86
CC,1045,0.88495,0.56,3.76242,3.73607,3.78877,52.7
CC,1045,0.88495,0.57,3.77276,3.74656,3.79896,52.4
CC,1045,0.88495,0.58,3.78262,3.75647,3.80877,52.3
CC,1045,0.88495,0.59,3.79251,3.76666,3.81837,51.72
CC,1045,0.88495,0.6,3.80222,3.77647,3.82797,51.5
CC,1045,0.88495,0.61,3.81192,3.78617,3.83767,51.5
CC,1045,0.88495,0.62,3.82167,3.79617,3.84717,51.0
CC,1045,0.88495,0.63,3.83122,3.80597,3.85648,50.51
CC,1045,0.88495,0.64,3.84116,3.81627,3.86606,49.79
CC,1045,0.88495,0.65,3.85097,3.82646,3.87547,49.01
CC,1045,0.88495,0.66,3.86101,3.83667,3.88536,48.69
CC,1045,0.88495,0.67,3.87159,3.84767,3.8955,47.83
CC,1045,0.88495,0.68,3.88209,3.85858,3.9056,47.02
CC,1045,0.88495,0.69,3.89239,3.86977,3.915,45.23
CC,1045,0.88495,0.7,3.90204,3.88008,3.924,43.92
CC,1045,0.88495,0.71,3.91084,3.88978,3.9319,42.12
CC,1045,0.88495,0.72,3.91929,3.89828,3.9403,42.02
CC,1045,0.88495,0.73,3.92759,3.90638,3.9488,42.42
CC,1045,0.88495,0.74,3.93644,3.91458,3.9583,43.72
CC,1045,0.88495,0.75,3.94579,3.92288,3.9687,45.82
CC,1045,0.88495,0.76,3.95559,3.93138,3.9798,48.42
CC,1045,0.88495,0.77,3.96644,3.94088,3.992,51.12
CC,1045,0.88495,0.78,3.97764,3.95058,4.0047,54.12
CC,1045,0.88495,0.79,3.98929,3.96088,4.0177,56.82
CC,1045,0.88495,0.8,4.00144,3.97188,4.031,59.12
CC,1045,0.88495,0.81,4.01319,3.98268,4.0437,61.02
CC,1045,0.88495,0.82,4.02469,3.99387,4.0555,61.63
CC,1045,0.88495,0.83,4.03574,4.00478,4.0667,61.92
CC,1045,0.88495,0.84,4.04554,4.01518,4.0759,60.72
CC,1045,0.88495,0.85,4.05385,4.02528,4.08242,57.14
CC,1045,0.88495,0.86,4.06055,4.03458,4.08651,51.93
CC,1045,0.88495,0.87,4.06665,4.04358,4.08971,46.12
CC,1045,0.88495,0.88,4.0721,4.05139,4.09281,41.42
CC,1045,0.88495,0.89,4.0775,4.05859,4.09641,37.82
CC,1045,0.88495,0.9,4.08205,4.06389,4.10021,36.32
CC,1045,0.88495,0.91,4.08625,4.06799,4.10451,36.52
CC,1045,0.88495,0.92,4.09036,4.0709,4.10982,38.93
CC,1045,0.88495,0.93,4.09506,4.0739,4.11622,42.32
CC,1045,0.88495,0.94,4.10056,4.0774,4.12373,46.33
CC,1045,0.88495,0.95,4.10717,4.0812,4.13314,51.94
CC,1045,0.88495,0.96,4.11568,4.0865,4.14487,58.38
CC,1045,0.88495,0.97,4.12636,4.09389,4.15882,64.93
CC,1045,0.88495,0.98,4.1402,4.1043,4.1761,71.81
CC,1045,0.88495,0.99,4.15878,4.12109,4.19646,75.37
CC,1120,0.87513,0.1,2.82771,2.62158,3.03384,412.25
CC,1120,0.87513,0.11,3.04303,2.90932,3.17673,267.4
CC,1120,0.87513,0.12,3.15399,3.04239,3.2656,223.21
CC,1120,0.87513,0.13,3.23357,3.13586,3.33128,195.43
CC,1120,0.87513,0.14,3.29464,3.20857,3.38072,172.14
CC,1120,0.87513,0.15,3.3368,3.26549,3.40811,142.62
CC,1120,0.87513,0.16,3.36419,3.30863,3.41974,111.11
CC,1120,0.87513,0.17,3.38426,3.34013,3.42839,88.26
CC,1120,0.87513,0.18,3.39929,3.36275,3.43584,73.08
CC,1120,0.87513,0.19,3.4113,3.37926,3.44334,64.07
CC,1120,0.87513,0.2,3.42139,3.39215,3.45064,58.49
CC,1120,0.87513,0.21,3.431,3.40325,3.45875,55.5
CC,1120,0.87513,0.22,3.44013,3.413,3.46726,54.26
CC,1120,0.87513,0.23,3.44985,3.42262,3.47708,54.46
CC,1120,0.87513,0.24,3.46017,3.4324,3.48793,55.53
CC,1120,0.87513,0.25,3.47152,3.44319,3.49985,56.66
CC,1120,0.87513,0.26,3.48369,3.45482,3.51255,57.73
CC,1120,0.87513,0.27,3.49605,3.46709,3.525,57.91
CC,1120,0.87513,0.28,3.50838,3.47915,3.5376,58.46
CC,1120,0.87513,0.29,3.52015,3.49099,3.54931,58.32
CC,1120,0.87513,0.3,3.53153,3.50205,3.56101,58.96
CC,1120,0.87513,0.31,3.54217,3.51248,3.57186,59.38
CC,1120,0.87513,0.32,3.55263,3.52278,3.58249,59.71
CC,1120,0.87513,0.33,3.56233,3.53248,3.59218,59.69
CC,1120,0.87513,0.34,3.5716,3.54206,3.60114,59.08
CC,1120,0.87513,0.35,3.58059,3.55151,3.60968,58.17
CC,1120,0.87513,0.36,3.58877,3.56036,3.61718,56.83
CC,1120,0.87513,0.37,3.59689,3.56924,3.62455,55.31
CC,1120,0.87513,0.38,3.60472,3.57776,3.63168,53.92
CC,1120,0.87513,0.39,3.61214,3.5858,3.63849,52.69
CC,1120,0.87513,0.4,3.61965,3.59374,3.64555,51.81
CC,1120,0.87513,0.41,3.62677,3.60135,3.65219,50.84
CC,1120,0.87513,0.42,3.63394,3.60889,3.65899,50.1
CC,1120,0.87513,0.43,3.64127,3.61639,3.66616,49.77
CC,1120,0.87513,0.44,3.6483,3.62344,3.67316,49.72
CC,1120,0.87513,0.45,3.65565,3.63069,3.68061,49.92
CC,1120,0.87513,0.46,3.66322,3.63802,3.68842,50.4
CC,1120,0.87513,0.47,3.67096,3.6453,3.69661,51.31
CC,1120,0.87513,0.48,3.67921,3.65319,3.70524,52.05
CC,1120,0.87513,0.49,3.68768,3.66104,3.71431,53.27
CC,1120,0.87513,0.5,3.69666,3.66932,3.72401,54.7
CC,1120,0.87513,0.51,3.70596,3.67822,3.73371,55.49
CC,1120,0.87513,0.52,3.71556,3.68722,3.74391,56.7
CC,1120,0.87513,0.53,3.72568,3.69708,3.75428,57.2
CC,1120,0.87513,0.54,3.73585,3.70702,3.76468,57.66
CC,1120,0.87513,0.55,3.7463,3.71758,3.77502,57.44
CC,1120,0.87513,0.56,3.7567,3.7282,3.7852,57.0
CC,1120,0.87513,0.57,3.76678,3.73839,3.79518,56.78
CC,1120,0.87513,0.58,3.77694,3.7487,3.80518,56.47
CC,1120,0.87513,0.59,3.78665,3.7586,3.8147,56.1
CC,1120,0.87513,0.6,3.79653,3.7687,3.82435,55.64
CC,1120,0.87513,0.61,3.80615,3.7784,3.8339,55.5
CC,1120,0.87513,0.62,3.81586,3.78839,3.84332,54.93
CC,1120,0.87513,0.63,3.82537,3.7982,3.85253,54.33
CC,1120,0.87513,0.64,3.83489,3.80795,3.86182,53.87
CC,1120,0.87513,0.65,3.84447,3.81794,3.871,53.07
CC,1120,0.87513,0.66,3.85432,3.82814,3.88051,52.37
CC,1120,0.87513,0.67,3.86442,3.83833,3.89051,52.18
CC,1120,0.87513,0.68,3.87496,3.84913,3.90078,51.65
CC,1120,0.87513,0.69,3.88566,3.85985,3.91148,51.64
CC,1120,0.87513,0.7,3.89593,3.87084,3.92101,50.17
CC,1120,0.87513,0.71,3.90562,3.88134,3.92991,48.57
CC,1120,0.87513,0.72,3.91435,3.89047,3.93823,47.76
CC,1120,0.87513,0.73,3.92323,3.89925,3.94721,47.96
CC,1120,0.87513,0.74,3.93177,3.90717,3.95636,49.19
CC,1120,0.87513,0.75,3.94099,3.91546,3.96652,51.06
CC,1120,0.87513,0.76,3.9506,3.92387,3.97734,53.47
CC,1120,0.87513,0.77,3.96106,3.93296,3.98916,56.2
CC,1120,0.87513,0.78,3.97209,3.94257,4.00162,59.05
CC,1120,0.87513,0.79,3.98375,3.95276,4.01474,61.98
CC,1120,0.87513,0.8,3.99573,3.96365,4.02782,64.17
CC,1120,0.87513,0.81,4.00765,3.97466,4.04064,65.98
CC,1120,0.87513,0.82,4.01969,3.98635,4.05304,66.69
CC,1120,0.87513,0.83,4.03077,3.99726,4.06429,67.03
CC,1120,0.87513,0.84,4.04111,4.00786,4.07436,66.49
CC,1120,0.87513,0.85,4.04986,4.01827,4.08145,63.19
CC,1120,0.87513,0.86,4.05686,4.02786,4.08585,57.99
CC,1120,0.87513,0.87,4.06323,4.03718,4.08928,52.11
CC,1120,0.87513,0.88,4.06906,4.04547,4.09264,47.16
CC,1120,0.87513,0.89,4.0748,4.05338,4.09622,42.84
CC,1120,0.87513,0.9,4.07997,4.05979,4.10015,40.36
CC,1120,0.87513,0.91,4.08476,4.06499,4.10454,39.55
CC,1120,0.87513,0.92,4.08939,4.0687,4.11009,41.39
CC,1120,0.87513,0.93,4.09446,4.07199,4.11694,44.95
CC,1120,0.87513,0.94,4.1002,4.0751,4.1253,50.21
CC,1120,0.87513,0.95,4.10738,4.07889,4.13587,56.97
CC,1120,0.87513,0.96,4.11632,4.08399,4.14866,64.66
CC,1120,0.87513,0.97,4.12672,4.09059,4.16284,72.25
CC,1120,0.87513,0.98,4.1404,4.1007,4.18011,79.41
CC,1195,0.86278,0.11,2.81138,2.60213,3.02064,418.51
CC,1195,0.86278,0.12,3.03186,2.89349,3.17023,276.74
CC,1195,0.86278,0.13,3.14459,3.02722,3.26196,234.74
CC,1195,0.86278,0.14,3.22397,3.11952,3.32843,208.91
CC,1195,0.86278,0.15,3.28561,3.19214,3.37908,186.94
CC,1195,0.86278,0.16,3.32989,3.25042,3.40936,158.94
CC,1195,0.86278,0.17,3.35873,3.29598,3.42148,125.5
CC,1195,0.86278,0.18,3.37987,3.33005,3.42968,99.63
CC,1195,0.86278,0.19,3.3959,3.35462,3.43719,82.57
CC,1195,0.86278,0.2,3.40851,3.37282,3.44419,71.37
CC,1195,0.86278,0.21,3.41918,3.38678,3.45159,64.81
CC,1195,0.86278,0.22,3.42906,3.39853,3.45959,61.06
CC,1195,0.86278,0.23,3.43856,3.40884,3.46829,59.45
CC,1195,0.86278,0.24,3.4481,3.41842,3.47779,59.38
CC,1195,0.86278,0.25,3.45851,3.42832,3.4887,60.38
CC,1195,0.86278,0.26,3.46981,3.43872,3.5009,62.18
CC,1195,0.86278,0.27,3.48186,3.45042,3.5133,62.88
CC,1195,0.86278,0.28,3.49429,3.46257,3.52601,63.44
CC,1195,0.86278,0.29,3.50667,3.47472,3.53861,63.89
CC,1195,0.86278,0.3,3.51864,3.48657,3.55071,64.15
CC,1195,0.86278,0.31,3.52992,3.49772,3.56212,64.4
CC,1195,0.86278,0.32,3.54082,3.50832,3.57332,65.0
CC,1195,0.86278,0.33,3.55142,3.51882,3.58402,65.21
CC,1195,0.86278,0.34,3.56144,3.52886,3.59401,65.15
CC,1195,0.86278,0.35,3.57093,3.53884,3.60302,64.18
CC,1195,0.86278,0.36,3.58013,3.54854,3.61172,63.18
CC,1195,0.86278,0.37,3.58873,3.55785,3.61961,61.77
CC,1195,0.86278,0.38,3.59691,3.5669,3.62692,60.02
CC,1195,0.86278,0.39,3.60471,3.57529,3.63412,58.83
CC,1195,0.86278,0.4,3.61228,3.58365,3.64092,57.27
CC,1195,0.86278,0.41,3.61971,3.59169,3.64772,56.03
CC,1195,0.86278,0.42,3.62698,3.59924,3.65472,55.49
CC,1195,0.86278,0.43,3.63428,3.60694,3.66162,54.68
CC,1195,0.86278,0.44,3.64135,3.61418,3.66852,54.34
CC,1195,0.86278,0.45,3.64858,3.62152,3.67563,54.11
CC,1195,0.86278,0.46,3.65593,3.62864,3.68322,54.58
CC,1195,0.86278,0.47,3.66351,3.63598,3.69104,55.06
CC,1195,0.86278,0.48,3.67146,3.6434,3.69952,56.12
CC,1195,0.86278,0.49,3.67947,3.65082,3.70812,57.3
CC,1195,0.86278,0.5,3.68814,3.65895,3.71734,58.39
CC,1195,0.86278,0.51,3.69699,3.66695,3.72702,60.08
CC,1195,0.86278,0.52,3.70627,3.67571,3.73684,61.12
CC,1195,0.86278,0.53,3.71591,3.68478,3.74704,62.25
CC,1195,0.86278,0.54,3.72589,3.69434,3.75744,63.1
CC,1195,0.86278,0.55,3.73595,3.70428,3.76763,63.36
CC,1195,0.86278,0.56,3.74616,3.71434,3.77798,63.64
CC,1195,0.86278,0.57,3.7566,3.72494,3.78826,63.31
CC,1195,0.86278,0.58,3.76666,3.73534,3.79797,62.63
CC,1195,0.86278,0.59,3.77679,3.74572,3.80786,62.14
CC,1195,0.86278,0.6,3.7868,3.75615,3.81746,61.31
CC,1195,0.86278,0.61,3.79661,3.76625,3.82697,60.72
CC,1195,0.86278,0.62,3.8066,3.77665,3.83656,59.91
CC,1195,0.86278,0.63,3.81625,3.78665,3.84586,59.21
CC,1195,0.86278,0.64,3.82603,3.79671,3.85536,58.65
CC,1195,0.86278,0.65,3.83534,3.80633,3.86435,58.02
CC,1195,0.86278,0.66,3.84496,3.81646,3.87346,57.0
CC,1195,0.86278,0.67,3.85475,3.82644,3.88305,56.6
CC,1195,0.86278,0.68,3.86479,3.83681,3.89277,55.97
CC,1195,0.86278,0.69,3.87555,3.84763,3.90347,55.84
CC,1195,0.86278,0.7,3.88635,3.85872,3.91397,55.25
CC,1195,0.86278,0.71,3.89696,3.86995,3.92398,54.03
CC,1195,0.86278,0.72,3.90683,3.88051,3.93315,52.64
CC,1195,0.86278,0.73,3.91602,3.89019,3.94186,51.66
CC,1195,0.86278,0.74,3.92493,3.89879,3.95106,52.27
CC,1195,0.86278,0.75,3.93388,3.9072,3.96056,53.36
CC,1195,0.86278,0.76,3.9432,3.91539,3.97101,55.62
CC,1195,0.86278,0.77,3.95323,3.92426,3.9822,57.94
CC,1195,0.86278,0.78,3.96367,3.93331,3.99402,60.71
CC,1195,0.86278,0.79,3.97491,3.94307,4.00674,63.67
CC,1195,0.86278,0.8,3.9866,3.95348,4.01972,66.24
CC,1195,0.86278,0.81,3.99832,3.9639,4.03274,68.84
CC,1195,0.86278,0.82,4.01029,3.97517,4.04541,70.24
CC,1195,0.86278,0.83,4.02181,3.98629,4.05733,71.04
CC,1195,0.86278,0.84,4.03285,3.99721,4.0685,71.29
CC,1195,0.86278,0.85,4.04283,4.00819,4.07747,69.28
CC,1195,0.86278,0.86,4.05119,4.01872,4.08366,64.94
CC,1195,0.86278,0.87,4.05827,4.02873,4.08781,59.08
CC,1195,0.86278,0.88,4.06493,4.03852,4.09134,52.82
CC,1195,0.86278,0.89,4.07106,4.04688,4.09524,48.36
CC,1195,0.86278,0.9,4.0768,4.05456,4.09905,44.49
CC,1195,0.86278,0.91,4.08255,4.06116,4.10395,42.79
CC,1195,0.86278,0.92,4.08753,4.06599,4.10908,43.09
CC,1195,0.86278,0.93,4.09269,4.06969,4.1157,46.0
CC,1195,0.86278,0.94,4.09815,4.073,4.12331,50.32
CC,1195,0.86278,0.95,4.10476,4.07659,4.13293,56.34
CC,1195,0.86278,0.96,4.11273,4.08139,4.14408,62.69
CC,1195,0.86278,0.97,4.12279,4.08749,4.15809,70.6
CC,1195,0.86278,0.98,4.13566,4.09679,4.17454,77.75
CC,1195,0.86278,0.99,4.15295,4.11169,4.1942,82.52
CC,1270,0.85928,0.12,2.98949,2.79645,3.18254,386.09
CC,1270,0.85928,0.13,3.12042,2.96666,3.27417,307.51
CC,1270,0.85928,0.14,3.20385,3.06911,3.33858,269.47
CC,1270,0.85928,0.15,3.26718,3.14709,3.38727,240.17
CC,1270,0.85928,0.16,3.31276,3.21082,3.4147,203.87
CC,1270,0.85928,0.17,3.34509,3.26343,3.42675,163.31
CC,1270,0.85928,0.18,3.3697,3.30453,3.43486,130.33
CC,1270,0.85928,0.19,3.38884,3.33554,3.44214,106.6
CC,1270,0.85928,0.2,3.4039,3.35832,3.44949,91.17
CC,1270,0.85928,0.21,3.4162,3.37592,3.45647,80.55
CC,1270,0.85928,0.22,3.42696,3.38988,3.46405,74.17
CC,1270,0.85928,0.23,3.43711,3.4013,3.47293,71.62
CC,1270,0.85928,0.24,3.44729,3.412,3.48258,70.58
CC,1270,0.85928,0.25,3.458,3.42209,3.49391,71.82
CC,1270,0.85928,0.26,3.46577,3.43277,3.49878,66.01
CC,1270,0.85928,0.27,3.47872,3.44408,3.51335,69.27
CC,1270,0.85928,0.28,3.49137,3.45568,3.52706,71.38
CC,1270,0.85928,0.29,3.50404,3.46766,3.54043,72.77
CC,1270,0.85928,0.3,3.51593,3.479,3.55286,73.85
CC,1270,0.85928,0.31,3.52751,3.49018,3.56483,74.65
CC,1270,0.85928,0.32,3.53857,3.50072,3.57643,75.71
CC,1270,0.85928,0.33,3.54909,3.51109,3.58709,76.0
CC,1270,0.85928,0.34,3.55926,3.52129,3.59724,75.95
CC,1270,0.85928,0.35,3.56882,3.531,3.60663,75.62
CC,1270,0.85928,0.36,3.57792,3.54082,3.61503,74.21
CC,1270,0.85928,0.37,3.58648,3.55013,3.62283,72.7
CC,1270,0.85928,0.38,3.59492,3.5593,3.63053,71.23
CC,1270,0.85928,0.39,3.60286,3.56813,3.63759,69.46
CC,1270,0.85928,0.4,3.61067,3.5767,3.64464,67.93
CC,1270,0.85928,0.41,3.61836,3.58504,3.65168,66.64
CC,1270,0.85928,0.42,3.62568,3.59286,3.65849,65.63
CC,1270,0.85928,0.43,3.63313,3.60084,3.66542,64.58
CC,1270,0.85928,0.44,3.64048,3.60835,3.67262,64.26
CC,1270,0.85928,0.45,3.64791,3.61575,3.68006,64.31
CC,1270,0.85928,0.46,3.65552,3.62344,3.6876,64.16
CC,1270,0.85928,0.47,3.66333,3.63076,3.69591,65.15
CC,1270,0.85928,0.48,3.6714,3.63844,3.70436,65.91
CC,1270,0.85928,0.49,3.67962,3.64586,3.71338,67.52
CC,1270,0.85928,0.5,3.68815,3.65364,3.72266,69.01
CC,1270,0.85928,0.51,3.69693,3.66147,3.73238,70.92
CC,1270,0.85928,0.52,3.70626,3.66994,3.74258,72.64
CC,1270,0.85928,0.53,3.71581,3.67884,3.75278,73.94
CC,1270,0.85928,0.54,3.72537,3.68794,3.76281,74.87
CC,1270,0.85928,0.55,3.73554,3.69777,3.77331,75.54
CC,1270,0.85928,0.56,3.74539,3.70756,3.78321,75.64
CC,1270,0.85928,0.57,3.75563,3.71796,3.79331,75.35
CC,1270,0.85928,0.58,3.76569,3.72836,3.80301,74.64
CC,1270,0.85928,0.59,3.77567,3.73856,3.81278,74.22
CC,1270,0.85928,0.6,3.78561,3.74907,3.82216,73.09
CC,1270,0.85928,0.61,3.79538,3.75908,3.83168,72.61
CC,1270,0.85928,0.62,3.80511,3.76936,3.84086,71.5
CC,1270,0.85928,0.63,3.81473,3.77937,3.85008,70.72
CC,1270,0.85928,0.64,3.82416,3.78917,3.85916,69.99
CC,1270,0.85928,0.65,3.83375,3.79936,3.86813,68.77
CC,1270,0.85928,0.66,3.84349,3.80947,3.87751,68.04
CC,1270,0.85928,0.67,3.85321,3.81966,3.88676,67.09
CC,1270,0.85928,0.68,3.86354,3.83016,3.89692,66.76
CC,1270,0.85928,0.69,3.87423,3.84066,3.9078,67.14
CC,1270,0.85928,0.7,3.88516,3.85176,3.91856,66.8
CC,1270,0.85928,0.71,3.8956,3.86257,3.92864,66.07
CC,1270,0.85928,0.72,3.90575,3.87326,3.93824,64.98
CC,1270,0.85928,0.73,3.91536,3.88337,3.94734,63.97
CC,1270,0.85928,0.74,3.92466,3.89227,3.95704,64.77
CC,1270,0.85928,0.75,3.93379,3.90057,3.967,66.43
CC,1270,0.85928,0.76,3.94305,3.90818,3.97792,69.74
CC,1270,0.85928,0.77,3.95289,3.91647,3.98932,72.85
CC,1270,0.85928,0.78,3.96332,3.92478,4.00186,77.08
CC,1270,0.85928,0.79,3.9741,3.93357,4.01462,81.05
CC,1270,0.85928,0.8,3.98534,3.94307,4.0276,84.53
CC,1270,0.85928,0.81,3.99685,3.95297,4.04072,87.75
CC,1270,0.85928,0.82,4.00816,3.96347,4.05284,89.37
CC,1270,0.85928,0.83,4.01922,3.97397,4.06446,90.48
CC,1270,0.85928,0.84,4.02963,3.98488,4.07439,89.51
CC,1270,0.85928,0.85,4.03887,3.99568,4.08207,86.4
CC,1270,0.85928,0.86,4.04648,4.00628,4.08667,80.39
CC,1270,0.85928,0.87,4.05321,4.01609,4.09034,74.25
CC,1270,0.85928,0.88,4.05991,4.02559,4.09424,68.64
CC,1270,0.85928,0.89,4.06656,4.03459,4.09854,63.94
CC,1270,0.85928,0.9,4.07328,4.04299,4.10357,60.58
CC,1270,0.85928,0.91,4.08017,4.05109,4.10924,58.14
CC,1270,0.85928,0.92,4.0872,4.0582,4.1162,58.01
CC,1270,0.85928,0.93,4.09395,4.0637,4.1242,60.51
CC,1270,0.85928,0.94,4.10074,4.0683,4.13319,64.89
CC,1270,0.85928,0.95,4.10837,4.0723,4.14444,72.14
CC,1270,0.85928,0.96,4.11769,4.0771,4.15829,81.2
CC,1270,0.85928,0.97,4.12883,4.0832,4.17446,91.26
CC,1270,0.85928,0.98,4.1436,4.09339,4.1938,100.4
CC,1345,0.84484,0.13,2.94073,2.76496,3.1165,351.54
CC,1345,0.84484,0.14,3.08752,2.94592,3.22912,283.2
CC,1345,0.84484,0.15,3.17717,3.04877,3.30557,256.8
CC,1345,0.84484,0.16,3.24379,3.12425,3.36333,239.08
CC,1345,0.84484,0.17,3.29569,3.18708,3.40431,217.23
CC,1345,0.84484,0.18,3.33166,3.24069,3.42263,181.94
CC,1345,0.84484,0.19,3.35868,3.28561,3.43175,146.14
CC,1345,0.84484,0.2,3.37978,3.32069,3.43887,118.18
CC,1345,0.84484,0.21,3.39619,3.34642,3.44597,99.56
CC,1345,0.84484,0.22,3.40928,3.36558,3.45298,87.4
CC,1345,0.84484,0.23,3.42075,3.38083,3.46067,79.84
CC,1345,0.84484,0.24,3.43126,3.39363,3.46888,75.25
CC,1345,0.84484,0.25,3.44175,3.40503,3.47848,73.45
CC,1345,0.84484,0.26,3.45251,3.41534,3.48968,74.34
CC,1345,0.84484,0.27,3.46377,3.42576,3.50179,76.03
CC,1345,0.84484,0.28,3.47567,3.43674,3.51459,77.85
CC,1345,0.84484,0.29,3.48792,3.44804,3.5278,79.76
CC,1345,0.84484,0.3,3.50033,3.45986,3.5408,80.94
CC,1345,0.84484,0.31,3.51233,3.47144,3.55321,81.77
CC,1345,0.84484,0.32,3.5241,3.48288,3.56532,82.44
CC,1345,0.84484,0.33,3.53543,3.49414,3.57672,82.58
CC,1345,0.84484,0.34,3.5463,3.50468,3.58793,83.25
CC,1345,0.84484,0.35,3.5569,3.51518,3.59862,83.44
CC,1345,0.84484,0.36,3.56669,3.52516,3.60823,83.07
CC,1345,0.84484,0.37,3.57605,3.53516,3.61694,81.78
CC,1345,0.84484,0.38,3.58478,3.54464,3.62492,80.28
CC,1345,0.84484,0.39,3.59305,3.55386,3.63224,78.38
CC,1345,0.84484,0.4,3.6012,3.56286,3.63954,76.68
CC,1345,0.84484,0.41,3.60912,3.57172,3.64653,74.82
CC,1345,0.84484,0.42,3.61688,3.58012,3.65364,73.52
CC,1345,0.84484,0.43,3.62443,3.58842,3.66043,72.01
CC,1345,0.84484,0.44,3.6318,3.59624,3.66736,71.11
CC,1345,0.84484,0.45,3.63945,3.60424,3.67465,70.41
CC,1345,0.84484,0.46,3.64698,3.61202,3.68195,69.93
CC,1345,0.84484,0.47,3.65466,3.61954,3.68977,70.22
CC,1345,0.84484,0.48,3.66251,3.62694,3.69807,71.13
CC,1345,0.84484,0.49,3.67038,3.63417,3.70658,72.42
CC,1345,0.84484,0.5,3.67866,3.64162,3.7157,74.07
CC,1345,0.84484,0.51,3.68733,3.64937,3.7253,75.93
CC,1345,0.84484,0.52,3.69624,3.65717,3.73532,78.15
CC,1345,0.84484,0.53,3.7057,3.6656,3.74581,80.21
CC,1345,0.84484,0.54,3.71516,3.67412,3.7562,82.07
CC,1345,0.84484,0.55,3.72496,3.68335,3.76656,83.21
CC,1345,0.84484,0.56,3.73482,3.69282,3.77681,83.99
CC,1345,0.84484,0.57,3.74476,3.70278,3.78674,83.96
CC,1345,0.84484,0.58,3.75505,3.71326,3.79684,83.59
CC,1345,0.84484,0.59,3.76508,3.72366,3.80651,82.86
CC,1345,0.84484,0.6,3.77523,3.73432,3.81614,81.82
CC,1345,0.84484,0.61,3.78523,3.74476,3.8257,80.94
CC,1345,0.84484,0.62,3.79517,3.75539,3.83496,79.57
CC,1345,0.84484,0.63,3.80488,3.76559,3.84418,78.59
CC,1345,0.84484,0.64,3.81459,3.77585,3.85332,77.47
CC,1345,0.84484,0.65,3.82411,3.78626,3.86196,75.7
CC,1345,0.84484,0.66,3.8336,3.79642,3.87078,74.36
CC,1345,0.84484,0.67,3.84324,3.80684,3.87964,72.8
CC,1345,0.84484,0.68,3.85299,3.81741,3.88858,71.17
CC,1345,0.84484,0.69,3.86324,3.82804,3.89844,70.4
CC,1345,0.84484,0.7,3.87445,3.83962,3.90929,69.67
CC,1345,0.84484,0.71,3.88685,3.85326,3.92044,67.18
CC,1345,0.84484,0.72,3.8953,3.85917,3.93144,72.27
CC,1345,0.84484,0.73,3.90571,3.86981,3.94162,71.81
CC,1345,0.84484,0.74,3.91577,3.88015,3.95139,71.24
CC,1345,0.84484,0.75,3.92544,3.88931,3.96156,72.25
CC,1345,0.84484,0.76,3.93502,3.89778,3.97225,74.47
CC,1345,0.84484,0.77,3.94469,3.9061,3.98328,77.18
CC,1345,0.84484,0.78,3.95486,3.91412,3.99561,81.49
CC,1345,0.84484,0.79,3.96566,3.92281,4.00851,85.7
CC,1345,0.84484,0.8,3.97701,3.93181,4.02221,90.39
CC,1345,0.84484,0.81,3.98848,3.94148,4.03548,94.0
CC,1345,0.84484,0.82,4.00001,3.95142,4.04861,97.19
CC,1345,0.84484,0.83,4.01127,3.96199,4.06055,98.56
CC,1345,0.84484,0.84,4.02208,3.9729,4.07126,98.35
CC,1345,0.84484,0.85,4.03197,3.98372,4.08022,96.51
CC,1345,0.84484,0.86,4.04028,3.9947,4.08586,91.16
CC,1345,0.84484,0.87,4.04773,4.00553,4.08993,84.4
CC,1345,0.84484,0.88,4.05483,4.01563,4.09403,78.4
CC,1345,0.84484,0.89,4.06204,4.02562,4.09846,72.84
CC,1345,0.84484,0.9,4.06902,4.03475,4.10329,68.54
CC,1345,0.84484,0.91,4.07627,4.04345,4.10908,65.63
CC,1345,0.84484,0.92,4.08372,4.05186,4.11558,63.72
CC,1345,0.84484,0.93,4.09137,4.05905,4.12369,64.64
CC,1345,0.84484,0.94,4.0991,4.06516,4.13305,67.9
CC,1345,0.84484,0.95,4.10707,4.06979,4.14436,74.57
CC,1345,0.84484,0.96,4.1163,4.07458,4.15803,83.45
CC,1345,0.84484,0.97,4.12728,4.08076,4.1738,93.04
CC,1345,0.84484,0.98,4.14103,4.08977,4.1923,102.53
CC,1420,0.83205,0.14,2.81173,2.5975,3.02595,428.45
CC,1420,0.83205,0.15,3.02245,2.86694,3.17796,311.02
CC,1420,0.83205,0.16,3.13234,2.99451,3.27017,275.66
CC,1420,0.83205,0.17,3.2067,3.07601,3.3374,261.39
CC,1420,0.83205,0.18,3.26355,3.13817,3.38894,250.77
CC,1420,0.83205,0.19,3.30572,3.1913,3.42014,228.83
CC,1420,0.83205,0.2,3.33538,3.23847,3.4323,193.82
CC,1420,0.83205,0.21,3.35946,3.27882,3.44011,161.29
CC,1420,0.83205,0.22,3.37952,3.3119,3.44715,135.25
CC,1420,0.83205,0.23,3.39615,3.33816,3.45414,115.98
CC,1420,0.83205,0.24,3.41014,3.35847,3.46182,103.35
CC,1420,0.83205,0.25,3.42266,3.37537,3.46995,94.57
CC,1420,0.83205,0.26,3.43423,3.38953,3.47894,89.41
CC,1420,0.83205,0.27,3.4457,3.40197,3.48943,87.46
CC,1420,0.83205,0.28,3.45708,3.41332,3.50085,87.53
CC,1420,0.83205,0.29,3.46911,3.42457,3.51365,89.08
CC,1420,0.83205,0.3,3.48144,3.43632,3.52656,90.24
CC,1420,0.83205,0.31,3.49389,3.44802,3.53976,91.75
CC,1420,0.83205,0.32,3.50598,3.45957,3.55238,92.81
CC,1420,0.83205,0.33,3.51797,3.47116,3.56479,93.63
CC,1420,0.83205,0.34,3.5294,3.4822,3.5766,94.4
CC,1420,0.83205,0.35,3.54051,3.4932,3.58781,94.6
CC,1420,0.83205,0.36,3.55116,3.50349,3.59882,95.33
CC,1420,0.83205,0.37,3.56149,3.51366,3.60932,95.66
CC,1420,0.83205,0.38,3.57101,3.52378,3.61823,94.45
CC,1420,0.83205,0.39,3.57998,3.53342,3.62653,93.11
CC,1420,0.83205,0.4,3.58861,3.54298,3.63423,91.25
CC,1420,0.83205,0.41,3.59686,3.55226,3.64145,89.19
CC,1420,0.83205,0.42,3.60516,3.56108,3.64924,88.16
CC,1420,0.83205,0.43,3.61318,3.5698,3.65655,86.75
CC,1420,0.83205,0.44,3.62105,3.57815,3.66395,85.8
CC,1420,0.83205,0.45,3.62881,3.58655,3.67106,84.52
CC,1420,0.83205,0.46,3.63653,3.59428,3.67877,84.49
CC,1420,0.83205,0.47,3.64422,3.60215,3.68629,84.14
CC,1420,0.83205,0.48,3.65206,3.60962,3.6945,84.88
CC,1420,0.83205,0.49,3.66008,3.61708,3.70308,86.0
CC,1420,0.83205,0.5,3.66814,3.62444,3.71184,87.4
CC,1420,0.83205,0.51,3.67658,3.63194,3.72121,89.27
CC,1420,0.83205,0.52,3.6851,3.63947,3.73073,91.26
CC,1420,0.83205,0.53,3.69397,3.64708,3.74086,93.78
CC,1420,0.83205,0.54,3.70298,3.6551,3.75086,95.76
CC,1420,0.83205,0.55,3.71261,3.66403,3.76118,97.15
CC,1420,0.83205,0.56,3.72231,3.67328,3.77134,98.06
CC,1420,0.83205,0.57,3.73238,3.68318,3.78159,98.42
CC,1420,0.83205,0.58,3.74204,3.6927,3.79137,98.66
CC,1420,0.83205,0.59,3.75191,3.7026,3.80122,98.61
CC,1420,0.83205,0.6,3.76193,3.71301,3.81084,97.84
CC,1420,0.83205,0.61,3.77185,3.72348,3.82022,96.74
CC,1420,0.83205,0.62,3.78172,3.73378,3.82965,95.87
CC,1420,0.83205,0.63,3.79149,3.74436,3.83862,94.26
CC,1420,0.83205,0.64,3.80109,3.75451,3.84766,93.15
CC,1420,0.83205,0.65,3.81075,3.76488,3.85662,91.74
CC,1420,0.83205,0.66,3.82001,3.77493,3.86509,90.16
CC,1420,0.83205,0.67,3.82948,3.78511,3.87386,88.75
CC,1420,0.83205,0.68,3.83904,3.79549,3.88259,87.1
CC,1420,0.83205,0.69,3.84856,3.80564,3.89149,85.85
CC,1420,0.83205,0.7,3.85854,3.81582,3.90125,85.43
CC,1420,0.83205,0.71,3.86918,3.82627,3.9121,85.83
CC,1420,0.83205,0.72,3.88052,3.83693,3.9241,87.17
CC,1420,0.83205,0.73,3.89194,3.84812,3.93576,87.64
CC,1420,0.83205,0.74,3.9031,3.85904,3.94716,88.12
CC,1420,0.83205,0.75,3.91395,3.86983,3.95806,88.23
CC,1420,0.83205,0.76,3.92465,3.87997,3.96934,89.37
CC,1420,0.83205,0.77,3.93477,3.88899,3.98056,91.57
CC,1420,0.83205,0.78,3.94506,3.89759,3.99252,94.93
CC,1420,0.83205,0.79,3.95547,3.90561,4.00532,99.71
CC,1420,0.83205,0.8,3.9665,3.91487,4.01812,103.25
CC,1420,0.83205,0.81,3.97778,3.92432,4.03124,106.92
CC,1420,0.83205,0.82,3.98929,3.93437,4.0442,109.83
CC,1420,0.83205,0.83,4.0009,3.94538,4.05642,111.04
CC,1420,0.83205,0.84,4.01179,3.95572,4.06786,112.15
CC,1420,0.83205,0.85,4.02222,3.9666,4.07784,111.24
CC,1420,0.83205,0.86,4.03118,3.97789,4.08447,106.59
CC,1420,0.83205,0.87,4.03893,3.98883,4.08902,100.19
CC,1420,0.83205,0.88,4.04658,3.99982,4.09335,93.53
CC,1420,0.83205,0.89,4.05415,4.01053,4.09777,87.24
CC,1420,0.83205,0.9,4.06168,4.02044,4.10291,82.47
CC,1420,0.83205,0.91,4.0693,4.03004,4.10857,78.53
CC,1420,0.83205,0.92,4.07762,4.03915,4.1161,76.95
CC,1420,0.83205,0.93,4.08618,4.04757,4.1248,77.23
CC,1420,0.83205,0.94,4.09533,4.05567,4.13499,79.32
CC,1420,0.83205,0.95,4.10498,4.06268,4.14729,84.61
CC,1420,0.83205,0.96,4.11472,4.06809,4.16135,93.26
CC,1420,0.83205,0.97,4.12595,4.07389,4.17802,104.13
CC,1420,0.83205,0.98,4.13943,4.08198,4.19688,114.9
CC,1570,0.80115,0.17,2.8937,2.71101,3.07639,365.38
CC,1570,0.80115,0.18,3.059,2.91054,3.20746,296.91
CC,1570,0.80115,0.19,3.15754,3.02224,3.29284,270.6
CC,1570,0.80115,0.2,3.22251,3.08859,3.35642,267.83
CC,1570,0.80115,0.21,3.26982,3.13531,3.40432,269.01
CC,1570,0.80115,0.22,3.3024,3.17431,3.4305,256.19
CC,1570,0.80115,0.23,3.3251,3.20924,3.44097,231.73
CC,1570,0.80115,0.24,3.34462,3.2406,3.44863,208.03
CC,1570,0.80115,0.25,3.36274,3.26953,3.45594,186.41
CC,1570,0.80115,0.26,3.37966,3.2959,3.46342,167.53
CC,1570,0.80115,0.27,3.39535,3.31937,3.47133,151.96
CC,1570,0.80115,0.28,3.41031,3.34042,3.4802,139.78
CC,1570,0.80115,0.29,3.42458,3.35925,3.48991,130.66
CC,1570,0.80115,0.3,3.43832,3.37559,3.50105,125.46
CC,1570,0.80115,0.31,3.45159,3.38996,3.51322,123.25
CC,1570,0.80115,0.32,3.46452,3.40299,3.52606,123.06
CC,1570,0.80115,0.33,3.47741,3.41539,3.53944,124.04
CC,1570,0.80115,0.34,3.49034,3.42708,3.5536,126.53
CC,1570,0.80115,0.35,3.50277,3.43868,3.56685,128.16
CC,1570,0.80115,0.36,3.51525,3.45038,3.58012,129.73
CC,1570,0.80115,0.37,3.52721,3.46178,3.59265,130.86
CC,1570,0.80115,0.38,3.53855,3.47306,3.60403,130.97
CC,1570,0.80115,0.39,3.5495,3.48408,3.61492,130.83
CC,1570,0.80115,0.4,3.55986,3.49473,3.62498,130.25
CC,1570,0.80115,0.41,3.56972,3.50546,3.63399,128.53
CC,1570,0.80115,0.42,3.57914,3.51591,3.64237,126.47
CC,1570,0.80115,0.43,3.58804,3.52563,3.65045,124.82
CC,1570,0.80115,0.44,3.59664,3.53508,3.6582,123.11
CC,1570,0.80115,0.45,3.60491,3.54406,3.66576,121.7
CC,1570,0.80115,0.46,3.61298,3.55266,3.67331,120.65
CC,1570,0.80115,0.47,3.62129,3.56132,3.68126,119.94
CC,1570,0.80115,0.48,3.62928,3.5695,3.68907,119.57
CC,1570,0.80115,0.49,3.63742,3.57748,3.69736,119.88
CC,1570,0.80115,0.5,3.64573,3.58556,3.70591,120.35
CC,1570,0.80115,0.51,3.65391,3.59314,3.71469,121.55
CC,1570,0.80115,0.52,3.66226,3.60074,3.72378,123.04
CC,1570,0.80115,0.53,3.67085,3.60826,3.73344,125.18
CC,1570,0.80115,0.54,3.67926,3.61548,3.74304,127.56
CC,1570,0.80115,0.55,3.68786,3.62284,3.75288,130.04
CC,1570,0.80115,0.56,3.69681,3.63079,3.76284,132.05
CC,1570,0.80115,0.57,3.70558,3.63857,3.77258,134.01
CC,1570,0.80115,0.58,3.7145,3.64649,3.78252,136.03
CC,1570,0.80115,0.59,3.72368,3.65496,3.79241,137.46
CC,1570,0.80115,0.6,3.733,3.66352,3.80247,138.95
CC,1570,0.80115,0.61,3.74252,3.67267,3.81237,139.7
CC,1570,0.80115,0.62,3.75224,3.68246,3.82202,139.56
CC,1570,0.80115,0.63,3.76186,3.69246,3.83126,138.81
CC,1570,0.80115,0.64,3.77185,3.70314,3.84057,137.43
CC,1570,0.80115,0.65,3.782,3.71447,3.84954,135.07
CC,1570,0.80115,0.66,3.79195,3.7257,3.85819,132.49
CC,1570,0.80115,0.67,3.80183,3.73667,3.86699,130.32
CC,1570,0.80115,0.68,3.81136,3.74748,3.87524,127.75
CC,1570,0.80115,0.69,3.82097,3.75819,3.88375,125.56
CC,1570,0.80115,0.7,3.83064,3.76907,3.8922,123.14
CC,1570,0.80115,0.71,3.84045,3.77971,3.90119,121.48
CC,1570,0.80115,0.72,3.85082,3.79032,3.91132,121.0
CC,1570,0.80115,0.73,3.86196,3.8012,3.92272,121.52
CC,1570,0.80115,0.74,3.8737,3.81249,3.93492,122.43
CC,1570,0.80115,0.75,3.88548,3.82372,3.94724,123.52
CC,1570,0.80115,0.76,3.89745,3.83529,3.9596,124.31
CC,1570,0.80115,0.77,3.90932,3.84643,3.97222,125.79
CC,1570,0.80115,0.78,3.9211,3.85732,3.98488,127.56
CC,1570,0.80115,0.79,3.93281,3.86781,3.9978,129.99
CC,1570,0.80115,0.8,3.94413,3.87765,4.0106,132.95
CC,1570,0.80115,0.81,3.95537,3.88704,4.0237,136.67
CC,1570,0.80115,0.82,3.96662,3.89643,4.0368,140.37
CC,1570,0.80115,0.83,3.9777,3.90536,4.05004,144.68
CC,1570,0.80115,0.84,3.98874,3.91465,4.06284,148.19
CC,1570,0.80115,0.85,3.99956,3.92435,4.07477,150.42
CC,1570,0.80115,0.86,4.00946,3.93484,4.08408,149.24
CC,1570,0.80115,0.87,4.01779,3.94555,4.09004,144.49
CC,1570,0.80115,0.88,4.02631,3.95765,4.09498,137.33
CC,1570,0.80115,0.89,4.03575,3.97104,4.10047,129.43
CC,1570,0.80115,0.9,4.04533,3.98416,4.10651,122.35
CC,1570,0.80115,0.91,4.05576,3.99765,4.11388,116.23
CC,1570,0.80115,0.92,4.06614,4.01026,4.12201,111.74
CC,1570,0.80115,0.93,4.07648,4.02107,4.13188,110.81
CC,1570,0.80115,0.94,4.08741,4.03157,4.14325,111.67
CC,1570,0.80115,0.95,4.09889,4.04158,4.15619,114.61
CC,1570,0.80115,0.96,4.11127,4.05128,4.17125,119.97
CC,1570,0.80115,0.97,4.12421,4.06049,4.18794,127.45
CC,1645,0.78269,0.19,2.82113,2.61378,3.02848,414.7
CC,1645,0.78269,0.2,3.02118,2.85834,3.18402,325.68
CC,1645,0.78269,0.21,3.12979,2.98104,3.27853,297.49
CC,1645,0.78269,0.22,3.20284,3.05668,3.34899,292.31
CC,1645,0.78269,0.23,3.25411,3.10642,3.4018,295.38
CC,1645,0.78269,0.24,3.29025,3.1452,3.43531,290.11
CC,1645,0.78269,0.25,3.31345,3.17854,3.44837,269.83
CC,1645,0.78269,0.26,3.33221,3.20824,3.45618,247.94
CC,1645,0.78269,0.27,3.3495,3.23562,3.46337,227.75
CC,1645,0.78269,0.28,3.36613,3.26128,3.47099,209.71
CC,1645,0.78269,0.29,3.38243,3.28568,3.47918,193.5
CC,1645,0.78269,0.3,3.39862,3.30885,3.48839,179.53
CC,1645,0.78269,0.31,3.41459,3.33059,3.49859,168.0
CC,1645,0.78269,0.32,3.43006,3.35042,3.50969,159.27
CC,1645,0.78269,0.33,3.4453,3.3686,3.522,153.4
CC,1645,0.78269,0.34,3.46002,3.38473,3.5353,150.57
CC,1645,0.78269,0.35,3.47407,3.39954,3.5486,149.06
CC,1645,0.78269,0.36,3.48776,3.41372,3.56181,148.09
CC,1645,0.78269,0.37,3.50071,3.42621,3.57521,149.0
CC,1645,0.78269,0.38,3.51276,3.43771,3.58781,150.1
CC,1645,0.78269,0.39,3.5244,3.44898,3.59982,150.84
CC,1645,0.78269,0.4,3.53602,3.46011,3.61192,151.81
CC,1645,0.78269,0.41,3.54674,3.47044,3.62303,152.58
CC,1645,0.78269,0.42,3.55697,3.48071,3.63323,152.52
CC,1645,0.78269,0.43,3.56652,3.49051,3.64253,152.02
CC,1645,0.78269,0.44,3.57564,3.50025,3.65104,150.79
CC,1645,0.78269,0.45,3.58464,3.50985,3.65943,149.59
CC,1645,0.78269,0.46,3.59328,3.51913,3.66743,148.29
CC,1645,0.78269,0.47,3.60171,3.52828,3.67514,146.86
CC,1645,0.78269,0.48,3.61044,3.53745,3.68344,145.99
CC,1645,0.78269,0.49,3.61911,3.54638,3.69184,145.47
CC,1645,0.78269,0.5,3.62783,3.5549,3.70075,145.84
CC,1645,0.78269,0.51,3.63668,3.5634,3.70996,146.55
CC,1645,0.78269,0.52,3.64536,3.57166,3.71906,147.4
CC,1645,0.78269,0.53,3.6543,3.57993,3.72867,148.74
CC,1645,0.78269,0.54,3.66321,3.58786,3.73856,150.71
CC,1645,0.78269,0.55,3.67195,3.59563,3.74827,152.64
CC,1645,0.78269,0.56,3.68086,3.60326,3.75847,155.22
CC,1645,0.78269,0.57,3.68979,3.61103,3.76855,157.52
CC,1645,0.78269,0.58,3.69871,3.61906,3.77836,159.3
CC,1645,0.78269,0.59,3.70759,3.62696,3.78822,161.26
CC,1645,0.78269,0.6,3.7167,3.63551,3.7979,162.39
CC,1645,0.78269,0.61,3.72588,3.64416,3.8076,163.44
CC,1645,0.78269,0.62,3.73464,3.65228,3.817,164.72
CC,1645,0.78269,0.63,3.74359,3.66092,3.82626,165.34
CC,1645,0.78269,0.64,3.75242,3.66966,3.83518,165.52
CC,1645,0.78269,0.65,3.76166,3.67904,3.84428,165.24
CC,1645,0.78269,0.66,3.7709,3.68902,3.85278,163.76
CC,1645,0.78269,0.67,3.78019,3.69917,3.86121,162.04
CC,1645,0.78269,0.68,3.78972,3.70975,3.86968,159.93
CC,1645,0.78269,0.69,3.79926,3.72082,3.8777,156.87
CC,1645,0.78269,0.7,3.80883,3.73196,3.8857,153.73
CC,1645,0.78269,0.71,3.81841,3.74308,3.89374,150.66
CC,1645,0.78269,0.72,3.82843,3.75444,3.90243,147.99
CC,1645,0.78269,0.73,3.83908,3.76576,3.91241,146.66
CC,1645,0.78269,0.74,3.85043,3.77698,3.92389,146.91
CC,1645,0.78269,0.75,3.86281,3.78834,3.93728,148.94
CC,1645,0.78269,0.76,3.87557,3.79997,3.95118,151.21
CC,1645,0.78269,0.77,3.88827,3.81166,3.96488,153.22
CC,1645,0.78269,0.78,3.90118,3.82365,3.9787,155.05
CC,1645,0.78269,0.79,3.91385,3.83527,3.99242,157.15
CC,1645,0.78269,0.8,3.92632,3.84618,4.00646,160.28
CC,1645,0.78269,0.81,3.93864,3.85688,4.0204,163.52
CC,1645,0.78269,0.82,3.95058,3.8671,4.03406,166.96
CC,1645,0.78269,0.83,3.96224,3.8771,4.04738,170.28
CC,1645,0.78269,0.84,3.97365,3.88741,4.0599,172.49
CC,1645,0.78269,0.85,3.98489,3.89791,4.07188,173.97
CC,1645,0.78269,0.86,3.99481,3.90791,4.0817,173.79
CC,1645,0.78269,0.87,4.00332,3.91823,4.08842,170.19
CC,1645,0.78269,0.88,4.01183,3.92914,4.09452,165.38
CC,1645,0.78269,0.89,4.02081,3.94123,4.1004,159.17
CC,1645,0.78269,0.9,4.03051,3.95402,4.10699,152.97
CC,1645,0.78269,0.91,4.04106,3.96742,4.1147,147.28
CC,1645,0.78269,0.92,4.0523,3.98141,4.12319,141.78
CC,1645,0.78269,0.93,4.06404,3.99484,4.13324,138.4
CC,1645,0.78269,0.94,4.07623,4.00803,4.14444,136.41
CC,1645,0.78269,0.95,4.08877,4.02016,4.15739,137.23
CC,1645,0.78269,0.96,4.10179,4.03195,4.17164,139.68
CC,1645,0.78269,0.97,4.11585,4.04416,4.18754,143.38
CC,1720,0.76439,0.21,2.93573,2.7554,3.11607,360.68
CC,1720,0.76439,0.22,3.07951,2.9225,3.23652,314.02
CC,1720,0.76439,0.23,3.17124,3.02459,3.31789,293.3
CC,1720,0.76439,0.24,3.23143,3.08368,3.37917,295.49
CC,1720,0.76439,0.25,3.27418,3.12456,3.42379,299.23
CC,1720,0.76439,0.26,3.30128,3.15723,3.44532,288.1
CC,1720,0.76439,0.27,3.32026,3.18488,3.45564,270.76
CC,1720,0.76439,0.28,3.33674,3.20927,3.4642,254.93
CC,1720,0.76439,0.29,3.35204,3.23172,3.47236,240.65
CC,1720,0.76439,0.3,3.36722,3.25344,3.481,227.55
CC,1720,0.76439,0.31,3.38254,3.27477,3.4903,215.54
CC,1720,0.76439,0.32,3.39794,3.29547,3.50041,204.94
CC,1720,0.76439,0.33,3.41354,3.31577,3.51132,195.55
CC,1720,0.76439,0.34,3.42934,3.33542,3.52326,187.85
CC,1720,0.76439,0.35,3.4447,3.35344,3.53596,182.52
CC,1720,0.76439,0.36,3.45949,3.36996,3.54902,179.06
CC,1720,0.76439,0.37,3.47357,3.38501,3.56212,177.11
CC,1720,0.76439,0.38,3.48693,3.39848,3.57537,176.89
CC,1720,0.76439,0.39,3.49951,3.411,3.58803,177.03
CC,1720,0.76439,0.4,3.51175,3.42288,3.60062,177.74
CC,1720,0.76439,0.41,3.52422,3.4342,3.61423,180.03
CC,1720,0.76439,0.42,3.53576,3.44504,3.62649,181.45
CC,1720,0.76439,0.43,3.54683,3.45582,3.63784,182.02
CC,1720,0.76439,0.44,3.55737,3.46624,3.6485,182.26
CC,1720,0.76439,0.45,3.56693,3.47566,3.6582,182.54
CC,1720,0.76439,0.46,3.57659,3.48662,3.66655,179.93
CC,1720,0.76439,0.47,3.58638,3.4978,3.67495,177.15
CC,1720,0.76439,0.48,3.59596,3.50842,3.68351,175.09
CC,1720,0.76439,0.49,3.60545,3.51874,3.69216,173.42
CC,1720,0.76439,0.5,3.61467,3.52859,3.70076,172.17
CC,1720,0.76439,0.51,3.6235,3.53739,3.70962,172.23
CC,1720,0.76439,0.52,3.63232,3.54577,3.71887,173.1
CC,1720,0.76439,0.53,3.64113,3.55409,3.72817,174.08
CC,1720,0.76439,0.54,3.6498,3.56209,3.73752,175.43
CC,1720,0.76439,0.55,3.65869,3.57,3.74737,177.36
CC,1720,0.76439,0.56,3.6676,3.57809,3.75712,179.03
CC,1720,0.76439,0.57,3.67625,3.5856,3.76689,181.29
CC,1720,0.76439,0.58,3.68491,3.59337,3.77645,183.08
CC,1720,0.76439,0.59,3.69346,3.60084,3.78609,185.26
CC,1720,0.76439,0.6,3.70195,3.6084,3.79549,187.09
CC,1720,0.76439,0.61,3.71068,3.6163,3.80505,188.74
CC,1720,0.76439,0.62,3.71908,3.62403,3.81414,190.11
CC,1720,0.76439,0.63,3.72761,3.63202,3.8232,191.19
CC,1720,0.76439,0.64,3.7363,3.64042,3.83218,191.76
CC,1720,0.76439,0.65,3.74488,3.6488,3.84095,192.14
CC,1720,0.76439,0.66,3.75374,3.65779,3.84969,191.9
CC,1720,0.76439,0.67,3.76268,3.66712,3.85824,191.12
CC,1720,0.76439,0.68,3.7717,3.67681,3.86659,189.78
CC,1720,0.76439,0.69,3.78141,3.68737,3.87544,188.07
CC,1720,0.76439,0.7,3.79122,3.69829,3.88416,185.87
CC,1720,0.76439,0.71,3.80117,3.7096,3.89274,183.14
CC,1720,0.76439,0.72,3.8115,3.72139,3.90162,180.23
CC,1720,0.76439,0.73,3.82251,3.73399,3.91102,177.03
CC,1720,0.76439,0.74,3.8339,3.7461,3.9217,175.6
CC,1720,0.76439,0.75,3.84581,3.7578,3.93382,176.02
CC,1720,0.76439,0.76,3.85806,3.76931,3.9468,177.49
CC,1720,0.76439,0.77,3.87034,3.78063,3.96006,179.43
CC,1720,0.76439,0.78,3.88319,3.79261,3.97378,181.17
CC,1720,0.76439,0.79,3.89624,3.80472,3.98776,183.04
CC,1720,0.76439,0.8,3.90928,3.81662,4.00194,185.32
CC,1720,0.76439,0.81,3.92254,3.82862,4.01647,187.85
CC,1720,0.76439,0.82,3.93512,3.83994,4.0303,190.36
CC,1720,0.76439,0.83,3.94745,3.85093,4.04397,193.04
CC,1720,0.76439,0.84,3.95934,3.86154,4.05714,195.6
CC,1720,0.76439,0.85,3.97058,3.87205,4.06911,197.06
CC,1720,0.76439,0.86,3.98126,3.88275,4.07978,197.03
CC,1720,0.76439,0.87,3.9905,3.89335,4.08766,194.3
CC,1720,0.76439,0.88,3.99913,3.90434,4.09392,189.58
CC,1720,0.76439,0.89,4.00803,3.91574,4.10032,184.58
CC,1720,0.76439,0.9,4.01772,3.92786,4.10758,179.72
CC,1720,0.76439,0.91,4.0284,3.94145,4.11535,173.9
CC,1720,0.76439,0.92,4.04091,3.95615,4.12567,169.52
CC,1720,0.76439,0.93,4.05456,3.97116,4.13795,166.78
CC,1720,0.76439,0.94,4.06841,3.98576,4.15105,165.28
CC,1720,0.76439,0.95,4.08288,4.00037,4.16538,165.02
CC,1720,0.76439,0.96,4.09799,4.01547,4.18052,165.05
CC,1720,0.76439,0.97,4.11337,4.02998,4.19675,166.77
CC,1795,0.74509,0.23,2.89406,2.70621,3.0819,375.69
CC,1795,0.74509,0.24,3.05356,2.88828,3.21883,330.56
CC,1795,0.74509,0.25,3.15056,2.99304,3.30808,315.03
CC,1795,0.74509,0.26,3.21759,3.06072,3.37446,313.74
CC,1795,0.74509,0.27,3.26472,3.10568,3.42375,318.06
CC,1795,0.74509,0.28,3.29371,3.1395,3.44793,308.43
CC,1795,0.74509,0.29,3.31371,3.1671,3.46033,293.23
CC,1795,0.74509,0.3,3.33035,3.19039,3.47032,279.92
CC,1795,0.74509,0.31,3.34538,3.21122,3.47953,268.31
CC,1795,0.74509,0.32,3.36034,3.23146,3.48923,257.77
CC,1795,0.74509,0.33,3.37526,3.25119,3.49934,248.15
CC,1795,0.74509,0.34,3.39057,3.27129,3.50985,238.56
CC,1795,0.74509,0.35,3.40636,3.29146,3.52126,229.81
CC,1795,0.74509,0.36,3.42286,3.31256,3.53316,220.6
CC,1795,0.74509,0.37,3.43946,3.33296,3.54596,213.01
CC,1795,0.74509,0.38,3.45508,3.35149,3.55867,207.19
CC,1795,0.74509,0.39,3.46946,3.36685,3.57207,205.23
CC,1795,0.74509,0.4,3.48288,3.38068,3.58508,204.4
CC,1795,0.74509,0.41,3.49563,3.39308,3.59818,205.1
CC,1795,0.74509,0.42,3.5078,3.40491,3.61068,205.77
CC,1795,0.74509,0.43,3.51939,3.41581,3.62298,207.16
CC,1795,0.74509,0.44,3.53049,3.42689,3.63408,207.19
CC,1795,0.74509,0.45,3.54136,3.43775,3.64497,207.22
CC,1795,0.74509,0.46,3.55175,3.44862,3.65487,206.25
CC,1795,0.74509,0.47,3.56194,3.4592,3.66467,205.46
CC,1795,0.74509,0.48,3.57176,3.46972,3.67379,204.07
CC,1795,0.74509,0.49,3.58135,3.47983,3.68286,203.03
CC,1795,0.74509,0.5,3.59076,3.48982,3.69169,201.87
CC,1795,0.74509,0.51,3.60014,3.4993,3.70098,201.67
CC,1795,0.74509,0.52,3.60997,3.50885,3.71109,202.24
CC,1795,0.74509,0.53,3.61943,3.51796,3.72089,202.93
CC,1795,0.74509,0.54,3.62897,3.52695,3.73098,204.04
CC,1795,0.74509,0.55,3.63817,3.53573,3.7406,204.87
CC,1795,0.74509,0.56,3.64754,3.54448,3.7506,206.11
CC,1795,0.74509,0.57,3.65661,3.55283,3.7604,207.56
CC,1795,0.74509,0.58,3.6658,3.56131,3.7703,208.99
CC,1795,0.74509,0.59,3.67463,3.56946,3.7798,210.34
CC,1795,0.74509,0.6,3.68356,3.57761,3.78951,211.9
CC,1795,0.74509,0.61,3.6921,3.58528,3.79893,213.65
CC,1795,0.74509,0.62,3.70058,3.59263,3.80853,215.9
CC,1795,0.74509,0.63,3.70924,3.60096,3.81753,216.57
CC,1795,0.74509,0.64,3.71846,3.6101,3.82683,216.73
CC,1795,0.74509,0.65,3.72734,3.61896,3.83571,216.75
CC,1795,0.74509,0.66,3.73643,3.62814,3.84471,216.57
CC,1795,0.74509,0.67,3.74529,3.63756,3.85301,215.45
CC,1795,0.74509,0.68,3.75398,3.64637,3.8616,215.23
CC,1795,0.74509,0.69,3.76223,3.65487,3.8696,214.73
CC,1795,0.74509,0.7,3.77089,3.66407,3.87771,213.64
CC,1795,0.74509,0.71,3.77944,3.67338,3.88551,212.14
CC,1795,0.74509,0.72,3.7889,3.68356,3.89423,210.67
CC,1795,0.74509,0.73,3.79882,3.69388,3.90376,209.88
CC,1795,0.74509,0.74,3.80969,3.70511,3.91428,209.17
CC,1795,0.74509,0.75,3.82098,3.71644,3.92552,209.08
CC,1795,0.74509,0.76,3.83333,3.72845,3.93822,209.77
CC,1795,0.74509,0.77,3.84562,3.74036,3.95088,210.52
CC,1795,0.74509,0.78,3.85785,3.75277,3.96292,210.15
CC,1795,0.74509,0.79,3.87029,3.76506,3.97552,210.46
CC,1795,0.74509,0.8,3.8836,3.77806,3.98914,211.08
CC,1795,0.74509,0.81,3.89701,3.79106,4.00296,211.9
CC,1795,0.74509,0.82,3.91096,3.80447,4.01746,212.99
CC,1795,0.74509,0.83,3.92451,3.81739,4.03164,214.25
CC,1795,0.74509,0.84,3.9381,3.83038,4.04582,215.44
CC,1795,0.74509,0.85,3.95093,3.8427,4.05916,216.46
CC,1795,0.74509,0.86,3.96333,3.85499,4.07166,216.67
CC,1795,0.74509,0.87,3.97474,3.86701,4.08247,215.46
CC,1795,0.74509,0.88,3.9851,3.87962,4.09059,210.98
CC,1795,0.74509,0.89,3.99481,3.89192,4.0977,205.78
CC,1795,0.74509,0.9,4.0047,3.90431,4.10509,200.78
CC,1795,0.74509,0.91,4.01504,3.91683,4.11324,196.41
CC,1795,0.74509,0.92,4.02671,3.93121,4.12222,191.01
CC,1795,0.74509,0.93,4.03973,3.94702,4.13244,185.43
CC,1795,0.74509,0.94,4.05399,3.96452,4.14346,178.95
CC,1795,0.74509,0.95,4.06932,3.98192,4.15671,174.79
CC,1795,0.74509,0.96,4.08625,3.99943,4.17306,173.63
CC,1795,0.74509,0.97,4.10259,4.01564,4.18954,173.89
CC,1870,0.7239,0.25,2.77362,2.55216,2.99508,442.92
CC,1870,0.7239,0.26,3.0053,2.82708,3.18352,356.44
CC,1870,0.7239,0.27,3.11973,2.95298,3.28648,333.5
CC,1870,0.7239,0.28,3.19629,3.03267,3.3599,327.23
CC,1870,0.7239,0.29,3.24993,3.08411,3.41574,331.63
CC,1870,0.7239,0.3,3.28516,3.12062,3.4497,329.08
CC,1870,0.7239,0.31,3.30769,3.14884,3.46655,317.71
CC,1870,0.7239,0.32,3.32479,3.17177,3.47781,306.04
CC,1870,0.7239,0.33,3.33972,3.19124,3.48821,296.97
CC,1870,0.7239,0.34,3.35376,3.20928,3.49823,288.95
CC,1870,0.7239,0.35,3.36786,3.22684,3.50889,282.05
CC,1870,0.7239,0.36,3.38195,3.24418,3.51972,275.54
CC,1870,0.7239,0.37,3.39662,3.26194,3.5313,269.36
CC,1870,0.7239,0.38,3.41146,3.27982,3.5431,263.28
CC,1870,0.7239,0.39,3.42651,3.29739,3.55563,258.24
CC,1870,0.7239,0.4,3.44147,3.31454,3.5684,253.86
CC,1870,0.7239,0.41,3.4562,3.33096,3.58143,250.47
CC,1870,0.7239,0.42,3.47045,3.34639,3.59451,248.12
CC,1870,0.7239,0.43,3.48434,3.36111,3.60756,246.45
CC,1870,0.7239,0.44,3.4975,3.37451,3.62049,245.98
CC,1870,0.7239,0.45,3.5098,3.38704,3.63257,245.53
CC,1870,0.7239,0.46,3.52146,3.39858,3.64434,245.76
CC,1870,0.7239,0.47,3.5323,3.40937,3.65522,245.85
CC,1870,0.7239,0.48,3.54229,3.41866,3.66592,247.26
CC,1870,0.7239,0.49,3.55344,3.43098,3.6759,244.92
CC,1870,0.7239,0.5,3.564,3.44194,3.68606,244.12
CC,1870,0.7239,0.51,3.57424,3.45164,3.69683,245.19
CC,1870,0.7239,0.52,3.58429,3.46108,3.70749,246.41
CC,1870,0.7239,0.53,3.59422,3.4709,3.71754,246.64
CC,1870,0.7239,0.54,3.60417,3.48074,3.7276,246.86
CC,1870,0.7239,0.55,3.61395,3.49052,3.73737,246.85
CC,1870,0.7239,0.56,3.62367,3.49992,3.74742,247.5
CC,1870,0.7239,0.57,3.63326,3.50957,3.75695,247.37
CC,1870,0.7239,0.58,3.64282,3.51886,3.76678,247.92
CC,1870,0.7239,0.59,3.65222,3.52829,3.77616,247.87
CC,1870,0.7239,0.6,3.66167,3.53749,3.78586,248.37
CC,1870,0.7239,0.61,3.67094,3.54676,3.79512,248.37
CC,1870,0.7239,0.62,3.67998,3.5554,3.80456,249.15
CC,1870,0.7239,0.63,3.68874,3.56386,3.81362,249.77
CC,1870,0.7239,0.64,3.69751,3.5722,3.82282,250.62
CC,1870,0.7239,0.65,3.70614,3.58056,3.83172,251.17
CC,1870,0.7239,0.66,3.71476,3.5888,3.84072,251.92
CC,1870,0.7239,0.67,3.72341,3.59747,3.84935,251.88
CC,1870,0.7239,0.68,3.73223,3.6065,3.85795,251.45
CC,1870,0.7239,0.69,3.74041,3.61454,3.86629,251.75
CC,1870,0.7239,0.7,3.74836,3.62214,3.87458,252.44
CC,1870,0.7239,0.71,3.75646,3.6303,3.88262,252.32
CC,1870,0.7239,0.72,3.7649,3.63902,3.89078,251.76
CC,1870,0.7239,0.73,3.77356,3.6481,3.89902,250.93
CC,1870,0.7239,0.74,3.78258,3.65744,3.90772,250.28
CC,1870,0.7239,0.75,3.79246,3.6676,3.91732,249.73
CC,1870,0.7239,0.76,3.80278,3.67803,3.92752,249.49
CC,1870,0.7239,0.77,3.81408,3.68929,3.93886,249.57
CC,1870,0.7239,0.78,3.82589,3.70092,3.95086,249.94
CC,1870,0.7239,0.79,3.83914,3.7132,3.96508,251.88
CC,1870,0.7239,0.8,3.85255,3.72582,3.97928,253.46
CC,1870,0.7239,0.81,3.86613,3.73851,3.99374,255.23
CC,1870,0.7239,0.82,3.87989,3.75172,4.00806,256.34
CC,1870,0.7239,0.83,3.89356,3.76452,4.0226,258.08
CC,1870,0.7239,0.84,3.90707,3.77713,4.03702,259.89
CC,1870,0.7239,0.85,3.92143,3.79162,4.05124,259.62
CC,1870,0.7239,0.86,3.93552,3.80623,4.06482,258.59
CC,1870,0.7239,0.87,3.94863,3.81983,4.07742,257.59
CC,1870,0.7239,0.88,3.96062,3.83334,4.0879,254.56
CC,1870,0.7239,0.89,3.97169,3.84674,4.09664,249.9
CC,1870,0.7239,0.9,3.9834,3.86145,4.10536,243.91
CC,1870,0.7239,0.91,3.99468,3.87465,4.11471,240.06
CC,1870,0.7239,0.92,4.0065,3.88817,4.12484,236.67
CC,1870,0.7239,0.93,4.01905,3.90226,4.13585,233.6
CC,1870,0.7239,0.94,4.0328,3.91787,4.14773,229.86
CC,1870,0.7239,0.95,4.04853,3.93685,4.1602,223.34
CC,1870,0.7239,0.96,4.066,3.95886,4.17313,214.26
CC,1870,0.7239,0.97,4.08475,3.98307,4.18644,203.37
BOOST,72,0.99074,0.0,2.81818,2.70365,2.93271,229.06
BOOST,72,0.99074,0.01,3.04237,2.98592,3.09882,112.91
BOOST,72,0.99074,0.02,3.15414,3.10994,3.19835,88.4
BOOST,72,0.99074,0.03,3.23351,3.1966,3.27043,73.83
BOOST,72,0.99074,0.04,3.29507,3.26379,3.32636,62.57
BOOST,72,0.99074,0.05,3.33975,3.31312,3.36637,53.25
BOOST,72,0.99074,0.06,3.36118,3.33985,3.3825,42.65
BOOST,72,0.99074,0.07,3.37468,3.35699,3.39236,35.38
BOOST,72,0.99074,0.08,3.38576,3.37008,3.40144,31.36
BOOST,72,0.99074,0.09,3.39558,3.38107,3.41008,29.01
BOOST,72,0.99074,0.1,3.40427,3.39046,3.41808,27.63
BOOST,72,0.99074,0.11,3.41225,3.39845,3.42604,27.6
BOOST,72,0.99074,0.12,3.42017,3.40595,3.43438,28.44
BOOST,72,0.99074,0.13,3.42855,3.41335,3.44375,30.4
BOOST,72,0.99074,0.14,3.43859,3.42268,3.45451,31.83
BOOST,72,0.99074,0.15,3.45086,3.43569,3.46603,30.34
BOOST,72,0.99074,0.16,3.46334,3.44857,3.47811,29.54
BOOST,72,0.99074,0.17,3.47536,3.4607,3.49003,29.34
BOOST,72,0.99074,0.18,3.48755,3.47318,3.50191,28.73
BOOST,72,0.99074,0.19,3.49905,3.48407,3.51403,29.96
BOOST,72,0.99074,0.2,3.50906,3.49377,3.52435,30.58
BOOST,72,0.99074,0.21,3.51917,3.50305,3.53529,32.25
BOOST,72,0.99074,0.22,3.52975,3.51217,3.54733,35.16
BOOST,72,0.99074,0.23,3.54007,3.52198,3.55817,36.19
BOOST,72,0.99074,0.24,3.54921,3.53175,3.56667,34.92
BOOST,72,0.99074,0.25,3.55758,3.54076,3.57439,33.63
BOOST,72,0.99074,0.26,3.56548,3.54936,3.58159,32.23
BOOST,72,0.99074,0.27,3.57315,3.55752,3.58879,31.27
BOOST,72,0.99074,0.28,3.58013,3.56513,3.59513,29.99
BOOST,72,0.99074,0.29,3.5871,3.57272,3.60149,28.77
BOOST,72,0.99074,0.3,3.59363,3.57963,3.60763,28.0
BOOST,72,0.99074,0.31,3.60021,3.58672,3.61369,26.97
BOOST,72,0.99074,0.32,3.60636,3.59302,3.61971,26.69
BOOST,72,0.99074,0.33,3.61251,3.59952,3.62549,25.97
BOOST,72,0.99074,0.34,3.61857,3.60562,3.63152,25.9
BOOST,72,0.99074,0.35,3.62449,3.61163,3.63735,25.72
BOOST,72,0.99074,0.36,3.6306,3.61782,3.64339,25.57
BOOST,72,0.99074,0.37,3.63653,3.62372,3.64934,25.61
BOOST,72,0.99074,0.38,3.64281,3.63012,3.6555,25.38
BOOST,72,0.99074,0.39,3.64921,3.63642,3.66199,25.56
BOOST,72,0.99074,0.4,3.65568,3.64292,3.66844,25.51
BOOST,72,0.99074,0.41,3.66255,3.64972,3.67537,25.65
BOOST,72,0.99074,0.42,3.66951,3.65643,3.68259,26.16
BOOST,72,0.99074,0.43,3.67696,3.66392,3.68999,26.06
BOOST,72,0.99074,0.44,3.68481,3.67152,3.69809,26.56
BOOST,72,0.99074,0.45,3.69286,3.67943,3.70629,26.86
BOOST,72,0.99074,0.46,3.70164,3.68803,3.71526,27.23
BOOST,72,0.99074,0.47,3.71061,3.69673,3.72449,27.76
BOOST,72,0.99074,0.48,3.72,3.70604,3.73397,27.94
BOOST,72,0.99074,0.49,3.72964,3.71542,3.74386,28.43
BOOST,72,0.99074,0.5,3.7395,3.72503,3.75397,28.94
BOOST,72,0.99074,0.51,3.74944,3.73493,3.76396,29.02
BOOST,72,0.99074,0.52,3.75938,3.74462,3.77414,29.52
BOOST,72,0.99074,0.53,3.76905,3.75403,3.78407,30.04
BOOST,72,0.99074,0.54,3.77909,3.76383,3.79434,30.51
BOOST,72,0.99074,0.55,3.78906,3.77363,3.80449,30.86
BOOST,72,0.99074,0.56,3.79983,3.78414,3.81552,31.38
BOOST,72,0.99074,0.57,3.81184,3.79604,3.82764,31.6
BOOST,72,0.99074,0.58,3.82577,3.80985,3.84169,31.84
BOOST,72,0.99074,0.59,3.84068,3.82505,3.85631,31.26
BOOST,72,0.99074,0.6,3.85311,3.83864,3.86759,28.95
BOOST,72,0.99074,0.61,3.86317,3.85004,3.8763,26.27
BOOST,72,0.99074,0.62,3.87201,3.85983,3.88419,24.36
BOOST,72,0.99074,0.63,3.87982,3.86833,3.89132,22.99
BOOST,72,0.99074,0.64,3.88703,3.87623,3.89782,21.59
BOOST,72,0.99074,0.65,3.89401,3.88362,3.9044,20.78
BOOST,72,0.99074,0.66,3.90032,3.89032,3.91032,20.0
BOOST,72,0.99074,0.67,3.90686,3.89711,3.9166,19.49
BOOST,72,0.99074,0.68,3.91313,3.90351,3.92274,19.22
BOOST,72,0.99074,0.69,3.92006,3.91061,3.9295,18.89
BOOST,72,0.99074,0.7,3.92746,3.91791,3.937,19.09
BOOST,72,0.99074,0.71,3.93535,3.92571,3.94499,19.27
BOOST,72,0.99074,0.72,3.9443,3.93452,3.95409,19.57
BOOST,72,0.99074,0.73,3.9539,3.94402,3.96379,19.77
BOOST,72,0.99074,0.74,3.96448,3.95442,3.97454,20.12
BOOST,72,0.99074,0.75,3.97601,3.96572,3.98631,20.59
BOOST,72,0.99074,0.76,3.988,3.97762,3.99837,20.75
BOOST,72,0.99074,0.77,4.00056,3.99002,4.01109,21.07
BOOST,72,0.99074,0.78,4.01305,4.00281,4.02329,20.47
BOOST,72,0.99074,0.79,4.02518,4.01492,4.03544,20.52
BOOST,72,0.99074,0.8,4.03679,4.02652,4.04706,20.54
BOOST,72,0.99074,0.81,4.04719,4.03701,4.05737,20.36
BOOST,72,0.99074,0.82,4.05694,4.04691,4.06697,20.06
BOOST,72,0.99074,0.83,4.06491,4.05531,4.0745,19.19
BOOST,72,0.99074,0.84,4.07108,4.06191,4.08025,18.35
BOOST,72,0.99074,0.85,4.07494,4.0665,4.08339,16.89
BOOST,72,0.99074,0.86,4.07773,4.0693,4.08615,16.85
BOOST,72,0.99074,0.87,4.08005,4.0718,4.0883,16.5
BOOST,72,0.99074,0.88,4.08219,4.0738,4.09058,16.77
BOOST,72,0.99074,0.89,4.08478,4.0763,4.09326,16.96
BOOST,72,0.99074,0.9,4.08735,4.0789,4.0958,16.9
BOOST,72,0.99074,0.91,4.09037,4.0816,4.09914,17.54
BOOST,72,0.99074,0.92,4.09398,4.085,4.10295,17.95
BOOST,72,0.99074,0.93,4.09832,4.0893,4.10734,18.04
BOOST,72,0.99074,0.94,4.10391,4.0946,4.11323,18.63
BOOST,72,0.99074,0.95,4.11086,4.1013,4.12042,19.11
BOOST,72,0.99074,0.96,4.12019,4.1102,4.13017,19.96
BOOST,72,0.99074,0.97,4.13243,4.1223,4.14257,20.27
BOOST,72,0.99074,0.98,4.1484,4.138,4.15881,20.81
BOOST,72,0.99074,0.99,4.16952,4.1591,4.17995,20.85
BOOST,145,0.97982,0.01,2.91082,2.83514,2.9865,151.36
BOOST,145,0.97982,0.02,3.07704,3.02531,3.12877,103.46
BOOST,145,0.97982,0.03,3.17816,3.13642,3.21991,83.49
BOOST,145,0.97982,0.04,3.2523,3.21699,3.28761,70.62
BOOST,145,0.97982,0.05,3.30905,3.27779,3.3403,62.51
BOOST,145,0.97982,0.06,3.34533,3.31769,3.37298,55.29
BOOST,145,0.97982,0.07,3.36472,3.3426,3.38684,44.23
BOOST,145,0.97982,0.08,3.37829,3.35984,3.39674,36.9
BOOST,145,0.97982,0.09,3.38947,3.3729,3.40604,33.14
BOOST,145,0.97982,0.1,3.39898,3.3836,3.41437,30.77
BOOST,145,0.97982,0.11,3.40767,3.39288,3.42246,29.57
BOOST,145,0.97982,0.12,3.41577,3.40098,3.43056,29.57
BOOST,145,0.97982,0.13,3.42388,3.4089,3.43886,29.97
BOOST,145,0.97982,0.14,3.43276,3.41717,3.44835,31.17
BOOST,145,0.97982,0.15,3.44319,3.42723,3.45914,31.91
BOOST,145,0.97982,0.16,3.45519,3.43983,3.47054,30.71
BOOST,145,0.97982,0.17,3.46759,3.45254,3.48264,30.1
BOOST,145,0.97982,0.18,3.47973,3.46492,3.49455,29.63
BOOST,145,0.97982,0.19,3.49153,3.47651,3.50655,30.04
BOOST,145,0.97982,0.2,3.50261,3.48717,3.51805,30.88
BOOST,145,0.97982,0.21,3.5129,3.49686,3.52895,32.1
BOOST,145,0.97982,0.22,3.52306,3.50607,3.54006,33.99
BOOST,145,0.97982,0.23,3.5335,3.51575,3.55126,35.51
BOOST,145,0.97982,0.24,3.54321,3.52506,3.56136,36.3
BOOST,145,0.97982,0.25,3.55246,3.53466,3.57027,35.61
BOOST,145,0.97982,0.26,3.56071,3.54356,3.57787,34.32
BOOST,145,0.97982,0.27,3.56882,3.55226,3.58538,33.12
BOOST,145,0.97982,0.28,3.57632,3.56035,3.59228,31.94
BOOST,145,0.97982,0.29,3.58352,3.56796,3.59908,31.12
BOOST,145,0.97982,0.3,3.59052,3.57546,3.60558,30.12
BOOST,145,0.97982,0.31,3.59717,3.58266,3.61169,29.02
BOOST,145,0.97982,0.32,3.60381,3.58974,3.61788,28.14
BOOST,145,0.97982,0.33,3.61006,3.59614,3.62398,27.84
BOOST,145,0.97982,0.34,3.61626,3.60274,3.62978,27.04
BOOST,145,0.97982,0.35,3.62235,3.60893,3.63578,26.84
BOOST,145,0.97982,0.36,3.62842,3.61496,3.64188,26.92
BOOST,145,0.97982,0.37,3.63451,3.62124,3.64779,26.55
BOOST,145,0.97982,0.38,3.6408,3.62744,3.65417,26.73
BOOST,145,0.97982,0.39,3.64691,3.63354,3.66028,26.74
BOOST,145,0.97982,0.4,3.65357,3.64004,3.6671,27.06
BOOST,145,0.97982,0.41,3.66012,3.64655,3.6737,27.15
BOOST,145,0.97982,0.42,3.66712,3.65345,3.6808,27.35
BOOST,145,0.97982,0.43,3.67458,3.66066,3.6885,27.84
BOOST,145,0.97982,0.44,3.68237,3.66844,3.6963,27.86
BOOST,145,0.97982,0.45,3.69047,3.67625,3.7047,28.45
BOOST,145,0.97982,0.46,3.69923,3.68476,3.7137,28.94
BOOST,145,0.97982,0.47,3.70817,3.69365,3.7227,29.05
BOOST,145,0.97982,0.48,3.71759,3.70267,3.7325,29.83
BOOST,145,0.97982,0.49,3.72743,3.71266,3.7422,29.54
BOOST,145,0.97982,0.5,3.73738,3.72226,3.7525,30.24
BOOST,145,0.97982,0.51,3.74733,3.73226,3.7624,30.14
BOOST,145,0.97982,0.52,3.75726,3.74202,3.7725,30.48
BOOST,145,0.97982,0.53,3.76722,3.75163,3.7828,31.17
BOOST,145,0.97982,0.54,3.77732,3.76163,3.793,31.37
BOOST,145,0.97982,0.55,3.78727,3.77143,3.8031,31.67
BOOST,145,0.97982,0.56,3.79787,3.78174,3.814,32.26
BOOST,145,0.97982,0.57,3.80921,3.79323,3.8252,31.97
BOOST,145,0.97982,0.58,3.82137,3.80534,3.8374,32.06
BOOST,145,0.97982,0.59,3.83477,3.81924,3.8503,31.06
BOOST,145,0.97982,0.6,3.84782,3.83314,3.8625,29.36
BOOST,145,0.97982,0.61,3.85977,3.84614,3.8734,27.26
BOOST,145,0.97982,0.62,3.86981,3.85703,3.8826,25.57
BOOST,145,0.97982,0.63,3.87823,3.86623,3.89022,24.0
BOOST,145,0.97982,0.64,3.88593,3.87463,3.89722,22.6
BOOST,145,0.97982,0.65,3.89292,3.88212,3.90373,21.61
BOOST,145,0.97982,0.66,3.89962,3.88913,3.91011,20.98
BOOST,145,0.97982,0.67,3.90607,3.89601,3.91612,20.11
BOOST,145,0.97982,0.68,3.91247,3.90242,3.92252,20.1
BOOST,145,0.97982,0.69,3.91932,3.90942,3.92922,19.8
BOOST,145,0.97982,0.7,3.92643,3.91652,3.93633,19.8
BOOST,145,0.97982,0.71,3.93438,3.92422,3.94453,20.3
BOOST,145,0.97982,0.72,3.94317,3.93292,3.95342,20.5
BOOST,145,0.97982,0.73,3.95264,3.94214,3.96314,21.0
BOOST,145,0.97982,0.74,3.96329,3.95253,3.97404,21.51
BOOST,145,0.97982,0.75,3.97458,3.96372,3.98544,21.72
BOOST,145,0.97982,0.76,3.98659,3.97544,3.99774,22.3
BOOST,145,0.97982,0.77,3.99924,3.98803,4.01045,22.42
BOOST,145,0.97982,0.78,4.01188,4.00053,4.02323,22.7
BOOST,145,0.97982,0.79,4.02418,4.01313,4.03524,22.11
BOOST,145,0.97982,0.8,4.03578,4.02462,4.04694,22.31
BOOST,145,0.97982,0.81,4.04657,4.03552,4.05762,22.1
BOOST,145,0.97982,0.82,4.05627,4.04562,4.06693,21.31
BOOST,145,0.97982,0.83,4.06452,4.05422,4.07483,20.61
BOOST,145,0.97982,0.84,4.07071,4.06122,4.08021,19.0
BOOST,145,0.97982,0.85,4.07491,4.0662,4.08362,17.41
BOOST,145,0.97982,0.86,4.07771,4.0691,4.08631,17.2
BOOST,145,0.97982,0.87,4.08006,4.0717,4.08842,16.71
BOOST,145,0.97982,0.88,4.08236,4.0738,4.09092,17.11
BOOST,145,0.97982,0.89,4.08461,4.076,4.09322,17.22
BOOST,145,0.97982,0.9,4.08751,4.0788,4.09622,17.42
BOOST,145,0.97982,0.91,4.09031,4.0814,4.09922,17.82
BOOST,145,0.97982,0.92,4.09407,4.0851,4.10304,17.94
BOOST,145,0.97982,0.93,4.09841,4.089,4.10782,18.82
BOOST,145,0.97982,0.94,4.10368,4.09391,4.11345,19.54
BOOST,145,0.97982,0.95,4.11083,4.1006,4.12106,20.45
BOOST,145,0.97982,0.96,4.11984,4.1092,4.13047,21.27
BOOST,145,0.97982,0.97,4.13171,4.1205,4.14291,22.41
BOOST,145,0.97982,0.98,4.14772,4.136,4.15943,23.43
BOOST,145,0.97982,0.99,4.16848,4.1568,4.18016,23.36
BOOST,220,0.95943,0.02,2.96054,2.89138,3.0297,138.32
BOOST,220,0.95943,0.03,3.10444,3.0533,3.15558,102.28
BOOST,220,0.95943,0.04,3.19776,3.15546,3.24006,84.6
BOOST,220,0.95943,0.05,3.26701,3.23024,3.30379,73.56
BOOST,220,0.95943,0.06,3.318,3.28341,3.35259,69.18
BOOST,220,0.95943,0.07,3.34794,3.3179,3.37797,60.07
BOOST,220,0.95943,0.08,3.36665,3.34278,3.39052,47.74
BOOST,220,0.95943,0.09,3.38053,3.36048,3.40058,40.1
BOOST,220,0.95943,0.1,3.39208,3.37421,3.40996,35.75
BOOST,220,0.95943,0.11,3.4018,3.38521,3.41839,33.18
BOOST,220,0.95943,0.12,3.41066,3.39481,3.42652,31.71
BOOST,220,0.95943,0.13,3.41908,3.40357,3.43459,31.02
BOOST,220,0.95943,0.14,3.42752,3.41191,3.44312,31.22
BOOST,220,0.95943,0.15,3.43682,3.42078,3.45286,32.08
BOOST,220,0.95943,0.16,3.44727,3.43111,3.46343,32.32
BOOST,220,0.95943,0.17,3.4594,3.44373,3.47506,31.33
BOOST,220,0.95943,0.18,3.47174,3.45622,3.48726,31.04
BOOST,220,0.95943,0.19,3.4836,3.46803,3.49916,31.13
BOOST,220,0.95943,0.2,3.49513,3.4792,3.51107,31.87
BOOST,220,0.95943,0.21,3.50606,3.48953,3.5226,33.07
BOOST,220,0.95943,0.22,3.51678,3.49956,3.534,34.44
BOOST,220,0.95943,0.23,3.52697,3.50896,3.54497,36.01
BOOST,220,0.95943,0.24,3.53683,3.51846,3.5552,36.74
BOOST,220,0.95943,0.25,3.54639,3.52787,3.56491,37.04
BOOST,220,0.95943,0.26,3.5555,3.53716,3.57384,36.68
BOOST,220,0.95943,0.27,3.56384,3.54597,3.58171,35.73
BOOST,220,0.95943,0.28,3.57195,3.55476,3.58914,34.39
BOOST,220,0.95943,0.29,3.5795,3.56276,3.59624,33.48
BOOST,220,0.95943,0.3,3.58677,3.57047,3.60308,32.6
BOOST,220,0.95943,0.31,3.59386,3.57804,3.60967,31.63
BOOST,220,0.95943,0.32,3.60054,3.58524,3.61584,30.6
BOOST,220,0.95943,0.33,3.60715,3.59216,3.62214,29.99
BOOST,220,0.95943,0.34,3.61352,3.59893,3.62811,29.18
BOOST,220,0.95943,0.35,3.61977,3.60534,3.63421,28.87
BOOST,220,0.95943,0.36,3.62599,3.61165,3.64034,28.69
BOOST,220,0.95943,0.37,3.63209,3.61795,3.64624,28.29
BOOST,220,0.95943,0.38,3.63847,3.62432,3.65261,28.28
BOOST,220,0.95943,0.39,3.64464,3.63045,3.65884,28.39
BOOST,220,0.95943,0.4,3.65122,3.63696,3.66548,28.52
BOOST,220,0.95943,0.41,3.65802,3.64363,3.67241,28.78
BOOST,220,0.95943,0.42,3.66487,3.65036,3.67939,29.03
BOOST,220,0.95943,0.43,3.67233,3.65775,3.6869,29.16
BOOST,220,0.95943,0.44,3.68007,3.66523,3.6949,29.67
BOOST,220,0.95943,0.45,3.68805,3.67297,3.70313,30.16
BOOST,220,0.95943,0.46,3.69675,3.68155,3.71195,30.4
BOOST,220,0.95943,0.47,3.70578,3.69026,3.7213,31.05
BOOST,220,0.95943,0.48,3.71517,3.69956,3.73078,31.21
BOOST,220,0.95943,0.49,3.72506,3.70926,3.74085,31.58
BOOST,220,0.95943,0.5,3.73483,3.71886,3.7508,31.94
BOOST,220,0.95943,0.51,3.74501,3.72887,3.76115,32.28
BOOST,220,0.95943,0.52,3.75494,3.73867,3.7712,32.53
BOOST,220,0.95943,0.53,3.7651,3.74868,3.78152,32.84
BOOST,220,0.95943,0.54,3.77528,3.75886,3.7917,32.85
BOOST,220,0.95943,0.55,3.78536,3.76884,3.80188,33.04
BOOST,220,0.95943,0.56,3.79606,3.77944,3.81268,33.24
BOOST,220,0.95943,0.57,3.80684,3.79024,3.82345,33.21
BOOST,220,0.95943,0.58,3.81842,3.80184,3.83499,33.15
BOOST,220,0.95943,0.59,3.83021,3.81394,3.84648,32.53
BOOST,220,0.95943,0.6,3.84239,3.82685,3.85792,31.07
BOOST,220,0.95943,0.61,3.85466,3.84004,3.86929,29.26
BOOST,220,0.95943,0.62,3.86577,3.85194,3.8796,27.67
BOOST,220,0.95943,0.63,3.87562,3.86263,3.8886,25.97
BOOST,220,0.95943,0.64,3.88408,3.87172,3.89643,24.71
BOOST,220,0.95943,0.65,3.8914,3.87963,3.90318,23.55
BOOST,220,0.95943,0.66,3.89853,3.88723,3.90983,22.6
BOOST,220,0.95943,0.67,3.90497,3.89403,3.9159,21.88
BOOST,220,0.95943,0.68,3.91163,3.90092,3.92233,21.41
BOOST,220,0.95943,0.69,3.91811,3.90743,3.92878,21.35
BOOST,220,0.95943,0.7,3.92542,3.91472,3.93611,21.38
BOOST,220,0.95943,0.71,3.93315,3.92222,3.94408,21.86
BOOST,220,0.95943,0.72,3.9419,3.93073,3.95306,22.33
BOOST,220,0.95943,0.73,3.9512,3.93983,3.96258,22.75
BOOST,220,0.95943,0.74,3.96165,3.94993,3.97336,23.43
BOOST,220,0.95943,0.75,3.97297,3.96093,3.98501,24.08
BOOST,220,0.95943,0.76,3.98485,3.97243,3.99726,24.83
BOOST,220,0.95943,0.77,3.99735,3.98484,4.00986,25.02
BOOST,220,0.95943,0.78,4.01018,3.99763,4.02274,25.11
BOOST,220,0.95943,0.79,4.02236,4.00983,4.03488,25.06
BOOST,220,0.95943,0.8,4.03415,4.02173,4.04658,24.86
BOOST,220,0.95943,0.81,4.04508,4.03272,4.05743,24.71
BOOST,220,0.95943,0.82,4.0549,4.04272,4.06708,24.36
BOOST,220,0.95943,0.83,4.06356,4.05202,4.07511,23.09
BOOST,220,0.95943,0.84,4.07001,4.05941,4.0806,21.19
BOOST,220,0.95943,0.85,4.07433,4.06491,4.08375,18.84
BOOST,220,0.95943,0.86,4.07728,4.0683,4.08625,17.95
BOOST,220,0.95943,0.87,4.07969,4.0707,4.08868,17.97
BOOST,220,0.95943,0.88,4.08198,4.073,4.09095,17.95
BOOST,220,0.95943,0.89,4.08431,4.075,4.09362,18.62
BOOST,220,0.95943,0.9,4.08703,4.0776,4.09646,18.86
BOOST,220,0.95943,0.91,4.08993,4.0803,4.09956,19.26
BOOST,220,0.95943,0.92,4.09346,4.0833,4.10362,20.32
BOOST,220,0.95943,0.93,4.09778,4.0873,4.10826,20.96
BOOST,220,0.95943,0.94,4.10308,4.0919,4.11426,22.36
BOOST,220,0.95943,0.95,4.10994,4.09811,4.12178,23.67
BOOST,220,0.95943,0.96,4.11895,4.1065,4.1314,24.9
BOOST,220,0.95943,0.97,4.13074,4.1174,4.14408,26.68
BOOST,220,0.95943,0.98,4.14645,4.13261,4.1603,27.69
BOOST,220,0.95943,0.99,4.1673,4.1531,4.1815,28.4
BOOST,295,0.95746,0.03,3.00377,2.93264,3.0749,142.26
BOOST,295,0.95746,0.04,3.13083,3.0759,3.18576,109.85
BOOST,295,0.95746,0.05,3.21671,3.17019,3.26324,93.04
BOOST,295,0.95746,0.06,3.28067,3.23878,3.32256,83.79
BOOST,295,0.95746,0.07,3.32591,3.28628,3.36554,79.26
BOOST,295,0.95746,0.08,3.35199,3.3195,3.38447,64.97
BOOST,295,0.95746,0.09,3.37027,3.34449,3.39605,51.56
BOOST,295,0.95746,0.1,3.38409,3.36248,3.40569,43.21
BOOST,295,0.95746,0.11,3.39556,3.37641,3.41471,38.3
BOOST,295,0.95746,0.12,3.4053,3.38752,3.42308,35.56
BOOST,295,0.95746,0.13,3.41415,3.3973,3.43099,33.7
BOOST,295,0.95746,0.14,3.42273,3.40607,3.43939,33.32
BOOST,295,0.95746,0.15,3.43147,3.4148,3.44815,33.36
BOOST,295,0.95746,0.16,3.44075,3.4238,3.45771,33.91
BOOST,295,0.95746,0.17,3.45171,3.43472,3.46871,33.99
BOOST,295,0.95746,0.18,3.46398,3.44763,3.48032,32.69
BOOST,295,0.95746,0.19,3.47624,3.45982,3.49267,32.85
BOOST,295,0.95746,0.2,3.48794,3.47142,3.50447,33.05
BOOST,295,0.95746,0.21,3.49927,3.48221,3.51632,34.12
BOOST,295,0.95746,0.22,3.51038,3.49271,3.52805,35.35
BOOST,295,0.95746,0.23,3.52083,3.5024,3.53925,36.86
BOOST,295,0.95746,0.24,3.53089,3.51197,3.54981,37.84
BOOST,295,0.95746,0.25,3.5405,3.52135,3.55965,38.31
BOOST,295,0.95746,0.26,3.54994,3.53046,3.56941,38.95
BOOST,295,0.95746,0.27,3.55905,3.53986,3.57824,38.39
BOOST,295,0.95746,0.28,3.56733,3.54866,3.586,37.34
BOOST,295,0.95746,0.29,3.57534,3.55717,3.5935,36.33
BOOST,295,0.95746,0.3,3.58292,3.56546,3.60039,34.93
BOOST,295,0.95746,0.31,3.59027,3.57316,3.60739,34.23
BOOST,295,0.95746,0.32,3.59727,3.58076,3.61379,33.03
BOOST,295,0.95746,0.33,3.60417,3.58804,3.6203,32.26
BOOST,295,0.95746,0.34,3.61067,3.59486,3.62649,31.63
BOOST,295,0.95746,0.35,3.61717,3.60185,3.63249,30.64
BOOST,295,0.95746,0.36,3.62356,3.60833,3.63878,30.45
BOOST,295,0.95746,0.37,3.62975,3.61464,3.64487,30.23
BOOST,295,0.95746,0.38,3.63609,3.62114,3.65104,29.9
BOOST,295,0.95746,0.39,3.64246,3.62734,3.65758,30.24
BOOST,295,0.95746,0.4,3.64885,3.63376,3.66394,30.18
BOOST,295,0.95746,0.41,3.65575,3.64052,3.67098,30.46
BOOST,295,0.95746,0.42,3.66248,3.64706,3.67789,30.83
BOOST,295,0.95746,0.43,3.66982,3.65435,3.68529,30.94
BOOST,295,0.95746,0.44,3.67752,3.66165,3.69339,31.74
BOOST,295,0.95746,0.45,3.68543,3.66937,3.70149,32.12
BOOST,295,0.95746,0.46,3.69402,3.67775,3.71029,32.54
BOOST,295,0.95746,0.47,3.70296,3.68627,3.71965,33.38
BOOST,295,0.95746,0.48,3.71234,3.69555,3.72914,33.59
BOOST,295,0.95746,0.49,3.72194,3.70477,3.7391,34.33
BOOST,295,0.95746,0.5,3.73201,3.71467,3.74935,34.68
BOOST,295,0.95746,0.51,3.74208,3.72476,3.7594,34.65
BOOST,295,0.95746,0.52,3.75235,3.73476,3.76994,35.18
BOOST,295,0.95746,0.53,3.76251,3.74497,3.78004,35.07
BOOST,295,0.95746,0.54,3.77278,3.75513,3.79044,35.31
BOOST,295,0.95746,0.55,3.78287,3.76514,3.8006,35.46
BOOST,295,0.95746,0.56,3.79344,3.77574,3.81114,35.4
BOOST,295,0.95746,0.57,3.8041,3.78643,3.82178,35.35
BOOST,295,0.95746,0.58,3.81497,3.79734,3.8326,35.26
BOOST,295,0.95746,0.59,3.82634,3.80903,3.84364,34.61
BOOST,295,0.95746,0.6,3.83774,3.82074,3.85474,34.0
BOOST,295,0.95746,0.61,3.84951,3.83344,3.86558,32.14
BOOST,295,0.95746,0.62,3.86105,3.84584,3.87626,30.42
BOOST,295,0.95746,0.63,3.87182,3.85744,3.8862,28.76
BOOST,295,0.95746,0.64,3.88142,3.86793,3.89492,26.99
BOOST,295,0.95746,0.65,3.88954,3.87653,3.90256,26.03
BOOST,295,0.95746,0.66,3.89689,3.88443,3.90934,24.91
BOOST,295,0.95746,0.67,3.90361,3.89172,3.9155,23.78
BOOST,295,0.95746,0.68,3.91013,3.89833,3.92194,23.61
BOOST,295,0.95746,0.69,3.91679,3.90513,3.92846,23.33
BOOST,295,0.95746,0.7,3.92404,3.91222,3.93586,23.64
BOOST,295,0.95746,0.71,3.93155,3.91953,3.94356,24.03
BOOST,295,0.95746,0.72,3.94018,3.92782,3.95254,24.72
BOOST,295,0.95746,0.73,3.94933,3.93654,3.96212,25.58
BOOST,295,0.95746,0.74,3.95966,3.94653,3.9728,26.27
BOOST,295,0.95746,0.75,3.97073,3.95712,3.98434,27.22
BOOST,295,0.95746,0.76,3.98242,3.96834,3.9965,28.16
BOOST,295,0.95746,0.77,3.99504,3.98063,4.00946,28.83
BOOST,295,0.95746,0.78,4.00749,3.99293,4.02206,29.13
BOOST,295,0.95746,0.79,4.02007,4.00553,4.03462,29.09
BOOST,295,0.95746,0.8,4.03187,4.01742,4.04632,28.9
BOOST,295,0.95746,0.81,4.04276,4.02822,4.0573,29.08
BOOST,295,0.95746,0.82,4.05272,4.03832,4.06712,28.8
BOOST,295,0.95746,0.83,4.06157,4.04801,4.07512,27.11
BOOST,295,0.95746,0.84,4.06843,4.05601,4.08084,24.83
BOOST,295,0.95746,0.85,4.07333,4.06271,4.08396,21.25
BOOST,295,0.95746,0.86,4.07681,4.0669,4.08672,19.82
BOOST,295,0.95746,0.87,4.07923,4.06961,4.08886,19.25
BOOST,295,0.95746,0.88,4.08176,4.072,4.09152,19.52
BOOST,295,0.95746,0.89,4.08396,4.074,4.09392,19.92
BOOST,295,0.95746,0.9,4.08672,4.0764,4.09704,20.64
BOOST,295,0.95746,0.91,4.08968,4.0791,4.10026,21.16
BOOST,295,0.95746,0.92,4.09307,4.0819,4.10424,22.34
BOOST,295,0.95746,0.93,4.09752,4.0857,4.10934,23.64
BOOST,295,0.95746,0.94,4.10282,4.0903,4.11534,25.04
BOOST,295,0.95746,0.95,4.10954,4.096,4.12308,27.08
BOOST,295,0.95746,0.96,4.11855,4.1038,4.1333,29.5
BOOST,295,0.95746,0.97,4.13026,4.1145,4.14602,31.52
BOOST,295,0.95746,0.98,4.14576,4.12881,4.16272,33.91
BOOST,295,0.95746,0.99,4.16636,4.149,4.18372,34.72
BOOST,370,0.94828,0.03,2.88906,2.78528,2.99284,207.56
BOOST,370,0.94828,0.04,3.0688,3.00217,3.13544,133.26
BOOST,370,0.94828,0.05,3.17295,3.11831,3.2276,109.28
BOOST,370,0.94828,0.06,3.24732,3.19943,3.2952,95.78
BOOST,370,0.94828,0.07,3.30264,3.25795,3.34732,89.37
BOOST,370,0.94828,0.08,3.33816,3.29841,3.37792,79.51
BOOST,370,0.94828,0.09,3.35988,3.32838,3.39138,63.0
BOOST,370,0.94828,0.1,3.37653,3.35117,3.40188,50.71
BOOST,370,0.94828,0.11,3.38996,3.36844,3.41147,43.03
BOOST,370,0.94828,0.12,3.4008,3.38144,3.42015,38.71
BOOST,370,0.94828,0.13,3.4104,3.39253,3.42827,35.74
BOOST,370,0.94828,0.14,3.41919,3.40193,3.43644,34.51
BOOST,370,0.94828,0.15,3.42785,3.41093,3.44477,33.84
BOOST,370,0.94828,0.16,3.4369,3.41982,3.45397,34.15
BOOST,370,0.94828,0.17,3.44661,3.42924,3.46398,34.74
BOOST,370,0.94828,0.18,3.45803,3.44084,3.47521,34.37
BOOST,370,0.94828,0.19,3.47021,3.45314,3.48728,34.14
BOOST,370,0.94828,0.2,3.48217,3.46504,3.49929,34.25
BOOST,370,0.94828,0.21,3.49376,3.47624,3.51128,35.04
BOOST,370,0.94828,0.22,3.50497,3.48704,3.52291,35.86
BOOST,370,0.94828,0.23,3.5161,3.49753,3.53468,37.15
BOOST,370,0.94828,0.24,3.52626,3.50724,3.54529,38.05
BOOST,370,0.94828,0.25,3.53615,3.51683,3.55547,38.64
BOOST,370,0.94828,0.26,3.54546,3.52593,3.56498,39.05
BOOST,370,0.94828,0.27,3.55485,3.53533,3.57437,39.04
BOOST,370,0.94828,0.28,3.5635,3.54423,3.58277,38.54
BOOST,370,0.94828,0.29,3.57185,3.55313,3.59057,37.44
BOOST,370,0.94828,0.3,3.57964,3.56152,3.59775,36.23
BOOST,370,0.94828,0.31,3.5873,3.56963,3.60496,35.33
BOOST,370,0.94828,0.32,3.59449,3.57742,3.61156,34.14
BOOST,370,0.94828,0.33,3.60145,3.58472,3.61817,33.45
BOOST,370,0.94828,0.34,3.60833,3.59203,3.62464,32.61
BOOST,370,0.94828,0.35,3.61489,3.59892,3.63085,31.93
BOOST,370,0.94828,0.36,3.62134,3.60562,3.63705,31.42
BOOST,370,0.94828,0.37,3.62774,3.61232,3.64316,30.84
BOOST,370,0.94828,0.38,3.63409,3.61862,3.64955,30.92
BOOST,370,0.94828,0.39,3.6405,3.62522,3.65578,30.56
BOOST,370,0.94828,0.4,3.64709,3.63162,3.66256,30.94
BOOST,370,0.94828,0.41,3.65375,3.63832,3.66917,30.85
BOOST,370,0.94828,0.42,3.66065,3.64492,3.67637,31.45
BOOST,370,0.94828,0.43,3.66785,3.65212,3.68358,31.46
BOOST,370,0.94828,0.44,3.67541,3.65932,3.6915,32.18
BOOST,370,0.94828,0.45,3.68335,3.66693,3.69977,32.84
BOOST,370,0.94828,0.46,3.69181,3.67522,3.70841,33.19
BOOST,370,0.94828,0.47,3.70066,3.68363,3.71768,34.06
BOOST,370,0.94828,0.48,3.70993,3.69273,3.72712,34.39
BOOST,370,0.94828,0.49,3.71956,3.70193,3.73718,35.25
BOOST,370,0.94828,0.5,3.72957,3.71193,3.74721,35.28
BOOST,370,0.94828,0.51,3.73977,3.72183,3.75771,35.88
BOOST,370,0.94828,0.52,3.75006,3.73213,3.768,35.86
BOOST,370,0.94828,0.53,3.76023,3.74214,3.77832,36.18
BOOST,370,0.94828,0.54,3.77066,3.75263,3.7887,36.06
BOOST,370,0.94828,0.55,3.78091,3.76293,3.7989,35.97
BOOST,370,0.94828,0.56,3.79132,3.77314,3.8095,36.36
BOOST,370,0.94828,0.57,3.80187,3.78393,3.81981,35.88
BOOST,370,0.94828,0.58,3.81267,3.79464,3.83071,36.07
BOOST,370,0.94828,0.59,3.82366,3.80593,3.84138,35.45
BOOST,370,0.94828,0.6,3.83443,3.81704,3.85182,34.78
BOOST,370,0.94828,0.61,3.84561,3.8288,3.86242,33.62
BOOST,370,0.94828,0.62,3.85679,3.8407,3.87288,32.18
BOOST,370,0.94828,0.63,3.8676,3.8524,3.88281,30.41
BOOST,370,0.94828,0.64,3.87788,3.8634,3.89236,28.96
BOOST,370,0.94828,0.65,3.88689,3.8732,3.90057,27.37
BOOST,370,0.94828,0.66,3.89469,3.8815,3.90787,26.37
BOOST,370,0.94828,0.67,3.90203,3.88951,3.91455,25.04
BOOST,370,0.94828,0.68,3.90868,3.89651,3.92086,24.35
BOOST,370,0.94828,0.69,3.91559,3.90361,3.92757,23.96
BOOST,370,0.94828,0.7,3.92255,3.91061,3.93448,23.87
BOOST,370,0.94828,0.71,3.9302,3.91791,3.94248,24.57
BOOST,370,0.94828,0.72,3.93865,3.92611,3.9512,25.08
BOOST,370,0.94828,0.73,3.94774,3.93471,3.96076,26.05
BOOST,370,0.94828,0.74,3.95778,3.94431,3.97124,26.93
BOOST,370,0.94828,0.75,3.96879,3.95471,3.98286,28.15
BOOST,370,0.94828,0.76,3.98049,3.96601,3.99498,28.96
BOOST,370,0.94828,0.77,3.99289,3.97801,4.00778,29.76
BOOST,370,0.94828,0.78,4.00548,3.99021,4.02074,30.53
BOOST,370,0.94828,0.79,4.01789,4.00261,4.03318,30.56
BOOST,370,0.94828,0.8,4.03004,4.01481,4.04526,30.45
BOOST,370,0.94828,0.81,4.04131,4.02621,4.05641,30.21
BOOST,370,0.94828,0.82,4.05133,4.03641,4.06624,29.84
BOOST,370,0.94828,0.83,4.06056,4.04631,4.07481,28.51
BOOST,370,0.94828,0.84,4.06761,4.0545,4.08072,26.21
BOOST,370,0.94828,0.85,4.07272,4.0614,4.08403,22.63
BOOST,370,0.94828,0.86,4.07647,4.0661,4.08683,20.73
BOOST,370,0.94828,0.87,4.07907,4.069,4.08913,20.13
BOOST,370,0.94828,0.88,4.08166,4.0715,4.09182,20.31
BOOST,370,0.94828,0.89,4.08392,4.0736,4.09425,20.65
BOOST,370,0.94828,0.9,4.08659,4.0759,4.09728,21.38
BOOST,370,0.94828,0.91,4.08977,4.0786,4.10093,22.33
BOOST,370,0.94828,0.92,4.09313,4.0814,4.10486,23.46
BOOST,370,0.94828,0.93,4.09759,4.0851,4.11008,24.98
BOOST,370,0.94828,0.94,4.10293,4.0895,4.11636,26.86
BOOST,370,0.94828,0.95,4.10957,4.095,4.12414,29.14
BOOST,370,0.94828,0.96,4.11852,4.1027,4.13433,31.62
BOOST,370,0.94828,0.97,4.13005,4.113,4.14709,34.09
BOOST,370,0.94828,0.98,4.14534,4.127,4.16367,36.67
BOOST,370,0.94828,0.99,4.16579,4.147,4.18459,37.59
BOOST,445,0.93853,0.04,2.95229,2.85602,3.04856,192.54
BOOST,445,0.93853,0.05,3.10054,3.03051,3.17057,140.06
BOOST,445,0.93853,0.06,3.19439,3.13579,3.25298,117.19
BOOST,445,0.93853,0.07,3.26308,3.21092,3.31523,104.32
BOOST,445,0.93853,0.08,3.31362,3.26544,3.36179,96.35
BOOST,445,0.93853,0.09,3.34388,3.30371,3.38406,80.34
BOOST,445,0.93853,0.1,3.36458,3.33278,3.39637,63.58
BOOST,445,0.93853,0.11,3.38087,3.35526,3.40647,51.21
BOOST,445,0.93853,0.12,3.39401,3.37215,3.41587,43.73
BOOST,445,0.93853,0.13,3.40466,3.38504,3.42428,39.25
BOOST,445,0.93853,0.14,3.41416,3.39574,3.43258,36.84
BOOST,445,0.93853,0.15,3.4232,3.40553,3.44088,35.35
BOOST,445,0.93853,0.16,3.4319,3.41452,3.44928,34.76
BOOST,445,0.93853,0.17,3.44101,3.42344,3.45858,35.14
BOOST,445,0.93853,0.18,3.45126,3.43344,3.46908,35.64
BOOST,445,0.93853,0.19,3.46256,3.44484,3.48028,35.44
BOOST,445,0.93853,0.2,3.47476,3.45704,3.49247,35.43
BOOST,445,0.93853,0.21,3.48661,3.46884,3.50438,35.54
BOOST,445,0.93853,0.22,3.49816,3.48004,3.51628,36.24
BOOST,445,0.93853,0.23,3.50936,3.49064,3.52808,37.44
BOOST,445,0.93853,0.24,3.52011,3.50104,3.53919,38.15
BOOST,445,0.93853,0.25,3.53031,3.51073,3.54988,39.15
BOOST,445,0.93853,0.26,3.54006,3.52024,3.55989,39.65
BOOST,445,0.93853,0.27,3.54941,3.52963,3.56919,39.56
BOOST,445,0.93853,0.28,3.55846,3.53873,3.57819,39.46
BOOST,445,0.93853,0.29,3.56731,3.54783,3.58679,38.96
BOOST,445,0.93853,0.3,3.57536,3.55643,3.59429,37.87
BOOST,445,0.93853,0.31,3.58331,3.56483,3.6018,36.97
BOOST,445,0.93853,0.32,3.59071,3.57282,3.6086,35.78
BOOST,445,0.93853,0.33,3.59796,3.58043,3.61549,35.07
BOOST,445,0.93853,0.34,3.60496,3.58792,3.622,34.08
BOOST,445,0.93853,0.35,3.61171,3.59492,3.6285,33.57
BOOST,445,0.93853,0.36,3.61831,3.60183,3.6348,32.97
BOOST,445,0.93853,0.37,3.62491,3.60882,3.641,32.18
BOOST,445,0.93853,0.38,3.63121,3.61523,3.6472,31.97
BOOST,445,0.93853,0.39,3.63776,3.62192,3.6536,31.68
BOOST,445,0.93853,0.4,3.64431,3.62832,3.6603,31.98
BOOST,445,0.93853,0.41,3.65091,3.63493,3.6669,31.97
BOOST,445,0.93853,0.42,3.65786,3.64182,3.6739,32.08
BOOST,445,0.93853,0.43,3.66511,3.64882,3.6814,32.58
BOOST,445,0.93853,0.44,3.67241,3.65592,3.6889,32.98
BOOST,445,0.93853,0.45,3.68041,3.66363,3.6972,33.57
BOOST,445,0.93853,0.46,3.68876,3.67162,3.7059,34.28
BOOST,445,0.93853,0.47,3.69732,3.67983,3.7148,34.97
BOOST,445,0.93853,0.48,3.70662,3.68884,3.7244,35.56
BOOST,445,0.93853,0.49,3.71621,3.69813,3.7343,36.17
BOOST,445,0.93853,0.5,3.72602,3.70774,3.7443,36.56
BOOST,445,0.93853,0.51,3.73627,3.71773,3.7548,37.07
BOOST,445,0.93853,0.52,3.74642,3.72784,3.765,37.16
BOOST,445,0.93853,0.53,3.75702,3.73844,3.7756,37.16
BOOST,445,0.93853,0.54,3.76737,3.74884,3.7859,37.06
BOOST,445,0.93853,0.55,3.77777,3.75934,3.7962,36.86
BOOST,445,0.93853,0.56,3.78842,3.77013,3.8067,36.57
BOOST,445,0.93853,0.57,3.79875,3.7806,3.8169,36.3
BOOST,445,0.93853,0.58,3.8092,3.791,3.8274,36.4
BOOST,445,0.93853,0.59,3.81992,3.8018,3.83803,36.23
BOOST,445,0.93853,0.6,3.83057,3.8128,3.84833,35.53
BOOST,445,0.93853,0.61,3.84112,3.8236,3.85864,35.04
BOOST,445,0.93853,0.62,3.85191,3.8349,3.86893,34.03
BOOST,445,0.93853,0.63,3.86252,3.8463,3.87874,32.44
BOOST,445,0.93853,0.64,3.87316,3.8578,3.88852,30.72
BOOST,445,0.93853,0.65,3.88271,3.8681,3.89733,29.23
BOOST,445,0.93853,0.66,3.89156,3.8776,3.90553,27.93
BOOST,445,0.93853,0.67,3.89927,3.88611,3.91242,26.31
BOOST,445,0.93853,0.68,3.90642,3.89361,3.91922,25.61
BOOST,445,0.93853,0.69,3.91312,3.90051,3.92572,25.21
BOOST,445,0.93853,0.7,3.92017,3.90761,3.93272,25.11
BOOST,445,0.93853,0.71,3.92781,3.91501,3.94062,25.61
BOOST,445,0.93853,0.72,3.93582,3.92281,3.94884,26.03
BOOST,445,0.93853,0.73,3.94487,3.93131,3.95844,27.12
BOOST,445,0.93853,0.74,3.95487,3.94091,3.96883,27.92
BOOST,445,0.93853,0.75,3.96542,3.95101,3.97984,28.83
BOOST,445,0.93853,0.76,3.97713,3.96221,3.99205,29.84
BOOST,445,0.93853,0.77,3.98933,3.97391,4.00474,30.83
BOOST,445,0.93853,0.78,4.00193,3.98621,4.01765,31.44
BOOST,445,0.93853,0.79,4.01477,3.99891,4.03064,31.73
BOOST,445,0.93853,0.8,4.02687,4.01101,4.04274,31.73
BOOST,445,0.93853,0.81,4.03857,4.02281,4.05433,31.52
BOOST,445,0.93853,0.82,4.04912,4.0337,4.06453,30.83
BOOST,445,0.93853,0.83,4.05837,4.04331,4.07343,30.12
BOOST,445,0.93853,0.84,4.06616,4.0523,4.08001,27.7
BOOST,445,0.93853,0.85,4.07156,4.0594,4.08371,24.31
BOOST,445,0.93853,0.86,4.07576,4.0649,4.08661,21.71
BOOST,445,0.93853,0.87,4.07856,4.0682,4.08891,20.71
BOOST,445,0.93853,0.88,4.08126,4.071,4.09152,20.52
BOOST,445,0.93853,0.89,4.08381,4.0732,4.09441,21.21
BOOST,445,0.93853,0.9,4.0864,4.0754,4.09741,22.01
BOOST,445,0.93853,0.91,4.08956,4.0781,4.10102,22.92
BOOST,445,0.93853,0.92,4.09291,4.0808,4.10501,24.21
BOOST,445,0.93853,0.93,4.09732,4.0845,4.11014,25.64
BOOST,445,0.93853,0.94,4.10252,4.0887,4.11633,27.63
BOOST,445,0.93853,0.95,4.10913,4.0944,4.12386,29.46
BOOST,445,0.93853,0.96,4.11784,4.1017,4.13397,32.27
BOOST,445,0.93853,0.97,4.1288,4.1114,4.1462,34.8
BOOST,445,0.93853,0.98,4.14367,4.1252,4.16214,36.94
BOOST,445,0.93853,0.99,4.16353,4.1447,4.18237,37.67
BOOST,520,0.91929,0.05,2.77714,2.5875,2.96678,379.27
BOOST,520,0.91929,0.06,3.03183,2.93363,3.13003,196.4
BOOST,520,0.91929,0.07,3.14929,3.07167,3.22692,155.25
BOOST,520,0.91929,0.08,3.22996,3.16405,3.29586,131.81
BOOST,520,0.91929,0.09,3.29022,3.23163,3.34881,117.18
BOOST,520,0.91929,0.1,3.3303,3.28062,3.37998,99.36
BOOST,520,0.91929,0.11,3.35539,3.31642,3.39436,77.95
BOOST,520,0.91929,0.12,3.37456,3.34387,3.40525,61.38
BOOST,520,0.91929,0.13,3.38988,3.36471,3.41506,50.35
BOOST,520,0.91929,0.14,3.40218,3.38029,3.42406,43.77
BOOST,520,0.91929,0.15,3.41254,3.39242,3.43265,40.23
BOOST,520,0.91929,0.16,3.42192,3.40308,3.44076,37.68
BOOST,520,0.91929,0.17,3.4309,3.41253,3.44928,36.74
BOOST,520,0.91929,0.18,3.44013,3.42188,3.45837,36.49
BOOST,520,0.91929,0.19,3.44975,3.43151,3.46799,36.49
BOOST,520,0.91929,0.2,3.46064,3.44226,3.47901,36.75
BOOST,520,0.91929,0.21,3.47236,3.45414,3.49059,36.46
BOOST,520,0.91929,0.22,3.48407,3.46571,3.50243,36.72
BOOST,520,0.91929,0.23,3.49563,3.47686,3.5144,37.54
BOOST,520,0.91929,0.24,3.50687,3.48788,3.52585,37.97
BOOST,520,0.91929,0.25,3.51775,3.49821,3.53729,39.08
BOOST,520,0.91929,0.26,3.52826,3.50858,3.54794,39.35
BOOST,520,0.91929,0.27,3.5381,3.51821,3.55798,39.78
BOOST,520,0.91929,0.28,3.54765,3.52778,3.56752,39.73
BOOST,520,0.91929,0.29,3.55686,3.53691,3.5768,39.9
BOOST,520,0.91929,0.3,3.56576,3.54611,3.58541,39.3
BOOST,520,0.91929,0.31,3.57426,3.55493,3.59359,38.66
BOOST,520,0.91929,0.32,3.58238,3.56346,3.6013,37.84
BOOST,520,0.91929,0.33,3.59007,3.57176,3.60838,36.62
BOOST,520,0.91929,0.34,3.59749,3.57948,3.6155,36.02
BOOST,520,0.91929,0.35,3.60467,3.58716,3.62219,35.03
BOOST,520,0.91929,0.36,3.6116,3.5944,3.62881,34.41
BOOST,520,0.91929,0.37,3.61842,3.60164,3.63519,33.55
BOOST,520,0.91929,0.38,3.62515,3.60868,3.64161,32.93
BOOST,520,0.91929,0.39,3.6317,3.61532,3.64808,32.76
BOOST,520,0.91929,0.4,3.63821,3.622,3.65442,32.42
BOOST,520,0.91929,0.41,3.64504,3.62888,3.6612,32.32
BOOST,520,0.91929,0.42,3.65176,3.63554,3.66798,32.44
BOOST,520,0.91929,0.43,3.65874,3.64254,3.67494,32.4
BOOST,520,0.91929,0.44,3.66619,3.64986,3.68252,32.66
BOOST,520,0.91929,0.45,3.67361,3.65708,3.69014,33.06
BOOST,520,0.91929,0.46,3.68172,3.66506,3.69838,33.32
BOOST,520,0.91929,0.47,3.69023,3.67326,3.7072,33.94
BOOST,520,0.91929,0.48,3.69904,3.68182,3.71626,34.44
BOOST,520,0.91929,0.49,3.70851,3.69106,3.72596,34.9
BOOST,520,0.91929,0.5,3.71813,3.7005,3.73576,35.26
BOOST,520,0.91929,0.51,3.72834,3.71047,3.74622,35.74
BOOST,520,0.91929,0.52,3.73873,3.72104,3.75642,35.38
BOOST,520,0.91929,0.53,3.7492,3.73149,3.76692,35.43
BOOST,520,0.91929,0.54,3.75967,3.74207,3.77727,35.2
BOOST,520,0.91929,0.55,3.77029,3.75277,3.78782,35.04
BOOST,520,0.91929,0.56,3.78052,3.76297,3.79807,35.1
BOOST,520,0.91929,0.57,3.79069,3.77317,3.80822,35.04
BOOST,520,0.91929,0.58,3.8011,3.78369,3.81852,34.82
BOOST,520,0.91929,0.59,3.8113,3.794,3.82859,34.59
BOOST,520,0.91929,0.6,3.82167,3.80457,3.83878,34.21
BOOST,520,0.91929,0.61,3.83208,3.81519,3.84897,33.78
BOOST,520,0.91929,0.62,3.84225,3.82562,3.85888,33.26
BOOST,520,0.91929,0.63,3.85265,3.83638,3.86892,32.54
BOOST,520,0.91929,0.64,3.86272,3.84712,3.87832,31.21
BOOST,520,0.91929,0.65,3.87294,3.85789,3.888,30.1
BOOST,520,0.91929,0.66,3.88275,3.8685,3.897,28.49
BOOST,520,0.91929,0.67,3.89176,3.87792,3.9056,27.68
BOOST,520,0.91929,0.68,3.89977,3.88642,3.91311,26.69
BOOST,520,0.91929,0.69,3.90721,3.89443,3.91999,25.56
BOOST,520,0.91929,0.7,3.91434,3.90172,3.92696,25.24
BOOST,520,0.91929,0.71,3.92158,3.90913,3.93402,24.9
BOOST,520,0.91929,0.72,3.92946,3.91683,3.94209,25.26
BOOST,520,0.91929,0.73,3.93777,3.92492,3.95062,25.7
BOOST,520,0.91929,0.74,3.94707,3.93393,3.96022,26.29
BOOST,520,0.91929,0.75,3.95737,3.94391,3.97082,26.91
BOOST,520,0.91929,0.76,3.96829,3.95443,3.98215,27.72
BOOST,520,0.91929,0.77,3.98004,3.96572,3.99436,28.64
BOOST,520,0.91929,0.78,3.99241,3.97783,4.007,29.16
BOOST,520,0.91929,0.79,4.00511,3.99013,4.0201,29.96
BOOST,520,0.91929,0.8,4.01767,4.00274,4.0326,29.86
BOOST,520,0.91929,0.81,4.02971,4.01464,4.04479,30.15
BOOST,520,0.91929,0.82,4.04102,4.02594,4.0561,30.15
BOOST,520,0.91929,0.83,4.05124,4.03616,4.06632,30.16
BOOST,520,0.91929,0.84,4.06019,4.04546,4.07492,29.46
BOOST,520,0.91929,0.85,4.06746,4.05387,4.08104,27.18
BOOST,520,0.91929,0.86,4.07239,4.06048,4.08431,23.83
BOOST,520,0.91929,0.87,4.07634,4.06558,4.08711,21.53
BOOST,520,0.91929,0.88,4.07909,4.06859,4.08958,20.99
BOOST,520,0.91929,0.89,4.08173,4.07128,4.09218,20.9
BOOST,520,0.91929,0.9,4.0844,4.07359,4.09522,21.63
BOOST,520,0.91929,0.91,4.08704,4.07579,4.09828,22.49
BOOST,520,0.91929,0.92,4.09033,4.07859,4.10206,23.47
BOOST,520,0.91929,0.93,4.09428,4.08179,4.10676,24.97
BOOST,520,0.91929,0.94,4.09881,4.08549,4.11212,26.63
BOOST,520,0.91929,0.95,4.10488,4.09069,4.11908,28.39
BOOST,520,0.91929,0.96,4.11232,4.09709,4.12754,30.45
BOOST,520,0.91929,0.97,4.12223,4.10599,4.13847,32.48
BOOST,520,0.91929,0.98,4.13551,4.11869,4.15233,33.64
BOOST,520,0.91929,0.99,4.15299,4.13659,4.1694,32.82
BOOST,595,0.91982,0.05,2.75813,2.55199,2.96426,412.27
BOOST,595,0.91982,0.06,3.02353,2.91514,3.13192,216.78
BOOST,595,0.91982,0.07,3.14433,3.05946,3.22919,169.72
BOOST,595,0.91982,0.08,3.22688,3.1552,3.29856,143.37
BOOST,595,0.91982,0.09,3.28854,3.22577,3.35131,125.54
BOOST,595,0.91982,0.1,3.32957,3.27707,3.38206,104.99
BOOST,595,0.91982,0.11,3.35542,3.31465,3.39618,81.53
BOOST,595,0.91982,0.12,3.37494,3.3428,3.40708,64.29
BOOST,595,0.91982,0.13,3.39045,3.36414,3.41676,52.61
BOOST,595,0.91982,0.14,3.40278,3.37992,3.42564,45.72
BOOST,595,0.91982,0.15,3.41317,3.39222,3.43411,41.88
BOOST,595,0.91982,0.16,3.4224,3.40259,3.44222,39.63
BOOST,595,0.91982,0.17,3.43149,3.41226,3.45072,38.46
BOOST,595,0.91982,0.18,3.44055,3.42147,3.45962,38.15
BOOST,595,0.91982,0.19,3.45019,3.4308,3.46958,38.78
BOOST,595,0.91982,0.2,3.46089,3.44126,3.48053,39.27
BOOST,595,0.91982,0.21,3.47268,3.45317,3.49219,39.01
BOOST,595,0.91982,0.22,3.48464,3.46498,3.50429,39.31
BOOST,595,0.91982,0.23,3.49635,3.47647,3.51623,39.77
BOOST,595,0.91982,0.24,3.50746,3.48722,3.5277,40.48
BOOST,595,0.91982,0.25,3.51845,3.49788,3.53903,41.15
BOOST,595,0.91982,0.26,3.52899,3.50802,3.54997,41.95
BOOST,595,0.91982,0.27,3.53877,3.5177,3.55984,42.14
BOOST,595,0.91982,0.28,3.54841,3.5273,3.56952,42.21
BOOST,595,0.91982,0.29,3.55738,3.53632,3.57845,42.13
BOOST,595,0.91982,0.3,3.56635,3.54552,3.58718,41.67
BOOST,595,0.91982,0.31,3.57485,3.55422,3.59549,41.27
BOOST,595,0.91982,0.32,3.58301,3.56302,3.603,39.98
BOOST,595,0.91982,0.33,3.59056,3.57103,3.61009,39.07
BOOST,595,0.91982,0.34,3.59808,3.57913,3.61703,37.9
BOOST,595,0.91982,0.35,3.60527,3.58662,3.62393,37.32
BOOST,595,0.91982,0.36,3.61232,3.5941,3.63054,36.43
BOOST,595,0.91982,0.37,3.61909,3.60114,3.63704,35.9
BOOST,595,0.91982,0.38,3.62579,3.60832,3.64327,34.96
BOOST,595,0.91982,0.39,3.63254,3.61523,3.64985,34.62
BOOST,595,0.91982,0.4,3.63914,3.62183,3.65644,34.62
BOOST,595,0.91982,0.41,3.64587,3.62872,3.66302,34.3
BOOST,595,0.91982,0.42,3.65278,3.63545,3.67012,34.66
BOOST,595,0.91982,0.43,3.6598,3.64242,3.67718,34.76
BOOST,595,0.91982,0.44,3.66722,3.64964,3.68479,35.14
BOOST,595,0.91982,0.45,3.67484,3.65696,3.69272,35.76
BOOST,595,0.91982,0.46,3.68304,3.66494,3.70115,36.22
BOOST,595,0.91982,0.47,3.69156,3.67305,3.71006,37.01
BOOST,595,0.91982,0.48,3.70064,3.68174,3.71955,37.82
BOOST,595,0.91982,0.49,3.71003,3.69094,3.72912,38.18
BOOST,595,0.91982,0.5,3.71985,3.70034,3.73936,39.02
BOOST,595,0.91982,0.51,3.73015,3.71052,3.74979,39.27
BOOST,595,0.91982,0.52,3.74044,3.72074,3.76014,39.4
BOOST,595,0.91982,0.53,3.75091,3.73113,3.7707,39.57
BOOST,595,0.91982,0.54,3.76143,3.74172,3.78114,39.42
BOOST,595,0.91982,0.55,3.77182,3.75223,3.79142,39.19
BOOST,595,0.91982,0.56,3.78208,3.76234,3.80182,39.48
BOOST,595,0.91982,0.57,3.79222,3.77263,3.81182,39.19
BOOST,595,0.91982,0.58,3.80252,3.78293,3.82212,39.19
BOOST,595,0.91982,0.59,3.81255,3.79304,3.83206,39.02
BOOST,595,0.91982,0.6,3.82294,3.80353,3.84236,38.83
BOOST,595,0.91982,0.61,3.83319,3.81423,3.85216,37.93
BOOST,595,0.91982,0.62,3.84354,3.82465,3.86242,37.77
BOOST,595,0.91982,0.63,3.85382,3.83552,3.87212,36.6
BOOST,595,0.91982,0.64,3.86402,3.84633,3.88172,35.39
BOOST,595,0.91982,0.65,3.87412,3.85703,3.89122,34.19
BOOST,595,0.91982,0.66,3.88407,3.86786,3.90028,32.42
BOOST,595,0.91982,0.67,3.89302,3.87757,3.90846,30.9
BOOST,595,0.91982,0.68,3.90128,3.88656,3.91601,29.45
BOOST,595,0.91982,0.69,3.90889,3.89456,3.92322,28.66
BOOST,595,0.91982,0.7,3.91597,3.90177,3.93018,28.41
BOOST,595,0.91982,0.71,3.92344,3.90927,3.93761,28.34
BOOST,595,0.91982,0.72,3.93139,3.91678,3.94601,29.23
BOOST,595,0.91982,0.73,3.93996,3.92496,3.95495,29.99
BOOST,595,0.91982,0.74,3.94955,3.93406,3.96504,30.98
BOOST,595,0.91982,0.75,3.95978,3.94356,3.976,32.43
BOOST,595,0.91982,0.76,3.97082,3.95396,3.98768,33.72
BOOST,595,0.91982,0.77,3.98282,3.96526,4.00038,35.12
BOOST,595,0.91982,0.78,3.99497,3.97686,4.01308,36.22
BOOST,595,0.91982,0.79,4.00765,3.98916,4.02613,36.96
BOOST,595,0.91982,0.8,4.01995,4.00107,4.03883,37.76
BOOST,595,0.91982,0.81,4.0317,4.01287,4.05053,37.66
BOOST,595,0.91982,0.82,4.04283,4.02398,4.06168,37.71
BOOST,595,0.91982,0.83,4.0527,4.03437,4.07104,36.66
BOOST,595,0.91982,0.84,4.06121,4.04378,4.07864,34.86
BOOST,595,0.91982,0.85,4.06769,4.05218,4.0832,31.02
BOOST,595,0.91982,0.86,4.07279,4.05939,4.08619,26.81
BOOST,595,0.91982,0.87,4.07672,4.0645,4.08894,24.45
BOOST,595,0.91982,0.88,4.07989,4.06829,4.0915,23.21
BOOST,595,0.91982,0.89,4.08255,4.0707,4.0944,23.7
BOOST,595,0.91982,0.9,4.08537,4.0732,4.09754,24.34
BOOST,595,0.91982,0.91,4.08845,4.0757,4.1012,25.5
BOOST,595,0.91982,0.92,4.09184,4.0783,4.10539,27.1
BOOST,595,0.91982,0.93,4.09617,4.0817,4.11064,28.94
BOOST,595,0.91982,0.94,4.10137,4.0855,4.11724,31.74
BOOST,595,0.91982,0.95,4.10788,4.09059,4.12516,34.57
BOOST,595,0.91982,0.96,4.11641,4.0975,4.13532,37.83
BOOST,595,0.91982,0.97,4.12731,4.10649,4.14812,41.63
BOOST,595,0.91982,0.98,4.14189,4.11969,4.16408,44.39
BOOST,595,0.91982,0.99,4.16111,4.13809,4.18414,46.04
BOOST,670,0.91208,0.06,2.87109,2.697,3.04518,348.18
BOOST,670,0.91208,0.07,3.06991,2.96206,3.17776,215.7
BOOST,670,0.91208,0.08,3.17506,3.08764,3.26248,174.84
BOOST,670,0.91208,0.09,3.25009,3.17546,3.32471,149.25
BOOST,670,0.91208,0.1,3.3051,3.24096,3.36924,128.28
BOOST,670,0.91208,0.11,3.33973,3.28888,3.39058,101.7
BOOST,670,0.91208,0.12,3.36338,3.32382,3.40294,79.12
BOOST,670,0.91208,0.13,3.38169,3.35022,3.41315,62.93
BOOST,670,0.91208,0.14,3.39632,3.37008,3.42255,52.47
BOOST,670,0.91208,0.15,3.4078,3.38456,3.43105,46.49
BOOST,670,0.91208,0.16,3.41778,3.3963,3.43926,42.96
BOOST,670,0.91208,0.17,3.42705,3.40646,3.44764,41.18
BOOST,670,0.91208,0.18,3.43609,3.41602,3.45615,40.13
BOOST,670,0.91208,0.19,3.44555,3.42544,3.46566,40.22
BOOST,670,0.91208,0.2,3.45554,3.43512,3.47597,40.85
BOOST,670,0.91208,0.21,3.4667,3.4463,3.4871,40.8
BOOST,670,0.91208,0.22,3.47859,3.458,3.49918,41.18
BOOST,670,0.91208,0.23,3.49035,3.4697,3.51099,41.29
BOOST,670,0.91208,0.24,3.50191,3.48092,3.5229,41.98
BOOST,670,0.91208,0.25,3.51283,3.49157,3.5341,42.53
BOOST,670,0.91208,0.26,3.52372,3.50214,3.5453,43.16
BOOST,670,0.91208,0.27,3.53394,3.512,3.55587,43.87
BOOST,670,0.91208,0.28,3.54362,3.52176,3.56549,43.73
BOOST,670,0.91208,0.29,3.55293,3.53117,3.5747,43.53
BOOST,670,0.91208,0.3,3.56203,3.54019,3.58387,43.68
BOOST,670,0.91208,0.31,3.57079,3.54939,3.59219,42.8
BOOST,670,0.91208,0.32,3.57914,3.5581,3.60018,42.08
BOOST,670,0.91208,0.33,3.58711,3.56657,3.60765,41.08
BOOST,670,0.91208,0.34,3.59469,3.5748,3.61457,39.77
BOOST,670,0.91208,0.35,3.60209,3.5825,3.62168,39.17
BOOST,670,0.91208,0.36,3.60934,3.5902,3.62848,38.28
BOOST,670,0.91208,0.37,3.61614,3.5974,3.63488,37.48
BOOST,670,0.91208,0.38,3.62318,3.60479,3.64157,36.78
BOOST,670,0.91208,0.39,3.62983,3.61162,3.64805,36.43
BOOST,670,0.91208,0.4,3.63651,3.61852,3.6545,35.98
BOOST,670,0.91208,0.41,3.64336,3.62542,3.6613,35.88
BOOST,670,0.91208,0.42,3.65019,3.6323,3.66808,35.78
BOOST,670,0.91208,0.43,3.65727,3.63922,3.67531,36.09
BOOST,670,0.91208,0.44,3.66463,3.64639,3.68288,36.49
BOOST,670,0.91208,0.45,3.67222,3.6538,3.69063,36.82
BOOST,670,0.91208,0.46,3.68026,3.66141,3.69911,37.7
BOOST,670,0.91208,0.47,3.68876,3.66972,3.70781,38.1
BOOST,670,0.91208,0.48,3.69759,3.67803,3.71714,39.12
BOOST,670,0.91208,0.49,3.70706,3.6873,3.72681,39.51
BOOST,670,0.91208,0.5,3.71674,3.69663,3.73686,40.23
BOOST,670,0.91208,0.51,3.727,3.70668,3.74733,40.65
BOOST,670,0.91208,0.52,3.73722,3.71682,3.75763,40.81
BOOST,670,0.91208,0.53,3.74786,3.72737,3.76836,40.99
BOOST,670,0.91208,0.54,3.75824,3.73789,3.77858,40.69
BOOST,670,0.91208,0.55,3.76868,3.74819,3.78916,40.97
BOOST,670,0.91208,0.56,3.77894,3.75868,3.7992,40.52
BOOST,670,0.91208,0.57,3.78919,3.76889,3.80948,40.59
BOOST,670,0.91208,0.58,3.79917,3.7788,3.81954,40.74
BOOST,670,0.91208,0.59,3.80924,3.7891,3.82938,40.28
BOOST,670,0.91208,0.6,3.81958,3.79959,3.83956,39.97
BOOST,670,0.91208,0.61,3.82958,3.80979,3.84936,39.57
BOOST,670,0.91208,0.62,3.83994,3.8204,3.85948,39.08
BOOST,670,0.91208,0.63,3.85008,3.83089,3.86926,38.37
BOOST,670,0.91208,0.64,3.86008,3.84149,3.87866,37.17
BOOST,670,0.91208,0.65,3.87009,3.85203,3.88816,36.13
BOOST,670,0.91208,0.66,3.88017,3.86281,3.89752,34.71
BOOST,670,0.91208,0.67,3.88951,3.87294,3.90607,33.12
BOOST,670,0.91208,0.68,3.89839,3.88261,3.91417,31.56
BOOST,670,0.91208,0.69,3.90619,3.89104,3.92134,30.31
BOOST,670,0.91208,0.7,3.91365,3.89864,3.92867,30.03
BOOST,670,0.91208,0.71,3.92108,3.90604,3.93612,30.08
BOOST,670,0.91208,0.72,3.92886,3.91364,3.94407,30.42
BOOST,670,0.91208,0.73,3.93747,3.92165,3.95329,31.64
BOOST,670,0.91208,0.74,3.94667,3.93034,3.96299,32.65
BOOST,670,0.91208,0.75,3.95689,3.93995,3.97384,33.89
BOOST,670,0.91208,0.76,3.96769,3.94994,3.98544,35.5
BOOST,670,0.91208,0.77,3.97947,3.96104,3.99789,36.85
BOOST,670,0.91208,0.78,3.99159,3.97235,4.01084,38.49
BOOST,670,0.91208,0.79,4.0041,3.98443,4.02378,39.35
BOOST,670,0.91208,0.8,4.01639,3.99625,4.03654,40.29
BOOST,670,0.91208,0.81,4.02842,4.00815,4.0487,40.55
BOOST,670,0.91208,0.82,4.03951,4.01917,4.05985,40.68
BOOST,670,0.91208,0.83,4.04987,4.02985,4.0699,40.04
BOOST,670,0.91208,0.84,4.05856,4.03947,4.07764,38.17
BOOST,670,0.91208,0.85,4.06564,4.04846,4.08281,34.35
BOOST,670,0.91208,0.86,4.07099,4.05598,4.086,30.02
BOOST,670,0.91208,0.87,4.07553,4.06238,4.08868,26.31
BOOST,670,0.91208,0.88,4.07899,4.0665,4.09148,24.99
BOOST,670,0.91208,0.89,4.08206,4.06969,4.09443,24.74
BOOST,670,0.91208,0.9,4.08484,4.0722,4.09748,25.29
BOOST,670,0.91208,0.91,4.08792,4.07449,4.10134,26.85
BOOST,670,0.91208,0.92,4.09164,4.07749,4.1058,28.3
BOOST,670,0.91208,0.93,4.09569,4.0804,4.11099,30.6
BOOST,670,0.91208,0.94,4.10104,4.08439,4.11769,33.3
BOOST,670,0.91208,0.95,4.10736,4.08909,4.12562,36.53
BOOST,670,0.91208,0.96,4.11579,4.09579,4.13578,39.99
BOOST,670,0.91208,0.97,4.12664,4.10459,4.14868,44.09
BOOST,670,0.91208,0.98,4.14077,4.11709,4.16445,47.36
BOOST,670,0.91208,0.99,4.15965,4.13519,4.18411,48.91
BOOST,745,0.90447,0.07,2.94748,2.7951,3.09986,304.76
BOOST,745,0.90447,0.08,3.10364,2.99434,3.21293,218.59
BOOST,745,0.90447,0.09,3.19846,3.10764,3.28928,181.65
BOOST,745,0.90447,0.1,3.26744,3.18964,3.34524,155.6
BOOST,745,0.90447,0.11,3.31601,3.25073,3.38129,130.56
BOOST,745,0.90447,0.12,3.34718,3.29696,3.3974,100.44
BOOST,745,0.90447,0.13,3.37,3.3314,3.4086,77.2
BOOST,745,0.90447,0.14,3.38758,3.35671,3.41845,61.73
BOOST,745,0.90447,0.15,3.4014,3.37536,3.42745,52.09
BOOST,745,0.90447,0.16,3.41251,3.38924,3.43579,46.55
BOOST,745,0.90447,0.17,3.42223,3.40054,3.44392,43.38
BOOST,745,0.90447,0.18,3.4315,3.41057,3.45242,41.85
BOOST,745,0.90447,0.19,3.4406,3.41987,3.46133,41.45
BOOST,745,0.90447,0.2,3.4502,3.42944,3.47096,41.52
BOOST,745,0.90447,0.21,3.46077,3.43957,3.48197,42.39
BOOST,745,0.90447,0.22,3.47217,3.45074,3.4936,42.86
BOOST,745,0.90447,0.23,3.48411,3.46254,3.50567,43.13
BOOST,745,0.90447,0.24,3.49597,3.47414,3.51781,43.67
BOOST,745,0.90447,0.25,3.50705,3.48486,3.52925,44.39
BOOST,745,0.90447,0.26,3.51805,3.49564,3.54045,44.81
BOOST,745,0.90447,0.27,3.52857,3.50589,3.55125,45.36
BOOST,745,0.90447,0.28,3.53861,3.51586,3.56136,45.5
BOOST,745,0.90447,0.29,3.54824,3.52549,3.57099,45.5
BOOST,745,0.90447,0.3,3.5574,3.53477,3.58002,45.25
BOOST,745,0.90447,0.31,3.5665,3.54404,3.58896,44.92
BOOST,745,0.90447,0.32,3.57502,3.55299,3.59706,44.07
BOOST,745,0.90447,0.33,3.58328,3.56159,3.60496,43.38
BOOST,745,0.90447,0.34,3.59114,3.57016,3.61213,41.97
BOOST,745,0.90447,0.35,3.59862,3.578,3.61923,41.23
BOOST,745,0.90447,0.36,3.6061,3.58597,3.62623,40.26
BOOST,745,0.90447,0.37,3.61308,3.59342,3.63274,39.32
BOOST,745,0.90447,0.38,3.62009,3.6007,3.63948,38.77
BOOST,745,0.90447,0.39,3.6271,3.60819,3.64602,37.83
BOOST,745,0.90447,0.4,3.63379,3.6151,3.65248,37.38
BOOST,745,0.90447,0.41,3.64084,3.6224,3.65928,36.88
BOOST,745,0.90447,0.42,3.64774,3.62932,3.66616,36.84
BOOST,745,0.90447,0.43,3.65472,3.6363,3.67314,36.84
BOOST,745,0.90447,0.44,3.66211,3.6435,3.68072,37.22
BOOST,745,0.90447,0.45,3.66959,3.65074,3.68844,37.7
BOOST,745,0.90447,0.46,3.67753,3.6584,3.69666,38.26
BOOST,745,0.90447,0.47,3.6859,3.66643,3.70538,38.95
BOOST,745,0.90447,0.48,3.69461,3.67472,3.7145,39.78
BOOST,745,0.90447,0.49,3.70398,3.68372,3.72425,40.54
BOOST,745,0.90447,0.5,3.71363,3.69302,3.73425,41.24
BOOST,745,0.90447,0.51,3.72362,3.70278,3.74445,41.67
BOOST,745,0.90447,0.52,3.73388,3.71282,3.75494,42.12
BOOST,745,0.90447,0.53,3.74444,3.72328,3.7656,42.32
BOOST,745,0.90447,0.54,3.75481,3.73362,3.776,42.38
BOOST,745,0.90447,0.55,3.76529,3.74409,3.7865,42.4
BOOST,745,0.90447,0.56,3.77559,3.75459,3.7966,42.0
BOOST,745,0.90447,0.57,3.78563,3.76452,3.80674,42.22
BOOST,745,0.90447,0.58,3.79582,3.77489,3.81674,41.85
BOOST,745,0.90447,0.59,3.80578,3.7848,3.82675,41.95
BOOST,745,0.90447,0.6,3.81578,3.79507,3.8365,41.43
BOOST,745,0.90447,0.61,3.82589,3.80539,3.8464,41.0
BOOST,745,0.90447,0.62,3.83604,3.81569,3.85638,40.69
BOOST,745,0.90447,0.63,3.84602,3.8259,3.86614,40.23
BOOST,745,0.90447,0.64,3.85603,3.83647,3.87558,39.12
BOOST,745,0.90447,0.65,3.86595,3.84672,3.88518,38.47
BOOST,745,0.90447,0.66,3.87576,3.85714,3.89439,37.25
BOOST,745,0.90447,0.67,3.8854,3.86762,3.90318,35.56
BOOST,745,0.90447,0.68,3.89456,3.87743,3.91168,34.25
BOOST,745,0.90447,0.69,3.90322,3.88691,3.91954,32.62
BOOST,745,0.90447,0.7,3.91101,3.89534,3.92669,31.35
BOOST,745,0.90447,0.71,3.91867,3.90306,3.93428,31.23
BOOST,745,0.90447,0.72,3.92651,3.91073,3.94229,31.56
BOOST,745,0.90447,0.73,3.93479,3.91865,3.95093,32.28
BOOST,745,0.90447,0.74,3.94386,3.92694,3.96078,33.84
BOOST,745,0.90447,0.75,3.95374,3.93614,3.97133,35.19
BOOST,745,0.90447,0.76,3.96461,3.94613,3.98308,36.95
BOOST,745,0.90447,0.77,3.97586,3.95654,3.99518,38.64
BOOST,745,0.90447,0.78,3.98807,3.96803,4.00812,40.1
BOOST,745,0.90447,0.79,4.00028,3.97944,4.02113,41.7
BOOST,745,0.90447,0.8,4.0127,3.99143,4.03398,42.55
BOOST,745,0.90447,0.81,4.02474,4.00305,4.04642,43.37
BOOST,745,0.90447,0.82,4.03601,4.01425,4.05777,43.52
BOOST,745,0.90447,0.83,4.04525,4.02505,4.06544,40.39
BOOST,745,0.90447,0.84,4.05519,4.03477,4.07561,40.84
BOOST,745,0.90447,0.85,4.06311,4.04406,4.08216,38.09
BOOST,745,0.90447,0.86,4.069,4.05237,4.08563,33.25
BOOST,745,0.90447,0.87,4.07384,4.05918,4.08849,29.31
BOOST,745,0.90447,0.88,4.07802,4.06468,4.09136,26.67
BOOST,745,0.90447,0.89,4.08115,4.06809,4.0942,26.11
BOOST,745,0.90447,0.9,4.08418,4.07099,4.09736,26.37
BOOST,745,0.90447,0.91,4.0873,4.0734,4.10119,27.79
BOOST,745,0.90447,0.92,4.09076,4.076,4.10553,29.53
BOOST,745,0.90447,0.93,4.09509,4.0791,4.11108,31.99
BOOST,745,0.90447,0.94,4.10011,4.08259,4.11762,35.03
BOOST,745,0.90447,0.95,4.10658,4.08729,4.12588,38.58
BOOST,745,0.90447,0.96,4.11477,4.09359,4.13594,42.35
BOOST,745,0.90447,0.97,4.12546,4.10229,4.14863,46.34
BOOST,745,0.90447,0.98,4.13951,4.11459,4.16443,49.84
BOOST,745,0.90447,0.99,4.15816,4.13249,4.18382,51.33
BOOST,820,0.89602,0.08,3.0072,2.86768,3.14672,279.04
BOOST,820,0.89602,0.09,3.1362,3.02725,3.24515,217.9
BOOST,820,0.89602,0.1,3.2222,3.1308,3.3136,182.8
BOOST,820,0.89602,0.11,3.28555,3.20789,3.36321,155.32
BOOST,820,0.89602,0.12,3.32831,3.26594,3.39068,124.74
BOOST,820,0.89602,0.13,3.35595,3.30804,3.40387,95.84
BOOST,820,0.89602,0.14,3.37704,3.33952,3.41456,75.05
BOOST,820,0.89602,0.15,3.39338,3.36284,3.42391,61.06
BOOST,820,0.89602,0.16,3.40615,3.37997,3.43232,52.36
BOOST,820,0.89602,0.17,3.41698,3.39326,3.44071,47.46
BOOST,820,0.89602,0.18,3.42653,3.40402,3.44904,45.02
BOOST,820,0.89602,0.19,3.43586,3.4139,3.45782,43.91
BOOST,820,0.89602,0.2,3.4455,3.4236,3.4674,43.79
BOOST,820,0.89602,0.21,3.45536,3.4331,3.47762,44.52
BOOST,820,0.89602,0.22,3.46629,3.44378,3.48879,45.01
BOOST,820,0.89602,0.23,3.47785,3.45519,3.50051,45.31
BOOST,820,0.89602,0.24,3.4895,3.46679,3.5122,45.41
BOOST,820,0.89602,0.25,3.5011,3.4781,3.5241,46.0
BOOST,820,0.89602,0.26,3.51206,3.48879,3.53532,46.53
BOOST,820,0.89602,0.27,3.52294,3.49948,3.54641,46.93
BOOST,820,0.89602,0.28,3.53337,3.50962,3.55712,47.5
BOOST,820,0.89602,0.29,3.54321,3.51958,3.56685,47.27
BOOST,820,0.89602,0.3,3.55268,3.52903,3.57633,47.3
BOOST,820,0.89602,0.31,3.56182,3.53839,3.58525,46.86
BOOST,820,0.89602,0.32,3.57069,3.54743,3.59395,46.52
BOOST,820,0.89602,0.33,3.57922,3.55649,3.60196,45.46
BOOST,820,0.89602,0.34,3.58739,3.56513,3.60966,44.53
BOOST,820,0.89602,0.35,3.59504,3.5734,3.61667,43.26
BOOST,820,0.89602,0.36,3.60269,3.58153,3.62386,42.33
BOOST,820,0.89602,0.37,3.60985,3.58913,3.63057,41.44
BOOST,820,0.89602,0.38,3.61709,3.59682,3.63737,40.56
BOOST,820,0.89602,0.39,3.62394,3.60402,3.64387,39.86
BOOST,820,0.89602,0.4,3.631,3.61143,3.65057,39.14
BOOST,820,0.89602,0.41,3.63786,3.61834,3.65738,39.04
BOOST,820,0.89602,0.42,3.64486,3.62554,3.66418,38.64
BOOST,820,0.89602,0.43,3.65187,3.63267,3.67108,38.41
BOOST,820,0.89602,0.44,3.65926,3.63995,3.67858,38.62
BOOST,820,0.89602,0.45,3.66681,3.64745,3.68618,38.72
BOOST,820,0.89602,0.46,3.67456,3.65484,3.69427,39.43
BOOST,820,0.89602,0.47,3.68297,3.66284,3.7031,40.26
BOOST,820,0.89602,0.48,3.69157,3.67114,3.712,40.86
BOOST,820,0.89602,0.49,3.70073,3.67975,3.7217,41.95
BOOST,820,0.89602,0.5,3.71026,3.68903,3.7315,42.47
BOOST,820,0.89602,0.51,3.72031,3.69873,3.7419,43.17
BOOST,820,0.89602,0.52,3.73038,3.70855,3.7522,43.65
BOOST,820,0.89602,0.53,3.74101,3.71911,3.7629,43.79
BOOST,820,0.89602,0.54,3.75137,3.72934,3.7734,44.06
BOOST,820,0.89602,0.55,3.76171,3.73983,3.7836,43.77
BOOST,820,0.89602,0.56,3.77216,3.75033,3.794,43.67
BOOST,820,0.89602,0.57,3.78211,3.76033,3.8039,43.57
BOOST,820,0.89602,0.58,3.79236,3.77061,3.8141,43.49
BOOST,820,0.89602,0.59,3.80213,3.78044,3.82383,43.39
BOOST,820,0.89602,0.6,3.81208,3.79062,3.83354,42.92
BOOST,820,0.89602,0.61,3.82213,3.80074,3.84353,42.8
BOOST,820,0.89602,0.62,3.83193,3.81083,3.85304,42.21
BOOST,820,0.89602,0.63,3.84203,3.82122,3.86284,41.62
BOOST,820,0.89602,0.64,3.85198,3.83152,3.87243,40.91
BOOST,820,0.89602,0.65,3.86183,3.84164,3.88203,40.4
BOOST,820,0.89602,0.66,3.87174,3.85216,3.89132,39.16
BOOST,820,0.89602,0.67,3.88139,3.86246,3.90033,37.87
BOOST,820,0.89602,0.68,3.89108,3.87284,3.90932,36.48
BOOST,820,0.89602,0.69,3.89989,3.88256,3.91722,34.66
BOOST,820,0.89602,0.7,3.90821,3.89146,3.92496,33.5
BOOST,820,0.89602,0.71,3.91601,3.89957,3.93244,32.87
BOOST,820,0.89602,0.72,3.92377,3.90717,3.94036,33.2
BOOST,820,0.89602,0.73,3.93202,3.91488,3.94916,34.28
BOOST,820,0.89602,0.74,3.94086,3.92316,3.95856,35.4
BOOST,820,0.89602,0.75,3.95072,3.93226,3.96918,36.92
BOOST,820,0.89602,0.76,3.96117,3.94177,3.98057,38.8
BOOST,820,0.89602,0.77,3.97227,3.95197,3.99258,40.61
BOOST,820,0.89602,0.78,3.98433,3.96316,4.0055,42.34
BOOST,820,0.89602,0.79,3.99638,3.97437,4.0184,44.03
BOOST,820,0.89602,0.8,4.00883,3.98626,4.0314,45.14
BOOST,820,0.89602,0.81,4.02093,3.99777,4.0441,46.33
BOOST,820,0.89602,0.82,4.03249,4.00927,4.05571,46.44
BOOST,820,0.89602,0.83,4.04317,4.01987,4.06647,46.6
BOOST,820,0.89602,0.84,4.05279,4.03027,4.0753,45.02
BOOST,820,0.89602,0.85,4.06065,4.03958,4.08172,42.15
BOOST,820,0.89602,0.86,4.06685,4.04838,4.08532,36.94
BOOST,820,0.89602,0.87,4.07216,4.05579,4.08852,32.74
BOOST,820,0.89602,0.88,4.0767,4.06219,4.09121,29.02
BOOST,820,0.89602,0.89,4.08036,4.0664,4.09433,27.93
BOOST,820,0.89602,0.9,4.08347,4.0695,4.09745,27.95
BOOST,820,0.89602,0.91,4.08688,4.0724,4.10136,28.97
BOOST,820,0.89602,0.92,4.09041,4.0749,4.10592,31.02
BOOST,820,0.89602,0.93,4.0946,4.0781,4.11111,33.02
BOOST,820,0.89602,0.94,4.09964,4.0816,4.11768,36.08
BOOST,820,0.89602,0.95,4.10592,4.0862,4.12564,39.45
BOOST,820,0.89602,0.96,4.11412,4.09249,4.13574,43.25
BOOST,820,0.89602,0.97,4.1244,4.1007,4.1481,47.4
BOOST,820,0.89602,0.98,4.13786,4.1124,4.16332,50.92
BOOST,820,0.89602,0.99,4.15607,4.1297,4.18244,52.74
BOOST,895,0.89715,0.08,2.97708,2.8227,3.13146,308.76
BOOST,895,0.89715,0.09,3.12176,3.00603,3.23749,231.46
BOOST,895,0.89715,0.1,3.21166,3.11348,3.30984,196.37
BOOST,895,0.89715,0.11,3.27736,3.19301,3.36171,168.7
BOOST,895,0.89715,0.12,3.32301,3.25402,3.39199,137.97
BOOST,895,0.89715,0.13,3.35281,3.29931,3.40631,107.0
BOOST,895,0.89715,0.14,3.3746,3.33255,3.41665,84.1
BOOST,895,0.89715,0.15,3.3918,3.35757,3.42603,68.47
BOOST,895,0.89715,0.16,3.40522,3.37596,3.43447,58.51
BOOST,895,0.89715,0.17,3.41626,3.39004,3.44249,52.46
BOOST,895,0.89715,0.18,3.42613,3.40138,3.45088,49.49
BOOST,895,0.89715,0.19,3.43553,3.41176,3.4593,47.54
BOOST,895,0.89715,0.2,3.445,3.42153,3.46846,46.93
BOOST,895,0.89715,0.21,3.45505,3.43156,3.47855,46.99
BOOST,895,0.89715,0.22,3.46587,3.44201,3.48974,47.73
BOOST,895,0.89715,0.23,3.47722,3.45331,3.50114,47.83
BOOST,895,0.89715,0.24,3.48901,3.46488,3.51314,48.26
BOOST,895,0.89715,0.25,3.50053,3.47632,3.52474,48.42
BOOST,895,0.89715,0.26,3.51153,3.48692,3.53613,49.21
BOOST,895,0.89715,0.27,3.52013,3.49762,3.54264,45.02
BOOST,895,0.89715,0.28,3.53145,3.50776,3.55515,47.39
BOOST,895,0.89715,0.29,3.54184,3.51772,3.56596,48.24
BOOST,895,0.89715,0.3,3.55186,3.52754,3.57618,48.64
BOOST,895,0.89715,0.31,3.56123,3.53678,3.58568,48.9
BOOST,895,0.89715,0.32,3.57027,3.54594,3.59459,48.65
BOOST,895,0.89715,0.33,3.57909,3.55516,3.60302,47.86
BOOST,895,0.89715,0.34,3.58742,3.56388,3.61096,47.08
BOOST,895,0.89715,0.35,3.59538,3.57262,3.61814,45.52
BOOST,895,0.89715,0.36,3.60313,3.58078,3.62548,44.7
BOOST,895,0.89715,0.37,3.61032,3.5884,3.63224,43.84
BOOST,895,0.89715,0.38,3.61771,3.5962,3.63921,43.01
BOOST,895,0.89715,0.39,3.62477,3.60352,3.64603,42.51
BOOST,895,0.89715,0.4,3.63165,3.61069,3.65261,41.93
BOOST,895,0.89715,0.41,3.6388,3.618,3.6596,41.6
BOOST,895,0.89715,0.42,3.64569,3.62494,3.66644,41.5
BOOST,895,0.89715,0.43,3.6528,3.632,3.6736,41.6
BOOST,895,0.89715,0.44,3.66026,3.6393,3.68122,41.92
BOOST,895,0.89715,0.45,3.66781,3.64654,3.68909,42.55
BOOST,895,0.89715,0.46,3.67589,3.65419,3.69759,43.4
BOOST,895,0.89715,0.47,3.68429,3.6624,3.70617,43.77
BOOST,895,0.89715,0.48,3.69304,3.67052,3.71556,45.04
BOOST,895,0.89715,0.49,3.70243,3.67958,3.72527,45.69
BOOST,895,0.89715,0.5,3.71194,3.6887,3.73517,46.47
BOOST,895,0.89715,0.51,3.72203,3.69839,3.74567,47.28
BOOST,895,0.89715,0.52,3.73234,3.7086,3.75607,47.47
BOOST,895,0.89715,0.53,3.74267,3.71879,3.76656,47.76
BOOST,895,0.89715,0.54,3.75327,3.72949,3.77706,47.56
BOOST,895,0.89715,0.55,3.76363,3.73982,3.78744,47.62
BOOST,895,0.89715,0.56,3.7738,3.7501,3.79749,47.38
BOOST,895,0.89715,0.57,3.78397,3.76039,3.80754,47.15
BOOST,895,0.89715,0.58,3.7939,3.77049,3.8173,46.81
BOOST,895,0.89715,0.59,3.80374,3.7804,3.82707,46.67
BOOST,895,0.89715,0.6,3.81338,3.79009,3.83667,46.58
BOOST,895,0.89715,0.61,3.82355,3.80054,3.84657,46.04
BOOST,895,0.89715,0.62,3.83335,3.81073,3.85597,45.24
BOOST,895,0.89715,0.63,3.84335,3.82104,3.86566,44.61
BOOST,895,0.89715,0.64,3.85335,3.83162,3.87509,43.47
BOOST,895,0.89715,0.65,3.86312,3.84184,3.88439,42.54
BOOST,895,0.89715,0.66,3.87299,3.85202,3.89396,41.94
BOOST,895,0.89715,0.67,3.88265,3.86222,3.90309,40.87
BOOST,895,0.89715,0.68,3.89197,3.87203,3.9119,39.88
BOOST,895,0.89715,0.69,3.90091,3.88153,3.92029,38.76
BOOST,895,0.89715,0.7,3.90907,3.89024,3.9279,37.67
BOOST,895,0.89715,0.71,3.91711,3.89836,3.93587,37.51
BOOST,895,0.89715,0.72,3.92498,3.90594,3.94402,38.08
BOOST,895,0.89715,0.73,3.93332,3.91366,3.95299,39.33
BOOST,895,0.89715,0.74,3.9424,3.92166,3.96314,41.48
BOOST,895,0.89715,0.75,3.95211,3.93044,3.97377,43.33
BOOST,895,0.89715,0.76,3.96268,3.93985,3.98552,45.68
BOOST,895,0.89715,0.77,3.97384,3.94965,3.99802,48.37
BOOST,895,0.89715,0.78,3.98548,3.96014,4.01082,50.68
BOOST,895,0.89715,0.79,3.99767,3.97125,4.02409,52.85
BOOST,895,0.89715,0.8,4.00964,3.98245,4.03682,54.37
BOOST,895,0.89715,0.81,4.02134,3.99365,4.04904,55.39
BOOST,895,0.89715,0.82,4.03285,4.00504,4.06066,55.62
BOOST,895,0.89715,0.83,4.04312,4.01566,4.07057,54.91
BOOST,895,0.89715,0.84,4.05224,4.02566,4.07882,53.16
BOOST,895,0.89715,0.85,4.05932,4.03497,4.08367,48.69
BOOST,895,0.89715,0.86,4.06532,4.04367,4.08697,43.3
BOOST,895,0.89715,0.87,4.07092,4.05178,4.09007,38.29
BOOST,895,0.89715,0.88,4.07563,4.05828,4.09297,34.69
BOOST,895,0.89715,0.89,4.08021,4.06399,4.09644,32.45
BOOST,895,0.89715,0.9,4.08397,4.06779,4.10015,32.36
BOOST,895,0.89715,0.91,4.08756,4.07089,4.10424,33.34
BOOST,895,0.89715,0.92,4.09166,4.0738,4.10952,35.72
BOOST,895,0.89715,0.93,4.09627,4.0769,4.11564,38.74
BOOST,895,0.89715,0.94,4.10193,4.08059,4.12327,42.68
BOOST,895,0.89715,0.95,4.10878,4.0848,4.13277,47.98
BOOST,895,0.89715,0.96,4.11748,4.09069,4.14427,53.58
BOOST,895,0.89715,0.97,4.12863,4.09839,4.15888,60.48
BOOST,895,0.89715,0.98,4.14323,4.10999,4.17646,66.47
BOOST,895,0.89715,0.99,4.16267,4.12719,4.19815,70.95
BOOST,970,0.88458,0.09,3.01557,2.86116,3.16999,308.83
BOOST,970,0.88458,0.1,3.14195,3.01998,3.26392,243.94
BOOST,970,0.88458,0.11,3.22763,3.12562,3.32964,204.02
BOOST,970,0.88458,0.12,3.2902,3.20413,3.37626,172.13
BOOST,970,0.88458,0.13,3.33227,3.26424,3.4003,136.06
BOOST,970,0.88458,0.14,3.35987,3.30718,3.41255,105.37
BOOST,970,0.88458,0.15,3.3803,3.33828,3.42231,84.03
BOOST,970,0.88458,0.16,3.39639,3.36176,3.43102,69.26
BOOST,970,0.88458,0.17,3.40921,3.37926,3.43916,59.9
BOOST,970,0.88458,0.18,3.4198,3.3926,3.447,54.4
BOOST,970,0.88458,0.19,3.42967,3.40408,3.45527,51.19
BOOST,970,0.88458,0.2,3.43917,3.41426,3.46407,49.81
BOOST,970,0.88458,0.21,3.44885,3.42412,3.47357,49.45
BOOST,970,0.88458,0.22,3.45906,3.43414,3.48398,49.84
BOOST,970,0.88458,0.23,3.46992,3.44462,3.49523,50.61
BOOST,970,0.88458,0.24,3.48161,3.4561,3.50712,51.02
BOOST,970,0.88458,0.25,3.49333,3.46762,3.51904,51.42
BOOST,970,0.88458,0.26,3.50463,3.4787,3.53055,51.85
BOOST,970,0.88458,0.27,3.51582,3.48962,3.54202,52.4
BOOST,970,0.88458,0.28,3.5265,3.50002,3.55298,52.96
BOOST,970,0.88458,0.29,3.53703,3.51032,3.56375,53.43
BOOST,970,0.88458,0.3,3.54712,3.52046,3.57378,53.32
BOOST,970,0.88458,0.31,3.5565,3.52999,3.58301,53.02
BOOST,970,0.88458,0.32,3.56578,3.53937,3.59218,52.81
BOOST,970,0.88458,0.33,3.57469,3.54867,3.60071,52.04
BOOST,970,0.88458,0.34,3.58304,3.55749,3.6086,51.11
BOOST,970,0.88458,0.35,3.59115,3.56627,3.61603,49.76
BOOST,970,0.88458,0.36,3.59891,3.5746,3.62322,48.62
BOOST,970,0.88458,0.37,3.60631,3.58247,3.63015,47.68
BOOST,970,0.88458,0.38,3.61377,3.59042,3.63711,46.69
BOOST,970,0.88458,0.39,3.62096,3.59809,3.64384,45.75
BOOST,970,0.88458,0.4,3.6282,3.60587,3.65053,44.66
BOOST,970,0.88458,0.41,3.63526,3.61319,3.65734,44.15
BOOST,970,0.88458,0.42,3.64246,3.62079,3.66413,43.34
BOOST,970,0.88458,0.43,3.64958,3.62774,3.67142,43.68
BOOST,970,0.88458,0.44,3.65686,3.635,3.67872,43.71
BOOST,970,0.88458,0.45,3.66441,3.64239,3.68644,44.05
BOOST,970,0.88458,0.46,3.6723,3.64999,3.6946,44.62
BOOST,970,0.88458,0.47,3.68042,3.6576,3.70323,45.62
BOOST,970,0.88458,0.48,3.68917,3.66602,3.71233,46.31
BOOST,970,0.88458,0.49,3.69819,3.67444,3.72194,47.5
BOOST,970,0.88458,0.5,3.70771,3.68359,3.73184,48.24
BOOST,970,0.88458,0.51,3.71752,3.6931,3.74193,48.82
BOOST,970,0.88458,0.52,3.72768,3.70283,3.75253,49.7
BOOST,970,0.88458,0.53,3.73796,3.71318,3.76274,49.56
BOOST,970,0.88458,0.54,3.74851,3.72359,3.77342,49.83
BOOST,970,0.88458,0.55,3.75886,3.73389,3.78384,49.94
BOOST,970,0.88458,0.56,3.76916,3.74439,3.79394,49.54
BOOST,970,0.88458,0.57,3.77941,3.75469,3.80414,49.44
BOOST,970,0.88458,0.58,3.78932,3.76469,3.81394,49.25
BOOST,970,0.88458,0.59,3.79913,3.77462,3.82364,49.02
BOOST,970,0.88458,0.6,3.80907,3.78472,3.83342,48.7
BOOST,970,0.88458,0.61,3.81879,3.79462,3.84297,48.36
BOOST,970,0.88458,0.62,3.82863,3.80489,3.85237,47.48
BOOST,970,0.88458,0.63,3.83845,3.81483,3.86207,47.24
BOOST,970,0.88458,0.64,3.84818,3.82499,3.87138,46.38
BOOST,970,0.88458,0.65,3.85803,3.83528,3.88077,45.49
BOOST,970,0.88458,0.66,3.86794,3.8454,3.89047,45.06
BOOST,970,0.88458,0.67,3.87774,3.8557,3.89978,44.08
BOOST,970,0.88458,0.68,3.8875,3.86593,3.90907,43.14
BOOST,970,0.88458,0.69,3.8968,3.87573,3.91787,42.14
BOOST,970,0.88458,0.7,3.90549,3.88511,3.92588,40.76
BOOST,970,0.88458,0.71,3.91366,3.89364,3.93367,40.03
BOOST,970,0.88458,0.72,3.92175,3.90144,3.94206,40.63
BOOST,970,0.88458,0.73,3.93015,3.90933,3.95097,41.64
BOOST,970,0.88458,0.74,3.93872,3.91705,3.9604,43.35
BOOST,970,0.88458,0.75,3.94842,3.92563,3.9712,45.57
BOOST,970,0.88458,0.76,3.95847,3.93454,3.9824,47.86
BOOST,970,0.88458,0.77,3.96942,3.94404,3.9948,50.76
BOOST,970,0.88458,0.78,3.98081,3.95423,4.0074,53.17
BOOST,970,0.88458,0.79,3.99272,3.96494,4.0205,55.56
BOOST,970,0.88458,0.8,4.00467,3.97574,4.0336,57.86
BOOST,970,0.88458,0.81,4.01651,3.98703,4.046,58.97
BOOST,970,0.88458,0.82,4.02802,3.99815,4.0579,59.75
BOOST,970,0.88458,0.83,4.03877,4.00885,4.0687,59.85
BOOST,970,0.88458,0.84,4.04828,4.01916,4.0774,58.24
BOOST,970,0.88458,0.85,4.05609,4.02887,4.0833,54.43
BOOST,970,0.88458,0.86,4.06243,4.03796,4.0869,48.94
BOOST,970,0.88458,0.87,4.06819,4.04658,4.0898,43.22
BOOST,970,0.88458,0.88,4.0736,4.05399,4.09321,39.23
BOOST,970,0.88458,0.89,4.0784,4.06038,4.09641,36.03
BOOST,970,0.88458,0.9,4.08286,4.06539,4.10032,34.93
BOOST,970,0.88458,0.91,4.0867,4.06849,4.10491,36.42
BOOST,970,0.88458,0.92,4.0908,4.07149,4.11012,38.63
BOOST,970,0.88458,0.93,4.09551,4.0744,4.11662,42.23
BOOST,970,0.88458,0.94,4.10126,4.07799,4.12452,46.53
BOOST,970,0.88458,0.95,4.10826,4.08259,4.13394,51.34
BOOST,970,0.88458,0.96,4.11707,4.08809,4.14604,57.95
BOOST,970,0.88458,0.97,4.12818,4.09599,4.16036,64.36
BOOST,970,0.88458,0.98,4.14273,4.10709,4.17836,71.27
BOOST,970,0.88458,0.99,4.16165,4.12379,4.1995,75.71
BOOST,1045,0.87624,0.09,2.83395,2.61226,3.05563,443.37
BOOST,1045,0.87624,0.1,3.04857,2.9016,3.19553,293.93
BOOST,1045,0.87624,0.11,3.15969,3.03746,3.28191,244.44
BOOST,1045,0.87624,0.12,3.23773,3.13215,3.34332,211.17
BOOST,1045,0.87624,0.13,3.29563,3.20546,3.38579,180.33
BOOST,1045,0.87624,0.14,3.33448,3.26296,3.40601,143.06
BOOST,1045,0.87624,0.15,3.3616,3.30596,3.41724,111.28
BOOST,1045,0.87624,0.16,3.38235,3.3383,3.42639,88.09
BOOST,1045,0.87624,0.17,3.39825,3.36207,3.43443,72.36
BOOST,1045,0.87624,0.18,3.41123,3.37989,3.44257,62.68
BOOST,1045,0.87624,0.19,3.42206,3.39362,3.45049,56.87
BOOST,1045,0.87624,0.2,3.43187,3.40493,3.45881,53.88
BOOST,1045,0.87624,0.21,3.44172,3.41542,3.46801,52.59
BOOST,1045,0.87624,0.22,3.45161,3.42515,3.47807,52.92
BOOST,1045,0.87624,0.23,3.46214,3.43532,3.48895,53.63
BOOST,1045,0.87624,0.24,3.47334,3.44603,3.50065,54.62
BOOST,1045,0.87624,0.25,3.48501,3.45746,3.51255,55.09
BOOST,1045,0.87624,0.26,3.49688,3.46906,3.5247,55.64
BOOST,1045,0.87624,0.27,3.50813,3.48007,3.5362,56.13
BOOST,1045,0.87624,0.28,3.51908,3.49076,3.5474,56.63
BOOST,1045,0.87624,0.29,3.52992,3.50146,3.55838,56.92
BOOST,1045,0.87624,0.3,3.54012,3.51157,3.56866,57.09
BOOST,1045,0.87624,0.31,3.55014,3.52156,3.57872,57.16
BOOST,1045,0.87624,0.32,3.55961,3.53127,3.58794,56.67
BOOST,1045,0.87624,0.33,3.56867,3.54058,3.59676,56.19
BOOST,1045,0.87624,0.34,3.57744,3.54977,3.6051,55.33
BOOST,1045,0.87624,0.35,3.58593,3.55897,3.61289,53.92
BOOST,1045,0.87624,0.36,3.59384,3.56747,3.62021,52.73
BOOST,1045,0.87624,0.37,3.60164,3.57606,3.62721,51.14
BOOST,1045,0.87624,0.38,3.60909,3.58398,3.63419,50.21
BOOST,1045,0.87624,0.39,3.61642,3.59178,3.64107,49.29
BOOST,1045,0.87624,0.4,3.62375,3.59958,3.64791,48.34
BOOST,1045,0.87624,0.41,3.63077,3.60698,3.65456,47.58
BOOST,1045,0.87624,0.42,3.63789,3.61437,3.6614,47.03
BOOST,1045,0.87624,0.43,3.64502,3.62148,3.66856,47.08
BOOST,1045,0.87624,0.44,3.65207,3.62848,3.67566,47.18
BOOST,1045,0.87624,0.45,3.65973,3.636,3.68346,47.46
BOOST,1045,0.87624,0.46,3.66761,3.6439,3.69132,47.42
BOOST,1045,0.87624,0.47,3.6757,3.6517,3.69971,48.01
BOOST,1045,0.87624,0.48,3.6845,3.6602,3.70881,48.61
BOOST,1045,0.87624,0.49,3.69333,3.6686,3.71805,49.45
BOOST,1045,0.87624,0.5,3.70283,3.6775,3.72815,50.65
BOOST,1045,0.87624,0.51,3.71242,3.6867,3.73814,51.44
BOOST,1045,0.87624,0.52,3.72244,3.6962,3.74868,52.48
BOOST,1045,0.87624,0.53,3.73267,3.7063,3.75904,52.74
BOOST,1045,0.87624,0.54,3.74297,3.7164,3.76953,53.13
BOOST,1045,0.87624,0.55,3.75342,3.7269,3.77994,53.04
BOOST,1045,0.87624,0.56,3.76367,3.7372,3.79013,52.93
BOOST,1045,0.87624,0.57,3.77384,3.7475,3.80019,52.69
BOOST,1045,0.87624,0.58,3.78384,3.7576,3.81008,52.48
BOOST,1045,0.87624,0.59,3.79377,3.7678,3.81974,51.94
BOOST,1045,0.87624,0.6,3.80362,3.7778,3.82943,51.63
BOOST,1045,0.87624,0.61,3.81317,3.7874,3.83894,51.54
BOOST,1045,0.87624,0.62,3.82287,3.7975,3.84823,50.73
BOOST,1045,0.87624,0.63,3.83248,3.8073,3.85767,50.37
BOOST,1045,0.87624,0.64,3.84231,3.8175,3.86712,49.62
BOOST,1045,0.87624,0.65,3.85188,3.8275,3.87627,48.77
BOOST,1045,0.87624,0.66,3.86166,3.8374,3.88592,48.52
BOOST,1045,0.87624,0.67,3.87148,3.84759,3.89536,47.77
BOOST,1045,0.87624,0.68,3.8814,3.85779,3.90502,47.22
BOOST,1045,0.87624,0.69,3.89113,3.86789,3.91437,46.48
BOOST,1045,0.87624,0.7,3.90035,3.87779,3.92291,45.11
BOOST,1045,0.87624,0.71,3.90905,3.88709,3.93102,43.92
BOOST,1045,0.87624,0.72,3.9175,3.89579,3.93921,43.42
BOOST,1045,0.87624,0.73,3.92588,3.90389,3.94787,43.97
BOOST,1045,0.87624,0.74,3.93473,3.91209,3.95736,45.27
BOOST,1045,0.87624,0.75,3.9441,3.92049,3.96772,47.22
BOOST,1045,0.87624,0.76,3.95403,3.929,3.97907,50.08
BOOST,1045,0.87624,0.77,3.96483,3.93849,3.99117,52.68
BOOST,1045,0.87624,0.78,3.97611,3.94839,4.00382,55.43
BOOST,1045,0.87624,0.79,3.98781,3.95859,4.01703,58.43
BOOST,1045,0.87624,0.8,3.99985,3.96949,4.03022,60.73
BOOST,1045,0.87624,0.81,4.01151,3.98019,4.04282,62.63
BOOST,1045,0.87624,0.82,4.0232,3.99139,4.05502,63.63
BOOST,1045,0.87624,0.83,4.03419,4.00239,4.06599,63.61
BOOST,1045,0.87624,0.84,4.04404,4.01269,4.07539,62.7
BOOST,1045,0.87624,0.85,4.05251,4.02289,4.08214,59.25
BOOST,1045,0.87624,0.86,4.05923,4.03219,4.08627,54.08
BOOST,1045,0.87624,0.87,4.06542,4.04129,4.08956,48.27
BOOST,1045,0.87624,0.88,4.07096,4.0492,4.09272,43.53
BOOST,1045,0.87624,0.89,4.07651,4.05669,4.09632,39.63
BOOST,1045,0.87624,0.9,4.08121,4.0623,4.10011,37.81
BOOST,1045,0.87624,0.91,4.08569,4.06679,4.10458,37.79
BOOST,1045,0.87624,0.92,4.09004,4.07,4.11008,40.08
BOOST,1045,0.87624,0.93,4.09466,4.073,4.11632,43.33
BOOST,1045,0.87624,0.94,4.10027,4.0765,4.12405,47.55
BOOST,1045,0.87624,0.95,4.10695,4.0803,4.1336,53.31
BOOST,1045,0.87624,0.96,4.11535,4.0856,4.1451,59.5
BOOST,1045,0.87624,0.97,4.12617,4.0929,4.15944,66.54
BOOST,1045,0.87624,0.98,4.13985,4.1033,4.1764,73.1
BOOST,1045,0.87624,0.99,4.15858,4.1201,4.19706,76.96
BOOST,1120,0.86787,0.1,2.89253,2.68517,3.0999,414.73
BOOST,1120,0.86787,0.11,3.07469,2.92658,3.2228,296.22
BOOST,1120,0.86787,0.12,3.17557,3.04884,3.3023,253.47
BOOST,1120,0.86787,0.13,3.24801,3.13692,3.3591,222.18
BOOST,1120,0.86787,0.14,3.30136,3.20658,3.39614,189.56
BOOST,1120,0.86787,0.15,3.33762,3.26216,3.41309,150.93
BOOST,1120,0.86787,0.16,3.36387,3.3047,3.42304,118.34
BOOST,1120,0.86787,0.17,3.38427,3.33692,3.43162,94.7
BOOST,1120,0.86787,0.18,3.40012,3.3607,3.43955,78.85
BOOST,1120,0.86787,0.19,3.41293,3.37832,3.44755,69.23
BOOST,1120,0.86787,0.2,3.42398,3.392,3.45596,63.96
BOOST,1120,0.86787,0.21,3.43415,3.40384,3.46446,60.62
BOOST,1120,0.86787,0.22,3.44449,3.41492,3.47406,59.14
BOOST,1120,0.86787,0.23,3.45484,3.4255,3.48417,58.67
BOOST,1120,0.86787,0.24,3.46586,3.43614,3.49557,59.43
BOOST,1120,0.86787,0.25,3.47729,3.4474,3.50718,59.78
BOOST,1120,0.86787,0.26,3.48904,3.4589,3.51919,60.29
BOOST,1120,0.86787,0.27,3.50072,3.47006,3.53139,61.33
BOOST,1120,0.86787,0.28,3.51186,3.48092,3.54279,61.87
BOOST,1120,0.86787,0.29,3.52275,3.4917,3.5538,62.1
BOOST,1120,0.86787,0.3,3.53328,3.50206,3.56451,62.45
BOOST,1120,0.86787,0.31,3.54352,3.51222,3.57482,62.6
BOOST,1120,0.86787,0.32,3.55355,3.52227,3.58482,62.55
BOOST,1120,0.86787,0.33,3.56285,3.53177,3.59393,62.15
BOOST,1120,0.86787,0.34,3.57205,3.54137,3.60273,61.36
BOOST,1120,0.86787,0.35,3.58066,3.55039,3.61093,60.54
BOOST,1120,0.86787,0.36,3.589,3.55957,3.61842,58.85
BOOST,1120,0.86787,0.37,3.59707,3.5683,3.62583,57.53
BOOST,1120,0.86787,0.38,3.60474,3.57676,3.63273,55.98
BOOST,1120,0.86787,0.39,3.61224,3.58482,3.63966,54.84
BOOST,1120,0.86787,0.4,3.61966,3.59269,3.64663,53.94
BOOST,1120,0.86787,0.41,3.62683,3.60042,3.65325,52.83
BOOST,1120,0.86787,0.42,3.63404,3.60791,3.66016,52.25
BOOST,1120,0.86787,0.43,3.64143,3.61553,3.66734,51.81
BOOST,1120,0.86787,0.44,3.64856,3.62273,3.67438,51.66
BOOST,1120,0.86787,0.45,3.65626,3.63033,3.68218,51.86
BOOST,1120,0.86787,0.46,3.6639,3.63763,3.69017,52.54
BOOST,1120,0.86787,0.47,3.67206,3.64552,3.69861,53.09
BOOST,1120,0.86787,0.48,3.68044,3.65332,3.70757,54.26
BOOST,1120,0.86787,0.49,3.68929,3.6618,3.71678,54.98
BOOST,1120,0.86787,0.5,3.69859,3.67052,3.72667,56.16
BOOST,1120,0.86787,0.51,3.70821,3.67989,3.73652,56.63
BOOST,1120,0.86787,0.52,3.71812,3.68923,3.74701,57.78
BOOST,1120,0.86787,0.53,3.72822,3.69912,3.75733,58.21
BOOST,1120,0.86787,0.54,3.7384,3.70904,3.76776,58.72
BOOST,1120,0.86787,0.55,3.74883,3.71943,3.77823,58.8
BOOST,1120,0.86787,0.56,3.75904,3.72974,3.78833,58.58
BOOST,1120,0.86787,0.57,3.76928,3.74003,3.79853,58.5
BOOST,1120,0.86787,0.58,3.77946,3.75053,3.8084,57.87
BOOST,1120,0.86787,0.59,3.78915,3.76034,3.81796,57.62
BOOST,1120,0.86787,0.6,3.79902,3.77042,3.82763,57.21
BOOST,1120,0.86787,0.61,3.80862,3.78015,3.83708,56.93
BOOST,1120,0.86787,0.62,3.81818,3.79012,3.84624,56.12
BOOST,1120,0.86787,0.63,3.82764,3.79975,3.85553,55.78
BOOST,1120,0.86787,0.64,3.83703,3.80964,3.86443,54.79
BOOST,1120,0.86787,0.65,3.84663,3.81972,3.87354,53.82
BOOST,1120,0.86787,0.66,3.85629,3.82964,3.88294,53.3
BOOST,1120,0.86787,0.67,3.86587,3.83946,3.89228,52.82
BOOST,1120,0.86787,0.68,3.87587,3.84955,3.9022,52.65
BOOST,1120,0.86787,0.69,3.88589,3.85956,3.91222,52.66
BOOST,1120,0.86787,0.7,3.89539,3.86945,3.92134,51.89
BOOST,1120,0.86787,0.71,3.90461,3.87916,3.93006,50.9
BOOST,1120,0.86787,0.72,3.91334,3.88816,3.93852,50.36
BOOST,1120,0.86787,0.73,3.92202,3.89677,3.94728,50.51
BOOST,1120,0.86787,0.74,3.93081,3.90467,3.95694,52.27
BOOST,1120,0.86787,0.75,3.93997,3.91277,3.96718,54.41
BOOST,1120,0.86787,0.76,3.95007,3.92156,3.97858,57.02
BOOST,1120,0.86787,0.77,3.96048,3.93046,3.9905,60.04
BOOST,1120,0.86787,0.78,3.97177,3.94034,4.0032,62.86
BOOST,1120,0.86787,0.79,3.98335,3.95017,4.01654,66.37
BOOST,1120,0.86787,0.8,3.9951,3.96056,4.02964,69.08
BOOST,1120,0.86787,0.81,4.00688,3.97135,4.04241,71.06
BOOST,1120,0.86787,0.82,4.01843,3.98215,4.05472,72.56
BOOST,1120,0.86787,0.83,4.02951,3.99315,4.06587,72.72
BOOST,1120,0.86787,0.84,4.03953,4.00367,4.07539,71.73
BOOST,1120,0.86787,0.85,4.04819,4.01396,4.08242,68.46
BOOST,1120,0.86787,0.86,4.05517,4.02387,4.08647,62.6
BOOST,1120,0.86787,0.87,4.06143,4.03277,4.0901,57.32
BOOST,1120,0.86787,0.88,4.06755,4.04158,4.09352,51.95
BOOST,1120,0.86787,0.89,4.07325,4.04938,4.09712,47.74
BOOST,1120,0.86787,0.9,4.079,4.05668,4.10132,44.64
BOOST,1120,0.86787,0.91,4.08422,4.0623,4.10615,43.85
BOOST,1120,0.86787,0.92,4.08934,4.06689,4.1118,44.91
BOOST,1120,0.86787,0.93,4.09455,4.07039,4.11871,48.32
BOOST,1120,0.86787,0.94,4.10021,4.0735,4.12692,53.43
BOOST,1120,0.86787,0.95,4.10732,4.0775,4.13715,59.66
BOOST,1120,0.86787,0.96,4.11569,4.0821,4.14928,67.18
BOOST,1120,0.86787,0.97,4.12657,4.089,4.16415,75.15
BOOST,1120,0.86787,0.98,4.14037,4.0987,4.18205,83.35
BOOST,1195,0.85426,0.11,2.86128,2.64985,3.0727,422.85
BOOST,1195,0.85426,0.12,3.05632,2.9056,3.20703,301.43
BOOST,1195,0.85426,0.13,3.16113,3.03022,3.29205,261.83
BOOST,1195,0.85426,0.14,3.23483,3.11709,3.35257,235.48
BOOST,1195,0.85426,0.15,3.2906,3.18648,3.39472,208.24
BOOST,1195,0.85426,0.16,3.32899,3.24297,3.41502,172.04
BOOST,1195,0.85426,0.17,3.35672,3.28811,3.42533,137.23
BOOST,1195,0.85426,0.18,3.37854,3.32338,3.4337,110.32
BOOST,1195,0.85426,0.19,3.39572,3.35017,3.44128,91.11
BOOST,1195,0.85426,0.2,3.40934,3.36984,3.44884,79.0
BOOST,1195,0.85426,0.21,3.42103,3.38544,3.45662,71.17
BOOST,1195,0.85426,0.22,3.43155,3.39819,3.46491,66.72
BOOST,1195,0.85426,0.23,3.44181,3.40948,3.47414,64.66
BOOST,1195,0.85426,0.24,3.45212,3.42009,3.48415,64.06
BOOST,1195,0.85426,0.25,3.46272,3.43029,3.49515,64.86
BOOST,1195,0.85426,0.26,3.47412,3.44119,3.50705,65.86
BOOST,1195,0.85426,0.27,3.48572,3.45249,3.51896,66.46
BOOST,1195,0.85426,0.28,3.49752,3.46388,3.53116,67.28
BOOST,1195,0.85426,0.29,3.509,3.47528,3.54273,67.45
BOOST,1195,0.85426,0.3,3.52008,3.48629,3.55387,67.58
BOOST,1195,0.85426,0.31,3.53088,3.49692,3.56484,67.92
BOOST,1195,0.85426,0.32,3.54129,3.50748,3.5751,67.62
BOOST,1195,0.85426,0.33,3.55161,3.5178,3.58541,67.6
BOOST,1195,0.85426,0.34,3.5615,3.52782,3.59518,67.36
BOOST,1195,0.85426,0.35,3.57101,3.53778,3.60425,66.47
BOOST,1195,0.85426,0.36,3.57981,3.54712,3.61251,65.4
BOOST,1195,0.85426,0.37,3.58812,3.55612,3.62012,64.0
BOOST,1195,0.85426,0.38,3.59629,3.56509,3.62748,62.39
BOOST,1195,0.85426,0.39,3.6042,3.57372,3.63469,60.97
BOOST,1195,0.85426,0.4,3.61183,3.58193,3.64172,59.79
BOOST,1195,0.85426,0.41,3.61916,3.58973,3.6486,58.87
BOOST,1195,0.85426,0.42,3.62655,3.59772,3.65538,57.67
BOOST,1195,0.85426,0.43,3.63382,3.60532,3.66233,57.01
BOOST,1195,0.85426,0.44,3.64107,3.61276,3.66939,56.63
BOOST,1195,0.85426,0.45,3.64839,3.62005,3.67673,56.68
BOOST,1195,0.85426,0.46,3.65609,3.62765,3.68453,56.88
BOOST,1195,0.85426,0.47,3.66373,3.63506,3.6924,57.34
BOOST,1195,0.85426,0.48,3.67171,3.64255,3.70088,58.32
BOOST,1195,0.85426,0.49,3.68018,3.65044,3.70991,59.46
BOOST,1195,0.85426,0.5,3.68892,3.65884,3.71901,60.17
BOOST,1195,0.85426,0.51,3.69814,3.66734,3.72894,61.6
BOOST,1195,0.85426,0.52,3.70747,3.67604,3.73891,62.87
BOOST,1195,0.85426,0.53,3.71727,3.68554,3.74901,63.47
BOOST,1195,0.85426,0.54,3.72733,3.69514,3.75951,64.36
BOOST,1195,0.85426,0.55,3.73749,3.70523,3.76976,64.53
BOOST,1195,0.85426,0.56,3.74792,3.71573,3.78011,64.38
BOOST,1195,0.85426,0.57,3.758,3.72594,3.79006,64.11
BOOST,1195,0.85426,0.58,3.76841,3.73661,3.8002,63.59
BOOST,1195,0.85426,0.59,3.77835,3.74664,3.81006,63.42
BOOST,1195,0.85426,0.6,3.78833,3.75693,3.81974,62.81
BOOST,1195,0.85426,0.61,3.79847,3.76744,3.8295,62.06
BOOST,1195,0.85426,0.62,3.80834,3.77772,3.83896,61.24
BOOST,1195,0.85426,0.63,3.81811,3.78803,3.8482,60.17
BOOST,1195,0.85426,0.64,3.82747,3.79774,3.8572,59.47
BOOST,1195,0.85426,0.65,3.83685,3.80763,3.86607,58.44
BOOST,1195,0.85426,0.66,3.84621,3.81724,3.87517,57.93
BOOST,1195,0.85426,0.67,3.85585,3.82744,3.88426,56.82
BOOST,1195,0.85426,0.68,3.86566,3.83735,3.89397,56.62
BOOST,1195,0.85426,0.69,3.87575,3.84754,3.90396,56.42
BOOST,1195,0.85426,0.7,3.88591,3.85747,3.91436,56.89
BOOST,1195,0.85426,0.71,3.89586,3.86755,3.92417,56.62
BOOST,1195,0.85426,0.72,3.90532,3.87766,3.93299,55.33
BOOST,1195,0.85426,0.73,3.91439,3.88687,3.9419,55.04
BOOST,1195,0.85426,0.74,3.92348,3.89586,3.9511,55.24
BOOST,1195,0.85426,0.75,3.93234,3.90407,3.9606,56.53
BOOST,1195,0.85426,0.76,3.94187,3.91246,3.97128,58.82
BOOST,1195,0.85426,0.77,3.95183,3.92117,3.98249,61.33
BOOST,1195,0.85426,0.78,3.96237,3.93026,3.99448,64.22
BOOST,1195,0.85426,0.79,3.97375,3.94015,4.00736,67.2
BOOST,1195,0.85426,0.8,3.98532,3.95017,4.02047,70.3
BOOST,1195,0.85426,0.81,3.99713,3.96095,4.03332,72.37
BOOST,1195,0.85426,0.82,4.00884,3.97167,4.046,74.34
BOOST,1195,0.85426,0.83,4.02029,3.98266,4.05793,75.27
BOOST,1195,0.85426,0.84,4.03115,3.99376,4.06855,74.8
BOOST,1195,0.85426,0.85,4.04101,4.00436,4.07765,73.29
BOOST,1195,0.85426,0.86,4.04911,4.01437,4.08385,69.48
BOOST,1195,0.85426,0.87,4.05632,4.02456,4.08807,63.5
BOOST,1195,0.85426,0.88,4.06293,4.03428,4.09159,57.31
BOOST,1195,0.85426,0.89,4.06958,4.04348,4.09568,52.2
BOOST,1195,0.85426,0.9,4.07574,4.05189,4.09959,47.71
BOOST,1195,0.85426,0.91,4.08188,4.05919,4.10458,45.39
BOOST,1195,0.85426,0.92,4.08739,4.06479,4.10998,45.2
BOOST,1195,0.85426,0.93,4.09259,4.0686,4.11658,47.99
BOOST,1195,0.85426,0.94,4.09853,4.07219,4.12486,52.67
BOOST,1195,0.85426,0.95,4.1052,4.07599,4.1344,58.41
BOOST,1195,0.85426,0.96,4.11325,4.08029,4.1462,65.91
BOOST,1195,0.85426,0.97,4.12365,4.08669,4.1606,73.91
BOOST,1195,0.85426,0.98,4.13655,4.09569,4.1774,81.71
BOOST,1195,0.85426,0.99,4.15405,4.11059,4.1975,86.91
BOOST,1270,0.85045,0.12,3.01083,2.79906,3.22259,423.53
BOOST,1270,0.85045,0.13,3.13448,2.9654,3.30357,338.17
BOOST,1270,0.85045,0.14,3.21282,3.06446,3.36118,296.72
BOOST,1270,0.85045,0.15,3.26986,3.1386,3.40112,262.52
BOOST,1270,0.85045,0.16,3.30962,3.19956,3.41968,220.12
BOOST,1270,0.85045,0.17,3.34047,3.251,3.42994,178.94
BOOST,1270,0.85045,0.18,3.36553,3.2928,3.43826,145.46
BOOST,1270,0.85045,0.19,3.386,3.32618,3.44582,119.64
BOOST,1270,0.85045,0.2,3.40238,3.35146,3.45331,101.85
BOOST,1270,0.85045,0.21,3.4159,3.37098,3.46081,89.83
BOOST,1270,0.85045,0.22,3.42765,3.38648,3.46881,82.33
BOOST,1270,0.85045,0.23,3.43874,3.39958,3.47791,78.33
BOOST,1270,0.85045,0.24,3.44972,3.41152,3.48792,76.4
BOOST,1270,0.85045,0.25,3.46458,3.43675,3.49241,55.66
BOOST,1270,0.85045,0.26,3.46862,3.4338,3.50344,69.64
BOOST,1270,0.85045,0.27,3.48114,3.44484,3.51745,72.61
BOOST,1270,0.85045,0.28,3.49336,3.45628,3.53045,74.17
BOOST,1270,0.85045,0.29,3.50527,3.46744,3.5431,75.66
BOOST,1270,0.85045,0.3,3.51659,3.47817,3.55501,76.84
BOOST,1270,0.85045,0.31,3.52751,3.48886,3.56616,77.31
BOOST,1270,0.85045,0.32,3.53817,3.49917,3.57716,77.99
BOOST,1270,0.85045,0.33,3.54827,3.50917,3.58736,78.19
BOOST,1270,0.85045,0.34,3.55819,3.51926,3.59712,77.86
BOOST,1270,0.85045,0.35,3.56752,3.52877,3.60627,77.5
BOOST,1270,0.85045,0.36,3.5765,3.53847,3.61452,76.05
BOOST,1270,0.85045,0.37,3.58503,3.54769,3.62238,74.69
BOOST,1270,0.85045,0.38,3.59347,3.55677,3.63018,73.41
BOOST,1270,0.85045,0.39,3.60154,3.5656,3.63747,71.87
BOOST,1270,0.85045,0.4,3.60935,3.57417,3.64453,70.36
BOOST,1270,0.85045,0.41,3.61707,3.5825,3.65164,69.14
BOOST,1270,0.85045,0.42,3.62448,3.59039,3.65858,68.19
BOOST,1270,0.85045,0.43,3.63196,3.59839,3.66554,67.15
BOOST,1270,0.85045,0.44,3.63934,3.60589,3.67279,66.91
BOOST,1270,0.85045,0.45,3.64699,3.61359,3.68039,66.8
BOOST,1270,0.85045,0.46,3.65466,3.62129,3.68804,66.75
BOOST,1270,0.85045,0.47,3.6624,3.6286,3.6962,67.6
BOOST,1270,0.85045,0.48,3.67067,3.6365,3.70484,68.33
BOOST,1270,0.85045,0.49,3.67905,3.64424,3.71386,69.62
BOOST,1270,0.85045,0.5,3.68788,3.65252,3.72324,70.72
BOOST,1270,0.85045,0.51,3.69709,3.66114,3.73305,71.91
BOOST,1270,0.85045,0.52,3.70658,3.66992,3.74324,73.32
BOOST,1270,0.85045,0.53,3.71637,3.6792,3.75354,74.34
BOOST,1270,0.85045,0.54,3.72602,3.6884,3.76364,75.24
BOOST,1270,0.85045,0.55,3.73622,3.6983,3.77414,75.84
BOOST,1270,0.85045,0.56,3.74617,3.7082,3.78414,75.94
BOOST,1270,0.85045,0.57,3.75648,3.71868,3.79428,75.6
BOOST,1270,0.85045,0.58,3.76643,3.72894,3.80392,74.98
BOOST,1270,0.85045,0.59,3.77648,3.73923,3.81374,74.51
BOOST,1270,0.85045,0.6,3.7863,3.74944,3.82316,73.72
BOOST,1270,0.85045,0.61,3.79602,3.75954,3.8325,72.96
BOOST,1270,0.85045,0.62,3.80564,3.76963,3.84166,72.03
BOOST,1270,0.85045,0.63,3.81508,3.77945,3.8507,71.25
BOOST,1270,0.85045,0.64,3.82459,3.78952,3.85966,70.14
BOOST,1270,0.85045,0.65,3.834,3.79953,3.86848,68.95
BOOST,1270,0.85045,0.66,3.84342,3.80933,3.87751,68.18
BOOST,1270,0.85045,0.67,3.85305,3.81953,3.88658,67.06
BOOST,1270,0.85045,0.68,3.86283,3.82955,3.89611,66.57
BOOST,1270,0.85045,0.69,3.87306,3.83945,3.90668,67.23
BOOST,1270,0.85045,0.7,3.88353,3.84964,3.91741,67.77
BOOST,1270,0.85045,0.71,3.89346,3.85935,3.92758,68.23
BOOST,1270,0.85045,0.72,3.90319,3.86924,3.93715,67.91
BOOST,1270,0.85045,0.73,3.91244,3.87856,3.94631,67.75
BOOST,1270,0.85045,0.74,3.92178,3.88756,3.95601,68.45
BOOST,1270,0.85045,0.75,3.93107,3.89626,3.96588,69.62
BOOST,1270,0.85045,0.76,3.94069,3.90436,3.97701,72.65
BOOST,1270,0.85045,0.77,3.95077,3.91306,3.98848,75.42
BOOST,1270,0.85045,0.78,3.96124,3.92156,4.00092,79.36
BOOST,1270,0.85045,0.79,3.97223,3.93065,4.01381,83.16
BOOST,1270,0.85045,0.8,3.9834,3.94006,4.02675,86.69
BOOST,1270,0.85045,0.81,3.99472,3.94976,4.03968,89.92
BOOST,1270,0.85045,0.82,4.00602,3.96016,4.05188,91.72
BOOST,1270,0.85045,0.83,4.01702,3.97057,4.06348,92.91
BOOST,1270,0.85045,0.84,4.0275,3.98145,4.07354,92.1
BOOST,1270,0.85045,0.85,4.03662,3.99187,4.08138,89.51
BOOST,1270,0.85045,0.86,4.04438,4.00246,4.0863,83.84
BOOST,1270,0.85045,0.87,4.05119,4.01237,4.09,77.63
BOOST,1270,0.85045,0.88,4.0581,4.02207,4.09412,72.04
BOOST,1270,0.85045,0.89,4.06468,4.03088,4.09849,67.61
BOOST,1270,0.85045,0.9,4.07156,4.03958,4.10353,63.95
BOOST,1270,0.85045,0.91,4.07861,4.04769,4.10953,61.84
BOOST,1270,0.85045,0.92,4.08571,4.05499,4.11643,61.44
BOOST,1270,0.85045,0.93,4.09299,4.0616,4.12438,62.78
BOOST,1270,0.85045,0.94,4.1,4.0664,4.1336,67.21
BOOST,1270,0.85045,0.95,4.10771,4.0705,4.14492,74.42
BOOST,1270,0.85045,0.96,4.11697,4.0751,4.15884,83.74
BOOST,1270,0.85045,0.97,4.1279,4.0807,4.17511,94.41
BOOST,1270,0.85045,0.98,4.14168,4.089,4.19437,105.37
BOOST,1345,0.83791,0.13,2.95789,2.77206,3.14373,371.66
BOOST,1345,0.83791,0.14,3.10001,2.94802,3.25199,303.97
BOOST,1345,0.83791,0.15,3.1863,3.04753,3.32507,277.54
BOOST,1345,0.83791,0.16,3.24825,3.11836,3.37814,259.79
BOOST,1345,0.83791,0.17,3.29377,3.17593,3.41162,235.68
BOOST,1345,0.83791,0.18,3.32622,3.22619,3.42626,200.07
BOOST,1345,0.83791,0.19,3.35219,3.26962,3.43475,165.12
BOOST,1345,0.83791,0.2,3.37417,3.30588,3.44245,136.57
BOOST,1345,0.83791,0.21,3.3927,3.3354,3.45,114.59
BOOST,1345,0.83791,0.22,3.40816,3.35841,3.45792,99.51
BOOST,1345,0.83791,0.23,3.42145,3.37665,3.46624,89.6
BOOST,1345,0.83791,0.24,3.43347,3.39182,3.47513,83.31
BOOST,1345,0.83791,0.25,3.44476,3.40466,3.48485,80.2
BOOST,1345,0.83791,0.26,3.45585,3.41582,3.49588,80.06
BOOST,1345,0.83791,0.27,3.46719,3.42662,3.50777,81.14
BOOST,1345,0.83791,0.28,3.47863,3.43722,3.52004,82.81
BOOST,1345,0.83791,0.29,3.49045,3.44826,3.53264,84.38
BOOST,1345,0.83791,0.3,3.502,3.45935,3.54465,85.3
BOOST,1345,0.83791,0.31,3.51337,3.47022,3.55652,86.29
BOOST,1345,0.83791,0.32,3.52448,3.48106,3.56789,86.83
BOOST,1345,0.83791,0.33,3.53508,3.49162,3.57853,86.92
BOOST,1345,0.83791,0.34,3.54553,3.50206,3.589,86.94
BOOST,1345,0.83791,0.35,3.5558,3.51232,3.59928,86.96
BOOST,1345,0.83791,0.36,3.56533,3.52212,3.60855,86.43
BOOST,1345,0.83791,0.37,3.57451,3.5319,3.61712,85.22
BOOST,1345,0.83791,0.38,3.58313,3.54148,3.62479,83.31
BOOST,1345,0.83791,0.39,3.59156,3.55072,3.63239,81.67
BOOST,1345,0.83791,0.4,3.59967,3.55978,3.63956,79.78
BOOST,1345,0.83791,0.41,3.60754,3.56845,3.64663,78.18
BOOST,1345,0.83791,0.42,3.61537,3.57701,3.65373,76.73
BOOST,1345,0.83791,0.43,3.62285,3.58521,3.66049,75.28
BOOST,1345,0.83791,0.44,3.63039,3.59316,3.66762,74.45
BOOST,1345,0.83791,0.45,3.63792,3.60096,3.67487,73.91
BOOST,1345,0.83791,0.46,3.64555,3.60876,3.68233,73.57
BOOST,1345,0.83791,0.47,3.65363,3.61654,3.69073,74.2
BOOST,1345,0.83791,0.48,3.66166,3.62424,3.69908,74.84
BOOST,1345,0.83791,0.49,3.66996,3.63189,3.70803,76.14
BOOST,1345,0.83791,0.5,3.67888,3.64018,3.71758,77.4
BOOST,1345,0.83791,0.51,3.68775,3.64844,3.72705,78.62
BOOST,1345,0.83791,0.52,3.69664,3.65644,3.73684,80.4
BOOST,1345,0.83791,0.53,3.70606,3.66508,3.74704,81.96
BOOST,1345,0.83791,0.54,3.7155,3.67378,3.75722,83.44
BOOST,1345,0.83791,0.55,3.72543,3.68317,3.7677,84.53
BOOST,1345,0.83791,0.56,3.73524,3.69266,3.77782,85.16
BOOST,1345,0.83791,0.57,3.74528,3.70257,3.788,85.43
BOOST,1345,0.83791,0.58,3.75547,3.71297,3.79797,85.0
BOOST,1345,0.83791,0.59,3.76541,3.72322,3.8076,84.39
BOOST,1345,0.83791,0.6,3.77554,3.73382,3.81726,83.44
BOOST,1345,0.83791,0.61,3.78547,3.74416,3.82677,82.61
BOOST,1345,0.83791,0.62,3.79522,3.75456,3.83589,81.33
BOOST,1345,0.83791,0.63,3.80497,3.76479,3.84514,80.35
BOOST,1345,0.83791,0.64,3.81441,3.7748,3.85402,79.21
BOOST,1345,0.83791,0.65,3.82382,3.7851,3.86254,77.44
BOOST,1345,0.83791,0.66,3.8331,3.7951,3.8711,76.0
BOOST,1345,0.83791,0.67,3.84262,3.80551,3.87973,74.21
BOOST,1345,0.83791,0.68,3.85194,3.81556,3.88833,72.77
BOOST,1345,0.83791,0.69,3.86173,3.82577,3.89769,71.93
BOOST,1345,0.83791,0.7,3.87216,3.83619,3.90813,71.94
BOOST,1345,0.83791,0.71,3.88275,3.84637,3.91914,72.76
BOOST,1345,0.83791,0.72,3.89348,3.85684,3.93012,73.28
BOOST,1345,0.83791,0.73,3.90384,3.86734,3.94034,73.0
BOOST,1345,0.83791,0.74,3.91419,3.87785,3.95053,72.68
BOOST,1345,0.83791,0.75,3.92538,3.88954,3.96122,71.68
BOOST,1345,0.83791,0.76,3.93281,3.89361,3.97202,78.41
BOOST,1345,0.83791,0.77,3.94294,3.90191,3.98396,82.05
BOOST,1345,0.83791,0.78,3.95329,3.91032,3.99626,85.94
BOOST,1345,0.83791,0.79,3.96364,3.91863,4.00866,90.02
BOOST,1345,0.83791,0.8,3.97474,3.92781,4.02166,93.85
BOOST,1345,0.83791,0.81,3.98579,3.93712,4.03447,97.35
BOOST,1345,0.83791,0.82,3.99718,3.9471,4.04726,100.15
BOOST,1345,0.83791,0.83,4.00832,3.95724,4.0594,102.16
BOOST,1345,0.83791,0.84,4.01906,3.96782,4.0703,102.48
BOOST,1345,0.83791,0.85,4.02907,3.97864,4.0795,100.86
BOOST,1345,0.83791,0.86,4.03732,3.98933,4.0853,95.97
BOOST,1345,0.83791,0.87,4.04487,4.00014,4.0896,89.46
BOOST,1345,0.83791,0.88,4.05203,4.01026,4.0938,83.54
BOOST,1345,0.83791,0.89,4.05913,4.02025,4.09802,77.76
BOOST,1345,0.83791,0.9,4.06644,4.02966,4.10322,73.55
BOOST,1345,0.83791,0.91,4.07359,4.03837,4.10881,70.45
BOOST,1345,0.83791,0.92,4.0812,4.04707,4.11532,68.26
BOOST,1345,0.83791,0.93,4.08911,4.05488,4.12334,68.45
BOOST,1345,0.83791,0.94,4.09721,4.06158,4.13284,71.26
BOOST,1345,0.83791,0.95,4.10566,4.06708,4.14423,77.15
BOOST,1345,0.83791,0.96,4.11445,4.07149,4.1574,85.91
BOOST,1345,0.83791,0.97,4.1251,4.07699,4.17321,96.22
BOOST,1345,0.83791,0.98,4.13791,4.08469,4.19113,106.44
BOOST,1420,0.8187,0.15,2.98789,2.79993,3.17585,375.91
BOOST,1420,0.8187,0.16,3.11691,2.95708,3.27674,319.66
BOOST,1420,0.8187,0.17,3.19578,3.04609,3.34547,299.38
BOOST,1420,0.8187,0.18,3.25202,3.10934,3.39471,285.37
BOOST,1420,0.8187,0.19,3.29454,3.16588,3.4232,257.31
BOOST,1420,0.8187,0.2,3.32512,3.21484,3.4354,220.56
BOOST,1420,0.8187,0.21,3.35082,3.25816,3.44348,185.32
BOOST,1420,0.8187,0.22,3.37376,3.29646,3.45106,154.6
BOOST,1420,0.8187,0.23,3.39216,3.32572,3.4586,132.88
BOOST,1420,0.8187,0.24,3.40744,3.34875,3.46614,117.39
BOOST,1420,0.8187,0.25,3.42117,3.36776,3.47458,106.82
BOOST,1420,0.8187,0.26,3.43375,3.38372,3.48378,100.06
BOOST,1420,0.8187,0.27,3.44582,3.39758,3.49406,96.49
BOOST,1420,0.8187,0.28,3.45777,3.41003,3.5055,95.47
BOOST,1420,0.8187,0.29,3.46973,3.42168,3.51778,96.1
BOOST,1420,0.8187,0.3,3.48199,3.43347,3.53052,97.05
BOOST,1420,0.8187,0.31,3.49412,3.44502,3.54323,98.21
BOOST,1420,0.8187,0.32,3.50589,3.45632,3.55545,99.13
BOOST,1420,0.8187,0.33,3.51742,3.46759,3.56726,99.67
BOOST,1420,0.8187,0.34,3.52848,3.47835,3.57862,100.27
BOOST,1420,0.8187,0.35,3.53917,3.48896,3.58938,100.42
BOOST,1420,0.8187,0.36,3.54966,3.49928,3.60005,100.77
BOOST,1420,0.8187,0.37,3.55975,3.50912,3.61039,101.27
BOOST,1420,0.8187,0.38,3.56922,3.51894,3.61949,100.55
BOOST,1420,0.8187,0.39,3.57815,3.5285,3.6278,99.3
BOOST,1420,0.8187,0.4,3.58694,3.53808,3.6358,97.73
BOOST,1420,0.8187,0.41,3.59529,3.54731,3.64326,95.95
BOOST,1420,0.8187,0.42,3.60369,3.55651,3.65088,94.37
BOOST,1420,0.8187,0.43,3.61169,3.56535,3.65802,92.68
BOOST,1420,0.8187,0.44,3.6196,3.57388,3.66533,91.45
BOOST,1420,0.8187,0.45,3.62761,3.58254,3.67268,90.13
BOOST,1420,0.8187,0.46,3.63563,3.59104,3.68022,89.18
BOOST,1420,0.8187,0.47,3.64354,3.59904,3.68804,89.0
BOOST,1420,0.8187,0.48,3.6514,3.60671,3.69609,89.38
BOOST,1420,0.8187,0.49,3.65958,3.61458,3.70458,90.01
BOOST,1420,0.8187,0.5,3.66776,3.62199,3.71353,91.54
BOOST,1420,0.8187,0.51,3.67629,3.6296,3.72298,93.38
BOOST,1420,0.8187,0.52,3.68494,3.6375,3.73238,94.88
BOOST,1420,0.8187,0.53,3.69397,3.64533,3.74262,97.28
BOOST,1420,0.8187,0.54,3.70352,3.65383,3.75322,99.38
BOOST,1420,0.8187,0.55,3.71294,3.66221,3.76367,101.46
BOOST,1420,0.8187,0.56,3.72281,3.67121,3.77442,103.21
BOOST,1420,0.8187,0.57,3.73255,3.68053,3.78457,104.04
BOOST,1420,0.8187,0.58,3.74228,3.69018,3.79437,104.18
BOOST,1420,0.8187,0.59,3.75227,3.70023,3.80432,104.08
BOOST,1420,0.8187,0.6,3.76222,3.71052,3.81391,103.39
BOOST,1420,0.8187,0.61,3.77227,3.72114,3.8234,102.26
BOOST,1420,0.8187,0.62,3.7821,3.73146,3.83274,101.28
BOOST,1420,0.8187,0.63,3.79194,3.74208,3.84179,99.71
BOOST,1420,0.8187,0.64,3.80164,3.75252,3.85076,98.24
BOOST,1420,0.8187,0.65,3.81104,3.76264,3.85944,96.8
BOOST,1420,0.8187,0.66,3.82028,3.77287,3.86769,94.82
BOOST,1420,0.8187,0.67,3.82947,3.78288,3.87605,93.17
BOOST,1420,0.8187,0.68,3.83851,3.79277,3.88425,91.48
BOOST,1420,0.8187,0.69,3.84817,3.80366,3.89268,89.02
BOOST,1420,0.8187,0.7,3.85791,3.81416,3.90166,87.5
BOOST,1420,0.8187,0.71,3.86823,3.82487,3.91158,86.71
BOOST,1420,0.8187,0.72,3.87913,3.83529,3.92296,87.67
BOOST,1420,0.8187,0.73,3.89015,3.84539,3.93491,89.52
BOOST,1420,0.8187,0.74,3.90082,3.855,3.94664,91.64
BOOST,1420,0.8187,0.75,3.91132,3.86451,3.95814,93.63
BOOST,1420,0.8187,0.76,3.92134,3.87351,3.96918,95.67
BOOST,1420,0.8187,0.77,3.93161,3.88242,3.9808,98.39
BOOST,1420,0.8187,0.78,3.9419,3.89102,3.99278,101.76
BOOST,1420,0.8187,0.79,3.95223,3.89905,4.00542,106.36
BOOST,1420,0.8187,0.8,3.96297,3.90743,4.01851,111.08
BOOST,1420,0.8187,0.81,3.974,3.91606,4.03195,115.89
BOOST,1420,0.8187,0.82,3.9854,3.92543,4.04538,119.95
BOOST,1420,0.8187,0.83,3.99646,3.93515,4.05778,122.63
BOOST,1420,0.8187,0.84,4.00739,3.94543,4.06935,123.92
BOOST,1420,0.8187,0.85,4.01766,3.95615,4.07918,123.02
BOOST,1420,0.8187,0.86,4.02627,3.96724,4.08529,118.04
BOOST,1420,0.8187,0.87,4.03424,3.97845,4.09003,111.58
BOOST,1420,0.8187,0.88,4.04185,3.98936,4.09434,104.98
BOOST,1420,0.8187,0.89,4.04975,4.00017,4.09933,99.16
BOOST,1420,0.8187,0.9,4.05789,4.01097,4.10482,93.85
BOOST,1420,0.8187,0.91,4.06594,4.02067,4.11121,90.53
BOOST,1420,0.8187,0.92,4.07436,4.02988,4.11883,88.95
BOOST,1420,0.8187,0.93,4.08319,4.03888,4.12751,88.63
BOOST,1420,0.8187,0.94,4.09304,4.04789,4.13818,90.3
BOOST,1420,0.8187,0.95,4.10341,4.05669,4.15014,93.45
BOOST,1420,0.8187,0.96,4.11453,4.06409,4.16496,100.87
BOOST,1420,0.8187,0.97,4.12571,4.07,4.18142,111.42
BOOST,1495,0.80933,0.16,2.96625,2.78039,3.15211,371.72
BOOST,1495,0.80933,0.17,3.10319,2.94576,3.26062,314.86
BOOST,1495,0.80933,0.18,3.18692,3.03988,3.33397,294.1
BOOST,1495,0.80933,0.19,3.24464,3.10206,3.38721,285.15
BOOST,1495,0.80933,0.2,3.28549,3.14973,3.42125,271.52
BOOST,1495,0.80933,0.21,3.31298,3.19034,3.43562,245.29
BOOST,1495,0.80933,0.22,3.33571,3.22729,3.44414,216.85
BOOST,1495,0.80933,0.23,3.35682,3.26171,3.45194,190.23
BOOST,1495,0.80933,0.24,3.37602,3.2927,3.45934,166.65
BOOST,1495,0.80933,0.25,3.39335,3.31984,3.46686,147.02
BOOST,1495,0.80933,0.26,3.4091,3.34305,3.47516,132.1
BOOST,1495,0.80933,0.27,3.4237,3.36244,3.48495,122.51
BOOST,1495,0.80933,0.28,3.43728,3.37918,3.49537,116.18
BOOST,1495,0.80933,0.29,3.45029,3.39352,3.50706,113.54
BOOST,1495,0.80933,0.3,3.46314,3.4068,3.51947,112.67
BOOST,1495,0.80933,0.31,3.47599,3.4197,3.53228,112.58
BOOST,1495,0.80933,0.32,3.48852,3.43206,3.54499,112.93
BOOST,1495,0.80933,0.33,3.50087,3.44404,3.5577,113.66
BOOST,1495,0.80933,0.34,3.5127,3.4557,3.5697,114.0
BOOST,1495,0.80933,0.35,3.52394,3.46658,3.58131,114.74
BOOST,1495,0.80933,0.36,3.53459,3.47695,3.59222,115.28
BOOST,1495,0.80933,0.37,3.54516,3.48728,3.60304,115.76
BOOST,1495,0.80933,0.38,3.55542,3.49731,3.61353,116.22
BOOST,1495,0.80933,0.39,3.56514,3.50744,3.62284,115.4
BOOST,1495,0.80933,0.4,3.57429,3.51704,3.63154,114.5
BOOST,1495,0.80933,0.41,3.58315,3.52678,3.63953,112.76
BOOST,1495,0.80933,0.42,3.59173,3.5364,3.64705,110.65
BOOST,1495,0.80933,0.43,3.60013,3.5455,3.65475,109.25
BOOST,1495,0.80933,0.44,3.60832,3.55468,3.66196,107.28
BOOST,1495,0.80933,0.45,3.61627,3.56328,3.66927,105.99
BOOST,1495,0.80933,0.46,3.62438,3.57188,3.67688,105.0
BOOST,1495,0.80933,0.47,3.63223,3.58008,3.68438,104.3
BOOST,1495,0.80933,0.48,3.6404,3.58831,3.69249,104.18
BOOST,1495,0.80933,0.49,3.64851,3.59626,3.70077,104.52
BOOST,1495,0.80933,0.5,3.65693,3.60411,3.70974,105.64
BOOST,1495,0.80933,0.51,3.66559,3.61193,3.71924,107.31
BOOST,1495,0.80933,0.52,3.67429,3.61936,3.72923,109.87
BOOST,1495,0.80933,0.53,3.68325,3.62726,3.73924,111.99
BOOST,1495,0.80933,0.54,3.69247,3.63498,3.74995,114.97
BOOST,1495,0.80933,0.55,3.70163,3.64328,3.75998,116.7
BOOST,1495,0.80933,0.56,3.71084,3.65166,3.77002,118.36
BOOST,1495,0.80933,0.57,3.72006,3.66016,3.77996,119.8
BOOST,1495,0.80933,0.58,3.72957,3.66914,3.79,120.86
BOOST,1495,0.80933,0.59,3.73926,3.6786,3.79992,121.32
BOOST,1495,0.80933,0.6,3.74893,3.68832,3.80954,121.22
BOOST,1495,0.80933,0.61,3.75858,3.69826,3.81889,120.63
BOOST,1495,0.80933,0.62,3.76848,3.7087,3.82827,119.57
BOOST,1495,0.80933,0.63,3.7785,3.71946,3.83755,118.1
BOOST,1495,0.80933,0.64,3.78829,3.72999,3.8466,116.61
BOOST,1495,0.80933,0.65,3.79808,3.74086,3.8553,114.44
BOOST,1495,0.80933,0.66,3.80774,3.75194,3.86354,111.6
BOOST,1495,0.80933,0.67,3.81736,3.76279,3.87192,109.13
BOOST,1495,0.80933,0.68,3.82679,3.77348,3.88009,106.61
BOOST,1495,0.80933,0.69,3.83605,3.78397,3.88812,104.15
BOOST,1495,0.80933,0.7,3.84546,3.7942,3.89672,102.52
BOOST,1495,0.80933,0.71,3.85524,3.80456,3.90592,101.36
BOOST,1495,0.80933,0.72,3.86555,3.81491,3.91619,101.28
BOOST,1495,0.80933,0.73,3.87646,3.8252,3.92772,102.53
BOOST,1495,0.80933,0.74,3.88766,3.83559,3.93973,104.14
BOOST,1495,0.80933,0.75,3.8988,3.84562,3.95199,106.37
BOOST,1495,0.80933,0.76,3.91005,3.85561,3.9645,108.89
BOOST,1495,0.80933,0.77,3.92143,3.8655,3.97735,111.85
BOOST,1495,0.80933,0.78,3.93245,3.87463,3.99028,115.65
BOOST,1495,0.80933,0.79,3.94355,3.88391,4.00318,119.27
BOOST,1495,0.80933,0.8,3.95459,3.8927,4.01648,123.78
BOOST,1495,0.80933,0.81,3.96552,3.90144,4.0296,128.16
BOOST,1495,0.80933,0.82,3.97638,3.91014,4.04263,132.49
BOOST,1495,0.80933,0.83,3.98731,3.91944,4.05518,135.74
BOOST,1495,0.80933,0.84,3.99814,3.92943,4.06685,137.42
BOOST,1495,0.80933,0.85,4.00852,3.94013,4.07691,136.78
BOOST,1495,0.80933,0.86,4.01766,3.95104,4.08427,133.24
BOOST,1495,0.80933,0.87,4.02587,3.96234,4.08939,127.05
BOOST,1495,0.80933,0.88,4.03406,3.97413,4.09399,119.86
BOOST,1495,0.80933,0.89,4.04232,3.98546,4.09919,113.73
BOOST,1495,0.80933,0.9,4.05097,3.99685,4.10509,108.24
BOOST,1495,0.80933,0.91,4.05968,4.00786,4.11151,103.66
BOOST,1495,0.80933,0.92,4.06901,4.01865,4.11937,100.72
BOOST,1495,0.80933,0.93,4.07845,4.02838,4.12852,100.14
BOOST,1495,0.80933,0.94,4.08855,4.03807,4.13902,100.94
BOOST,1495,0.80933,0.95,4.09965,4.04788,4.15143,103.55
BOOST,1495,0.80933,0.96,4.11131,4.05679,4.16583,109.04
BOOST,1495,0.80933,0.97,4.12321,4.06449,4.18193,117.44
BOOST,1570,0.79455,0.17,2.80681,2.57952,3.0341,454.58
BOOST,1570,0.79455,0.18,3.02278,2.84988,3.19569,345.81
BOOST,1570,0.79455,0.19,3.13541,2.98105,3.28978,308.73
BOOST,1570,0.79455,0.2,3.20796,3.0602,3.35572,295.52
BOOST,1570,0.79455,0.21,3.25812,3.11257,3.40366,291.09
BOOST,1570,0.79455,0.22,3.29185,3.15289,3.43081,277.92
BOOST,1570,0.79455,0.23,3.31479,3.1873,3.44228,254.98
BOOST,1570,0.79455,0.24,3.33502,3.21895,3.45109,232.14
BOOST,1570,0.79455,0.25,3.35416,3.24895,3.45937,210.42
BOOST,1570,0.79455,0.26,3.37215,3.27679,3.4675,190.71
BOOST,1570,0.79455,0.27,3.38874,3.30146,3.47601,174.55
BOOST,1570,0.79455,0.28,3.40458,3.32413,3.48502,160.89
BOOST,1570,0.79455,0.29,3.42131,3.34766,3.49496,147.3
BOOST,1570,0.79455,0.3,3.43689,3.36768,3.50609,138.41
BOOST,1570,0.79455,0.31,3.45154,3.385,3.51808,133.08
BOOST,1570,0.79455,0.32,3.46551,3.40032,3.53071,130.39
BOOST,1570,0.79455,0.33,3.47838,3.41304,3.54372,130.68
BOOST,1570,0.79455,0.34,3.49065,3.4247,3.55659,131.89
BOOST,1570,0.79455,0.35,3.50254,3.43608,3.569,132.92
BOOST,1570,0.79455,0.36,3.51383,3.44685,3.58081,133.96
BOOST,1570,0.79455,0.37,3.52487,3.45741,3.59234,134.92
BOOST,1570,0.79455,0.38,3.53578,3.46794,3.60362,135.68
BOOST,1570,0.79455,0.39,3.54624,3.47821,3.61428,136.07
BOOST,1570,0.79455,0.4,3.55624,3.48831,3.62416,135.85
BOOST,1570,0.79455,0.41,3.56573,3.49824,3.63322,134.98
BOOST,1570,0.79455,0.42,3.57484,3.50788,3.6418,133.93
BOOST,1570,0.79455,0.43,3.58363,3.51775,3.64951,131.76
BOOST,1570,0.79455,0.44,3.59235,3.52728,3.65742,130.14
BOOST,1570,0.79455,0.45,3.6008,3.5367,3.66489,128.19
BOOST,1570,0.79455,0.46,3.60927,3.54595,3.6726,126.65
BOOST,1570,0.79455,0.47,3.6176,3.5549,3.6803,125.4
BOOST,1570,0.79455,0.48,3.62587,3.56353,3.68821,124.68
BOOST,1570,0.79455,0.49,3.6345,3.57221,3.69678,124.58
BOOST,1570,0.79455,0.5,3.64308,3.58048,3.70568,125.2
BOOST,1570,0.79455,0.51,3.6518,3.58873,3.71486,126.13
BOOST,1570,0.79455,0.52,3.66079,3.59713,3.72444,127.31
BOOST,1570,0.79455,0.53,3.66953,3.60503,3.73402,128.99
BOOST,1570,0.79455,0.54,3.67854,3.61296,3.74412,131.16
BOOST,1570,0.79455,0.55,3.68759,3.62103,3.75414,133.11
BOOST,1570,0.79455,0.56,3.69698,3.62966,3.76431,134.65
BOOST,1570,0.79455,0.57,3.70617,3.6379,3.77444,136.54
BOOST,1570,0.79455,0.58,3.71525,3.64614,3.78435,138.21
BOOST,1570,0.79455,0.59,3.7244,3.65456,3.79424,139.68
BOOST,1570,0.79455,0.6,3.73351,3.66294,3.80408,141.14
BOOST,1570,0.79455,0.61,3.74268,3.67192,3.81344,141.52
BOOST,1570,0.79455,0.62,3.75191,3.68104,3.82278,141.74
BOOST,1570,0.79455,0.63,3.7615,3.69082,3.83218,141.36
BOOST,1570,0.79455,0.64,3.77097,3.70089,3.84106,140.17
BOOST,1570,0.79455,0.65,3.78054,3.71116,3.84992,138.76
BOOST,1570,0.79455,0.66,3.79,3.72174,3.85826,136.52
BOOST,1570,0.79455,0.67,3.79959,3.73247,3.86671,134.24
BOOST,1570,0.79455,0.68,3.809,3.74316,3.87485,131.69
BOOST,1570,0.79455,0.69,3.81855,3.75417,3.88294,128.77
BOOST,1570,0.79455,0.7,3.82779,3.7647,3.89088,126.18
BOOST,1570,0.79455,0.71,3.83741,3.77547,3.89935,123.87
BOOST,1570,0.79455,0.72,3.84777,3.78639,3.90914,122.75
BOOST,1570,0.79455,0.73,3.8585,3.79699,3.92,123.01
BOOST,1570,0.79455,0.74,3.87012,3.80798,3.93226,124.28
BOOST,1570,0.79455,0.75,3.88164,3.8186,3.94468,126.08
BOOST,1570,0.79455,0.76,3.8934,3.8293,3.9575,128.2
BOOST,1570,0.79455,0.77,3.90545,3.8401,3.9708,130.71
BOOST,1570,0.79455,0.78,3.91707,3.85014,3.984,133.87
BOOST,1570,0.79455,0.79,3.92874,3.85981,3.99767,137.86
BOOST,1570,0.79455,0.8,3.9407,3.87029,4.01111,140.82
BOOST,1570,0.79455,0.81,3.95235,3.88032,4.02438,144.06
BOOST,1570,0.79455,0.82,3.96395,3.89021,4.03768,147.47
BOOST,1570,0.79455,0.83,3.9753,3.90022,4.05038,150.16
BOOST,1570,0.79455,0.84,3.98615,3.90993,4.06238,152.45
BOOST,1570,0.79455,0.85,3.99663,3.91984,4.07342,153.58
BOOST,1570,0.79455,0.86,4.00618,3.93014,4.08223,152.1
BOOST,1570,0.79455,0.87,4.01464,3.94143,4.08784,146.41
BOOST,1570,0.79455,0.88,4.02303,3.95314,4.09293,139.79
BOOST,1570,0.79455,0.89,4.03171,3.96514,4.09828,133.14
BOOST,1570,0.79455,0.9,4.04081,3.97724,4.10438,127.14
BOOST,1570,0.79455,0.91,4.0502,3.98945,4.11096,121.5
BOOST,1570,0.79455,0.92,4.06009,4.00116,4.11901,117.84
BOOST,1570,0.79455,0.93,4.07035,4.01246,4.12824,115.78
BOOST,1570,0.79455,0.94,4.08123,4.02356,4.1389,115.34
BOOST,1570,0.79455,0.95,4.09352,4.03407,4.15296,118.89
BOOST,1570,0.79455,0.96,4.10693,4.04458,4.16928,124.69
BOOST,1570,0.79455,0.97,4.12073,4.05509,4.18638,131.29
BOOST,1645,0.78015,0.19,2.91614,2.72422,3.10806,383.84
BOOST,1645,0.78015,0.2,3.07442,2.91197,3.23687,324.91
BOOST,1645,0.78015,0.21,3.16872,3.01713,3.3203,303.17
BOOST,1645,0.78015,0.22,3.23055,3.08206,3.37905,297.0
BOOST,1645,0.78015,0.23,3.27338,3.12601,3.42075,294.74
BOOST,1645,0.78015,0.24,3.30052,3.16017,3.44087,280.7
BOOST,1645,0.78015,0.25,3.32012,3.1891,3.45114,262.04
BOOST,1645,0.78015,0.26,3.3378,3.21603,3.45957,243.54
BOOST,1645,0.78015,0.27,3.35473,3.2418,3.46767,225.87
BOOST,1645,0.78015,0.28,3.3714,3.26693,3.47587,208.95
BOOST,1645,0.78015,0.29,3.38784,3.29082,3.48486,194.04
BOOST,1645,0.78015,0.3,3.40409,3.3136,3.49458,180.98
BOOST,1645,0.78015,0.31,3.42004,3.33492,3.50517,170.24
BOOST,1645,0.78015,0.32,3.43544,3.35414,3.51674,162.6
BOOST,1645,0.78015,0.33,3.45037,3.37161,3.52913,157.52
BOOST,1645,0.78015,0.34,3.46451,3.38726,3.54176,154.5
BOOST,1645,0.78015,0.35,3.47791,3.40109,3.55472,153.63
BOOST,1645,0.78015,0.36,3.49039,3.41352,3.56726,153.74
BOOST,1645,0.78015,0.37,3.50236,3.42536,3.57936,154.0
BOOST,1645,0.78015,0.38,3.51409,3.43672,3.59145,154.73
BOOST,1645,0.78015,0.39,3.52538,3.44808,3.60269,154.61
BOOST,1645,0.78015,0.4,3.53648,3.45938,3.61358,154.2
BOOST,1645,0.78015,0.41,3.54693,3.46996,3.62391,153.95
BOOST,1645,0.78015,0.42,3.55673,3.48003,3.63342,153.39
BOOST,1645,0.78015,0.43,3.56625,3.48998,3.64251,152.52
BOOST,1645,0.78015,0.44,3.57557,3.49991,3.65124,151.33
BOOST,1645,0.78015,0.45,3.58472,3.50951,3.65992,150.42
BOOST,1645,0.78015,0.46,3.5938,3.51918,3.66842,149.24
BOOST,1645,0.78015,0.47,3.60268,3.52871,3.67666,147.95
BOOST,1645,0.78015,0.48,3.61132,3.53771,3.68494,147.23
BOOST,1645,0.78015,0.49,3.62019,3.54684,3.69354,146.7
BOOST,1645,0.78015,0.5,3.62882,3.55548,3.70215,146.67
BOOST,1645,0.78015,0.51,3.6375,3.56406,3.71095,146.89
BOOST,1645,0.78015,0.52,3.64641,3.57256,3.72027,147.71
BOOST,1645,0.78015,0.53,3.65526,3.58096,3.72957,148.61
BOOST,1645,0.78015,0.54,3.66415,3.58904,3.73926,150.22
BOOST,1645,0.78015,0.55,3.67309,3.597,3.74917,152.17
BOOST,1645,0.78015,0.56,3.68201,3.60506,3.75896,153.9
BOOST,1645,0.78015,0.57,3.69106,3.61316,3.76897,155.81
BOOST,1645,0.78015,0.58,3.70003,3.62119,3.77887,157.68
BOOST,1645,0.78015,0.59,3.70887,3.62937,3.78838,159.0
BOOST,1645,0.78015,0.6,3.71785,3.6375,3.7982,160.7
BOOST,1645,0.78015,0.61,3.72679,3.64599,3.8076,161.61
BOOST,1645,0.78015,0.62,3.73589,3.65499,3.8168,161.81
BOOST,1645,0.78015,0.63,3.74514,3.66419,3.8261,161.91
BOOST,1645,0.78015,0.64,3.75468,3.67426,3.8351,160.84
BOOST,1645,0.78015,0.65,3.76414,3.68447,3.8438,159.33
BOOST,1645,0.78015,0.66,3.77334,3.69429,3.8524,158.11
BOOST,1645,0.78015,0.67,3.78269,3.70439,3.861,156.61
BOOST,1645,0.78015,0.68,3.79225,3.71508,3.86942,154.34
BOOST,1645,0.78015,0.69,3.80187,3.72579,3.87794,152.14
BOOST,1645,0.78015,0.7,3.81181,3.73688,3.88673,149.84
BOOST,1645,0.78015,0.71,3.82176,3.7478,3.89572,147.92
BOOST,1645,0.78015,0.72,3.83166,3.75869,3.90464,145.94
BOOST,1645,0.78015,0.73,3.84221,3.7698,3.91463,144.84
BOOST,1645,0.78015,0.74,3.85317,3.7809,3.92544,144.54
BOOST,1645,0.78015,0.75,3.86443,3.79181,3.93705,145.23
BOOST,1645,0.78015,0.76,3.87619,3.80291,3.94947,146.56
BOOST,1645,0.78015,0.77,3.88824,3.81439,3.9621,147.7
BOOST,1645,0.78015,0.78,3.90064,3.82571,3.97557,149.86
BOOST,1645,0.78015,0.79,3.91295,3.83671,3.98918,152.47
BOOST,1645,0.78015,0.8,3.92541,3.84791,4.0029,155.0
BOOST,1645,0.78015,0.81,3.93772,3.85844,4.017,158.55
BOOST,1645,0.78015,0.82,3.94976,3.86912,4.03039,161.26
BOOST,1645,0.78015,0.83,3.96159,3.87954,4.04364,164.11
BOOST,1645,0.78015,0.84,3.97292,3.88955,4.0563,166.75
BOOST,1645,0.78015,0.85,3.98392,3.90004,4.06781,167.77
BOOST,1645,0.78015,0.86,3.99451,3.91075,4.07828,167.54
BOOST,1645,0.78015,0.87,4.00365,3.92185,4.08545,163.6
BOOST,1645,0.78015,0.88,4.01265,3.93424,4.09107,156.83
BOOST,1645,0.78015,0.89,4.02195,3.94725,4.09665,149.4
BOOST,1645,0.78015,0.9,4.03132,3.95996,4.10268,142.73
BOOST,1645,0.78015,0.91,4.04138,3.97286,4.1099,137.04
BOOST,1645,0.78015,0.92,4.05175,3.98566,4.11783,132.16
BOOST,1645,0.78015,0.93,4.06278,3.99847,4.1271,128.62
BOOST,1645,0.78015,0.94,4.07428,4.01078,4.13778,127.0
BOOST,1645,0.78015,0.95,4.08709,4.02268,4.15149,128.81
BOOST,1645,0.78015,0.96,4.1009,4.03468,4.16712,132.44
BOOST,1645,0.78015,0.97,4.11537,4.04659,4.18414,137.55
BOOST,1720,0.7582,0.21,2.95904,2.76556,3.15252,386.96
BOOST,1720,0.7582,0.22,3.09555,2.9243,3.26681,342.52
BOOST,1720,0.7582,0.23,3.18015,3.01702,3.34329,326.27
BOOST,1720,0.7582,0.24,3.24001,3.08074,3.39927,318.53
BOOST,1720,0.7582,0.25,3.28015,3.12446,3.43585,311.4
BOOST,1720,0.7582,0.26,3.30544,3.15913,3.45176,292.63
BOOST,1720,0.7582,0.27,3.32576,3.1904,3.46113,270.73
BOOST,1720,0.7582,0.28,3.34177,3.2141,3.46943,255.33
BOOST,1720,0.7582,0.29,3.35697,3.23608,3.47786,241.78
BOOST,1720,0.7582,0.3,3.37199,3.25736,3.48662,229.26
BOOST,1720,0.7582,0.31,3.38711,3.27826,3.49596,217.7
BOOST,1720,0.7582,0.32,3.40232,3.29834,3.5063,207.96
BOOST,1720,0.7582,0.33,3.41776,3.31806,3.51747,199.41
BOOST,1720,0.7582,0.34,3.43323,3.33698,3.52949,192.51
BOOST,1720,0.7582,0.35,3.44834,3.35464,3.54203,187.39
BOOST,1720,0.7582,0.36,3.46308,3.3712,3.55496,183.76
BOOST,1720,0.7582,0.37,3.47767,3.38628,3.56906,182.78
BOOST,1720,0.7582,0.38,3.4913,3.3999,3.58269,182.79
BOOST,1720,0.7582,0.39,3.50429,3.41262,3.59595,183.32
BOOST,1720,0.7582,0.4,3.51658,3.42426,3.60891,184.65
BOOST,1720,0.7582,0.41,3.52785,3.43509,3.62061,185.52
BOOST,1720,0.7582,0.42,3.53858,3.44584,3.63131,185.47
BOOST,1720,0.7582,0.43,3.54883,3.45627,3.64139,185.12
BOOST,1720,0.7582,0.44,3.55858,3.46639,3.65077,184.38
BOOST,1720,0.7582,0.45,3.5681,3.4764,3.6598,183.39
BOOST,1720,0.7582,0.46,3.57752,3.48634,3.6687,182.36
BOOST,1720,0.7582,0.47,3.58661,3.49597,3.67725,181.28
BOOST,1720,0.7582,0.48,3.59527,3.50497,3.68558,180.6
BOOST,1720,0.7582,0.49,3.60405,3.51387,3.69423,180.36
BOOST,1720,0.7582,0.5,3.61351,3.52407,3.70296,178.88
BOOST,1720,0.7582,0.51,3.62295,3.53412,3.71178,177.67
BOOST,1720,0.7582,0.52,3.63231,3.54382,3.72081,177.0
BOOST,1720,0.7582,0.53,3.64186,3.55358,3.73014,176.56
BOOST,1720,0.7582,0.54,3.65131,3.5629,3.73972,176.82
BOOST,1720,0.7582,0.55,3.66003,3.57084,3.74922,178.38
BOOST,1720,0.7582,0.56,3.66885,3.57893,3.75877,179.84
BOOST,1720,0.7582,0.57,3.67752,3.58682,3.76822,181.41
BOOST,1720,0.7582,0.58,3.68642,3.59492,3.77792,183.01
BOOST,1720,0.7582,0.59,3.69498,3.60273,3.78722,184.5
BOOST,1720,0.7582,0.6,3.70353,3.61043,3.79662,186.2
BOOST,1720,0.7582,0.61,3.71224,3.6185,3.80597,187.46
BOOST,1720,0.7582,0.62,3.72067,3.62634,3.815,188.66
BOOST,1720,0.7582,0.63,3.72928,3.6345,3.82405,189.55
BOOST,1720,0.7582,0.64,3.7382,3.64292,3.83349,190.57
BOOST,1720,0.7582,0.65,3.74714,3.65145,3.84282,191.37
BOOST,1720,0.7582,0.66,3.75641,3.66053,3.85229,191.76
BOOST,1720,0.7582,0.67,3.76553,3.66993,3.86112,191.2
BOOST,1720,0.7582,0.68,3.77468,3.67964,3.86972,190.09
BOOST,1720,0.7582,0.69,3.78408,3.69,3.87816,188.15
BOOST,1720,0.7582,0.7,3.79356,3.70062,3.88649,185.87
BOOST,1720,0.7582,0.71,3.80307,3.71162,3.89452,182.9
BOOST,1720,0.7582,0.72,3.81317,3.72313,3.90322,180.09
BOOST,1720,0.7582,0.73,3.82371,3.73464,3.91279,178.15
BOOST,1720,0.7582,0.74,3.83472,3.74633,3.92312,176.79
BOOST,1720,0.7582,0.75,3.84652,3.75813,3.93492,176.79
BOOST,1720,0.7582,0.76,3.85888,3.77023,3.94752,177.29
BOOST,1720,0.7582,0.77,3.87151,3.78224,3.96078,178.55
BOOST,1720,0.7582,0.78,3.88456,3.79453,3.9746,180.07
BOOST,1720,0.7582,0.79,3.89713,3.80604,3.98822,182.18
BOOST,1720,0.7582,0.8,3.90957,3.81714,4.002,184.85
BOOST,1720,0.7582,0.81,3.92214,3.82815,4.01613,187.98
BOOST,1720,0.7582,0.82,3.93451,3.83916,4.02986,190.7
BOOST,1720,0.7582,0.83,3.9463,3.84936,4.04323,193.87
BOOST,1720,0.7582,0.84,3.95791,3.85976,4.05606,196.3
BOOST,1720,0.7582,0.85,3.96886,3.86987,4.06785,197.98
BOOST,1720,0.7582,0.86,3.97915,3.88007,4.07822,198.16
BOOST,1720,0.7582,0.87,3.98844,3.89096,4.08591,194.94
BOOST,1720,0.7582,0.88,3.99734,3.90216,4.09252,190.35
BOOST,1720,0.7582,0.89,4.00669,3.91367,4.09972,186.05
BOOST,1720,0.7582,0.9,4.01683,3.92637,4.10728,180.91
BOOST,1720,0.7582,0.91,4.02799,3.94017,4.11582,175.65
BOOST,1720,0.7582,0.92,4.04019,3.95457,4.1258,171.23
BOOST,1720,0.7582,0.93,4.05325,3.96948,4.13702,167.54
BOOST,1720,0.7582,0.94,4.06696,3.98428,4.14964,165.36
BOOST,1720,0.7582,0.95,4.0813,3.99889,4.16372,164.83
BOOST,1720,0.7582,0.96,4.09586,4.01289,4.17884,165.95
BOOST,1720,0.7582,0.97,4.11077,4.02659,4.19494,168.35
BOOST,1795,0.73334,0.24,2.89528,2.69151,3.09905,407.54
BOOST,1795,0.73334,0.25,3.06568,2.89265,3.23871,346.06
BOOST,1795,0.73334,0.26,3.16365,3.00219,3.32511,322.92
BOOST,1795,0.73334,0.27,3.22711,3.06722,3.387,319.78
BOOST,1795,0.73334,0.28,3.27039,3.11008,3.4307,320.62
BOOST,1795,0.73334,0.29,3.29712,3.1421,3.45215,310.05
BOOST,1795,0.73334,0.3,3.31615,3.16832,3.46397,295.65
BOOST,1795,0.73334,0.31,3.33264,3.19154,3.47373,282.18
BOOST,1795,0.73334,0.32,3.34824,3.21319,3.48329,270.1
BOOST,1795,0.73334,0.33,3.36343,3.23362,3.49324,259.63
BOOST,1795,0.73334,0.34,3.3788,3.25406,3.50355,249.49
BOOST,1795,0.73334,0.35,3.39446,3.27416,3.51475,240.59
BOOST,1795,0.73334,0.36,3.41033,3.29446,3.52621,231.75
BOOST,1795,0.73334,0.37,3.42636,3.31416,3.53856,224.4
BOOST,1795,0.73334,0.38,3.44223,3.3335,3.55097,217.47
BOOST,1795,0.73334,0.39,3.45799,3.3521,3.56387,211.77
BOOST,1795,0.73334,0.4,3.4733,3.37012,3.57648,206.36
BOOST,1795,0.73334,0.41,3.48761,3.38594,3.58928,203.34
BOOST,1795,0.73334,0.42,3.50072,3.39976,3.60169,201.93
BOOST,1795,0.73334,0.43,3.51254,3.4113,3.61379,202.49
BOOST,1795,0.73334,0.44,3.52377,3.4223,3.62524,202.94
BOOST,1795,0.73334,0.45,3.53436,3.43242,3.63629,203.87
BOOST,1795,0.73334,0.46,3.54456,3.44267,3.64645,203.78
BOOST,1795,0.73334,0.47,3.55437,3.45266,3.65608,203.42
BOOST,1795,0.73334,0.48,3.56413,3.46286,3.66541,202.55
BOOST,1795,0.73334,0.49,3.57369,3.47289,3.6745,201.61
BOOST,1795,0.73334,0.5,3.58364,3.48306,3.68421,201.16
BOOST,1795,0.73334,0.51,3.59352,3.49309,3.69396,200.87
BOOST,1795,0.73334,0.52,3.60336,3.50306,3.70366,200.61
BOOST,1795,0.73334,0.53,3.61291,3.51269,3.71313,200.44
BOOST,1795,0.73334,0.54,3.62267,3.52247,3.72287,200.4
BOOST,1795,0.73334,0.55,3.63209,3.53177,3.73242,200.65
BOOST,1795,0.73334,0.56,3.64179,3.54126,3.74232,201.06
BOOST,1795,0.73334,0.57,3.65106,3.5502,3.75192,201.72
BOOST,1795,0.73334,0.58,3.66057,3.55929,3.76184,202.55
BOOST,1795,0.73334,0.59,3.66965,3.56803,3.77128,203.25
BOOST,1795,0.73334,0.6,3.67897,3.5769,3.78104,204.14
BOOST,1795,0.73334,0.61,3.68793,3.5854,3.79045,205.04
BOOST,1795,0.73334,0.62,3.69704,3.5941,3.79998,205.87
BOOST,1795,0.73334,0.63,3.70573,3.60242,3.80905,206.63
BOOST,1795,0.73334,0.64,3.71463,3.6109,3.81835,207.44
BOOST,1795,0.73334,0.65,3.72298,3.61884,3.82711,208.27
BOOST,1795,0.73334,0.66,3.73152,3.62699,3.83605,209.06
BOOST,1795,0.73334,0.67,3.74054,3.63663,3.84445,207.82
BOOST,1795,0.73334,0.68,3.74992,3.64679,3.85305,206.26
BOOST,1795,0.73334,0.69,3.75898,3.65681,3.86115,204.34
BOOST,1795,0.73334,0.7,3.76846,3.66751,3.86941,201.9
BOOST,1795,0.73334,0.71,3.77813,3.67821,3.87804,199.83
BOOST,1795,0.73334,0.72,3.7878,3.68852,3.88708,198.56
BOOST,1795,0.73334,0.73,3.79735,3.69892,3.89578,196.86
BOOST,1795,0.73334,0.74,3.80783,3.71012,3.90554,195.42
BOOST,1795,0.73334,0.75,3.81865,3.72132,3.91598,194.66
BOOST,1795,0.73334,0.76,3.83002,3.73312,3.92691,193.79
BOOST,1795,0.73334,0.77,3.8413,3.74482,3.93778,192.96
BOOST,1795,0.73334,0.78,3.8534,3.75702,3.94978,192.76
BOOST,1795,0.73334,0.79,3.86556,3.76903,3.96209,193.06
BOOST,1795,0.73334,0.8,3.87838,3.78153,3.97524,193.7
BOOST,1795,0.73334,0.81,3.89118,3.79394,3.98842,194.48
BOOST,1795,0.73334,0.82,3.90456,3.80693,4.00219,195.26
BOOST,1795,0.73334,0.83,3.91771,3.81973,4.01569,195.96
BOOST,1795,0.73334,0.84,3.9312,3.83274,4.02966,196.92
BOOST,1795,0.73334,0.85,3.94417,3.84535,4.04299,197.65
BOOST,1795,0.73334,0.86,3.95722,3.85814,4.05629,198.15
BOOST,1795,0.73334,0.87,3.96952,3.87056,4.06848,197.92
BOOST,1795,0.73334,0.88,3.98142,3.88356,4.07928,195.73
BOOST,1795,0.73334,0.89,3.99178,3.89656,4.087,190.44
BOOST,1795,0.73334,0.9,4.00206,3.91046,4.09366,183.19
BOOST,1795,0.73334,0.91,4.01224,3.92427,4.1002,175.94
BOOST,1795,0.73334,0.92,4.02328,3.93867,4.10788,169.22
BOOST,1795,0.73334,0.93,4.03453,3.95287,4.11618,163.31
BOOST,1795,0.73334,0.94,4.04784,3.96787,4.12781,159.94
BOOST,1795,0.73334,0.95,4.06183,3.98298,4.14068,157.7
BOOST,1795,0.73334,0.96,4.07724,3.99938,4.1551,155.72
BOOST,1795,0.73334,0.97,4.09361,4.01648,4.17074,154.26
BOOST,1795,0.73334,0.98,4.11104,4.03439,4.1877,153.31
BOOST,1870,0.72199,0.25,2.94752,2.74826,3.14679,398.54
BOOST,1870,0.72199,0.26,3.09155,2.914,3.2691,355.1
BOOST,1870,0.72199,0.27,3.17931,3.00901,3.34962,340.61
BOOST,1870,0.72199,0.28,3.23934,3.06978,3.4089,339.12
BOOST,1870,0.72199,0.29,3.27869,3.11108,3.4463,335.22
BOOST,1870,0.72199,0.3,3.30276,3.1412,3.46431,323.12
BOOST,1870,0.72199,0.31,3.3207,3.1654,3.47601,310.61
BOOST,1870,0.72199,0.32,3.33635,3.18602,3.48668,300.66
BOOST,1870,0.72199,0.33,3.35096,3.20502,3.4969,291.89
BOOST,1870,0.72199,0.34,3.36518,3.22276,3.50759,284.82
BOOST,1870,0.72199,0.35,3.37949,3.24054,3.51844,277.9
BOOST,1870,0.72199,0.36,3.39403,3.25804,3.53002,271.98
BOOST,1870,0.72199,0.37,3.40888,3.2759,3.54186,265.96
BOOST,1870,0.72199,0.38,3.4238,3.29344,3.55415,260.71
BOOST,1870,0.72199,0.39,3.43877,3.31078,3.56676,255.98
BOOST,1870,0.72199,0.4,3.45331,3.32736,3.57926,251.9
BOOST,1870,0.72199,0.41,3.46793,3.3438,3.59207,248.27
BOOST,1870,0.72199,0.42,3.48187,3.35916,3.60457,245.41
BOOST,1870,0.72199,0.43,3.49554,3.37382,3.61726,243.44
BOOST,1870,0.72199,0.44,3.50807,3.387,3.62915,242.15
BOOST,1870,0.72199,0.45,3.52014,3.3992,3.64107,241.87
BOOST,1870,0.72199,0.46,3.53175,3.41054,3.65296,242.42
BOOST,1870,0.72199,0.47,3.54266,3.42112,3.6642,243.08
BOOST,1870,0.72199,0.48,3.55306,3.43127,3.67485,243.58
BOOST,1870,0.72199,0.49,3.56294,3.44079,3.68509,244.3
BOOST,1870,0.72199,0.5,3.57272,3.45039,3.69505,244.67
BOOST,1870,0.72199,0.51,3.58222,3.45937,3.70508,245.7
BOOST,1870,0.72199,0.52,3.59153,3.46837,3.71468,246.31
BOOST,1870,0.72199,0.53,3.60181,3.47904,3.72458,245.54
BOOST,1870,0.72199,0.54,3.61147,3.48877,3.73417,245.39
BOOST,1870,0.72199,0.55,3.62068,3.49729,3.74407,246.78
BOOST,1870,0.72199,0.56,3.62987,3.50617,3.75358,247.4
BOOST,1870,0.72199,0.57,3.63932,3.51526,3.76338,248.12
BOOST,1870,0.72199,0.58,3.64873,3.52477,3.77269,247.92
BOOST,1870,0.72199,0.59,3.65807,3.53387,3.78227,248.4
BOOST,1870,0.72199,0.6,3.66735,3.5433,3.79139,248.09
BOOST,1870,0.72199,0.61,3.67659,3.5524,3.80077,248.36
BOOST,1870,0.72199,0.62,3.68567,3.56172,3.80962,247.9
BOOST,1870,0.72199,0.63,3.69474,3.57082,3.81867,247.85
BOOST,1870,0.72199,0.64,3.70382,3.58022,3.82742,247.2
BOOST,1870,0.72199,0.65,3.71273,3.58922,3.83624,247.03
BOOST,1870,0.72199,0.66,3.72143,3.59802,3.84485,246.84
BOOST,1870,0.72199,0.67,3.72994,3.60643,3.85344,247.01
BOOST,1870,0.72199,0.68,3.73847,3.61521,3.86172,246.51
BOOST,1870,0.72199,0.69,3.74686,3.62382,3.8699,246.07
BOOST,1870,0.72199,0.7,3.75547,3.63291,3.87802,245.12
BOOST,1870,0.72199,0.71,3.76406,3.64222,3.8859,243.68
BOOST,1870,0.72199,0.72,3.77325,3.6523,3.8942,241.89
BOOST,1870,0.72199,0.73,3.78199,3.66125,3.90272,241.47
BOOST,1870,0.72199,0.74,3.7919,3.67061,3.91318,242.57
BOOST,1870,0.72199,0.75,3.80251,3.68063,3.92439,243.76
BOOST,1870,0.72199,0.76,3.81406,3.6916,3.93652,244.92
BOOST,1870,0.72199,0.77,3.82586,3.70284,3.94888,246.05
BOOST,1870,0.72199,0.78,3.8384,3.71482,3.96199,247.17
BOOST,1870,0.72199,0.79,3.85107,3.72693,3.97522,248.29
BOOST,1870,0.72199,0.8,3.8642,3.73962,3.98879,249.17
BOOST,1870,0.72199,0.81,3.87723,3.75204,4.00242,250.38
BOOST,1870,0.72199,0.82,3.89058,3.76493,4.01622,251.29
BOOST,1870,0.72199,0.83,3.90358,3.77734,4.02982,252.47
BOOST,1870,0.72199,0.84,3.91688,3.79014,4.04362,253.48
BOOST,1870,0.72199,0.85,3.92994,3.80304,4.05683,253.79
BOOST,1870,0.72199,0.86,3.94242,3.81535,4.06949,254.14
BOOST,1870,0.72199,0.87,3.95411,3.82746,4.08076,253.3
BOOST,1870,0.72199,0.88,3.96415,3.83916,4.08914,249.99
BOOST,1870,0.72199,0.89,3.97454,3.85246,4.09662,244.16
BOOST,1870,0.72199,0.9,3.98537,3.86595,4.10478,238.83
BOOST,1870,0.72199,0.91,3.99681,3.87986,4.11376,233.9
BOOST,1870,0.72199,0.92,4.0094,3.89496,4.12385,228.89
BOOST,1870,0.72199,0.93,4.0231,3.91137,4.13484,223.47
BOOST,1870,0.72199,0.94,4.03851,3.93017,4.14686,216.69
BOOST,1870,0.72199,0.95,4.05408,3.94878,4.15938,210.6
BOOST,1870,0.72199,0.96,4.07096,3.96908,4.17284,203.76
BOOST,1870,0.72199,0.97,4.0878,3.98928,4.18632,197.04
BOOST_REST,72,0.99026,0.01,2.71706,2.55874,2.87538,316.64
BOOST_REST,72,0.99026,0.02,3.01152,2.95137,3.07167,120.3
BOOST_REST,72,0.99026,0.03,3.13362,3.08784,3.1794,91.56
BOOST_REST,72,0.99026,0.04,3.21803,3.18006,3.256,75.94
BOOST_REST,72,0.99026,0.05,3.28297,3.25101,3.31492,63.91
BOOST_REST,72,0.99026,0.06,3.33353,3.30614,3.36092,54.79
BOOST_REST,72,0.99026,0.07,3.36153,3.33898,3.38407,45.09
BOOST_REST,72,0.99026,0.08,3.37685,3.35865,3.39505,36.4
BOOST_REST,72,0.99026,0.09,3.38877,3.37274,3.4048,32.06
BOOST_REST,72,0.99026,0.1,3.39862,3.38394,3.4133,29.36
BOOST_REST,72,0.99026,0.11,3.40733,3.39342,3.42124,27.82
BOOST_REST,72,0.99026,0.12,3.41507,3.40123,3.4289,27.68
BOOST_REST,72,0.99026,0.13,3.42263,3.40862,3.43664,28.01
BOOST_REST,72,0.99026,0.14,3.43039,3.41562,3.44516,29.53
BOOST_REST,72,0.99026,0.15,3.43907,3.4236,3.45454,30.94
BOOST_REST,72,0.99026,0.16,3.44964,3.4342,3.46508,30.88
BOOST_REST,72,0.99026,0.17,3.46158,3.4467,3.47646,29.76
BOOST_REST,72,0.99026,0.18,3.4734,3.4589,3.4879,29.0
BOOST_REST,72,0.99026,0.19,3.48524,3.4709,3.49958,28.68
BOOST_REST,72,0.99026,0.2,3.49709,3.4826,3.51158,28.98
BOOST_REST,72,0.99026,0.21,3.50812,3.4931,3.52315,30.05
BOOST_REST,72,0.99026,0.22,3.51819,3.5026,3.53378,31.18
BOOST_REST,72,0.99026,0.23,3.52854,3.5121,3.54498,32.88
BOOST_REST,72,0.99026,0.24,3.53925,3.5215,3.55701,35.51
BOOST_REST,72,0.99026,0.25,3.54936,3.5312,3.56751,36.31
BOOST_REST,72,0.99026,0.26,3.55832,3.5408,3.57585,35.05
BOOST_REST,72,0.99026,0.27,3.56686,3.55,3.58371,33.71
BOOST_REST,72,0.99026,0.28,3.57476,3.5584,3.59112,32.72
BOOST_REST,72,0.99026,0.29,3.58256,3.5668,3.59832,31.52
BOOST_REST,72,0.99026,0.3,3.58969,3.5745,3.60488,30.38
BOOST_REST,72,0.99026,0.31,3.59656,3.582,3.61112,29.12
BOOST_REST,72,0.99026,0.32,3.60345,3.5894,3.6175,28.1
BOOST_REST,72,0.99026,0.33,3.60985,3.5963,3.6234,27.1
BOOST_REST,72,0.99026,0.34,3.61611,3.6028,3.62942,26.62
BOOST_REST,72,0.99026,0.35,3.6225,3.6094,3.6356,26.2
BOOST_REST,72,0.99026,0.36,3.62855,3.6156,3.6415,25.9
BOOST_REST,72,0.99026,0.37,3.63485,3.6219,3.6478,25.9
BOOST_REST,72,0.99026,0.38,3.64096,3.6282,3.65372,25.52
BOOST_REST,72,0.99026,0.39,3.64727,3.6344,3.66014,25.74
BOOST_REST,72,0.99026,0.4,3.65385,3.6409,3.6668,25.9
BOOST_REST,72,0.99026,0.41,3.6606,3.6477,3.6735,25.8
BOOST_REST,72,0.99026,0.42,3.66761,3.6545,3.68072,26.22
BOOST_REST,72,0.99026,0.43,3.67493,3.6619,3.68796,26.06
BOOST_REST,72,0.99026,0.44,3.68273,3.6695,3.69596,26.46
BOOST_REST,72,0.99026,0.45,3.69081,3.6773,3.70432,27.02
BOOST_REST,72,0.99026,0.46,3.69941,3.6859,3.71292,27.02
BOOST_REST,72,0.99026,0.47,3.70824,3.6946,3.72188,27.28
BOOST_REST,72,0.99026,0.48,3.71762,3.7037,3.73154,27.84
BOOST_REST,72,0.99026,0.49,3.72718,3.7133,3.74106,27.76
BOOST_REST,72,0.99026,0.5,3.73681,3.7226,3.75102,28.42
BOOST_REST,72,0.99026,0.51,3.74658,3.7325,3.76066,28.16
BOOST_REST,72,0.99026,0.52,3.75638,3.7421,3.77066,28.56
BOOST_REST,72,0.99026,0.53,3.76575,3.7513,3.78019,28.89
BOOST_REST,72,0.99026,0.54,3.7753,3.7607,3.78989,29.19
BOOST_REST,72,0.99026,0.55,3.78448,3.7697,3.79927,29.57
BOOST_REST,72,0.99026,0.56,3.79382,3.7789,3.80874,29.84
BOOST_REST,72,0.99026,0.57,3.80327,3.7882,3.81834,30.14
BOOST_REST,72,0.99026,0.58,3.81262,3.7973,3.82794,30.64
BOOST_REST,72,0.99026,0.59,3.8229,3.8075,3.83829,30.79
BOOST_REST,72,0.99026,0.6,3.83381,3.8184,3.84922,30.82
BOOST_REST,72,0.99026,0.61,3.84621,3.8308,3.86161,30.81
BOOST_REST,72,0.99026,0.62,3.8596,3.8444,3.87479,30.39
BOOST_REST,72,0.99026,0.63,3.87135,3.8571,3.88559,28.49
BOOST_REST,72,0.99026,0.64,3.88153,3.8686,3.89447,25.87
BOOST_REST,72,0.99026,0.65,3.88986,3.8779,3.90182,23.92
BOOST_REST,72,0.99026,0.66,3.89748,3.8864,3.90857,22.17
BOOST_REST,72,0.99026,0.67,3.9045,3.8939,3.9151,21.19
BOOST_REST,72,0.99026,0.68,3.91129,3.90101,3.92157,20.56
BOOST_REST,72,0.99026,0.69,3.91842,3.9084,3.92844,20.04
BOOST_REST,72,0.99026,0.7,3.92569,3.9158,3.93557,19.76
BOOST_REST,72,0.99026,0.71,3.93386,3.92401,3.94372,19.71
BOOST_REST,72,0.99026,0.72,3.9427,3.93261,3.95279,20.19
BOOST_REST,72,0.99026,0.73,3.95222,3.94201,3.96244,20.43
BOOST_REST,72,0.99026,0.74,3.96296,3.95261,3.97332,20.71
BOOST_REST,72,0.99026,0.75,3.97432,3.96391,3.98474,20.83
BOOST_REST,72,0.99026,0.76,3.98638,3.9757,3.99706,21.36
BOOST_REST,72,0.99026,0.77,3.99897,3.9884,4.00954,21.14
BOOST_REST,72,0.99026,0.78,4.01155,4.0009,4.02219,21.28
BOOST_REST,72,0.99026,0.79,4.02388,4.0134,4.03436,20.96
BOOST_REST,72,0.99026,0.8,4.03526,4.0248,4.04572,20.91
BOOST_REST,72,0.99026,0.81,4.04577,4.0352,4.05634,21.14
BOOST_REST,72,0.99026,0.82,4.05564,4.0453,4.06597,20.67
BOOST_REST,72,0.99026,0.83,4.0639,4.054,4.0738,19.79
BOOST_REST,72,0.99026,0.84,4.06994,4.0607,4.07917,18.47
BOOST_REST,72,0.99026,0.85,4.07417,4.0656,4.08275,17.15
BOOST_REST,72,0.99026,0.86,4.07671,4.0684,4.08502,16.62
BOOST_REST,72,0.99026,0.87,4.07909,4.0709,4.08727,16.37
BOOST_REST,72,0.99026,0.88,4.08134,4.0731,4.08958,16.48
BOOST_REST,72,0.99026,0.89,4.08347,4.0752,4.09175,16.55
BOOST_REST,72,0.99026,0.9,4.0861,4.0778,4.0944,16.6
BOOST_REST,72,0.99026,0.91,4.08891,4.0804,4.09742,17.02
BOOST_REST,72,0.99026,0.92,4.09239,4.0839,4.10087,16.97
BOOST_REST,72,0.99026,0.93,4.0967,4.088,4.1054,17.4
BOOST_REST,72,0.99026,0.94,4.10182,4.0929,4.11074,17.84
BOOST_REST,72,0.99026,0.95,4.10893,4.0998,4.11805,18.25
BOOST_REST,72,0.99026,0.96,4.11813,4.1086,4.12765,19.05
BOOST_REST,72,0.99026,0.97,4.13021,4.12041,4.14001,19.6
BOOST_REST,72,0.99026,0.98,4.14656,4.13671,4.15642,19.71
BOOST_REST,72,0.99026,0.99,4.16815,4.15821,4.17809,19.88
BOOST_REST,145,0.97519,0.02,2.83874,2.73301,2.94448,211.47
BOOST_REST,145,0.97519,0.03,3.04902,2.99329,3.10474,111.45
BOOST_REST,145,0.97519,0.04,3.15865,3.11439,3.20291,88.52
BOOST_REST,145,0.97519,0.05,3.23666,3.1991,3.27421,75.1
BOOST_REST,145,0.97519,0.06,3.29605,3.2626,3.3295,66.89
BOOST_REST,145,0.97519,0.07,3.33698,3.30505,3.36891,63.87
BOOST_REST,145,0.97519,0.08,3.35888,3.3329,3.38486,51.96
BOOST_REST,145,0.97519,0.09,3.37431,3.35292,3.39569,42.77
BOOST_REST,145,0.97519,0.1,3.3873,3.36871,3.40589,37.18
BOOST_REST,145,0.97519,0.11,3.39844,3.38153,3.41536,33.83
BOOST_REST,145,0.97519,0.12,3.40822,3.39204,3.42439,32.35
BOOST_REST,145,0.97519,0.13,3.41733,3.40163,3.43303,31.4
BOOST_REST,145,0.97519,0.14,3.42616,3.41043,3.4419,31.47
BOOST_REST,145,0.97519,0.15,3.43534,3.41954,3.45113,31.59
BOOST_REST,145,0.97519,0.16,3.44521,3.42973,3.4607,30.97
BOOST_REST,145,0.97519,0.17,3.45594,3.44066,3.47123,30.57
BOOST_REST,145,0.97519,0.18,3.46733,3.45246,3.4822,29.74
BOOST_REST,145,0.97519,0.19,3.47867,3.46394,3.4934,29.46
BOOST_REST,145,0.97519,0.2,3.4902,3.47516,3.50523,30.07
BOOST_REST,145,0.97519,0.21,3.5009,3.4854,3.5164,31.0
BOOST_REST,145,0.97519,0.22,3.51141,3.4952,3.52763,32.44
BOOST_REST,145,0.97519,0.23,3.52201,3.505,3.53903,34.04
BOOST_REST,145,0.97519,0.24,3.53245,3.5145,3.5504,35.9
BOOST_REST,145,0.97519,0.25,3.54258,3.5244,3.56077,36.37
BOOST_REST,145,0.97519,0.26,3.55179,3.53378,3.5698,36.02
BOOST_REST,145,0.97519,0.27,3.56056,3.54288,3.57824,35.35
BOOST_REST,145,0.97519,0.28,3.56914,3.55187,3.5864,34.53
BOOST_REST,145,0.97519,0.29,3.57715,3.56036,3.59393,33.57
BOOST_REST,145,0.97519,0.3,3.58469,3.56837,3.601,32.63
BOOST_REST,145,0.97519,0.31,3.59207,3.5762,3.60794,31.74
BOOST_REST,145,0.97519,0.32,3.59913,3.58386,3.6144,30.54
BOOST_REST,145,0.97519,0.33,3.60606,3.59106,3.62107,30.01
BOOST_REST,145,0.97519,0.34,3.61274,3.59807,3.6274,29.33
BOOST_REST,145,0.97519,0.35,3.61912,3.60477,3.63347,28.7
BOOST_REST,145,0.97519,0.36,3.62569,3.61166,3.63972,28.06
BOOST_REST,145,0.97519,0.37,3.63209,3.61816,3.64602,27.86
BOOST_REST,145,0.97519,0.38,3.63851,3.62468,3.65234,27.66
BOOST_REST,145,0.97519,0.39,3.64501,3.63135,3.65868,27.33
BOOST_REST,145,0.97519,0.4,3.65156,3.63777,3.66535,27.58
BOOST_REST,145,0.97519,0.41,3.65836,3.64458,3.67214,27.56
BOOST_REST,145,0.97519,0.42,3.6653,3.65145,3.67915,27.7
BOOST_REST,145,0.97519,0.43,3.67274,3.65866,3.68682,28.15
BOOST_REST,145,0.97519,0.44,3.68046,3.66634,3.69458,28.24
BOOST_REST,145,0.97519,0.45,3.68848,3.67417,3.70279,28.62
BOOST_REST,145,0.97519,0.46,3.6972,3.68274,3.71165,28.91
BOOST_REST,145,0.97519,0.47,3.70596,3.69126,3.72065,29.39
BOOST_REST,145,0.97519,0.48,3.71529,3.70056,3.73002,29.46
BOOST_REST,145,0.97519,0.49,3.72499,3.71005,3.73992,29.88
BOOST_REST,145,0.97519,0.5,3.73472,3.71958,3.74985,30.27
BOOST_REST,145,0.97519,0.51,3.74457,3.72945,3.75969,30.24
BOOST_REST,145,0.97519,0.52,3.75438,3.73896,3.76979,30.82
BOOST_REST,145,0.97519,0.53,3.76419,3.74886,3.77952,30.66
BOOST_REST,145,0.97519,0.54,3.77361,3.75806,3.78915,31.09
BOOST_REST,145,0.97519,0.55,3.78323,3.76757,3.79889,31.32
BOOST_REST,145,0.97519,0.56,3.79274,3.77696,3.80852,31.55
BOOST_REST,145,0.97519,0.57,3.80245,3.78657,3.81832,31.75
BOOST_REST,145,0.97519,0.58,3.81262,3.79676,3.82849,31.73
BOOST_REST,145,0.97519,0.59,3.8231,3.80727,3.83892,31.65
BOOST_REST,145,0.97519,0.6,3.83441,3.81859,3.85022,31.64
BOOST_REST,145,0.97519,0.61,3.84581,3.83029,3.86132,31.04
BOOST_REST,145,0.97519,0.62,3.85701,3.84218,3.87183,29.65
BOOST_REST,145,0.97519,0.63,3.86736,3.85317,3.88155,28.38
BOOST_REST,145,0.97519,0.64,3.87703,3.86374,3.89032,26.58
BOOST_REST,145,0.97519,0.65,3.88597,3.87342,3.89852,25.09
BOOST_REST,145,0.97519,0.66,3.89392,3.88203,3.90582,23.79
BOOST_REST,145,0.97519,0.67,3.90158,3.89014,3.91302,22.87
BOOST_REST,145,0.97519,0.68,3.90876,3.89783,3.91968,21.85
BOOST_REST,145,0.97519,0.69,3.91586,3.90504,3.92669,21.65
BOOST_REST,145,0.97519,0.7,3.92354,3.91273,3.93435,21.62
BOOST_REST,145,0.97519,0.71,3.93149,3.92063,3.94235,21.72
BOOST_REST,145,0.97519,0.72,3.94051,3.92943,3.95159,22.16
BOOST_REST,145,0.97519,0.73,3.95016,3.93894,3.96139,22.45
BOOST_REST,145,0.97519,0.74,3.9609,3.94944,3.97236,22.92
BOOST_REST,145,0.97519,0.75,3.9723,3.96054,3.98406,23.52
BOOST_REST,145,0.97519,0.76,3.98442,3.97255,3.9963,23.75
BOOST_REST,145,0.97519,0.77,3.99731,3.98533,4.0093,23.96
BOOST_REST,145,0.97519,0.78,4.00995,3.99804,4.02186,23.82
BOOST_REST,145,0.97519,0.79,4.02252,4.01073,4.0343,23.56
BOOST_REST,145,0.97519,0.8,4.03418,4.02253,4.04582,23.3
BOOST_REST,145,0.97519,0.81,4.04485,4.03313,4.05656,23.43
BOOST_REST,145,0.97519,0.82,4.05477,4.04342,4.06612,22.7
BOOST_REST,145,0.97519,0.83,4.06312,4.05232,4.07392,21.6
BOOST_REST,145,0.97519,0.84,4.06973,4.05981,4.07964,19.83
BOOST_REST,145,0.97519,0.85,4.07386,4.0649,4.08281,17.9
BOOST_REST,145,0.97519,0.86,4.07671,4.06801,4.08541,17.4
BOOST_REST,145,0.97519,0.87,4.0791,4.0706,4.0876,17.0
BOOST_REST,145,0.97519,0.88,4.08119,4.0726,4.08977,17.17
BOOST_REST,145,0.97519,0.89,4.08367,4.075,4.09234,17.33
BOOST_REST,145,0.97519,0.9,4.08597,4.0771,4.09484,17.73
BOOST_REST,145,0.97519,0.91,4.08896,4.07991,4.09801,18.1
BOOST_REST,145,0.97519,0.92,4.09244,4.0832,4.10168,18.48
BOOST_REST,145,0.97519,0.93,4.09646,4.0869,4.10602,19.12
BOOST_REST,145,0.97519,0.94,4.10185,4.09191,4.1118,19.89
BOOST_REST,145,0.97519,0.95,4.10874,4.0986,4.11888,20.28
BOOST_REST,145,0.97519,0.96,4.1177,4.10691,4.1285,21.59
BOOST_REST,145,0.97519,0.97,4.1299,4.1188,4.141,22.2
BOOST_REST,145,0.97519,0.98,4.14584,4.1342,4.15748,23.28
BOOST_REST,145,0.97519,0.99,4.1675,4.1558,4.1792,23.4
BOOST_REST,220,0.95694,0.03,2.94882,2.86438,3.03327,168.89
BOOST_REST,220,0.95694,0.04,3.09834,3.03908,3.15759,118.51
BOOST_REST,220,0.95694,0.05,3.19211,3.14312,3.24109,97.97
BOOST_REST,220,0.95694,0.06,3.25994,3.21602,3.30386,87.84
BOOST_REST,220,0.95694,0.07,3.30984,3.26728,3.35241,85.13
BOOST_REST,220,0.95694,0.08,3.3389,3.30164,3.37616,74.52
BOOST_REST,220,0.95694,0.09,3.35735,3.32674,3.38797,61.24
BOOST_REST,220,0.95694,0.1,3.37328,3.34806,3.3985,50.44
BOOST_REST,220,0.95694,0.11,3.38725,3.36561,3.4089,43.29
BOOST_REST,220,0.95694,0.12,3.39995,3.38051,3.4194,38.89
BOOST_REST,220,0.95694,0.13,3.41147,3.39344,3.4295,36.05
BOOST_REST,220,0.95694,0.14,3.42196,3.40483,3.4391,34.27
BOOST_REST,220,0.95694,0.15,3.43232,3.41566,3.44899,33.33
BOOST_REST,220,0.95694,0.16,3.44251,3.42621,3.45881,32.6
BOOST_REST,220,0.95694,0.17,3.45298,3.43696,3.469,32.04
BOOST_REST,220,0.95694,0.18,3.46407,3.44834,3.4798,31.46
BOOST_REST,220,0.95694,0.19,3.47486,3.45911,3.49061,31.5
BOOST_REST,220,0.95694,0.2,3.48581,3.46982,3.50179,31.97
BOOST_REST,220,0.95694,0.21,3.4964,3.48007,3.51272,32.65
BOOST_REST,220,0.95694,0.22,3.50681,3.48972,3.52389,34.17
BOOST_REST,220,0.95694,0.23,3.51735,3.4995,3.5352,35.71
BOOST_REST,220,0.95694,0.24,3.52735,3.509,3.5457,36.71
BOOST_REST,220,0.95694,0.25,3.53715,3.51868,3.55562,36.94
BOOST_REST,220,0.95694,0.26,3.54626,3.5278,3.56472,36.93
BOOST_REST,220,0.95694,0.27,3.5553,3.537,3.57361,36.61
BOOST_REST,220,0.95694,0.28,3.56377,3.5457,3.58184,36.14
BOOST_REST,220,0.95694,0.29,3.57201,3.5544,3.58963,35.23
BOOST_REST,220,0.95694,0.3,3.58005,3.56276,3.59734,34.58
BOOST_REST,220,0.95694,0.31,3.58761,3.57068,3.60453,33.84
BOOST_REST,220,0.95694,0.32,3.5952,3.57867,3.61173,33.06
BOOST_REST,220,0.95694,0.33,3.60231,3.58607,3.61855,32.48
BOOST_REST,220,0.95694,0.34,3.60922,3.5933,3.62515,31.85
BOOST_REST,220,0.95694,0.35,3.61615,3.60047,3.63183,31.36
BOOST_REST,220,0.95694,0.36,3.62281,3.60727,3.63834,31.07
BOOST_REST,220,0.95694,0.37,3.62951,3.61417,3.64485,30.68
BOOST_REST,220,0.95694,0.38,3.63611,3.62077,3.65145,30.68
BOOST_REST,220,0.95694,0.39,3.64282,3.62768,3.65795,30.27
BOOST_REST,220,0.95694,0.4,3.64961,3.63437,3.66485,30.48
BOOST_REST,220,0.95694,0.41,3.65645,3.64126,3.67165,30.4
BOOST_REST,220,0.95694,0.42,3.6638,3.64854,3.67905,30.51
BOOST_REST,220,0.95694,0.43,3.67115,3.65575,3.68655,30.8
BOOST_REST,220,0.95694,0.44,3.6791,3.66365,3.69454,30.9
BOOST_REST,220,0.95694,0.45,3.68715,3.67146,3.70284,31.39
BOOST_REST,220,0.95694,0.46,3.69595,3.68006,3.71184,31.77
BOOST_REST,220,0.95694,0.47,3.705,3.68895,3.72104,32.1
BOOST_REST,220,0.95694,0.48,3.7143,3.69806,3.73054,32.48
BOOST_REST,220,0.95694,0.49,3.72414,3.70776,3.74052,32.76
BOOST_REST,220,0.95694,0.5,3.73395,3.71746,3.75044,32.98
BOOST_REST,220,0.95694,0.51,3.74405,3.72756,3.76053,32.96
BOOST_REST,220,0.95694,0.52,3.75414,3.73756,3.77072,33.16
BOOST_REST,220,0.95694,0.53,3.764,3.74736,3.78064,33.28
BOOST_REST,220,0.95694,0.54,3.77395,3.75719,3.79072,33.53
BOOST_REST,220,0.95694,0.55,3.7841,3.76736,3.80084,33.47
BOOST_REST,220,0.95694,0.56,3.79411,3.77737,3.81084,33.47
BOOST_REST,220,0.95694,0.57,3.8045,3.78787,3.82113,33.26
BOOST_REST,220,0.95694,0.58,3.81524,3.79866,3.83181,33.15
BOOST_REST,220,0.95694,0.59,3.8258,3.80937,3.84224,32.86
BOOST_REST,220,0.95694,0.6,3.8365,3.82047,3.85252,32.05
BOOST_REST,220,0.95694,0.61,3.84665,3.83106,3.86224,31.18
BOOST_REST,220,0.95694,0.62,3.85631,3.84128,3.87134,30.06
BOOST_REST,220,0.95694,0.63,3.86571,3.85127,3.88014,28.87
BOOST_REST,220,0.95694,0.64,3.87459,3.86053,3.88864,28.11
BOOST_REST,220,0.95694,0.65,3.88309,3.86963,3.89654,26.92
BOOST_REST,220,0.95694,0.66,3.89144,3.87853,3.90434,25.82
BOOST_REST,220,0.95694,0.67,3.8992,3.88684,3.91157,24.73
BOOST_REST,220,0.95694,0.68,3.90669,3.89453,3.91884,24.31
BOOST_REST,220,0.95694,0.69,3.9141,3.90224,3.92597,23.73
BOOST_REST,220,0.95694,0.7,3.92184,3.91003,3.93364,23.62
BOOST_REST,220,0.95694,0.71,3.93009,3.91803,3.94215,24.12
BOOST_REST,220,0.95694,0.72,3.93914,3.92694,3.95134,24.39
BOOST_REST,220,0.95694,0.73,3.94918,3.93663,3.96173,25.1
BOOST_REST,220,0.95694,0.74,3.95983,3.94694,3.97272,25.78
BOOST_REST,220,0.95694,0.75,3.97163,3.95844,3.98482,26.38
BOOST_REST,220,0.95694,0.76,3.98383,3.97044,3.99722,26.78
BOOST_REST,220,0.95694,0.77,3.99677,3.98314,4.01041,27.28
BOOST_REST,220,0.95694,0.78,4.00973,3.99624,4.02321,26.97
BOOST_REST,220,0.95694,0.79,4.02228,4.00893,4.03562,26.69
BOOST_REST,220,0.95694,0.8,4.03413,4.02064,4.04762,26.98
BOOST_REST,220,0.95694,0.81,4.04478,4.03142,4.05814,26.71
BOOST_REST,220,0.95694,0.82,4.05327,4.04123,4.06531,24.08
BOOST_REST,220,0.95694,0.83,4.06279,4.05072,4.07485,24.13
BOOST_REST,220,0.95694,0.84,4.06939,4.05822,4.08057,22.35
BOOST_REST,220,0.95694,0.85,4.07399,4.06401,4.08398,19.97
BOOST_REST,220,0.95694,0.86,4.07695,4.0675,4.08639,18.89
BOOST_REST,220,0.95694,0.87,4.07919,4.06981,4.08858,18.77
BOOST_REST,220,0.95694,0.88,4.08159,4.0722,4.09098,18.78
BOOST_REST,220,0.95694,0.89,4.08374,4.0742,4.09328,19.08
BOOST_REST,220,0.95694,0.9,4.08644,4.0767,4.09617,19.46
BOOST_REST,220,0.95694,0.91,4.08925,4.07911,4.09939,20.29
BOOST_REST,220,0.95694,0.92,4.09279,4.08231,4.10328,20.97
BOOST_REST,220,0.95694,0.93,4.09728,4.0864,4.10815,21.75
BOOST_REST,220,0.95694,0.94,4.10264,4.0911,4.11417,23.06
BOOST_REST,220,0.95694,0.95,4.10982,4.09771,4.12194,24.23
BOOST_REST,220,0.95694,0.96,4.11936,4.10641,4.13232,25.91
BOOST_REST,220,0.95694,0.97,4.13171,4.11791,4.14551,27.61
BOOST_REST,220,0.95694,0.98,4.14848,4.13391,4.16306,29.15
BOOST_REST,220,0.95694,0.99,4.17067,4.1557,4.18563,29.93
BOOST_REST,295,0.93912,0.04,2.90001,2.74722,3.0528,305.59
BOOST_REST,295,0.93912,0.05,3.08302,2.99108,3.17495,183.87
BOOST_REST,295,0.93912,0.06,3.18123,3.1072,3.25525,148.05
BOOST_REST,295,0.93912,0.07,3.25109,3.18652,3.31565,129.13
BOOST_REST,295,0.93912,0.08,3.30103,3.24325,3.35882,115.57
BOOST_REST,295,0.93912,0.09,3.32917,3.28191,3.37642,94.52
BOOST_REST,295,0.93912,0.1,3.34891,3.31048,3.38734,76.86
BOOST_REST,295,0.93912,0.11,3.36631,3.33498,3.39764,62.66
BOOST_REST,295,0.93912,0.12,3.38289,3.35677,3.40901,52.24
BOOST_REST,295,0.93912,0.13,3.3977,3.37515,3.42024,45.09
BOOST_REST,295,0.93912,0.14,3.41104,3.39065,3.43143,40.78
BOOST_REST,295,0.93912,0.15,3.42328,3.40425,3.44232,38.07
BOOST_REST,295,0.93912,0.16,3.43459,3.41653,3.45266,36.12
BOOST_REST,295,0.93912,0.17,3.44563,3.42784,3.46342,35.58
BOOST_REST,295,0.93912,0.18,3.45659,3.43924,3.47395,34.71
BOOST_REST,295,0.93912,0.19,3.46763,3.45024,3.48502,34.78
BOOST_REST,295,0.93912,0.2,3.47849,3.46114,3.49584,34.7
BOOST_REST,295,0.93912,0.21,3.48894,3.47143,3.50645,35.01
BOOST_REST,295,0.93912,0.22,3.49938,3.48134,3.51743,36.09
BOOST_REST,295,0.93912,0.23,3.50954,3.49113,3.52795,36.82
BOOST_REST,295,0.93912,0.24,3.51928,3.50043,3.53813,37.7
BOOST_REST,295,0.93912,0.25,3.52879,3.50993,3.54765,37.72
BOOST_REST,295,0.93912,0.26,3.53774,3.51893,3.55655,37.62
BOOST_REST,295,0.93912,0.27,3.54674,3.52803,3.56545,37.42
BOOST_REST,295,0.93912,0.28,3.5553,3.53682,3.57377,36.95
BOOST_REST,295,0.93912,0.29,3.56389,3.54543,3.58235,36.92
BOOST_REST,295,0.93912,0.3,3.57215,3.55402,3.59027,36.24
BOOST_REST,295,0.93912,0.31,3.58005,3.56213,3.59797,35.84
BOOST_REST,295,0.93912,0.32,3.58804,3.57042,3.60566,35.23
BOOST_REST,295,0.93912,0.33,3.59555,3.57822,3.61288,34.66
BOOST_REST,295,0.93912,0.34,3.6028,3.58563,3.61997,34.34
BOOST_REST,295,0.93912,0.35,3.61019,3.59322,3.62716,33.94
BOOST_REST,295,0.93912,0.36,3.61725,3.60043,3.63406,33.64
BOOST_REST,295,0.93912,0.37,3.62425,3.60772,3.64077,33.05
BOOST_REST,295,0.93912,0.38,3.63125,3.61482,3.64767,32.85
BOOST_REST,295,0.93912,0.39,3.638,3.62162,3.65438,32.76
BOOST_REST,295,0.93912,0.4,3.64505,3.62862,3.66147,32.85
BOOST_REST,295,0.93912,0.41,3.6521,3.63582,3.66838,32.56
BOOST_REST,295,0.93912,0.42,3.65949,3.64302,3.67597,32.95
BOOST_REST,295,0.93912,0.43,3.66691,3.65033,3.68348,33.15
BOOST_REST,295,0.93912,0.44,3.67489,3.65822,3.69157,33.35
BOOST_REST,295,0.93912,0.45,3.6831,3.66613,3.70007,33.94
BOOST_REST,295,0.93912,0.46,3.69161,3.67454,3.70868,34.14
BOOST_REST,295,0.93912,0.47,3.70074,3.68352,3.71797,34.45
BOOST_REST,295,0.93912,0.48,3.7102,3.69263,3.72776,35.14
BOOST_REST,295,0.93912,0.49,3.7201,3.70243,3.73777,35.34
BOOST_REST,295,0.93912,0.5,3.73005,3.71223,3.74786,35.63
BOOST_REST,295,0.93912,0.51,3.74043,3.7225,3.75836,35.86
BOOST_REST,295,0.93912,0.52,3.75084,3.7331,3.76857,35.47
BOOST_REST,295,0.93912,0.53,3.76123,3.7435,3.77897,35.47
BOOST_REST,295,0.93912,0.54,3.77178,3.7539,3.78966,35.76
BOOST_REST,295,0.93912,0.55,3.78228,3.7647,3.79987,35.17
BOOST_REST,295,0.93912,0.56,3.79283,3.7752,3.81046,35.26
BOOST_REST,295,0.93912,0.57,3.80338,3.7861,3.82067,34.57
BOOST_REST,295,0.93912,0.58,3.81378,3.7966,3.83096,34.36
BOOST_REST,295,0.93912,0.59,3.82404,3.8072,3.84087,33.67
BOOST_REST,295,0.93912,0.6,3.83408,3.8178,3.85037,32.57
BOOST_REST,295,0.93912,0.61,3.84369,3.8277,3.85967,31.97
BOOST_REST,295,0.93912,0.62,3.85298,3.8376,3.86837,30.77
BOOST_REST,295,0.93912,0.63,3.86179,3.8467,3.87688,30.18
BOOST_REST,295,0.93912,0.64,3.87039,3.8558,3.88498,29.18
BOOST_REST,295,0.93912,0.65,3.87863,3.8644,3.89287,28.47
BOOST_REST,295,0.93912,0.66,3.88659,3.8727,3.90048,27.78
BOOST_REST,295,0.93912,0.67,3.89459,3.88101,3.90817,27.16
BOOST_REST,295,0.93912,0.68,3.90239,3.88911,3.91567,26.57
BOOST_REST,295,0.93912,0.69,3.90974,3.89671,3.92278,26.07
BOOST_REST,295,0.93912,0.7,3.91759,3.90461,3.93057,25.96
BOOST_REST,295,0.93912,0.71,3.92564,3.91261,3.93867,26.07
BOOST_REST,295,0.93912,0.72,3.93448,3.92091,3.94806,27.15
BOOST_REST,295,0.93912,0.73,3.94414,3.93041,3.95787,27.46
BOOST_REST,295,0.93912,0.74,3.95468,3.94041,3.96896,28.55
BOOST_REST,295,0.93912,0.75,3.96619,3.95161,3.98076,29.16
BOOST_REST,295,0.93912,0.76,3.97833,3.96321,3.99345,30.24
BOOST_REST,295,0.93912,0.77,3.99104,3.97561,4.00646,30.85
BOOST_REST,295,0.93912,0.78,4.00423,3.98871,4.01975,31.04
BOOST_REST,295,0.93912,0.79,4.01689,4.00131,4.03246,31.16
BOOST_REST,295,0.93912,0.8,4.02903,4.01361,4.04446,30.85
BOOST_REST,295,0.93912,0.81,4.04008,4.0245,4.05566,31.15
BOOST_REST,295,0.93912,0.82,4.04984,4.03411,4.06557,31.46
BOOST_REST,295,0.93912,0.83,4.05884,4.04391,4.07378,29.87
BOOST_REST,295,0.93912,0.84,4.06624,4.0526,4.07988,27.27
BOOST_REST,295,0.93912,0.85,4.07145,4.0596,4.0833,23.69
BOOST_REST,295,0.93912,0.86,4.07515,4.0646,4.08569,21.09
BOOST_REST,295,0.93912,0.87,4.0779,4.0676,4.08819,20.59
BOOST_REST,295,0.93912,0.88,4.08025,4.0702,4.09029,20.09
BOOST_REST,295,0.93912,0.89,4.0826,4.0722,4.09299,20.79
BOOST_REST,295,0.93912,0.9,4.08509,4.0745,4.09569,21.19
BOOST_REST,295,0.93912,0.91,4.08814,4.0772,4.09908,21.88
BOOST_REST,295,0.93912,0.92,4.09139,4.0799,4.10289,22.99
BOOST_REST,295,0.93912,0.93,4.09559,4.0837,4.10748,23.78
BOOST_REST,295,0.93912,0.94,4.10079,4.0879,4.11367,25.77
BOOST_REST,295,0.93912,0.95,4.10749,4.0938,4.12118,27.37
BOOST_REST,295,0.93912,0.96,4.11643,4.1017,4.13116,29.46
BOOST_REST,295,0.93912,0.97,4.12852,4.1126,4.14444,31.84
BOOST_REST,295,0.93912,0.98,4.14432,4.1273,4.16134,34.04
BOOST_REST,295,0.93912,0.99,4.16576,4.1483,4.18322,34.92
BOOST_REST,370,0.92182,0.05,2.82934,2.60543,3.05325,447.82
BOOST_REST,370,0.92182,0.06,3.06218,2.93668,3.18768,251.0
BOOST_REST,370,0.92182,0.07,3.1703,3.07109,3.2695,198.42
BOOST_REST,370,0.92182,0.08,3.24327,3.15868,3.32785,169.17
BOOST_REST,370,0.92182,0.09,3.2935,3.22224,3.36475,142.5
BOOST_REST,370,0.92182,0.1,3.32332,3.26736,3.37928,111.92
BOOST_REST,370,0.92182,0.11,3.3453,3.3007,3.3899,89.2
BOOST_REST,370,0.92182,0.12,3.36454,3.32868,3.40041,71.73
BOOST_REST,370,0.92182,0.13,3.38246,3.35285,3.41207,59.22
BOOST_REST,370,0.92182,0.14,3.39865,3.37344,3.42386,50.42
BOOST_REST,370,0.92182,0.15,3.41306,3.3908,3.43533,44.53
BOOST_REST,370,0.92182,0.16,3.42594,3.40529,3.44658,41.29
BOOST_REST,370,0.92182,0.17,3.43783,3.4182,3.45746,39.26
BOOST_REST,370,0.92182,0.18,3.44941,3.43016,3.46866,38.49
BOOST_REST,370,0.92182,0.19,3.46062,3.44159,3.47966,38.07
BOOST_REST,370,0.92182,0.2,3.47202,3.45307,3.49096,37.89
BOOST_REST,370,0.92182,0.21,3.48276,3.46386,3.50166,37.8
BOOST_REST,370,0.92182,0.22,3.49327,3.47398,3.51256,38.58
BOOST_REST,370,0.92182,0.23,3.50331,3.48386,3.52276,38.91
BOOST_REST,370,0.92182,0.24,3.51296,3.49326,3.53266,39.41
BOOST_REST,370,0.92182,0.25,3.52216,3.50256,3.54177,39.21
BOOST_REST,370,0.92182,0.26,3.53102,3.51137,3.55067,39.29
BOOST_REST,370,0.92182,0.27,3.53981,3.52035,3.55927,38.92
BOOST_REST,370,0.92182,0.28,3.54847,3.52906,3.56789,38.84
BOOST_REST,370,0.92182,0.29,3.5571,3.53795,3.57624,38.3
BOOST_REST,370,0.92182,0.3,3.56543,3.54645,3.58442,37.97
BOOST_REST,370,0.92182,0.31,3.57374,3.55486,3.59262,37.76
BOOST_REST,370,0.92182,0.32,3.58178,3.56324,3.60032,37.08
BOOST_REST,370,0.92182,0.33,3.58969,3.57126,3.60812,36.86
BOOST_REST,370,0.92182,0.34,3.59733,3.57916,3.6155,36.34
BOOST_REST,370,0.92182,0.35,3.60489,3.58685,3.62292,36.08
BOOST_REST,370,0.92182,0.36,3.61221,3.59436,3.63007,35.72
BOOST_REST,370,0.92182,0.37,3.61953,3.60184,3.63722,35.38
BOOST_REST,370,0.92182,0.38,3.62658,3.60896,3.6442,35.24
BOOST_REST,370,0.92182,0.39,3.63383,3.61633,3.65133,35.0
BOOST_REST,370,0.92182,0.4,3.64091,3.62335,3.65848,35.13
BOOST_REST,370,0.92182,0.41,3.6482,3.63075,3.66566,34.91
BOOST_REST,370,0.92182,0.42,3.65558,3.63786,3.67331,35.45
BOOST_REST,370,0.92182,0.43,3.66321,3.64543,3.68098,35.55
BOOST_REST,370,0.92182,0.44,3.67117,3.65322,3.68911,35.88
BOOST_REST,370,0.92182,0.45,3.67951,3.66143,3.69758,36.15
BOOST_REST,370,0.92182,0.46,3.68818,3.66994,3.70643,36.5
BOOST_REST,370,0.92182,0.47,3.69748,3.67904,3.71593,36.9
BOOST_REST,370,0.92182,0.48,3.70717,3.68853,3.72581,37.28
BOOST_REST,370,0.92182,0.49,3.71702,3.69823,3.73581,37.58
BOOST_REST,370,0.92182,0.5,3.72746,3.70854,3.74638,37.84
BOOST_REST,370,0.92182,0.51,3.73803,3.71914,3.75693,37.8
BOOST_REST,370,0.92182,0.52,3.74884,3.72994,3.76774,37.8
BOOST_REST,370,0.92182,0.53,3.75972,3.74103,3.77841,37.38
BOOST_REST,370,0.92182,0.54,3.77037,3.75184,3.78891,37.07
BOOST_REST,370,0.92182,0.55,3.78115,3.76274,3.79956,36.82
BOOST_REST,370,0.92182,0.56,3.79172,3.77353,3.80991,36.38
BOOST_REST,370,0.92182,0.57,3.80207,3.78414,3.82001,35.87
BOOST_REST,370,0.92182,0.58,3.81242,3.79473,3.83011,35.38
BOOST_REST,370,0.92182,0.59,3.82224,3.80494,3.83953,34.59
BOOST_REST,370,0.92182,0.6,3.83202,3.81503,3.84901,33.98
BOOST_REST,370,0.92182,0.61,3.84119,3.82464,3.85773,33.09
BOOST_REST,370,0.92182,0.62,3.85033,3.83413,3.86653,32.4
BOOST_REST,370,0.92182,0.63,3.85884,3.84303,3.87466,31.63
BOOST_REST,370,0.92182,0.64,3.86728,3.85173,3.88283,31.1
BOOST_REST,370,0.92182,0.65,3.87529,3.86012,3.89046,30.34
BOOST_REST,370,0.92182,0.66,3.88332,3.86833,3.89831,29.98
BOOST_REST,370,0.92182,0.67,3.89106,3.87633,3.9058,29.48
BOOST_REST,370,0.92182,0.68,3.89894,3.88453,3.91336,28.83
BOOST_REST,370,0.92182,0.69,3.90665,3.89232,3.92097,28.66
BOOST_REST,370,0.92182,0.7,3.91422,3.90003,3.92842,28.39
BOOST_REST,370,0.92182,0.71,3.92238,3.90812,3.93664,28.52
BOOST_REST,370,0.92182,0.72,3.93098,3.91623,3.94574,29.51
BOOST_REST,370,0.92182,0.73,3.94053,3.92552,3.95554,30.02
BOOST_REST,370,0.92182,0.74,3.95072,3.93523,3.96622,30.99
BOOST_REST,370,0.92182,0.75,3.96221,3.94623,3.9782,31.97
BOOST_REST,370,0.92182,0.76,3.97414,3.95763,3.99066,33.03
BOOST_REST,370,0.92182,0.77,3.9868,3.96983,4.00378,33.95
BOOST_REST,370,0.92182,0.78,3.99981,3.98273,4.0169,34.17
BOOST_REST,370,0.92182,0.79,4.01279,3.99552,4.03006,34.54
BOOST_REST,370,0.92182,0.8,4.02503,4.00783,4.04224,34.41
BOOST_REST,370,0.92182,0.81,4.03642,4.01932,4.05352,34.2
BOOST_REST,370,0.92182,0.82,4.04643,4.02922,4.06364,34.42
BOOST_REST,370,0.92182,0.83,4.05586,4.03941,4.0723,32.89
BOOST_REST,370,0.92182,0.84,4.06395,4.04871,4.07918,30.47
BOOST_REST,370,0.92182,0.85,4.07004,4.05681,4.08326,26.45
BOOST_REST,370,0.92182,0.86,4.07443,4.063,4.08586,22.86
BOOST_REST,370,0.92182,0.87,4.07756,4.06661,4.08852,21.91
BOOST_REST,370,0.92182,0.88,4.08019,4.0695,4.09088,21.38
BOOST_REST,370,0.92182,0.89,4.08253,4.0717,4.09336,21.66
BOOST_REST,370,0.92182,0.9,4.08522,4.0739,4.09654,22.64
BOOST_REST,370,0.92182,0.91,4.08823,4.0766,4.09986,23.26
BOOST_REST,370,0.92182,0.92,4.09151,4.0792,4.10382,24.62
BOOST_REST,370,0.92182,0.93,4.09586,4.0828,4.10892,26.12
BOOST_REST,370,0.92182,0.94,4.10103,4.0872,4.11486,27.66
BOOST_REST,370,0.92182,0.95,4.10773,4.0927,4.12276,30.06
BOOST_REST,370,0.92182,0.96,4.1164,4.1003,4.1325,32.2
BOOST_REST,370,0.92182,0.97,4.12813,4.1107,4.14556,34.86
BOOST_REST,370,0.92182,0.98,4.14344,4.12491,4.16198,37.07
BOOST_REST,370,0.92182,0.99,4.16439,4.1452,4.18358,38.38
BOOST_REST,445,0.90235,0.07,2.93347,2.712,3.15495,442.95
BOOST_REST,445,0.90235,0.08,3.11388,2.96857,3.25918,290.61
BOOST_REST,445,0.90235,0.09,3.20531,3.08678,3.32384,237.07
BOOST_REST,445,0.90235,0.1,3.26491,3.16806,3.36175,193.68
BOOST_REST,445,0.90235,0.11,3.30296,3.22882,3.37709,148.27
BOOST_REST,445,0.90235,0.12,3.33085,3.27377,3.38792,114.16
BOOST_REST,445,0.90235,0.13,3.35361,3.3078,3.39943,91.63
BOOST_REST,445,0.90235,0.14,3.37447,3.3372,3.41173,74.52
BOOST_REST,445,0.90235,0.15,3.39328,3.36213,3.42443,62.3
BOOST_REST,445,0.90235,0.16,3.41008,3.38304,3.43713,54.09
BOOST_REST,445,0.90235,0.17,3.42463,3.40015,3.4491,48.95
BOOST_REST,445,0.90235,0.18,3.43784,3.41485,3.46083,45.98
BOOST_REST,445,0.90235,0.19,3.45036,3.42796,3.47277,44.8
BOOST_REST,445,0.90235,0.2,3.46231,3.44026,3.48437,44.11
BOOST_REST,445,0.90235,0.21,3.47401,3.45236,3.49567,43.31
BOOST_REST,445,0.90235,0.22,3.48503,3.46337,3.5067,43.33
BOOST_REST,445,0.90235,0.23,3.49544,3.47387,3.517,43.13
BOOST_REST,445,0.90235,0.24,3.50537,3.48397,3.52677,42.8
BOOST_REST,445,0.90235,0.25,3.51447,3.49327,3.53567,42.4
BOOST_REST,445,0.90235,0.26,3.5234,3.50237,3.54444,42.07
BOOST_REST,445,0.90235,0.27,3.53194,3.51118,3.5527,41.53
BOOST_REST,445,0.90235,0.28,3.54034,3.51997,3.5607,40.74
BOOST_REST,445,0.90235,0.29,3.5488,3.52877,3.56884,40.07
BOOST_REST,445,0.90235,0.3,3.55713,3.53718,3.57708,39.9
BOOST_REST,445,0.90235,0.31,3.56542,3.54567,3.58517,39.5
BOOST_REST,445,0.90235,0.32,3.57369,3.55417,3.59321,39.04
BOOST_REST,445,0.90235,0.33,3.58178,3.56228,3.60128,39.0
BOOST_REST,445,0.90235,0.34,3.58989,3.57066,3.60911,38.44
BOOST_REST,445,0.90235,0.35,3.59764,3.57858,3.61671,38.13
BOOST_REST,445,0.90235,0.36,3.60533,3.58628,3.62438,38.1
BOOST_REST,445,0.90235,0.37,3.61288,3.59388,3.63188,38.0
BOOST_REST,445,0.90235,0.38,3.62044,3.60167,3.63921,37.54
BOOST_REST,445,0.90235,0.39,3.62788,3.60898,3.64678,37.8
BOOST_REST,445,0.90235,0.4,3.63539,3.6166,3.65418,37.58
BOOST_REST,445,0.90235,0.41,3.64283,3.624,3.66165,37.65
BOOST_REST,445,0.90235,0.42,3.65043,3.6314,3.66945,38.05
BOOST_REST,445,0.90235,0.43,3.65836,3.6394,3.67732,37.92
BOOST_REST,445,0.90235,0.44,3.66656,3.6473,3.68582,38.52
BOOST_REST,445,0.90235,0.45,3.67503,3.6557,3.69435,38.65
BOOST_REST,445,0.90235,0.46,3.68396,3.6643,3.70362,39.32
BOOST_REST,445,0.90235,0.47,3.69329,3.6732,3.71339,40.19
BOOST_REST,445,0.90235,0.48,3.70319,3.683,3.72339,40.39
BOOST_REST,445,0.90235,0.49,3.71351,3.6929,3.73412,41.22
BOOST_REST,445,0.90235,0.5,3.72424,3.7036,3.74489,41.29
BOOST_REST,445,0.90235,0.51,3.73511,3.7145,3.75572,41.22
BOOST_REST,445,0.90235,0.52,3.74631,3.7257,3.76692,41.22
BOOST_REST,445,0.90235,0.53,3.75748,3.7372,3.77775,40.55
BOOST_REST,445,0.90235,0.54,3.76835,3.7483,3.7884,40.1
BOOST_REST,445,0.90235,0.55,3.77913,3.7594,3.79885,39.45
BOOST_REST,445,0.90235,0.56,3.78971,3.7704,3.80902,38.62
BOOST_REST,445,0.90235,0.57,3.79998,3.7808,3.81915,38.35
BOOST_REST,445,0.90235,0.58,3.80999,3.7913,3.82869,37.39
BOOST_REST,445,0.90235,0.59,3.81993,3.8016,3.83825,36.65
BOOST_REST,445,0.90235,0.6,3.82934,3.8115,3.84719,35.69
BOOST_REST,445,0.90235,0.61,3.83851,3.821,3.85602,35.02
BOOST_REST,445,0.90235,0.62,3.84744,3.8304,3.86448,34.08
BOOST_REST,445,0.90235,0.63,3.85573,3.839,3.87245,33.45
BOOST_REST,445,0.90235,0.64,3.86401,3.8475,3.88052,33.02
BOOST_REST,445,0.90235,0.65,3.87194,3.8558,3.88808,32.28
BOOST_REST,445,0.90235,0.66,3.87958,3.8636,3.89556,31.96
BOOST_REST,445,0.90235,0.67,3.88747,3.87149,3.90344,31.95
BOOST_REST,445,0.90235,0.68,3.89517,3.8794,3.91094,31.54
BOOST_REST,445,0.90235,0.69,3.90306,3.8875,3.91862,31.12
BOOST_REST,445,0.90235,0.7,3.91095,3.8955,3.9264,30.9
BOOST_REST,445,0.90235,0.71,3.91893,3.9034,3.93446,31.06
BOOST_REST,445,0.90235,0.72,3.92744,3.91159,3.94328,31.69
BOOST_REST,445,0.90235,0.73,3.93667,3.92039,3.95294,32.55
BOOST_REST,445,0.90235,0.74,3.94669,3.92979,3.96358,33.79
BOOST_REST,445,0.90235,0.75,3.95757,3.94009,3.97504,34.95
BOOST_REST,445,0.90235,0.76,3.96946,3.95139,3.98752,36.13
BOOST_REST,445,0.90235,0.77,3.98187,3.9631,4.00064,37.54
BOOST_REST,445,0.90235,0.78,3.99464,3.9756,4.01368,38.08
BOOST_REST,445,0.90235,0.79,4.00752,3.9881,4.02694,38.84
BOOST_REST,445,0.90235,0.8,4.0201,4.0007,4.0395,38.8
BOOST_REST,445,0.90235,0.81,4.03158,4.0125,4.05066,38.16
BOOST_REST,445,0.90235,0.82,4.04156,4.0225,4.06062,38.12
BOOST_REST,445,0.90235,0.83,4.05029,4.0314,4.06918,37.78
BOOST_REST,445,0.90235,0.84,4.05885,4.0405,4.0772,36.7
BOOST_REST,445,0.90235,0.85,4.06579,4.0492,4.08238,33.18
BOOST_REST,445,0.90235,0.86,4.07123,4.0568,4.08566,28.86
BOOST_REST,445,0.90235,0.87,4.07549,4.0626,4.08838,25.78
BOOST_REST,445,0.90235,0.88,4.07869,4.0665,4.09088,24.38
BOOST_REST,445,0.90235,0.89,4.08138,4.0691,4.09366,24.56
BOOST_REST,445,0.90235,0.9,4.08431,4.0717,4.09692,25.22
BOOST_REST,445,0.90235,0.91,4.08719,4.074,4.10038,26.38
BOOST_REST,445,0.90235,0.92,4.09085,4.0769,4.1048,27.9
BOOST_REST,445,0.90235,0.93,4.09518,4.0802,4.11016,29.96
BOOST_REST,445,0.90235,0.94,4.10045,4.0844,4.1165,32.1
BOOST_REST,445,0.90235,0.95,4.10736,4.0901,4.12462,34.52
BOOST_REST,445,0.90235,0.96,4.11618,4.0972,4.13516,37.96
BOOST_REST,445,0.90235,0.97,4.12764,4.1069,4.14838,41.48
BOOST_REST,445,0.90235,0.98,4.14325,4.1209,4.1656,44.7
BOOST_REST,445,0.90235,0.99,4.16385,4.1407,4.187,46.3
BOOST_REST,520,0.88002,0.09,2.96317,2.71758,3.20876,491.17
BOOST_REST,520,0.88002,0.1,3.13303,2.96379,3.30226,338.48
BOOST_REST,520,0.88002,0.11,3.2167,3.08076,3.35263,271.87
BOOST_REST,520,0.88002,0.12,3.26781,3.16133,3.37428,212.95
BOOST_REST,520,0.88002,0.13,3.30551,3.22393,3.38709,163.16
BOOST_REST,520,0.88002,0.14,3.33727,3.27502,3.39951,124.49
BOOST_REST,520,0.88002,0.15,3.36345,3.31416,3.41275,98.59
BOOST_REST,520,0.88002,0.16,3.38621,3.34596,3.42647,80.52
BOOST_REST,520,0.88002,0.17,3.40572,3.37191,3.43953,67.62
BOOST_REST,520,0.88002,0.18,3.4225,3.39294,3.45205,59.11
BOOST_REST,520,0.88002,0.19,3.437,3.40989,3.46411,54.22
BOOST_REST,520,0.88002,0.2,3.45045,3.42471,3.47619,51.48
BOOST_REST,520,0.88002,0.21,3.46291,3.43814,3.48769,49.56
BOOST_REST,520,0.88002,0.22,3.47499,3.45106,3.49893,47.87
BOOST_REST,520,0.88002,0.23,3.48628,3.46292,3.50964,46.72
BOOST_REST,520,0.88002,0.24,3.49652,3.47382,3.51921,45.39
BOOST_REST,520,0.88002,0.25,3.50626,3.4841,3.52842,44.32
BOOST_REST,520,0.88002,0.26,3.51522,3.49366,3.53679,43.13
BOOST_REST,520,0.88002,0.27,3.52381,3.50266,3.54495,42.29
BOOST_REST,520,0.88002,0.28,3.53209,3.51146,3.55272,41.26
BOOST_REST,520,0.88002,0.29,3.54039,3.52016,3.56063,40.47
BOOST_REST,520,0.88002,0.3,3.54847,3.52844,3.5685,40.06
BOOST_REST,520,0.88002,0.31,3.55671,3.53696,3.57647,39.51
BOOST_REST,520,0.88002,0.32,3.5649,3.54506,3.58474,39.68
BOOST_REST,520,0.88002,0.33,3.57314,3.55344,3.59284,39.4
BOOST_REST,520,0.88002,0.34,3.58125,3.56152,3.60098,39.46
BOOST_REST,520,0.88002,0.35,3.58944,3.56966,3.60921,39.55
BOOST_REST,520,0.88002,0.36,3.59744,3.57786,3.61701,39.15
BOOST_REST,520,0.88002,0.37,3.60543,3.5858,3.62505,39.25
BOOST_REST,520,0.88002,0.38,3.6133,3.59379,3.63282,39.03
BOOST_REST,520,0.88002,0.39,3.62107,3.6016,3.64053,38.92
BOOST_REST,520,0.88002,0.4,3.62886,3.6093,3.64842,39.12
BOOST_REST,520,0.88002,0.41,3.63676,3.61739,3.65612,38.74
BOOST_REST,520,0.88002,0.42,3.64469,3.62519,3.66419,39.0
BOOST_REST,520,0.88002,0.43,3.65293,3.63349,3.67238,38.89
BOOST_REST,520,0.88002,0.44,3.66132,3.64159,3.68106,39.47
BOOST_REST,520,0.88002,0.45,3.67024,3.65026,3.69022,39.96
BOOST_REST,520,0.88002,0.46,3.6794,3.6591,3.6997,40.6
BOOST_REST,520,0.88002,0.47,3.68918,3.66857,3.70978,41.21
BOOST_REST,520,0.88002,0.48,3.69944,3.67867,3.7202,41.53
BOOST_REST,520,0.88002,0.49,3.71006,3.68896,3.73116,42.2
BOOST_REST,520,0.88002,0.5,3.72115,3.70014,3.74216,42.02
BOOST_REST,520,0.88002,0.51,3.7323,3.7113,3.7533,42.0
BOOST_REST,520,0.88002,0.52,3.74368,3.72298,3.76438,41.4
BOOST_REST,520,0.88002,0.53,3.75481,3.73442,3.7752,40.78
BOOST_REST,520,0.88002,0.54,3.76587,3.74579,3.78595,40.16
BOOST_REST,520,0.88002,0.55,3.77662,3.75699,3.79625,39.26
BOOST_REST,520,0.88002,0.56,3.78727,3.76799,3.80655,38.56
BOOST_REST,520,0.88002,0.57,3.7973,3.7784,3.8162,37.79
BOOST_REST,520,0.88002,0.58,3.80742,3.78888,3.82595,37.07
BOOST_REST,520,0.88002,0.59,3.81699,3.79883,3.83515,36.32
BOOST_REST,520,0.88002,0.6,3.8264,3.8086,3.8442,35.59
BOOST_REST,520,0.88002,0.61,3.83568,3.8183,3.85306,34.76
BOOST_REST,520,0.88002,0.62,3.84433,3.82742,3.86124,33.82
BOOST_REST,520,0.88002,0.63,3.85276,3.83603,3.86949,33.46
BOOST_REST,520,0.88002,0.64,3.86085,3.8446,3.87709,32.48
BOOST_REST,520,0.88002,0.65,3.86859,3.85245,3.88474,32.28
BOOST_REST,520,0.88002,0.66,3.87619,3.86034,3.89204,31.7
BOOST_REST,520,0.88002,0.67,3.88376,3.86804,3.89948,31.45
BOOST_REST,520,0.88002,0.68,3.89142,3.87575,3.90709,31.34
BOOST_REST,520,0.88002,0.69,3.89916,3.88363,3.91468,31.05
BOOST_REST,520,0.88002,0.7,3.90695,3.89146,3.92244,30.98
BOOST_REST,520,0.88002,0.71,3.91465,3.89904,3.93026,31.22
BOOST_REST,520,0.88002,0.72,3.92305,3.90704,3.93906,32.03
BOOST_REST,520,0.88002,0.73,3.9319,3.91554,3.94827,32.73
BOOST_REST,520,0.88002,0.74,3.94151,3.92436,3.95866,34.31
BOOST_REST,520,0.88002,0.75,3.95225,3.93453,3.96997,35.45
BOOST_REST,520,0.88002,0.76,3.9638,3.94534,3.98227,36.94
BOOST_REST,520,0.88002,0.77,3.97581,3.95665,3.99497,38.32
BOOST_REST,520,0.88002,0.78,3.98865,3.96892,4.00837,39.45
BOOST_REST,520,0.88002,0.79,4.00129,3.98116,4.02142,40.26
BOOST_REST,520,0.88002,0.8,4.01388,3.99354,4.03422,40.68
BOOST_REST,520,0.88002,0.81,4.02596,4.00575,4.04616,40.41
BOOST_REST,520,0.88002,0.82,4.03628,4.01666,4.0559,39.25
BOOST_REST,520,0.88002,0.83,4.0452,4.02576,4.06465,38.89
BOOST_REST,520,0.88002,0.84,4.05343,4.03386,4.07299,39.13
BOOST_REST,520,0.88002,0.85,4.0611,4.04227,4.07992,37.65
BOOST_REST,520,0.88002,0.86,4.06777,4.05107,4.08448,33.41
BOOST_REST,520,0.88002,0.87,4.07297,4.05839,4.08756,29.17
BOOST_REST,520,0.88002,0.88,4.07711,4.06379,4.09042,26.63
BOOST_REST,520,0.88002,0.89,4.08047,4.06759,4.09336,25.77
BOOST_REST,520,0.88002,0.9,4.08338,4.07039,4.09638,25.98
BOOST_REST,520,0.88002,0.91,4.08652,4.0729,4.10014,27.24
BOOST_REST,520,0.88002,0.92,4.09009,4.07579,4.10438,28.59
BOOST_REST,520,0.88002,0.93,4.09441,4.0791,4.10972,30.62
BOOST_REST,520,0.88002,0.94,4.09968,4.08329,4.11606,32.77
BOOST_REST,520,0.88002,0.95,4.10657,4.08879,4.12434,35.55
BOOST_REST,520,0.88002,0.96,4.11533,4.09599,4.13468,38.68
BOOST_REST,520,0.88002,0.97,4.12699,4.10599,4.148,42.0
BOOST_REST,520,0.88002,0.98,4.14224,4.11959,4.1649,45.31
BOOST_REST,520,0.88002,0.99,4.16285,4.13959,4.18612,46.52
BOOST_REST,595,0.86596,0.1,2.88439,2.59298,3.1758,582.82
BOOST_REST,595,0.86596,0.11,3.09687,2.90042,3.29333,392.91
BOOST_REST,595,0.86596,0.12,3.19882,3.04612,3.35151,305.39
BOOST_REST,595,0.86596,0.13,3.2572,3.137,3.37741,240.41
BOOST_REST,595,0.86596,0.14,3.29929,3.20736,3.39122,183.86
BOOST_REST,595,0.86596,0.15,3.33342,3.26251,3.40432,141.81
BOOST_REST,595,0.86596,0.16,3.36142,3.30492,3.41793,113.01
BOOST_REST,595,0.86596,0.17,3.38527,3.3389,3.43163,92.73
BOOST_REST,595,0.86596,0.18,3.40584,3.36685,3.44483,77.98
BOOST_REST,595,0.86596,0.19,3.42336,3.3895,3.45723,67.74
BOOST_REST,595,0.86596,0.2,3.43858,3.40753,3.46964,62.1
BOOST_REST,595,0.86596,0.21,3.45229,3.42304,3.48154,58.49
BOOST_REST,595,0.86596,0.22,3.46495,3.43667,3.49324,56.57
BOOST_REST,595,0.86596,0.23,3.47695,3.44967,3.50423,54.56
BOOST_REST,595,0.86596,0.24,3.48787,3.4616,3.51414,52.54
BOOST_REST,595,0.86596,0.25,3.49828,3.47282,3.52374,50.92
BOOST_REST,595,0.86596,0.26,3.50783,3.48314,3.53253,49.39
BOOST_REST,595,0.86596,0.27,3.51678,3.49283,3.54074,47.91
BOOST_REST,595,0.86596,0.28,3.52549,3.50205,3.54894,46.88
BOOST_REST,595,0.86596,0.29,3.53393,3.51123,3.55664,45.41
BOOST_REST,595,0.86596,0.3,3.54215,3.51985,3.56445,44.6
BOOST_REST,595,0.86596,0.31,3.55063,3.52873,3.57253,43.81
BOOST_REST,595,0.86596,0.32,3.55884,3.53734,3.58034,43.01
BOOST_REST,595,0.86596,0.33,3.5671,3.54564,3.58855,42.91
BOOST_REST,595,0.86596,0.34,3.57539,3.55414,3.59665,42.5
BOOST_REST,595,0.86596,0.35,3.58361,3.56236,3.60486,42.5
BOOST_REST,595,0.86596,0.36,3.59189,3.57074,3.61305,42.31
BOOST_REST,595,0.86596,0.37,3.6,3.57895,3.62105,42.1
BOOST_REST,595,0.86596,0.38,3.60795,3.58694,3.62896,42.02
BOOST_REST,595,0.86596,0.39,3.61605,3.59514,3.63696,41.82
BOOST_REST,595,0.86596,0.4,3.62405,3.60314,3.64495,41.8
BOOST_REST,595,0.86596,0.41,3.63187,3.61094,3.65279,41.84
BOOST_REST,595,0.86596,0.42,3.64016,3.61927,3.66106,41.79
BOOST_REST,595,0.86596,0.43,3.64823,3.62717,3.66928,42.11
BOOST_REST,595,0.86596,0.44,3.65685,3.63567,3.67802,42.35
BOOST_REST,595,0.86596,0.45,3.66574,3.64418,3.6873,43.12
BOOST_REST,595,0.86596,0.46,3.67507,3.65327,3.69687,43.6
BOOST_REST,595,0.86596,0.47,3.68464,3.66257,3.70671,44.14
BOOST_REST,595,0.86596,0.48,3.69484,3.67237,3.71731,44.94
BOOST_REST,595,0.86596,0.49,3.70544,3.68296,3.72792,44.96
BOOST_REST,595,0.86596,0.5,3.71649,3.69386,3.73911,45.24
BOOST_REST,595,0.86596,0.51,3.72753,3.70496,3.7501,45.13
BOOST_REST,595,0.86596,0.52,3.73879,3.71646,3.76112,44.66
BOOST_REST,595,0.86596,0.53,3.75014,3.72816,3.77212,43.96
BOOST_REST,595,0.86596,0.54,3.76123,3.73957,3.7829,43.33
BOOST_REST,595,0.86596,0.55,3.77215,3.75076,3.79354,42.78
BOOST_REST,595,0.86596,0.56,3.78284,3.76196,3.80371,41.75
BOOST_REST,595,0.86596,0.57,3.79305,3.77256,3.81354,40.98
BOOST_REST,595,0.86596,0.58,3.80306,3.78276,3.82336,40.6
BOOST_REST,595,0.86596,0.59,3.813,3.79307,3.83293,39.86
BOOST_REST,595,0.86596,0.6,3.82235,3.80287,3.84183,38.96
BOOST_REST,595,0.86596,0.61,3.83178,3.81266,3.8509,38.24
BOOST_REST,595,0.86596,0.62,3.84058,3.82187,3.85928,37.41
BOOST_REST,595,0.86596,0.63,3.84899,3.83067,3.86731,36.64
BOOST_REST,595,0.86596,0.64,3.85738,3.83947,3.8753,35.82
BOOST_REST,595,0.86596,0.65,3.86508,3.84738,3.88278,35.4
BOOST_REST,595,0.86596,0.66,3.87269,3.85527,3.89011,34.84
BOOST_REST,595,0.86596,0.67,3.88038,3.86297,3.8978,34.82
BOOST_REST,595,0.86596,0.68,3.88784,3.87047,3.90521,34.75
BOOST_REST,595,0.86596,0.69,3.89559,3.87816,3.91301,34.85
BOOST_REST,595,0.86596,0.7,3.90329,3.88578,3.9208,35.02
BOOST_REST,595,0.86596,0.71,3.91122,3.89357,3.92886,35.29
BOOST_REST,595,0.86596,0.72,3.91959,3.90176,3.93742,35.66
BOOST_REST,595,0.86596,0.73,3.92829,3.90988,3.9467,36.82
BOOST_REST,595,0.86596,0.74,3.93795,3.91896,3.95694,37.98
BOOST_REST,595,0.86596,0.75,3.94825,3.92857,3.96792,39.35
BOOST_REST,595,0.86596,0.76,3.95947,3.93906,3.97988,40.82
BOOST_REST,595,0.86596,0.77,3.97139,3.95046,3.99232,41.86
BOOST_REST,595,0.86596,0.78,3.9838,3.96217,4.00544,43.27
BOOST_REST,595,0.86596,0.79,3.99664,3.97456,4.01872,44.16
BOOST_REST,595,0.86596,0.8,4.00913,3.98667,4.03158,44.91
BOOST_REST,595,0.86596,0.81,4.02117,3.99887,4.04348,44.61
BOOST_REST,595,0.86596,0.82,4.03202,4.01008,4.05396,43.88
BOOST_REST,595,0.86596,0.83,4.04128,4.02008,4.06248,42.4
BOOST_REST,595,0.86596,0.84,4.04935,4.02819,4.07052,42.33
BOOST_REST,595,0.86596,0.85,4.05713,4.03599,4.07827,42.28
BOOST_REST,595,0.86596,0.86,4.06423,4.04469,4.08377,39.08
BOOST_REST,595,0.86596,0.87,4.07003,4.05279,4.08727,34.48
BOOST_REST,595,0.86596,0.88,4.07515,4.0598,4.0905,30.7
BOOST_REST,595,0.86596,0.89,4.07919,4.0648,4.09357,28.77
BOOST_REST,595,0.86596,0.9,4.08251,4.068,4.09702,29.02
BOOST_REST,595,0.86596,0.91,4.08606,4.0711,4.10102,29.93
BOOST_REST,595,0.86596,0.92,4.08959,4.0737,4.10547,31.77
BOOST_REST,595,0.86596,0.93,4.09402,4.077,4.11104,34.05
BOOST_REST,595,0.86596,0.94,4.09936,4.081,4.11772,36.72
BOOST_REST,595,0.86596,0.95,4.10597,4.0858,4.12614,40.34
BOOST_REST,595,0.86596,0.96,4.11484,4.0928,4.13689,44.1
BOOST_REST,595,0.86596,0.97,4.12603,4.1018,4.15026,48.46
BOOST_REST,595,0.86596,0.98,4.14129,4.1151,4.16748,52.38
BOOST_REST,595,0.86596,0.99,4.16163,4.1346,4.18866,54.06
BOOST_REST,670,0.84706,0.12,2.91935,2.6254,3.2133,587.89
BOOST_REST,670,0.84706,0.13,3.11645,2.91331,3.31959,406.28
BOOST_REST,670,0.84706,0.14,3.21084,3.05355,3.36813,314.58
BOOST_REST,670,0.84706,0.15,3.26572,3.14264,3.38881,246.17
BOOST_REST,670,0.84706,0.16,3.30777,3.2124,3.40314,190.74
BOOST_REST,670,0.84706,0.17,3.34262,3.26793,3.41732,149.39
BOOST_REST,670,0.84706,0.18,3.37115,3.31108,3.43122,120.15
BOOST_REST,670,0.84706,0.19,3.3954,3.3457,3.4451,99.4
BOOST_REST,670,0.84706,0.2,3.41571,3.37362,3.4578,84.18
BOOST_REST,670,0.84706,0.21,3.43292,3.39544,3.4704,74.97
BOOST_REST,670,0.84706,0.22,3.44798,3.41344,3.48252,69.08
BOOST_REST,670,0.84706,0.23,3.46129,3.42846,3.49411,65.65
BOOST_REST,670,0.84706,0.24,3.47376,3.44236,3.50516,62.8
BOOST_REST,670,0.84706,0.25,3.48523,3.45535,3.5151,59.75
BOOST_REST,670,0.84706,0.26,3.49576,3.46706,3.52446,57.4
BOOST_REST,670,0.84706,0.27,3.50577,3.47816,3.53338,55.22
BOOST_REST,670,0.84706,0.28,3.51507,3.48847,3.54167,53.2
BOOST_REST,670,0.84706,0.29,3.52401,3.49807,3.54995,51.88
BOOST_REST,670,0.84706,0.3,3.53271,3.50757,3.55785,50.28
BOOST_REST,670,0.84706,0.31,3.54121,3.51667,3.56574,49.08
BOOST_REST,670,0.84706,0.32,3.54979,3.52577,3.57382,48.05
BOOST_REST,670,0.84706,0.33,3.55813,3.53458,3.58169,47.11
BOOST_REST,670,0.84706,0.34,3.56665,3.54337,3.58992,46.55
BOOST_REST,670,0.84706,0.35,3.57507,3.55208,3.59806,45.98
BOOST_REST,670,0.84706,0.36,3.58331,3.56047,3.60616,45.68
BOOST_REST,670,0.84706,0.37,3.59177,3.56917,3.61436,45.19
BOOST_REST,670,0.84706,0.38,3.59993,3.57737,3.6225,45.12
BOOST_REST,670,0.84706,0.39,3.60835,3.58587,3.63083,44.96
BOOST_REST,670,0.84706,0.4,3.61642,3.59397,3.63887,44.89
BOOST_REST,670,0.84706,0.41,3.6247,3.60237,3.64704,44.67
BOOST_REST,670,0.84706,0.42,3.63306,3.61058,3.65554,44.96
BOOST_REST,670,0.84706,0.43,3.64157,3.61906,3.66407,45.01
BOOST_REST,670,0.84706,0.44,3.65004,3.62728,3.67281,45.53
BOOST_REST,670,0.84706,0.45,3.65907,3.63607,3.68208,46.01
BOOST_REST,670,0.84706,0.46,3.66836,3.64517,3.69155,46.38
BOOST_REST,670,0.84706,0.47,3.67796,3.65437,3.70156,47.19
BOOST_REST,670,0.84706,0.48,3.68811,3.66427,3.71196,47.69
BOOST_REST,670,0.84706,0.49,3.69853,3.67446,3.72259,48.12
BOOST_REST,670,0.84706,0.5,3.70938,3.68526,3.7335,48.24
BOOST_REST,670,0.84706,0.51,3.7205,3.69627,3.74472,48.46
BOOST_REST,670,0.84706,0.52,3.73182,3.70786,3.75579,47.93
BOOST_REST,670,0.84706,0.53,3.74307,3.71927,3.76686,47.59
BOOST_REST,670,0.84706,0.54,3.75431,3.73086,3.77775,46.89
BOOST_REST,670,0.84706,0.55,3.76543,3.74246,3.7884,45.93
BOOST_REST,670,0.84706,0.56,3.77623,3.75346,3.79899,45.52
BOOST_REST,670,0.84706,0.57,3.78671,3.76436,3.80906,44.7
BOOST_REST,670,0.84706,0.58,3.79711,3.77507,3.81916,44.09
BOOST_REST,670,0.84706,0.59,3.80701,3.78527,3.82874,43.47
BOOST_REST,670,0.84706,0.6,3.81669,3.79537,3.83802,42.65
BOOST_REST,670,0.84706,0.61,3.82622,3.80537,3.84708,41.71
BOOST_REST,670,0.84706,0.62,3.83519,3.81477,3.85562,40.85
BOOST_REST,670,0.84706,0.63,3.84412,3.82416,3.86408,39.92
BOOST_REST,670,0.84706,0.64,3.85236,3.83287,3.87184,38.97
BOOST_REST,670,0.84706,0.65,3.86057,3.84147,3.87968,38.21
BOOST_REST,670,0.84706,0.66,3.86816,3.84928,3.88704,37.76
BOOST_REST,670,0.84706,0.67,3.87585,3.85718,3.89452,37.34
BOOST_REST,670,0.84706,0.68,3.88337,3.86459,3.90214,37.55
BOOST_REST,670,0.84706,0.69,3.89105,3.87218,3.90992,37.74
BOOST_REST,670,0.84706,0.7,3.89896,3.87999,3.91794,37.95
BOOST_REST,670,0.84706,0.71,3.9068,3.88778,3.92581,38.02
BOOST_REST,670,0.84706,0.72,3.91492,3.89549,3.93435,38.87
BOOST_REST,670,0.84706,0.73,3.92357,3.90378,3.94336,39.58
BOOST_REST,670,0.84706,0.74,3.93271,3.91219,3.95324,41.05
BOOST_REST,670,0.84706,0.75,3.94281,3.92148,3.96414,42.66
BOOST_REST,670,0.84706,0.76,3.95369,3.93168,3.9757,44.01
BOOST_REST,670,0.84706,0.77,3.96511,3.94229,3.98794,45.65
BOOST_REST,670,0.84706,0.78,3.97741,3.95389,4.00094,47.05
BOOST_REST,670,0.84706,0.79,3.98978,3.96568,4.01388,48.2
BOOST_REST,670,0.84706,0.8,4.00248,3.97798,4.02698,49.0
BOOST_REST,670,0.84706,0.81,4.01446,3.98979,4.03914,49.35
BOOST_REST,670,0.84706,0.82,4.02578,4.00148,4.05008,48.6
BOOST_REST,670,0.84706,0.83,4.0353,4.01189,4.05871,46.82
BOOST_REST,670,0.84706,0.84,4.04371,4.02109,4.06634,45.25
BOOST_REST,670,0.84706,0.85,4.05111,4.0281,4.07413,46.04
BOOST_REST,670,0.84706,0.86,4.05837,4.03559,4.08114,45.55
BOOST_REST,670,0.84706,0.87,4.06462,4.04339,4.08584,42.45
BOOST_REST,670,0.84706,0.88,4.07052,4.05149,4.08955,38.05
BOOST_REST,670,0.84706,0.89,4.07569,4.0584,4.09299,34.6
BOOST_REST,670,0.84706,0.9,4.08025,4.0638,4.0967,32.9
BOOST_REST,670,0.84706,0.91,4.08417,4.0676,4.10075,33.15
BOOST_REST,670,0.84706,0.92,4.08807,4.0707,4.10544,34.74
BOOST_REST,670,0.84706,0.93,4.09272,4.0741,4.11134,37.24
BOOST_REST,670,0.84706,0.94,4.09789,4.0777,4.11809,40.39
BOOST_REST,670,0.84706,0.95,4.10474,4.0826,4.12688,44.29
BOOST_REST,670,0.84706,0.96,4.11324,4.0888,4.13768,48.89
BOOST_REST,670,0.84706,0.97,4.12453,4.0978,4.15127,53.48
BOOST_REST,670,0.84706,0.98,4.13947,4.1103,4.16863,58.33
BOOST_REST,670,0.84706,0.99,4.15974,4.1296,4.18989,60.29
BOOST_REST,745,0.82412,0.14,2.86955,2.55203,3.18708,635.05
BOOST_REST,745,0.82412,0.15,3.09712,2.87738,3.31687,439.49
BOOST_REST,745,0.82412,0.16,3.20833,3.04432,3.37234,328.02
BOOST_REST,745,0.82412,0.17,3.26544,3.13533,3.39555,260.21
BOOST_REST,745,0.82412,0.18,3.30772,3.20436,3.41108,206.71
BOOST_REST,745,0.82412,0.19,3.34357,3.26126,3.42589,164.63
BOOST_REST,745,0.82412,0.2,3.37339,3.30659,3.44019,133.6
BOOST_REST,745,0.82412,0.21,3.39835,3.34268,3.45402,111.35
BOOST_REST,745,0.82412,0.22,3.41934,3.37182,3.46685,95.03
BOOST_REST,745,0.82412,0.23,3.43736,3.39518,3.47953,84.35
BOOST_REST,745,0.82412,0.24,3.45253,3.41376,3.49131,77.55
BOOST_REST,745,0.82412,0.25,3.46601,3.42956,3.50246,72.9
BOOST_REST,745,0.82412,0.26,3.47841,3.44416,3.51266,68.5
BOOST_REST,745,0.82412,0.27,3.48969,3.45708,3.52229,65.21
BOOST_REST,745,0.82412,0.28,3.50032,3.4694,3.53124,61.84
BOOST_REST,745,0.82412,0.29,3.51017,3.48044,3.5399,59.46
BOOST_REST,745,0.82412,0.3,3.51954,3.49102,3.54807,57.05
BOOST_REST,745,0.82412,0.31,3.52865,3.50114,3.55617,55.03
BOOST_REST,745,0.82412,0.32,3.5375,3.51055,3.56445,53.9
BOOST_REST,745,0.82412,0.33,3.5462,3.52004,3.57235,52.32
BOOST_REST,745,0.82412,0.34,3.55496,3.52944,3.58048,51.03
BOOST_REST,745,0.82412,0.35,3.56368,3.53844,3.58892,50.47
BOOST_REST,745,0.82412,0.36,3.57252,3.54774,3.5973,49.56
BOOST_REST,745,0.82412,0.37,3.58114,3.55644,3.60584,49.4
BOOST_REST,745,0.82412,0.38,3.58991,3.56543,3.61438,48.96
BOOST_REST,745,0.82412,0.39,3.5985,3.57405,3.62295,48.9
BOOST_REST,745,0.82412,0.4,3.6072,3.58302,3.63137,48.35
BOOST_REST,745,0.82412,0.41,3.61563,3.59156,3.63969,48.13
BOOST_REST,745,0.82412,0.42,3.62434,3.60034,3.64834,48.0
BOOST_REST,745,0.82412,0.43,3.63306,3.60914,3.65698,47.84
BOOST_REST,745,0.82412,0.44,3.6418,3.61784,3.66576,47.92
BOOST_REST,745,0.82412,0.45,3.65079,3.62654,3.67505,48.51
BOOST_REST,745,0.82412,0.46,3.66005,3.63572,3.68439,48.67
BOOST_REST,745,0.82412,0.47,3.6696,3.64485,3.69436,49.5
BOOST_REST,745,0.82412,0.48,3.67946,3.65444,3.70449,50.05
BOOST_REST,745,0.82412,0.49,3.68989,3.66464,3.71514,50.5
BOOST_REST,745,0.82412,0.5,3.70044,3.67493,3.72596,51.03
BOOST_REST,745,0.82412,0.51,3.71138,3.68593,3.73684,50.91
BOOST_REST,745,0.82412,0.52,3.7225,3.69694,3.74806,51.12
BOOST_REST,745,0.82412,0.53,3.73381,3.70861,3.75902,50.4
BOOST_REST,745,0.82412,0.54,3.7451,3.72002,3.77018,50.16
BOOST_REST,745,0.82412,0.55,3.7564,3.73171,3.78109,49.38
BOOST_REST,745,0.82412,0.56,3.76732,3.74294,3.7917,48.77
BOOST_REST,745,0.82412,0.57,3.77829,3.7543,3.80228,47.98
BOOST_REST,745,0.82412,0.58,3.78876,3.76504,3.81249,47.46
BOOST_REST,745,0.82412,0.59,3.79897,3.77564,3.8223,46.67
BOOST_REST,745,0.82412,0.6,3.80915,3.78623,3.83208,45.85
BOOST_REST,745,0.82412,0.61,3.81878,3.79624,3.84132,45.07
BOOST_REST,745,0.82412,0.62,3.82812,3.80604,3.8502,44.17
BOOST_REST,745,0.82412,0.63,3.83723,3.81554,3.85892,43.38
BOOST_REST,745,0.82412,0.64,3.84598,3.82494,3.86703,42.09
BOOST_REST,745,0.82412,0.65,3.85427,3.83353,3.87502,41.49
BOOST_REST,745,0.82412,0.66,3.86238,3.84204,3.88272,40.67
BOOST_REST,745,0.82412,0.67,3.87009,3.84987,3.89032,40.45
BOOST_REST,745,0.82412,0.68,3.87758,3.85745,3.89772,40.26
BOOST_REST,745,0.82412,0.69,3.88558,3.86545,3.90572,40.26
BOOST_REST,745,0.82412,0.7,3.89325,3.87307,3.91344,40.38
BOOST_REST,745,0.82412,0.71,3.9014,3.88106,3.92174,40.68
BOOST_REST,745,0.82412,0.72,3.90965,3.88915,3.93014,40.99
BOOST_REST,745,0.82412,0.73,3.91781,3.89687,3.93875,41.88
BOOST_REST,745,0.82412,0.74,3.92665,3.90506,3.94824,43.18
BOOST_REST,745,0.82412,0.75,3.93639,3.91396,3.95883,44.87
BOOST_REST,745,0.82412,0.76,3.94664,3.92326,3.97003,46.77
BOOST_REST,745,0.82412,0.77,3.95769,3.93355,3.98183,48.27
BOOST_REST,745,0.82412,0.78,3.96959,3.94466,3.99452,49.86
BOOST_REST,745,0.82412,0.79,3.98188,3.95605,4.00771,51.66
BOOST_REST,745,0.82412,0.8,3.99428,3.96806,4.02051,52.46
BOOST_REST,745,0.82412,0.81,4.00644,3.97986,4.03302,53.16
BOOST_REST,745,0.82412,0.82,4.01824,3.99166,4.04483,53.17
BOOST_REST,745,0.82412,0.83,4.02846,4.00277,4.05415,51.38
BOOST_REST,745,0.82412,0.84,4.03708,4.01267,4.06148,48.8
BOOST_REST,745,0.82412,0.85,4.04513,4.02128,4.06898,47.7
BOOST_REST,745,0.82412,0.86,4.05203,4.02778,4.07628,48.5
BOOST_REST,745,0.82412,0.87,4.05858,4.03438,4.08278,48.4
BOOST_REST,745,0.82412,0.88,4.06479,4.04188,4.08769,45.8
BOOST_REST,745,0.82412,0.89,4.07043,4.04939,4.09148,42.1
BOOST_REST,745,0.82412,0.9,4.07628,4.05689,4.09568,38.79
BOOST_REST,745,0.82412,0.91,4.08119,4.06259,4.09979,37.19
BOOST_REST,745,0.82412,0.92,4.08604,4.06709,4.10498,37.89
BOOST_REST,745,0.82412,0.93,4.09059,4.0705,4.11069,40.19
BOOST_REST,745,0.82412,0.94,4.09618,4.07439,4.11796,43.57
BOOST_REST,745,0.82412,0.95,4.10263,4.0786,4.12667,48.07
BOOST_REST,745,0.82412,0.96,4.11112,4.0847,4.13755,52.86
BOOST_REST,745,0.82412,0.97,4.12247,4.09359,4.15135,57.75
BOOST_REST,745,0.82412,0.98,4.12939,4.1059,4.15289,47.0
BOOST_REST,745,0.82412,0.99,4.15168,4.12539,4.17798,52.58
BOOST_REST,820,0.78516,0.18,2.90268,2.56932,3.23604,666.72
BOOST_REST,820,0.78516,0.19,3.08471,2.8237,3.34572,522.03
BOOST_REST,820,0.78516,0.2,3.19803,3.00782,3.38825,380.43
BOOST_REST,820,0.78516,0.21,3.25901,3.1079,3.41012,302.22
BOOST_REST,820,0.78516,0.22,3.30557,3.18312,3.42802,244.9
BOOST_REST,820,0.78516,0.23,3.34576,3.24664,3.44488,198.24
BOOST_REST,820,0.78516,0.24,3.37962,3.29864,3.46061,161.97
BOOST_REST,820,0.78516,0.25,3.40829,3.34066,3.47592,135.26
BOOST_REST,820,0.78516,0.26,3.4319,3.3738,3.48999,116.19
BOOST_REST,820,0.78516,0.27,3.45176,3.40064,3.50287,102.23
BOOST_REST,820,0.78516,0.28,3.46833,3.42259,3.51408,91.49
BOOST_REST,820,0.78516,0.29,3.483,3.4415,3.5245,83.0
BOOST_REST,820,0.78516,0.3,3.49569,3.45773,3.53366,75.92
BOOST_REST,820,0.78516,0.31,3.50744,3.47253,3.54235,69.81
BOOST_REST,820,0.78516,0.32,3.51789,3.48554,3.55024,64.7
BOOST_REST,820,0.78516,0.33,3.52789,3.49797,3.55782,59.85
BOOST_REST,820,0.78516,0.34,3.53728,3.50951,3.56504,55.53
BOOST_REST,820,0.78516,0.35,3.54635,3.52024,3.57245,52.21
BOOST_REST,820,0.78516,0.36,3.55498,3.52998,3.57999,50.01
BOOST_REST,820,0.78516,0.37,3.5632,3.53884,3.58755,48.71
BOOST_REST,820,0.78516,0.38,3.57152,3.54734,3.59569,48.35
BOOST_REST,820,0.78516,0.39,3.57949,3.55521,3.60376,48.55
BOOST_REST,820,0.78516,0.4,3.58785,3.56318,3.61253,49.36
BOOST_REST,820,0.78516,0.41,3.59595,3.57074,3.62117,50.43
BOOST_REST,820,0.78516,0.42,3.60451,3.57854,3.63047,51.93
BOOST_REST,820,0.78516,0.43,3.61314,3.58661,3.63968,53.07
BOOST_REST,820,0.78516,0.44,3.6222,3.59505,3.64935,54.3
BOOST_REST,820,0.78516,0.45,3.63146,3.60393,3.65898,55.05
BOOST_REST,820,0.78516,0.46,3.6415,3.61362,3.66939,55.77
BOOST_REST,820,0.78516,0.47,3.65205,3.62408,3.68003,55.95
BOOST_REST,820,0.78516,0.48,3.66334,3.63502,3.69167,56.65
BOOST_REST,820,0.78516,0.49,3.67504,3.64668,3.70341,56.73
BOOST_REST,820,0.78516,0.5,3.68732,3.65886,3.71578,56.91
BOOST_REST,820,0.78516,0.51,3.69947,3.67135,3.72758,56.24
BOOST_REST,820,0.78516,0.52,3.71184,3.68401,3.73966,55.65
BOOST_REST,820,0.78516,0.53,3.72374,3.69618,3.7513,55.12
BOOST_REST,820,0.78516,0.54,3.73576,3.70831,3.7632,54.89
BOOST_REST,820,0.78516,0.55,3.7473,3.71991,3.7747,54.79
BOOST_REST,820,0.78516,0.56,3.75883,3.73164,3.78602,54.38
BOOST_REST,820,0.78516,0.57,3.7698,3.74286,3.79674,53.88
BOOST_REST,820,0.78516,0.58,3.78077,3.75436,3.80718,52.82
BOOST_REST,820,0.78516,0.59,3.79117,3.76526,3.81707,51.82
BOOST_REST,820,0.78516,0.6,3.80149,3.77622,3.82676,50.54
BOOST_REST,820,0.78516,0.61,3.81134,3.78652,3.83615,49.63
BOOST_REST,820,0.78516,0.62,3.82082,3.79674,3.84491,48.17
BOOST_REST,820,0.78516,0.63,3.83001,3.80642,3.85361,47.19
BOOST_REST,820,0.78516,0.64,3.83877,3.81604,3.86151,45.47
BOOST_REST,820,0.78516,0.65,3.84716,3.82506,3.86925,44.19
BOOST_REST,820,0.78516,0.66,3.85527,3.83392,3.87662,42.7
BOOST_REST,820,0.78516,0.67,3.8629,3.84209,3.88371,41.62
BOOST_REST,820,0.78516,0.68,3.87028,3.84976,3.89079,41.03
BOOST_REST,820,0.78516,0.69,3.87743,3.85692,3.89794,41.02
BOOST_REST,820,0.78516,0.7,3.88488,3.86407,3.90569,41.62
BOOST_REST,820,0.78516,0.71,3.8922,3.87102,3.91339,42.37
BOOST_REST,820,0.78516,0.72,3.8999,3.87811,3.92169,43.58
BOOST_REST,820,0.78516,0.73,3.90786,3.88578,3.92994,44.15
BOOST_REST,820,0.78516,0.74,3.91628,3.89343,3.93913,45.7
BOOST_REST,820,0.78516,0.75,3.92514,3.90129,3.94898,47.7
BOOST_REST,820,0.78516,0.76,3.93445,3.90922,3.95968,50.46
BOOST_REST,820,0.78516,0.77,3.9447,3.91808,3.97132,53.23
BOOST_REST,820,0.78516,0.78,3.95559,3.9275,3.98368,56.18
BOOST_REST,820,0.78516,0.79,3.96698,3.9375,3.99647,58.97
BOOST_REST,820,0.78516,0.8,3.97889,3.9484,4.00937,60.97
BOOST_REST,820,0.78516,0.81,3.99069,3.9592,4.02217,62.97
BOOST_REST,820,0.78516,0.82,4.00238,3.9705,4.03427,63.78
BOOST_REST,820,0.78516,0.83,4.01306,3.98121,4.04491,63.7
BOOST_REST,820,0.78516,0.84,4.02222,3.99174,4.05271,60.98
BOOST_REST,820,0.78516,0.85,4.02992,4.00162,4.05822,56.6
BOOST_REST,820,0.78516,0.86,4.03732,4.01036,4.06428,53.92
BOOST_REST,820,0.78516,0.87,4.04424,4.01775,4.07074,52.99
BOOST_REST,820,0.78516,0.88,4.05066,4.02278,4.07854,55.76
BOOST_REST,820,0.78516,0.89,4.05586,4.02648,4.08524,58.76
BOOST_REST,820,0.78516,0.9,4.06063,4.03029,4.09098,60.69
BOOST_REST,820,0.78516,0.91,4.06533,4.03447,4.09618,61.71
BOOST_REST,820,0.78516,0.92,4.07081,4.03929,4.10234,63.05
BOOST_REST,820,0.78516,0.93,4.0772,4.04537,4.10904,63.67
BOOST_REST,820,0.78516,0.94,4.08449,4.05188,4.1171,65.22
BOOST_REST,820,0.78516,0.95,4.09272,4.05897,4.12646,67.49
BOOST_REST,820,0.78516,0.96,4.10236,4.06698,4.13774,70.76
BOOST_REST,820,0.78516,0.97,4.11558,4.07937,4.1518,72.43
BOOST_REST,820,0.78516,0.98,4.13131,4.09338,4.16924,75.86
BOOST_REST,820,0.78516,0.99,4.1506,4.11068,4.19052,79.84
BOOST_REST,895,0.78972,0.18,3.02974,2.75657,3.30291,546.34
BOOST_REST,895,0.78972,0.19,3.17139,2.96857,3.3742,405.63
BOOST_REST,895,0.78972,0.2,3.24263,3.0784,3.40686,328.46
BOOST_REST,895,0.78972,0.21,3.29133,3.15621,3.42645,270.24
BOOST_REST,895,0.78972,0.22,3.33233,3.22206,3.4426,220.53
BOOST_REST,895,0.78972,0.23,3.36795,3.27802,3.45787,179.85
BOOST_REST,895,0.78972,0.24,3.39809,3.3241,3.47208,147.97
BOOST_REST,895,0.78972,0.25,3.42351,3.36116,3.48585,124.69
BOOST_REST,895,0.78972,0.26,3.44449,3.3909,3.49809,107.2
BOOST_REST,895,0.78972,0.27,3.46203,3.41452,3.50953,95.0
BOOST_REST,895,0.78972,0.28,3.47701,3.43402,3.52,85.98
BOOST_REST,895,0.78972,0.29,3.49004,3.45052,3.52957,79.05
BOOST_REST,895,0.78972,0.3,3.50168,3.46532,3.53804,72.72
BOOST_REST,895,0.78972,0.31,3.51223,3.47825,3.54621,67.96
BOOST_REST,895,0.78972,0.32,3.52196,3.49021,3.55371,63.5
BOOST_REST,895,0.78972,0.33,3.53103,3.50085,3.56121,60.36
BOOST_REST,895,0.78972,0.34,3.53971,3.5109,3.56851,57.61
BOOST_REST,895,0.78972,0.35,3.54818,3.5199,3.57645,56.55
BOOST_REST,895,0.78972,0.36,3.55658,3.5288,3.58436,55.55
BOOST_REST,895,0.78972,0.37,3.56495,3.53693,3.59296,56.03
BOOST_REST,895,0.78972,0.38,3.57344,3.5454,3.60147,56.06
BOOST_REST,895,0.78972,0.39,3.58194,3.55343,3.61045,57.02
BOOST_REST,895,0.78972,0.4,3.59069,3.5619,3.61948,57.57
BOOST_REST,895,0.78972,0.41,3.59953,3.57033,3.62872,58.39
BOOST_REST,895,0.78972,0.42,3.60856,3.57923,3.63789,58.65
BOOST_REST,895,0.78972,0.43,3.61782,3.58831,3.64733,59.02
BOOST_REST,895,0.78972,0.44,3.62734,3.59801,3.65668,58.67
BOOST_REST,895,0.78972,0.45,3.63721,3.60778,3.66664,58.86
BOOST_REST,895,0.78972,0.46,3.64741,3.61818,3.67665,58.46
BOOST_REST,895,0.78972,0.47,3.65812,3.62868,3.68755,58.86
BOOST_REST,895,0.78972,0.48,3.6692,3.63986,3.69854,58.68
BOOST_REST,895,0.78972,0.49,3.68052,3.651,3.71004,59.04
BOOST_REST,895,0.78972,0.5,3.692,3.6627,3.7213,58.6
BOOST_REST,895,0.78972,0.51,3.70352,3.6741,3.73294,58.84
BOOST_REST,895,0.78972,0.52,3.71509,3.68598,3.7442,58.22
BOOST_REST,895,0.78972,0.53,3.72674,3.6976,3.75588,58.28
BOOST_REST,895,0.78972,0.54,3.73823,3.70952,3.76693,57.41
BOOST_REST,895,0.78972,0.55,3.7495,3.72092,3.77808,57.16
BOOST_REST,895,0.78972,0.56,3.76063,3.73262,3.78863,56.01
BOOST_REST,895,0.78972,0.57,3.77148,3.74379,3.79918,55.39
BOOST_REST,895,0.78972,0.58,3.78199,3.75484,3.80913,54.29
BOOST_REST,895,0.78972,0.59,3.7924,3.76567,3.81913,53.46
BOOST_REST,895,0.78972,0.6,3.80236,3.77624,3.82848,52.24
BOOST_REST,895,0.78972,0.61,3.81209,3.78639,3.83778,51.4
BOOST_REST,895,0.78972,0.62,3.8214,3.79636,3.84644,50.08
BOOST_REST,895,0.78972,0.63,3.83056,3.8061,3.85501,48.91
BOOST_REST,895,0.78972,0.64,3.8393,3.81558,3.86302,47.44
BOOST_REST,895,0.78972,0.65,3.84757,3.82443,3.87071,46.28
BOOST_REST,895,0.78972,0.66,3.85551,3.8329,3.87812,45.21
BOOST_REST,895,0.78972,0.67,3.86302,3.84084,3.88521,44.37
BOOST_REST,895,0.78972,0.68,3.87046,3.84851,3.89242,43.91
BOOST_REST,895,0.78972,0.69,3.87764,3.85557,3.89971,44.15
BOOST_REST,895,0.78972,0.7,3.88515,3.86273,3.90756,44.84
BOOST_REST,895,0.78972,0.71,3.89254,3.86956,3.91551,45.95
BOOST_REST,895,0.78972,0.72,3.90051,3.87683,3.92419,47.36
BOOST_REST,895,0.78972,0.73,3.90837,3.88395,3.93279,48.84
BOOST_REST,895,0.78972,0.74,3.9171,3.89185,3.94235,50.5
BOOST_REST,895,0.78972,0.75,3.92595,3.89955,3.95236,52.81
BOOST_REST,895,0.78972,0.76,3.93585,3.90824,3.96346,55.22
BOOST_REST,895,0.78972,0.77,3.94615,3.91714,3.97516,58.02
BOOST_REST,895,0.78972,0.78,3.95754,3.92732,3.98776,60.44
BOOST_REST,895,0.78972,0.79,3.96936,3.93814,4.00057,62.43
BOOST_REST,895,0.78972,0.8,3.98164,3.94953,4.01376,64.23
BOOST_REST,895,0.78972,0.81,3.99365,3.96075,4.02656,65.81
BOOST_REST,895,0.78972,0.82,4.00571,3.97243,4.039,66.57
BOOST_REST,895,0.78972,0.83,4.01638,3.98354,4.04922,65.68
BOOST_REST,895,0.78972,0.84,4.02554,3.99443,4.05664,62.21
BOOST_REST,895,0.78972,0.85,4.03357,4.00417,4.06296,58.79
BOOST_REST,895,0.78972,0.86,4.04158,4.01317,4.07,56.83
BOOST_REST,895,0.78972,0.87,4.0493,4.02058,4.07802,57.44
BOOST_REST,895,0.78972,0.88,4.05583,4.02568,4.08598,60.3
BOOST_REST,895,0.78972,0.89,4.06112,4.03068,4.09156,60.87
BOOST_REST,895,0.78972,0.9,4.06638,4.03588,4.09688,61.0
BOOST_REST,895,0.78972,0.91,4.07252,4.04288,4.10216,59.28
BOOST_REST,895,0.78972,0.92,4.07943,4.05058,4.10828,57.7
BOOST_REST,895,0.78972,0.93,4.08674,4.05839,4.11508,56.7
BOOST_REST,895,0.78972,0.94,4.09408,4.06459,4.12358,58.99
BOOST_REST,895,0.78972,0.95,4.10208,4.07049,4.13368,63.18
BOOST_REST,895,0.78972,0.96,4.11143,4.07659,4.14627,69.68
BOOST_REST,895,0.78972,0.97,4.12299,4.08449,4.1615,77.0
BOOST_REST,895,0.78972,0.98,4.13802,4.09559,4.18046,84.87
BOOST_REST,970,0.75331,0.22,3.05693,2.7831,3.33076,547.66
BOOST_REST,970,0.75331,0.23,3.18272,2.97232,3.39313,420.81
BOOST_REST,970,0.75331,0.24,3.24965,3.07721,3.42208,344.87
BOOST_REST,970,0.75331,0.25,3.29528,3.15054,3.44001,289.47
BOOST_REST,970,0.75331,0.26,3.33406,3.21286,3.45527,242.41
BOOST_REST,970,0.75331,0.27,3.36865,3.26726,3.47003,202.76
BOOST_REST,970,0.75331,0.28,3.39874,3.31357,3.48391,170.34
BOOST_REST,970,0.75331,0.29,3.42399,3.35116,3.49682,145.67
BOOST_REST,970,0.75331,0.3,3.44521,3.3817,3.50872,127.02
BOOST_REST,970,0.75331,0.31,3.46283,3.40629,3.51936,113.08
BOOST_REST,970,0.75331,0.32,3.47815,3.42688,3.52941,102.52
BOOST_REST,970,0.75331,0.33,3.49145,3.44453,3.53837,93.84
BOOST_REST,970,0.75331,0.34,3.50349,3.45987,3.54712,87.24
BOOST_REST,970,0.75331,0.35,3.51455,3.47397,3.55512,81.15
BOOST_REST,970,0.75331,0.36,3.52486,3.48666,3.56306,76.4
BOOST_REST,970,0.75331,0.37,3.53472,3.49882,3.57063,71.81
BOOST_REST,970,0.75331,0.38,3.54443,3.5105,3.57835,67.85
BOOST_REST,970,0.75331,0.39,3.55394,3.5216,3.58627,64.67
BOOST_REST,970,0.75331,0.4,3.56311,3.53208,3.59414,62.06
BOOST_REST,970,0.75331,0.41,3.57234,3.54204,3.60264,60.6
BOOST_REST,970,0.75331,0.42,3.58123,3.55136,3.61111,59.75
BOOST_REST,970,0.75331,0.43,3.5902,3.56026,3.62015,59.89
BOOST_REST,970,0.75331,0.44,3.59904,3.56882,3.62925,60.43
BOOST_REST,970,0.75331,0.45,3.60809,3.5776,3.63859,60.99
BOOST_REST,970,0.75331,0.46,3.61717,3.58621,3.64812,61.91
BOOST_REST,970,0.75331,0.47,3.62678,3.59538,3.65819,62.82
BOOST_REST,970,0.75331,0.48,3.63675,3.60491,3.6686,63.69
BOOST_REST,970,0.75331,0.49,3.64692,3.61475,3.6791,64.35
BOOST_REST,970,0.75331,0.5,3.65774,3.62521,3.69027,65.06
BOOST_REST,970,0.75331,0.51,3.66884,3.63635,3.70134,64.99
BOOST_REST,970,0.75331,0.52,3.68005,3.64751,3.71258,65.07
BOOST_REST,970,0.75331,0.53,3.69155,3.65908,3.72402,64.94
BOOST_REST,970,0.75331,0.54,3.70287,3.67044,3.73529,64.85
BOOST_REST,970,0.75331,0.55,3.71455,3.68218,3.74691,64.73
BOOST_REST,970,0.75331,0.56,3.72615,3.69405,3.75825,64.2
BOOST_REST,970,0.75331,0.57,3.73777,3.70585,3.76969,63.84
BOOST_REST,970,0.75331,0.58,3.7493,3.71769,3.7809,63.21
BOOST_REST,970,0.75331,0.59,3.76057,3.72905,3.79209,63.04
BOOST_REST,970,0.75331,0.6,3.77165,3.74052,3.80278,62.26
BOOST_REST,970,0.75331,0.61,3.7823,3.75175,3.81285,61.1
BOOST_REST,970,0.75331,0.62,3.7928,3.76268,3.82292,60.24
BOOST_REST,970,0.75331,0.63,3.80302,3.77348,3.83255,59.06
BOOST_REST,970,0.75331,0.64,3.81297,3.78434,3.84161,57.27
BOOST_REST,970,0.75331,0.65,3.82266,3.79478,3.85053,55.75
BOOST_REST,970,0.75331,0.66,3.83177,3.80476,3.85878,54.02
BOOST_REST,970,0.75331,0.67,3.84067,3.81452,3.86683,52.31
BOOST_REST,970,0.75331,0.68,3.84925,3.8242,3.8743,50.1
BOOST_REST,970,0.75331,0.69,3.85741,3.83327,3.88156,48.29
BOOST_REST,970,0.75331,0.7,3.86536,3.84193,3.88878,46.85
BOOST_REST,970,0.75331,0.71,3.87303,3.85018,3.89588,45.7
BOOST_REST,970,0.75331,0.72,3.88052,3.8576,3.90343,45.83
BOOST_REST,970,0.75331,0.73,3.88821,3.86479,3.91164,46.85
BOOST_REST,970,0.75331,0.74,3.89607,3.87216,3.91998,47.82
BOOST_REST,970,0.75331,0.75,3.90407,3.8796,3.92854,48.94
BOOST_REST,970,0.75331,0.76,3.91261,3.8873,3.93792,50.62
BOOST_REST,970,0.75331,0.77,3.92151,3.89527,3.94774,52.47
BOOST_REST,970,0.75331,0.78,3.93143,3.90395,3.95892,54.97
BOOST_REST,970,0.75331,0.79,3.94185,3.91318,3.97052,57.34
BOOST_REST,970,0.75331,0.8,3.95316,3.92318,3.98314,59.96
BOOST_REST,970,0.75331,0.81,3.96525,3.93445,3.99604,61.59
BOOST_REST,970,0.75331,0.82,3.97761,3.94619,4.00902,62.84
BOOST_REST,970,0.75331,0.83,3.99016,3.95866,4.02166,63.0
BOOST_REST,970,0.75331,0.84,4.00247,3.9711,4.03384,62.74
BOOST_REST,970,0.75331,0.85,4.01413,3.98339,4.04487,61.49
BOOST_REST,970,0.75331,0.86,4.02377,3.99501,4.05254,57.52
BOOST_REST,970,0.75331,0.87,4.03197,4.00544,4.05849,53.04
BOOST_REST,970,0.75331,0.88,4.0394,4.01454,4.06425,49.71
BOOST_REST,970,0.75331,0.89,4.04644,4.02156,4.07132,49.75
BOOST_REST,970,0.75331,0.9,4.05266,4.02607,4.07924,53.17
BOOST_REST,970,0.75331,0.91,4.0584,4.02997,4.08682,56.84
BOOST_REST,970,0.75331,0.92,4.06371,4.03428,4.09314,58.86
BOOST_REST,970,0.75331,0.93,4.06911,4.03907,4.09915,60.08
BOOST_REST,970,0.75331,0.94,4.07549,4.04488,4.1061,61.23
BOOST_REST,970,0.75331,0.95,4.08231,4.05069,4.11394,63.25
BOOST_REST,970,0.75331,0.96,4.09078,4.05817,4.12339,65.22
BOOST_REST,970,0.75331,0.97,4.10023,4.06559,4.13487,69.28
BOOST_REST,970,0.75331,0.98,4.1116,4.07518,4.14801,72.83
BOOST_REST,970,0.75331,0.99,4.12753,4.09089,4.16417,73.29
BOOST_REST,1045,0.77226,0.2,3.00736,2.73176,3.28297,551.22
BOOST_REST,1045,0.77226,0.21,3.15802,2.94508,3.37096,425.88
BOOST_REST,1045,0.77226,0.22,3.23539,3.05551,3.41527,359.76
BOOST_REST,1045,0.77226,0.23,3.28292,3.12768,3.43816,310.48
BOOST_REST,1045,0.77226,0.24,3.31869,3.18743,3.44994,262.51
BOOST_REST,1045,0.77226,0.25,3.3528,3.24082,3.46477,223.95
BOOST_REST,1045,0.77226,0.26,3.38604,3.28832,3.48375,195.43
BOOST_REST,1045,0.77226,0.27,3.4129,3.32866,3.49713,168.47
BOOST_REST,1045,0.77226,0.28,3.43575,3.3624,3.50909,146.69
BOOST_REST,1045,0.77226,0.29,3.4551,3.39056,3.51964,129.08
BOOST_REST,1045,0.77226,0.3,3.47161,3.41372,3.5295,115.78
BOOST_REST,1045,0.77226,0.31,3.48599,3.43336,3.53862,105.26
BOOST_REST,1045,0.77226,0.32,3.4986,3.45022,3.54699,96.77
BOOST_REST,1045,0.77226,0.33,3.51029,3.46527,3.5553,90.04
BOOST_REST,1045,0.77226,0.34,3.521,3.4788,3.56319,84.39
BOOST_REST,1045,0.77226,0.35,3.53112,3.49074,3.57149,80.75
BOOST_REST,1045,0.77226,0.36,3.54083,3.50214,3.57952,77.38
BOOST_REST,1045,0.77226,0.37,3.55044,3.51265,3.58823,75.58
BOOST_REST,1045,0.77226,0.38,3.55965,3.52248,3.59683,74.36
BOOST_REST,1045,0.77226,0.39,3.56894,3.53185,3.60603,74.18
BOOST_REST,1045,0.77226,0.4,3.57773,3.54041,3.61505,74.64
BOOST_REST,1045,0.77226,0.41,3.58703,3.54944,3.62462,75.18
BOOST_REST,1045,0.77226,0.42,3.59619,3.55841,3.63398,75.57
BOOST_REST,1045,0.77226,0.43,3.60566,3.56761,3.64371,76.09
BOOST_REST,1045,0.77226,0.44,3.61516,3.57704,3.65328,76.24
BOOST_REST,1045,0.77226,0.45,3.62508,3.58701,3.66315,76.14
BOOST_REST,1045,0.77226,0.46,3.63511,3.59694,3.67327,76.33
BOOST_REST,1045,0.77226,0.47,3.64542,3.60739,3.68345,76.06
BOOST_REST,1045,0.77226,0.48,3.65604,3.618,3.69407,76.07
BOOST_REST,1045,0.77226,0.49,3.66665,3.62875,3.70456,75.81
BOOST_REST,1045,0.77226,0.5,3.67765,3.63985,3.71546,75.61
BOOST_REST,1045,0.77226,0.51,3.68841,3.65068,3.72614,75.47
BOOST_REST,1045,0.77226,0.52,3.69953,3.66179,3.73727,75.47
BOOST_REST,1045,0.77226,0.53,3.71073,3.67315,3.74832,75.17
BOOST_REST,1045,0.77226,0.54,3.72203,3.68448,3.75958,75.1
BOOST_REST,1045,0.77226,0.55,3.73345,3.69601,3.7709,74.89
BOOST_REST,1045,0.77226,0.56,3.7447,3.70774,3.78166,73.92
BOOST_REST,1045,0.77226,0.57,3.75581,3.71921,3.79242,73.21
BOOST_REST,1045,0.77226,0.58,3.76666,3.73084,3.80249,71.66
BOOST_REST,1045,0.77226,0.59,3.77728,3.74196,3.81259,70.63
BOOST_REST,1045,0.77226,0.6,3.78768,3.75326,3.82209,68.83
BOOST_REST,1045,0.77226,0.61,3.79788,3.76408,3.83167,67.58
BOOST_REST,1045,0.77226,0.62,3.80747,3.77444,3.84049,66.05
BOOST_REST,1045,0.77226,0.63,3.81714,3.78482,3.84947,64.65
BOOST_REST,1045,0.77226,0.64,3.8263,3.79494,3.85767,62.73
BOOST_REST,1045,0.77226,0.65,3.8352,3.80464,3.86577,61.13
BOOST_REST,1045,0.77226,0.66,3.84372,3.8143,3.87314,58.84
BOOST_REST,1045,0.77226,0.67,3.85198,3.82331,3.88064,57.34
BOOST_REST,1045,0.77226,0.68,3.85982,3.83209,3.88754,55.45
BOOST_REST,1045,0.77226,0.69,3.86778,3.84066,3.8949,54.24
BOOST_REST,1045,0.77226,0.7,3.8754,3.84848,3.90232,53.84
BOOST_REST,1045,0.77226,0.71,3.88308,3.85572,3.91044,54.72
BOOST_REST,1045,0.77226,0.72,3.89074,3.86262,3.91885,56.23
BOOST_REST,1045,0.77226,0.73,3.89877,3.86971,3.92784,58.13
BOOST_REST,1045,0.77226,0.74,3.90689,3.87671,3.93708,60.37
BOOST_REST,1045,0.77226,0.75,3.91548,3.88391,3.94705,63.14
BOOST_REST,1045,0.77226,0.76,3.92483,3.89169,3.95798,66.29
BOOST_REST,1045,0.77226,0.77,3.93456,3.89973,3.96938,69.65
BOOST_REST,1045,0.77226,0.78,3.9451,3.90841,3.98178,73.37
BOOST_REST,1045,0.77226,0.79,3.95616,3.91788,3.99444,76.56
BOOST_REST,1045,0.77226,0.8,3.96789,3.92791,4.00788,79.97
BOOST_REST,1045,0.77226,0.81,3.9797,3.93851,4.02089,82.38
BOOST_REST,1045,0.77226,0.82,3.99185,3.94987,4.03382,83.95
BOOST_REST,1045,0.77226,0.83,4.00335,3.96122,4.04549,84.27
BOOST_REST,1045,0.77226,0.84,4.01337,3.97261,4.05413,81.51
BOOST_REST,1045,0.77226,0.85,4.02236,3.98402,4.06069,76.67
BOOST_REST,1045,0.77226,0.86,4.03093,3.99454,4.06732,72.78
BOOST_REST,1045,0.77226,0.87,4.04013,4.00473,4.07552,70.79
BOOST_REST,1045,0.77226,0.88,4.04863,4.01356,4.08369,70.13
BOOST_REST,1045,0.77226,0.89,4.05558,4.02067,4.09049,69.83
BOOST_REST,1045,0.77226,0.9,4.0611,4.02608,4.09613,70.05
BOOST_REST,1045,0.77226,0.91,4.06649,4.03079,4.10219,71.4
BOOST_REST,1045,0.77226,0.92,4.07272,4.03657,4.10886,72.29
BOOST_REST,1045,0.77226,0.93,4.08051,4.04426,4.11676,72.5
BOOST_REST,1045,0.77226,0.94,4.08947,4.05298,4.12596,72.98
BOOST_REST,1045,0.77226,0.95,4.09938,4.06187,4.13688,75.01
BOOST_REST,1045,0.77226,0.96,4.10972,4.06918,4.15026,81.08
BOOST_REST,1045,0.77226,0.97,4.12165,4.07709,4.16621,89.12
BOOST_REST,1045,0.77226,0.98,4.13673,4.08808,4.18538,97.29
BOOST_REST,1120,0.75785,0.21,2.97649,2.69093,3.26205,571.12
BOOST_REST,1120,0.75785,0.22,3.14114,2.92152,3.36075,439.23
BOOST_REST,1120,0.75785,0.23,3.22586,3.0394,3.41233,372.94
BOOST_REST,1120,0.75785,0.24,3.27486,3.11134,3.43838,327.05
BOOST_REST,1120,0.75785,0.25,3.31139,3.16802,3.45475,286.72
BOOST_REST,1120,0.75785,0.26,3.34379,3.21882,3.46876,249.94
BOOST_REST,1120,0.75785,0.27,3.37383,3.26549,3.48216,216.67
BOOST_REST,1120,0.75785,0.28,3.40107,3.30738,3.49476,187.39
BOOST_REST,1120,0.75785,0.29,3.42528,3.34372,3.50685,163.13
BOOST_REST,1120,0.75785,0.3,3.44606,3.37426,3.51787,143.61
BOOST_REST,1120,0.75785,0.31,3.46416,3.39987,3.52844,128.58
BOOST_REST,1120,0.75785,0.32,3.47952,3.42098,3.53806,117.08
BOOST_REST,1120,0.75785,0.33,3.49329,3.43904,3.54753,108.49
BOOST_REST,1120,0.75785,0.34,3.50543,3.45481,3.55605,101.24
BOOST_REST,1120,0.75785,0.35,3.51693,3.46921,3.56465,95.44
BOOST_REST,1120,0.75785,0.36,3.52753,3.48231,3.57275,90.44
BOOST_REST,1120,0.75785,0.37,3.53769,3.49421,3.58116,86.96
BOOST_REST,1120,0.75785,0.38,3.54756,3.50526,3.58986,84.6
BOOST_REST,1120,0.75785,0.39,3.55722,3.51598,3.59846,82.47
BOOST_REST,1120,0.75785,0.4,3.56703,3.52641,3.60766,81.25
BOOST_REST,1120,0.75785,0.41,3.57652,3.53618,3.61686,80.68
BOOST_REST,1120,0.75785,0.42,3.58599,3.54591,3.62607,80.17
BOOST_REST,1120,0.75785,0.43,3.59541,3.55513,3.63568,80.55
BOOST_REST,1120,0.75785,0.44,3.60506,3.56474,3.64538,80.64
BOOST_REST,1120,0.75785,0.45,3.61454,3.57412,3.65497,80.85
BOOST_REST,1120,0.75785,0.46,3.62425,3.58382,3.66469,80.87
BOOST_REST,1120,0.75785,0.47,3.63402,3.59344,3.67461,81.17
BOOST_REST,1120,0.75785,0.48,3.64414,3.6034,3.68488,81.48
BOOST_REST,1120,0.75785,0.49,3.65414,3.61338,3.69489,81.51
BOOST_REST,1120,0.75785,0.5,3.66455,3.6237,3.70541,81.71
BOOST_REST,1120,0.75785,0.51,3.67515,3.63422,3.71609,81.87
BOOST_REST,1120,0.75785,0.52,3.68582,3.64462,3.72701,82.39
BOOST_REST,1120,0.75785,0.53,3.69694,3.6556,3.73829,82.69
BOOST_REST,1120,0.75785,0.54,3.70788,3.66644,3.74932,82.88
BOOST_REST,1120,0.75785,0.55,3.71925,3.6777,3.76081,83.11
BOOST_REST,1120,0.75785,0.56,3.73055,3.6893,3.77181,82.51
BOOST_REST,1120,0.75785,0.57,3.74154,3.70076,3.78232,81.56
BOOST_REST,1120,0.75785,0.58,3.75272,3.71244,3.793,80.56
BOOST_REST,1120,0.75785,0.59,3.76358,3.72406,3.8031,79.04
BOOST_REST,1120,0.75785,0.6,3.77412,3.73514,3.81311,77.97
BOOST_REST,1120,0.75785,0.61,3.7848,3.74672,3.82288,76.16
BOOST_REST,1120,0.75785,0.62,3.79498,3.75786,3.8321,74.24
BOOST_REST,1120,0.75785,0.63,3.80507,3.76874,3.84141,72.67
BOOST_REST,1120,0.75785,0.64,3.81484,3.77929,3.8504,71.11
BOOST_REST,1120,0.75785,0.65,3.82399,3.78937,3.85861,69.24
BOOST_REST,1120,0.75785,0.66,3.83308,3.79927,3.8669,67.62
BOOST_REST,1120,0.75785,0.67,3.84155,3.80853,3.87456,66.03
BOOST_REST,1120,0.75785,0.68,3.84976,3.8177,3.88181,64.11
BOOST_REST,1120,0.75785,0.69,3.85796,3.82671,3.88921,62.5
BOOST_REST,1120,0.75785,0.7,3.86584,3.83501,3.89666,61.65
BOOST_REST,1120,0.75785,0.71,3.87372,3.84313,3.90431,61.19
BOOST_REST,1120,0.75785,0.72,3.8817,3.85054,3.91286,62.32
BOOST_REST,1120,0.75785,0.73,3.88995,3.85791,3.922,64.09
BOOST_REST,1120,0.75785,0.74,3.8981,3.86493,3.93126,66.33
BOOST_REST,1120,0.75785,0.75,3.90657,3.87184,3.94131,69.48
BOOST_REST,1120,0.75785,0.76,3.91556,3.87924,3.95188,72.64
BOOST_REST,1120,0.75785,0.77,3.92509,3.88683,3.96334,76.51
BOOST_REST,1120,0.75785,0.78,3.93524,3.89521,3.97526,80.05
BOOST_REST,1120,0.75785,0.79,3.94577,3.90374,3.98779,84.05
BOOST_REST,1120,0.75785,0.8,3.95718,3.91341,4.00094,87.54
BOOST_REST,1120,0.75785,0.81,3.96871,3.92344,4.01398,90.53
BOOST_REST,1120,0.75785,0.82,3.98066,3.93423,4.02709,92.86
BOOST_REST,1120,0.75785,0.83,3.9927,3.94591,4.03948,93.57
BOOST_REST,1120,0.75785,0.84,4.00353,3.95762,4.04944,91.82
BOOST_REST,1120,0.75785,0.85,4.01302,3.96934,4.0567,87.36
BOOST_REST,1120,0.75785,0.86,4.02173,3.98055,4.0629,82.35
BOOST_REST,1120,0.75785,0.87,4.03075,3.99144,4.07006,78.62
BOOST_REST,1120,0.75785,0.88,4.04029,4.00215,4.07842,76.27
BOOST_REST,1120,0.75785,0.89,4.049,4.01187,4.08614,74.27
BOOST_REST,1120,0.75785,0.9,4.05643,4.01997,4.09288,72.91
BOOST_REST,1120,0.75785,0.91,4.06235,4.02549,4.09922,73.73
BOOST_REST,1120,0.75785,0.92,4.06882,4.03127,4.10636,75.09
BOOST_REST,1120,0.75785,0.93,4.07616,4.03759,4.11474,77.15
BOOST_REST,1120,0.75785,0.94,4.08469,4.04518,4.1242,79.02
BOOST_REST,1120,0.75785,0.95,4.0949,4.05398,4.13582,81.84
BOOST_REST,1120,0.75785,0.96,4.10562,4.06209,4.14916,87.07
BOOST_REST,1120,0.75785,0.97,4.11741,4.06949,4.16534,95.85
BOOST_REST,1120,0.75785,0.98,4.13237,4.08029,4.18446,104.17
BOOST_REST,1195,0.74301,0.23,3.06177,2.81534,3.30819,492.85
BOOST_REST,1195,0.74301,0.24,3.18599,2.9842,3.38778,403.58
BOOST_REST,1195,0.74301,0.25,3.24859,3.06524,3.43193,366.69
BOOST_REST,1195,0.74301,0.26,3.29012,3.12692,3.45333,326.41
BOOST_REST,1195,0.74301,0.27,3.32303,3.1787,3.46736,288.66
BOOST_REST,1195,0.74301,0.28,3.35286,3.22626,3.47945,253.19
BOOST_REST,1195,0.74301,0.29,3.38131,3.27124,3.49138,220.14
BOOST_REST,1195,0.74301,0.3,3.40726,3.31128,3.50324,191.95
BOOST_REST,1195,0.74301,0.31,3.42952,3.34446,3.51457,170.1
BOOST_REST,1195,0.74301,0.32,3.44946,3.37314,3.52577,152.63
BOOST_REST,1195,0.74301,0.33,3.46687,3.39764,3.5361,138.46
BOOST_REST,1195,0.74301,0.34,3.48219,3.41819,3.54618,128.0
BOOST_REST,1195,0.74301,0.35,3.49577,3.43588,3.55566,119.77
BOOST_REST,1195,0.74301,0.36,3.50798,3.45122,3.56474,113.52
BOOST_REST,1195,0.74301,0.37,3.51965,3.46528,3.57402,108.74
BOOST_REST,1195,0.74301,0.38,3.5307,3.47798,3.58343,105.45
BOOST_REST,1195,0.74301,0.39,3.54167,3.49015,3.59319,103.04
BOOST_REST,1195,0.74301,0.4,3.55218,3.50161,3.60275,101.14
BOOST_REST,1195,0.74301,0.41,3.56257,3.51251,3.61262,100.11
BOOST_REST,1195,0.74301,0.42,3.57289,3.52334,3.62244,99.1
BOOST_REST,1195,0.74301,0.43,3.58273,3.53363,3.63183,98.2
BOOST_REST,1195,0.74301,0.44,3.59246,3.54379,3.64113,97.34
BOOST_REST,1195,0.74301,0.45,3.60219,3.5536,3.65078,97.17
BOOST_REST,1195,0.74301,0.46,3.61178,3.5633,3.66026,96.96
BOOST_REST,1195,0.74301,0.47,3.62167,3.57329,3.67005,96.76
BOOST_REST,1195,0.74301,0.48,3.63144,3.58318,3.6797,96.53
BOOST_REST,1195,0.74301,0.49,3.64136,3.59305,3.68968,96.63
BOOST_REST,1195,0.74301,0.5,3.65158,3.6032,3.69995,96.75
BOOST_REST,1195,0.74301,0.51,3.6617,3.61331,3.71008,96.78
BOOST_REST,1195,0.74301,0.52,3.67228,3.62391,3.72065,96.74
BOOST_REST,1195,0.74301,0.53,3.68288,3.63456,3.73121,96.65
BOOST_REST,1195,0.74301,0.54,3.69382,3.64566,3.74197,96.31
BOOST_REST,1195,0.74301,0.55,3.7048,3.65671,3.75289,96.18
BOOST_REST,1195,0.74301,0.56,3.71572,3.66794,3.7635,95.57
BOOST_REST,1195,0.74301,0.57,3.72678,3.67916,3.77439,95.23
BOOST_REST,1195,0.74301,0.58,3.73764,3.69038,3.7849,94.52
BOOST_REST,1195,0.74301,0.59,3.74866,3.7022,3.79513,92.93
BOOST_REST,1195,0.74301,0.6,3.75958,3.71382,3.80534,91.52
BOOST_REST,1195,0.74301,0.61,3.77012,3.72512,3.81513,90.01
BOOST_REST,1195,0.74301,0.62,3.78068,3.73662,3.82474,88.12
BOOST_REST,1195,0.74301,0.63,3.79084,3.74756,3.83413,86.57
BOOST_REST,1195,0.74301,0.64,3.80096,3.7586,3.84333,84.73
BOOST_REST,1195,0.74301,0.65,3.81069,3.76904,3.85234,83.3
BOOST_REST,1195,0.74301,0.66,3.82035,3.77973,3.86097,81.23
BOOST_REST,1195,0.74301,0.67,3.82957,3.78978,3.86937,79.6
BOOST_REST,1195,0.74301,0.68,3.83855,3.80002,3.87708,77.06
BOOST_REST,1195,0.74301,0.69,3.84737,3.80977,3.88497,75.2
BOOST_REST,1195,0.74301,0.7,3.85559,3.8191,3.89208,72.97
BOOST_REST,1195,0.74301,0.71,3.86412,3.82828,3.89996,71.69
BOOST_REST,1195,0.74301,0.72,3.87255,3.83683,3.90828,71.45
BOOST_REST,1195,0.74301,0.73,3.8811,3.845,3.9172,72.2
BOOST_REST,1195,0.74301,0.74,3.88996,3.85282,3.9271,74.28
BOOST_REST,1195,0.74301,0.75,3.89861,3.86002,3.9372,77.18
BOOST_REST,1195,0.74301,0.76,3.90775,3.8675,3.948,80.5
BOOST_REST,1195,0.74301,0.77,3.91727,3.87484,3.9597,84.86
BOOST_REST,1195,0.74301,0.78,3.92716,3.88272,3.9716,88.88
BOOST_REST,1195,0.74301,0.79,3.93766,3.89091,3.9844,93.49
BOOST_REST,1195,0.74301,0.8,3.94868,3.90021,3.99714,96.93
BOOST_REST,1195,0.74301,0.81,3.96058,3.91081,4.01034,99.54
BOOST_REST,1195,0.74301,0.82,3.97234,3.92163,4.02304,101.41
BOOST_REST,1195,0.74301,0.83,3.98443,3.93352,4.03534,101.82
BOOST_REST,1195,0.74301,0.84,3.99612,3.9457,4.04654,100.83
BOOST_REST,1195,0.74301,0.85,4.00603,3.95753,4.05452,96.99
BOOST_REST,1195,0.74301,0.86,4.01518,3.96943,4.06093,91.5
BOOST_REST,1195,0.74301,0.87,4.02464,3.98132,4.06796,86.64
BOOST_REST,1195,0.74301,0.88,4.03405,3.99245,4.07566,83.21
BOOST_REST,1195,0.74301,0.89,4.04354,4.00323,4.08386,80.62
BOOST_REST,1195,0.74301,0.9,4.05161,4.01247,4.09076,78.28
BOOST_REST,1195,0.74301,0.91,4.05865,4.02007,4.09723,77.16
BOOST_REST,1195,0.74301,0.92,4.06512,4.02618,4.10406,77.88
BOOST_REST,1195,0.74301,0.93,4.07217,4.03208,4.11226,80.17
BOOST_REST,1195,0.74301,0.94,4.08104,4.04007,4.12201,81.94
BOOST_REST,1195,0.74301,0.95,4.0918,4.04958,4.13403,84.45
BOOST_REST,1195,0.74301,0.96,4.10365,4.05938,4.14793,88.56
BOOST_REST,1195,0.74301,0.97,4.11564,4.06719,4.16409,96.9
BOOST_REST,1195,0.74301,0.98,4.12999,4.07688,4.1831,106.22
BOOST_REST,1270,0.72492,0.25,3.07593,2.83282,3.31904,486.22
BOOST_REST,1270,0.72492,0.26,3.19718,2.99782,3.39654,398.72
BOOST_REST,1270,0.72492,0.27,3.25956,3.07892,3.44021,361.29
BOOST_REST,1270,0.72492,0.28,3.29758,3.1341,3.46106,326.96
BOOST_REST,1270,0.72492,0.29,3.32737,3.18027,3.47448,294.21
BOOST_REST,1270,0.72492,0.3,3.35442,3.22231,3.48653,264.22
BOOST_REST,1270,0.72492,0.31,3.37838,3.25863,3.49814,239.5
BOOST_REST,1270,0.72492,0.32,3.40171,3.29344,3.50998,216.54
BOOST_REST,1270,0.72492,0.33,3.42375,3.32615,3.52136,195.21
BOOST_REST,1270,0.72492,0.34,3.44414,3.35561,3.53267,177.06
BOOST_REST,1270,0.72492,0.35,3.46251,3.38151,3.54351,162.0
BOOST_REST,1270,0.72492,0.36,3.47895,3.40415,3.55375,149.6
BOOST_REST,1270,0.72492,0.37,3.4936,3.42328,3.56393,140.65
BOOST_REST,1270,0.72492,0.38,3.50685,3.44008,3.57362,133.54
BOOST_REST,1270,0.72492,0.39,3.51927,3.45512,3.58342,128.3
BOOST_REST,1270,0.72492,0.4,3.53099,3.46892,3.59305,124.14
BOOST_REST,1270,0.72492,0.41,3.54235,3.48192,3.60279,120.87
BOOST_REST,1270,0.72492,0.42,3.5537,3.49426,3.61314,118.88
BOOST_REST,1270,0.72492,0.43,3.56464,3.50586,3.62343,117.57
BOOST_REST,1270,0.72492,0.44,3.57555,3.51738,3.63371,116.33
BOOST_REST,1270,0.72492,0.45,3.58626,3.52856,3.64395,115.39
BOOST_REST,1270,0.72492,0.46,3.59659,3.53928,3.65391,114.63
BOOST_REST,1270,0.72492,0.47,3.60672,3.5498,3.66364,113.84
BOOST_REST,1270,0.72492,0.48,3.6169,3.5602,3.6736,113.4
BOOST_REST,1270,0.72492,0.49,3.62689,3.57031,3.68347,113.16
BOOST_REST,1270,0.72492,0.5,3.63701,3.58068,3.69334,112.66
BOOST_REST,1270,0.72492,0.51,3.64716,3.59078,3.70355,112.77
BOOST_REST,1270,0.72492,0.52,3.65738,3.60118,3.71359,112.41
BOOST_REST,1270,0.72492,0.53,3.66784,3.61171,3.72397,112.25
BOOST_REST,1270,0.72492,0.54,3.67825,3.62201,3.73449,112.48
BOOST_REST,1270,0.72492,0.55,3.68871,3.63234,3.74507,112.72
BOOST_REST,1270,0.72492,0.56,3.69947,3.64304,3.75589,112.85
BOOST_REST,1270,0.72492,0.57,3.70997,3.65361,3.76632,112.71
BOOST_REST,1270,0.72492,0.58,3.72079,3.66478,3.77679,112.01
BOOST_REST,1270,0.72492,0.59,3.73177,3.67611,3.78743,111.32
BOOST_REST,1270,0.72492,0.6,3.74252,3.68761,3.79743,109.82
BOOST_REST,1270,0.72492,0.61,3.75355,3.69946,3.80764,108.17
BOOST_REST,1270,0.72492,0.62,3.76432,3.71132,3.81733,106.01
BOOST_REST,1270,0.72492,0.63,3.77499,3.72292,3.82706,104.14
BOOST_REST,1270,0.72492,0.64,3.78543,3.73459,3.83627,101.68
BOOST_REST,1270,0.72492,0.65,3.79567,3.74588,3.84547,99.6
BOOST_REST,1270,0.72492,0.66,3.80566,3.75685,3.85448,97.63
BOOST_REST,1270,0.72492,0.67,3.81557,3.76774,3.8634,95.66
BOOST_REST,1270,0.72492,0.68,3.82509,3.77848,3.8717,93.22
BOOST_REST,1270,0.72492,0.69,3.83432,3.78883,3.8798,90.97
BOOST_REST,1270,0.72492,0.7,3.84345,3.79939,3.8875,88.11
BOOST_REST,1270,0.72492,0.71,3.85216,3.80933,3.895,85.67
BOOST_REST,1270,0.72492,0.72,3.86122,3.81923,3.9032,83.97
BOOST_REST,1270,0.72492,0.73,3.87038,3.82864,3.91212,83.48
BOOST_REST,1270,0.72492,0.74,3.8795,3.83747,3.92154,84.07
BOOST_REST,1270,0.72492,0.75,3.88889,3.84603,3.93174,85.7
BOOST_REST,1270,0.72492,0.76,3.89832,3.85409,3.94254,88.45
BOOST_REST,1270,0.72492,0.77,3.90806,3.86198,3.95414,92.16
BOOST_REST,1270,0.72492,0.78,3.91831,3.87029,3.96634,96.05
BOOST_REST,1270,0.72492,0.79,3.92872,3.8784,3.97904,100.64
BOOST_REST,1270,0.72492,0.8,3.93954,3.88717,3.9919,104.72
BOOST_REST,1270,0.72492,0.81,3.95065,3.89631,4.00498,108.67
BOOST_REST,1270,0.72492,0.82,3.96199,3.90619,4.0178,111.6
BOOST_REST,1270,0.72492,0.83,3.97374,3.9171,4.03039,113.29
BOOST_REST,1270,0.72492,0.84,3.98528,3.9284,4.04216,113.77
BOOST_REST,1270,0.72492,0.85,3.99602,3.9406,4.05145,110.85
BOOST_REST,1270,0.72492,0.86,4.00544,3.95271,4.05817,105.46
BOOST_REST,1270,0.72492,0.87,4.01503,3.9653,4.06475,99.44
BOOST_REST,1270,0.72492,0.88,4.0248,3.97771,4.07188,94.17
BOOST_REST,1270,0.72492,0.89,4.03496,3.98963,4.08028,90.66
BOOST_REST,1270,0.72492,0.9,4.0443,4.00074,4.08786,87.12
BOOST_REST,1270,0.72492,0.91,4.05281,4.01095,4.09467,83.73
BOOST_REST,1270,0.72492,0.92,4.06078,4.01898,4.10257,83.59
BOOST_REST,1270,0.72492,0.93,4.06831,4.02538,4.11123,85.85
BOOST_REST,1270,0.72492,0.94,4.07707,4.03237,4.12178,89.4
BOOST_REST,1270,0.72492,0.95,4.08772,4.04117,4.13426,93.09
BOOST_REST,1270,0.72492,0.96,4.10015,4.05158,4.14872,97.15
BOOST_REST,1270,0.72492,0.97,4.11295,4.06158,4.16431,102.72
BOOST_REST,1270,0.72492,0.98,4.12697,4.07149,4.18246,110.97
BOOST_REST,1345,0.71454,0.26,3.04696,2.79182,3.3021,510.28
BOOST_REST,1345,0.71454,0.27,3.18082,2.9725,3.38914,416.64
BOOST_REST,1345,0.71454,0.28,3.24976,3.06054,3.43898,378.45
BOOST_REST,1345,0.71454,0.29,3.29009,3.11563,3.46456,348.93
BOOST_REST,1345,0.71454,0.3,3.31868,3.15725,3.48011,322.86
BOOST_REST,1345,0.71454,0.31,3.3433,3.1938,3.49279,298.99
BOOST_REST,1345,0.71454,0.32,3.36649,3.22808,3.5049,276.82
BOOST_REST,1345,0.71454,0.33,3.38916,3.26188,3.51644,254.56
BOOST_REST,1345,0.71454,0.34,3.41134,3.29493,3.52776,232.83
BOOST_REST,1345,0.71454,0.35,3.43215,3.32564,3.53866,213.02
BOOST_REST,1345,0.71454,0.36,3.45162,3.35424,3.549,194.76
BOOST_REST,1345,0.71454,0.37,3.46951,3.37974,3.55928,179.53
BOOST_REST,1345,0.71454,0.38,3.48562,3.40225,3.56899,166.73
BOOST_REST,1345,0.71454,0.39,3.50022,3.42185,3.5786,156.74
BOOST_REST,1345,0.71454,0.4,3.51383,3.43925,3.5884,149.15
BOOST_REST,1345,0.71454,0.41,3.52668,3.45535,3.59801,142.66
BOOST_REST,1345,0.71454,0.42,3.5391,3.47019,3.60802,137.83
BOOST_REST,1345,0.71454,0.43,3.55106,3.48412,3.618,133.88
BOOST_REST,1345,0.71454,0.44,3.56281,3.49729,3.62833,131.04
BOOST_REST,1345,0.71454,0.45,3.57429,3.50996,3.63862,128.66
BOOST_REST,1345,0.71454,0.46,3.58554,3.52175,3.64933,127.58
BOOST_REST,1345,0.71454,0.47,3.5966,3.53326,3.65994,126.68
BOOST_REST,1345,0.71454,0.48,3.60713,3.54401,3.67025,126.24
BOOST_REST,1345,0.71454,0.49,3.6175,3.55413,3.68088,126.74
BOOST_REST,1345,0.71454,0.5,3.62763,3.56408,3.69117,127.09
BOOST_REST,1345,0.71454,0.51,3.63783,3.57408,3.70158,127.5
BOOST_REST,1345,0.71454,0.52,3.64797,3.58386,3.71209,128.24
BOOST_REST,1345,0.71454,0.53,3.65797,3.59363,3.72231,128.68
BOOST_REST,1345,0.71454,0.54,3.66841,3.60382,3.73301,129.19
BOOST_REST,1345,0.71454,0.55,3.67882,3.61382,3.74381,129.99
BOOST_REST,1345,0.71454,0.56,3.68932,3.6244,3.75424,129.84
BOOST_REST,1345,0.71454,0.57,3.69989,3.63494,3.76483,129.89
BOOST_REST,1345,0.71454,0.58,3.71077,3.646,3.77553,129.53
BOOST_REST,1345,0.71454,0.59,3.72153,3.65722,3.78584,128.62
BOOST_REST,1345,0.71454,0.6,3.73209,3.66832,3.79586,127.54
BOOST_REST,1345,0.71454,0.61,3.74313,3.6802,3.80606,125.86
BOOST_REST,1345,0.71454,0.62,3.75394,3.69192,3.81597,124.05
BOOST_REST,1345,0.71454,0.63,3.76461,3.70394,3.82527,121.33
BOOST_REST,1345,0.71454,0.64,3.77554,3.71621,3.83487,118.66
BOOST_REST,1345,0.71454,0.65,3.78599,3.72797,3.844,116.03
BOOST_REST,1345,0.71454,0.66,3.79628,3.73956,3.853,113.44
BOOST_REST,1345,0.71454,0.67,3.80636,3.75102,3.8617,110.68
BOOST_REST,1345,0.71454,0.68,3.81588,3.76206,3.8697,107.64
BOOST_REST,1345,0.71454,0.69,3.82524,3.77269,3.8778,105.11
BOOST_REST,1345,0.71454,0.7,3.83428,3.78326,3.8853,102.04
BOOST_REST,1345,0.71454,0.71,3.84344,3.79378,3.8931,99.32
BOOST_REST,1345,0.71454,0.72,3.85241,3.80381,3.901,97.19
BOOST_REST,1345,0.71454,0.73,3.86172,3.8136,3.90983,96.23
BOOST_REST,1345,0.71454,0.74,3.87122,3.82341,3.91904,95.63
BOOST_REST,1345,0.71454,0.75,3.88068,3.83222,3.92914,96.92
BOOST_REST,1345,0.71454,0.76,3.89052,3.84111,3.93993,98.82
BOOST_REST,1345,0.71454,0.77,3.90019,3.84925,3.95114,101.89
BOOST_REST,1345,0.71454,0.78,3.91024,3.85713,3.96334,106.21
BOOST_REST,1345,0.71454,0.79,3.92049,3.86504,3.97593,110.89
BOOST_REST,1345,0.71454,0.8,3.93075,3.87286,3.98864,115.79
BOOST_REST,1345,0.71454,0.81,3.94161,3.88124,4.00199,120.75
BOOST_REST,1345,0.71454,0.82,3.95275,3.89062,4.01488,124.26
BOOST_REST,1345,0.71454,0.83,3.96392,3.90035,4.02749,127.14
BOOST_REST,1345,0.71454,0.84,3.9753,3.91113,4.03946,128.34
BOOST_REST,1345,0.71454,0.85,3.98599,3.92302,4.04896,125.94
BOOST_REST,1345,0.71454,0.86,3.99574,3.93554,4.05593,120.39
BOOST_REST,1345,0.71454,0.87,4.00528,3.94883,4.06173,112.9
BOOST_REST,1345,0.71454,0.88,4.01541,3.96235,4.06847,106.12
BOOST_REST,1345,0.71454,0.89,4.02603,3.97545,4.07661,101.16
BOOST_REST,1345,0.71454,0.9,4.03686,3.98815,4.08556,97.41
BOOST_REST,1345,0.71454,0.91,4.04687,4.00016,4.09358,93.42
BOOST_REST,1345,0.71454,0.92,4.05638,4.01067,4.10208,91.42
BOOST_REST,1345,0.71454,0.93,4.06519,4.01918,4.11121,92.03
BOOST_REST,1345,0.71454,0.94,4.07382,4.02539,4.12226,96.87
BOOST_REST,1345,0.71454,0.95,4.08323,4.03169,4.13478,103.09
BOOST_REST,1345,0.71454,0.96,4.09482,4.04009,4.14956,109.47
BOOST_REST,1345,0.71454,0.97,4.10906,4.05129,4.16682,115.54
BOOST_REST,1345,0.71454,0.98,4.12525,4.06409,4.1864,122.31
BOOST_NEGPULSE,72,0.98925,0.02,2.95178,2.86321,3.04035,177.14
BOOST_NEGPULSE,72,0.98925,0.03,3.09907,3.03613,3.16201,125.88
BOOST_NEGPULSE,72,0.98925,0.04,3.19419,3.14361,3.24476,101.15
BOOST_NEGPULSE,72,0.98925,0.05,3.26517,3.22278,3.30755,84.78
BOOST_NEGPULSE,72,0.98925,0.06,3.31902,3.2818,3.35624,74.44
BOOST_NEGPULSE,72,0.98925,0.07,3.35171,3.32022,3.3832,62.97
BOOST_NEGPULSE,72,0.98925,0.08,3.36977,3.3442,3.39533,51.13
BOOST_NEGPULSE,72,0.98925,0.09,3.38289,3.36065,3.40513,44.49
BOOST_NEGPULSE,72,0.98925,0.1,3.39353,3.37344,3.41362,40.18
BOOST_NEGPULSE,72,0.98925,0.11,3.40271,3.38402,3.4214,37.39
BOOST_NEGPULSE,72,0.98925,0.12,3.41094,3.39287,3.42902,36.15
BOOST_NEGPULSE,72,0.98925,0.13,3.41879,3.40069,3.43689,36.19
BOOST_NEGPULSE,72,0.98925,0.14,3.42673,3.40821,3.44524,37.02
BOOST_NEGPULSE,72,0.98925,0.15,3.43553,3.41621,3.45486,38.65
BOOST_NEGPULSE,72,0.98925,0.16,3.44609,3.42674,3.46544,38.7
BOOST_NEGPULSE,72,0.98925,0.17,3.45843,3.43996,3.47689,36.93
BOOST_NEGPULSE,72,0.98925,0.18,3.47078,3.45291,3.48864,35.74
BOOST_NEGPULSE,72,0.98925,0.19,3.48271,3.46523,3.50018,34.95
BOOST_NEGPULSE,72,0.98925,0.2,3.49465,3.47672,3.51258,35.86
BOOST_NEGPULSE,72,0.98925,0.21,3.50566,3.48733,3.52398,36.65
BOOST_NEGPULSE,72,0.98925,0.22,3.51602,3.49698,3.53507,38.09
BOOST_NEGPULSE,72,0.98925,0.23,3.52646,3.50663,3.54628,39.65
BOOST_NEGPULSE,72,0.98925,0.24,3.53731,3.51642,3.5582,41.78
BOOST_NEGPULSE,72,0.98925,0.25,3.54708,3.52573,3.56843,42.7
BOOST_NEGPULSE,72,0.98925,0.26,3.55588,3.53501,3.57675,41.74
BOOST_NEGPULSE,72,0.98925,0.27,3.56415,3.54371,3.58459,40.88
BOOST_NEGPULSE,72,0.98925,0.28,3.57178,3.55166,3.59189,40.24
BOOST_NEGPULSE,72,0.98925,0.29,3.57905,3.55926,3.59883,39.58
BOOST_NEGPULSE,72,0.98925,0.3,3.58609,3.56662,3.60556,38.94
BOOST_NEGPULSE,72,0.98925,0.31,3.59263,3.57356,3.6117,38.14
BOOST_NEGPULSE,72,0.98925,0.32,3.59903,3.58023,3.61783,37.61
BOOST_NEGPULSE,72,0.98925,0.33,3.60545,3.58693,3.62398,37.05
BOOST_NEGPULSE,72,0.98925,0.34,3.61163,3.59345,3.62982,36.37
BOOST_NEGPULSE,72,0.98925,0.35,3.61784,3.59968,3.636,36.32
BOOST_NEGPULSE,72,0.98925,0.36,3.62403,3.60608,3.64198,35.9
BOOST_NEGPULSE,72,0.98925,0.37,3.63027,3.61252,3.64802,35.5
BOOST_NEGPULSE,72,0.98925,0.38,3.63654,3.61877,3.6543,35.53
BOOST_NEGPULSE,72,0.98925,0.39,3.64289,3.62527,3.66052,35.25
BOOST_NEGPULSE,72,0.98925,0.4,3.6496,3.63207,3.66712,35.05
BOOST_NEGPULSE,72,0.98925,0.41,3.65645,3.6388,3.6741,35.3
BOOST_NEGPULSE,72,0.98925,0.42,3.66347,3.64592,3.68102,35.1
BOOST_NEGPULSE,72,0.98925,0.43,3.67114,3.65356,3.68872,35.16
BOOST_NEGPULSE,72,0.98925,0.44,3.67896,3.6613,3.69662,35.32
BOOST_NEGPULSE,72,0.98925,0.45,3.68718,3.66944,3.70492,35.48
BOOST_NEGPULSE,72,0.98925,0.46,3.69596,3.67824,3.71368,35.44
BOOST_NEGPULSE,72,0.98925,0.47,3.705,3.68708,3.72292,35.84
BOOST_NEGPULSE,72,0.98925,0.48,3.71443,3.69653,3.73232,35.79
BOOST_NEGPULSE,72,0.98925,0.49,3.72424,3.70623,3.74226,36.03
BOOST_NEGPULSE,72,0.98925,0.5,3.734,3.71587,3.75214,36.27
BOOST_NEGPULSE,72,0.98925,0.51,3.74385,3.7257,3.762,36.3
BOOST_NEGPULSE,72,0.98925,0.52,3.75383,3.73561,3.77206,36.45
BOOST_NEGPULSE,72,0.98925,0.53,3.76344,3.74511,3.78176,36.65
BOOST_NEGPULSE,72,0.98925,0.54,3.77303,3.75458,3.79148,36.9
BOOST_NEGPULSE,72,0.98925,0.55,3.78275,3.76416,3.80134,37.18
BOOST_NEGPULSE,72,0.98925,0.56,3.79225,3.77341,3.81108,37.67
BOOST_NEGPULSE,72,0.98925,0.57,3.80208,3.78277,3.82139,38.63
BOOST_NEGPULSE,72,0.98925,0.58,3.8122,3.7925,3.83189,39.39
BOOST_NEGPULSE,72,0.98925,0.59,3.82247,3.80215,3.84279,40.64
BOOST_NEGPULSE,72,0.98925,0.6,3.83292,3.81189,3.85396,42.08
BOOST_NEGPULSE,72,0.98925,0.61,3.84341,3.8218,3.86502,43.21
BOOST_NEGPULSE,72,0.98925,0.62,3.85342,3.83185,3.87499,43.14
BOOST_NEGPULSE,72,0.98925,0.63,3.86329,3.84187,3.88472,42.84
BOOST_NEGPULSE,72,0.98925,0.64,3.87294,3.85207,3.89382,41.75
BOOST_NEGPULSE,72,0.98925,0.65,3.88201,3.8622,3.90182,39.62
BOOST_NEGPULSE,72,0.98925,0.66,3.89028,3.87142,3.90914,37.72
BOOST_NEGPULSE,72,0.98925,0.67,3.89791,3.88028,3.91554,35.27
BOOST_NEGPULSE,72,0.98925,0.68,3.90557,3.88889,3.92224,33.35
BOOST_NEGPULSE,72,0.98925,0.69,3.91297,3.89692,3.92902,32.1
BOOST_NEGPULSE,72,0.98925,0.7,3.92077,3.90518,3.93637,31.19
BOOST_NEGPULSE,72,0.98925,0.71,3.92943,3.91419,3.94467,30.48
BOOST_NEGPULSE,72,0.98925,0.72,3.9384,3.92331,3.95349,30.19
BOOST_NEGPULSE,72,0.98925,0.73,3.94845,3.93341,3.96349,30.09
BOOST_NEGPULSE,72,0.98925,0.74,3.95922,3.9442,3.97424,30.04
BOOST_NEGPULSE,72,0.98925,0.75,3.97059,3.95553,3.98564,30.11
BOOST_NEGPULSE,72,0.98925,0.76,3.98292,3.96777,3.99806,30.29
BOOST_NEGPULSE,72,0.98925,0.77,3.99545,3.98043,4.01046,30.03
BOOST_NEGPULSE,72,0.98925,0.78,4.00804,3.99292,4.02316,30.25
BOOST_NEGPULSE,72,0.98925,0.79,4.02015,4.0051,4.03519,30.09
BOOST_NEGPULSE,72,0.98925,0.8,4.03161,4.01667,4.04654,29.87
BOOST_NEGPULSE,72,0.98925,0.81,4.04223,4.02717,4.05729,30.12
BOOST_NEGPULSE,72,0.98925,0.82,4.05184,4.03697,4.0667,29.72
BOOST_NEGPULSE,72,0.98925,0.83,4.06009,4.04585,4.07434,28.5
BOOST_NEGPULSE,72,0.98925,0.84,4.06652,4.05294,4.0801,27.15
BOOST_NEGPULSE,72,0.98925,0.85,4.07068,4.05789,4.08347,25.59
BOOST_NEGPULSE,72,0.98925,0.86,4.07374,4.0613,4.08617,24.87
BOOST_NEGPULSE,72,0.98925,0.87,4.07635,4.0642,4.0885,24.3
BOOST_NEGPULSE,72,0.98925,0.88,4.07858,4.06647,4.09068,24.21
BOOST_NEGPULSE,72,0.98925,0.89,4.08104,4.06873,4.09336,24.63
BOOST_NEGPULSE,72,0.98925,0.9,4.08369,4.0714,4.09598,24.58
BOOST_NEGPULSE,72,0.98925,0.91,4.08681,4.07433,4.09928,24.96
BOOST_NEGPULSE,72,0.98925,0.92,4.09016,4.07743,4.10288,25.46
BOOST_NEGPULSE,72,0.98925,0.93,4.09458,4.0816,4.10757,25.97
BOOST_NEGPULSE,72,0.98925,0.94,4.10001,4.08657,4.11344,26.87
BOOST_NEGPULSE,72,0.98925,0.95,4.10681,4.093,4.12062,27.62
BOOST_NEGPULSE,72,0.98925,0.96,4.11604,4.1017,4.13038,28.68
BOOST_NEGPULSE,72,0.98925,0.97,4.12796,4.11318,4.14274,29.55
BOOST_NEGPULSE,72,0.98925,0.98,4.14388,4.12858,4.15918,30.59
BOOST_NEGPULSE,72,0.98925,0.99,4.16515,4.14989,4.1804,30.51
BOOST_NEGPULSE,145,0.97731,0.02,2.90717,2.82698,2.98736,160.38
BOOST_NEGPULSE,145,0.97731,0.03,3.07631,3.02315,3.12948,106.33
BOOST_NEGPULSE,145,0.97731,0.04,3.17792,3.13512,3.22072,85.6
BOOST_NEGPULSE,145,0.97731,0.05,3.25222,3.21619,3.28825,72.05
BOOST_NEGPULSE,145,0.97731,0.06,3.30896,3.27669,3.34122,64.53
BOOST_NEGPULSE,145,0.97731,0.07,3.34598,3.31663,3.37533,58.7
BOOST_NEGPULSE,145,0.97731,0.08,3.36672,3.34332,3.39012,46.81
BOOST_NEGPULSE,145,0.97731,0.09,3.38161,3.36217,3.40106,38.89
BOOST_NEGPULSE,145,0.97731,0.1,3.39366,3.37663,3.41068,34.05
BOOST_NEGPULSE,145,0.97731,0.11,3.4035,3.3877,3.41931,31.61
BOOST_NEGPULSE,145,0.97731,0.12,3.41212,3.39711,3.42714,30.03
BOOST_NEGPULSE,145,0.97731,0.13,3.42033,3.40557,3.43509,29.51
BOOST_NEGPULSE,145,0.97731,0.14,3.42825,3.41346,3.44304,29.58
BOOST_NEGPULSE,145,0.97731,0.15,3.43678,3.42168,3.45189,30.2
BOOST_NEGPULSE,145,0.97731,0.16,3.44643,3.43111,3.46176,30.65
BOOST_NEGPULSE,145,0.97731,0.17,3.45739,3.4424,3.47239,29.99
BOOST_NEGPULSE,145,0.97731,0.18,3.46918,3.45444,3.48391,29.47
BOOST_NEGPULSE,145,0.97731,0.19,3.48123,3.46662,3.49584,29.22
BOOST_NEGPULSE,145,0.97731,0.2,3.49277,3.47787,3.50766,29.79
BOOST_NEGPULSE,145,0.97731,0.21,3.50396,3.48866,3.51927,30.6
BOOST_NEGPULSE,145,0.97731,0.22,3.51461,3.49847,3.53074,32.27
BOOST_NEGPULSE,145,0.97731,0.23,3.52517,3.50827,3.54207,33.79
BOOST_NEGPULSE,145,0.97731,0.24,3.5356,3.51804,3.55317,35.13
BOOST_NEGPULSE,145,0.97731,0.25,3.54553,3.52746,3.5636,36.14
BOOST_NEGPULSE,145,0.97731,0.26,3.55483,3.53696,3.5727,35.74
BOOST_NEGPULSE,145,0.97731,0.27,3.56358,3.54586,3.5813,35.43
BOOST_NEGPULSE,145,0.97731,0.28,3.57189,3.55476,3.58902,34.26
BOOST_NEGPULSE,145,0.97731,0.29,3.57984,3.56324,3.59645,33.21
BOOST_NEGPULSE,145,0.97731,0.3,3.58719,3.57117,3.6032,32.03
BOOST_NEGPULSE,145,0.97731,0.31,3.59449,3.57914,3.60985,30.71
BOOST_NEGPULSE,145,0.97731,0.32,3.60141,3.58646,3.61635,29.89
BOOST_NEGPULSE,145,0.97731,0.33,3.60812,3.59374,3.6225,28.76
BOOST_NEGPULSE,145,0.97731,0.34,3.61455,3.60045,3.62865,28.2
BOOST_NEGPULSE,145,0.97731,0.35,3.62098,3.60725,3.6347,27.46
BOOST_NEGPULSE,145,0.97731,0.36,3.6273,3.61382,3.64078,26.96
BOOST_NEGPULSE,145,0.97731,0.37,3.63361,3.62014,3.64708,26.94
BOOST_NEGPULSE,145,0.97731,0.38,3.63986,3.62663,3.65308,26.45
BOOST_NEGPULSE,145,0.97731,0.39,3.64619,3.63286,3.65953,26.68
BOOST_NEGPULSE,145,0.97731,0.4,3.65291,3.63964,3.66618,26.54
BOOST_NEGPULSE,145,0.97731,0.41,3.6595,3.64615,3.67286,26.71
BOOST_NEGPULSE,145,0.97731,0.42,3.66668,3.65326,3.68011,26.85
BOOST_NEGPULSE,145,0.97731,0.43,3.6741,3.66055,3.68766,27.11
BOOST_NEGPULSE,145,0.97731,0.44,3.68174,3.66806,3.69543,27.38
BOOST_NEGPULSE,145,0.97731,0.45,3.68999,3.67607,3.70391,27.84
BOOST_NEGPULSE,145,0.97731,0.46,3.69855,3.68457,3.71253,27.96
BOOST_NEGPULSE,145,0.97731,0.47,3.70772,3.69356,3.72188,28.32
BOOST_NEGPULSE,145,0.97731,0.48,3.71704,3.70256,3.73151,28.94
BOOST_NEGPULSE,145,0.97731,0.49,3.72676,3.71236,3.74116,28.79
BOOST_NEGPULSE,145,0.97731,0.5,3.73652,3.72196,3.75108,29.13
BOOST_NEGPULSE,145,0.97731,0.51,3.74645,3.73164,3.76126,29.62
BOOST_NEGPULSE,145,0.97731,0.52,3.75642,3.74153,3.77131,29.78
BOOST_NEGPULSE,145,0.97731,0.53,3.76617,3.75123,3.78111,29.88
BOOST_NEGPULSE,145,0.97731,0.54,3.77585,3.76063,3.79106,30.43
BOOST_NEGPULSE,145,0.97731,0.55,3.78567,3.77043,3.80091,30.48
BOOST_NEGPULSE,145,0.97731,0.56,3.79532,3.77993,3.81071,30.78
BOOST_NEGPULSE,145,0.97731,0.57,3.80535,3.78983,3.82086,31.03
BOOST_NEGPULSE,145,0.97731,0.58,3.81564,3.80014,3.83113,30.99
BOOST_NEGPULSE,145,0.97731,0.59,3.82638,3.81104,3.84172,30.68
BOOST_NEGPULSE,145,0.97731,0.6,3.83721,3.82184,3.85258,30.74
BOOST_NEGPULSE,145,0.97731,0.61,3.84823,3.83324,3.86322,29.98
BOOST_NEGPULSE,145,0.97731,0.62,3.85888,3.84454,3.87322,28.68
BOOST_NEGPULSE,145,0.97731,0.63,3.86927,3.85554,3.883,27.46
BOOST_NEGPULSE,145,0.97731,0.64,3.87915,3.86634,3.89196,25.62
BOOST_NEGPULSE,145,0.97731,0.65,3.88805,3.87603,3.90008,24.05
BOOST_NEGPULSE,145,0.97731,0.66,3.89629,3.88493,3.90766,22.73
BOOST_NEGPULSE,145,0.97731,0.67,3.90385,3.89292,3.91478,21.86
BOOST_NEGPULSE,145,0.97731,0.68,3.91091,3.90032,3.9215,21.18
BOOST_NEGPULSE,145,0.97731,0.69,3.9181,3.90782,3.92838,20.56
BOOST_NEGPULSE,145,0.97731,0.7,3.92564,3.91522,3.93606,20.84
BOOST_NEGPULSE,145,0.97731,0.71,3.93368,3.92333,3.94404,20.71
BOOST_NEGPULSE,145,0.97731,0.72,3.94267,3.93222,3.95312,20.9
BOOST_NEGPULSE,145,0.97731,0.73,3.95227,3.94163,3.96292,21.29
BOOST_NEGPULSE,145,0.97731,0.74,3.96294,3.95213,3.97376,21.63
BOOST_NEGPULSE,145,0.97731,0.75,3.97423,3.96313,3.98532,22.19
BOOST_NEGPULSE,145,0.97731,0.76,3.98636,3.97523,3.99748,22.25
BOOST_NEGPULSE,145,0.97731,0.77,3.99901,3.98772,4.0103,22.58
BOOST_NEGPULSE,145,0.97731,0.78,4.01147,4.00023,4.0227,22.47
BOOST_NEGPULSE,145,0.97731,0.79,4.02395,4.01273,4.03516,22.43
BOOST_NEGPULSE,145,0.97731,0.8,4.03549,4.02442,4.04656,22.14
BOOST_NEGPULSE,145,0.97731,0.81,4.04611,4.03482,4.0574,22.58
BOOST_NEGPULSE,145,0.97731,0.82,4.0559,4.04491,4.06688,21.97
BOOST_NEGPULSE,145,0.97731,0.83,4.06412,4.05371,4.07452,20.81
BOOST_NEGPULSE,145,0.97731,0.84,4.07075,4.06111,4.0804,19.29
BOOST_NEGPULSE,145,0.97731,0.85,4.07484,4.066,4.08368,17.68
BOOST_NEGPULSE,145,0.97731,0.86,4.07762,4.06901,4.08624,17.23
BOOST_NEGPULSE,145,0.97731,0.87,4.08019,4.0717,4.08868,16.98
BOOST_NEGPULSE,145,0.97731,0.88,4.08233,4.0738,4.09086,17.06
BOOST_NEGPULSE,145,0.97731,0.89,4.08478,4.07601,4.09356,17.55
BOOST_NEGPULSE,145,0.97731,0.9,4.08744,4.0787,4.09618,17.48
BOOST_NEGPULSE,145,0.97731,0.91,4.09035,4.0812,4.0995,18.3
BOOST_NEGPULSE,145,0.97731,0.92,4.09398,4.0847,4.10326,18.56
BOOST_NEGPULSE,145,0.97731,0.93,4.09816,4.0885,4.10782,19.32
BOOST_NEGPULSE,145,0.97731,0.94,4.10375,4.0937,4.1138,20.1
BOOST_NEGPULSE,145,0.97731,0.95,4.11048,4.1,4.12096,20.96
BOOST_NEGPULSE,145,0.97731,0.96,4.11958,4.1084,4.13076,22.35
BOOST_NEGPULSE,145,0.97731,0.97,4.13156,4.12,4.14311,23.11
BOOST_NEGPULSE,145,0.97731,0.98,4.14726,4.135,4.15951,24.51
BOOST_NEGPULSE,145,0.97731,0.99,4.16796,4.1556,4.18033,24.73
BOOST_NEGPULSE,220,0.96417,0.03,2.97116,2.8988,3.04352,144.72
BOOST_NEGPULSE,220,0.96417,0.04,3.11096,3.0577,3.16422,106.52
BOOST_NEGPULSE,220,0.96417,0.05,3.20239,3.1582,3.24658,88.38
BOOST_NEGPULSE,220,0.96417,0.06,3.26952,3.2304,3.30864,78.24
BOOST_NEGPULSE,220,0.96417,0.07,3.31896,3.2813,3.35661,75.31
BOOST_NEGPULSE,220,0.96417,0.08,3.34807,3.3155,3.38064,65.14
BOOST_NEGPULSE,220,0.96417,0.09,3.36715,3.3411,3.39321,52.11
BOOST_NEGPULSE,220,0.96417,0.1,3.38269,3.3611,3.40429,43.19
BOOST_NEGPULSE,220,0.96417,0.11,3.39533,3.3765,3.41417,37.67
BOOST_NEGPULSE,220,0.96417,0.12,3.40603,3.3889,3.42317,34.27
BOOST_NEGPULSE,220,0.96417,0.13,3.41538,3.3991,3.43167,32.57
BOOST_NEGPULSE,220,0.96417,0.14,3.42417,3.4085,3.43985,31.35
BOOST_NEGPULSE,220,0.96417,0.15,3.43285,3.4173,3.44839,31.09
BOOST_NEGPULSE,220,0.96417,0.16,3.44187,3.4263,3.45745,31.15
BOOST_NEGPULSE,220,0.96417,0.17,3.45182,3.4363,3.46734,31.04
BOOST_NEGPULSE,220,0.96417,0.18,3.46279,3.4473,3.47827,30.97
BOOST_NEGPULSE,220,0.96417,0.19,3.47442,3.4592,3.48964,30.44
BOOST_NEGPULSE,220,0.96417,0.2,3.4861,3.4706,3.5016,31.0
BOOST_NEGPULSE,220,0.96417,0.21,3.49711,3.4812,3.51302,31.82
BOOST_NEGPULSE,220,0.96417,0.22,3.50817,3.4917,3.52464,32.94
BOOST_NEGPULSE,220,0.96417,0.23,3.51885,3.5014,3.5363,34.9
BOOST_NEGPULSE,220,0.96417,0.24,3.52934,3.5114,3.54728,35.88
BOOST_NEGPULSE,220,0.96417,0.25,3.5393,3.5209,3.5577,36.8
BOOST_NEGPULSE,220,0.96417,0.26,3.54879,3.5305,3.56708,36.58
BOOST_NEGPULSE,220,0.96417,0.27,3.55784,3.5396,3.57608,36.48
BOOST_NEGPULSE,220,0.96417,0.28,3.56658,3.5485,3.58466,36.16
BOOST_NEGPULSE,220,0.96417,0.29,3.57491,3.5573,3.59251,35.21
BOOST_NEGPULSE,220,0.96417,0.3,3.58262,3.5655,3.59974,34.24
BOOST_NEGPULSE,220,0.96417,0.31,3.59032,3.5737,3.60694,33.24
BOOST_NEGPULSE,220,0.96417,0.32,3.59742,3.5813,3.61354,32.24
BOOST_NEGPULSE,220,0.96417,0.33,3.60444,3.5888,3.62009,31.29
BOOST_NEGPULSE,220,0.96417,0.34,3.61135,3.5961,3.62659,30.49
BOOST_NEGPULSE,220,0.96417,0.35,3.61782,3.6029,3.63274,29.84
BOOST_NEGPULSE,220,0.96417,0.36,3.62446,3.6098,3.63912,29.32
BOOST_NEGPULSE,220,0.96417,0.37,3.63082,3.6164,3.64524,28.84
BOOST_NEGPULSE,220,0.96417,0.38,3.63727,3.6229,3.65164,28.74
BOOST_NEGPULSE,220,0.96417,0.39,3.64376,3.6296,3.65792,28.32
BOOST_NEGPULSE,220,0.96417,0.4,3.65043,3.6363,3.66457,28.27
BOOST_NEGPULSE,220,0.96417,0.41,3.65725,3.643,3.6715,28.5
BOOST_NEGPULSE,220,0.96417,0.42,3.66428,3.6501,3.67847,28.37
BOOST_NEGPULSE,220,0.96417,0.43,3.67163,3.6572,3.68607,28.87
BOOST_NEGPULSE,220,0.96417,0.44,3.67928,3.6647,3.69387,29.17
BOOST_NEGPULSE,220,0.96417,0.45,3.6876,3.673,3.70219,29.19
BOOST_NEGPULSE,220,0.96417,0.46,3.69607,3.6811,3.71104,29.94
BOOST_NEGPULSE,220,0.96417,0.47,3.7051,3.6901,3.72009,29.99
BOOST_NEGPULSE,220,0.96417,0.48,3.71456,3.6993,3.72982,30.52
BOOST_NEGPULSE,220,0.96417,0.49,3.72423,3.7088,3.73967,30.87
BOOST_NEGPULSE,220,0.96417,0.5,3.73406,3.7185,3.74962,31.12
BOOST_NEGPULSE,220,0.96417,0.51,3.74426,3.7286,3.75992,31.32
BOOST_NEGPULSE,220,0.96417,0.52,3.75416,3.7384,3.76992,31.52
BOOST_NEGPULSE,220,0.96417,0.53,3.76421,3.7483,3.78012,31.82
BOOST_NEGPULSE,220,0.96417,0.54,3.77411,3.7583,3.78992,31.62
BOOST_NEGPULSE,220,0.96417,0.55,3.7841,3.7681,3.80009,31.99
BOOST_NEGPULSE,220,0.96417,0.56,3.79386,3.7778,3.80992,32.12
BOOST_NEGPULSE,220,0.96417,0.57,3.80409,3.7881,3.82008,31.98
BOOST_NEGPULSE,220,0.96417,0.58,3.81438,3.7983,3.83047,32.17
BOOST_NEGPULSE,220,0.96417,0.59,3.82485,3.809,3.84071,31.71
BOOST_NEGPULSE,220,0.96417,0.6,3.83545,3.8199,3.851,31.1
BOOST_NEGPULSE,220,0.96417,0.61,3.84576,3.8305,3.86102,30.52
BOOST_NEGPULSE,220,0.96417,0.62,3.85615,3.8415,3.87081,29.31
BOOST_NEGPULSE,220,0.96417,0.63,3.86625,3.8522,3.8803,28.1
BOOST_NEGPULSE,220,0.96417,0.64,3.87568,3.8622,3.88915,26.95
BOOST_NEGPULSE,220,0.96417,0.65,3.8849,3.8721,3.8977,25.6
BOOST_NEGPULSE,220,0.96417,0.66,3.89322,3.8811,3.90534,24.24
BOOST_NEGPULSE,220,0.96417,0.67,3.90115,3.8895,3.9128,23.3
BOOST_NEGPULSE,220,0.96417,0.68,3.90871,3.8974,3.92001,22.61
BOOST_NEGPULSE,220,0.96417,0.69,3.916,3.9049,3.9271,22.2
BOOST_NEGPULSE,220,0.96417,0.7,3.92378,3.9128,3.93475,21.95
BOOST_NEGPULSE,220,0.96417,0.71,3.93195,3.9207,3.9432,22.5
BOOST_NEGPULSE,220,0.96417,0.72,3.94085,3.9296,3.9521,22.5
BOOST_NEGPULSE,220,0.96417,0.73,3.95041,3.9389,3.96192,23.02
BOOST_NEGPULSE,220,0.96417,0.74,3.96091,3.9491,3.97272,23.62
BOOST_NEGPULSE,220,0.96417,0.75,3.97225,3.9603,3.98421,23.91
BOOST_NEGPULSE,220,0.96417,0.76,3.98435,3.972,3.99671,24.71
BOOST_NEGPULSE,220,0.96417,0.77,3.99694,3.9845,4.00938,24.88
BOOST_NEGPULSE,220,0.96417,0.78,4.00955,3.997,4.02211,25.11
BOOST_NEGPULSE,220,0.96417,0.79,4.02204,4.0094,4.03468,25.28
BOOST_NEGPULSE,220,0.96417,0.8,4.03385,4.0214,4.0463,24.9
BOOST_NEGPULSE,220,0.96417,0.81,4.0444,4.0318,4.05701,25.21
BOOST_NEGPULSE,220,0.96417,0.82,4.05447,4.0421,4.06684,24.74
BOOST_NEGPULSE,220,0.96417,0.83,4.06296,4.0512,4.07472,23.52
BOOST_NEGPULSE,220,0.96417,0.84,4.06974,4.059,4.08048,21.48
BOOST_NEGPULSE,220,0.96417,0.85,4.07414,4.0645,4.08378,19.28
BOOST_NEGPULSE,220,0.96417,0.86,4.07743,4.0683,4.08656,18.26
BOOST_NEGPULSE,220,0.96417,0.87,4.07973,4.0707,4.08876,18.06
BOOST_NEGPULSE,220,0.96417,0.88,4.08208,4.0729,4.09126,18.36
BOOST_NEGPULSE,220,0.96417,0.89,4.08448,4.0753,4.09366,18.36
BOOST_NEGPULSE,220,0.96417,0.9,4.08708,4.0775,4.09666,19.16
BOOST_NEGPULSE,220,0.96417,0.91,4.09005,4.0803,4.0998,19.5
BOOST_NEGPULSE,220,0.96417,0.92,4.09353,4.0833,4.10376,20.46
BOOST_NEGPULSE,220,0.96417,0.93,4.0978,4.0871,4.1085,21.4
BOOST_NEGPULSE,220,0.96417,0.94,4.1032,4.092,4.11439,22.39
BOOST_NEGPULSE,220,0.96417,0.95,4.11011,4.0982,4.12202,23.82
BOOST_NEGPULSE,220,0.96417,0.96,4.11381,4.1061,4.12152,15.42
BOOST_NEGPULSE,220,0.96417,0.97,4.12746,4.1172,4.13771,20.51
BOOST_NEGPULSE,220,0.96417,0.98,4.14382,4.1318,4.15584,24.04
BOOST_NEGPULSE,220,0.96417,0.99,4.16477,4.1522,4.17734,25.14
BOOST_NEGPULSE,295,0.95127,0.04,3.01139,2.9253,3.09748,172.18
BOOST_NEGPULSE,295,0.95127,0.05,3.13613,3.071,3.20126,130.26
BOOST_NEGPULSE,295,0.95127,0.06,3.21996,3.1649,3.27501,110.11
BOOST_NEGPULSE,295,0.95127,0.07,3.28197,3.2322,3.33173,99.53
BOOST_NEGPULSE,295,0.95127,0.08,3.32439,3.2787,3.37007,91.37
BOOST_NEGPULSE,295,0.95127,0.09,3.34932,3.3119,3.38674,74.84
BOOST_NEGPULSE,295,0.95127,0.1,3.36862,3.3387,3.39854,59.84
BOOST_NEGPULSE,295,0.95127,0.11,3.38497,3.3608,3.40914,48.34
BOOST_NEGPULSE,295,0.95127,0.12,3.39857,3.3778,3.41934,41.54
BOOST_NEGPULSE,295,0.95127,0.13,3.40987,3.3912,3.42855,37.35
BOOST_NEGPULSE,295,0.95127,0.14,3.41987,3.4026,3.43714,34.54
BOOST_NEGPULSE,295,0.95127,0.15,3.42902,3.4123,3.44575,33.45
BOOST_NEGPULSE,295,0.95127,0.16,3.438,3.4217,3.4543,32.6
BOOST_NEGPULSE,295,0.95127,0.17,3.44725,3.4309,3.4636,32.7
BOOST_NEGPULSE,295,0.95127,0.18,3.4573,3.4408,3.4738,33.0
BOOST_NEGPULSE,295,0.95127,0.19,3.4684,3.4522,3.4846,32.4
BOOST_NEGPULSE,295,0.95127,0.2,3.47978,3.4635,3.49605,32.55
BOOST_NEGPULSE,295,0.95127,0.21,3.49105,3.4746,3.5075,32.9
BOOST_NEGPULSE,295,0.95127,0.22,3.50218,3.4851,3.51925,34.15
BOOST_NEGPULSE,295,0.95127,0.23,3.5131,3.4955,3.5307,35.2
BOOST_NEGPULSE,295,0.95127,0.24,3.5235,3.5053,3.54171,36.41
BOOST_NEGPULSE,295,0.95127,0.25,3.5336,3.5151,3.55211,37.01
BOOST_NEGPULSE,295,0.95127,0.26,3.543,3.5244,3.56161,37.21
BOOST_NEGPULSE,295,0.95127,0.27,3.55218,3.5334,3.57096,37.56
BOOST_NEGPULSE,295,0.95127,0.28,3.56118,3.5426,3.57976,37.16
BOOST_NEGPULSE,295,0.95127,0.29,3.56968,3.5513,3.58806,36.76
BOOST_NEGPULSE,295,0.95127,0.3,3.57793,3.5598,3.59606,36.26
BOOST_NEGPULSE,295,0.95127,0.31,3.58585,3.5683,3.60341,35.11
BOOST_NEGPULSE,295,0.95127,0.32,3.59336,3.5761,3.61061,34.51
BOOST_NEGPULSE,295,0.95127,0.33,3.60071,3.584,3.61741,33.41
BOOST_NEGPULSE,295,0.95127,0.34,3.60778,3.5914,3.62416,32.76
BOOST_NEGPULSE,295,0.95127,0.35,3.6146,3.5985,3.63071,32.21
BOOST_NEGPULSE,295,0.95127,0.36,3.62145,3.6058,3.63711,31.31
BOOST_NEGPULSE,295,0.95127,0.37,3.62808,3.6126,3.64356,30.96
BOOST_NEGPULSE,295,0.95127,0.38,3.63461,3.6193,3.64991,30.61
BOOST_NEGPULSE,295,0.95127,0.39,3.64136,3.6262,3.65651,30.31
BOOST_NEGPULSE,295,0.95127,0.4,3.64803,3.6328,3.66326,30.46
BOOST_NEGPULSE,295,0.95127,0.41,3.65488,3.6398,3.66996,30.16
BOOST_NEGPULSE,295,0.95127,0.42,3.66206,3.6468,3.67731,30.51
BOOST_NEGPULSE,295,0.95127,0.43,3.66931,3.654,3.68461,30.61
BOOST_NEGPULSE,295,0.95127,0.44,3.67718,3.6618,3.69257,30.77
BOOST_NEGPULSE,295,0.95127,0.45,3.68516,3.6694,3.70092,31.52
BOOST_NEGPULSE,295,0.95127,0.46,3.69376,3.678,3.70952,31.52
BOOST_NEGPULSE,295,0.95127,0.47,3.70271,3.6866,3.71882,32.22
BOOST_NEGPULSE,295,0.95127,0.48,3.71216,3.6958,3.72852,32.72
BOOST_NEGPULSE,295,0.95127,0.49,3.72182,3.7053,3.73834,33.04
BOOST_NEGPULSE,295,0.95127,0.5,3.73188,3.7152,3.74856,33.36
BOOST_NEGPULSE,295,0.95127,0.51,3.74212,3.7254,3.75885,33.45
BOOST_NEGPULSE,295,0.95127,0.52,3.75225,3.7356,3.7689,33.3
BOOST_NEGPULSE,295,0.95127,0.53,3.76247,3.7456,3.77935,33.75
BOOST_NEGPULSE,295,0.95127,0.54,3.77262,3.7559,3.78935,33.45
BOOST_NEGPULSE,295,0.95127,0.55,3.78275,3.7659,3.7996,33.7
BOOST_NEGPULSE,295,0.95127,0.56,3.79277,3.776,3.80955,33.55
BOOST_NEGPULSE,295,0.95127,0.57,3.80307,3.7863,3.81985,33.55
BOOST_NEGPULSE,295,0.95127,0.58,3.81322,3.7966,3.82984,33.24
BOOST_NEGPULSE,295,0.95127,0.59,3.8234,3.807,3.8398,32.8
BOOST_NEGPULSE,295,0.95127,0.6,3.8337,3.8175,3.8499,32.4
BOOST_NEGPULSE,295,0.95127,0.61,3.8437,3.8278,3.8596,31.8
BOOST_NEGPULSE,295,0.95127,0.62,3.85347,3.8381,3.86885,30.75
BOOST_NEGPULSE,295,0.95127,0.63,3.86302,3.8481,3.87795,29.85
BOOST_NEGPULSE,295,0.95127,0.64,3.87227,3.8577,3.88684,29.14
BOOST_NEGPULSE,295,0.95127,0.65,3.88135,3.8675,3.89519,27.69
BOOST_NEGPULSE,295,0.95127,0.66,3.89002,3.8766,3.90344,26.84
BOOST_NEGPULSE,295,0.95127,0.67,3.89824,3.8854,3.91108,25.68
BOOST_NEGPULSE,295,0.95127,0.68,3.90607,3.8938,3.91834,24.54
BOOST_NEGPULSE,295,0.95127,0.69,3.9137,3.9015,3.92589,24.39
BOOST_NEGPULSE,295,0.95127,0.7,3.92147,3.9095,3.93344,23.94
BOOST_NEGPULSE,295,0.95127,0.71,3.92965,3.9173,3.94199,24.69
BOOST_NEGPULSE,295,0.95127,0.72,3.93857,3.9262,3.95095,24.75
BOOST_NEGPULSE,295,0.95127,0.73,3.94821,3.9354,3.96102,25.62
BOOST_NEGPULSE,295,0.95127,0.74,3.9586,3.9454,3.9718,26.4
BOOST_NEGPULSE,295,0.95127,0.75,3.96991,3.9564,3.98342,27.02
BOOST_NEGPULSE,295,0.95127,0.76,3.98185,3.9679,3.9958,27.9
BOOST_NEGPULSE,295,0.95127,0.77,3.99428,3.9801,4.00846,28.36
BOOST_NEGPULSE,295,0.95127,0.78,4.00715,3.9927,4.0216,28.9
BOOST_NEGPULSE,295,0.95127,0.79,4.01947,4.005,4.03394,28.94
BOOST_NEGPULSE,295,0.95127,0.8,4.03145,4.0169,4.046,29.1
BOOST_NEGPULSE,295,0.95127,0.81,4.04223,4.0276,4.05686,29.26
BOOST_NEGPULSE,295,0.95127,0.82,4.052,4.0373,4.0667,29.4
BOOST_NEGPULSE,295,0.95127,0.83,4.0609,4.0468,4.075,28.2
BOOST_NEGPULSE,295,0.95127,0.84,4.06784,4.0552,4.08048,25.28
BOOST_NEGPULSE,295,0.95127,0.85,4.07296,4.0618,4.08412,22.32
BOOST_NEGPULSE,295,0.95127,0.86,4.07651,4.0665,4.08652,20.02
BOOST_NEGPULSE,295,0.95127,0.87,4.07916,4.0692,4.08912,19.92
BOOST_NEGPULSE,295,0.95127,0.88,4.08161,4.0718,4.09142,19.62
BOOST_NEGPULSE,295,0.95127,0.89,4.08407,4.074,4.09414,20.14
BOOST_NEGPULSE,295,0.95127,0.9,4.08651,4.0761,4.09692,20.82
BOOST_NEGPULSE,295,0.95127,0.91,4.08965,4.0788,4.1005,21.7
BOOST_NEGPULSE,295,0.95127,0.92,4.09304,4.0817,4.10438,22.68
BOOST_NEGPULSE,295,0.95127,0.93,4.09728,4.0852,4.10936,24.16
BOOST_NEGPULSE,295,0.95127,0.94,4.10273,4.0899,4.11556,25.66
BOOST_NEGPULSE,295,0.95127,0.95,4.10941,4.0957,4.12312,27.42
BOOST_NEGPULSE,295,0.95127,0.96,4.1182,4.1032,4.1332,30.0
BOOST_NEGPULSE,295,0.95127,0.97,4.13006,4.1138,4.14632,32.52
BOOST_NEGPULSE,295,0.95127,0.98,4.14538,4.128,4.16276,34.76
BOOST_NEGPULSE,295,0.95127,0.99,4.16603,4.148,4.18406,36.06
BOOST_NEGPULSE,370,0.93927,0.04,2.83092,2.65556,3.00629,350.73
BOOST_NEGPULSE,370,0.93927,0.05,3.0552,2.9625,3.1479,185.4
BOOST_NEGPULSE,370,0.93927,0.06,3.16377,3.09061,3.23693,146.32
BOOST_NEGPULSE,370,0.93927,0.07,3.24002,3.17691,3.30314,126.22
BOOST_NEGPULSE,370,0.93927,0.08,3.29588,3.23865,3.35311,114.46
BOOST_NEGPULSE,370,0.93927,0.09,3.33081,3.28215,3.37946,97.31
BOOST_NEGPULSE,370,0.93927,0.1,3.35385,3.3148,3.3929,78.1
BOOST_NEGPULSE,370,0.93927,0.11,3.37323,3.34235,3.40411,61.76
BOOST_NEGPULSE,370,0.93927,0.12,3.38967,3.36456,3.41478,50.21
BOOST_NEGPULSE,370,0.93927,0.13,3.40348,3.38209,3.42488,42.79
BOOST_NEGPULSE,370,0.93927,0.14,3.41489,3.39562,3.43415,38.53
BOOST_NEGPULSE,370,0.93927,0.15,3.42494,3.40712,3.44275,35.63
BOOST_NEGPULSE,370,0.93927,0.16,3.43435,3.41704,3.45165,34.61
BOOST_NEGPULSE,370,0.93927,0.17,3.44349,3.42654,3.46045,33.91
BOOST_NEGPULSE,370,0.93927,0.18,3.45311,3.43614,3.47008,33.94
BOOST_NEGPULSE,370,0.93927,0.19,3.46341,3.44634,3.48048,34.14
BOOST_NEGPULSE,370,0.93927,0.2,3.47434,3.4574,3.49128,33.88
BOOST_NEGPULSE,370,0.93927,0.21,3.48546,3.46814,3.50278,34.64
BOOST_NEGPULSE,370,0.93927,0.22,3.49648,3.47891,3.51404,35.13
BOOST_NEGPULSE,370,0.93927,0.23,3.50739,3.48914,3.52565,36.51
BOOST_NEGPULSE,370,0.93927,0.24,3.51788,3.49914,3.53662,37.48
BOOST_NEGPULSE,370,0.93927,0.25,3.52816,3.50914,3.54718,38.05
BOOST_NEGPULSE,370,0.93927,0.26,3.53765,3.51854,3.55675,38.21
BOOST_NEGPULSE,370,0.93927,0.27,3.54713,3.52804,3.56622,38.18
BOOST_NEGPULSE,370,0.93927,0.28,3.5561,3.53707,3.57512,38.05
BOOST_NEGPULSE,370,0.93927,0.29,3.56502,3.54616,3.58388,37.72
BOOST_NEGPULSE,370,0.93927,0.3,3.57348,3.55487,3.59209,37.22
BOOST_NEGPULSE,370,0.93927,0.31,3.58166,3.56347,3.59985,36.39
BOOST_NEGPULSE,370,0.93927,0.32,3.58955,3.57168,3.60743,35.75
BOOST_NEGPULSE,370,0.93927,0.33,3.59698,3.57948,3.61449,35.01
BOOST_NEGPULSE,370,0.93927,0.34,3.60445,3.58737,3.62153,34.15
BOOST_NEGPULSE,370,0.93927,0.35,3.61149,3.59468,3.62829,33.61
BOOST_NEGPULSE,370,0.93927,0.36,3.61845,3.60188,3.63503,33.15
BOOST_NEGPULSE,370,0.93927,0.37,3.6253,3.60918,3.64143,32.25
BOOST_NEGPULSE,370,0.93927,0.38,3.63206,3.61598,3.64815,32.17
BOOST_NEGPULSE,370,0.93927,0.39,3.63885,3.62308,3.65462,31.54
BOOST_NEGPULSE,370,0.93927,0.4,3.64566,3.62988,3.66145,31.57
BOOST_NEGPULSE,370,0.93927,0.41,3.65255,3.63687,3.66822,31.35
BOOST_NEGPULSE,370,0.93927,0.42,3.65966,3.64388,3.67545,31.57
BOOST_NEGPULSE,370,0.93927,0.43,3.66713,3.65127,3.68298,31.72
BOOST_NEGPULSE,370,0.93927,0.44,3.67466,3.65868,3.69065,31.97
BOOST_NEGPULSE,370,0.93927,0.45,3.68283,3.66657,3.69908,32.51
BOOST_NEGPULSE,370,0.93927,0.46,3.69134,3.67498,3.70771,32.74
BOOST_NEGPULSE,370,0.93927,0.47,3.70029,3.68357,3.71701,33.44
BOOST_NEGPULSE,370,0.93927,0.48,3.70964,3.69287,3.72641,33.54
BOOST_NEGPULSE,370,0.93927,0.49,3.71942,3.70227,3.73658,34.3
BOOST_NEGPULSE,370,0.93927,0.5,3.72947,3.71236,3.74658,34.22
BOOST_NEGPULSE,370,0.93927,0.51,3.73972,3.72237,3.75708,34.71
BOOST_NEGPULSE,370,0.93927,0.52,3.75014,3.73286,3.76741,34.55
BOOST_NEGPULSE,370,0.93927,0.53,3.76046,3.74307,3.77784,34.77
BOOST_NEGPULSE,370,0.93927,0.54,3.77084,3.7536,3.78808,34.48
BOOST_NEGPULSE,370,0.93927,0.55,3.78097,3.7637,3.79824,34.54
BOOST_NEGPULSE,370,0.93927,0.56,3.79132,3.7741,3.80854,34.44
BOOST_NEGPULSE,370,0.93927,0.57,3.80134,3.7842,3.81848,34.28
BOOST_NEGPULSE,370,0.93927,0.58,3.81149,3.7944,3.82858,34.18
BOOST_NEGPULSE,370,0.93927,0.59,3.82159,3.8049,3.83828,33.38
BOOST_NEGPULSE,370,0.93927,0.6,3.83154,3.815,3.84808,33.08
BOOST_NEGPULSE,370,0.93927,0.61,3.84142,3.8252,3.85764,32.44
BOOST_NEGPULSE,370,0.93927,0.62,3.85075,3.8348,3.86671,31.91
BOOST_NEGPULSE,370,0.93927,0.63,3.85994,3.8444,3.87548,31.08
BOOST_NEGPULSE,370,0.93927,0.64,3.86909,3.8539,3.88428,30.38
BOOST_NEGPULSE,370,0.93927,0.65,3.87779,3.8631,3.89248,29.38
BOOST_NEGPULSE,370,0.93927,0.66,3.88637,3.8719,3.90084,28.94
BOOST_NEGPULSE,370,0.93927,0.67,3.89495,3.8812,3.90871,27.51
BOOST_NEGPULSE,370,0.93927,0.68,3.90304,3.8899,3.91618,26.28
BOOST_NEGPULSE,370,0.93927,0.69,3.91111,3.8983,3.92391,25.61
BOOST_NEGPULSE,370,0.93927,0.7,3.91891,3.9063,3.93151,25.21
BOOST_NEGPULSE,370,0.93927,0.71,3.92714,3.9144,3.93988,25.47
BOOST_NEGPULSE,370,0.93927,0.72,3.93614,3.9232,3.94908,25.87
BOOST_NEGPULSE,370,0.93927,0.73,3.94556,3.93221,3.95891,26.7
BOOST_NEGPULSE,370,0.93927,0.74,3.95606,3.94231,3.96981,27.5
BOOST_NEGPULSE,370,0.93927,0.75,3.96715,3.95301,3.98128,28.27
BOOST_NEGPULSE,370,0.93927,0.76,3.97915,3.96451,3.99378,29.27
BOOST_NEGPULSE,370,0.93927,0.77,3.99168,3.97671,4.00665,29.94
BOOST_NEGPULSE,370,0.93927,0.78,4.00443,3.98902,4.01985,30.83
BOOST_NEGPULSE,370,0.93927,0.79,4.01692,4.00142,4.03241,30.99
BOOST_NEGPULSE,370,0.93927,0.8,4.02915,4.01371,4.04458,30.87
BOOST_NEGPULSE,370,0.93927,0.81,4.04008,4.02462,4.05554,30.93
BOOST_NEGPULSE,370,0.93927,0.82,4.0503,4.03482,4.06578,30.96
BOOST_NEGPULSE,370,0.93927,0.83,4.05946,4.04461,4.07431,29.69
BOOST_NEGPULSE,370,0.93927,0.84,4.06663,4.05292,4.08034,27.42
BOOST_NEGPULSE,370,0.93927,0.85,4.07216,4.06031,4.084,23.7
BOOST_NEGPULSE,370,0.93927,0.86,4.07612,4.0653,4.08694,21.63
BOOST_NEGPULSE,370,0.93927,0.87,4.07885,4.0684,4.0893,20.9
BOOST_NEGPULSE,370,0.93927,0.88,4.08145,4.0711,4.0918,20.7
BOOST_NEGPULSE,370,0.93927,0.89,4.08385,4.0732,4.0945,21.3
BOOST_NEGPULSE,370,0.93927,0.9,4.08659,4.0756,4.09757,21.97
BOOST_NEGPULSE,370,0.93927,0.91,4.08967,4.0782,4.10114,22.94
BOOST_NEGPULSE,370,0.93927,0.92,4.09302,4.08091,4.10514,24.23
BOOST_NEGPULSE,370,0.93927,0.93,4.09749,4.0846,4.11038,25.77
BOOST_NEGPULSE,370,0.93927,0.94,4.10265,4.0888,4.1165,27.7
BOOST_NEGPULSE,370,0.93927,0.95,4.10947,4.09451,4.12444,29.94
BOOST_NEGPULSE,370,0.93927,0.96,4.11841,4.1021,4.13471,32.61
BOOST_NEGPULSE,370,0.93927,0.97,4.12976,4.112,4.14752,35.51
BOOST_NEGPULSE,370,0.93927,0.98,4.14513,4.12601,4.16426,38.25
BOOST_NEGPULSE,370,0.93927,0.99,4.16546,4.1457,4.18522,39.52
BOOST_NEGPULSE,445,0.92703,0.05,2.86411,2.67141,3.05681,385.4
BOOST_NEGPULSE,445,0.92703,0.06,3.07358,2.9613,3.18586,224.57
BOOST_NEGPULSE,445,0.92703,0.07,3.17684,3.08611,3.26758,181.46
BOOST_NEGPULSE,445,0.92703,0.08,3.24912,3.17083,3.32741,156.58
BOOST_NEGPULSE,445,0.92703,0.09,3.3002,3.23302,3.36739,134.37
BOOST_NEGPULSE,445,0.92703,0.1,3.33191,3.27838,3.38544,107.06
BOOST_NEGPULSE,445,0.92703,0.11,3.35526,3.31292,3.39761,84.69
BOOST_NEGPULSE,445,0.92703,0.12,3.3756,3.34225,3.40895,66.7
BOOST_NEGPULSE,445,0.92703,0.13,3.3929,3.36569,3.42011,54.42
BOOST_NEGPULSE,445,0.92703,0.14,3.40715,3.38414,3.43016,46.02
BOOST_NEGPULSE,445,0.92703,0.15,3.41905,3.39843,3.43967,41.24
BOOST_NEGPULSE,445,0.92703,0.16,3.42931,3.41001,3.44862,38.61
BOOST_NEGPULSE,445,0.92703,0.17,3.43909,3.42041,3.45777,37.36
BOOST_NEGPULSE,445,0.92703,0.18,3.4488,3.43028,3.46732,37.03
BOOST_NEGPULSE,445,0.92703,0.19,3.45872,3.44011,3.47733,37.22
BOOST_NEGPULSE,445,0.92703,0.2,3.46924,3.45072,3.48777,37.05
BOOST_NEGPULSE,445,0.92703,0.21,3.48022,3.46171,3.49872,37.02
BOOST_NEGPULSE,445,0.92703,0.22,3.491,3.47238,3.50962,37.24
BOOST_NEGPULSE,445,0.92703,0.23,3.50182,3.48281,3.52083,38.02
BOOST_NEGPULSE,445,0.92703,0.24,3.51221,3.493,3.53143,38.43
BOOST_NEGPULSE,445,0.92703,0.25,3.52226,3.50278,3.54173,38.95
BOOST_NEGPULSE,445,0.92703,0.26,3.53201,3.5124,3.55163,39.24
BOOST_NEGPULSE,445,0.92703,0.27,3.54136,3.52177,3.56094,39.17
BOOST_NEGPULSE,445,0.92703,0.28,3.55054,3.5309,3.57019,39.29
BOOST_NEGPULSE,445,0.92703,0.29,3.55955,3.53997,3.57914,39.16
BOOST_NEGPULSE,445,0.92703,0.3,3.56806,3.54858,3.58754,38.95
BOOST_NEGPULSE,445,0.92703,0.31,3.57654,3.5573,3.59578,38.49
BOOST_NEGPULSE,445,0.92703,0.32,3.58473,3.56567,3.60379,38.12
BOOST_NEGPULSE,445,0.92703,0.33,3.59252,3.5738,3.61124,37.44
BOOST_NEGPULSE,445,0.92703,0.34,3.60022,3.58176,3.61869,36.93
BOOST_NEGPULSE,445,0.92703,0.35,3.6075,3.58937,3.62564,36.27
BOOST_NEGPULSE,445,0.92703,0.36,3.61485,3.59707,3.63263,35.56
BOOST_NEGPULSE,445,0.92703,0.37,3.62184,3.60435,3.63934,34.99
BOOST_NEGPULSE,445,0.92703,0.38,3.62886,3.61148,3.64623,34.75
BOOST_NEGPULSE,445,0.92703,0.39,3.6359,3.61876,3.65304,34.28
BOOST_NEGPULSE,445,0.92703,0.4,3.64278,3.62567,3.65989,34.22
BOOST_NEGPULSE,445,0.92703,0.41,3.6498,3.63276,3.66684,34.08
BOOST_NEGPULSE,445,0.92703,0.42,3.65708,3.64013,3.67404,33.9
BOOST_NEGPULSE,445,0.92703,0.43,3.66449,3.64735,3.68164,34.29
BOOST_NEGPULSE,445,0.92703,0.44,3.67225,3.65496,3.68954,34.57
BOOST_NEGPULSE,445,0.92703,0.45,3.68044,3.66315,3.69774,34.59
BOOST_NEGPULSE,445,0.92703,0.46,3.68897,3.67126,3.70668,35.43
BOOST_NEGPULSE,445,0.92703,0.47,3.69791,3.67998,3.71584,35.86
BOOST_NEGPULSE,445,0.92703,0.48,3.70742,3.68946,3.72538,35.92
BOOST_NEGPULSE,445,0.92703,0.49,3.71718,3.69887,3.73548,36.61
BOOST_NEGPULSE,445,0.92703,0.5,3.72745,3.70917,3.74574,36.56
BOOST_NEGPULSE,445,0.92703,0.51,3.7378,3.71927,3.75633,37.06
BOOST_NEGPULSE,445,0.92703,0.52,3.74833,3.72978,3.76688,37.1
BOOST_NEGPULSE,445,0.92703,0.53,3.75893,3.74057,3.77728,36.71
BOOST_NEGPULSE,445,0.92703,0.54,3.7695,3.75117,3.78783,36.66
BOOST_NEGPULSE,445,0.92703,0.55,3.77991,3.76188,3.79793,36.05
BOOST_NEGPULSE,445,0.92703,0.56,3.79038,3.77257,3.80818,35.61
BOOST_NEGPULSE,445,0.92703,0.57,3.80052,3.78295,3.81809,35.14
BOOST_NEGPULSE,445,0.92703,0.58,3.81038,3.79287,3.82788,35.01
BOOST_NEGPULSE,445,0.92703,0.59,3.82041,3.80316,3.83765,34.49
BOOST_NEGPULSE,445,0.92703,0.6,3.82993,3.81296,3.84691,33.95
BOOST_NEGPULSE,445,0.92703,0.61,3.83949,3.82277,3.85621,33.44
BOOST_NEGPULSE,445,0.92703,0.62,3.84874,3.83216,3.86531,33.14
BOOST_NEGPULSE,445,0.92703,0.63,3.85769,3.84156,3.87381,32.24
BOOST_NEGPULSE,445,0.92703,0.64,3.86635,3.85055,3.88215,31.6
BOOST_NEGPULSE,445,0.92703,0.65,3.87491,3.85927,3.89055,31.28
BOOST_NEGPULSE,445,0.92703,0.66,3.8833,3.86813,3.89846,30.33
BOOST_NEGPULSE,445,0.92703,0.67,3.89182,3.87704,3.90661,29.57
BOOST_NEGPULSE,445,0.92703,0.68,3.89999,3.88573,3.91425,28.52
BOOST_NEGPULSE,445,0.92703,0.69,3.90805,3.89394,3.92216,28.23
BOOST_NEGPULSE,445,0.92703,0.7,3.91604,3.90224,3.92985,27.62
BOOST_NEGPULSE,445,0.92703,0.71,3.92422,3.91014,3.9383,28.16
BOOST_NEGPULSE,445,0.92703,0.72,3.9331,3.91883,3.94736,28.53
BOOST_NEGPULSE,445,0.92703,0.73,3.9426,3.92795,3.95725,29.3
BOOST_NEGPULSE,445,0.92703,0.74,3.95309,3.93793,3.96824,30.31
BOOST_NEGPULSE,445,0.92703,0.75,3.96399,3.94834,3.97964,31.3
BOOST_NEGPULSE,445,0.92703,0.76,3.976,3.95984,3.99217,32.34
BOOST_NEGPULSE,445,0.92703,0.77,3.98841,3.97154,4.00528,33.74
BOOST_NEGPULSE,445,0.92703,0.78,4.00124,3.98414,4.01834,34.2
BOOST_NEGPULSE,445,0.92703,0.79,4.01388,3.99644,4.03133,34.89
BOOST_NEGPULSE,445,0.92703,0.8,4.02617,4.00874,4.04361,34.87
BOOST_NEGPULSE,445,0.92703,0.81,4.03761,4.02033,4.0549,34.57
BOOST_NEGPULSE,445,0.92703,0.82,4.04762,4.03003,4.06521,35.18
BOOST_NEGPULSE,445,0.92703,0.83,4.05662,4.03943,4.07381,34.38
BOOST_NEGPULSE,445,0.92703,0.84,4.06442,4.04841,4.08043,32.02
BOOST_NEGPULSE,445,0.92703,0.85,4.07005,4.05601,4.08409,28.07
BOOST_NEGPULSE,445,0.92703,0.86,4.07472,4.06241,4.08703,24.62
BOOST_NEGPULSE,445,0.92703,0.87,4.07805,4.0665,4.0896,23.1
BOOST_NEGPULSE,445,0.92703,0.88,4.08082,4.06951,4.09213,22.63
BOOST_NEGPULSE,445,0.92703,0.89,4.08339,4.0717,4.09508,23.37
BOOST_NEGPULSE,445,0.92703,0.9,4.08608,4.07401,4.09814,24.14
BOOST_NEGPULSE,445,0.92703,0.91,4.08921,4.0766,4.10182,25.22
BOOST_NEGPULSE,445,0.92703,0.92,4.09273,4.07931,4.10616,26.86
BOOST_NEGPULSE,445,0.92703,0.93,4.09709,4.0828,4.11138,28.57
BOOST_NEGPULSE,445,0.92703,0.94,4.10241,4.08681,4.11801,31.2
BOOST_NEGPULSE,445,0.92703,0.95,4.10916,4.0923,4.12601,33.7
BOOST_NEGPULSE,445,0.92703,0.96,4.11789,4.09931,4.13648,37.18
BOOST_NEGPULSE,445,0.92703,0.97,4.12939,4.109,4.14978,40.78
BOOST_NEGPULSE,445,0.92703,0.98,4.14456,4.12261,4.1665,43.9
BOOST_NEGPULSE,445,0.92703,0.99,4.16498,4.1422,4.18777,45.57
BOOST_NEGPULSE,520,0.90932,0.07,2.9243,2.71356,3.13504,421.48
BOOST_NEGPULSE,520,0.90932,0.08,3.10615,2.96873,3.24356,274.84
BOOST_NEGPULSE,520,0.90932,0.09,3.20091,3.08798,3.31383,225.85
BOOST_NEGPULSE,520,0.90932,0.1,3.26622,3.17201,3.36043,188.42
BOOST_NEGPULSE,520,0.90932,0.11,3.30872,3.23547,3.38196,146.49
BOOST_NEGPULSE,520,0.90932,0.12,3.33892,3.28261,3.39522,112.61
BOOST_NEGPULSE,520,0.90932,0.13,3.36356,3.31954,3.40758,88.04
BOOST_NEGPULSE,520,0.90932,0.14,3.38482,3.34986,3.41978,69.92
BOOST_NEGPULSE,520,0.90932,0.15,3.40223,3.37356,3.43089,57.33
BOOST_NEGPULSE,520,0.90932,0.16,3.41628,3.39166,3.44089,49.23
BOOST_NEGPULSE,520,0.90932,0.17,3.42799,3.40552,3.45045,44.93
BOOST_NEGPULSE,520,0.90932,0.18,3.43862,3.41718,3.46005,42.87
BOOST_NEGPULSE,520,0.90932,0.19,3.44868,3.42756,3.46981,42.25
BOOST_NEGPULSE,520,0.90932,0.2,3.45902,3.43772,3.48032,42.6
BOOST_NEGPULSE,520,0.90932,0.21,3.46982,3.44848,3.49117,42.69
BOOST_NEGPULSE,520,0.90932,0.22,3.48069,3.45942,3.50197,42.55
BOOST_NEGPULSE,520,0.90932,0.23,3.49172,3.4706,3.51283,42.23
BOOST_NEGPULSE,520,0.90932,0.24,3.50236,3.48154,3.52318,41.64
BOOST_NEGPULSE,520,0.90932,0.25,3.51254,3.49194,3.53314,41.2
BOOST_NEGPULSE,520,0.90932,0.26,3.52246,3.5022,3.54273,40.53
BOOST_NEGPULSE,520,0.90932,0.27,3.53193,3.51186,3.552,40.14
BOOST_NEGPULSE,520,0.90932,0.28,3.54126,3.52142,3.56109,39.67
BOOST_NEGPULSE,520,0.90932,0.29,3.55019,3.53038,3.57001,39.63
BOOST_NEGPULSE,520,0.90932,0.3,3.55906,3.53927,3.57884,39.57
BOOST_NEGPULSE,520,0.90932,0.31,3.56769,3.54799,3.5874,39.41
BOOST_NEGPULSE,520,0.90932,0.32,3.5761,3.55619,3.59601,39.82
BOOST_NEGPULSE,520,0.90932,0.33,3.58443,3.56467,3.60419,39.52
BOOST_NEGPULSE,520,0.90932,0.34,3.59238,3.5726,3.61215,39.55
BOOST_NEGPULSE,520,0.90932,0.35,3.60036,3.58076,3.61996,39.2
BOOST_NEGPULSE,520,0.90932,0.36,3.60784,3.58852,3.62716,38.64
BOOST_NEGPULSE,520,0.90932,0.37,3.61538,3.59619,3.63456,38.37
BOOST_NEGPULSE,520,0.90932,0.38,3.62266,3.60372,3.64161,37.89
BOOST_NEGPULSE,520,0.90932,0.39,3.62998,3.61112,3.64883,37.71
BOOST_NEGPULSE,520,0.90932,0.4,3.63714,3.61849,3.65579,37.3
BOOST_NEGPULSE,520,0.90932,0.41,3.64455,3.62599,3.66311,37.12
BOOST_NEGPULSE,520,0.90932,0.42,3.65193,3.63332,3.67055,37.23
BOOST_NEGPULSE,520,0.90932,0.43,3.65942,3.64079,3.67805,37.26
BOOST_NEGPULSE,520,0.90932,0.44,3.6674,3.64862,3.68618,37.56
BOOST_NEGPULSE,520,0.90932,0.45,3.67556,3.6566,3.69452,37.92
BOOST_NEGPULSE,520,0.90932,0.46,3.68423,3.6651,3.70335,38.24
BOOST_NEGPULSE,520,0.90932,0.47,3.69341,3.674,3.71281,38.81
BOOST_NEGPULSE,520,0.90932,0.48,3.70282,3.68313,3.72251,39.38
BOOST_NEGPULSE,520,0.90932,0.49,3.71296,3.69308,3.73285,39.77
BOOST_NEGPULSE,520,0.90932,0.5,3.72325,3.70323,3.74328,40.05
BOOST_NEGPULSE,520,0.90932,0.51,3.7339,3.71389,3.75391,40.02
BOOST_NEGPULSE,520,0.90932,0.52,3.74481,3.72487,3.76474,39.88
BOOST_NEGPULSE,520,0.90932,0.53,3.75544,3.7358,3.77508,39.27
BOOST_NEGPULSE,520,0.90932,0.54,3.76624,3.74679,3.78568,38.89
BOOST_NEGPULSE,520,0.90932,0.55,3.77675,3.75769,3.79581,38.12
BOOST_NEGPULSE,520,0.90932,0.56,3.78689,3.768,3.80578,37.77
BOOST_NEGPULSE,520,0.90932,0.57,3.79695,3.77829,3.8156,37.31
BOOST_NEGPULSE,520,0.90932,0.58,3.80701,3.78859,3.82542,36.83
BOOST_NEGPULSE,520,0.90932,0.59,3.81667,3.79843,3.8349,36.48
BOOST_NEGPULSE,520,0.90932,0.6,3.82615,3.80829,3.844,35.71
BOOST_NEGPULSE,520,0.90932,0.61,3.83559,3.818,3.85318,35.17
BOOST_NEGPULSE,520,0.90932,0.62,3.84458,3.82734,3.86183,34.5
BOOST_NEGPULSE,520,0.90932,0.63,3.85331,3.83624,3.87038,34.13
BOOST_NEGPULSE,520,0.90932,0.64,3.86195,3.84524,3.87866,33.41
BOOST_NEGPULSE,520,0.90932,0.65,3.87015,3.85374,3.88656,32.81
BOOST_NEGPULSE,520,0.90932,0.66,3.87859,3.86245,3.89473,32.28
BOOST_NEGPULSE,520,0.90932,0.67,3.88674,3.87094,3.90253,31.59
BOOST_NEGPULSE,520,0.90932,0.68,3.89518,3.87963,3.91073,31.1
BOOST_NEGPULSE,520,0.90932,0.69,3.90334,3.88833,3.91836,30.02
BOOST_NEGPULSE,520,0.90932,0.7,3.91144,3.89645,3.92643,29.98
BOOST_NEGPULSE,520,0.90932,0.71,3.91967,3.90474,3.9346,29.86
BOOST_NEGPULSE,520,0.90932,0.72,3.92835,3.91314,3.94356,30.42
BOOST_NEGPULSE,520,0.90932,0.73,3.93769,3.92184,3.95354,31.7
BOOST_NEGPULSE,520,0.90932,0.74,3.94781,3.93152,3.9641,32.58
BOOST_NEGPULSE,520,0.90932,0.75,3.9587,3.94163,3.97578,34.15
BOOST_NEGPULSE,520,0.90932,0.76,3.9703,3.95263,3.98798,35.35
BOOST_NEGPULSE,520,0.90932,0.77,3.98245,3.96393,4.00096,37.03
BOOST_NEGPULSE,520,0.90932,0.78,3.99507,3.97594,4.0142,38.26
BOOST_NEGPULSE,520,0.90932,0.79,4.00772,3.98803,4.02741,39.38
BOOST_NEGPULSE,520,0.90932,0.8,4.02011,4.00025,4.03997,39.73
BOOST_NEGPULSE,520,0.90932,0.81,4.03165,4.01164,4.05166,40.02
BOOST_NEGPULSE,520,0.90932,0.82,4.04216,4.02185,4.06247,40.62
BOOST_NEGPULSE,520,0.90932,0.83,4.05083,4.03017,4.07149,41.32
BOOST_NEGPULSE,520,0.90932,0.84,4.05865,4.03846,4.07884,40.38
BOOST_NEGPULSE,520,0.90932,0.85,4.06495,4.04667,4.08324,36.57
BOOST_NEGPULSE,520,0.90932,0.86,4.07013,4.05398,4.08629,32.31
BOOST_NEGPULSE,520,0.90932,0.87,4.07473,4.06058,4.08888,28.29
BOOST_NEGPULSE,520,0.90932,0.88,4.07838,4.065,4.09176,26.77
BOOST_NEGPULSE,520,0.90932,0.89,4.08133,4.06829,4.09438,26.09
BOOST_NEGPULSE,520,0.90932,0.9,4.08432,4.0708,4.09784,27.04
BOOST_NEGPULSE,520,0.90932,0.91,4.08724,4.0731,4.10139,28.29
BOOST_NEGPULSE,520,0.90932,0.92,4.09086,4.07589,4.10584,29.95
BOOST_NEGPULSE,520,0.90932,0.93,4.09517,4.0789,4.11144,32.54
BOOST_NEGPULSE,520,0.90932,0.94,4.10028,4.08259,4.11796,35.37
BOOST_NEGPULSE,520,0.90932,0.95,4.10706,4.08769,4.12644,38.75
BOOST_NEGPULSE,520,0.90932,0.96,4.1158,4.09419,4.13741,43.22
BOOST_NEGPULSE,520,0.90932,0.97,4.12715,4.10339,4.15092,47.53
BOOST_NEGPULSE,520,0.90932,0.98,4.14257,4.11679,4.16836,51.57
BOOST_NEGPULSE,520,0.90932,0.99,4.16292,4.13609,4.18976,53.66
BOOST_NEGPULSE,595,0.902,0.07,2.82072,2.56454,3.07691,512.38
BOOST_NEGPULSE,595,0.902,0.08,3.06013,2.9056,3.21466,309.07
BOOST_NEGPULSE,595,0.902,0.09,3.17195,3.04882,3.29508,246.26
BOOST_NEGPULSE,595,0.902,0.1,3.24604,3.14294,3.34914,206.2
BOOST_NEGPULSE,595,0.902,0.11,3.29644,3.21428,3.37859,164.31
BOOST_NEGPULSE,595,0.902,0.12,3.33089,3.26805,3.39373,125.68
BOOST_NEGPULSE,595,0.902,0.13,3.358,3.30947,3.40653,97.05
BOOST_NEGPULSE,595,0.902,0.14,3.38052,3.3424,3.41863,76.23
BOOST_NEGPULSE,595,0.902,0.15,3.39953,3.36882,3.43023,61.41
BOOST_NEGPULSE,595,0.902,0.16,3.41459,3.38884,3.44035,51.51
BOOST_NEGPULSE,595,0.902,0.17,3.42681,3.40376,3.44986,46.09
BOOST_NEGPULSE,595,0.902,0.18,3.43771,3.41616,3.45926,43.1
BOOST_NEGPULSE,595,0.902,0.19,3.44776,3.42706,3.46845,41.39
BOOST_NEGPULSE,595,0.902,0.2,3.45761,3.43706,3.47815,41.09
BOOST_NEGPULSE,595,0.902,0.21,3.46785,3.44736,3.48835,40.99
BOOST_NEGPULSE,595,0.902,0.22,3.47801,3.45747,3.49856,41.09
BOOST_NEGPULSE,595,0.902,0.23,3.48855,3.46786,3.50925,41.39
BOOST_NEGPULSE,595,0.902,0.24,3.49872,3.47788,3.51956,41.68
BOOST_NEGPULSE,595,0.902,0.25,3.50886,3.48786,3.52985,41.99
BOOST_NEGPULSE,595,0.902,0.26,3.51887,3.49777,3.53996,42.2
BOOST_NEGPULSE,595,0.902,0.27,3.52832,3.50717,3.54946,42.29
BOOST_NEGPULSE,595,0.902,0.28,3.53787,3.51677,3.55896,42.19
BOOST_NEGPULSE,595,0.902,0.29,3.54702,3.52617,3.56787,41.7
BOOST_NEGPULSE,595,0.902,0.3,3.55602,3.53537,3.57667,41.29
BOOST_NEGPULSE,595,0.902,0.31,3.56496,3.54437,3.58556,41.19
BOOST_NEGPULSE,595,0.902,0.32,3.57367,3.55327,3.59407,40.8
BOOST_NEGPULSE,595,0.902,0.33,3.58202,3.56177,3.60228,40.51
BOOST_NEGPULSE,595,0.902,0.34,3.59042,3.57037,3.61046,40.09
BOOST_NEGPULSE,595,0.902,0.35,3.59823,3.57837,3.61808,39.71
BOOST_NEGPULSE,595,0.902,0.36,3.60612,3.58666,3.62558,38.91
BOOST_NEGPULSE,595,0.902,0.37,3.61373,3.59438,3.63308,38.7
BOOST_NEGPULSE,595,0.902,0.38,3.62108,3.60198,3.64018,38.21
BOOST_NEGPULSE,595,0.902,0.39,3.62843,3.60968,3.64718,37.51
BOOST_NEGPULSE,595,0.902,0.4,3.63578,3.61708,3.65447,37.39
BOOST_NEGPULSE,595,0.902,0.41,3.64308,3.62448,3.66168,37.2
BOOST_NEGPULSE,595,0.902,0.42,3.65048,3.63218,3.66878,36.6
BOOST_NEGPULSE,595,0.902,0.43,3.65808,3.63958,3.67658,37.0
BOOST_NEGPULSE,595,0.902,0.44,3.66592,3.64757,3.68428,36.7
BOOST_NEGPULSE,595,0.902,0.45,3.67407,3.65547,3.69266,37.19
BOOST_NEGPULSE,595,0.902,0.46,3.68262,3.66387,3.70137,37.5
BOOST_NEGPULSE,595,0.902,0.47,3.69157,3.67277,3.71037,37.6
BOOST_NEGPULSE,595,0.902,0.48,3.70097,3.68177,3.72017,38.4
BOOST_NEGPULSE,595,0.902,0.49,3.71096,3.69176,3.73016,38.4
BOOST_NEGPULSE,595,0.902,0.5,3.72126,3.70186,3.74066,38.79
BOOST_NEGPULSE,595,0.902,0.51,3.73167,3.71217,3.75116,39.0
BOOST_NEGPULSE,595,0.902,0.52,3.74237,3.72296,3.76177,38.8
BOOST_NEGPULSE,595,0.902,0.53,3.75313,3.73396,3.7723,38.34
BOOST_NEGPULSE,595,0.902,0.54,3.76374,3.74457,3.7829,38.33
BOOST_NEGPULSE,595,0.902,0.55,3.77418,3.75526,3.7931,37.84
BOOST_NEGPULSE,595,0.902,0.56,3.78453,3.76576,3.8033,37.54
BOOST_NEGPULSE,595,0.902,0.57,3.79454,3.77587,3.8132,37.33
BOOST_NEGPULSE,595,0.902,0.58,3.80433,3.78587,3.8228,36.93
BOOST_NEGPULSE,595,0.902,0.59,3.81413,3.79586,3.8324,36.54
BOOST_NEGPULSE,595,0.902,0.6,3.82358,3.80547,3.8417,36.23
BOOST_NEGPULSE,595,0.902,0.61,3.83278,3.81506,3.8505,35.44
BOOST_NEGPULSE,595,0.902,0.62,3.84184,3.82418,3.8595,35.32
BOOST_NEGPULSE,595,0.902,0.63,3.85043,3.83317,3.8677,34.53
BOOST_NEGPULSE,595,0.902,0.64,3.85909,3.84197,3.8762,34.23
BOOST_NEGPULSE,595,0.902,0.65,3.86719,3.85028,3.8841,33.82
BOOST_NEGPULSE,595,0.902,0.66,3.87538,3.85866,3.8921,33.44
BOOST_NEGPULSE,595,0.902,0.67,3.88344,3.86699,3.8999,32.91
BOOST_NEGPULSE,595,0.902,0.68,3.89164,3.87519,3.9081,32.91
BOOST_NEGPULSE,595,0.902,0.69,3.89999,3.88398,3.916,32.02
BOOST_NEGPULSE,595,0.902,0.7,3.90815,3.89219,3.9241,31.91
BOOST_NEGPULSE,595,0.902,0.71,3.91664,3.90078,3.9325,31.72
BOOST_NEGPULSE,595,0.902,0.72,3.92544,3.90958,3.9413,31.72
BOOST_NEGPULSE,595,0.902,0.73,3.93474,3.91839,3.9511,32.71
BOOST_NEGPULSE,595,0.902,0.74,3.94489,3.92818,3.9616,33.42
BOOST_NEGPULSE,595,0.902,0.75,3.95589,3.93849,3.9733,34.81
BOOST_NEGPULSE,595,0.902,0.76,3.96744,3.94949,3.9854,35.91
BOOST_NEGPULSE,595,0.902,0.77,3.97984,3.96138,3.9983,36.92
BOOST_NEGPULSE,595,0.902,0.78,3.99259,3.97338,4.0118,38.42
BOOST_NEGPULSE,595,0.902,0.79,4.00544,3.98598,4.0249,38.92
BOOST_NEGPULSE,595,0.902,0.8,4.01794,3.99808,4.0378,39.72
BOOST_NEGPULSE,595,0.902,0.81,4.02999,4.01008,4.0499,39.82
BOOST_NEGPULSE,595,0.902,0.82,4.0408,4.02099,4.0606,39.61
BOOST_NEGPULSE,595,0.902,0.83,4.05079,4.03118,4.0704,39.22
BOOST_NEGPULSE,595,0.902,0.84,4.0593,4.04059,4.078,37.41
BOOST_NEGPULSE,595,0.902,0.85,4.0662,4.04919,4.0832,34.01
BOOST_NEGPULSE,595,0.902,0.86,4.07165,4.05689,4.0864,29.51
BOOST_NEGPULSE,595,0.902,0.87,4.0759,4.0627,4.0891,26.4
BOOST_NEGPULSE,595,0.902,0.88,4.0795,4.067,4.092,25.0
BOOST_NEGPULSE,595,0.902,0.89,4.0822,4.0697,4.0947,25.0
BOOST_NEGPULSE,595,0.902,0.9,4.08525,4.0723,4.0982,25.9
BOOST_NEGPULSE,595,0.902,0.91,4.08845,4.0749,4.102,27.1
BOOST_NEGPULSE,595,0.902,0.92,4.09185,4.0775,4.1062,28.7
BOOST_NEGPULSE,595,0.902,0.93,4.09636,4.0809,4.11182,30.92
BOOST_NEGPULSE,595,0.902,0.94,4.10151,4.0848,4.11823,33.43
BOOST_NEGPULSE,595,0.902,0.95,4.10821,4.0897,4.12673,37.03
BOOST_NEGPULSE,595,0.902,0.96,4.11677,4.09649,4.13704,40.55
BOOST_NEGPULSE,595,0.902,0.97,4.12797,4.1055,4.15044,44.94
BOOST_NEGPULSE,595,0.902,0.98,4.14258,4.1183,4.16686,48.56
BOOST_NEGPULSE,595,0.902,0.99,4.16234,4.1371,4.18758,50.48
BOOST_NEGPULSE,670,0.89064,0.08,2.82396,2.5546,3.09331,538.71
BOOST_NEGPULSE,670,0.89064,0.09,3.06278,2.89328,3.23228,338.99
BOOST_NEGPULSE,670,0.89064,0.1,3.17574,3.04077,3.3107,269.94
BOOST_NEGPULSE,670,0.89064,0.11,3.24834,3.13642,3.36025,223.83
BOOST_NEGPULSE,670,0.89064,0.12,3.29717,3.20935,3.38499,175.64
BOOST_NEGPULSE,670,0.89064,0.13,3.33282,3.26598,3.39965,133.67
BOOST_NEGPULSE,670,0.89064,0.14,3.36084,3.30942,3.41226,102.84
BOOST_NEGPULSE,670,0.89064,0.15,3.38419,3.34372,3.42466,80.94
BOOST_NEGPULSE,670,0.89064,0.16,3.40339,3.37076,3.43602,65.26
BOOST_NEGPULSE,670,0.89064,0.17,3.41858,3.391,3.44615,55.15
BOOST_NEGPULSE,670,0.89064,0.18,3.43111,3.40616,3.45605,49.89
BOOST_NEGPULSE,670,0.89064,0.19,3.4421,3.41882,3.46538,46.56
BOOST_NEGPULSE,670,0.89064,0.2,3.45238,3.42964,3.47512,45.48
BOOST_NEGPULSE,670,0.89064,0.21,3.46263,3.44024,3.48502,44.78
BOOST_NEGPULSE,670,0.89064,0.22,3.47282,3.45046,3.49519,44.73
BOOST_NEGPULSE,670,0.89064,0.23,3.48319,3.46088,3.5055,44.62
BOOST_NEGPULSE,670,0.89064,0.24,3.49341,3.47112,3.51569,44.57
BOOST_NEGPULSE,670,0.89064,0.25,3.50335,3.48114,3.52556,44.42
BOOST_NEGPULSE,670,0.89064,0.26,3.51324,3.49092,3.53556,44.64
BOOST_NEGPULSE,670,0.89064,0.27,3.52267,3.50048,3.54486,44.38
BOOST_NEGPULSE,670,0.89064,0.28,3.53215,3.50994,3.55436,44.42
BOOST_NEGPULSE,670,0.89064,0.29,3.54141,3.51952,3.56329,43.77
BOOST_NEGPULSE,670,0.89064,0.3,3.55037,3.52858,3.57216,43.58
BOOST_NEGPULSE,670,0.89064,0.31,3.55944,3.53782,3.58106,43.24
BOOST_NEGPULSE,670,0.89064,0.32,3.56807,3.54662,3.58952,42.9
BOOST_NEGPULSE,670,0.89064,0.33,3.57669,3.55539,3.598,42.61
BOOST_NEGPULSE,670,0.89064,0.34,3.5853,3.5641,3.6065,42.39
BOOST_NEGPULSE,670,0.89064,0.35,3.59337,3.57242,3.61433,41.91
BOOST_NEGPULSE,670,0.89064,0.36,3.60152,3.58077,3.62227,41.5
BOOST_NEGPULSE,670,0.89064,0.37,3.60929,3.58872,3.62986,41.14
BOOST_NEGPULSE,670,0.89064,0.38,3.61699,3.59677,3.6372,40.43
BOOST_NEGPULSE,670,0.89064,0.39,3.62451,3.60442,3.6446,40.18
BOOST_NEGPULSE,670,0.89064,0.4,3.63214,3.61226,3.65203,39.77
BOOST_NEGPULSE,670,0.89064,0.41,3.63955,3.6199,3.6592,39.3
BOOST_NEGPULSE,670,0.89064,0.42,3.64712,3.6274,3.66683,39.43
BOOST_NEGPULSE,670,0.89064,0.43,3.65487,3.6353,3.67443,39.13
BOOST_NEGPULSE,670,0.89064,0.44,3.6627,3.64309,3.6823,39.22
BOOST_NEGPULSE,670,0.89064,0.45,3.67112,3.65147,3.69078,39.3
BOOST_NEGPULSE,670,0.89064,0.46,3.67957,3.6597,3.69943,39.73
BOOST_NEGPULSE,670,0.89064,0.47,3.68874,3.66876,3.70872,39.96
BOOST_NEGPULSE,670,0.89064,0.48,3.69804,3.67777,3.7183,40.53
BOOST_NEGPULSE,670,0.89064,0.49,3.70802,3.68776,3.72828,40.52
BOOST_NEGPULSE,670,0.89064,0.5,3.71832,3.69779,3.73885,41.06
BOOST_NEGPULSE,670,0.89064,0.51,3.72877,3.70826,3.74928,41.02
BOOST_NEGPULSE,670,0.89064,0.52,3.73955,3.71912,3.75999,40.88
BOOST_NEGPULSE,670,0.89064,0.53,3.75025,3.72999,3.7705,40.51
BOOST_NEGPULSE,670,0.89064,0.54,3.76106,3.74099,3.78112,40.13
BOOST_NEGPULSE,670,0.89064,0.55,3.7715,3.75153,3.79148,39.95
BOOST_NEGPULSE,670,0.89064,0.56,3.78181,3.76218,3.80145,39.27
BOOST_NEGPULSE,670,0.89064,0.57,3.79194,3.7724,3.81148,39.07
BOOST_NEGPULSE,670,0.89064,0.58,3.8017,3.7824,3.821,38.6
BOOST_NEGPULSE,670,0.89064,0.59,3.81151,3.79238,3.83065,38.27
BOOST_NEGPULSE,670,0.89064,0.6,3.82094,3.8021,3.83978,37.67
BOOST_NEGPULSE,670,0.89064,0.61,3.83013,3.8114,3.84885,37.44
BOOST_NEGPULSE,670,0.89064,0.62,3.83914,3.82079,3.85748,36.69
BOOST_NEGPULSE,670,0.89064,0.63,3.84768,3.82953,3.86583,36.3
BOOST_NEGPULSE,670,0.89064,0.64,3.85621,3.83829,3.87413,35.84
BOOST_NEGPULSE,670,0.89064,0.65,3.8642,3.84654,3.88186,35.32
BOOST_NEGPULSE,670,0.89064,0.66,3.87231,3.8547,3.88991,35.2
BOOST_NEGPULSE,670,0.89064,0.67,3.88024,3.86274,3.89773,34.99
BOOST_NEGPULSE,670,0.89064,0.68,3.88823,3.87083,3.90563,34.8
BOOST_NEGPULSE,670,0.89064,0.69,3.89651,3.87923,3.91378,34.55
BOOST_NEGPULSE,670,0.89064,0.7,3.90461,3.88744,3.92178,34.34
BOOST_NEGPULSE,670,0.89064,0.71,3.91311,3.89612,3.93011,33.99
BOOST_NEGPULSE,670,0.89064,0.72,3.92192,3.90472,3.93911,34.38
BOOST_NEGPULSE,670,0.89064,0.73,3.93108,3.91364,3.94851,34.86
BOOST_NEGPULSE,670,0.89064,0.74,3.9411,3.92294,3.95926,36.32
BOOST_NEGPULSE,670,0.89064,0.75,3.952,3.93334,3.97066,37.32
BOOST_NEGPULSE,670,0.89064,0.76,3.96334,3.94404,3.98264,38.59
BOOST_NEGPULSE,670,0.89064,0.77,3.97568,3.95573,3.99564,39.91
BOOST_NEGPULSE,670,0.89064,0.78,3.98809,3.96745,4.00874,41.29
BOOST_NEGPULSE,670,0.89064,0.79,4.00106,3.97982,4.02229,42.46
BOOST_NEGPULSE,670,0.89064,0.8,4.01356,3.99195,4.03518,43.24
BOOST_NEGPULSE,670,0.89064,0.81,4.02582,4.00403,4.04761,43.58
BOOST_NEGPULSE,670,0.89064,0.82,4.03699,4.01517,4.05881,43.64
BOOST_NEGPULSE,670,0.89064,0.83,4.04708,4.02555,4.06861,43.06
BOOST_NEGPULSE,670,0.89064,0.84,4.05604,4.03497,4.07711,42.14
BOOST_NEGPULSE,670,0.89064,0.85,4.06326,4.04386,4.08265,38.79
BOOST_NEGPULSE,670,0.89064,0.86,4.06906,4.05198,4.08613,34.15
BOOST_NEGPULSE,670,0.89064,0.87,4.07415,4.05908,4.08923,30.15
BOOST_NEGPULSE,670,0.89064,0.88,4.07813,4.06429,4.09198,27.68
BOOST_NEGPULSE,670,0.89064,0.89,4.08155,4.06799,4.0951,27.12
BOOST_NEGPULSE,670,0.89064,0.9,4.08454,4.0707,4.09838,27.68
BOOST_NEGPULSE,670,0.89064,0.91,4.08771,4.07319,4.10223,29.03
BOOST_NEGPULSE,670,0.89064,0.92,4.09162,4.07619,4.10706,30.86
BOOST_NEGPULSE,670,0.89064,0.93,4.09585,4.07919,4.1125,33.31
BOOST_NEGPULSE,670,0.89064,0.94,4.10119,4.08309,4.11928,36.19
BOOST_NEGPULSE,670,0.89064,0.95,4.10781,4.08769,4.12792,40.23
BOOST_NEGPULSE,670,0.89064,0.96,4.11651,4.09439,4.13862,44.23
BOOST_NEGPULSE,670,0.89064,0.97,4.12741,4.10299,4.15182,48.83
BOOST_NEGPULSE,670,0.89064,0.98,4.1421,4.11549,4.1687,53.21
BOOST_NEGPULSE,670,0.89064,0.99,4.16162,4.13389,4.18934,55.45
BOOST_NEGPULSE,745,0.87695,0.1,3.01226,2.80502,3.21949,414.47
BOOST_NEGPULSE,745,0.87695,0.11,3.15239,2.9974,3.30737,309.97
BOOST_NEGPULSE,745,0.87695,0.12,3.23084,3.10148,3.36019,258.71
BOOST_NEGPULSE,745,0.87695,0.13,3.28558,3.18431,3.38685,202.54
BOOST_NEGPULSE,745,0.87695,0.14,3.32591,3.24972,3.40211,152.39
BOOST_NEGPULSE,745,0.87695,0.15,3.35729,3.29934,3.41523,115.89
BOOST_NEGPULSE,745,0.87695,0.16,3.38277,3.33782,3.42771,89.89
BOOST_NEGPULSE,745,0.87695,0.17,3.4034,3.36748,3.43931,71.83
BOOST_NEGPULSE,745,0.87695,0.18,3.41955,3.38923,3.44987,60.64
BOOST_NEGPULSE,745,0.87695,0.19,3.4328,3.40581,3.45979,53.98
BOOST_NEGPULSE,745,0.87695,0.2,3.44424,3.41884,3.46965,50.81
BOOST_NEGPULSE,745,0.87695,0.21,3.45499,3.43044,3.47955,49.11
BOOST_NEGPULSE,745,0.87695,0.22,3.46535,3.44136,3.48935,48.0
BOOST_NEGPULSE,745,0.87695,0.23,3.4756,3.45167,3.49953,47.86
BOOST_NEGPULSE,745,0.87695,0.24,3.48575,3.46197,3.50953,47.56
BOOST_NEGPULSE,745,0.87695,0.25,3.49584,3.47227,3.5194,47.13
BOOST_NEGPULSE,745,0.87695,0.26,3.50564,3.48209,3.52919,47.1
BOOST_NEGPULSE,745,0.87695,0.27,3.51527,3.49177,3.53878,47.01
BOOST_NEGPULSE,745,0.87695,0.28,3.52468,3.50139,3.54797,46.58
BOOST_NEGPULSE,745,0.87695,0.29,3.53392,3.51059,3.55725,46.66
BOOST_NEGPULSE,745,0.87695,0.3,3.54299,3.52007,3.56591,45.84
BOOST_NEGPULSE,745,0.87695,0.31,3.55187,3.52907,3.57468,45.61
BOOST_NEGPULSE,745,0.87695,0.32,3.56074,3.53809,3.58339,45.3
BOOST_NEGPULSE,745,0.87695,0.33,3.56955,3.54717,3.59192,44.75
BOOST_NEGPULSE,745,0.87695,0.34,3.57823,3.5559,3.60056,44.65
BOOST_NEGPULSE,745,0.87695,0.35,3.58665,3.56457,3.60872,44.15
BOOST_NEGPULSE,745,0.87695,0.36,3.59502,3.573,3.61703,44.02
BOOST_NEGPULSE,745,0.87695,0.37,3.60306,3.58129,3.62483,43.54
BOOST_NEGPULSE,745,0.87695,0.38,3.61114,3.58969,3.6326,42.91
BOOST_NEGPULSE,745,0.87695,0.39,3.61889,3.59759,3.6402,42.61
BOOST_NEGPULSE,745,0.87695,0.4,3.62672,3.6057,3.64774,42.03
BOOST_NEGPULSE,745,0.87695,0.41,3.63455,3.61359,3.6555,41.92
BOOST_NEGPULSE,745,0.87695,0.42,3.64236,3.62179,3.66294,41.15
BOOST_NEGPULSE,745,0.87695,0.43,3.65025,3.62972,3.67079,41.07
BOOST_NEGPULSE,745,0.87695,0.44,3.65834,3.6378,3.67888,41.08
BOOST_NEGPULSE,745,0.87695,0.45,3.66665,3.64616,3.68715,41.0
BOOST_NEGPULSE,745,0.87695,0.46,3.67536,3.65469,3.69602,41.34
BOOST_NEGPULSE,745,0.87695,0.47,3.68427,3.66342,3.70512,41.7
BOOST_NEGPULSE,745,0.87695,0.48,3.69378,3.6729,3.71465,41.75
BOOST_NEGPULSE,745,0.87695,0.49,3.70353,3.68233,3.72472,42.4
BOOST_NEGPULSE,745,0.87695,0.5,3.71381,3.69257,3.73505,42.48
BOOST_NEGPULSE,745,0.87695,0.51,3.72423,3.7029,3.74556,42.66
BOOST_NEGPULSE,745,0.87695,0.52,3.73487,3.71359,3.75615,42.56
BOOST_NEGPULSE,745,0.87695,0.53,3.74573,3.72469,3.76676,42.07
BOOST_NEGPULSE,745,0.87695,0.54,3.75641,3.73539,3.77742,42.03
BOOST_NEGPULSE,745,0.87695,0.55,3.76706,3.7463,3.78782,41.52
BOOST_NEGPULSE,745,0.87695,0.56,3.77737,3.75679,3.79795,41.16
BOOST_NEGPULSE,745,0.87695,0.57,3.78763,3.76739,3.80786,40.47
BOOST_NEGPULSE,745,0.87695,0.58,3.79751,3.7773,3.81772,40.42
BOOST_NEGPULSE,745,0.87695,0.59,3.80725,3.78738,3.82712,39.74
BOOST_NEGPULSE,745,0.87695,0.6,3.81675,3.79693,3.83658,39.65
BOOST_NEGPULSE,745,0.87695,0.61,3.8259,3.80642,3.84538,38.96
BOOST_NEGPULSE,745,0.87695,0.62,3.83497,3.81582,3.85412,38.3
BOOST_NEGPULSE,745,0.87695,0.63,3.84373,3.82479,3.86266,37.87
BOOST_NEGPULSE,745,0.87695,0.64,3.8521,3.83333,3.87088,37.55
BOOST_NEGPULSE,745,0.87695,0.65,3.86012,3.8417,3.87854,36.84
BOOST_NEGPULSE,745,0.87695,0.66,3.86803,3.84973,3.88634,36.61
BOOST_NEGPULSE,745,0.87695,0.67,3.87579,3.85744,3.89414,36.7
BOOST_NEGPULSE,745,0.87695,0.68,3.88358,3.86522,3.90194,36.72
BOOST_NEGPULSE,745,0.87695,0.69,3.89152,3.87315,3.90988,36.73
BOOST_NEGPULSE,745,0.87695,0.7,3.8998,3.88153,3.91806,36.53
BOOST_NEGPULSE,745,0.87695,0.71,3.90836,3.89033,3.9264,36.07
BOOST_NEGPULSE,745,0.87695,0.72,3.91693,3.89895,3.93492,35.97
BOOST_NEGPULSE,745,0.87695,0.73,3.92595,3.90763,3.94426,36.63
BOOST_NEGPULSE,745,0.87695,0.74,3.93579,3.91702,3.95455,37.53
BOOST_NEGPULSE,745,0.87695,0.75,3.94614,3.92684,3.96544,38.6
BOOST_NEGPULSE,745,0.87695,0.76,3.95738,3.93734,3.97743,40.09
BOOST_NEGPULSE,745,0.87695,0.77,3.96953,3.94891,3.99014,41.23
BOOST_NEGPULSE,745,0.87695,0.78,3.98188,3.96054,4.00323,42.69
BOOST_NEGPULSE,745,0.87695,0.79,3.99487,3.97281,4.01693,44.12
BOOST_NEGPULSE,745,0.87695,0.8,4.00751,3.98484,4.03018,45.34
BOOST_NEGPULSE,745,0.87695,0.81,4.02001,3.99693,4.04308,46.15
BOOST_NEGPULSE,745,0.87695,0.82,4.03162,4.00864,4.0546,45.95
BOOST_NEGPULSE,745,0.87695,0.83,4.04215,4.01926,4.06504,45.78
BOOST_NEGPULSE,745,0.87695,0.84,4.05156,4.02885,4.07426,45.41
BOOST_NEGPULSE,745,0.87695,0.85,4.05955,4.03787,4.08122,43.35
BOOST_NEGPULSE,745,0.87695,0.86,4.066,4.04647,4.08553,39.06
BOOST_NEGPULSE,745,0.87695,0.87,4.07088,4.05457,4.08719,32.62
BOOST_NEGPULSE,745,0.87695,0.88,4.0755,4.06089,4.09012,29.23
BOOST_NEGPULSE,745,0.87695,0.89,4.07977,4.06568,4.09387,28.19
BOOST_NEGPULSE,745,0.87695,0.9,4.08326,4.0689,4.09762,28.72
BOOST_NEGPULSE,745,0.87695,0.91,4.08672,4.07189,4.10155,29.67
BOOST_NEGPULSE,745,0.87695,0.92,4.09047,4.07469,4.10625,31.56
BOOST_NEGPULSE,745,0.87695,0.93,4.09456,4.07759,4.11153,33.93
BOOST_NEGPULSE,745,0.87695,0.94,4.09985,4.08139,4.1183,36.91
BOOST_NEGPULSE,745,0.87695,0.95,4.10601,4.0856,4.12643,40.83
BOOST_NEGPULSE,745,0.87695,0.96,4.11419,4.09179,4.13658,44.79
BOOST_NEGPULSE,745,0.87695,0.97,4.12498,4.10029,4.14966,49.36
BOOST_NEGPULSE,745,0.87695,0.98,4.13921,4.1125,4.16592,53.42
BOOST_NEGPULSE,745,0.87695,0.99,4.15868,4.13069,4.18667,55.98
BOOST_NEGPULSE,820,0.86358,0.11,2.97327,2.73847,3.20806,469.59
BOOST_NEGPULSE,820,0.86358,0.12,3.13858,2.97162,3.30555,333.94
BOOST_NEGPULSE,820,0.86358,0.13,3.22348,3.08568,3.36128,275.6
BOOST_NEGPULSE,820,0.86358,0.14,3.27962,3.16945,3.38979,220.34
BOOST_NEGPULSE,820,0.86358,0.15,3.32097,3.2364,3.40554,169.14
BOOST_NEGPULSE,820,0.86358,0.16,3.35429,3.28954,3.41903,129.49
BOOST_NEGPULSE,820,0.86358,0.17,3.38136,3.33088,3.43184,100.95
BOOST_NEGPULSE,820,0.86358,0.18,3.40308,3.3628,3.44335,80.55
BOOST_NEGPULSE,820,0.86358,0.19,3.42045,3.38653,3.45436,67.83
BOOST_NEGPULSE,820,0.86358,0.2,3.43436,3.40426,3.46446,60.2
BOOST_NEGPULSE,820,0.86358,0.21,3.44656,3.41865,3.47446,55.81
BOOST_NEGPULSE,820,0.86358,0.22,3.45781,3.43096,3.48466,53.7
BOOST_NEGPULSE,820,0.86358,0.23,3.46827,3.44206,3.49447,52.4
BOOST_NEGPULSE,820,0.86358,0.24,3.47886,3.45296,3.50476,51.8
BOOST_NEGPULSE,820,0.86358,0.25,3.48902,3.46327,3.51477,51.5
BOOST_NEGPULSE,820,0.86358,0.26,3.49892,3.47356,3.52428,50.72
BOOST_NEGPULSE,820,0.86358,0.27,3.50852,3.48327,3.53378,50.51
BOOST_NEGPULSE,820,0.86358,0.28,3.51798,3.49287,3.54308,50.22
BOOST_NEGPULSE,820,0.86358,0.29,3.52708,3.50247,3.55168,49.22
BOOST_NEGPULSE,820,0.86358,0.3,3.53608,3.51167,3.56049,48.82
BOOST_NEGPULSE,820,0.86358,0.31,3.54508,3.52107,3.56909,48.02
BOOST_NEGPULSE,820,0.86358,0.32,3.55398,3.53007,3.57788,47.81
BOOST_NEGPULSE,820,0.86358,0.33,3.56288,3.53927,3.58649,47.22
BOOST_NEGPULSE,820,0.86358,0.34,3.57149,3.54798,3.59499,47.02
BOOST_NEGPULSE,820,0.86358,0.35,3.58028,3.55697,3.60359,46.63
BOOST_NEGPULSE,820,0.86358,0.36,3.58869,3.56548,3.6119,46.42
BOOST_NEGPULSE,820,0.86358,0.37,3.59728,3.57426,3.6203,46.04
BOOST_NEGPULSE,820,0.86358,0.38,3.60539,3.58248,3.6283,45.82
BOOST_NEGPULSE,820,0.86358,0.39,3.61359,3.59087,3.6363,45.43
BOOST_NEGPULSE,820,0.86358,0.4,3.62159,3.59918,3.644,44.83
BOOST_NEGPULSE,820,0.86358,0.41,3.62959,3.60727,3.65191,44.64
BOOST_NEGPULSE,820,0.86358,0.42,3.63764,3.61567,3.65961,43.94
BOOST_NEGPULSE,820,0.86358,0.43,3.64574,3.62377,3.66771,43.94
BOOST_NEGPULSE,820,0.86358,0.44,3.65403,3.63237,3.6757,43.33
BOOST_NEGPULSE,820,0.86358,0.45,3.6625,3.64068,3.68433,43.65
BOOST_NEGPULSE,820,0.86358,0.46,3.67134,3.64956,3.69312,43.56
BOOST_NEGPULSE,820,0.86358,0.47,3.6803,3.65847,3.70213,43.66
BOOST_NEGPULSE,820,0.86358,0.48,3.68965,3.66757,3.71173,44.16
BOOST_NEGPULSE,820,0.86358,0.49,3.69969,3.67746,3.72193,44.47
BOOST_NEGPULSE,820,0.86358,0.5,3.70975,3.68746,3.73204,44.57
BOOST_NEGPULSE,820,0.86358,0.51,3.72015,3.69767,3.74264,44.97
BOOST_NEGPULSE,820,0.86358,0.52,3.73085,3.70837,3.75333,44.96
BOOST_NEGPULSE,820,0.86358,0.53,3.7417,3.71956,3.76384,44.28
BOOST_NEGPULSE,820,0.86358,0.54,3.75254,3.73036,3.77473,44.37
BOOST_NEGPULSE,820,0.86358,0.55,3.76315,3.74136,3.78494,43.57
BOOST_NEGPULSE,820,0.86358,0.56,3.7736,3.75187,3.79533,43.46
BOOST_NEGPULSE,820,0.86358,0.57,3.7838,3.76246,3.80513,42.67
BOOST_NEGPULSE,820,0.86358,0.58,3.79387,3.77267,3.81507,42.4
BOOST_NEGPULSE,820,0.86358,0.59,3.80356,3.78257,3.82455,41.98
BOOST_NEGPULSE,820,0.86358,0.6,3.81312,3.79257,3.83367,41.1
BOOST_NEGPULSE,820,0.86358,0.61,3.82241,3.80187,3.84296,41.09
BOOST_NEGPULSE,820,0.86358,0.62,3.83146,3.81136,3.85156,40.2
BOOST_NEGPULSE,820,0.86358,0.63,3.84022,3.82028,3.86016,39.88
BOOST_NEGPULSE,820,0.86358,0.64,3.84856,3.82888,3.86824,39.36
BOOST_NEGPULSE,820,0.86358,0.65,3.85662,3.83728,3.87596,38.69
BOOST_NEGPULSE,820,0.86358,0.66,3.86466,3.84557,3.88375,38.18
BOOST_NEGPULSE,820,0.86358,0.67,3.87217,3.85319,3.89116,37.97
BOOST_NEGPULSE,820,0.86358,0.68,3.88007,3.86109,3.89906,37.97
BOOST_NEGPULSE,820,0.86358,0.69,3.88777,3.86869,3.90686,38.17
BOOST_NEGPULSE,820,0.86358,0.7,3.89602,3.87688,3.91516,38.27
BOOST_NEGPULSE,820,0.86358,0.71,3.90419,3.88509,3.92328,38.2
BOOST_NEGPULSE,820,0.86358,0.72,3.9127,3.89359,3.93181,38.22
BOOST_NEGPULSE,820,0.86358,0.73,3.92154,3.90199,3.94108,39.1
BOOST_NEGPULSE,820,0.86358,0.74,3.93099,3.91109,3.9509,39.81
BOOST_NEGPULSE,820,0.86358,0.75,3.94116,3.92049,3.96182,41.33
BOOST_NEGPULSE,820,0.86358,0.76,3.95205,3.93079,3.97332,42.53
BOOST_NEGPULSE,820,0.86358,0.77,3.96401,3.94208,3.98593,43.85
BOOST_NEGPULSE,820,0.86358,0.78,3.97625,3.95349,3.99902,45.53
BOOST_NEGPULSE,820,0.86358,0.79,3.98906,3.96559,4.01253,46.95
BOOST_NEGPULSE,820,0.86358,0.8,4.00201,3.97779,4.02623,48.44
BOOST_NEGPULSE,820,0.86358,0.81,4.0145,3.98979,4.03922,49.43
BOOST_NEGPULSE,820,0.86358,0.82,4.02641,4.00159,4.05123,49.64
BOOST_NEGPULSE,820,0.86358,0.83,4.03734,4.01269,4.06198,49.29
BOOST_NEGPULSE,820,0.86358,0.84,4.04714,4.02289,4.0714,48.51
BOOST_NEGPULSE,820,0.86358,0.85,4.05569,4.03169,4.07968,47.99
BOOST_NEGPULSE,820,0.86358,0.86,4.06261,4.04049,4.08472,44.22
BOOST_NEGPULSE,820,0.86358,0.87,4.06854,4.04899,4.08808,39.09
BOOST_NEGPULSE,820,0.86358,0.88,4.07391,4.0564,4.09142,35.02
BOOST_NEGPULSE,820,0.86358,0.89,4.07849,4.0624,4.09458,32.18
BOOST_NEGPULSE,820,0.86358,0.9,4.08256,4.0668,4.09832,31.52
BOOST_NEGPULSE,820,0.86358,0.91,4.08608,4.0699,4.10226,32.36
BOOST_NEGPULSE,820,0.86358,0.92,4.09007,4.073,4.10715,34.15
BOOST_NEGPULSE,820,0.86358,0.93,4.09435,4.0761,4.1126,36.5
BOOST_NEGPULSE,820,0.86358,0.94,4.09965,4.0796,4.1197,40.1
BOOST_NEGPULSE,820,0.86358,0.95,4.10613,4.0843,4.12796,43.66
BOOST_NEGPULSE,820,0.86358,0.96,4.11435,4.0901,4.1386,48.5
BOOST_NEGPULSE,820,0.86358,0.97,4.12507,4.0986,4.15154,52.94
BOOST_NEGPULSE,820,0.86358,0.98,4.13927,4.1108,4.16774,56.94
BOOST_NEGPULSE,820,0.86358,0.99,4.15797,4.1283,4.18764,59.34
BOOST_NEGPULSE,895,0.8566,0.12,2.99623,2.76138,3.23108,469.69
BOOST_NEGPULSE,895,0.8566,0.13,3.14969,2.97664,3.32274,346.1
BOOST_NEGPULSE,895,0.8566,0.14,3.22974,3.08565,3.37383,288.18
BOOST_NEGPULSE,895,0.8566,0.15,3.28253,3.16628,3.39877,232.49
BOOST_NEGPULSE,895,0.8566,0.16,3.3229,3.23192,3.41387,181.95
BOOST_NEGPULSE,895,0.8566,0.17,3.35601,3.28484,3.42717,142.33
BOOST_NEGPULSE,895,0.8566,0.18,3.38349,3.32713,3.43985,112.72
BOOST_NEGPULSE,895,0.8566,0.19,3.40571,3.3601,3.45133,91.23
BOOST_NEGPULSE,895,0.8566,0.2,3.42382,3.38539,3.46226,76.86
BOOST_NEGPULSE,895,0.8566,0.21,3.43863,3.40449,3.47278,68.29
BOOST_NEGPULSE,895,0.8566,0.22,3.45127,3.41951,3.48303,63.52
BOOST_NEGPULSE,895,0.8566,0.23,3.46295,3.43266,3.49323,60.57
BOOST_NEGPULSE,895,0.8566,0.24,3.4737,3.44431,3.50308,58.77
BOOST_NEGPULSE,895,0.8566,0.25,3.4841,3.45546,3.51274,57.28
BOOST_NEGPULSE,895,0.8566,0.26,3.49425,3.46628,3.52221,55.93
BOOST_NEGPULSE,895,0.8566,0.27,3.50378,3.47631,3.53126,54.95
BOOST_NEGPULSE,895,0.8566,0.28,3.51317,3.48628,3.54006,53.78
BOOST_NEGPULSE,895,0.8566,0.29,3.52221,3.49578,3.54864,52.86
BOOST_NEGPULSE,895,0.8566,0.3,3.53127,3.50524,3.55729,52.05
BOOST_NEGPULSE,895,0.8566,0.31,3.54028,3.51484,3.56572,50.88
BOOST_NEGPULSE,895,0.8566,0.32,3.54921,3.52406,3.57437,50.31
BOOST_NEGPULSE,895,0.8566,0.33,3.55798,3.53316,3.5828,49.64
BOOST_NEGPULSE,895,0.8566,0.34,3.56372,3.54244,3.585,42.56
BOOST_NEGPULSE,895,0.8566,0.35,3.5742,3.55146,3.59693,45.47
BOOST_NEGPULSE,895,0.8566,0.36,3.58368,3.56052,3.60683,46.31
BOOST_NEGPULSE,895,0.8566,0.37,3.5926,3.56926,3.61593,46.67
BOOST_NEGPULSE,895,0.8566,0.38,3.6012,3.57766,3.62474,47.08
BOOST_NEGPULSE,895,0.8566,0.39,3.60975,3.58606,3.63344,47.38
BOOST_NEGPULSE,895,0.8566,0.4,3.6183,3.59469,3.64191,47.22
BOOST_NEGPULSE,895,0.8566,0.41,3.62653,3.60289,3.65018,47.29
BOOST_NEGPULSE,895,0.8566,0.42,3.63488,3.61139,3.65837,46.98
BOOST_NEGPULSE,895,0.8566,0.43,3.64328,3.6197,3.66685,47.15
BOOST_NEGPULSE,895,0.8566,0.44,3.65161,3.62797,3.67525,47.27
BOOST_NEGPULSE,895,0.8566,0.45,3.66045,3.63677,3.68412,47.35
BOOST_NEGPULSE,895,0.8566,0.46,3.66933,3.6455,3.69316,47.65
BOOST_NEGPULSE,895,0.8566,0.47,3.67858,3.65447,3.70269,48.22
BOOST_NEGPULSE,895,0.8566,0.48,3.68821,3.66406,3.71236,48.3
BOOST_NEGPULSE,895,0.8566,0.49,3.69818,3.6737,3.72266,48.95
BOOST_NEGPULSE,895,0.8566,0.5,3.7085,3.68398,3.73302,49.04
BOOST_NEGPULSE,895,0.8566,0.51,3.71894,3.69439,3.74349,49.1
BOOST_NEGPULSE,895,0.8566,0.52,3.72975,3.70518,3.75432,49.14
BOOST_NEGPULSE,895,0.8566,0.53,3.74062,3.71629,3.76496,48.66
BOOST_NEGPULSE,895,0.8566,0.54,3.75148,3.72728,3.77569,48.41
BOOST_NEGPULSE,895,0.8566,0.55,3.76222,3.73839,3.78605,47.66
BOOST_NEGPULSE,895,0.8566,0.56,3.77269,3.74919,3.79619,47.0
BOOST_NEGPULSE,895,0.8566,0.57,3.78295,3.75962,3.80629,46.67
BOOST_NEGPULSE,895,0.8566,0.58,3.79289,3.76989,3.81589,46.0
BOOST_NEGPULSE,895,0.8566,0.59,3.80275,3.78007,3.82542,45.36
BOOST_NEGPULSE,895,0.8566,0.6,3.81223,3.7897,3.83475,45.05
BOOST_NEGPULSE,895,0.8566,0.61,3.82143,3.7991,3.84375,44.65
BOOST_NEGPULSE,895,0.8566,0.62,3.83053,3.8088,3.85225,43.45
BOOST_NEGPULSE,895,0.8566,0.63,3.83927,3.81792,3.86062,42.71
BOOST_NEGPULSE,895,0.8566,0.64,3.84782,3.82695,3.86868,41.73
BOOST_NEGPULSE,895,0.8566,0.65,3.85601,3.83564,3.87639,40.75
BOOST_NEGPULSE,895,0.8566,0.66,3.86381,3.84366,3.88395,40.29
BOOST_NEGPULSE,895,0.8566,0.67,3.87138,3.85124,3.89152,40.27
BOOST_NEGPULSE,895,0.8566,0.68,3.87897,3.85893,3.89902,40.09
BOOST_NEGPULSE,895,0.8566,0.69,3.88665,3.86614,3.90715,41.01
BOOST_NEGPULSE,895,0.8566,0.7,3.89451,3.87374,3.91528,41.54
BOOST_NEGPULSE,895,0.8566,0.71,3.90257,3.88155,3.92359,42.04
BOOST_NEGPULSE,895,0.8566,0.72,3.91116,3.88984,3.93249,42.65
BOOST_NEGPULSE,895,0.8566,0.73,3.91967,3.89784,3.94149,43.64
BOOST_NEGPULSE,895,0.8566,0.74,3.92919,3.90665,3.95172,45.08
BOOST_NEGPULSE,895,0.8566,0.75,3.93916,3.91565,3.96266,47.01
BOOST_NEGPULSE,895,0.8566,0.76,3.94992,3.92544,3.9744,48.96
BOOST_NEGPULSE,895,0.8566,0.77,3.96166,3.93613,3.9872,51.07
BOOST_NEGPULSE,895,0.8566,0.78,3.97369,3.94724,4.00013,52.89
BOOST_NEGPULSE,895,0.8566,0.79,3.98623,3.95874,4.01373,55.0
BOOST_NEGPULSE,895,0.8566,0.8,3.99904,3.97075,4.02732,56.58
BOOST_NEGPULSE,895,0.8566,0.81,4.01147,3.98274,4.0402,57.46
BOOST_NEGPULSE,895,0.8566,0.82,4.0232,3.99425,4.05214,57.89
BOOST_NEGPULSE,895,0.8566,0.83,4.03397,4.00555,4.06238,56.83
BOOST_NEGPULSE,895,0.8566,0.84,4.04384,4.01616,4.07152,55.36
BOOST_NEGPULSE,895,0.8566,0.85,4.05248,4.02507,4.0799,54.83
BOOST_NEGPULSE,895,0.8566,0.86,4.0592,4.03338,4.08502,51.64
BOOST_NEGPULSE,895,0.8566,0.87,4.06517,4.04148,4.08886,47.38
BOOST_NEGPULSE,895,0.8566,0.88,4.07101,4.04967,4.09234,42.67
BOOST_NEGPULSE,895,0.8566,0.89,4.07615,4.05659,4.09572,39.13
BOOST_NEGPULSE,895,0.8566,0.9,4.08137,4.06299,4.09976,36.77
BOOST_NEGPULSE,895,0.8566,0.91,4.0856,4.0672,4.104,36.8
BOOST_NEGPULSE,895,0.8566,0.92,4.09,4.0706,4.1094,38.8
BOOST_NEGPULSE,895,0.8566,0.93,4.09502,4.07429,4.11574,41.45
BOOST_NEGPULSE,895,0.8566,0.94,4.10056,4.0779,4.12322,45.32
BOOST_NEGPULSE,895,0.8566,0.95,4.10766,4.08239,4.13292,50.53
BOOST_NEGPULSE,895,0.8566,0.96,4.11619,4.0879,4.14448,56.58
BOOST_NEGPULSE,895,0.8566,0.97,4.12755,4.09599,4.1591,63.11
BOOST_NEGPULSE,895,0.8566,0.98,4.14225,4.1072,4.17731,70.11
BOOST_NEGPULSE,895,0.8566,0.99,4.16205,4.12499,4.1991,74.11
BOOST_NEGPULSE,970,0.83902,0.13,2.87851,2.59374,3.16329,569.55
BOOST_NEGPULSE,970,0.83902,0.14,3.09687,2.90233,3.29142,389.09
BOOST_NEGPULSE,970,0.83902,0.15,3.20046,3.04058,3.36034,319.76
BOOST_NEGPULSE,970,0.83902,0.16,3.26254,3.12912,3.39596,266.84
BOOST_NEGPULSE,970,0.83902,0.17,3.30713,3.19995,3.4143,214.35
BOOST_NEGPULSE,970,0.83902,0.18,3.34347,3.25848,3.42845,169.96
BOOST_NEGPULSE,970,0.83902,0.19,3.37372,3.30626,3.44119,134.94
BOOST_NEGPULSE,970,0.83902,0.2,3.3988,3.34428,3.45332,109.05
BOOST_NEGPULSE,970,0.83902,0.21,3.4191,3.37384,3.46437,90.54
BOOST_NEGPULSE,970,0.83902,0.22,3.43586,3.39648,3.47523,78.74
BOOST_NEGPULSE,970,0.83902,0.23,3.44971,3.41386,3.48556,71.7
BOOST_NEGPULSE,970,0.83902,0.24,3.46209,3.42834,3.49583,67.49
BOOST_NEGPULSE,970,0.83902,0.25,3.4733,3.44099,3.50562,64.63
BOOST_NEGPULSE,970,0.83902,0.26,3.48387,3.45273,3.51502,62.29
BOOST_NEGPULSE,970,0.83902,0.27,3.49404,3.46393,3.52415,60.23
BOOST_NEGPULSE,970,0.83902,0.28,3.50374,3.47434,3.53314,58.8
BOOST_NEGPULSE,970,0.83902,0.29,3.51307,3.48452,3.54162,57.1
BOOST_NEGPULSE,970,0.83902,0.3,3.52218,3.49422,3.55014,55.92
BOOST_NEGPULSE,970,0.83902,0.31,3.53124,3.50374,3.55874,55.01
BOOST_NEGPULSE,970,0.83902,0.32,3.54008,3.51284,3.56731,54.46
BOOST_NEGPULSE,970,0.83902,0.33,3.54907,3.52234,3.57581,53.47
BOOST_NEGPULSE,970,0.83902,0.34,3.55785,3.53134,3.58435,53.0
BOOST_NEGPULSE,970,0.83902,0.35,3.56692,3.54062,3.59323,52.61
BOOST_NEGPULSE,970,0.83902,0.36,3.57569,3.54954,3.60183,52.28
BOOST_NEGPULSE,970,0.83902,0.37,3.58451,3.55824,3.61077,52.53
BOOST_NEGPULSE,970,0.83902,0.38,3.59347,3.56734,3.61961,52.28
BOOST_NEGPULSE,970,0.83902,0.39,3.60215,3.57624,3.62805,51.81
BOOST_NEGPULSE,970,0.83902,0.4,3.611,3.58533,3.63667,51.34
BOOST_NEGPULSE,970,0.83902,0.41,3.61963,3.59415,3.64512,50.96
BOOST_NEGPULSE,970,0.83902,0.42,3.62837,3.60322,3.65352,50.3
BOOST_NEGPULSE,970,0.83902,0.43,3.63703,3.61195,3.66212,50.16
BOOST_NEGPULSE,970,0.83902,0.44,3.64559,3.62064,3.67055,49.92
BOOST_NEGPULSE,970,0.83902,0.45,3.65447,3.62944,3.6795,50.06
BOOST_NEGPULSE,970,0.83902,0.46,3.66345,3.63844,3.68846,50.02
BOOST_NEGPULSE,970,0.83902,0.47,3.67263,3.64734,3.69792,50.58
BOOST_NEGPULSE,970,0.83902,0.48,3.6821,3.65683,3.70738,50.55
BOOST_NEGPULSE,970,0.83902,0.49,3.69196,3.66635,3.71756,51.21
BOOST_NEGPULSE,970,0.83902,0.5,3.70205,3.67643,3.72768,51.25
BOOST_NEGPULSE,970,0.83902,0.51,3.71265,3.68692,3.73838,51.46
BOOST_NEGPULSE,970,0.83902,0.52,3.72321,3.69754,3.74888,51.34
BOOST_NEGPULSE,970,0.83902,0.53,3.7339,3.70833,3.75948,51.15
BOOST_NEGPULSE,970,0.83902,0.54,3.74482,3.71952,3.77012,50.6
BOOST_NEGPULSE,970,0.83902,0.55,3.7556,3.73044,3.78076,50.32
BOOST_NEGPULSE,970,0.83902,0.56,3.76621,3.74151,3.7909,49.39
BOOST_NEGPULSE,970,0.83902,0.57,3.77669,3.75224,3.80114,48.9
BOOST_NEGPULSE,970,0.83902,0.58,3.7867,3.76264,3.81076,48.12
BOOST_NEGPULSE,970,0.83902,0.59,3.79668,3.77293,3.82044,47.51
BOOST_NEGPULSE,970,0.83902,0.6,3.80644,3.78303,3.82986,46.83
BOOST_NEGPULSE,970,0.83902,0.61,3.81564,3.79254,3.83874,46.2
BOOST_NEGPULSE,970,0.83902,0.62,3.82495,3.80223,3.84768,45.45
BOOST_NEGPULSE,970,0.83902,0.63,3.83383,3.81135,3.8563,44.95
BOOST_NEGPULSE,970,0.83902,0.64,3.84234,3.82024,3.86444,44.2
BOOST_NEGPULSE,970,0.83902,0.65,3.85079,3.82904,3.87254,43.5
BOOST_NEGPULSE,970,0.83902,0.66,3.8587,3.83728,3.88012,42.84
BOOST_NEGPULSE,970,0.83902,0.67,3.86635,3.84506,3.88764,42.58
BOOST_NEGPULSE,970,0.83902,0.68,3.87409,3.85307,3.89512,42.05
BOOST_NEGPULSE,970,0.83902,0.69,3.88154,3.86037,3.90272,42.35
BOOST_NEGPULSE,970,0.83902,0.7,3.88931,3.86786,3.91076,42.9
BOOST_NEGPULSE,970,0.83902,0.71,3.89738,3.87547,3.91929,43.83
BOOST_NEGPULSE,970,0.83902,0.72,3.90551,3.88316,3.92787,44.71
BOOST_NEGPULSE,970,0.83902,0.73,3.91408,3.89125,3.93692,45.66
BOOST_NEGPULSE,970,0.83902,0.74,3.92319,3.89956,3.94682,47.25
BOOST_NEGPULSE,970,0.83902,0.75,3.93259,3.90806,3.95712,49.05
BOOST_NEGPULSE,970,0.83902,0.76,3.94307,3.91756,3.96859,51.03
BOOST_NEGPULSE,970,0.83902,0.77,3.95413,3.92726,3.98099,53.73
BOOST_NEGPULSE,970,0.83902,0.78,3.96597,3.93815,3.99379,55.64
BOOST_NEGPULSE,970,0.83902,0.79,3.97831,3.94936,4.00726,57.91
BOOST_NEGPULSE,970,0.83902,0.8,3.99088,3.96077,4.02099,60.22
BOOST_NEGPULSE,970,0.83902,0.81,4.00349,3.97276,4.03422,61.46
BOOST_NEGPULSE,970,0.83902,0.82,4.01564,3.98466,4.04662,61.95
BOOST_NEGPULSE,970,0.83902,0.83,4.02687,3.99607,4.05767,61.6
BOOST_NEGPULSE,970,0.83902,0.84,4.03708,4.00726,4.06689,59.63
BOOST_NEGPULSE,970,0.83902,0.85,4.04677,4.01747,4.07607,58.59
BOOST_NEGPULSE,970,0.83902,0.86,4.05439,4.02588,4.0829,57.01
BOOST_NEGPULSE,970,0.83902,0.87,4.06074,4.03408,4.0874,53.32
BOOST_NEGPULSE,970,0.83902,0.88,4.0667,4.04229,4.09112,48.83
BOOST_NEGPULSE,970,0.83902,0.89,4.07261,4.05029,4.09492,44.64
BOOST_NEGPULSE,970,0.83902,0.9,4.0783,4.05789,4.09872,40.83
BOOST_NEGPULSE,970,0.83902,0.91,4.08343,4.0635,4.10337,39.88
BOOST_NEGPULSE,970,0.83902,0.92,4.08821,4.0676,4.10882,41.22
BOOST_NEGPULSE,970,0.83902,0.93,4.09327,4.071,4.11554,44.55
BOOST_NEGPULSE,970,0.83902,0.94,4.09911,4.0747,4.12352,48.82
BOOST_NEGPULSE,970,0.83902,0.95,4.10629,4.0794,4.13319,53.8
BOOST_NEGPULSE,970,0.83902,0.96,4.1151,4.0851,4.14511,60.02
BOOST_NEGPULSE,970,0.83902,0.97,4.12644,4.0929,4.15999,67.09
BOOST_NEGPULSE,970,0.83902,0.98,4.14129,4.1046,4.17798,73.39
BOOST_NEGPULSE,970,0.83902,0.99,4.16078,4.1218,4.19977,77.97
BOOST_NEGPULSE,1045,0.82257,0.15,3.01251,2.7693,3.25573,486.43
BOOST_NEGPULSE,1045,0.82257,0.16,3.16181,2.98018,3.34344,363.26
BOOST_NEGPULSE,1045,0.82257,0.17,3.23911,3.08711,3.39111,304.0
BOOST_NEGPULSE,1045,0.82257,0.18,3.29043,3.16682,3.41403,247.21
BOOST_NEGPULSE,1045,0.82257,0.19,3.33115,3.23348,3.42882,195.34
BOOST_NEGPULSE,1045,0.82257,0.2,3.36471,3.28758,3.44185,154.27
BOOST_NEGPULSE,1045,0.82257,0.21,3.39175,3.32957,3.45393,124.36
BOOST_NEGPULSE,1045,0.82257,0.22,3.41416,3.36289,3.46543,102.54
BOOST_NEGPULSE,1045,0.82257,0.23,3.43233,3.38836,3.47631,87.95
BOOST_NEGPULSE,1045,0.82257,0.24,3.44743,3.40798,3.48689,78.91
BOOST_NEGPULSE,1045,0.82257,0.25,3.46045,3.4237,3.49719,73.49
BOOST_NEGPULSE,1045,0.82257,0.26,3.47205,3.43704,3.50707,70.03
BOOST_NEGPULSE,1045,0.82257,0.27,3.48301,3.44933,3.5167,67.37
BOOST_NEGPULSE,1045,0.82257,0.28,3.49357,3.46102,3.52612,65.1
BOOST_NEGPULSE,1045,0.82257,0.29,3.50335,3.47174,3.53497,63.23
BOOST_NEGPULSE,1045,0.82257,0.3,3.51298,3.48213,3.54383,61.7
BOOST_NEGPULSE,1045,0.82257,0.31,3.52243,3.49214,3.55273,60.59
BOOST_NEGPULSE,1045,0.82257,0.32,3.53152,3.50167,3.56137,59.7
BOOST_NEGPULSE,1045,0.82257,0.33,3.5408,3.51146,3.57013,58.67
BOOST_NEGPULSE,1045,0.82257,0.34,3.54987,3.52087,3.57888,58.01
BOOST_NEGPULSE,1045,0.82257,0.35,3.55885,3.53007,3.58763,57.56
BOOST_NEGPULSE,1045,0.82257,0.36,3.568,3.53946,3.59654,57.07
BOOST_NEGPULSE,1045,0.82257,0.37,3.5769,3.54867,3.60514,56.47
BOOST_NEGPULSE,1045,0.82257,0.38,3.58584,3.55757,3.61412,56.54
BOOST_NEGPULSE,1045,0.82257,0.39,3.59479,3.56687,3.6227,55.83
BOOST_NEGPULSE,1045,0.82257,0.4,3.60356,3.57577,3.63136,55.59
BOOST_NEGPULSE,1045,0.82257,0.41,3.61255,3.58496,3.64014,55.18
BOOST_NEGPULSE,1045,0.82257,0.42,3.62123,3.59387,3.64858,54.72
BOOST_NEGPULSE,1045,0.82257,0.43,3.6299,3.60247,3.65733,54.86
BOOST_NEGPULSE,1045,0.82257,0.44,3.63868,3.61146,3.66591,54.44
BOOST_NEGPULSE,1045,0.82257,0.45,3.64755,3.62027,3.67483,54.57
BOOST_NEGPULSE,1045,0.82257,0.46,3.65662,3.62947,3.68377,54.3
BOOST_NEGPULSE,1045,0.82257,0.47,3.66604,3.63896,3.69312,54.16
BOOST_NEGPULSE,1045,0.82257,0.48,3.67557,3.64848,3.70267,54.2
BOOST_NEGPULSE,1045,0.82257,0.49,3.68547,3.65846,3.71247,54.01
BOOST_NEGPULSE,1045,0.82257,0.5,3.69566,3.66857,3.72276,54.19
BOOST_NEGPULSE,1045,0.82257,0.51,3.70576,3.67857,3.73296,54.39
BOOST_NEGPULSE,1045,0.82257,0.52,3.71639,3.68906,3.74372,54.66
BOOST_NEGPULSE,1045,0.82257,0.53,3.72721,3.70006,3.75436,54.29
BOOST_NEGPULSE,1045,0.82257,0.54,3.73798,3.711,3.76496,53.96
BOOST_NEGPULSE,1045,0.82257,0.55,3.74898,3.7222,3.77576,53.56
BOOST_NEGPULSE,1045,0.82257,0.56,3.7595,3.7331,3.7859,52.8
BOOST_NEGPULSE,1045,0.82257,0.57,3.7702,3.7441,3.79629,52.19
BOOST_NEGPULSE,1045,0.82257,0.58,3.7805,3.7546,3.8064,51.8
BOOST_NEGPULSE,1045,0.82257,0.59,3.7907,3.7652,3.81619,50.99
BOOST_NEGPULSE,1045,0.82257,0.6,3.80056,3.7752,3.82592,50.72
BOOST_NEGPULSE,1045,0.82257,0.61,3.81016,3.7853,3.83502,49.72
BOOST_NEGPULSE,1045,0.82257,0.62,3.81956,3.7949,3.84422,49.32
BOOST_NEGPULSE,1045,0.82257,0.63,3.82861,3.8045,3.85273,48.23
BOOST_NEGPULSE,1045,0.82257,0.64,3.8373,3.8134,3.8612,47.8
BOOST_NEGPULSE,1045,0.82257,0.65,3.84568,3.8223,3.86905,46.75
BOOST_NEGPULSE,1045,0.82257,0.66,3.85392,3.8309,3.87694,46.04
BOOST_NEGPULSE,1045,0.82257,0.67,3.86168,3.83909,3.88426,45.17
BOOST_NEGPULSE,1045,0.82257,0.68,3.86922,3.84669,3.89174,45.05
BOOST_NEGPULSE,1045,0.82257,0.69,3.87687,3.85439,3.89935,44.96
BOOST_NEGPULSE,1045,0.82257,0.7,3.88457,3.86159,3.90754,45.95
BOOST_NEGPULSE,1045,0.82257,0.71,3.89243,3.86909,3.91576,46.67
BOOST_NEGPULSE,1045,0.82257,0.72,3.90047,3.87659,3.92434,47.75
BOOST_NEGPULSE,1045,0.82257,0.73,3.90911,3.88479,3.93344,48.65
BOOST_NEGPULSE,1045,0.82257,0.74,3.91816,3.89329,3.94304,49.74
BOOST_NEGPULSE,1045,0.82257,0.75,3.92761,3.90199,3.95322,51.23
BOOST_NEGPULSE,1045,0.82257,0.76,3.93768,3.91099,3.96436,53.37
BOOST_NEGPULSE,1045,0.82257,0.77,3.94848,3.92079,3.97616,55.37
BOOST_NEGPULSE,1045,0.82257,0.78,3.96002,3.93099,3.98905,58.06
BOOST_NEGPULSE,1045,0.82257,0.79,3.97217,3.94209,4.00225,60.17
BOOST_NEGPULSE,1045,0.82257,0.8,3.98447,3.95339,4.01556,62.17
BOOST_NEGPULSE,1045,0.82257,0.81,3.99707,3.96509,4.02905,63.96
BOOST_NEGPULSE,1045,0.82257,0.82,4.00928,3.97679,4.04176,64.97
BOOST_NEGPULSE,1045,0.82257,0.83,4.02087,3.98839,4.05336,64.97
BOOST_NEGPULSE,1045,0.82257,0.84,4.03133,3.99979,4.06288,63.09
BOOST_NEGPULSE,1045,0.82257,0.85,4.04113,4.01029,4.07197,61.68
BOOST_NEGPULSE,1045,0.82257,0.86,4.05013,4.01979,4.08048,60.69
BOOST_NEGPULSE,1045,0.82257,0.87,4.05699,4.02789,4.08609,58.19
BOOST_NEGPULSE,1045,0.82257,0.88,4.06309,4.03579,4.09038,54.59
BOOST_NEGPULSE,1045,0.82257,0.89,4.06933,4.04409,4.09458,50.49
BOOST_NEGPULSE,1045,0.82257,0.9,4.07529,4.05199,4.09859,46.6
BOOST_NEGPULSE,1045,0.82257,0.91,4.08145,4.05949,4.1034,43.91
BOOST_NEGPULSE,1045,0.82257,0.92,4.087,4.06489,4.1091,44.21
BOOST_NEGPULSE,1045,0.82257,0.93,4.09235,4.0692,4.1155,46.3
BOOST_NEGPULSE,1045,0.82257,0.94,4.0982,4.0728,4.1236,50.8
BOOST_NEGPULSE,1045,0.82257,0.95,4.1052,4.0771,4.1333,56.2
BOOST_NEGPULSE,1045,0.82257,0.96,4.1138,4.0824,4.1452,62.8
BOOST_NEGPULSE,1045,0.82257,0.97,4.1247,4.0898,4.1596,69.8
BOOST_NEGPULSE,1045,0.82257,0.98,4.1391,4.1007,4.1775,76.8
BOOST_NEGPULSE,1045,0.82257,0.99,4.15815,4.1177,4.1986,80.9
BOOST_NEGPULSE,1120,0.78689,0.18,2.84675,2.54032,3.15317,612.84
BOOST_NEGPULSE,1120,0.78689,0.19,3.06998,2.84483,3.29514,450.3
BOOST_NEGPULSE,1120,0.78689,0.2,3.19172,3.01544,3.36801,352.58
BOOST_NEGPULSE,1120,0.78689,0.21,3.25718,3.10851,3.40586,297.35
BOOST_NEGPULSE,1120,0.78689,0.22,3.3013,3.17796,3.42463,246.67
BOOST_NEGPULSE,1120,0.78689,0.23,3.33774,3.23675,3.43873,201.98
BOOST_NEGPULSE,1120,0.78689,0.24,3.36931,3.28693,3.45169,164.76
BOOST_NEGPULSE,1120,0.78689,0.25,3.39626,3.32873,3.46379,135.06
BOOST_NEGPULSE,1120,0.78689,0.26,3.41895,3.3624,3.47549,113.09
BOOST_NEGPULSE,1120,0.78689,0.27,3.43768,3.38896,3.4864,97.44
BOOST_NEGPULSE,1120,0.78689,0.28,3.45321,3.40952,3.4969,87.38
BOOST_NEGPULSE,1120,0.78689,0.29,3.46658,3.42616,3.507,80.84
BOOST_NEGPULSE,1120,0.78689,0.3,3.47851,3.44048,3.51655,76.07
BOOST_NEGPULSE,1120,0.78689,0.31,3.48944,3.45318,3.5257,72.52
BOOST_NEGPULSE,1120,0.78689,0.32,3.50003,3.46532,3.53475,69.43
BOOST_NEGPULSE,1120,0.78689,0.33,3.51002,3.47653,3.5435,66.97
BOOST_NEGPULSE,1120,0.78689,0.34,3.51954,3.48694,3.55215,65.22
BOOST_NEGPULSE,1120,0.78689,0.35,3.52911,3.49742,3.56081,63.39
BOOST_NEGPULSE,1120,0.78689,0.36,3.5385,3.50725,3.56976,62.51
BOOST_NEGPULSE,1120,0.78689,0.37,3.54782,3.51704,3.57861,61.57
BOOST_NEGPULSE,1120,0.78689,0.38,3.55719,3.52692,3.58746,60.54
BOOST_NEGPULSE,1120,0.78689,0.39,3.56636,3.53625,3.59646,60.21
BOOST_NEGPULSE,1120,0.78689,0.4,3.57544,3.54573,3.60516,59.43
BOOST_NEGPULSE,1120,0.78689,0.41,3.58457,3.55503,3.61411,59.08
BOOST_NEGPULSE,1120,0.78689,0.42,3.59363,3.56405,3.62321,59.16
BOOST_NEGPULSE,1120,0.78689,0.43,3.60272,3.57343,3.63202,58.59
BOOST_NEGPULSE,1120,0.78689,0.44,3.61203,3.58294,3.64112,58.18
BOOST_NEGPULSE,1120,0.78689,0.45,3.62103,3.59214,3.64992,57.78
BOOST_NEGPULSE,1120,0.78689,0.46,3.63021,3.60154,3.65888,57.34
BOOST_NEGPULSE,1120,0.78689,0.47,3.6395,3.61104,3.66797,56.93
BOOST_NEGPULSE,1120,0.78689,0.48,3.64853,3.62004,3.67703,56.99
BOOST_NEGPULSE,1120,0.78689,0.49,3.65792,3.62943,3.68642,56.99
BOOST_NEGPULSE,1120,0.78689,0.5,3.66734,3.63874,3.69594,57.2
BOOST_NEGPULSE,1120,0.78689,0.51,3.67704,3.64824,3.70583,57.59
BOOST_NEGPULSE,1120,0.78689,0.52,3.68698,3.65821,3.71575,57.54
BOOST_NEGPULSE,1120,0.78689,0.53,3.69722,3.66833,3.7261,57.78
BOOST_NEGPULSE,1120,0.78689,0.54,3.7077,3.67854,3.73685,58.3
BOOST_NEGPULSE,1120,0.78689,0.55,3.71836,3.68931,3.7474,58.09
BOOST_NEGPULSE,1120,0.78689,0.56,3.72925,3.70014,3.75836,58.22
BOOST_NEGPULSE,1120,0.78689,0.57,3.74013,3.71122,3.76905,57.83
BOOST_NEGPULSE,1120,0.78689,0.58,3.75107,3.72253,3.7796,57.08
BOOST_NEGPULSE,1120,0.78689,0.59,3.76184,3.73353,3.79015,56.62
BOOST_NEGPULSE,1120,0.78689,0.6,3.77258,3.74491,3.80025,55.34
BOOST_NEGPULSE,1120,0.78689,0.61,3.7831,3.75584,3.81036,54.52
BOOST_NEGPULSE,1120,0.78689,0.62,3.79344,3.76674,3.82014,53.4
BOOST_NEGPULSE,1120,0.78689,0.63,3.80368,3.77746,3.8299,52.44
BOOST_NEGPULSE,1120,0.78689,0.64,3.81358,3.78787,3.83929,51.42
BOOST_NEGPULSE,1120,0.78689,0.65,3.82303,3.79788,3.84819,50.32
BOOST_NEGPULSE,1120,0.78689,0.66,3.83231,3.80767,3.85695,49.28
BOOST_NEGPULSE,1120,0.78689,0.67,3.84112,3.81716,3.86508,47.92
BOOST_NEGPULSE,1120,0.78689,0.68,3.84933,3.82587,3.87279,46.92
BOOST_NEGPULSE,1120,0.78689,0.69,3.8574,3.83437,3.88044,46.07
BOOST_NEGPULSE,1120,0.78689,0.7,3.86508,3.84247,3.88769,45.22
BOOST_NEGPULSE,1120,0.78689,0.71,3.87268,3.85008,3.89529,45.22
BOOST_NEGPULSE,1120,0.78689,0.72,3.8805,3.85808,3.90292,44.85
BOOST_NEGPULSE,1120,0.78689,0.73,3.88824,3.86568,3.91079,45.11
BOOST_NEGPULSE,1120,0.78689,0.74,3.89639,3.87338,3.9194,46.03
BOOST_NEGPULSE,1120,0.78689,0.75,3.90448,3.88088,3.92808,47.2
BOOST_NEGPULSE,1120,0.78689,0.76,3.91322,3.88908,3.93736,48.28
BOOST_NEGPULSE,1120,0.78689,0.77,3.92231,3.89738,3.94725,49.87
BOOST_NEGPULSE,1120,0.78689,0.78,3.93214,3.90648,3.9578,51.33
BOOST_NEGPULSE,1120,0.78689,0.79,3.94284,3.91607,3.9696,53.53
BOOST_NEGPULSE,1120,0.78689,0.8,3.95427,3.92677,3.98176,54.99
BOOST_NEGPULSE,1120,0.78689,0.81,3.9663,3.93798,3.99462,56.64
BOOST_NEGPULSE,1120,0.78689,0.82,3.97912,3.95017,4.00806,57.89
BOOST_NEGPULSE,1120,0.78689,0.83,3.99197,3.96258,4.02136,58.78
BOOST_NEGPULSE,1120,0.78689,0.84,4.00509,3.97548,4.0347,59.22
BOOST_NEGPULSE,1120,0.78689,0.85,4.01734,3.98789,4.0468,58.91
BOOST_NEGPULSE,1120,0.78689,0.86,4.0285,3.99998,4.05702,57.04
BOOST_NEGPULSE,1120,0.78689,0.87,4.03825,4.01119,4.06532,54.13
BOOST_NEGPULSE,1120,0.78689,0.88,4.04739,4.02059,4.07418,53.59
BOOST_NEGPULSE,1120,0.78689,0.89,4.0551,4.02819,4.082,53.81
BOOST_NEGPULSE,1120,0.78689,0.9,4.0615,4.03519,4.0878,52.61
BOOST_NEGPULSE,1120,0.78689,0.91,4.06767,4.04279,4.09254,49.75
BOOST_NEGPULSE,1120,0.78689,0.92,4.07409,4.05119,4.09698,45.79
BOOST_NEGPULSE,1120,0.78689,0.93,4.08038,4.0587,4.10206,43.36
BOOST_NEGPULSE,1120,0.78689,0.94,4.08644,4.0651,4.10778,42.68
BOOST_NEGPULSE,1120,0.78689,0.95,4.09229,4.07,4.11458,44.58
BOOST_NEGPULSE,1120,0.78689,0.96,4.09879,4.0747,4.12288,48.18
BOOST_NEGPULSE,1120,0.78689,0.97,4.10699,4.0812,4.13278,51.58
BOOST_NEGPULSE,1120,0.78689,0.98,4.11745,4.0899,4.145,55.11
BOOST_NEGPULSE,1120,0.78689,0.99,4.13172,4.1037,4.15973,56.03
BOOST_NEGPULSE,1130,0.81198,0.16,3.00444,2.82367,3.18521,361.54
BOOST_NEGPULSE,1130,0.81198,0.17,3.13958,2.99728,3.28188,284.61
BOOST_NEGPULSE,1130,0.81198,0.18,3.22038,3.09316,3.3476,254.43
BOOST_NEGPULSE,1130,0.81198,0.19,3.27995,3.16759,3.39231,224.71
BOOST_NEGPULSE,1130,0.81198,0.2,3.32199,3.2296,3.41439,184.79
BOOST_NEGPULSE,1130,0.81198,0.21,3.35355,3.28038,3.42671,146.33
BOOST_NEGPULSE,1130,0.81198,0.22,3.37908,3.32074,3.43742,116.68
BOOST_NEGPULSE,1130,0.81198,0.23,3.39995,3.35258,3.44732,94.74
BOOST_NEGPULSE,1130,0.81198,0.24,3.41747,3.37748,3.45746,79.98
BOOST_NEGPULSE,1130,0.81198,0.25,3.4319,3.39627,3.46753,71.27
BOOST_NEGPULSE,1130,0.81198,0.26,3.44449,3.41137,3.47762,66.25
BOOST_NEGPULSE,1130,0.81198,0.27,3.45624,3.42454,3.48793,63.39
BOOST_NEGPULSE,1130,0.81198,0.28,3.46752,3.43671,3.49833,61.62
BOOST_NEGPULSE,1130,0.81198,0.29,3.47842,3.44848,3.50836,59.89
BOOST_NEGPULSE,1130,0.81198,0.3,3.48944,3.46024,3.51864,58.39
BOOST_NEGPULSE,1130,0.81198,0.31,3.49999,3.47121,3.52876,57.55
BOOST_NEGPULSE,1130,0.81198,0.32,3.50333,3.48191,3.52475,42.83
BOOST_NEGPULSE,1130,0.81198,0.33,3.51727,3.49191,3.54263,50.72
BOOST_NEGPULSE,1130,0.81198,0.34,3.5284,3.50188,3.55493,53.05
BOOST_NEGPULSE,1130,0.81198,0.35,3.53895,3.51178,3.56613,54.36
BOOST_NEGPULSE,1130,0.81198,0.36,3.54917,3.5212,3.57714,55.93
BOOST_NEGPULSE,1130,0.81198,0.37,3.55912,3.5308,3.58744,56.64
BOOST_NEGPULSE,1130,0.81198,0.38,3.56896,3.54058,3.59735,56.77
BOOST_NEGPULSE,1130,0.81198,0.39,3.57857,3.5501,3.60704,56.94
BOOST_NEGPULSE,1130,0.81198,0.4,3.58777,3.55958,3.61596,56.37
BOOST_NEGPULSE,1130,0.81198,0.41,3.5968,3.56883,3.62477,55.94
BOOST_NEGPULSE,1130,0.81198,0.42,3.60544,3.57763,3.63326,55.62
BOOST_NEGPULSE,1130,0.81198,0.43,3.61404,3.58661,3.64146,54.85
BOOST_NEGPULSE,1130,0.81198,0.44,3.62232,3.59516,3.64947,54.31
BOOST_NEGPULSE,1130,0.81198,0.45,3.63054,3.6034,3.65768,54.28
BOOST_NEGPULSE,1130,0.81198,0.46,3.63871,3.61166,3.66576,54.1
BOOST_NEGPULSE,1130,0.81198,0.47,3.64692,3.62004,3.67381,53.77
BOOST_NEGPULSE,1130,0.81198,0.48,3.65534,3.6283,3.68239,54.09
BOOST_NEGPULSE,1130,0.81198,0.49,3.66386,3.63676,3.69097,54.22
BOOST_NEGPULSE,1130,0.81198,0.5,3.67268,3.64539,3.69998,54.59
BOOST_NEGPULSE,1130,0.81198,0.51,3.68166,3.65417,3.70914,54.97
BOOST_NEGPULSE,1130,0.81198,0.52,3.69119,3.66346,3.71893,55.47
BOOST_NEGPULSE,1130,0.81198,0.53,3.70082,3.6728,3.72883,56.02
BOOST_NEGPULSE,1130,0.81198,0.54,3.71104,3.68294,3.73914,56.2
BOOST_NEGPULSE,1130,0.81198,0.55,3.72143,3.69317,3.74968,56.51
BOOST_NEGPULSE,1130,0.81198,0.56,3.73211,3.70404,3.76018,56.14
BOOST_NEGPULSE,1130,0.81198,0.57,3.74302,3.71516,3.77088,55.72
BOOST_NEGPULSE,1130,0.81198,0.58,3.75364,3.72601,3.78126,55.25
BOOST_NEGPULSE,1130,0.81198,0.59,3.76424,3.7368,3.79168,54.88
BOOST_NEGPULSE,1130,0.81198,0.6,3.7748,3.74777,3.80184,54.07
BOOST_NEGPULSE,1130,0.81198,0.61,3.78496,3.7584,3.81152,53.11
BOOST_NEGPULSE,1130,0.81198,0.62,3.79504,3.76879,3.82129,52.5
BOOST_NEGPULSE,1130,0.81198,0.63,3.8048,3.77918,3.83042,51.24
BOOST_NEGPULSE,1130,0.81198,0.64,3.81434,3.78912,3.83957,50.45
BOOST_NEGPULSE,1130,0.81198,0.65,3.82345,3.79842,3.84849,50.08
BOOST_NEGPULSE,1130,0.81198,0.66,3.8325,3.8078,3.8572,49.39
BOOST_NEGPULSE,1130,0.81198,0.67,3.84107,3.81683,3.8653,48.46
BOOST_NEGPULSE,1130,0.81198,0.68,3.8496,3.8257,3.8735,47.79
BOOST_NEGPULSE,1130,0.81198,0.69,3.85766,3.83422,3.8811,46.88
BOOST_NEGPULSE,1130,0.81198,0.7,3.86562,3.84225,3.889,46.74
BOOST_NEGPULSE,1130,0.81198,0.71,3.87354,3.85024,3.89684,46.6
BOOST_NEGPULSE,1130,0.81198,0.72,3.88161,3.85833,3.9049,46.57
BOOST_NEGPULSE,1130,0.81198,0.73,3.88998,3.86633,3.91362,47.29
BOOST_NEGPULSE,1130,0.81198,0.74,3.89829,3.87436,3.92222,47.86
BOOST_NEGPULSE,1130,0.81198,0.75,3.90723,3.88304,3.93142,48.39
BOOST_NEGPULSE,1130,0.81198,0.76,3.91653,3.89195,3.94112,49.17
BOOST_NEGPULSE,1130,0.81198,0.77,3.92646,3.90123,3.95169,50.46
BOOST_NEGPULSE,1130,0.81198,0.78,3.9369,3.91094,3.96286,51.92
BOOST_NEGPULSE,1130,0.81198,0.79,3.9483,3.92153,3.97506,53.53
BOOST_NEGPULSE,1130,0.81198,0.8,3.96024,3.93254,3.98793,55.39
BOOST_NEGPULSE,1130,0.81198,0.81,3.97317,3.94482,4.00152,56.7
BOOST_NEGPULSE,1130,0.81198,0.82,3.98619,3.95714,4.01523,58.09
BOOST_NEGPULSE,1130,0.81198,0.83,3.99965,3.97014,4.02917,59.03
BOOST_NEGPULSE,1130,0.81198,0.84,4.013,3.98325,4.04276,59.51
BOOST_NEGPULSE,1130,0.81198,0.85,4.02567,3.99615,4.05518,59.03
BOOST_NEGPULSE,1130,0.81198,0.86,4.03724,4.00826,4.06622,57.96
BOOST_NEGPULSE,1130,0.81198,0.87,4.04733,4.01898,4.07568,56.7
BOOST_NEGPULSE,1130,0.81198,0.88,4.05597,4.02916,4.08278,53.62
BOOST_NEGPULSE,1130,0.81198,0.89,4.06281,4.03838,4.08724,48.86
BOOST_NEGPULSE,1130,0.81198,0.9,4.069,4.04718,4.09082,43.64
BOOST_NEGPULSE,1130,0.81198,0.91,4.07498,4.05538,4.09458,39.2
BOOST_NEGPULSE,1130,0.81198,0.92,4.08031,4.06219,4.09843,36.25
BOOST_NEGPULSE,1130,0.81198,0.93,4.08501,4.06699,4.10302,36.03
BOOST_NEGPULSE,1130,0.81198,0.94,4.08942,4.0705,4.10834,37.85
BOOST_NEGPULSE,1130,0.81198,0.95,4.09444,4.0743,4.11459,40.3
BOOST_NEGPULSE,1130,0.81198,0.96,4.10017,4.0783,4.12204,43.74
BOOST_NEGPULSE,1130,0.81198,0.97,4.10754,4.0837,4.13138,47.69
BOOST_NEGPULSE,1130,0.81198,0.98,4.11699,4.0915,4.14248,50.98
BOOST_NEGPULSE,1130,0.81198,0.99,4.1296,4.10349,4.1557,52.21
BOOST_NEGPULSE,1205,0.82183,0.15,2.89489,2.64127,3.14852,507.25
BOOST_NEGPULSE,1205,0.82183,0.16,3.08183,2.89703,3.26662,369.59
BOOST_NEGPULSE,1205,0.82183,0.17,3.18071,3.02147,3.33995,318.48
BOOST_NEGPULSE,1205,0.82183,0.18,3.2479,3.10722,3.38858,281.36
BOOST_NEGPULSE,1205,0.82183,0.19,3.29598,3.1774,3.41455,237.15
BOOST_NEGPULSE,1205,0.82183,0.2,3.33236,3.23622,3.42849,192.27
BOOST_NEGPULSE,1205,0.82183,0.21,3.362,3.28419,3.43982,155.62
BOOST_NEGPULSE,1205,0.82183,0.22,3.38676,3.32329,3.45023,126.94
BOOST_NEGPULSE,1205,0.82183,0.23,3.40764,3.35446,3.46082,106.36
BOOST_NEGPULSE,1205,0.82183,0.24,3.42543,3.37974,3.47112,91.38
BOOST_NEGPULSE,1205,0.82183,0.25,3.44067,3.39961,3.48174,82.13
BOOST_NEGPULSE,1205,0.82183,0.26,3.45423,3.41624,3.49223,76.0
BOOST_NEGPULSE,1205,0.82183,0.27,3.46638,3.42982,3.50294,73.12
BOOST_NEGPULSE,1205,0.82183,0.28,3.47788,3.44252,3.51325,70.73
BOOST_NEGPULSE,1205,0.82183,0.29,3.48892,3.45418,3.52366,69.47
BOOST_NEGPULSE,1205,0.82183,0.3,3.4999,3.46566,3.53414,68.48
BOOST_NEGPULSE,1205,0.82183,0.31,3.51035,3.47633,3.54436,68.03
BOOST_NEGPULSE,1205,0.82183,0.32,3.52084,3.48663,3.55504,68.41
BOOST_NEGPULSE,1205,0.82183,0.33,3.53104,3.49691,3.56517,68.26
BOOST_NEGPULSE,1205,0.82183,0.34,3.54099,3.50663,3.57536,68.72
BOOST_NEGPULSE,1205,0.82183,0.35,3.55079,3.51671,3.58487,68.16
BOOST_NEGPULSE,1205,0.82183,0.36,3.56053,3.52648,3.59457,68.09
BOOST_NEGPULSE,1205,0.82183,0.37,3.57,3.53633,3.60368,67.35
BOOST_NEGPULSE,1205,0.82183,0.38,3.57943,3.54588,3.61298,67.09
BOOST_NEGPULSE,1205,0.82183,0.39,3.58856,3.55543,3.62168,66.25
BOOST_NEGPULSE,1205,0.82183,0.4,3.59756,3.56464,3.63048,65.84
BOOST_NEGPULSE,1205,0.82183,0.41,3.60636,3.57404,3.63869,64.65
BOOST_NEGPULSE,1205,0.82183,0.42,3.61497,3.58286,3.64709,64.23
BOOST_NEGPULSE,1205,0.82183,0.43,3.62353,3.59176,3.65529,63.53
BOOST_NEGPULSE,1205,0.82183,0.44,3.63188,3.60006,3.66369,63.63
BOOST_NEGPULSE,1205,0.82183,0.45,3.64033,3.60866,3.672,63.34
BOOST_NEGPULSE,1205,0.82183,0.46,3.64883,3.61696,3.6807,63.74
BOOST_NEGPULSE,1205,0.82183,0.47,3.65753,3.62566,3.6894,63.74
BOOST_NEGPULSE,1205,0.82183,0.48,3.66643,3.63416,3.6987,64.54
BOOST_NEGPULSE,1205,0.82183,0.49,3.67562,3.64324,3.708,64.76
BOOST_NEGPULSE,1205,0.82183,0.5,3.68508,3.65226,3.7179,65.64
BOOST_NEGPULSE,1205,0.82183,0.51,3.69483,3.66176,3.7279,66.14
BOOST_NEGPULSE,1205,0.82183,0.52,3.70511,3.67149,3.73873,67.24
BOOST_NEGPULSE,1205,0.82183,0.53,3.71554,3.68174,3.74934,67.6
BOOST_NEGPULSE,1205,0.82183,0.54,3.72621,3.69209,3.76034,68.25
BOOST_NEGPULSE,1205,0.82183,0.55,3.73709,3.70316,3.77103,67.88
BOOST_NEGPULSE,1205,0.82183,0.56,3.74795,3.71407,3.78183,67.76
BOOST_NEGPULSE,1205,0.82183,0.57,3.75864,3.72524,3.79204,66.8
BOOST_NEGPULSE,1205,0.82183,0.58,3.76915,3.73607,3.80223,66.16
BOOST_NEGPULSE,1205,0.82183,0.59,3.77943,3.74694,3.81193,64.99
BOOST_NEGPULSE,1205,0.82183,0.6,3.78951,3.75739,3.82163,64.24
BOOST_NEGPULSE,1205,0.82183,0.61,3.79939,3.76786,3.83093,63.08
BOOST_NEGPULSE,1205,0.82183,0.62,3.80907,3.7778,3.84033,62.53
BOOST_NEGPULSE,1205,0.82183,0.63,3.81853,3.7879,3.84916,61.25
BOOST_NEGPULSE,1205,0.82183,0.64,3.82769,3.79743,3.85795,60.52
BOOST_NEGPULSE,1205,0.82183,0.65,3.83652,3.80699,3.86606,59.06
BOOST_NEGPULSE,1205,0.82183,0.66,3.84505,3.81584,3.87426,58.42
BOOST_NEGPULSE,1205,0.82183,0.67,3.85322,3.82459,3.88185,57.26
BOOST_NEGPULSE,1205,0.82183,0.68,3.86144,3.83324,3.88965,56.41
BOOST_NEGPULSE,1205,0.82183,0.69,3.86952,3.8419,3.89715,55.25
BOOST_NEGPULSE,1205,0.82183,0.7,3.87755,3.84974,3.90536,55.62
BOOST_NEGPULSE,1205,0.82183,0.71,3.8857,3.85783,3.91356,55.74
BOOST_NEGPULSE,1205,0.82183,0.72,3.8939,3.86544,3.92237,56.93
BOOST_NEGPULSE,1205,0.82183,0.73,3.90245,3.87323,3.93167,58.44
BOOST_NEGPULSE,1205,0.82183,0.74,3.91113,3.88083,3.94142,60.59
BOOST_NEGPULSE,1205,0.82183,0.75,3.92057,3.88904,3.9521,63.06
BOOST_NEGPULSE,1205,0.82183,0.76,3.93044,3.89714,3.96374,66.61
BOOST_NEGPULSE,1205,0.82183,0.77,3.94109,3.90594,3.97624,70.3
BOOST_NEGPULSE,1205,0.82183,0.78,3.95225,3.91484,3.98966,74.82
BOOST_NEGPULSE,1205,0.82183,0.79,3.96414,3.92464,4.00363,78.99
BOOST_NEGPULSE,1205,0.82183,0.8,3.97615,3.93465,4.01766,83.01
BOOST_NEGPULSE,1205,0.82183,0.81,3.98848,3.94564,4.03132,85.68
BOOST_NEGPULSE,1205,0.82183,0.82,4.00039,3.95654,4.04424,87.7
BOOST_NEGPULSE,1205,0.82183,0.83,4.01204,3.96805,4.05603,87.98
BOOST_NEGPULSE,1205,0.82183,0.84,4.0226,3.97925,4.06596,86.71
BOOST_NEGPULSE,1205,0.82183,0.85,4.03302,3.99055,4.0755,84.95
BOOST_NEGPULSE,1205,0.82183,0.86,4.04207,4.00125,4.0829,81.64
BOOST_NEGPULSE,1205,0.82183,0.87,4.04969,4.01155,4.08783,76.28
BOOST_NEGPULSE,1205,0.82183,0.88,4.05607,4.02037,4.09178,71.41
BOOST_NEGPULSE,1205,0.82183,0.89,4.06201,4.02818,4.09585,67.67
BOOST_NEGPULSE,1205,0.82183,0.9,4.06806,4.03547,4.10065,65.17
BOOST_NEGPULSE,1205,0.82183,0.91,4.07458,4.04348,4.10568,62.2
BOOST_NEGPULSE,1205,0.82183,0.92,4.08165,4.05128,4.11202,60.74
BOOST_NEGPULSE,1205,0.82183,0.93,4.08896,4.05879,4.11914,60.35
BOOST_NEGPULSE,1205,0.82183,0.94,4.09615,4.06439,4.1279,63.51
BOOST_NEGPULSE,1205,0.82183,0.95,4.10384,4.06919,4.13848,69.29
BOOST_NEGPULSE,1205,0.82183,0.96,4.11243,4.07379,4.15106,77.27
BOOST_NEGPULSE,1205,0.82183,0.97,4.12332,4.08039,4.16624,85.85
BOOST_NEGPULSE,1205,0.82183,0.98,4.13708,4.09009,4.18406,93.97
BOOST_NEGPULSE,1280,0.81015,0.16,2.94795,2.71896,3.17693,457.97
BOOST_NEGPULSE,1280,0.81015,0.17,3.11006,2.93804,3.28208,344.04
BOOST_NEGPULSE,1280,0.81015,0.18,3.19738,3.04421,3.35054,306.33
BOOST_NEGPULSE,1280,0.81015,0.19,3.25714,3.11806,3.39623,278.17
BOOST_NEGPULSE,1280,0.81015,0.2,3.29971,3.17916,3.42026,241.11
BOOST_NEGPULSE,1280,0.81015,0.21,3.33305,3.23265,3.43344,200.79
BOOST_NEGPULSE,1280,0.81015,0.22,3.36148,3.27862,3.44435,165.73
BOOST_NEGPULSE,1280,0.81015,0.23,3.38628,3.3177,3.45485,137.15
BOOST_NEGPULSE,1280,0.81015,0.24,3.40764,3.34983,3.46546,115.63
BOOST_NEGPULSE,1280,0.81015,0.25,3.4259,3.37621,3.47559,99.38
BOOST_NEGPULSE,1280,0.81015,0.26,3.44153,3.39701,3.48604,89.04
BOOST_NEGPULSE,1280,0.81015,0.27,3.45493,3.41356,3.4963,82.73
BOOST_NEGPULSE,1280,0.81015,0.28,3.46729,3.42779,3.50678,78.99
BOOST_NEGPULSE,1280,0.81015,0.29,3.4786,3.44012,3.51708,76.96
BOOST_NEGPULSE,1280,0.81015,0.3,3.48977,3.45175,3.52779,76.04
BOOST_NEGPULSE,1280,0.81015,0.31,3.50057,3.46295,3.53819,75.25
BOOST_NEGPULSE,1280,0.81015,0.32,3.51125,3.4735,3.549,75.49
BOOST_NEGPULSE,1280,0.81015,0.33,3.52142,3.48341,3.55942,76.02
BOOST_NEGPULSE,1280,0.81015,0.34,3.53162,3.49321,3.57003,76.82
BOOST_NEGPULSE,1280,0.81015,0.35,3.54136,3.50261,3.58011,77.5
BOOST_NEGPULSE,1280,0.81015,0.36,3.55124,3.51243,3.59006,77.63
BOOST_NEGPULSE,1280,0.81015,0.37,3.56098,3.52226,3.5997,77.44
BOOST_NEGPULSE,1280,0.81015,0.38,3.57056,3.53213,3.60898,76.85
BOOST_NEGPULSE,1280,0.81015,0.39,3.58017,3.54224,3.61811,75.88
BOOST_NEGPULSE,1280,0.81015,0.4,3.58945,3.55211,3.62679,74.68
BOOST_NEGPULSE,1280,0.81015,0.41,3.59872,3.56201,3.63544,73.43
BOOST_NEGPULSE,1280,0.81015,0.42,3.60766,3.57153,3.64378,72.25
BOOST_NEGPULSE,1280,0.81015,0.43,3.61644,3.58081,3.65207,71.26
BOOST_NEGPULSE,1280,0.81015,0.44,3.62506,3.58993,3.66019,70.25
BOOST_NEGPULSE,1280,0.81015,0.45,3.63366,3.59871,3.6686,69.9
BOOST_NEGPULSE,1280,0.81015,0.46,3.64226,3.60763,3.67688,69.25
BOOST_NEGPULSE,1280,0.81015,0.47,3.6509,3.61621,3.6856,69.39
BOOST_NEGPULSE,1280,0.81015,0.48,3.65971,3.62513,3.69428,69.15
BOOST_NEGPULSE,1280,0.81015,0.49,3.66882,3.63394,3.7037,69.76
BOOST_NEGPULSE,1280,0.81015,0.5,3.67828,3.64324,3.71332,70.08
BOOST_NEGPULSE,1280,0.81015,0.51,3.688,3.65244,3.72357,71.13
BOOST_NEGPULSE,1280,0.81015,0.52,3.69777,3.66184,3.7337,71.86
BOOST_NEGPULSE,1280,0.81015,0.53,3.70787,3.67146,3.74428,72.82
BOOST_NEGPULSE,1280,0.81015,0.54,3.71827,3.68184,3.75469,72.85
BOOST_NEGPULSE,1280,0.81015,0.55,3.72882,3.69224,3.7654,73.16
BOOST_NEGPULSE,1280,0.81015,0.56,3.73956,3.70332,3.77579,72.47
BOOST_NEGPULSE,1280,0.81015,0.57,3.75026,3.7142,3.78633,72.13
BOOST_NEGPULSE,1280,0.81015,0.58,3.76097,3.72552,3.79643,70.91
BOOST_NEGPULSE,1280,0.81015,0.59,3.77143,3.73632,3.80654,70.22
BOOST_NEGPULSE,1280,0.81015,0.6,3.78173,3.74724,3.81623,68.99
BOOST_NEGPULSE,1280,0.81015,0.61,3.79188,3.75782,3.82594,68.12
BOOST_NEGPULSE,1280,0.81015,0.62,3.80168,3.76822,3.83514,66.92
BOOST_NEGPULSE,1280,0.81015,0.63,3.81135,3.77816,3.84454,66.38
BOOST_NEGPULSE,1280,0.81015,0.64,3.82062,3.788,3.85324,65.24
BOOST_NEGPULSE,1280,0.81015,0.65,3.82973,3.79749,3.86197,64.48
BOOST_NEGPULSE,1280,0.81015,0.66,3.83836,3.80674,3.86997,63.23
BOOST_NEGPULSE,1280,0.81015,0.67,3.84704,3.81599,3.87808,62.08
BOOST_NEGPULSE,1280,0.81015,0.68,3.85546,3.82525,3.88567,60.43
BOOST_NEGPULSE,1280,0.81015,0.69,3.86354,3.8338,3.89328,59.48
BOOST_NEGPULSE,1280,0.81015,0.7,3.87177,3.84217,3.90137,59.2
BOOST_NEGPULSE,1280,0.81015,0.71,3.87978,3.84999,3.90958,59.59
BOOST_NEGPULSE,1280,0.81015,0.72,3.88822,3.85799,3.91846,60.48
BOOST_NEGPULSE,1280,0.81015,0.73,3.8964,3.8653,3.9275,62.2
BOOST_NEGPULSE,1280,0.81015,0.74,3.9051,3.87291,3.9373,64.39
BOOST_NEGPULSE,1280,0.81015,0.75,3.914,3.88049,3.9475,67.01
BOOST_NEGPULSE,1280,0.81015,0.76,3.92385,3.88889,3.9588,69.91
BOOST_NEGPULSE,1280,0.81015,0.77,3.93405,3.89739,3.9707,73.31
BOOST_NEGPULSE,1280,0.81015,0.78,3.94535,3.9066,3.9841,77.5
BOOST_NEGPULSE,1280,0.81015,0.79,3.95684,3.91607,3.9976,81.53
BOOST_NEGPULSE,1280,0.81015,0.8,3.96907,3.92625,4.0119,85.65
BOOST_NEGPULSE,1280,0.81015,0.81,3.98123,3.9365,4.02595,89.45
BOOST_NEGPULSE,1280,0.81015,0.82,3.9935,3.94755,4.03944,91.89
BOOST_NEGPULSE,1280,0.81015,0.83,4.00586,3.95948,4.05224,92.76
BOOST_NEGPULSE,1280,0.81015,0.84,4.01744,3.97175,4.06313,91.38
BOOST_NEGPULSE,1280,0.81015,0.85,4.02847,3.9837,4.07323,89.53
BOOST_NEGPULSE,1280,0.81015,0.86,4.0384,3.99557,4.08122,85.65
BOOST_NEGPULSE,1280,0.81015,0.87,4.04661,4.0065,4.08672,80.22
BOOST_NEGPULSE,1280,0.81015,0.88,4.05407,4.01732,4.09082,73.5
BOOST_NEGPULSE,1280,0.81015,0.89,4.06107,4.02693,4.09522,68.29
BOOST_NEGPULSE,1280,0.81015,0.9,4.06814,4.03664,4.09963,62.99
BOOST_NEGPULSE,1280,0.81015,0.91,4.07509,4.04506,4.10513,60.08
BOOST_NEGPULSE,1280,0.81015,0.92,4.0823,4.05346,4.11114,57.68
BOOST_NEGPULSE,1280,0.81015,0.93,4.08961,4.06057,4.11866,58.09
BOOST_NEGPULSE,1280,0.81015,0.94,4.09657,4.06589,4.12726,61.38
BOOST_NEGPULSE,1280,0.81015,0.95,4.10418,4.07037,4.13798,67.61
BOOST_NEGPULSE,1280,0.81015,0.96,4.11254,4.07469,4.1504,75.7
BOOST_NEGPULSE,1280,0.81015,0.97,4.12319,4.08088,4.1655,84.63
BOOST_NEGPULSE,1280,0.81015,0.98,4.13623,4.08949,4.18298,93.49
BOOST_NEGPULSE,1355,0.79842,0.17,2.92328,2.6819,3.16467,482.77
BOOST_NEGPULSE,1355,0.79842,0.18,3.10023,2.92155,3.27892,357.37
BOOST_NEGPULSE,1355,0.79842,0.19,3.19293,3.03513,3.35072,315.59
BOOST_NEGPULSE,1355,0.79842,0.2,3.25292,3.10661,3.39923,292.61
BOOST_NEGPULSE,1355,0.79842,0.21,3.29456,3.16432,3.42481,260.49
BOOST_NEGPULSE,1355,0.79842,0.22,3.32695,3.21524,3.43866,223.42
BOOST_NEGPULSE,1355,0.79842,0.23,3.3549,3.26042,3.44938,188.96
BOOST_NEGPULSE,1355,0.79842,0.24,3.3797,3.30004,3.45937,159.33
BOOST_NEGPULSE,1355,0.79842,0.25,3.4018,3.33402,3.46957,135.55
BOOST_NEGPULSE,1355,0.79842,0.26,3.42108,3.36266,3.4795,116.84
BOOST_NEGPULSE,1355,0.79842,0.27,3.43816,3.38634,3.48998,103.64
BOOST_NEGPULSE,1355,0.79842,0.28,3.45259,3.40508,3.50011,95.03
BOOST_NEGPULSE,1355,0.79842,0.29,3.46565,3.42058,3.51071,90.13
BOOST_NEGPULSE,1355,0.79842,0.3,3.47755,3.43408,3.52102,86.94
BOOST_NEGPULSE,1355,0.79842,0.31,3.48905,3.4465,3.5316,85.09
BOOST_NEGPULSE,1355,0.79842,0.32,3.49999,3.45791,3.54208,84.17
BOOST_NEGPULSE,1355,0.79842,0.33,3.51076,3.46884,3.55268,83.84
BOOST_NEGPULSE,1355,0.79842,0.34,3.52129,3.47941,3.56316,83.75
BOOST_NEGPULSE,1355,0.79842,0.35,3.53141,3.48931,3.57351,84.2
BOOST_NEGPULSE,1355,0.79842,0.36,3.54151,3.49928,3.58374,84.47
BOOST_NEGPULSE,1355,0.79842,0.37,3.55129,3.50887,3.59372,84.86
BOOST_NEGPULSE,1355,0.79842,0.38,3.56122,3.51861,3.60383,85.22
BOOST_NEGPULSE,1355,0.79842,0.39,3.57089,3.52854,3.61323,84.69
BOOST_NEGPULSE,1355,0.79842,0.4,3.58037,3.53808,3.62266,84.58
BOOST_NEGPULSE,1355,0.79842,0.41,3.58986,3.54794,3.63178,83.84
BOOST_NEGPULSE,1355,0.79842,0.42,3.59891,3.55734,3.64047,83.13
BOOST_NEGPULSE,1355,0.79842,0.43,3.608,3.56684,3.64915,82.31
BOOST_NEGPULSE,1355,0.79842,0.44,3.6168,3.57594,3.65765,81.71
BOOST_NEGPULSE,1355,0.79842,0.45,3.62593,3.58578,3.66609,80.32
BOOST_NEGPULSE,1355,0.79842,0.46,3.63487,3.59498,3.67476,79.78
BOOST_NEGPULSE,1355,0.79842,0.47,3.64388,3.6044,3.68337,78.96
BOOST_NEGPULSE,1355,0.79842,0.48,3.65297,3.61348,3.69247,78.99
BOOST_NEGPULSE,1355,0.79842,0.49,3.66217,3.6229,3.70144,78.53
BOOST_NEGPULSE,1355,0.79842,0.5,3.6714,3.6317,3.71109,79.38
BOOST_NEGPULSE,1355,0.79842,0.51,3.68083,3.64088,3.72079,79.91
BOOST_NEGPULSE,1355,0.79842,0.52,3.69052,3.65001,3.73102,81.02
BOOST_NEGPULSE,1355,0.79842,0.53,3.7004,3.65968,3.74112,81.44
BOOST_NEGPULSE,1355,0.79842,0.54,3.71057,3.66941,3.75172,82.32
BOOST_NEGPULSE,1355,0.79842,0.55,3.72094,3.67978,3.76209,82.3
BOOST_NEGPULSE,1355,0.79842,0.56,3.73147,3.69028,3.77265,82.37
BOOST_NEGPULSE,1355,0.79842,0.57,3.74211,3.70128,3.78294,81.66
BOOST_NEGPULSE,1355,0.79842,0.58,3.75272,3.71226,3.79318,80.92
BOOST_NEGPULSE,1355,0.79842,0.59,3.76328,3.72341,3.80316,79.75
BOOST_NEGPULSE,1355,0.79842,0.6,3.77387,3.73466,3.81308,78.42
BOOST_NEGPULSE,1355,0.79842,0.61,3.78402,3.74546,3.82258,77.12
BOOST_NEGPULSE,1355,0.79842,0.62,3.79419,3.7562,3.83218,75.98
BOOST_NEGPULSE,1355,0.79842,0.63,3.80389,3.76656,3.84122,74.66
BOOST_NEGPULSE,1355,0.79842,0.64,3.81363,3.7768,3.85045,73.65
BOOST_NEGPULSE,1355,0.79842,0.65,3.82288,3.78666,3.85911,72.45
BOOST_NEGPULSE,1355,0.79842,0.66,3.83209,3.79642,3.86775,71.33
BOOST_NEGPULSE,1355,0.79842,0.67,3.84086,3.80589,3.87582,69.93
BOOST_NEGPULSE,1355,0.79842,0.68,3.84932,3.81498,3.88365,68.67
BOOST_NEGPULSE,1355,0.79842,0.69,3.85779,3.82407,3.89152,67.45
BOOST_NEGPULSE,1355,0.79842,0.7,3.86583,3.83239,3.89926,66.88
BOOST_NEGPULSE,1355,0.79842,0.71,3.8743,3.84079,3.90781,67.02
BOOST_NEGPULSE,1355,0.79842,0.72,3.88248,3.84853,3.91644,67.91
BOOST_NEGPULSE,1355,0.79842,0.73,3.89108,3.85628,3.92588,69.6
BOOST_NEGPULSE,1355,0.79842,0.74,3.89967,3.86392,3.93543,71.52
BOOST_NEGPULSE,1355,0.79842,0.75,3.90892,3.87181,3.94603,74.22
BOOST_NEGPULSE,1355,0.79842,0.76,3.91855,3.88011,3.95698,76.87
BOOST_NEGPULSE,1355,0.79842,0.77,3.9286,3.88813,3.96908,80.95
BOOST_NEGPULSE,1355,0.79842,0.78,3.93927,3.89692,3.98163,84.71
BOOST_NEGPULSE,1355,0.79842,0.79,3.95041,3.90572,3.9951,89.38
BOOST_NEGPULSE,1355,0.79842,0.8,3.96209,3.91531,4.00888,93.57
BOOST_NEGPULSE,1355,0.79842,0.81,3.97405,3.92532,4.02277,97.45
BOOST_NEGPULSE,1355,0.79842,0.82,3.98626,3.936,4.03652,100.52
BOOST_NEGPULSE,1355,0.79842,0.83,3.99812,3.94703,4.04922,102.19
BOOST_NEGPULSE,1355,0.79842,0.84,4.00956,3.9587,4.06042,101.72
BOOST_NEGPULSE,1355,0.79842,0.85,4.02017,3.97024,4.07011,99.88
BOOST_NEGPULSE,1355,0.79842,0.86,4.03072,3.98212,4.07932,97.2
BOOST_NEGPULSE,1355,0.79842,0.87,4.03948,3.99344,4.08552,92.09
BOOST_NEGPULSE,1355,0.79842,0.88,4.04758,4.00484,4.09032,85.49
BOOST_NEGPULSE,1355,0.79842,0.89,4.05486,4.01525,4.09447,79.22
BOOST_NEGPULSE,1355,0.79842,0.9,4.06214,4.02485,4.09942,74.57
BOOST_NEGPULSE,1355,0.79842,0.91,4.0691,4.03347,4.10474,71.26
BOOST_NEGPULSE,1355,0.79842,0.92,4.07712,4.04286,4.11138,68.52
BOOST_NEGPULSE,1355,0.79842,0.93,4.08546,4.05167,4.11925,67.58
BOOST_NEGPULSE,1355,0.79842,0.94,4.09445,4.05978,4.12913,69.34
BOOST_NEGPULSE,1355,0.79842,0.95,4.10301,4.06559,4.14044,74.85
BOOST_NEGPULSE,1355,0.79842,0.96,4.11245,4.07079,4.15412,83.33
BOOST_NEGPULSE,1355,0.79842,0.97,4.1231,4.07629,4.1699,93.61
BOOST_NEGPULSE,1355,0.79842,0.98,4.13673,4.08479,4.18866,103.87
BOOST_NEGPULSE,1430,0.78239,0.18,2.81338,2.53488,3.09189,557.02
BOOST_NEGPULSE,1430,0.78239,0.19,3.03879,2.82962,3.24795,418.33
BOOST_NEGPULSE,1430,0.78239,0.2,3.15724,2.98206,3.33242,350.36
BOOST_NEGPULSE,1430,0.78239,0.21,3.22655,3.06413,3.38897,324.84
BOOST_NEGPULSE,1430,0.78239,0.22,3.27328,3.12451,3.42205,297.54
BOOST_NEGPULSE,1430,0.78239,0.23,3.3073,3.17565,3.43895,263.3
BOOST_NEGPULSE,1430,0.78239,0.24,3.33622,3.22224,3.45021,227.97
BOOST_NEGPULSE,1430,0.78239,0.25,3.3628,3.26508,3.46051,195.43
BOOST_NEGPULSE,1430,0.78239,0.26,3.38723,3.30406,3.47041,166.36
BOOST_NEGPULSE,1430,0.78239,0.27,3.4095,3.33828,3.48072,142.44
BOOST_NEGPULSE,1430,0.78239,0.28,3.42941,3.3674,3.49143,124.03
BOOST_NEGPULSE,1430,0.78239,0.29,3.44634,3.39017,3.50252,112.35
BOOST_NEGPULSE,1430,0.78239,0.3,3.46082,3.40829,3.51335,105.06
BOOST_NEGPULSE,1430,0.78239,0.31,3.47386,3.42321,3.52451,101.29
BOOST_NEGPULSE,1430,0.78239,0.32,3.48596,3.43646,3.53545,98.99
BOOST_NEGPULSE,1430,0.78239,0.33,3.49733,3.44856,3.54611,97.55
BOOST_NEGPULSE,1430,0.78239,0.34,3.50819,3.45991,3.55647,96.56
BOOST_NEGPULSE,1430,0.78239,0.35,3.519,3.47072,3.56728,96.56
BOOST_NEGPULSE,1430,0.78239,0.36,3.52944,3.48124,3.57765,96.41
BOOST_NEGPULSE,1430,0.78239,0.37,3.53974,3.49122,3.58825,97.03
BOOST_NEGPULSE,1430,0.78239,0.38,3.54969,3.50122,3.59816,96.94
BOOST_NEGPULSE,1430,0.78239,0.39,3.55949,3.51082,3.60816,97.34
BOOST_NEGPULSE,1430,0.78239,0.4,3.56915,3.52066,3.61765,96.99
BOOST_NEGPULSE,1430,0.78239,0.41,3.57884,3.53052,3.62715,96.63
BOOST_NEGPULSE,1430,0.78239,0.42,3.58821,3.54018,3.63623,96.05
BOOST_NEGPULSE,1430,0.78239,0.43,3.59763,3.55002,3.64524,95.22
BOOST_NEGPULSE,1430,0.78239,0.44,3.60666,3.55966,3.65366,94.0
BOOST_NEGPULSE,1430,0.78239,0.45,3.61599,3.56944,3.66254,93.1
BOOST_NEGPULSE,1430,0.78239,0.46,3.62493,3.5788,3.67106,92.26
BOOST_NEGPULSE,1430,0.78239,0.47,3.63405,3.58817,3.67992,91.75
BOOST_NEGPULSE,1430,0.78239,0.48,3.64304,3.5974,3.68867,91.27
BOOST_NEGPULSE,1430,0.78239,0.49,3.65224,3.60666,3.69783,91.17
BOOST_NEGPULSE,1430,0.78239,0.5,3.66139,3.61579,3.70699,91.21
BOOST_NEGPULSE,1430,0.78239,0.51,3.6709,3.62506,3.71675,91.7
BOOST_NEGPULSE,1430,0.78239,0.52,3.68044,3.63439,3.7265,92.11
BOOST_NEGPULSE,1430,0.78239,0.53,3.69039,3.64399,3.73679,92.8
BOOST_NEGPULSE,1430,0.78239,0.54,3.70056,3.6542,3.74692,92.71
BOOST_NEGPULSE,1430,0.78239,0.55,3.71098,3.66447,3.75749,93.02
BOOST_NEGPULSE,1430,0.78239,0.56,3.72132,3.67479,3.76784,93.05
BOOST_NEGPULSE,1430,0.78239,0.57,3.73186,3.6851,3.77862,93.51
BOOST_NEGPULSE,1430,0.78239,0.58,3.7425,3.69608,3.78892,92.84
BOOST_NEGPULSE,1430,0.78239,0.59,3.75315,3.70692,3.79939,92.48
BOOST_NEGPULSE,1430,0.78239,0.6,3.76375,3.71827,3.80924,90.97
BOOST_NEGPULSE,1430,0.78239,0.61,3.77422,3.72919,3.81924,90.05
BOOST_NEGPULSE,1430,0.78239,0.62,3.78453,3.74037,3.82869,88.32
BOOST_NEGPULSE,1430,0.78239,0.63,3.79452,3.7509,3.83814,87.24
BOOST_NEGPULSE,1430,0.78239,0.64,3.80437,3.76163,3.84712,85.49
BOOST_NEGPULSE,1430,0.78239,0.65,3.81384,3.77174,3.85594,84.21
BOOST_NEGPULSE,1430,0.78239,0.66,3.8232,3.78193,3.86447,82.54
BOOST_NEGPULSE,1430,0.78239,0.67,3.83204,3.79153,3.87254,81.01
BOOST_NEGPULSE,1430,0.78239,0.68,3.84089,3.80124,3.88054,79.3
BOOST_NEGPULSE,1430,0.78239,0.69,3.84929,3.81044,3.88814,77.71
BOOST_NEGPULSE,1430,0.78239,0.7,3.85791,3.81965,3.89617,76.52
BOOST_NEGPULSE,1430,0.78239,0.71,3.86616,3.82815,3.90417,76.02
BOOST_NEGPULSE,1430,0.78239,0.72,3.87493,3.83676,3.9131,76.34
BOOST_NEGPULSE,1430,0.78239,0.73,3.88338,3.84466,3.9221,77.44
BOOST_NEGPULSE,1430,0.78239,0.74,3.89213,3.85247,3.9318,79.33
BOOST_NEGPULSE,1430,0.78239,0.75,3.90087,3.85996,3.94178,81.82
BOOST_NEGPULSE,1430,0.78239,0.76,3.91021,3.86757,3.95285,85.28
BOOST_NEGPULSE,1430,0.78239,0.77,3.91982,3.87526,3.96438,89.12
BOOST_NEGPULSE,1430,0.78239,0.78,3.93029,3.88367,3.97691,93.24
BOOST_NEGPULSE,1430,0.78239,0.79,3.94103,3.89236,3.98971,97.35
BOOST_NEGPULSE,1430,0.78239,0.8,3.95267,3.90196,4.00338,101.42
BOOST_NEGPULSE,1430,0.78239,0.81,3.96465,3.91186,4.01744,105.57
BOOST_NEGPULSE,1430,0.78239,0.82,3.97707,3.92226,4.03188,109.62
BOOST_NEGPULSE,1430,0.78239,0.83,3.98915,3.93286,4.04544,112.57
BOOST_NEGPULSE,1430,0.78239,0.84,4.00088,3.94427,4.0575,113.23
BOOST_NEGPULSE,1430,0.78239,0.85,4.01177,3.95586,4.06768,111.82
BOOST_NEGPULSE,1430,0.78239,0.86,4.02253,3.96796,4.07709,109.13
BOOST_NEGPULSE,1430,0.78239,0.87,4.03208,3.97968,4.08449,104.81
BOOST_NEGPULSE,1430,0.78239,0.88,4.04083,3.99167,4.09,98.33
BOOST_NEGPULSE,1430,0.78239,0.89,4.0489,4.00318,4.09463,91.45
BOOST_NEGPULSE,1430,0.78239,0.9,4.057,4.01397,4.10003,86.05
BOOST_NEGPULSE,1430,0.78239,0.91,4.06467,4.02359,4.10576,82.17
BOOST_NEGPULSE,1430,0.78239,0.92,4.07284,4.03278,4.11289,80.11
BOOST_NEGPULSE,1430,0.78239,0.93,4.08146,4.04199,4.12092,78.93
BOOST_NEGPULSE,1430,0.78239,0.94,4.09134,4.05179,4.13089,79.1
BOOST_NEGPULSE,1430,0.78239,0.95,4.10122,4.06009,4.14235,82.26
BOOST_NEGPULSE,1430,0.78239,0.96,4.11144,4.06659,4.15628,89.69
BOOST_NEGPULSE,1430,0.78239,0.97,4.12231,4.0724,4.17222,99.82
BOOST_NEGPULSE,1430,0.78239,0.98,4.13564,4.0805,4.19078,110.28
BOOST_NEGPULSE,1505,0.74194,0.23,2.96647,2.71466,3.21829,503.64
BOOST_NEGPULSE,1505,0.74194,0.24,3.12067,2.92098,3.32037,399.39
BOOST_NEGPULSE,1505,0.74194,0.25,3.2056,3.02672,3.38447,357.75
BOOST_NEGPULSE,1505,0.74194,0.26,3.25762,3.09262,3.42261,329.99
BOOST_NEGPULSE,1505,0.74194,0.27,3.29358,3.14374,3.44342,299.68
BOOST_NEGPULSE,1505,0.74194,0.28,3.32257,3.1882,3.45693,268.73
BOOST_NEGPULSE,1505,0.74194,0.29,3.34862,3.22874,3.46849,239.75
BOOST_NEGPULSE,1505,0.74194,0.3,3.37303,3.26676,3.4793,212.54
BOOST_NEGPULSE,1505,0.74194,0.31,3.39605,3.30168,3.49043,188.75
BOOST_NEGPULSE,1505,0.74194,0.32,3.41735,3.3335,3.50121,167.71
BOOST_NEGPULSE,1505,0.74194,0.33,3.4368,3.36128,3.51232,151.04
BOOST_NEGPULSE,1505,0.74194,0.34,3.45399,3.38495,3.52302,138.07
BOOST_NEGPULSE,1505,0.74194,0.35,3.46911,3.40446,3.53375,129.29
BOOST_NEGPULSE,1505,0.74194,0.36,3.48239,3.42057,3.5442,123.64
BOOST_NEGPULSE,1505,0.74194,0.37,3.4947,3.43503,3.55436,119.33
BOOST_NEGPULSE,1505,0.74194,0.38,3.50636,3.44834,3.56439,116.05
BOOST_NEGPULSE,1505,0.74194,0.39,3.51756,3.46088,3.57425,113.37
BOOST_NEGPULSE,1505,0.74194,0.4,3.5287,3.47308,3.58432,111.24
BOOST_NEGPULSE,1505,0.74194,0.41,3.53954,3.48512,3.59396,108.84
BOOST_NEGPULSE,1505,0.74194,0.42,3.55024,3.49661,3.60386,107.25
BOOST_NEGPULSE,1505,0.74194,0.43,3.56051,3.50758,3.61344,105.86
BOOST_NEGPULSE,1505,0.74194,0.44,3.57056,3.51798,3.62314,105.16
BOOST_NEGPULSE,1505,0.74194,0.45,3.58026,3.52784,3.63268,104.84
BOOST_NEGPULSE,1505,0.74194,0.46,3.58971,3.53738,3.64205,104.68
BOOST_NEGPULSE,1505,0.74194,0.47,3.5992,3.54695,3.65146,104.51
BOOST_NEGPULSE,1505,0.74194,0.48,3.60851,3.55613,3.6609,104.76
BOOST_NEGPULSE,1505,0.74194,0.49,3.6178,3.56538,3.67023,104.86
BOOST_NEGPULSE,1505,0.74194,0.5,3.62712,3.57468,3.67957,104.9
BOOST_NEGPULSE,1505,0.74194,0.51,3.63667,3.584,3.68934,105.34
BOOST_NEGPULSE,1505,0.74194,0.52,3.64624,3.59313,3.69934,106.21
BOOST_NEGPULSE,1505,0.74194,0.53,3.65602,3.60245,3.70958,107.14
BOOST_NEGPULSE,1505,0.74194,0.54,3.66597,3.61171,3.72022,108.52
BOOST_NEGPULSE,1505,0.74194,0.55,3.67606,3.62136,3.73076,109.4
BOOST_NEGPULSE,1505,0.74194,0.56,3.6862,3.63111,3.7413,110.19
BOOST_NEGPULSE,1505,0.74194,0.57,3.69644,3.64086,3.75202,111.17
BOOST_NEGPULSE,1505,0.74194,0.58,3.70699,3.65114,3.76284,111.7
BOOST_NEGPULSE,1505,0.74194,0.59,3.71748,3.66138,3.77358,112.2
BOOST_NEGPULSE,1505,0.74194,0.6,3.72807,3.67218,3.78396,111.78
BOOST_NEGPULSE,1505,0.74194,0.61,3.73878,3.68314,3.79442,111.28
BOOST_NEGPULSE,1505,0.74194,0.62,3.74941,3.6944,3.80442,110.02
BOOST_NEGPULSE,1505,0.74194,0.63,3.76004,3.70582,3.81426,108.44
BOOST_NEGPULSE,1505,0.74194,0.64,3.77076,3.7175,3.82402,106.52
BOOST_NEGPULSE,1505,0.74194,0.65,3.78113,3.72896,3.83331,104.35
BOOST_NEGPULSE,1505,0.74194,0.66,3.79143,3.74036,3.8425,102.14
BOOST_NEGPULSE,1505,0.74194,0.67,3.80145,3.75163,3.85126,99.63
BOOST_NEGPULSE,1505,0.74194,0.68,3.8113,3.76291,3.8597,96.79
BOOST_NEGPULSE,1505,0.74194,0.69,3.82089,3.77386,3.86792,94.06
BOOST_NEGPULSE,1505,0.74194,0.7,3.83009,3.78455,3.87562,91.07
BOOST_NEGPULSE,1505,0.74194,0.71,3.83928,3.79516,3.88341,88.25
BOOST_NEGPULSE,1505,0.74194,0.72,3.84786,3.80489,3.89084,85.95
BOOST_NEGPULSE,1505,0.74194,0.73,3.85653,3.81448,3.89859,84.11
BOOST_NEGPULSE,1505,0.74194,0.74,3.86546,3.82388,3.90704,83.15
BOOST_NEGPULSE,1505,0.74194,0.75,3.87425,3.83272,3.91578,83.07
BOOST_NEGPULSE,1505,0.74194,0.76,3.883,3.84112,3.92488,83.76
BOOST_NEGPULSE,1505,0.74194,0.77,3.89212,3.84931,3.93493,85.62
BOOST_NEGPULSE,1505,0.74194,0.78,3.90133,3.85733,3.94534,88.01
BOOST_NEGPULSE,1505,0.74194,0.79,3.91103,3.86504,3.95702,91.98
BOOST_NEGPULSE,1505,0.74194,0.8,3.92132,3.87312,3.96952,96.4
BOOST_NEGPULSE,1505,0.74194,0.81,3.93228,3.88183,3.98272,100.9
BOOST_NEGPULSE,1505,0.74194,0.82,3.9438,3.89093,3.99667,105.74
BOOST_NEGPULSE,1505,0.74194,0.83,3.95586,3.90109,4.01062,109.53
BOOST_NEGPULSE,1505,0.74194,0.84,3.96795,3.91183,4.02407,112.24
BOOST_NEGPULSE,1505,0.74194,0.85,3.98041,3.92381,4.03702,113.21
BOOST_NEGPULSE,1505,0.74194,0.86,3.99296,3.93661,4.0493,112.69
BOOST_NEGPULSE,1505,0.74194,0.87,4.00429,3.94983,4.05875,108.92
BOOST_NEGPULSE,1505,0.74194,0.88,4.01543,3.96361,4.06725,103.64
BOOST_NEGPULSE,1505,0.74194,0.89,4.02674,3.97703,4.07645,99.41
BOOST_NEGPULSE,1505,0.74194,0.9,4.03728,3.98983,4.08474,94.9
BOOST_NEGPULSE,1505,0.74194,0.91,4.04684,4.00204,4.09164,89.59
BOOST_NEGPULSE,1505,0.74194,0.92,4.05535,4.01306,4.09764,84.58
BOOST_NEGPULSE,1505,0.74194,0.93,4.06327,4.02198,4.10456,82.58
BOOST_NEGPULSE,1505,0.74194,0.94,4.07062,4.02938,4.11186,82.48
BOOST_NEGPULSE,1505,0.74194,0.95,4.07853,4.03638,4.12068,84.3
BOOST_NEGPULSE,1505,0.74194,0.96,4.08814,4.04518,4.1311,85.92
BOOST_NEGPULSE,1505,0.74194,0.97,4.09942,4.05599,4.14286,86.87
BOOST_NEGPULSE,1505,0.74194,0.98,4.1121,4.06719,4.15702,89.83
BOOST_NEGPULSE,1505,0.74194,0.99,4.12685,4.08079,4.1729,92.11
BOOST_NEGPULSE,1580,0.74798,0.22,2.88785,2.62636,3.14934,522.98
BOOST_NEGPULSE,1580,0.74798,0.23,3.08359,2.88494,3.28224,397.3
BOOST_NEGPULSE,1580,0.74798,0.24,3.18435,3.00846,3.36023,351.77
BOOST_NEGPULSE,1580,0.74798,0.25,3.24542,3.07816,3.41267,334.5
BOOST_NEGPULSE,1580,0.74798,0.26,3.2858,3.12868,3.44292,314.24
BOOST_NEGPULSE,1580,0.74798,0.27,3.31484,3.17044,3.45923,288.78
BOOST_NEGPULSE,1580,0.74798,0.28,3.32882,3.20834,3.44931,240.97
BOOST_NEGPULSE,1580,0.74798,0.29,3.35963,3.24407,3.47518,231.11
BOOST_NEGPULSE,1580,0.74798,0.3,3.38351,3.278,3.48902,211.02
BOOST_NEGPULSE,1580,0.74798,0.31,3.40587,3.3104,3.50133,190.92
BOOST_NEGPULSE,1580,0.74798,0.32,3.42649,3.34016,3.51283,172.68
BOOST_NEGPULSE,1580,0.74798,0.33,3.44569,3.36688,3.52449,157.61
BOOST_NEGPULSE,1580,0.74798,0.34,3.46265,3.38942,3.53587,146.44
BOOST_NEGPULSE,1580,0.74798,0.35,3.47745,3.40771,3.5472,139.49
BOOST_NEGPULSE,1580,0.74798,0.36,3.49089,3.42341,3.55838,134.97
BOOST_NEGPULSE,1580,0.74798,0.37,3.5033,3.43715,3.56946,132.31
BOOST_NEGPULSE,1580,0.74798,0.38,3.51535,3.44996,3.58074,130.77
BOOST_NEGPULSE,1580,0.74798,0.39,3.52674,3.46192,3.59157,129.65
BOOST_NEGPULSE,1580,0.74798,0.4,3.53778,3.47295,3.6026,129.66
BOOST_NEGPULSE,1580,0.74798,0.41,3.54862,3.48371,3.61352,129.82
BOOST_NEGPULSE,1580,0.74798,0.42,3.55915,3.49421,3.62409,129.88
BOOST_NEGPULSE,1580,0.74798,0.43,3.5697,3.50506,3.63433,129.27
BOOST_NEGPULSE,1580,0.74798,0.44,3.58017,3.51561,3.64474,129.13
BOOST_NEGPULSE,1580,0.74798,0.45,3.59031,3.52608,3.65454,128.46
BOOST_NEGPULSE,1580,0.74798,0.46,3.60047,3.53638,3.66455,128.16
BOOST_NEGPULSE,1580,0.74798,0.47,3.61042,3.54688,3.67395,127.07
BOOST_NEGPULSE,1580,0.74798,0.48,3.61998,3.55643,3.68352,127.09
BOOST_NEGPULSE,1580,0.74798,0.49,3.62952,3.56608,3.69296,126.88
BOOST_NEGPULSE,1580,0.74798,0.5,3.63923,3.57594,3.70253,126.59
BOOST_NEGPULSE,1580,0.74798,0.51,3.64884,3.58544,3.71224,126.8
BOOST_NEGPULSE,1580,0.74798,0.52,3.65864,3.5952,3.72207,126.87
BOOST_NEGPULSE,1580,0.74798,0.53,3.6685,3.60468,3.73231,127.63
BOOST_NEGPULSE,1580,0.74798,0.54,3.67827,3.61416,3.74238,128.22
BOOST_NEGPULSE,1580,0.74798,0.55,3.68831,3.62384,3.75279,128.95
BOOST_NEGPULSE,1580,0.74798,0.56,3.69823,3.6335,3.76296,129.46
BOOST_NEGPULSE,1580,0.74798,0.57,3.70836,3.64336,3.77335,129.99
BOOST_NEGPULSE,1580,0.74798,0.58,3.7186,3.6535,3.7837,130.2
BOOST_NEGPULSE,1580,0.74798,0.59,3.72882,3.66358,3.79405,130.47
BOOST_NEGPULSE,1580,0.74798,0.6,3.73926,3.67436,3.80416,129.8
BOOST_NEGPULSE,1580,0.74798,0.61,3.74949,3.68506,3.81392,128.86
BOOST_NEGPULSE,1580,0.74798,0.62,3.75988,3.69614,3.82362,127.48
BOOST_NEGPULSE,1580,0.74798,0.63,3.77016,3.70754,3.83278,125.24
BOOST_NEGPULSE,1580,0.74798,0.64,3.78037,3.71887,3.84186,122.99
BOOST_NEGPULSE,1580,0.74798,0.65,3.79044,3.73024,3.85064,120.4
BOOST_NEGPULSE,1580,0.74798,0.66,3.80032,3.74164,3.859,117.36
BOOST_NEGPULSE,1580,0.74798,0.67,3.80987,3.75247,3.86728,114.81
BOOST_NEGPULSE,1580,0.74798,0.68,3.81931,3.76346,3.87515,111.69
BOOST_NEGPULSE,1580,0.74798,0.69,3.82849,3.77425,3.88272,108.47
BOOST_NEGPULSE,1580,0.74798,0.7,3.83752,3.78469,3.89035,105.66
BOOST_NEGPULSE,1580,0.74798,0.71,3.8465,3.79498,3.89801,103.02
BOOST_NEGPULSE,1580,0.74798,0.72,3.85569,3.80496,3.90641,101.44
BOOST_NEGPULSE,1580,0.74798,0.73,3.86473,3.8143,3.91515,100.85
BOOST_NEGPULSE,1580,0.74798,0.74,3.87404,3.82313,3.92495,101.82
BOOST_NEGPULSE,1580,0.74798,0.75,3.88335,3.83172,3.93498,103.26
BOOST_NEGPULSE,1580,0.74798,0.76,3.89312,3.84021,3.94603,105.82
BOOST_NEGPULSE,1580,0.74798,0.77,3.90274,3.84805,3.95743,109.38
BOOST_NEGPULSE,1580,0.74798,0.78,3.91271,3.85573,3.96968,113.95
BOOST_NEGPULSE,1580,0.74798,0.79,3.92303,3.86364,3.98242,118.79
BOOST_NEGPULSE,1580,0.74798,0.8,3.93342,3.87126,3.99558,124.32
BOOST_NEGPULSE,1580,0.74798,0.81,3.94431,3.87954,4.00908,129.53
BOOST_NEGPULSE,1580,0.74798,0.82,3.9555,3.88874,4.02227,133.54
BOOST_NEGPULSE,1580,0.74798,0.83,3.96719,3.89825,4.03612,137.88
BOOST_NEGPULSE,1580,0.74798,0.84,3.97882,3.90863,4.04902,140.39
BOOST_NEGPULSE,1580,0.74798,0.85,3.9899,3.91984,4.05997,140.13
BOOST_NEGPULSE,1580,0.74798,0.86,4.00048,3.93154,4.06942,137.88
BOOST_NEGPULSE,1580,0.74798,0.87,4.01185,3.94433,4.07936,135.04
BOOST_NEGPULSE,1580,0.74798,0.88,4.02201,3.95705,4.08696,129.91
BOOST_NEGPULSE,1580,0.74798,0.89,4.03152,3.97044,4.0926,122.17
BOOST_NEGPULSE,1580,0.74798,0.9,4.04104,3.98355,4.09854,114.98
BOOST_NEGPULSE,1580,0.74798,0.91,4.05072,3.99636,4.10508,108.72
BOOST_NEGPULSE,1580,0.74798,0.92,4.06093,4.00896,4.1129,103.94
BOOST_NEGPULSE,1580,0.74798,0.93,4.07133,4.02067,4.12198,101.31
BOOST_NEGPULSE,1580,0.74798,0.94,4.0821,4.03148,4.13272,101.24
BOOST_NEGPULSE,1580,0.74798,0.95,4.09447,4.04368,4.14526,101.58
BOOST_NEGPULSE,1580,0.74798,0.96,4.10779,4.05569,4.15988,104.2
BOOST_NEGPULSE,1580,0.74798,0.97,4.12105,4.06529,4.1768,111.51
BOOST_NEGPULSE,1580,0.74798,0.98,4.13451,4.07369,4.19532,121.63
BOOST_NEGPULSE,1655,0.72877,0.24,2.95812,2.71758,3.19867,481.09
BOOST_NEGPULSE,1655,0.72877,0.25,3.11915,2.9281,3.3102,382.1
BOOST_NEGPULSE,1655,0.72877,0.26,3.20487,3.02884,3.38091,352.07
BOOST_NEGPULSE,1655,0.72877,0.27,3.25805,3.08928,3.42681,337.53
BOOST_NEGPULSE,1655,0.72877,0.28,3.2931,3.13432,3.45188,317.56
BOOST_NEGPULSE,1655,0.72877,0.29,3.3195,3.17268,3.46631,293.63
BOOST_NEGPULSE,1655,0.72877,0.3,3.34292,3.20752,3.47831,270.79
BOOST_NEGPULSE,1655,0.72877,0.31,3.36544,3.24117,3.48972,248.55
BOOST_NEGPULSE,1655,0.72877,0.32,3.38702,3.27327,3.50077,227.5
BOOST_NEGPULSE,1655,0.72877,0.33,3.40805,3.30418,3.51192,207.74
BOOST_NEGPULSE,1655,0.72877,0.34,3.42803,3.33325,3.52282,189.57
BOOST_NEGPULSE,1655,0.72877,0.35,3.44701,3.36033,3.53368,173.35
BOOST_NEGPULSE,1655,0.72877,0.36,3.46437,3.38411,3.54463,160.52
BOOST_NEGPULSE,1655,0.72877,0.37,3.47973,3.40368,3.55578,152.11
BOOST_NEGPULSE,1655,0.72877,0.38,3.49327,3.41971,3.56683,147.12
BOOST_NEGPULSE,1655,0.72877,0.39,3.50591,3.43362,3.57819,144.56
BOOST_NEGPULSE,1655,0.72877,0.4,3.51779,3.44624,3.58934,143.1
BOOST_NEGPULSE,1655,0.72877,0.41,3.52942,3.45814,3.6007,142.56
BOOST_NEGPULSE,1655,0.72877,0.42,3.54078,3.46976,3.6118,142.04
BOOST_NEGPULSE,1655,0.72877,0.43,3.55161,3.48067,3.62255,141.88
BOOST_NEGPULSE,1655,0.72877,0.44,3.56251,3.49156,3.63346,141.9
BOOST_NEGPULSE,1655,0.72877,0.45,3.57271,3.50166,3.64376,142.1
BOOST_NEGPULSE,1655,0.72877,0.46,3.58301,3.51196,3.65406,142.11
BOOST_NEGPULSE,1655,0.72877,0.47,3.59301,3.5218,3.66422,142.42
BOOST_NEGPULSE,1655,0.72877,0.48,3.6029,3.53179,3.67402,142.22
BOOST_NEGPULSE,1655,0.72877,0.49,3.61257,3.54143,3.68372,142.29
BOOST_NEGPULSE,1655,0.72877,0.5,3.6225,3.55138,3.69362,142.24
BOOST_NEGPULSE,1655,0.72877,0.51,3.63241,3.56129,3.70352,142.23
BOOST_NEGPULSE,1655,0.72877,0.52,3.64214,3.5709,3.71337,142.47
BOOST_NEGPULSE,1655,0.72877,0.53,3.65211,3.5809,3.72333,142.42
BOOST_NEGPULSE,1655,0.72877,0.54,3.66204,3.5905,3.73358,143.08
BOOST_NEGPULSE,1655,0.72877,0.55,3.67204,3.60029,3.74378,143.49
BOOST_NEGPULSE,1655,0.72877,0.56,3.6822,3.6101,3.7543,144.19
BOOST_NEGPULSE,1655,0.72877,0.57,3.69255,3.61969,3.7654,145.71
BOOST_NEGPULSE,1655,0.72877,0.58,3.70278,3.62959,3.77596,146.37
BOOST_NEGPULSE,1655,0.72877,0.59,3.71312,3.63949,3.78675,147.26
BOOST_NEGPULSE,1655,0.72877,0.6,3.7231,3.6492,3.797,147.8
BOOST_NEGPULSE,1655,0.72877,0.61,3.7333,3.6594,3.8072,147.8
BOOST_NEGPULSE,1655,0.72877,0.62,3.74339,3.67019,3.81659,146.4
BOOST_NEGPULSE,1655,0.72877,0.63,3.75386,3.68177,3.82595,144.18
BOOST_NEGPULSE,1655,0.72877,0.64,3.7643,3.69334,3.83526,141.92
BOOST_NEGPULSE,1655,0.72877,0.65,3.77485,3.7054,3.84429,138.89
BOOST_NEGPULSE,1655,0.72877,0.66,3.78489,3.71673,3.85305,136.32
BOOST_NEGPULSE,1655,0.72877,0.67,3.79469,3.72771,3.86168,133.97
BOOST_NEGPULSE,1655,0.72877,0.68,3.80425,3.73871,3.8698,131.09
BOOST_NEGPULSE,1655,0.72877,0.69,3.81362,3.74953,3.87772,128.19
BOOST_NEGPULSE,1655,0.72877,0.7,3.82284,3.76003,3.88566,125.63
BOOST_NEGPULSE,1655,0.72877,0.71,3.83194,3.77052,3.89336,122.84
BOOST_NEGPULSE,1655,0.72877,0.72,3.84109,3.78054,3.90164,121.1
BOOST_NEGPULSE,1655,0.72877,0.73,3.85062,3.79072,3.91052,119.8
BOOST_NEGPULSE,1655,0.72877,0.74,3.86019,3.80055,3.91984,119.29
BOOST_NEGPULSE,1655,0.72877,0.75,3.8701,3.81014,3.93006,119.92
BOOST_NEGPULSE,1655,0.72877,0.76,3.88027,3.81964,3.9409,121.26
BOOST_NEGPULSE,1655,0.72877,0.77,3.89037,3.82855,3.95218,123.63
BOOST_NEGPULSE,1655,0.72877,0.78,3.90088,3.83755,3.96422,126.67
BOOST_NEGPULSE,1655,0.72877,0.79,3.9113,3.84577,3.97684,131.07
BOOST_NEGPULSE,1655,0.72877,0.8,3.92209,3.85415,3.99003,135.88
BOOST_NEGPULSE,1655,0.72877,0.81,3.9328,3.86227,4.00334,141.07
BOOST_NEGPULSE,1655,0.72877,0.82,3.94363,3.87056,4.0167,146.15
BOOST_NEGPULSE,1655,0.72877,0.83,3.9549,3.87966,4.03013,150.47
BOOST_NEGPULSE,1655,0.72877,0.84,3.96601,3.88907,4.04294,153.87
BOOST_NEGPULSE,1655,0.72877,0.85,3.97702,3.89957,4.05448,154.91
BOOST_NEGPULSE,1655,0.72877,0.86,3.98749,3.91076,4.06421,153.45
BOOST_NEGPULSE,1655,0.72877,0.87,3.99827,3.92296,4.07358,150.63
BOOST_NEGPULSE,1655,0.72877,0.88,4.00916,3.93557,4.08275,147.18
BOOST_NEGPULSE,1655,0.72877,0.89,4.01962,3.94906,4.09018,141.12
BOOST_NEGPULSE,1655,0.72877,0.9,4.03041,3.96426,4.09656,132.29
BOOST_NEGPULSE,1655,0.72877,0.91,4.04134,3.97907,4.10361,124.54
BOOST_NEGPULSE,1655,0.72877,0.92,4.05279,3.99397,4.11161,117.64
BOOST_NEGPULSE,1655,0.72877,0.93,4.0645,4.00798,4.12101,113.03
BOOST_NEGPULSE,1655,0.72877,0.94,4.07645,4.02059,4.13231,111.73
BOOST_NEGPULSE,1655,0.72877,0.95,4.0881,4.03099,4.14522,114.23
BOOST_NEGPULSE,1655,0.72877,0.96,4.10137,4.04219,4.16055,118.37
BOOST_NEGPULSE,1655,0.72877,0.97,4.11621,4.05479,4.17762,122.83
BOOST_NEGPULSE,1655,0.72877,0.98,4.13154,4.0666,4.19649,129.89
BOOST_NEGPULSE,1730,0.7081,0.26,2.89956,2.64036,3.15875,518.39
BOOST_NEGPULSE,1730,0.7081,0.27,3.09052,2.89006,3.29099,400.93
BOOST_NEGPULSE,1730,0.7081,0.28,3.19083,3.01066,3.37101,360.35
BOOST_NEGPULSE,1730,0.7081,0.29,3.25178,3.07838,3.42517,346.79
BOOST_NEGPULSE,1730,0.7081,0.3,3.29151,3.12707,3.45595,328.88
BOOST_NEGPULSE,1730,0.7081,0.31,3.32015,3.16819,3.4721,303.91
BOOST_NEGPULSE,1730,0.7081,0.32,3.34217,3.2002,3.48414,283.94
BOOST_NEGPULSE,1730,0.7081,0.33,3.36269,3.23017,3.4952,265.03
BOOST_NEGPULSE,1730,0.7081,0.34,3.38275,3.2593,3.50621,246.91
BOOST_NEGPULSE,1730,0.7081,0.35,3.40206,3.28731,3.51681,229.51
BOOST_NEGPULSE,1730,0.7081,0.36,3.421,3.31418,3.52782,213.64
BOOST_NEGPULSE,1730,0.7081,0.37,3.43943,3.3401,3.53877,198.67
BOOST_NEGPULSE,1730,0.7081,0.38,3.45702,3.36392,3.55011,186.19
BOOST_NEGPULSE,1730,0.7081,0.39,3.47324,3.38479,3.5617,176.91
BOOST_NEGPULSE,1730,0.7081,0.4,3.48818,3.40305,3.5733,170.25
BOOST_NEGPULSE,1730,0.7081,0.41,3.50193,3.41865,3.58521,166.56
BOOST_NEGPULSE,1730,0.7081,0.42,3.5148,3.43275,3.59685,164.1
BOOST_NEGPULSE,1730,0.7081,0.43,3.52733,3.44571,3.60895,163.24
BOOST_NEGPULSE,1730,0.7081,0.44,3.53961,3.45788,3.62133,163.45
BOOST_NEGPULSE,1730,0.7081,0.45,3.55161,3.46975,3.63346,163.72
BOOST_NEGPULSE,1730,0.7081,0.46,3.56311,3.48078,3.64544,164.67
BOOST_NEGPULSE,1730,0.7081,0.47,3.57429,3.49162,3.65696,165.34
BOOST_NEGPULSE,1730,0.7081,0.48,3.5851,3.50225,3.66796,165.71
BOOST_NEGPULSE,1730,0.7081,0.49,3.59522,3.51248,3.67796,165.49
BOOST_NEGPULSE,1730,0.7081,0.5,3.60544,3.52295,3.68794,164.99
BOOST_NEGPULSE,1730,0.7081,0.51,3.61564,3.53313,3.69814,165.01
BOOST_NEGPULSE,1730,0.7081,0.52,3.62597,3.54356,3.70838,164.82
BOOST_NEGPULSE,1730,0.7081,0.53,3.63636,3.55403,3.71869,164.66
BOOST_NEGPULSE,1730,0.7081,0.54,3.64703,3.56484,3.72923,164.39
BOOST_NEGPULSE,1730,0.7081,0.55,3.6576,3.57563,3.73956,163.93
BOOST_NEGPULSE,1730,0.7081,0.56,3.66797,3.58601,3.74994,163.93
BOOST_NEGPULSE,1730,0.7081,0.57,3.67833,3.59628,3.76037,164.09
BOOST_NEGPULSE,1730,0.7081,0.58,3.68822,3.60586,3.77058,164.72
BOOST_NEGPULSE,1730,0.7081,0.59,3.69826,3.61564,3.78088,165.24
BOOST_NEGPULSE,1730,0.7081,0.6,3.70805,3.62536,3.79075,165.39
BOOST_NEGPULSE,1730,0.7081,0.61,3.71798,3.63526,3.80071,165.45
BOOST_NEGPULSE,1730,0.7081,0.62,3.72777,3.6453,3.81023,164.93
BOOST_NEGPULSE,1730,0.7081,0.63,3.73765,3.65554,3.81976,164.22
BOOST_NEGPULSE,1730,0.7081,0.64,3.7475,3.66592,3.82908,163.16
BOOST_NEGPULSE,1730,0.7081,0.65,3.75743,3.67682,3.83803,161.21
BOOST_NEGPULSE,1730,0.7081,0.66,3.76743,3.68772,3.84713,159.41
BOOST_NEGPULSE,1730,0.7081,0.67,3.7774,3.69924,3.85556,156.32
BOOST_NEGPULSE,1730,0.7081,0.68,3.78744,3.71073,3.86416,153.43
BOOST_NEGPULSE,1730,0.7081,0.69,3.79731,3.72253,3.87208,149.55
BOOST_NEGPULSE,1730,0.7081,0.7,3.80706,3.73406,3.88006,146.0
BOOST_NEGPULSE,1730,0.7081,0.71,3.81703,3.74564,3.88842,142.78
BOOST_NEGPULSE,1730,0.7081,0.72,3.82692,3.75706,3.89678,139.72
BOOST_NEGPULSE,1730,0.7081,0.73,3.83701,3.76806,3.90596,137.9
BOOST_NEGPULSE,1730,0.7081,0.74,3.84743,3.77906,3.9158,136.74
BOOST_NEGPULSE,1730,0.7081,0.75,3.85816,3.7896,3.92672,137.12
BOOST_NEGPULSE,1730,0.7081,0.76,3.86878,3.80027,3.93729,137.02
BOOST_NEGPULSE,1730,0.7081,0.77,3.87971,3.81069,3.94874,138.05
BOOST_NEGPULSE,1730,0.7081,0.78,3.89078,3.82051,3.96106,140.55
BOOST_NEGPULSE,1730,0.7081,0.79,3.90197,3.83012,3.97382,143.7
BOOST_NEGPULSE,1730,0.7081,0.8,3.9132,3.83894,3.98746,148.52
BOOST_NEGPULSE,1730,0.7081,0.81,3.92469,3.84841,4.00097,152.56
BOOST_NEGPULSE,1730,0.7081,0.82,3.93625,3.85782,4.01467,156.84
BOOST_NEGPULSE,1730,0.7081,0.83,3.9477,3.86703,4.02837,161.34
BOOST_NEGPULSE,1730,0.7081,0.84,3.95917,3.87703,4.0413,164.27
BOOST_NEGPULSE,1730,0.7081,0.85,3.9705,3.88783,4.05317,165.34
BOOST_NEGPULSE,1730,0.7081,0.86,3.98052,3.89853,4.06252,163.98
BOOST_NEGPULSE,1730,0.7081,0.87,3.99091,3.91032,4.0715,161.18
BOOST_NEGPULSE,1730,0.7081,0.88,4.00201,3.92312,4.0809,157.78
BOOST_NEGPULSE,1730,0.7081,0.89,4.01239,3.93643,4.08835,151.92
BOOST_NEGPULSE,1730,0.7081,0.9,4.02289,3.95094,4.09485,143.91
BOOST_NEGPULSE,1730,0.7081,0.91,4.03369,3.96554,4.10185,136.31
BOOST_NEGPULSE,1730,0.7081,0.92,4.04509,3.98073,4.10944,128.71
BOOST_NEGPULSE,1730,0.7081,0.93,4.05704,3.99536,4.11872,123.36
BOOST_NEGPULSE,1730,0.7081,0.94,4.06969,4.00996,4.12943,119.47
BOOST_NEGPULSE,1730,0.7081,0.95,4.08249,4.02317,4.14181,118.64
BOOST_NEGPULSE,1730,0.7081,0.96,4.09609,4.03617,4.156,119.83
BOOST_NEGPULSE,1730,0.7081,0.97,4.11158,4.05078,4.17237,121.59
BOOST_NEGPULSE,1730,0.7081,0.98,4.12644,4.06309,4.1898,126.71
BOOST_NEGPULSE_1S,76,0.99055,0.01,2.9035,2.82663,2.98037,153.74
BOOST_NEGPULSE_1S,76,0.99055,0.02,3.07497,3.02456,3.12539,100.83
BOOST_NEGPULSE_1S,76,0.99055,0.03,3.17769,3.13758,3.21779,80.22
BOOST_NEGPULSE_1S,76,0.99055,0.04,3.25274,3.21945,3.28602,66.57
BOOST_NEGPULSE_1S,76,0.99055,0.05,3.31142,3.28327,3.33957,56.3
BOOST_NEGPULSE_1S,76,0.99055,0.06,3.35179,3.32798,3.37561,47.63
BOOST_NEGPULSE_1S,76,0.99055,0.07,3.37105,3.35217,3.38992,37.75
BOOST_NEGPULSE_1S,76,0.99055,0.08,3.38344,3.36748,3.39939,31.92
BOOST_NEGPULSE_1S,76,0.99055,0.09,3.39356,3.37928,3.40783,28.55
BOOST_NEGPULSE_1S,76,0.99055,0.1,3.40234,3.38878,3.4159,27.12
BOOST_NEGPULSE_1S,76,0.99055,0.11,3.41026,3.39718,3.42334,26.15
BOOST_NEGPULSE_1S,76,0.99055,0.12,3.41763,3.40444,3.43081,26.36
BOOST_NEGPULSE_1S,76,0.99055,0.13,3.42509,3.41114,3.43905,27.91
BOOST_NEGPULSE_1S,76,0.99055,0.14,3.43311,3.41804,3.44819,30.15
BOOST_NEGPULSE_1S,76,0.99055,0.15,3.44272,3.42652,3.45893,32.42
BOOST_NEGPULSE_1S,76,0.99055,0.16,3.45513,3.43983,3.47044,30.61
BOOST_NEGPULSE_1S,76,0.99055,0.17,3.46794,3.45337,3.48252,29.15
BOOST_NEGPULSE_1S,76,0.99055,0.18,3.47998,3.46572,3.49425,28.53
BOOST_NEGPULSE_1S,76,0.99055,0.19,3.49229,3.47849,3.50609,27.6
BOOST_NEGPULSE_1S,76,0.99055,0.2,3.5039,3.48945,3.51836,28.91
BOOST_NEGPULSE_1S,76,0.99055,0.21,3.51413,3.4993,3.52896,29.66
BOOST_NEGPULSE_1S,76,0.99055,0.22,3.52423,3.50855,3.53991,31.36
BOOST_NEGPULSE_1S,76,0.99055,0.23,3.53492,3.51795,3.55189,33.95
BOOST_NEGPULSE_1S,76,0.99055,0.24,3.54539,3.52749,3.56329,35.8
BOOST_NEGPULSE_1S,76,0.99055,0.25,3.55465,3.53725,3.57205,34.81
BOOST_NEGPULSE_1S,76,0.99055,0.26,3.56316,3.54668,3.57965,32.97
BOOST_NEGPULSE_1S,76,0.99055,0.27,3.57114,3.55522,3.58706,31.84
BOOST_NEGPULSE_1S,76,0.99055,0.28,3.57869,3.56342,3.59397,30.55
BOOST_NEGPULSE_1S,76,0.99055,0.29,3.58604,3.5713,3.60077,29.47
BOOST_NEGPULSE_1S,76,0.99055,0.3,3.59302,3.5788,3.60723,28.43
BOOST_NEGPULSE_1S,76,0.99055,0.31,3.59978,3.58632,3.61324,26.92
BOOST_NEGPULSE_1S,76,0.99055,0.32,3.6062,3.59316,3.61924,26.08
BOOST_NEGPULSE_1S,76,0.99055,0.33,3.6127,3.6,3.62539,25.39
BOOST_NEGPULSE_1S,76,0.99055,0.34,3.61892,3.60636,3.63149,25.14
BOOST_NEGPULSE_1S,76,0.99055,0.35,3.62492,3.61248,3.63736,24.88
BOOST_NEGPULSE_1S,76,0.99055,0.36,3.63114,3.61872,3.64356,24.84
BOOST_NEGPULSE_1S,76,0.99055,0.37,3.63725,3.62479,3.64971,24.92
BOOST_NEGPULSE_1S,76,0.99055,0.38,3.64337,3.63088,3.65586,24.98
BOOST_NEGPULSE_1S,76,0.99055,0.39,3.6497,3.63725,3.66216,24.91
BOOST_NEGPULSE_1S,76,0.99055,0.4,3.65618,3.64362,3.66874,25.12
BOOST_NEGPULSE_1S,76,0.99055,0.41,3.66303,3.65028,3.67578,25.5
BOOST_NEGPULSE_1S,76,0.99055,0.42,3.67002,3.65724,3.68279,25.55
BOOST_NEGPULSE_1S,76,0.99055,0.43,3.67744,3.66444,3.69044,26.0
BOOST_NEGPULSE_1S,76,0.99055,0.44,3.68521,3.67221,3.69822,26.01
BOOST_NEGPULSE_1S,76,0.99055,0.45,3.69339,3.68011,3.70668,26.57
BOOST_NEGPULSE_1S,76,0.99055,0.46,3.70206,3.68854,3.71558,27.04
BOOST_NEGPULSE_1S,76,0.99055,0.47,3.711,3.69741,3.72458,27.17
BOOST_NEGPULSE_1S,76,0.99055,0.48,3.72049,3.7067,3.73428,27.58
BOOST_NEGPULSE_1S,76,0.99055,0.49,3.73003,3.71618,3.74388,27.7
BOOST_NEGPULSE_1S,76,0.99055,0.5,3.73981,3.72568,3.75394,28.26
BOOST_NEGPULSE_1S,76,0.99055,0.51,3.74952,3.73532,3.76371,28.39
BOOST_NEGPULSE_1S,76,0.99055,0.52,3.75927,3.74492,3.77361,28.69
BOOST_NEGPULSE_1S,76,0.99055,0.53,3.76889,3.75428,3.78351,29.24
BOOST_NEGPULSE_1S,76,0.99055,0.54,3.77841,3.76368,3.79315,29.47
BOOST_NEGPULSE_1S,76,0.99055,0.55,3.78805,3.77315,3.80294,29.8
BOOST_NEGPULSE_1S,76,0.99055,0.56,3.79766,3.78241,3.81291,30.5
BOOST_NEGPULSE_1S,76,0.99055,0.57,3.80789,3.79246,3.82331,30.85
BOOST_NEGPULSE_1S,76,0.99055,0.58,3.81881,3.80321,3.83442,31.21
BOOST_NEGPULSE_1S,76,0.99055,0.59,3.83137,3.81571,3.84702,31.31
BOOST_NEGPULSE_1S,76,0.99055,0.6,3.84593,3.83069,3.86116,30.48
BOOST_NEGPULSE_1S,76,0.99055,0.61,3.86019,3.84571,3.87466,28.95
BOOST_NEGPULSE_1S,76,0.99055,0.62,3.87143,3.85844,3.88443,26.0
BOOST_NEGPULSE_1S,76,0.99055,0.63,3.88023,3.86846,3.892,23.54
BOOST_NEGPULSE_1S,76,0.99055,0.64,3.88785,3.8769,3.8988,21.9
BOOST_NEGPULSE_1S,76,0.99055,0.65,3.89489,3.88448,3.9053,20.82
BOOST_NEGPULSE_1S,76,0.99055,0.66,3.90146,3.89168,3.91124,19.56
BOOST_NEGPULSE_1S,76,0.99055,0.67,3.90783,3.8982,3.91746,19.26
BOOST_NEGPULSE_1S,76,0.99055,0.68,3.91434,3.90489,3.9238,18.91
BOOST_NEGPULSE_1S,76,0.99055,0.69,3.92124,3.91199,3.93049,18.5
BOOST_NEGPULSE_1S,76,0.99055,0.7,3.92865,3.91931,3.93799,18.67
BOOST_NEGPULSE_1S,76,0.99055,0.71,3.93674,3.92737,3.94612,18.75
BOOST_NEGPULSE_1S,76,0.99055,0.72,3.94578,3.93636,3.9552,18.85
BOOST_NEGPULSE_1S,76,0.99055,0.73,3.95559,3.94589,3.96528,19.39
BOOST_NEGPULSE_1S,76,0.99055,0.74,3.96641,3.95664,3.97619,19.55
BOOST_NEGPULSE_1S,76,0.99055,0.75,3.97793,3.96807,3.98778,19.71
BOOST_NEGPULSE_1S,76,0.99055,0.76,3.99021,3.98015,4.00027,20.12
BOOST_NEGPULSE_1S,76,0.99055,0.77,4.00288,3.99294,4.01283,19.89
BOOST_NEGPULSE_1S,76,0.99055,0.78,4.01554,4.00567,4.02542,19.75
BOOST_NEGPULSE_1S,76,0.99055,0.79,4.02779,4.01796,4.03762,19.66
BOOST_NEGPULSE_1S,76,0.99055,0.8,4.03926,4.02967,4.04884,19.18
BOOST_NEGPULSE_1S,76,0.99055,0.81,4.0498,4.04023,4.05936,19.13
BOOST_NEGPULSE_1S,76,0.99055,0.82,4.0593,4.05002,4.06858,18.56
BOOST_NEGPULSE_1S,76,0.99055,0.83,4.06716,4.05824,4.07608,17.84
BOOST_NEGPULSE_1S,76,0.99055,0.84,4.07277,4.06425,4.08128,17.03
BOOST_NEGPULSE_1S,76,0.99055,0.85,4.07629,4.06827,4.0843,16.03
BOOST_NEGPULSE_1S,76,0.99055,0.86,4.07885,4.07079,4.0869,16.11
BOOST_NEGPULSE_1S,76,0.99055,0.87,4.08129,4.07328,4.0893,16.02
BOOST_NEGPULSE_1S,76,0.99055,0.88,4.08359,4.07568,4.0915,15.82
BOOST_NEGPULSE_1S,76,0.99055,0.89,4.08595,4.07779,4.09411,16.31
BOOST_NEGPULSE_1S,76,0.99055,0.9,4.08869,4.08058,4.09681,16.23
BOOST_NEGPULSE_1S,76,0.99055,0.91,4.09185,4.08368,4.10002,16.34
BOOST_NEGPULSE_1S,76,0.99055,0.92,4.0956,4.08709,4.10411,17.02
BOOST_NEGPULSE_1S,76,0.99055,0.93,4.1001,4.09148,4.10872,17.24
BOOST_NEGPULSE_1S,76,0.99055,0.94,4.10621,4.09747,4.11495,17.47
BOOST_NEGPULSE_1S,76,0.99055,0.95,4.11352,4.10448,4.12256,18.09
BOOST_NEGPULSE_1S,76,0.99055,0.96,4.12362,4.11436,4.13288,18.52
BOOST_NEGPULSE_1S,76,0.99055,0.97,4.13654,4.12717,4.1459,18.74
BOOST_NEGPULSE_1S,76,0.99055,0.98,4.15373,4.14397,4.16349,19.53
BOOST_NEGPULSE_1S,76,0.99055,0.99,4.17596,4.16657,4.18535,18.78
BOOST_NEGPULSE_1S,151,0.96616,0.02,2.76803,2.62848,2.90758,279.1
BOOST_NEGPULSE_1S,151,0.96616,0.03,3.0328,2.9751,3.09051,115.41
BOOST_NEGPULSE_1S,151,0.96616,0.04,3.15057,3.10573,3.1954,89.67
BOOST_NEGPULSE_1S,151,0.96616,0.05,3.23278,3.1955,3.27007,74.57
BOOST_NEGPULSE_1S,151,0.96616,0.06,3.29563,3.2635,3.32777,64.27
BOOST_NEGPULSE_1S,151,0.96616,0.07,3.33972,3.31026,3.36918,58.92
BOOST_NEGPULSE_1S,151,0.96616,0.08,3.36354,3.34014,3.38694,46.8
BOOST_NEGPULSE_1S,151,0.96616,0.09,3.37947,3.3604,3.39855,38.16
BOOST_NEGPULSE_1S,151,0.96616,0.1,3.39111,3.3744,3.40782,33.42
BOOST_NEGPULSE_1S,151,0.96616,0.11,3.40079,3.38558,3.41599,30.42
BOOST_NEGPULSE_1S,151,0.96616,0.12,3.40925,3.39461,3.4239,29.28
BOOST_NEGPULSE_1S,151,0.96616,0.13,3.41704,3.40278,3.4313,28.51
BOOST_NEGPULSE_1S,151,0.96616,0.14,3.42488,3.41032,3.43943,29.11
BOOST_NEGPULSE_1S,151,0.96616,0.15,3.43297,3.41785,3.4481,30.25
BOOST_NEGPULSE_1S,151,0.96616,0.16,3.44214,3.42624,3.45804,31.79
BOOST_NEGPULSE_1S,151,0.96616,0.17,3.45311,3.43711,3.4691,31.99
BOOST_NEGPULSE_1S,151,0.96616,0.18,3.46568,3.45035,3.481,30.66
BOOST_NEGPULSE_1S,151,0.96616,0.19,3.47796,3.46301,3.49291,29.89
BOOST_NEGPULSE_1S,151,0.96616,0.2,3.48991,3.47488,3.50494,30.06
BOOST_NEGPULSE_1S,151,0.96616,0.21,3.5015,3.48631,3.51668,30.37
BOOST_NEGPULSE_1S,151,0.96616,0.22,3.51241,3.49654,3.52828,31.73
BOOST_NEGPULSE_1S,151,0.96616,0.23,3.52305,3.50641,3.53968,33.27
BOOST_NEGPULSE_1S,151,0.96616,0.24,3.53336,3.51598,3.55075,34.77
BOOST_NEGPULSE_1S,151,0.96616,0.25,3.54339,3.52528,3.56151,36.24
BOOST_NEGPULSE_1S,151,0.96616,0.26,3.55314,3.53498,3.57131,36.34
BOOST_NEGPULSE_1S,151,0.96616,0.27,3.56198,3.5441,3.57985,35.74
BOOST_NEGPULSE_1S,151,0.96616,0.28,3.57034,3.55318,3.58751,34.34
BOOST_NEGPULSE_1S,151,0.96616,0.29,3.57817,3.5617,3.59464,32.94
BOOST_NEGPULSE_1S,151,0.96616,0.3,3.58556,3.5696,3.60152,31.91
BOOST_NEGPULSE_1S,151,0.96616,0.31,3.59286,3.57748,3.60824,30.77
BOOST_NEGPULSE_1S,151,0.96616,0.32,3.59974,3.5849,3.61458,29.68
BOOST_NEGPULSE_1S,151,0.96616,0.33,3.60651,3.59213,3.62088,28.75
BOOST_NEGPULSE_1S,151,0.96616,0.34,3.61287,3.59896,3.62678,27.83
BOOST_NEGPULSE_1S,151,0.96616,0.35,3.6193,3.60568,3.63292,27.24
BOOST_NEGPULSE_1S,151,0.96616,0.36,3.62555,3.61203,3.63908,27.05
BOOST_NEGPULSE_1S,151,0.96616,0.37,3.63177,3.61843,3.64511,26.68
BOOST_NEGPULSE_1S,151,0.96616,0.38,3.63797,3.62468,3.65125,26.57
BOOST_NEGPULSE_1S,151,0.96616,0.39,3.64426,3.63088,3.65764,26.76
BOOST_NEGPULSE_1S,151,0.96616,0.4,3.6507,3.63738,3.66402,26.64
BOOST_NEGPULSE_1S,151,0.96616,0.41,3.65735,3.64388,3.67082,26.94
BOOST_NEGPULSE_1S,151,0.96616,0.42,3.66426,3.65066,3.67786,27.2
BOOST_NEGPULSE_1S,151,0.96616,0.43,3.67154,3.65793,3.68514,27.21
BOOST_NEGPULSE_1S,151,0.96616,0.44,3.67904,3.66516,3.69292,27.76
BOOST_NEGPULSE_1S,151,0.96616,0.45,3.68709,3.67304,3.70114,28.1
BOOST_NEGPULSE_1S,151,0.96616,0.46,3.69545,3.68128,3.70962,28.34
BOOST_NEGPULSE_1S,151,0.96616,0.47,3.70433,3.68984,3.71882,28.98
BOOST_NEGPULSE_1S,151,0.96616,0.48,3.71357,3.69896,3.72818,29.22
BOOST_NEGPULSE_1S,151,0.96616,0.49,3.72308,3.70826,3.7379,29.64
BOOST_NEGPULSE_1S,151,0.96616,0.5,3.73288,3.71792,3.74784,29.92
BOOST_NEGPULSE_1S,151,0.96616,0.51,3.7427,3.72764,3.75776,30.12
BOOST_NEGPULSE_1S,151,0.96616,0.52,3.75259,3.73732,3.76786,30.54
BOOST_NEGPULSE_1S,151,0.96616,0.53,3.76246,3.74714,3.77778,30.64
BOOST_NEGPULSE_1S,151,0.96616,0.54,3.77207,3.75648,3.78766,31.18
BOOST_NEGPULSE_1S,151,0.96616,0.55,3.78181,3.7661,3.79752,31.42
BOOST_NEGPULSE_1S,151,0.96616,0.56,3.79164,3.77592,3.80736,31.44
BOOST_NEGPULSE_1S,151,0.96616,0.57,3.80168,3.78586,3.8175,31.64
BOOST_NEGPULSE_1S,151,0.96616,0.58,3.812,3.79594,3.82806,32.12
BOOST_NEGPULSE_1S,151,0.96616,0.59,3.82295,3.80696,3.83894,31.98
BOOST_NEGPULSE_1S,151,0.96616,0.6,3.83461,3.81852,3.8507,32.17
BOOST_NEGPULSE_1S,151,0.96616,0.61,3.84698,3.83152,3.86244,30.92
BOOST_NEGPULSE_1S,151,0.96616,0.62,3.85967,3.84501,3.87434,29.33
BOOST_NEGPULSE_1S,151,0.96616,0.63,3.8716,3.85794,3.88525,27.31
BOOST_NEGPULSE_1S,151,0.96616,0.64,3.88134,3.86857,3.89411,25.54
BOOST_NEGPULSE_1S,151,0.96616,0.65,3.88978,3.8779,3.90166,23.76
BOOST_NEGPULSE_1S,151,0.96616,0.66,3.89697,3.88583,3.90812,22.29
BOOST_NEGPULSE_1S,151,0.96616,0.67,3.90365,3.89283,3.91446,21.63
BOOST_NEGPULSE_1S,151,0.96616,0.68,3.91028,3.89992,3.92063,20.71
BOOST_NEGPULSE_1S,151,0.96616,0.69,3.91682,3.90663,3.92702,20.39
BOOST_NEGPULSE_1S,151,0.96616,0.7,3.92406,3.91392,3.93421,20.29
BOOST_NEGPULSE_1S,151,0.96616,0.71,3.93159,3.92132,3.94186,20.55
BOOST_NEGPULSE_1S,151,0.96616,0.72,3.9401,3.92971,3.9505,20.79
BOOST_NEGPULSE_1S,151,0.96616,0.73,3.94957,3.93901,3.96014,21.12
BOOST_NEGPULSE_1S,151,0.96616,0.74,3.95972,3.94882,3.97063,21.81
BOOST_NEGPULSE_1S,151,0.96616,0.75,3.97097,3.95991,3.98203,22.12
BOOST_NEGPULSE_1S,151,0.96616,0.76,3.98275,3.97142,3.99408,22.65
BOOST_NEGPULSE_1S,151,0.96616,0.77,3.99537,3.98391,4.00683,22.92
BOOST_NEGPULSE_1S,151,0.96616,0.78,4.008,3.99643,4.01958,23.15
BOOST_NEGPULSE_1S,151,0.96616,0.79,4.02059,4.00929,4.03188,22.59
BOOST_NEGPULSE_1S,151,0.96616,0.8,4.0325,4.02113,4.04388,22.75
BOOST_NEGPULSE_1S,151,0.96616,0.81,4.04365,4.03242,4.05489,22.47
BOOST_NEGPULSE_1S,151,0.96616,0.82,4.05371,4.04254,4.06488,22.34
BOOST_NEGPULSE_1S,151,0.96616,0.83,4.06266,4.05204,4.07329,21.25
BOOST_NEGPULSE_1S,151,0.96616,0.84,4.06948,4.05957,4.0794,19.83
BOOST_NEGPULSE_1S,151,0.96616,0.85,4.07401,4.06498,4.08304,18.07
BOOST_NEGPULSE_1S,151,0.96616,0.86,4.07723,4.06868,4.08579,17.11
BOOST_NEGPULSE_1S,151,0.96616,0.87,4.0795,4.07089,4.0881,17.21
BOOST_NEGPULSE_1S,151,0.96616,0.88,4.08175,4.0732,4.0903,17.1
BOOST_NEGPULSE_1S,151,0.96616,0.89,4.08425,4.07559,4.0929,17.31
BOOST_NEGPULSE_1S,151,0.96616,0.9,4.08662,4.07779,4.09545,17.66
BOOST_NEGPULSE_1S,151,0.96616,0.91,4.08962,4.08059,4.09866,18.07
BOOST_NEGPULSE_1S,151,0.96616,0.92,4.09297,4.08369,4.10226,18.56
BOOST_NEGPULSE_1S,151,0.96616,0.93,4.09698,4.08729,4.10666,19.37
BOOST_NEGPULSE_1S,151,0.96616,0.94,4.10212,4.09209,4.11216,20.07
BOOST_NEGPULSE_1S,151,0.96616,0.95,4.1087,4.09829,4.11911,20.82
BOOST_NEGPULSE_1S,151,0.96616,0.96,4.11725,4.10619,4.12832,22.13
BOOST_NEGPULSE_1S,151,0.96616,0.97,4.12853,4.11699,4.14007,23.08
BOOST_NEGPULSE_1S,151,0.96616,0.98,4.14346,4.13139,4.15553,24.14
BOOST_NEGPULSE_1S,151,0.96616,0.99,4.16799,4.16039,4.17559,15.2
BOOST_NEGPULSE_1S,226,0.95947,0.04,2.99644,2.92675,3.06614,139.39
BOOST_NEGPULSE_1S,226,0.95947,0.05,3.12891,3.07607,3.18176,105.68
BOOST_NEGPULSE_1S,226,0.95947,0.06,3.21746,3.17328,3.26164,88.36
BOOST_NEGPULSE_1S,226,0.95947,0.07,3.28292,3.24394,3.32191,77.98
BOOST_NEGPULSE_1S,226,0.95947,0.08,3.32945,3.29296,3.36595,72.99
BOOST_NEGPULSE_1S,226,0.95947,0.09,3.35581,3.32599,3.38563,59.64
BOOST_NEGPULSE_1S,226,0.95947,0.1,3.37409,3.35045,3.39773,47.28
BOOST_NEGPULSE_1S,226,0.95947,0.11,3.38838,3.36847,3.4083,39.83
BOOST_NEGPULSE_1S,226,0.95947,0.12,3.39946,3.38159,3.41733,35.74
BOOST_NEGPULSE_1S,226,0.95947,0.13,3.40878,3.39212,3.42543,33.31
BOOST_NEGPULSE_1S,226,0.95947,0.14,3.4174,3.40132,3.43347,32.16
BOOST_NEGPULSE_1S,226,0.95947,0.15,3.42565,3.40976,3.44154,31.78
BOOST_NEGPULSE_1S,226,0.95947,0.16,3.43417,3.41812,3.45023,32.11
BOOST_NEGPULSE_1S,226,0.95947,0.17,3.44334,3.42674,3.45993,33.19
BOOST_NEGPULSE_1S,226,0.95947,0.18,3.45386,3.4372,3.47052,33.32
BOOST_NEGPULSE_1S,226,0.95947,0.19,3.46616,3.45014,3.48217,32.03
BOOST_NEGPULSE_1S,226,0.95947,0.2,3.4785,3.46266,3.49434,31.68
BOOST_NEGPULSE_1S,226,0.95947,0.21,3.49028,3.4743,3.50626,31.96
BOOST_NEGPULSE_1S,226,0.95947,0.22,3.50146,3.48506,3.51785,32.79
BOOST_NEGPULSE_1S,226,0.95947,0.23,3.51281,3.49575,3.52986,34.11
BOOST_NEGPULSE_1S,226,0.95947,0.24,3.52344,3.50545,3.54142,35.97
BOOST_NEGPULSE_1S,226,0.95947,0.25,3.53364,3.5153,3.55198,36.68
BOOST_NEGPULSE_1S,226,0.95947,0.26,3.54339,3.52455,3.56224,37.68
BOOST_NEGPULSE_1S,226,0.95947,0.27,3.55284,3.5338,3.57189,38.09
BOOST_NEGPULSE_1S,226,0.95947,0.28,3.562,3.54305,3.58095,37.89
BOOST_NEGPULSE_1S,226,0.95947,0.29,3.57054,3.55214,3.58895,36.81
BOOST_NEGPULSE_1S,226,0.95947,0.3,3.57857,3.56064,3.5965,35.87
BOOST_NEGPULSE_1S,226,0.95947,0.31,3.58612,3.56884,3.60341,34.57
BOOST_NEGPULSE_1S,226,0.95947,0.32,3.5936,3.57684,3.61036,33.53
BOOST_NEGPULSE_1S,226,0.95947,0.33,3.6007,3.58439,3.61701,32.62
BOOST_NEGPULSE_1S,226,0.95947,0.34,3.60753,3.59168,3.62338,31.69
BOOST_NEGPULSE_1S,226,0.95947,0.35,3.61426,3.59879,3.62973,30.94
BOOST_NEGPULSE_1S,226,0.95947,0.36,3.62071,3.60564,3.63578,30.14
BOOST_NEGPULSE_1S,226,0.95947,0.37,3.62715,3.61221,3.64208,29.87
BOOST_NEGPULSE_1S,226,0.95947,0.38,3.63359,3.61896,3.64822,29.26
BOOST_NEGPULSE_1S,226,0.95947,0.39,3.63995,3.62526,3.65464,29.38
BOOST_NEGPULSE_1S,226,0.95947,0.4,3.64644,3.63186,3.66102,29.16
BOOST_NEGPULSE_1S,226,0.95947,0.41,3.65304,3.63836,3.66772,29.36
BOOST_NEGPULSE_1S,226,0.95947,0.42,3.65996,3.64521,3.6747,29.49
BOOST_NEGPULSE_1S,226,0.95947,0.43,3.66705,3.65211,3.68198,29.87
BOOST_NEGPULSE_1S,226,0.95947,0.44,3.67461,3.6596,3.68962,30.02
BOOST_NEGPULSE_1S,226,0.95947,0.45,3.68246,3.66728,3.69765,30.37
BOOST_NEGPULSE_1S,226,0.95947,0.46,3.69078,3.67528,3.70628,31.0
BOOST_NEGPULSE_1S,226,0.95947,0.47,3.69952,3.6839,3.71514,31.24
BOOST_NEGPULSE_1S,226,0.95947,0.48,3.70878,3.69295,3.72461,31.66
BOOST_NEGPULSE_1S,226,0.95947,0.49,3.71826,3.7021,3.73441,32.31
BOOST_NEGPULSE_1S,226,0.95947,0.5,3.72805,3.71186,3.74424,32.38
BOOST_NEGPULSE_1S,226,0.95947,0.51,3.73808,3.72172,3.75445,32.73
BOOST_NEGPULSE_1S,226,0.95947,0.52,3.74808,3.73158,3.76458,33.0
BOOST_NEGPULSE_1S,226,0.95947,0.53,3.75811,3.74174,3.77448,32.74
BOOST_NEGPULSE_1S,226,0.95947,0.54,3.76811,3.75148,3.78475,33.27
BOOST_NEGPULSE_1S,226,0.95947,0.55,3.77811,3.76148,3.79475,33.27
BOOST_NEGPULSE_1S,226,0.95947,0.56,3.78796,3.77132,3.80461,33.29
BOOST_NEGPULSE_1S,226,0.95947,0.57,3.79789,3.78118,3.81461,33.43
BOOST_NEGPULSE_1S,226,0.95947,0.58,3.80835,3.79159,3.82511,33.52
BOOST_NEGPULSE_1S,226,0.95947,0.59,3.81877,3.80211,3.83543,33.32
BOOST_NEGPULSE_1S,226,0.95947,0.6,3.82954,3.81294,3.84614,33.2
BOOST_NEGPULSE_1S,226,0.95947,0.61,3.84059,3.8243,3.85688,32.58
BOOST_NEGPULSE_1S,226,0.95947,0.62,3.85167,3.83591,3.86743,31.52
BOOST_NEGPULSE_1S,226,0.95947,0.63,3.863,3.84807,3.87794,29.87
BOOST_NEGPULSE_1S,226,0.95947,0.64,3.87394,3.85983,3.88804,28.21
BOOST_NEGPULSE_1S,226,0.95947,0.65,3.88394,3.87051,3.89736,26.85
BOOST_NEGPULSE_1S,226,0.95947,0.66,3.8925,3.87988,3.90512,25.24
BOOST_NEGPULSE_1S,226,0.95947,0.67,3.89999,3.88787,3.9121,24.23
BOOST_NEGPULSE_1S,226,0.95947,0.68,3.90716,3.89544,3.91888,23.44
BOOST_NEGPULSE_1S,226,0.95947,0.69,3.91382,3.90231,3.92534,23.02
BOOST_NEGPULSE_1S,226,0.95947,0.7,3.92099,3.90952,3.93246,22.94
BOOST_NEGPULSE_1S,226,0.95947,0.71,3.92839,3.91686,3.93992,23.06
BOOST_NEGPULSE_1S,226,0.95947,0.72,3.93671,3.92495,3.94847,23.52
BOOST_NEGPULSE_1S,226,0.95947,0.73,3.94582,3.93367,3.95797,24.31
BOOST_NEGPULSE_1S,226,0.95947,0.74,3.95564,3.94327,3.968,24.73
BOOST_NEGPULSE_1S,226,0.95947,0.75,3.96664,3.9538,3.97947,25.66
BOOST_NEGPULSE_1S,226,0.95947,0.76,3.97818,3.96506,3.99129,26.23
BOOST_NEGPULSE_1S,226,0.95947,0.77,3.99064,3.97722,4.00407,26.85
BOOST_NEGPULSE_1S,226,0.95947,0.78,4.00324,3.98969,4.01678,27.09
BOOST_NEGPULSE_1S,226,0.95947,0.79,4.01577,4.00215,4.02938,27.23
BOOST_NEGPULSE_1S,226,0.95947,0.8,4.02794,4.01433,4.04154,27.2
BOOST_NEGPULSE_1S,226,0.95947,0.81,4.03904,4.02533,4.05274,27.41
BOOST_NEGPULSE_1S,226,0.95947,0.82,4.04914,4.03534,4.06294,27.6
BOOST_NEGPULSE_1S,226,0.95947,0.83,4.0586,4.04525,4.07194,26.69
BOOST_NEGPULSE_1S,226,0.95947,0.84,4.06608,4.05388,4.07828,24.41
BOOST_NEGPULSE_1S,226,0.95947,0.85,4.0714,4.06062,4.08218,21.57
BOOST_NEGPULSE_1S,226,0.95947,0.86,4.07527,4.06546,4.08509,19.63
BOOST_NEGPULSE_1S,226,0.95947,0.87,4.0777,4.0682,4.0872,19.0
BOOST_NEGPULSE_1S,226,0.95947,0.88,4.08008,4.07058,4.08959,19.01
BOOST_NEGPULSE_1S,226,0.95947,0.89,4.08248,4.07288,4.09209,19.21
BOOST_NEGPULSE_1S,226,0.95947,0.9,4.08475,4.0749,4.09459,19.69
BOOST_NEGPULSE_1S,226,0.95947,0.91,4.08763,4.07746,4.09779,20.32
BOOST_NEGPULSE_1S,226,0.95947,0.92,4.09075,4.0802,4.1013,21.1
BOOST_NEGPULSE_1S,226,0.95947,0.93,4.09468,4.08367,4.1057,22.03
BOOST_NEGPULSE_1S,226,0.95947,0.94,4.09974,4.08818,4.1113,23.12
BOOST_NEGPULSE_1S,226,0.95947,0.95,4.10589,4.09367,4.1181,24.43
BOOST_NEGPULSE_1S,226,0.95947,0.96,4.11443,4.10157,4.1273,25.73
BOOST_NEGPULSE_1S,226,0.95947,0.97,4.12529,4.11177,4.1388,27.03
BOOST_NEGPULSE_1S,226,0.95947,0.98,4.13987,4.12568,4.15406,28.38
BOOST_NEGPULSE_1S,226,0.95947,0.99,4.15913,4.14469,4.17357,28.89
BOOST_NEGPULSE_1S,301,0.95301,0.04,2.97289,2.89422,3.05156,157.34
BOOST_NEGPULSE_1S,301,0.95301,0.05,3.11495,3.05703,3.17286,115.84
BOOST_NEGPULSE_1S,301,0.95301,0.06,3.20689,3.15872,3.25507,96.35
BOOST_NEGPULSE_1S,301,0.95301,0.07,3.27443,3.2316,3.31726,85.66
BOOST_NEGPULSE_1S,301,0.95301,0.08,3.32291,3.28265,3.36316,80.51
BOOST_NEGPULSE_1S,301,0.95301,0.09,3.35129,3.31793,3.38466,66.73
BOOST_NEGPULSE_1S,301,0.95301,0.1,3.37083,3.34464,3.39702,52.38
BOOST_NEGPULSE_1S,301,0.95301,0.11,3.38623,3.36488,3.40759,42.71
BOOST_NEGPULSE_1S,301,0.95301,0.12,3.39831,3.37972,3.41691,37.19
BOOST_NEGPULSE_1S,301,0.95301,0.13,3.40824,3.39099,3.4255,34.51
BOOST_NEGPULSE_1S,301,0.95301,0.14,3.41707,3.40072,3.43342,32.69
BOOST_NEGPULSE_1S,301,0.95301,0.15,3.42544,3.40945,3.44143,31.97
BOOST_NEGPULSE_1S,301,0.95301,0.16,3.43398,3.41795,3.45001,32.06
BOOST_NEGPULSE_1S,301,0.95301,0.17,3.44274,3.42635,3.45914,32.79
BOOST_NEGPULSE_1S,301,0.95301,0.18,3.45274,3.43586,3.46961,33.75
BOOST_NEGPULSE_1S,301,0.95301,0.19,3.46439,3.44759,3.48119,33.61
BOOST_NEGPULSE_1S,301,0.95301,0.2,3.47656,3.46,3.49313,33.14
BOOST_NEGPULSE_1S,301,0.95301,0.21,3.48866,3.472,3.50532,33.32
BOOST_NEGPULSE_1S,301,0.95301,0.22,3.49996,3.48296,3.51696,34.0
BOOST_NEGPULSE_1S,301,0.95301,0.23,3.51127,3.4938,3.52875,34.95
BOOST_NEGPULSE_1S,301,0.95301,0.24,3.52227,3.50418,3.54036,36.18
BOOST_NEGPULSE_1S,301,0.95301,0.25,3.53268,3.5141,3.55126,37.16
BOOST_NEGPULSE_1S,301,0.95301,0.26,3.54243,3.52369,3.56118,37.49
BOOST_NEGPULSE_1S,301,0.95301,0.27,3.55201,3.53295,3.57108,38.12
BOOST_NEGPULSE_1S,301,0.95301,0.28,3.5612,3.54231,3.58009,37.78
BOOST_NEGPULSE_1S,301,0.95301,0.29,3.56998,3.55126,3.58869,37.43
BOOST_NEGPULSE_1S,301,0.95301,0.3,3.57802,3.55985,3.5962,36.34
BOOST_NEGPULSE_1S,301,0.95301,0.31,3.58595,3.56831,3.6036,35.29
BOOST_NEGPULSE_1S,301,0.95301,0.32,3.59332,3.57624,3.6104,34.16
BOOST_NEGPULSE_1S,301,0.95301,0.33,3.60045,3.58388,3.61701,33.13
BOOST_NEGPULSE_1S,301,0.95301,0.34,3.60755,3.59129,3.62381,32.52
BOOST_NEGPULSE_1S,301,0.95301,0.35,3.61417,3.59834,3.63001,31.68
BOOST_NEGPULSE_1S,301,0.95301,0.36,3.62093,3.60544,3.63642,30.98
BOOST_NEGPULSE_1S,301,0.95301,0.37,3.62733,3.61205,3.64261,30.56
BOOST_NEGPULSE_1S,301,0.95301,0.38,3.63379,3.61876,3.64882,30.06
BOOST_NEGPULSE_1S,301,0.95301,0.39,3.64031,3.62531,3.65532,30.01
BOOST_NEGPULSE_1S,301,0.95301,0.4,3.64683,3.63191,3.66174,29.83
BOOST_NEGPULSE_1S,301,0.95301,0.41,3.65363,3.63871,3.66855,29.84
BOOST_NEGPULSE_1S,301,0.95301,0.42,3.66053,3.64541,3.67564,30.23
BOOST_NEGPULSE_1S,301,0.95301,0.43,3.66763,3.65249,3.68277,30.28
BOOST_NEGPULSE_1S,301,0.95301,0.44,3.6754,3.66005,3.69075,30.7
BOOST_NEGPULSE_1S,301,0.95301,0.45,3.6832,3.66764,3.69876,31.12
BOOST_NEGPULSE_1S,301,0.95301,0.46,3.69169,3.67579,3.70758,31.79
BOOST_NEGPULSE_1S,301,0.95301,0.47,3.70053,3.68449,3.71657,32.08
BOOST_NEGPULSE_1S,301,0.95301,0.48,3.70974,3.69346,3.72602,32.56
BOOST_NEGPULSE_1S,301,0.95301,0.49,3.71934,3.70278,3.73591,33.13
BOOST_NEGPULSE_1S,301,0.95301,0.5,3.72925,3.71268,3.74583,33.15
BOOST_NEGPULSE_1S,301,0.95301,0.51,3.73938,3.72252,3.75624,33.72
BOOST_NEGPULSE_1S,301,0.95301,0.52,3.74959,3.73274,3.76644,33.7
BOOST_NEGPULSE_1S,301,0.95301,0.53,3.75958,3.74271,3.77644,33.73
BOOST_NEGPULSE_1S,301,0.95301,0.54,3.76968,3.75268,3.78668,34.0
BOOST_NEGPULSE_1S,301,0.95301,0.55,3.77962,3.76268,3.79656,33.88
BOOST_NEGPULSE_1S,301,0.95301,0.56,3.78955,3.77255,3.80656,34.01
BOOST_NEGPULSE_1S,301,0.95301,0.57,3.79956,3.78241,3.8167,34.29
BOOST_NEGPULSE_1S,301,0.95301,0.58,3.80988,3.79278,3.82698,34.2
BOOST_NEGPULSE_1S,301,0.95301,0.59,3.82018,3.80318,3.83719,34.02
BOOST_NEGPULSE_1S,301,0.95301,0.6,3.83078,3.81385,3.84772,33.87
BOOST_NEGPULSE_1S,301,0.95301,0.61,3.84128,3.82468,3.85789,33.22
BOOST_NEGPULSE_1S,301,0.95301,0.62,3.85203,3.83575,3.86832,32.57
BOOST_NEGPULSE_1S,301,0.95301,0.63,3.86284,3.84708,3.8786,31.52
BOOST_NEGPULSE_1S,301,0.95301,0.64,3.87347,3.85852,3.88842,29.9
BOOST_NEGPULSE_1S,301,0.95301,0.65,3.88379,3.86969,3.8979,28.2
BOOST_NEGPULSE_1S,301,0.95301,0.66,3.89295,3.8796,3.9063,26.69
BOOST_NEGPULSE_1S,301,0.95301,0.67,3.90088,3.88814,3.91363,25.49
BOOST_NEGPULSE_1S,301,0.95301,0.68,3.90818,3.89604,3.92032,24.28
BOOST_NEGPULSE_1S,301,0.95301,0.69,3.91513,3.9031,3.92716,24.06
BOOST_NEGPULSE_1S,301,0.95301,0.7,3.92226,3.9105,3.93402,23.52
BOOST_NEGPULSE_1S,301,0.95301,0.71,3.93001,3.91806,3.94196,23.9
BOOST_NEGPULSE_1S,301,0.95301,0.72,3.93839,3.92617,3.95062,24.45
BOOST_NEGPULSE_1S,301,0.95301,0.73,3.94778,3.93533,3.96022,24.9
BOOST_NEGPULSE_1S,301,0.95301,0.74,3.95787,3.94491,3.97082,25.91
BOOST_NEGPULSE_1S,301,0.95301,0.75,3.96887,3.95568,3.98206,26.38
BOOST_NEGPULSE_1S,301,0.95301,0.76,3.98071,3.96693,3.9945,27.57
BOOST_NEGPULSE_1S,301,0.95301,0.77,3.99311,3.97902,4.0072,28.18
BOOST_NEGPULSE_1S,301,0.95301,0.78,4.0058,3.99161,4.02,28.39
BOOST_NEGPULSE_1S,301,0.95301,0.79,4.01837,4.00397,4.03278,28.81
BOOST_NEGPULSE_1S,301,0.95301,0.8,4.03044,4.01604,4.04484,28.8
BOOST_NEGPULSE_1S,301,0.95301,0.81,4.04163,4.02746,4.0558,28.33
BOOST_NEGPULSE_1S,301,0.95301,0.82,4.05183,4.03768,4.06598,28.3
BOOST_NEGPULSE_1S,301,0.95301,0.83,4.06066,4.04719,4.07414,26.94
BOOST_NEGPULSE_1S,301,0.95301,0.84,4.06778,4.05562,4.07994,24.32
BOOST_NEGPULSE_1S,301,0.95301,0.85,4.07272,4.06194,4.0835,21.56
BOOST_NEGPULSE_1S,301,0.95301,0.86,4.07613,4.06636,4.0859,19.54
BOOST_NEGPULSE_1S,301,0.95301,0.87,4.07852,4.06889,4.08815,19.26
BOOST_NEGPULSE_1S,301,0.95301,0.88,4.08096,4.07127,4.09066,19.38
BOOST_NEGPULSE_1S,301,0.95301,0.89,4.08328,4.07348,4.09307,19.59
BOOST_NEGPULSE_1S,301,0.95301,0.9,4.08576,4.07549,4.09602,20.53
BOOST_NEGPULSE_1S,301,0.95301,0.91,4.08887,4.07828,4.09947,21.19
BOOST_NEGPULSE_1S,301,0.95301,0.92,4.09205,4.08089,4.10321,22.32
BOOST_NEGPULSE_1S,301,0.95301,0.93,4.09634,4.08458,4.1081,23.52
BOOST_NEGPULSE_1S,301,0.95301,0.94,4.10154,4.08888,4.1142,25.32
BOOST_NEGPULSE_1S,301,0.95301,0.95,4.10828,4.09488,4.12168,26.8
BOOST_NEGPULSE_1S,301,0.95301,0.96,4.11711,4.10238,4.13184,29.46
BOOST_NEGPULSE_1S,301,0.95301,0.97,4.12869,4.11278,4.1446,31.83
BOOST_NEGPULSE_1S,301,0.95301,0.98,4.14423,4.12718,4.16129,34.11
BOOST_NEGPULSE_1S,301,0.95301,0.99,4.1648,4.14708,4.18252,35.43
BOOST_NEGPULSE_1S,376,0.94507,0.04,2.82443,2.6839,2.96496,281.06
BOOST_NEGPULSE_1S,376,0.94507,0.05,3.05129,2.97832,3.12426,145.94
BOOST_NEGPULSE_1S,376,0.94507,0.06,3.16281,3.10478,3.22084,116.06
BOOST_NEGPULSE_1S,376,0.94507,0.07,3.24121,3.19134,3.29109,99.75
BOOST_NEGPULSE_1S,376,0.94507,0.08,3.29918,3.25359,3.34477,91.18
BOOST_NEGPULSE_1S,376,0.94507,0.09,3.337,3.29662,3.37737,80.75
BOOST_NEGPULSE_1S,376,0.94507,0.1,3.35995,3.32797,3.39194,63.97
BOOST_NEGPULSE_1S,376,0.94507,0.11,3.37755,3.35218,3.40292,50.74
BOOST_NEGPULSE_1S,376,0.94507,0.12,3.3919,3.37058,3.41322,42.63
BOOST_NEGPULSE_1S,376,0.94507,0.13,3.40319,3.38433,3.42206,37.73
BOOST_NEGPULSE_1S,376,0.94507,0.14,3.41292,3.39538,3.43046,35.08
BOOST_NEGPULSE_1S,376,0.94507,0.15,3.42168,3.40479,3.43857,33.78
BOOST_NEGPULSE_1S,376,0.94507,0.16,3.4301,3.41353,3.44667,33.14
BOOST_NEGPULSE_1S,376,0.94507,0.17,3.43885,3.42209,3.45561,33.52
BOOST_NEGPULSE_1S,376,0.94507,0.18,3.44821,3.43098,3.46545,34.47
BOOST_NEGPULSE_1S,376,0.94507,0.19,3.45876,3.44133,3.47619,34.86
BOOST_NEGPULSE_1S,376,0.94507,0.2,3.47066,3.45335,3.48796,34.61
BOOST_NEGPULSE_1S,376,0.94507,0.21,3.48284,3.46567,3.50001,34.34
BOOST_NEGPULSE_1S,376,0.94507,0.22,3.49461,3.47716,3.51205,34.89
BOOST_NEGPULSE_1S,376,0.94507,0.23,3.50591,3.48802,3.52381,35.79
BOOST_NEGPULSE_1S,376,0.94507,0.24,3.5171,3.49867,3.53554,36.87
BOOST_NEGPULSE_1S,376,0.94507,0.25,3.5276,3.50862,3.54658,37.96
BOOST_NEGPULSE_1S,376,0.94507,0.26,3.53781,3.51857,3.55706,38.49
BOOST_NEGPULSE_1S,376,0.94507,0.27,3.54725,3.52785,3.56666,38.81
BOOST_NEGPULSE_1S,376,0.94507,0.28,3.55661,3.5372,3.57602,38.82
BOOST_NEGPULSE_1S,376,0.94507,0.29,3.56569,3.54624,3.58515,38.92
BOOST_NEGPULSE_1S,376,0.94507,0.3,3.57414,3.5551,3.59318,38.08
BOOST_NEGPULSE_1S,376,0.94507,0.31,3.58227,3.56368,3.60087,37.19
BOOST_NEGPULSE_1S,376,0.94507,0.32,3.58987,3.5719,3.60783,35.92
BOOST_NEGPULSE_1S,376,0.94507,0.33,3.59732,3.57984,3.6148,34.96
BOOST_NEGPULSE_1S,376,0.94507,0.34,3.60443,3.58726,3.6216,34.34
BOOST_NEGPULSE_1S,376,0.94507,0.35,3.61131,3.59462,3.62801,33.39
BOOST_NEGPULSE_1S,376,0.94507,0.36,3.61811,3.6018,3.63443,32.63
BOOST_NEGPULSE_1S,376,0.94507,0.37,3.62464,3.60862,3.64066,32.04
BOOST_NEGPULSE_1S,376,0.94507,0.38,3.63129,3.61556,3.64702,31.46
BOOST_NEGPULSE_1S,376,0.94507,0.39,3.63782,3.6221,3.65354,31.44
BOOST_NEGPULSE_1S,376,0.94507,0.4,3.64434,3.62885,3.65984,30.99
BOOST_NEGPULSE_1S,376,0.94507,0.41,3.65114,3.63542,3.66685,31.43
BOOST_NEGPULSE_1S,376,0.94507,0.42,3.65803,3.64231,3.67374,31.43
BOOST_NEGPULSE_1S,376,0.94507,0.43,3.6652,3.64926,3.68114,31.89
BOOST_NEGPULSE_1S,376,0.94507,0.44,3.67257,3.65648,3.68865,32.17
BOOST_NEGPULSE_1S,376,0.94507,0.45,3.68061,3.66428,3.69693,32.64
BOOST_NEGPULSE_1S,376,0.94507,0.46,3.68876,3.67215,3.70538,33.23
BOOST_NEGPULSE_1S,376,0.94507,0.47,3.69756,3.68074,3.71437,33.62
BOOST_NEGPULSE_1S,376,0.94507,0.48,3.70679,3.68961,3.72396,34.35
BOOST_NEGPULSE_1S,376,0.94507,0.49,3.71629,3.69901,3.73357,34.56
BOOST_NEGPULSE_1S,376,0.94507,0.5,3.72629,3.70868,3.7439,35.22
BOOST_NEGPULSE_1S,376,0.94507,0.51,3.73626,3.71861,3.7539,35.29
BOOST_NEGPULSE_1S,376,0.94507,0.52,3.74659,3.72878,3.7644,35.62
BOOST_NEGPULSE_1S,376,0.94507,0.53,3.75665,3.7389,3.7744,35.5
BOOST_NEGPULSE_1S,376,0.94507,0.54,3.76681,3.74898,3.78464,35.66
BOOST_NEGPULSE_1S,376,0.94507,0.55,3.777,3.75918,3.79483,35.65
BOOST_NEGPULSE_1S,376,0.94507,0.56,3.78689,3.76905,3.80474,35.69
BOOST_NEGPULSE_1S,376,0.94507,0.57,3.79702,3.77912,3.81492,35.8
BOOST_NEGPULSE_1S,376,0.94507,0.58,3.80716,3.78945,3.82487,35.42
BOOST_NEGPULSE_1S,376,0.94507,0.59,3.81739,3.7997,3.83508,35.38
BOOST_NEGPULSE_1S,376,0.94507,0.6,3.82788,3.81028,3.84547,35.19
BOOST_NEGPULSE_1S,376,0.94507,0.61,3.83834,3.82111,3.85556,34.45
BOOST_NEGPULSE_1S,376,0.94507,0.62,3.84889,3.83188,3.8659,34.01
BOOST_NEGPULSE_1S,376,0.94507,0.63,3.85918,3.84258,3.87577,33.19
BOOST_NEGPULSE_1S,376,0.94507,0.64,3.8696,3.85378,3.88542,31.64
BOOST_NEGPULSE_1S,376,0.94507,0.65,3.88007,3.86516,3.89498,29.82
BOOST_NEGPULSE_1S,376,0.94507,0.66,3.88955,3.87541,3.9037,28.29
BOOST_NEGPULSE_1S,376,0.94507,0.67,3.89832,3.88491,3.91173,26.82
BOOST_NEGPULSE_1S,376,0.94507,0.68,3.90603,3.8931,3.91896,25.87
BOOST_NEGPULSE_1S,376,0.94507,0.69,3.91313,3.90056,3.92571,25.15
BOOST_NEGPULSE_1S,376,0.94507,0.7,3.9204,3.9078,3.933,25.19
BOOST_NEGPULSE_1S,376,0.94507,0.71,3.92788,3.91515,3.94062,25.47
BOOST_NEGPULSE_1S,376,0.94507,0.72,3.93626,3.92333,3.94918,25.85
BOOST_NEGPULSE_1S,376,0.94507,0.73,3.94522,3.93179,3.95864,26.85
BOOST_NEGPULSE_1S,376,0.94507,0.74,3.95504,3.94116,3.96892,27.76
BOOST_NEGPULSE_1S,376,0.94507,0.75,3.96603,3.95167,3.98039,28.72
BOOST_NEGPULSE_1S,376,0.94507,0.76,3.97751,3.96257,3.99244,29.87
BOOST_NEGPULSE_1S,376,0.94507,0.77,3.98983,3.97436,4.00529,30.93
BOOST_NEGPULSE_1S,376,0.94507,0.78,4.00249,3.98681,4.01816,31.36
BOOST_NEGPULSE_1S,376,0.94507,0.79,4.01518,3.99926,4.03111,31.85
BOOST_NEGPULSE_1S,376,0.94507,0.8,4.02721,4.01126,4.04315,31.89
BOOST_NEGPULSE_1S,376,0.94507,0.81,4.03858,4.02268,4.05448,31.8
BOOST_NEGPULSE_1S,376,0.94507,0.82,4.04913,4.03339,4.06487,31.48
BOOST_NEGPULSE_1S,376,0.94507,0.83,4.05822,4.04303,4.0734,30.37
BOOST_NEGPULSE_1S,376,0.94507,0.84,4.06579,4.05191,4.07966,27.75
BOOST_NEGPULSE_1S,376,0.94507,0.85,4.07122,4.05924,4.0832,23.96
BOOST_NEGPULSE_1S,376,0.94507,0.86,4.07522,4.06437,4.08606,21.69
BOOST_NEGPULSE_1S,376,0.94507,0.87,4.07797,4.06767,4.08826,20.59
BOOST_NEGPULSE_1S,376,0.94507,0.88,4.08042,4.0701,4.09074,20.64
BOOST_NEGPULSE_1S,376,0.94507,0.89,4.08275,4.07219,4.0933,21.11
BOOST_NEGPULSE_1S,376,0.94507,0.9,4.08546,4.07468,4.09624,21.56
BOOST_NEGPULSE_1S,376,0.94507,0.91,4.08831,4.07699,4.09964,22.64
BOOST_NEGPULSE_1S,376,0.94507,0.92,4.09171,4.07978,4.10364,23.86
BOOST_NEGPULSE_1S,376,0.94507,0.93,4.0959,4.08328,4.10852,25.24
BOOST_NEGPULSE_1S,376,0.94507,0.94,4.10095,4.08728,4.11462,27.34
BOOST_NEGPULSE_1S,376,0.94507,0.95,4.10758,4.09269,4.12248,29.79
BOOST_NEGPULSE_1S,376,0.94507,0.96,4.11604,4.09988,4.1322,32.32
BOOST_NEGPULSE_1S,376,0.94507,0.97,4.12741,4.10968,4.14513,35.44
BOOST_NEGPULSE_1S,376,0.94507,0.98,4.1423,4.12319,4.16142,38.23
BOOST_NEGPULSE_1S,376,0.94507,0.99,4.16233,4.14239,4.18227,39.88
BOOST_NEGPULSE_1S,451,0.9236,0.06,2.75483,2.56168,2.94797,386.29
BOOST_NEGPULSE_1S,451,0.9236,0.07,3.03018,2.93818,3.12217,183.99
BOOST_NEGPULSE_1S,451,0.9236,0.08,3.15059,3.07882,3.22236,143.54
BOOST_NEGPULSE_1S,451,0.9236,0.09,3.23278,3.1717,3.29386,122.16
BOOST_NEGPULSE_1S,451,0.9236,0.1,3.29314,3.23864,3.34764,109.0
BOOST_NEGPULSE_1S,451,0.9236,0.11,3.33236,3.28558,3.37914,93.56
BOOST_NEGPULSE_1S,451,0.9236,0.12,3.35672,3.31996,3.39348,73.52
BOOST_NEGPULSE_1S,451,0.9236,0.13,3.37594,3.3468,3.40508,58.28
BOOST_NEGPULSE_1S,451,0.9236,0.14,3.39138,3.3672,3.41555,48.35
BOOST_NEGPULSE_1S,451,0.9236,0.15,3.40394,3.3827,3.42518,42.48
BOOST_NEGPULSE_1S,451,0.9236,0.16,3.41424,3.39482,3.43365,38.83
BOOST_NEGPULSE_1S,451,0.9236,0.17,3.42368,3.40516,3.44219,37.03
BOOST_NEGPULSE_1S,451,0.9236,0.18,3.43246,3.41446,3.45046,36.0
BOOST_NEGPULSE_1S,451,0.9236,0.19,3.44169,3.42376,3.45962,35.86
BOOST_NEGPULSE_1S,451,0.9236,0.2,3.45128,3.43314,3.46943,36.29
BOOST_NEGPULSE_1S,451,0.9236,0.21,3.46211,3.444,3.48022,36.22
BOOST_NEGPULSE_1S,451,0.9236,0.22,3.47371,3.45568,3.49175,36.07
BOOST_NEGPULSE_1S,451,0.9236,0.23,3.48564,3.46762,3.50366,36.04
BOOST_NEGPULSE_1S,451,0.9236,0.24,3.49704,3.47857,3.51551,36.94
BOOST_NEGPULSE_1S,451,0.9236,0.25,3.50817,3.48924,3.5271,37.86
BOOST_NEGPULSE_1S,451,0.9236,0.26,3.51904,3.49937,3.5387,39.33
BOOST_NEGPULSE_1S,451,0.9236,0.27,3.52961,3.50966,3.54956,39.91
BOOST_NEGPULSE_1S,451,0.9236,0.28,3.53965,3.51937,3.55993,40.55
BOOST_NEGPULSE_1S,451,0.9236,0.29,3.54908,3.52877,3.56939,40.62
BOOST_NEGPULSE_1S,451,0.9236,0.3,3.55845,3.53817,3.57873,40.56
BOOST_NEGPULSE_1S,451,0.9236,0.31,3.56738,3.54707,3.58769,40.62
BOOST_NEGPULSE_1S,451,0.9236,0.32,3.57606,3.55619,3.59594,39.75
BOOST_NEGPULSE_1S,451,0.9236,0.33,3.58417,3.56462,3.60371,39.09
BOOST_NEGPULSE_1S,451,0.9236,0.34,3.59202,3.57307,3.61096,37.89
BOOST_NEGPULSE_1S,451,0.9236,0.35,3.59951,3.5809,3.61812,37.21
BOOST_NEGPULSE_1S,451,0.9236,0.36,3.60673,3.58869,3.62476,36.08
BOOST_NEGPULSE_1S,451,0.9236,0.37,3.61375,3.59592,3.63158,35.66
BOOST_NEGPULSE_1S,451,0.9236,0.38,3.62051,3.6031,3.63792,34.82
BOOST_NEGPULSE_1S,451,0.9236,0.39,3.62745,3.61032,3.64458,34.26
BOOST_NEGPULSE_1S,451,0.9236,0.4,3.63402,3.6172,3.65083,33.63
BOOST_NEGPULSE_1S,451,0.9236,0.41,3.64093,3.62414,3.65772,33.58
BOOST_NEGPULSE_1S,451,0.9236,0.42,3.64767,3.63102,3.66432,33.3
BOOST_NEGPULSE_1S,451,0.9236,0.43,3.65475,3.63803,3.67146,33.44
BOOST_NEGPULSE_1S,451,0.9236,0.44,3.66183,3.64503,3.67864,33.61
BOOST_NEGPULSE_1S,451,0.9236,0.45,3.66936,3.65253,3.68619,33.66
BOOST_NEGPULSE_1S,451,0.9236,0.46,3.6772,3.66002,3.69439,34.37
BOOST_NEGPULSE_1S,451,0.9236,0.47,3.68539,3.66804,3.70274,34.7
BOOST_NEGPULSE_1S,451,0.9236,0.48,3.6942,3.67652,3.71188,35.37
BOOST_NEGPULSE_1S,451,0.9236,0.49,3.70334,3.6856,3.72108,35.48
BOOST_NEGPULSE_1S,451,0.9236,0.5,3.71289,3.69479,3.73098,36.19
BOOST_NEGPULSE_1S,451,0.9236,0.51,3.72284,3.7047,3.74098,36.28
BOOST_NEGPULSE_1S,451,0.9236,0.52,3.73294,3.7145,3.75138,36.88
BOOST_NEGPULSE_1S,451,0.9236,0.53,3.74326,3.72489,3.76164,36.74
BOOST_NEGPULSE_1S,451,0.9236,0.54,3.75359,3.7352,3.77198,36.78
BOOST_NEGPULSE_1S,451,0.9236,0.55,3.76393,3.74559,3.78227,36.68
BOOST_NEGPULSE_1S,451,0.9236,0.56,3.774,3.75564,3.79236,36.73
BOOST_NEGPULSE_1S,451,0.9236,0.57,3.78412,3.76593,3.80232,36.39
BOOST_NEGPULSE_1S,451,0.9236,0.58,3.79403,3.77574,3.81232,36.58
BOOST_NEGPULSE_1S,451,0.9236,0.59,3.80416,3.78601,3.82231,36.3
BOOST_NEGPULSE_1S,451,0.9236,0.6,3.81418,3.79604,3.83231,36.27
BOOST_NEGPULSE_1S,451,0.9236,0.61,3.82442,3.80652,3.84232,35.8
BOOST_NEGPULSE_1S,451,0.9236,0.62,3.83448,3.81684,3.85212,35.28
BOOST_NEGPULSE_1S,451,0.9236,0.63,3.84445,3.82693,3.86197,35.04
BOOST_NEGPULSE_1S,451,0.9236,0.64,3.85438,3.83724,3.87151,34.27
BOOST_NEGPULSE_1S,451,0.9236,0.65,3.86413,3.84752,3.88075,33.23
BOOST_NEGPULSE_1S,451,0.9236,0.66,3.8739,3.85774,3.89005,32.3
BOOST_NEGPULSE_1S,451,0.9236,0.67,3.88349,3.86813,3.89885,30.72
BOOST_NEGPULSE_1S,451,0.9236,0.68,3.89275,3.87795,3.90755,29.6
BOOST_NEGPULSE_1S,451,0.9236,0.69,3.90116,3.88685,3.91548,28.63
BOOST_NEGPULSE_1S,451,0.9236,0.7,3.90895,3.89506,3.92284,27.77
BOOST_NEGPULSE_1S,451,0.9236,0.71,3.91655,3.90266,3.93044,27.78
BOOST_NEGPULSE_1S,451,0.9236,0.72,3.92415,3.91017,3.93814,27.97
BOOST_NEGPULSE_1S,451,0.9236,0.73,3.93245,3.91806,3.94685,28.79
BOOST_NEGPULSE_1S,451,0.9236,0.74,3.94152,3.92676,3.95629,29.53
BOOST_NEGPULSE_1S,451,0.9236,0.75,3.95112,3.93576,3.96648,30.72
BOOST_NEGPULSE_1S,451,0.9236,0.76,3.96193,3.94596,3.9779,31.94
BOOST_NEGPULSE_1S,451,0.9236,0.77,3.97342,3.95704,3.9898,32.76
BOOST_NEGPULSE_1S,451,0.9236,0.78,3.9858,3.96885,4.00276,33.91
BOOST_NEGPULSE_1S,451,0.9236,0.79,3.99832,3.98105,4.0156,34.55
BOOST_NEGPULSE_1S,451,0.9236,0.8,4.01128,3.99395,4.0286,34.65
BOOST_NEGPULSE_1S,451,0.9236,0.81,4.02385,4.00655,4.04114,34.59
BOOST_NEGPULSE_1S,451,0.9236,0.82,4.03599,4.01916,4.05282,33.66
BOOST_NEGPULSE_1S,451,0.9236,0.83,4.04702,4.03056,4.06348,32.92
BOOST_NEGPULSE_1S,451,0.9236,0.84,4.05684,4.04127,4.07242,31.15
BOOST_NEGPULSE_1S,451,0.9236,0.85,4.06475,4.05037,4.07912,28.75
BOOST_NEGPULSE_1S,451,0.9236,0.86,4.07062,4.05818,4.08306,24.88
BOOST_NEGPULSE_1S,451,0.9236,0.87,4.07479,4.06369,4.08589,22.2
BOOST_NEGPULSE_1S,451,0.9236,0.88,4.07785,4.06739,4.0883,20.91
BOOST_NEGPULSE_1S,451,0.9236,0.89,4.08048,4.0701,4.09086,20.76
BOOST_NEGPULSE_1S,451,0.9236,0.9,4.08299,4.0724,4.09359,21.2
BOOST_NEGPULSE_1S,451,0.9236,0.91,4.08559,4.0748,4.09639,21.59
BOOST_NEGPULSE_1S,451,0.9236,0.92,4.08876,4.07749,4.10003,22.54
BOOST_NEGPULSE_1S,451,0.9236,0.93,4.0921,4.0802,4.10399,23.79
BOOST_NEGPULSE_1S,451,0.9236,0.94,4.09656,4.0839,4.10922,25.32
BOOST_NEGPULSE_1S,451,0.9236,0.95,4.10172,4.0882,4.11524,27.04
BOOST_NEGPULSE_1S,451,0.9236,0.96,4.10875,4.0943,4.12321,28.92
BOOST_NEGPULSE_1S,451,0.9236,0.97,4.11765,4.1022,4.13311,30.92
BOOST_NEGPULSE_1S,451,0.9236,0.98,4.12962,4.1133,4.14595,32.66
BOOST_NEGPULSE_1S,451,0.9236,0.99,4.14558,4.1291,4.16205,32.95
BOOST_NEGPULSE_1S,526,0.92819,0.06,2.97337,2.85972,3.08703,227.31
BOOST_NEGPULSE_1S,526,0.92819,0.07,3.11728,3.0337,3.20085,167.15
BOOST_NEGPULSE_1S,526,0.92819,0.08,3.20906,3.13943,3.27869,139.26
BOOST_NEGPULSE_1S,526,0.92819,0.09,3.27599,3.2153,3.33668,121.37
BOOST_NEGPULSE_1S,526,0.92819,0.1,3.32251,3.26966,3.37537,105.7
BOOST_NEGPULSE_1S,526,0.92819,0.11,3.35025,3.30833,3.39216,83.84
BOOST_NEGPULSE_1S,526,0.92819,0.12,3.37089,3.33787,3.40392,66.05
BOOST_NEGPULSE_1S,526,0.92819,0.13,3.38748,3.36059,3.41437,53.78
BOOST_NEGPULSE_1S,526,0.92819,0.14,3.40073,3.37759,3.42387,46.29
BOOST_NEGPULSE_1S,526,0.92819,0.15,3.41183,3.39094,3.43273,41.79
BOOST_NEGPULSE_1S,526,0.92819,0.16,3.42144,3.40191,3.44097,39.06
BOOST_NEGPULSE_1S,526,0.92819,0.17,3.43063,3.41153,3.44973,38.2
BOOST_NEGPULSE_1S,526,0.92819,0.18,3.43968,3.42078,3.45859,37.8
BOOST_NEGPULSE_1S,526,0.92819,0.19,3.44924,3.43031,3.46818,37.87
BOOST_NEGPULSE_1S,526,0.92819,0.2,3.45967,3.44046,3.47888,38.42
BOOST_NEGPULSE_1S,526,0.92819,0.21,3.47121,3.45218,3.49024,38.06
BOOST_NEGPULSE_1S,526,0.92819,0.22,3.48309,3.46414,3.50204,37.9
BOOST_NEGPULSE_1S,526,0.92819,0.23,3.49484,3.4757,3.51399,38.29
BOOST_NEGPULSE_1S,526,0.92819,0.24,3.50583,3.48606,3.52559,39.53
BOOST_NEGPULSE_1S,526,0.92819,0.25,3.51701,3.49692,3.53709,40.17
BOOST_NEGPULSE_1S,526,0.92819,0.26,3.52772,3.5072,3.54825,41.05
BOOST_NEGPULSE_1S,526,0.92819,0.27,3.5379,3.51696,3.55885,41.89
BOOST_NEGPULSE_1S,526,0.92819,0.28,3.54744,3.52644,3.56845,42.01
BOOST_NEGPULSE_1S,526,0.92819,0.29,3.55683,3.53582,3.57785,42.03
BOOST_NEGPULSE_1S,526,0.92819,0.3,3.56582,3.54468,3.58695,42.27
BOOST_NEGPULSE_1S,526,0.92819,0.31,3.57446,3.55366,3.59525,41.59
BOOST_NEGPULSE_1S,526,0.92819,0.32,3.58291,3.56252,3.60331,40.79
BOOST_NEGPULSE_1S,526,0.92819,0.33,3.59086,3.5709,3.61081,39.9
BOOST_NEGPULSE_1S,526,0.92819,0.34,3.59832,3.57889,3.61776,38.87
BOOST_NEGPULSE_1S,526,0.92819,0.35,3.60583,3.5868,3.62486,38.05
BOOST_NEGPULSE_1S,526,0.92819,0.36,3.61295,3.59429,3.63161,37.32
BOOST_NEGPULSE_1S,526,0.92819,0.37,3.61979,3.60152,3.63806,36.54
BOOST_NEGPULSE_1S,526,0.92819,0.38,3.62666,3.6086,3.64472,36.11
BOOST_NEGPULSE_1S,526,0.92819,0.39,3.63358,3.6158,3.65136,35.56
BOOST_NEGPULSE_1S,526,0.92819,0.4,3.64033,3.6227,3.65796,35.26
BOOST_NEGPULSE_1S,526,0.92819,0.41,3.64714,3.62952,3.66476,35.24
BOOST_NEGPULSE_1S,526,0.92819,0.42,3.65418,3.63669,3.67166,34.98
BOOST_NEGPULSE_1S,526,0.92819,0.43,3.6614,3.64364,3.67916,35.53
BOOST_NEGPULSE_1S,526,0.92819,0.44,3.66894,3.65107,3.68681,35.74
BOOST_NEGPULSE_1S,526,0.92819,0.45,3.67687,3.65882,3.69492,36.1
BOOST_NEGPULSE_1S,526,0.92819,0.46,3.685,3.66664,3.70336,36.72
BOOST_NEGPULSE_1S,526,0.92819,0.47,3.69376,3.67502,3.71251,37.5
BOOST_NEGPULSE_1S,526,0.92819,0.48,3.703,3.6841,3.7219,37.8
BOOST_NEGPULSE_1S,526,0.92819,0.49,3.71252,3.69313,3.7319,38.78
BOOST_NEGPULSE_1S,526,0.92819,0.5,3.72257,3.70309,3.74205,38.96
BOOST_NEGPULSE_1S,526,0.92819,0.51,3.73274,3.71318,3.75229,39.11
BOOST_NEGPULSE_1S,526,0.92819,0.52,3.7429,3.7232,3.76259,39.39
BOOST_NEGPULSE_1S,526,0.92819,0.53,3.75332,3.73368,3.77296,39.28
BOOST_NEGPULSE_1S,526,0.92819,0.54,3.76363,3.744,3.78325,39.24
BOOST_NEGPULSE_1S,526,0.92819,0.55,3.77365,3.7541,3.7932,39.1
BOOST_NEGPULSE_1S,526,0.92819,0.56,3.78368,3.7642,3.80315,38.94
BOOST_NEGPULSE_1S,526,0.92819,0.57,3.79379,3.77433,3.81325,38.92
BOOST_NEGPULSE_1S,526,0.92819,0.58,3.80374,3.78443,3.82305,38.62
BOOST_NEGPULSE_1S,526,0.92819,0.59,3.81397,3.79483,3.8331,38.28
BOOST_NEGPULSE_1S,526,0.92819,0.6,3.82402,3.80504,3.84299,37.95
BOOST_NEGPULSE_1S,526,0.92819,0.61,3.83419,3.81553,3.85285,37.32
BOOST_NEGPULSE_1S,526,0.92819,0.62,3.84432,3.82584,3.8628,36.97
BOOST_NEGPULSE_1S,526,0.92819,0.63,3.85431,3.83633,3.87229,35.96
BOOST_NEGPULSE_1S,526,0.92819,0.64,3.864,3.84644,3.88155,35.1
BOOST_NEGPULSE_1S,526,0.92819,0.65,3.87379,3.85683,3.89075,33.92
BOOST_NEGPULSE_1S,526,0.92819,0.66,3.88346,3.86724,3.89969,32.46
BOOST_NEGPULSE_1S,526,0.92819,0.67,3.89273,3.87736,3.9081,30.74
BOOST_NEGPULSE_1S,526,0.92819,0.68,3.90134,3.88646,3.91622,29.76
BOOST_NEGPULSE_1S,526,0.92819,0.69,3.90934,3.89486,3.92382,28.96
BOOST_NEGPULSE_1S,526,0.92819,0.7,3.91703,3.90267,3.9314,28.73
BOOST_NEGPULSE_1S,526,0.92819,0.71,3.92492,3.91027,3.93956,29.29
BOOST_NEGPULSE_1S,526,0.92819,0.72,3.93312,3.91797,3.94826,30.29
BOOST_NEGPULSE_1S,526,0.92819,0.73,3.94207,3.92636,3.95778,31.42
BOOST_NEGPULSE_1S,526,0.92819,0.74,3.95194,3.93547,3.9684,32.93
BOOST_NEGPULSE_1S,526,0.92819,0.75,3.96241,3.94517,3.97964,34.47
BOOST_NEGPULSE_1S,526,0.92819,0.76,3.97382,3.95577,3.99186,36.09
BOOST_NEGPULSE_1S,526,0.92819,0.77,3.98602,3.96727,4.00478,37.51
BOOST_NEGPULSE_1S,526,0.92819,0.78,3.99837,3.97878,4.01796,39.18
BOOST_NEGPULSE_1S,526,0.92819,0.79,4.01074,3.99088,4.0306,39.72
BOOST_NEGPULSE_1S,526,0.92819,0.8,4.02307,4.00298,4.04316,40.18
BOOST_NEGPULSE_1S,526,0.92819,0.81,4.03452,4.01438,4.05466,40.28
BOOST_NEGPULSE_1S,526,0.92819,0.82,4.04476,4.02449,4.06502,40.53
BOOST_NEGPULSE_1S,526,0.92819,0.83,4.05386,4.03399,4.07372,39.73
BOOST_NEGPULSE_1S,526,0.92819,0.84,4.06157,4.04319,4.07994,36.75
BOOST_NEGPULSE_1S,526,0.92819,0.85,4.06747,4.05129,4.08364,32.35
BOOST_NEGPULSE_1S,526,0.92819,0.86,4.07218,4.0582,4.08616,27.97
BOOST_NEGPULSE_1S,526,0.92819,0.87,4.07616,4.0636,4.08873,25.13
BOOST_NEGPULSE_1S,526,0.92819,0.88,4.07908,4.0668,4.09136,24.56
BOOST_NEGPULSE_1S,526,0.92819,0.89,4.08176,4.0693,4.09423,24.93
BOOST_NEGPULSE_1S,526,0.92819,0.9,4.08451,4.0718,4.09723,25.43
BOOST_NEGPULSE_1S,526,0.92819,0.91,4.08753,4.0739,4.10116,27.26
BOOST_NEGPULSE_1S,526,0.92819,0.92,4.09098,4.0766,4.10536,28.76
BOOST_NEGPULSE_1S,526,0.92819,0.93,4.09542,4.0799,4.11095,31.05
BOOST_NEGPULSE_1S,526,0.92819,0.94,4.10063,4.0836,4.11766,34.06
BOOST_NEGPULSE_1S,526,0.92819,0.95,4.1075,4.0889,4.12611,37.21
BOOST_NEGPULSE_1S,526,0.92819,0.96,4.11639,4.0957,4.13708,41.38
BOOST_NEGPULSE_1S,526,0.92819,0.97,4.12787,4.1049,4.15083,45.93
BOOST_NEGPULSE_1S,526,0.92819,0.98,4.14346,4.1184,4.16852,50.12
BOOST_NEGPULSE_1S,526,0.92819,0.99,4.16402,4.1379,4.19014,52.24
BOOST_NEGPULSE_1S,601,0.92095,0.06,2.81387,2.62172,3.00602,384.3
BOOST_NEGPULSE_1S,601,0.92095,0.07,3.05101,2.94552,3.15649,210.97
BOOST_NEGPULSE_1S,601,0.92095,0.08,3.16439,3.08024,3.24854,168.3
BOOST_NEGPULSE_1S,601,0.92095,0.09,3.24311,3.17128,3.31494,143.66
BOOST_NEGPULSE_1S,601,0.92095,0.1,3.30061,3.23782,3.36339,125.57
BOOST_NEGPULSE_1S,601,0.92095,0.11,3.33707,3.28612,3.38802,101.9
BOOST_NEGPULSE_1S,601,0.92095,0.12,3.36127,3.32151,3.40103,79.53
BOOST_NEGPULSE_1S,601,0.92095,0.13,3.3802,3.34874,3.41166,62.92
BOOST_NEGPULSE_1S,601,0.92095,0.14,3.39536,3.36936,3.42136,51.99
BOOST_NEGPULSE_1S,601,0.92095,0.15,3.40773,3.3849,3.43056,45.66
BOOST_NEGPULSE_1S,601,0.92095,0.16,3.4179,3.39684,3.43897,42.13
BOOST_NEGPULSE_1S,601,0.92095,0.17,3.42745,3.40743,3.44747,40.04
BOOST_NEGPULSE_1S,601,0.92095,0.18,3.43655,3.41704,3.45606,39.03
BOOST_NEGPULSE_1S,601,0.92095,0.19,3.44566,3.42614,3.46518,39.03
BOOST_NEGPULSE_1S,601,0.92095,0.2,3.4556,3.43584,3.47536,39.53
BOOST_NEGPULSE_1S,601,0.92095,0.21,3.4666,3.44682,3.48637,39.55
BOOST_NEGPULSE_1S,601,0.92095,0.22,3.47815,3.45842,3.49787,39.45
BOOST_NEGPULSE_1S,601,0.92095,0.23,3.49,3.47004,3.50997,39.93
BOOST_NEGPULSE_1S,601,0.92095,0.24,3.50135,3.48113,3.52158,40.45
BOOST_NEGPULSE_1S,601,0.92095,0.25,3.51255,3.49193,3.53318,41.25
BOOST_NEGPULSE_1S,601,0.92095,0.26,3.52336,3.50214,3.54458,42.44
BOOST_NEGPULSE_1S,601,0.92095,0.27,3.53386,3.51242,3.55529,42.87
BOOST_NEGPULSE_1S,601,0.92095,0.28,3.54381,3.52214,3.56549,43.35
BOOST_NEGPULSE_1S,601,0.92095,0.29,3.55312,3.53144,3.57479,43.35
BOOST_NEGPULSE_1S,601,0.92095,0.3,3.56246,3.54083,3.5841,43.27
BOOST_NEGPULSE_1S,601,0.92095,0.31,3.57122,3.54974,3.5927,42.96
BOOST_NEGPULSE_1S,601,0.92095,0.32,3.57987,3.55873,3.601,42.28
BOOST_NEGPULSE_1S,601,0.92095,0.33,3.58803,3.56725,3.6088,41.55
BOOST_NEGPULSE_1S,601,0.92095,0.34,3.59578,3.57546,3.6161,40.64
BOOST_NEGPULSE_1S,601,0.92095,0.35,3.60323,3.58344,3.62301,39.57
BOOST_NEGPULSE_1S,601,0.92095,0.36,3.61063,3.59124,3.63001,38.76
BOOST_NEGPULSE_1S,601,0.92095,0.37,3.61758,3.59856,3.63661,38.05
BOOST_NEGPULSE_1S,601,0.92095,0.38,3.62458,3.60594,3.64322,37.27
BOOST_NEGPULSE_1S,601,0.92095,0.39,3.63158,3.61315,3.65001,36.86
BOOST_NEGPULSE_1S,601,0.92095,0.4,3.63829,3.62006,3.65653,36.47
BOOST_NEGPULSE_1S,601,0.92095,0.41,3.64538,3.62724,3.66352,36.28
BOOST_NEGPULSE_1S,601,0.92095,0.42,3.65233,3.63424,3.67042,36.18
BOOST_NEGPULSE_1S,601,0.92095,0.43,3.6595,3.64128,3.67772,36.44
BOOST_NEGPULSE_1S,601,0.92095,0.44,3.66705,3.64858,3.68552,36.95
BOOST_NEGPULSE_1S,601,0.92095,0.45,3.6749,3.65637,3.69343,37.06
BOOST_NEGPULSE_1S,601,0.92095,0.46,3.68301,3.66418,3.70184,37.66
BOOST_NEGPULSE_1S,601,0.92095,0.47,3.6918,3.67257,3.71102,38.46
BOOST_NEGPULSE_1S,601,0.92095,0.48,3.70095,3.68137,3.72052,39.16
BOOST_NEGPULSE_1S,601,0.92095,0.49,3.71035,3.69057,3.73014,39.57
BOOST_NEGPULSE_1S,601,0.92095,0.5,3.7203,3.70036,3.74024,39.88
BOOST_NEGPULSE_1S,601,0.92095,0.51,3.73052,3.71017,3.75086,40.7
BOOST_NEGPULSE_1S,601,0.92095,0.52,3.74077,3.72047,3.76106,40.6
BOOST_NEGPULSE_1S,601,0.92095,0.53,3.75122,3.73097,3.77146,40.5
BOOST_NEGPULSE_1S,601,0.92095,0.54,3.76157,3.74136,3.78177,40.41
BOOST_NEGPULSE_1S,601,0.92095,0.55,3.77176,3.75157,3.79196,40.39
BOOST_NEGPULSE_1S,601,0.92095,0.56,3.78167,3.76156,3.80177,40.21
BOOST_NEGPULSE_1S,601,0.92095,0.57,3.79167,3.77157,3.81177,40.2
BOOST_NEGPULSE_1S,601,0.92095,0.58,3.80171,3.78176,3.82166,39.9
BOOST_NEGPULSE_1S,601,0.92095,0.59,3.81167,3.79196,3.83137,39.41
BOOST_NEGPULSE_1S,601,0.92095,0.6,3.82157,3.80197,3.84118,39.21
BOOST_NEGPULSE_1S,601,0.92095,0.61,3.83176,3.81236,3.85116,38.81
BOOST_NEGPULSE_1S,601,0.92095,0.62,3.84157,3.82238,3.86076,38.38
BOOST_NEGPULSE_1S,601,0.92095,0.63,3.85137,3.83256,3.87017,37.61
BOOST_NEGPULSE_1S,601,0.92095,0.64,3.86128,3.84286,3.8797,36.83
BOOST_NEGPULSE_1S,601,0.92095,0.65,3.87077,3.85277,3.88877,36.0
BOOST_NEGPULSE_1S,601,0.92095,0.66,3.88024,3.86296,3.89752,34.56
BOOST_NEGPULSE_1S,601,0.92095,0.67,3.88977,3.87317,3.90637,33.2
BOOST_NEGPULSE_1S,601,0.92095,0.68,3.89879,3.88297,3.9146,31.62
BOOST_NEGPULSE_1S,601,0.92095,0.69,3.90723,3.89188,3.92257,30.69
BOOST_NEGPULSE_1S,601,0.92095,0.7,3.91513,3.89978,3.93048,30.7
BOOST_NEGPULSE_1S,601,0.92095,0.71,3.92307,3.90758,3.93856,30.98
BOOST_NEGPULSE_1S,601,0.92095,0.72,3.9313,3.91538,3.94721,31.82
BOOST_NEGPULSE_1S,601,0.92095,0.73,3.94039,3.92387,3.95691,33.03
BOOST_NEGPULSE_1S,601,0.92095,0.74,3.95009,3.93288,3.9673,34.42
BOOST_NEGPULSE_1S,601,0.92095,0.75,3.9605,3.94248,3.97852,36.04
BOOST_NEGPULSE_1S,601,0.92095,0.76,3.97166,3.95268,3.99064,37.97
BOOST_NEGPULSE_1S,601,0.92095,0.77,3.98362,3.96378,4.00346,39.68
BOOST_NEGPULSE_1S,601,0.92095,0.78,3.99588,3.97528,4.01648,41.19
BOOST_NEGPULSE_1S,601,0.92095,0.79,4.00832,3.98708,4.02956,42.48
BOOST_NEGPULSE_1S,601,0.92095,0.8,4.02067,3.99918,4.04216,42.98
BOOST_NEGPULSE_1S,601,0.92095,0.81,4.03215,4.01049,4.05381,43.32
BOOST_NEGPULSE_1S,601,0.92095,0.82,4.04271,4.02109,4.06433,43.24
BOOST_NEGPULSE_1S,601,0.92095,0.83,4.0521,4.03088,4.07331,42.43
BOOST_NEGPULSE_1S,601,0.92095,0.84,4.06003,4.04009,4.07996,39.88
BOOST_NEGPULSE_1S,601,0.92095,0.85,4.06596,4.04839,4.08353,35.14
BOOST_NEGPULSE_1S,601,0.92095,0.86,4.07099,4.05569,4.08628,30.59
BOOST_NEGPULSE_1S,601,0.92095,0.87,4.07523,4.0615,4.08896,27.47
BOOST_NEGPULSE_1S,601,0.92095,0.88,4.07876,4.06579,4.09173,25.94
BOOST_NEGPULSE_1S,601,0.92095,0.89,4.08142,4.0684,4.09444,26.04
BOOST_NEGPULSE_1S,601,0.92095,0.9,4.08443,4.071,4.09786,26.86
BOOST_NEGPULSE_1S,601,0.92095,0.91,4.08741,4.0731,4.10172,28.62
BOOST_NEGPULSE_1S,601,0.92095,0.92,4.09103,4.0758,4.10626,30.46
BOOST_NEGPULSE_1S,601,0.92095,0.93,4.0954,4.079,4.1118,32.8
BOOST_NEGPULSE_1S,601,0.92095,0.94,4.10072,4.0825,4.11894,36.44
BOOST_NEGPULSE_1S,601,0.92095,0.95,4.10757,4.0875,4.12764,40.14
BOOST_NEGPULSE_1S,601,0.92095,0.96,4.11642,4.0942,4.13864,44.44
BOOST_NEGPULSE_1S,601,0.92095,0.97,4.12813,4.1032,4.15306,49.86
BOOST_NEGPULSE_1S,601,0.92095,0.98,4.14335,4.116,4.1707,54.7
BOOST_NEGPULSE_1S,601,0.92095,0.99,4.16386,4.1352,4.19252,57.32
BOOST_NEGPULSE_1S,676,0.90938,0.07,2.79076,2.57504,3.00648,431.44
BOOST_NEGPULSE_1S,676,0.90938,0.08,3.04146,2.92106,3.16185,240.8
BOOST_NEGPULSE_1S,676,0.90938,0.09,3.15908,3.06366,3.2545,190.83
BOOST_NEGPULSE_1S,676,0.90938,0.1,3.23974,3.15891,3.32057,161.65
BOOST_NEGPULSE_1S,676,0.90938,0.11,3.29846,3.22898,3.36793,138.94
BOOST_NEGPULSE_1S,676,0.90938,0.12,3.33554,3.28001,3.39107,111.06
BOOST_NEGPULSE_1S,676,0.90938,0.13,3.36087,3.31795,3.40378,85.83
BOOST_NEGPULSE_1S,676,0.90938,0.14,3.38049,3.3465,3.41449,67.99
BOOST_NEGPULSE_1S,676,0.90938,0.15,3.39626,3.36813,3.42439,56.26
BOOST_NEGPULSE_1S,676,0.90938,0.16,3.40906,3.38452,3.43359,49.07
BOOST_NEGPULSE_1S,676,0.90938,0.17,3.41969,3.39728,3.4421,44.82
BOOST_NEGPULSE_1S,676,0.90938,0.18,3.4294,3.40819,3.4506,42.41
BOOST_NEGPULSE_1S,676,0.90938,0.19,3.43865,3.4178,3.4595,41.7
BOOST_NEGPULSE_1S,676,0.90938,0.2,3.44801,3.4273,3.46871,41.4
BOOST_NEGPULSE_1S,676,0.90938,0.21,3.45829,3.43738,3.47921,41.83
BOOST_NEGPULSE_1S,676,0.90938,0.22,3.46906,3.4481,3.49001,41.91
BOOST_NEGPULSE_1S,676,0.90938,0.23,3.48064,3.45967,3.50162,41.95
BOOST_NEGPULSE_1S,676,0.90938,0.24,3.49236,3.47129,3.51342,42.13
BOOST_NEGPULSE_1S,676,0.90938,0.25,3.50376,3.48239,3.52513,42.73
BOOST_NEGPULSE_1S,676,0.90938,0.26,3.51481,3.49299,3.53662,43.63
BOOST_NEGPULSE_1S,676,0.90938,0.27,3.52555,3.50348,3.54763,44.15
BOOST_NEGPULSE_1S,676,0.90938,0.28,3.53591,3.51359,3.55823,44.64
BOOST_NEGPULSE_1S,676,0.90938,0.29,3.54573,3.52313,3.56833,45.2
BOOST_NEGPULSE_1S,676,0.90938,0.3,3.55517,3.53272,3.57763,44.92
BOOST_NEGPULSE_1S,676,0.90938,0.31,3.56428,3.54182,3.58674,44.93
BOOST_NEGPULSE_1S,676,0.90938,0.32,3.57332,3.55102,3.59563,44.62
BOOST_NEGPULSE_1S,676,0.90938,0.33,3.58178,3.55973,3.60383,44.1
BOOST_NEGPULSE_1S,676,0.90938,0.34,3.58987,3.5683,3.61143,43.13
BOOST_NEGPULSE_1S,676,0.90938,0.35,3.59773,3.57662,3.61884,42.23
BOOST_NEGPULSE_1S,676,0.90938,0.36,3.60537,3.5847,3.62604,41.33
BOOST_NEGPULSE_1S,676,0.90938,0.37,3.61269,3.59235,3.63303,40.68
BOOST_NEGPULSE_1S,676,0.90938,0.38,3.61987,3.6,3.63974,39.74
BOOST_NEGPULSE_1S,676,0.90938,0.39,3.62685,3.60725,3.64645,39.2
BOOST_NEGPULSE_1S,676,0.90938,0.4,3.63389,3.61445,3.65333,38.88
BOOST_NEGPULSE_1S,676,0.90938,0.41,3.6409,3.62165,3.66014,38.49
BOOST_NEGPULSE_1S,676,0.90938,0.42,3.64805,3.62884,3.66725,38.4
BOOST_NEGPULSE_1S,676,0.90938,0.43,3.6553,3.63615,3.67445,38.3
BOOST_NEGPULSE_1S,676,0.90938,0.44,3.66265,3.64327,3.68204,38.77
BOOST_NEGPULSE_1S,676,0.90938,0.45,3.67031,3.65086,3.68976,38.9
BOOST_NEGPULSE_1S,676,0.90938,0.46,3.67841,3.65865,3.69817,39.52
BOOST_NEGPULSE_1S,676,0.90938,0.47,3.68711,3.66704,3.70718,40.15
BOOST_NEGPULSE_1S,676,0.90938,0.48,3.69601,3.67554,3.71647,40.93
BOOST_NEGPULSE_1S,676,0.90938,0.49,3.70545,3.68472,3.72618,41.46
BOOST_NEGPULSE_1S,676,0.90938,0.5,3.71516,3.69423,3.7361,41.87
BOOST_NEGPULSE_1S,676,0.90938,0.51,3.72526,3.70393,3.7466,42.67
BOOST_NEGPULSE_1S,676,0.90938,0.52,3.73556,3.71422,3.75691,42.69
BOOST_NEGPULSE_1S,676,0.90938,0.53,3.74602,3.72454,3.7675,42.95
BOOST_NEGPULSE_1S,676,0.90938,0.54,3.75632,3.73493,3.77772,42.79
BOOST_NEGPULSE_1S,676,0.90938,0.55,3.7667,3.74543,3.78797,42.54
BOOST_NEGPULSE_1S,676,0.90938,0.56,3.77668,3.75554,3.79781,42.26
BOOST_NEGPULSE_1S,676,0.90938,0.57,3.78667,3.76563,3.80772,42.09
BOOST_NEGPULSE_1S,676,0.90938,0.58,3.79676,3.77584,3.81768,41.85
BOOST_NEGPULSE_1S,676,0.90938,0.59,3.80657,3.78564,3.8275,41.86
BOOST_NEGPULSE_1S,676,0.90938,0.6,3.81644,3.79574,3.83714,41.4
BOOST_NEGPULSE_1S,676,0.90938,0.61,3.82648,3.80602,3.84694,40.92
BOOST_NEGPULSE_1S,676,0.90938,0.62,3.83637,3.81623,3.85651,40.28
BOOST_NEGPULSE_1S,676,0.90938,0.63,3.84594,3.82603,3.86586,39.83
BOOST_NEGPULSE_1S,676,0.90938,0.64,3.85564,3.83616,3.87513,38.97
BOOST_NEGPULSE_1S,676,0.90938,0.65,3.86513,3.84586,3.8844,38.53
BOOST_NEGPULSE_1S,676,0.90938,0.66,3.87439,3.85566,3.89311,37.45
BOOST_NEGPULSE_1S,676,0.90938,0.67,3.88366,3.86537,3.90194,36.58
BOOST_NEGPULSE_1S,676,0.90938,0.68,3.89289,3.87526,3.91051,35.25
BOOST_NEGPULSE_1S,676,0.90938,0.69,3.90182,3.88485,3.9188,33.94
BOOST_NEGPULSE_1S,676,0.90938,0.7,3.91019,3.89356,3.92683,33.27
BOOST_NEGPULSE_1S,676,0.90938,0.71,3.91839,3.90187,3.93492,33.05
BOOST_NEGPULSE_1S,676,0.90938,0.72,3.92663,3.90967,3.94358,33.91
BOOST_NEGPULSE_1S,676,0.90938,0.73,3.93547,3.91776,3.95318,35.42
BOOST_NEGPULSE_1S,676,0.90938,0.74,3.94491,3.92637,3.96344,37.07
BOOST_NEGPULSE_1S,676,0.90938,0.75,3.95495,3.93548,3.97442,38.94
BOOST_NEGPULSE_1S,676,0.90938,0.76,3.96593,3.94536,3.9865,41.14
BOOST_NEGPULSE_1S,676,0.90938,0.77,3.97749,3.95606,3.99892,42.86
BOOST_NEGPULSE_1S,676,0.90938,0.78,3.98961,3.96717,4.01206,44.89
BOOST_NEGPULSE_1S,676,0.90938,0.79,4.0019,3.97847,4.02532,46.85
BOOST_NEGPULSE_1S,676,0.90938,0.8,4.01413,3.99017,4.0381,47.93
BOOST_NEGPULSE_1S,676,0.90938,0.81,4.02602,4.00187,4.05016,48.29
BOOST_NEGPULSE_1S,676,0.90938,0.82,4.03696,4.01278,4.06114,48.36
BOOST_NEGPULSE_1S,676,0.90938,0.83,4.04687,4.02278,4.07097,48.19
BOOST_NEGPULSE_1S,676,0.90938,0.84,4.05525,4.03208,4.07842,46.34
BOOST_NEGPULSE_1S,676,0.90938,0.85,4.06177,4.04088,4.08265,41.76
BOOST_NEGPULSE_1S,676,0.90938,0.86,4.06728,4.04879,4.08577,36.98
BOOST_NEGPULSE_1S,676,0.90938,0.87,4.07211,4.05589,4.08832,32.44
BOOST_NEGPULSE_1S,676,0.90938,0.88,4.07621,4.0614,4.09102,29.62
BOOST_NEGPULSE_1S,676,0.90938,0.89,4.07967,4.0653,4.09405,28.75
BOOST_NEGPULSE_1S,676,0.90938,0.9,4.08273,4.06829,4.09717,28.88
BOOST_NEGPULSE_1S,676,0.90938,0.91,4.08581,4.0706,4.10102,30.42
BOOST_NEGPULSE_1S,676,0.90938,0.92,4.08932,4.0729,4.10575,32.85
BOOST_NEGPULSE_1S,676,0.90938,0.93,4.09346,4.0758,4.11112,35.32
BOOST_NEGPULSE_1S,676,0.90938,0.94,4.09845,4.0789,4.118,39.1
BOOST_NEGPULSE_1S,676,0.90938,0.95,4.10491,4.083,4.12682,43.83
BOOST_NEGPULSE_1S,676,0.90938,0.96,4.11309,4.0886,4.13758,48.98
BOOST_NEGPULSE_1S,676,0.90938,0.97,4.12367,4.096,4.15134,55.34
BOOST_NEGPULSE_1S,676,0.90938,0.98,4.13764,4.1067,4.16858,61.88
BOOST_NEGPULSE_1S,676,0.90938,0.99,4.15648,4.1229,4.19006,67.16
BOOST_NEGPULSE_1S,751,0.89394,0.09,2.98484,2.83315,3.13653,303.38
BOOST_NEGPULSE_1S,751,0.89394,0.1,3.12851,3.01561,3.24141,225.8
BOOST_NEGPULSE_1S,751,0.89394,0.11,3.2191,3.12465,3.31354,188.89
BOOST_NEGPULSE_1S,751,0.89394,0.12,3.28463,3.204,3.36526,161.26
BOOST_NEGPULSE_1S,751,0.89394,0.13,3.3289,3.26331,3.39448,131.17
BOOST_NEGPULSE_1S,751,0.89394,0.14,3.35753,3.3068,3.40825,101.45
BOOST_NEGPULSE_1S,751,0.89394,0.15,3.37913,3.33952,3.41874,79.23
BOOST_NEGPULSE_1S,751,0.89394,0.16,3.39594,3.36353,3.42834,64.82
BOOST_NEGPULSE_1S,751,0.89394,0.17,3.40946,3.38178,3.43715,55.37
BOOST_NEGPULSE_1S,751,0.89394,0.18,3.42069,3.39562,3.44576,50.13
BOOST_NEGPULSE_1S,751,0.89394,0.19,3.43077,3.40719,3.45435,47.16
BOOST_NEGPULSE_1S,751,0.89394,0.2,3.44021,3.41746,3.46296,45.5
BOOST_NEGPULSE_1S,751,0.89394,0.21,3.44997,3.42747,3.47247,45.0
BOOST_NEGPULSE_1S,751,0.89394,0.22,3.46001,3.43736,3.48266,45.3
BOOST_NEGPULSE_1S,751,0.89394,0.23,3.47074,3.44799,3.49349,45.5
BOOST_NEGPULSE_1S,751,0.89394,0.24,3.48216,3.45932,3.505,45.68
BOOST_NEGPULSE_1S,751,0.89394,0.25,3.4939,3.4708,3.51699,46.19
BOOST_NEGPULSE_1S,751,0.89394,0.26,3.50524,3.48189,3.52859,46.69
BOOST_NEGPULSE_1S,751,0.89394,0.27,3.51644,3.49288,3.54,47.12
BOOST_NEGPULSE_1S,751,0.89394,0.28,3.52725,3.50322,3.55128,48.07
BOOST_NEGPULSE_1S,751,0.89394,0.29,3.5377,3.51359,3.56181,48.22
BOOST_NEGPULSE_1S,751,0.89394,0.3,3.54781,3.5236,3.57201,48.41
BOOST_NEGPULSE_1S,751,0.89394,0.31,3.55749,3.5332,3.58177,48.57
BOOST_NEGPULSE_1S,751,0.89394,0.32,3.5668,3.5427,3.5909,48.19
BOOST_NEGPULSE_1S,751,0.89394,0.33,3.5757,3.55173,3.59967,47.94
BOOST_NEGPULSE_1S,751,0.89394,0.34,3.5843,3.5607,3.60789,47.18
BOOST_NEGPULSE_1S,751,0.89394,0.35,3.59264,3.5695,3.61578,46.27
BOOST_NEGPULSE_1S,751,0.89394,0.36,3.6005,3.57772,3.62328,45.56
BOOST_NEGPULSE_1S,751,0.89394,0.37,3.60815,3.58603,3.63028,44.25
BOOST_NEGPULSE_1S,751,0.89394,0.38,3.61571,3.59393,3.63748,43.56
BOOST_NEGPULSE_1S,751,0.89394,0.39,3.62292,3.60144,3.6444,42.96
BOOST_NEGPULSE_1S,751,0.89394,0.4,3.63005,3.60884,3.65126,42.42
BOOST_NEGPULSE_1S,751,0.89394,0.41,3.63727,3.61643,3.65811,41.68
BOOST_NEGPULSE_1S,751,0.89394,0.42,3.64446,3.62364,3.66528,41.64
BOOST_NEGPULSE_1S,751,0.89394,0.43,3.65167,3.63093,3.67241,41.48
BOOST_NEGPULSE_1S,751,0.89394,0.44,3.6593,3.6385,3.6801,41.59
BOOST_NEGPULSE_1S,751,0.89394,0.45,3.66696,3.64604,3.68788,41.84
BOOST_NEGPULSE_1S,751,0.89394,0.46,3.67498,3.65382,3.69614,42.33
BOOST_NEGPULSE_1S,751,0.89394,0.47,3.68352,3.66214,3.7049,42.76
BOOST_NEGPULSE_1S,751,0.89394,0.48,3.69234,3.67064,3.71403,43.38
BOOST_NEGPULSE_1S,751,0.89394,0.49,3.70162,3.67945,3.72378,44.33
BOOST_NEGPULSE_1S,751,0.89394,0.5,3.71138,3.68892,3.73384,44.92
BOOST_NEGPULSE_1S,751,0.89394,0.51,3.72136,3.69864,3.74408,45.44
BOOST_NEGPULSE_1S,751,0.89394,0.52,3.73169,3.70873,3.75466,45.93
BOOST_NEGPULSE_1S,751,0.89394,0.53,3.74205,3.71922,3.76488,45.66
BOOST_NEGPULSE_1S,751,0.89394,0.54,3.75247,3.72964,3.7753,45.66
BOOST_NEGPULSE_1S,751,0.89394,0.55,3.76274,3.73984,3.78564,45.8
BOOST_NEGPULSE_1S,751,0.89394,0.56,3.77284,3.75023,3.79546,45.23
BOOST_NEGPULSE_1S,751,0.89394,0.57,3.78286,3.76025,3.80546,45.21
BOOST_NEGPULSE_1S,751,0.89394,0.58,3.79268,3.77014,3.81522,45.08
BOOST_NEGPULSE_1S,751,0.89394,0.59,3.80249,3.78014,3.82484,44.7
BOOST_NEGPULSE_1S,751,0.89394,0.6,3.81216,3.79003,3.83429,44.26
BOOST_NEGPULSE_1S,751,0.89394,0.61,3.82197,3.79994,3.84399,44.05
BOOST_NEGPULSE_1S,751,0.89394,0.62,3.83156,3.80984,3.85329,43.46
BOOST_NEGPULSE_1S,751,0.89394,0.63,3.84127,3.81982,3.86272,42.9
BOOST_NEGPULSE_1S,751,0.89394,0.64,3.85077,3.82954,3.87199,42.45
BOOST_NEGPULSE_1S,751,0.89394,0.65,3.86008,3.83922,3.88094,41.72
BOOST_NEGPULSE_1S,751,0.89394,0.66,3.86927,3.84874,3.88979,41.05
BOOST_NEGPULSE_1S,751,0.89394,0.67,3.87852,3.85816,3.89889,40.73
BOOST_NEGPULSE_1S,751,0.89394,0.68,3.88776,3.86776,3.90777,40.01
BOOST_NEGPULSE_1S,751,0.89394,0.69,3.89691,3.87736,3.91647,39.11
BOOST_NEGPULSE_1S,751,0.89394,0.7,3.90579,3.88686,3.92472,37.87
BOOST_NEGPULSE_1S,751,0.89394,0.71,3.9144,3.89547,3.93332,37.86
BOOST_NEGPULSE_1S,751,0.89394,0.72,3.92306,3.90396,3.94217,38.21
BOOST_NEGPULSE_1S,751,0.89394,0.73,3.93191,3.91227,3.95155,39.29
BOOST_NEGPULSE_1S,751,0.89394,0.74,3.94137,3.92067,3.96208,41.41
BOOST_NEGPULSE_1S,751,0.89394,0.75,3.95154,3.92986,3.97322,43.36
BOOST_NEGPULSE_1S,751,0.89394,0.76,3.96231,3.93946,3.98515,45.69
BOOST_NEGPULSE_1S,751,0.89394,0.77,3.97366,3.94946,3.99786,48.4
BOOST_NEGPULSE_1S,751,0.89394,0.78,3.98562,3.96016,4.01108,50.92
BOOST_NEGPULSE_1S,751,0.89394,0.79,3.99775,3.97136,4.02414,52.77
BOOST_NEGPULSE_1S,751,0.89394,0.8,4.00989,3.98257,4.03722,54.65
BOOST_NEGPULSE_1S,751,0.89394,0.81,4.02171,3.99406,4.04935,55.29
BOOST_NEGPULSE_1S,751,0.89394,0.82,4.03285,4.00488,4.06082,55.94
BOOST_NEGPULSE_1S,751,0.89394,0.83,4.04297,4.01527,4.07066,55.38
BOOST_NEGPULSE_1S,751,0.89394,0.84,4.05163,4.02497,4.07829,53.32
BOOST_NEGPULSE_1S,751,0.89394,0.85,4.05828,4.03349,4.08306,49.58
BOOST_NEGPULSE_1S,751,0.89394,0.86,4.06397,4.04188,4.08606,44.18
BOOST_NEGPULSE_1S,751,0.89394,0.87,4.06936,4.04979,4.08893,39.15
BOOST_NEGPULSE_1S,751,0.89394,0.88,4.07413,4.05649,4.09176,35.28
BOOST_NEGPULSE_1S,751,0.89394,0.89,4.07833,4.06159,4.09506,33.47
BOOST_NEGPULSE_1S,751,0.89394,0.9,4.08204,4.06559,4.0985,32.9
BOOST_NEGPULSE_1S,751,0.89394,0.91,4.08559,4.0683,4.10288,34.58
BOOST_NEGPULSE_1S,751,0.89394,0.92,4.08932,4.0708,4.10784,37.05
BOOST_NEGPULSE_1S,751,0.89394,0.93,4.09391,4.0737,4.11412,40.42
BOOST_NEGPULSE_1S,751,0.89394,0.94,4.09959,4.0772,4.12199,44.79
BOOST_NEGPULSE_1S,751,0.89394,0.95,4.10642,4.0811,4.13175,50.66
BOOST_NEGPULSE_1S,751,0.89394,0.96,4.11533,4.0869,4.14377,56.87
BOOST_NEGPULSE_1S,751,0.89394,0.97,4.12673,4.0947,4.15877,64.07
BOOST_NEGPULSE_1S,751,0.89394,0.98,4.14179,4.1063,4.17728,70.99
BOOST_NEGPULSE_1S,1426,0.81043,0.16,2.84197,2.62019,3.06375,443.56
BOOST_NEGPULSE_1S,1426,0.81043,0.17,3.04592,2.88248,3.20936,326.88
BOOST_NEGPULSE_1S,1426,0.81043,0.18,3.1508,3.00307,3.29853,295.46
BOOST_NEGPULSE_1S,1426,0.81043,0.19,3.22066,3.07916,3.36216,283.0
BOOST_NEGPULSE_1S,1426,0.81043,0.2,3.27237,3.13626,3.40848,272.22
BOOST_NEGPULSE_1S,1426,0.81043,0.21,3.30845,3.1847,3.43219,247.5
BOOST_NEGPULSE_1S,1426,0.81043,0.22,3.33566,3.22851,3.4428,214.29
BOOST_NEGPULSE_1S,1426,0.81043,0.23,3.35945,3.26824,3.45065,182.41
BOOST_NEGPULSE_1S,1426,0.81043,0.24,3.38045,3.30299,3.4579,154.91
BOOST_NEGPULSE_1S,1426,0.81043,0.25,3.39918,3.33291,3.46546,132.55
BOOST_NEGPULSE_1S,1426,0.81043,0.26,3.41516,3.35696,3.47336,116.4
BOOST_NEGPULSE_1S,1426,0.81043,0.27,3.42918,3.3763,3.48206,105.76
BOOST_NEGPULSE_1S,1426,0.81043,0.28,3.44181,3.392,3.49162,99.62
BOOST_NEGPULSE_1S,1426,0.81043,0.29,3.45335,3.40454,3.50216,97.63
BOOST_NEGPULSE_1S,1426,0.81043,0.3,3.46463,3.41553,3.51372,98.2
BOOST_NEGPULSE_1S,1426,0.81043,0.31,3.47585,3.42582,3.52588,100.06
BOOST_NEGPULSE_1S,1426,0.81043,0.32,3.48711,3.43584,3.53838,102.54
BOOST_NEGPULSE_1S,1426,0.81043,0.33,3.49835,3.44583,3.55088,105.05
BOOST_NEGPULSE_1S,1426,0.81043,0.34,3.50991,3.45663,3.56319,106.56
BOOST_NEGPULSE_1S,1426,0.81043,0.35,3.52113,3.46733,3.57494,107.61
BOOST_NEGPULSE_1S,1426,0.81043,0.36,3.53256,3.47863,3.58648,107.86
BOOST_NEGPULSE_1S,1426,0.81043,0.37,3.54369,3.48964,3.59774,108.1
BOOST_NEGPULSE_1S,1426,0.81043,0.38,3.55433,3.50052,3.60814,107.62
BOOST_NEGPULSE_1S,1426,0.81043,0.39,3.56476,3.51132,3.61819,106.87
BOOST_NEGPULSE_1S,1426,0.81043,0.4,3.57438,3.52144,3.62733,105.89
BOOST_NEGPULSE_1S,1426,0.81043,0.41,3.58385,3.53173,3.63598,104.25
BOOST_NEGPULSE_1S,1426,0.81043,0.42,3.59267,3.54144,3.6439,102.46
BOOST_NEGPULSE_1S,1426,0.81043,0.43,3.60106,3.55064,3.65148,100.83
BOOST_NEGPULSE_1S,1426,0.81043,0.44,3.60945,3.55994,3.65895,99.0
BOOST_NEGPULSE_1S,1426,0.81043,0.45,3.61759,3.56874,3.66644,97.69
BOOST_NEGPULSE_1S,1426,0.81043,0.46,3.62582,3.57754,3.6741,96.55
BOOST_NEGPULSE_1S,1426,0.81043,0.47,3.63396,3.58614,3.68178,95.64
BOOST_NEGPULSE_1S,1426,0.81043,0.48,3.64189,3.59424,3.68954,95.3
BOOST_NEGPULSE_1S,1426,0.81043,0.49,3.65018,3.60235,3.698,95.65
BOOST_NEGPULSE_1S,1426,0.81043,0.5,3.65849,3.61055,3.70644,95.88
BOOST_NEGPULSE_1S,1426,0.81043,0.51,3.66698,3.61838,3.71558,97.2
BOOST_NEGPULSE_1S,1426,0.81043,0.52,3.67555,3.62628,3.72482,98.54
BOOST_NEGPULSE_1S,1426,0.81043,0.53,3.68448,3.63446,3.7345,100.04
BOOST_NEGPULSE_1S,1426,0.81043,0.54,3.6934,3.64238,3.74442,102.04
BOOST_NEGPULSE_1S,1426,0.81043,0.55,3.70256,3.65057,3.75454,103.97
BOOST_NEGPULSE_1S,1426,0.81043,0.56,3.71187,3.65916,3.76458,105.42
BOOST_NEGPULSE_1S,1426,0.81043,0.57,3.72146,3.66797,3.77494,106.97
BOOST_NEGPULSE_1S,1426,0.81043,0.58,3.73099,3.67717,3.78482,107.65
BOOST_NEGPULSE_1S,1426,0.81043,0.59,3.74055,3.68647,3.79464,108.17
BOOST_NEGPULSE_1S,1426,0.81043,0.6,3.75055,3.69656,3.80454,107.98
BOOST_NEGPULSE_1S,1426,0.81043,0.61,3.76017,3.70647,3.81388,107.41
BOOST_NEGPULSE_1S,1426,0.81043,0.62,3.77022,3.71706,3.82338,106.32
BOOST_NEGPULSE_1S,1426,0.81043,0.63,3.78012,3.72747,3.83276,105.29
BOOST_NEGPULSE_1S,1426,0.81043,0.64,3.78992,3.73806,3.84178,103.72
BOOST_NEGPULSE_1S,1426,0.81043,0.65,3.7996,3.74837,3.85084,102.47
BOOST_NEGPULSE_1S,1426,0.81043,0.66,3.80907,3.75866,3.85948,100.81
BOOST_NEGPULSE_1S,1426,0.81043,0.67,3.81831,3.76867,3.86795,99.28
BOOST_NEGPULSE_1S,1426,0.81043,0.68,3.82753,3.77887,3.87618,97.32
BOOST_NEGPULSE_1S,1426,0.81043,0.69,3.83636,3.78858,3.88415,95.57
BOOST_NEGPULSE_1S,1426,0.81043,0.7,3.84562,3.79877,3.89248,93.71
BOOST_NEGPULSE_1S,1426,0.81043,0.71,3.85493,3.80867,3.90118,92.51
BOOST_NEGPULSE_1S,1426,0.81043,0.72,3.86463,3.81838,3.91088,92.5
BOOST_NEGPULSE_1S,1426,0.81043,0.73,3.87496,3.82808,3.92184,93.76
BOOST_NEGPULSE_1S,1426,0.81043,0.74,3.88543,3.83758,3.93328,95.7
BOOST_NEGPULSE_1S,1426,0.81043,0.75,3.89626,3.84727,3.94524,97.97
BOOST_NEGPULSE_1S,1426,0.81043,0.76,3.9072,3.85668,3.95771,101.03
BOOST_NEGPULSE_1S,1426,0.81043,0.77,3.91836,3.86638,3.97034,103.96
BOOST_NEGPULSE_1S,1426,0.81043,0.78,3.93012,3.87668,3.98357,106.89
BOOST_NEGPULSE_1S,1426,0.81043,0.79,3.94163,3.88668,3.99658,109.9
BOOST_NEGPULSE_1S,1426,0.81043,0.8,3.95328,3.89658,4.00998,113.4
BOOST_NEGPULSE_1S,1426,0.81043,0.81,3.965,3.90668,4.02332,116.64
BOOST_NEGPULSE_1S,1426,0.81043,0.82,3.97663,3.91668,4.03658,119.9
BOOST_NEGPULSE_1S,1426,0.81043,0.83,3.98808,3.92688,4.04928,122.4
BOOST_NEGPULSE_1S,1426,0.81043,0.84,3.9994,3.93718,4.06161,124.43
BOOST_NEGPULSE_1S,1426,0.81043,0.85,4.01035,3.94818,4.07251,124.33
BOOST_NEGPULSE_1S,1426,0.81043,0.86,4.02022,3.95889,4.08154,122.66
BOOST_NEGPULSE_1S,1426,0.81043,0.87,4.02863,3.97009,4.08717,117.08
BOOST_NEGPULSE_1S,1426,0.81043,0.88,4.03645,3.98129,4.0916,110.32
BOOST_NEGPULSE_1S,1426,0.81043,0.89,4.0444,3.99219,4.0966,104.41
BOOST_NEGPULSE_1S,1426,0.81043,0.9,4.05233,4.00279,4.10187,99.08
BOOST_NEGPULSE_1S,1426,0.81043,0.91,4.0606,4.01309,4.10811,95.02
BOOST_NEGPULSE_1S,1426,0.81043,0.92,4.06925,4.02299,4.11551,92.51
BOOST_NEGPULSE_1S,1426,0.81043,0.93,4.07843,4.03279,4.12408,91.28
BOOST_NEGPULSE_1S,1426,0.81043,0.94,4.08836,4.0421,4.13462,92.52
BOOST_NEGPULSE_1S,1426,0.81043,0.95,4.09896,4.0513,4.14662,95.32
BOOST_NEGPULSE_1S,1426,0.81043,0.96,4.11018,4.0596,4.16076,101.17
BOOST_NEGPULSE_1S,1426,0.81043,0.97,4.12172,4.0663,4.17715,110.85
BOOST_NEGPULSE_1S,1426,0.81043,0.98,4.1341,4.0727,4.19551,122.81
BOOST_NEGPULSE_1S,1501,0.79548,0.18,2.95811,2.76902,3.1472,378.18
BOOST_NEGPULSE_1S,1501,0.79548,0.19,3.10231,2.9448,3.25983,315.03
BOOST_NEGPULSE_1S,1501,0.79548,0.2,3.18665,3.03788,3.33542,297.54
BOOST_NEGPULSE_1S,1501,0.79548,0.21,3.24513,3.09942,3.39083,291.41
BOOST_NEGPULSE_1S,1501,0.79548,0.22,3.28733,3.14734,3.42732,279.98
BOOST_NEGPULSE_1S,1501,0.79548,0.23,3.31594,3.18867,3.44321,254.54
BOOST_NEGPULSE_1S,1501,0.79548,0.24,3.33921,3.22662,3.45181,225.19
BOOST_NEGPULSE_1S,1501,0.79548,0.25,3.36077,3.26204,3.45951,197.47
BOOST_NEGPULSE_1S,1501,0.79548,0.26,3.38061,3.29422,3.46701,172.79
BOOST_NEGPULSE_1S,1501,0.79548,0.27,3.39882,3.32283,3.47481,151.98
BOOST_NEGPULSE_1S,1501,0.79548,0.28,3.41535,3.3472,3.48351,136.32
BOOST_NEGPULSE_1S,1501,0.79548,0.29,3.42999,3.36736,3.49262,125.26
BOOST_NEGPULSE_1S,1501,0.79548,0.3,3.44352,3.38402,3.50302,119.0
BOOST_NEGPULSE_1S,1501,0.79548,0.31,3.45622,3.39821,3.51423,116.02
BOOST_NEGPULSE_1S,1501,0.79548,0.32,3.46825,3.41007,3.52643,116.35
BOOST_NEGPULSE_1S,1501,0.79548,0.33,3.47994,3.42096,3.53893,117.97
BOOST_NEGPULSE_1S,1501,0.79548,0.34,3.49168,3.43152,3.55183,120.31
BOOST_NEGPULSE_1S,1501,0.79548,0.35,3.50306,3.44189,3.56423,122.34
BOOST_NEGPULSE_1S,1501,0.79548,0.36,3.51454,3.45274,3.57634,123.6
BOOST_NEGPULSE_1S,1501,0.79548,0.37,3.5258,3.46337,3.58824,124.86
BOOST_NEGPULSE_1S,1501,0.79548,0.38,3.53719,3.47444,3.59993,125.49
BOOST_NEGPULSE_1S,1501,0.79548,0.39,3.54809,3.48544,3.61073,125.29
BOOST_NEGPULSE_1S,1501,0.79548,0.4,3.55849,3.49584,3.62114,125.3
BOOST_NEGPULSE_1S,1501,0.79548,0.41,3.56871,3.50648,3.63094,124.46
BOOST_NEGPULSE_1S,1501,0.79548,0.42,3.57826,3.5165,3.64002,123.52
BOOST_NEGPULSE_1S,1501,0.79548,0.43,3.58741,3.52649,3.64833,121.83
BOOST_NEGPULSE_1S,1501,0.79548,0.44,3.59621,3.53628,3.65614,119.86
BOOST_NEGPULSE_1S,1501,0.79548,0.45,3.60483,3.54553,3.66413,118.6
BOOST_NEGPULSE_1S,1501,0.79548,0.46,3.61336,3.55489,3.67182,116.93
BOOST_NEGPULSE_1S,1501,0.79548,0.47,3.62172,3.56382,3.67963,115.82
BOOST_NEGPULSE_1S,1501,0.79548,0.48,3.63007,3.5725,3.68763,115.13
BOOST_NEGPULSE_1S,1501,0.79548,0.49,3.63838,3.58102,3.69574,114.72
BOOST_NEGPULSE_1S,1501,0.79548,0.5,3.64703,3.58962,3.70444,114.82
BOOST_NEGPULSE_1S,1501,0.79548,0.51,3.65538,3.59764,3.71313,115.49
BOOST_NEGPULSE_1S,1501,0.79548,0.52,3.66398,3.60572,3.72224,116.52
BOOST_NEGPULSE_1S,1501,0.79548,0.53,3.67292,3.61383,3.73202,118.19
BOOST_NEGPULSE_1S,1501,0.79548,0.54,3.6817,3.62173,3.74166,119.94
BOOST_NEGPULSE_1S,1501,0.79548,0.55,3.6906,3.62963,3.75156,121.94
BOOST_NEGPULSE_1S,1501,0.79548,0.56,3.69969,3.6377,3.76167,123.97
BOOST_NEGPULSE_1S,1501,0.79548,0.57,3.70876,3.64584,3.77167,125.83
BOOST_NEGPULSE_1S,1501,0.79548,0.58,3.71796,3.65424,3.78168,127.44
BOOST_NEGPULSE_1S,1501,0.79548,0.59,3.72727,3.66295,3.79158,128.63
BOOST_NEGPULSE_1S,1501,0.79548,0.6,3.7367,3.67204,3.80136,129.32
BOOST_NEGPULSE_1S,1501,0.79548,0.61,3.74625,3.68154,3.81096,129.43
BOOST_NEGPULSE_1S,1501,0.79548,0.62,3.7558,3.69124,3.82036,129.11
BOOST_NEGPULSE_1S,1501,0.79548,0.63,3.76546,3.70124,3.82968,128.44
BOOST_NEGPULSE_1S,1501,0.79548,0.64,3.7753,3.71163,3.83896,127.34
BOOST_NEGPULSE_1S,1501,0.79548,0.65,3.78495,3.72214,3.84776,125.63
BOOST_NEGPULSE_1S,1501,0.79548,0.66,3.7946,3.73264,3.85657,123.94
BOOST_NEGPULSE_1S,1501,0.79548,0.67,3.80419,3.74332,3.86505,121.72
BOOST_NEGPULSE_1S,1501,0.79548,0.68,3.81355,3.75384,3.87326,119.43
BOOST_NEGPULSE_1S,1501,0.79548,0.69,3.82281,3.76415,3.88146,117.32
BOOST_NEGPULSE_1S,1501,0.79548,0.7,3.83195,3.77434,3.88955,115.21
BOOST_NEGPULSE_1S,1501,0.79548,0.71,3.84133,3.78472,3.89795,113.23
BOOST_NEGPULSE_1S,1501,0.79548,0.72,3.85085,3.79484,3.90686,112.02
BOOST_NEGPULSE_1S,1501,0.79548,0.73,3.86077,3.80485,3.91669,111.84
BOOST_NEGPULSE_1S,1501,0.79548,0.74,3.87132,3.81485,3.9278,112.95
BOOST_NEGPULSE_1S,1501,0.79548,0.75,3.88251,3.82495,3.94007,115.13
BOOST_NEGPULSE_1S,1501,0.79548,0.76,3.89367,3.83466,3.95267,118.01
BOOST_NEGPULSE_1S,1501,0.79548,0.77,3.90532,3.84454,3.96609,121.54
BOOST_NEGPULSE_1S,1501,0.79548,0.78,3.91678,3.85397,3.9796,125.63
BOOST_NEGPULSE_1S,1501,0.79548,0.79,3.92868,3.86376,3.9936,129.85
BOOST_NEGPULSE_1S,1501,0.79548,0.8,3.94069,3.87375,4.00763,133.88
BOOST_NEGPULSE_1S,1501,0.79548,0.81,3.95259,3.88367,4.02152,137.85
BOOST_NEGPULSE_1S,1501,0.79548,0.82,3.9644,3.89367,4.03513,141.46
BOOST_NEGPULSE_1S,1501,0.79548,0.83,3.97595,3.90386,4.04803,144.17
BOOST_NEGPULSE_1S,1501,0.79548,0.84,3.98721,3.91397,4.06044,146.48
BOOST_NEGPULSE_1S,1501,0.79548,0.85,3.99829,3.92467,4.07191,147.23
BOOST_NEGPULSE_1S,1501,0.79548,0.86,4.00837,3.93557,4.08117,145.6
BOOST_NEGPULSE_1S,1501,0.79548,0.87,4.01722,3.94717,4.08726,140.09
BOOST_NEGPULSE_1S,1501,0.79548,0.88,4.02555,3.95868,4.09242,133.75
BOOST_NEGPULSE_1S,1501,0.79548,0.89,4.03384,3.97048,4.0972,126.72
BOOST_NEGPULSE_1S,1501,0.79548,0.9,4.04302,3.98248,4.10357,121.1
BOOST_NEGPULSE_1S,1501,0.79548,0.91,4.05209,3.99388,4.11031,116.43
BOOST_NEGPULSE_1S,1501,0.79548,0.92,4.06193,4.00528,4.11858,113.3
BOOST_NEGPULSE_1S,1501,0.79548,0.93,4.072,4.01609,4.12791,111.82
BOOST_NEGPULSE_1S,1501,0.79548,0.94,4.08284,4.02639,4.1393,112.91
BOOST_NEGPULSE_1S,1501,0.79548,0.95,4.09422,4.03629,4.15216,115.87
BOOST_NEGPULSE_1S,1501,0.79548,0.96,4.10698,4.04679,4.16717,120.38
BOOST_NEGPULSE_1S,1501,0.79548,0.97,4.12019,4.05649,4.18389,127.4
BOOST_NEGPULSE_1S,1576,0.78374,0.19,2.86755,2.66197,3.07313,411.15
BOOST_NEGPULSE_1S,1576,0.78374,0.2,3.05585,2.89579,3.21591,320.12
BOOST_NEGPULSE_1S,1576,0.78374,0.21,3.15671,3.00862,3.30481,296.2
BOOST_NEGPULSE_1S,1576,0.78374,0.22,3.22314,3.07762,3.36866,291.04
BOOST_NEGPULSE_1S,1576,0.78374,0.23,3.27052,3.12583,3.41522,289.39
BOOST_NEGPULSE_1S,1576,0.78374,0.24,3.30191,3.16486,3.43897,274.11
BOOST_NEGPULSE_1S,1576,0.78374,0.25,3.32486,3.19968,3.45004,250.37
BOOST_NEGPULSE_1S,1576,0.78374,0.26,3.3452,3.23189,3.4585,226.61
BOOST_NEGPULSE_1S,1576,0.78374,0.27,3.36446,3.2625,3.46642,203.92
BOOST_NEGPULSE_1S,1576,0.78374,0.28,3.38291,3.29122,3.47461,183.39
BOOST_NEGPULSE_1S,1576,0.78374,0.29,3.40025,3.31705,3.48346,166.41
BOOST_NEGPULSE_1S,1576,0.78374,0.3,3.41646,3.34006,3.49287,152.82
BOOST_NEGPULSE_1S,1576,0.78374,0.31,3.4315,3.35989,3.50311,143.22
BOOST_NEGPULSE_1S,1576,0.78374,0.32,3.44563,3.37708,3.51417,137.09
BOOST_NEGPULSE_1S,1576,0.78374,0.33,3.45862,3.39132,3.52591,134.59
BOOST_NEGPULSE_1S,1576,0.78374,0.34,3.471,3.40354,3.53847,134.93
BOOST_NEGPULSE_1S,1576,0.78374,0.35,3.48298,3.41463,3.55133,136.7
BOOST_NEGPULSE_1S,1576,0.78374,0.36,3.49461,3.42514,3.56408,138.94
BOOST_NEGPULSE_1S,1576,0.78374,0.37,3.50593,3.43543,3.57644,141.01
BOOST_NEGPULSE_1S,1576,0.78374,0.38,3.51736,3.44612,3.58859,142.47
BOOST_NEGPULSE_1S,1576,0.78374,0.39,3.52876,3.45693,3.6006,143.67
BOOST_NEGPULSE_1S,1576,0.78374,0.4,3.53981,3.46783,3.6118,143.97
BOOST_NEGPULSE_1S,1576,0.78374,0.41,3.55061,3.47901,3.62221,143.2
BOOST_NEGPULSE_1S,1576,0.78374,0.42,3.56098,3.48964,3.63231,142.67
BOOST_NEGPULSE_1S,1576,0.78374,0.43,3.57089,3.50022,3.64156,141.34
BOOST_NEGPULSE_1S,1576,0.78374,0.44,3.5804,3.51053,3.65026,139.74
BOOST_NEGPULSE_1S,1576,0.78374,0.45,3.58956,3.52044,3.65867,138.22
BOOST_NEGPULSE_1S,1576,0.78374,0.46,3.59835,3.53014,3.66657,136.43
BOOST_NEGPULSE_1S,1576,0.78374,0.47,3.60725,3.53982,3.67468,134.86
BOOST_NEGPULSE_1S,1576,0.78374,0.48,3.61581,3.54885,3.68277,133.92
BOOST_NEGPULSE_1S,1576,0.78374,0.49,3.62441,3.55784,3.69097,133.13
BOOST_NEGPULSE_1S,1576,0.78374,0.5,3.63311,3.56674,3.69948,132.74
BOOST_NEGPULSE_1S,1576,0.78374,0.51,3.6417,3.57517,3.70823,133.06
BOOST_NEGPULSE_1S,1576,0.78374,0.52,3.65043,3.58367,3.71719,133.52
BOOST_NEGPULSE_1S,1576,0.78374,0.53,3.65919,3.59178,3.7266,134.83
BOOST_NEGPULSE_1S,1576,0.78374,0.54,3.66811,3.59997,3.73625,136.28
BOOST_NEGPULSE_1S,1576,0.78374,0.55,3.67694,3.60807,3.7458,137.73
BOOST_NEGPULSE_1S,1576,0.78374,0.56,3.68594,3.61598,3.7559,139.93
BOOST_NEGPULSE_1S,1576,0.78374,0.57,3.6949,3.62397,3.76584,141.87
BOOST_NEGPULSE_1S,1576,0.78374,0.58,3.70381,3.63197,3.77565,143.68
BOOST_NEGPULSE_1S,1576,0.78374,0.59,3.71279,3.63998,3.7856,145.63
BOOST_NEGPULSE_1S,1576,0.78374,0.6,3.72181,3.64817,3.79545,147.28
BOOST_NEGPULSE_1S,1576,0.78374,0.61,3.73091,3.65687,3.80495,148.08
BOOST_NEGPULSE_1S,1576,0.78374,0.62,3.74021,3.66577,3.81465,148.88
BOOST_NEGPULSE_1S,1576,0.78374,0.63,3.74938,3.67486,3.82389,149.03
BOOST_NEGPULSE_1S,1576,0.78374,0.64,3.75879,3.68447,3.83311,148.64
BOOST_NEGPULSE_1S,1576,0.78374,0.65,3.76854,3.69466,3.84242,147.76
BOOST_NEGPULSE_1S,1576,0.78374,0.66,3.77797,3.70476,3.85118,146.42
BOOST_NEGPULSE_1S,1576,0.78374,0.67,3.7877,3.71546,3.85994,144.48
BOOST_NEGPULSE_1S,1576,0.78374,0.68,3.79739,3.72626,3.86852,142.26
BOOST_NEGPULSE_1S,1576,0.78374,0.69,3.80681,3.73686,3.87676,139.9
BOOST_NEGPULSE_1S,1576,0.78374,0.7,3.81629,3.74786,3.88472,136.86
BOOST_NEGPULSE_1S,1576,0.78374,0.71,3.82589,3.75856,3.89322,134.66
BOOST_NEGPULSE_1S,1576,0.78374,0.72,3.83536,3.76907,3.90166,132.59
BOOST_NEGPULSE_1S,1576,0.78374,0.73,3.84543,3.77967,3.9112,131.53
BOOST_NEGPULSE_1S,1576,0.78374,0.74,3.85609,3.79027,3.9219,131.63
BOOST_NEGPULSE_1S,1576,0.78374,0.75,3.86705,3.80087,3.93324,132.37
BOOST_NEGPULSE_1S,1576,0.78374,0.76,3.87837,3.81157,3.94516,133.59
BOOST_NEGPULSE_1S,1576,0.78374,0.77,3.88985,3.82187,3.95782,135.95
BOOST_NEGPULSE_1S,1576,0.78374,0.78,3.90174,3.83257,3.9709,138.33
BOOST_NEGPULSE_1S,1576,0.78374,0.79,3.9138,3.84288,3.98472,141.84
BOOST_NEGPULSE_1S,1576,0.78374,0.8,3.92615,3.85357,3.99872,145.15
BOOST_NEGPULSE_1S,1576,0.78374,0.81,3.93857,3.86398,4.01316,149.18
BOOST_NEGPULSE_1S,1576,0.78374,0.82,3.95107,3.87497,4.02716,152.19
BOOST_NEGPULSE_1S,1576,0.78374,0.83,3.96333,3.88568,4.04098,155.3
BOOST_NEGPULSE_1S,1576,0.78374,0.84,3.97538,3.89668,4.05408,157.4
BOOST_NEGPULSE_1S,1576,0.78374,0.85,3.98689,3.90738,4.0664,159.02
BOOST_NEGPULSE_1S,1576,0.78374,0.86,3.99763,3.91818,4.07708,158.9
BOOST_NEGPULSE_1S,1576,0.78374,0.87,4.00722,3.92948,4.08496,155.48
BOOST_NEGPULSE_1S,1576,0.78374,0.88,4.01601,3.94128,4.09074,149.46
BOOST_NEGPULSE_1S,1576,0.78374,0.89,4.02466,3.95318,4.09614,142.96
BOOST_NEGPULSE_1S,1576,0.78374,0.9,4.03403,3.96558,4.10248,136.9
BOOST_NEGPULSE_1S,1576,0.78374,0.91,4.04354,3.97779,4.10928,131.49
BOOST_NEGPULSE_1S,1576,0.78374,0.92,4.05403,3.99039,4.11768,127.29
BOOST_NEGPULSE_1S,1576,0.78374,0.93,4.06495,4.00249,4.12741,124.92
BOOST_NEGPULSE_1S,1576,0.78374,0.94,4.07657,4.01439,4.13874,124.35
BOOST_NEGPULSE_1S,1576,0.78374,0.95,4.08865,4.02579,4.1515,125.71
BOOST_NEGPULSE_1S,1576,0.78374,0.96,4.10183,4.0373,4.16636,129.06
BOOST_NEGPULSE_1S,1576,0.78374,0.97,4.11595,4.0492,4.1827,133.5
BOOST_NEGPULSE_1S,1651,0.76959,0.21,2.92743,2.74262,3.11224,369.62
BOOST_NEGPULSE_1S,1651,0.76959,0.22,3.08385,2.92889,3.2388,309.91
BOOST_NEGPULSE_1S,1651,0.76959,0.23,3.17486,3.02802,3.32169,293.67
BOOST_NEGPULSE_1S,1651,0.76959,0.24,3.2359,3.08948,3.38232,292.83
BOOST_NEGPULSE_1S,1651,0.76959,0.25,3.27884,3.13262,3.42507,292.45
BOOST_NEGPULSE_1S,1651,0.76959,0.26,3.30614,3.16718,3.4451,277.93
BOOST_NEGPULSE_1S,1651,0.76959,0.27,3.32699,3.19809,3.4559,257.81
BOOST_NEGPULSE_1S,1651,0.76959,0.28,3.34573,3.22684,3.46463,237.79
BOOST_NEGPULSE_1S,1651,0.76959,0.29,3.36372,3.25434,3.4731,218.77
BOOST_NEGPULSE_1S,1651,0.76959,0.3,3.3813,3.28052,3.48208,201.56
BOOST_NEGPULSE_1S,1651,0.76959,0.31,3.39823,3.30497,3.49148,186.51
BOOST_NEGPULSE_1S,1651,0.76959,0.32,3.41437,3.32737,3.50136,173.99
BOOST_NEGPULSE_1S,1651,0.76959,0.33,3.43,3.34771,3.51228,164.58
BOOST_NEGPULSE_1S,1651,0.76959,0.34,3.44458,3.36554,3.52362,158.07
BOOST_NEGPULSE_1S,1651,0.76959,0.35,3.45837,3.38094,3.53579,154.85
BOOST_NEGPULSE_1S,1651,0.76959,0.36,3.47129,3.39428,3.54829,154.01
BOOST_NEGPULSE_1S,1651,0.76959,0.37,3.48355,3.40569,3.5614,155.71
BOOST_NEGPULSE_1S,1651,0.76959,0.38,3.49532,3.41659,3.57405,157.46
BOOST_NEGPULSE_1S,1651,0.76959,0.39,3.5066,3.4269,3.5863,159.4
BOOST_NEGPULSE_1S,1651,0.76959,0.4,3.51815,3.43743,3.59888,161.45
BOOST_NEGPULSE_1S,1651,0.76959,0.41,3.5295,3.44832,3.61068,162.36
BOOST_NEGPULSE_1S,1651,0.76959,0.42,3.54041,3.45912,3.62171,162.59
BOOST_NEGPULSE_1S,1651,0.76959,0.43,3.55117,3.47042,3.63193,161.51
BOOST_NEGPULSE_1S,1651,0.76959,0.44,3.56154,3.48123,3.64186,160.63
BOOST_NEGPULSE_1S,1651,0.76959,0.45,3.57168,3.49202,3.65134,159.32
BOOST_NEGPULSE_1S,1651,0.76959,0.46,3.58128,3.50244,3.66013,157.69
BOOST_NEGPULSE_1S,1651,0.76959,0.47,3.59062,3.51244,3.6688,156.36
BOOST_NEGPULSE_1S,1651,0.76959,0.48,3.59967,3.52234,3.677,154.66
BOOST_NEGPULSE_1S,1651,0.76959,0.49,3.6087,3.53194,3.68547,153.53
BOOST_NEGPULSE_1S,1651,0.76959,0.5,3.61771,3.54144,3.69398,152.54
BOOST_NEGPULSE_1S,1651,0.76959,0.51,3.62656,3.55034,3.70277,152.43
BOOST_NEGPULSE_1S,1651,0.76959,0.52,3.63555,3.55943,3.71168,152.25
BOOST_NEGPULSE_1S,1651,0.76959,0.53,3.64447,3.56824,3.72071,152.48
BOOST_NEGPULSE_1S,1651,0.76959,0.54,3.6534,3.57657,3.73022,153.66
BOOST_NEGPULSE_1S,1651,0.76959,0.55,3.66237,3.58504,3.73969,154.64
BOOST_NEGPULSE_1S,1651,0.76959,0.56,3.67155,3.59344,3.74966,156.21
BOOST_NEGPULSE_1S,1651,0.76959,0.57,3.6804,3.60144,3.75936,157.91
BOOST_NEGPULSE_1S,1651,0.76959,0.58,3.68945,3.60954,3.76936,159.81
BOOST_NEGPULSE_1S,1651,0.76959,0.59,3.69832,3.61764,3.77899,161.34
BOOST_NEGPULSE_1S,1651,0.76959,0.6,3.70717,3.62554,3.78879,163.24
BOOST_NEGPULSE_1S,1651,0.76959,0.61,3.71605,3.63365,3.79846,164.8
BOOST_NEGPULSE_1S,1651,0.76959,0.62,3.72495,3.64195,3.80796,166.0
BOOST_NEGPULSE_1S,1651,0.76959,0.63,3.73386,3.65034,3.81739,167.05
BOOST_NEGPULSE_1S,1651,0.76959,0.64,3.74301,3.65916,3.82686,167.69
BOOST_NEGPULSE_1S,1651,0.76959,0.65,3.75206,3.66827,3.83586,167.59
BOOST_NEGPULSE_1S,1651,0.76959,0.66,3.76135,3.67757,3.84512,167.56
BOOST_NEGPULSE_1S,1651,0.76959,0.67,3.77063,3.68744,3.85382,166.38
BOOST_NEGPULSE_1S,1651,0.76959,0.68,3.78001,3.69756,3.86246,164.9
BOOST_NEGPULSE_1S,1651,0.76959,0.69,3.78965,3.70825,3.87106,162.8
BOOST_NEGPULSE_1S,1651,0.76959,0.7,3.79912,3.71896,3.87929,160.34
BOOST_NEGPULSE_1S,1651,0.76959,0.71,3.80877,3.73016,3.88739,157.23
BOOST_NEGPULSE_1S,1651,0.76959,0.72,3.81851,3.74117,3.89586,154.69
BOOST_NEGPULSE_1S,1651,0.76959,0.73,3.82853,3.75236,3.90469,152.33
BOOST_NEGPULSE_1S,1651,0.76959,0.74,3.83894,3.76355,3.91432,150.77
BOOST_NEGPULSE_1S,1651,0.76959,0.75,3.84999,3.77466,3.92532,150.66
BOOST_NEGPULSE_1S,1651,0.76959,0.76,3.86118,3.78557,3.9368,151.23
BOOST_NEGPULSE_1S,1651,0.76959,0.77,3.87286,3.79677,3.94896,152.19
BOOST_NEGPULSE_1S,1651,0.76959,0.78,3.88468,3.80807,3.9613,153.23
BOOST_NEGPULSE_1S,1651,0.76959,0.79,3.8968,3.81927,3.97433,155.06
BOOST_NEGPULSE_1S,1651,0.76959,0.8,3.90923,3.83027,3.9882,157.93
BOOST_NEGPULSE_1S,1651,0.76959,0.81,3.92185,3.84147,4.00223,160.76
BOOST_NEGPULSE_1S,1651,0.76959,0.82,3.93465,3.85238,4.01693,164.55
BOOST_NEGPULSE_1S,1651,0.76959,0.83,3.94755,3.86377,4.03133,167.56
BOOST_NEGPULSE_1S,1651,0.76959,0.84,3.9605,3.87577,4.04522,169.45
BOOST_NEGPULSE_1S,1651,0.76959,0.85,3.97302,3.88768,4.05837,170.69
BOOST_NEGPULSE_1S,1651,0.76959,0.86,3.98523,3.89987,4.07059,170.71
BOOST_NEGPULSE_1S,1651,0.76959,0.87,3.9962,3.91158,4.08082,169.24
BOOST_NEGPULSE_1S,1651,0.76959,0.88,4.00573,3.92348,4.08798,164.5
BOOST_NEGPULSE_1S,1651,0.76959,0.89,4.01468,3.93568,4.09368,158.0
BOOST_NEGPULSE_1S,1651,0.76959,0.9,4.02413,3.94808,4.10018,152.1
BOOST_NEGPULSE_1S,1651,0.76959,0.91,4.03406,3.96098,4.10714,146.16
BOOST_NEGPULSE_1S,1651,0.76959,0.92,4.04457,3.97379,4.11536,141.57
BOOST_NEGPULSE_1S,1651,0.76959,0.93,4.05581,3.98659,4.12502,138.44
BOOST_NEGPULSE_1S,1651,0.76959,0.94,4.06768,3.99959,4.13576,136.17
BOOST_NEGPULSE_1S,1651,0.76959,0.95,4.08074,4.01289,4.1486,135.71
BOOST_NEGPULSE_1S,1651,0.76959,0.96,4.09413,4.02579,4.16247,136.68
BOOST_NEGPULSE_1S,1651,0.76959,0.97,4.10873,4.03929,4.17816,138.87
BOOST_NEGPULSE_1S,1651,0.76959,0.98,4.12369,4.0526,4.19478,142.18
BOOST_NEGPULSE_1S,1726,0.75239,0.22,2.83407,2.61721,3.05092,433.71
BOOST_NEGPULSE_1S,1726,0.75239,0.23,3.04088,2.87208,3.20969,337.61
BOOST_NEGPULSE_1S,1726,0.75239,0.24,3.14772,2.99148,3.30396,312.48
BOOST_NEGPULSE_1S,1726,0.75239,0.25,3.21718,3.06332,3.37104,307.72
BOOST_NEGPULSE_1S,1726,0.75239,0.26,3.26557,3.11099,3.42014,309.15
BOOST_NEGPULSE_1S,1726,0.75239,0.27,3.29661,3.14688,3.44634,299.47
BOOST_NEGPULSE_1S,1726,0.75239,0.28,3.31797,3.17702,3.45891,281.89
BOOST_NEGPULSE_1S,1726,0.75239,0.29,3.33657,3.20452,3.46862,264.1
BOOST_NEGPULSE_1S,1726,0.75239,0.3,3.35375,3.22976,3.47773,247.97
BOOST_NEGPULSE_1S,1726,0.75239,0.31,3.3702,3.25347,3.48693,233.45
BOOST_NEGPULSE_1S,1726,0.75239,0.32,3.3866,3.27627,3.49693,220.66
BOOST_NEGPULSE_1S,1726,0.75239,0.33,3.40246,3.29771,3.50722,209.51
BOOST_NEGPULSE_1S,1726,0.75239,0.34,3.41822,3.31812,3.51832,200.2
BOOST_NEGPULSE_1S,1726,0.75239,0.35,3.43352,3.33722,3.52982,192.6
BOOST_NEGPULSE_1S,1726,0.75239,0.36,3.44838,3.35503,3.54172,186.69
BOOST_NEGPULSE_1S,1726,0.75239,0.37,3.46276,3.371,3.55452,183.52
BOOST_NEGPULSE_1S,1726,0.75239,0.38,3.47626,3.3852,3.56732,182.13
BOOST_NEGPULSE_1S,1726,0.75239,0.39,3.48887,3.39762,3.58013,182.51
BOOST_NEGPULSE_1S,1726,0.75239,0.4,3.50079,3.40884,3.59274,183.9
BOOST_NEGPULSE_1S,1726,0.75239,0.41,3.51243,3.41972,3.60513,185.41
BOOST_NEGPULSE_1S,1726,0.75239,0.42,3.52384,3.43024,3.61744,187.2
BOOST_NEGPULSE_1S,1726,0.75239,0.43,3.53459,3.44063,3.62855,187.92
BOOST_NEGPULSE_1S,1726,0.75239,0.44,3.54519,3.45142,3.63896,187.54
BOOST_NEGPULSE_1S,1726,0.75239,0.45,3.55569,3.46214,3.64925,187.12
BOOST_NEGPULSE_1S,1726,0.75239,0.46,3.5658,3.47264,3.65896,186.33
BOOST_NEGPULSE_1S,1726,0.75239,0.47,3.57564,3.48312,3.66816,185.04
BOOST_NEGPULSE_1S,1726,0.75239,0.48,3.5852,3.49323,3.67717,183.94
BOOST_NEGPULSE_1S,1726,0.75239,0.49,3.59441,3.50294,3.68587,182.93
BOOST_NEGPULSE_1S,1726,0.75239,0.5,3.60371,3.51254,3.69487,182.34
BOOST_NEGPULSE_1S,1726,0.75239,0.51,3.61301,3.52204,3.70397,181.94
BOOST_NEGPULSE_1S,1726,0.75239,0.52,3.62196,3.53104,3.71288,181.83
BOOST_NEGPULSE_1S,1726,0.75239,0.53,3.6313,3.54023,3.72238,182.15
BOOST_NEGPULSE_1S,1726,0.75239,0.54,3.64037,3.54904,3.73169,182.64
BOOST_NEGPULSE_1S,1726,0.75239,0.55,3.64946,3.55764,3.74129,183.65
BOOST_NEGPULSE_1S,1726,0.75239,0.56,3.65868,3.56625,3.7511,184.85
BOOST_NEGPULSE_1S,1726,0.75239,0.57,3.66767,3.57464,3.7607,186.06
BOOST_NEGPULSE_1S,1726,0.75239,0.58,3.67673,3.58305,3.7704,187.35
BOOST_NEGPULSE_1S,1726,0.75239,0.59,3.68582,3.59134,3.7803,188.96
BOOST_NEGPULSE_1S,1726,0.75239,0.6,3.69453,3.59915,3.7899,190.75
BOOST_NEGPULSE_1S,1726,0.75239,0.61,3.70338,3.60747,3.7993,191.83
BOOST_NEGPULSE_1S,1726,0.75239,0.62,3.71209,3.61538,3.8088,193.42
BOOST_NEGPULSE_1S,1726,0.75239,0.63,3.72093,3.62357,3.8183,194.73
BOOST_NEGPULSE_1S,1726,0.75239,0.64,3.72953,3.63167,3.8274,195.73
BOOST_NEGPULSE_1S,1726,0.75239,0.65,3.73819,3.63978,3.8366,196.82
BOOST_NEGPULSE_1S,1726,0.75239,0.66,3.74708,3.64837,3.8458,197.43
BOOST_NEGPULSE_1S,1726,0.75239,0.67,3.7559,3.65707,3.85472,197.65
BOOST_NEGPULSE_1S,1726,0.75239,0.68,3.76465,3.66607,3.86323,197.17
BOOST_NEGPULSE_1S,1726,0.75239,0.69,3.77374,3.67556,3.87193,196.37
BOOST_NEGPULSE_1S,1726,0.75239,0.7,3.78284,3.68546,3.88022,194.76
BOOST_NEGPULSE_1S,1726,0.75239,0.71,3.79205,3.69576,3.88833,192.56
BOOST_NEGPULSE_1S,1726,0.75239,0.72,3.80165,3.70636,3.89693,190.56
BOOST_NEGPULSE_1S,1726,0.75239,0.73,3.8116,3.71746,3.90573,188.26
BOOST_NEGPULSE_1S,1726,0.75239,0.74,3.82205,3.72857,3.91554,186.97
BOOST_NEGPULSE_1S,1726,0.75239,0.75,3.83325,3.73996,3.92654,186.57
BOOST_NEGPULSE_1S,1726,0.75239,0.76,3.84466,3.75127,3.93804,186.77
BOOST_NEGPULSE_1S,1726,0.75239,0.77,3.85656,3.76277,3.95035,187.58
BOOST_NEGPULSE_1S,1726,0.75239,0.78,3.86856,3.77417,3.96294,188.77
BOOST_NEGPULSE_1S,1726,0.75239,0.79,3.88088,3.78567,3.97609,190.42
BOOST_NEGPULSE_1S,1726,0.75239,0.8,3.89349,3.79737,3.98961,192.24
BOOST_NEGPULSE_1S,1726,0.75239,0.81,3.90633,3.80888,4.00378,194.9
BOOST_NEGPULSE_1S,1726,0.75239,0.82,3.91924,3.82057,4.01791,197.34
BOOST_NEGPULSE_1S,1726,0.75239,0.83,3.93228,3.83218,4.03238,200.2
BOOST_NEGPULSE_1S,1726,0.75239,0.84,3.94489,3.84348,4.0463,202.83
BOOST_NEGPULSE_1S,1726,0.75239,0.85,3.95733,3.85478,4.05989,205.11
BOOST_NEGPULSE_1S,1726,0.75239,0.86,3.96933,3.86658,4.07208,205.5
BOOST_NEGPULSE_1S,1726,0.75239,0.87,3.98047,3.87838,4.08256,204.18
BOOST_NEGPULSE_1S,1726,0.75239,0.88,3.99041,3.89098,4.08983,198.85
BOOST_NEGPULSE_1S,1726,0.75239,0.89,3.99972,3.90318,4.09625,193.06
BOOST_NEGPULSE_1S,1726,0.75239,0.9,4.00974,3.91609,4.1034,187.31
BOOST_NEGPULSE_1S,1726,0.75239,0.91,4.02052,3.92919,4.11186,182.67
BOOST_NEGPULSE_1S,1726,0.75239,0.92,4.0324,3.94368,4.12112,177.44
BOOST_NEGPULSE_1S,1726,0.75239,0.93,4.04546,3.95869,4.13222,173.53
BOOST_NEGPULSE_1S,1726,0.75239,0.94,4.05936,3.97449,4.14423,169.74
BOOST_NEGPULSE_1S,1726,0.75239,0.95,4.07392,3.98989,4.15794,168.05
BOOST_NEGPULSE_1S,1726,0.75239,0.96,4.08898,4.00499,4.17296,167.96
BOOST_NEGPULSE_1S,1726,0.75239,0.97,4.10436,4.02009,4.18863,168.54
BOOST_NEGPULSE_1S,1801,0.65938,0.33,2.94405,2.76357,3.12453,360.96
BOOST_NEGPULSE_1S,1801,0.65938,0.34,3.08927,2.92965,3.24889,319.23
BOOST_NEGPULSE_1S,1801,0.65938,0.35,3.17803,3.02463,3.33143,306.81
BOOST_NEGPULSE_1S,1801,0.65938,0.36,3.23868,3.08498,3.39239,307.41
BOOST_NEGPULSE_1S,1801,0.65938,0.37,3.27982,3.1275,3.43215,304.65
BOOST_NEGPULSE_1S,1801,0.65938,0.38,3.30664,3.16122,3.45206,290.84
BOOST_NEGPULSE_1S,1801,0.65938,0.39,3.32744,3.18968,3.4652,275.52
BOOST_NEGPULSE_1S,1801,0.65938,0.4,3.34539,3.21447,3.4763,261.83
BOOST_NEGPULSE_1S,1801,0.65938,0.41,3.36187,3.23679,3.48695,250.15
BOOST_NEGPULSE_1S,1801,0.65938,0.42,3.37755,3.25738,3.49773,240.35
BOOST_NEGPULSE_1S,1801,0.65938,0.43,3.39281,3.27682,3.5088,231.98
BOOST_NEGPULSE_1S,1801,0.65938,0.44,3.40772,3.29546,3.51998,224.53
BOOST_NEGPULSE_1S,1801,0.65938,0.45,3.4225,3.31354,3.53146,217.92
BOOST_NEGPULSE_1S,1801,0.65938,0.46,3.43719,3.33115,3.54323,212.08
BOOST_NEGPULSE_1S,1801,0.65938,0.47,3.45166,3.34798,3.55535,207.38
BOOST_NEGPULSE_1S,1801,0.65938,0.48,3.4656,3.36345,3.56774,204.29
BOOST_NEGPULSE_1S,1801,0.65938,0.49,3.47889,3.3775,3.58028,202.77
BOOST_NEGPULSE_1S,1801,0.65938,0.5,3.49161,3.39025,3.59297,202.72
BOOST_NEGPULSE_1S,1801,0.65938,0.51,3.50383,3.4021,3.60556,203.46
BOOST_NEGPULSE_1S,1801,0.65938,0.52,3.51552,3.41341,3.61762,204.22
BOOST_NEGPULSE_1S,1801,0.65938,0.53,3.5267,3.42436,3.62905,204.69
BOOST_NEGPULSE_1S,1801,0.65938,0.54,3.53764,3.43534,3.63995,204.6
BOOST_NEGPULSE_1S,1801,0.65938,0.55,3.5484,3.44643,3.65038,203.95
BOOST_NEGPULSE_1S,1801,0.65938,0.56,3.55904,3.45763,3.66045,202.82
BOOST_NEGPULSE_1S,1801,0.65938,0.57,3.56944,3.46858,3.67031,201.73
BOOST_NEGPULSE_1S,1801,0.65938,0.58,3.57956,3.47911,3.68001,200.9
BOOST_NEGPULSE_1S,1801,0.65938,0.59,3.58956,3.48945,3.68968,200.23
BOOST_NEGPULSE_1S,1801,0.65938,0.6,3.59942,3.49959,3.69925,199.66
BOOST_NEGPULSE_1S,1801,0.65938,0.61,3.6092,3.50952,3.70889,199.37
BOOST_NEGPULSE_1S,1801,0.65938,0.62,3.61882,3.51913,3.71851,199.38
BOOST_NEGPULSE_1S,1801,0.65938,0.63,3.62837,3.52854,3.7282,199.65
BOOST_NEGPULSE_1S,1801,0.65938,0.64,3.63783,3.53771,3.73795,200.24
BOOST_NEGPULSE_1S,1801,0.65938,0.65,3.64728,3.54683,3.74772,200.88
BOOST_NEGPULSE_1S,1801,0.65938,0.66,3.65665,3.55583,3.75747,201.63
BOOST_NEGPULSE_1S,1801,0.65938,0.67,3.66591,3.56465,3.76716,202.51
BOOST_NEGPULSE_1S,1801,0.65938,0.68,3.67507,3.57333,3.77681,203.47
BOOST_NEGPULSE_1S,1801,0.65938,0.69,3.68416,3.58188,3.78644,204.56
BOOST_NEGPULSE_1S,1801,0.65938,0.7,3.69316,3.59034,3.79598,205.64
BOOST_NEGPULSE_1S,1801,0.65938,0.71,3.70209,3.59878,3.80539,206.61
BOOST_NEGPULSE_1S,1801,0.65938,0.72,3.71095,3.60713,3.81478,207.64
BOOST_NEGPULSE_1S,1801,0.65938,0.73,3.71978,3.61549,3.82406,208.57
BOOST_NEGPULSE_1S,1801,0.65938,0.74,3.7286,3.62391,3.8333,209.39
BOOST_NEGPULSE_1S,1801,0.65938,0.75,3.73739,3.63235,3.84244,210.09
BOOST_NEGPULSE_1S,1801,0.65938,0.76,3.74619,3.64099,3.85139,210.4
BOOST_NEGPULSE_1S,1801,0.65938,0.77,3.75506,3.64984,3.86028,210.44
BOOST_NEGPULSE_1S,1801,0.65938,0.78,3.76403,3.65906,3.86899,209.93
BOOST_NEGPULSE_1S,1801,0.65938,0.79,3.77309,3.66865,3.87753,208.88
BOOST_NEGPULSE_1S,1801,0.65938,0.8,3.7824,3.67873,3.88608,207.35
BOOST_NEGPULSE_1S,1801,0.65938,0.81,3.79196,3.6892,3.89472,205.53
BOOST_NEGPULSE_1S,1801,0.65938,0.82,3.80197,3.70012,3.90383,203.71
BOOST_NEGPULSE_1S,1801,0.65938,0.83,3.81261,3.71145,3.91376,202.31
BOOST_NEGPULSE_1S,1801,0.65938,0.84,3.82378,3.72313,3.92443,201.3
BOOST_NEGPULSE_1S,1801,0.65938,0.85,3.83536,3.73511,3.9356,200.5
BOOST_NEGPULSE_1S,1801,0.65938,0.86,3.84718,3.7473,3.94706,199.77
BOOST_NEGPULSE_1S,1801,0.65938,0.87,3.85924,3.75957,3.9589,199.33
BOOST_NEGPULSE_1S,1801,0.65938,0.88,3.87168,3.77206,3.9713,199.24
BOOST_NEGPULSE_1S,1801,0.65938,0.89,3.8845,3.78479,3.98421,199.42
BOOST_NEGPULSE_1S,1801,0.65938,0.9,3.89772,3.79785,3.99758,199.74
BOOST_NEGPULSE_1S,1801,0.65938,0.91,3.91131,3.8113,4.01131,200.01
BOOST_NEGPULSE_1S,1801,0.65938,0.92,3.92517,3.8251,4.02524,200.14
BOOST_NEGPULSE_1S,1801,0.65938,0.93,3.93927,3.83947,4.03907,199.61
BOOST_NEGPULSE_1S,1801,0.65938,0.94,3.95388,3.85504,4.05272,197.68
BOOST_NEGPULSE_1S,1801,0.65938,0.95,3.96891,3.872,4.06582,193.81
BOOST_NEGPULSE_1S,1801,0.65938,0.96,3.98369,3.88959,4.07779,188.2
BOOST_NEGPULSE_1S,1801,0.65938,0.97,3.99727,3.90751,4.08702,179.51
BOOST_NEGPULSE_1S,1801,0.65938,0.98,4.01121,3.92789,4.09453,166.64
BOOST_NEGPULSE_1S,1801,0.65938,0.99,4.0282,3.95406,4.10234,148.28
BOOST_NEGPULSE_1S,1876,0.69074,0.29,2.84171,2.62436,3.05906,434.7
BOOST_NEGPULSE_1S,1876,0.69074,0.3,3.04162,2.8636,3.21964,356.04
BOOST_NEGPULSE_1S,1876,0.69074,0.31,3.14662,2.97834,3.3149,336.56
BOOST_NEGPULSE_1S,1876,0.69074,0.32,3.21675,3.05012,3.38339,333.27
BOOST_NEGPULSE_1S,1876,0.69074,0.33,3.26571,3.0986,3.43283,334.23
BOOST_NEGPULSE_1S,1876,0.69074,0.34,3.29661,3.13483,3.45839,323.56
BOOST_NEGPULSE_1S,1876,0.69074,0.35,3.31877,3.16405,3.47348,309.43
BOOST_NEGPULSE_1S,1876,0.69074,0.36,3.33705,3.18877,3.48533,296.55
BOOST_NEGPULSE_1S,1876,0.69074,0.37,3.35348,3.21048,3.49648,286.0
BOOST_NEGPULSE_1S,1876,0.69074,0.38,3.36889,3.23007,3.5077,277.62
BOOST_NEGPULSE_1S,1876,0.69074,0.39,3.38363,3.24824,3.51903,270.79
BOOST_NEGPULSE_1S,1876,0.69074,0.4,3.39802,3.26552,3.53052,265.0
BOOST_NEGPULSE_1S,1876,0.69074,0.41,3.41222,3.28221,3.54222,260.0
BOOST_NEGPULSE_1S,1876,0.69074,0.42,3.42655,3.29888,3.55421,255.34
BOOST_NEGPULSE_1S,1876,0.69074,0.43,3.44096,3.31535,3.56656,251.21
BOOST_NEGPULSE_1S,1876,0.69074,0.44,3.45531,3.33146,3.57915,247.69
BOOST_NEGPULSE_1S,1876,0.69074,0.45,3.46942,3.34697,3.59187,244.9
BOOST_NEGPULSE_1S,1876,0.69074,0.46,3.48307,3.36138,3.60476,243.38
BOOST_NEGPULSE_1S,1876,0.69074,0.47,3.4961,3.37452,3.61768,243.15
BOOST_NEGPULSE_1S,1876,0.69074,0.48,3.50846,3.38684,3.63007,243.23
BOOST_NEGPULSE_1S,1876,0.69074,0.49,3.52021,3.39853,3.6419,243.37
BOOST_NEGPULSE_1S,1876,0.69074,0.5,3.53149,3.4097,3.65329,243.6
BOOST_NEGPULSE_1S,1876,0.69074,0.51,3.54244,3.42065,3.66422,243.57
BOOST_NEGPULSE_1S,1876,0.69074,0.52,3.55322,3.43156,3.67489,243.32
BOOST_NEGPULSE_1S,1876,0.69074,0.53,3.56389,3.44247,3.6853,242.84
BOOST_NEGPULSE_1S,1876,0.69074,0.54,3.57447,3.45329,3.69564,242.35
BOOST_NEGPULSE_1S,1876,0.69074,0.55,3.58484,3.46376,3.70591,242.15
BOOST_NEGPULSE_1S,1876,0.69074,0.56,3.59498,3.47387,3.71609,242.23
BOOST_NEGPULSE_1S,1876,0.69074,0.57,3.60492,3.48373,3.72612,242.4
BOOST_NEGPULSE_1S,1876,0.69074,0.58,3.6147,3.49326,3.73614,242.88
BOOST_NEGPULSE_1S,1876,0.69074,0.59,3.62429,3.50252,3.74606,243.55
BOOST_NEGPULSE_1S,1876,0.69074,0.6,3.63374,3.51154,3.75593,244.4
BOOST_NEGPULSE_1S,1876,0.69074,0.61,3.64302,3.52038,3.76567,245.3
BOOST_NEGPULSE_1S,1876,0.69074,0.62,3.65221,3.52911,3.7753,246.2
BOOST_NEGPULSE_1S,1876,0.69074,0.63,3.66128,3.53774,3.78482,247.08
BOOST_NEGPULSE_1S,1876,0.69074,0.64,3.67027,3.5463,3.79424,247.94
BOOST_NEGPULSE_1S,1876,0.69074,0.65,3.6792,3.55479,3.8036,248.81
BOOST_NEGPULSE_1S,1876,0.69074,0.66,3.68805,3.56321,3.81289,249.68
BOOST_NEGPULSE_1S,1876,0.69074,0.67,3.69682,3.57154,3.82209,250.55
BOOST_NEGPULSE_1S,1876,0.69074,0.68,3.70553,3.57977,3.83128,251.51
BOOST_NEGPULSE_1S,1876,0.69074,0.69,3.71422,3.58805,3.84038,252.33
BOOST_NEGPULSE_1S,1876,0.69074,0.7,3.72281,3.59631,3.84932,253.01
BOOST_NEGPULSE_1S,1876,0.69074,0.71,3.73139,3.60457,3.85822,253.65
BOOST_NEGPULSE_1S,1876,0.69074,0.72,3.73991,3.61291,3.86692,254.01
BOOST_NEGPULSE_1S,1876,0.69074,0.73,3.74837,3.62125,3.8755,254.24
BOOST_NEGPULSE_1S,1876,0.69074,0.74,3.75688,3.62974,3.88401,254.27
BOOST_NEGPULSE_1S,1876,0.69074,0.75,3.7655,3.63844,3.89256,254.12
BOOST_NEGPULSE_1S,1876,0.69074,0.76,3.77438,3.64736,3.9014,254.04
BOOST_NEGPULSE_1S,1876,0.69074,0.77,3.78375,3.65665,3.91084,254.19
BOOST_NEGPULSE_1S,1876,0.69074,0.78,3.79371,3.66629,3.92112,254.82
BOOST_NEGPULSE_1S,1876,0.69074,0.79,3.80431,3.67648,3.93215,255.68
BOOST_NEGPULSE_1S,1876,0.69074,0.8,3.81543,3.68703,3.94382,256.8
BOOST_NEGPULSE_1S,1876,0.69074,0.81,3.82707,3.69811,3.95603,257.93
BOOST_NEGPULSE_1S,1876,0.69074,0.82,3.83916,3.70974,3.96858,258.84
BOOST_NEGPULSE_1S,1876,0.69074,0.83,3.85162,3.72182,3.98142,259.61
BOOST_NEGPULSE_1S,1876,0.69074,0.84,3.86442,3.73439,3.99445,260.05
BOOST_NEGPULSE_1S,1876,0.69074,0.85,3.87753,3.74729,4.00776,260.47
BOOST_NEGPULSE_1S,1876,0.69074,0.86,3.89089,3.76054,4.02124,260.7
BOOST_NEGPULSE_1S,1876,0.69074,0.87,3.90444,3.77404,4.03484,260.81
BOOST_NEGPULSE_1S,1876,0.69074,0.88,3.91797,3.78769,4.04826,260.57
BOOST_NEGPULSE_1S,1876,0.69074,0.89,3.93141,3.80166,4.06117,259.51
BOOST_NEGPULSE_1S,1876,0.69074,0.9,3.94463,3.81581,4.07346,257.65
BOOST_NEGPULSE_1S,1876,0.69074,0.91,3.95718,3.82998,4.08437,254.39
BOOST_NEGPULSE_1S,1876,0.69074,0.92,3.96877,3.84432,4.09322,248.91
BOOST_NEGPULSE_1S,1876,0.69074,0.93,3.98049,3.85899,4.10198,243.0
BOOST_NEGPULSE_1S,1876,0.69074,0.94,3.99299,3.87432,4.11165,237.33
BOOST_NEGPULSE_1S,1876,0.69074,0.95,4.00632,3.89007,4.12256,232.49
BOOST_NEGPULSE_1S,1876,0.69074,0.96,4.02058,3.90658,4.13458,228.0
BOOST_NEGPULSE_1S,1876,0.69074,0.97,4.03661,3.92566,4.14755,221.88
BOOST_NEGPULSE_1S,1876,0.69074,0.98,4.05543,3.94962,4.16124,211.62
BOOST_NEGPULSE_1S,1876,0.69074,0.99,4.0782,3.9811,4.1753,194.2
CC_CELL2,1,1.0,0.01,2.99891,2.93648,3.06134,124.86
CC_CELL2,1,1.0,0.02,3.12502,3.07789,3.17215,94.26
CC_CELL2,1,1.0,0.03,3.21103,3.17235,3.24971,77.36
CC_CELL2,1,1.0,0.04,3.27684,3.24426,3.30941,65.16
CC_CELL2,1,1.0,0.05,3.32881,3.30175,3.35586,54.11
CC_CELL2,1,1.0,0.06,3.35969,3.33848,3.3809,42.42
CC_CELL2,1,1.0,0.07,3.37426,3.3576,3.39092,33.32
CC_CELL2,1,1.0,0.08,3.38533,3.37098,3.39969,28.71
CC_CELL2,1,1.0,0.09,3.39478,3.38178,3.40779,26.01
CC_CELL2,1,1.0,0.1,3.40332,3.39088,3.41575,24.87
CC_CELL2,1,1.0,0.11,3.41095,3.39871,3.4232,24.49
CC_CELL2,1,1.0,0.12,3.41836,3.40567,3.43105,25.37
CC_CELL2,1,1.0,0.13,3.42588,3.41211,3.43965,27.54
CC_CELL2,1,1.0,0.14,3.43396,3.41851,3.44941,30.9
CC_CELL2,1,1.0,0.15,3.44367,3.42708,3.46025,33.17
CC_CELL2,1,1.0,0.16,3.45663,3.44115,3.47211,30.96
CC_CELL2,1,1.0,0.17,3.46925,3.45468,3.48381,29.13
CC_CELL2,1,1.0,0.18,3.48107,3.46728,3.49486,27.58
CC_CELL2,1,1.0,0.19,3.49348,3.48005,3.50691,26.86
CC_CELL2,1,1.0,0.2,3.50528,3.49158,3.51898,27.4
CC_CELL2,1,1.0,0.21,3.51527,3.5015,3.52903,27.52
CC_CELL2,1,1.0,0.22,3.52533,3.51068,3.53998,29.31
CC_CELL2,1,1.0,0.23,3.53638,3.52048,3.55229,31.82
CC_CELL2,1,1.0,0.24,3.54699,3.53018,3.5638,33.62
CC_CELL2,1,1.0,0.25,3.55574,3.53988,3.5716,31.73
CC_CELL2,1,1.0,0.26,3.56372,3.54863,3.5788,30.17
CC_CELL2,1,1.0,0.27,3.57137,3.55673,3.58601,29.28
CC_CELL2,1,1.0,0.28,3.57887,3.56473,3.59301,28.27
CC_CELL2,1,1.0,0.29,3.58576,3.572,3.59951,27.51
CC_CELL2,1,1.0,0.3,3.59262,3.57923,3.60601,26.78
CC_CELL2,1,1.0,0.31,3.59923,3.5865,3.61196,25.46
CC_CELL2,1,1.0,0.32,3.6057,3.59318,3.61822,25.04
CC_CELL2,1,1.0,0.33,3.61199,3.59976,3.62421,24.46
CC_CELL2,1,1.0,0.34,3.61813,3.60618,3.63007,23.89
CC_CELL2,1,1.0,0.35,3.6242,3.61218,3.63622,24.04
CC_CELL2,1,1.0,0.36,3.63017,3.61826,3.64208,23.82
CC_CELL2,1,1.0,0.37,3.63628,3.62428,3.64828,24.0
CC_CELL2,1,1.0,0.38,3.64219,3.6302,3.65418,23.98
CC_CELL2,1,1.0,0.39,3.64845,3.6363,3.66059,24.29
CC_CELL2,1,1.0,0.4,3.65489,3.64276,3.66702,24.27
CC_CELL2,1,1.0,0.41,3.66141,3.64926,3.67356,24.3
CC_CELL2,1,1.0,0.42,3.66815,3.65578,3.68052,24.74
CC_CELL2,1,1.0,0.43,3.67535,3.66301,3.6877,24.69
CC_CELL2,1,1.0,0.44,3.68276,3.6703,3.69522,24.92
CC_CELL2,1,1.0,0.45,3.69073,3.67814,3.70332,25.18
CC_CELL2,1,1.0,0.46,3.69892,3.68636,3.71148,25.12
CC_CELL2,1,1.0,0.47,3.70754,3.69466,3.72042,25.76
CC_CELL2,1,1.0,0.48,3.71647,3.70356,3.72938,25.82
CC_CELL2,1,1.0,0.49,3.72585,3.71286,3.73884,25.98
CC_CELL2,1,1.0,0.5,3.73521,3.72204,3.74838,26.34
CC_CELL2,1,1.0,0.51,3.74479,3.7316,3.75798,26.38
CC_CELL2,1,1.0,0.52,3.75435,3.74088,3.76782,26.94
CC_CELL2,1,1.0,0.53,3.76389,3.7503,3.77748,27.18
CC_CELL2,1,1.0,0.54,3.77335,3.75946,3.78724,27.78
CC_CELL2,1,1.0,0.55,3.78275,3.76857,3.79692,28.35
CC_CELL2,1,1.0,0.56,3.79238,3.77806,3.80671,28.66
CC_CELL2,1,1.0,0.57,3.80224,3.7874,3.81708,29.67
CC_CELL2,1,1.0,0.58,3.81267,3.79746,3.82788,30.42
CC_CELL2,1,1.0,0.59,3.82427,3.80834,3.8402,31.86
CC_CELL2,1,1.0,0.6,3.83665,3.81966,3.85364,33.98
CC_CELL2,1,1.0,0.61,3.84897,3.83191,3.86604,34.13
CC_CELL2,1,1.0,0.62,3.86054,3.84454,3.87655,32.01
CC_CELL2,1,1.0,0.63,3.87116,3.85637,3.88595,29.58
CC_CELL2,1,1.0,0.64,3.88051,3.86734,3.89368,26.34
CC_CELL2,1,1.0,0.65,3.88868,3.87662,3.90075,24.13
CC_CELL2,1,1.0,0.66,3.89604,3.88493,3.90716,22.23
CC_CELL2,1,1.0,0.67,3.90299,3.89259,3.91338,20.79
CC_CELL2,1,1.0,0.68,3.90967,3.89965,3.91968,20.03
CC_CELL2,1,1.0,0.69,3.91631,3.90673,3.92588,19.16
CC_CELL2,1,1.0,0.7,3.92363,3.91433,3.93292,18.59
CC_CELL2,1,1.0,0.71,3.93119,3.92212,3.94027,18.15
CC_CELL2,1,1.0,0.72,3.93973,3.93079,3.94868,17.89
CC_CELL2,1,1.0,0.73,3.94881,3.93992,3.95771,17.79
CC_CELL2,1,1.0,0.74,3.95876,3.9499,3.96761,17.71
CC_CELL2,1,1.0,0.75,3.96968,3.96091,3.97844,17.54
CC_CELL2,1,1.0,0.76,3.98106,3.97231,3.98981,17.5
CC_CELL2,1,1.0,0.77,3.99334,3.98459,4.00208,17.49
CC_CELL2,1,1.0,0.78,4.00568,3.99719,4.01418,16.99
CC_CELL2,1,1.0,0.79,4.01789,4.00933,4.02645,17.12
CC_CELL2,1,1.0,0.8,4.02967,4.0213,4.03804,16.75
CC_CELL2,1,1.0,0.81,4.04056,4.03215,4.04898,16.83
CC_CELL2,1,1.0,0.82,4.05084,4.04234,4.05934,17.01
CC_CELL2,1,1.0,0.83,4.05978,4.05135,4.06821,16.86
CC_CELL2,1,1.0,0.84,4.06695,4.05847,4.07544,16.97
CC_CELL2,1,1.0,0.85,4.07241,4.06397,4.08086,16.89
CC_CELL2,1,1.0,0.86,4.07579,4.0674,4.08417,16.77
CC_CELL2,1,1.0,0.87,4.07846,4.07018,4.08674,16.56
CC_CELL2,1,1.0,0.88,4.08092,4.07259,4.08924,16.65
CC_CELL2,1,1.0,0.89,4.08312,4.0748,4.09144,16.65
CC_CELL2,1,1.0,0.9,4.08582,4.07749,4.09414,16.65
CC_CELL2,1,1.0,0.91,4.08847,4.0801,4.09684,16.75
CC_CELL2,1,1.0,0.92,4.09185,4.08339,4.10032,16.93
CC_CELL2,1,1.0,0.93,4.09579,4.08749,4.10409,16.6
CC_CELL2,1,1.0,0.94,4.10071,4.09229,4.10913,16.84
CC_CELL2,1,1.0,0.95,4.10684,4.09849,4.11519,16.7
CC_CELL2,1,1.0,0.96,4.11499,4.10698,4.123,16.02
CC_CELL2,1,1.0,0.97,4.12552,4.11759,4.13345,15.86
CC_CELL2,1,1.0,0.98,4.13942,4.13208,4.14676,14.68
CC_CELL2,1,1.0,0.99,4.15779,4.15129,4.16429,13.01
CC_CELL2,76,0.98076,0.01,2.90015,2.82186,2.97845,156.6
CC_CELL2,76,0.98076,0.02,3.07197,3.02099,3.12294,101.96
CC_CELL2,76,0.98076,0.03,3.1745,3.13389,3.21511,81.21
CC_CELL2,76,0.98076,0.04,3.24961,3.21564,3.28357,67.93
CC_CELL2,76,0.98076,0.05,3.30864,3.28003,3.33725,57.22
CC_CELL2,76,0.98076,0.06,3.34988,3.3252,3.37456,49.36
CC_CELL2,76,0.98076,0.07,3.37015,3.35049,3.3898,39.31
CC_CELL2,76,0.98076,0.08,3.38307,3.36648,3.39967,33.19
CC_CELL2,76,0.98076,0.09,3.39366,3.37885,3.40847,29.62
CC_CELL2,76,0.98076,0.1,3.40259,3.38871,3.41647,27.76
CC_CELL2,76,0.98076,0.11,3.41046,3.39708,3.42384,26.76
CC_CELL2,76,0.98076,0.12,3.41806,3.40468,3.43144,26.76
CC_CELL2,76,0.98076,0.13,3.42532,3.41141,3.43924,27.83
CC_CELL2,76,0.98076,0.14,3.43338,3.41848,3.44828,29.8
CC_CELL2,76,0.98076,0.15,3.44261,3.42684,3.45838,31.53
CC_CELL2,76,0.98076,0.16,3.45435,3.43912,3.46958,30.47
CC_CELL2,76,0.98076,0.17,3.46686,3.45225,3.48148,29.23
CC_CELL2,76,0.98076,0.18,3.47862,3.46425,3.49299,28.74
CC_CELL2,76,0.98076,0.19,3.49083,3.47675,3.50492,28.17
CC_CELL2,76,0.98076,0.2,3.50262,3.48818,3.51706,28.88
CC_CELL2,76,0.98076,0.21,3.5132,3.49835,3.52805,29.7
CC_CELL2,76,0.98076,0.22,3.52329,3.5078,3.53878,30.98
CC_CELL2,76,0.98076,0.23,3.53384,3.51708,3.5506,33.52
CC_CELL2,76,0.98076,0.24,3.54455,3.52688,3.56222,35.35
CC_CELL2,76,0.98076,0.25,3.55397,3.53638,3.57155,35.18
CC_CELL2,76,0.98076,0.26,3.5626,3.54585,3.57935,33.51
CC_CELL2,76,0.98076,0.27,3.57078,3.5547,3.58686,32.15
CC_CELL2,76,0.98076,0.28,3.57844,3.56283,3.59406,31.23
CC_CELL2,76,0.98076,0.29,3.58583,3.5708,3.60085,30.04
CC_CELL2,76,0.98076,0.3,3.59269,3.57816,3.60722,29.06
CC_CELL2,76,0.98076,0.31,3.59963,3.5857,3.61355,27.84
CC_CELL2,76,0.98076,0.32,3.60609,3.59269,3.61949,26.8
CC_CELL2,76,0.98076,0.33,3.61252,3.59936,3.62569,26.33
CC_CELL2,76,0.98076,0.34,3.61886,3.60603,3.63168,25.65
CC_CELL2,76,0.98076,0.35,3.62491,3.61227,3.63754,25.27
CC_CELL2,76,0.98076,0.36,3.63111,3.61853,3.64368,25.15
CC_CELL2,76,0.98076,0.37,3.63718,3.6246,3.64976,25.16
CC_CELL2,76,0.98076,0.38,3.64334,3.63078,3.6559,25.12
CC_CELL2,76,0.98076,0.39,3.64989,3.63728,3.6625,25.22
CC_CELL2,76,0.98076,0.4,3.65637,3.64368,3.66906,25.38
CC_CELL2,76,0.98076,0.41,3.66309,3.65043,3.67574,25.31
CC_CELL2,76,0.98076,0.42,3.67023,3.65738,3.68308,25.7
CC_CELL2,76,0.98076,0.43,3.67765,3.66476,3.69054,25.78
CC_CELL2,76,0.98076,0.44,3.68541,3.67223,3.69858,26.35
CC_CELL2,76,0.98076,0.45,3.69365,3.68041,3.7069,26.49
CC_CELL2,76,0.98076,0.46,3.70218,3.68878,3.71558,26.8
CC_CELL2,76,0.98076,0.47,3.71134,3.69776,3.72492,27.16
CC_CELL2,76,0.98076,0.48,3.72052,3.70678,3.73426,27.48
CC_CELL2,76,0.98076,0.49,3.73026,3.71636,3.74416,27.8
CC_CELL2,76,0.98076,0.5,3.73991,3.72583,3.75398,28.15
CC_CELL2,76,0.98076,0.51,3.7496,3.7355,3.7637,28.2
CC_CELL2,76,0.98076,0.52,3.75926,3.74498,3.77354,28.56
CC_CELL2,76,0.98076,0.53,3.76882,3.75444,3.7832,28.76
CC_CELL2,76,0.98076,0.54,3.77835,3.76368,3.79302,29.34
CC_CELL2,76,0.98076,0.55,3.78774,3.77296,3.80252,29.56
CC_CELL2,76,0.98076,0.56,3.79747,3.78254,3.8124,29.86
CC_CELL2,76,0.98076,0.57,3.80726,3.79204,3.82248,30.44
CC_CELL2,76,0.98076,0.58,3.81779,3.80262,3.83296,30.34
CC_CELL2,76,0.98076,0.59,3.829,3.8136,3.8444,30.8
CC_CELL2,76,0.98076,0.6,3.84117,3.82584,3.8565,30.66
CC_CELL2,76,0.98076,0.61,3.85361,3.83864,3.86858,29.94
CC_CELL2,76,0.98076,0.62,3.8655,3.85151,3.87948,27.98
CC_CELL2,76,0.98076,0.63,3.87602,3.86307,3.88896,25.89
CC_CELL2,76,0.98076,0.64,3.88512,3.87307,3.89716,24.09
CC_CELL2,76,0.98076,0.65,3.89303,3.88189,3.90416,22.28
CC_CELL2,76,0.98076,0.66,3.90025,3.88959,3.91092,21.33
CC_CELL2,76,0.98076,0.67,3.90702,3.89691,3.91713,20.22
CC_CELL2,76,0.98076,0.68,3.91368,3.9039,3.92346,19.57
CC_CELL2,76,0.98076,0.69,3.92079,3.91111,3.93046,19.35
CC_CELL2,76,0.98076,0.7,3.92825,3.91859,3.93791,19.32
CC_CELL2,76,0.98076,0.71,3.93646,3.9269,3.94601,19.1
CC_CELL2,76,0.98076,0.72,3.94537,3.93561,3.95514,19.53
CC_CELL2,76,0.98076,0.73,3.95538,3.9456,3.96516,19.56
CC_CELL2,76,0.98076,0.74,3.96607,3.95612,3.97603,19.91
CC_CELL2,76,0.98076,0.75,3.97767,3.96759,3.98775,20.16
CC_CELL2,76,0.98076,0.76,3.98993,3.97989,3.99998,20.1
CC_CELL2,76,0.98076,0.77,4.00255,3.99232,4.01278,20.46
CC_CELL2,76,0.98076,0.78,4.0151,4.005,4.0252,20.19
CC_CELL2,76,0.98076,0.79,4.02742,4.01751,4.03734,19.83
CC_CELL2,76,0.98076,0.8,4.03861,4.02872,4.0485,19.78
CC_CELL2,76,0.98076,0.81,4.04936,4.03953,4.05918,19.65
CC_CELL2,76,0.98076,0.82,4.0587,4.04905,4.06834,19.29
CC_CELL2,76,0.98076,0.83,4.06664,4.05754,4.07574,18.2
CC_CELL2,76,0.98076,0.84,4.07231,4.06358,4.08105,17.47
CC_CELL2,76,0.98076,0.85,4.07596,4.06777,4.08414,16.37
CC_CELL2,76,0.98076,0.86,4.0787,4.0705,4.0869,16.4
CC_CELL2,76,0.98076,0.87,4.08094,4.07289,4.089,16.11
CC_CELL2,76,0.98076,0.88,4.08334,4.07529,4.0914,16.1
CC_CELL2,76,0.98076,0.89,4.08577,4.0775,4.09405,16.55
CC_CELL2,76,0.98076,0.9,4.08855,4.08029,4.0968,16.51
CC_CELL2,76,0.98076,0.91,4.09169,4.08329,4.10009,16.8
CC_CELL2,76,0.98076,0.92,4.09532,4.08679,4.10384,17.05
CC_CELL2,76,0.98076,0.93,4.10004,4.09139,4.10869,17.3
CC_CELL2,76,0.98076,0.94,4.10581,4.09679,4.11484,18.05
CC_CELL2,76,0.98076,0.95,4.11341,4.10429,4.12254,18.25
CC_CELL2,76,0.98076,0.96,4.12313,4.11369,4.13258,18.89
CC_CELL2,76,0.98076,0.97,4.13618,4.12658,4.14578,19.19
CC_CELL2,76,0.98076,0.98,4.1533,4.14349,4.16312,19.63
CC_CELL2,76,0.98076,0.99,4.17528,4.16559,4.18496,19.37
CC_CELL2,151,0.96596,0.02,2.7868,2.65679,2.91682,260.03
CC_CELL2,151,0.96596,0.03,3.03598,2.97898,3.09298,114.01
CC_CELL2,151,0.96596,0.04,3.15165,3.10722,3.19608,88.86
CC_CELL2,151,0.96596,0.05,3.23289,3.19594,3.26984,73.89
CC_CELL2,151,0.96596,0.06,3.29484,3.26275,3.32694,64.19
CC_CELL2,151,0.96596,0.07,3.33857,3.3085,3.36864,60.14
CC_CELL2,151,0.96596,0.08,3.36222,3.33786,3.38659,48.73
CC_CELL2,151,0.96596,0.09,3.37836,3.35842,3.39831,39.89
CC_CELL2,151,0.96596,0.1,3.39103,3.37376,3.40831,34.55
CC_CELL2,151,0.96596,0.11,3.40132,3.3855,3.41713,31.62
CC_CELL2,151,0.96596,0.12,3.41017,3.39512,3.42523,30.12
CC_CELL2,151,0.96596,0.13,3.41867,3.4039,3.43343,29.52
CC_CELL2,151,0.96596,0.14,3.42668,3.41182,3.44154,29.73
CC_CELL2,151,0.96596,0.15,3.43528,3.42033,3.45024,29.91
CC_CELL2,151,0.96596,0.16,3.44466,3.4293,3.46001,30.71
CC_CELL2,151,0.96596,0.17,3.45549,3.44027,3.47072,30.45
CC_CELL2,151,0.96596,0.18,3.467,3.45209,3.48192,29.82
CC_CELL2,151,0.96596,0.19,3.47894,3.46408,3.4938,29.72
CC_CELL2,151,0.96596,0.2,3.49072,3.4758,3.50564,29.83
CC_CELL2,151,0.96596,0.21,3.50205,3.48669,3.51742,30.72
CC_CELL2,151,0.96596,0.22,3.51301,3.49719,3.52882,31.63
CC_CELL2,151,0.96596,0.23,3.52357,3.507,3.54013,33.13
CC_CELL2,151,0.96596,0.24,3.53425,3.51689,3.55162,34.72
CC_CELL2,151,0.96596,0.25,3.54429,3.52664,3.56195,35.31
CC_CELL2,151,0.96596,0.26,3.55369,3.53594,3.57144,35.5
CC_CELL2,151,0.96596,0.27,3.56288,3.54544,3.58033,34.9
CC_CELL2,151,0.96596,0.28,3.57115,3.55414,3.58816,34.03
CC_CELL2,151,0.96596,0.29,3.57915,3.56274,3.59556,32.82
CC_CELL2,151,0.96596,0.3,3.58666,3.57076,3.60256,31.8
CC_CELL2,151,0.96596,0.31,3.59414,3.57874,3.60955,30.81
CC_CELL2,151,0.96596,0.32,3.60097,3.58607,3.61586,29.8
CC_CELL2,151,0.96596,0.33,3.60785,3.59335,3.62236,29.0
CC_CELL2,151,0.96596,0.34,3.61436,3.60025,3.62847,28.22
CC_CELL2,151,0.96596,0.35,3.62071,3.60685,3.63456,27.71
CC_CELL2,151,0.96596,0.36,3.62731,3.61376,3.64086,27.1
CC_CELL2,151,0.96596,0.37,3.63356,3.62026,3.64686,26.6
CC_CELL2,151,0.96596,0.38,3.64015,3.62695,3.65334,26.39
CC_CELL2,151,0.96596,0.39,3.64646,3.63336,3.65957,26.21
CC_CELL2,151,0.96596,0.4,3.653,3.63985,3.66615,26.3
CC_CELL2,151,0.96596,0.41,3.65992,3.64668,3.67315,26.47
CC_CELL2,151,0.96596,0.42,3.66681,3.65357,3.68005,26.48
CC_CELL2,151,0.96596,0.43,3.67431,3.66088,3.68774,26.87
CC_CELL2,151,0.96596,0.44,3.68202,3.66838,3.69565,27.27
CC_CELL2,151,0.96596,0.45,3.69016,3.67647,3.70384,27.38
CC_CELL2,151,0.96596,0.46,3.69881,3.68478,3.71284,28.06
CC_CELL2,151,0.96596,0.47,3.70775,3.69366,3.72184,28.17
CC_CELL2,151,0.96596,0.48,3.7171,3.70268,3.73152,28.84
CC_CELL2,151,0.96596,0.49,3.7267,3.71226,3.74114,28.88
CC_CELL2,151,0.96596,0.5,3.7365,3.72187,3.75113,29.26
CC_CELL2,151,0.96596,0.51,3.74635,3.73157,3.76114,29.57
CC_CELL2,151,0.96596,0.52,3.7562,3.74146,3.77094,29.48
CC_CELL2,151,0.96596,0.53,3.7659,3.75087,3.78093,30.06
CC_CELL2,151,0.96596,0.54,3.77547,3.76027,3.79067,30.4
CC_CELL2,151,0.96596,0.55,3.78517,3.76997,3.80037,30.4
CC_CELL2,151,0.96596,0.56,3.79486,3.77937,3.81036,30.99
CC_CELL2,151,0.96596,0.57,3.80476,3.78916,3.82036,31.2
CC_CELL2,151,0.96596,0.58,3.81486,3.79926,3.83046,31.2
CC_CELL2,151,0.96596,0.59,3.82556,3.80986,3.84126,31.4
CC_CELL2,151,0.96596,0.6,3.83676,3.82145,3.85206,30.61
CC_CELL2,151,0.96596,0.61,3.84777,3.83287,3.86267,29.8
CC_CELL2,151,0.96596,0.62,3.85901,3.84456,3.87346,28.9
CC_CELL2,151,0.96596,0.63,3.86962,3.85616,3.88308,26.91
CC_CELL2,151,0.96596,0.64,3.87942,3.86656,3.89227,25.7
CC_CELL2,151,0.96596,0.65,3.88847,3.87636,3.90058,24.22
CC_CELL2,151,0.96596,0.66,3.89654,3.88508,3.908,22.92
CC_CELL2,151,0.96596,0.67,3.90408,3.89297,3.9152,22.23
CC_CELL2,151,0.96596,0.68,3.91118,3.90057,3.9218,21.23
CC_CELL2,151,0.96596,0.69,3.91849,3.90798,3.929,21.02
CC_CELL2,151,0.96596,0.7,3.92589,3.91538,3.9364,21.02
CC_CELL2,151,0.96596,0.71,3.93398,3.92366,3.9443,20.64
CC_CELL2,151,0.96596,0.72,3.94305,3.93248,3.95363,21.16
CC_CELL2,151,0.96596,0.73,3.95285,3.94226,3.96343,21.17
CC_CELL2,151,0.96596,0.74,3.96336,3.95257,3.97414,21.57
CC_CELL2,151,0.96596,0.75,3.97507,3.96406,3.98607,22.01
CC_CELL2,151,0.96596,0.76,3.98717,3.97616,3.99818,22.02
CC_CELL2,151,0.96596,0.77,3.99973,3.98866,4.0108,22.14
CC_CELL2,151,0.96596,0.78,4.01262,4.00156,4.02368,22.12
CC_CELL2,151,0.96596,0.79,4.0248,4.01387,4.03573,21.86
CC_CELL2,151,0.96596,0.8,4.03669,4.02586,4.04751,21.64
CC_CELL2,151,0.96596,0.81,4.04743,4.03677,4.05808,21.31
CC_CELL2,151,0.96596,0.82,4.05705,4.04667,4.06743,20.75
CC_CELL2,151,0.96596,0.83,4.06534,4.05547,4.0752,19.72
CC_CELL2,151,0.96596,0.84,4.07138,4.06219,4.08056,18.38
CC_CELL2,151,0.96596,0.85,4.07506,4.06649,4.08362,17.13
CC_CELL2,151,0.96596,0.86,4.07778,4.06959,4.08598,16.39
CC_CELL2,151,0.96596,0.87,4.08006,4.0717,4.08842,16.72
CC_CELL2,151,0.96596,0.88,4.08236,4.07409,4.09062,16.53
CC_CELL2,151,0.96596,0.89,4.0847,4.0764,4.093,16.6
CC_CELL2,151,0.96596,0.9,4.08718,4.07869,4.09567,16.98
CC_CELL2,151,0.96596,0.91,4.09035,4.08169,4.099,17.3
CC_CELL2,151,0.96596,0.92,4.09383,4.0847,4.10297,18.28
CC_CELL2,151,0.96596,0.93,4.09829,4.08899,4.1076,18.6
CC_CELL2,151,0.96596,0.94,4.10369,4.09389,4.11349,19.6
CC_CELL2,151,0.96596,0.95,4.11116,4.10099,4.12132,20.33
CC_CELL2,151,0.96596,0.96,4.12056,4.10979,4.13132,21.53
CC_CELL2,151,0.96596,0.97,4.13318,4.12209,4.14426,22.18
CC_CELL2,151,0.96596,0.98,4.15002,4.13849,4.16155,23.05
CC_CELL2,151,0.96596,0.99,4.17184,4.16029,4.18339,23.1
CC_CELL2,226,0.94718,0.04,2.93307,2.85639,3.00975,153.36
CC_CELL2,226,0.94718,0.05,3.09044,3.03711,3.14378,106.66
CC_CELL2,226,0.94718,0.06,3.18835,3.145,3.2317,86.7
CC_CELL2,226,0.94718,0.07,3.26007,3.22276,3.29738,74.62
CC_CELL2,226,0.94718,0.08,3.3137,3.27858,3.34883,70.25
CC_CELL2,226,0.94718,0.09,3.34658,3.31468,3.37848,63.8
CC_CELL2,226,0.94718,0.1,3.3667,3.34092,3.39249,51.57
CC_CELL2,226,0.94718,0.11,3.38226,3.36082,3.40369,42.87
CC_CELL2,226,0.94718,0.12,3.3947,3.376,3.4134,37.4
CC_CELL2,226,0.94718,0.13,3.40517,3.38792,3.42241,34.49
CC_CELL2,226,0.94718,0.14,3.41437,3.39812,3.43061,32.49
CC_CELL2,226,0.94718,0.15,3.42285,3.40708,3.43861,31.53
CC_CELL2,226,0.94718,0.16,3.43143,3.41584,3.44702,31.18
CC_CELL2,226,0.94718,0.17,3.44032,3.42472,3.45592,31.2
CC_CELL2,226,0.94718,0.18,3.44994,3.43424,3.46563,31.39
CC_CELL2,226,0.94718,0.19,3.46078,3.44502,3.47654,31.52
CC_CELL2,226,0.94718,0.2,3.47251,3.45708,3.48794,30.86
CC_CELL2,226,0.94718,0.21,3.48443,3.4689,3.49995,31.05
CC_CELL2,226,0.94718,0.22,3.49579,3.47974,3.51184,32.1
CC_CELL2,226,0.94718,0.23,3.50689,3.49052,3.52326,32.74
CC_CELL2,226,0.94718,0.24,3.51796,3.50077,3.53515,34.38
CC_CELL2,226,0.94718,0.25,3.52871,3.51104,3.54638,35.34
CC_CELL2,226,0.94718,0.26,3.53883,3.52077,3.55688,36.11
CC_CELL2,226,0.94718,0.27,3.54843,3.53017,3.56668,36.51
CC_CELL2,226,0.94718,0.28,3.55778,3.53957,3.57598,36.41
CC_CELL2,226,0.94718,0.29,3.56644,3.5484,3.58448,36.07
CC_CELL2,226,0.94718,0.3,3.57488,3.55736,3.5924,35.04
CC_CELL2,226,0.94718,0.31,3.58275,3.56562,3.59988,34.26
CC_CELL2,226,0.94718,0.32,3.59024,3.57369,3.6068,33.11
CC_CELL2,226,0.94718,0.33,3.59762,3.5816,3.61363,32.02
CC_CELL2,226,0.94718,0.34,3.60464,3.58892,3.62036,31.44
CC_CELL2,226,0.94718,0.35,3.6114,3.59619,3.6266,30.42
CC_CELL2,226,0.94718,0.36,3.61803,3.60314,3.63293,29.8
CC_CELL2,226,0.94718,0.37,3.62473,3.61007,3.6394,29.32
CC_CELL2,226,0.94718,0.38,3.63106,3.61662,3.6455,28.88
CC_CELL2,226,0.94718,0.39,3.63753,3.62329,3.65177,28.48
CC_CELL2,226,0.94718,0.4,3.64405,3.62974,3.65837,28.63
CC_CELL2,226,0.94718,0.41,3.6506,3.63643,3.66477,28.34
CC_CELL2,226,0.94718,0.42,3.65748,3.64324,3.67172,28.48
CC_CELL2,226,0.94718,0.43,3.66446,3.64993,3.67899,29.06
CC_CELL2,226,0.94718,0.44,3.67182,3.65732,3.68632,29.01
CC_CELL2,226,0.94718,0.45,3.67961,3.66483,3.69439,29.56
CC_CELL2,226,0.94718,0.46,3.68791,3.6731,3.70272,29.61
CC_CELL2,226,0.94718,0.47,3.69644,3.68153,3.71135,29.82
CC_CELL2,226,0.94718,0.48,3.70554,3.69042,3.72066,30.24
CC_CELL2,226,0.94718,0.49,3.71501,3.6997,3.73032,30.62
CC_CELL2,226,0.94718,0.5,3.72452,3.70903,3.74002,30.99
CC_CELL2,226,0.94718,0.51,3.73439,3.71869,3.7501,31.4
CC_CELL2,226,0.94718,0.52,3.74442,3.7286,3.76024,31.64
CC_CELL2,226,0.94718,0.53,3.75433,3.73832,3.77035,32.04
CC_CELL2,226,0.94718,0.54,3.76414,3.748,3.78028,32.28
CC_CELL2,226,0.94718,0.55,3.77406,3.75789,3.79024,32.34
CC_CELL2,226,0.94718,0.56,3.78372,3.76742,3.80003,32.62
CC_CELL2,226,0.94718,0.57,3.79366,3.77729,3.81002,32.73
CC_CELL2,226,0.94718,0.58,3.80355,3.78713,3.81996,32.84
CC_CELL2,226,0.94718,0.59,3.81383,3.79734,3.83032,32.98
CC_CELL2,226,0.94718,0.6,3.82427,3.80784,3.8407,32.87
CC_CELL2,226,0.94718,0.61,3.83474,3.81863,3.85085,32.22
CC_CELL2,226,0.94718,0.62,3.84507,3.82914,3.861,31.87
CC_CELL2,226,0.94718,0.63,3.85538,3.83963,3.87114,31.51
CC_CELL2,226,0.94718,0.64,3.86552,3.85043,3.88062,30.19
CC_CELL2,226,0.94718,0.65,3.87539,3.86084,3.88994,29.1
CC_CELL2,226,0.94718,0.66,3.88523,3.87162,3.89885,27.23
CC_CELL2,226,0.94718,0.67,3.89403,3.88134,3.90672,25.38
CC_CELL2,226,0.94718,0.68,3.90238,3.89044,3.91431,23.87
CC_CELL2,226,0.94718,0.69,3.90986,3.89825,3.92147,23.23
CC_CELL2,226,0.94718,0.7,3.91726,3.90575,3.92878,23.03
CC_CELL2,226,0.94718,0.71,3.92495,3.91366,3.93624,22.58
CC_CELL2,226,0.94718,0.72,3.93312,3.92166,3.94458,22.92
CC_CELL2,226,0.94718,0.73,3.94215,3.93055,3.95375,23.2
CC_CELL2,226,0.94718,0.74,3.9519,3.94035,3.96345,23.1
CC_CELL2,226,0.94718,0.75,3.96255,3.95054,3.97456,24.02
CC_CELL2,226,0.94718,0.76,3.97407,3.96193,3.98621,24.27
CC_CELL2,226,0.94718,0.77,3.98619,3.97375,3.99864,24.89
CC_CELL2,226,0.94718,0.78,3.99897,3.98634,4.0116,25.26
CC_CELL2,226,0.94718,0.79,4.01158,3.99904,4.02412,25.08
CC_CELL2,226,0.94718,0.8,4.02432,4.01184,4.0368,24.96
CC_CELL2,226,0.94718,0.81,4.03606,4.02375,4.04837,24.62
CC_CELL2,226,0.94718,0.82,4.0469,4.03467,4.05914,24.47
CC_CELL2,226,0.94718,0.83,4.05673,4.04486,4.06859,23.72
CC_CELL2,226,0.94718,0.84,4.06518,4.05407,4.07629,22.22
CC_CELL2,226,0.94718,0.85,4.07122,4.06108,4.08135,20.27
CC_CELL2,226,0.94718,0.86,4.07523,4.06618,4.08428,18.09
CC_CELL2,226,0.94718,0.87,4.07798,4.06909,4.08688,17.78
CC_CELL2,226,0.94718,0.88,4.08034,4.07169,4.08899,17.29
CC_CELL2,226,0.94718,0.89,4.08254,4.0737,4.09138,17.68
CC_CELL2,226,0.94718,0.9,4.08508,4.07609,4.09408,17.98
CC_CELL2,226,0.94718,0.91,4.08769,4.0785,4.09688,18.38
CC_CELL2,226,0.94718,0.92,4.09097,4.08129,4.10064,19.35
CC_CELL2,226,0.94718,0.93,4.09473,4.08479,4.10468,19.88
CC_CELL2,226,0.94718,0.94,4.09927,4.0888,4.10975,20.96
CC_CELL2,226,0.94718,0.95,4.10526,4.09409,4.11643,22.33
CC_CELL2,226,0.94718,0.96,4.11271,4.10109,4.12433,23.23
CC_CELL2,226,0.94718,0.97,4.12243,4.10999,4.13487,24.87
CC_CELL2,226,0.94718,0.98,4.13563,4.1229,4.14837,25.47
CC_CELL2,226,0.94718,0.99,4.15335,4.1407,4.16601,25.31
CC_CELL2,301,0.94297,0.04,2.9863,2.9145,3.05811,143.61
CC_CELL2,301,0.94297,0.05,3.12015,3.0664,3.17389,107.49
CC_CELL2,301,0.94297,0.06,3.20919,3.16442,3.25396,89.54
CC_CELL2,301,0.94297,0.07,3.27472,3.2348,3.31464,79.83
CC_CELL2,301,0.94297,0.08,3.32223,3.28347,3.36099,77.53
CC_CELL2,301,0.94297,0.09,3.34959,3.3164,3.38278,66.38
CC_CELL2,301,0.94297,0.1,3.36888,3.34183,3.39594,54.11
CC_CELL2,301,0.94297,0.11,3.38464,3.36213,3.40715,45.02
CC_CELL2,301,0.94297,0.12,3.39727,3.37756,3.41698,39.42
CC_CELL2,301,0.94297,0.13,3.40796,3.38976,3.42616,36.39
CC_CELL2,301,0.94297,0.14,3.41734,3.40036,3.43431,33.95
CC_CELL2,301,0.94297,0.15,3.42609,3.40978,3.44241,32.63
CC_CELL2,301,0.94297,0.16,3.43491,3.41887,3.45094,32.07
CC_CELL2,301,0.94297,0.17,3.4441,3.42827,3.45994,31.67
CC_CELL2,301,0.94297,0.18,3.45399,3.43788,3.47011,32.24
CC_CELL2,301,0.94297,0.19,3.46503,3.44925,3.48082,31.56
CC_CELL2,301,0.94297,0.2,3.47667,3.46076,3.49257,31.8
CC_CELL2,301,0.94297,0.21,3.48828,3.47206,3.5045,32.44
CC_CELL2,301,0.94297,0.22,3.49941,3.48276,3.51605,33.28
CC_CELL2,301,0.94297,0.23,3.51043,3.49306,3.5278,34.74
CC_CELL2,301,0.94297,0.24,3.52151,3.50366,3.53935,35.69
CC_CELL2,301,0.94297,0.25,3.53205,3.51367,3.55043,36.76
CC_CELL2,301,0.94297,0.26,3.54186,3.52337,3.56035,36.99
CC_CELL2,301,0.94297,0.27,3.55132,3.53287,3.56976,36.89
CC_CELL2,301,0.94297,0.28,3.5604,3.54197,3.57884,36.87
CC_CELL2,301,0.94297,0.29,3.5692,3.55097,3.58743,36.46
CC_CELL2,301,0.94297,0.3,3.57739,3.55957,3.59521,35.64
CC_CELL2,301,0.94297,0.31,3.58547,3.56807,3.60286,34.79
CC_CELL2,301,0.94297,0.32,3.59287,3.57598,3.60976,33.78
CC_CELL2,301,0.94297,0.33,3.60023,3.58377,3.61669,32.93
CC_CELL2,301,0.94297,0.34,3.60721,3.59108,3.62334,32.26
CC_CELL2,301,0.94297,0.35,3.61397,3.59827,3.62967,31.4
CC_CELL2,301,0.94297,0.36,3.62082,3.60537,3.63627,30.9
CC_CELL2,301,0.94297,0.37,3.62731,3.61208,3.64254,30.46
CC_CELL2,301,0.94297,0.38,3.63401,3.61897,3.64904,30.07
CC_CELL2,301,0.94297,0.39,3.64044,3.62548,3.65541,29.94
CC_CELL2,301,0.94297,0.4,3.64703,3.63217,3.6619,29.72
CC_CELL2,301,0.94297,0.41,3.65385,3.63888,3.66881,29.93
CC_CELL2,301,0.94297,0.42,3.66091,3.64607,3.67574,29.67
CC_CELL2,301,0.94297,0.43,3.66838,3.65347,3.68329,29.82
CC_CELL2,301,0.94297,0.44,3.67598,3.66098,3.69099,30.02
CC_CELL2,301,0.94297,0.45,3.68405,3.66897,3.69912,30.15
CC_CELL2,301,0.94297,0.46,3.69242,3.67698,3.70786,30.88
CC_CELL2,301,0.94297,0.47,3.70128,3.68566,3.71689,31.23
CC_CELL2,301,0.94297,0.48,3.7105,3.69467,3.72632,31.65
CC_CELL2,301,0.94297,0.49,3.72003,3.70387,3.73619,32.32
CC_CELL2,301,0.94297,0.5,3.72996,3.71376,3.74616,32.4
CC_CELL2,301,0.94297,0.51,3.73989,3.7234,3.75639,32.99
CC_CELL2,301,0.94297,0.52,3.74988,3.7333,3.76646,33.16
CC_CELL2,301,0.94297,0.53,3.76001,3.7435,3.77652,33.02
CC_CELL2,301,0.94297,0.54,3.76988,3.7532,3.78656,33.36
CC_CELL2,301,0.94297,0.55,3.77976,3.7631,3.79642,33.32
CC_CELL2,301,0.94297,0.56,3.78983,3.7731,3.80656,33.46
CC_CELL2,301,0.94297,0.57,3.79969,3.783,3.81639,33.39
CC_CELL2,301,0.94297,0.58,3.81013,3.7935,3.82676,33.26
CC_CELL2,301,0.94297,0.59,3.82038,3.8038,3.83695,33.15
CC_CELL2,301,0.94297,0.6,3.83061,3.8143,3.84692,32.62
CC_CELL2,301,0.94297,0.61,3.84094,3.8248,3.85709,32.29
CC_CELL2,301,0.94297,0.62,3.85094,3.8353,3.86659,31.29
CC_CELL2,301,0.94297,0.63,3.86083,3.8456,3.87606,30.46
CC_CELL2,301,0.94297,0.64,3.87056,3.8558,3.88532,29.52
CC_CELL2,301,0.94297,0.65,3.87973,3.8655,3.89395,28.45
CC_CELL2,301,0.94297,0.66,3.88888,3.8753,3.90245,27.15
CC_CELL2,301,0.94297,0.67,3.89737,3.88459,3.91015,25.56
CC_CELL2,301,0.94297,0.68,3.90546,3.89309,3.91782,24.72
CC_CELL2,301,0.94297,0.69,3.91327,3.90139,3.92514,23.75
CC_CELL2,301,0.94297,0.7,3.92099,3.9092,3.93279,23.59
CC_CELL2,301,0.94297,0.71,3.92906,3.91719,3.94092,23.72
CC_CELL2,301,0.94297,0.72,3.93788,3.92589,3.94986,23.97
CC_CELL2,301,0.94297,0.73,3.94734,3.935,3.95969,24.69
CC_CELL2,301,0.94297,0.74,3.95768,3.94519,3.97016,24.97
CC_CELL2,301,0.94297,0.75,3.96882,3.95589,3.98174,25.85
CC_CELL2,301,0.94297,0.76,3.98075,3.96749,3.994,26.51
CC_CELL2,301,0.94297,0.77,3.99335,3.97989,4.0068,26.91
CC_CELL2,301,0.94297,0.78,4.00595,3.9924,4.0195,27.1
CC_CELL2,301,0.94297,0.79,4.01869,4.0052,4.03218,26.98
CC_CELL2,301,0.94297,0.8,4.03077,4.0172,4.04434,27.14
CC_CELL2,301,0.94297,0.81,4.04192,4.0285,4.05534,26.84
CC_CELL2,301,0.94297,0.82,4.05237,4.0392,4.06554,26.34
CC_CELL2,301,0.94297,0.83,4.06114,4.0485,4.07379,25.29
CC_CELL2,301,0.94297,0.84,4.06843,4.0569,4.07996,23.06
CC_CELL2,301,0.94297,0.85,4.0733,4.0631,4.0835,20.4
CC_CELL2,301,0.94297,0.86,4.0765,4.067,4.086,19.01
CC_CELL2,301,0.94297,0.87,4.07926,4.0699,4.08861,18.71
CC_CELL2,301,0.94297,0.88,4.08151,4.072,4.09101,19.01
CC_CELL2,301,0.94297,0.89,4.08398,4.0744,4.09356,19.16
CC_CELL2,301,0.94297,0.9,4.08664,4.0768,4.09648,19.68
CC_CELL2,301,0.94297,0.91,4.08949,4.0792,4.09978,20.58
CC_CELL2,301,0.94297,0.92,4.0931,4.0822,4.10399,21.79
CC_CELL2,301,0.94297,0.93,4.09741,4.0862,4.10862,22.42
CC_CELL2,301,0.94297,0.94,4.10287,4.0909,4.11485,23.95
CC_CELL2,301,0.94297,0.95,4.10972,4.0969,4.12254,25.64
CC_CELL2,301,0.94297,0.96,4.11874,4.1051,4.13238,27.28
CC_CELL2,301,0.94297,0.97,4.13044,4.1156,4.14528,29.68
CC_CELL2,301,0.94297,0.98,4.14599,4.1304,4.16158,31.18
CC_CELL2,301,0.94297,0.99,4.16662,4.1507,4.18254,31.84
CC_CELL2,376,0.93146,0.05,3.01269,2.92972,3.09566,165.94
CC_CELL2,376,0.93146,0.06,3.13726,3.07329,3.20124,127.95
CC_CELL2,376,0.93146,0.07,3.22155,3.1671,3.27601,108.91
CC_CELL2,376,0.93146,0.08,3.28318,3.23408,3.33229,98.21
CC_CELL2,376,0.93146,0.09,3.32563,3.28009,3.37117,91.07
CC_CELL2,376,0.93146,0.1,3.35045,3.31294,3.38795,75.01
CC_CELL2,376,0.93146,0.11,3.36951,3.33926,3.39976,60.5
CC_CELL2,376,0.93146,0.12,3.38552,3.36076,3.41028,49.52
CC_CELL2,376,0.93146,0.13,3.39892,3.37736,3.42048,43.12
CC_CELL2,376,0.93146,0.14,3.41018,3.39076,3.4296,38.84
CC_CELL2,376,0.93146,0.15,3.42019,3.40208,3.4383,36.22
CC_CELL2,376,0.93146,0.16,3.42969,3.41226,3.44711,34.85
CC_CELL2,376,0.93146,0.17,3.43887,3.42201,3.45572,33.71
CC_CELL2,376,0.93146,0.18,3.44844,3.43155,3.46533,33.78
CC_CELL2,376,0.93146,0.19,3.45866,3.44188,3.47545,33.57
CC_CELL2,376,0.93146,0.2,3.46975,3.45314,3.48635,33.21
CC_CELL2,376,0.93146,0.21,3.48089,3.46411,3.49768,33.56
CC_CELL2,376,0.93146,0.22,3.49217,3.47498,3.50936,34.38
CC_CELL2,376,0.93146,0.23,3.50295,3.48511,3.52079,35.68
CC_CELL2,376,0.93146,0.24,3.51406,3.49544,3.53268,37.24
CC_CELL2,376,0.93146,0.25,3.52457,3.50554,3.54359,38.05
CC_CELL2,376,0.93146,0.26,3.53493,3.51578,3.55408,38.3
CC_CELL2,376,0.93146,0.27,3.54452,3.52544,3.56359,38.14
CC_CELL2,376,0.93146,0.28,3.55397,3.53488,3.57307,38.19
CC_CELL2,376,0.93146,0.29,3.56292,3.54408,3.58177,37.69
CC_CELL2,376,0.93146,0.3,3.57162,3.55288,3.59037,37.5
CC_CELL2,376,0.93146,0.31,3.57992,3.56168,3.59816,36.49
CC_CELL2,376,0.93146,0.32,3.58786,3.56983,3.60588,36.05
CC_CELL2,376,0.93146,0.33,3.5956,3.57805,3.61315,35.1
CC_CELL2,376,0.93146,0.34,3.60285,3.58573,3.61998,34.24
CC_CELL2,376,0.93146,0.35,3.60999,3.59303,3.62695,33.92
CC_CELL2,376,0.93146,0.36,3.61685,3.6003,3.63339,33.08
CC_CELL2,376,0.93146,0.37,3.62378,3.6074,3.64015,32.74
CC_CELL2,376,0.93146,0.38,3.63034,3.61429,3.6464,32.11
CC_CELL2,376,0.93146,0.39,3.63708,3.62106,3.6531,32.04
CC_CELL2,376,0.93146,0.4,3.64384,3.62808,3.6596,31.52
CC_CELL2,376,0.93146,0.41,3.6507,3.63486,3.66654,31.68
CC_CELL2,376,0.93146,0.42,3.65782,3.64206,3.67358,31.52
CC_CELL2,376,0.93146,0.43,3.66495,3.64906,3.68084,31.78
CC_CELL2,376,0.93146,0.44,3.67269,3.65673,3.68864,31.91
CC_CELL2,376,0.93146,0.45,3.6805,3.66436,3.69664,32.28
CC_CELL2,376,0.93146,0.46,3.68886,3.67246,3.70526,32.8
CC_CELL2,376,0.93146,0.47,3.69767,3.68118,3.71416,32.98
CC_CELL2,376,0.93146,0.48,3.70691,3.69006,3.72376,33.7
CC_CELL2,376,0.93146,0.49,3.71654,3.69952,3.73357,34.05
CC_CELL2,376,0.93146,0.5,3.72643,3.70942,3.74344,34.02
CC_CELL2,376,0.93146,0.51,3.73667,3.71954,3.75379,34.25
CC_CELL2,376,0.93146,0.52,3.74683,3.72964,3.76402,34.38
CC_CELL2,376,0.93146,0.53,3.75716,3.74,3.77432,34.32
CC_CELL2,376,0.93146,0.54,3.76713,3.74996,3.78429,34.33
CC_CELL2,376,0.93146,0.55,3.77731,3.76002,3.79459,34.57
CC_CELL2,376,0.93146,0.56,3.78742,3.77027,3.80457,34.3
CC_CELL2,376,0.93146,0.57,3.79745,3.78026,3.81464,34.38
CC_CELL2,376,0.93146,0.58,3.80769,3.79067,3.8247,34.03
CC_CELL2,376,0.93146,0.59,3.81778,3.80086,3.83471,33.85
CC_CELL2,376,0.93146,0.6,3.82802,3.81117,3.84487,33.7
CC_CELL2,376,0.93146,0.61,3.83799,3.82156,3.85442,32.87
CC_CELL2,376,0.93146,0.62,3.8477,3.83137,3.86402,32.65
CC_CELL2,376,0.93146,0.63,3.8571,3.84127,3.87292,31.65
CC_CELL2,376,0.93146,0.64,3.86651,3.8511,3.88192,30.82
CC_CELL2,376,0.93146,0.65,3.87543,3.86043,3.89042,30.0
CC_CELL2,376,0.93146,0.66,3.88444,3.86989,3.899,29.1
CC_CELL2,376,0.93146,0.67,3.89295,3.87903,3.90687,27.84
CC_CELL2,376,0.93146,0.68,3.90121,3.88789,3.91452,26.63
CC_CELL2,376,0.93146,0.69,3.90916,3.89613,3.9222,26.07
CC_CELL2,376,0.93146,0.7,3.91703,3.90403,3.93003,26.0
CC_CELL2,376,0.93146,0.71,3.92523,3.91221,3.93826,26.05
CC_CELL2,376,0.93146,0.72,3.93407,3.92072,3.94742,26.7
CC_CELL2,376,0.93146,0.73,3.94334,3.92972,3.95696,27.24
CC_CELL2,376,0.93146,0.74,3.95377,3.93982,3.96772,27.9
CC_CELL2,376,0.93146,0.75,3.96477,3.9505,3.97903,28.53
CC_CELL2,376,0.93146,0.76,3.97674,3.96221,3.99126,29.05
CC_CELL2,376,0.93146,0.77,3.98918,3.97422,4.00413,29.91
CC_CELL2,376,0.93146,0.78,4.00204,3.98682,4.01726,30.44
CC_CELL2,376,0.93146,0.79,4.01479,3.99972,4.02986,30.14
CC_CELL2,376,0.93146,0.8,4.02707,4.01193,4.04222,30.3
CC_CELL2,376,0.93146,0.81,4.03864,4.02373,4.05356,29.83
CC_CELL2,376,0.93146,0.82,4.04927,4.03445,4.06409,29.64
CC_CELL2,376,0.93146,0.83,4.05844,4.04417,4.07272,28.55
CC_CELL2,376,0.93146,0.84,4.06622,4.05306,4.07938,26.32
CC_CELL2,376,0.93146,0.85,4.07169,4.06018,4.08321,23.03
CC_CELL2,376,0.93146,0.86,4.07554,4.06508,4.086,20.92
CC_CELL2,376,0.93146,0.87,4.07852,4.06849,4.08854,20.05
CC_CELL2,376,0.93146,0.88,4.08084,4.07079,4.09088,20.09
CC_CELL2,376,0.93146,0.89,4.08348,4.07319,4.09378,20.59
CC_CELL2,376,0.93146,0.9,4.08591,4.0753,4.09652,21.22
CC_CELL2,376,0.93146,0.91,4.08897,4.07799,4.09996,21.97
CC_CELL2,376,0.93146,0.92,4.09256,4.0809,4.10423,23.34
CC_CELL2,376,0.93146,0.93,4.09661,4.08429,4.10892,24.63
CC_CELL2,376,0.93146,0.94,4.10195,4.08869,4.11522,26.53
CC_CELL2,376,0.93146,0.95,4.10857,4.09439,4.12275,28.36
CC_CELL2,376,0.93146,0.96,4.11712,4.10159,4.13264,31.05
CC_CELL2,376,0.93146,0.97,4.12853,4.11159,4.14548,33.88
CC_CELL2,376,0.93146,0.98,4.14336,4.1253,4.16142,36.12
CC_CELL2,376,0.93146,0.99,4.16346,4.1448,4.18211,37.31
CC_CELL2,451,0.92028,0.05,2.80276,2.62607,2.97946,353.38
CC_CELL2,451,0.92028,0.06,3.04503,2.95642,3.13363,177.21
CC_CELL2,451,0.92028,0.07,3.15898,3.09027,3.22769,137.42
CC_CELL2,451,0.92028,0.08,3.23761,3.17902,3.29621,117.2
CC_CELL2,451,0.92028,0.09,3.29487,3.24121,3.34853,107.32
CC_CELL2,451,0.92028,0.1,3.33176,3.28462,3.37889,94.27
CC_CELL2,451,0.92028,0.11,3.35502,3.317,3.39304,76.04
CC_CELL2,451,0.92028,0.12,3.37387,3.34321,3.40453,61.32
CC_CELL2,451,0.92028,0.13,3.38966,3.36435,3.41496,50.61
CC_CELL2,451,0.92028,0.14,3.40294,3.38102,3.42486,43.84
CC_CELL2,451,0.92028,0.15,3.41424,3.39442,3.43406,39.65
CC_CELL2,451,0.92028,0.16,3.42431,3.40585,3.44277,36.92
CC_CELL2,451,0.92028,0.17,3.43372,3.41598,3.45146,35.48
CC_CELL2,451,0.92028,0.18,3.44305,3.42584,3.46027,34.43
CC_CELL2,451,0.92028,0.19,3.45267,3.43548,3.46986,34.38
CC_CELL2,451,0.92028,0.2,3.46307,3.44596,3.48017,34.21
CC_CELL2,451,0.92028,0.21,3.47397,3.45678,3.49117,34.39
CC_CELL2,451,0.92028,0.22,3.48508,3.4676,3.50257,34.97
CC_CELL2,451,0.92028,0.23,3.4962,3.47812,3.51427,36.15
CC_CELL2,451,0.92028,0.24,3.50722,3.48848,3.52597,37.49
CC_CELL2,451,0.92028,0.25,3.51798,3.4987,3.53727,38.57
CC_CELL2,451,0.92028,0.26,3.5286,3.50892,3.54827,39.35
CC_CELL2,451,0.92028,0.27,3.53848,3.51878,3.55818,39.4
CC_CELL2,451,0.92028,0.28,3.54825,3.52862,3.56787,39.25
CC_CELL2,451,0.92028,0.29,3.5574,3.53782,3.57698,39.16
CC_CELL2,451,0.92028,0.3,3.5662,3.54692,3.58549,38.57
CC_CELL2,451,0.92028,0.31,3.57483,3.55588,3.59378,37.9
CC_CELL2,451,0.92028,0.32,3.58302,3.56416,3.60188,37.72
CC_CELL2,451,0.92028,0.33,3.59098,3.57258,3.60939,36.81
CC_CELL2,451,0.92028,0.34,3.59856,3.58064,3.61649,35.85
CC_CELL2,451,0.92028,0.35,3.606,3.58832,3.62369,35.37
CC_CELL2,451,0.92028,0.36,3.61313,3.59606,3.63019,34.13
CC_CELL2,451,0.92028,0.37,3.62014,3.60318,3.63709,33.9
CC_CELL2,451,0.92028,0.38,3.62705,3.61041,3.64369,33.28
CC_CELL2,451,0.92028,0.39,3.63378,3.61736,3.6502,32.84
CC_CELL2,451,0.92028,0.4,3.64064,3.62428,3.657,32.72
CC_CELL2,451,0.92028,0.41,3.64749,3.63138,3.6636,32.22
CC_CELL2,451,0.92028,0.42,3.65443,3.63816,3.6707,32.54
CC_CELL2,451,0.92028,0.43,3.66182,3.64555,3.6781,32.55
CC_CELL2,451,0.92028,0.44,3.66928,3.65286,3.6857,32.84
CC_CELL2,451,0.92028,0.45,3.67699,3.66048,3.6935,33.02
CC_CELL2,451,0.92028,0.46,3.68534,3.66858,3.7021,33.52
CC_CELL2,451,0.92028,0.47,3.69384,3.67688,3.7108,33.92
CC_CELL2,451,0.92028,0.48,3.70299,3.68588,3.7201,34.22
CC_CELL2,451,0.92028,0.49,3.7125,3.69501,3.73,34.99
CC_CELL2,451,0.92028,0.5,3.72234,3.70478,3.7399,35.12
CC_CELL2,451,0.92028,0.51,3.73247,3.71464,3.7503,35.66
CC_CELL2,451,0.92028,0.52,3.7427,3.72491,3.7605,35.59
CC_CELL2,451,0.92028,0.53,3.75309,3.73528,3.7709,35.62
CC_CELL2,451,0.92028,0.54,3.76322,3.74523,3.7812,35.97
CC_CELL2,451,0.92028,0.55,3.77352,3.75585,3.7912,35.35
CC_CELL2,451,0.92028,0.56,3.78367,3.76585,3.8015,35.65
CC_CELL2,451,0.92028,0.57,3.79381,3.77622,3.8114,35.18
CC_CELL2,451,0.92028,0.58,3.804,3.78641,3.8216,35.19
CC_CELL2,451,0.92028,0.59,3.81409,3.79668,3.8315,34.82
CC_CELL2,451,0.92028,0.6,3.82429,3.80718,3.8414,34.22
CC_CELL2,451,0.92028,0.61,3.83425,3.81731,3.8512,33.89
CC_CELL2,451,0.92028,0.62,3.84402,3.82761,3.86043,32.82
CC_CELL2,451,0.92028,0.63,3.85348,3.83724,3.86973,32.49
CC_CELL2,451,0.92028,0.64,3.86252,3.8468,3.87823,31.43
CC_CELL2,451,0.92028,0.65,3.87141,3.85598,3.88683,30.85
CC_CELL2,451,0.92028,0.66,3.88024,3.86506,3.89542,30.36
CC_CELL2,451,0.92028,0.67,3.88894,3.87445,3.90342,28.97
CC_CELL2,451,0.92028,0.68,3.8973,3.88318,3.91143,28.25
CC_CELL2,451,0.92028,0.69,3.90554,3.89197,3.91912,27.16
CC_CELL2,451,0.92028,0.7,3.91337,3.9,3.92674,26.73
CC_CELL2,451,0.92028,0.71,3.92177,3.9084,3.93513,26.72
CC_CELL2,451,0.92028,0.72,3.93025,3.91668,3.94383,27.16
CC_CELL2,451,0.92028,0.73,3.93976,3.92588,3.95364,27.76
CC_CELL2,451,0.92028,0.74,3.94976,3.93538,3.96413,28.74
CC_CELL2,451,0.92028,0.75,3.9606,3.94606,3.97514,29.08
CC_CELL2,451,0.92028,0.76,3.97227,3.9571,3.98744,30.34
CC_CELL2,451,0.92028,0.77,3.9846,3.96916,4.00004,30.88
CC_CELL2,451,0.92028,0.78,3.99746,3.98167,4.01325,31.58
CC_CELL2,451,0.92028,0.79,4.01011,3.99408,4.02614,32.06
CC_CELL2,451,0.92028,0.8,4.02276,4.00678,4.03875,31.97
CC_CELL2,451,0.92028,0.81,4.03449,4.01851,4.05047,31.97
CC_CELL2,451,0.92028,0.82,4.04544,4.02951,4.06137,31.86
CC_CELL2,451,0.92028,0.83,4.05523,4.03981,4.07066,30.85
CC_CELL2,451,0.92028,0.84,4.0635,4.04896,4.07804,29.08
CC_CELL2,451,0.92028,0.85,4.06958,4.05675,4.08242,25.67
CC_CELL2,451,0.92028,0.86,4.07429,4.06305,4.08552,22.47
CC_CELL2,451,0.92028,0.87,4.07745,4.06699,4.08792,20.92
CC_CELL2,451,0.92028,0.88,4.08011,4.06979,4.09043,20.65
CC_CELL2,451,0.92028,0.89,4.08279,4.07237,4.09321,20.83
CC_CELL2,451,0.92028,0.9,4.08531,4.07449,4.09612,21.64
CC_CELL2,451,0.92028,0.91,4.08817,4.0768,4.09953,22.73
CC_CELL2,451,0.92028,0.92,4.0916,4.07969,4.10352,23.84
CC_CELL2,451,0.92028,0.93,4.09567,4.08309,4.10826,25.17
CC_CELL2,451,0.92028,0.94,4.10082,4.08729,4.11436,27.07
CC_CELL2,451,0.92028,0.95,4.10704,4.09239,4.12168,29.3
CC_CELL2,451,0.92028,0.96,4.11545,4.09968,4.13122,31.54
CC_CELL2,451,0.92028,0.97,4.12616,4.10909,4.14323,34.15
CC_CELL2,451,0.92028,0.98,4.14053,4.12238,4.15868,36.3
CC_CELL2,451,0.92028,0.99,4.15979,4.14148,4.1781,36.63
CC_CELL2,526,0.91574,0.06,2.9899,2.835,3.14479,309.78
CC_CELL2,526,0.91574,0.07,3.12717,3.01733,3.237,219.67
CC_CELL2,526,0.91574,0.08,3.21358,3.1235,3.30366,180.16
CC_CELL2,526,0.91574,0.09,3.27696,3.19958,3.35434,154.76
CC_CELL2,526,0.91574,0.1,3.31934,3.2555,3.38318,127.68
CC_CELL2,526,0.91574,0.11,3.34662,3.29572,3.39752,101.8
CC_CELL2,526,0.91574,0.12,3.36764,3.3269,3.40838,81.48
CC_CELL2,526,0.91574,0.13,3.38545,3.35222,3.41868,66.46
CC_CELL2,526,0.91574,0.14,3.4002,3.37222,3.42818,55.96
CC_CELL2,526,0.91574,0.15,3.41236,3.38814,3.43658,48.44
CC_CELL2,526,0.91574,0.16,3.42308,3.40092,3.44524,44.32
CC_CELL2,526,0.91574,0.17,3.43285,3.41192,3.45378,41.86
CC_CELL2,526,0.91574,0.18,3.44259,3.42242,3.46276,40.34
CC_CELL2,526,0.91574,0.19,3.45392,3.43806,3.46978,31.72
CC_CELL2,526,0.91574,0.2,3.46207,3.443,3.48115,38.15
CC_CELL2,526,0.91574,0.21,3.47315,3.45384,3.49245,38.61
CC_CELL2,526,0.91574,0.22,3.48455,3.4651,3.50399,38.89
CC_CELL2,526,0.91574,0.23,3.49588,3.47594,3.51583,39.89
CC_CELL2,526,0.91574,0.24,3.50677,3.4864,3.52713,40.73
CC_CELL2,526,0.91574,0.25,3.51742,3.49664,3.53821,41.57
CC_CELL2,526,0.91574,0.26,3.52755,3.50634,3.54877,42.43
CC_CELL2,526,0.91574,0.27,3.5375,3.51626,3.55874,42.48
CC_CELL2,526,0.91574,0.28,3.54693,3.52549,3.56837,42.88
CC_CELL2,526,0.91574,0.29,3.55609,3.53477,3.5774,42.63
CC_CELL2,526,0.91574,0.3,3.56492,3.54387,3.58596,42.09
CC_CELL2,526,0.91574,0.31,3.57349,3.55249,3.59448,41.99
CC_CELL2,526,0.91574,0.32,3.58187,3.56117,3.60257,41.4
CC_CELL2,526,0.91574,0.33,3.58983,3.56952,3.61014,40.62
CC_CELL2,526,0.91574,0.34,3.59759,3.57759,3.6176,40.01
CC_CELL2,526,0.91574,0.35,3.60511,3.58544,3.62477,39.34
CC_CELL2,526,0.91574,0.36,3.61233,3.59309,3.63158,38.49
CC_CELL2,526,0.91574,0.37,3.61951,3.60057,3.63845,37.88
CC_CELL2,526,0.91574,0.38,3.6265,3.60783,3.64518,37.35
CC_CELL2,526,0.91574,0.39,3.6334,3.61503,3.65178,36.75
CC_CELL2,526,0.91574,0.4,3.64025,3.62203,3.65848,36.45
CC_CELL2,526,0.91574,0.41,3.64735,3.62913,3.66558,36.45
CC_CELL2,526,0.91574,0.42,3.6545,3.63643,3.67258,36.15
CC_CELL2,526,0.91574,0.43,3.66192,3.6437,3.68013,36.43
CC_CELL2,526,0.91574,0.44,3.66953,3.65133,3.68773,36.4
CC_CELL2,526,0.91574,0.45,3.67752,3.65903,3.69601,36.98
CC_CELL2,526,0.91574,0.46,3.68592,3.66712,3.70473,37.62
CC_CELL2,526,0.91574,0.47,3.69472,3.67582,3.71363,37.82
CC_CELL2,526,0.91574,0.48,3.70393,3.6847,3.72316,38.46
CC_CELL2,526,0.91574,0.49,3.71373,3.69439,3.73306,38.67
CC_CELL2,526,0.91574,0.5,3.72376,3.70433,3.7432,38.87
CC_CELL2,526,0.91574,0.51,3.73414,3.71473,3.75356,38.83
CC_CELL2,526,0.91574,0.52,3.74448,3.72504,3.76392,38.88
CC_CELL2,526,0.91574,0.53,3.75494,3.73544,3.77444,39.0
CC_CELL2,526,0.91574,0.54,3.76528,3.74594,3.78462,38.68
CC_CELL2,526,0.91574,0.55,3.77563,3.75633,3.79494,38.61
CC_CELL2,526,0.91574,0.56,3.78583,3.76683,3.80484,38.01
CC_CELL2,526,0.91574,0.57,3.79602,3.77693,3.81512,38.19
CC_CELL2,526,0.91574,0.58,3.80613,3.78734,3.82492,37.58
CC_CELL2,526,0.91574,0.59,3.81618,3.79747,3.8349,37.43
CC_CELL2,526,0.91574,0.6,3.8262,3.80776,3.84464,36.88
CC_CELL2,526,0.91574,0.61,3.83581,3.81776,3.85386,36.1
CC_CELL2,526,0.91574,0.62,3.84526,3.82737,3.86316,35.79
CC_CELL2,526,0.91574,0.63,3.85448,3.83697,3.87199,35.02
CC_CELL2,526,0.91574,0.64,3.86323,3.84598,3.88049,34.51
CC_CELL2,526,0.91574,0.65,3.87202,3.85507,3.88897,33.9
CC_CELL2,526,0.91574,0.66,3.8807,3.86417,3.89722,33.05
CC_CELL2,526,0.91574,0.67,3.88918,3.87289,3.90547,32.59
CC_CELL2,526,0.91574,0.68,3.8976,3.88188,3.91332,31.44
CC_CELL2,526,0.91574,0.69,3.90583,3.89049,3.92117,30.69
CC_CELL2,526,0.91574,0.7,3.9138,3.89859,3.92902,30.43
CC_CELL2,526,0.91574,0.71,3.9222,3.90698,3.93742,30.43
CC_CELL2,526,0.91574,0.72,3.93109,3.91529,3.94689,31.6
CC_CELL2,526,0.91574,0.73,3.94059,3.92448,3.95669,32.21
CC_CELL2,526,0.91574,0.74,3.95078,3.93389,3.96767,33.78
CC_CELL2,526,0.91574,0.75,3.96165,3.94419,3.9791,34.92
CC_CELL2,526,0.91574,0.76,3.97357,3.95549,3.99164,36.15
CC_CELL2,526,0.91574,0.77,3.98582,3.96709,4.00456,37.47
CC_CELL2,526,0.91574,0.78,3.99853,3.97949,4.01757,38.08
CC_CELL2,526,0.91574,0.79,4.01103,3.99149,4.03057,39.07
CC_CELL2,526,0.91574,0.8,4.02315,4.00359,4.0427,39.12
CC_CELL2,526,0.91574,0.81,4.03459,4.01509,4.05409,39.0
CC_CELL2,526,0.91574,0.82,4.04495,4.02519,4.06472,39.52
CC_CELL2,526,0.91574,0.83,4.05415,4.03479,4.07352,38.72
CC_CELL2,526,0.91574,0.84,4.06187,4.04359,4.08015,36.56
CC_CELL2,526,0.91574,0.85,4.06789,4.05199,4.08378,31.79
CC_CELL2,526,0.91574,0.86,4.07269,4.0587,4.08668,27.98
CC_CELL2,526,0.91574,0.87,4.07664,4.0641,4.08919,25.1
CC_CELL2,526,0.91574,0.88,4.07949,4.0673,4.09168,24.39
CC_CELL2,526,0.91574,0.89,4.08233,4.07,4.09467,24.67
CC_CELL2,526,0.91574,0.9,4.08509,4.0722,4.09798,25.78
CC_CELL2,526,0.91574,0.91,4.08809,4.0747,4.10148,26.78
CC_CELL2,526,0.91574,0.92,4.09188,4.0776,4.10617,28.57
CC_CELL2,526,0.91574,0.93,4.09604,4.0806,4.11147,30.87
CC_CELL2,526,0.91574,0.94,4.10167,4.0848,4.11854,33.74
CC_CELL2,526,0.91574,0.95,4.10843,4.0899,4.12697,37.07
CC_CELL2,526,0.91574,0.96,4.11733,4.0966,4.13805,41.45
CC_CELL2,526,0.91574,0.97,4.12893,4.1061,4.15175,45.65
CC_CELL2,526,0.91574,0.98,4.14442,4.1196,4.16924,49.64
CC_CELL2,526,0.91574,0.99,4.16495,4.1388,4.19111,52.31
CC_CELL2,601,0.90472,0.07,3.02576,2.89376,3.15777,264.02
CC_CELL2,601,0.90472,0.08,3.14637,3.04367,3.24907,205.4
CC_CELL2,601,0.90472,0.09,3.22773,3.14096,3.31449,173.53
CC_CELL2,601,0.90472,0.1,3.28749,3.2127,3.36229,149.59
CC_CELL2,601,0.90472,0.11,3.32583,3.26542,3.38624,120.81
CC_CELL2,601,0.90472,0.12,3.35174,3.30444,3.39904,94.6
CC_CELL2,601,0.90472,0.13,3.37284,3.33534,3.41034,75.0
CC_CELL2,601,0.90472,0.14,3.39047,3.35979,3.42115,61.36
CC_CELL2,601,0.90472,0.15,3.40504,3.37913,3.43095,51.82
CC_CELL2,601,0.90472,0.16,3.41719,3.39412,3.44026,46.14
CC_CELL2,601,0.90472,0.17,3.42803,3.40662,3.44944,42.82
CC_CELL2,601,0.90472,0.18,3.43792,3.41767,3.45817,40.5
CC_CELL2,601,0.90472,0.19,3.44782,3.42787,3.46777,39.9
CC_CELL2,601,0.90472,0.2,3.45779,3.4381,3.47747,39.37
CC_CELL2,601,0.90472,0.21,3.46828,3.44876,3.48779,39.03
CC_CELL2,601,0.90472,0.22,3.4791,3.4594,3.49879,39.39
CC_CELL2,601,0.90472,0.23,3.49006,3.4703,3.50981,39.51
CC_CELL2,601,0.90472,0.24,3.50101,3.4808,3.52122,40.42
CC_CELL2,601,0.90472,0.25,3.51146,3.4908,3.53211,41.31
CC_CELL2,601,0.90472,0.26,3.52189,3.50086,3.54292,42.06
CC_CELL2,601,0.90472,0.27,3.53187,3.51064,3.5531,42.46
CC_CELL2,601,0.90472,0.28,3.54153,3.52034,3.56272,42.38
CC_CELL2,601,0.90472,0.29,3.55097,3.52982,3.57212,42.3
CC_CELL2,601,0.90472,0.3,3.56003,3.53906,3.58099,41.93
CC_CELL2,601,0.90472,0.31,3.5688,3.54808,3.58951,41.43
CC_CELL2,601,0.90472,0.32,3.57742,3.55692,3.59792,41.0
CC_CELL2,601,0.90472,0.33,3.5855,3.56536,3.60564,40.28
CC_CELL2,601,0.90472,0.34,3.59368,3.57382,3.61355,39.73
CC_CELL2,601,0.90472,0.35,3.6014,3.58168,3.62113,39.46
CC_CELL2,601,0.90472,0.36,3.60892,3.58961,3.62824,38.63
CC_CELL2,601,0.90472,0.37,3.61629,3.59722,3.63536,38.14
CC_CELL2,601,0.90472,0.38,3.62348,3.60455,3.64241,37.86
CC_CELL2,601,0.90472,0.39,3.63056,3.61198,3.64913,37.15
CC_CELL2,601,0.90472,0.4,3.63766,3.61908,3.65624,37.16
CC_CELL2,601,0.90472,0.41,3.64476,3.62648,3.66304,36.56
CC_CELL2,601,0.90472,0.42,3.65201,3.63375,3.67027,36.52
CC_CELL2,601,0.90472,0.43,3.65937,3.64097,3.67777,36.8
CC_CELL2,601,0.90472,0.44,3.66695,3.64851,3.68539,36.88
CC_CELL2,601,0.90472,0.45,3.67502,3.65638,3.69367,37.29
CC_CELL2,601,0.90472,0.46,3.68339,3.66461,3.70217,37.56
CC_CELL2,601,0.90472,0.47,3.69208,3.67311,3.71105,37.94
CC_CELL2,601,0.90472,0.48,3.70138,3.68204,3.72072,38.68
CC_CELL2,601,0.90472,0.49,3.71105,3.69168,3.73042,38.74
CC_CELL2,601,0.90472,0.5,3.72118,3.70174,3.74062,38.88
CC_CELL2,601,0.90472,0.51,3.73153,3.71191,3.75115,39.24
CC_CELL2,601,0.90472,0.52,3.74204,3.72245,3.76162,39.18
CC_CELL2,601,0.90472,0.53,3.75243,3.73288,3.77199,39.11
CC_CELL2,601,0.90472,0.54,3.763,3.74345,3.78256,39.11
CC_CELL2,601,0.90472,0.55,3.77332,3.75405,3.79259,38.54
CC_CELL2,601,0.90472,0.56,3.78343,3.76418,3.80269,38.51
CC_CELL2,601,0.90472,0.57,3.79373,3.77465,3.81282,38.17
CC_CELL2,601,0.90472,0.58,3.80375,3.78468,3.82282,38.14
CC_CELL2,601,0.90472,0.59,3.81375,3.79502,3.83249,37.47
CC_CELL2,601,0.90472,0.6,3.82358,3.80493,3.84222,37.29
CC_CELL2,601,0.90472,0.61,3.83312,3.81478,3.85145,36.67
CC_CELL2,601,0.90472,0.62,3.84262,3.82461,3.86062,36.02
CC_CELL2,601,0.90472,0.63,3.85157,3.83373,3.86942,35.68
CC_CELL2,601,0.90472,0.64,3.86039,3.84291,3.87788,34.97
CC_CELL2,601,0.90472,0.65,3.86892,3.85163,3.8862,34.57
CC_CELL2,601,0.90472,0.66,3.87744,3.86053,3.89434,33.81
CC_CELL2,601,0.90472,0.67,3.88585,3.86912,3.90258,33.46
CC_CELL2,601,0.90472,0.68,3.89419,3.87784,3.91054,32.7
CC_CELL2,601,0.90472,0.69,3.90259,3.8867,3.91848,31.78
CC_CELL2,601,0.90472,0.7,3.91089,3.89517,3.92661,31.44
CC_CELL2,601,0.90472,0.71,3.91926,3.90361,3.93492,31.31
CC_CELL2,601,0.90472,0.72,3.92806,3.91221,3.94391,31.7
CC_CELL2,601,0.90472,0.73,3.93764,3.92124,3.95405,32.82
CC_CELL2,601,0.90472,0.74,3.94809,3.93148,3.9647,33.22
CC_CELL2,601,0.90472,0.75,3.95903,3.94153,3.97654,35.01
CC_CELL2,601,0.90472,0.76,3.97021,3.9515,3.98891,37.41
CC_CELL2,601,0.90472,0.77,3.98251,3.9631,4.00192,38.83
CC_CELL2,601,0.90472,0.78,3.9951,3.97492,4.01528,40.36
CC_CELL2,601,0.90472,0.79,4.00773,3.98718,4.02828,41.1
CC_CELL2,601,0.90472,0.8,4.02005,3.99922,4.04088,41.66
CC_CELL2,601,0.90472,0.81,4.03177,4.01072,4.05283,42.12
CC_CELL2,601,0.90472,0.82,4.04256,4.02164,4.06348,41.85
CC_CELL2,601,0.90472,0.83,4.05185,4.03115,4.07256,41.41
CC_CELL2,601,0.90472,0.84,4.05998,4.04055,4.07941,38.86
CC_CELL2,601,0.90472,0.85,4.06618,4.04886,4.0835,34.64
CC_CELL2,601,0.90472,0.86,4.07138,4.05656,4.0862,29.64
CC_CELL2,601,0.90472,0.87,4.07557,4.06219,4.08895,26.76
CC_CELL2,601,0.90472,0.88,4.07885,4.06618,4.09151,25.33
CC_CELL2,601,0.90472,0.89,4.08187,4.06928,4.09447,25.19
CC_CELL2,601,0.90472,0.9,4.08473,4.0715,4.09797,26.47
CC_CELL2,601,0.90472,0.91,4.08782,4.07389,4.10174,27.85
CC_CELL2,601,0.90472,0.92,4.09167,4.07679,4.10654,29.75
CC_CELL2,601,0.90472,0.93,4.09599,4.07979,4.11218,32.39
CC_CELL2,601,0.90472,0.94,4.10136,4.08379,4.11894,35.15
CC_CELL2,601,0.90472,0.95,4.10839,4.08869,4.12808,39.39
CC_CELL2,601,0.90472,0.96,4.1173,4.09559,4.139,43.42
CC_CELL2,601,0.90472,0.97,4.12901,4.10479,4.15323,48.44
CC_CELL2,601,0.90472,0.98,4.14419,4.11769,4.17069,53.0
CC_CELL2,601,0.90472,0.99,4.16485,4.13709,4.19261,55.52
CC_CELL2,676,0.89932,0.07,2.86955,2.6636,3.0755,411.89
CC_CELL2,676,0.89932,0.08,3.07556,2.94917,3.20196,252.79
CC_CELL2,676,0.89932,0.09,3.17948,3.07702,3.28193,204.91
CC_CELL2,676,0.89932,0.1,3.25203,3.16398,3.34009,176.12
CC_CELL2,676,0.89932,0.11,3.30359,3.2296,3.37759,147.99
CC_CELL2,676,0.89932,0.12,3.33719,3.2792,3.39518,115.98
CC_CELL2,676,0.89932,0.13,3.36196,3.31687,3.40706,90.19
CC_CELL2,676,0.89932,0.14,3.38226,3.34658,3.41793,71.36
CC_CELL2,676,0.89932,0.15,3.39864,3.36926,3.42801,58.75
CC_CELL2,676,0.89932,0.16,3.4118,3.38658,3.43701,50.43
CC_CELL2,676,0.89932,0.17,3.42281,3.3998,3.44583,46.03
CC_CELL2,676,0.89932,0.18,3.43282,3.41118,3.45445,43.28
CC_CELL2,676,0.89932,0.19,3.44233,3.42121,3.46345,42.23
CC_CELL2,676,0.89932,0.2,3.45203,3.43104,3.47303,41.99
CC_CELL2,676,0.89932,0.21,3.46208,3.44111,3.48304,41.93
CC_CELL2,676,0.89932,0.22,3.47277,3.45184,3.4937,41.86
CC_CELL2,676,0.89932,0.23,3.48395,3.46291,3.50498,42.07
CC_CELL2,676,0.89932,0.24,3.49508,3.47394,3.51621,42.27
CC_CELL2,676,0.89932,0.25,3.50629,3.48481,3.52778,42.96
CC_CELL2,676,0.89932,0.26,3.51686,3.49508,3.53865,43.58
CC_CELL2,676,0.89932,0.27,3.52729,3.50528,3.5493,44.02
CC_CELL2,676,0.89932,0.28,3.5371,3.51494,3.55926,44.32
CC_CELL2,676,0.89932,0.29,3.54668,3.52451,3.56885,44.34
CC_CELL2,676,0.89932,0.3,3.55594,3.53371,3.57818,44.47
CC_CELL2,676,0.89932,0.31,3.56481,3.54274,3.58689,44.14
CC_CELL2,676,0.89932,0.32,3.5737,3.55181,3.59559,43.78
CC_CELL2,676,0.89932,0.33,3.58209,3.56048,3.6037,43.22
CC_CELL2,676,0.89932,0.34,3.59045,3.56921,3.61169,42.48
CC_CELL2,676,0.89932,0.35,3.59836,3.57758,3.61914,41.56
CC_CELL2,676,0.89932,0.36,3.60587,3.58541,3.62633,40.92
CC_CELL2,676,0.89932,0.37,3.61346,3.59338,3.63355,40.17
CC_CELL2,676,0.89932,0.38,3.62071,3.60096,3.64045,39.49
CC_CELL2,676,0.89932,0.39,3.62793,3.6084,3.64746,39.05
CC_CELL2,676,0.89932,0.4,3.63512,3.6158,3.65444,38.64
CC_CELL2,676,0.89932,0.41,3.64216,3.62286,3.66145,38.59
CC_CELL2,676,0.89932,0.42,3.64932,3.6302,3.66844,38.24
CC_CELL2,676,0.89932,0.43,3.65677,3.63756,3.67597,38.41
CC_CELL2,676,0.89932,0.44,3.66421,3.64493,3.68348,38.55
CC_CELL2,676,0.89932,0.45,3.6722,3.65283,3.69157,38.74
CC_CELL2,676,0.89932,0.46,3.68041,3.66066,3.70017,39.52
CC_CELL2,676,0.89932,0.47,3.68912,3.66923,3.709,39.77
CC_CELL2,676,0.89932,0.48,3.69813,3.67786,3.7184,40.54
CC_CELL2,676,0.89932,0.49,3.70775,3.68721,3.7283,41.09
CC_CELL2,676,0.89932,0.5,3.71758,3.69686,3.7383,41.44
CC_CELL2,676,0.89932,0.51,3.728,3.70706,3.74893,41.87
CC_CELL2,676,0.89932,0.52,3.73838,3.71743,3.75933,41.9
CC_CELL2,676,0.89932,0.53,3.74901,3.72809,3.76993,41.84
CC_CELL2,676,0.89932,0.54,3.75957,3.7389,3.78024,41.34
CC_CELL2,676,0.89932,0.55,3.77,3.74924,3.79076,41.52
CC_CELL2,676,0.89932,0.56,3.78026,3.75984,3.80067,40.83
CC_CELL2,676,0.89932,0.57,3.79035,3.76974,3.81096,41.22
CC_CELL2,676,0.89932,0.58,3.80047,3.7802,3.82075,40.55
CC_CELL2,676,0.89932,0.59,3.81032,3.79044,3.8302,39.76
CC_CELL2,676,0.89932,0.6,3.82029,3.80052,3.84006,39.54
CC_CELL2,676,0.89932,0.61,3.82985,3.81052,3.84919,38.67
CC_CELL2,676,0.89932,0.62,3.83927,3.82017,3.85837,38.2
CC_CELL2,676,0.89932,0.63,3.84815,3.82939,3.8669,37.52
CC_CELL2,676,0.89932,0.64,3.857,3.83849,3.87551,37.02
CC_CELL2,676,0.89932,0.65,3.86574,3.84747,3.88402,36.54
CC_CELL2,676,0.89932,0.66,3.87412,3.8561,3.89214,36.04
CC_CELL2,676,0.89932,0.67,3.8827,3.86498,3.90043,35.45
CC_CELL2,676,0.89932,0.68,3.89141,3.87381,3.90902,35.2
CC_CELL2,676,0.89932,0.69,3.89985,3.88277,3.91693,34.16
CC_CELL2,676,0.89932,0.7,3.90832,3.8915,3.92514,33.63
CC_CELL2,676,0.89932,0.71,3.91664,3.89992,3.93335,33.43
CC_CELL2,676,0.89932,0.72,3.92541,3.90838,3.94244,34.05
CC_CELL2,676,0.89932,0.73,3.93477,3.9172,3.95234,35.14
CC_CELL2,676,0.89932,0.74,3.94464,3.9263,3.96297,36.66
CC_CELL2,676,0.89932,0.75,3.95558,3.9363,3.97486,38.56
CC_CELL2,676,0.89932,0.76,3.96678,3.9465,3.98706,40.56
CC_CELL2,676,0.89932,0.77,3.97891,3.95767,4.00015,42.48
CC_CELL2,676,0.89932,0.78,3.99128,3.96911,4.01346,44.35
CC_CELL2,676,0.89932,0.79,4.00375,3.98071,4.0268,46.09
CC_CELL2,676,0.89932,0.8,4.0161,3.9928,4.0394,46.6
CC_CELL2,676,0.89932,0.81,4.02776,4.00412,4.0514,47.28
CC_CELL2,676,0.89932,0.82,4.03871,4.01492,4.0625,47.58
CC_CELL2,676,0.89932,0.83,4.04842,4.02504,4.0718,46.76
CC_CELL2,676,0.89932,0.84,4.05668,4.03434,4.07902,44.68
CC_CELL2,676,0.89932,0.85,4.06338,4.04354,4.08322,39.67
CC_CELL2,676,0.89932,0.86,4.06903,4.05166,4.0864,34.74
CC_CELL2,676,0.89932,0.87,4.07384,4.05876,4.08893,30.18
CC_CELL2,676,0.89932,0.88,4.07784,4.06388,4.09181,27.93
CC_CELL2,676,0.89932,0.89,4.08106,4.06739,4.09474,27.35
CC_CELL2,676,0.89932,0.9,4.08403,4.06989,4.09816,28.27
CC_CELL2,676,0.89932,0.91,4.08746,4.07259,4.10232,29.73
CC_CELL2,676,0.89932,0.92,4.09101,4.07499,4.10704,32.04
CC_CELL2,676,0.89932,0.93,4.09537,4.07819,4.11256,34.37
CC_CELL2,676,0.89932,0.94,4.10075,4.0816,4.11991,38.31
CC_CELL2,676,0.89932,0.95,4.10746,4.08629,4.12863,42.34
CC_CELL2,676,0.89932,0.96,4.11619,4.09259,4.13979,47.21
CC_CELL2,676,0.89932,0.97,4.12773,4.10149,4.15398,52.49
CC_CELL2,676,0.89932,0.98,4.14267,4.11369,4.17166,57.97
CC_CELL2,676,0.89932,0.99,4.16334,4.13258,4.1941,61.52
CC_CELL2,751,0.88931,0.08,2.9384,2.7517,3.1251,373.4
CC_CELL2,751,0.88931,0.09,3.10426,2.97481,3.23372,258.91
CC_CELL2,751,0.88931,0.1,3.19789,3.0901,3.30568,215.58
CC_CELL2,751,0.88931,0.11,3.26555,3.17388,3.35722,183.34
CC_CELL2,751,0.88931,0.12,3.31235,3.23826,3.38643,148.17
CC_CELL2,751,0.88931,0.13,3.3439,3.28692,3.40088,113.96
CC_CELL2,751,0.88931,0.14,3.36829,3.32406,3.41252,88.46
CC_CELL2,751,0.88931,0.15,3.38791,3.35272,3.42311,70.39
CC_CELL2,751,0.88931,0.16,3.40373,3.37456,3.43289,58.33
CC_CELL2,751,0.88931,0.17,3.41666,3.39128,3.44205,50.77
CC_CELL2,751,0.88931,0.18,3.4277,3.40448,3.45093,46.45
CC_CELL2,751,0.88931,0.19,3.43793,3.41588,3.45998,44.1
CC_CELL2,751,0.88931,0.2,3.44769,3.42624,3.46913,42.89
CC_CELL2,751,0.88931,0.21,3.4576,3.43621,3.47899,42.78
CC_CELL2,751,0.88931,0.22,3.46804,3.44658,3.4895,42.92
CC_CELL2,751,0.88931,0.23,3.47851,3.45691,3.50011,43.19
CC_CELL2,751,0.88931,0.24,3.48944,3.4676,3.51127,43.67
CC_CELL2,751,0.88931,0.25,3.50028,3.47811,3.52244,44.33
CC_CELL2,751,0.88931,0.26,3.5109,3.48828,3.53352,45.24
CC_CELL2,751,0.88931,0.27,3.52142,3.49848,3.54436,45.89
CC_CELL2,751,0.88931,0.28,3.53145,3.50841,3.55449,46.08
CC_CELL2,751,0.88931,0.29,3.54133,3.51821,3.56444,46.23
CC_CELL2,751,0.88931,0.3,3.55096,3.52804,3.57387,45.82
CC_CELL2,751,0.88931,0.31,3.56012,3.53734,3.5829,45.56
CC_CELL2,751,0.88931,0.32,3.56902,3.54661,3.59142,44.81
CC_CELL2,751,0.88931,0.33,3.57781,3.55561,3.60001,44.4
CC_CELL2,751,0.88931,0.34,3.58611,3.56418,3.60804,43.86
CC_CELL2,751,0.88931,0.35,3.59421,3.57278,3.61564,42.87
CC_CELL2,751,0.88931,0.36,3.60214,3.58094,3.62335,42.41
CC_CELL2,751,0.88931,0.37,3.60968,3.5889,3.63046,41.56
CC_CELL2,751,0.88931,0.38,3.61725,3.59673,3.63776,41.03
CC_CELL2,751,0.88931,0.39,3.62439,3.6042,3.64457,40.37
CC_CELL2,751,0.88931,0.4,3.6318,3.61183,3.65176,39.93
CC_CELL2,751,0.88931,0.41,3.63884,3.6191,3.65858,39.48
CC_CELL2,751,0.88931,0.42,3.6462,3.62663,3.66578,39.14
CC_CELL2,751,0.88931,0.43,3.65357,3.63383,3.6733,39.47
CC_CELL2,751,0.88931,0.44,3.6612,3.6416,3.6808,39.2
CC_CELL2,751,0.88931,0.45,3.669,3.6492,3.6888,39.6
CC_CELL2,751,0.88931,0.46,3.6773,3.65751,3.6971,39.59
CC_CELL2,751,0.88931,0.47,3.68608,3.66603,3.70612,40.09
CC_CELL2,751,0.88931,0.48,3.69497,3.67471,3.71524,40.53
CC_CELL2,751,0.88931,0.49,3.70456,3.68398,3.72513,41.14
CC_CELL2,751,0.88931,0.5,3.71433,3.69353,3.73513,41.6
CC_CELL2,751,0.88931,0.51,3.72454,3.70351,3.74557,42.06
CC_CELL2,751,0.88931,0.52,3.73488,3.71388,3.75587,41.99
CC_CELL2,751,0.88931,0.53,3.74562,3.72466,3.76657,41.91
CC_CELL2,751,0.88931,0.54,3.75604,3.73512,3.77696,41.84
CC_CELL2,751,0.88931,0.55,3.76671,3.74592,3.7875,41.58
CC_CELL2,751,0.88931,0.56,3.77678,3.75616,3.79741,41.25
CC_CELL2,751,0.88931,0.57,3.78693,3.76652,3.80734,40.82
CC_CELL2,751,0.88931,0.58,3.79717,3.77672,3.81761,40.89
CC_CELL2,751,0.88931,0.59,3.80682,3.78652,3.82713,40.61
CC_CELL2,751,0.88931,0.6,3.81671,3.7965,3.83691,40.41
CC_CELL2,751,0.88931,0.61,3.82603,3.8061,3.84596,39.86
CC_CELL2,751,0.88931,0.62,3.83554,3.81584,3.85524,39.4
CC_CELL2,751,0.88931,0.63,3.84454,3.82519,3.86389,38.7
CC_CELL2,751,0.88931,0.64,3.85337,3.83417,3.87257,38.4
CC_CELL2,751,0.88931,0.65,3.86195,3.84309,3.88082,37.73
CC_CELL2,751,0.88931,0.66,3.87029,3.8516,3.88897,37.36
CC_CELL2,751,0.88931,0.67,3.87891,3.86039,3.89742,37.03
CC_CELL2,751,0.88931,0.68,3.8873,3.86888,3.90572,36.85
CC_CELL2,751,0.88931,0.69,3.89605,3.8778,3.91429,36.49
CC_CELL2,751,0.88931,0.7,3.90439,3.88641,3.92237,35.96
CC_CELL2,751,0.88931,0.71,3.913,3.89501,3.93099,35.98
CC_CELL2,751,0.88931,0.72,3.92169,3.90363,3.93975,36.12
CC_CELL2,751,0.88931,0.73,3.93078,3.9123,3.94926,36.96
CC_CELL2,751,0.88931,0.74,3.94063,3.92141,3.95984,38.43
CC_CELL2,751,0.88931,0.75,3.95133,3.93131,3.97135,40.04
CC_CELL2,751,0.88931,0.76,3.96279,3.9421,3.98348,41.39
CC_CELL2,751,0.88931,0.77,3.97482,3.95321,3.99643,43.22
CC_CELL2,751,0.88931,0.78,3.98737,3.96511,4.00963,44.52
CC_CELL2,751,0.88931,0.79,4.00018,3.97723,4.02313,45.9
CC_CELL2,751,0.88931,0.8,4.01269,3.98931,4.03607,46.76
CC_CELL2,751,0.88931,0.81,4.02475,4.00113,4.04837,47.24
CC_CELL2,751,0.88931,0.82,4.03601,4.01232,4.05969,47.37
CC_CELL2,751,0.88931,0.83,4.04634,4.02304,4.06965,46.61
CC_CELL2,751,0.88931,0.84,4.05521,4.03275,4.07768,44.93
CC_CELL2,751,0.88931,0.85,4.0621,4.04165,4.08254,40.89
CC_CELL2,751,0.88931,0.86,4.06801,4.05016,4.08586,35.7
CC_CELL2,751,0.88931,0.87,4.07286,4.05716,4.08856,31.4
CC_CELL2,751,0.88931,0.88,4.07728,4.06297,4.09159,28.62
CC_CELL2,751,0.88931,0.89,4.08056,4.06669,4.09443,27.73
CC_CELL2,751,0.88931,0.9,4.08388,4.06978,4.09797,28.19
CC_CELL2,751,0.88931,0.91,4.08715,4.07229,4.102,29.71
CC_CELL2,751,0.88931,0.92,4.09067,4.07479,4.10654,31.75
CC_CELL2,751,0.88931,0.93,4.09518,4.07799,4.11236,34.37
CC_CELL2,751,0.88931,0.94,4.10063,4.0814,4.11986,38.46
CC_CELL2,751,0.88931,0.95,4.10748,4.08619,4.12878,42.6
CC_CELL2,751,0.88931,0.96,4.11625,4.09229,4.14021,47.92
CC_CELL2,751,0.88931,0.97,4.12742,4.10079,4.15406,53.27
CC_CELL2,751,0.88931,0.98,4.14235,4.11299,4.17172,58.73
CC_CELL2,751,0.88931,0.99,4.16215,4.13129,4.19301,61.72
CC_CELL2,826,0.87852,0.09,2.92702,2.70906,3.14499,435.93
CC_CELL2,826,0.87852,0.1,3.10156,2.95062,3.2525,301.88
CC_CELL2,826,0.87852,0.11,3.19674,3.0711,3.32239,251.29
CC_CELL2,826,0.87852,0.12,3.26374,3.15844,3.36903,210.59
CC_CELL2,826,0.87852,0.13,3.30941,3.22648,3.39233,165.85
CC_CELL2,826,0.87852,0.14,3.34263,3.2788,3.40645,127.65
CC_CELL2,826,0.87852,0.15,3.36862,3.31868,3.41856,99.88
CC_CELL2,826,0.87852,0.16,3.38939,3.34941,3.42937,79.96
CC_CELL2,826,0.87852,0.17,3.40617,3.37266,3.43968,67.02
CC_CELL2,826,0.87852,0.18,3.41959,3.3904,3.44879,58.39
CC_CELL2,826,0.87852,0.19,3.43119,3.40458,3.45779,53.21
CC_CELL2,826,0.87852,0.2,3.44177,3.41645,3.4671,50.65
CC_CELL2,826,0.87852,0.21,3.45219,3.42758,3.4768,49.22
CC_CELL2,826,0.87852,0.22,3.46269,3.43838,3.48701,48.63
CC_CELL2,826,0.87852,0.23,3.4734,3.44908,3.49771,48.63
CC_CELL2,826,0.87852,0.24,3.48418,3.46004,3.50832,48.28
CC_CELL2,826,0.87852,0.25,3.49502,3.47091,3.51913,48.21
CC_CELL2,826,0.87852,0.26,3.50562,3.4816,3.52963,48.02
CC_CELL2,826,0.87852,0.27,3.51584,3.49175,3.53994,48.19
CC_CELL2,826,0.87852,0.28,3.52604,3.50185,3.55024,48.39
CC_CELL2,826,0.87852,0.29,3.53572,3.5115,3.55994,48.44
CC_CELL2,826,0.87852,0.3,3.54526,3.52098,3.56955,48.58
CC_CELL2,826,0.87852,0.31,3.55458,3.5304,3.57876,48.35
CC_CELL2,826,0.87852,0.32,3.56348,3.5395,3.58746,47.96
CC_CELL2,826,0.87852,0.33,3.57222,3.54828,3.59617,47.89
CC_CELL2,826,0.87852,0.34,3.58086,3.55706,3.60466,47.61
CC_CELL2,826,0.87852,0.35,3.58919,3.56583,3.61256,46.73
CC_CELL2,826,0.87852,0.36,3.59728,3.57418,3.62038,46.2
CC_CELL2,826,0.87852,0.37,3.60521,3.58236,3.62806,45.7
CC_CELL2,826,0.87852,0.38,3.61289,3.59051,3.63527,44.76
CC_CELL2,826,0.87852,0.39,3.62044,3.5983,3.64258,44.28
CC_CELL2,826,0.87852,0.4,3.62809,3.60621,3.64998,43.77
CC_CELL2,826,0.87852,0.41,3.63549,3.61381,3.65718,43.37
CC_CELL2,826,0.87852,0.42,3.64314,3.62148,3.6648,43.32
CC_CELL2,826,0.87852,0.43,3.65064,3.629,3.67228,43.28
CC_CELL2,826,0.87852,0.44,3.65847,3.63694,3.68,43.06
CC_CELL2,826,0.87852,0.45,3.66664,3.64506,3.68821,43.15
CC_CELL2,826,0.87852,0.46,3.67492,3.65316,3.69668,43.52
CC_CELL2,826,0.87852,0.47,3.68364,3.66174,3.70554,43.8
CC_CELL2,826,0.87852,0.48,3.6927,3.67038,3.71502,44.64
CC_CELL2,826,0.87852,0.49,3.70224,3.6797,3.72478,45.08
CC_CELL2,826,0.87852,0.5,3.7122,3.68942,3.73498,45.56
CC_CELL2,826,0.87852,0.51,3.72249,3.69942,3.74556,46.14
CC_CELL2,826,0.87852,0.52,3.73296,3.70994,3.75598,46.04
CC_CELL2,826,0.87852,0.53,3.74363,3.72057,3.76668,46.11
CC_CELL2,826,0.87852,0.54,3.75421,3.73142,3.77699,45.57
CC_CELL2,826,0.87852,0.55,3.76487,3.74216,3.78759,45.44
CC_CELL2,826,0.87852,0.56,3.77508,3.75257,3.79759,45.02
CC_CELL2,826,0.87852,0.57,3.78524,3.76297,3.80752,44.54
CC_CELL2,826,0.87852,0.58,3.79531,3.77326,3.81736,44.11
CC_CELL2,826,0.87852,0.59,3.80519,3.78336,3.82702,43.66
CC_CELL2,826,0.87852,0.6,3.81482,3.79317,3.83647,43.3
CC_CELL2,826,0.87852,0.61,3.82426,3.80286,3.84567,42.81
CC_CELL2,826,0.87852,0.62,3.83356,3.81257,3.85455,41.98
CC_CELL2,826,0.87852,0.63,3.84256,3.8218,3.86332,41.52
CC_CELL2,826,0.87852,0.64,3.85148,3.83109,3.87187,40.78
CC_CELL2,826,0.87852,0.65,3.85997,3.83984,3.8801,40.26
CC_CELL2,826,0.87852,0.66,3.86829,3.84833,3.88826,39.93
CC_CELL2,826,0.87852,0.67,3.87674,3.85692,3.89656,39.64
CC_CELL2,826,0.87852,0.68,3.88504,3.86542,3.90466,39.24
CC_CELL2,826,0.87852,0.69,3.89339,3.87382,3.91296,39.13
CC_CELL2,826,0.87852,0.7,3.90197,3.88261,3.92133,38.71
CC_CELL2,826,0.87852,0.71,3.91033,3.89104,3.92962,38.58
CC_CELL2,826,0.87852,0.72,3.91889,3.89914,3.93865,39.51
CC_CELL2,826,0.87852,0.73,3.92791,3.90773,3.94809,40.36
CC_CELL2,826,0.87852,0.74,3.9375,3.91634,3.95866,42.32
CC_CELL2,826,0.87852,0.75,3.94789,3.92562,3.97016,44.54
CC_CELL2,826,0.87852,0.76,3.95894,3.93562,3.98226,46.64
CC_CELL2,826,0.87852,0.77,3.97076,3.94612,3.9954,49.27
CC_CELL2,826,0.87852,0.78,3.98277,3.95684,4.0087,51.86
CC_CELL2,826,0.87852,0.79,3.99526,3.96831,4.02222,53.91
CC_CELL2,826,0.87852,0.8,4.00755,3.97964,4.03546,55.82
CC_CELL2,826,0.87852,0.81,4.01961,3.99132,4.0479,56.58
CC_CELL2,826,0.87852,0.82,4.03106,4.00264,4.05947,56.84
CC_CELL2,826,0.87852,0.83,4.0415,4.01316,4.06985,56.7
CC_CELL2,826,0.87852,0.84,4.05034,4.02285,4.07782,54.97
CC_CELL2,826,0.87852,0.85,4.05722,4.03166,4.08278,51.12
CC_CELL2,826,0.87852,0.86,4.063,4.03986,4.08614,46.28
CC_CELL2,826,0.87852,0.87,4.06845,4.04806,4.08885,40.79
CC_CELL2,826,0.87852,0.88,4.07348,4.05527,4.0917,36.42
CC_CELL2,826,0.87852,0.89,4.07816,4.06118,4.09514,33.96
CC_CELL2,826,0.87852,0.9,4.08204,4.06529,4.09879,33.5
CC_CELL2,826,0.87852,0.91,4.08581,4.06829,4.10334,35.05
CC_CELL2,826,0.87852,0.92,4.09007,4.07139,4.10876,37.37
CC_CELL2,826,0.87852,0.93,4.09475,4.07429,4.11521,40.92
CC_CELL2,826,0.87852,0.94,4.10058,4.07809,4.12307,44.98
CC_CELL2,826,0.87852,0.95,4.10765,4.08259,4.13272,50.12
CC_CELL2,826,0.87852,0.96,4.11648,4.08839,4.14457,56.18
CC_CELL2,826,0.87852,0.97,4.12804,4.09639,4.1597,63.31
CC_CELL2,826,0.87852,0.98,4.14307,4.10789,4.17825,70.36
CC_CELL2,901,0.86489,0.11,3.0372,2.84766,3.22673,379.07
CC_CELL2,901,0.86489,0.12,3.16294,3.01617,3.30972,293.55
CC_CELL2,901,0.86489,0.13,3.24163,3.11969,3.36356,243.88
CC_CELL2,901,0.86489,0.14,3.29577,3.19884,3.39271,193.87
CC_CELL2,901,0.86489,0.15,3.33365,3.25956,3.40774,148.18
CC_CELL2,901,0.86489,0.16,3.36196,3.30416,3.41975,115.59
CC_CELL2,901,0.86489,0.17,3.38458,3.3384,3.43076,92.36
CC_CELL2,901,0.86489,0.18,3.40281,3.36476,3.44086,76.1
CC_CELL2,901,0.86489,0.19,3.41765,3.38483,3.45047,65.64
CC_CELL2,901,0.86489,0.2,3.43012,3.40037,3.45988,59.51
CC_CELL2,901,0.86489,0.21,3.44134,3.4133,3.46938,56.08
CC_CELL2,901,0.86489,0.22,3.45228,3.42478,3.47978,55.01
CC_CELL2,901,0.86489,0.23,3.46288,3.43568,3.49009,54.41
CC_CELL2,901,0.86489,0.24,3.4739,3.4468,3.50099,54.19
CC_CELL2,901,0.86489,0.25,3.48497,3.45804,3.5119,53.86
CC_CELL2,901,0.86489,0.26,3.49571,3.46921,3.5222,52.99
CC_CELL2,901,0.86489,0.27,3.50636,3.48011,3.53261,52.5
CC_CELL2,901,0.86489,0.28,3.51673,3.49085,3.54261,51.76
CC_CELL2,901,0.86489,0.29,3.52688,3.50114,3.55261,51.47
CC_CELL2,901,0.86489,0.3,3.53663,3.51094,3.56232,51.38
CC_CELL2,901,0.86489,0.31,3.54625,3.52078,3.57172,50.94
CC_CELL2,901,0.86489,0.32,3.55555,3.53018,3.58093,50.75
CC_CELL2,901,0.86489,0.33,3.56465,3.53918,3.59013,50.95
CC_CELL2,901,0.86489,0.34,3.57345,3.54818,3.59873,50.55
CC_CELL2,901,0.86489,0.35,3.58212,3.557,3.60723,50.23
CC_CELL2,901,0.86489,0.36,3.59043,3.56543,3.61543,50.0
CC_CELL2,901,0.86489,0.37,3.59862,3.5739,3.62334,49.43
CC_CELL2,901,0.86489,0.38,3.60665,3.58235,3.63095,48.6
CC_CELL2,901,0.86489,0.39,3.61463,3.59063,3.63863,48.0
CC_CELL2,901,0.86489,0.4,3.62224,3.59853,3.64596,47.43
CC_CELL2,901,0.86489,0.41,3.63001,3.60648,3.65355,47.07
CC_CELL2,901,0.86489,0.42,3.63761,3.61418,3.66104,46.86
CC_CELL2,901,0.86489,0.43,3.6452,3.62193,3.66846,46.53
CC_CELL2,901,0.86489,0.44,3.65319,3.62983,3.67655,46.72
CC_CELL2,901,0.86489,0.45,3.66119,3.63773,3.68465,46.92
CC_CELL2,901,0.86489,0.46,3.66945,3.64581,3.69308,47.28
CC_CELL2,901,0.86489,0.47,3.67818,3.65426,3.7021,47.84
CC_CELL2,901,0.86489,0.48,3.68725,3.66291,3.71158,48.68
CC_CELL2,901,0.86489,0.49,3.69675,3.67221,3.7213,49.09
CC_CELL2,901,0.86489,0.5,3.70668,3.68192,3.73143,49.51
CC_CELL2,901,0.86489,0.51,3.71697,3.69184,3.7421,50.26
CC_CELL2,901,0.86489,0.52,3.72755,3.70232,3.75278,50.46
CC_CELL2,901,0.86489,0.53,3.73829,3.71322,3.76336,50.14
CC_CELL2,901,0.86489,0.54,3.74913,3.72412,3.77414,50.02
CC_CELL2,901,0.86489,0.55,3.75972,3.73502,3.78443,49.41
CC_CELL2,901,0.86489,0.56,3.77009,3.74552,3.79466,49.14
CC_CELL2,901,0.86489,0.57,3.78042,3.75612,3.80471,48.59
CC_CELL2,901,0.86489,0.58,3.79037,3.76642,3.81433,47.91
CC_CELL2,901,0.86489,0.59,3.80035,3.77674,3.82396,47.22
CC_CELL2,901,0.86489,0.6,3.81003,3.78659,3.83348,46.89
CC_CELL2,901,0.86489,0.61,3.81948,3.79637,3.84258,46.21
CC_CELL2,901,0.86489,0.62,3.82898,3.80626,3.8517,45.44
CC_CELL2,901,0.86489,0.63,3.83796,3.81569,3.86024,44.55
CC_CELL2,901,0.86489,0.64,3.847,3.82526,3.86874,43.48
CC_CELL2,901,0.86489,0.65,3.85566,3.83429,3.87704,42.75
CC_CELL2,901,0.86489,0.66,3.86387,3.8428,3.88494,42.14
CC_CELL2,901,0.86489,0.67,3.87222,3.8513,3.89314,41.84
CC_CELL2,901,0.86489,0.68,3.88027,3.85933,3.9012,41.87
CC_CELL2,901,0.86489,0.69,3.88844,3.86741,3.90947,42.06
CC_CELL2,901,0.86489,0.7,3.89691,3.8758,3.91802,42.22
CC_CELL2,901,0.86489,0.71,3.90515,3.88403,3.92627,42.24
CC_CELL2,901,0.86489,0.72,3.91367,3.89224,3.93509,42.85
CC_CELL2,901,0.86489,0.73,3.92242,3.90052,3.94432,43.79
CC_CELL2,901,0.86489,0.74,3.93184,3.90911,3.95456,45.46
CC_CELL2,901,0.86489,0.75,3.94185,3.91793,3.96576,47.83
CC_CELL2,901,0.86489,0.76,3.95245,3.92722,3.97769,50.47
CC_CELL2,901,0.86489,0.77,3.9639,3.93731,3.99048,53.17
CC_CELL2,901,0.86489,0.78,3.97581,3.94792,4.00369,55.77
CC_CELL2,901,0.86489,0.79,3.98807,3.95863,4.01751,58.88
CC_CELL2,901,0.86489,0.8,4.00051,3.97011,4.03091,60.8
CC_CELL2,901,0.86489,0.81,4.01259,3.98125,4.04394,62.69
CC_CELL2,901,0.86489,0.82,4.02426,3.99254,4.05598,63.44
CC_CELL2,901,0.86489,0.83,4.035,4.00355,4.06646,62.9
CC_CELL2,901,0.86489,0.84,4.04483,4.01377,4.07589,62.13
CC_CELL2,901,0.86489,0.85,4.05241,4.02276,4.08206,59.3
CC_CELL2,901,0.86489,0.86,4.05818,4.03076,4.0856,54.84
CC_CELL2,901,0.86489,0.87,4.06355,4.03838,4.08873,50.35
CC_CELL2,901,0.86489,0.88,4.06927,4.04657,4.09197,45.4
CC_CELL2,901,0.86489,0.89,4.07471,4.05418,4.09524,41.06
CC_CELL2,901,0.86489,0.9,4.07948,4.05999,4.09897,38.98
CC_CELL2,901,0.86489,0.91,4.08408,4.06479,4.10338,38.59
CC_CELL2,901,0.86489,0.92,4.0885,4.06819,4.10881,40.62
CC_CELL2,901,0.86489,0.93,4.09315,4.07119,4.11512,43.92
CC_CELL2,901,0.86489,0.94,4.09878,4.0744,4.12316,48.76
CC_CELL2,901,0.86489,0.95,4.10564,4.0782,4.13308,54.88
CC_CELL2,901,0.86489,0.96,4.11437,4.08369,4.14504,61.35
CC_CELL2,901,0.86489,0.97,4.12548,4.091,4.15996,68.96
CC_CELL2,901,0.86489,0.98,4.14034,4.1024,4.17828,75.88
CC_CELL2,976,0.85795,0.11,2.96392,2.74313,3.1847,441.57
CC_CELL2,976,0.85795,0.12,3.12122,2.9585,3.28393,325.43
CC_CELL2,976,0.85795,0.13,3.20993,3.0723,3.34755,275.25
CC_CELL2,976,0.85795,0.14,3.27163,3.15646,3.3868,230.34
CC_CELL2,976,0.85795,0.15,3.31476,3.22362,3.4059,182.28
CC_CELL2,976,0.85795,0.16,3.3478,3.27708,3.41852,141.44
CC_CELL2,976,0.85795,0.17,3.37401,3.31846,3.42956,111.1
CC_CELL2,976,0.85795,0.18,3.39505,3.34994,3.44017,90.23
CC_CELL2,976,0.85795,0.19,3.41199,3.37412,3.44987,75.75
CC_CELL2,976,0.85795,0.2,3.42595,3.39244,3.45946,67.02
CC_CELL2,976,0.85795,0.21,3.43798,3.40696,3.46899,62.03
CC_CELL2,976,0.85795,0.22,3.44883,3.41917,3.47848,59.31
CC_CELL2,976,0.85795,0.23,3.45965,3.43074,3.48856,57.82
CC_CELL2,976,0.85795,0.24,3.47056,3.44214,3.49897,56.83
CC_CELL2,976,0.85795,0.25,3.48128,3.45307,3.50949,56.42
CC_CELL2,976,0.85795,0.26,3.49203,3.46416,3.51989,55.74
CC_CELL2,976,0.85795,0.27,3.50271,3.47494,3.53047,55.53
CC_CELL2,976,0.85795,0.28,3.51304,3.48537,3.5407,55.33
CC_CELL2,976,0.85795,0.29,3.5231,3.49549,3.55071,55.22
CC_CELL2,976,0.85795,0.3,3.53303,3.50546,3.5606,55.14
CC_CELL2,976,0.85795,0.31,3.5428,3.51519,3.57041,55.23
CC_CELL2,976,0.85795,0.32,3.55211,3.52459,3.57963,55.04
CC_CELL2,976,0.85795,0.33,3.56144,3.53406,3.58882,54.76
CC_CELL2,976,0.85795,0.34,3.57041,3.54319,3.59762,54.44
CC_CELL2,976,0.85795,0.35,3.57911,3.55199,3.60624,54.25
CC_CELL2,976,0.85795,0.36,3.58772,3.5609,3.61453,53.63
CC_CELL2,976,0.85795,0.37,3.59594,3.56943,3.62246,53.03
CC_CELL2,976,0.85795,0.38,3.60403,3.57782,3.63024,52.43
CC_CELL2,976,0.85795,0.39,3.61203,3.5862,3.63785,51.65
CC_CELL2,976,0.85795,0.4,3.61984,3.59442,3.64527,50.85
CC_CELL2,976,0.85795,0.41,3.62744,3.60223,3.65266,50.43
CC_CELL2,976,0.85795,0.42,3.63528,3.6103,3.66026,49.96
CC_CELL2,976,0.85795,0.43,3.64299,3.61822,3.66776,49.54
CC_CELL2,976,0.85795,0.44,3.6508,3.62603,3.67557,49.54
CC_CELL2,976,0.85795,0.45,3.6589,3.63393,3.68387,49.94
CC_CELL2,976,0.85795,0.46,3.66719,3.6422,3.69218,49.98
CC_CELL2,976,0.85795,0.47,3.67599,3.65062,3.70136,50.74
CC_CELL2,976,0.85795,0.48,3.68475,3.65893,3.71057,51.64
CC_CELL2,976,0.85795,0.49,3.69423,3.66828,3.72017,51.89
CC_CELL2,976,0.85795,0.5,3.70423,3.678,3.73046,52.46
CC_CELL2,976,0.85795,0.51,3.71448,3.6881,3.74086,52.76
CC_CELL2,976,0.85795,0.52,3.7249,3.6986,3.7512,52.6
CC_CELL2,976,0.85795,0.53,3.73586,3.70972,3.762,52.28
CC_CELL2,976,0.85795,0.54,3.74651,3.72043,3.7726,52.17
CC_CELL2,976,0.85795,0.55,3.75692,3.73114,3.7827,51.56
CC_CELL2,976,0.85795,0.56,3.76736,3.74163,3.7931,51.47
CC_CELL2,976,0.85795,0.57,3.77746,3.75212,3.8028,50.68
CC_CELL2,976,0.85795,0.58,3.78746,3.76233,3.8126,50.27
CC_CELL2,976,0.85795,0.59,3.79732,3.77234,3.8223,49.96
CC_CELL2,976,0.85795,0.6,3.80686,3.78213,3.8316,49.47
CC_CELL2,976,0.85795,0.61,3.81638,3.79194,3.84083,48.9
CC_CELL2,976,0.85795,0.62,3.82564,3.80135,3.84993,48.58
CC_CELL2,976,0.85795,0.63,3.83468,3.81084,3.85853,47.69
CC_CELL2,976,0.85795,0.64,3.84368,3.82024,3.86713,46.9
CC_CELL2,976,0.85795,0.65,3.85219,3.82904,3.87533,46.28
CC_CELL2,976,0.85795,0.66,3.86063,3.83794,3.88332,45.38
CC_CELL2,976,0.85795,0.67,3.86885,3.84636,3.89133,44.97
CC_CELL2,976,0.85795,0.68,3.87704,3.85445,3.89962,45.17
CC_CELL2,976,0.85795,0.69,3.8852,3.86265,3.90774,45.1
CC_CELL2,976,0.85795,0.7,3.89372,3.87067,3.91676,46.09
CC_CELL2,976,0.85795,0.71,3.90225,3.87905,3.92545,46.4
CC_CELL2,976,0.85795,0.72,3.91077,3.88736,3.93418,46.82
CC_CELL2,976,0.85795,0.73,3.91972,3.89557,3.94386,48.3
CC_CELL2,976,0.85795,0.74,3.92897,3.90397,3.95397,50.01
CC_CELL2,976,0.85795,0.75,3.93902,3.91295,3.9651,52.14
CC_CELL2,976,0.85795,0.76,3.94983,3.92236,3.97729,54.92
CC_CELL2,976,0.85795,0.77,3.96117,3.93237,3.98998,57.61
CC_CELL2,976,0.85795,0.78,3.97339,3.94315,4.00363,60.48
CC_CELL2,976,0.85795,0.79,3.9855,3.95376,4.01723,63.47
CC_CELL2,976,0.85795,0.8,3.99765,3.96476,4.03053,65.77
CC_CELL2,976,0.85795,0.81,4.00986,3.97616,4.04356,67.4
CC_CELL2,976,0.85795,0.82,4.02159,3.98727,4.05591,68.64
CC_CELL2,976,0.85795,0.83,4.03243,3.99836,4.06651,68.15
CC_CELL2,976,0.85795,0.84,4.04247,4.00897,4.07597,67.0
CC_CELL2,976,0.85795,0.85,4.05032,4.01867,4.08196,63.29
CC_CELL2,976,0.85795,0.86,4.05651,4.02708,4.08593,58.85
CC_CELL2,976,0.85795,0.87,4.062,4.03518,4.08883,53.65
CC_CELL2,976,0.85795,0.88,4.06752,4.04289,4.09215,49.26
CC_CELL2,976,0.85795,0.89,4.07305,4.05049,4.09562,45.13
CC_CELL2,976,0.85795,0.9,4.07829,4.05729,4.0993,42.01
CC_CELL2,976,0.85795,0.91,4.08344,4.06289,4.10398,41.09
CC_CELL2,976,0.85795,0.92,4.08819,4.0668,4.10958,42.78
CC_CELL2,976,0.85795,0.93,4.09318,4.0698,4.11656,46.76
CC_CELL2,976,0.85795,0.94,4.09942,4.0733,4.12554,52.24
CC_CELL2,976,0.85795,0.95,4.1067,4.0772,4.1362,59.0
CC_CELL2,976,0.85795,0.96,4.11598,4.0821,4.14986,67.76
CC_CELL2,976,0.85795,0.97,4.12723,4.0891,4.16536,76.26
CC_CELL2,976,0.85795,0.98,4.14173,4.0994,4.18406,84.66
CC_CELL2,1051,0.85154,0.11,2.80096,2.53053,3.07138,540.85
CC_CELL2,1051,0.85154,0.12,3.03039,2.8376,3.22318,385.58
CC_CELL2,1051,0.85154,0.13,3.15344,2.99801,3.30887,310.86
CC_CELL2,1051,0.85154,0.14,3.23057,3.09614,3.36499,268.85
CC_CELL2,1051,0.85154,0.15,3.2855,3.17208,3.39891,226.82
CC_CELL2,1051,0.85154,0.16,3.32429,3.23321,3.41537,182.16
CC_CELL2,1051,0.85154,0.17,3.35597,3.285,3.42695,141.96
CC_CELL2,1051,0.85154,0.18,3.38119,3.32562,3.43676,111.14
CC_CELL2,1051,0.85154,0.19,3.40136,3.35646,3.44625,89.79
CC_CELL2,1051,0.85154,0.2,3.41721,3.37966,3.45476,75.11
CC_CELL2,1051,0.85154,0.21,3.43057,3.39738,3.46375,66.37
CC_CELL2,1051,0.85154,0.22,3.44193,3.41128,3.47257,61.29
CC_CELL2,1051,0.85154,0.23,3.45272,3.42338,3.48206,58.68
CC_CELL2,1051,0.85154,0.24,3.46309,3.43448,3.4917,57.22
CC_CELL2,1051,0.85154,0.25,3.47386,3.44545,3.50227,56.82
CC_CELL2,1051,0.85154,0.26,3.4844,3.4558,3.513,57.2
CC_CELL2,1051,0.85154,0.27,3.49499,3.46609,3.52389,57.79
CC_CELL2,1051,0.85154,0.28,3.50545,3.4761,3.5348,58.7
CC_CELL2,1051,0.85154,0.29,3.51581,3.48632,3.54531,58.99
CC_CELL2,1051,0.85154,0.3,3.52604,3.49628,3.5558,59.52
CC_CELL2,1051,0.85154,0.31,3.53579,3.50588,3.5657,59.83
CC_CELL2,1051,0.85154,0.32,3.5456,3.51568,3.57552,59.84
CC_CELL2,1051,0.85154,0.33,3.55509,3.52518,3.585,59.82
CC_CELL2,1051,0.85154,0.34,3.56434,3.53475,3.59394,59.19
CC_CELL2,1051,0.85154,0.35,3.5734,3.54391,3.60289,58.98
CC_CELL2,1051,0.85154,0.36,3.58223,3.55323,3.61122,57.99
CC_CELL2,1051,0.85154,0.37,3.59076,3.56203,3.61949,57.46
CC_CELL2,1051,0.85154,0.38,3.59914,3.57096,3.62733,56.37
CC_CELL2,1051,0.85154,0.39,3.60722,3.57943,3.635,55.57
CC_CELL2,1051,0.85154,0.4,3.61537,3.58813,3.6426,54.47
CC_CELL2,1051,0.85154,0.41,3.62308,3.59633,3.64982,53.49
CC_CELL2,1051,0.85154,0.42,3.63092,3.60461,3.65724,52.63
CC_CELL2,1051,0.85154,0.43,3.63858,3.61246,3.66471,52.25
CC_CELL2,1051,0.85154,0.44,3.64644,3.62063,3.67225,51.62
CC_CELL2,1051,0.85154,0.45,3.65434,3.62856,3.68012,51.56
CC_CELL2,1051,0.85154,0.46,3.6627,3.63694,3.68846,51.52
CC_CELL2,1051,0.85154,0.47,3.67106,3.64508,3.69704,51.96
CC_CELL2,1051,0.85154,0.48,3.68,3.65382,3.70618,52.36
CC_CELL2,1051,0.85154,0.49,3.68912,3.66268,3.71556,52.88
CC_CELL2,1051,0.85154,0.5,3.6988,3.67192,3.72568,53.76
CC_CELL2,1051,0.85154,0.51,3.70865,3.68156,3.73574,54.18
CC_CELL2,1051,0.85154,0.52,3.71884,3.69168,3.746,54.32
CC_CELL2,1051,0.85154,0.53,3.72924,3.70196,3.75652,54.56
CC_CELL2,1051,0.85154,0.54,3.73982,3.7127,3.76694,54.24
CC_CELL2,1051,0.85154,0.55,3.75033,3.72329,3.77737,54.08
CC_CELL2,1051,0.85154,0.56,3.76084,3.73414,3.78754,53.4
CC_CELL2,1051,0.85154,0.57,3.77113,3.74467,3.79759,52.92
CC_CELL2,1051,0.85154,0.58,3.78136,3.75512,3.80759,52.47
CC_CELL2,1051,0.85154,0.59,3.79113,3.76509,3.81717,52.08
CC_CELL2,1051,0.85154,0.6,3.80088,3.77514,3.82662,51.48
CC_CELL2,1051,0.85154,0.61,3.81045,3.78487,3.83602,51.15
CC_CELL2,1051,0.85154,0.62,3.8198,3.79456,3.84505,50.5
CC_CELL2,1051,0.85154,0.63,3.82894,3.8039,3.85397,50.06
CC_CELL2,1051,0.85154,0.64,3.83782,3.81326,3.86238,49.12
CC_CELL2,1051,0.85154,0.65,3.84658,3.82232,3.87084,48.52
CC_CELL2,1051,0.85154,0.66,3.85486,3.83099,3.87872,47.73
CC_CELL2,1051,0.85154,0.67,3.86333,3.83972,3.88694,47.22
CC_CELL2,1051,0.85154,0.68,3.87159,3.84839,3.8948,46.41
CC_CELL2,1051,0.85154,0.69,3.87996,3.85653,3.9034,46.87
CC_CELL2,1051,0.85154,0.7,3.88857,3.86501,3.91212,47.12
CC_CELL2,1051,0.85154,0.71,3.89717,3.87312,3.92122,48.1
CC_CELL2,1051,0.85154,0.72,3.90591,3.88162,3.93019,48.56
CC_CELL2,1051,0.85154,0.73,3.91488,3.88983,3.93992,50.1
CC_CELL2,1051,0.85154,0.74,3.92421,3.89853,3.94989,51.36
CC_CELL2,1051,0.85154,0.75,3.93391,3.90702,3.96079,53.76
CC_CELL2,1051,0.85154,0.76,3.94424,3.91623,3.97225,56.03
CC_CELL2,1051,0.85154,0.77,3.95536,3.92573,3.98499,59.26
CC_CELL2,1051,0.85154,0.78,3.96711,3.93612,3.9981,61.98
CC_CELL2,1051,0.85154,0.79,3.97931,3.94673,4.0119,65.17
CC_CELL2,1051,0.85154,0.8,3.99163,3.95793,4.02533,67.4
CC_CELL2,1051,0.85154,0.81,4.00389,3.96903,4.03876,69.73
CC_CELL2,1051,0.85154,0.82,4.01586,3.98053,4.0512,70.66
CC_CELL2,1051,0.85154,0.83,4.02715,3.99164,4.06265,71.01
CC_CELL2,1051,0.85154,0.84,4.0377,4.00285,4.07256,69.71
CC_CELL2,1051,0.85154,0.85,4.04673,4.01325,4.08022,66.97
CC_CELL2,1051,0.85154,0.86,4.0539,4.02315,4.08466,61.51
CC_CELL2,1051,0.85154,0.87,4.05996,4.03197,4.08794,55.97
CC_CELL2,1051,0.85154,0.88,4.06601,4.04086,4.09116,50.3
CC_CELL2,1051,0.85154,0.89,4.07178,4.04878,4.09478,46.0
CC_CELL2,1051,0.85154,0.9,4.0774,4.05628,4.09852,42.24
CC_CELL2,1051,0.85154,0.91,4.08267,4.06209,4.10326,41.17
CC_CELL2,1051,0.85154,0.92,4.08744,4.06649,4.1084,41.91
CC_CELL2,1051,0.85154,0.93,4.0924,4.0697,4.11511,45.41
CC_CELL2,1051,0.85154,0.94,4.09814,4.07319,4.1231,49.91
CC_CELL2,1051,0.85154,0.95,4.10527,4.077,4.13355,56.56
CC_CELL2,1051,0.85154,0.96,4.11416,4.08219,4.14612,63.92
CC_CELL2,1051,0.85154,0.97,4.12521,4.08909,4.16133,72.23
CC_CELL2,1051,0.85154,0.98,4.13967,4.0995,4.17984,80.34
CC_CELL2,1126,0.84259,0.12,2.90251,2.66122,3.14381,482.6
CC_CELL2,1126,0.84259,0.13,3.0847,2.90903,3.26036,351.33
CC_CELL2,1126,0.84259,0.14,3.18254,3.03168,3.3334,301.72
CC_CELL2,1126,0.84259,0.15,3.24959,3.11718,3.38199,264.8
CC_CELL2,1126,0.84259,0.16,3.29795,3.1862,3.40969,223.49
CC_CELL2,1126,0.84259,0.17,3.33411,3.24399,3.42424,180.25
CC_CELL2,1126,0.84259,0.18,3.36305,3.29118,3.43491,143.73
CC_CELL2,1126,0.84259,0.19,3.38652,3.3288,3.44423,115.43
CC_CELL2,1126,0.84259,0.2,3.40547,3.358,3.45295,94.96
CC_CELL2,1126,0.84259,0.21,3.4212,3.38096,3.46144,80.48
CC_CELL2,1126,0.84259,0.22,3.43434,3.39842,3.47026,71.85
CC_CELL2,1126,0.84259,0.23,3.44587,3.41252,3.47922,66.7
CC_CELL2,1126,0.84259,0.24,3.45666,3.42444,3.48887,64.43
CC_CELL2,1126,0.84259,0.25,3.46717,3.43545,3.4989,63.45
CC_CELL2,1126,0.84259,0.26,3.47778,3.44608,3.50948,63.4
CC_CELL2,1126,0.84259,0.27,3.48817,3.45628,3.52006,63.78
CC_CELL2,1126,0.84259,0.28,3.49887,3.46665,3.53108,64.44
CC_CELL2,1126,0.84259,0.29,3.50912,3.47645,3.54179,65.34
CC_CELL2,1126,0.84259,0.3,3.51962,3.48675,3.55249,65.74
CC_CELL2,1126,0.84259,0.31,3.5296,3.49658,3.56262,66.04
CC_CELL2,1126,0.84259,0.32,3.53956,3.50648,3.57264,66.17
CC_CELL2,1126,0.84259,0.33,3.5491,3.5159,3.5823,66.4
CC_CELL2,1126,0.84259,0.34,3.55871,3.52578,3.59165,65.87
CC_CELL2,1126,0.84259,0.35,3.56789,3.53525,3.60053,65.28
CC_CELL2,1126,0.84259,0.36,3.577,3.5449,3.6091,64.19
CC_CELL2,1126,0.84259,0.37,3.58585,3.55418,3.61752,63.34
CC_CELL2,1126,0.84259,0.38,3.59442,3.56333,3.6255,62.17
CC_CELL2,1126,0.84259,0.39,3.60285,3.57235,3.63334,61.0
CC_CELL2,1126,0.84259,0.4,3.61096,3.58103,3.64088,59.85
CC_CELL2,1126,0.84259,0.41,3.619,3.58953,3.64847,58.95
CC_CELL2,1126,0.84259,0.42,3.62697,3.59813,3.65581,57.68
CC_CELL2,1126,0.84259,0.43,3.6349,3.60623,3.66358,57.34
CC_CELL2,1126,0.84259,0.44,3.64292,3.61453,3.67131,56.78
CC_CELL2,1126,0.84259,0.45,3.6509,3.62243,3.67937,56.94
CC_CELL2,1126,0.84259,0.46,3.65909,3.63076,3.68742,56.66
CC_CELL2,1126,0.84259,0.47,3.66749,3.63893,3.69606,57.12
CC_CELL2,1126,0.84259,0.48,3.67621,3.64761,3.7048,57.2
CC_CELL2,1126,0.84259,0.49,3.6853,3.65636,3.71424,57.88
CC_CELL2,1126,0.84259,0.5,3.6948,3.66571,3.72389,58.18
CC_CELL2,1126,0.84259,0.51,3.7044,3.67476,3.73404,59.28
CC_CELL2,1126,0.84259,0.52,3.71439,3.68458,3.7442,59.62
CC_CELL2,1126,0.84259,0.53,3.72469,3.69461,3.75477,60.16
CC_CELL2,1126,0.84259,0.54,3.73505,3.70508,3.76502,59.93
CC_CELL2,1126,0.84259,0.55,3.7456,3.71562,3.77558,59.96
CC_CELL2,1126,0.84259,0.56,3.7561,3.72652,3.78568,59.16
CC_CELL2,1126,0.84259,0.57,3.76641,3.73702,3.7958,58.78
CC_CELL2,1126,0.84259,0.58,3.77661,3.74772,3.8055,57.78
CC_CELL2,1126,0.84259,0.59,3.78658,3.75784,3.81532,57.48
CC_CELL2,1126,0.84259,0.6,3.79632,3.76794,3.8247,56.76
CC_CELL2,1126,0.84259,0.61,3.80597,3.77774,3.8342,56.46
CC_CELL2,1126,0.84259,0.62,3.81528,3.78742,3.84314,55.72
CC_CELL2,1126,0.84259,0.63,3.82452,3.79698,3.85205,55.07
CC_CELL2,1126,0.84259,0.64,3.83348,3.8064,3.86055,54.15
CC_CELL2,1126,0.84259,0.65,3.84212,3.81528,3.86896,53.68
CC_CELL2,1126,0.84259,0.66,3.85083,3.82452,3.87714,52.62
CC_CELL2,1126,0.84259,0.67,3.85919,3.83341,3.88497,51.56
CC_CELL2,1126,0.84259,0.68,3.86769,3.84215,3.89323,51.08
CC_CELL2,1126,0.84259,0.69,3.87583,3.85031,3.90135,51.04
CC_CELL2,1126,0.84259,0.7,3.88438,3.85854,3.91023,51.69
CC_CELL2,1126,0.84259,0.71,3.89294,3.86661,3.91927,52.66
CC_CELL2,1126,0.84259,0.72,3.90181,3.87486,3.92876,53.9
CC_CELL2,1126,0.84259,0.73,3.91048,3.8828,3.93816,55.36
CC_CELL2,1126,0.84259,0.74,3.91981,3.89125,3.94837,57.12
CC_CELL2,1126,0.84259,0.75,3.92941,3.89967,3.95916,59.49
CC_CELL2,1126,0.84259,0.76,3.93982,3.90859,3.97106,62.47
CC_CELL2,1126,0.84259,0.77,3.95057,3.91778,3.98336,65.58
CC_CELL2,1126,0.84259,0.78,3.96226,3.92776,3.99676,69.0
CC_CELL2,1126,0.84259,0.79,3.97412,3.93799,4.01025,72.26
CC_CELL2,1126,0.84259,0.8,3.98658,3.94885,4.0243,75.45
CC_CELL2,1126,0.84259,0.81,3.99859,3.95968,4.0375,77.82
CC_CELL2,1126,0.84259,0.82,4.01088,3.97145,4.0503,78.85
CC_CELL2,1126,0.84259,0.83,4.02245,3.98311,4.0618,78.69
CC_CELL2,1126,0.84259,0.84,4.03348,3.99485,4.0721,77.25
CC_CELL2,1126,0.84259,0.85,4.043,4.0059,4.0801,74.2
CC_CELL2,1126,0.84259,0.86,4.05074,4.01657,4.0849,68.33
CC_CELL2,1126,0.84259,0.87,4.05716,4.02602,4.0883,62.28
CC_CELL2,1126,0.84259,0.88,4.06366,4.03542,4.0919,56.48
CC_CELL2,1126,0.84259,0.89,4.06982,4.04424,4.0954,51.16
CC_CELL2,1126,0.84259,0.9,4.07588,4.05205,4.09971,47.66
CC_CELL2,1126,0.84259,0.91,4.08149,4.05856,4.10442,45.86
CC_CELL2,1126,0.84259,0.92,4.0872,4.06407,4.11032,46.25
CC_CELL2,1126,0.84259,0.93,4.09245,4.06778,4.11712,49.34
CC_CELL2,1126,0.84259,0.94,4.09851,4.07129,4.12572,54.44
CC_CELL2,1126,0.84259,0.95,4.10536,4.07498,4.13574,60.76
CC_CELL2,1126,0.84259,0.96,4.11402,4.07969,4.14835,68.66
CC_CELL2,1126,0.84259,0.97,4.12475,4.08627,4.16322,76.95
CC_CELL2,1126,0.84259,0.98,4.13856,4.09578,4.18134,85.57
CC_CELL2,1201,0.8311,0.13,2.9386,2.70643,3.17076,464.33
CC_CELL2,1201,0.8311,0.14,3.10337,2.92792,3.27882,350.9
CC_CELL2,1201,0.8311,0.15,3.19385,3.04006,3.34763,307.57
CC_CELL2,1201,0.8311,0.16,3.25755,3.12146,3.39365,272.19
CC_CELL2,1201,0.8311,0.17,3.30359,3.18913,3.41806,228.93
CC_CELL2,1201,0.8311,0.18,3.33816,3.24545,3.43086,185.41
CC_CELL2,1201,0.8311,0.19,3.36555,3.29058,3.44051,149.94
CC_CELL2,1201,0.8311,0.2,3.38822,3.32713,3.44931,122.19
CC_CELL2,1201,0.8311,0.21,3.40691,3.35614,3.45768,101.53
CC_CELL2,1201,0.8311,0.22,3.42274,3.37925,3.46622,86.97
CC_CELL2,1201,0.8311,0.23,3.43608,3.39717,3.47499,77.82
CC_CELL2,1201,0.8311,0.24,3.44789,3.4116,3.48418,72.58
CC_CELL2,1201,0.8311,0.25,3.45879,3.42358,3.494,70.42
CC_CELL2,1201,0.8311,0.26,3.46937,3.43475,3.504,69.25
CC_CELL2,1201,0.8311,0.27,3.47995,3.44524,3.51466,69.42
CC_CELL2,1201,0.8311,0.28,3.49043,3.45565,3.52521,69.56
CC_CELL2,1201,0.8311,0.29,3.50105,3.46588,3.53622,70.34
CC_CELL2,1201,0.8311,0.3,3.5116,3.47618,3.54702,70.84
CC_CELL2,1201,0.8311,0.31,3.52212,3.48628,3.55797,71.69
CC_CELL2,1201,0.8311,0.32,3.53233,3.49638,3.56827,71.89
CC_CELL2,1201,0.8311,0.33,3.54241,3.50623,3.57858,72.35
CC_CELL2,1201,0.8311,0.34,3.55209,3.5159,3.58828,72.38
CC_CELL2,1201,0.8311,0.35,3.56178,3.52578,3.59779,72.01
CC_CELL2,1201,0.8311,0.36,3.57094,3.53525,3.60663,71.38
CC_CELL2,1201,0.8311,0.37,3.58014,3.54478,3.6155,70.72
CC_CELL2,1201,0.8311,0.38,3.58874,3.55383,3.62364,69.81
CC_CELL2,1201,0.8311,0.39,3.59741,3.56295,3.63188,68.93
CC_CELL2,1201,0.8311,0.4,3.60568,3.5718,3.63955,67.74
CC_CELL2,1201,0.8311,0.41,3.6139,3.5804,3.64739,66.98
CC_CELL2,1201,0.8311,0.42,3.62186,3.58893,3.65479,65.86
CC_CELL2,1201,0.8311,0.43,3.62976,3.59703,3.66249,65.46
CC_CELL2,1201,0.8311,0.44,3.6379,3.60573,3.67006,64.33
CC_CELL2,1201,0.8311,0.45,3.646,3.61403,3.67797,63.94
CC_CELL2,1201,0.8311,0.46,3.65444,3.62273,3.68614,63.41
CC_CELL2,1201,0.8311,0.47,3.66282,3.63113,3.69451,63.38
CC_CELL2,1201,0.8311,0.48,3.67171,3.64003,3.70338,63.35
CC_CELL2,1201,0.8311,0.49,3.68049,3.64851,3.71248,63.97
CC_CELL2,1201,0.8311,0.5,3.68979,3.65753,3.72204,64.51
CC_CELL2,1201,0.8311,0.51,3.69919,3.66651,3.73188,65.37
CC_CELL2,1201,0.8311,0.52,3.70914,3.67614,3.74215,66.01
CC_CELL2,1201,0.8311,0.53,3.71903,3.68576,3.7523,66.54
CC_CELL2,1201,0.8311,0.54,3.72942,3.69612,3.76272,66.6
CC_CELL2,1201,0.8311,0.55,3.73961,3.70632,3.7729,66.58
CC_CELL2,1201,0.8311,0.56,3.74999,3.71694,3.78305,66.11
CC_CELL2,1201,0.8311,0.57,3.76048,3.72762,3.79335,65.73
CC_CELL2,1201,0.8311,0.58,3.77068,3.73816,3.80321,65.05
CC_CELL2,1201,0.8311,0.59,3.78093,3.74868,3.81318,64.5
CC_CELL2,1201,0.8311,0.6,3.79069,3.75878,3.82261,63.83
CC_CELL2,1201,0.8311,0.61,3.80051,3.76894,3.83208,63.14
CC_CELL2,1201,0.8311,0.62,3.80988,3.7786,3.84116,62.55
CC_CELL2,1201,0.8311,0.63,3.81928,3.78846,3.85011,61.65
CC_CELL2,1201,0.8311,0.64,3.82838,3.7979,3.85886,60.95
CC_CELL2,1201,0.8311,0.65,3.83733,3.80744,3.86722,59.78
CC_CELL2,1201,0.8311,0.66,3.8459,3.8165,3.8753,58.8
CC_CELL2,1201,0.8311,0.67,3.85446,3.8255,3.88342,57.92
CC_CELL2,1201,0.8311,0.68,3.86289,3.8344,3.89138,56.98
CC_CELL2,1201,0.8311,0.69,3.87112,3.8426,3.89964,57.04
CC_CELL2,1201,0.8311,0.7,3.87965,3.851,3.9083,57.3
CC_CELL2,1201,0.8311,0.71,3.88818,3.85871,3.91766,58.95
CC_CELL2,1201,0.8311,0.72,3.89685,3.8668,3.9269,60.1
CC_CELL2,1201,0.8311,0.73,3.90576,3.87484,3.93667,61.83
CC_CELL2,1201,0.8311,0.74,3.91503,3.88341,3.94666,63.25
CC_CELL2,1201,0.8311,0.75,3.92494,3.89232,3.95756,65.23
CC_CELL2,1201,0.8311,0.76,3.93483,3.90072,3.96894,68.22
CC_CELL2,1201,0.8311,0.77,3.94563,3.90973,3.98154,71.81
CC_CELL2,1201,0.8311,0.78,3.95674,3.91892,3.99456,75.64
CC_CELL2,1201,0.8311,0.79,3.96869,3.92902,4.00836,79.34
CC_CELL2,1201,0.8311,0.8,3.98056,3.93934,4.02178,82.44
CC_CELL2,1201,0.8311,0.81,3.99289,3.95041,4.03538,84.97
CC_CELL2,1201,0.8311,0.82,4.00481,3.96144,4.04817,86.72
CC_CELL2,1201,0.8311,0.83,4.01637,3.97292,4.05982,86.9
CC_CELL2,1201,0.8311,0.84,4.02726,3.98394,4.07058,86.64
CC_CELL2,1201,0.8311,0.85,4.03715,3.99513,4.07918,84.04
CC_CELL2,1201,0.8311,0.86,4.04525,4.00574,4.08475,79.01
CC_CELL2,1201,0.8311,0.87,4.05227,4.01605,4.08849,72.44
CC_CELL2,1201,0.8311,0.88,4.05871,4.02506,4.09236,67.3
CC_CELL2,1201,0.8311,0.89,4.06497,4.03376,4.09618,62.42
CC_CELL2,1201,0.8311,0.9,4.07136,4.04197,4.10076,58.79
CC_CELL2,1201,0.8311,0.91,4.07813,4.05028,4.10599,55.71
CC_CELL2,1201,0.8311,0.92,4.08493,4.05748,4.11237,54.89
CC_CELL2,1201,0.8311,0.93,4.09169,4.06349,4.11988,56.4
CC_CELL2,1201,0.8311,0.94,4.09838,4.06759,4.12916,61.57
CC_CELL2,1201,0.8311,0.95,4.1061,4.07169,4.1405,68.81
CC_CELL2,1201,0.8311,0.96,4.1149,4.07599,4.1538,77.81
CC_CELL2,1201,0.8311,0.97,4.12615,4.08219,4.1701,87.91
CC_CELL2,1201,0.8311,0.98,4.14,4.09099,4.189,98.01
CC_CELL2,1276,0.82288,0.14,2.95336,2.7259,3.18082,454.92
CC_CELL2,1276,0.82288,0.15,3.10849,2.93187,3.28511,353.24
CC_CELL2,1276,0.82288,0.16,3.19485,3.0371,3.3526,315.51
CC_CELL2,1276,0.82288,0.17,3.25465,3.11174,3.39755,285.81
CC_CELL2,1276,0.82288,0.18,3.29764,3.17333,3.42196,248.62
CC_CELL2,1276,0.82288,0.19,3.33068,3.22696,3.4344,207.45
CC_CELL2,1276,0.82288,0.2,3.35913,3.27355,3.44471,171.17
CC_CELL2,1276,0.82288,0.21,3.38304,3.31264,3.45345,140.81
CC_CELL2,1276,0.82288,0.22,3.40354,3.3449,3.46219,117.29
CC_CELL2,1276,0.82288,0.23,3.42082,3.37082,3.47082,99.99
CC_CELL2,1276,0.82288,0.24,3.43567,3.39135,3.47999,88.64
CC_CELL2,1276,0.82288,0.25,3.44811,3.40724,3.48899,81.76
CC_CELL2,1276,0.82288,0.26,3.45971,3.42062,3.4988,78.18
CC_CELL2,1276,0.82288,0.27,3.47053,3.43212,3.50894,76.82
CC_CELL2,1276,0.82288,0.28,3.48133,3.44295,3.51971,76.76
CC_CELL2,1276,0.82288,0.29,3.49174,3.45308,3.53041,77.34
CC_CELL2,1276,0.82288,0.3,3.50253,3.46345,3.54162,78.17
CC_CELL2,1276,0.82288,0.31,3.51283,3.4734,3.55226,78.86
CC_CELL2,1276,0.82288,0.32,3.52345,3.48378,3.56313,79.36
CC_CELL2,1276,0.82288,0.33,3.53349,3.49368,3.5733,79.61
CC_CELL2,1276,0.82288,0.34,3.54366,3.50371,3.5836,79.9
CC_CELL2,1276,0.82288,0.35,3.5533,3.51338,3.59321,79.82
CC_CELL2,1276,0.82288,0.36,3.56291,3.52311,3.60271,79.61
CC_CELL2,1276,0.82288,0.37,3.5721,3.53258,3.61162,79.03
CC_CELL2,1276,0.82288,0.38,3.5812,3.54211,3.6203,78.19
CC_CELL2,1276,0.82288,0.39,3.58986,3.55128,3.62844,77.16
CC_CELL2,1276,0.82288,0.4,3.59852,3.56043,3.63661,76.17
CC_CELL2,1276,0.82288,0.41,3.60683,3.56942,3.64425,74.83
CC_CELL2,1276,0.82288,0.42,3.61512,3.57818,3.65205,73.87
CC_CELL2,1276,0.82288,0.43,3.62319,3.58692,3.65945,72.53
CC_CELL2,1276,0.82288,0.44,3.63135,3.59548,3.66721,71.73
CC_CELL2,1276,0.82288,0.45,3.6394,3.60384,3.67496,71.12
CC_CELL2,1276,0.82288,0.46,3.64771,3.61236,3.68306,70.7
CC_CELL2,1276,0.82288,0.47,3.65595,3.62064,3.69125,70.61
CC_CELL2,1276,0.82288,0.48,3.66467,3.62918,3.70015,70.97
CC_CELL2,1276,0.82288,0.49,3.6734,3.63764,3.70915,71.51
CC_CELL2,1276,0.82288,0.5,3.68272,3.64659,3.71885,72.26
CC_CELL2,1276,0.82288,0.51,3.69198,3.65547,3.7285,73.02
CC_CELL2,1276,0.82288,0.52,3.70185,3.66499,3.73871,73.72
CC_CELL2,1276,0.82288,0.53,3.71178,3.67467,3.74888,74.21
CC_CELL2,1276,0.82288,0.54,3.72209,3.68489,3.75928,74.4
CC_CELL2,1276,0.82288,0.55,3.73228,3.69497,3.76958,74.61
CC_CELL2,1276,0.82288,0.56,3.7427,3.70556,3.77984,74.28
CC_CELL2,1276,0.82288,0.57,3.75288,3.71587,3.78988,74.01
CC_CELL2,1276,0.82288,0.58,3.76309,3.72654,3.79963,73.09
CC_CELL2,1276,0.82288,0.59,3.7733,3.73702,3.80958,72.57
CC_CELL2,1276,0.82288,0.6,3.78323,3.74757,3.81888,71.32
CC_CELL2,1276,0.82288,0.61,3.79305,3.75762,3.82848,70.87
CC_CELL2,1276,0.82288,0.62,3.80256,3.76768,3.83744,69.76
CC_CELL2,1276,0.82288,0.63,3.81203,3.7774,3.84666,69.26
CC_CELL2,1276,0.82288,0.64,3.82117,3.78718,3.85516,67.98
CC_CELL2,1276,0.82288,0.65,3.83012,3.79653,3.86371,67.18
CC_CELL2,1276,0.82288,0.66,3.83893,3.80609,3.87176,65.67
CC_CELL2,1276,0.82288,0.67,3.8475,3.81513,3.87986,64.73
CC_CELL2,1276,0.82288,0.68,3.85594,3.82431,3.88756,63.25
CC_CELL2,1276,0.82288,0.69,3.86435,3.83284,3.89586,63.03
CC_CELL2,1276,0.82288,0.7,3.87278,3.84144,3.90412,62.68
CC_CELL2,1276,0.82288,0.71,3.88136,3.84935,3.91336,64.01
CC_CELL2,1276,0.82288,0.72,3.89011,3.85745,3.92276,65.31
CC_CELL2,1276,0.82288,0.73,3.89895,3.86506,3.93285,67.79
CC_CELL2,1276,0.82288,0.74,3.90824,3.87326,3.94322,69.96
CC_CELL2,1276,0.82288,0.75,3.9178,3.88135,3.95425,72.9
CC_CELL2,1276,0.82288,0.76,3.92806,3.89006,3.96607,76.02
CC_CELL2,1276,0.82288,0.77,3.9387,3.89875,3.97866,79.91
CC_CELL2,1276,0.82288,0.78,3.94979,3.90805,3.99153,83.48
CC_CELL2,1276,0.82288,0.79,3.96136,3.91775,4.00496,87.21
CC_CELL2,1276,0.82288,0.8,3.97363,3.92845,4.01882,90.37
CC_CELL2,1276,0.82288,0.81,3.98585,3.93905,4.03266,93.61
CC_CELL2,1276,0.82288,0.82,3.99793,3.95025,4.0456,95.35
CC_CELL2,1276,0.82288,0.83,4.00963,3.96135,4.0579,96.55
CC_CELL2,1276,0.82288,0.84,4.02069,3.97285,4.06854,95.69
CC_CELL2,1276,0.82288,0.85,4.03106,3.98397,4.07816,94.19
CC_CELL2,1276,0.82288,0.86,4.03963,3.99526,4.084,88.74
CC_CELL2,1276,0.82288,0.87,4.04708,4.00587,4.08828,82.41
CC_CELL2,1276,0.82288,0.88,4.05388,4.01587,4.09188,76.01
CC_CELL2,1276,0.82288,0.89,4.06071,4.02527,4.09615,70.88
CC_CELL2,1276,0.82288,0.9,4.067,4.03348,4.10052,67.04
CC_CELL2,1276,0.82288,0.91,4.07404,4.04208,4.10599,63.91
CC_CELL2,1276,0.82288,0.92,4.08133,4.05038,4.11228,61.9
CC_CELL2,1276,0.82288,0.93,4.08902,4.05799,4.12005,62.06
CC_CELL2,1276,0.82288,0.94,4.0965,4.06399,4.12901,65.02
CC_CELL2,1276,0.82288,0.95,4.10434,4.0685,4.14018,71.68
CC_CELL2,1276,0.82288,0.96,4.11311,4.07299,4.15323,80.24
CC_CELL2,1276,0.82288,0.97,4.12377,4.0785,4.16905,90.56
CC_CELL2,1276,0.82288,0.98,4.13709,4.08689,4.18729,100.4
CC_CELL2,1351,0.78098,0.18,2.84319,2.57033,3.11606,545.72
CC_CELL2,1351,0.78098,0.19,3.04761,2.8396,3.25561,416.01
CC_CELL2,1351,0.78098,0.2,3.15961,2.98216,3.33706,354.9
CC_CELL2,1351,0.78098,0.21,3.22874,3.06654,3.39093,324.39
CC_CELL2,1351,0.78098,0.22,3.27663,3.13077,3.42249,291.72
CC_CELL2,1351,0.78098,0.23,3.31159,3.18509,3.43809,253.0
CC_CELL2,1351,0.78098,0.24,3.34096,3.2336,3.44832,214.72
CC_CELL2,1351,0.78098,0.25,3.36685,3.27631,3.45738,181.07
CC_CELL2,1351,0.78098,0.26,3.38961,3.31312,3.46611,152.99
CC_CELL2,1351,0.78098,0.27,3.40971,3.34421,3.47522,131.01
CC_CELL2,1351,0.78098,0.28,3.42713,3.36952,3.48474,115.22
CC_CELL2,1351,0.78098,0.29,3.44239,3.39006,3.49473,104.67
CC_CELL2,1351,0.78098,0.3,3.45568,3.40622,3.50514,98.93
CC_CELL2,1351,0.78098,0.31,3.46778,3.41982,3.51574,95.92
CC_CELL2,1351,0.78098,0.32,3.47903,3.43174,3.52632,94.57
CC_CELL2,1351,0.78098,0.33,3.48993,3.44318,3.53669,93.51
CC_CELL2,1351,0.78098,0.34,3.5008,3.45454,3.54706,92.52
CC_CELL2,1351,0.78098,0.35,3.51142,3.46558,3.55726,91.68
CC_CELL2,1351,0.78098,0.36,3.52213,3.47678,3.56747,90.69
CC_CELL2,1351,0.78098,0.37,3.53268,3.48781,3.57754,89.73
CC_CELL2,1351,0.78098,0.38,3.54308,3.49862,3.58755,88.93
CC_CELL2,1351,0.78098,0.39,3.5531,3.50895,3.59725,88.3
CC_CELL2,1351,0.78098,0.4,3.56305,3.51925,3.60686,87.61
CC_CELL2,1351,0.78098,0.41,3.5726,3.52893,3.61626,87.33
CC_CELL2,1351,0.78098,0.42,3.58175,3.53848,3.62502,86.55
CC_CELL2,1351,0.78098,0.43,3.59089,3.54775,3.63404,86.29
CC_CELL2,1351,0.78098,0.44,3.59965,3.5566,3.6427,86.1
CC_CELL2,1351,0.78098,0.45,3.60806,3.5651,3.65101,85.9
CC_CELL2,1351,0.78098,0.46,3.61661,3.57383,3.65939,85.55
CC_CELL2,1351,0.78098,0.47,3.62496,3.58246,3.66747,85.01
CC_CELL2,1351,0.78098,0.48,3.63346,3.59103,3.6759,84.86
CC_CELL2,1351,0.78098,0.49,3.64209,3.59983,3.68435,84.52
CC_CELL2,1351,0.78098,0.5,3.65082,3.60853,3.6931,84.57
CC_CELL2,1351,0.78098,0.51,3.65967,3.61713,3.70221,85.08
CC_CELL2,1351,0.78098,0.52,3.66866,3.62601,3.71131,85.3
CC_CELL2,1351,0.78098,0.53,3.67802,3.63483,3.72121,86.38
CC_CELL2,1351,0.78098,0.54,3.68747,3.64398,3.73096,86.97
CC_CELL2,1351,0.78098,0.55,3.69721,3.65328,3.74114,87.86
CC_CELL2,1351,0.78098,0.56,3.70715,3.66276,3.75154,88.78
CC_CELL2,1351,0.78098,0.57,3.71737,3.6729,3.76184,88.94
CC_CELL2,1351,0.78098,0.58,3.72753,3.68296,3.7721,89.14
CC_CELL2,1351,0.78098,0.59,3.73788,3.6936,3.78216,88.56
CC_CELL2,1351,0.78098,0.6,3.74808,3.70414,3.79202,87.88
CC_CELL2,1351,0.78098,0.61,3.75854,3.7151,3.80197,86.87
CC_CELL2,1351,0.78098,0.62,3.76878,3.72618,3.81137,85.19
CC_CELL2,1351,0.78098,0.63,3.7791,3.73724,3.82096,83.72
CC_CELL2,1351,0.78098,0.64,3.78908,3.74789,3.83027,82.38
CC_CELL2,1351,0.78098,0.65,3.79882,3.75854,3.8391,80.56
CC_CELL2,1351,0.78098,0.66,3.80856,3.76914,3.84799,78.85
CC_CELL2,1351,0.78098,0.67,3.81807,3.77946,3.85669,77.23
CC_CELL2,1351,0.78098,0.68,3.82721,3.78959,3.86483,75.24
CC_CELL2,1351,0.78098,0.69,3.8363,3.79978,3.87283,73.05
CC_CELL2,1351,0.78098,0.7,3.84531,3.80987,3.88074,70.87
CC_CELL2,1351,0.78098,0.71,3.85404,3.81927,3.8888,69.53
CC_CELL2,1351,0.78098,0.72,3.86262,3.82839,3.89684,68.45
CC_CELL2,1351,0.78098,0.73,3.87141,3.83731,3.90552,68.21
CC_CELL2,1351,0.78098,0.74,3.88032,3.84554,3.9151,69.57
CC_CELL2,1351,0.78098,0.75,3.88928,3.85372,3.92484,71.12
CC_CELL2,1351,0.78098,0.76,3.89841,3.86188,3.93493,73.04
CC_CELL2,1351,0.78098,0.77,3.90758,3.86993,3.94523,75.3
CC_CELL2,1351,0.78098,0.78,3.91738,3.87815,3.95661,78.47
CC_CELL2,1351,0.78098,0.79,3.92777,3.88702,3.96852,81.5
CC_CELL2,1351,0.78098,0.8,3.93866,3.89632,3.981,84.68
CC_CELL2,1351,0.78098,0.81,3.9501,3.90584,3.99436,88.52
CC_CELL2,1351,0.78098,0.82,3.96218,3.91651,4.00785,91.34
CC_CELL2,1351,0.78098,0.83,3.97485,3.92774,4.02196,94.22
CC_CELL2,1351,0.78098,0.84,3.98783,3.94011,4.03555,95.44
CC_CELL2,1351,0.78098,0.85,4.00089,3.95312,4.04866,95.54
CC_CELL2,1351,0.78098,0.86,4.0129,3.96613,4.05967,93.54
CC_CELL2,1351,0.78098,0.87,4.0246,3.97922,4.06997,90.74
CC_CELL2,1351,0.78098,0.88,4.03548,3.99135,4.0796,88.25
CC_CELL2,1351,0.78098,0.89,4.04413,4.00276,4.0855,82.74
CC_CELL2,1351,0.78098,0.9,4.05193,4.01366,4.0902,76.54
CC_CELL2,1351,0.78098,0.91,4.05844,4.02257,4.0943,71.73
CC_CELL2,1351,0.78098,0.92,4.06439,4.02967,4.0991,69.43
CC_CELL2,1351,0.78098,0.93,4.07089,4.03697,4.1048,67.83
CC_CELL2,1351,0.78098,0.94,4.0778,4.04458,4.11102,66.44
CC_CELL2,1351,0.78098,0.95,4.08576,4.05278,4.11873,65.95
CC_CELL2,1351,0.78098,0.96,4.09417,4.06049,4.12786,67.37
CC_CELL2,1351,0.78098,0.97,4.10313,4.06749,4.13877,71.28
CC_CELL2,1351,0.78098,0.98,4.11369,4.07549,4.1519,76.4
CC_CELL2,1351,0.78098,0.99,4.1275,4.08789,4.16712,79.23
CC_CELL2,1426,0.79305,0.17,3.02235,2.82046,3.22424,403.77
CC_CELL2,1426,0.79305,0.18,3.17369,2.97794,3.36944,391.5
CC_CELL2,1426,0.79305,0.19,3.24067,3.06584,3.4155,349.66
CC_CELL2,1426,0.79305,0.2,3.28202,3.12438,3.43967,315.29
CC_CELL2,1426,0.79305,0.21,3.31197,3.17308,3.45086,277.78
CC_CELL2,1426,0.79305,0.22,3.33798,3.217,3.45896,241.96
CC_CELL2,1426,0.79305,0.23,3.36163,3.25712,3.46614,209.02
CC_CELL2,1426,0.79305,0.24,3.38387,3.29402,3.47372,179.7
CC_CELL2,1426,0.79305,0.25,3.40398,3.32654,3.48143,154.89
CC_CELL2,1426,0.79305,0.26,3.42239,3.35484,3.48995,135.12
CC_CELL2,1426,0.79305,0.27,3.43861,3.37826,3.49896,120.7
CC_CELL2,1426,0.79305,0.28,3.45301,3.3972,3.50881,111.62
CC_CELL2,1426,0.79305,0.29,3.46605,3.41263,3.51948,106.84
CC_CELL2,1426,0.79305,0.3,3.4781,3.42534,3.53085,105.51
CC_CELL2,1426,0.79305,0.31,3.48943,3.43654,3.54231,105.77
CC_CELL2,1426,0.79305,0.32,3.50054,3.44704,3.55403,106.99
CC_CELL2,1426,0.79305,0.33,3.51112,3.45691,3.56533,108.41
CC_CELL2,1426,0.79305,0.34,3.52144,3.46671,3.57617,109.46
CC_CELL2,1426,0.79305,0.35,3.53153,3.47618,3.58688,110.7
CC_CELL2,1426,0.79305,0.36,3.54133,3.48571,3.59695,111.24
CC_CELL2,1426,0.79305,0.37,3.55125,3.49554,3.60696,111.41
CC_CELL2,1426,0.79305,0.38,3.56062,3.50504,3.61619,111.15
CC_CELL2,1426,0.79305,0.39,3.57026,3.51501,3.6255,110.49
CC_CELL2,1426,0.79305,0.4,3.57941,3.52468,3.63414,109.46
CC_CELL2,1426,0.79305,0.41,3.5887,3.53472,3.64267,107.95
CC_CELL2,1426,0.79305,0.42,3.59793,3.54518,3.65068,105.5
CC_CELL2,1426,0.79305,0.43,3.60679,3.55518,3.65841,103.24
CC_CELL2,1426,0.79305,0.44,3.61564,3.56513,3.66615,101.02
CC_CELL2,1426,0.79305,0.45,3.62425,3.57485,3.67365,98.81
CC_CELL2,1426,0.79305,0.46,3.63303,3.58433,3.68172,97.39
CC_CELL2,1426,0.79305,0.47,3.64147,3.59308,3.68986,96.79
CC_CELL2,1426,0.79305,0.48,3.65031,3.602,3.69863,96.63
CC_CELL2,1426,0.79305,0.49,3.65895,3.61046,3.70745,96.99
CC_CELL2,1426,0.79305,0.5,3.66797,3.61921,3.71674,97.53
CC_CELL2,1426,0.79305,0.51,3.67697,3.62783,3.7261,98.27
CC_CELL2,1426,0.79305,0.52,3.68614,3.63643,3.73584,99.41
CC_CELL2,1426,0.79305,0.53,3.69558,3.64551,3.74566,100.15
CC_CELL2,1426,0.79305,0.54,3.70509,3.65443,3.75574,101.31
CC_CELL2,1426,0.79305,0.55,3.71476,3.66383,3.7657,101.86
CC_CELL2,1426,0.79305,0.56,3.7246,3.67338,3.77581,102.42
CC_CELL2,1426,0.79305,0.57,3.73443,3.68336,3.7855,102.14
CC_CELL2,1426,0.79305,0.58,3.74446,3.69352,3.79541,101.89
CC_CELL2,1426,0.79305,0.59,3.75442,3.70396,3.80488,100.92
CC_CELL2,1426,0.79305,0.6,3.76454,3.71478,3.81431,99.53
CC_CELL2,1426,0.79305,0.61,3.77459,3.72552,3.82365,98.13
CC_CELL2,1426,0.79305,0.62,3.78433,3.73612,3.83253,96.41
CC_CELL2,1426,0.79305,0.63,3.79422,3.7467,3.84174,95.04
CC_CELL2,1426,0.79305,0.64,3.80369,3.75714,3.85024,93.1
CC_CELL2,1426,0.79305,0.65,3.81304,3.76729,3.85878,91.5
CC_CELL2,1426,0.79305,0.66,3.82203,3.77732,3.86674,89.41
CC_CELL2,1426,0.79305,0.67,3.83093,3.78717,3.87469,87.52
CC_CELL2,1426,0.79305,0.68,3.83952,3.7968,3.88224,85.43
CC_CELL2,1426,0.79305,0.69,3.84833,3.80674,3.88991,83.16
CC_CELL2,1426,0.79305,0.7,3.85698,3.81619,3.89777,81.57
CC_CELL2,1426,0.79305,0.71,3.86569,3.82521,3.90616,80.95
CC_CELL2,1426,0.79305,0.72,3.87464,3.8337,3.91557,81.87
CC_CELL2,1426,0.79305,0.73,3.88389,3.8419,3.92587,83.96
CC_CELL2,1426,0.79305,0.74,3.89357,3.84992,3.93722,87.3
CC_CELL2,1426,0.79305,0.75,3.90315,3.85754,3.94877,91.23
CC_CELL2,1426,0.79305,0.76,3.91322,3.86513,3.96132,96.19
CC_CELL2,1426,0.79305,0.77,3.92364,3.87312,3.97416,101.04
CC_CELL2,1426,0.79305,0.78,3.9342,3.88114,3.98726,106.12
CC_CELL2,1426,0.79305,0.79,3.94522,3.88991,4.00053,110.61
CC_CELL2,1426,0.79305,0.8,3.95669,3.89903,4.01436,115.33
CC_CELL2,1426,0.79305,0.81,3.96827,3.90841,4.02813,119.71
CC_CELL2,1426,0.79305,0.82,3.98014,3.91853,4.04176,123.23
CC_CELL2,1426,0.79305,0.83,3.99203,3.92971,4.05434,124.63
CC_CELL2,1426,0.79305,0.84,4.00343,3.94094,4.06592,124.98
CC_CELL2,1426,0.79305,0.85,4.01462,3.95332,4.07592,122.6
CC_CELL2,1426,0.79305,0.86,4.02429,3.96554,4.08304,117.5
CC_CELL2,1426,0.79305,0.87,4.03263,3.97783,4.08744,109.61
CC_CELL2,1426,0.79305,0.88,4.04079,3.98985,4.09174,101.89
CC_CELL2,1426,0.79305,0.89,4.04881,4.00165,4.09598,94.33
CC_CELL2,1426,0.79305,0.9,4.05723,4.01314,4.10132,88.18
CC_CELL2,1426,0.79305,0.91,4.06537,4.02366,4.10708,83.42
CC_CELL2,1426,0.79305,0.92,4.07384,4.03346,4.11422,80.76
CC_CELL2,1426,0.79305,0.93,4.08312,4.04366,4.12258,78.92
CC_CELL2,1426,0.79305,0.94,4.09291,4.05328,4.13255,79.27
CC_CELL2,1426,0.79305,0.95,4.103,4.06148,4.14452,83.03
CC_CELL2,1426,0.79305,0.96,4.11299,4.06759,4.15838,90.79
CC_CELL2,1426,0.79305,0.97,4.12389,4.07309,4.17469,101.6
CC_CELL2,1426,0.79305,0.98,4.13667,4.08019,4.19315,112.96
CC_CELL2,1501,0.78699,0.17,2.80844,2.54123,3.07565,534.42
CC_CELL2,1501,0.78699,0.18,3.03505,2.83685,3.23326,396.4
CC_CELL2,1501,0.78699,0.19,3.15015,2.97849,3.3218,343.32
CC_CELL2,1501,0.78699,0.2,3.21915,3.05635,3.38194,325.59
CC_CELL2,1501,0.78699,0.21,3.26669,3.11134,3.42203,310.69
CC_CELL2,1501,0.78699,0.22,3.29899,3.15576,3.44223,286.47
CC_CELL2,1501,0.78699,0.23,3.3245,3.19569,3.45331,257.62
CC_CELL2,1501,0.78699,0.24,3.34756,3.23342,3.46171,228.29
CC_CELL2,1501,0.78699,0.25,3.36948,3.26905,3.46991,200.86
CC_CELL2,1501,0.78699,0.26,3.39023,3.30245,3.47802,175.56
CC_CELL2,1501,0.78699,0.27,3.40975,3.33275,3.48675,154.0
CC_CELL2,1501,0.78699,0.28,3.42752,3.35916,3.49589,136.73
CC_CELL2,1501,0.78699,0.29,3.44318,3.38101,3.50536,124.35
CC_CELL2,1501,0.78699,0.3,3.45712,3.39854,3.51569,117.15
CC_CELL2,1501,0.78699,0.31,3.46963,3.41297,3.5263,113.33
CC_CELL2,1501,0.78699,0.32,3.48124,3.42478,3.5377,112.92
CC_CELL2,1501,0.78699,0.33,3.49246,3.43578,3.54914,113.36
CC_CELL2,1501,0.78699,0.34,3.50339,3.4462,3.56057,114.37
CC_CELL2,1501,0.78699,0.35,3.51421,3.45668,3.57174,115.06
CC_CELL2,1501,0.78699,0.36,3.52514,3.46739,3.58288,115.49
CC_CELL2,1501,0.78699,0.37,3.53575,3.47782,3.59368,115.86
CC_CELL2,1501,0.78699,0.38,3.5461,3.48819,3.60402,115.82
CC_CELL2,1501,0.78699,0.39,3.55612,3.49839,3.61385,115.46
CC_CELL2,1501,0.78699,0.4,3.56604,3.5084,3.62368,115.28
CC_CELL2,1501,0.78699,0.41,3.57546,3.5181,3.63282,114.71
CC_CELL2,1501,0.78699,0.42,3.58475,3.5278,3.64169,113.89
CC_CELL2,1501,0.78699,0.43,3.59374,3.53702,3.65046,113.44
CC_CELL2,1501,0.78699,0.44,3.60283,3.5465,3.65916,112.66
CC_CELL2,1501,0.78699,0.45,3.61168,3.5555,3.66786,112.36
CC_CELL2,1501,0.78699,0.46,3.62052,3.5647,3.67633,111.62
CC_CELL2,1501,0.78699,0.47,3.62932,3.57353,3.68511,111.58
CC_CELL2,1501,0.78699,0.48,3.63834,3.5826,3.69407,111.47
CC_CELL2,1501,0.78699,0.49,3.64691,3.59135,3.70247,111.12
CC_CELL2,1501,0.78699,0.5,3.65588,3.60024,3.71151,111.28
CC_CELL2,1501,0.78699,0.51,3.66496,3.60914,3.72078,111.64
CC_CELL2,1501,0.78699,0.52,3.67393,3.61764,3.73022,112.58
CC_CELL2,1501,0.78699,0.53,3.68333,3.62654,3.74012,113.58
CC_CELL2,1501,0.78699,0.54,3.69254,3.63516,3.74992,114.76
CC_CELL2,1501,0.78699,0.55,3.70207,3.64414,3.76,115.86
CC_CELL2,1501,0.78699,0.56,3.7118,3.65344,3.77016,116.72
CC_CELL2,1501,0.78699,0.57,3.72132,3.66264,3.78,117.36
CC_CELL2,1501,0.78699,0.58,3.73119,3.67242,3.78995,117.53
CC_CELL2,1501,0.78699,0.59,3.74094,3.68224,3.79965,117.42
CC_CELL2,1501,0.78699,0.6,3.75059,3.69213,3.80905,116.92
CC_CELL2,1501,0.78699,0.61,3.76046,3.70243,3.8185,116.07
CC_CELL2,1501,0.78699,0.62,3.77064,3.71344,3.82785,114.42
CC_CELL2,1501,0.78699,0.63,3.78076,3.72481,3.83671,111.9
CC_CELL2,1501,0.78699,0.64,3.79077,3.73594,3.8456,109.66
CC_CELL2,1501,0.78699,0.65,3.80067,3.74703,3.85431,107.28
CC_CELL2,1501,0.78699,0.66,3.80992,3.75734,3.86251,105.17
CC_CELL2,1501,0.78699,0.67,3.81893,3.76715,3.87071,103.56
CC_CELL2,1501,0.78699,0.68,3.8277,3.77704,3.87836,101.33
CC_CELL2,1501,0.78699,0.69,3.83653,3.78685,3.88621,99.36
CC_CELL2,1501,0.78699,0.7,3.84504,3.79615,3.89394,97.79
CC_CELL2,1501,0.78699,0.71,3.85392,3.80575,3.90208,96.34
CC_CELL2,1501,0.78699,0.72,3.86304,3.81484,3.91123,96.39
CC_CELL2,1501,0.78699,0.73,3.87249,3.82385,3.92114,97.28
CC_CELL2,1501,0.78699,0.74,3.88227,3.83266,3.93188,99.22
CC_CELL2,1501,0.78699,0.75,3.89214,3.84096,3.94333,102.37
CC_CELL2,1501,0.78699,0.76,3.90225,3.84926,3.95523,105.97
CC_CELL2,1501,0.78699,0.77,3.91237,3.85697,3.96778,110.81
CC_CELL2,1501,0.78699,0.78,3.92307,3.86516,3.98098,115.82
CC_CELL2,1501,0.78699,0.79,3.93385,3.87318,3.99453,121.35
CC_CELL2,1501,0.78699,0.8,3.94542,3.88196,4.00888,126.92
CC_CELL2,1501,0.78699,0.81,3.9571,3.89107,4.02312,132.05
CC_CELL2,1501,0.78699,0.82,3.96895,3.90047,4.03742,136.96
CC_CELL2,1501,0.78699,0.83,3.98079,3.91086,4.05072,139.85
CC_CELL2,1501,0.78699,0.84,3.99224,3.92176,4.06272,140.96
CC_CELL2,1501,0.78699,0.85,4.00349,3.93337,4.07362,140.25
CC_CELL2,1501,0.78699,0.86,4.01362,3.94527,4.08196,136.69
CC_CELL2,1501,0.78699,0.87,4.02246,3.95777,4.08716,129.39
CC_CELL2,1501,0.78699,0.88,4.03069,3.96977,4.0916,121.83
CC_CELL2,1501,0.78699,0.89,4.03942,3.98268,4.09616,113.48
CC_CELL2,1501,0.78699,0.9,4.04882,3.99588,4.10176,105.88
CC_CELL2,1501,0.78699,0.91,4.0581,4.00828,4.10792,99.64
CC_CELL2,1501,0.78699,0.92,4.06782,4.02008,4.11555,95.47
CC_CELL2,1501,0.78699,0.93,4.07729,4.03009,4.12449,94.4
CC_CELL2,1501,0.78699,0.94,4.08735,4.03979,4.1349,95.11
CC_CELL2,1501,0.78699,0.95,4.09861,4.04979,4.14743,97.64
CC_CELL2,1501,0.78699,0.96,4.11036,4.0588,4.16192,103.12
CC_CELL2,1501,0.78699,0.97,4.12245,4.0662,4.1787,112.5
CC_CELL2,1501,0.78699,0.98,4.13607,4.0738,4.19835,124.56
CC_CELL2,1576,0.77342,0.19,2.96954,2.76136,3.17773,416.37
CC_CELL2,1576,0.77342,0.2,3.11625,2.94704,3.28546,338.42
CC_CELL2,1576,0.77342,0.21,3.19672,3.03706,3.35638,319.32
CC_CELL2,1576,0.77342,0.22,3.25068,3.09452,3.40684,312.32
CC_CELL2,1576,0.77342,0.23,3.2875,3.13762,3.43738,299.76
CC_CELL2,1576,0.77342,0.24,3.31234,3.17329,3.45139,278.1
CC_CELL2,1576,0.77342,0.25,3.33212,3.2042,3.46004,255.84
CC_CELL2,1576,0.77342,0.26,3.35311,3.23829,3.46792,229.63
CC_CELL2,1576,0.77342,0.27,3.37453,3.27322,3.47583,202.61
CC_CELL2,1576,0.77342,0.28,3.39497,3.3061,3.48383,177.73
CC_CELL2,1576,0.77342,0.29,3.41454,3.33633,3.49274,156.41
CC_CELL2,1576,0.77342,0.3,3.43263,3.36262,3.50264,140.01
CC_CELL2,1576,0.77342,0.31,3.44813,3.38265,3.51362,130.96
CC_CELL2,1576,0.77342,0.32,3.46218,3.39932,3.52504,125.72
CC_CELL2,1576,0.77342,0.33,3.47509,3.41295,3.53724,124.29
CC_CELL2,1576,0.77342,0.34,3.48698,3.42421,3.54975,125.54
CC_CELL2,1576,0.77342,0.35,3.49785,3.43434,3.56136,127.01
CC_CELL2,1576,0.77342,0.36,3.50855,3.44424,3.57286,128.62
CC_CELL2,1576,0.77342,0.37,3.51917,3.45378,3.58457,130.79
CC_CELL2,1576,0.77342,0.38,3.52958,3.46348,3.59568,132.2
CC_CELL2,1576,0.77342,0.39,3.53991,3.47313,3.60668,133.55
CC_CELL2,1576,0.77342,0.4,3.55002,3.48305,3.61699,133.94
CC_CELL2,1576,0.77342,0.41,3.56012,3.49335,3.6269,133.55
CC_CELL2,1576,0.77342,0.42,3.5701,3.5034,3.6368,133.4
CC_CELL2,1576,0.77342,0.43,3.57976,3.51362,3.64591,132.29
CC_CELL2,1576,0.77342,0.44,3.58931,3.5237,3.65491,131.21
CC_CELL2,1576,0.77342,0.45,3.59849,3.53368,3.66331,129.63
CC_CELL2,1576,0.77342,0.46,3.60755,3.54368,3.67143,127.74
CC_CELL2,1576,0.77342,0.47,3.61664,3.55336,3.67992,126.57
CC_CELL2,1576,0.77342,0.48,3.62553,3.56283,3.68823,125.39
CC_CELL2,1576,0.77342,0.49,3.63462,3.57241,3.69683,124.43
CC_CELL2,1576,0.77342,0.5,3.64352,3.58141,3.70563,124.22
CC_CELL2,1576,0.77342,0.51,3.65257,3.59068,3.71446,123.77
CC_CELL2,1576,0.77342,0.52,3.66168,3.59961,3.72375,124.14
CC_CELL2,1576,0.77342,0.53,3.67096,3.60883,3.73308,124.25
CC_CELL2,1576,0.77342,0.54,3.68034,3.61783,3.74286,125.02
CC_CELL2,1576,0.77342,0.55,3.68984,3.6271,3.75257,125.47
CC_CELL2,1576,0.77342,0.56,3.69921,3.63596,3.76246,126.5
CC_CELL2,1576,0.77342,0.57,3.70862,3.64466,3.77258,127.92
CC_CELL2,1576,0.77342,0.58,3.71819,3.65376,3.78262,128.86
CC_CELL2,1576,0.77342,0.59,3.72793,3.66286,3.793,130.14
CC_CELL2,1576,0.77342,0.6,3.73762,3.67234,3.8029,130.56
CC_CELL2,1576,0.77342,0.61,3.74762,3.68224,3.813,130.76
CC_CELL2,1576,0.77342,0.62,3.75707,3.69214,3.82201,129.87
CC_CELL2,1576,0.77342,0.63,3.76693,3.70264,3.83123,128.59
CC_CELL2,1576,0.77342,0.64,3.77665,3.71319,3.84011,126.92
CC_CELL2,1576,0.77342,0.65,3.78644,3.72402,3.84886,124.84
CC_CELL2,1576,0.77342,0.66,3.79609,3.73469,3.8575,122.81
CC_CELL2,1576,0.77342,0.67,3.80567,3.74552,3.86581,120.29
CC_CELL2,1576,0.77342,0.68,3.81495,3.75589,3.874,118.11
CC_CELL2,1576,0.77342,0.69,3.82404,3.76628,3.8818,115.52
CC_CELL2,1576,0.77342,0.7,3.83305,3.77666,3.88944,112.78
CC_CELL2,1576,0.77342,0.71,3.84221,3.7867,3.89772,111.02
CC_CELL2,1576,0.77342,0.72,3.85138,3.79659,3.90616,109.57
CC_CELL2,1576,0.77342,0.73,3.86126,3.80668,3.91584,109.16
CC_CELL2,1576,0.77342,0.74,3.87105,3.8161,3.92599,109.89
CC_CELL2,1576,0.77342,0.75,3.88125,3.82559,3.93692,111.32
CC_CELL2,1576,0.77342,0.76,3.89159,3.83443,3.94874,114.31
CC_CELL2,1576,0.77342,0.77,3.90194,3.84303,3.96084,117.81
CC_CELL2,1576,0.77342,0.78,3.91257,3.85154,3.97361,122.08
CC_CELL2,1576,0.77342,0.79,3.9232,3.85934,3.98706,127.72
CC_CELL2,1576,0.77342,0.8,3.93447,3.86842,4.00051,132.08
CC_CELL2,1576,0.77342,0.81,3.94611,3.87784,4.01439,136.56
CC_CELL2,1576,0.77342,0.82,3.95818,3.88802,4.02834,140.32
CC_CELL2,1576,0.77342,0.83,3.97045,3.89902,4.04188,142.86
CC_CELL2,1576,0.77342,0.84,3.98239,3.91024,4.05454,144.3
CC_CELL2,1576,0.77342,0.85,3.99386,3.92154,4.06618,144.64
CC_CELL2,1576,0.77342,0.86,4.00522,3.93392,4.07652,142.61
CC_CELL2,1576,0.77342,0.87,4.0154,3.94654,4.08426,137.72
CC_CELL2,1576,0.77342,0.88,4.02445,3.95953,4.08936,129.84
CC_CELL2,1576,0.77342,0.89,4.03342,3.97274,4.09409,121.35
CC_CELL2,1576,0.77342,0.9,4.0427,3.98574,4.09966,113.92
CC_CELL2,1576,0.77342,0.91,4.05235,3.99875,4.10595,107.2
CC_CELL2,1576,0.77342,0.92,4.06239,4.01106,4.11372,102.67
CC_CELL2,1576,0.77342,0.93,4.07301,4.02306,4.12295,99.89
CC_CELL2,1576,0.77342,0.94,4.0839,4.03418,4.13362,99.45
CC_CELL2,1576,0.77342,0.95,4.09616,4.04567,4.14664,100.97
CC_CELL2,1576,0.77342,0.96,4.10882,4.05639,4.16126,104.87
CC_CELL2,1576,0.77342,0.97,4.12143,4.06469,4.17818,113.49
CC_CELL2,1576,0.77342,0.98,4.13437,4.07179,4.19694,125.15
CC_CELL2,1651,0.76006,0.2,2.92953,2.70478,3.15429,449.51
CC_CELL2,1651,0.76006,0.21,3.09636,2.9191,3.27362,354.52
CC_CELL2,1651,0.76006,0.22,3.18496,3.02008,3.34984,329.76
CC_CELL2,1651,0.76006,0.23,3.2418,3.07994,3.40367,323.73
CC_CELL2,1651,0.76006,0.24,3.27998,3.12206,3.4379,315.84
CC_CELL2,1651,0.76006,0.25,3.30385,3.15381,3.45388,300.07
CC_CELL2,1651,0.76006,0.26,3.32483,3.18638,3.46329,276.91
CC_CELL2,1651,0.76006,0.27,3.3457,3.21975,3.47165,251.9
CC_CELL2,1651,0.76006,0.28,3.36572,3.25155,3.47989,228.34
CC_CELL2,1651,0.76006,0.29,3.38563,3.2829,3.48835,205.45
CC_CELL2,1651,0.76006,0.3,3.40511,3.31271,3.49752,184.81
CC_CELL2,1651,0.76006,0.31,3.42211,3.33714,3.50708,169.94
CC_CELL2,1651,0.76006,0.32,3.43827,3.35903,3.51752,158.48
CC_CELL2,1651,0.76006,0.33,3.45375,3.37833,3.52916,150.83
CC_CELL2,1651,0.76006,0.34,3.46799,3.39488,3.5411,146.22
CC_CELL2,1651,0.76006,0.35,3.4811,3.40869,3.55351,144.83
CC_CELL2,1651,0.76006,0.36,3.49307,3.4203,3.56583,145.52
CC_CELL2,1651,0.76006,0.37,3.50442,3.431,3.57784,146.83
CC_CELL2,1651,0.76006,0.38,3.51533,3.44094,3.58972,148.78
CC_CELL2,1651,0.76006,0.39,3.52612,3.45092,3.60132,150.4
CC_CELL2,1651,0.76006,0.4,3.53654,3.46082,3.61226,151.44
CC_CELL2,1651,0.76006,0.41,3.54694,3.47084,3.62304,152.2
CC_CELL2,1651,0.76006,0.42,3.55724,3.4811,3.63338,152.28
CC_CELL2,1651,0.76006,0.43,3.56733,3.49148,3.64319,151.71
CC_CELL2,1651,0.76006,0.44,3.57732,3.50174,3.6529,151.16
CC_CELL2,1651,0.76006,0.45,3.58679,3.51185,3.66173,149.88
CC_CELL2,1651,0.76006,0.46,3.59618,3.52178,3.67059,148.81
CC_CELL2,1651,0.76006,0.47,3.60545,3.53158,3.67932,147.74
CC_CELL2,1651,0.76006,0.48,3.61453,3.54131,3.68775,146.44
CC_CELL2,1651,0.76006,0.49,3.62381,3.55098,3.69664,145.66
CC_CELL2,1651,0.76006,0.5,3.63285,3.56034,3.70537,145.02
CC_CELL2,1651,0.76006,0.51,3.64221,3.56988,3.71454,144.66
CC_CELL2,1651,0.76006,0.52,3.65142,3.57924,3.7236,144.35
CC_CELL2,1651,0.76006,0.53,3.66095,3.58874,3.73316,144.41
CC_CELL2,1651,0.76006,0.54,3.67038,3.59808,3.74269,144.61
CC_CELL2,1651,0.76006,0.55,3.67957,3.60676,3.75237,145.61
CC_CELL2,1651,0.76006,0.56,3.68871,3.6153,3.76212,146.81
CC_CELL2,1651,0.76006,0.57,3.69824,3.62408,3.7724,148.33
CC_CELL2,1651,0.76006,0.58,3.70775,3.6326,3.7829,150.3
CC_CELL2,1651,0.76006,0.59,3.71721,3.64148,3.79294,151.46
CC_CELL2,1651,0.76006,0.6,3.72689,3.65055,3.80324,152.69
CC_CELL2,1651,0.76006,0.61,3.73603,3.65971,3.81234,152.64
CC_CELL2,1651,0.76006,0.62,3.74542,3.66931,3.82153,152.22
CC_CELL2,1651,0.76006,0.63,3.75495,3.67908,3.83082,151.74
CC_CELL2,1651,0.76006,0.64,3.76433,3.68898,3.83968,150.69
CC_CELL2,1651,0.76006,0.65,3.77408,3.69948,3.84867,149.18
CC_CELL2,1651,0.76006,0.66,3.78371,3.71026,3.85717,146.91
CC_CELL2,1651,0.76006,0.67,3.79325,3.72102,3.86547,144.45
CC_CELL2,1651,0.76006,0.68,3.80283,3.73199,3.87368,141.68
CC_CELL2,1651,0.76006,0.69,3.8122,3.74292,3.88148,138.56
CC_CELL2,1651,0.76006,0.7,3.82151,3.75353,3.8895,135.97
CC_CELL2,1651,0.76006,0.71,3.83088,3.76426,3.8975,133.24
CC_CELL2,1651,0.76006,0.72,3.84033,3.77476,3.9059,131.14
CC_CELL2,1651,0.76006,0.73,3.85023,3.78495,3.9155,130.55
CC_CELL2,1651,0.76006,0.74,3.86059,3.79538,3.9258,130.42
CC_CELL2,1651,0.76006,0.75,3.87096,3.80538,3.93654,131.16
CC_CELL2,1651,0.76006,0.76,3.88195,3.81555,3.94834,132.79
CC_CELL2,1651,0.76006,0.77,3.89297,3.8254,3.96054,135.15
CC_CELL2,1651,0.76006,0.78,3.90408,3.83492,3.97325,138.33
CC_CELL2,1651,0.76006,0.79,3.91548,3.84422,3.98675,142.53
CC_CELL2,1651,0.76006,0.8,3.92648,3.85263,4.00034,147.71
CC_CELL2,1651,0.76006,0.81,3.93766,3.86122,4.0141,152.87
CC_CELL2,1651,0.76006,0.82,3.94887,3.86965,4.0281,158.45
CC_CELL2,1651,0.76006,0.83,3.96062,3.87874,4.0425,163.76
CC_CELL2,1651,0.76006,0.84,3.97237,3.88874,4.056,167.26
CC_CELL2,1651,0.76006,0.85,3.9837,3.89913,4.06826,169.14
CC_CELL2,1651,0.76006,0.86,3.99475,3.91063,4.07887,168.24
CC_CELL2,1651,0.76006,0.87,4.00444,3.92294,4.08595,163.01
CC_CELL2,1651,0.76006,0.88,4.01334,3.93604,4.09064,154.6
CC_CELL2,1651,0.76006,0.89,4.02295,3.95013,4.09577,145.64
CC_CELL2,1651,0.76006,0.9,4.03325,3.96454,4.10195,137.41
CC_CELL2,1651,0.76006,0.91,4.04376,3.97865,4.10887,130.22
CC_CELL2,1651,0.76006,0.92,4.05525,3.99295,4.11754,124.59
CC_CELL2,1651,0.76006,0.93,4.06724,4.00666,4.12781,121.15
CC_CELL2,1651,0.76006,0.94,4.07964,4.01957,4.13971,120.14
CC_CELL2,1651,0.76006,0.95,4.09243,4.03118,4.15369,122.52
CC_CELL2,1651,0.76006,0.96,4.10659,4.04368,4.1695,125.82
CC_CELL2,1651,0.76006,0.97,4.1214,4.05569,4.1871,131.41
CC_CELL2,1726,0.72151,0.25,2.97073,2.76749,3.17397,406.48
CC_CELL2,1726,0.72151,0.26,3.1178,2.95007,3.28553,335.46
CC_CELL2,1726,0.72151,0.27,3.19802,3.03766,3.35839,320.73
CC_CELL2,1726,0.72151,0.28,3.25127,3.09214,3.4104,318.26
CC_CELL2,1726,0.72151,0.29,3.28749,3.13228,3.44271,310.43
CC_CELL2,1726,0.72151,0.3,3.31202,3.16645,3.45758,291.13
CC_CELL2,1726,0.72151,0.31,3.33225,3.1973,3.46719,269.89
CC_CELL2,1726,0.72151,0.32,3.35095,3.22597,3.47593,249.96
CC_CELL2,1726,0.72151,0.33,3.36918,3.2538,3.48457,230.77
CC_CELL2,1726,0.72151,0.34,3.38714,3.2806,3.49368,213.08
CC_CELL2,1726,0.72151,0.35,3.40456,3.30587,3.50325,197.38
CC_CELL2,1726,0.72151,0.36,3.42177,3.33002,3.51353,183.51
CC_CELL2,1726,0.72151,0.37,3.43864,3.35284,3.52443,171.59
CC_CELL2,1726,0.72151,0.38,3.45464,3.37346,3.53581,162.35
CC_CELL2,1726,0.72151,0.39,3.46982,3.39172,3.54792,156.2
CC_CELL2,1726,0.72151,0.4,3.48315,3.40638,3.55992,153.54
CC_CELL2,1726,0.72151,0.41,3.4956,3.419,3.57221,153.21
CC_CELL2,1726,0.72151,0.42,3.50695,3.42964,3.58427,154.63
CC_CELL2,1726,0.72151,0.43,3.51784,3.4397,3.59598,156.28
CC_CELL2,1726,0.72151,0.44,3.52833,3.44926,3.60739,158.13
CC_CELL2,1726,0.72151,0.45,3.5387,3.45884,3.61856,159.72
CC_CELL2,1726,0.72151,0.46,3.54886,3.46857,3.62914,160.57
CC_CELL2,1726,0.72151,0.47,3.55885,3.47837,3.63933,160.96
CC_CELL2,1726,0.72151,0.48,3.56906,3.48866,3.64946,160.8
CC_CELL2,1726,0.72151,0.49,3.57883,3.49877,3.65888,160.11
CC_CELL2,1726,0.72151,0.5,3.58881,3.50947,3.66815,158.68
CC_CELL2,1726,0.72151,0.51,3.59843,3.51997,3.67689,156.92
CC_CELL2,1726,0.72151,0.52,3.60831,3.53074,3.68588,155.14
CC_CELL2,1726,0.72151,0.53,3.61803,3.54097,3.69508,154.11
CC_CELL2,1726,0.72151,0.54,3.62765,3.55109,3.70422,153.13
CC_CELL2,1726,0.72151,0.55,3.6374,3.5612,3.71359,152.39
CC_CELL2,1726,0.72151,0.56,3.64711,3.571,3.72321,152.21
CC_CELL2,1726,0.72151,0.57,3.65669,3.5804,3.73298,152.58
CC_CELL2,1726,0.72151,0.58,3.6664,3.58999,3.7428,152.81
CC_CELL2,1726,0.72151,0.59,3.67581,3.59912,3.7525,153.39
CC_CELL2,1726,0.72151,0.6,3.68557,3.60859,3.76254,153.95
CC_CELL2,1726,0.72151,0.61,3.69499,3.61773,3.77224,154.52
CC_CELL2,1726,0.72151,0.62,3.70463,3.62702,3.78224,155.22
CC_CELL2,1726,0.72151,0.63,3.71412,3.6365,3.79174,155.24
CC_CELL2,1726,0.72151,0.64,3.72352,3.64582,3.80123,155.41
CC_CELL2,1726,0.72151,0.65,3.73316,3.65568,3.81064,154.96
CC_CELL2,1726,0.72151,0.66,3.74276,3.66569,3.81984,154.14
CC_CELL2,1726,0.72151,0.67,3.75247,3.67571,3.82923,153.52
CC_CELL2,1726,0.72151,0.68,3.76232,3.68639,3.83824,151.85
CC_CELL2,1726,0.72151,0.69,3.7721,3.69712,3.84707,149.95
CC_CELL2,1726,0.72151,0.7,3.78189,3.70812,3.85567,147.56
CC_CELL2,1726,0.72151,0.71,3.79189,3.71952,3.86427,144.75
CC_CELL2,1726,0.72151,0.72,3.80165,3.73091,3.87238,141.47
CC_CELL2,1726,0.72151,0.73,3.81144,3.74241,3.88047,138.06
CC_CELL2,1726,0.72151,0.74,3.82111,3.75372,3.8885,134.78
CC_CELL2,1726,0.72151,0.75,3.83061,3.76483,3.8964,131.57
CC_CELL2,1726,0.72151,0.76,3.84036,3.77573,3.905,129.27
CC_CELL2,1726,0.72151,0.77,3.85067,3.78683,3.9145,127.67
CC_CELL2,1726,0.72151,0.78,3.86107,3.79744,3.9247,127.26
CC_CELL2,1726,0.72151,0.79,3.87201,3.80833,3.9357,127.37
CC_CELL2,1726,0.72151,0.8,3.88327,3.81894,3.9476,128.66
CC_CELL2,1726,0.72151,0.81,3.89449,3.82915,3.95984,130.69
CC_CELL2,1726,0.72151,0.82,3.90615,3.83935,3.97294,133.6
CC_CELL2,1726,0.72151,0.83,3.91755,3.84895,3.98614,137.19
CC_CELL2,1726,0.72151,0.84,3.92936,3.85886,3.99986,141.0
CC_CELL2,1726,0.72151,0.85,3.9414,3.86876,4.01405,145.29
CC_CELL2,1726,0.72151,0.86,3.95394,3.88004,4.02785,147.81
CC_CELL2,1726,0.72151,0.87,3.96689,3.89235,4.04144,149.09
CC_CELL2,1726,0.72151,0.88,3.9799,3.90565,4.05414,148.5
CC_CELL2,1726,0.72151,0.89,3.99325,3.92053,4.06596,145.43
CC_CELL2,1726,0.72151,0.9,4.00622,3.93615,4.07628,140.13
CC_CELL2,1726,0.72151,0.91,4.01845,3.95256,4.08435,131.79
CC_CELL2,1726,0.72151,0.92,4.0296,3.96936,4.08983,120.47
CC_CELL2,1726,0.72151,0.93,4.0404,3.98547,4.09533,109.86
CC_CELL2,1726,0.72151,0.94,4.05136,4.00127,4.10146,100.18
CC_CELL2,1726,0.72151,0.95,4.06302,4.01688,4.10916,92.28
CC_CELL2,1726,0.72151,0.96,4.07523,4.03228,4.11817,85.89
CC_CELL2,1726,0.72151,0.97,4.088,4.04749,4.12851,81.02
CC_CELL2,1726,0.72151,0.98,4.10051,4.0601,4.14093,80.84
CC_CELL2,1726,0.72151,0.99,4.11248,4.0701,4.15486,84.76
CC_CELL2,1801,0.73127,0.24,2.99436,2.7881,3.20062,412.53
CC_CELL2,1801,0.73127,0.25,3.1273,2.94958,3.30502,355.44
CC_CELL2,1801,0.73127,0.26,3.20372,3.03246,3.37499,342.53
CC_CELL2,1801,0.73127,0.27,3.25538,3.08542,3.42535,339.92
CC_CELL2,1801,0.73127,0.28,3.28893,3.12481,3.45306,328.25
CC_CELL2,1801,0.73127,0.29,3.31168,3.15685,3.4665,309.66
CC_CELL2,1801,0.73127,0.3,3.331,3.1853,3.4767,291.4
CC_CELL2,1801,0.73127,0.31,3.34879,3.21158,3.48601,274.43
CC_CELL2,1801,0.73127,0.32,3.36617,3.23662,3.49571,259.09
CC_CELL2,1801,0.73127,0.33,3.38332,3.26102,3.50562,244.6
CC_CELL2,1801,0.73127,0.34,3.4001,3.28412,3.51607,231.95
CC_CELL2,1801,0.73127,0.35,3.41701,3.30686,3.52716,220.3
CC_CELL2,1801,0.73127,0.36,3.43385,3.32894,3.53875,209.81
CC_CELL2,1801,0.73127,0.37,3.45034,3.35,3.55067,200.67
CC_CELL2,1801,0.73127,0.38,3.4661,3.3693,3.5629,193.6
CC_CELL2,1801,0.73127,0.39,3.48095,3.38674,3.57517,188.43
CC_CELL2,1801,0.73127,0.4,3.49438,3.40146,3.5873,185.84
CC_CELL2,1801,0.73127,0.41,3.50683,3.41404,3.59961,185.57
CC_CELL2,1801,0.73127,0.42,3.51846,3.42544,3.61147,186.03
CC_CELL2,1801,0.73127,0.43,3.52942,3.43571,3.62312,187.41
CC_CELL2,1801,0.73127,0.44,3.54019,3.44578,3.63461,188.83
CC_CELL2,1801,0.73127,0.45,3.55044,3.45551,3.64537,189.86
CC_CELL2,1801,0.73127,0.46,3.56056,3.46544,3.65567,190.23
CC_CELL2,1801,0.73127,0.47,3.5706,3.47538,3.66583,190.45
CC_CELL2,1801,0.73127,0.48,3.58039,3.48545,3.67534,189.89
CC_CELL2,1801,0.73127,0.49,3.59036,3.49561,3.68512,189.51
CC_CELL2,1801,0.73127,0.5,3.60013,3.50578,3.69449,188.72
CC_CELL2,1801,0.73127,0.51,3.61007,3.51598,3.70416,188.18
CC_CELL2,1801,0.73127,0.52,3.61997,3.52611,3.71383,187.72
CC_CELL2,1801,0.73127,0.53,3.62983,3.53598,3.72369,187.72
CC_CELL2,1801,0.73127,0.54,3.6398,3.54588,3.73371,187.83
CC_CELL2,1801,0.73127,0.55,3.64963,3.5557,3.74355,187.84
CC_CELL2,1801,0.73127,0.56,3.65935,3.56515,3.75355,188.4
CC_CELL2,1801,0.73127,0.57,3.66909,3.57465,3.76352,188.88
CC_CELL2,1801,0.73127,0.58,3.67857,3.58386,3.77329,189.43
CC_CELL2,1801,0.73127,0.59,3.68815,3.59308,3.78322,190.15
CC_CELL2,1801,0.73127,0.6,3.69753,3.60238,3.79269,190.31
CC_CELL2,1801,0.73127,0.61,3.70678,3.61143,3.80212,190.69
CC_CELL2,1801,0.73127,0.62,3.71613,3.62071,3.81155,190.84
CC_CELL2,1801,0.73127,0.63,3.72527,3.62976,3.82079,191.03
CC_CELL2,1801,0.73127,0.64,3.73452,3.63896,3.83009,191.13
CC_CELL2,1801,0.73127,0.65,3.74369,3.64843,3.83895,190.52
CC_CELL2,1801,0.73127,0.66,3.75308,3.65818,3.84798,189.8
CC_CELL2,1801,0.73127,0.67,3.7623,3.66792,3.85668,188.76
CC_CELL2,1801,0.73127,0.68,3.77164,3.67829,3.865,186.71
CC_CELL2,1801,0.73127,0.69,3.78097,3.68882,3.87312,184.3
CC_CELL2,1801,0.73127,0.7,3.79035,3.69952,3.88118,181.66
CC_CELL2,1801,0.73127,0.71,3.79994,3.71071,3.88916,178.46
CC_CELL2,1801,0.73127,0.72,3.80962,3.72213,3.89711,174.97
CC_CELL2,1801,0.73127,0.73,3.81974,3.73354,3.90594,172.4
CC_CELL2,1801,0.73127,0.74,3.83015,3.74483,3.91546,170.63
CC_CELL2,1801,0.73127,0.75,3.84105,3.75625,3.92584,169.59
CC_CELL2,1801,0.73127,0.76,3.85239,3.76744,3.93733,169.88
CC_CELL2,1801,0.73127,0.77,3.86402,3.77866,3.94938,170.72
CC_CELL2,1801,0.73127,0.78,3.8757,3.78958,3.96183,172.25
CC_CELL2,1801,0.73127,0.79,3.88777,3.80046,3.97508,174.62
CC_CELL2,1801,0.73127,0.8,3.90012,3.81138,3.98887,177.49
CC_CELL2,1801,0.73127,0.81,3.91224,3.82181,4.00267,180.86
CC_CELL2,1801,0.73127,0.82,3.92434,3.8321,4.01657,184.47
CC_CELL2,1801,0.73127,0.83,3.93627,3.84231,4.03022,187.91
CC_CELL2,1801,0.73127,0.84,3.94781,3.85191,4.0437,191.79
CC_CELL2,1801,0.73127,0.85,3.95906,3.86182,4.0563,194.48
CC_CELL2,1801,0.73127,0.86,3.96971,3.87201,4.06742,195.4
CC_CELL2,1801,0.73127,0.87,3.98058,3.8834,4.07775,194.34
CC_CELL2,1801,0.73127,0.88,3.99055,3.89571,4.08538,189.67
CC_CELL2,1801,0.73127,0.89,4.00021,3.90902,4.0914,182.38
CC_CELL2,1801,0.73127,0.9,4.01065,3.92401,4.09728,173.27
CC_CELL2,1801,0.73127,0.91,4.02202,3.93982,4.10422,164.4
CC_CELL2,1801,0.73127,0.92,4.03459,3.95642,4.11276,156.34
CC_CELL2,1801,0.73127,0.93,4.0481,3.97353,4.12268,149.14
CC_CELL2,1801,0.73127,0.94,4.06282,3.99094,4.1347,143.77
CC_CELL2,1801,0.73127,0.95,4.07793,4.00785,4.148,140.15
CC_CELL2,1801,0.73127,0.96,4.09384,4.02415,4.16353,139.38
CC_CELL2,1801,0.73127,0.97,4.11003,4.03997,4.1801,140.13
CC_CELL2,1801,0.73127,0.98,4.12641,4.05538,4.19743,142.05
CC_CELL2,1876,0.7129,0.24,2.9223,2.68752,3.15707,469.55
CC_CELL2,1876,0.7129,0.25,3.09088,2.89935,3.28242,383.06
CC_CELL2,1876,0.7129,0.26,3.18112,3.00051,3.36174,361.23
CC_CELL2,1876,0.7129,0.27,3.23966,3.06125,3.41807,356.81
CC_CELL2,1876,0.7129,0.28,3.27831,3.10413,3.4525,348.38
CC_CELL2,1876,0.7129,0.29,3.3037,3.13825,3.46915,330.89
CC_CELL2,1876,0.7129,0.3,3.32396,3.16755,3.48037,312.82
CC_CELL2,1876,0.7129,0.31,3.34243,3.1939,3.49097,297.07
CC_CELL2,1876,0.7129,0.32,3.35926,3.21754,3.50098,283.44
CC_CELL2,1876,0.7129,0.33,3.37615,3.24082,3.51148,270.66
CC_CELL2,1876,0.7129,0.34,3.39293,3.26317,3.52268,259.52
CC_CELL2,1876,0.7129,0.35,3.40909,3.28429,3.53389,249.6
CC_CELL2,1876,0.7129,0.36,3.42533,3.30487,3.5458,240.93
CC_CELL2,1876,0.7129,0.37,3.44122,3.32464,3.5578,233.16
CC_CELL2,1876,0.7129,0.38,3.4573,3.34429,3.57031,226.02
CC_CELL2,1876,0.7129,0.39,3.47254,3.36256,3.58251,219.95
CC_CELL2,1876,0.7129,0.4,3.48708,3.37934,3.59482,215.48
CC_CELL2,1876,0.7129,0.41,3.50099,3.39476,3.60723,212.47
CC_CELL2,1876,0.7129,0.42,3.51357,3.408,3.61914,211.14
CC_CELL2,1876,0.7129,0.43,3.52552,3.42,3.63104,211.04
CC_CELL2,1876,0.7129,0.44,3.53673,3.43072,3.64273,212.01
CC_CELL2,1876,0.7129,0.45,3.54719,3.44064,3.65374,213.1
CC_CELL2,1876,0.7129,0.46,3.55768,3.45082,3.66454,213.72
CC_CELL2,1876,0.7129,0.47,3.5677,3.46064,3.67475,214.11
CC_CELL2,1876,0.7129,0.48,3.57779,3.47072,3.68487,214.15
CC_CELL2,1876,0.7129,0.49,3.5879,3.48074,3.69506,214.32
CC_CELL2,1876,0.7129,0.5,3.59781,3.49058,3.70505,214.47
CC_CELL2,1876,0.7129,0.51,3.6077,3.5004,3.71499,214.59
CC_CELL2,1876,0.7129,0.52,3.61772,3.51019,3.72526,215.07
CC_CELL2,1876,0.7129,0.53,3.62772,3.51997,3.73547,215.5
CC_CELL2,1876,0.7129,0.54,3.63764,3.52977,3.7455,215.73
CC_CELL2,1876,0.7129,0.55,3.64752,3.53937,3.75567,216.3
CC_CELL2,1876,0.7129,0.56,3.65721,3.5488,3.76561,216.8
CC_CELL2,1876,0.7129,0.57,3.66695,3.55829,3.77561,217.32
CC_CELL2,1876,0.7129,0.58,3.67658,3.56797,3.78518,217.21
CC_CELL2,1876,0.7129,0.59,3.68603,3.57727,3.79478,217.51
CC_CELL2,1876,0.7129,0.6,3.69554,3.58669,3.8044,217.71
CC_CELL2,1876,0.7129,0.61,3.70469,3.59587,3.81351,217.64
CC_CELL2,1876,0.7129,0.62,3.71403,3.60527,3.82278,217.51
CC_CELL2,1876,0.7129,0.63,3.72312,3.61432,3.83192,217.6
CC_CELL2,1876,0.7129,0.64,3.73244,3.6238,3.84108,217.28
CC_CELL2,1876,0.7129,0.65,3.74144,3.633,3.84988,216.88
CC_CELL2,1876,0.7129,0.66,3.75039,3.64249,3.85828,215.79
CC_CELL2,1876,0.7129,0.67,3.75935,3.65201,3.8667,214.68
CC_CELL2,1876,0.7129,0.68,3.76835,3.66169,3.87501,213.32
CC_CELL2,1876,0.7129,0.69,3.77732,3.67182,3.88281,210.99
CC_CELL2,1876,0.7129,0.7,3.78652,3.68211,3.89093,208.82
CC_CELL2,1876,0.7129,0.71,3.79612,3.69291,3.89933,206.41
CC_CELL2,1876,0.7129,0.72,3.80606,3.70392,3.90821,204.3
CC_CELL2,1876,0.7129,0.73,3.81677,3.7154,3.91814,202.74
CC_CELL2,1876,0.7129,0.74,3.82788,3.72701,3.92874,201.73
CC_CELL2,1876,0.7129,0.75,3.83934,3.73831,3.94038,202.07
CC_CELL2,1876,0.7129,0.76,3.85119,3.74972,3.95266,202.94
CC_CELL2,1876,0.7129,0.77,3.86316,3.76102,3.96529,204.27
CC_CELL2,1876,0.7129,0.78,3.87564,3.77251,3.97878,206.27
CC_CELL2,1876,0.7129,0.79,3.88804,3.78364,3.99244,208.81
CC_CELL2,1876,0.7129,0.8,3.90064,3.79512,4.00616,211.04
CC_CELL2,1876,0.7129,0.81,3.91313,3.80614,4.02012,213.98
CC_CELL2,1876,0.7129,0.82,3.92533,3.81734,4.03332,215.98
CC_CELL2,1876,0.7129,0.83,3.9371,3.82804,4.04616,218.12
CC_CELL2,1876,0.7129,0.84,3.94841,3.83865,4.05818,219.53
CC_CELL2,1876,0.7129,0.85,3.95876,3.84866,4.06886,220.2
CC_CELL2,1876,0.7129,0.86,3.96883,3.85875,4.0789,220.15
CC_CELL2,1876,0.7129,0.87,3.97808,3.86936,4.0868,217.44
CC_CELL2,1876,0.7129,0.88,3.98673,3.88056,4.0929,212.34
CC_CELL2,1876,0.7129,0.89,3.99646,3.89325,4.09966,206.41
CC_CELL2,1876,0.7129,0.9,4.00746,3.90716,4.10776,200.6
CC_CELL2,1876,0.7129,0.91,4.01986,3.92256,4.11716,194.6
CC_CELL2,1876,0.7129,0.92,4.034,3.93926,4.12874,189.48
CC_CELL2,1876,0.7129,0.93,4.04907,3.95666,4.14149,184.83
CC_CELL2,1876,0.7129,0.94,4.06531,3.97446,4.15616,181.7
CC_CELL2,1876,0.7129,0.95,4.08234,3.99267,4.17201,179.34
CC_CELL2,1876,0.7129,0.96,4.09971,4.01108,4.18834,177.26
CC_CELL2,1876,0.7129,0.97,4.11415,4.02828,4.20002,171.74
CC_CELL2,1876,0.7129,0.98,4.12323,4.04639,4.20008,153.69
CC_CELL2,1876,0.7129,0.99,4.13147,4.06279,4.20014,137.34
